row_id,year,id,年末城镇人口比重,年末人口数,年末城镇人口数,年末农村人口数,城镇居民人均可支配收入（元）,农村居民人均可支配收入（元）,城-总收入,农-总收入,总收入,城总收/总,农总收/总,城总人/总,农总人/总,x1,x2,泰尔指数
1,2000,北京,0.7754,1363.6,1057.4,306.2,10349.69,4604.55,10943762.206,1409913.21,12353675.416,0.885870952366618,0.114129047633382,0.7754,0.22455265473746,1.14246963163092,0.508250716371258,0.040750852249817
2,2000,天津,0.7199,1001.0,721.0,280.0,8140.5,3622.39,5869300.5,1014269.2,6883569.7,0.852653602098342,0.147346397901658,0.7199,0.27972027972028,1.18440561480531,0.526763372498429,0.0498543907747921
3,2000,河北,0.2608,6744.0,1759.0,4985.0,5661.16,2478.86,9957980.44,12357117.1,22315097.54,0.446244092016637,0.553755907983363,0.2608,0.73917556346382,1.71105863503312,0.749153428974884,0.0797521159062569
4,2000,山西,0.3491,3297.0,1151.0,2146.0,4724.11,1905.61,5437450.61,4089439.06,9526889.67,0.570747725474604,0.429252274525396,0.3491,0.650894752805581,1.63491184610313,0.659480311794143,0.101874160095183
5,2000,内蒙古,0.4268,2376.0,1014.0,1362.0,5129.05,2038.21,5200856.7,2776042.02,7976898.72,0.65198981240168,0.34801018759832,0.4268,0.573232323232323,1.52762374039756,0.607101472638479,0.102579099951338
6,2000,辽宁,0.5424,4238.0,2299.0,1939.0,5357.79,2355.58,12317559.21,4567469.62,16885028.83,0.729495894500051,0.270504105499949,0.5424,0.457527135441246,1.34494080844405,0.591230737033927,0.0740229704431369
7,2000,吉林,0.4968,2728.0,1355.0,1373.0,4810.0,2022.5,6517550.0,2776892.5,9294442.5,0.701230869952663,0.298769130047337,0.4968,0.503299120234604,1.41149530988861,0.593621403327849,0.0858668270850132
8,2000,黑龙江,0.5154,3689.0,1901.0,1788.0,4912.88,2148.22,9339384.88,3841017.36,13180402.24,0.70858117301282,0.29141882698718,0.5154,0.484684196259149,1.37481795307105,0.601255063062476,0.0773012385083199
9,2000,上海,0.8831,1674.0,1478.0,196.0,11718.01,5596.37,17319218.78,1096888.52,18416107.3,0.940438633304444,0.0595613666955557,0.8831,0.117084826762246,1.06492881135143,0.508702693103879,0.0189040460135621
10,2000,江苏,0.4149,7438.0,3086.0,4352.0,6800.23,3595.09,20985509.78,15645831.68,36631341.46,0.572884009801152,0.427115990198848,0.4149,0.585103522452272,1.38077611424717,0.729983624792975,0.0504110143361141
11,2000,浙江,0.4867,4677.0,2277.0,2400.0,9279.16,4253.67,21128647.32,10208808.0,31337455.32,0.674229834689717,0.325770165310283,0.4867,0.513149454778704,1.38530888574012,0.634844609648413,0.0717252776257092
12,2000,安徽,0.28,6093.0,1665.0,4428.0,5293.55,1934.57,8813760.75,8566275.96,17380036.71,0.507119800554207,0.492880199445793,0.28,0.726735598227474,1.81114214483645,0.678211168749597,0.109823996486844
13,2000,福建,0.4157,3471.0,1443.0,2028.0,7432.26,3230.49,10724751.18,6551433.72,17276184.9,0.620782380026507,0.379217619973493,0.4157,0.584269662921348,1.49334226612102,0.649045541877709,0.0850264025318697
14,2000,江西,0.2767,4140.0,1146.0,2994.0,5103.58,2135.3,5848702.68,6393088.2,12241790.88,0.477765282656095,0.522234717343906,0.2767,0.723188405797101,1.72665443677663,0.722128166267124,0.0909336669449035
15,2000,山东,0.38,9079.0,3450.0,5629.0,6489.97,2659.2,22390396.5,14968636.8,37359033.3,0.599330189306585,0.400669810693415,0.38,0.62000220288578,1.57718470870154,0.646239334035445,0.098153090535881
16,2000,河南,0.232,9256.0,2147.0,7109.0,4766.26,1985.82,10233160.22,14117194.38,24350354.6,0.420246866548711,0.579753133451289,0.232,0.768042350907519,1.81140890753755,0.754845267017179,0.0866195235144027
17,2000,湖北,0.4022,6028.0,2424.0,3604.0,5524.54,2268.59,13391484.96,8175998.36,21567483.32,0.620910875938028,0.379089124061972,0.4022,0.597876575978766,1.54378636483846,0.634059167548715,0.0969052100749641
18,2000,湖南,0.2975,6440.0,1916.0,4524.0,6218.73,2197.16,11915086.68,9939951.84,21855038.52,0.545187173616567,0.454812826383433,0.2975,0.702484472049689,1.83256192812291,0.647434704223985,0.132503905480627
19,2000,广东,0.55,8642.0,4753.0,3889.0,9761.57,3654.48,46396742.21,14212272.72,60609014.93,0.765508930702563,0.234491069297437,0.55,0.45001157139551,1.39183441945921,0.521077865998572,0.100240193470957
20,2000,广西,0.2815,4489.0,1264.0,3225.0,5834.43,1864.51,7374719.52,6013044.75,13387764.27,0.550855196675793,0.449144803324207,0.2815,0.718422811316552,1.95685682655699,0.625181712286005,0.158841744284771
21,2000,海南,0.4011,787.0,316.0,471.0,5358.32,2182.26,1693229.12,1027844.46,2721073.58,0.622265098762967,0.377734901237033,0.4011,0.598475222363405,1.55139640678875,0.631162138585021,0.0994403324127116
22,2000,重庆,0.3309,3090.0,1023.0,2067.0,6275.98,1892.44,6420327.54,3911673.48,10332001.02,0.621402139582832,0.378597860417168,0.3309,0.668932038834951,1.87791519970635,0.565973579433503,0.176083269019436
23,2000,四川,0.2669,8329.0,2223.0,6106.0,5894.27,1903.6,13102962.21,11623381.6,24726343.81,0.52991911423236,0.47008088576764,0.2669,0.733101212630568,1.98545940139513,0.641222354660772,0.154551124484094
24,2000,贵州,0.2387,3525.0,841.0,2684.0,5122.21,1374.16,4307778.61,3688245.44,7996024.05,0.538740076700995,0.461259923299005,0.2387,0.761418439716312,2.25697560410974,0.605790324004841,0.207354939276141
25,2000,云南,0.2336,4288.0,1002.0,3286.0,6324.64,1478.6,6337289.28,4858679.6,11195968.88,0.566033127451851,0.433966872548149,0.2336,0.766324626865672,2.42308701820142,0.566296393635564,0.254193378828268
26,2000,西藏,0.1893,262.0,50.0,212.0,7426.32,1330.81,371316.0,282131.72,653447.72,0.568241327707135,0.431758672292865,0.1893,0.809160305343511,3.00180310463357,0.533588547833635,0.353417654470962
27,2000,陕西,0.3226,3605.0,1163.0,2442.0,5124.24,1443.86,5959491.12,3525906.12,9485397.24,0.628280605357125,0.371719394642875,0.3226,0.677392510402219,1.94755302342568,0.548750375793434,0.195722211592915
28,2000,甘肃,0.2401,2562.0,615.0,1947.0,4916.25,1428.68,3023493.75,2781639.96,5805133.71,0.520831026646585,0.479168973353415,0.2401,0.759953161592506,2.16922543376337,0.630524350144555,0.182321596393628
29,2000,青海,0.3476,518.0,180.0,338.0,5169.96,1490.49,930592.8,503785.62,1434378.42,0.64877774722796,0.35122225277204,0.3476,0.652509652509653,1.86644921527031,0.538263689159518,0.18731242467095
30,2000,宁夏,0.3243,562.0,182.0,380.0,4912.4,1724.3,894056.8,655234.0,1549290.8,0.577074878389519,0.422925121610481,0.3243,0.676156583629893,1.7794476669427,0.625483995644975,0.134121034732253
31,2000,新疆,0.3382,1925.0,651.0,1274.0,5644.86,1618.08,3674803.86,2061433.92,5736237.78,0.640629625363961,0.359370374636039,0.3382,0.661818181818182,1.89423307322283,0.543004686950059,0.189798237761779
32,2001,北京,0.738539407086045,1385.1,1081.2,303.9,11577.78,5025.50396975425,12517895.736,1527250.65640832,14045146.3924083,0.891261321616852,0.108738678383148,0.738539407086045,0.219406541043968,1.20678912061495,0.495603630893379,0.0911920945152347
33,2001,天津,0.614342629482072,1004.0,616.8,387.2,8958.7,3947.72,5525726.16,1528557.184,7054283.344,0.783315028691028,0.216684971308972,0.614342629482072,0.385657370517928,1.27504586382262,0.561858758249504,0.0654116476512779
34,2001,河北,0.196059113300493,6699.0,1313.4,5385.6,5984.82,2603.60002350038,7860462.588,14021948.2865636,21882410.8745636,0.359213737145256,0.640786262854744,0.196059113300493,0.803940886699507,1.83217056885645,0.797056442153879,0.072154999079936
35,2001,山西,0.289731051344743,3272.0,948.0,2324.0,5391.05,1956.04660238751,5110715.4,4545852.30394857,9656567.70394857,0.529247612266026,0.470752387733974,0.289731051344743,0.710268948655257,1.82668585161861,0.662780470165905,0.125247589148974
36,2001,内蒙古,0.422423222549432,2377.0,1004.1,1372.9,5535.89,1973.36828183239,5558587.149,2709237.31412769,8267824.46312769,0.672315573920302,0.327684426079699,0.422423222549432,0.577576777450568,1.59156868758944,0.567343492454981,0.126710206948602
37,2001,辽宁,0.447162613257034,4194.0,1875.4,2318.6,5797.01,2557.92758158248,10871712.554,5930810.89065714,16802523.4446571,0.647028560311694,0.352971439688306,0.447162613257034,0.552837386742966,1.44696479788165,0.638472448051735,0.080686345227084
38,2001,吉林,0.467484206614641,2691.0,1258.0,1433.0,5340.46,2182.21855703607,6718298.68,3127119.19223269,9845417.87223269,0.682378215651751,0.317621784348249,0.467484206614641,0.532515793385359,1.45968185875903,0.596455144229685,0.0939566194930233
39,2001,黑龙江,0.507320913146156,3811.0,1933.4,1877.6,5425.87,2280.27861217837,10490377.058,4281451.12222611,14771828.1802261,0.710161053189249,0.289838946810751,0.507320913146156,0.492679086853844,1.39982609584371,0.588291556399538,0.0850922453316169
40,2001,上海,0.774659231722429,1614.0,1250.3,363.7,12883.46,5870.86734177215,16108190.038,2135234.45220253,18243424.4902025,0.882958681723969,0.117041318276031,0.774659231722429,0.225340768277571,1.13980269719466,0.519396996693742,0.0388674944172407
41,2001,江苏,0.285152957171992,7355.0,2097.3,5257.7,7375.1,3784.70693600568,15467797.23,19898853.6574371,35366650.8874371,0.43735544197357,0.56264455802643,0.285152957171992,0.714847042828008,1.53375734311525,0.787083843559806,0.0523572486482373
42,2001,浙江,0.212811619336657,4613.0,981.7,3631.3,10464.67,4582.3407354589,10273166.539,16639853.9126719,26913020.4516719,0.381717338544281,0.618282661455719,0.212811619336657,0.787188380663343,1.79368654650583,0.785431640816025,0.0736983710489345
43,2001,安徽,0.193078381795196,6128.0,1221.8,4906.2,5668.8,2020.04482357503,6926139.84,9910743.91342381,16836883.7534238,0.411367087961961,0.588632912038039,0.193078381795196,0.800620104438642,2.13057041465321,0.735221247598774,0.130099893871479
44,2001,福建,0.217267441860465,3440.0,747.4,2692.6,8313.08,3380.72332849796,6213195.992,9102935.63431361,15316131.6263136,0.405663528075557,0.594336471924443,0.217267441860465,0.782732558139535,1.86711605108365,0.75930976135337,0.0896464339486999
45,2001,江西,0.233779264214047,4186.0,978.6,3207.4,5506.02,2231.59701767305,5388191.172,7157624.27448454,12545815.4464845,0.429481144129999,0.570518855870001,0.233779264214047,0.766220735785953,1.83712249062761,0.74458811831135,0.0929508938772738
46,2001,山东,0.222088264572503,9041.0,2007.9,7033.1,7101.08,2804.50705124115,14258258.532,19724378.5420841,33982637.0740841,0.419574811128288,0.580425188871712,0.222088264572503,0.777911735427497,1.88922549300804,0.746132449785891,0.0969408659003494
47,2001,河南,0.176807953950811,9555.0,1689.4,7865.6,5267.42,2097.85998963313,8898779.348,16500927.5344584,25399706.8824584,0.350349686678696,0.649650313321304,0.176807953950811,0.823192046049189,1.98152672914345,0.789184390737523,0.0857846632315515
48,2001,湖北,0.340702928870293,5975.0,2035.7,3939.3,5855.98,2352.16063750927,11921018.486,9265866.39934027,21186884.8853403,0.562660275472986,0.437339724527014,0.340702928870293,0.659297071129707,1.65146885393284,0.663342434962787,0.102754845341754
49,2001,湖南,0.179229836264403,6596.0,1182.2,5413.8,6780.56,2299.45572057206,8015978.032,12448793.380033,20464771.412033,0.391696436310386,0.608303563689614,0.179229836264403,0.820770163735597,2.1854421366125,0.741137520059236,0.124006445460491
50,2001,广东,0.205319285622511,7783.0,1598.0,6185.0,10415.19,3769.79237482774,16643473.62,23316165.8383096,39959639.4583096,0.41650710180617,0.58349289819383,0.205319285622511,0.794680714377489,2.02858246142517,0.734248217727175,0.114365286081835
51,2001,广西,0.157309941520468,4788.0,753.2,4034.8,6665.73,1944.33101642896,5020627.836,7844986.78508757,12865614.6210876,0.39023614369506,0.609763856304939,0.157309941520468,0.842690058479532,2.48068329263402,0.723592084858741,0.157267467414268
52,2001,海南,0.36608040201005,796.0,291.4,504.6,5838.84,2226.47054032039,1701437.976,1123477.03464567,2824915.01064567,0.602297049499948,0.397702950500052,0.36608040201005,0.63391959798995,1.64525892725449,0.627371281407137,0.114466580155562
53,2001,重庆,0.212528253148208,3097.0,658.2,2438.8,6721.09,1971.18017607772,4423821.438,4807314.21341834,9231135.65141834,0.479228299209349,0.520771700790651,0.212528253148208,0.787471746851792,2.25489219485165,0.661321124056358,0.174314271400502
54,2001,四川,0.198391203703704,8640.0,1714.1,6925.9,6360.47,1986.99452438559,10902481.627,13761725.3764422,24664207.0034422,0.442036576545049,0.557963423454951,0.198391203703704,0.801608796296296,2.22810572390713,0.696054516907662,0.151973010456139
55,2001,贵州,0.168044222163727,3799.0,638.4,3160.6,5451.91,1411.72724547907,3480499.344,4461905.13206115,7942404.47606115,0.438217337645095,0.561782662354905,0.168044222163727,0.831955777836273,2.60775010293502,0.675255437032932,0.199434021619389
56,2001,云南,0.192045719617448,4287.0,823.3,3463.7,6797.71,1533.74364917486,5596554.643,5312427.87764696,10908982.520647,0.513022606132849,0.486977393867151,0.192045719617448,0.807954280382552,2.67135662880059,0.602728899012177,0.257538359302573
57,2001,西藏,0.168821292775665,263.0,44.4,218.6,7869.16,1404.01,349390.704,306916.586,656307.29,0.532358407903712,0.467641592096288,0.168821292775665,0.831178707224335,3.15338426303326,0.562624605312551,0.342440361475939
58,2001,陕西,0.242607269745832,3659.0,887.7,2771.3,5483.73,1490.79805427547,4867907.121,4131448.64781361,8999355.76881361,0.540917288531837,0.459082711468163,0.242607269745832,0.757392730254168,2.22960049424129,0.606135619118107,0.203879149541982
59,2001,甘肃,0.207961165048544,2575.0,535.5,2039.5,5382.91,1508.60572713288,2882548.305,3076801.38048751,5959349.68548751,0.483701822703863,0.516298177296137,0.207961165048544,0.792038834951456,2.32592379731549,0.651859674693578,0.18736367810571
60,2001,青海,0.350860420650096,523.0,183.5,339.5,5853.72,1557.31956797967,1074157.62,528709.993329098,1602867.6133291,0.670147435176517,0.329852564823483,0.350860420650096,0.649139579349904,1.91001149099356,0.508138119006426,0.210347770031732
61,2001,宁夏,0.293960923623446,563.0,165.5,397.5,5544.17,1823.05484784147,917560.135,724664.302016984,1642224.43701698,0.558730045855791,0.441269954144209,0.293960923623446,0.706039076376554,1.90069495961819,0.624993670901106,0.151424431088692
62,2001,新疆,0.50319829424307,1876.0,944.0,932.0,6395.04,1710.44324865474,6036917.76,1594133.10774622,7631050.86774622,0.791099137540275,0.208900862459725,0.50319829424307,0.49680170575693,1.57214193011182,0.420491435594897,0.17694675595467
63,2002,北京,0.748699929725931,1423.0,1118.0,305.0,12463.92,5398.48,13934662.56,1646536.4,15581198.96,0.894325436429701,0.105674563570299,0.748699929725931,0.214335910049192,1.19450450163269,0.493032472001757,0.0842187989902343
64,2002,天津,0.616087388282026,1007.0,620.4,386.6,9337.56,4278.71,5793022.224,1654149.286,7447171.51,0.777882208865631,0.222117791134369,0.616087388282026,0.383912611717974,1.26261667364231,0.578563413534167,0.0598470313640291
65,2002,河北,0.199881217520416,6735.0,1346.2,5388.8,6679.68,2685.16,8992185.216,14469790.208,23461975.424,0.383266330029551,0.616733669970449,0.199881217520416,0.800118782479584,1.91747045962637,0.770802640151977,0.0889590975117633
66,2002,山西,0.29344262295082,3294.0,966.6,2327.4,6234.36,2149.82,6026132.376,5003491.068,11029623.444,0.546358849565091,0.453641150434909,0.29344262295082,0.70655737704918,1.8618932862274,0.642044319641054,0.138605848381831
67,2002,内蒙古,0.424127784783522,2379.0,1009.0,1370.0,6051.0,2086.02,6105459.0,2857847.4,8963306.4,0.681161474073897,0.318838525926102,0.424127784783522,0.575872215216477,1.60602888684024,0.553661936626422,0.134212539043732
68,2002,辽宁,0.449321912919343,4203.0,1888.5,2314.5,6524.52,2751.34,12321556.02,6367976.43,18689532.45,0.65927577658584,0.34072422341416,0.449321912919343,0.550678087080657,1.46726824939915,0.618735757619233,0.0891940169323704
69,2002,吉林,0.465172286031864,2699.0,1255.5,1443.5,6260.16,2300.99,7859630.88,3321479.065,11181109.945,0.702938341422418,0.297061658577582,0.465172286031864,0.534827713968136,1.51113547072808,0.555434303083405,0.115542338820793
70,2002,黑龙江,0.504196170993968,3813.0,1922.5,1890.5,6100.56,2405.24,11728326.6,4547106.22,16275432.82,0.720615342750682,0.279384657249318,0.504196170993968,0.495803829006032,1.42923604780668,0.563498385660751,0.0971081414370648
71,2002,上海,0.778030769230769,1625.0,1264.3,360.7,13249.8,6223.55,16751722.14,2244834.485,18996556.625,0.881829400490101,0.118170599509899,0.778030769230769,0.221969230769231,1.13341198750013,0.53237378487271,0.0359378761412473
72,2002,江苏,0.290475545319062,7381.0,2144.0,5237.0,8177.64,3979.79,17532860.16,20842160.23,38375020.39,0.456882106688569,0.543117893311431,0.290475545319062,0.709524454680937,1.57287631971471,0.765467475755522,0.0617663115481566
73,2002,浙江,0.211512803959544,4647.0,982.9,3664.1,11715.6,4940.36,11515263.24,18101973.076,29617236.316,0.388802760566122,0.611197239433878,0.211512803959544,0.788487196040456,1.83819964223295,0.775151762137832,0.0810281600748335
74,2002,安徽,0.192189965288735,6144.0,1218.1,4925.9,6032.4,2117.56,7348066.44,10430888.804,17778955.244,0.413301363277789,0.586698636722211,0.192189965288735,0.801741536458333,2.1504835731505,0.731780268381669,0.133250540208449
75,2002,福建,0.221234852856319,3466.0,766.8,2699.2,9189.36,3538.83,7046401.248,9552009.936,16598411.184,0.424522634720145,0.575477365279855,0.221234852856319,0.778765147143681,1.91887774118417,0.738961376726429,0.102591155299714
76,2002,江西,0.238394126006632,4222.0,1006.5,3215.5,6335.64,2306.45,6376821.66,7416389.975,13793211.635,0.462315944157555,0.537684055842445,0.238394126006632,0.761605873993368,1.93929251488644,0.705987275312332,0.119003545797895
77,2002,山东,0.225049548557586,9082.0,2043.9,7038.1,7614.36,2947.65,15562990.404,20745855.465,36308845.869,0.428628066564007,0.571371933435993,0.225049548557586,0.774950451442414,1.90459420741441,0.737301245999018,0.102021182175543
78,2002,河南,0.177374388848434,9613.0,1705.1,7907.9,6245.4,2215.74,10649031.54,17521850.346,28170881.886,0.378015554610387,0.621984445389613,0.177374388848434,0.822625611151566,2.13117326049479,0.756096621546852,0.112135824921026
79,2002,湖北,0.338560454241817,5988.0,2027.3,3960.7,6788.52,2444.06,13762366.596,9680188.442,23442555.038,0.587067688385137,0.412932311614863,0.338560454241817,0.661439545758183,1.73401140336911,0.624293352677507,0.128597218872081
80,2002,湖南,0.182259767687434,6629.0,1208.2,5420.8,6958.56,2397.92,8407332.192,12998644.736,21405976.928,0.392756295135627,0.607243704864373,0.182259767687434,0.817740232312566,2.15492590668273,0.742587536811158,0.120816591938831
81,2002,广东,0.228591423845273,7859.0,1796.5,6062.5,11137.2,3911.9,20007979.8,23715893.75,43723873.55,0.457598519424865,0.542401480575135,0.228591423845273,0.771408576154727,2.00181840476483,0.703131255396287,0.126558838245582
82,2002,广西,0.157154707590212,4822.0,757.8,4064.2,7315.32,2012.6,5543549.496,8179608.92,13723158.416,0.403955804338505,0.596044195661495,0.157154707590212,0.842845292409788,2.57043400438145,0.707181022459458,0.174853878539525
83,2002,海南,0.367870485678705,803.0,295.4,507.6,6822.72,2423.2,2015431.488,1230016.32,3245447.808,0.621002588004028,0.378997411995972,0.367870485678705,0.632129514321295,1.68810114477737,0.599556583594889,0.131277851865626
84,2002,重庆,0.213646604441584,3107.0,663.8,2443.2,7238.04,2097.58,4804610.952,5124807.456,9929418.408,0.483876371664325,0.516123628335675,0.213646604441584,0.786353395558416,2.26484466218899,0.656350733971407,0.178252918340655
85,2002,四川,0.203862561973942,8673.0,1768.1,6904.9,6610.8,2107.64,11688555.48,14553043.436,26241598.916,0.445420857068022,0.554579142931978,0.203862561973942,0.796137438026058,2.18490758065209,0.696587192667388,0.147614237631458
86,2002,贵州,0.167735209799322,3837.0,643.6,3193.4,5944.08,1489.91,3825609.888,4757878.594,8583488.482,0.44569406669823,0.55430593330177,0.167735209799322,0.832264790200678,2.65712885941752,0.66602112672352,0.210264101724337
87,2002,云南,0.194599584583429,4333.0,843.2,3489.8,7240.56,1608.64,6105240.192,5613831.872,11719072.064,0.52096617877748,0.47903382122252,0.194599584583429,0.805400415416571,2.67711865825762,0.594777221433084,0.264125984531781
88,2002,西藏,0.175655430711611,267.0,46.9,220.1,8079.12,1462.27,378910.728,321845.627,700756.355,0.540716791644365,0.459283208355635,0.175655430711611,0.82434456928839,3.07828109528881,0.557149553071124,0.339321813005155
89,2002,陕西,0.244610778443114,3674.0,898.7,2775.3,6330.84,1596.25,5689525.908,4430072.625,10119598.533,0.562228421359451,0.43777157864055,0.244610778443114,0.755389221556886,2.29846135537401,0.579531142552293,0.22908883598863
90,2002,甘肃,0.210605476282298,2593.0,546.1,2046.9,6151.44,1590.3,3359301.384,3255185.07,6614486.454,0.507870324833535,0.492129675166465,0.210605476282298,0.789394523717702,2.41147729773551,0.623426766186254,0.2145044731287
91,2002,青海,0.35179584120983,529.0,186.1,342.9,6170.52,1668.94,1148333.772,572279.526,1720613.298,0.66739794080099,0.33260205919901,0.35179584120983,0.64820415879017,1.89711719873038,0.513113121365635,0.205426873855453
92,2002,宁夏,0.298951048951049,572.0,171.0,401.0,6067.44,1917.36,1037532.24,768861.36,1806393.6,0.574366649660406,0.425633350339594,0.298951048951049,0.701048951048951,1.92127323746054,0.607137846369695,0.162663798841591
93,2002,新疆,0.502362204724409,1905.0,957.0,948.0,6899.64,1863.26,6602955.48,1766370.48,8369325.96,0.788947104170382,0.211052895829618,0.502362204724409,0.497637795275591,1.57047464309778,0.424109458391796,0.175079769524245
94,2003,北京,0.7905,1456.0,1150.968,305.032,13882.62,5601.55,15978451.37616,1708651.9996,17687103.37576,0.903395600551434,0.096604399448566,0.7905,0.2095,1.14281543396766,0.461118851783132,0.0458172892739716
95,2003,天津,0.7345,1011.0,742.5795,268.4205,10312.91,4566.01,7658155.551345,1225610.687205,8883766.23855,0.862039291186365,0.137960708813635,0.7345,0.2655,1.17364096825918,0.519626021896931,0.0477064339005973
96,2003,河北,0.3352,6769.0,2268.9688,4500.0312,7239.06,2853.38,16425201.281328,12840299.025456,29265500.306784,0.561247923635206,0.438752076364794,0.3352,0.6648,1.67436731394751,0.659976047480135,0.106962844542674
97,2003,山西,0.3831,3314.0,1269.5934,2044.4066,7005.03,2299.17,8893539.854802,4700438.322522,13593978.177324,0.654226433115601,0.345773566884399,0.3831,0.6169,1.70771713159906,0.560501810478844,0.149937957629321
98,2003,内蒙古,0.4461,2386.0,1064.3946,1321.6054,7012.9,2267.65,7464492.89034,2996938.48531,10461431.37565,0.713525006502871,0.286474993497129,0.4461,0.5539,1.5994732268614,0.51719623306938,0.146241995145733
99,2003,辽宁,0.5601,4210.0,2358.021,1851.979,7240.58,2934.44,17073439.69218,5434521.25676,22507960.94894,0.758551151342035,0.241448848657965,0.5601,0.4399,1.35431378564905,0.548872126978779,0.0852219938560882
100,2003,吉林,0.4496,2704.0,1215.7184,1488.2816,7005.17,2530.41,8516314.064128,3765962.643456,12282276.707584,0.693382364433248,0.306617635566752,0.4496,0.5504,1.54222056146185,0.557081459968663,0.121004649404641
101,2003,黑龙江,0.526,3815.0,2006.69,1808.31,6678.9,2508.94,13402481.841,4536941.2914,17939423.1324,0.747096589566142,0.252903410433858,0.526,0.474,1.42033572160864,0.533551498805607,0.103277321114955
102,2003,上海,0.776,1766.0,1370.416,395.584,14867.49,6653.92,20374646.17584,2632184.28928,23006830.46512,0.885591181572334,0.114408818427666,0.776,0.224,1.14122574944888,0.510753653694936,0.0401215548457452
103,2003,江苏,0.4417,7458.0,3294.1986,4163.8014,9262.46,4239.26,30512382.764556,17651436.722964,48163819.48752,0.633512522246335,0.366487477753665,0.4417,0.5583,1.43425972888009,0.656434672673589,0.0742092180178052
104,2003,浙江,0.5299,4857.0,2573.7243,2283.2757,13179.53,5389.04,33920476.623579,12304664.078328,46225140.701907,0.733810132506089,0.266189867493911,0.5299,0.4701,1.38480870448403,0.566240943403341,0.0875090491139655
105,2003,安徽,0.32,6163.0,1972.16,4190.84,6778.03,2127.48,13367359.6448,8915928.2832,22283287.928,0.599882732206825,0.400117267793175,0.32,0.68,1.87463353814633,0.588407746754669,0.164777982722812
106,2003,福建,0.452,3502.0,1582.904,1919.096,9999.54,3733.89,15828311.86416,7165693.36344,22994005.2276,0.688366889869238,0.311633110130763,0.452,0.548,1.52293559705584,0.568673558632778,0.11365359115716
107,2003,江西,0.3402,4254.0,1447.2108,2806.7892,6901.42,2457.53,9987809.559336,6897768.662676,16885578.222012,0.591499410207695,0.408500589792305,0.3402,0.6598,1.73868139390857,0.61912790207988,0.131321386065854
108,2003,山东,0.4301,9125.0,3924.6625,5200.3375,8399.91,3150.49,32966811.780375,16383611.290375,49350423.07075,0.668014775336636,0.331985224663364,0.4301,0.5699,1.55316153298451,0.582532417377371,0.11472692748573
109,2003,河南,0.2721,9667.0,2630.3907,7036.6093,6926.12,2235.68,18218401.635084,15731606.679824,33950008.314908,0.536624364450715,0.463375635549285,0.2721,0.7279,1.972158634512,0.636592437902576,0.155164685694529
110,2003,湖北,0.429,5685.0,2438.865,3246.135,7321.98,2566.76,17857320.7527,8332049.4726,26189370.2253,0.681853767352111,0.318146232647889,0.429,0.571,1.58940272110049,0.557173787474412,0.129865843320383
111,2003,湖南,0.335,6663.0,2232.105,4430.895,7674.2,2532.87,17129620.191,11222881.01865,28352501.20965,0.604166103876923,0.395833896123077,0.335,0.665,1.80348090709529,0.595238941538461,0.15093240418125
112,2003,广东,0.5845,8963.0,5238.8735,3724.1265,12380.43,4054.58,64859506.645605,15099768.82437,79959275.469975,0.811156757791783,0.188843242208217,0.5845,0.4155,1.38777888416045,0.454496371138909,0.11690451812408
113,2003,广西,0.3085,4857.0,1498.3845,3358.6155,7785.04,2094.51,11664983.26788,7034653.750905,18699637.018785,0.623808005265651,0.376191994734349,0.3085,0.6915,2.02206808838137,0.544023130490743,0.210224227295489
114,2003,海南,0.4357,811.0,353.3527,457.6473,7259.25,2588.06,2565075.587475,1184418.671238,3749494.258713,0.684112419032068,0.315887580967932,0.4357,0.5643,1.57014555664923,0.559786604586093,0.125371997147274
115,2003,重庆,0.419,2803.0,1174.457,1628.543,8093.67,2214.55,9505667.38719,3606489.90065,13112157.28784,0.724950683439818,0.275049316560182,0.419,0.581,1.73019256190887,0.473406741067439,0.191759704559194
116,2003,四川,0.3386,8176.0,2768.3936,5407.6064,7041.87,2229.86,19494667.840032,12058205.207104,31552873.047136,0.617841291691867,0.382158708308133,0.3386,0.6614,1.82469371438827,0.577802703822397,0.161954487539626
117,2003,贵州,0.2477,3870.0,958.599,2911.401,6569.23,1564.66,6297257.30877,4555352.68866,10852609.99743,0.580252797277452,0.419747202722548,0.2477,0.7523,2.34256276656218,0.557951884517543,0.249022431951531
118,2003,云南,0.266,4376.0,1164.016,3211.984,7643.57,1697.12,8897237.77712,5451122.28608,14348360.0632,0.620087434238511,0.37991256576149,0.266,0.734,2.33115576781395,0.517592051446171,0.274621576464868
119,2003,西藏,0.18125,272.0,48.97,223.03,8765.45,1690.76,429244.0865,377090.2028,806334.2893,0.532340112774614,0.467659887225386,0.18125,0.819963235294118,2.93704889806683,0.570342506951106,0.310946517069127
120,2003,陕西,0.3546,3672.0,1302.0912,2369.9088,6806.35,1675.66,8862488.43912,3971161.379808,12833649.818928,0.69056648452796,0.30943351547204,0.3546,0.6454,1.94745201502527,0.479444554496498,0.23280471803675
121,2003,甘肃,0.2738,2537.0,694.6306,1842.3694,6657.24,1673.05,4624322.615544,3082376.12467,7706698.740214,0.600039364639235,0.399960635360765,0.2738,0.7262,2.19152434126821,0.550758242028043,0.232229042237649
122,2003,青海,0.382,534.0,203.988,330.012,6745.32,1794.13,1375964.33616,592084.42956,1968048.76572,0.699151545493646,0.300848454506354,0.382,0.618,1.83023964788912,0.486809796935848,0.206024668859852
123,2003,宁夏,0.3692,580.0,214.136,365.864,6530.48,2043.3,1398410.86528,747569.9112,2145980.77648,0.65164184162627,0.34835815837373,0.3692,0.6308,1.76501040527159,0.552248190192977,0.16339426012834
124,2003,新疆,0.3439,1934.0,665.1026,1268.8974,7173.54,2106.19,4771140.105204,2672539.014906,7443679.12011,0.640965311402823,0.359034688597177,0.3439,0.6561,1.86381306020013,0.547225557989905,0.182620722469115
125,2004,北京,0.7953,1493.0,1187.3829,305.6171,15637.84,6170.33,18568103.808936,1885758.360643,20453862.169579,0.907804289233567,0.0921957107664334,0.7953,0.2047,1.14146144754629,0.450394288062694,0.0465728140596782
126,2004,天津,0.7521,1024.0,770.1504,253.8496,11467.16,5019.53,8831437.860864,1274205.682688,10105643.543552,0.873911475583263,0.126088524416737,0.7521,0.2479,1.16196180771608,0.50862656077748,0.0459416303688404
127,2004,河北,0.3583,6809.0,2439.6647,4369.3353,7951.31,3171.06,19398530.325757,13855424.396418,33253954.722175,0.583345063401476,0.416654936598524,0.3583,0.6417,1.62809116215874,0.649298638925547,0.104389554653202
128,2004,山西,0.3963,3335.0,1321.6605,2013.3395,7902.86,2589.6,10444897.89903,5213743.9692,15658641.86823,0.667037281197533,0.332962718802467,0.3963,0.6037,1.68316245570914,0.551536721554525,0.149180841983109
129,2004,内蒙古,0.4587,2393.0,1097.6691,1295.3309,8122.99,2606.37,8916355.122609,3376111.597833,12292466.720442,0.725351170386443,0.274648829613557,0.4587,0.5413,1.5813193162992,0.50738745541023,0.146055235615637
130,2004,辽宁,0.5601,4217.0,2361.9417,1855.0583,8007.56,3307.14,18913389.879252,6134937.506262,25048327.385514,0.755075961287141,0.244924038712859,0.5601,0.4399,1.3481091970847,0.556772081638689,0.0821161183555097
131,2004,吉林,0.4517,2709.0,1223.6553,1485.3447,7840.61,2999.62,9594203.981733,4455469.669014,14049673.650747,0.682877355035424,0.317122644964576,0.4517,0.5483,1.51179401159049,0.578374329681882,0.108595757226002
132,2004,黑龙江,0.528,3817.0,2015.376,1801.624,7470.71,3005.18,15056289.63696,5414204.41232,20470494.04928,0.735511785925341,0.264488214074659,0.528,0.472,1.39301474607072,0.560356385751396,0.0906134073418357
133,2004,上海,0.812,1835.0,1490.02,344.98,16682.82,7066.33,24857735.4564,2437742.5234,27295477.9798,0.910690608708005,0.0893093912919953,0.812,0.188,1.12154015850739,0.475049953680826,0.0379827037175313
134,2004,江苏,0.4818,7523.0,3624.5814,3898.4186,10481.93,4753.85,37992608.514102,18532497.26161,56525105.775712,0.672136884888889,0.327863115111111,0.4818,0.5182,1.39505372538167,0.632696092456795,0.0736922159319617
135,2004,浙江,0.54,4925.0,2659.5,2265.5,14546.38,5944.06,38686097.61,13466267.93,52152365.54,0.741789892163729,0.258210107836271,0.54,0.46,1.37368498548839,0.561326321383197,0.0864118242829812
136,2004,安徽,0.335,6228.0,2086.38,4141.62,7511.43,2499.33,15671697.3234,10351275.1146,26022972.438,0.602225489833568,0.397774510166432,0.335,0.665,1.79768802935394,0.59815715814501,0.148789081445136
137,2004,福建,0.463,3529.0,1633.927,1895.073,11175.37,4089.38,18259738.77799,7749673.62474,26009412.40273,0.702043494687847,0.297956505312153,0.463,0.537,1.51629264511414,0.554853827396933,0.116727005981614
138,2004,江西,0.3558,4284.0,1524.2472,2759.7528,7559.64,2786.78,11522760.103008,7690823.907984,19213584.010992,0.599719453508303,0.400280546491697,0.3558,0.6442,1.6855521458918,0.621360674467086,0.122638520471327
139,2004,山东,0.4415,9180.0,4052.97,5127.03,9437.8,3507.43,38251120.266,17982698.8329,56233819.0989,0.680215586971368,0.319784413028632,0.4415,0.5585,1.54069215622054,0.572577283847147,0.115696579497684
140,2004,河南,0.2891,9717.0,2809.1847,6907.8153,7704.9,2553.15,21644487.19503,17636688.633195,39281175.828225,0.55101423872036,0.44898576127964,0.2891,0.7109,1.90596416022262,0.631573725249177,0.149070387444335
141,2004,湖北,0.4368,5698.0,2488.8864,3209.1136,8022.75,2890.01,19967713.3656,9274370.395136,29242083.760736,0.682841671919807,0.317158328080193,0.4368,0.5632,1.56328221593362,0.563136235937843,0.122962189163051
142,2004,湖南,0.355,6698.0,2377.79,4320.21,8617.48,2837.76,20490557.7692,12259719.1296,32750276.8988,0.625660596168907,0.374339403831093,0.355,0.645,1.7624242145603,0.580371168730376,0.150882397692121
143,2004,广东,0.596,9111.0,5430.156,3680.844,13627.65,4365.87,74000265.4134,16070086.39428,90070351.80768,0.821582950751728,0.178417049248272,0.596,0.404,1.37849488381162,0.441626359525425,0.117903086235713
144,2004,广西,0.3194,4889.0,1561.5466,3327.4534,8689.99,2305.22,13569824.338534,7670512.126748,21240336.465282,0.638870498154034,0.361129501845966,0.3194,0.6806,2.00022072058245,0.530604616288519,0.214040248799178
145,2004,海南,0.4451,818.0,364.0918,453.9082,7735.78,2817.62,2816534.064604,1278940.822484,4095474.887088,0.687718553343795,0.312281446656205,0.4451,0.5549,1.54508774060614,0.562770673375753,0.119687754011271
146,2004,重庆,0.435,2793.0,1214.955,1578.045,9220.96,2510.41,11203051.4568,3961539.94845,15164591.40525,0.738763818781262,0.261236181218738,0.435,0.565,1.69830762938221,0.46236492251104,0.189755332966642
147,2004,四川,0.3525,8090.0,2851.725,5238.275,7709.87,2518.93,21986429.02575,13194848.04575,35181277.0715,0.624946871060601,0.375053128939399,0.3525,0.6475,1.77289892499461,0.579232631566639,0.153056414707298
148,2004,贵州,0.2628,3904.0,1025.9712,2878.0288,7322.05,1721.55,7512212.42496,4954670.48064,12466882.9056,0.602573432496554,0.397426567503446,0.2628,0.7372,2.29289738392905,0.539102777405652,0.254475601666826
149,2004,云南,0.281,4415.0,1240.615,3174.385,8870.88,1864.19,11005346.7912,5917656.77315,16923003.56435,0.650318765776535,0.349681234223465,0.281,0.719,2.31430165756774,0.4863438584471,0.293623664124817
150,2004,西藏,0.18394,276.0,50.4,225.6,9106.07,1861.31,458945.928,419911.536,878857.464,0.522207464576986,0.477792535423014,0.18394,0.817391304347826,2.83900981068276,0.58453342099624,0.288353608834167
151,2004,陕西,0.3641,3681.0,1340.2521,2340.7479,7492.47,1866.52,10041798.651687,4369052.770308,14410851.421995,0.696822023739721,0.303177976260278,0.3641,0.6359,1.91382044421786,0.476769895046829,0.227737818533973
152,2004,甘肃,0.2861,2541.0,726.9801,1814.0199,7376.74,1852.22,5362743.182874,3359963.939178,8722707.122052,0.614802618938835,0.385197381061165,0.2861,0.7139,2.14890814029652,0.539567700043654,0.232637549808391
153,2004,青海,0.3859,539.0,208.0001,330.9999,7319.67,1957.65,1522492.091967,647981.954235,2170474.046202,0.701456022766607,0.298543977233393,0.3859,0.6141,1.81771449278727,0.486148798621385,0.203854030174322
154,2004,宁夏,0.406,588.0,238.728,349.272,7217.87,2320.05,1723107.66936,810328.5036,2533436.17296,0.680146469743805,0.319853530256195,0.406,0.594,1.67523761020642,0.538473956660261,0.152930480315846
155,2004,新疆,0.3516,1963.0,690.1908,1272.8092,7503.42,2244.93,5178791.452536,2857367.557356,8036159.009892,0.644436159882008,0.355563840117992,0.3516,0.6484,1.83286734892494,0.548371129114732,0.176828196189233
156,2005,北京,0.8362,1538.0,1286.0756,251.9244,17652.95,7346.25917615576,22703028.26302,1850701.93519753,24553730.1982175,0.924626444932922,0.0753735550670784,0.8362,0.1638,1.10574796093389,0.460156013840527,0.0344411176031096
157,2005,天津,0.7511,1043.0,783.3973,259.6027,12638.55,5579.8702643663,9901005.945915,1448549.38627921,11349555.3321942,0.872369503131965,0.127630496868035,0.7511,0.2489,1.16145586890156,0.512778211603195,0.0453253521869993
158,2005,河北,0.3769,6851.0,2582.1419,4268.8581,9107.09,3481.63786256699,23515798.676071,14862617.9908858,38378416.6669568,0.612734988004801,0.387265011995199,0.3769,0.6231,1.62572297162324,0.621513419989086,0.113577796110433
159,2005,山西,0.4211,3355.0,1412.7905,1942.2095,8913.91,2890.65613502132,12593487.365855,5614259.80667169,18207747.1725267,0.691655439112043,0.308344560887957,0.4211,0.5789,1.64249688699131,0.532638730157121,0.148981680606767
160,2005,内蒙古,0.472,2403.0,1134.216,1268.784,9136.79,2988.86971229822,10363093.40664,3792230.06904858,14155323.4756886,0.732098664113071,0.267901335886929,0.472,0.528,1.55105649176498,0.507388893725245,0.139579649344094
161,2005,辽宁,0.587,4221.0,2477.727,1743.273,9107.55,3690.20621706972,22566022.53885,6433036.86264978,28999059.4014998,0.778163947541103,0.221836052458897,0.587,0.413,1.32566260228467,0.537133298931954,0.0815009750000916
162,2005,吉林,0.5252,2716.0,1426.4432,1289.5568,8690.62,3263.9900303584,12396675.802784,4209100.53878088,16605776.3415649,0.746527927860539,0.253472072139461,0.5252,0.4748,1.42141646584261,0.533850194059521,0.103430231409563
163,2005,黑龙江,0.531,3820.0,2028.42,1791.58,8272.51,3221.26893506586,16780124.7342,5771160.99868529,22551285.7328853,0.744087274355735,0.255912725644265,0.531,0.469,1.4012943019882,0.545656131437665,0.0960289970869527
164,2005,上海,0.8909,1890.26,1684.032634,206.227366,18645.03,8247.77150881439,31398838.981909,1700916.19363264,33099755.1755417,0.948612423729059,0.0513875762709415,0.8909,0.1091,1.06477991214397,0.471013531356017,0.0208545356324306
165,2005,江苏,0.5011,7588.0,3802.3468,3785.6532,12318.57,5276.28871688939,46839475.220076,19974199.2652162,66813674.4852922,0.701046239125597,0.298953760874403,0.5011,0.4989,1.39901464602993,0.599225818549614,0.0822897777687276
166,2005,浙江,0.5602,4990.9,2795.90218,2194.99782,16293.77,6659.95113541404,45555787.0634186,14618578.2235403,60174365.2869589,0.757063025861139,0.242936974138861,0.5602,0.4398,1.35141561203345,0.552380568755938,0.0838040570329256
167,2005,安徽,0.355,6120.0,2172.6,3947.4,8470.68,2640.96378876479,18403399.368,10424940.4597701,28828339.8277701,0.638378743900894,0.361621256099106,0.355,0.645,1.79824998281942,0.560653110231173,0.165356367912794
168,2005,福建,0.473,3557.39583333333,1682.64822916667,1874.74760416666,12321.31,4450.35572172575,20732430.4525136,8343293.72699474,29075724.1795083,0.713049495328655,0.286950504671345,0.473,0.526999999999999,1.50750421845382,0.544498111330826,0.118240476648494
169,2005,江西,0.37,4311.0,1595.07,2715.93,8619.66,3128.8877075781,13748961.0762,8497839.99164259,22246801.0678426,0.618019688955367,0.381980311044633,0.37,0.63,1.67032348366315,0.6063179540391,0.125930662044362
170,2005,山东,0.45,9248.0,4161.6,5086.4,10744.79,3930.54820895663,44715518.064,19992340.410037,64707858.474037,0.691036902139814,0.308963097860187,0.45,0.55,1.5356375603107,0.561751087018521,0.11823935227819
171,2005,河南,0.3065,9380.0,2874.97,6505.03,8667.97,2870.58261084805,24920153.7109,18673226.0010449,43593379.7119449,0.571649958676448,0.428350041323552,0.3065,0.6935,1.86508958785138,0.61766408265833,0.149931056343155
172,2005,湖北,0.432,5710.0,2466.72,3243.28,8785.94,3099.20063906088,21672453.9168,10051575.4486534,31724029.3654534,0.683155776560992,0.316844223439008,0.432,0.568,1.5813791124097,0.557824337040508,0.128142949351397
173,2005,湖南,0.37,6326.0,2340.62,3985.38,9523.97,3117.74494248479,22291994.6614,12425398.33888,34717393.00028,0.6420987503647,0.3579012496353,0.37,0.63,1.7354020280127,0.568097221643333,0.151570128635839
174,2005,广东,0.6068,9194.0,5578.9192,3615.0808,14769.94,4690.48652265041,82400301.848848,16956487.7706923,99356789.6195403,0.829337402752016,0.170662597247984,0.6068,0.3932,1.36673929260385,0.434035089643906,0.116667974701364
175,2005,广西,0.3362,4660.0,1566.692,3093.308,9286.7,2494.6667747581,14549398.5964,7716772.69169343,22266171.2880934,0.653430641853551,0.346569358146449,0.3362,0.6638,1.94357716196773,0.522099063191396,0.208989668084738
176,2005,海南,0.452,828.0,374.256,453.744,8123.94,3004.03190060023,3040433.28864,1363061.45070595,4403494.73934595,0.690459162236128,0.309540837763873,0.452,0.548,1.52756451822152,0.564855543364731,0.115724880524951
177,2005,重庆,0.452,2798.0,1264.696,1533.304,10243.46,2809.31893013421,12954862.88816,4307539.9528505,17262402.8410105,0.750466954541402,0.249533045458598,0.452,0.548,1.66032512066682,0.455352272734668,0.184193193674655
178,2005,四川,0.33,8212.0,2709.96,5502.04,8385.96,2802.77646286927,22725616.1616,15420988.2097652,38146604.3713652,0.595744143839418,0.404255856160582,0.33,0.67,1.80528528436187,0.603366949493405,0.147675089348451
179,2005,贵州,0.2687,3730.0,1002.251,2727.749,8151.13,1876.95807047639,8169478.19363,5119870.4997839,13289348.6934139,0.614738794360835,0.385261205639165,0.2687,0.7313,2.28782580707419,0.526816909119602,0.261844258348926
180,2005,云南,0.295,4450.0,1312.75,3137.25,9265.9,2041.79325725978,12163810.225,6405615.89633824,18569426.1213382,0.655045026460052,0.344954973539948,0.295,0.705,2.22049161511882,0.489297834808436,0.275979901442858
181,2005,西藏,0.2665,277.0,73.8205,203.1795,9431.18,2077.89517962849,696214.42319,422185.703649327,1118400.12683933,0.622509249133893,0.377490750866107,0.2665,0.7335,2.33586960275382,0.51464315046504,0.27736690425505
182,2005,陕西,0.3723,3690.18747315823,1373.85679625681,2316.33067690142,8272.02,2052.62910676935,11364570.8957723,4754567.76831061,16119138.6640829,0.70503586653145,0.29496413346855,0.3723,0.6277,1.89373050371058,0.469912591155887,0.227440288859225
183,2005,甘肃,0.3002,2545.1,764.03902,1781.06098,8086.82,1979.87940975539,6178646.0277164,3526285.96182076,9704931.98953716,0.636650110930975,0.363349889069025,0.3002,0.6998,2.12075320096927,0.519219618561053,0.24046547697505
184,2005,青海,0.3925,543.0,213.1275,329.8725,8057.85,2151.46390097975,1717349.425875,709708.775675943,2427058.20155094,0.707584772700373,0.292415227299627,0.3925,0.6075,1.80276375210286,0.481341937941773,0.203187101389503
185,2005,宁夏,0.4228,596.0,251.9888,344.0112,8093.64,2508.88659389159,2039506.631232,863085.087828559,2902591.71906056,0.70265019287387,0.29734980712613,0.4228,0.5772,1.66189733413877,0.515159056005076,0.159692082195232
186,2005,新疆,0.3715,2010.0,746.715,1263.285,7990.15,2482.15261765726,5966364.85725,3135666.16959715,9102031.02684715,0.655498189321893,0.344501810678107,0.3715,0.6285,1.76446349750173,0.548133350323161,0.165095342958578
187,2006,北京,0.8433,1601.0,1350.2,250.8,19977.52,8275.47,26973647.504,2075487.876,29049135.38,0.928552507713226,0.0714474922867739,0.8433,0.156652092442224,1.10109392590208,0.456090251798744,0.0333325780377551
188,2006,天津,0.7573,1075.0,814.0975,260.9025,14283.09,6227.94,11627827.861275,1624885.11585,13252712.977125,0.877392265368257,0.122607734631743,0.7573,0.2427,1.15857951322891,0.505182260534582,0.0454265133665469
189,2006,河北,0.3844,6898.0,2651.5912,4246.4088,10304.56,3801.82,27323480.615872,16144081.904016,43467562.519888,0.628594727467649,0.371405272532351,0.3844,0.6156,1.63526203815726,0.603322405023312,0.121472404934486
190,2006,山西,0.4301,3375.0,1451.5875,1923.4125,10027.7,3180.92,14556083.97375,6118221.2895,20674305.26325,0.704066414247275,0.295933585752725,0.4301,0.5699,1.63698306032847,0.519272829887216,0.153069688957531
191,2006,内蒙古,0.4864,2415.05148958154,1174.68104453246,1240.37044504908,10357.99,3341.88,12167334.5124568,4145169.18290062,16312503.6953574,0.745890069341081,0.254109930658919,0.4864,0.5136,1.53349109650716,0.494762326049296,0.140091473647981
192,2006,辽宁,0.5899,4271.0,2519.4629,1751.5371,10369.61,4090.4,26125847.682469,7164487.35384,33290335.036309,0.784787766598748,0.215212233401252,0.5899,0.4101,1.33037424410705,0.52477989124909,0.0852619825338384
193,2006,吉林,0.5297,2723.0,1442.3731,1280.6269,9775.07,3641.13,14099298.018617,4662929.024397,18762227.043014,0.751472519029493,0.248527480970507,0.5297,0.4703,1.41867570139606,0.528444569361062,0.104292706532102
194,2006,黑龙江,0.535,3823.0,2045.305,1777.695,9182.31,3552.43,18780624.55455,6315137.04885,25095761.6034,0.748358422085329,0.251641577914671,0.535,0.465,1.39880078894454,0.541164683687465,0.0966446381433364
195,2006,上海,0.887,1964.11,1742.16557,221.94443,20667.91,9138.65,36006921.2058587,2028272.4652195,38035193.6710782,0.94667379683249,0.0533262031675098,0.887,0.113,1.06727598290021,0.471913302367344,0.0215916995948826
196,2006,江苏,0.519,7656.0,3973.464,3682.536,14084.26,5813.23,55963300.07664,21407428.75128,77370728.82792,0.723313595779973,0.276686404220027,0.519,0.481,1.39366781460496,0.575231609605047,0.0870932374992314
197,2006,浙江,0.565,5071.8,2865.567,2206.233,18265.1,7334.81,52339867.8117,16182299.87073,68522167.68243,0.763838471285266,0.236161528714734,0.565,0.435,1.35192649785003,0.542900066010882,0.0860661302055227
198,2006,安徽,0.371,6110.0,2266.81,3843.19,9771.05,2969.08,22149113.8505,11410738.5652,33559852.4157,0.659988416401324,0.340011583598676,0.371,0.629,1.77894451860195,0.540558956436686,0.171008014146965
199,2006,福建,0.48,3584.51666666667,1720.568,1863.94866666667,13753.28,4834.75,23663453.46304,9011725.81616668,32675179.2792067,0.724202712427,0.275797287573,0.48,0.52,1.50875565088958,0.530379399178845,0.122953538238019
200,2006,江西,0.3868,4339.1287,1678.37498116,2660.75371884,9551.12,3459.53,16030360.8500569,9204957.31293855,25235318.1629955,0.635235139359705,0.364764860640295,0.3868,0.6132,1.64228319379448,0.594854632485804,0.125659380588453
201,2006,山东,0.461,9309.0,4291.449,5017.551,12192.24,4368.33,52322376.15576,21918318.55983,74240694.71559,0.704766790723103,0.295233209276897,0.461,0.539,1.52877828790261,0.547742503296655,0.121435966250323
202,2006,河南,0.3247,9392.0,3049.5824,6342.4176,9810.26,3261.03,29917196.235424,20682814.066128,50600010.301552,0.591248817087818,0.408751182912183,0.3247,0.6753,1.82090796762494,0.605288290999826,0.149142560293405
203,2006,湖北,0.438,5693.0,2493.534,3199.466,9802.65,3419.35,24443241.0651,10940094.0671,35383335.1322,0.690812241801815,0.309187758198185,0.438,0.562,1.5771968990909,0.550156153377553,0.130011904200427
204,2006,湖南,0.3871,6342.0,2454.9882,3887.0118,10504.67,3389.62,25788840.894894,13175492.937516,38964333.83241,0.661857610752816,0.338142389247184,0.3871,0.6129,1.70978457957328,0.551708907239654,0.153893819321445
205,2006,广东,0.63,9442.0,5948.46,3493.54,16015.58,5079.78,95268037.0068,17746414.6212,113014451.628,0.8429721653686,0.157027834631401,0.63,0.37,1.33805105614063,0.424399553057839,0.110899992139861
206,2006,广西,0.3464,4719.0,1634.6616,3084.3384,9898.75,2770.48,16181106.513,8545097.850432,24726204.363432,0.654411258402867,0.345588741597133,0.3464,0.6536,1.88917799769881,0.528746544671256,0.196073292015269
207,2006,海南,0.461,836.0,385.396,450.604,9395.13,3255.53,3620845.52148,1466954.84012,5087800.3616,0.711672090911469,0.288327909088531,0.461,0.539,1.54375724709646,0.534931185693007,0.1286388081228
208,2006,重庆,0.467,2808.0,1311.336,1496.664,11569.74,2873.83,15171816.57264,4301157.90312,19472974.47576,0.779121679203447,0.220878320796553,0.467,0.533,1.66835477345492,0.414405855153007,0.204210260690644
209,2006,四川,0.343,8169.0,2801.967,5367.033,9350.11,3002.38,26198699.66637,16113872.53854,42312572.20491,0.619170575106986,0.380829424893014,0.343,0.657,1.80516202655098,0.5796490485434,0.158034676571455
210,2006,贵州,0.2746,3690.0,1013.274,2676.726,9116.61,1984.62,9237623.88114,5312283.95412,14549907.83526,0.63489226088111,0.36510773911889,0.2746,0.7254,2.31206212993849,0.503319188198084,0.281470800585617
211,2006,云南,0.305,4483.0,1367.315,3115.685,10069.89,2250.46,13768711.64535,7011724.4651,20780436.11045,0.662580495046783,0.337419504953217,0.305,0.695,2.17239506572716,0.485495690580169,0.270235779939063
212,2006,西藏,0.2821,283.0,79.8343,203.1657,8941.08,2435.02,713804.863044,494712.542814,1208517.405858,0.590645082631,0.409354917369,0.2821,0.7179,2.09374364633463,0.570211613552027,0.206505160838502
213,2006,陕西,0.3912,3699.25263807238,1447.14763201391,2252.10500605847,9267.7,2260.19,13411730.1092153,5090185.21364329,18501915.3228586,0.724883336410339,0.275116663589661,0.3912,0.608800000000001,1.85297376383011,0.451899907341756,0.228578418134632
214,2006,甘肃,0.3109,2546.79,791.797011,1754.992989,8920.59,2134.05,7063296.49835649,3745242.78817545,10808539.2865319,0.653492235269734,0.346507764730266,0.3109,0.6891,2.10193707066495,0.502841045900836,0.247235242936823
215,2006,青海,0.3926,548.0,215.1448,332.8552,9000.35,2358.37,1936378.50068,784995.718024,2721374.218704,0.71154436878665,0.28845563121335,0.3926,0.6074,1.81239013954827,0.474902257512924,0.208319953908669
216,2006,宁夏,0.43,604.0,259.72,344.28,9177.26,2760.14,2383517.9672,950260.9992,3333778.9664,0.714959807240567,0.285040192759433,0.43,0.57,1.66269722614085,0.500070513613041,0.165980353909809
217,2006,新疆,0.3794,2050.0,777.77,1272.23,8871.27,2737.28,6899807.6679,3482449.7344,10382257.4023,0.664576825688359,0.335423174311641,0.3794,0.6206,1.75165214994296,0.540482072690366,0.166151002395151
218,2007,北京,0.845,1676.0,1416.2,259.8,21988.71,9439.63,31140411.102,2452415.874,33592826.976,0.926995847186303,0.0730041528136974,0.845,0.155011933174224,1.09703650554592,0.470958276042174,0.0308802757250429
219,2007,天津,0.7631,1115.0,850.8565,264.1435,16357.35,7010.06,13917757.570275,1851661.78361,15769419.353885,0.882578949671104,0.117421050328896,0.7631,0.2369,1.15657050146914,0.495656607551271,0.0459646568091162
220,2007,河北,0.4025,6943.0,2794.5575,4148.4425,11690.47,4293.43,32669690.617025,17811047.482775,50480738.0998,0.647171413231662,0.352828586768337,0.4025,0.5975,1.60787928753208,0.59050809500977,0.121491925036958
221,2007,山西,0.4403,3393.0,1493.9379,1899.0621,11564.95,3665.66,17277317.116605,6961315.977486,24238633.094091,0.712800802319869,0.287199197680131,0.4403,0.5597,1.61889802934333,0.513130601536771,0.151762262746909
222,2007,内蒙古,0.5015,2428.82796624763,1218.05722507319,1210.77074117444,12377.84,3953.1,15076917.4427999,4786297.81693668,19863215.2597366,0.759037106815297,0.240962893184703,0.5015,0.498499999999998,1.51353361279222,0.483375914111743,0.139410157191118
223,2007,辽宁,0.592,4298.0,2544.416,1753.584,12300.39,4773.43,31297309.12224,8370610.47312,39667919.59536,0.788982871839361,0.211017128160639,0.592,0.408,1.33274133756649,0.517198843530978,0.0874963707751568
224,2007,吉林,0.5316,2730.0,1451.268,1278.732,11285.52,4191.34,16378314.03936,5359600.58088,21737914.62024,0.753444584059148,0.246555415940852,0.5316,0.4684,1.41731486843331,0.526377916184569,0.104551005258325
225,2007,黑龙江,0.539,3824.0,2061.136,1762.864,10245.28,4132.29,21116915.43808,7284665.27856,28401580.71664,0.743511977335401,0.256488022664599,0.539,0.461,1.37942852937922,0.556373151116267,0.088781929789302
226,2007,上海,0.887,2063.58,1830.39546,233.18454,23622.73,10144.62,43238937.7448058,2365568.5481748,45604506.2929806,0.948128622794916,0.0518713772050835,0.887,0.113,1.06891614745763,0.459038736328172,0.0228000840970287
227,2007,江苏,0.532,7723.0,4108.636,3614.364,16378.01,6561.01,67291281.49436,23713878.34764,91005159.842,0.739422705384934,0.260577294615066,0.532,0.468,1.38989230335514,0.556789091057833,0.090851451302454
228,2007,浙江,0.572,5154.9,2948.6028,2206.2972,20573.82,8265.15,60664023.258696,18235377.30258,78899400.561276,0.768878126159935,0.231121873840065,0.572,0.428,1.34419252825163,0.540004378130993,0.0850169168624233
229,2007,安徽,0.387,6118.0,2367.666,3750.334,11473.58,3556.27,27165605.26428,13337200.29418,40502805.55846,0.670709223465282,0.329290776534718,0.387,0.613,1.73309876864414,0.537179080807045,0.164201269858598
230,2007,福建,0.487,3611.6375,1758.8674625,1852.7700375,15506.05,5467.08,27273086.8168981,10129242.0166155,37402328.8335136,0.729181515362236,0.270818484637764,0.487,0.513,1.49729263934751,0.527911276097005,0.121334195067956
231,2007,江西,0.398,4368.0,1738.464,2629.536,11451.69,4044.7,19908350.80416,10635684.2592,30544035.06336,0.651791774166788,0.348208225833212,0.398,0.602,1.63766777428841,0.578418979789388,0.130882416538644
232,2007,山东,0.4675,9367.0,4379.0725,4987.9275,14264.7,4985.34,62466155.49075,24866514.48285,87332669.9736,0.715266755380696,0.284733244619304,0.4675,0.5325,1.52998236445069,0.534710318533904,0.125920035874379
233,2007,河南,0.3434,9360.0,3214.224,6145.776,11477.05,3851.6,36889809.5592,23671070.8416,60560880.4008,0.609135952368234,0.390864047631766,0.3434,0.6566,1.77383795098496,0.595284873030409,0.146376423634045
234,2007,湖北,0.443,5699.0,2524.657,3174.343,11485.8,3997.48,28997705.3706,12689372.65564,41687078.02624,0.69560417144966,0.30439582855034,0.443,0.557,1.5702125766358,0.546491613196302,0.129937245670823
235,2007,湖南,0.4045,6355.0,2570.5975,3784.4025,12293.54,3904.2,31601743.19015,14775064.2405,46376807.43065,0.681412648712527,0.318587351287473,0.4045,0.5955,1.68458009570464,0.53499135396721,0.156089941347828
236,2007,广东,0.6314,9660.0,6099.324,3560.676,17699.3,5624.04,107953765.2732,20025384.25104,127979149.52424,0.843526196841564,0.156473803158436,0.6314,0.3686,1.33596166747159,0.424508418769496,0.110258106766931
237,2007,广西,0.3624,4768.0,1727.9232,3040.0768,12200.44,3224.05,21081423.326208,9801359.60704,30882782.933248,0.682627060254729,0.317372939745271,0.3624,0.6376,1.88362875346228,0.497761825196473,0.210829506004703
238,2007,海南,0.472,845.0,398.84,446.16,10996.87,3791.37,4385991.6308,1691557.6392,6077549.27,0.721671094046104,0.278328905953896,0.472,0.528,1.52896418230107,0.527138079458137,0.128202709628067
239,2007,重庆,0.4834,2816.0,1361.2544,1454.7456,12590.78,3509.29,17139254.674432,5105124.186624,22244378.861056,0.770498236048222,0.229501763951778,0.4834,0.5166,1.59391443121271,0.444254285620941,0.172992674802404
240,2007,四川,0.356,8127.0,2893.212,5233.788,11098.28,3546.69,32109676.87536,18562623.56172,50672300.43708,0.63367316262325,0.36632683737675,0.356,0.644,1.77998079388553,0.56883049282104,0.158705941875486
241,2007,贵州,0.2824,3632.0,1025.6768,2606.3232,10678.4,2373.99,10952587.14112,6187385.213568,17139972.354688,0.63900844846604,0.36099155153396,0.2824,0.7176,2.26277779201856,0.503054001580212,0.273787889425094
242,2007,云南,0.316,4514.0,1426.424,3087.576,11496.11,2634.09,16398327.21064,8132953.06584,24531280.27648,0.668466016686553,0.331533983313447,0.316,0.684,2.11539878698276,0.484698806013811,0.260737654474017
243,2007,西藏,0.283,287.0,81.221,205.779,11130.93,2788.2,904065.26553,573753.0078,1477818.27333,0.611756723979905,0.388243276020095,0.283,0.717,2.16168453703147,0.541482951213522,0.233430401904553
244,2007,陕西,0.4062,3708.37461761745,1506.34176967621,2202.03284794124,10763.34,2644.69,16213268.6232267,5823694.25262172,22036962.8758485,0.735730631964524,0.264269368035476,0.4062,0.5938,1.81125217125683,0.44504777372091,0.22309202691863
245,2007,甘肃,0.3159,2548.19,804.973221,1743.216779,10012.34,2328.92,8059665.57954714,4059812.42094868,12119478.0004958,0.665017551021373,0.334982448978627,0.3159,0.6841,2.10515210832977,0.489668833472631,0.255844735031756
246,2007,青海,0.4007,552.0,221.1864,330.8136,10276.06,2683.78,2272924.717584,887830.923408,3160755.640992,0.719108015851122,0.280891984148878,0.4007,0.5993,1.79462943811111,0.468700123725809,0.207675602397305
247,2007,宁夏,0.4402,610.0,268.522,341.478,10859.33,3180.84,2915969.01026,1086186.88152,4002155.89178,0.728599557115975,0.271400442884024,0.4402,0.5598,1.65515574083593,0.484816796863209,0.170648120316325
248,2007,新疆,0.3915,2095.0,820.1925,1274.8075,10313.44,3182.97,8459006.1372,4057674.028275,12516680.165475,0.675818669596802,0.324181330403197,0.3915,0.6085,1.72622904111572,0.532754856866389,0.16482095737885
249,2008,北京,0.849,1771.0,1530.6,240.4,24724.89,10661.92,37843916.634,2563125.568,40407042.202,0.93656735488862,0.0634326451113795,0.849,0.135742518351214,1.10314176076398,0.467301225009372,0.0436771990754096
250,2008,天津,0.7723,1176.0,908.2248,267.7752,19422.53,7910.78,17640023.424744,2118310.696656,19758334.1214,0.892789003180097,0.107210996819903,0.7723,0.2277,1.15601321142056,0.470843200790089,0.0486794938157075
251,2008,河北,0.419,6989.0,2928.391,4060.609,13441.09,4795.46,39360766.98619,19472488.03514,58833255.02133,0.669022425699883,0.330977574300117,0.419,0.581,1.59671223317394,0.569668802581958,0.126825684369852
252,2008,山西,0.4511,3411.0,1538.7021,1872.2979,13119.05,4097.24,20186309.785005,7671253.847796,27857563.632801,0.724625816208728,0.275374183791272,0.4511,0.5489,1.60635295102799,0.501683701569087,0.153499160656928
253,2008,内蒙古,0.5171,2444.32650249699,1263.96123444119,1180.3652680558,14432.55,4656.18,18242183.7141342,5495993.15381606,23738176.8679503,0.768474504828701,0.231525495171299,0.5171,0.482900000000001,1.48612358311487,0.479448115906602,0.134248467621288
254,2008,辽宁,0.6005,4315.0,2591.1575,1723.8425,14392.69,5576.48,37293726.638675,9612973.2244,46906699.863075,0.795061830133837,0.204938169866163,0.6005,0.3995,1.32399971712546,0.512986657987893,0.0863425182931663
255,2008,吉林,0.5321,2734.0,1454.7614,1279.2386,12829.45,4932.74,18663788.64323,6310151.411764,24973940.054994,0.747330561462521,0.252669438537479,0.5321,0.4679,1.40449269209269,0.540007348872578,0.098162411289308
256,2008,黑龙江,0.554,3825.0,2119.05,1705.95,11581.28,4855.59,24541311.384,8283393.7605,32824705.1445,0.747647580563631,0.252352419436369,0.554,0.446,1.34954436924843,0.565812599633114,0.080407322834887
257,2008,上海,0.886,2140.65,1896.6159,244.0341,26674.9,11440.26,50592039.47091,2791813.552866,53383853.023776,0.947703033881376,0.0522969661186237,0.886,0.114,1.06964225043045,0.458745316830032,0.0230504548715786
258,2008,江苏,0.543,7762.0,4214.766,3547.234,18679.52,7356.47,78729805.79232,26095120.50398,104824926.2963,0.75105996802498,0.24894003197502,0.543,0.457,1.38316752859112,0.54472654699129,0.0924020235315012
259,2008,浙江,0.576,5212.4,3002.3424,2210.0576,22726.66,9257.93,68233214.928384,20460558.556768,88693773.485152,0.769312345694783,0.230687654305217,0.576,0.424,1.33561171127566,0.54407465638023,0.0822184572853027
260,2008,安徽,0.405,6135.0,2484.675,3650.325,12990.35,4202.49,32276797.88625,15340454.30925,47617252.1955,0.677838312755482,0.322161687244518,0.405,0.595,1.67367484630983,0.541448213856332,0.151452726105696
261,2008,福建,0.499,3638.75833333333,1815.74040833333,1823.017925,17961.45,6196.07,32613330.5572587,11295546.6745548,43908877.2318134,0.742750273141333,0.257249726858667,0.499,0.501,1.48847750128524,0.513472508699934,0.123959667257308
262,2008,江西,0.4136,4400.0,1819.84,2580.16,12866.44,4697.19,23414862.1696,12119501.7504,35534363.92,0.658935733936728,0.341064266063272,0.4136,0.5864,1.59317150371549,0.581623918934638,0.122050579264434
263,2008,山东,0.476,9417.0,4482.492,4934.508,16305.41,5641.43,73088869.88172,27837681.46644,100926551.34816,0.724178810287393,0.275821189712607,0.476,0.524,1.52138405522562,0.526376316245433,0.126875077639334
264,2008,河南,0.3603,9429.0,3397.2687,6031.7313,13231.11,4454.24,44949635.869257,26866778.825712,71816414.694969,0.625896406276682,0.374103593723318,0.3603,0.6397,1.73715350062915,0.584810995346753,0.144955876175297
265,2008,湖北,0.452,5711.0,2581.372,3129.628,13152.86,4656.38,33952424.52392,14572737.22664,48525161.75056,0.699686993285049,0.300313006714951,0.452,0.548,1.54798007363949,0.548016435611224,0.125105605327837
266,2008,湖南,0.4215,6380.0,2689.17,3690.83,13821.16,4512.46,37167448.8372,16654722.7418,53822171.579,0.690560186384263,0.309439813615737,0.4215,0.5785,1.63833970672423,0.53490028282755,0.147309333910897
267,2008,广东,0.6337,9893.0,6269.1941,3623.8059,19732.86,6399.79,123709129.488126,23191596.760761,146900726.248887,0.842127419292206,0.157872580707794,0.6337,0.3663,1.32890550622093,0.430992576324855,0.10658797839113
268,2008,广西,0.3816,4816.0,1837.7856,2978.2144,14146.04,3690.34,25997388.609024,10990623.728896,36988012.33792,0.702859844738712,0.297140155261288,0.3816,0.6184,1.84187590340333,0.480498310577763,0.211512545038517
269,2008,海南,0.48,854.0,409.92,444.08,12607.84,4389.97,5168205.7728,1949497.8776,7117703.6504,0.726105781674341,0.273894218325659,0.48,0.52,1.51272037848821,0.526719650626268,0.12495217726925
270,2008,重庆,0.4999,2839.0,1419.2161,1419.7839,14367.55,4126.21,20390658.277555,5858326.526019,26248984.803574,0.776817024739892,0.223182975260108,0.4999,0.5001,1.55394483844747,0.446276695181179,0.162350799985218
271,2008,四川,0.374,8138.0,3043.612,5094.388,12633.38,4121.21,38451106.96856,20995042.76948,59446149.73804,0.646822496292891,0.353177503707109,0.374,0.626,1.72947191522163,0.564181315826053,0.152188186856431
272,2008,贵州,0.2911,3596.0,1046.7956,2549.2044,11758.76,2796.93,12309018.229456,7129946.262492,19438964.491948,0.633213679388871,0.366786320611129,0.2911,0.7089,2.17524451868386,0.517402060390929,0.250408008965549
273,2008,云南,0.33,4543.0,1499.19,3043.81,13250.22,3102.6,19864597.3218,9443724.906,29308322.2278,0.677780091518092,0.322219908481908,0.33,0.67,2.05387906520634,0.480925236540162,0.251939847699391
274,2008,西藏,0.2261,292.0,66.0212,225.9788,12481.51,3175.82,824044.268012,717667.992616,1541712.260628,0.534499393340969,0.465500606659031,0.2261,0.7739,2.36399554772653,0.601499685565358,0.22323069025216
275,2008,陕西,0.421,3717.59720167046,1565.10842190326,2152.4887797672,12857.89,3136.46,20123991.9269057,6751194.95818863,26875186.8850943,0.748794492590747,0.251205507409253,0.421,0.579000000000001,1.77860924605878,0.433860979981438,0.22141521702489
276,2008,甘肃,0.3215,2550.88,820.10792,1730.77208,10969.41,2723.79,8996100.0187272,4714259.6837832,13710359.7025104,0.656153464527994,0.343846535472006,0.3215,0.6785,2.04091279790978,0.506774554859257,0.234389295286572
277,2008,青海,0.4086,554.0,226.3644,327.6356,11640.43,3061.24,2634978.952692,1002971.204144,3637950.156836,0.724303203478658,0.275696796521342,0.4086,0.5914,1.77264611717733,0.46617652438509,0.204235037262707
278,2008,宁夏,0.4498,618.0,277.9764,340.0236,12931.53,3681.42,3594660.155892,1251769.681512,4846429.837404,0.741713029279608,0.258286970720392,0.4498,0.5502,1.64898405798045,0.469441967866942,0.175655382720212
279,2008,新疆,0.3964,2131.0,844.7284,1286.2716,11432.1,3502.9,9657019.54164,4505680.78764,14162700.32928,0.681862873400989,0.318137126599011,0.3964,0.6036,1.72013842936677,0.527066147447002,0.166101362599238
280,2009,北京,0.85,1860.0,1581.1,278.9,26738.48,11668.59,42276210.728,3254369.751,45530580.479,0.928523429379491,0.0714765706205088,0.85,0.14994623655914,1.09238050515234,0.476681324324655,0.0290861490905266
281,2009,天津,0.7801,1228.16,958.087616,270.072384,21402.01,8687.56,20505000.7385082,2346270.04034304,22851270.7788512,0.897324307998026,0.102675692001974,0.7801,0.2199,1.1502683091886,0.466919927248632,0.0474235705044103
282,2009,河北,0.43,7034.4,3024.792,4009.608,14718.25,5149.67,44519644.854,20648158.02936,65167802.88336,0.683153994522158,0.316846005477842,0.43,0.57,1.58873021981897,0.555870185048845,0.130197490923021
283,2009,山西,0.4599,3427.36,1576.242864,1851.117136,13996.55,4244.1,22061962.0581192,7856326.2368976,29918288.2950168,0.73740722866802,0.26259277133198,0.4599,0.5401,1.60340775966084,0.486192874156601,0.158784226367996
284,2009,内蒙古,0.534,2458.22352333391,1293.38538,1164.83814333391,15849.19,4937.8,20499110.6308422,5751737.78415418,26250848.4149964,0.780893261306237,0.219106738693762,0.534,0.473853631403756,1.46234693128509,0.462393288080699,0.127767053295592
285,2009,辽宁,0.6035,4341.0,2606.5165,1734.4835,15761.38,5958.0,41082297.03277,10334052.693,51416349.72577,0.799012322965033,0.200987677034967,0.6035,0.399558511863626,1.3239640811351,0.503024390839575,0.0861251171755384
286,2009,吉林,0.5332,2739.55,1460.72806,1278.82194,14006.27,5265.91,20459351.6049362,6734161.2420654,27193512.8470016,0.752361481212313,0.247638518787687,0.5332,0.4668,1.41103053490681,0.530502396717409,0.102067655797279
287,2009,黑龙江,0.555,3826.0,2123.43,1702.57,12565.98,5206.76,26682978.9114,8864873.3732,35547852.2846,0.750621407385547,0.249378592614453,0.555,0.445,1.35247100429828,0.560401331717871,0.0822219295389192
288,2009,上海,0.886,2210.28,1958.30808,251.97192,28837.78,12482.94,56473257.5832624,3145350.3590448,59618607.9423072,0.947242136849479,0.0527578631505209,0.886,0.114,1.06912205062018,0.462788273250183,0.0226624037761395
289,2009,江苏,0.556,7810.0,4295.1,3514.9,20551.72,8003.54,88271692.572,28131642.746,116403335.318,0.758326145302042,0.241673854697958,0.556,0.450051216389245,1.36389594478785,0.536991893138084,0.0850768281501229
290,2009,浙江,0.579,5275.5,2999.22,2276.28,24610.81,10007.31,73813233.5682,22779439.6068,96592673.175,0.764170108787343,0.235829891212657,0.579,0.431481376172875,1.31981020515949,0.546558679552767,0.0695799455950359
291,2009,安徽,0.421,6131.0,2581.151,3549.849,14085.74,4504.32,36357421.88674,15989655.84768,52347077.73442,0.69454539699804,0.30545460300196,0.421,0.579,1.64975153681245,0.52755544559924,0.152367957559811
292,2009,福建,0.514,3665.87916666667,1864.278,1801.60116666667,19576.83,6680.18,36496653.47874,12035020.0815434,48531673.5602834,0.752017204463512,0.247982795536488,0.514,0.49145132306825,1.46306849117415,0.504592792605118,0.116548464572611
293,2009,江西,0.4318,4432.1581,1913.80586758,2518.35223242,14021.54,5075.01,26834505.5245077,12780662.7630538,39615168.2875615,0.67737956657711,0.32262043342289,0.4318,0.5682,1.56873452194792,0.567793793422897,0.122401007932265
294,2009,山东,0.4832,9470.3,4576.04896,4894.25104,17811.04,6118.77,81504191.0685184,29946796.4360208,111450987.504539,0.731300752855141,0.268699247144859,0.4832,0.5168,1.5134535448161,0.519928883794232,0.127300457803877
295,2009,河南,0.377,9487.0,3577.0,5910.0,14371.56,4806.95,51407070.12,28409074.5,79816144.62,0.644068569895803,0.355931430104197,0.377,0.622957731632761,1.70840469468383,0.571357271979444,0.145708106953495
296,2009,湖北,0.46,5720.0,2631.2,3088.8,14367.48,5035.26,37803713.376,15552911.088,53356624.464,0.708510213225845,0.291489786774155,0.46,0.54,1.54023959396923,0.53979590143362,0.126310314938797
297,2009,湖南,0.432,6406.0,2767.392,3638.608,15084.31,4909.04,41744198.81952,17862072.21632,59606271.03584,0.700332332388652,0.299667667611348,0.432,0.568,1.62113965830707,0.527583921850964,0.146729445070346
298,2009,广东,0.634,10130.0,6110.492,4019.508,21574.72,6906.93,131832153.96224,27762460.39044,159594614.35268,0.82604387683729,0.17395612316271,0.634,0.396792497532083,1.30290832308721,0.438405776935449,0.0751243095898446
299,2009,广西,0.392,4856.0,1903.552,2952.448,15451.48,3980.44,29412695.65696,11752042.11712,41164737.77408,0.71451191596027,0.28548808403973,0.392,0.608,1.82273447949048,0.469552769802187,0.21312679901305
300,2009,海南,0.4913,864.07,424.0,440.07,13750.85,4744.36,5830360.4,2087850.5052,7918210.9052,0.73632294842906,0.26367705157094,0.4913,0.509299015126089,1.49872368904755,0.517725429933652,0.124345177301115
301,2009,重庆,0.5159,2859.0,1474.9581,1384.0419,15748.67,4478.35,23228628.380727,6198224.042865,29426852.423592,0.789368432829881,0.210631567170119,0.5159,0.4841,1.53008031174623,0.435099291820118,0.160450767991373
302,2009,四川,0.387,8185.0,3167.595,5017.405,13839.4,4462.05,43837614.243,22387911.98025,66225526.22325,0.661944370139407,0.338055629860593,0.387,0.613,1.71045056883568,0.551477373345176,0.15410784058893
303,2009,贵州,0.2989,3537.0,1135.2222,2401.7778,12862.53,3005.41,14601829.604166,7218327.017898,21820156.622064,0.669189953907159,0.330810046092841,0.2989,0.679043765903308,2.23884226800655,0.48717043393039,0.301440440755598
304,2009,云南,0.34,4571.0,1554.14,3016.86,14423.93,3369.34,22416806.5702,10164827.0724,32581633.6426,0.688019723507368,0.311980276492632,0.34,0.66,2.02358742208049,0.472697388625201,0.25119898211362
305,2009,西藏,0.238,297.0,69.02714,227.97286,13544.41,3531.72,934931.8852874,805136.3091192,1740068.1944066,0.537296117642235,0.462703882357765,0.238,0.767585387205387,2.2575467127825,0.602804443740611,0.203305457018095
306,2009,陕西,0.435,3726.66784581231,1640.82,2085.84784581231,14128.76,3437.55,23182751.9832,7170206.26237211,30352958.2455721,0.763772407145254,0.236227592854746,0.435,0.559708547182759,1.75579863711553,0.42205464619716,0.226170919440994
307,2009,甘肃,0.3265,2554.91,860.47769,1694.43231,11929.78,2980.1,10265309.5366082,5049577.727031,15314887.2636392,0.670283062480011,0.329716937519989,0.3265,0.663206261668708,2.05293434143954,0.497155947669101,0.251691418448008
308,2009,青海,0.419,557.3,233.0,324.3,12691.85,3346.15,2957201.05,1085156.445,4042357.495,0.731553568346631,0.268446431653369,0.419,0.581912793827382,1.74595123710413,0.461317287574537,0.200005719240249
309,2009,宁夏,0.461,625.2,288.0,337.2,14024.7,4048.33,4039113.6,1365096.876,5404210.476,0.747401237967624,0.252598762032377,0.461,0.539347408829175,1.62126081988639,0.468341476935474,0.169536655192454
310,2009,新疆,0.3985,2158.63,860.214055,1298.415945,12257.52,3883.1,10544090.9834436,5041878.9560295,15585969.9394731,0.676511697660829,0.323488302339171,0.3985,0.6015,1.69764541445628,0.537802663905521,0.157390553625793
311,2010,北京,0.8596,1961.9,1686.44924,275.45076,29072.93,13262.29,49030020.7030732,3653107.8598404,52683128.5629136,0.930658866329893,0.0693411336701066,0.8596,0.1404,1.08266503761039,0.493882718448052,0.0250009636609797
312,2010,天津,0.7955,1299.29,1033.585195,265.704805,24292.6,10074.86,25108471.708057,2676938.7117023,27785410.4197593,0.903656679125437,0.0963433208745631,0.7955,0.2045,1.13596062743612,0.471116483494196,0.0426841519770286
313,2010,河北,0.445,7193.6,3201.152,3992.448,16263.43,5957.98,52061711.47136,23786925.33504,75848636.8064,0.686389547174658,0.313610452825342,0.445,0.555,1.54244842061721,0.56506387896458,0.118447330932157
314,2010,山西,0.4805,3574.1145,1717.36201725,1856.75248275,15647.66,4736.25,26872696.9428421,8794043.94642469,35666740.8892668,0.753438533289957,0.246561466710043,0.4805,0.5195,1.56803024618097,0.474613025428379,0.15516059356034
315,2010,内蒙古,0.555,2472.1786,1372.059123,1100.119477,17698.15,5529.59,24282908.1677225,6083209.65882443,30366117.8265469,0.799671143556378,0.200328856443622,0.555,0.445,1.44084890730879,0.450177205491286,0.132180596359214
316,2010,辽宁,0.621,4374.9,2716.8129,1658.0871,17712.58,6907.93,48121765.836282,11453949.620703,59575715.456985,0.807741299741956,0.192258700258044,0.621,0.379,1.30071062760379,0.507278892501436,0.0818789801024317
317,2010,吉林,0.5335,2746.6021,1465.31222035,1281.28987965,15411.47,6237.44,22582615.3245574,7991968.7469241,30574584.0714815,0.738607441781077,0.261392558218923,0.5335,0.4665,1.38445631074241,0.560327027264573,0.0888669086259218
318,2010,黑龙江,0.5566,3833.4024,2133.67177584,1699.73062416,13856.51,6210.72,29565244.2986447,10556550.982083,40121795.2807277,0.736887372356596,0.263112627643404,0.5566,0.4434,1.32390832259539,0.593397897256211,0.0694460311081017
319,2010,上海,0.893,2302.6608,2056.2760944,246.3847056,31838.08,13977.96,65467882.7955948,3443955.55948858,68911838.3550833,0.950023745677153,0.0499762543228471,0.893,0.107,1.06385637813791,0.467067797409786,0.0207608831396771
320,2010,江苏,0.6058,7869.34,4767.246172,3102.093828,22944.26,9118.24,109380935.654373,28285636.0262227,137666571.680595,0.794535189763793,0.205464810236207,0.6058,0.3942,1.31154702833244,0.521219711405903,0.0816063017900408
321,2010,浙江,0.6162,5446.51,3356.139462,2090.370538,27359.02,11302.55,91820686.6636472,23626517.5242719,115447204.187919,0.795347858872235,0.204652141127765,0.6162,0.3838,1.2907300533467,0.533226006065046,0.074291833162282
322,2010,安徽,0.4301,5956.7096,2561.98079896,3394.72880104,15788.17,5285.17,40448988.3907163,17941718.8173926,58390707.2081089,0.692729893586544,0.307270106413456,0.4301,0.5699,1.61062518852951,0.539164952471409,0.140359491855247
323,2010,福建,0.571,3693.0,2108.703,1584.297,21781.31,7426.86,45930313.74093,11766352.01742,57696665.75835,0.796065303553227,0.203934696446772,0.571,0.429,1.39415990114401,0.475372252789679,0.112868658495286
324,2010,江西,0.4406,4462.2489,1966.06686534,2496.18203466,15481.12,5788.56,30436917.0703524,14449299.4785515,44886216.5489039,0.678090501060412,0.321909498939588,0.4406,0.5594,1.53901611679621,0.575454949838377,0.114468829521381
325,2010,山东,0.497,9587.8641,4765.1684577,4822.6956423,19945.83,6990.28,95045239.9786464,33711992.8944568,128757232.873103,0.738173987261114,0.261826012738886,0.497,0.503,1.4852595317125,0.52052885236359,0.121065085967283
326,2010,河南,0.385,9405.4697,3621.1058345,5784.3638655,15930.26,5523.73,57685157.431102,31951264.2147783,89636421.6458803,0.643545964596783,0.356454035403217,0.385,0.615,1.67154795999164,0.579600057566207,0.136205736401837
327,2010,湖北,0.497,5727.9143,2846.7734071,2881.1408929,16058.37,5832.27,45714540.6773724,16803591.5954339,62518132.2728063,0.731220511801134,0.268779488198866,0.497,0.503,1.47126863541476,0.534352859242278,0.11389875129897
328,2010,湖南,0.433,6570.1,2844.8533,3725.2467,16565.7,5621.96,47126986.31181,20943187.937532,68070174.249342,0.692329450181561,0.307670549818439,0.433,0.567,1.59891327986504,0.542628835658623,0.136838808031563
329,2010,广东,0.6618,10440.9641,6909.83004138,3531.13405862,23897.8,7890.25,165129736.362891,27861530.5060265,192991266.868917,0.855633205802258,0.144366794197742,0.6618,0.3382,1.2928878903026,0.426868108213311,0.0968970886273783
330,2010,广西,0.4,4610.0,1844.0,2766.0,17063.89,4543.41,31465813.16,12567072.06,44032885.22,0.714598032874485,0.285401967125515,0.4,0.6,1.78649508218621,0.475669945209191,0.202587017494741
331,2010,海南,0.498,868.5512,432.5384976,436.0127024,15581.05,5275.37,6739403.95803048,2300128.32985989,9039532.28789037,0.745547860596592,0.254452139403408,0.498,0.502,1.49708405742288,0.506876771719936,0.127945904731395
332,2010,重庆,0.5302,2884.62,1529.425524,1355.194476,17532.43,5276.66,26814545.9397433,7150900.48373016,33965446.4234735,0.789465435119729,0.210534564880271,0.5302,0.4698,1.48899553964491,0.448136579140637,0.145300487298427
333,2010,四川,0.4018,8044.92,3232.448856,4812.471144,15461.16,5086.89,49977408.954433,24480511.3377022,74457920.2921351,0.671216826340931,0.328783173659069,0.4018,0.5982,1.67052470468126,0.54962081855411,0.147641211888979
334,2010,贵州,0.3381,3478.9408,1176.22988448,2302.71091552,14142.74,3471.93,16635113.4364307,7994851.10892135,24629964.545352,0.675401436563169,0.324598563436831,0.3381,0.6619,1.99763808507296,0.490404235438633,0.236069834723109
335,2010,云南,0.347,4601.6,1596.7552,3004.8448,16064.54,3952.03,25651137.780608,11875236.794944,37526374.575552,0.683549585344688,0.316450414655312,0.347,0.653,1.9698835312527,0.484610129640601,0.234189108999683
336,2010,西藏,0.2267,300.7218,68.17363206,232.54816794,14980.47,4138.71,1021273.04986587,962449.428134957,1983722.47800083,0.514826575386239,0.485173424613761,0.2267,0.7733,2.27095975027013,0.627406471762267,0.196093296845793
337,2010,陕西,0.4576,3735.2267,1709.23973792,2025.98696208,15695.21,4104.98,26826876.6269994,8316635.95959916,35143512.5865985,0.763352170927542,0.236647829072458,0.4576,0.5424,1.6681647091948,0.436297619971347,0.194342697499686
338,2010,甘肃,0.3612,2559.98,924.664776,1635.315224,13188.55,3424.65,12194987.6315148,5600382.2818716,17795369.9133864,0.68528992040459,0.31471007959541,0.3612,0.6388,1.89725891584881,0.492658233555745,0.2160709108046
339,2010,青海,0.4472,563.47,251.983784,311.486216,13854.99,3862.68,3491232.80748216,1203171.57681888,4694404.38430104,0.743700908928402,0.256299091071598,0.4472,0.5528,1.66301634375761,0.463638008450792,0.181266245084951
340,2010,宁夏,0.479,632.96,303.18784,329.77216,15344.49,4674.89,4652262.7790016,1541648.5730624,6193911.352064,0.751102577122181,0.24889742287782,0.479,0.521,1.56806383532814,0.477730178268368,0.154014396625775
341,2010,新疆,0.4301,2185.11,939.815811,1245.294189,13643.77,4642.67,12822630.7676475,5781489.97244463,18604120.7400921,0.689236054032618,0.310763945967382,0.4301,0.5699,1.60250186940855,0.545295571095599,0.136564601299876
342,2011,北京,0.862,2023.8,1744.5156,279.2844,32903.03,14735.68,57399849.122268,4115445.547392,61515294.66966,0.933098824129964,0.0669011758700358,0.862,0.138,1.08248123448952,0.484791129493013,0.0255145999982616
343,2011,天津,0.805,1355.0,1090.775,264.225,26920.86,12321.22,29364601.0665,3255574.3545,32620175.421,0.90019752154968,0.0998024784503196,0.805,0.195,1.11825779074494,0.511807581796511,0.0337684616457473
344,2011,河北,0.456,7240.51,3301.67256,3938.83744,18292.23,7119.69,60394953.8522088,28043301.5331936,88438255.3854024,0.682905305956291,0.317094694043709,0.456,0.544,1.4975993551673,0.582894658168583,0.104648976094252
345,2011,山西,0.4968,3593.0,1785.0024,1807.9976,18123.87,5601.4,32351151.447288,10127317.75664,42478469.203928,0.761589389956088,0.238410610043912,0.4968,0.5032,1.53298991537055,0.473788970675501,0.147275115317527
346,2011,内蒙古,0.5662,2481.71,1405.144202,1076.565798,20407.57,6641.56,28675578.6624091,7150076.34136488,35825655.003774,0.800420220073809,0.199579779926191,0.5662,0.4338,1.41367046992902,0.460073259396477,0.122149407055052
347,2011,辽宁,0.6405,4383.0,2807.3115,1575.6885,20466.84,8296.54,57456795.30066,13072762.66779,70529557.96845,0.81464845315438,0.18535154684562,0.6405,0.3595,1.271894540444,0.515581493311876,0.0731411384735584
348,2011,吉林,0.534,2749.41,1468.18494,1281.22506,17796.57,7509.95,26128656.0576558,9621936.139347,35750592.1970028,0.730859391466146,0.269140608533854,0.534,0.466,1.36865054581675,0.57755495393531,0.0816169422698803
349,2011,黑龙江,0.565,3834.0,2166.21,1667.79,15696.18,7590.68,34001222.0778,12659660.1972,46660882.275,0.728687937733599,0.271312062266401,0.565,0.435,1.28971316413026,0.623705890267588,0.0573126602673048
350,2011,上海,0.893,2347.46,2096.28178,251.17822,36230.48,16053.79,75949295.1046544,4032362.3964538,79981657.5011082,0.949583910581024,0.0504160894189762,0.893,0.107,1.06336384163608,0.471178405784824,0.0204008507803427
351,2011,江苏,0.619,7898.8,4889.3572,3009.4428,26340.73,10804.95,128789237.878756,32516878.98186,161306116.860616,0.798415090421167,0.201584909578833,0.619,0.381,1.28984667273209,0.52909425086308,0.0748886113469313
352,2011,浙江,0.623,5463.0,3403.449,2059.551,30970.68,13070.69,105407129.87532,26919752.66019,132326882.53551,0.796566259671643,0.203433740328357,0.623,0.377,1.27859752756283,0.539612043311293,0.0702678892560664
353,2011,安徽,0.448,5968.0,2673.664,3294.336,18606.13,6232.21,49746539.96032,20530993.76256,70277533.72288,0.70785836276614,0.29214163723386,0.448,0.552,1.58004098831728,0.529242096438153,0.137917924871494
354,2011,福建,0.581,3720.0,2161.32,1558.68,24907.4,8778.55,53832861.768,13682950.314,67515812.082,0.797337099383747,0.202662900616253,0.581,0.419,1.37235301098752,0.483682340372919,0.10517903665485
355,2011,江西,0.457,4488.4367,2051.2155719,2437.2211281,17494.87,6891.63,35885749.7723662,16796426.2430478,52682176.015414,0.681174402550619,0.318825597449381,0.457,0.543,1.49053479770376,0.5871557964077,0.10211703342551
356,2011,山东,0.5095,9637.0,4910.0515,4726.9485,22791.84,8342.13,111909108.17976,39432818.890305,151341927.070065,0.739445508236133,0.260554491763867,0.5095,0.4905,1.45131601223971,0.531201818071084,0.110591589260224
357,2011,河南,0.4057,9388.0,3808.7116,5579.2884,18194.8,6604.03,69298745.81968,36845787.972252,106144533.791932,0.652871545467633,0.347128454532367,0.4057,0.5943,1.60924709259954,0.584096339445343,0.12396709001378
358,2011,湖北,0.5183,5757.5,2984.11225,2773.38775,18373.87,6897.92,54829690.5469075,19130606.82848,73960297.3753875,0.741339509069547,0.258660490930453,0.5183,0.4817,1.43032897756038,0.536974239008621,0.104492298257111
359,2011,湖南,0.451,6595.6,2974.6156,3620.9844,18844.05,6567.06,56053805.09718,23779221.813864,79833026.911044,0.702138040683831,0.297861959316169,0.451,0.549,1.55684709685994,0.542553659956592,0.128677168111954
360,2011,广东,0.665,10504.8488,6985.724452,3519.124348,26897.48,9371.73,187898383.733181,32980283.225882,220878666.959063,0.850685973073196,0.149314026926804,0.665,0.335,1.27922702717774,0.445713513214339,0.0888290222108547
361,2011,广西,0.418,4645.0,1941.61,2703.39,18854.06,5231.33,36607231.4366,14142325.2087,50749556.6453,0.721331058957936,0.278668941042064,0.418,0.582,1.72567238985152,0.478812613474337,0.188345703140093
362,2011,海南,0.505,877.34,443.0567,434.2833,18368.95,6446.01,8138486.369465,2799394.494633,10937880.864098,0.744064272648863,0.255935727351137,0.505,0.495,1.47339459930468,0.51704187343664,0.11955299260233
363,2011,重庆,0.5502,2919.0,1606.0338,1312.9662,20249.7,6480.41,32521702.63986,8508559.292142,41030261.932002,0.792627224602101,0.207372775397899,0.5502,0.4498,1.44061654780462,0.46103329345909,0.128799723068981
364,2011,四川,0.4183,8050.0,3367.315,4682.685,17899.12,6128.55,60271975.2628,28698069.15675,88970044.41955,0.677441218064133,0.322558781935867,0.4183,0.5817,1.61951044241964,0.554510541405994,0.136407543861809
365,2011,贵州,0.3496,3468.72,1212.664512,2256.055488,16495.01,4145.35,20002913.2520851,9352139.6171808,29355052.8692659,0.681412952692302,0.318587047307698,0.3496,0.6504,1.94912171822741,0.489832483560421,0.227387637968809
366,2011,云南,0.368,4630.8,1704.1344,2926.6656,18575.62,4721.99,31655353.043328,13819685.696544,45475038.739872,0.696103926912611,0.303896073087389,0.368,0.632,1.8915867579147,0.480848216910426,0.221193998848471
367,2011,西藏,0.2271,303.3,68.87943,234.42057,16195.56,4904.28,1115540.9413308,1149664.1130396,2265205.0543704,0.49246797290096,0.50753202709904,0.2271,0.7729,2.16850714619533,0.656659370033691,0.167726584293619
368,2011,陕西,0.473,3742.6,1770.2498,1972.3502,18245.23,5027.87,32298614.758454,9916720.400074,42215335.158528,0.765091989372239,0.234908010627761,0.473,0.527,1.61753063292228,0.445745750716815,0.178126049826231
369,2011,甘肃,0.3715,2564.19,952.596585,1611.593415,14988.68,3909.37,14278165.3816578,6300314.94879855,20578480.3304563,0.693839639874961,0.306160360125039,0.3715,0.6285,1.86767063223408,0.487128655727986,0.213237273931573
370,2011,青海,0.4622,568.17,262.608174,305.561826,15603.31,4608.46,4097556.74745594,1408169.45264796,5505726.2001039,0.74423547385604,0.25576452614396,0.4622,0.5378,1.61020223681532,0.475575541361027,0.164432097870457
371,2011,宁夏,0.4982,639.45,318.57399,320.87601,17578.92,5409.95,5600186.6842908,1735923.1702995,7336109.8545903,0.763372795022513,0.236627204977487,0.4982,0.5018,1.53226173228124,0.471556805455335,0.147889060818595
372,2011,新疆,0.4354,2208.71,961.672334,1247.037666,15513.62,5442.15,14919019.1541891,6786566.0340219,21705585.188211,0.687335495671966,0.312664504328034,0.4354,0.5646,1.57862998546616,0.553780560269277,0.129027502419621
373,2012,北京,0.8629,2078.0,1793.1062,284.8938,36468.75,16475.740758884,65392341.73125,4693836.39261335,70086178.1238633,0.933027645132569,0.0669723548674309,0.8629,0.1371,1.08126972433952,0.488492741556753,0.0249220190997853
374,2012,天津,0.8155,1378.0,1123.759,254.241,29626.41,14025.5370844799,33292944.87519,3565866.57389525,36858811.4490853,0.903256061883033,0.0967439381169669,0.8155,0.1845,1.10761013106442,0.524357388167842,0.0298608533051674
375,2012,河北,0.466,7262.0,3384.092,3877.908,20543.44,8081.38503202421,69520890.95648,31338867.6667669,100859758.623247,0.689282741754017,0.310717258245983,0.466,0.534,1.4791475144936,0.581867524805212,0.101573428933708
376,2012,山西,0.5132,3548.0,1820.8336,1727.1664,20411.71,6356.62709788732,37166327.401456,10978952.7408005,48145280.1422565,0.771962013548148,0.228037986451852,0.5132,0.4868,1.50421280894027,0.468442864527222,0.142238121704944
377,2012,内蒙古,0.5842,2464.0,1439.4688,1024.5312,23150.26,7611.30977633815,33324076.981888,7798024.33872346,41122101.3206115,0.810369020835643,0.189630979164357,0.5842,0.4158,1.38714313734276,0.45606296095324,0.116306382250561
378,2012,辽宁,0.6565,4375.0,2872.1875,1502.8125,23222.67,9383.71537308306,66699862.490625,14101964.7591114,80801827.2497364,0.825474679978139,0.174525320021861,0.6565,0.3435,1.25738717437645,0.508079534270338,0.0708892236072661
379,2012,吉林,0.5454,2698.0,1471.4892,1226.5108,20208.04,8598.16796766004,29735912.613168,10545745.8725491,40281658.4857171,0.738199809317971,0.261800190682029,0.5454,0.4546,1.35350166724967,0.575891312542958,0.0789785806468743
380,2012,黑龙江,0.5688,3724.0,2118.2112,1605.7888,17759.75,8603.84943131122,37618901.3592,13815965.0536859,51434866.4128859,0.731389113703917,0.268610886296083,0.5688,0.4312,1.28584583984514,0.622938047996482,0.0567477319244613
381,2012,上海,0.893,2399.0,2142.307,256.693,40188.34,17803.6783928379,86095762.10038,4570079.61769274,90665841.7180727,0.949594251472308,0.0504057485276924,0.893,0.107,1.06337542158153,0.471081761941051,0.0204092689256188
382,2012,江苏,0.6301,8120.0,5116.412,3003.588,29676.97,12201.9532501457,151839605.43164,36649640.3586986,188489245.790339,0.805561106656106,0.194438893343894,0.6301,0.3699,1.27846549223315,0.525652590818853,0.0728480421540062
383,2012,浙江,0.6291,5685.0,3576.4335,2108.5665,34550.3,14551.9194037551,123566850.35505,30683689.765458,154250540.120508,0.801078882826041,0.198921117173959,0.6291,0.3709,1.27337288638697,0.536320078657209,0.0696634327510174
384,2012,安徽,0.463,5978.0,2767.814,3210.186,21024.21,7160.45767817155,58191102.77694,22986400.9920588,81177503.7689988,0.716837794649739,0.283162205350261,0.463,0.537,1.54824577678129,0.527303920577767,0.132128314898078
385,2012,福建,0.5932,3841.0,2278.4812,1562.5188,28055.24,9967.1699038442,63923336.901488,15573890.3575508,79497227.2590388,0.8040951754606,0.1959048245394,0.5932,0.4068,1.35552119936042,0.481575281561946,0.101448291111245
386,2012,江西,0.4739,4475.0,2120.7025,2354.2975,19860.36,7829.43026619633,42117915.1029,18432808.1021304,60550723.2050304,0.695580711072349,0.304419288927651,0.4739,0.5261,1.46777951270806,0.578633888856968,0.100386277522706
387,2012,山东,0.5203,9708.0,5051.0724,4656.9276,25755.19,9446.5409017972,130091329.365756,43991857.0501083,174083186.415864,0.747294049725073,0.252705950274927,0.5203,0.4797,1.43627532140125,0.526799979726761,0.108592263907005
388,2012,河南,0.4199,9532.0,4002.4868,5529.5132,20442.62,7524.94371627479,81821316.707416,41609275.6083985,123430592.315814,0.662893332781428,0.337106667218572,0.4199,0.5801,1.57869333836968,0.581118198963234,0.119693570521651
389,2012,湖北,0.5323,5781.0,3077.2263,2703.7737,20839.59,7851.71213431745,64128134.429217,21229252.7687384,85357387.1979554,0.751289800852211,0.248710199147789,0.5323,0.4677,1.41140296985198,0.531772929544128,0.101812495783371
390,2012,湖南,0.4622,6590.0,3045.898,3544.102,21318.76,7440.16920790789,64934768.44648,26368718.5700848,91303487.0165648,0.711197026184763,0.288802973815237,0.4622,0.5378,1.53872138940883,0.537008132791441,0.126930692087805
391,2012,广东,0.6715,11041.0,7414.0315,3626.9685,30226.71,10542.8438558638,224101780.081365,38238562.5656365,262340342.647002,0.854240631921834,0.145759368078166,0.6715,0.3285,1.27213794776148,0.443711927178588,0.0871736783468898
392,2012,广西,0.4348,4694.0,2040.9512,2653.0488,21242.8,6007.54978408754,43355518.15136,15938322.7456137,59293840.8969737,0.731197667337702,0.268802332662298,0.4348,0.5652,1.68168736738202,0.475587991263797,0.180300049307952
393,2012,海南,0.5102,910.0,464.282,445.718,20917.71,7408.00290113861,9711716.23422,3301880.2370897,13013596.4713097,0.746274579485451,0.253725420514549,0.5102,0.4898,1.4627098774705,0.518018416730397,0.116914857962202
394,2012,重庆,0.5664,2975.0,1685.04,1289.96,22968.14,7383.27446186705,38702234.6256,9524128.72483002,48226363.35043,0.802511985910605,0.197488014089395,0.5664,0.4336,1.41686438190432,0.455461287106539,0.124318917135398
395,2012,四川,0.4335,8085.0,3504.8475,4580.1525,20306.99,7001.42624987089,71172903.134025,32067599.9419118,103240503.075937,0.689389348303301,0.310610651696699,0.4335,0.5665,1.59028684729712,0.548297708202469,0.13316025594692
396,2012,贵州,0.363,3587.0,1302.081,2284.919,18700.51,4752.99889400126,24349578.76131,10860217.4798825,35209796.2411925,0.691556934738039,0.308443065261961,0.363,0.637,1.90511552269432,0.484212033378274,0.222045039207336
397,2012,云南,0.3847,4631.0,1781.5457,2849.4543,21074.5,5416.54000532981,37545184.85465,15434183.2093091,52979368.063959,0.708675588756057,0.291324411243943,0.3847,0.6153,1.8421512574891,0.473467270021036,0.2151387992241
398,2012,西藏,0.2287,315.0,72.0405,242.9595,18028.32,5719.38050778056,1298769.18696,1389577.82848011,2688347.01544011,0.483110691997989,0.516889308002011,0.2287,0.7713,2.11242104065583,0.670153387789461,0.154402689825434
399,2012,陕西,0.4971,3787.0,1882.5177,1904.4823,20733.88,5762.51543521732,39031896.089676,10974608.6498482,50006504.7395242,0.780536378076949,0.219463621923051,0.4971,0.5029,1.57017979898803,0.436396146198152,0.170190012364672
400,2012,甘肃,0.3878,2550.0,988.89,1561.11,17156.89,4506.66398937397,16966276.9521,7035398.2204516,24001675.1725516,0.706878867001029,0.293121132998971,0.3878,0.6122,1.82279233367981,0.478799629204461,0.208512741126575
401,2012,青海,0.4785,571.0,273.2235,297.7765,17566.28,5364.38121473941,4799520.50358,1597386.66279085,6396907.16637085,0.750287659138081,0.249712340861919,0.4785,0.5215,1.56799928764489,0.478834785928896,0.153591658114704
402,2012,宁夏,0.5115,659.0,337.0785,321.9215,19831.41,6180.32342848526,6684741.935685,1989578.98858312,8674320.92426812,0.770635764349359,0.229364235650641,0.5115,0.4885,1.50661928514049,0.469527606244915,0.142453311052789
403,2012,新疆,0.4422,2253.0,996.2766,1256.7234,17920.68,6393.6781021749,17853954.140088,8035084.88307079,25889039.0231588,0.6896337142571,0.3103662857429,0.4422,0.5578,1.55955159262121,0.556411412231803,0.124520677746923
404,2013,北京,0.8639,2125.0,1835.7875,289.2125,40320.9959358063,18337.451664942,74020780.326504,5303420.23964704,79324200.5661511,0.93314246848004,0.0668575315199596,0.8639,0.1361,1.08015102266471,0.491238291843935,0.0244220251817434
405,2013,天津,0.8229,1410.0,1160.289,249.711,32293.5726846756,15841.0463589461,37469877.1567296,3955683.52733879,41425560.6840684,0.90451104434031,0.0954889556596897,0.8229,0.1771,1.09917492324743,0.539181003160303,0.0265465040684461
406,2013,河北,0.4802,7288.0,3499.6976,3788.3024,22580.345389949,9101.89526384705,79024380.5683756,34480731.6725804,113505112.240956,0.696218690138093,0.303781309861907,0.4802,0.5198,1.44985149966283,0.584419603428063,0.095446291950777
407,2013,山西,0.5288,3535.0,1869.308,1665.692,22455.6342156523,7153.50412616484,41976496.6843926,11915534.5949198,53892031.2793123,0.778899879776961,0.22110012022304,0.5288,0.4712,1.47295741258881,0.469227759386756,0.134347124694556
408,2013,内蒙古,0.5982,2455.0,1468.581,986.419,25496.6668375088,8595.72624566525,37443920.4808955,8478987.68752287,45922908.1684184,0.815364748756178,0.184635251243822,0.5982,0.4018,1.3630303389438,0.459520286818869,0.108959715424948
409,2013,辽宁,0.6645,4365.0,2900.5425,1464.4575,25578.1706164722,10522.6920679225,74190570.9453288,15410035.3190596,89600606.2643884,0.828014162386485,0.171985837613515,0.6645,0.3355,1.24607097424603,0.512625447432236,0.0672366646303074
410,2013,吉林,0.5574,2668.0,1487.1432,1180.8568,22274.5969404952,9621.20975015412,33125515.3727982,11361270.9576958,44486786.330494,0.744614707088696,0.255385292911304,0.5574,0.4426,1.33587137977879,0.577011506803668,0.0751937520162866
411,2013,黑龙江,0.5804,3666.0,2127.7464,1538.2536,19596.9649122831,9634.13606230616,41697371.5430367,14819744.4807323,56517116.023769,0.737783073104798,0.262216926895202,0.5804,0.4196,1.27116311699655,0.624921179445191,0.0537420271834608
412,2013,上海,0.896,2448.0,2193.408,254.592,43851.3575579343,19595.0025927726,96183918.4784335,4988730.90009916,101172649.378533,0.950690913693146,0.0493090863068541,0.896,0.104,1.06103896617539,0.474125829873597,0.0195285816547244
413,2013,江苏,0.6439,8192.0,5274.8288,2917.1712,32537.5287715054,13597.7733706964,171629893.844765,39667032.8611225,211296926.705888,0.812268765667678,0.187731234332322,0.6439,0.3561,1.26148278563081,0.52718684170829,0.0684945754788549
414,2013,浙江,0.6394,5784.0,3698.2896,2085.7104,37850.8359474466,16105.9717098614,139983352.935748,33592392.6973637,173575745.633112,0.806468394677859,0.193531605322141,0.6394,0.3606,1.26128932542674,0.536693303721966,0.0667688857999064
415,2013,安徽,0.4787,5988.0,2866.4556,3121.5444,23114.2150794044,8097.86342008983,66255871.2539632,25277840.2109463,91533711.4649094,0.723841196796256,0.276158803203744,0.4787,0.5213,1.51209775808702,0.529750245930835,0.123849446865485
416,2013,福建,0.608,3885.0,2362.08,1522.92,30816.3743351841,11184.1520751803,72790741.4896516,17032568.8783336,89823310.3679852,0.810376963301006,0.189623036698994,0.608,0.392,1.33285684753455,0.483732236477025,0.0951325187822691
417,2013,江西,0.4904,4476.0,2195.0304,2280.9696,21872.6814457674,8781.47081664016,48011200.7029754,20030267.9760434,68041468.6790188,0.70561676041217,0.294383239587829,0.4904,0.5096,1.43885962563656,0.577675116930592,0.0951983411024743
418,2013,山东,0.5346,9746.0,5210.2116,4535.7884,28264.1028633474,10619.9490733895,147261956.602206,48169841.8156708,195431798.417877,0.753520961247703,0.246479038752297,0.5346,0.4654,1.40950422979368,0.529606873124831,0.101969972485127
419,2013,河南,0.436,9573.0,4173.828,5399.172,22398.0317207717,8475.3359865458,93485531.9410451,45759796.7491505,139245328.690196,0.671372841160362,0.328627158839638,0.436,0.564,1.53984596596413,0.582672267446166,0.112318313719261
420,2013,湖北,0.5451,5798.0,3160.4898,2637.5102,22906.4243647653,8866.95461463017,72395520.5593122,23386683.2390241,95782203.7983364,0.755834776069014,0.244165223930986,0.5451,0.4549,1.38659837840582,0.53674483167946,0.0951197400756308
421,2013,湖南,0.4763,6600.0,3143.58,3456.42,23413.9904390456,8372.13465167467,73603752.064375,28937613.6527414,102541365.717116,0.71779570663636,0.28220429336364,0.4763,0.5237,1.50702436833164,0.538866323016306,0.11991118501073
422,2013,广东,0.6809,11270.0,7673.743,3596.257,33090.0494465654,11669.30939953,253924535.310235,41965835.6132256,295890370.923461,0.858170999339208,0.141829000660792,0.6809,0.3191,1.26034806776209,0.444465686809126,0.0835637650381548
423,2013,广西,0.4511,4731.0,2134.1541,2596.8459,23305.3776910123,6790.89899142467,49737267.3513224,17634918.2031953,67372185.5545177,0.738246309540826,0.261753690459174,0.4511,0.5489,1.6365469065414,0.476869539914692,0.169819791113872
424,2013,海南,0.5228,920.0,480.976,439.024,22928.9035017146,8342.56645371202,11028252.2906407,3662586.89477446,14690839.1854151,0.750689062173478,0.249310937826522,0.5228,0.4772,1.43590103705715,0.522445385219031,0.10973236851217
425,2013,重庆,0.5829,3011.0,1755.1119,1255.8881,25216.1271103792,8331.9676748746,44257124.7633391,10464019.0524597,54721143.8157988,0.808775578820438,0.191224421179562,0.5829,0.4171,1.38750313745143,0.458461810547978,0.115746942256816
426,2013,四川,0.4496,8109.0,3645.8064,4463.1936,22367.6329824838,7895.33492093423,81548059.4803905,35238408.2889702,116786467.769361,0.69826634059554,0.30173365940446,0.4496,0.5504,1.55308349776588,0.548207956766823,0.126034107576371
427,2013,贵州,0.3789,3632.0,1376.1648,2255.8352,20667.0748029142,5433.99985534658,28441300.8627375,12258208.1504857,40699509.0132232,0.69881189115812,0.30118810884188,0.3789,0.6211,1.84431747468493,0.484926918116051,0.20976221389845
428,2013,云南,0.3999,4641.0,1855.9359,2785.0641,23235.5267829164,6141.30962285605,43123648.3118261,17103940.9576009,60227589.269427,0.716011529515373,0.283988470484627,0.3999,0.6001,1.79047644289916,0.473235244933557,0.204594079718752
429,2013,西藏,0.2393,317.0,75.8581,241.1419,20023.3502959995,6578.23556122841,1518933.30908896,1586288.22188218,3105221.53097114,0.489154572045596,0.510845427954404,0.2393,0.7607,2.04410602609944,0.671546507104515,0.146321869118027
430,2013,陕西,0.5157,3804.0,1961.7228,1842.2772,22858.3719231991,6502.59809608083,44841789.3726195,11979588.2131731,56821377.5857927,0.789171105626829,0.210828894373171,0.5157,0.4843,1.53029107160525,0.435327058379456,0.160421661344591
431,2013,甘肃,0.405,2537.0,1027.485,1509.515,18964.7782628919,5107.75902308244,19486025.1934475,7710238.86172829,27196264.0551758,0.716496396487188,0.283503603512812,0.405,0.595,1.76912690490664,0.476476644559348,0.198579681829786
432,2013,青海,0.4929,571.0,281.4459,289.5541,19498.5425405217,6196.38655478596,5487784.85400542,1794189.13212315,7281973.98612856,0.753612257398763,0.246387742601237,0.4929,0.5071,1.52893539744119,0.485876045358385,0.142119317171688
433,2013,宁夏,0.5284,666.0,351.9144,314.0856,21833.325628307,6930.96527637844,7683461.68849028,2176916.38741049,9860378.07590077,0.779225870382093,0.220774129617907,0.5284,0.4716,1.47468938376626,0.468138527603705,0.135122664511007
434,2013,新疆,0.4494,2285.0,1026.879,1258.121,19873.7749768968,7296.45758414993,20407962.1745008,9179826.51222829,29587788.6867291,0.689742731049526,0.310257268950474,0.4494,0.5506,1.53480803526819,0.563489409644885,0.117523791330536
435,2014,北京,0.865,2171.0,1877.915,293.085,48531.8451860488,18867.2993735765,91138680.0525588,5529722.43690467,96668402.4894635,0.942797001972724,0.0572029980272757,0.865,0.135,1.08993873060431,0.423725911313153,0.0320766664134626
436,2014,天津,0.8255,1429.0,1179.6395,249.3605,31506.0338190399,17014.1765821485,37165761.9812753,4242663.57961284,41408425.5608882,0.897541055421817,0.102458944578183,0.8255,0.1745,1.08726960075326,0.587157275519671,0.0205413488979783
437,2014,河北,0.4936,7323.0,3614.6328,3708.3672,24141.3351973245,10186.1399099418,87262062.0400436,37773947.1366391,125036009.176683,0.697895451195483,0.302104548804517,0.4936,0.5064,1.41388867746249,0.596572963674006,0.0856585572844297
438,2014,山西,0.543,3528.0,1915.704,1612.296,24069.428331531,8809.43650816007,46109900.1324273,14203419.2443604,60313319.3767877,0.764506092665382,0.235493907334618,0.543,0.457,1.40793018907069,0.515303954780345,0.105421268619401
439,2014,内蒙古,0.6097,2449.0,1493.1553,955.8447,28349.6366295837,9976.30057162024,42330410.186537,9535794.02699018,51866204.2135272,0.81614629079598,0.18385370920402,0.6097,0.3903,1.3386030683877,0.471057415331849,0.0996094252269588
440,2014,辽宁,0.6705,4358.0,2922.039,1435.961,29081.7458728263,11191.4868027283,84977995.6284875,16070538.5807325,101048534.20922,0.84096218013951,0.15903781986049,0.6705,0.3295,1.25423143943253,0.482664096693446,0.074648658224733
441,2014,吉林,0.5681,2642.0,1500.9202,1141.0798,23217.8150849139,10780.1174952277,34848087.660812,12300974.3154309,47149061.9762429,0.739104580243207,0.260895419756793,0.5681,0.4319,1.30101140687063,0.604064412495468,0.0629787197254201
442,2014,黑龙江,0.5922,3608.0,2136.6576,1471.3424,22609.0276008063,10453.2028321251,48307750.6518726,15380240.5427057,63687991.1945783,0.758506427126641,0.241493572873359,0.5922,0.4078,1.28082814442189,0.592186299346148,0.0612088481436433
443,2014,上海,0.893,2467.0,2203.031,263.969,48841.4019544834,21191.6437098125,107599122.589188,5593936.9984355,113193059.587623,0.950580565462097,0.0494194345379031,0.893,0.107,1.0644799165309,0.46186387418601,0.0212225234368248
444,2014,江苏,0.657,8281.0,5440.617,2840.383,34346.2556859328,14958.4417570054,186864822.571233,42487703.6730883,229352526.244321,0.81474935389276,0.18525064610724,0.657,0.343,1.24010556148061,0.54008934725143,0.0612129825944509
445,2014,浙江,0.6496,5890.0,3826.144,2063.856,40392.7242962883,19373.2820298109,154548379.709898,39983664.3569174,194532044.066815,0.794462323424801,0.205537676575199,0.6496,0.3504,1.22300234517365,0.586580127212326,0.0502889849155272
446,2014,安徽,0.4931,5997.0,2957.1207,3039.8793,24838.5217433213,9916.42069499227,73450506.8045755,30144722.0007986,103595228.805374,0.709014378862641,0.290985621137359,0.4931,0.5069,1.43787138280803,0.574049361091653,0.0959797381477617
447,2014,福建,0.6199,3945.0,2445.5055,1499.4945,30722.387162255,12650.1899063295,75131766.778424,18968890.1884966,94100656.9669206,0.798419152427759,0.201580847572241,0.6199,0.3801,1.28798056529724,0.530336352465776,0.0742089448286521
448,2014,江西,0.5055,4480.0,2264.64,2215.36,24309.1928115843,10116.5792418811,55051570.4088263,22411864.9892937,77463435.39812,0.710678142866904,0.289321857133096,0.5055,0.4945,1.40589147945975,0.585079589753481,0.0870292111000179
449,2014,山东,0.5477,9808.0,5371.8416,4436.1584,29221.938361641,11882.2596500065,156975624.123699,52711585.9573574,209687210.081056,0.748618020445876,0.251381979554124,0.5477,0.4523,1.36683954801146,0.555785937550572,0.0862892594551825
450,2014,河南,0.4505,9645.0,4345.0725,5299.9275,23672.0613411874,9966.07162044753,102856822.751906,52819457.0481794,155676279.800086,0.660709665492981,0.339290334507019,0.4505,0.5495,1.46661412984014,0.61745283804735,0.0894333022431488
451,2014,湖北,0.5573,5816.0,3241.2568,2574.7432,24852.2788359212,10849.0565509695,80552617.7724257,27933534.5810242,108486152.35345,0.742515206088089,0.257484793911911,0.5573,0.4427,1.33234381139079,0.581623659164018,0.0735178919851787
452,2014,湖南,0.4898,6611.0,3238.0678,3372.9322,26570.1569340772,10060.1653394991,86035969.6091821,33932255.6109204,119968225.220103,0.717156309108801,0.282843690891199,0.4898,0.5102,1.46418192958106,0.554378069171304,0.106597451088122
453,2014,广东,0.6862,11489.0,7883.7518,3605.2482,32148.1060962513,12245.5550239569,253447689.302912,44148265.2081216,297595954.511034,0.85165031802714,0.14834968197286,0.6862,0.3138,1.24111092688304,0.472752332609496,0.0728211799342509
454,2014,广西,0.4654,4770.0,2219.958,2550.042,24668.9997766402,8683.18217179912,54764143.4061506,22142479.231739,76906622.6378896,0.712086183578811,0.287913816421189,0.4654,0.5346,1.53005196299702,0.538559327387184,0.124673804392584
455,2014,海南,0.533,936.0,498.888,437.112,24486.5309834892,9912.56945113405,12216036.469291,4332903.05792411,16548939.5272151,0.738176391858913,0.261823608141087,0.533,0.467,1.38494632618933,0.560650124499116,0.0888891601339076
456,2014,重庆,0.5974,3043.0,1817.8882,1225.1118,25147.2264700688,9489.81531609137,45714846.2626657,11626084.7235643,57340930.98623,0.797246320846165,0.202753679153835,0.5974,0.4026,1.33452681761996,0.503610728151602,0.0909875547066279
457,2014,四川,0.4651,8139.0,3785.4489,4353.5511,24234.4116655221,9347.74072004996,91738126.9813978,40695866.8942883,132433993.875686,0.692708301672991,0.307291698327009,0.4651,0.5349,1.48937497672112,0.574484386477863,0.105618523807223
458,2014,贵州,0.4024,3677.0,1479.6248,2197.3752,22548.2078407234,6671.22422603493,33362887.5166888,14659182.6679284,48022070.1846171,0.694740717932978,0.305259282067022,0.4024,0.5976,1.72649283780561,0.510808704931428,0.174331400402734
459,2014,云南,0.4121,4653.0,1917.5013,2735.4987,24299.0118180727,7456.12730077999,46593386.7498698,20396226.5383182,66989613.2881879,0.695531507988052,0.304468492011949,0.4121,0.5879,1.68777361802488,0.517891634652064,0.163711340433321
460,2014,西藏,0.2623,325.0,85.2475,239.7525,22015.8067654008,7359.19504084542,1876792.4872335,1764385.40903029,3641177.8962638,0.515435537812991,0.484564462187009,0.2623,0.7377,1.9650611430156,0.656858427798576,0.144532715835046
461,2014,陕西,0.5301,3827.0,2028.6927,1798.3073,24365.7602853673,7932.20734318864,49430640.0208746,14264546.3703697,63695186.3912443,0.77604985276673,0.22395014723327,0.5301,0.4699,1.46396878469483,0.476591077321281,0.129823593940833
462,2014,甘肃,0.4228,2531.0,1070.1068,1460.8932,21803.8560101005,6276.5916255375,23332454.5826294,9169430.02492468,32501884.6075541,0.717880051091144,0.282119948908856,0.4228,0.5772,1.69791875849372,0.488773300257892,0.178090627956191
463,2014,青海,0.5084,576.0,292.8384,283.1616,22306.5704867489,7282.72504010813,6532220.41082677,2062188.07471708,8594408.48554385,0.760054682275602,0.239945317724398,0.5084,0.4916,1.4949934741849,0.488090556803088,0.133532772207897
464,2014,宁夏,0.5482,678.0,371.6796,306.3204,23284.5623941496,8410.01606017215,8654396.83683257,2576159.48355836,11230556.3203909,0.770611587701945,0.229388412298055,0.5482,0.4518,1.40571249124762,0.507721142757979,0.106942650505485
465,2014,新疆,0.4679,2325.0,1087.8675,1237.1325,23214.0266171806,8723.82882287244,25253785.1009657,10792532.1612122,36046317.262178,0.700592654647235,0.299407345352765,0.4679,0.5321,1.49731279044077,0.562689993145583,0.110642519214235
466,2015,北京,0.8671,2188.0,1897.2148,290.7852,52859.1742737349,20568.7207973434,100285207.747909,5981079.59079966,106266287.338709,0.943716114107423,0.0562838858925768,0.8671,0.1329,1.08835902907095,0.423505537190194,0.0315469881299117
467,2015,天津,0.8288,1439.0,1192.6432,246.3568,34101.3472975577,18481.6288776037,40670739.9652706,4553074.94907404,45223814.9143446,0.899321298795829,0.100678701204171,0.8288,0.1712,1.08508843966678,0.588076525725299,0.0199897810214182
468,2015,河北,0.5167,7345.0,3795.1615,3549.8385,26152.1620241461,11050.5136622585,99251678.4558014,39227538.8430612,138479217.298863,0.71672616578702,0.28327383421298,0.5167,0.4833,1.38712244201088,0.586124217283219,0.0832037682824626
469,2015,山西,0.5587,3519.0,1966.0653,1552.9347,25827.717192732,9453.90922801357,50778978.5508438,14681303.6908325,65460282.2416763,0.775721961652567,0.224278038347433,0.5587,0.4413,1.38844095516837,0.508221251637057,0.102777612308661
470,2015,内蒙古,0.6209,2440.0,1514.996,925.004,30594.0958452009,10775.8902514869,46349932.829096,9967741.58618639,56317674.4152824,0.823008643562144,0.176991356437856,0.6209,0.3791,1.32550916985367,0.466872478074008,0.0971069295214032
471,2015,辽宁,0.6805,4338.0,2952.009,1385.991,31125.7339978765,12056.8743575302,91883446.8933374,16710719.3476676,108594166.241005,0.846117706630932,0.153882293369068,0.6805,0.3195,1.24337649762077,0.481634721029946,0.0718887011106154
472,2015,吉林,0.5764,2613.0,1506.1332,1106.8668,24900.856242399,11326.1725246481,37504006.2951044,12536564.3386052,50040570.6337095,0.749471994826534,0.250528005173466,0.5764,0.4236,1.30026369678441,0.591425885678625,0.0652046350172158
473,2015,黑龙江,0.6047,3529.0,2133.9863,1395.0137,24202.6249808147,11095.2181571742,51648070.1330963,15477981.3337468,67126051.4668431,0.769419159990483,0.230580840009517,0.6047,0.3953,1.27239814782617,0.583305944876087,0.0610626187813693
474,2015,上海,0.8853,2458.0,2176.0674,281.9326,52961.8649458039,23205.199313012,115248587.751767,6542302.17583569,121790889.927602,0.946282499621074,0.0537175003789258,0.8853,0.1147,1.06888342891796,0.46833043050502,0.0222871255165198
475,2015,江苏,0.6749,8315.0,5611.7935,2703.2065,37173.4833783378,16256.7002060062,208609912.394914,43945217.6654273,252555130.060341,0.825997525154497,0.174002474845503,0.6749,0.3251,1.22388135302192,0.535227544895426,0.0581114428721311
476,2015,浙江,0.6632,5985.0,3969.252,2015.748,43714.4793780758,21124.9978495466,173513784.700386,42582672.1652279,216096456.865614,0.802945995585161,0.197054004414839,0.6632,0.3368,1.21071470986906,0.585077210257837,0.0479087859334304
477,2015,安徽,0.5097,6011.0,3063.8067,2947.1933,26935.7633973873,10820.7272573334,82525972.36653,31890774.8739404,114416747.24047,0.721275288425082,0.278724711574918,0.5097,0.4903,1.4150976818228,0.568477894299241,0.0930040183647245
478,2015,福建,0.6322,3984.0,2518.6848,1465.3152,33275.3449652886,13792.704929342,83810105.5788289,20210660.1820798,104020765.760909,0.805705523947652,0.194294476052348,0.6322,0.3678,1.27444720649739,0.528261218195617,0.0714018627981086
479,2015,江西,0.523,4485.0,2345.655,2139.345,26500.1177097501,11139.0823075655,62160133.6064639,23830340.0392787,85990473.6457426,0.722872324933885,0.277127675066115,0.523,0.477,1.38216505723496,0.580980450872359,0.0834675550337455
480,2015,山东,0.5697,9866.0,5620.6602,4245.3398,31545.267012219,12930.3679510726,177305226.793952,54893805.691333,232199032.485285,0.763591583032063,0.236408416967937,0.5697,0.4303,1.34033979819565,0.549403711289652,0.0820835185591345
481,2015,河南,0.4702,9701.0,4561.4102,5139.5898,25575.6137468047,10852.8597850464,116660865.415935,55779247.4520547,172440112.86799,0.676529744011731,0.323470255988269,0.4702,0.5298,1.43881272652431,0.610551634556944,0.0865361168493221
482,2015,湖北,0.5718,5850.0,3345.03,2504.97,27051.4658207533,11843.8856860307,90487964.7143944,29668578.3269363,120156543.041331,0.753083955513508,0.246916044486492,0.5718,0.4282,1.317040845599,0.576637189365932,0.0714522073925195
483,2015,湖南,0.5079,6615.0,3359.7585,3255.2415,28838.0682521647,10992.5476804517,96888944.9337905,35783397.4001351,132672342.333926,0.730287437678072,0.269712562321928,0.5079,0.4921,1.43785673888181,0.548084865519058,0.103021588982851
484,2015,广东,0.6951,11678.0,8117.3778,3560.6222,34757.1584254654,13360.4436942153,282136986.193956,47571492.419473,329708478.613429,0.855716502591828,0.144283497408172,0.6951,0.3049,1.23106963399774,0.473215799961207,0.0699358118397902
485,2015,广西,0.4799,4811.0,2308.7989,2502.2011,26415.8716987881,9466.5755927019,60988935.5207031,23687275.8612918,84676211.3819949,0.720260561086835,0.279739438913165,0.4799,0.5201,1.50085551382962,0.537857025405048,0.118967292899861
486,2015,海南,0.5491,945.0,518.8995,426.1005,26356.4244939588,10857.5541159031,13676335.491703,4626409.23756337,18302744.7292663,0.74722866400657,0.25277133599343,0.5491,0.4509,1.36082437444285,0.560592894197007,0.0839201643512018
487,2015,重庆,0.6147,3070.0,1887.129,1182.871,27238.8424352384,10504.7139052849,51403209.485969,12425721.4418583,63828930.9278273,0.805327752459018,0.194672247540982,0.6147,0.3853,1.31011510079554,0.505248501274286,0.084627407931522
488,2015,四川,0.4827,8196.0,3956.2092,4239.7908,26205.252940432,10247.3547107899,103673462.771264,43446640.2271437,147120102.998408,0.704685903954174,0.295314096045826,0.4827,0.5173,1.45988378693634,0.57087588642147,0.101074531787792
489,2015,贵州,0.4296,3708.0,1592.9568,2115.0432,24579.6354308824,7386.86573434666,39154297.401145,15623540.1407429,54777837.541888,0.714783554045999,0.285216445954001,0.4296,0.5704,1.66383508856145,0.500028832317673,0.166233813889254
490,2015,云南,0.4293,4663.0,2001.8259,2661.1741,26373.2329205527,8242.07673336673,52794620.727095,21933601.1330482,74728221.8601432,0.706488384346977,0.293511615653023,0.4293,0.5707,1.64567524888651,0.514301061245878,0.156768233107686
491,2015,西藏,0.2887,330.0,95.271,234.729,25456.63345658,8243.67651248448,2425278.92604183,1935029.94409897,4360308.8701408,0.556217230997105,0.443782769002895,0.2887,0.7113,1.92662705575721,0.623903794464916,0.155392478910691
492,2015,陕西,0.5474,3846.0,2105.3004,1740.6996,26420.2113146678,8688.90501464788,55622481.4488546,15124773.4834356,70747254.9322902,0.786213988119949,0.213786011880051,0.5474,0.4526,1.43626961658741,0.472350887936479,0.124301553259139
493,2015,甘肃,0.4424,2523.0,1116.1752,1406.8248,23767.0843280591,6936.20970012844,26528230.1032882,9758031.82414125,36286261.9274295,0.731081921757144,0.268918078242856,0.4424,0.5576,1.6525359895053,0.482277758685179,0.17112605025363
494,2015,青海,0.5167,577.0,298.1359,278.8641,24542.3489447427,7933.41191960776,7316955.29075492,2212343.77489069,9529299.06564561,0.767837722412713,0.232162277587287,0.5167,0.4833,1.48604165359534,0.480368875620292,0.133931179979686
495,2015,宁夏,0.5698,684.0,389.7432,294.2568,25186.0131896961,9118.69161657525,9816077.37579436,2683237.01528026,12499314.3910746,0.78532926436379,0.21467073563621,0.5698,0.4302,1.37825423721269,0.499002174886588,0.102720240385613
496,2015,新疆,0.4878,2385.0,1163.403,1221.597,26274.6557853125,9425.07564755213,30568013.3645999,11513644.1358227,42081657.5004227,0.726397560844482,0.273602439155518,0.4878,0.5122,1.4891298910301,0.53417110338836,0.117686265835008
497,2016,北京,0.8676,2195.0,1904.382,290.618,57275.310785,22309.523199,109074070.90336,6483549.01304698,115557619.916407,0.943893366636167,0.0561066333638328,0.8676,0.1324,1.08793610723394,0.423766113019885,0.0313819448279508
498,2016,天津,0.8327,1443.0,1201.5861,241.4139,37109.572858,20075.6406,44590346.9231101,4846538.69224434,49436885.6153544,0.901965129236639,0.0980348707633612,0.8327,0.1673,1.08318137292739,0.585982491113934,0.0196729592883113
499,2016,河北,0.5387,7375.0,3972.9125,3402.0875,28249.39182,11919.354067,112232361.879076,40550685.4794149,152783047.358491,0.734586485997582,0.265413514002418,0.5387,0.4613,1.36362815295634,0.575359882944761,0.0811213410981341
500,2016,山西,0.5727,3514.0,2012.4678,1501.5322,27352.330971,10082.451579,55045685.3340802,15139125.7008093,70184811.0348896,0.784296267560177,0.215703732439823,0.5727,0.4273,1.36947139437782,0.50480630105271,0.0991513520579903
501,2016,内蒙古,0.634,2436.0,1544.424,891.576,32974.946429,11609.001521,50927298.6636619,10350307.1400871,61277605.803749,0.831091521864683,0.168908478135317,0.634,0.366,1.31086990830392,0.46149857414021,0.0943560438669245
502,2016,辽宁,0.6887,4327.0,2980.0049,1346.9951,32876.090384,12880.708763,97970910.4371629,17350251.5882881,115321162.025451,0.849548415194958,0.150451584805041,0.6887,0.3113,1.233553673871,0.483300947012661,0.0689237912932342
503,2016,吉林,0.5875,2567.0,1508.1125,1058.8875,26530.416606,12122.941413,40010852.9137162,12836831.125458,52847684.0391742,0.757097565222678,0.242902434777322,0.5875,0.4125,1.288676706762,0.588854387338963,0.0633765837906503
504,2016,黑龙江,0.6109,3463.0,2115.5467,1347.4533,25736.432322,11831.850736,54446624.4685804,15942866.3193306,70389490.7879111,0.773505019842128,0.226494980157872,0.6109,0.3891,1.26617289219533,0.582099666301393,0.0599868048087177
505,2016,上海,0.89,2467.0,2195.63,271.37,57691.669364,25520.404908,126669560.005679,6925472.27988396,133595032.285563,0.948160705069627,0.0518392949303726,0.89,0.11,1.06534910681981,0.471266317548842,0.0210206299503226
506,2016,江苏,0.6893,8381.0,5777.0233,2603.9767,40151.594436,17605.643728,231956696.588922,45844686.0562131,277801382.645136,0.834973153770169,0.165026846229831,0.6893,0.3107,1.21133491044562,0.531145304891634,0.055667815386942
507,2016,浙江,0.6772,6072.0,4111.9584,1960.0416,47237.178335,22866.068862,194237312.246901,44818446.1979847,239055758.444886,0.812518859660444,0.187481140339556,0.6772,0.3228,1.19982111586008,0.580796593369133,0.0461498169238636
508,2016,安徽,0.5262,6033.0,3174.5646,2858.4354,29155.98415,11720.473908,92557555.1607511,33502217.5234035,126059772.684155,0.734235459813623,0.265764540186377,0.5262,0.4738,1.39535435160324,0.560921359616667,0.0909510708847089
509,2016,福建,0.6439,4016.0,2585.9024,1430.0976,36014.260499,14999.188504,93129362.6585893,21450303.481518,114579666.140107,0.812791359897238,0.187208640102762,0.6439,0.3561,1.26229439337978,0.525719292622191,0.0689514288585914
510,2016,江西,0.5399,4496.0,2427.3904,2068.6096,28673.276314,12137.724504,69601235.661151,25108213.4311296,94709449.0922806,0.734892202712896,0.265107797287104,0.5399,0.4601,1.36116355383015,0.576196038441869,0.0804407073372403
511,2016,山东,0.5913,9973.0,5897.0349,4075.9651,34012.084263,13954.064255,200570447.920652,56876278.9065375,257446726.827189,0.779075540763369,0.220924459236631,0.5913,0.4087,1.31756391131975,0.540554096492858,0.0789529518456322
512,2016,河南,0.4878,9778.0,4769.7084,5008.2916,27232.920142,11696.737476,129893087.957827,58580672.048456,188473760.006283,0.689183937082259,0.310816062917741,0.4878,0.5122,1.41284119943062,0.606825581643384,0.0829269019875696
513,2016,湖北,0.5857,5885.0,3446.8445,2438.1555,29385.796965,12724.969248,101288272.646927,31025453.7593421,132313726.406269,0.76551598536286,0.23448401463714,0.5857,0.4143,1.30701038989732,0.565976380973062,0.0714920864446204
514,2016,湖南,0.527,6625.0,3491.375,3133.625,31283.893426,11930.409904,109223803.410201,37385430.735422,146609234.145623,0.74499948142224,0.25500051857776,0.527,0.473,1.41366125507066,0.539113147098858,0.100359214063115
515,2016,广东,0.7015,11908.0,8353.462,3554.538,37684.252344,14512.152965,314793969.954015,51583999.1759052,366377969.12992,0.859205510368411,0.140794489631589,0.7015,0.2985,1.22481184656937,0.471673332099126,0.0684332702723826
516,2016,广西,0.4924,4857.0,2391.5868,2465.4132,28324.434878,10359.471865,67740344.5716844,25540378.6809996,93280723.252684,0.726198749426348,0.273801250573652,0.4924,0.5076,1.47481468201939,0.539403566929968,0.11313658356935
517,2016,海南,0.567,957.0,542.619,414.381,28453.471222,11842.864839,15439394.1010104,4907458.17484966,20346852.2758601,0.758809957023575,0.241190042976425,0.567,0.433,1.33828916582641,0.557020884472113,0.0799782262047216
518,2016,重庆,0.6333,3110.0,1969.563,1140.437,29609.963736,11548.793718,58318689.0057674,13170671.6613748,71489360.6671421,0.815767387783784,0.184232612216216,0.6333,0.3667,1.28812156605682,0.502406905416459,0.0797244890885916
519,2016,四川,0.5,8251.0,4125.5,4125.5,28335.297947,11203.132562,116897271.680349,46218523.384531,163115795.06488,0.716652066918795,0.283347933081205,0.5,0.5,1.43330413383759,0.56669586616241,0.0970596008861223
520,2016,贵州,0.4556,3758.0,1712.1448,2045.8552,26742.611493,8090.282179,45787223.2061602,16551545.8653745,62338769.0715347,0.734490332229991,0.265509667770009,0.4556,0.5444,1.61213856942491,0.48771063146585,0.160119671524298
521,2016,云南,0.4464,4677.0,2087.8128,2589.1872,28610.573071,9019.814185,59733520.6729691,23353987.4341804,83087508.1071495,0.718923000987547,0.281076999012453,0.4464,0.5536,1.6104905936101,0.507725793013824,0.152076883436283
522,2016,西藏,0.3157,340.0,107.338,232.662,27802.393074,9093.846033,2984253.26777701,2115792.40572985,5100045.67350686,0.585142459268409,0.414857540731591,0.3157,0.6843,1.85347627262721,0.606250972865105,0.15344961154498
523,2016,陕西,0.5639,3874.0,2184.5486,1689.4514,28440.090127,9396.445563,62128759.0708117,15874838.1114341,78003597.1822458,0.796485820078982,0.203514179921017,0.5639,0.4361,1.4124593369019,0.466668607936293,0.119946895213519
524,2016,甘肃,0.4607,2520.0,1160.964,1359.036,25693.492311,7456.852912,29829219.6073478,10134131.5541128,39963351.1614606,0.746414370677556,0.253585629322444,0.4607,0.5393,1.6201744533917,0.470212552053485,0.168821963643051
525,2016,青海,0.5355,582.0,311.661,270.339,26757.405242,8664.364354,8339239.67512696,2342315.59509601,10681555.270223,0.780713993810837,0.219286006189163,0.5355,0.4645,1.45791595482883,0.4720904331306,0.129742687126704
526,2016,宁夏,0.5874,695.0,408.243,286.757,27153.008068,9851.625247,11085025.4727045,2825022.50095398,13910047.9736585,0.796907781604799,0.203092218395201,0.5874,0.4126,1.35666969970173,0.492225444486673,0.0991276178325433
527,2016,新疆,0.5042,2428.0,1224.1976,1203.8024,28463.427385,10183.180771,34844859.4924913,12258537.4517637,47103396.9442549,0.739752581618027,0.260247418381973,0.5042,0.4958,1.46718084414523,0.524904030621163,0.115838973767825
528,2017,北京,0.8693,2194.0,1907.2442,286.7558,62406.3422178236,24240.4948005553,119024134.238159,6951102.47892908,125975236.717088,0.944821675592167,0.0551783244078332,0.8693,0.1307,1.08687642424039,0.422175397152511,0.03112895700383
529,2017,天津,0.8357,1410.0,1178.337,231.663,40277.5393126148,21753.6753384205,47460514.8410086,5039521.68992451,52500036.5309331,0.904009177461139,0.0959908225388608,0.8357,0.1643,1.08173887454965,0.584241159700918,0.0194383886106482
530,2017,河北,0.5574,7409.0,4129.7766,3279.2234,30547.7581097804,12880.9386407945,126155416.624231,42239475.4048575,168394892.029089,0.749164152808382,0.250835847191618,0.5574,0.4426,1.34403328455038,0.566732596456434,0.0790675411474828
531,2017,山西,0.5859,3510.0,2056.509,1453.491,29131.8079614008,10787.5058994835,59909825.2588924,15679542.7373462,75589367.9962386,0.792569469053817,0.207430530946183,0.5859,0.4141,1.35273846911387,0.500918934909884,0.0960608255107322
532,2017,内蒙古,0.646,2433.0,1571.718,861.282,35670.0204880806,12584.2874231023,56063213.2614851,10838620.2403444,66901833.5018295,0.837992179391496,0.162007820608504,0.646,0.354,1.29720151608591,0.457649210758486,0.0914195421974435
533,2017,辽宁,0.6949,4312.0,2996.4088,1315.5912,34993.3903147476,13746.8022120025,104854502.680944,18085172.018251,122939674.699196,0.852893933040727,0.147106066959272,0.6949,0.3051,1.22736211403184,0.482156889410922,0.0674182538399572
534,2017,吉林,0.5971,2526.0,1508.2746,1017.7254,28318.7493691352,12950.4410346707,42712450.3772326,13179992.7821867,55892443.1594193,0.764190075846318,0.235809924153682,0.5971,0.4029,1.27983600041252,0.585281519368782,0.0622356132620686
535,2017,黑龙江,0.619,3399.0,2103.981,1295.019,27445.9926407321,12664.8236289515,57745847.0422402,16401187.2311411,74147034.2733813,0.778801844310189,0.221198155689811,0.619,0.381,1.25816129937026,0.580572587112365,0.0585785264661916
536,2017,上海,0.891,2466.0,2197.206,268.794,62595.7375781593,27825.0386631685,137535730.181157,7479203.44242771,145014933.623585,0.948424598380733,0.0515754016192668,0.891,0.109,1.06444960536558,0.473168822195109,0.0206425441002424
537,2017,江苏,0.7018,8423.0,5911.2614,2511.7386,43621.7530357611,19158.033363326,257859584.920627,48119971.8987538,305979556.819381,0.842734683326707,0.157265316673293,0.7018,0.2982,1.20081887051397,0.527382014330291,0.0536004942123993
538,2017,浙江,0.6891,6170.0,4251.747,1918.253,51260.7310230297,24955.7717625927,217947659.344973,47871484.0509087,265819143.395882,0.819909569193013,0.180090430806987,0.6891,0.3109,1.18982668581195,0.579255165027299,0.0441749868572813
539,2017,安徽,0.5429,6057.0,3288.3453,2768.6547,31640.3167243844,12758.2244866007,104044286.791141,35323118.1884821,139367404.979623,0.746546775455518,0.253453224544482,0.5429,0.4571,1.37510918300887,0.554480911276486,0.0883327138481564
540,2017,福建,0.6578,4065.0,2673.957,1391.043,39001.3587612981,16334.7874822876,104287956.269284,22722391.7837238,127010348.053008,0.821098106319333,0.178901893680667,0.6578,0.3422,1.24824886944259,0.522799221743621,0.0660434449118528
541,2017,江西,0.557,4511.0,2512.627,1998.373,31198.0646442771,13241.8220260911,78389099.5729561,26462099.6077457,104851199.180702,0.747622346577642,0.252377653422358,0.557,0.443,1.34223042473544,0.569701249260401,0.0780511581113405
542,2017,山东,0.6079,10033.0,6099.0607,3933.9393,36789.3548470469,15117.5448519082,224380508.325978,59471503.8124343,283852012.138413,0.790484121058706,0.209515878941294,0.6079,0.3921,1.30035223072661,0.534342971031099,0.0763016926880699
543,2017,河南,0.5056,9829.0,4969.5424,4859.4576,29557.8588948447,12719.1833338518,146889033.031148,61808332.1174795,208697365.148627,0.703837506173297,0.296162493826703,0.5056,0.4944,1.39208367518453,0.599034170361454,0.0810661112816278
544,2017,湖北,0.5988,5904.0,3535.3152,2368.6848,31889.4151808686,13812.0877019639,112739134.208036,32716482.1959088,145455616.403944,0.775075840969578,0.224924159030422,0.5988,0.4012,1.29438183194652,0.560628512039935,0.0698324368224099
545,2017,湖南,0.5462,6633.0,3622.9446,3010.0554,33947.9351117875,12935.7774834709,122991488.194401,38937406.86732,161928895.061721,0.759540094110575,0.240459905889425,0.5462,0.4538,1.39058969994613,0.529880797464577,0.0977247038517612
546,2017,广东,0.7074,12141.0,8588.5434,3552.4566,40975.1401401831,15779.7408027927,351916769.415045,56056844.3611702,407973613.776215,0.862596887474397,0.137403112525603,0.7074,0.2926,1.21939056753519,0.469593686006846,0.0672358378178528
547,2017,广西,0.5059,4907.0,2482.4513,2424.5487,30502.0682234023,11325.4570942003,75719898.9138737,27459122.2746491,103179021.188523,0.733869133876766,0.266130866123234,0.5059,0.4941,1.45062094065382,0.538617417776228,0.108324816887178
548,2017,海南,0.5804,972.0,564.1488,407.8512,30817.3741801636,12901.7571300443,17385584.6628903,5261997.12759712,22647581.7904874,0.767657440150749,0.232342559849251,0.5804,0.4196,1.32263514843341,0.553723927190779,0.0773218926814143
549,2017,重庆,0.65,3144.0,2043.6,1100.4,32193.2278614704,12637.9101810187,65790080.4577009,13906756.363193,79696836.8208939,0.825504287021501,0.174495712978499,0.65,0.35,1.27000659541769,0.498559179938569,0.0758589918350621
550,2017,四川,0.5178,8289.0,4292.0442,3996.9558,30726.8681244003,12226.9220561176,131881076.117497,48870467.0283472,180751543.145844,0.729626280485392,0.270373719514608,0.5178,0.4822,1.40908899282617,0.560708667595621,0.0937947633732474
551,2017,贵州,0.4776,3803.0,1816.3128,1986.6872,29079.8437834037,8869.0980248926,52818092.4857966,17620123.5215994,70438216.007396,0.749849946231612,0.250150053768388,0.4776,0.5224,1.57003757586183,0.478847729265673,0.154053323611827
552,2017,云南,0.4629,4693.0,2172.3897,2520.6103,30995.875399503,9862.1677483413,67335120.4603637,24858681.6067969,92193802.0671606,0.730364937236366,0.269635062763634,0.4629,0.5371,1.57780284561755,0.502020224843854,0.147261182781388
553,2017,西藏,0.3338,349.0,116.4962,232.5038,30671.1296662108,10330.2050987403,3573070.05582083,2401811.94023649,5974881.99605732,0.598015167191353,0.401984832808647,0.3338,0.6662,1.79153734928506,0.603399628953237,0.145614242830343
554,2017,陕西,0.5807,3904.0,2267.0528,1636.9472,30810.2553835994,10264.511872786,69848475.7361041,16802463.9695238,86650939.7056279,0.806090227912064,0.193909772087936,0.5807,0.4193,1.38813540194948,0.462460701378336,0.114824493303232
555,2017,甘肃,0.4812,2522.0,1213.5864,1308.4136,27763.4044238411,8076.0607112118,33693290.0264734,10566827.6689752,44260117.6954486,0.761256223002276,0.238743776997724,0.4812,0.5188,1.58199547589833,0.460184612563076,0.163882720534586
556,2017,青海,0.5545,586.0,324.937,261.063,29168.8559909571,9462.3010034726,9478040.55913363,2470256.68686957,11948297.2460032,0.793254500117505,0.206745499882495,0.5545,0.4455,1.43057619498198,0.46407519614477,0.125326112321742
557,2017,宁夏,0.6095,705.0,429.6975,275.3025,29472.2782704112,10737.8855340917,12664164.2921,2956166.73224928,15620331.0243493,0.810748778137855,0.189251221862145,0.6095,0.3905,1.33018667454939,0.484638212194994,0.0942376465728976
558,2017,新疆,0.519,2480.0,1287.12,1192.88,30774.8029590559,11045.2972732175,39610864.38466,13175714.2112757,52786578.5959357,0.750396510595401,0.249603489404599,0.519,0.481,1.44585069478883,0.518926173398335,0.112931285955427
559,2018,北京,0.8709,2192.0,1909.0128,282.9872,67989.8888559736,26490.2916562364,129793568.096631,7496413.4629817,137289981.559613,0.945397228713832,0.0546027712861676,0.8709,0.1291,1.0855405083406,0.422949429017565,0.0306105096178163
560,2018,天津,0.8395,1383.0,1161.0285,221.9715,42976.2526372293,23065.2252822093,49896654.1350234,5119822.65372992,55016476.7887533,0.906940194055165,0.0930598059448353,0.8395,0.1605,1.08033376301985,0.579811875045703,0.0193569045316114
561,2018,河北,0.5733,7426.0,4257.3258,3168.6742,32977.1758281844,14030.8891610054,140394581.464466,44459316.4875375,184853897.952003,0.759489429327148,0.240510570672852,0.5733,0.4267,1.32476788649424,0.563652614653977,0.0757078945944021
562,2018,山西,0.5985,3502.0,2095.947,1406.053,31034.8022583685,11750.0105235793,65047300.6890207,16521137.5467102,81568438.2357309,0.797456738120147,0.202543261879853,0.5985,0.4015,1.33242562760259,0.504466405678338,0.0902798868543751
563,2018,内蒙古,0.6551,2422.0,1586.6522,835.3478,38304.6787418862,13802.5616444897,60776202.796107,11529939.5040889,72306142.3001958,0.840539971608226,0.159460028391774,0.6551,0.3449,1.28307124348684,0.462336991567914,0.0864929159397488
564,2018,辽宁,0.7026,4291.0,3014.8566,1276.1434,37341.9286846778,14656.3268620787,112580560.15173,18703574.7932844,131284134.945015,0.857533625055929,0.142466374944071,0.7026,0.2974,1.22051469549663,0.479039592952491,0.0660317322585374
565,2018,吉林,0.6085,2484.0,1511.514,972.486,30171.937267577,13748.1746271857,45605305.5870644,13369907.3504933,58975212.9375577,0.773296158088497,0.226703841911503,0.6085,0.3915,1.27082359587263,0.579064730297581,0.0614745652313871
566,2018,黑龙江,0.6346,3327.0,2111.3142,1215.6858,29191.3257577714,13803.6536536291,61632060.5892085,16780905.734835,78412966.3240435,0.78599322890697,0.214006771093029,0.6346,0.3654,1.23856481075791,0.585678081809057,0.0536754339817462
567,2018,上海,0.8913,2475.0,2205.9675,269.0325,68033.6241396677,30374.731810781,150079963.759322,8171790.03588395,158251753.795206,0.948362088634676,0.051637911365324,0.8913,0.1087,1.06402119223009,0.475049782569678,0.0204149621112085
568,2018,江苏,0.7119,8446.0,6012.7074,2433.2926,47199.9670085079,20845.071206326,283799590.911811,50722157.5128261,334521748.424637,0.848374110945875,0.151625889054125,0.7119,0.2881,1.19170404684067,0.526296039757464,0.0514641054588373
569,2018,浙江,0.7002,6273.0,4392.3546,1880.6454,55574.3095351039,27302.3703778349,244102074.128338,51346077.2601715,295448151.388509,0.826209515886758,0.173790484113242,0.7002,0.2998,1.17996217635927,0.579688072425758,0.041961230132861
570,2018,安徽,0.5565,6076.0,3381.294,2694.706,34393.0848873315,13996.0215127306,116293131.571025,37715163.1464842,154008294.717509,0.75510953344647,0.24489046655353,0.5565,0.4435,1.35689044644469,0.552176925712581,0.0850189341059738
571,2018,福建,0.6698,4104.0,2748.8592,1355.1408,42121.3110041052,17821.1877569748,115785553.269696,24150218.633937,139935771.903633,0.827419263099015,0.172580736900984,0.6698,0.3302,1.23532287712603,0.52265516929432,0.0628843377191935
572,2018,江西,0.5734,4513.0,2587.7542,1925.2458,33819.395560935,14459.8912575785,87516282.9042709,27838844.9121097,115355127.816381,0.758668336301245,0.241331663698755,0.5734,0.4266,1.32310487670255,0.565709478900036,0.0749323122209889
573,2018,山东,0.6146,10077.0,6193.3242,3883.6758,39549.4320615506,16296.9969204029,244942454.683057,63292252.5524433,308234707.235501,0.794662148464397,0.205337851535603,0.6146,0.3854,1.29297453378522,0.53279151929321,0.0748989262879882
574,2018,河南,0.5224,9864.0,5152.9536,4711.0464,31874.1879302897,13830.7440169214,164246211.442463,65157276.8102391,229403488.252702,0.715970854207481,0.284029145792519,0.5224,0.4776,1.37054145139257,0.594700891525375,0.078069213744195
575,2018,湖北,0.61,5917.0,3609.37,2307.63,34454.6273954692,14977.8199780271,124359498.482385,34563266.7158947,158922765.198279,0.782515320113063,0.217484679886937,0.61,0.39,1.28281200018535,0.557653025351121,0.0678739566173744
576,2018,湖南,0.5609,6635.0,3721.5715,2913.4285,36698.2538635505,14092.5105633042,136575175.678354,41057521.9116815,177632697.590036,0.768862813723409,0.231137186276591,0.5609,0.4391,1.37076629296382,0.526388490723277,0.0941518292031391
577,2018,广东,0.7181,12348.0,8867.0988,3480.9012,44340.9702485709,17167.7370197666,393175764.081939,59759196.39339,452934960.475329,0.868062301195129,0.131937698804871,0.7181,0.2819,1.20883205848089,0.46803014829681,0.0644619759157465
578,2018,广西,0.5182,4947.0,2563.5354,2383.4646,32436.0671108377,12434.7679231309,83151006.2754082,29637829.153998,112788835.429406,0.73722727926783,0.26277272073217,0.5182,0.4818,1.42266939264344,0.545397925969634,0.100595157962032
579,2018,海南,0.5913,982.0,580.6566,401.3434,33348.6521094129,13988.8770529691,19364114.9484345,5614343.4786206,24978458.4270551,0.77523258711036,0.22476741288964,0.5913,0.4087,1.31106475073628,0.549956968166478,0.075571816660927
580,2018,重庆,0.6661,3163.0,2106.8743,1056.1257,34889.3005247687,13781.2248458107,73507370.6206117,14554705.7371392,88062076.3577509,0.834722205753917,0.165277794246083,0.6661,0.3339,1.25314848484299,0.494991896514175,0.072137081936221
581,2018,四川,0.535,8321.0,4451.735,3869.265,33215.9125678405,13331.3770063913,147868440.535195,51582630.4526346,199451070.98783,0.74137701945064,0.25862298054936,0.535,0.465,1.38575143822549,0.556178452794323,0.0901433975797566
582,2018,贵州,0.4954,3822.0,1893.4188,1928.5812,31591.9300952405,9716.1049472091,59816754.3706141,18738297.3384145,78555051.7090286,0.761462860366741,0.238537139633259,0.4954,0.5046,1.53706673469265,0.472725207358817,0.148612710107329
583,2018,云南,0.4744,4703.0,2231.1032,2471.8968,33487.940685522,10767.9131653127,74715051.6248783,26617170.0960143,101332221.720893,0.737327676784507,0.262672323215493,0.4744,0.5256,1.55423203369415,0.499757083743328,0.14294967916805
584,2018,西藏,0.338,354.0,119.652,234.348,33797.382797912,11449.8167560486,4043924.44653577,2683241.65714648,6727166.10368224,0.601133431850634,0.398866568149366,0.338,0.662,1.7785012776646,0.60251747454587,0.144034011786494
585,2018,陕西,0.5965,3931.0,2344.8415,1586.1585,33319.2522405026,11212.8362063763,78128365.4024985,17785335.4578515,95913700.86035,0.814569396256048,0.185430603743952,0.5965,0.4035,1.36558155281819,0.459555399613264,0.109632333425418
586,2018,甘肃,0.4969,2515.0,1249.7035,1265.2965,29957.0028422371,8804.1300868357,37437371.3014536,11139834.9844179,48577206.2858716,0.770677734761831,0.229322265238169,0.4969,0.5031,1.55097149277889,0.455818456048836,0.158066718547121
587,2018,青海,0.5727,587.0,336.1749,250.8251,31514.5263193784,10393.3411635228,10594392.7339644,2606910.83667472,13201303.5706391,0.802526256386322,0.197473743613678,0.5727,0.4273,1.40130304939117,0.462143092940974,0.118348234401447
588,2018,宁夏,0.6215,710.0,441.265,268.735,31895.2167188829,11707.6420549133,14074242.8054579,3146253.18762713,17220495.993085,0.817296018134987,0.182703981865013,0.6215,0.3785,1.31503784092516,0.482705368203468,0.0907569061923932
589,2018,新疆,0.5401,2520.0,1361.052,1158.948,32763.5464744398,11974.500344438,44592890.4561292,13877823.2251857,58470713.681315,0.762653431924493,0.237346568075507,0.5401,0.4599,1.41205967769763,0.516082992118955,0.106151278449754
590,2019,北京,0.8735,2190.0,1912.965,277.035,73848.5133682903,28928.4309428525,141269621.375571,8014187.86625314,149283809.241825,0.946315759847265,0.0536842401527346,0.8735,0.1265,1.0833609156809,0.424381345080906,0.029755781416934
591,2019,天津,0.8431,1385.0,1167.6935,217.3065,46118.8889246731,24804.1099095328,53852726.8245628,5390094.31005589,59242821.1346187,0.909016920416266,0.0909830795837334,0.8431,0.1569,1.0781839881583,0.579879410986191,0.0188492225894732
592,2019,河北,0.5877,7447.0,4376.6019,3070.3981,35737.6834254187,15373.0795244486,156409613.181286,47201474.1630159,203611087.344302,0.768178271730364,0.231821728269636,0.5877,0.4123,1.3070925161313,0.562264681711463,0.0722432370514883
593,2019,山西,0.6129,3497.0,2143.3113,1353.6887,33262.3655796351,12902.3632424472,71291604.011563,17465783.3245961,88757387.3361591,0.803218821004202,0.196781178995798,0.6129,0.3871,1.31052181596378,0.508347142846289,0.0840704453375696
594,2019,内蒙古,0.6646,2415.0,1605.009,809.991,40782.4590074438,15282.8160690718,65456213.7490784,12378943.4706035,77835157.2196819,0.840959485240517,0.159040514759483,0.6646,0.3354,1.26536184959452,0.474181618245329,0.0792562055032398
595,2019,辽宁,0.7121,4277.0,3045.6517,1231.3483,39777.2041250656,16108.2943608441,121147509.364753,19834920.877125,140982430.241878,0.859309271069487,0.140690728930513,0.7121,0.2879,1.20672555971,0.48867915571557,0.0607317974017201
596,2019,吉林,0.6163,2448.0,1508.7024,939.2976,32299.1794527165,14936.045229145,48729849.5583441,14029391.4372273,62759240.9955714,0.776456961322758,0.223543038677242,0.6163,0.3837,1.25986850774421,0.582598484955021,0.058596570877434
597,2019,黑龙江,0.6462,3255.0,2103.381,1151.619,30944.6176078514,14982.1449956875,65088320.7286201,17253722.8377886,82342043.5664087,0.790462780731528,0.209537219268472,0.6462,0.3538,1.22324788104539,0.592247651974199,0.0495238091980127
598,2019,上海,0.8922,2481.0,2213.5482,267.4518,73615.3227533001,33195.2022371354,162951065.172987,8878116.58968589,171829181.762672,0.948331729810899,0.0516682701891009,0.8922,0.1078,1.0629138419759,0.479297497115964,0.0198629621698086
599,2019,江苏,0.7247,8469.0,6137.4843,2331.5157,51056.1076413706,22675.416778551,313356059.068022,52868090.2232351,366224149.291257,0.855640076369761,0.144359923630239,0.7247,0.2753,1.18068176675833,0.524373133418957,0.0489232028777418
600,2019,浙江,0.7158,6375.0,4563.225,1811.775,60182.288324943,29875.8245777202,274625322.641588,54128272.074299,328753594.715887,0.83535306398375,0.164646936016251,0.7158,0.2842,1.16702020673896,0.579334750233112,0.0391467291152926
601,2019,安徽,0.5702,6092.0,3473.6584,2618.3416,37540.0357517638,15415.9585665164,130401260.525415,40364245.6185862,170765506.144001,0.763627640440755,0.236372359559245,0.5702,0.4298,1.33922771034857,0.549958956629235,0.0817205918187481
602,2019,福建,0.6787,4137.0,2807.7819,1329.2181,45620.4556245358,19568.3509433642,128092289.572325,26010606.2610718,154102895.833397,0.831212735358378,0.168787264641622,0.6787,0.3213,1.22471303279561,0.525326064866547,0.0598378111463624
603,2019,江西,0.5907,4516.0,2667.6012,1848.3988,36545.8981323722,15796.2912367415,97489881.7129938,29197845.7664435,126687727.479437,0.769529011630723,0.230470988369277,0.5907,0.4093,1.30274083567077,0.563085727752936,0.0711527502618311
604,2019,山东,0.6186,10106.0,6251.5716,3854.4284,42329.2335069861,17775.4596595535,264624234.042043,68514236.5348373,333138470.57688,0.79433706225464,0.20566293774536,0.6186,0.3814,1.28408836445949,0.53923161443461,0.0716037007266305
605,2019,河南,0.5401,9901.0,5347.5301,4553.4699,34200.9708840986,15163.7470806073,182890721.251941,69047665.9027582,251938387.154699,0.725934317979259,0.274065682020741,0.5401,0.4599,1.34407390849705,0.595924509721116,0.0727948650856505
606,2019,湖北,0.6183,5927.0,3664.6641,2262.3359,37601.3595755451,16390.8609663347,137796352.547691,37081633.1960477,174877985.743739,0.787957111706524,0.212042888293476,0.6183,0.3817,1.27439287030006,0.555522369120974,0.0664072212849585
607,2019,湖南,0.5745,6640.0,3814.68,2825.32,39841.9252880827,15394.7901484327,151984195.557943,43495208.5021699,195479404.060113,0.777494674125391,0.222505325874609,0.5745,0.4255,1.35334146932183,0.52292673531048,0.0909984723777516
608,2019,广东,0.7265,12489.0,9073.2585,3415.7415,48117.553211229,18818.4228123893,436582998.672986,64278867.7648249,500861866.437811,0.871663482344975,0.128336517655025,0.7265,0.2735,1.19981208856844,0.469237724515631,0.0616812537301854
609,2019,广西,0.5298,4982.0,2639.4636,2342.5364,34744.8669406268,13675.7334483804,91707811.5766278,32035903.3995286,123743714.976156,0.741110864453185,0.258889135546815,0.5298,0.4702,1.39885025378102,0.550593652800543,0.0942601266082004
610,2019,海南,0.5937,995.0,590.7315,404.2685,36016.6995020248,15113.1476320844,21276198.9218804,6109769.52350131,27385968.4453817,0.776901461940753,0.223098538059247,0.5937,0.4063,1.30857581596893,0.549098050847272,0.0751966772300992
611,2019,重庆,0.6824,3188.0,2175.4912,1012.5088,37938.5910731291,15133.2654238365,82535071.0199909,15322564.4143702,97857635.4343611,0.843419837947669,0.156580162052331,0.6824,0.3176,1.23596107553879,0.493010585807087,0.0679401888140653
612,2019,四川,0.5536,8351.0,4623.1136,3727.8864,36153.7320721633,14670.0910069312,167142810.433574,54688432.7515011,221831243.185075,0.753468303354031,0.246531696645969,0.5536,0.4464,1.36103378496032,0.552266345533084,0.0858805039272378
613,2019,贵州,0.5148,3848.0,1980.9504,1867.0496,34404.1654687681,10756.2952356231,68152945.3470224,20082536.717152,88235482.0641744,0.772398402010817,0.227601597989183,0.5148,0.4852,1.50038539629141,0.469088206902686,0.141092709764374
614,2019,云南,0.4867,4714.0,2294.3038,2419.6962,36237.680924704,11902.3724479264,83140249.0487359,28800125.3832322,111940374.431968,0.742719054412887,0.257280945587113,0.4867,0.5133,1.52603052067575,0.501229194597921,0.136223171506323
615,2019,西藏,0.3451,361.0,124.5811,236.4189,37409.9738809039,12950.9898007206,4660575.69705428,3061858.76259758,7722434.45965186,0.603511201215735,0.396488798784265,0.3451,0.6549,1.74880093079031,0.605418840715018,0.138348877522997
616,2019,陕西,0.6128,3944.0,2416.8832,1527.1168,36098.2086139788,12325.6644195185,87245153.9492207,18822729.2062089,106067883.15543,0.822540729142048,0.177459270857952,0.6128,0.3872,1.34226620290804,0.458314232587685,0.103668816023093
617,2019,甘肃,0.507,2509.0,1272.063,1236.937,32323.4496430735,9628.9358424371,41117464.323317,11910387.0141366,53027851.3374536,0.775393746611711,0.224606253388289,0.507,0.493,1.5293762260586,0.455590777663872,0.152857236503504
618,2019,青海,0.5878,590.0,346.802,243.198,33830.3308581552,11499.3586173901,11732426.4022699,2796621.01703204,14529047.419302,0.807515184146436,0.192484815853564,0.5878,0.4122,1.37379241943933,0.466969470775264,0.109871188024824
619,2019,宁夏,0.6363,717.0,456.2271,260.7729,34328.4511117241,12858.3915898402,15661569.6981937,3353120.06421824,19014689.7624119,0.823656335911056,0.176343664088944,0.6363,0.3637,1.2944465439432,0.484860225705097,0.0849176527268874
620,2019,新疆,0.5551,2559.0,1420.5009,1138.4991,34663.733371324,13121.6599412902,49239864.4513258,14938998.0336649,64178862.4849907,0.767228687838482,0.232771312161519,0.5551,0.4449,1.38214499700681,0.523199173210876,0.0975156727969563
621,2020,北京,0.8755,2189.0,1916.4695,272.5305,75601.5177140061,30125.6535403312,144888002.852602,8210159.42217323,153098162.274776,0.946373233354442,0.0536267666455585,0.8755,0.1245,1.08095172284916,0.430737081490429,0.0284999289576558
622,2020,天津,0.847,1387.0,1174.789,212.211,47658.503223054,25690.6269609357,55988685.3429084,5451833.63800713,61440518.9809155,0.911266478076128,0.0887335219238718,0.847,0.153,1.07587541685493,0.579957659633149,0.0183031358678537
623,2020,河北,0.6007,7464.0,4483.6248,2980.3752,37285.6679104497,16467.040798915,167174945.327856,49077960.0144744,216252905.342331,0.773052944945255,0.226947055054745,0.6007,0.3993,1.28692016804604,0.568362271612183,0.0667798343484656
624,2020,山西,0.6253,3490.0,2182.297,1307.703,34792.7096404717,13878.0081590382,75928025.8702725,18148312.9035987,94076338.7738712,0.807089506882051,0.192910493117949,0.6253,0.3747,1.29072366365273,0.514839853530689,0.077898537400532
625,2020,内蒙古,0.6748,2403.0,1621.5444,781.4556,41353.098227199,16566.8677928328,67055884.8529645,12946271.6111688,80002156.4641333,0.838175966956929,0.161824033043071,0.6748,0.3252,1.24211020592313,0.49761387774622,0.0687843818194352
626,2020,辽宁,0.7214,4255.0,3069.557,1185.443,40375.8899812509,17450.3482012791,123936095.723179,20686393.1227689,144622488.845947,0.856962818937488,0.143037181062512,0.7214,0.2786,1.18791630016286,0.513414145953022,0.0522107031776164
627,2020,吉林,0.6264,2399.0,1502.7336,896.2664,33395.7,16067.0319046288,50184840.48552,14400340.8438468,64585181.3293668,0.777033360479256,0.222966639520744,0.6264,0.3736,1.24047471340877,0.596805780301777,0.0523588845797292
628,2020,黑龙江,0.6561,3171.0,2080.4931,1090.5069,31114.7499362149,16168.4206293062,64734022.5505205,17631774.2583608,82365796.8088813,0.785933300696733,0.214066699303267,0.6561,0.3439,1.19788645129818,0.622467866540467,0.0404259456277667
629,2020,上海,0.893,2488.0,2221.784,266.216,76437.2565497316,34911.2782740899,169827073.606089,9293940.85701511,179121014.463104,0.948113620923415,0.0518863790765852,0.893,0.107,1.06171738065332,0.484919430622292,0.0192264725256869
630,2020,江苏,0.7344,8477.0,6225.5088,2251.4912,53101.6945597806,24198.4780082861,330585066.776826,54482660.2890497,385067727.065876,0.858511486526813,0.141488513473187,0.7344,0.2656,1.16899712217703,0.532712776630975,0.0449476953396337
631,2020,浙江,0.7217,6468.0,4667.9556,1800.0444,62699.2767735749,31930.4681601343,292677440.131159,57476260.401028,350153700.532187,0.835854196846494,0.164145803153506,0.7217,0.2783,1.15817402916239,0.58981603720268,0.0360808296673862
632,2020,安徽,0.5833,6105.0,3561.0465,2543.9535,39442.0835780219,16620.2106315361,140455093.678222,42281043.0068335,182736136.685056,0.768622431371062,0.231377568628938,0.5833,0.4167,1.31771375170763,0.555261743769949,0.0759385189346354
633,2020,福建,0.6875,4161.0,2860.6875,1300.3125,47160.2672654013,20880.2996398432,134910787.062793,27150914.6254336,162061701.688226,0.832465571183089,0.167534428816911,0.6875,0.3125,1.21085901262995,0.536110172214115,0.0548320918732559
634,2020,江西,0.6044,4519.0,2731.2836,1787.7164,38555.8444313023,16980.8374552089,105306945.579367,30356921.6044112,135663867.183779,0.776234289685345,0.223765710314655,0.6044,0.3956,1.28430557525702,0.565636274809542,0.0667253149140945
635,2020,山东,0.6305,10165.0,6409.0325,3755.9675,43726.2837015184,18753.2081084357,280243173.347252,70436440.176021,350679613.523273,0.799143042652673,0.200856957347327,0.6305,0.3695,1.2674750874745,0.543591224214687,0.0669844061737309
636,2020,河南,0.5543,9941.0,5510.2963,4430.7037,34750.3363604568,16107.9342473973,191484649.870781,71369483.8692999,262854133.74008,0.728482550934989,0.271517449065011,0.5543,0.4457,1.31423877130613,0.609193289353851,0.0644940163425595
637,2020,湖北,0.6289,5745.0,3613.0305,2131.9695,36705.7433865377,16305.9088066323,132618970.380734,34763700.2455215,167382670.626255,0.792310039531246,0.207689960468754,0.6289,0.3711,1.25983469475472,0.559660362351803,0.0624597014632782
638,2020,湖南,0.5876,6645.0,3904.602,2740.398,41697.5216902222,16584.5699643506,162812226.586685,45448322.3611665,208260548.947851,0.781771811364299,0.218228188635701,0.5876,0.4124,1.33044896420064,0.52916631579947,0.0843168379047552
639,2020,广东,0.7415,12624.0,9360.696,3263.304,50256.9608800917,20143.4301651968,470440132.682431,65734136.2318074,536174268.914238,0.877401546394757,0.122598453605243,0.7415,0.2585,1.18327922642584,0.474268679323958,0.0562013943608752
640,2020,广西,0.542,5019.0,2720.298,2298.702,35859.3246850731,14814.9312998886,97548049.222155,34055112.2089165,131603161.431072,0.741228768073682,0.258771231926318,0.542,0.458,1.36758075290347,0.565002689795455,0.084297792851467
641,2020,海南,0.6027,1012.0,609.9324,402.0676,37096.9744156888,16278.8348818815,22626646.6380997,6545192.07175438,29171838.709854,0.775633201017821,0.224366798982179,0.6027,0.3973,1.2869308130377,0.564728917649583,0.0674560519820304
642,2020,重庆,0.6946,3209.0,2228.9714,980.0286,40006.2153297277,16361.3741515791,89172709.7922046,16034614.6038483,105207324.396053,0.847590320389805,0.152409679610195,0.6946,0.3054,1.22025672385518,0.499049376588719,0.062790018282792
643,2020,四川,0.5673,8371.0,4748.8683,3622.1317,38253.1189357301,15929.1189356273,181659023.890018,57697366.6498059,239356390.539824,0.758947874674747,0.241052125325253,0.5673,0.4327,1.33782456314956,0.557088341403404,0.0798647842160833
644,2020,贵州,0.5315,3858.0,2050.527,1807.473,36096.1946965907,11642.3450295179,74016221.822616,21043224.2975378,95059446.1201538,0.778630897228883,0.221369102771117,0.5315,0.4685,1.46496876242499,0.472506089159268,0.131346242849287
645,2020,云南,0.5005,4722.0,2363.361,2358.639,37499.5,12841.9425384699,88624855.8195,30289506.5069941,118914362.326494,0.745283026251862,0.254716973748137,0.5005,0.4995,1.4890769755282,0.509943891387663,0.125198931244594
646,2020,西藏,0.3573,366.0,130.7718,235.2282,41156.4495509136,14598.4483681139,5382102.98938216,3433966.73242437,8816069.72180653,0.610487797762028,0.389512202237972,0.3573,0.6427,1.70861404355451,0.606056017174377,0.131966620289388
647,2020,陕西,0.6266,3955.0,2478.203,1476.797,37868.1587179904,13316.4759534332,93844984.5394,19665731.7386023,113510716.278002,0.826749998736345,0.173250001263655,0.6266,0.3734,1.31942227694916,0.463979649875884,0.0961289128975728
648,2020,甘肃,0.5223,2501.0,1306.2723,1194.7277,33821.8273320874,10344.3037689227,44180516.1792887,12358626.2499464,56539142.429235,0.781414685137566,0.218585314862434,0.5223,0.4777,1.49610316894039,0.457578636932037,0.143912295540213
649,2020,青海,0.6008,593.0,356.2744,236.7256,35505.7901296737,12342.4700539646,12649804.0749754,2921778.6290068,15571582.7039822,0.812364697632207,0.187635302367793,0.6008,0.3992,1.35213831163816,0.470028312544572,0.103422502850572
650,2020,宁夏,0.6496,721.0,468.3616,252.6384,35719.6494502666,13889.3703142313,16729712.167966,3508988.29319489,20238700.4611609,0.826619881057639,0.173380118942361,0.6496,0.3504,1.27250597453454,0.494806275520437,0.0772172711056111
651,2020,新疆,0.5653,2590.0,1464.127,1125.873,34838.3894624575,14056.052307255,51007826.6484995,15825329.7793261,66833156.4278256,0.763211396480785,0.236788603519216,0.5653,0.4347,1.35009976380822,0.544717284378228,0.0852533224888792
652,2021,北京,0.875,2189.0,1915.375,273.625,81517.5,33302.7,156136581.5625,9112451.2875,165249032.85,0.944856250409819,0.055143749590181,0.875,0.125,1.07983571475408,0.441149996721448,0.0274453733982251
653,2021,天津,0.8488,1373.0,1165.4024,207.5976,51485.7,27954.5,60001558.34568,5803287.1092,65804845.45488,0.911810641464402,0.0881893585355976,0.8488,0.1512,1.07423496873751,0.583262953277762,0.0177492249305829
654,2021,河北,0.6114,7448.0,4553.7072,2894.2928,39791.0,18178.9,181196563.1952,52615059.38192,233811622.57712,0.774968161111984,0.225031838888016,0.6114,0.3886,1.26753052193651,0.579083476294431,0.0607852802752707
655,2021,山西,0.6342,3480.0,2207.016,1272.984,37433.1,15308.3,82615450.6296,19487220.9672,102102671.5968,0.809140929787279,0.190859070212721,0.6342,0.3658,1.27584504854506,0.521757983085622,0.0729501626583698
656,2021,内蒙古,0.6821,2400.0,1637.04,762.96,44376.9,18336.8,72646760.376,13990244.928,86637005.304,0.838518830620822,0.161481169379178,0.6821,0.3179,1.2293194995174,0.507962155958409,0.0637422378223391
657,2021,辽宁,0.7281,4229.0,3079.1349,1149.8651,43050.8,19216.6,132559220.75292,22096497.68066,154655718.43358,0.857124599694968,0.142875400305032,0.7281,0.2719,1.17720725133219,0.525470394648884,0.0479006956108488
658,2021,吉林,0.6336,2375.0,1504.8,870.2,35645.8,17641.7,53639799.84,15351807.34,68991607.18,0.777482972675982,0.222517027324018,0.6336,0.3664,1.22708802505679,0.607306297281709,0.0481330117947975
659,2021,黑龙江,0.6569,3125.0,2052.8125,1072.1875,33646.1,17889.3,69069134.65625,19180683.84375,88249818.5,0.782654693575942,0.217345306424058,0.6569,0.3431,1.191436586354,0.633475098875133,0.0378639854993585
660,2021,上海,0.893,2489.0,2222.677,266.323,82428.9,38520.7,183212820.1653,10258948.3861,193471768.5514,0.946974442509557,0.0530255574904433,0.893,0.107,1.06044170493791,0.49556595785461,0.0183468432298479
661,2021,江苏,0.7394,8505.0,6288.597,2216.403,57743.5,26790.8,363125600.8695,59379209.4924,422504810.3619,0.859459092450242,0.140540907549758,0.7394,0.2606,1.16237367115261,0.539297419607668,0.0425354772777751
662,2021,浙江,0.7266,6540.0,4751.964,1788.036,68486.8,35247.4,325446808.0752,63023620.1064,388470428.1816,0.837764690606158,0.162235309393842,0.7266,0.2734,1.15299296807894,0.593399083371769,0.0345964585299415
663,2021,安徽,0.5939,6113.0,3630.5107,2482.4893,43008.7,18371.7,156143545.54309,45607548.67281,201751094.2159,0.773941505249017,0.226058494750982,0.5939,0.4061,1.3031512127446,0.556657214358489,0.0725020236797183
664,2021,福建,0.697,4187.0,2918.339,1268.661,51140.5,23228.9,149245315.6295,29469599.5029,178714915.1324,0.835102741810511,0.164897258189489,0.697,0.303,1.19813879743258,0.54421537356267,0.0506358059649857
665,2021,江西,0.6146,4517.0,2776.1482,1740.8518,41684.4,18684.2,115722072.02808,32526423.20156,148248495.22964,0.780595255613381,0.219404744386618,0.6146,0.3854,1.27008665085158,0.569290981802331,0.0630240728037636
666,2021,山东,0.6394,10170.0,6502.698,3667.302,47066.4,20793.9,306058585.1472,76257511.0578,382316096.205,0.800538057866885,0.199461942133115,0.6394,0.3606,1.25201447899106,0.553139051949847,0.0618134373707874
667,2021,河南,0.5645,9883.0,5578.9535,4304.0465,37094.8,17533.3,206950164.2918,75464138.49845,282414302.79025,0.732789247028691,0.267210752971309,0.5645,0.4355,1.29812089819077,0.613572337477174,0.0606767330767393
668,2021,湖北,0.6409,5830.0,3736.447,2093.553,40277.8,18259.0,150495864.9766,38226184.227,188722049.2036,0.79744717488861,0.20255282511139,0.6409,0.3591,1.24426146807397,0.564056878617071,0.0582940396341603
669,2021,湖南,0.5971,6622.0,3953.9962,2668.0038,44866.1,18295.2,177400388.90882,48811663.12176,226212052.03058,0.784221650952702,0.215778349047298,0.5971,0.4029,1.31338410811037,0.535563040574083,0.0790444715909933
670,2021,广东,0.7463,12684.0,9466.0692,3217.9308,54853.6,22306.0,519247973.46912,71779164.4248,591027137.89392,0.878551829818543,0.121448170181457,0.7463,0.2537,1.17721000913646,0.478707805208737,0.0538667046530096
671,2021,广西,0.5508,5037.0,2774.3796,2262.6204,38529.9,16362.9,106896568.55004,37023031.34316,143919599.8932,0.742751985340189,0.257248014659811,0.5508,0.4492,1.34849670541066,0.572680353205278,0.0786785937809853
672,2021,海南,0.6097,1020.0,621.894,398.106,40213.2,18076.3,25008347.8008,7196283.4878,32204631.2886,0.776545074423896,0.223454925576105,0.6097,0.3903,1.2736510979562,0.572520946902651,0.0632145251403068
673,2021,重庆,0.7032,3212.0,2258.6784,953.3216,43502.5,18099.6,98258157.096,17254739.63136,115512896.72736,0.850624994089746,0.149375005910254,0.7032,0.2968,1.20964874017313,0.503285060344523,0.0593388098903365
674,2021,四川,0.5782,8372.0,4840.6904,3531.3096,41443.8,17575.3,200616604.79952,62063825.61288,262680430.4124,0.763728780574016,0.236271219425984,0.5782,0.4218,1.32087302070913,0.560149880099534,0.0756091000699933
675,2021,贵州,0.5433,3852.0,2092.7916,1759.2084,39211.2,12856.1,82060869.98592,22616559.11124,104677429.09716,0.783940441542105,0.216059558457895,0.5433,0.4567,1.44292369140826,0.473088588696946,0.125733873334431
676,2021,云南,0.5105,4690.0,2394.245,2295.755,40904.9,14197.3,97936352.3005,32593522.4615,130529874.762,0.75029837023188,0.24970162976812,0.5105,0.4895,1.46973236088517,0.510115689005352,0.120846537940559
677,2021,西藏,0.3661,366.0,133.9926,232.0074,46503.3,16932.3,6231098.07558,3928418.89902,10159516.9746,0.613326213358222,0.386673786641778,0.3661,0.6339,1.67529694989954,0.609991775740303,0.125333814651574
678,2021,陕西,0.6363,3954.0,2515.9302,1438.0698,40713.1,14744.8,102431317.82562,21204051.58704,123635369.41266,0.828495262417449,0.171504737582551,0.6363,0.3637,1.30205133178917,0.471555506138441,0.0897505643779569
679,2021,甘肃,0.5333,2490.0,1327.917,1162.083,36187.3,11432.8,48053730.8541,13285862.5224,61339593.3765,0.783404783255541,0.216595216744459,0.5333,0.4667,1.46897577959036,0.464099457348316,0.134999676400875
680,2021,青海,0.6102,594.0,362.4588,231.5412,37745.3,13604.2,13681116.14364,3149932.79304,16831048.93668,0.812849882090513,0.187150117909487,0.6102,0.3898,1.33210403489104,0.480118311722644,0.0957762725978263
681,2021,宁夏,0.6604,725.0,478.79,246.21,38290.7,15336.6,18333204.253,3776024.286,22109228.539,0.829210491024632,0.170789508975368,0.6604,0.3396,1.25561855091555,0.502913748455147,0.0713619113015709
682,2021,新疆,0.5726,2589.0,1482.4614,1106.5386,37642.4,15575.3,55803405.00336,17234670.65658,73038075.65994,0.764031698523611,0.235968301476389,0.5726,0.4274,1.33432011617815,0.552101781648078,0.080192897402216
683,2022,北京,0.8757,2184.0,1912.5288,271.4712,84023.1345246711,34753.8297634154,160696664.644708,9434663.8704701,170131328.515178,0.94454481750768,0.0554551824923203,0.8757,0.1243,1.07861689791901,0.446139843059697,0.0267236022991221
684,2022,天津,0.8511,1363.0,1160.0493,202.9507,53003.2335745595,29017.7604026675,61486364.0059042,5889174.78615365,67375538.7920579,0.912591796789492,0.0874082032105079,0.8511,0.1489,1.07224979061155,0.587026213636722,0.0171004270602331
685,2022,河北,0.6165,7420.0,4574.43,2845.57,41277.7491450981,19364.1658963239,188822174.021811,55102089.5496024,243924263.571414,0.774101646376519,0.225898353623481,0.6165,0.3835,1.25563932907789,0.589043946866965,0.0566625505333813
686,2022,山西,0.6396,3481.0,2226.4476,1254.5524,39532.0338085241,16322.6804786251,88016001.7961074,20477657.9688923,108493659.765,0.811254795780256,0.188745204219744,0.6396,0.3604,1.26837835487845,0.523710333573096,0.0707835439631292
687,2022,内蒙古,0.686,2401.0,1647.086,753.914,46295.3625101846,19640.9441086561,76252443.4554499,14807582.7367334,91060026.1921833,0.837386575032586,0.162613424967414,0.686,0.314,1.22068013853147,0.517877149577752,0.0599793095063224
688,2022,辽宁,0.73,4197.0,3063.81,1133.19,44002.6123251809,19907.9616904892,134815643.668012,22559503.1080455,157375146.776058,0.856651424508933,0.143348575491067,0.73,0.27,1.17349510206703,0.530920649966914,0.0462926119831084
689,2022,吉林,0.6372,2348.0,1496.1456,851.8544,35470.9164932474,18134.4744249807,53069655.6393395,15447931.8306073,68517587.4699468,0.774540634003159,0.225459365996841,0.6372,0.3628,1.21553771814683,0.62144257441246,0.0439262363055668
690,2022,黑龙江,0.6621,3099.0,2051.8479,1047.1521,35042.0754692726,18577.3556051179,71901008.9632685,19453316.934346,91354325.8976145,0.78705642296405,0.21294357703595,0.6621,0.3379,1.18872741725427,0.630197031772567,0.0377480452787314
691,2022,上海,0.8933,2475.0,2210.9175,264.0825,84034.0019887012,39729.4203690714,185792245.591854,10491844.6546153,196284090.24647,0.946547656300412,0.0534523436995883,0.8933,0.1067,1.05960780958291,0.500959172442252,0.0178561200127831
692,2022,江苏,0.7442,8515.0,6336.863,2178.137,60178.1489658351,28486.4986715149,381340685.590089,62047496.7568775,443388182.346966,0.860060553647496,0.139939446352504,0.7442,0.2558,1.1556846998757,0.547065857515652,0.0400351993276126
693,2022,浙江,0.7338,6577.0,4826.2026,1750.7974,71267.9325773324,37565.0459399795,343953481.501346,65768784.7625967,409722266.263943,0.83947959342725,0.16052040657275,0.7338,0.2662,1.14401688938028,0.60300678652423,0.0317528048015616
694,2022,安徽,0.6015,6127.0,3685.3905,2441.6095,45133.1932250912,19574.8774776664,166333441.546415,47794206.8108063,214127648.357222,0.776795723590665,0.223204276409335,0.6015,0.3985,1.29143096191299,0.560111107677128,0.0692925002008436
695,2022,福建,0.7011,4188.0,2936.2068,1251.7932,53817.1158420782,24986.6060196773,158018181.491898,31278063.5065111,189296244.998409,0.834766592930705,0.165233407069295,0.7011,0.2989,1.190652678549,0.55280497513983,0.0477260247683258
696,2022,江西,0.6207,4528.0,2810.5296,1717.4704,43696.5250558847,19936.0467595659,122810377.086706,34239570.2025703,157049947.289276,0.781982924581928,0.218017075418072,0.6207,0.3793,1.25984038115342,0.574787965773984,0.0598985093616268
697,2022,山东,0.6454,10163.0,6559.2002,3603.7998,49049.6591318577,22109.898487843,321726533.987613,79679647.7485089,401406181.736122,0.801498702875261,0.198501297124739,0.6454,0.3546,1.24186349996167,0.55978933199306,0.0584456856573013
698,2022,河南,0.5707,9872.0,5633.9504,4238.0496,38483.7364832886,18697.2626120577,216815462.553518,79239926.3341261,296055388.887644,0.732347630516537,0.267652369483463,0.5707,0.4293,1.28324449012885,0.623462309535203,0.0561844655740205
699,2022,湖北,0.6467,5844.0,3779.3148,2064.6852,42625.7797471897,19709.4567085647,161096240.260094,40693823.5662142,201790063.826309,0.798335840751596,0.201664159248404,0.6467,0.3533,1.23447632712478,0.570801469709606,0.0550910521204463
700,2022,湖南,0.6031,6604.0,3982.8724,2621.1276,47301.1925712299,19546.276365451,188394614.379037,51233284.4587113,239627898.837748,0.786196495870452,0.213803504129548,0.6031,0.3969,1.30359226640765,0.538683557897576,0.0761747375300914
701,2022,广东,0.7479,12657.0,9466.1703,3190.8297,56905.3120758146,23597.7556081812,538675375.084308,75296419.4479261,613971794.532234,0.877361761373269,0.122638238626731,0.7479,0.2521,1.173100362847,0.486466634774814,0.0516994007019805
702,2022,广西,0.5565,5047.0,2808.6555,2238.3445,39703.0079656351,17432.6928154859,111512071.689225,39020372.0837324,150532443.772957,0.740784304660692,0.259215695339308,0.5565,0.4435,1.331148795437,0.584477328837222,0.0726871715701989
703,2022,海南,0.6149,1027.0,631.5023,395.4977,40117.5223792201,19117.3721674983,25334307.652779,7560876.72228959,32895184.3750686,0.770152474718457,0.229847525281543,0.6149,0.3851,1.25248410264833,0.596851532800683,0.0547622563227113
704,2022,重庆,0.7096,3213.0,2279.9448,933.0552,45508.9258021825,19312.6594155862,103757838.736272,18019777.2935417,121777616.029813,0.85202717969836,0.14797282030164,0.7096,0.2904,1.2007147402739,0.509548279275619,0.0560824383764542
705,2022,四川,0.5835,8374.0,4886.229,3487.771,43233.2584650212,18672.3661086163,211247601.276282,65124937.0150148,276372538.291297,0.764358147095016,0.235641852904984,0.5835,0.4165,1.30995397959729,0.565766753673431,0.0721552628037599
706,2022,贵州,0.5481,3856.0,2113.4736,1742.5264,41085.7133751072,13706.6680438253,86833570.555456,23884230.9224019,110717801.477858,0.784278312939781,0.215721687060219,0.5481,0.4519,1.43090369082244,0.477365981545075,0.12149166944508
707,2022,云南,0.5172,4693.0,2427.2196,2265.7804,42167.8644322342,15146.9169858045,102350667.040062,34319587.6268629,136670254.666925,0.748887658763041,0.251112341236959,0.5172,0.4828,1.44796531083341,0.520116696845401,0.113055100638633
708,2022,西藏,0.3739,364.0,136.0996,227.9004,48752.8960524893,18209.4800330183,6635249.65158537,4149947.78331688,10785197.4349023,0.615218190639039,0.384781809360961,0.3739,0.6261,1.64540837293137,0.614569253092095,0.119046912375076
709,2022,陕西,0.6402,3956.0,2532.6312,1423.3688,42431.3186294071,15704.3437742327,107462881.417978,22353072.9527171,129815954.370695,0.827809508768953,0.172190491231047,0.6402,0.3598,1.29304827986403,0.478572793860608,0.085853804976656
710,2022,甘肃,0.5419,2492.0,1350.4148,1141.5852,37572.353168593,12165.1518072261,50738261.7896949,13887557.2588826,64625819.0485775,0.785108220470774,0.214891779529226,0.5419,0.4581,1.44880645962497,0.469093602988924,0.128408122762392
711,2022,青海,0.6143,595.0,365.5085,229.4915,38735.7975055847,14456.2494104119,14158263.24257,3317586.36156954,17475849.6041395,0.810161655271759,0.189838344728241,0.6143,0.3857,1.31883714027635,0.492191715655279,0.089638627850812
712,2022,宁夏,0.6634,728.0,482.9552,245.0448,40193.7146028676,16430.306145068,19411763.4747708,4026161.08325696,23437924.5580278,0.828220238814706,0.171779761185294,0.6634,0.3366,1.24844775220788,0.510337971435812,0.0682297161328068
713,2022,新疆,0.5789,2587.0,1497.6143,1089.3857,38410.2260979894,16549.9061692246,57523703.8705821,18029231.1170951,75552934.9876772,0.761369546794765,0.238630453205235,0.5789,0.4211,1.31520046086503,0.566683574460306,0.0730757853166726
714,2023,北京,0.8783,2186.0,1919.9638,266.0362,38411.2260979894,16550.9061692246,73748163.6217549,4403140.18381707,78151303.805572,0.943658775101547,0.0563412248984532,0.8783,0.1217,1.07441509176995,0.46295172472024,0.0243422336144325
715,2023,天津,0.8549,1364.0,1166.0836,197.9164,38412.2260979894,16551.9061692246,44791866.8923574,3275893.68215072,48067760.5745081,0.931848423080312,0.0681515769196877,0.8549,0.1451,1.09000868298083,0.469686953271452,0.0288105857784962
716,2023,河北,0.6277,7393.0,4640.5861,2752.4139,38413.2260979894,16552.9061692246,178259883.086487,45560449.0255695,223820332.112056,0.796441866582704,0.203558133417296,0.6277,0.3723,1.2688256596825,0.546758349227226,0.0667283868941994
717,2023,山西,0.6497,3466.0,2251.8602,1214.1398,38414.2260979894,16553.9061692246,86503466.8638636,20098756.3255211,106602223.189385,0.811460251726509,0.188539748273491,0.6497,0.3503,1.24897683811991,0.538223660500974,0.0636108394143646
718,2023,内蒙古,0.6958,2396.0,1667.1368,728.8632,38415.2260979894,16554.9061692246,64043437.1082785,12066261.8862008,76109698.9944793,0.841462230890231,0.158537769109769,0.6958,0.3042,1.20934497109835,0.521162949078794,0.0566263084288248
719,2023,辽宁,0.7351,4182.0,3074.1882,1107.8118,38416.2260979894,16555.9061692246,118098708.958971,18340828.2139598,136439537.172931,0.865575414619637,0.134424585380363,0.7351,0.2649,1.17749342214615,0.507454078446065,0.0502378108823508
720,2023,吉林,0.6473,2339.0,1514.0347,824.9653,38417.2260979894,16556.9061692246,58165013.3901015,13658873.0649662,71823886.4550678,0.809828265510095,0.190171734489905,0.6473,0.3527,1.25108645992599,0.539188359767238,0.063944288998852
721,2023,黑龙江,0.6711,3062.0,2054.9082,1007.0918,38418.2260979894,16557.9061692246,78945927.8382124,16675331.5281955,95621259.3664079,0.82561062635352,0.17438937364648,0.6711,0.3289,1.23023487759428,0.53022004757215,0.0604271038486945
722,2023,上海,0.8946,2487.0,2224.8702,262.1298,38419.2260979894,16558.9061692246,85477791.2524789,4340582.76235761,89818374.0148365,0.951673777108895,0.0483262228911049,0.8946,0.1054,1.06379809647764,0.458503063482968,0.0211726255653793
723,2023,江苏,0.7504,8526.0,6397.9104,2128.0896,38420.2260979894,16559.9061692246,245809164.122678,35240964.0957027,281050128.218381,0.874609685044086,0.125390314955914,0.7504,0.2496,1.16552463358753,0.502365043893886,0.0476428810902532
724,2023,浙江,0.7423,6627.0,4919.2221,1707.7779,38421.2260979894,16560.9061692246,189002544.530326,28282349.5597754,217284894.090102,0.869837479139035,0.130162520860965,0.7423,0.2577,1.17181392851817,0.505093212498894,0.0490126663235326
725,2023,安徽,0.6151,6121.0,3765.0271,2355.9729,38422.2260979894,16561.9061692246,144660722.501257,39019402.107036,183680124.608293,0.787568730202864,0.212431269797136,0.6151,0.3849,1.28039136758716,0.551912885936961,0.0683983205926594
726,2023,福建,0.7104,4183.0,2971.6032,1211.3968,38423.2260979894,16562.9061692246,114178581.627109,20064251.5320989,134242833.159208,0.850537633481682,0.149462366518318,0.7104,0.2896,1.19726581289651,0.51609933190027,0.0542684100989284
727,2023,江西,0.6313,4515.0,2850.3195,1664.6805,38424.2260979894,16563.9061692246,109521320.919508,27573611.6037379,137094932.523246,0.798872131184991,0.201127868815009,0.6313,0.3687,1.26543977694439,0.545505475495006,0.0661782230642928
728,2023,山东,0.6553,10123.0,6633.6019,3489.3981,38425.2260979894,16564.9061692246,254897652.851552,57801552.1135706,312699204.965123,0.815152865131149,0.184847134868851,0.6553,0.3447,1.2439384482392,0.536255105508707,0.0627469957482275
729,2023,河南,0.5808,9815.0,5700.552,4114.448,38426.2260979894,16565.9061692246,219050700.035346,68159559.5061538,287210259.541499,0.762684106010129,0.237315893989871,0.5808,0.4192,1.31316133954912,0.566116159326982,0.0727614252517902
730,2023,湖北,0.6547,5838.0,3822.1386,2015.8614,38427.2260979894,16566.9061692246,146874184.160053,33396586.6639617,180270770.824014,0.814742087631253,0.185257912368747,0.6547,0.3453,1.2444510273885,0.536512923164631,0.0628260566732848
731,2023,湖南,0.6116,6568.0,4016.9888,2551.0112,38428.2260979894,16567.9061692246,154365753.839491,42264914.198241,196630668.037732,0.785054312127289,0.214945687872711,0.6116,0.3884,1.28360744298118,0.553413202555899,0.0688352944426339
732,2023,广东,0.7542,12706.0,9582.8652,3123.1348,38429.2260979894,16568.9061692246,368262093.437354,51746927.45504,420009020.892394,0.876795676090258,0.123204323909742,0.7542,0.2458,1.16255061799292,0.501238095645817,0.0469657788030578
733,2023,广西,0.5678,5027.0,2854.3306,2172.6694,38430.2260979894,16569.9061692246,109692570.31641,36000928.0947455,145693498.411155,0.752899556347059,0.247100443652941,0.5678,0.4322,1.32599428733191,0.571727079252524,0.0742878232783654
734,2023,海南,0.6246,1043.0,651.4578,391.5422,38431.2260979894,16570.9061692246,25036322.0050988,6488209.05749177,31524531.0625905,0.794185390272429,0.205814609727571,0.6246,0.3754,1.27151039108618,0.548254154841693,0.0670697434412363
735,2023,重庆,0.7167,3191.0,2286.9897,904.0103,38432.2260979894,16571.9061692246,87894105.2341729,14981173.8676126,102875279.101786,0.85437537571305,0.145624624286949,0.7167,0.2833,1.19209624070469,0.514029736275854,0.0532156954292577
736,2023,四川,0.5949,8368.0,4978.1232,3389.8768,38433.2260979894,16572.9061692246,191325334.489246,56180110.1316313,247505444.620878,0.773014649363829,0.226985350636171,0.5949,0.4051,1.29940267164873,0.560319305445991,0.0709752339740695
737,2023,贵州,0.5594,3865.0,2162.081,1702.919,38434.2260979894,16573.9061692246,83097909.996167,28224019.7197898,111321929.715957,0.746464871819913,0.253535128180087,0.5594,0.4406,1.33440270257403,0.575431521062386,0.0752306085240473
738,2023,云南,0.5292,4673.0,2472.9516,2200.0484,38435.2260979894,16574.9061692246,95048453.8753846,36465595.7977527,131514049.673137,0.722724713531492,0.277275286468508,0.5292,0.4708,1.36569295829836,0.588944958514247,0.0784500130350863
739,2023,西藏,0.3888,365.0,141.912,223.088,38436.2260979894,16575.9061692246,5454561.71801787,3697885.75547998,9152447.47349785,0.595967552265369,0.404032447734631,0.3888,0.6112,1.532838354592,0.661047852968965,0.0873095805536072
740,2023,陕西,0.6516,3952.0,2575.1232,1376.8768,38437.2260979894,16576.9061692246,98980592.668578,22824357.5201822,121804950.18876,0.812615517802754,0.187384482197246,0.6516,0.3484,1.24710791559661,0.537842945457079,0.0632338765269527
741,2023,甘肃,0.5549,2465.0,1367.8285,1097.1715,38438.2260979894,16577.9061692246,52576901.1462737,18188806.1785474,70765707.3248211,0.742971463634793,0.257028536365207,0.5549,0.4451,1.33892857025553,0.577462449708397,0.0757134549384954
742,2023,青海,0.628,594.0,373.032,220.968,38439.2260979894,16578.9061692246,14339061.3897852,3663407.73840122,18002469.1281864,0.796505262010674,0.203494737989326,0.628,0.372,1.26832048090872,0.547028865562704,0.0665652235726025
743,2023,宁夏,0.6731,729.0,490.6899,238.3101,38440.2260979894,16579.9061692246,18862230.6999998,3951159.09717853,22813389.7971783,0.826805260756679,0.173194739243321,0.6731,0.3269,1.2283542724063,0.529809541888408,0.0600335800432368
744,2023,新疆,0.5924,2598.0,1539.0552,1058.9448,38441.2260979894,16580.9061692246,59163168.9204863,17558264.3671883,76721433.2876746,0.771142644046392,0.228857355953608,0.5924,0.4076,1.30172627286697,0.56147535808049,0.0712500149952873
