row_id,证券代码,证券简称,统计截止日期,年份,营业收入（亿元）,所属省份,Unnamed: 8
1,153.0,丰原药业,2011-12-31,2011.0,1516487743.41,安徽省,1516487743.41
2,521.0,美菱电器,2011-12-31,2011.0,9004002693.49,安徽省,9004002693.49
3,543.0,皖能电力,2011-12-31,2011.0,5150372698.18,安徽省,5150372698.18
4,630.0,铜陵有色,2011-12-31,2011.0,70740641187.81,安徽省,70740641187.81
5,2171.0,精诚铜业,2011-12-31,2011.0,3222769024.79,安徽省,3222769024.79
6,2347.0,泰尔重工,2011-12-31,2011.0,403247232.13,安徽省,403247232.13
7,2571.0,德力股份,2011-12-31,2011.0,566216688.17,安徽省,566216688.17
8,300009.0,安科生物,2011-12-31,2011.0,267916554.03,安徽省,267916554.03
9,300088.0,长信科技,2011-12-31,2011.0,589318937.05,安徽省,589318937.05
10,300090.0,盛运股份,2011-12-31,2011.0,665159566.78,安徽省,665159566.78
11,300247.0,桑乐金,2011-12-31,2011.0,207351491.84,安徽省,207351491.84
12,300274.0,阳光电源,2011-12-31,2011.0,873644321.24,安徽省,873644321.24
13,600063.0,皖维高新,2011-12-31,2011.0,3137766325.57,安徽省,3137766325.57
14,600218.0,全柴动力,2011-12-31,2011.0,2493492819.16,安徽省,2493492819.16
15,600237.0,铜峰电子,2011-12-31,2011.0,832982464.72,安徽省,832982464.72
16,600255.0,鑫科材料,2011-12-31,2011.0,5013946693.77,安徽省,5013946693.77
17,600444.0,ST 国通,2011-12-31,2011.0,253037051.22,安徽省,253037051.22
18,600520.0,中发科技,2011-12-31,2011.0,283104268.04,安徽省,283104268.04
19,600552.0,方兴科技,2011-12-31,2011.0,1073678022.53,安徽省,1073678022.53
20,600577.0,精达股份,2011-12-31,2011.0,9603943686.4,安徽省,9603943686.4
21,600585.0,海螺水泥,2011-12-31,2011.0,48653808819.0,安徽省,48653808819.0
22,600761.0,安徽合力,2011-12-31,2011.0,6291493967.57,安徽省,6291493967.57
23,600983.0,合肥三洋,2011-12-31,2011.0,3892406567.82,安徽省,3892406567.82
24,600990.0,四创电子,2011-12-31,2011.0,1000328080.65,安徽省,1000328080.65
25,,,,,175737116905.37,安徽省 汇总,175737116905.37
26,605.0,ST 四环,2011-12-31,2011.0,38648254.3,北京市,
27,725.0,京东方A,2011-12-31,2011.0,12741413562.0,北京市,
28,786.0,北新建材,2011-12-31,2011.0,5969124108.86,北京市,
29,931.0,中关村,2011-12-31,2011.0,3310476870.74,北京市,
30,938.0,紫光股份,2011-12-31,2011.0,5315084588.89,北京市,
31,970.0,中科三环,2011-12-31,2011.0,5695842020.93,北京市,
32,2038.0,双鹭药业,2011-12-31,2011.0,622772165.12,北京市,
33,2066.0,瑞泰科技,2011-12-31,2011.0,1396710855.67,北京市,
34,2151.0,北斗星通,2011-12-31,2011.0,484772774.42,北京市,
35,2271.0,东方雨虹,2011-12-31,2011.0,2473653535.66,北京市,
36,2350.0,北京科锐,2011-12-31,2011.0,922255032.41,北京市,
37,2362.0,汉王科技,2011-12-31,2011.0,533193131.14,北京市,
38,2371.0,七星电子,2011-12-31,2011.0,1155992985.74,北京市,
39,2383.0,合众思壮,2011-12-31,2011.0,441318276.9,北京市,
40,2392.0,北京利尔,2011-12-31,2011.0,919585881.28,北京市,
41,300003.0,乐普医疗,2011-12-31,2011.0,919846240.19,北京市,
42,300016.0,北陆药业,2011-12-31,2011.0,196701996.28,北京市,
43,300034.0,钢研高纳,2011-12-31,2011.0,379473572.21,北京市,
44,300045.0,华力创通,2011-12-31,2011.0,302466876.21,北京市,
45,300048.0,合康变频,2011-12-31,2011.0,591507079.71,北京市,
46,300065.0,海兰信,2011-12-31,2011.0,274045433.12,北京市,
47,300073.0,当升科技,2011-12-31,2011.0,668483895.89,北京市,
48,300079.0,数码视讯,2011-12-31,2011.0,441532705.67,北京市,
49,300139.0,福星晓程,2011-12-31,2011.0,304062527.48,北京市,
50,300156.0,天立环保,2011-12-31,2011.0,320780950.03,北京市,
51,300204.0,舒泰神,2011-12-31,2011.0,205816305.86,北京市,
52,300213.0,佳讯飞鸿,2011-12-31,2011.0,309022308.56,北京市,
53,300223.0,北京君正,2011-12-31,2011.0,168232374.76,北京市,
54,300282.0,汇冠股份,2011-12-31,2011.0,115623386.4,北京市,
55,300289.0,利德曼,2011-12-31,2011.0,252083942.23,北京市,
56,300318.0,博晖创新,2011-12-31,2011.0,98121947.85,北京市,
57,600008.0,首创股份,2011-12-31,2011.0,3538376656.61,北京市,
58,600011.0,华能国际,2011-12-31,2011.0,133420768944.0,北京市,
59,600055.0,万东医疗,2011-12-31,2011.0,588805176.07,北京市,
60,600062.0,双鹤药业,2011-12-31,2011.0,6383375275.46,北京市,
61,600085.0,同仁堂,2011-12-31,2011.0,6108383711.48,北京市,
62,600100.0,同方股份,2011-12-31,2011.0,20962049866.56,北京市,
63,600118.0,中国卫星,2011-12-31,2011.0,3611261072.42,北京市,
64,600161.0,天坛生物,2011-12-31,2011.0,1394395341.17,北京市,
65,600176.0,中国玻纤,2011-12-31,2011.0,5038391742.61,北京市,
66,600195.0,中牧股份,2011-12-31,2011.0,2842305427.09,北京市,
67,600198.0,大唐电信,2011-12-31,2011.0,4519076736.94,北京市,
68,600206.0,有研硅股,2011-12-31,2011.0,598193696.53,北京市,
69,600271.0,航天信息,2011-12-31,2011.0,11539776579.11,北京市,
70,600288.0,大恒科技,2011-12-31,2011.0,4084484815.58,北京市,
71,600299.0,ST 新材,2011-12-31,2011.0,11394916418.38,北京市,
72,600361.0,华联综超,2011-12-31,2011.0,11450175663.08,北京市,
73,600405.0,动力源,2011-12-31,2011.0,694784203.34,北京市,
74,600435.0,中兵光电,2011-12-31,2011.0,1386544009.92,北京市,
75,600485.0,中创信测,2011-12-31,2011.0,257430184.74,北京市,
76,600560.0,金自天正,2011-12-31,2011.0,1148716574.49,北京市,
77,600578.0,京能热电,2011-12-31,2011.0,3099046376.7,北京市,
78,600582.0,天地科技,2011-12-31,2011.0,12008555062.14,北京市,
79,600764.0,中电广通,2011-12-31,2011.0,1305845742.39,北京市,
80,600855.0,航天长峰,2011-12-31,2011.0,1111957101.13,北京市,
81,600860.0,ST 北人,2011-12-31,2011.0,803873926.57,北京市,
82,600900.0,长江电力,2011-12-31,2011.0,20700377511.27,北京市,
83,600980.0,北矿磁材,2011-12-31,2011.0,289177062.96,北京市,
84,601126.0,四方股份,2011-12-31,2011.0,1686559621.52,北京市,
85,601558.0,华锐风电,2011-12-31,2011.0,9506490078.47,北京市,
86,601600.0,中国铝业,2011-12-31,2011.0,145874433000.0,北京市,
87,601908.0,京运通,2011-12-31,2011.0,1775402299.91,北京市,
88,601991.0,大唐发电,2011-12-31,2011.0,72381865000.0,北京市,
89,601992.0,金隅股份,2011-12-31,2011.0,28744793854.2,北京市,
90,,,,,577819234319.35,北京市 汇总,
91,536.0,华映科技,2011-12-31,2011.0,2182537883.08,福建省,
92,547.0,闽福发A,2011-12-31,2011.0,408753586.7,福建省,
93,993.0,闽东电力,2011-12-31,2011.0,384930148.09,福建省,
94,2102.0,冠福家用,2011-12-31,2011.0,654688453.51,福建省,
95,2222.0,福晶科技,2011-12-31,2011.0,192068830.92,福建省,
96,2300.0,太阳电缆,2011-12-31,2011.0,3488386875.64,福建省,
97,2335.0,科华恒盛,2011-12-31,2011.0,942387893.91,福建省,
98,2396.0,星网锐捷,2011-12-31,2011.0,2644270656.53,福建省,
99,2509.0,天广消防,2011-12-31,2011.0,344711468.75,福建省,
100,2529.0,海源机械,2011-12-31,2011.0,375626430.32,福建省,
101,2578.0,闽发铝业,2011-12-31,2011.0,711325502.97,福建省,
102,2614.0,蒙发利,2011-12-31,2011.0,1886839584.65,福建省,
103,2639.0,雪人股份,2011-12-31,2011.0,303871469.96,福建省,
104,200512.0,闽灿坤B,2011-12-31,2011.0,2914385253.04,福建省,
105,300056.0,三维丝,2011-12-31,2011.0,285846227.9,福建省,
106,300062.0,中能电气,2011-12-31,2011.0,322501567.32,福建省,
107,300102.0,乾照光电,2011-12-31,2011.0,376907978.96,福建省,
108,600163.0,福建南纸,2011-12-31,2011.0,2116314213.86,福建省,
109,600203.0,*ST 福日,2011-12-31,2011.0,2114099563.77,福建省,
110,600388.0,龙净环保,2011-12-31,2011.0,3515235387.5,福建省,
111,600436.0,片仔癀,2011-12-31,2011.0,1021565728.37,福建省,
112,600483.0,福建南纺,2011-12-31,2011.0,1559173923.13,福建省,
113,600549.0,厦门钨业,2011-12-31,2011.0,11910403995.65,福建省,
114,600563.0,法拉电子,2011-12-31,2011.0,1325238015.38,福建省,
115,600592.0,龙溪股份,2011-12-31,2011.0,840950616.74,福建省,
116,600660.0,福耀玻璃,2011-12-31,2011.0,9689410198.0,福建省,
117,600734.0,实达集团,2011-12-31,2011.0,1135663157.28,福建省,
118,600802.0,福建水泥,2011-12-31,2011.0,1875637826.4,福建省,
119,600815.0,厦工股份,2011-12-31,2011.0,11992039858.72,福建省,
120,600870.0,ST 厦华,2011-12-31,2011.0,3253166001.89,福建省,
121,,,,,70768938298.94,福建省 汇总,
122,672.0,*ST 铜城,2011-12-31,2011.0,20278109.77,甘肃省,
123,791.0,西北化工,2011-12-31,2011.0,330154743.47,甘肃省,
124,2185.0,华天科技,2011-12-31,2011.0,1308920880.27,甘肃省,
125,2644.0,佛慈制药,2011-12-31,2011.0,271184334.08,甘肃省,
126,600192.0,长城电工,2011-12-31,2011.0,1836698185.26,甘肃省,
127,600516.0,方大炭素,2011-12-31,2011.0,4526045609.06,甘肃省,
128,600720.0,祁连山,2011-12-31,2011.0,3625421630.34,甘肃省,
129,600886.0,国投电力,2011-12-31,2011.0,21703539229.47,甘肃省,
130,601798.0,蓝科高新,2011-12-31,2011.0,746647554.13,甘肃省,
131,,,,,34368890275.85,甘肃省 汇总,
132,12.0,南玻A,2011-12-31,2011.0,8270731730.0,广东省,
133,16.0,深康佳A,2011-12-31,2011.0,16217619883.23,广东省,
134,20.0,深华发A,2011-12-31,2011.0,875778275.09,广东省,
135,21.0,长城开发,2011-12-31,2011.0,18630380585.04,广东省,
136,23.0,深天地A,2011-12-31,2011.0,800148296.51,广东省,
137,27.0,深圳能源,2011-12-31,2011.0,14387018543.15,广东省,
138,37.0,深南电A,2011-12-31,2011.0,2415817730.35,广东省,
139,40.0,宝安地产,2011-12-31,2011.0,817369601.45,广东省,
140,45.0,深纺织A,2011-12-31,2011.0,712893557.26,广东省,
141,49.0,德赛电池,2011-12-31,2011.0,2246320151.62,广东省,
142,50.0,深天马A,2011-12-31,2011.0,4614967219.0,广东省,
143,60.0,中金岭南,2011-12-31,2011.0,18634032297.78,广东省,
144,63.0,中兴通讯,2011-12-31,2011.0,86254456000.0,广东省,
145,66.0,长城电脑,2011-12-31,2011.0,76467965366.0,广东省,
146,70.0,特发信息,2011-12-31,2011.0,1246862977.91,广东省,
147,100.0,TCL集团,2011-12-31,2011.0,60751550000.0,广东省,
148,513.0,丽珠集团,2011-12-31,2011.0,3162915294.5,广东省,
149,522.0,白云山A,2011-12-31,2011.0,3799133087.54,广东省,
150,527.0,美的电器,2011-12-31,2011.0,93108058260.0,广东省,
151,531.0,穗恒运A,2011-12-31,2011.0,3334672348.63,广东省,
152,533.0,万家乐,2011-12-31,2011.0,2022522310.67,广东省,
153,534.0,万泽股份,2011-12-31,2011.0,199209139.22,广东省,
154,539.0,粤电力A,2011-12-31,2011.0,14620140721.0,广东省,
155,541.0,佛山照明,2011-12-31,2011.0,2260929873.55,广东省,
156,576.0,ST 甘化,2011-12-31,2011.0,387382732.08,广东省,
157,601.0,韶能股份,2011-12-31,2011.0,2109606680.85,广东省,
158,602.0,*ST 金马,2011-12-31,2011.0,5082173210.01,广东省,
159,636.0,风华高科,2011-12-31,2011.0,2081893700.76,广东省,
160,651.0,格力电器,2011-12-31,2011.0,83155474504.59,广东省,
161,685.0,中山公用,2011-12-31,2011.0,794755253.8,广东省,
162,690.0,宝新能源,2011-12-31,2011.0,3515157953.58,广东省,
163,782.0,美达股份,2011-12-31,2011.0,4585611816.4,广东省,
164,823.0,超声电子,2011-12-31,2011.0,3293112968.13,广东省,
165,921.0,ST 科龙,2011-12-31,2011.0,18488663163.12,广东省,
166,999.0,华润三九,2011-12-31,2011.0,5525222936.3,广东省,
167,2005.0,德豪润达,2011-12-31,2011.0,3065480708.7,广东省,
168,2008.0,大族激光,2011-12-31,2011.0,3627965363.76,广东省,
169,2017.0,东信和平,2011-12-31,2011.0,933865061.55,广东省,
170,2030.0,达安基因,2011-12-31,2011.0,457560392.71,广东省,
171,2031.0,巨轮股份,2011-12-31,2011.0,722942002.21,广东省,
172,2035.0,华帝股份,2011-12-31,2011.0,2038683990.84,广东省,
173,2045.0,广州国光,2011-12-31,2011.0,2154386408.0,广东省,
174,2052.0,同洲电子,2011-12-31,2011.0,2014387137.88,广东省,
175,2055.0,得润电子,2011-12-31,2011.0,1509846148.37,广东省,
176,2076.0,雪莱特,2011-12-31,2011.0,474738075.87,广东省,
177,2106.0,莱宝高科,2011-12-31,2011.0,1236554632.81,广东省,
178,2121.0,科陆电子,2011-12-31,2011.0,1121783606.22,广东省,
179,2130.0,沃尔核材,2011-12-31,2011.0,648029298.95,广东省,
180,2137.0,实益达,2011-12-31,2011.0,1724022511.55,广东省,
181,2138.0,顺络电子,2011-12-31,2011.0,550434646.48,广东省,
182,2139.0,拓邦股份,2011-12-31,2011.0,970984233.19,广东省,
183,2141.0,蓉胜超微,2011-12-31,2011.0,1122015649.82,广东省,
184,2152.0,广电运通,2011-12-31,2011.0,2089467431.67,广东省,
185,2161.0,远望谷,2011-12-31,2011.0,320677836.21,广东省,
186,2167.0,东方锆业,2011-12-31,2011.0,549534221.25,广东省,
187,2169.0,智光电气,2011-12-31,2011.0,513990067.17,广东省,
188,2177.0,御银股份,2011-12-31,2011.0,741457812.06,广东省,
189,2180.0,万力达,2011-12-31,2011.0,158088424.32,广东省,
190,2198.0,嘉应制药,2011-12-31,2011.0,85913205.95,广东省,
191,2209.0,达意隆,2011-12-31,2011.0,677440111.16,广东省,
192,2218.0,拓日新能,2011-12-31,2011.0,478086568.66,广东省,
193,2227.0,奥特迅,2011-12-31,2011.0,173973567.02,广东省,
194,2233.0,塔牌集团,2011-12-31,2011.0,4136736258.99,广东省,
195,2240.0,威华股份,2011-12-31,2011.0,1896900269.13,广东省,
196,2249.0,大洋电机,2011-12-31,2011.0,2359348319.23,广东省,
197,2256.0,彩虹精化,2011-12-31,2011.0,419433022.16,广东省,
198,2260.0,伊立浦,2011-12-31,2011.0,743443979.74,广东省,
199,2288.0,超华科技,2011-12-31,2011.0,417146552.82,广东省,
200,2289.0,宇顺电子,2011-12-31,2011.0,849204551.09,广东省,
201,2294.0,信立泰,2011-12-31,2011.0,1474884526.25,广东省,
202,2295.0,精艺股份,2011-12-31,2011.0,2549312346.8,广东省,
203,2308.0,威创股份,2011-12-31,2011.0,909991943.76,广东省,
204,2313.0,日海通讯,2011-12-31,2011.0,1333112131.14,广东省,
205,2317.0,众生药业,2011-12-31,2011.0,750643827.59,广东省,
206,2334.0,英威腾,2011-12-31,2011.0,689808328.52,广东省,
207,2351.0,漫步者,2011-12-31,2011.0,830587303.35,广东省,
208,2369.0,卓翼科技,2011-12-31,2011.0,1237597176.77,广东省,
209,2387.0,黑牛食品,2011-12-31,2011.0,857204906.2,广东省,
210,2388.0,新亚制程,2011-12-31,2011.0,569444885.34,广东省,
211,2399.0,海普瑞,2011-12-31,2011.0,2494581271.92,广东省,
212,2402.0,和而泰,2011-12-31,2011.0,500678638.74,广东省,
213,2429.0,兆驰股份,2011-12-31,2011.0,4473464458.16,广东省,
214,2433.0,太安堂,2011-12-31,2011.0,417367363.6,广东省,
215,2436.0,兴森科技,2011-12-31,2011.0,957890730.76,广东省,
216,2446.0,盛路通信,2011-12-31,2011.0,389437196.93,广东省,
217,2449.0,国星光电,2011-12-31,2011.0,1075638871.56,广东省,
218,2456.0,欧菲光,2011-12-31,2011.0,1245198774.6,广东省,
219,2465.0,海格通信,2011-12-31,2011.0,999597698.02,广东省,
220,2475.0,立讯精密,2011-12-31,2011.0,2555567715.02,广东省,
221,2512.0,达华智能,2011-12-31,2011.0,311126531.01,广东省,
222,2518.0,科士达,2011-12-31,2011.0,937491018.21,广东省,
223,2528.0,英飞拓,2011-12-31,2011.0,354913551.01,广东省,
224,2543.0,万和电气,2011-12-31,2011.0,2629765090.63,广东省,
225,2551.0,尚荣医疗,2011-12-31,2011.0,348427757.95,广东省,
226,2577.0,雷柏科技,2011-12-31,2011.0,564549476.71,广东省,
227,2579.0,中京电子,2011-12-31,2011.0,408469683.55,广东省,
228,2583.0,海能达,2011-12-31,2011.0,1243451534.72,广东省,
229,2587.0,奥拓电子,2011-12-31,2011.0,230168248.09,广东省,
230,2600.0,江粉磁材,2011-12-31,2011.0,895970399.83,广东省,
231,2611.0,东方精工,2011-12-31,2011.0,361220699.85,广东省,
232,2618.0,丹邦科技,2011-12-31,2011.0,269103155.09,广东省,
233,2638.0,勤上光电,2011-12-31,2011.0,769304207.24,广东省,
234,300004.0,南风股份,2011-12-31,2011.0,448655611.47,广东省,
235,300014.0,亿纬锂能,2011-12-31,2011.0,477212855.95,广东省,
236,300030.0,阳普医疗,2011-12-31,2011.0,249639335.34,广东省,
237,300042.0,朗科科技,2011-12-31,2011.0,233592397.16,广东省,
238,300053.0,欧比特,2011-12-31,2011.0,178087062.31,广东省,
239,300057.0,万顺股份,2011-12-31,2011.0,630491802.79,广东省,
240,300077.0,国民技术,2011-12-31,2011.0,571376200.87,广东省,
241,300083.0,劲胜股份,2011-12-31,2011.0,1341674441.09,广东省,
242,300089.0,长城集团,2011-12-31,2011.0,407928670.0,广东省,
243,300093.0,金刚玻璃,2011-12-31,2011.0,348751114.18,广东省,
244,300112.0,万讯自控,2011-12-31,2011.0,188241367.22,广东省,
245,300115.0,长盈精密,2011-12-31,2011.0,783168738.13,广东省,
246,300124.0,汇川技术,2011-12-31,2011.0,1054026834.36,广东省,
247,300130.0,新国都,2011-12-31,2011.0,341596897.96,广东省,
248,300134.0,大富科技,2011-12-31,2011.0,989501862.46,广东省,
249,300136.0,信维通信,2011-12-31,2011.0,162976630.43,广东省,
250,300147.0,香雪制药,2011-12-31,2011.0,616090220.86,广东省,
251,300151.0,昌红科技,2011-12-31,2011.0,342795871.69,广东省,
252,300154.0,瑞凌股份,2011-12-31,2011.0,759514864.86,广东省,
253,300155.0,安居宝,2011-12-31,2011.0,253216897.2,广东省,
254,300162.0,雷曼光电,2011-12-31,2011.0,263749973.73,广东省,
255,300173.0,松德股份,2011-12-31,2011.0,238264883.64,广东省,
256,300177.0,中海达,2011-12-31,2011.0,309633382.63,广东省,
257,300186.0,大华农,2011-12-31,2011.0,715631708.33,广东省,
258,300193.0,佳士科技,2011-12-31,2011.0,594110088.63,广东省,
259,300199.0,翰宇药业,2011-12-31,2011.0,165681027.94,广东省,
260,300206.0,理邦仪器,2011-12-31,2011.0,375294090.31,广东省,
261,300207.0,欣旺达,2011-12-31,2011.0,1031493577.35,广东省,
262,300219.0,鸿利光电,2011-12-31,2011.0,549053825.88,广东省,
263,300227.0,光韵达,2011-12-31,2011.0,128730603.49,广东省,
264,300232.0,洲明科技,2011-12-31,2011.0,532155561.88,广东省,
265,300238.0,冠昊生物,2011-12-31,2011.0,128510115.89,广东省,
266,300241.0,瑞丰光电,2011-12-31,2011.0,291378193.8,广东省,
267,300246.0,宝莱特,2011-12-31,2011.0,158103676.23,广东省,
268,300252.0,金信诺,2011-12-31,2011.0,505886671.79,广东省,
269,300273.0,和佳股份,2011-12-31,2011.0,488746323.11,广东省,
270,300281.0,金明精机,2011-12-31,2011.0,262967302.53,广东省,
271,600098.0,广州控股,2011-12-31,2011.0,10817527588.41,广东省,
272,600183.0,生益科技,2011-12-31,2011.0,5876903981.4,广东省,
273,600332.0,广州药业,2011-12-31,2011.0,5439611618.46,广东省,
274,600380.0,健康元,2011-12-31,2011.0,4791513530.93,广东省,
275,600499.0,科达机电,2011-12-31,2011.0,2492549075.22,广东省,
276,600518.0,康美药业,2011-12-31,2011.0,6080507225.35,广东省,
277,600525.0,长园集团,2011-12-31,2011.0,1940693566.5,广东省,
278,600868.0,ST 梅雁,2011-12-31,2011.0,655629693.81,广东省,
279,600894.0,广钢股份,2011-12-31,2011.0,6181009421.36,广东省,
280,601139.0,深圳燃气,2011-12-31,2011.0,8112452908.66,广东省,
281,,,,,710997370979.17,广东省 汇总,
282,528.0,柳工,2011-12-31,2011.0,17878280085.86,广西壮族自治区,
283,703.0,恒逸石化,2011-12-31,2011.0,31513003170.84,广西壮族自治区,
284,806.0,银河科技,2011-12-31,2011.0,957576055.58,广西壮族自治区,
285,953.0,ST 河化,2011-12-31,2011.0,760362685.76,广西壮族自治区,
286,2166.0,莱茵生物,2011-12-31,2011.0,127160740.58,广西壮族自治区,
287,2175.0,广陆数测,2011-12-31,2011.0,161963099.68,广西壮族自治区,
288,2275.0,桂林三金,2011-12-31,2011.0,1161780761.88,广西壮族自治区,
289,600236.0,桂冠电力,2011-12-31,2011.0,3837630896.12,广西壮族自治区,
290,600252.0,中恒集团,2011-12-31,2011.0,1150551265.54,广西壮族自治区,
291,600310.0,桂东电力,2011-12-31,2011.0,2056279180.13,广西壮族自治区,
292,,,,,59604587941.97,广西壮族自治区 汇总,
293,733.0,振华科技,2011-12-31,2011.0,3339397310.92,贵州省,
294,2025.0,航天电器,2011-12-31,2011.0,860194935.1,贵州省,
295,2039.0,黔源电力,2011-12-31,2011.0,976872950.64,贵州省,
296,2390.0,信邦制药,2011-12-31,2011.0,361864803.52,贵州省,
297,2424.0,贵州百灵,2011-12-31,2011.0,1138426679.15,贵州省,
298,600112.0,长征电气,2011-12-31,2011.0,474120679.01,贵州省,
299,600145.0,ST 国创,2011-12-31,2011.0,163140797.3,贵州省,
300,600227.0,赤天化,2011-12-31,2011.0,1960950050.36,贵州省,
301,600594.0,益佰制药,2011-12-31,2011.0,1903335252.07,贵州省,
302,,,,,11178303458.07,贵州省 汇总,
303,566.0,海南海药,2011-12-31,2011.0,721847493.42,海南省,
304,657.0,*ST 中钨,2011-12-31,2011.0,1448802290.75,海南省,
305,2596.0,海南瑞泽,2011-12-31,2011.0,713966437.11,海南省,
306,300086.0,康芝药业,2011-12-31,2011.0,304241891.2,海南省,
307,,,,,3188858112.48,海南省 汇总,
308,401.0,冀东水泥,2011-12-31,2011.0,15728165471.61,河北省,
309,413.0,宝石A,2011-12-31,2011.0,104425459.95,河北省,
310,600.0,建投能源,2011-12-31,2011.0,6032156325.15,河北省,
311,687.0,保定天鹅,2011-12-31,2011.0,966298045.21,河北省,
312,856.0,ST 唐陶,2011-12-31,2011.0,2211060276.62,河北省,
313,2049.0,晶源电子,2011-12-31,2011.0,287686403.22,河北省,
314,2282.0,博深工具,2011-12-31,2011.0,560991753.02,河北省,
315,2459.0,天业通联,2011-12-31,2011.0,999390057.88,河北省,
316,2603.0,以岭药业,2011-12-31,2011.0,1953211430.93,河北省,
317,300137.0,先河环保,2011-12-31,2011.0,146557775.63,河北省,
318,300255.0,常山药业,2011-12-31,2011.0,423479330.56,河北省,
319,600149.0,*ST 建通,2011-12-31,2011.0,6571812.0,河北省,
320,600550.0,天威保变,2011-12-31,2011.0,5345826411.51,河北省,
321,600803.0,威远生化,2011-12-31,2011.0,1777703844.83,河北省,
322,600812.0,华北制药,2011-12-31,2011.0,12136745653.46,河北省,
323,,,,,48680270051.58,河北省 汇总,
324,400.0,许继电气,2011-12-31,2011.0,4362305057.28,河南省,
325,544.0,中原环保,2011-12-31,2011.0,392886702.17,河南省,
326,612.0,焦作万方,2011-12-31,2011.0,5969513086.88,河南省,
327,933.0,神火股份,2011-12-31,2011.0,30699073305.39,河南省,
328,949.0,新乡化纤,2011-12-31,2011.0,3968552504.44,河南省,
329,1896.0,豫能控股,2011-12-31,2011.0,4411452070.63,河南省,
330,2007.0,华兰生物,2011-12-31,2011.0,961395932.25,河南省,
331,2046.0,轴研科技,2011-12-31,2011.0,616155474.26,河南省,
332,2179.0,中航光电,2011-12-31,2011.0,1866358387.54,河南省,
333,2189.0,利达光电,2011-12-31,2011.0,489724650.72,河南省,
334,2225.0,濮耐股份,2011-12-31,2011.0,2020548329.18,河南省,
335,2296.0,辉煌科技,2011-12-31,2011.0,344955214.37,河南省,
336,2358.0,森源电气,2011-12-31,2011.0,710158450.56,河南省,
337,2535.0,林州重机,2011-12-31,2011.0,1102927300.72,河南省,
338,2560.0,通达股份,2011-12-31,2011.0,965043132.16,河南省,
339,2613.0,北玻股份,2011-12-31,2011.0,855041342.81,河南省,
340,300007.0,汉威电子,2011-12-31,2011.0,261311217.63,河南省,
341,300064.0,豫金刚石,2011-12-31,2011.0,464507916.97,河南省,
342,300080.0,新大新材,2011-12-31,2011.0,1635082870.63,河南省,
343,300179.0,四方达,2011-12-31,2011.0,109824711.45,河南省,
344,300259.0,新天科技,2011-12-31,2011.0,235820738.65,河南省,
345,300263.0,隆华传热,2011-12-31,2011.0,443522857.73,河南省,
346,600172.0,黄河旋风,2011-12-31,2011.0,1019154065.29,河南省,
347,600207.0,ST 安彩,2011-12-31,2011.0,1156447660.31,河南省,
348,600222.0,太龙药业,2011-12-31,2011.0,980781774.05,河南省,
349,600253.0,天方药业,2011-12-31,2011.0,2925103451.14,河南省,
350,600285.0,羚锐制药,2011-12-31,2011.0,448778162.29,河南省,
351,600312.0,平高电气,2011-12-31,2011.0,2525285388.58,河南省,
352,600531.0,豫光金铅,2011-12-31,2011.0,11667991554.08,河南省,
353,600595.0,中孚实业,2011-12-31,2011.0,13185901429.61,河南省,
354,600810.0,神马股份,2011-12-31,2011.0,15264805403.85,河南省,
355,600876.0,洛阳玻璃,2011-12-31,2011.0,920942939.77,河南省,
356,601677.0,明泰铝业,2011-12-31,2011.0,6573460154.73,河南省,
357,,,,,119554813238.12,河南省 汇总,
358,922.0,ST 阿继,2011-12-31,2011.0,121342927.81,黑龙江省,
359,2437.0,誉衡药业,2011-12-31,2011.0,546364548.22,黑龙江省,
360,300040.0,九洲电气,2011-12-31,2011.0,566598817.6,黑龙江省,
361,600187.0,国中水务,2011-12-31,2011.0,305316525.37,黑龙江省,
362,600202.0,哈空调,2011-12-31,2011.0,841740659.98,黑龙江省,
363,600664.0,哈药股份,2011-12-31,2011.0,13486960374.65,黑龙江省,
364,600726.0,华电能源,2011-12-31,2011.0,9738543811.14,黑龙江省,
365,601106.0,中国一重,2011-12-31,2011.0,8749200826.12,黑龙江省,
366,,,,,34356068490.89,黑龙江省 汇总,
367,670.0,S*ST 天发,2011-12-31,2011.0,55683008.59,湖北省,
368,678.0,襄阳轴承,2011-12-31,2011.0,873149219.39,湖北省,
369,821.0,京山轻机,2011-12-31,2011.0,672960553.95,湖北省,
370,852.0,江钻股份,2011-12-31,2011.0,1584602145.74,湖北省,
371,883.0,湖北能源,2011-12-31,2011.0,9607545337.89,湖北省,
372,939.0,凯迪电力,2011-12-31,2011.0,2686728478.7,湖北省,
373,952.0,广济药业,2011-12-31,2011.0,453316737.81,湖北省,
374,966.0,长源电力,2011-12-31,2011.0,7907603137.46,湖北省,
375,988.0,华工科技,2011-12-31,2011.0,2201783887.29,湖北省,
376,2194.0,武汉凡谷,2011-12-31,2011.0,1000463968.92,湖北省,
377,2281.0,光迅科技,2011-12-31,2011.0,1107245261.91,湖北省,
378,2365.0,永安药业,2011-12-31,2011.0,417014860.27,湖北省,
379,2414.0,高德红外,2011-12-31,2011.0,306760468.15,湖北省,
380,200770.0,*ST 武锅B,2011-12-31,2011.0,518177439.7,湖北省,
381,300018.0,中元华电,2011-12-31,2011.0,178904387.35,湖北省,
382,300046.0,台基股份,2011-12-31,2011.0,322939014.03,湖北省,
383,300161.0,华中数控,2011-12-31,2011.0,425229093.78,湖北省,
384,300205.0,天喻信息,2011-12-31,2011.0,656021927.02,湖北省,
385,300220.0,金运激光,2011-12-31,2011.0,140278888.81,湖北省,
386,300276.0,三丰智能,2011-12-31,2011.0,282549616.02,湖北省,
387,300278.0,华昌达,2011-12-31,2011.0,343809917.4,湖北省,
388,600079.0,人福医药,2011-12-31,2011.0,3621436051.83,湖北省,
389,600168.0,武汉控股,2011-12-31,2011.0,277253601.56,湖北省,
390,600184.0,光电股份,2011-12-31,2011.0,1961589451.71,湖北省,
391,600260.0,凯乐科技,2011-12-31,2011.0,1532820379.5,湖北省,
392,600293.0,三峡新材,2011-12-31,2011.0,1088897829.34,湖北省,
393,600345.0,长江通信,2011-12-31,2011.0,1064710775.16,湖北省,
394,600355.0,ST 精伦,2011-12-31,2011.0,257848900.29,湖北省,
395,600421.0,ST 国药,2011-12-31,2011.0,10756220.13,湖北省,
396,600498.0,烽火通信,2011-12-31,2011.0,7051573294.35,湖北省,
397,600566.0,洪城股份,2011-12-31,2011.0,240469821.14,湖北省,
398,600568.0,中珠控股,2011-12-31,2011.0,464148862.45,湖北省,
399,600681.0,ST 万鸿,2011-12-31,2011.0,17349564.72,湖北省,
400,600703.0,三安光电,2011-12-31,2011.0,1747311965.64,湖北省,
401,600745.0,中茵股份,2011-12-31,2011.0,674966386.0,湖北省,
402,600769.0,ST 祥龙,2011-12-31,2011.0,990906754.23,湖北省,
403,600801.0,华新水泥,2011-12-31,2011.0,12638039183.0,湖北省,
404,600879.0,航天电子,2011-12-31,2011.0,3508897565.37,湖北省,
405,600885.0,ST 力阳,2011-12-31,2011.0,608605919.2,湖北省,
406,600993.0,马应龙,2011-12-31,2011.0,1415545180.08,湖北省,
407,601311.0,骆驼股份,2011-12-31,2011.0,3068162274.81,湖北省,
408,900956.0,东贝B股,2011-12-31,2011.0,3995831414.68,湖北省,
409,,,,,77979888745.37,湖北省 汇总,
410,157.0,中联重科,2011-12-31,2011.0,46322580713.2,湖南省,
411,519.0,江南红箭,2011-12-31,2011.0,348095637.1,湖南省,
412,590.0,紫光古汉,2011-12-31,2011.0,343508517.61,湖南省,
413,622.0,S*ST 恒立,2011-12-31,2011.0,120768327.57,湖南省,
414,722.0,*ST 金果,2011-12-31,2011.0,188104562.91,湖南省,
415,748.0,长城信息,2011-12-31,2011.0,1177250421.0,湖南省,
416,908.0,ST 天一,2011-12-31,2011.0,139030825.33,湖南省,
417,989.0,九芝堂,2011-12-31,2011.0,1149805563.04,湖南省,
418,2097.0,山河智能,2011-12-31,2011.0,3089671450.09,湖南省,
419,2297.0,博云新材,2011-12-31,2011.0,298083187.28,湖南省,
420,2412.0,汉森制药,2011-12-31,2011.0,400786021.88,湖南省,
421,2452.0,长高集团,2011-12-31,2011.0,349489865.45,湖南省,
422,2523.0,天桥起重,2011-12-31,2011.0,624360046.37,湖南省,
423,2533.0,金杯电工,2011-12-31,2011.0,2514490727.49,湖南省,
424,300035.0,中科电气,2011-12-31,2011.0,238412960.2,湖南省,
425,300216.0,千山药机,2011-12-31,2011.0,263707181.96,湖南省,
426,300267.0,尔康制药,2011-12-31,2011.0,608416476.46,湖南省,
427,600031.0,三一重工,2011-12-31,2011.0,50776301487.57,湖南省,
428,600416.0,湘电股份,2011-12-31,2011.0,6247508383.0,湖南省,
429,600478.0,科力远,2011-12-31,2011.0,2382430758.37,湖南省,
430,600479.0,千金药业,2011-12-31,2011.0,1256527271.35,湖南省,
431,600744.0,华银电力,2011-12-31,2011.0,9837010731.52,湖南省,
432,600961.0,株冶集团,2011-12-31,2011.0,11722697829.11,湖南省,
433,600969.0,郴电国际,2011-12-31,2011.0,1855710757.32,湖南省,
434,601636.0,旗滨集团,2011-12-31,2011.0,2035818327.97,湖南省,
435,,,,,144290568031.15,湖南省 汇总,
436,420.0,吉林化纤,2011-12-31,2011.0,2317139157.57,吉林省,
437,623.0,吉林敖东,2011-12-31,2011.0,1145230667.95,吉林省,
438,661.0,长春高新,2011-12-31,2011.0,1294589294.77,吉林省,
439,669.0,领先科技,2011-12-31,2011.0,15846310.25,吉林省,
440,766.0,通化金马,2011-12-31,2011.0,181471111.79,吉林省,
441,875.0,吉电股份,2011-12-31,2011.0,4557355772.4,吉林省,
442,2118.0,紫鑫药业,2011-12-31,2011.0,927619550.21,吉林省,
443,2338.0,奥普光电,2011-12-31,2011.0,224629776.55,吉林省,
444,2501.0,利源铝业,2011-12-31,2011.0,1234951781.1,吉林省,
445,2566.0,益盛药业,2011-12-31,2011.0,528925262.18,吉林省,
446,2622.0,永大集团,2011-12-31,2011.0,365388748.09,吉林省,
447,300108.0,双龙股份,2011-12-31,2011.0,126594124.16,吉林省,
448,600110.0,中科英华,2011-12-31,2011.0,1240205830.3,吉林省,
449,600333.0,长春燃气,2011-12-31,2011.0,1810859563.4,吉林省,
450,600360.0,华微电子,2011-12-31,2011.0,1098115639.16,吉林省,
451,600432.0,吉恩镍业,2011-12-31,2011.0,2792657662.21,吉林省,
452,600856.0,长百集团,2011-12-31,2011.0,366951439.76,吉林省,
453,600867.0,通化东宝,2011-12-31,2011.0,784499202.67,吉林省,
454,600881.0,亚泰集团,2011-12-31,2011.0,11699819780.52,吉林省,
455,,,,,32712850675.04,吉林省 汇总,
456,301.0,东方市场,2011-12-31,2011.0,1072621700.65,江苏省,
457,418.0,小天鹅A,2011-12-31,2011.0,10975621704.52,江苏省,
458,421.0,南京中北,2011-12-31,2011.0,1535234050.52,江苏省,
459,425.0,徐工机械,2011-12-31,2011.0,32971069794.82,江苏省,
460,518.0,四环生物,2011-12-31,2011.0,244142021.81,江苏省,
461,570.0,苏常柴A,2011-12-31,2011.0,3137504065.35,江苏省,
462,727.0,华东科技,2011-12-31,2011.0,693687701.8,江苏省,
463,777.0,中核科技,2011-12-31,2011.0,727909594.7,江苏省,
464,816.0,江淮动力,2011-12-31,2011.0,2527068359.45,江苏省,
465,919.0,金陵药业,2011-12-31,2011.0,2257022777.82,江苏省,
466,936.0,华西村,2011-12-31,2011.0,3515826754.89,江苏省,
467,2009.0,天奇股份,2011-12-31,2011.0,1544368211.83,江苏省,
468,2015.0,霞客环保,2011-12-31,2011.0,1856444906.53,江苏省,
469,2074.0,东源电器,2011-12-31,2011.0,610285656.4,江苏省,
470,2077.0,大港股份,2011-12-31,2011.0,2578346213.73,江苏省,
471,2079.0,苏州固锝,2011-12-31,2011.0,835505922.02,江苏省,
472,2080.0,中材科技,2011-12-31,2011.0,2531445756.17,江苏省,
473,2089.0,新海宜,2011-12-31,2011.0,785072411.27,江苏省,
474,2090.0,金智科技,2011-12-31,2011.0,765225203.36,江苏省,
475,2104.0,恒宝股份,2011-12-31,2011.0,774945267.18,江苏省,
476,2156.0,通富微电,2011-12-31,2011.0,1622046684.09,江苏省,
477,2160.0,常铝股份,2011-12-31,2011.0,2053566646.9,江苏省,
478,2172.0,澳洋科技,2011-12-31,2011.0,3823992558.68,江苏省,
479,2182.0,云海金属,2011-12-31,2011.0,3534221377.48,江苏省,
480,2201.0,九鼎新材,2011-12-31,2011.0,649193674.08,江苏省,
481,2223.0,鱼跃医疗,2011-12-31,2011.0,1170516108.51,江苏省,
482,2245.0,澳洋顺昌,2011-12-31,2011.0,1749080863.64,江苏省,
483,2255.0,海陆重工,2011-12-31,2011.0,1372790206.42,江苏省,
484,2262.0,恩华药业,2011-12-31,2011.0,1587499732.16,江苏省,
485,2290.0,禾盛新材,2011-12-31,2011.0,1136685490.48,江苏省,
486,2309.0,中利科技,2011-12-31,2011.0,4798798090.41,江苏省,
487,2333.0,罗普斯金,2011-12-31,2011.0,1104988534.84,江苏省,
488,2349.0,精华制药,2011-12-31,2011.0,375502222.79,江苏省,
489,2367.0,康力电梯,2011-12-31,2011.0,1602737583.71,江苏省,
490,2384.0,东山精密,2011-12-31,2011.0,1176966839.7,江苏省,
491,2411.0,九九久,2011-12-31,2011.0,1049017729.66,江苏省,
492,2413.0,常发股份,2011-12-31,2011.0,1736920681.79,江苏省,
493,2426.0,胜利精密,2011-12-31,2011.0,1566925048.5,江苏省,
494,2435.0,长江润发,2011-12-31,2011.0,1119745957.14,江苏省,
495,2438.0,江苏神通,2011-12-31,2011.0,377715528.25,江苏省,
496,2463.0,沪电股份,2011-12-31,2011.0,3136943105.0,江苏省,
497,2471.0,中超电缆,2011-12-31,2011.0,1814660612.73,江苏省,
498,2483.0,润邦股份,2011-12-31,2011.0,1784686686.53,江苏省,
499,2484.0,江海股份,2011-12-31,2011.0,1036725639.18,江苏省,
500,2491.0,通鼎光电,2011-12-31,2011.0,1861610592.14,江苏省,
501,2499.0,科林环保,2011-12-31,2011.0,390631160.28,江苏省,
502,2519.0,银河电子,2011-12-31,2011.0,1014390506.13,江苏省,
503,2531.0,天顺风能,2011-12-31,2011.0,941792194.23,江苏省,
504,2540.0,亚太科技,2011-12-31,2011.0,1299312761.06,江苏省,
505,2546.0,新联电子,2011-12-31,2011.0,468720891.34,江苏省,
506,2550.0,千红制药,2011-12-31,2011.0,737652806.14,江苏省,
507,2553.0,南方轴承,2011-12-31,2011.0,229934196.56,江苏省,
508,2559.0,亚威股份,2011-12-31,2011.0,852689751.43,江苏省,
509,2576.0,通达动力,2011-12-31,2011.0,948173790.19,江苏省,
510,2608.0,舜天船舶,2011-12-31,2011.0,2600979927.26,江苏省,
511,2610.0,爱康科技,2011-12-31,2011.0,1524113975.03,江苏省,
512,2623.0,亚玛顿,2011-12-31,2011.0,578812058.81,江苏省,
513,2635.0,安洁科技,2011-12-31,2011.0,474246811.02,江苏省,
514,2645.0,华宏科技,2011-12-31,2011.0,569296192.3,江苏省,
515,200468.0,宁通信B,2011-12-31,2011.0,2529647759.86,江苏省,
516,300029.0,天龙光电,2011-12-31,2011.0,841718020.0,江苏省,
517,300091.0,金通灵,2011-12-31,2011.0,737000837.96,江苏省,
518,300128.0,锦富新材,2011-12-31,2011.0,1193721712.93,江苏省,
519,300141.0,和顺电气,2011-12-31,2011.0,191726587.03,江苏省,
520,300160.0,秀强股份,2011-12-31,2011.0,795610656.25,江苏省,
521,300165.0,天瑞仪器,2011-12-31,2011.0,300688978.43,江苏省,
522,300196.0,长海股份,2011-12-31,2011.0,443589696.34,江苏省,
523,300201.0,海伦哲,2011-12-31,2011.0,252560328.44,江苏省,
524,300211.0,亿通科技,2011-12-31,2011.0,225282117.13,江苏省,
525,300217.0,东方电热,2011-12-31,2011.0,715875993.38,江苏省,
526,300228.0,富瑞特装,2011-12-31,2011.0,804372312.45,江苏省,
527,300260.0,新莱应材,2011-12-31,2011.0,314843862.9,江苏省,
528,300265.0,通光线缆,2011-12-31,2011.0,649848268.02,江苏省,
529,300279.0,和晶科技,2011-12-31,2011.0,313439230.54,江苏省,
530,600074.0,*ST 中达,2011-12-31,2011.0,1963123263.22,江苏省,
531,600105.0,永鼎股份,2011-12-31,2011.0,1912491211.03,江苏省,
532,600200.0,江苏吴中,2011-12-31,2011.0,3875287512.71,江苏省,
533,600268.0,国电南自,2011-12-31,2011.0,3204148957.15,江苏省,
534,600276.0,恒瑞医药,2011-12-31,2011.0,4550391768.99,江苏省,
535,600401.0,*ST 申龙,2011-12-31,2011.0,7131689703.14,江苏省,
536,600481.0,双良节能,2011-12-31,2011.0,5132038885.8,江苏省,
537,600487.0,亨通光电,2011-12-31,2011.0,6688643740.85,江苏省,
538,600513.0,联环药业,2011-12-31,2011.0,324214970.12,江苏省,
539,600522.0,中天科技,2011-12-31,2011.0,4873970523.76,江苏省,
540,600527.0,江南高纤,2011-12-31,2011.0,1751269285.66,江苏省,
541,600557.0,康缘药业,2011-12-31,2011.0,1537777598.95,江苏省,
542,600562.0,ST 高陶,2011-12-31,2011.0,295376506.1,江苏省,
543,600584.0,长电科技,2011-12-31,2011.0,3762432529.9,江苏省,
544,600775.0,南京熊猫,2011-12-31,2011.0,2142395293.37,江苏省,
545,600854.0,ST 春兰,2011-12-31,2011.0,956327359.39,江苏省,
546,600889.0,南京化纤,2011-12-31,2011.0,1501264153.93,江苏省,
547,600973.0,宝胜股份,2011-12-31,2011.0,6935120855.27,江苏省,
548,601100.0,恒立油缸,2011-12-31,2011.0,1133391067.28,江苏省,
549,601199.0,江南水务,2011-12-31,2011.0,521336292.66,江苏省,
550,601218.0,吉鑫科技,2011-12-31,2011.0,1583137858.78,江苏省,
551,601222.0,林洋电子,2011-12-31,2011.0,1695633959.97,江苏省,
552,601313.0,江南嘉捷,2011-12-31,2011.0,1667528509.18,江苏省,
553,,,,,203262551460.28,江苏省 汇总,
554,404.0,华意压缩,2011-12-31,2011.0,5367952706.23,江西省,
555,650.0,仁和药业,2011-12-31,2011.0,2207708539.06,江西省,
556,789.0,江西水泥,2011-12-31,2011.0,5648632923.54,江西省,
557,899.0,赣能股份,2011-12-31,2011.0,2589605502.21,江西省,
558,2176.0,江特电机,2011-12-31,2011.0,732317852.29,江西省,
559,2378.0,章源钨业,2011-12-31,2011.0,1936617166.87,江西省,
560,2460.0,赣锋锂业,2011-12-31,2011.0,474978594.99,江西省,
561,300066.0,三川股份,2011-12-31,2011.0,463695064.13,江西省,
562,300095.0,华伍股份,2011-12-31,2011.0,303953659.44,江西省,
563,600071.0,凤凰光学,2011-12-31,2011.0,1483343106.67,江西省,
564,600362.0,江西铜业,2011-12-31,2011.0,117640988933.0,江西省,
565,600363.0,联创光电,2011-12-31,2011.0,1170594907.03,江西省,
566,600461.0,洪城水业,2011-12-31,2011.0,993184081.34,江西省,
567,600590.0,泰豪科技,2011-12-31,2011.0,2966830177.66,江西省,
568,600750.0,江中药业,2011-12-31,2011.0,2647303929.25,江西省,
569,,,,,146627707143.71,江西省 汇总,
570,410.0,沈阳机床,2011-12-31,2011.0,9610842893.48,辽宁省,
571,511.0,银基发展,2011-12-31,2011.0,535709410.8,辽宁省,
572,530.0,大冷股份,2011-12-31,2011.0,1863253549.47,辽宁省,
573,585.0,东北电气,2011-12-31,2011.0,248679812.93,辽宁省,
574,597.0,东北制药,2011-12-31,2011.0,3882776533.36,辽宁省,
575,633.0,ST 合金,2011-12-31,2011.0,139460312.23,辽宁省,
576,692.0,惠天热电,2011-12-31,2011.0,1345945211.0,辽宁省,
577,751.0,锌业股份,2011-12-31,2011.0,6899180778.22,辽宁省,
578,2204.0,大连重工,2011-12-31,2011.0,12608443674.33,辽宁省,
579,2231.0,奥维通信,2011-12-31,2011.0,526203154.87,辽宁省,
580,2606.0,大连电瓷,2011-12-31,2011.0,650946151.48,辽宁省,
581,200706.0,瓦轴B,2011-12-31,2011.0,3246031112.92,辽宁省,
582,300024.0,机器人,2011-12-31,2011.0,783560295.36,辽宁省,
583,300097.0,智云股份,2011-12-31,2011.0,117622146.35,辽宁省,
584,300125.0,易世达,2011-12-31,2011.0,535916060.59,辽宁省,
585,300202.0,聚龙股份,2011-12-31,2011.0,249442704.03,辽宁省,
586,300210.0,森远股份,2011-12-31,2011.0,202890132.77,辽宁省,
587,600167.0,联美控股,2011-12-31,2011.0,406194543.56,辽宁省,
588,600241.0,时代万恒,2011-12-31,2011.0,1650002222.0,辽宁省,
589,600346.0,大橡塑,2011-12-31,2011.0,935857353.84,辽宁省,
590,600396.0,金山股份,2011-12-31,2011.0,3218255699.24,辽宁省,
591,600719.0,大连热电,2011-12-31,2011.0,665332643.72,辽宁省,
592,600795.0,国电电力,2011-12-31,2011.0,50557625192.49,辽宁省,
593,,,,,100880171589.04,辽宁省 汇总,
594,300049.0,福瑞股份,2011-12-31,2011.0,301658211.97,内蒙古自治区,
595,300239.0,东宝生物,2011-12-31,2011.0,207548143.71,内蒙古自治区,
596,600111.0,包钢稀土,2011-12-31,2011.0,11528262123.99,内蒙古自治区,
597,600201.0,金宇集团,2011-12-31,2011.0,576140310.2,内蒙古自治区,
598,600262.0,北方股份,2011-12-31,2011.0,2110531570.92,内蒙古自治区,
599,600863.0,内蒙华电,2011-12-31,2011.0,7233432140.9,内蒙古自治区,
600,,,,,21957572501.69,内蒙古自治区 汇总,
601,595.0,*ST 西轴,2011-12-31,2011.0,476222556.24,宁夏回族自治区,
602,862.0,银星能源,2011-12-31,2011.0,1583935279.83,宁夏回族自治区,
603,962.0,东方钽业,2011-12-31,2011.0,2323860786.64,宁夏回族自治区,
604,2457.0,青龙管业,2011-12-31,2011.0,995181347.18,宁夏回族自治区,
605,600449.0,宁夏建材,2011-12-31,2011.0,2727405848.53,宁夏回族自治区,
606,,,,,8106605818.42,宁夏回族自治区 汇总,
607,600243.0,青海华鼎,2011-12-31,2011.0,1157528046.76,青海省,
608,600771.0,ST 东盛,2011-12-31,2011.0,228929042.08,青海省,
609,600869.0,三普药业,2011-12-31,2011.0,10995403777.17,青海省,
610,,,,,12381860866.01,青海省 汇总,
611,407.0,胜利股份,2011-12-31,2011.0,2288733266.38,山东省,
612,423.0,东阿阿胶,2011-12-31,2011.0,2758848253.77,山东省,
613,677.0,ST 海龙,2011-12-31,2011.0,3813489476.36,山东省,
614,680.0,山推股份,2011-12-31,2011.0,14702048927.3,山东省,
615,739.0,普洛股份,2011-12-31,2011.0,1534475727.3,山东省,
616,756.0,新华制药,2011-12-31,2011.0,2937528055.33,山东省,
617,811.0,烟台冰轮,2011-12-31,2011.0,1702512356.09,山东省,
618,880.0,潍柴重机,2011-12-31,2011.0,2381931836.35,山东省,
619,915.0,山大华特,2011-12-31,2011.0,716985900.16,山东省,
620,977.0,浪潮信息,2011-12-31,2011.0,1232801706.77,山东省,
621,2073.0,软控股份,2011-12-31,2011.0,2214784024.71,山东省,
622,2088.0,鲁阳股份,2011-12-31,2011.0,979804455.62,山东省,
623,2107.0,沃华医药,2011-12-31,2011.0,149028621.18,山东省,
624,2111.0,威海广泰,2011-12-31,2011.0,631027985.88,山东省,
625,2217.0,联合化工,2011-12-31,2011.0,1368541767.77,山东省,
626,2237.0,恒邦股份,2011-12-31,2011.0,9349121383.66,山东省,
627,2241.0,歌尔声学,2011-12-31,2011.0,4077000282.02,山东省,
628,2242.0,九阳股份,2011-12-31,2011.0,5199331120.79,山东省,
629,2248.0,华东数控,2011-12-31,2011.0,626636809.18,山东省,
630,2254.0,泰和新材,2011-12-31,2011.0,1540288154.96,山东省,
631,2270.0,法因数控,2011-12-31,2011.0,361317323.61,山东省,
632,2339.0,积成电子,2011-12-31,2011.0,547849659.69,山东省,
633,2353.0,杰瑞股份,2011-12-31,2011.0,1460044836.88,山东省,
634,2376.0,新北洋,2011-12-31,2011.0,658864100.63,山东省,
635,2379.0,鲁丰股份,2011-12-31,2011.0,1791372430.55,山东省,
636,2382.0,蓝帆股份,2011-12-31,2011.0,933651622.86,山东省,
637,2490.0,山东墨龙,2011-12-31,2011.0,2738691830.21,山东省,
638,2498.0,汉缆股份,2011-12-31,2011.0,3764083658.57,山东省,
639,2526.0,山东矿机,2011-12-31,2011.0,1661446987.66,山东省,
640,2537.0,海立美达,2011-12-31,2011.0,2039885051.9,山东省,
641,2580.0,圣阳股份,2011-12-31,2011.0,959001369.99,山东省,
642,2581.0,万昌科技,2011-12-31,2011.0,246369291.09,山东省,
643,2595.0,豪迈科技,2011-12-31,2011.0,686170020.55,山东省,
644,2598.0,山东章鼓,2011-12-31,2011.0,647001988.51,山东省,
645,2655.0,共达电声,2011-12-31,2011.0,451745820.58,山东省,
646,300001.0,特锐德,2011-12-31,2011.0,642045367.58,山东省,
647,300099.0,尤洛卡,2011-12-31,2011.0,173879897.85,山东省,
648,300105.0,龙源技术,2011-12-31,2011.0,883986129.39,山东省,
649,300110.0,华仁药业,2011-12-31,2011.0,405311965.68,山东省,
650,300185.0,通裕重工,2011-12-31,2011.0,1235956527.55,山东省,
651,300208.0,恒顺电气,2011-12-31,2011.0,222423508.17,山东省,
652,300224.0,正海磁材,2011-12-31,2011.0,1172666567.38,山东省,
653,300233.0,金城医药,2011-12-31,2011.0,788420535.13,山东省,
654,600027.0,华电国际,2011-12-31,2011.0,54490807000.0,山东省,
655,600060.0,海信电器,2011-12-31,2011.0,23523723550.2,山东省,
656,600219.0,南山铝业,2011-12-31,2011.0,13328076902.63,山东省,
657,600336.0,澳柯玛,2011-12-31,2011.0,4130343819.7,山东省,
658,600385.0,ST 金泰,2011-12-31,2011.0,5595081.11,山东省,
659,600529.0,山东药玻,2011-12-31,2011.0,1397177995.09,山东省,
660,600579.0,ST 黄海,2011-12-31,2011.0,1444182489.86,山东省,
661,600586.0,金晶科技,2011-12-31,2011.0,3295508722.78,山东省,
662,600587.0,新华医疗,2011-12-31,2011.0,2106132062.29,山东省,
663,600690.0,青岛海尔,2011-12-31,2011.0,73662501627.24,山东省,
664,600789.0,鲁抗医药,2011-12-31,2011.0,2332872956.53,山东省,
665,600898.0,三联商社,2011-12-31,2011.0,934718361.11,山东省,
666,,,,,265328747172.13,山东省 汇总,
667,403.0,S*ST 生化,2011-12-31,2011.0,461068440.26,山西省,
668,767.0,漳泽电力,2011-12-31,2011.0,4103134885.99,山西省,
669,795.0,太原刚玉,2011-12-31,2011.0,1370217857.42,山西省,
670,831.0,*ST 关铝,2011-12-31,2011.0,7636263237.68,山西省,
671,300158.0,振东制药,2011-12-31,2011.0,1281376857.32,山西省,
672,300254.0,仟源制药,2011-12-31,2011.0,310780744.83,山西省,
673,600157.0,永泰能源,2011-12-31,2011.0,2061757905.27,山西省,
674,600169.0,太原重工,2011-12-31,2011.0,10325961715.14,山西省,
675,600234.0,ST 天龙,2011-12-31,2011.0,68400213.87,山西省,
676,600281.0,*ST 太化,2011-12-31,2011.0,3167028329.44,山西省,
677,600351.0,亚宝药业,2011-12-31,2011.0,1662746284.25,山西省,
678,600392.0,太工天成,2011-12-31,2011.0,399506562.16,山西省,
679,600780.0,通宝能源,2011-12-31,2011.0,5452677019.0,山西省,
680,,,,,38300920052.63,山西省 汇总,
681,561.0,烽火电子,2011-12-31,2011.0,945637112.84,陕西省,
682,837.0,秦川发展,2011-12-31,2011.0,1606280350.7,陕西省,
683,2149.0,西部材料,2011-12-31,2011.0,1494320497.52,陕西省,
684,2267.0,陕天然气,2011-12-31,2011.0,3312952053.73,陕西省,
685,300023.0,宝德股份,2011-12-31,2011.0,78449397.28,陕西省,
686,300114.0,中航电测,2011-12-31,2011.0,483484366.51,陕西省,
687,300116.0,坚瑞消防,2011-12-31,2011.0,109441667.84,陕西省,
688,300140.0,启源装备,2011-12-31,2011.0,287066327.42,陕西省,
689,600080.0,ST 金花,2011-12-31,2011.0,378249985.22,陕西省,
690,600302.0,标准股份,2011-12-31,2011.0,944916130.27,陕西省,
691,600343.0,航天动力,2011-12-31,2011.0,1232602820.39,陕西省,
692,600379.0,宝光股份,2011-12-31,2011.0,663794186.05,陕西省,
693,600456.0,宝钛股份,2011-12-31,2011.0,2920928379.37,陕西省,
694,600707.0,彩虹股份,2011-12-31,2011.0,357689810.33,陕西省,
695,600817.0,*ST 宏盛,2011-12-31,2011.0,16654884.97,陕西省,
696,600984.0,ST 建机,2011-12-31,2011.0,650096227.39,陕西省,
697,601179.0,中国西电,2011-12-31,2011.0,11129014386.35,陕西省,
698,601369.0,陕鼓动力,2011-12-31,2011.0,5150478256.98,陕西省,
699,,,,,31762056841.16,陕西省 汇总,
700,2022.0,科华生物,2011-12-31,2011.0,873890442.22,上海市,
701,2028.0,思源电气,2011-12-31,2011.0,1969854616.05,上海市,
702,2058.0,威尔泰,2011-12-31,2011.0,132644178.44,上海市,
703,2158.0,汉钟精机,2011-12-31,2011.0,860443580.84,上海市,
704,2162.0,斯米克,2011-12-31,2011.0,910430704.76,上海市,
705,2184.0,海得控制,2011-12-31,2011.0,1331030679.71,上海市,
706,2252.0,上海莱士,2011-12-31,2011.0,567385772.05,上海市,
707,2278.0,神开股份,2011-12-31,2011.0,610159763.92,上海市,
708,2346.0,柘中建设,2011-12-31,2011.0,461512563.44,上海市,
709,2451.0,摩恩电气,2011-12-31,2011.0,446208549.69,上海市,
710,2506.0,超日太阳,2011-12-31,2011.0,3332581037.24,上海市,
711,2527.0,新时达,2011-12-31,2011.0,657293676.26,上海市,
712,2636.0,金安国纪,2011-12-31,2011.0,2028285880.73,上海市,
713,300039.0,上海凯宝,2011-12-31,2011.0,819968629.7,上海市,
714,300126.0,锐奇股份,2011-12-31,2011.0,564927356.67,上海市,
715,300129.0,泰胜风能,2011-12-31,2011.0,615667630.79,上海市,
716,300153.0,科泰电源,2011-12-31,2011.0,485055167.38,上海市,
717,300171.0,东富龙,2011-12-31,2011.0,648865071.74,上海市,
718,300222.0,科大智能,2011-12-31,2011.0,192864560.35,上海市,
719,300272.0,开能环保,2011-12-31,2011.0,207070109.96,上海市,
720,300286.0,安科瑞,2011-12-31,2011.0,150507767.16,上海市,
721,600021.0,上海电力,2011-12-31,2011.0,17376288190.06,上海市,
722,600151.0,航天机电,2011-12-31,2011.0,2387164954.68,上海市,
723,600171.0,上海贝岭,2011-12-31,2011.0,600759073.11,上海市,
724,600196.0,复星医药,2011-12-31,2011.0,6485540800.81,上海市,
725,600320.0,振华重工,2011-12-31,2011.0,19129251012.0,上海市,
726,600420.0,现代制药,2011-12-31,2011.0,1702623275.22,上海市,
727,600490.0,ST 合臣,2011-12-31,2011.0,392268150.45,上海市,
728,600530.0,交大昂立,2011-12-31,2011.0,350940124.11,上海市,
729,600601.0,方正科技,2011-12-31,2011.0,6221835725.56,上海市,
730,600613.0,永生投资,2011-12-31,2011.0,148250092.49,上海市,
731,600617.0,ST 联华,2011-12-31,2011.0,25596515.79,上海市,
732,600619.0,海立股份,2011-12-31,2011.0,8177773903.32,上海市,
733,600624.0,复旦复华,2011-12-31,2011.0,731060767.52,上海市,
734,600635.0,大众公用,2011-12-31,2011.0,3622567237.42,上海市,
735,600642.0,申能股份,2011-12-31,2011.0,22837126554.7,上海市,
736,600651.0,飞乐音响,2011-12-31,2011.0,1975214446.19,上海市,
737,600680.0,上海普天,2011-12-31,2011.0,1130302387.28,上海市,
738,600732.0,上海新梅,2011-12-31,2011.0,107889231.59,上海市,
739,600781.0,上海辅仁,2011-12-31,2011.0,326173658.18,上海市,
740,600819.0,耀皮玻璃,2011-12-31,2011.0,2421100234.76,上海市,
741,600835.0,上海机电,2011-12-31,2011.0,14502379031.75,上海市,
742,600841.0,上柴股份,2011-12-31,2011.0,4634955294.75,上海市,
743,600843.0,上工申贝,2011-12-31,2011.0,1578687682.56,上海市,
744,600851.0,海欣股份,2011-12-31,2011.0,1262434111.0,上海市,
745,601231.0,环旭电子,2011-12-31,2011.0,12707589804.5,上海市,
746,601616.0,广电电气,2011-12-31,2011.0,1224380022.24,上海市,
747,601727.0,上海电气,2011-12-31,2011.0,68302275000.0,上海市,
748,900935.0,阳晨B股,2011-12-31,2011.0,401894839.84,上海市,
749,,,,,218630969860.98,上海市 汇总,
750,155.0,川化股份,2011-12-31,2011.0,1987018373.72,四川省,
751,584.0,友利控股,2011-12-31,2011.0,1153094398.35,四川省,
752,586.0,汇源通信,2011-12-31,2011.0,480697864.73,四川省,
753,593.0,大通燃气,2011-12-31,2011.0,556823098.55,四川省,
754,598.0,兴蓉投资,2011-12-31,2011.0,1917643623.1,四川省,
755,629.0,攀钢钒钛,2011-12-31,2011.0,52540887651.61,四川省,
756,790.0,华神集团,2011-12-31,2011.0,551511666.59,四川省,
757,801.0,四川九洲,2011-12-31,2011.0,2234730122.4,四川省,
758,810.0,华润锦华,2011-12-31,2011.0,1243996271.26,四川省,
759,935.0,四川双马,2011-12-31,2011.0,2033810258.36,四川省,
760,2259.0,升达林业,2011-12-31,2011.0,899998805.39,四川省,
761,2272.0,川润股份,2011-12-31,2011.0,682711033.74,四川省,
762,2366.0,丹甫股份,2011-12-31,2011.0,694212644.36,四川省,
763,2422.0,科伦药业,2011-12-31,2011.0,5147848758.0,四川省,
764,2466.0,天齐锂业,2011-12-31,2011.0,402733165.74,四川省,
765,2480.0,新筑股份,2011-12-31,2011.0,1910604664.38,四川省,
766,2630.0,华西能源,2011-12-31,2011.0,1910234036.27,四川省,
767,2651.0,利君股份,2011-12-31,2011.0,1220061003.62,四川省,
768,300028.0,金亚科技,2011-12-31,2011.0,215542212.64,四川省,
769,300092.0,科新机电,2011-12-31,2011.0,216057250.07,四川省,
770,300101.0,国腾电子,2011-12-31,2011.0,197530631.21,四川省,
771,300127.0,银河磁体,2011-12-31,2011.0,563624220.82,四川省,
772,600101.0,明星电力,2011-12-31,2011.0,808378831.8,四川省,
773,600331.0,宏达股份,2011-12-31,2011.0,4384700245.87,四川省,
774,600353.0,旭光股份,2011-12-31,2011.0,374957003.48,四川省,
775,600505.0,西昌电力,2011-12-31,2011.0,554143255.49,四川省,
776,600528.0,中铁二局,2011-12-31,2011.0,59521286813.82,四川省,
777,600644.0,乐山电力,2011-12-31,2011.0,2095023281.73,四川省,
778,600674.0,川投能源,2011-12-31,2011.0,1151031561.17,四川省,
779,600678.0,*ST 金顶,2011-12-31,2011.0,296235631.92,四川省,
780,600839.0,四川长虹,2011-12-31,2011.0,52003328326.13,四川省,
781,600875.0,东方电气,2011-12-31,2011.0,42916618329.18,四川省,
782,600979.0,广安爱众,2011-12-31,2011.0,931203196.88,四川省,
783,601268.0,二重重装,2011-12-31,2011.0,7220342143.13,四川省,
784,,,,,251018620375.51,四川省 汇总,
785,836.0,鑫茂科技,2011-12-31,2011.0,1208620970.26,天津市,
786,2129.0,中环股份,2011-12-31,2011.0,2549977944.51,天津市,
787,2134.0,天津普林,2011-12-31,2011.0,482495618.0,天津市,
788,2337.0,赛象科技,2011-12-31,2011.0,531198415.54,天津市,
789,2393.0,力生制药,2011-12-31,2011.0,763641607.21,天津市,
790,2432.0,九安医疗,2011-12-31,2011.0,354131710.61,天津市,
791,300026.0,红日药业,2011-12-31,2011.0,561778787.65,天津市,
792,300119.0,瑞普生物,2011-12-31,2011.0,587713347.54,天津市,
793,300120.0,经纬电材,2011-12-31,2011.0,405926148.1,天津市,
794,300195.0,长荣股份,2011-12-31,2011.0,551325609.11,天津市,
795,600329.0,中新药业,2011-12-31,2011.0,4391889147.87,天津市,
796,600468.0,百利电气,2011-12-31,2011.0,763973554.24,天津市,
797,600488.0,天药股份,2011-12-31,2011.0,1418381661.74,天津市,
798,600535.0,天士力,2011-12-31,2011.0,6569664575.38,天津市,
799,600821.0,津劝业,2011-12-31,2011.0,888584488.49,天津市,
800,600874.0,创业环保,2011-12-31,2011.0,1562490000.0,天津市,
801,,,,,23591793586.25,天津市 汇总,
802,2287.0,奇正藏药,2011-12-31,2011.0,789225148.75,西藏自治区,
803,2653.0,海思科,2011-12-31,2011.0,604429653.91,西藏自治区,
804,600211.0,西藏药业,2011-12-31,2011.0,1079038019.87,西藏自治区,
805,600326.0,西藏天路,2011-12-31,2011.0,1331529237.54,西藏自治区,
806,,,,,3804222060.07,西藏自治区 汇总,
807,813.0,天山纺织,2011-12-31,2011.0,300757145.87,新疆维吾尔自治区,
808,877.0,天山股份,2011-12-31,2011.0,8277788050.79,新疆维吾尔自治区,
809,2202.0,金风科技,2011-12-31,2011.0,12843127884.54,新疆维吾尔自治区,
810,2205.0,国统股份,2011-12-31,2011.0,640145903.62,新疆维吾尔自治区,
811,2302.0,西部建设,2011-12-31,2011.0,2101780133.81,新疆维吾尔自治区,
812,600089.0,特变电工,2011-12-31,2011.0,18164744134.38,新疆维吾尔自治区,
813,600425.0,青松建化,2011-12-31,2011.0,2219874038.06,新疆维吾尔自治区,
814,600509.0,天富热电,2011-12-31,2011.0,2398465807.63,新疆维吾尔自治区,
815,600545.0,新疆城建,2011-12-31,2011.0,2176562237.26,新疆维吾尔自治区,
816,600888.0,新疆众和,2011-12-31,2011.0,2002582959.26,新疆维吾尔自治区,
817,,,,,51125828295.22,新疆维吾尔自治区 汇总,
818,538.0,云南白药,2011-12-31,2011.0,11312322432.03,云南省,
819,807.0,云铝股份,2011-12-31,2011.0,8006125399.25,云南省,
820,878.0,云南铜业,2011-12-31,2011.0,35243298621.82,云南省,
821,903.0,云内动力,2011-12-31,2011.0,2199920516.84,云南省,
822,960.0,锡业股份,2011-12-31,2011.0,12841605025.48,云南省,
823,2114.0,罗平锌电,2011-12-31,2011.0,1257854708.4,云南省,
824,2428.0,云南锗业,2011-12-31,2011.0,272039285.25,云南省,
825,300142.0,沃森生物,2011-12-31,2011.0,473810891.63,云南省,
826,600422.0,昆明制药,2011-12-31,2011.0,2434008102.73,云南省,
827,600459.0,贵研铂业,2011-12-31,2011.0,2985528872.08,云南省,
828,600806.0,昆明机床,2011-12-31,2011.0,1804857564.29,云南省,
829,600883.0,博闻科技,2011-12-31,2011.0,98453524.31,云南省,
830,600995.0,文山电力,2011-12-31,2011.0,1552705522.12,云南省,
831,,,,,80482530466.23,云南省 汇总,
832,925.0,众合机电,2011-12-31,2011.0,1373818101.3,浙江省,
833,2001.0,新和成,2011-12-31,2011.0,3803991667.84,浙江省,
834,2006.0,精功科技,2011-12-31,2011.0,2351361302.27,浙江省,
835,2011.0,盾安环境,2011-12-31,2011.0,5037462412.72,浙江省,
836,2019.0,鑫富药业,2011-12-31,2011.0,495734761.62,浙江省,
837,2020.0,京新药业,2011-12-31,2011.0,709730813.2,浙江省,
838,2021.0,中捷股份,2011-12-31,2011.0,1156517242.64,浙江省,
839,2036.0,宜科科技,2011-12-31,2011.0,426466882.59,浙江省,
840,2050.0,三花股份,2011-12-31,2011.0,4186894183.44,浙江省,
841,2056.0,横店东磁,2011-12-31,2011.0,3521849558.65,浙江省,
842,2064.0,华峰氨纶,2011-12-31,2011.0,1414125413.81,浙江省,
843,2082.0,栋梁新材,2011-12-31,2011.0,10873866112.77,浙江省,
844,2099.0,海翔药业,2011-12-31,2011.0,1298437763.59,浙江省,
845,2112.0,三变科技,2011-12-31,2011.0,1032423761.6,浙江省,
846,2119.0,康强电子,2011-12-31,2011.0,1502717080.42,浙江省,
847,2122.0,天马股份,2011-12-31,2011.0,3098761910.1,浙江省,
848,2164.0,东力传动,2011-12-31,2011.0,683872067.13,浙江省,
849,2196.0,方正电机,2011-12-31,2011.0,578349240.87,浙江省,
850,2199.0,东晶电子,2011-12-31,2011.0,252115032.59,浙江省,
851,2203.0,海亮股份,2011-12-31,2011.0,11877884365.59,浙江省,
852,2206.0,海利得,2011-12-31,2011.0,2355650583.52,浙江省,
853,2214.0,大立科技,2011-12-31,2011.0,230794949.23,浙江省,
854,2236.0,大华股份,2011-12-31,2011.0,2205208207.08,浙江省,
855,2273.0,水晶光电,2011-12-31,2011.0,433077652.56,浙江省,
856,2276.0,万马电缆,2011-12-31,2011.0,2601634442.67,浙江省,
857,2332.0,仙琚制药,2011-12-31,2011.0,1689209598.05,浙江省,
858,2364.0,中恒电气,2011-12-31,2011.0,282652462.62,浙江省,
859,2370.0,亚太药业,2011-12-31,2011.0,420339304.28,浙江省,
860,2389.0,南洋科技,2011-12-31,2011.0,397194769.31,浙江省,
861,2415.0,海康威视,2011-12-31,2011.0,5231639749.77,浙江省,
862,2418.0,康盛股份,2011-12-31,2011.0,1135072185.2,浙江省,
863,2427.0,尤夫股份,2011-12-31,2011.0,799618122.23,浙江省,
864,2430.0,杭氧股份,2011-12-31,2011.0,4232534722.24,浙江省,
865,2472.0,双环传动,2011-12-31,2011.0,928723611.61,浙江省,
866,2473.0,圣莱达,2011-12-31,2011.0,228226064.38,浙江省,
867,2479.0,富春环保,2011-12-31,2011.0,1165583167.18,浙江省,
868,2493.0,荣盛石化,2011-12-31,2011.0,23873484524.24,浙江省,
869,2508.0,老板电器,2011-12-31,2011.0,1533887592.05,浙江省,
870,2520.0,日发数码,2011-12-31,2011.0,440713316.39,浙江省,
871,2532.0,新界泵业,2011-12-31,2011.0,764514880.91,浙江省,
872,2534.0,杭锅股份,2011-12-31,2011.0,3967252167.6,浙江省,
873,2552.0,宝鼎重工,2011-12-31,2011.0,445360913.39,浙江省,
874,2562.0,兄弟科技,2011-12-31,2011.0,620701193.45,浙江省,
875,2617.0,露笑科技,2011-12-31,2011.0,2870671156.58,浙江省,
876,2633.0,申科股份,2011-12-31,2011.0,246485467.82,浙江省,
877,200771.0,杭汽轮B,2011-12-31,2011.0,4547818300.02,浙江省,
878,300032.0,金龙机电,2011-12-31,2011.0,275745762.43,浙江省,
879,300068.0,南都电源,2011-12-31,2011.0,1684258370.59,浙江省,
880,300069.0,金利华电,2011-12-31,2011.0,144399079.77,浙江省,
881,300076.0,宁波GQY,2011-12-31,2011.0,290703318.33,浙江省,
882,300078.0,中瑞思创,2011-12-31,2011.0,350114581.27,浙江省,
883,300111.0,向日葵,2011-12-31,2011.0,1938647287.48,浙江省,
884,300118.0,东方日升,2011-12-31,2011.0,2106210712.69,浙江省,
885,300145.0,南方泵业,2011-12-31,2011.0,865025202.02,浙江省,
886,300181.0,佐力药业,2011-12-31,2011.0,279327509.27,浙江省,
887,300203.0,聚光科技,2011-12-31,2011.0,764253945.89,浙江省,
888,300234.0,开尔新材,2011-12-31,2011.0,182750715.63,浙江省,
889,300256.0,星星科技,2011-12-31,2011.0,562800361.63,浙江省,
890,300257.0,开山股份,2011-12-31,2011.0,1982520382.91,浙江省,
891,300270.0,中威电子,2011-12-31,2011.0,116737830.66,浙江省,
892,300283.0,温州宏丰,2011-12-31,2011.0,817842675.28,浙江省,
893,600130.0,ST 波导,2011-12-31,2011.0,593858567.86,浙江省,
894,600152.0,维科精华,2011-12-31,2011.0,4655022097.43,浙江省,
895,600216.0,浙江医药,2011-12-31,2011.0,4825968378.67,浙江省,
896,600261.0,阳光照明,2011-12-31,2011.0,2354433783.71,浙江省,
897,600267.0,海正药业,2011-12-31,2011.0,5161394214.65,浙江省,
898,600283.0,钱江水利,2011-12-31,2011.0,573281947.05,浙江省,
899,600290.0,华仪电气,2011-12-31,2011.0,1578743060.34,浙江省,
900,600330.0,天通股份,2011-12-31,2011.0,1358225253.8,浙江省,
901,600366.0,宁波韵升,2011-12-31,2011.0,3940875110.08,浙江省,
902,600460.0,士兰微,2011-12-31,2011.0,1545988665.82,浙江省,
903,600521.0,华海药业,2011-12-31,2011.0,1827614015.3,浙江省,
904,600526.0,菲达环保,2011-12-31,2011.0,1666512334.9,浙江省,
905,600537.0,亿晶光电,2011-12-31,2011.0,4071289657.73,浙江省,
906,600572.0,康恩贝,2011-12-31,2011.0,2122816273.26,浙江省,
907,600580.0,卧龙电气,2011-12-31,2011.0,3146223337.38,浙江省,
908,600668.0,尖峰集团,2011-12-31,2011.0,1644788759.23,浙江省,
909,600671.0,*ST 天目,2011-12-31,2011.0,277265339.02,浙江省,
910,600724.0,宁波富达,2011-12-31,2011.0,3896205568.26,浙江省,
911,600768.0,宁波富邦,2011-12-31,2011.0,1075766395.44,浙江省,
912,600776.0,东方通信,2011-12-31,2011.0,3116524256.16,浙江省,
913,600884.0,杉杉股份,2011-12-31,2011.0,3002175444.37,浙江省,
914,600982.0,宁波热电,2011-12-31,2011.0,991838394.88,浙江省,
915,601002.0,晋亿实业,2011-12-31,2011.0,2703444472.75,浙江省,
916,601113.0,华鼎锦纶,2011-12-31,2011.0,1742364975.79,浙江省,
917,601137.0,博威合金,2011-12-31,2011.0,2380071458.26,浙江省,
918,601177.0,杭齿前进,2011-12-31,2011.0,2371516101.65,浙江省,
919,601233.0,桐昆股份,2011-12-31,2011.0,20118468327.99,浙江省,
920,601567.0,三星电气,2011-12-31,2011.0,2478932425.91,浙江省,
921,601877.0,正泰电器,2011-12-31,2011.0,8288198259.68,浙江省,
922,900949.0,东电B股,2011-12-31,2011.0,8613580137.37,浙江省,
923,,,,,233809153529.71,浙江省 汇总,
924,591.0,桐君阁,2011-12-31,2011.0,4782502006.03,重庆市,
925,788.0,西南合成,2011-12-31,2011.0,1955689296.4,重庆市,
926,300006.0,莱美药业,2011-12-31,2011.0,534094504.6,重庆市,
927,300122.0,智飞生物,2011-12-31,2011.0,628740039.4,重庆市,
928,300194.0,福安药业,2011-12-31,2011.0,358548287.31,重庆市,
929,600116.0,三峡水利,2011-12-31,2011.0,826519916.51,重庆市,
930,600129.0,太极集团,2011-12-31,2011.0,6385801354.11,重庆市,
931,600452.0,涪陵电力,2011-12-31,2011.0,957493629.61,重庆市,
932,600666.0,西南药业,2011-12-31,2011.0,976935594.37,重庆市,
933,600847.0,ST 渝万里,2011-12-31,2011.0,124382807.76,重庆市,
934,600877.0,中国嘉陵,2011-12-31,2011.0,2365582492.23,重庆市,
935,601158.0,重庆水务,2011-12-31,2011.0,3775367869.95,重庆市,
936,,,,,23671657798.28,重庆市 汇总,
937,,,,,3815980728940.67,总计,
938,,证券简称,统计截止日期,,,所属省份,
939,153.0,丰原药业,2012-12-31,2012.0,1657764512.12,安徽省,
940,521.0,美菱电器,2012-12-31,2012.0,9306878164.07,安徽省,
941,543.0,皖能电力,2012-12-31,2012.0,7644948756.03,安徽省,
942,630.0,铜陵有色,2012-12-31,2012.0,77258770498.98,安徽省,
943,2171.0,精诚铜业,2012-12-31,2012.0,3205220457.02,安徽省,
944,2347.0,泰尔重工,2012-12-31,2012.0,406746701.27,安徽省,
945,2571.0,德力股份,2012-12-31,2012.0,710681709.8,安徽省,
946,2690.0,美亚光电,2012-12-31,2012.0,518122351.67,安徽省,
947,300009.0,安科生物,2012-12-31,2012.0,337940099.8,安徽省,
948,300088.0,长信科技,2012-12-31,2012.0,810345077.13,安徽省,
949,300090.0,盛运股份,2012-12-31,2012.0,848742180.52,安徽省,
950,300247.0,桑乐金,2012-12-31,2012.0,245317898.22,安徽省,
951,300274.0,阳光电源,2012-12-31,2012.0,1083332609.01,安徽省,
952,600063.0,皖维高新,2012-12-31,2012.0,2879150557.87,安徽省,
953,600218.0,全柴动力,2012-12-31,2012.0,2712056155.54,安徽省,
954,600237.0,铜峰电子,2012-12-31,2012.0,651741503.86,安徽省,
955,600255.0,鑫科材料,2012-12-31,2012.0,3921007906.89,安徽省,
956,600444.0,国通管业,2012-12-31,2012.0,300169635.24,安徽省,
957,600520.0,中发科技,2012-12-31,2012.0,280893678.44,安徽省,
958,600552.0,方兴科技,2012-12-31,2012.0,970920433.38,安徽省,
959,600577.0,精达股份,2012-12-31,2012.0,8248435693.06,安徽省,
960,600585.0,海螺水泥,2012-12-31,2012.0,45766203362.0,安徽省,
961,600761.0,安徽合力,2012-12-31,2012.0,5975719054.4,安徽省,
962,600983.0,合肥三洋,2012-12-31,2012.0,4015757699.1,安徽省,
963,600990.0,四创电子,2012-12-31,2012.0,1003032953.12,安徽省,
964,,,,,180759899648.54,安徽省 汇总,
965,605.0,*ST 四环,2012-12-31,2012.0,58239753.78,北京市,
966,725.0,京东方A,2012-12-31,2012.0,25771583386.0,北京市,
967,786.0,北新建材,2012-12-31,2012.0,6685157986.87,北京市,
968,931.0,中关村,2012-12-31,2012.0,3270537022.46,北京市,
969,938.0,紫光股份,2012-12-31,2012.0,6533823431.64,北京市,
970,970.0,中科三环,2012-12-31,2012.0,4933845146.92,北京市,
971,2038.0,双鹭药业,2012-12-31,2012.0,1007017782.55,北京市,
972,2066.0,瑞泰科技,2012-12-31,2012.0,1486249073.9,北京市,
973,2151.0,北斗星通,2012-12-31,2012.0,569546311.84,北京市,
974,2271.0,东方雨虹,2012-12-31,2012.0,2978570323.2,北京市,
975,2350.0,北京科锐,2012-12-31,2012.0,1124120611.31,北京市,
976,2362.0,汉王科技,2012-12-31,2012.0,413951213.56,北京市,
977,2371.0,七星电子,2012-12-31,2012.0,1012243464.64,北京市,
978,2383.0,合众思壮,2012-12-31,2012.0,414979641.85,北京市,
979,2392.0,北京利尔,2012-12-31,2012.0,1100792952.03,北京市,
980,2658.0,雪迪龙,2012-12-31,2012.0,378522108.04,北京市,
981,2665.0,首航节能,2012-12-31,2012.0,1193145887.89,北京市,
982,300003.0,乐普医疗,2012-12-31,2012.0,1015920079.79,北京市,
983,300016.0,北陆药业,2012-12-31,2012.0,273979343.56,北京市,
984,300034.0,钢研高纳,2012-12-31,2012.0,455841075.0,北京市,
985,300045.0,华力创通,2012-12-31,2012.0,279833855.73,北京市,
986,300048.0,合康变频,2012-12-31,2012.0,702565779.6,北京市,
987,300065.0,海兰信,2012-12-31,2012.0,257791264.33,北京市,
988,300073.0,当升科技,2012-12-31,2012.0,626123524.65,北京市,
989,300079.0,数码视讯,2012-12-31,2012.0,524819668.6,北京市,
990,300139.0,福星晓程,2012-12-31,2012.0,292556168.84,北京市,
991,300156.0,天立环保,2012-12-31,2012.0,724865642.26,北京市,
992,300204.0,舒泰神,2012-12-31,2012.0,556153129.3,北京市,
993,300213.0,佳讯飞鸿,2012-12-31,2012.0,353446655.48,北京市,
994,300223.0,北京君正,2012-12-31,2012.0,106933127.74,北京市,
995,300282.0,汇冠股份,2012-12-31,2012.0,141369657.74,北京市,
996,300289.0,利德曼,2012-12-31,2012.0,317273827.29,北京市,
997,300296.0,利亚德,2012-12-31,2012.0,568955003.27,北京市,
998,300318.0,博晖创新,2012-12-31,2012.0,113760681.78,北京市,
999,300332.0,天壕节能,2012-12-31,2012.0,257371633.62,北京市,
1000,300353.0,东土科技,2012-12-31,2012.0,164644288.56,北京市,
1001,600008.0,首创股份,2012-12-31,2012.0,3382924612.87,北京市,
1002,600011.0,华能国际,2012-12-31,2012.0,133966658882.0,北京市,
1003,600055.0,华润万东,2012-12-31,2012.0,690346218.67,北京市,
1004,600062.0,华润双鹤,2012-12-31,2012.0,6989323408.26,北京市,
1005,600085.0,同仁堂,2012-12-31,2012.0,7504031977.53,北京市,
1006,600100.0,同方股份,2012-12-31,2012.0,22342679925.8,北京市,
1007,600118.0,中国卫星,2012-12-31,2012.0,4260890415.48,北京市,
1008,600161.0,天坛生物,2012-12-31,2012.0,1502351160.82,北京市,
1009,600176.0,中国玻纤,2012-12-31,2012.0,5103082383.84,北京市,
1010,600195.0,中牧股份,2012-12-31,2012.0,3108992460.38,北京市,
1011,600198.0,大唐电信,2012-12-31,2012.0,6183261443.58,北京市,
1012,600206.0,有研硅股,2012-12-31,2012.0,408999591.89,北京市,
1013,600271.0,航天信息,2012-12-31,2012.0,14525305764.8,北京市,
1014,600288.0,大恒科技,2012-12-31,2012.0,3829461905.1,北京市,
1015,600299.0,蓝星新材,2012-12-31,2012.0,9084163843.14,北京市,
1016,600361.0,华联综超,2012-12-31,2012.0,12323338696.35,北京市,
1017,600405.0,动力源,2012-12-31,2012.0,772638085.8,北京市,
1018,600435.0,北方导航,2012-12-31,2012.0,1043354243.01,北京市,
1019,600485.0,中创信测,2012-12-31,2012.0,247818713.13,北京市,
1020,600560.0,金自天正,2012-12-31,2012.0,1275383231.83,北京市,
1021,600578.0,京能热电,2012-12-31,2012.0,10081582856.81,北京市,
1022,600582.0,天地科技,2012-12-31,2012.0,14534871337.0,北京市,
1023,600764.0,中电广通,2012-12-31,2012.0,1331929019.11,北京市,
1024,600855.0,航天长峰,2012-12-31,2012.0,878990045.09,北京市,
1025,600860.0,北人股份,2012-12-31,2012.0,748254409.4,北京市,
1026,600900.0,长江电力,2012-12-31,2012.0,25781971164.74,北京市,
1027,600980.0,北矿磁材,2012-12-31,2012.0,274907201.89,北京市,
1028,601126.0,四方股份,2012-12-31,2012.0,2348700007.42,北京市,
1029,601558.0,华锐风电,2012-12-31,2012.0,4018145229.39,北京市,
1030,601600.0,中国铝业,2012-12-31,2012.0,149478821000.0,北京市,
1031,601908.0,京运通,2012-12-31,2012.0,568533024.68,北京市,
1032,601991.0,大唐发电,2012-12-31,2012.0,77598143000.0,北京市,
1033,601992.0,金隅股份,2012-12-31,2012.0,34054096003.32,北京市,
1034,,,,,626910481768.75,北京市 汇总,
1035,536.0,华映科技,2012-12-31,2012.0,1822389937.37,福建省,
1036,547.0,闽福发A,2012-12-31,2012.0,423557014.45,福建省,
1037,993.0,闽东电力,2012-12-31,2012.0,1236908170.01,福建省,
1038,2102.0,*ST 冠福,2012-12-31,2012.0,695950434.8,福建省,
1039,2222.0,福晶科技,2012-12-31,2012.0,182573981.64,福建省,
1040,2300.0,太阳电缆,2012-12-31,2012.0,3785998190.06,福建省,
1041,2335.0,科华恒盛,2012-12-31,2012.0,933408626.41,福建省,
1042,2396.0,星网锐捷,2012-12-31,2012.0,2787368783.33,福建省,
1043,2509.0,天广消防,2012-12-31,2012.0,419759004.37,福建省,
1044,2529.0,海源机械,2012-12-31,2012.0,250112626.57,福建省,
1045,2578.0,闽发铝业,2012-12-31,2012.0,1032050834.66,福建省,
1046,2614.0,蒙发利,2012-12-31,2012.0,1771659880.55,福建省,
1047,2639.0,雪人股份,2012-12-31,2012.0,286475721.37,福建省,
1048,200512.0,闽灿坤B,2012-12-31,2012.0,2339119254.36,福建省,
1049,300056.0,三维丝,2012-12-31,2012.0,299781406.8,福建省,
1050,300062.0,中能电气,2012-12-31,2012.0,314971802.73,福建省,
1051,300102.0,乾照光电,2012-12-31,2012.0,376268819.77,福建省,
1052,300341.0,麦迪电气,2012-12-31,2012.0,291913866.31,福建省,
1053,600163.0,福建南纸,2012-12-31,2012.0,1466986548.64,福建省,
1054,600203.0,福日电子,2012-12-31,2012.0,2723301861.73,福建省,
1055,600388.0,龙净环保,2012-12-31,2012.0,4240193019.46,福建省,
1056,600436.0,片仔癀,2012-12-31,2012.0,1171153738.42,福建省,
1057,600483.0,福建南纺,2012-12-31,2012.0,1326663483.49,福建省,
1058,600549.0,厦门钨业,2012-12-31,2012.0,8836897796.0,福建省,
1059,600563.0,法拉电子,2012-12-31,2012.0,1231936075.57,福建省,
1060,600592.0,龙溪股份,2012-12-31,2012.0,726411497.71,福建省,
1061,600660.0,福耀玻璃,2012-12-31,2012.0,10247391495.0,福建省,
1062,600734.0,实达集团,2012-12-31,2012.0,135446702.83,福建省,
1063,600802.0,福建水泥,2012-12-31,2012.0,1618811821.36,福建省,
1064,600815.0,厦工股份,2012-12-31,2012.0,8149834153.29,福建省,
1065,600870.0,ST 厦华,2012-12-31,2012.0,2927047547.97,福建省,
1066,,,,,64052344097.03,福建省 汇总,
1067,672.0,*ST 铜城,2012-12-31,2012.0,74011130.36,甘肃省,
1068,791.0,甘肃电投,2012-12-31,2012.0,1565249474.67,甘肃省,
1069,2185.0,华天科技,2012-12-31,2012.0,1623202273.5,甘肃省,
1070,2644.0,佛慈制药,2012-12-31,2012.0,266362196.51,甘肃省,
1071,600192.0,长城电工,2012-12-31,2012.0,1916951463.26,甘肃省,
1072,600516.0,方大炭素,2012-12-31,2012.0,3950706190.14,甘肃省,
1073,600720.0,祁连山,2012-12-31,2012.0,4248224768.11,甘肃省,
1074,600886.0,国投电力,2012-12-31,2012.0,23867007746.38,甘肃省,
1075,601798.0,蓝科高新,2012-12-31,2012.0,847892937.86,甘肃省,
1076,,,,,38359608180.79,甘肃省 汇总,
1077,12.0,南玻A,2012-12-31,2012.0,6994358029.0,广东省,
1078,16.0,深康佳A,2012-12-31,2012.0,18337861657.29,广东省,
1079,20.0,深华发A,2012-12-31,2012.0,723891496.54,广东省,
1080,21.0,长城开发,2012-12-31,2012.0,16399516862.92,广东省,
1081,23.0,深天地A,2012-12-31,2012.0,877948945.47,广东省,
1082,27.0,深圳能源,2012-12-31,2012.0,12828482289.79,广东省,
1083,37.0,深南电A,2012-12-31,2012.0,1265445768.29,广东省,
1084,40.0,宝安地产,2012-12-31,2012.0,860886746.14,广东省,
1085,45.0,深纺织A,2012-12-31,2012.0,845114483.38,广东省,
1086,49.0,德赛电池,2012-12-31,2012.0,3195230918.58,广东省,
1087,50.0,深天马A,2012-12-31,2012.0,4333544367.0,广东省,
1088,60.0,中金岭南,2012-12-31,2012.0,18399547351.02,广东省,
1089,63.0,中兴通讯,2012-12-31,2012.0,84219358000.0,广东省,
1090,66.0,长城电脑,2012-12-31,2012.0,79751624597.77,广东省,
1091,70.0,特发信息,2012-12-31,2012.0,1610087503.45,广东省,
1092,100.0,TCL集团,2012-12-31,2012.0,69448351000.0,广东省,
1093,513.0,丽珠集团,2012-12-31,2012.0,3943525305.2,广东省,
1094,522.0,白云山A,2012-12-31,2012.0,4310760489.27,广东省,
1095,527.0,美的电器,2012-12-31,2012.0,68071200640.0,广东省,
1096,531.0,穗恒运A,2012-12-31,2012.0,3143955368.28,广东省,
1097,533.0,万家乐,2012-12-31,2012.0,1973957791.02,广东省,
1098,534.0,万泽股份,2012-12-31,2012.0,636590486.83,广东省,
1099,539.0,粤电力A,2012-12-31,2012.0,29489273619.0,广东省,
1100,541.0,佛山照明,2012-12-31,2012.0,2201910731.89,广东省,
1101,576.0,*ST 甘化,2012-12-31,2012.0,469046036.9,广东省,
1102,601.0,韶能股份,2012-12-31,2012.0,2148907366.55,广东省,
1103,602.0,金马集团,2012-12-31,2012.0,4791575028.26,广东省,
1104,636.0,风华高科,2012-12-31,2012.0,2084568003.47,广东省,
1105,651.0,格力电器,2012-12-31,2012.0,99316196265.19,广东省,
1106,685.0,中山公用,2012-12-31,2012.0,817706374.35,广东省,
1107,690.0,宝新能源,2012-12-31,2012.0,3950759721.53,广东省,
1108,782.0,美达股份,2012-12-31,2012.0,3811290499.18,广东省,
1109,823.0,超声电子,2012-12-31,2012.0,3640841300.45,广东省,
1110,921.0,ST 科龙,2012-12-31,2012.0,18958915310.09,广东省,
1111,999.0,华润三九,2012-12-31,2012.0,6891102632.84,广东省,
1112,2005.0,德豪润达,2012-12-31,2012.0,2757637805.04,广东省,
1113,2008.0,大族激光,2012-12-31,2012.0,4333014542.47,广东省,
1114,2017.0,东信和平,2012-12-31,2012.0,1033902400.5,广东省,
1115,2030.0,达安基因,2012-12-31,2012.0,582692342.29,广东省,
1116,2031.0,巨轮股份,2012-12-31,2012.0,776526461.34,广东省,
1117,2035.0,华帝股份,2012-12-31,2012.0,2488102056.67,广东省,
1118,2045.0,国光电器,2012-12-31,2012.0,1817329180.0,广东省,
1119,2052.0,同洲电子,2012-12-31,2012.0,2106437528.04,广东省,
1120,2055.0,得润电子,2012-12-31,2012.0,1553934695.39,广东省,
1121,2076.0,雪莱特,2012-12-31,2012.0,422426436.32,广东省,
1122,2106.0,莱宝高科,2012-12-31,2012.0,1210055041.69,广东省,
1123,2121.0,科陆电子,2012-12-31,2012.0,1403974904.45,广东省,
1124,2130.0,沃尔核材,2012-12-31,2012.0,667005118.95,广东省,
1125,2137.0,实益达,2012-12-31,2012.0,1135537622.2,广东省,
1126,2138.0,顺络电子,2012-12-31,2012.0,744934250.97,广东省,
1127,2139.0,拓邦股份,2012-12-31,2012.0,959816099.02,广东省,
1128,2141.0,蓉胜超微,2012-12-31,2012.0,907304393.15,广东省,
1129,2152.0,广电运通,2012-12-31,2012.0,2168409553.0,广东省,
1130,2161.0,远望谷,2012-12-31,2012.0,458713626.88,广东省,
1131,2167.0,东方锆业,2012-12-31,2012.0,557779117.6,广东省,
1132,2169.0,智光电气,2012-12-31,2012.0,395544259.49,广东省,
1133,2177.0,御银股份,2012-12-31,2012.0,749911314.16,广东省,
1134,2180.0,万力达,2012-12-31,2012.0,154465068.29,广东省,
1135,2198.0,嘉应制药,2012-12-31,2012.0,104473155.83,广东省,
1136,2209.0,达意隆,2012-12-31,2012.0,706599038.37,广东省,
1137,2218.0,拓日新能,2012-12-31,2012.0,529094478.07,广东省,
1138,2227.0,奥特迅,2012-12-31,2012.0,251755817.51,广东省,
1139,2233.0,塔牌集团,2012-12-31,2012.0,3485979016.35,广东省,
1140,2240.0,威华股份,2012-12-31,2012.0,1744004006.45,广东省,
1141,2249.0,大洋电机,2012-12-31,2012.0,2769825349.27,广东省,
1142,2256.0,彩虹精化,2012-12-31,2012.0,476770387.67,广东省,
1143,2260.0,伊立浦,2012-12-31,2012.0,640729852.05,广东省,
1144,2288.0,超华科技,2012-12-31,2012.0,692856552.22,广东省,
1145,2289.0,宇顺电子,2012-12-31,2012.0,1007141125.62,广东省,
1146,2294.0,信立泰,2012-12-31,2012.0,1828881533.32,广东省,
1147,2295.0,精艺股份,2012-12-31,2012.0,2216806632.53,广东省,
1148,2308.0,威创股份,2012-12-31,2012.0,1194611373.45,广东省,
1149,2313.0,日海通讯,2012-12-31,2012.0,1925097203.29,广东省,
1150,2317.0,众生药业,2012-12-31,2012.0,886433223.74,广东省,
1151,2334.0,英威腾,2012-12-31,2012.0,736711887.2,广东省,
1152,2351.0,漫步者,2012-12-31,2012.0,792961679.36,广东省,
1153,2369.0,卓翼科技,2012-12-31,2012.0,1469818733.52,广东省,
1154,2387.0,黑牛食品,2012-12-31,2012.0,762873353.81,广东省,
1155,2388.0,新亚制程,2012-12-31,2012.0,425725499.34,广东省,
1156,2399.0,海普瑞,2012-12-31,2012.0,1761820027.92,广东省,
1157,2402.0,和而泰,2012-12-31,2012.0,561515630.81,广东省,
1158,2429.0,兆驰股份,2012-12-31,2012.0,6456908623.59,广东省,
1159,2433.0,太安堂,2012-12-31,2012.0,517876549.96,广东省,
1160,2436.0,兴森科技,2012-12-31,2012.0,1006305000.12,广东省,
1161,2446.0,盛路通信,2012-12-31,2012.0,312556731.58,广东省,
1162,2449.0,国星光电,2012-12-31,2012.0,947972381.37,广东省,
1163,2456.0,欧菲光,2012-12-31,2012.0,3931721216.14,广东省,
1164,2465.0,海格通信,2012-12-31,2012.0,1211144048.82,广东省,
1165,2475.0,立讯精密,2012-12-31,2012.0,3147201586.78,广东省,
1166,2512.0,达华智能,2012-12-31,2012.0,410077734.94,广东省,
1167,2518.0,科士达,2012-12-31,2012.0,934435378.28,广东省,
1168,2528.0,英飞拓,2012-12-31,2012.0,757485725.57,广东省,
1169,2543.0,万和电气,2012-12-31,2012.0,3044946209.0,广东省,
1170,2551.0,尚荣医疗,2012-12-31,2012.0,421318874.73,广东省,
1171,2577.0,雷柏科技,2012-12-31,2012.0,459730262.31,广东省,
1172,2579.0,中京电子,2012-12-31,2012.0,428910589.88,广东省,
1173,2583.0,海能达,2012-12-31,2012.0,1135373277.92,广东省,
1174,2587.0,奥拓电子,2012-12-31,2012.0,304514570.65,广东省,
1175,2600.0,江粉磁材,2012-12-31,2012.0,1083643724.97,广东省,
1176,2611.0,东方精工,2012-12-31,2012.0,331367606.02,广东省,
1177,2618.0,丹邦科技,2012-12-31,2012.0,243664490.91,广东省,
1178,2638.0,勤上光电,2012-12-31,2012.0,821668289.88,广东省,
1179,2660.0,茂硕电源,2012-12-31,2012.0,550030672.59,广东省,
1180,2668.0,奥马电器,2012-12-31,2012.0,3456615620.23,广东省,
1181,2681.0,奋达科技,2012-12-31,2012.0,787183244.88,广东省,
1182,2684.0,猛狮科技,2012-12-31,2012.0,484654170.23,广东省,
1183,300004.0,南风股份,2012-12-31,2012.0,347316586.81,广东省,
1184,300014.0,亿纬锂能,2012-12-31,2012.0,606097650.34,广东省,
1185,300030.0,阳普医疗,2012-12-31,2012.0,304084984.4,广东省,
1186,300042.0,朗科科技,2012-12-31,2012.0,204925488.81,广东省,
1187,300053.0,欧比特,2012-12-31,2012.0,160537380.8,广东省,
1188,300057.0,万顺股份,2012-12-31,2012.0,1704399442.98,广东省,
1189,300077.0,国民技术,2012-12-31,2012.0,428380208.14,广东省,
1190,300083.0,劲胜股份,2012-12-31,2012.0,2029377190.62,广东省,
1191,300089.0,长城集团,2012-12-31,2012.0,371313399.05,广东省,
1192,300093.0,金刚玻璃,2012-12-31,2012.0,357956818.3,广东省,
1193,300112.0,万讯自控,2012-12-31,2012.0,281098095.23,广东省,
1194,300115.0,长盈精密,2012-12-31,2012.0,1221890011.02,广东省,
1195,300124.0,汇川技术,2012-12-31,2012.0,1193186614.1,广东省,
1196,300130.0,新国都,2012-12-31,2012.0,495075044.67,广东省,
1197,300134.0,大富科技,2012-12-31,2012.0,1503955271.04,广东省,
1198,300136.0,信维通信,2012-12-31,2012.0,215752989.15,广东省,
1199,300147.0,香雪制药,2012-12-31,2012.0,801020212.9,广东省,
1200,300151.0,昌红科技,2012-12-31,2012.0,493613128.83,广东省,
1201,300154.0,瑞凌股份,2012-12-31,2012.0,758632282.65,广东省,
1202,300155.0,安居宝,2012-12-31,2012.0,363242031.26,广东省,
1203,300162.0,雷曼光电,2012-12-31,2012.0,316345913.67,广东省,
1204,300173.0,松德股份,2012-12-31,2012.0,244555575.39,广东省,
1205,300177.0,中海达,2012-12-31,2012.0,381396271.33,广东省,
1206,300186.0,大华农,2012-12-31,2012.0,847432022.51,广东省,
1207,300193.0,佳士科技,2012-12-31,2012.0,599685667.14,广东省,
1208,300199.0,翰宇药业,2012-12-31,2012.0,225995986.65,广东省,
1209,300206.0,理邦仪器,2012-12-31,2012.0,382458305.6,广东省,
1210,300207.0,欣旺达,2012-12-31,2012.0,1411796678.01,广东省,
1211,300219.0,鸿利光电,2012-12-31,2012.0,530055555.46,广东省,
1212,300227.0,光韵达,2012-12-31,2012.0,160253984.45,广东省,
1213,300232.0,洲明科技,2012-12-31,2012.0,607789750.01,广东省,
1214,300238.0,冠昊生物,2012-12-31,2012.0,147020069.08,广东省,
1215,300241.0,瑞丰光电,2012-12-31,2012.0,500082725.88,广东省,
1216,300246.0,宝莱特,2012-12-31,2012.0,182285238.69,广东省,
1217,300252.0,金信诺,2012-12-31,2012.0,626178797.06,广东省,
1218,300273.0,和佳股份,2012-12-31,2012.0,589111760.42,广东省,
1219,300281.0,金明精机,2012-12-31,2012.0,263082815.68,广东省,
1220,300301.0,长方照明,2012-12-31,2012.0,572335713.05,广东省,
1221,300303.0,聚飞光电,2012-12-31,2012.0,495188333.29,广东省,
1222,300317.0,珈伟股份,2012-12-31,2012.0,453688468.43,广东省,
1223,300319.0,麦捷科技,2012-12-31,2012.0,126729637.06,广东省,
1224,300322.0,硕贝德,2012-12-31,2012.0,364713483.39,广东省,
1225,300335.0,迪森股份,2012-12-31,2012.0,410303547.07,广东省,
1226,300340.0,科恒股份,2012-12-31,2012.0,527294787.81,广东省,
1227,600098.0,广州发展,2012-12-31,2012.0,15164465859.16,广东省,
1228,600183.0,生益科技,2012-12-31,2012.0,6092949825.25,广东省,
1229,600332.0,广州药业,2012-12-31,2012.0,8229058538.06,广东省,
1230,600380.0,健康元,2012-12-31,2012.0,5849960920.47,广东省,
1231,600499.0,科达机电,2012-12-31,2012.0,2660643092.94,广东省,
1232,600518.0,康美药业,2012-12-31,2012.0,11165154818.12,广东省,
1233,600525.0,长园集团,2012-12-31,2012.0,2413223469.52,广东省,
1234,600868.0,梅雁吉祥,2012-12-31,2012.0,599771392.77,广东省,
1235,600894.0,广日股份,2012-12-31,2012.0,4659116785.62,广东省,
1236,601139.0,深圳燃气,2012-12-31,2012.0,8967881710.66,广东省,
1237,603002.0,宏昌电子,2012-12-31,2012.0,1230485104.43,广东省,
1238,,,,,762128926379.13,广东省 汇总,
1239,528.0,柳工,2012-12-31,2012.0,12629666551.76,广西壮族自治区,
1240,703.0,恒逸石化,2012-12-31,2012.0,32671628522.24,广西壮族自治区,
1241,806.0,*ST 银河,2012-12-31,2012.0,957305715.93,广西壮族自治区,
1242,953.0,ST 河化,2012-12-31,2012.0,914916083.31,广西壮族自治区,
1243,2166.0,莱茵生物,2012-12-31,2012.0,307739216.03,广西壮族自治区,
1244,2175.0,广陆数测,2012-12-31,2012.0,187148532.77,广西壮族自治区,
1245,2275.0,桂林三金,2012-12-31,2012.0,1311546641.23,广西壮族自治区,
1246,600236.0,桂冠电力,2012-12-31,2012.0,5198176138.75,广西壮族自治区,
1247,600252.0,中恒集团,2012-12-31,2012.0,1945718453.21,广西壮族自治区,
1248,600310.0,桂东电力,2012-12-31,2012.0,4187340355.47,广西壮族自治区,
1249,,,,,60311186210.7,广西壮族自治区 汇总,
1250,733.0,振华科技,2012-12-31,2012.0,2973893761.99,贵州省,
1251,2025.0,航天电器,2012-12-31,2012.0,1094161914.14,贵州省,
1252,2039.0,黔源电力,2012-12-31,2012.0,1771492081.66,贵州省,
1253,2390.0,信邦制药,2012-12-31,2012.0,447572062.56,贵州省,
1254,2424.0,贵州百灵,2012-12-31,2012.0,1367582447.74,贵州省,
1255,600112.0,长征电气,2012-12-31,2012.0,826083082.32,贵州省,
1256,600145.0,国创能源,2012-12-31,2012.0,29935468.44,贵州省,
1257,600227.0,赤天化,2012-12-31,2012.0,3504164632.3,贵州省,
1258,600594.0,益佰制药,2012-12-31,2012.0,2252575486.88,贵州省,
1259,,,,,14267460938.03,贵州省 汇总,
1260,566.0,海南海药,2012-12-31,2012.0,949887655.07,海南省,
1261,657.0,*ST 中钨,2012-12-31,2012.0,1595630281.54,海南省,
1262,2596.0,海南瑞泽,2012-12-31,2012.0,1049684648.75,海南省,
1263,2693.0,双成药业,2012-12-31,2012.0,129664062.22,海南省,
1264,300086.0,康芝药业,2012-12-31,2012.0,368780279.64,海南省,
1265,,,,,4093646927.22,海南省 汇总,
1266,401.0,冀东水泥,2012-12-31,2012.0,14613339566.7,河北省,
1267,413.0,宝石A,2012-12-31,2012.0,778935169.83,河北省,
1268,600.0,建投能源,2012-12-31,2012.0,6420096553.91,河北省,
1269,687.0,保定天鹅,2012-12-31,2012.0,866589028.27,河北省,
1270,856.0,冀东装备,2012-12-31,2012.0,1598241993.15,河北省,
1271,2049.0,同方国芯,2012-12-31,2012.0,584562790.74,河北省,
1272,2282.0,博深工具,2012-12-31,2012.0,541229946.14,河北省,
1273,2459.0,天业通联,2012-12-31,2012.0,493318048.76,河北省,
1274,2603.0,以岭药业,2012-12-31,2012.0,1648676344.94,河北省,
1275,2691.0,石煤装备,2012-12-31,2012.0,391578144.42,河北省,
1276,300137.0,先河环保,2012-12-31,2012.0,210402129.15,河北省,
1277,300255.0,常山药业,2012-12-31,2012.0,575558108.32,河北省,
1278,600149.0,廊坊发展,2012-12-31,2012.0,26536284.03,河北省,
1279,600550.0,天威保变,2012-12-31,2012.0,3423331828.93,河北省,
1280,600803.0,威远生化,2012-12-31,2012.0,1804236988.45,河北省,
1281,600812.0,华北制药,2012-12-31,2012.0,11125706156.35,河北省,
1282,,,,,45102339082.09,河北省 汇总,
1283,400.0,许继电气,2012-12-31,2012.0,6611806304.29,河南省,
1284,544.0,中原环保,2012-12-31,2012.0,420148537.01,河南省,
1285,612.0,焦作万方,2012-12-31,2012.0,6123802714.65,河南省,
1286,933.0,神火股份,2012-12-31,2012.0,27984998674.46,河南省,
1287,949.0,新乡化纤,2012-12-31,2012.0,3410659754.61,河南省,
1288,1896.0,豫能控股,2012-12-31,2012.0,3802025374.46,河南省,
1289,2007.0,华兰生物,2012-12-31,2012.0,972460215.39,河南省,
1290,2046.0,轴研科技,2012-12-31,2012.0,660863911.67,河南省,
1291,2179.0,中航光电,2012-12-31,2012.0,2203478363.61,河南省,
1292,2189.0,利达光电,2012-12-31,2012.0,537510368.59,河南省,
1293,2225.0,濮耐股份,2012-12-31,2012.0,2145694194.59,河南省,
1294,2296.0,辉煌科技,2012-12-31,2012.0,293990051.77,河南省,
1295,2358.0,森源电气,2012-12-31,2012.0,990486870.92,河南省,
1296,2535.0,林州重机,2012-12-31,2012.0,1281941032.87,河南省,
1297,2560.0,通达股份,2012-12-31,2012.0,972557580.68,河南省,
1298,2613.0,北玻股份,2012-12-31,2012.0,715319709.79,河南省,
1299,300007.0,汉威电子,2012-12-31,2012.0,264491528.48,河南省,
1300,300064.0,豫金刚石,2012-12-31,2012.0,550536596.43,河南省,
1301,300080.0,新大新材,2012-12-31,2012.0,867939657.48,河南省,
1302,300179.0,四方达,2012-12-31,2012.0,131666992.18,河南省,
1303,300259.0,新天科技,2012-12-31,2012.0,291451342.82,河南省,
1304,300263.0,隆华传热,2012-12-31,2012.0,412943262.72,河南省,
1305,600172.0,黄河旋风,2012-12-31,2012.0,1255810040.57,河南省,
1306,600207.0,安彩高科,2012-12-31,2012.0,1363577568.5,河南省,
1307,600222.0,太龙药业,2012-12-31,2012.0,1089130607.38,河南省,
1308,600253.0,天方药业,2012-12-31,2012.0,3235757981.13,河南省,
1309,600285.0,羚锐制药,2012-12-31,2012.0,562700777.39,河南省,
1310,600312.0,平高电气,2012-12-31,2012.0,3284222420.32,河南省,
1311,600531.0,豫光金铅,2012-12-31,2012.0,12496834803.13,河南省,
1312,600595.0,中孚实业,2012-12-31,2012.0,11042238855.92,河南省,
1313,600810.0,神马股份,2012-12-31,2012.0,17098048607.64,河南省,
1314,600876.0,洛阳玻璃,2012-12-31,2012.0,553687171.35,河南省,
1315,601038.0,一拖股份,2012-12-31,2012.0,11226015147.76,河南省,
1316,601608.0,中信重工,2012-12-31,2012.0,7235808058.72,河南省,
1317,601677.0,明泰铝业,2012-12-31,2012.0,5263595867.05,河南省,
1318,,,,,137354200946.33,河南省 汇总,
1319,922.0,ST 佳电,2012-12-31,2012.0,2950473924.51,黑龙江省,
1320,2437.0,誉衡药业,2012-12-31,2012.0,711030303.42,黑龙江省,
1321,2698.0,博实股份,2012-12-31,2012.0,741550241.12,黑龙江省,
1322,300040.0,九洲电气,2012-12-31,2012.0,426752173.61,黑龙江省,
1323,600187.0,国中水务,2012-12-31,2012.0,356590446.59,黑龙江省,
1324,600202.0,哈空调,2012-12-31,2012.0,949131346.23,黑龙江省,
1325,600664.0,哈药股份,2012-12-31,2012.0,17662946863.7,黑龙江省,
1326,600726.0,华电能源,2012-12-31,2012.0,10737835270.2,黑龙江省,
1327,601106.0,中国一重,2012-12-31,2012.0,8318520004.92,黑龙江省,
1328,,,,,42854830574.3,黑龙江省 汇总,
1329,670.0,S*ST 天发,2012-12-31,2012.0,117778105.13,湖北省,
1330,678.0,襄阳轴承,2012-12-31,2012.0,761355855.91,湖北省,
1331,821.0,京山轻机,2012-12-31,2012.0,520559220.98,湖北省,
1332,852.0,江钻股份,2012-12-31,2012.0,1840536026.39,湖北省,
1333,883.0,湖北能源,2012-12-31,2012.0,10296367305.66,湖北省,
1334,939.0,凯迪电力,2012-12-31,2012.0,2639197122.23,湖北省,
1335,952.0,广济药业,2012-12-31,2012.0,394156326.35,湖北省,
1336,966.0,长源电力,2012-12-31,2012.0,7177884446.17,湖北省,
1337,988.0,华工科技,2012-12-31,2012.0,1754338850.88,湖北省,
1338,2194.0,武汉凡谷,2012-12-31,2012.0,1039335481.67,湖北省,
1339,2281.0,光迅科技,2012-12-31,2012.0,2103662919.11,湖北省,
1340,2365.0,永安药业,2012-12-31,2012.0,470697829.16,湖北省,
1341,2414.0,高德红外,2012-12-31,2012.0,296535489.75,湖北省,
1342,200770.0,*ST 武锅B,2012-12-31,2012.0,768602352.97,湖北省,
1343,300018.0,中元华电,2012-12-31,2012.0,223306832.81,湖北省,
1344,300046.0,台基股份,2012-12-31,2012.0,269672212.49,湖北省,
1345,300161.0,华中数控,2012-12-31,2012.0,424396731.08,湖北省,
1346,300205.0,天喻信息,2012-12-31,2012.0,759752740.16,湖北省,
1347,300220.0,金运激光,2012-12-31,2012.0,143133702.55,湖北省,
1348,300276.0,三丰智能,2012-12-31,2012.0,249173682.35,湖北省,
1349,300278.0,华昌达,2012-12-31,2012.0,250177398.84,湖北省,
1350,300323.0,华灿光电,2012-12-31,2012.0,330018959.99,湖北省,
1351,600079.0,人福医药,2012-12-31,2012.0,5317093009.73,湖北省,
1352,600168.0,武汉控股,2012-12-31,2012.0,255933681.1,湖北省,
1353,600184.0,光电股份,2012-12-31,2012.0,1887049369.27,湖北省,
1354,600260.0,凯乐科技,2012-12-31,2012.0,2483734496.46,湖北省,
1355,600293.0,三峡新材,2012-12-31,2012.0,1029854147.53,湖北省,
1356,600345.0,长江通信,2012-12-31,2012.0,1077046295.12,湖北省,
1357,600355.0,精伦电子,2012-12-31,2012.0,276925254.5,湖北省,
1358,600421.0,*ST 国药,2012-12-31,2012.0,8037040.4,湖北省,
1359,600498.0,烽火通信,2012-12-31,2012.0,8182951827.58,湖北省,
1360,600566.0,洪城股份,2012-12-31,2012.0,160020671.73,湖北省,
1361,600568.0,中珠控股,2012-12-31,2012.0,627889303.95,湖北省,
1362,600681.0,ST 万鸿,2012-12-31,2012.0,86113543.68,湖北省,
1363,600703.0,三安光电,2012-12-31,2012.0,3363158183.93,湖北省,
1364,600745.0,中茵股份,2012-12-31,2012.0,1353074410.68,湖北省,
1365,600769.0,ST 祥龙,2012-12-31,2012.0,272279414.52,湖北省,
1366,600801.0,华新水泥,2012-12-31,2012.0,12520527247.0,湖北省,
1367,600879.0,航天电子,2012-12-31,2012.0,3714022858.03,湖北省,
1368,600885.0,ST 宏发,2012-12-31,2012.0,3008258576.51,湖北省,
1369,600993.0,马应龙,2012-12-31,2012.0,1542034451.31,湖北省,
1370,601311.0,骆驼股份,2012-12-31,2012.0,3972776145.86,湖北省,
1371,900956.0,东贝B股,2012-12-31,2012.0,4115881689.22,湖北省,
1372,,,,,88085301210.74,湖北省 汇总,
1373,157.0,中联重科,2012-12-31,2012.0,48071170000.0,湖南省,
1374,519.0,江南红箭,2012-12-31,2012.0,302046582.93,湖南省,
1375,590.0,紫光古汉,2012-12-31,2012.0,363420444.77,湖南省,
1376,622.0,S*ST 恒立,2012-12-31,2012.0,128858192.29,湖南省,
1377,722.0,湖南发展,2012-12-31,2012.0,257604568.09,湖南省,
1378,748.0,长城信息,2012-12-31,2012.0,1502398539.69,湖南省,
1379,908.0,ST 天一,2012-12-31,2012.0,145267112.91,湖南省,
1380,989.0,九芝堂,2012-12-31,2012.0,1042414978.85,湖南省,
1381,2097.0,山河智能,2012-12-31,2012.0,1937344815.78,湖南省,
1382,2297.0,博云新材,2012-12-31,2012.0,308614297.13,湖南省,
1383,2412.0,汉森制药,2012-12-31,2012.0,489461123.57,湖南省,
1384,2452.0,长高集团,2012-12-31,2012.0,410566156.38,湖南省,
1385,2523.0,天桥起重,2012-12-31,2012.0,613483786.47,湖南省,
1386,2533.0,金杯电工,2012-12-31,2012.0,2577559758.33,湖南省,
1387,300035.0,中科电气,2012-12-31,2012.0,221872089.56,湖南省,
1388,300216.0,千山药机,2012-12-31,2012.0,364563423.96,湖南省,
1389,300267.0,尔康制药,2012-12-31,2012.0,834858644.1,湖南省,
1390,300298.0,三诺生物,2012-12-31,2012.0,339120844.12,湖南省,
1391,600031.0,三一重工,2012-12-31,2012.0,46830535000.0,湖南省,
1392,600416.0,湘电股份,2012-12-31,2012.0,5424501267.94,湖南省,
1393,600478.0,科力远,2012-12-31,2012.0,1681648044.58,湖南省,
1394,600479.0,千金药业,2012-12-31,2012.0,1583422733.47,湖南省,
1395,600744.0,华银电力,2012-12-31,2012.0,8102646211.12,湖南省,
1396,600961.0,株冶集团,2012-12-31,2012.0,12246093717.11,湖南省,
1397,600969.0,郴电国际,2012-12-31,2012.0,2095928842.24,湖南省,
1398,601636.0,旗滨集团,2012-12-31,2012.0,2684535646.4,湖南省,
1399,,,,,140559936821.79,湖南省 汇总,
1400,420.0,*ST 吉纤,2012-12-31,2012.0,1549588163.85,吉林省,
1401,623.0,吉林敖东,2012-12-31,2012.0,1445463170.08,吉林省,
1402,661.0,长春高新,2012-12-31,2012.0,1761187218.32,吉林省,
1403,669.0,*ST 领先,2012-12-31,2012.0,1313572212.79,吉林省,
1404,766.0,通化金马,2012-12-31,2012.0,127647611.13,吉林省,
1405,875.0,吉电股份,2012-12-31,2012.0,4383719381.82,吉林省,
1406,2118.0,紫鑫药业,2012-12-31,2012.0,418500365.23,吉林省,
1407,2338.0,奥普光电,2012-12-31,2012.0,264857407.37,吉林省,
1408,2501.0,利源铝业,2012-12-31,2012.0,1522911451.39,吉林省,
1409,2566.0,益盛药业,2012-12-31,2012.0,600503234.51,吉林省,
1410,2622.0,永大集团,2012-12-31,2012.0,244681605.58,吉林省,
1411,300108.0,双龙股份,2012-12-31,2012.0,159898590.46,吉林省,
1412,600110.0,中科英华,2012-12-31,2012.0,1532952188.86,吉林省,
1413,600333.0,长春燃气,2012-12-31,2012.0,1726915180.31,吉林省,
1414,600360.0,华微电子,2012-12-31,2012.0,1055067264.77,吉林省,
1415,600432.0,吉恩镍业,2012-12-31,2012.0,2495685248.87,吉林省,
1416,600856.0,长百集团,2012-12-31,2012.0,392003107.25,吉林省,
1417,600867.0,通化东宝,2012-12-31,2012.0,991527785.72,吉林省,
1418,600881.0,亚泰集团,2012-12-31,2012.0,11625269609.43,吉林省,
1419,,,,,33611950797.74,吉林省 汇总,
1420,301.0,东方市场,2012-12-31,2012.0,875324711.72,江苏省,
1421,418.0,小天鹅A,2012-12-31,2012.0,6899863926.81,江苏省,
1422,421.0,南京中北,2012-12-31,2012.0,1759327240.05,江苏省,
1423,425.0,徐工机械,2012-12-31,2012.0,32132446475.86,江苏省,
1424,518.0,四环生物,2012-12-31,2012.0,262466968.99,江苏省,
1425,570.0,苏常柴A,2012-12-31,2012.0,2955536089.13,江苏省,
1426,727.0,华东科技,2012-12-31,2012.0,808654399.08,江苏省,
1427,777.0,中核科技,2012-12-31,2012.0,812130358.15,江苏省,
1428,816.0,江淮动力,2012-12-31,2012.0,2885962242.73,江苏省,
1429,919.0,金陵药业,2012-12-31,2012.0,2304934220.75,江苏省,
1430,936.0,华西股份,2012-12-31,2012.0,2650851365.29,江苏省,
1431,2009.0,天奇股份,2012-12-31,2012.0,1718867607.84,江苏省,
1432,2015.0,霞客环保,2012-12-31,2012.0,1722699549.53,江苏省,
1433,2074.0,东源电器,2012-12-31,2012.0,593375535.96,江苏省,
1434,2077.0,大港股份,2012-12-31,2012.0,2240288827.65,江苏省,
1435,2079.0,苏州固锝,2012-12-31,2012.0,808899673.62,江苏省,
1436,2080.0,中材科技,2012-12-31,2012.0,2803247159.45,江苏省,
1437,2089.0,新海宜,2012-12-31,2012.0,817018531.24,江苏省,
1438,2090.0,金智科技,2012-12-31,2012.0,821201485.87,江苏省,
1439,2104.0,恒宝股份,2012-12-31,2012.0,929871154.78,江苏省,
1440,2156.0,通富微电,2012-12-31,2012.0,1590025442.22,江苏省,
1441,2160.0,常铝股份,2012-12-31,2012.0,1914395174.33,江苏省,
1442,2172.0,澳洋科技,2012-12-31,2012.0,3552361540.76,江苏省,
1443,2182.0,云海金属,2012-12-31,2012.0,3492607059.83,江苏省,
1444,2201.0,九鼎新材,2012-12-31,2012.0,652362306.88,江苏省,
1445,2223.0,鱼跃医疗,2012-12-31,2012.0,1312211877.04,江苏省,
1446,2245.0,澳洋顺昌,2012-12-31,2012.0,1661138440.11,江苏省,
1447,2255.0,海陆重工,2012-12-31,2012.0,1402749727.46,江苏省,
1448,2262.0,恩华药业,2012-12-31,2012.0,1982496393.59,江苏省,
1449,2290.0,禾盛新材,2012-12-31,2012.0,1146865029.49,江苏省,
1450,2309.0,中利科技,2012-12-31,2012.0,6325725715.27,江苏省,
1451,2333.0,罗普斯金,2012-12-31,2012.0,1138647851.3,江苏省,
1452,2349.0,精华制药,2012-12-31,2012.0,665382374.3,江苏省,
1453,2367.0,康力电梯,2012-12-31,2012.0,1823337342.43,江苏省,
1454,2384.0,东山精密,2012-12-31,2012.0,1816463925.35,江苏省,
1455,2411.0,九九久,2012-12-31,2012.0,1009769856.38,江苏省,
1456,2413.0,常发股份,2012-12-31,2012.0,1365798009.88,江苏省,
1457,2426.0,胜利精密,2012-12-31,2012.0,1719710853.52,江苏省,
1458,2435.0,长江润发,2012-12-31,2012.0,1174507268.4,江苏省,
1459,2438.0,江苏神通,2012-12-31,2012.0,445780050.13,江苏省,
1460,2463.0,沪电股份,2012-12-31,2012.0,3144260513.0,江苏省,
1461,2471.0,中超电缆,2012-12-31,2012.0,1878872518.6,江苏省,
1462,2483.0,润邦股份,2012-12-31,2012.0,1837895405.35,江苏省,
1463,2484.0,江海股份,2012-12-31,2012.0,965516573.75,江苏省,
1464,2491.0,通鼎光电,2012-12-31,2012.0,2803745255.83,江苏省,
1465,2499.0,科林环保,2012-12-31,2012.0,468203296.76,江苏省,
1466,2519.0,银河电子,2012-12-31,2012.0,1022908142.88,江苏省,
1467,2531.0,天顺风能,2012-12-31,2012.0,1231559151.54,江苏省,
1468,2540.0,亚太科技,2012-12-31,2012.0,1733106152.8,江苏省,
1469,2546.0,新联电子,2012-12-31,2012.0,597770885.52,江苏省,
1470,2550.0,千红制药,2012-12-31,2012.0,728592036.06,江苏省,
1471,2553.0,南方轴承,2012-12-31,2012.0,235815260.01,江苏省,
1472,2559.0,亚威股份,2012-12-31,2012.0,762885286.01,江苏省,
1473,2576.0,通达动力,2012-12-31,2012.0,750821907.05,江苏省,
1474,2608.0,舜天船舶,2012-12-31,2012.0,2622268877.08,江苏省,
1475,2610.0,爱康科技,2012-12-31,2012.0,1362435009.36,江苏省,
1476,2623.0,亚玛顿,2012-12-31,2012.0,608885987.78,江苏省,
1477,2635.0,安洁科技,2012-12-31,2012.0,616276597.69,江苏省,
1478,2645.0,华宏科技,2012-12-31,2012.0,496956289.83,江苏省,
1479,2680.0,黄海机械,2012-12-31,2012.0,363697478.87,江苏省,
1480,2685.0,华东重机,2012-12-31,2012.0,424573956.89,江苏省,
1481,2692.0,远程电缆,2012-12-31,2012.0,2296507016.4,江苏省,
1482,200468.0,宁通信B,2012-12-31,2012.0,2667775362.77,江苏省,
1483,300029.0,天龙光电,2012-12-31,2012.0,176032036.29,江苏省,
1484,300091.0,金通灵,2012-12-31,2012.0,605935096.32,江苏省,
1485,300128.0,锦富新材,2012-12-31,2012.0,1963213021.89,江苏省,
1486,300141.0,和顺电气,2012-12-31,2012.0,276820192.91,江苏省,
1487,300160.0,秀强股份,2012-12-31,2012.0,787619129.06,江苏省,
1488,300165.0,天瑞仪器,2012-12-31,2012.0,299880765.48,江苏省,
1489,300196.0,长海股份,2012-12-31,2012.0,601990528.74,江苏省,
1490,300201.0,海伦哲,2012-12-31,2012.0,306143130.54,江苏省,
1491,300211.0,亿通科技,2012-12-31,2012.0,216482433.13,江苏省,
1492,300217.0,东方电热,2012-12-31,2012.0,660942090.42,江苏省,
1493,300228.0,富瑞特装,2012-12-31,2012.0,1245431841.77,江苏省,
1494,300260.0,新莱应材,2012-12-31,2012.0,322711315.89,江苏省,
1495,300265.0,通光线缆,2012-12-31,2012.0,798715283.22,江苏省,
1496,300279.0,和晶科技,2012-12-31,2012.0,298351213.8,江苏省,
1497,300331.0,苏大维格,2012-12-31,2012.0,233917725.97,江苏省,
1498,300337.0,银邦股份,2012-12-31,2012.0,1407250314.45,江苏省,
1499,300342.0,天银机电,2012-12-31,2012.0,361500588.4,江苏省,
1500,300346.0,南大光电,2012-12-31,2012.0,177305666.91,江苏省,
1501,300354.0,东华测试,2012-12-31,2012.0,100281070.61,江苏省,
1502,300356.0,光一科技,2012-12-31,2012.0,385898898.22,江苏省,
1503,600074.0,中达股份,2012-12-31,2012.0,1745421579.59,江苏省,
1504,600105.0,永鼎股份,2012-12-31,2012.0,1370540277.31,江苏省,
1505,600200.0,江苏吴中,2012-12-31,2012.0,3722974684.57,江苏省,
1506,600268.0,国电南自,2012-12-31,2012.0,4147229515.67,江苏省,
1507,600276.0,恒瑞医药,2012-12-31,2012.0,5435067561.2,江苏省,
1508,600401.0,海润光伏,2012-12-31,2012.0,4965754974.32,江苏省,
1509,600481.0,双良节能,2012-12-31,2012.0,5823354935.87,江苏省,
1510,600487.0,亨通光电,2012-12-31,2012.0,7804275590.55,江苏省,
1511,600513.0,联环药业,2012-12-31,2012.0,325358991.57,江苏省,
1512,600522.0,中天科技,2012-12-31,2012.0,5812209949.4,江苏省,
1513,600527.0,江南高纤,2012-12-31,2012.0,1522478832.3,江苏省,
1514,600557.0,康缘药业,2012-12-31,2012.0,1903373702.36,江苏省,
1515,600562.0,高淳陶瓷,2012-12-31,2012.0,273200813.44,江苏省,
1516,600584.0,长电科技,2012-12-31,2012.0,4436159748.06,江苏省,
1517,600775.0,南京熊猫,2012-12-31,2012.0,2430042276.95,江苏省,
1518,600854.0,春兰股份,2012-12-31,2012.0,747923381.8,江苏省,
1519,600889.0,南京化纤,2012-12-31,2012.0,1519210168.37,江苏省,
1520,600973.0,宝胜股份,2012-12-31,2012.0,8569474666.44,江苏省,
1521,601100.0,恒立油缸,2012-12-31,2012.0,1045146077.19,江苏省,
1522,601199.0,江南水务,2012-12-31,2012.0,523165333.65,江苏省,
1523,601218.0,吉鑫科技,2012-12-31,2012.0,1242721862.79,江苏省,
1524,601222.0,林洋电子,2012-12-31,2012.0,1913748512.18,江苏省,
1525,601313.0,江南嘉捷,2012-12-31,2012.0,1992141751.15,江苏省,
1526,601388.0,怡球资源,2012-12-31,2012.0,5295178561.51,江苏省,
1527,603366.0,日出东方,2012-12-31,2012.0,3364793196.32,江苏省,
1528,,,,,221774002013.58,江苏省 汇总,
1529,404.0,华意压缩,2012-12-31,2012.0,5601432454.89,江西省,
1530,650.0,仁和药业,2012-12-31,2012.0,2087519161.84,江西省,
1531,789.0,江西水泥,2012-12-31,2012.0,4658432647.53,江西省,
1532,899.0,*ST 赣能,2012-12-31,2012.0,2570058533.48,江西省,
1533,2176.0,江特电机,2012-12-31,2012.0,646538719.07,江西省,
1534,2378.0,章源钨业,2012-12-31,2012.0,1744356498.54,江西省,
1535,2460.0,赣锋锂业,2012-12-31,2012.0,628147629.65,江西省,
1536,300066.0,三川股份,2012-12-31,2012.0,612976593.54,江西省,
1537,300095.0,华伍股份,2012-12-31,2012.0,321210769.9,江西省,
1538,300294.0,博雅生物,2012-12-31,2012.0,227259439.82,江西省,
1539,600071.0,凤凰光学,2012-12-31,2012.0,1360140886.2,江西省,
1540,600362.0,江西铜业,2012-12-31,2012.0,158556206525.0,江西省,
1541,600363.0,联创光电,2012-12-31,2012.0,1265136849.79,江西省,
1542,600461.0,洪城水业,2012-12-31,2012.0,1041501525.71,江西省,
1543,600590.0,泰豪科技,2012-12-31,2012.0,2478077313.09,江西省,
1544,600750.0,江中药业,2012-12-31,2012.0,3191844694.11,江西省,
1545,,,,,186990840242.16,江西省 汇总,
1546,410.0,沈阳机床,2012-12-31,2012.0,7786881202.68,辽宁省,
1547,511.0,银基发展,2012-12-31,2012.0,713577253.71,辽宁省,
1548,530.0,大冷股份,2012-12-31,2012.0,1521979266.15,辽宁省,
1549,585.0,*ST 东电,2012-12-31,2012.0,217220841.81,辽宁省,
1550,597.0,东北制药,2012-12-31,2012.0,3864913099.66,辽宁省,
1551,633.0,ST 合金,2012-12-31,2012.0,161496142.65,辽宁省,
1552,692.0,惠天热电,2012-12-31,2012.0,1507528174.87,辽宁省,
1553,751.0,*ST 锌业,2012-12-31,2012.0,4442432170.99,辽宁省,
1554,2204.0,大连重工,2012-12-31,2012.0,10070430943.4,辽宁省,
1555,2231.0,奥维通信,2012-12-31,2012.0,397791742.02,辽宁省,
1556,2606.0,大连电瓷,2012-12-31,2012.0,639770909.6,辽宁省,
1557,2667.0,鞍重股份,2012-12-31,2012.0,257508754.93,辽宁省,
1558,2689.0,博林特,2012-12-31,2012.0,1512176853.57,辽宁省,
1559,200706.0,瓦轴B,2012-12-31,2012.0,3092563172.35,辽宁省,
1560,300024.0,机器人,2012-12-31,2012.0,1044419979.13,辽宁省,
1561,300097.0,智云股份,2012-12-31,2012.0,162354430.27,辽宁省,
1562,300125.0,易世达,2012-12-31,2012.0,480506179.68,辽宁省,
1563,300202.0,聚龙股份,2012-12-31,2012.0,504098867.24,辽宁省,
1564,300210.0,森远股份,2012-12-31,2012.0,305213855.39,辽宁省,
1565,300293.0,蓝英装备,2012-12-31,2012.0,478825895.45,辽宁省,
1566,600167.0,联美控股,2012-12-31,2012.0,493750362.58,辽宁省,
1567,600241.0,时代万恒,2012-12-31,2012.0,1576511978.19,辽宁省,
1568,600346.0,大橡塑,2012-12-31,2012.0,1326964964.94,辽宁省,
1569,600396.0,金山股份,2012-12-31,2012.0,3574275324.73,辽宁省,
1570,600719.0,大连热电,2012-12-31,2012.0,670373796.51,辽宁省,
1571,600795.0,国电电力,2012-12-31,2012.0,55683577397.55,辽宁省,
1572,603399.0,新华龙,2012-12-31,2012.0,2582212565.77,辽宁省,
1573,,,,,105069356125.82,辽宁省 汇总,
1574,2688.0,金河生物,2012-12-31,2012.0,770405139.29,内蒙古自治区,
1575,300049.0,福瑞股份,2012-12-31,2012.0,407639040.22,内蒙古自治区,
1576,300239.0,东宝生物,2012-12-31,2012.0,255573324.71,内蒙古自治区,
1577,600111.0,包钢稀土,2012-12-31,2012.0,9241750513.29,内蒙古自治区,
1578,600201.0,金宇集团,2012-12-31,2012.0,556475105.95,内蒙古自治区,
1579,600262.0,北方股份,2012-12-31,2012.0,2554108883.88,内蒙古自治区,
1580,600863.0,内蒙华电,2012-12-31,2012.0,11061128610.63,内蒙古自治区,
1581,,,,,24847080617.97,内蒙古自治区 汇总,
1582,595.0,*ST 西轴,2012-12-31,2012.0,373677478.63,宁夏回族自治区,
1583,862.0,银星能源,2012-12-31,2012.0,942251916.76,宁夏回族自治区,
1584,962.0,东方钽业,2012-12-31,2012.0,2248490286.36,宁夏回族自治区,
1585,2457.0,青龙管业,2012-12-31,2012.0,774894945.47,宁夏回族自治区,
1586,600449.0,宁夏建材,2012-12-31,2012.0,3147867864.92,宁夏回族自治区,
1587,,,,,7487182492.14,宁夏回族自治区 汇总,
1588,600243.0,青海华鼎,2012-12-31,2012.0,1140039773.15,青海省,
1589,600771.0,ST 东盛,2012-12-31,2012.0,260653806.57,青海省,
1590,600869.0,三普药业,2012-12-31,2012.0,9880294017.95,青海省,
1591,,,,,11280987597.67,青海省 汇总,
1592,407.0,胜利股份,2012-12-31,2012.0,2186659683.41,山东省,
1593,423.0,东阿阿胶,2012-12-31,2012.0,3056074263.94,山东省,
1594,677.0,*ST 海龙,2012-12-31,2012.0,1060058987.06,山东省,
1595,680.0,山推股份,2012-12-31,2012.0,10484746986.25,山东省,
1596,739.0,普洛股份,2012-12-31,2012.0,3480088217.95,山东省,
1597,756.0,新华制药,2012-12-31,2012.0,2971519619.9,山东省,
1598,811.0,烟台冰轮,2012-12-31,2012.0,1522861788.88,山东省,
1599,880.0,潍柴重机,2012-12-31,2012.0,2105014114.75,山东省,
1600,915.0,山大华特,2012-12-31,2012.0,830249955.17,山东省,
1601,977.0,浪潮信息,2012-12-31,2012.0,2191045537.25,山东省,
1602,2073.0,软控股份,2012-12-31,2012.0,1618601853.27,山东省,
1603,2088.0,鲁阳股份,2012-12-31,2012.0,1003341060.69,山东省,
1604,2107.0,沃华医药,2012-12-31,2012.0,209606772.47,山东省,
1605,2111.0,威海广泰,2012-12-31,2012.0,810764712.16,山东省,
1606,2217.0,联合化工,2012-12-31,2012.0,1183208639.43,山东省,
1607,2237.0,恒邦股份,2012-12-31,2012.0,10543831106.65,山东省,
1608,2241.0,歌尔声学,2012-12-31,2012.0,7253205090.54,山东省,
1609,2242.0,九阳股份,2012-12-31,2012.0,4941836029.16,山东省,
1610,2248.0,华东数控,2012-12-31,2012.0,372988301.39,山东省,
1611,2254.0,泰和新材,2012-12-31,2012.0,1530793935.4,山东省,
1612,2270.0,法因数控,2012-12-31,2012.0,306574860.03,山东省,
1613,2339.0,积成电子,2012-12-31,2012.0,834187024.02,山东省,
1614,2353.0,杰瑞股份,2012-12-31,2012.0,2384029702.7,山东省,
1615,2376.0,新北洋,2012-12-31,2012.0,756383951.22,山东省,
1616,2379.0,鲁丰股份,2012-12-31,2012.0,2058138787.46,山东省,
1617,2382.0,蓝帆股份,2012-12-31,2012.0,1333379950.88,山东省,
1618,2490.0,山东墨龙,2012-12-31,2012.0,2952063832.16,山东省,
1619,2498.0,汉缆股份,2012-12-31,2012.0,3674633716.84,山东省,
1620,2526.0,山东矿机,2012-12-31,2012.0,1613515133.62,山东省,
1621,2537.0,海立美达,2012-12-31,2012.0,2418538636.97,山东省,
1622,2580.0,圣阳股份,2012-12-31,2012.0,1191787313.64,山东省,
1623,2581.0,万昌科技,2012-12-31,2012.0,285343999.23,山东省,
1624,2595.0,豪迈科技,2012-12-31,2012.0,710955123.49,山东省,
1625,2598.0,山东章鼓,2012-12-31,2012.0,631737766.01,山东省,
1626,2655.0,共达电声,2012-12-31,2012.0,421549388.95,山东省,
1627,2671.0,龙泉股份,2012-12-31,2012.0,614569764.46,山东省,
1628,2675.0,东诚生化,2012-12-31,2012.0,587753814.32,山东省,
1629,300001.0,特锐德,2012-12-31,2012.0,663931002.96,山东省,
1630,300099.0,尤洛卡,2012-12-31,2012.0,194995210.21,山东省,
1631,300105.0,龙源技术,2012-12-31,2012.0,1236712620.18,山东省,
1632,300110.0,华仁药业,2012-12-31,2012.0,562034145.34,山东省,
1633,300185.0,通裕重工,2012-12-31,2012.0,1386504421.73,山东省,
1634,300208.0,恒顺电气,2012-12-31,2012.0,247263192.79,山东省,
1635,300224.0,正海磁材,2012-12-31,2012.0,812428913.26,山东省,
1636,300233.0,金城医药,2012-12-31,2012.0,799331826.53,山东省,
1637,300308.0,中际装备,2012-12-31,2012.0,116659627.85,山东省,
1638,600027.0,华电国际,2012-12-31,2012.0,59489973000.0,山东省,
1639,600060.0,海信电器,2012-12-31,2012.0,25251980431.0,山东省,
1640,600219.0,南山铝业,2012-12-31,2012.0,14869600075.08,山东省,
1641,600336.0,澳柯玛,2012-12-31,2012.0,4002827471.06,山东省,
1642,600385.0,*ST 金泰,2012-12-31,2012.0,4977842.14,山东省,
1643,600529.0,山东药玻,2012-12-31,2012.0,1468092831.37,山东省,
1644,600579.0,*ST 黄海,2012-12-31,2012.0,436779399.0,山东省,
1645,600586.0,金晶科技,2012-12-31,2012.0,2986983265.05,山东省,
1646,600587.0,新华医疗,2012-12-31,2012.0,3035561225.52,山东省,
1647,600690.0,青岛海尔,2012-12-31,2012.0,79856597810.97,山东省,
1648,600789.0,鲁抗医药,2012-12-31,2012.0,2339454261.36,山东省,
1649,600898.0,三联商社,2012-12-31,2012.0,739194260.49,山东省,
1650,,,,,282633522255.61,山东省 汇总,
1651,403.0,S*ST 生化,2012-12-31,2012.0,469824199.66,山西省,
1652,767.0,*ST 漳电,2012-12-31,2012.0,4937773973.37,山西省,
1653,795.0,太原刚玉,2012-12-31,2012.0,1409607120.74,山西省,
1654,831.0,*ST 关铝,2012-12-31,2012.0,4018392644.19,山西省,
1655,300158.0,振东制药,2012-12-31,2012.0,1387054787.23,山西省,
1656,300254.0,仟源制药,2012-12-31,2012.0,361500206.61,山西省,
1657,600157.0,永泰能源,2012-12-31,2012.0,7718329792.09,山西省,
1658,600169.0,太原重工,2012-12-31,2012.0,9360076854.13,山西省,
1659,600234.0,ST 天龙,2012-12-31,2012.0,24883377.65,山西省,
1660,600281.0,太化股份,2012-12-31,2012.0,4011281663.6,山西省,
1661,600351.0,亚宝药业,2012-12-31,2012.0,1266573181.9,山西省,
1662,600392.0,*ST 天成,2012-12-31,2012.0,749747537.91,山西省,
1663,600780.0,通宝能源,2012-12-31,2012.0,6058504392.16,山西省,
1664,,,,,41773549731.24,山西省 汇总,
1665,561.0,烽火电子,2012-12-31,2012.0,905064889.01,陕西省,
1666,837.0,秦川发展,2012-12-31,2012.0,1191140056.35,陕西省,
1667,2149.0,西部材料,2012-12-31,2012.0,1404461542.71,陕西省,
1668,2267.0,陕天然气,2012-12-31,2012.0,3803173223.78,陕西省,
1669,300023.0,宝德股份,2012-12-31,2012.0,63684379.33,陕西省,
1670,300114.0,中航电测,2012-12-31,2012.0,567894429.66,陕西省,
1671,300116.0,坚瑞消防,2012-12-31,2012.0,170022179.57,陕西省,
1672,300140.0,启源装备,2012-12-31,2012.0,206022535.22,陕西省,
1673,600080.0,金花股份,2012-12-31,2012.0,460193983.21,陕西省,
1674,600302.0,标准股份,2012-12-31,2012.0,707757628.36,陕西省,
1675,600343.0,航天动力,2012-12-31,2012.0,1247424297.89,陕西省,
1676,600379.0,宝光股份,2012-12-31,2012.0,650877047.32,陕西省,
1677,600456.0,宝钛股份,2012-12-31,2012.0,2336217272.41,陕西省,
1678,600707.0,彩虹股份,2012-12-31,2012.0,248692338.02,陕西省,
1679,600817.0,*ST 宏盛,2012-12-31,2012.0,41581500.19,陕西省,
1680,600984.0,建设机械,2012-12-31,2012.0,704892393.21,陕西省,
1681,601012.0,隆基股份,2012-12-31,2012.0,1708325052.74,陕西省,
1682,601179.0,中国西电,2012-12-31,2012.0,12480825465.95,陕西省,
1683,601369.0,陕鼓动力,2012-12-31,2012.0,6041744665.06,陕西省,
1684,,,,,34939994879.99,陕西省 汇总,
1685,2022.0,科华生物,2012-12-31,2012.0,1013681321.29,上海市,
1686,2028.0,思源电气,2012-12-31,2012.0,2891734580.27,上海市,
1687,2058.0,威尔泰,2012-12-31,2012.0,125095650.43,上海市,
1688,2158.0,汉钟精机,2012-12-31,2012.0,700094360.36,上海市,
1689,2162.0,斯米克,2012-12-31,2012.0,884542932.49,上海市,
1690,2184.0,海得控制,2012-12-31,2012.0,1269254560.56,上海市,
1691,2252.0,上海莱士,2012-12-31,2012.0,662676897.9,上海市,
1692,2278.0,神开股份,2012-12-31,2012.0,749878725.92,上海市,
1693,2346.0,柘中建设,2012-12-31,2012.0,306968985.87,上海市,
1694,2451.0,摩恩电气,2012-12-31,2012.0,392349051.54,上海市,
1695,2506.0,超日太阳,2012-12-31,2012.0,1637967028.55,上海市,
1696,2527.0,新时达,2012-12-31,2012.0,840478182.26,上海市,
1697,2636.0,金安国纪,2012-12-31,2012.0,2135984952.78,上海市,
1698,300039.0,上海凯宝,2012-12-31,2012.0,1102004884.07,上海市,
1699,300126.0,锐奇股份,2012-12-31,2012.0,538082225.67,上海市,
1700,300129.0,泰胜风能,2012-12-31,2012.0,671321205.46,上海市,
1701,300153.0,科泰电源,2012-12-31,2012.0,446223956.12,上海市,
1702,300171.0,东富龙,2012-12-31,2012.0,821857944.05,上海市,
1703,300222.0,科大智能,2012-12-31,2012.0,263739850.74,上海市,
1704,300272.0,开能环保,2012-12-31,2012.0,240717358.1,上海市,
1705,300286.0,安科瑞,2012-12-31,2012.0,162364018.72,上海市,
1706,300326.0,凯利泰,2012-12-31,2012.0,101692192.93,上海市,
1707,300327.0,中颖电子,2012-12-31,2012.0,264281352.62,上海市,
1708,430139.0,华岭股份,2012-12-31,2012.0,65677155.48,上海市,
1709,600021.0,上海电力,2012-12-31,2012.0,15044339577.39,上海市,
1710,600151.0,航天机电,2012-12-31,2012.0,1529393287.14,上海市,
1711,600171.0,上海贝岭,2012-12-31,2012.0,676929539.58,上海市,
1712,600196.0,复星医药,2012-12-31,2012.0,7340782721.14,上海市,
1713,600320.0,振华重工,2012-12-31,2012.0,18255152096.0,上海市,
1714,600420.0,现代制药,2012-12-31,2012.0,2006892234.86,上海市,
1715,600490.0,中科合臣,2012-12-31,2012.0,1461864916.87,上海市,
1716,600530.0,交大昂立,2012-12-31,2012.0,375271863.91,上海市,
1717,600601.0,方正科技,2012-12-31,2012.0,5555033560.07,上海市,
1718,600613.0,永生投资,2012-12-31,2012.0,153999261.07,上海市,
1719,600617.0,ST 联华,2012-12-31,2012.0,,上海市,
1720,600619.0,海立股份,2012-12-31,2012.0,6772965870.14,上海市,
1721,600624.0,复旦复华,2012-12-31,2012.0,867237413.09,上海市,
1722,600635.0,大众公用,2012-12-31,2012.0,3666048738.43,上海市,
1723,600642.0,申能股份,2012-12-31,2012.0,24117987423.44,上海市,
1724,600651.0,飞乐音响,2012-12-31,2012.0,2014042616.23,上海市,
1725,600680.0,上海普天,2012-12-31,2012.0,1265917008.18,上海市,
1726,600732.0,上海新梅,2012-12-31,2012.0,81904551.74,上海市,
1727,600781.0,上海辅仁,2012-12-31,2012.0,347282636.3,上海市,
1728,600819.0,耀皮玻璃,2012-12-31,2012.0,2307631891.19,上海市,
1729,600835.0,上海机电,2012-12-31,2012.0,17743250879.58,上海市,
1730,600841.0,上柴股份,2012-12-31,2012.0,3029962800.96,上海市,
1731,600843.0,上工申贝,2012-12-31,2012.0,1506126050.61,上海市,
1732,600851.0,海欣股份,2012-12-31,2012.0,1311355214.56,上海市,
1733,601231.0,环旭电子,2012-12-31,2012.0,13335294595.52,上海市,
1734,601616.0,广电电气,2012-12-31,2012.0,914525234.17,上海市,
1735,601727.0,上海电气,2012-12-31,2012.0,77076743000.0,上海市,
1736,900935.0,阳晨B股,2012-12-31,2012.0,452363952.93,上海市,
1737,,,,,227498968309.28,上海市 汇总,
1738,155.0,*ST 川化,2012-12-31,2012.0,2119820760.34,四川省,
1739,584.0,友利控股,2012-12-31,2012.0,1553495394.03,四川省,
1740,586.0,汇源通信,2012-12-31,2012.0,438748748.76,四川省,
1741,593.0,大通燃气,2012-12-31,2012.0,450426626.75,四川省,
1742,598.0,兴蓉投资,2012-12-31,2012.0,2151845762.4,四川省,
1743,629.0,攀钢钒钛,2012-12-31,2012.0,15602599735.95,四川省,
1744,790.0,华神集团,2012-12-31,2012.0,580530915.88,四川省,
1745,801.0,四川九洲,2012-12-31,2012.0,2756733169.42,四川省,
1746,810.0,华润锦华,2012-12-31,2012.0,1131022099.85,四川省,
1747,935.0,四川双马,2012-12-31,2012.0,1864904027.16,四川省,
1748,2259.0,升达林业,2012-12-31,2012.0,792316521.23,四川省,
1749,2272.0,川润股份,2012-12-31,2012.0,707746144.17,四川省,
1750,2366.0,丹甫股份,2012-12-31,2012.0,603557117.48,四川省,
1751,2422.0,科伦药业,2012-12-31,2012.0,5885278617.0,四川省,
1752,2466.0,天齐锂业,2012-12-31,2012.0,396829148.24,四川省,
1753,2480.0,新筑股份,2012-12-31,2012.0,761760882.35,四川省,
1754,2630.0,华西能源,2012-12-31,2012.0,2449243146.83,四川省,
1755,2651.0,利君股份,2012-12-31,2012.0,804468244.96,四川省,
1756,300028.0,金亚科技,2012-12-31,2012.0,476496994.5,四川省,
1757,300092.0,科新机电,2012-12-31,2012.0,169115141.41,四川省,
1758,300101.0,国腾电子,2012-12-31,2012.0,202292724.29,四川省,
1759,300127.0,银河磁体,2012-12-31,2012.0,487163118.86,四川省,
1760,600101.0,明星电力,2012-12-31,2012.0,908260841.57,四川省,
1761,600331.0,宏达股份,2012-12-31,2012.0,4440021844.33,四川省,
1762,600353.0,旭光股份,2012-12-31,2012.0,434650552.17,四川省,
1763,600505.0,西昌电力,2012-12-31,2012.0,620543967.61,四川省,
1764,600528.0,中铁二局,2012-12-31,2012.0,66611033839.93,四川省,
1765,600644.0,乐山电力,2012-12-31,2012.0,1450153846.86,四川省,
1766,600674.0,川投能源,2012-12-31,2012.0,1137124628.24,四川省,
1767,600678.0,*ST 金顶,2012-12-31,2012.0,12135839.95,四川省,
1768,600839.0,四川长虹,2012-12-31,2012.0,52334149134.26,四川省,
1769,600875.0,东方电气,2012-12-31,2012.0,38079202510.13,四川省,
1770,600979.0,广安爱众,2012-12-31,2012.0,1102458017.99,四川省,
1771,601268.0,二重重装,2012-12-31,2012.0,3988426294.77,四川省,
1772,603333.0,明星电缆,2012-12-31,2012.0,1154114523.68,四川省,
1773,,,,,214658670883.35,四川省 汇总,
1774,836.0,鑫茂科技,2012-12-31,2012.0,1298633705.35,天津市,
1775,2129.0,中环股份,2012-12-31,2012.0,2535828500.26,天津市,
1776,2134.0,天津普林,2012-12-31,2012.0,437601334.64,天津市,
1777,2337.0,赛象科技,2012-12-31,2012.0,453283520.14,天津市,
1778,2393.0,力生制药,2012-12-31,2012.0,1117067915.48,天津市,
1779,2432.0,九安医疗,2012-12-31,2012.0,356081981.82,天津市,
1780,300026.0,红日药业,2012-12-31,2012.0,1229251677.54,天津市,
1781,300119.0,瑞普生物,2012-12-31,2012.0,656393897.8,天津市,
1782,300120.0,经纬电材,2012-12-31,2012.0,311908790.99,天津市,
1783,300195.0,长荣股份,2012-12-31,2012.0,574922429.1,天津市,
1784,300334.0,津膜科技,2012-12-31,2012.0,290778006.33,天津市,
1785,600329.0,中新药业,2012-12-31,2012.0,5129925987.36,天津市,
1786,600468.0,百利电气,2012-12-31,2012.0,698377512.3,天津市,
1787,600488.0,天药股份,2012-12-31,2012.0,1642531461.4,天津市,
1788,600535.0,天士力,2012-12-31,2012.0,9300215116.81,天津市,
1789,600821.0,津劝业,2012-12-31,2012.0,752156684.04,天津市,
1790,600874.0,创业环保,2012-12-31,2012.0,1637320000.0,天津市,
1791,,,,,28422278521.36,天津市 汇总,
1792,2287.0,奇正藏药,2012-12-31,2012.0,934274709.06,西藏自治区,
1793,2653.0,海思科,2012-12-31,2012.0,802069348.02,西藏自治区,
1794,600211.0,西藏药业,2012-12-31,2012.0,1221385421.83,西藏自治区,
1795,600326.0,西藏天路,2012-12-31,2012.0,1640255342.29,西藏自治区,
1796,,,,,4597984821.2,西藏自治区 汇总,
1797,813.0,天山纺织,2012-12-31,2012.0,257304950.08,新疆维吾尔自治区,
1798,877.0,天山股份,2012-12-31,2012.0,7699180130.82,新疆维吾尔自治区,
1799,2202.0,金风科技,2012-12-31,2012.0,11324189039.41,新疆维吾尔自治区,
1800,2205.0,国统股份,2012-12-31,2012.0,472360557.44,新疆维吾尔自治区,
1801,2302.0,西部建设,2012-12-31,2012.0,2118775883.15,新疆维吾尔自治区,
1802,2700.0,新疆浩源,2012-12-31,2012.0,238272990.63,新疆维吾尔自治区,
1803,600089.0,特变电工,2012-12-31,2012.0,20325141935.86,新疆维吾尔自治区,
1804,600425.0,青松建化,2012-12-31,2012.0,2300535261.9,新疆维吾尔自治区,
1805,600509.0,天富热电,2012-12-31,2012.0,2918350019.8,新疆维吾尔自治区,
1806,600545.0,新疆城建,2012-12-31,2012.0,2587493977.72,新疆维吾尔自治区,
1807,600888.0,新疆众和,2012-12-31,2012.0,2249797988.23,新疆维吾尔自治区,
1808,,,,,52491402735.04,新疆维吾尔自治区 汇总,
1809,538.0,云南白药,2012-12-31,2012.0,13686824525.57,云南省,
1810,807.0,云铝股份,2012-12-31,2012.0,10692727718.69,云南省,
1811,878.0,云南铜业,2012-12-31,2012.0,40825859541.14,云南省,
1812,903.0,云内动力,2012-12-31,2012.0,2381710410.86,云南省,
1813,960.0,锡业股份,2012-12-31,2012.0,16268432099.08,云南省,
1814,2114.0,*ST 锌电,2012-12-31,2012.0,1262200858.7,云南省,
1815,2428.0,云南锗业,2012-12-31,2012.0,381742374.02,云南省,
1816,300142.0,沃森生物,2012-12-31,2012.0,537558541.09,云南省,
1817,600422.0,昆明制药,2012-12-31,2012.0,3016021800.06,云南省,
1818,600459.0,贵研铂业,2012-12-31,2012.0,4225924814.52,云南省,
1819,600806.0,昆明机床,2012-12-31,2012.0,1086311095.78,云南省,
1820,600883.0,博闻科技,2012-12-31,2012.0,76052422.03,云南省,
1821,600995.0,文山电力,2012-12-31,2012.0,1710340703.15,云南省,
1822,,,,,96151706904.69,云南省 汇总,
1823,925.0,众合机电,2012-12-31,2012.0,1277185975.0,浙江省,
1824,2001.0,新和成,2012-12-31,2012.0,3631417484.17,浙江省,
1825,2006.0,精功科技,2012-12-31,2012.0,735488492.83,浙江省,
1826,2011.0,盾安环境,2012-12-31,2012.0,7579309504.59,浙江省,
1827,2019.0,*ST 鑫富,2012-12-31,2012.0,644191139.2,浙江省,
1828,2020.0,京新药业,2012-12-31,2012.0,857582263.11,浙江省,
1829,2021.0,中捷股份,2012-12-31,2012.0,976456174.65,浙江省,
1830,2036.0,宜科科技,2012-12-31,2012.0,395135320.42,浙江省,
1831,2050.0,三花股份,2012-12-31,2012.0,3826346179.77,浙江省,
1832,2056.0,横店东磁,2012-12-31,2012.0,2910289702.3,浙江省,
1833,2064.0,华峰氨纶,2012-12-31,2012.0,1727313773.9,浙江省,
1834,2082.0,栋梁新材,2012-12-31,2012.0,10972922380.31,浙江省,
1835,2099.0,海翔药业,2012-12-31,2012.0,1145374377.17,浙江省,
1836,2112.0,三变科技,2012-12-31,2012.0,838075893.3,浙江省,
1837,2119.0,康强电子,2012-12-31,2012.0,1239778302.37,浙江省,
1838,2122.0,天马股份,2012-12-31,2012.0,2504110577.76,浙江省,
1839,2164.0,东力传动,2012-12-31,2012.0,617639503.59,浙江省,
1840,2196.0,方正电机,2012-12-31,2012.0,475652317.24,浙江省,
1841,2199.0,东晶电子,2012-12-31,2012.0,285873441.9,浙江省,
1842,2203.0,海亮股份,2012-12-31,2012.0,10349952665.33,浙江省,
1843,2206.0,海利得,2012-12-31,2012.0,1950506155.37,浙江省,
1844,2214.0,大立科技,2012-12-31,2012.0,272194160.65,浙江省,
1845,2236.0,大华股份,2012-12-31,2012.0,3531214471.62,浙江省,
1846,2273.0,水晶光电,2012-12-31,2012.0,592492628.26,浙江省,
1847,2276.0,万马电缆,2012-12-31,2012.0,3850942716.12,浙江省,
1848,2332.0,仙琚制药,2012-12-31,2012.0,1992191544.54,浙江省,
1849,2364.0,中恒电气,2012-12-31,2012.0,396128451.09,浙江省,
1850,2370.0,亚太药业,2012-12-31,2012.0,316044644.25,浙江省,
1851,2389.0,南洋科技,2012-12-31,2012.0,358579062.9,浙江省,
1852,2415.0,海康威视,2012-12-31,2012.0,7213789489.18,浙江省,
1853,2418.0,康盛股份,2012-12-31,2012.0,1331915562.22,浙江省,
1854,2427.0,尤夫股份,2012-12-31,2012.0,912768915.78,浙江省,
1855,2430.0,杭氧股份,2012-12-31,2012.0,5353924660.59,浙江省,
1856,2472.0,双环传动,2012-12-31,2012.0,795035336.92,浙江省,
1857,2473.0,圣莱达,2012-12-31,2012.0,205127501.35,浙江省,
1858,2479.0,富春环保,2012-12-31,2012.0,2706121160.16,浙江省,
1859,2493.0,荣盛石化,2012-12-31,2012.0,23857114483.72,浙江省,
1860,2508.0,老板电器,2012-12-31,2012.0,1962741353.82,浙江省,
1861,2520.0,日发数码,2012-12-31,2012.0,323621451.43,浙江省,
1862,2532.0,新界泵业,2012-12-31,2012.0,942450475.38,浙江省,
1863,2534.0,杭锅股份,2012-12-31,2012.0,11721692787.04,浙江省,
1864,2552.0,宝鼎重工,2012-12-31,2012.0,325947648.91,浙江省,
1865,2562.0,兄弟科技,2012-12-31,2012.0,775006213.13,浙江省,
1866,2617.0,露笑科技,2012-12-31,2012.0,2597961086.79,浙江省,
1867,2633.0,申科股份,2012-12-31,2012.0,267607710.58,浙江省,
1868,2677.0,浙江美大,2012-12-31,2012.0,362028227.28,浙江省,
1869,2686.0,亿利达,2012-12-31,2012.0,561086247.36,浙江省,
1870,200771.0,杭汽轮B,2012-12-31,2012.0,4575383435.46,浙江省,
1871,300032.0,金龙机电,2012-12-31,2012.0,317693495.75,浙江省,
1872,300068.0,南都电源,2012-12-31,2012.0,3104406048.18,浙江省,
1873,300069.0,金利华电,2012-12-31,2012.0,145098826.05,浙江省,
1874,300076.0,宁波GQY,2012-12-31,2012.0,360285422.22,浙江省,
1875,300078.0,中瑞思创,2012-12-31,2012.0,334277609.05,浙江省,
1876,300111.0,向日葵,2012-12-31,2012.0,1226008549.66,浙江省,
1877,300118.0,东方日升,2012-12-31,2012.0,1015902911.2,浙江省,
1878,300145.0,南方泵业,2012-12-31,2012.0,1048773863.18,浙江省,
1879,300181.0,佐力药业,2012-12-31,2012.0,343758925.69,浙江省,
1880,300203.0,聚光科技,2012-12-31,2012.0,835694642.55,浙江省,
1881,300234.0,开尔新材,2012-12-31,2012.0,141905844.62,浙江省,
1882,300256.0,星星科技,2012-12-31,2012.0,483573303.59,浙江省,
1883,300257.0,开山股份,2012-12-31,2012.0,1617089061.06,浙江省,
1884,300270.0,中威电子,2012-12-31,2012.0,141191450.74,浙江省,
1885,300283.0,温州宏丰,2012-12-31,2012.0,705128891.2,浙江省,
1886,300306.0,远方光电,2012-12-31,2012.0,182073938.56,浙江省,
1887,300307.0,慈星股份,2012-12-31,2012.0,2118843884.83,浙江省,
1888,300314.0,戴维医疗,2012-12-31,2012.0,255790389.88,浙江省,
1889,300316.0,晶盛机电,2012-12-31,2012.0,502541748.72,浙江省,
1890,300351.0,永贵电器,2012-12-31,2012.0,158140481.45,浙江省,
1891,600130.0,波导股份,2012-12-31,2012.0,1074486095.39,浙江省,
1892,600152.0,维科精华,2012-12-31,2012.0,2951631743.13,浙江省,
1893,600216.0,浙江医药,2012-12-31,2012.0,5264006116.35,浙江省,
1894,600261.0,阳光照明,2012-12-31,2012.0,2592852992.61,浙江省,
1895,600267.0,海正药业,2012-12-31,2012.0,5801766062.23,浙江省,
1896,600283.0,钱江水利,2012-12-31,2012.0,678289512.61,浙江省,
1897,600290.0,华仪电气,2012-12-31,2012.0,1319499016.89,浙江省,
1898,600330.0,天通股份,2012-12-31,2012.0,1130324752.98,浙江省,
1899,600366.0,宁波韵升,2012-12-31,2012.0,2919614599.87,浙江省,
1900,600460.0,士兰微,2012-12-31,2012.0,1349024202.5,浙江省,
1901,600521.0,华海药业,2012-12-31,2012.0,2014390967.6,浙江省,
1902,600526.0,菲达环保,2012-12-31,2012.0,1676204581.59,浙江省,
1903,600537.0,亿晶光电,2012-12-31,2012.0,1963495953.48,浙江省,
1904,600572.0,康恩贝,2012-12-31,2012.0,2733691196.62,浙江省,
1905,600580.0,卧龙电气,2012-12-31,2012.0,2507204576.58,浙江省,
1906,600668.0,尖峰集团,2012-12-31,2012.0,1649095454.4,浙江省,
1907,600671.0,ST 天目,2012-12-31,2012.0,229078895.28,浙江省,
1908,600724.0,宁波富达,2012-12-31,2012.0,5186565280.47,浙江省,
1909,600768.0,宁波富邦,2012-12-31,2012.0,977467204.54,浙江省,
1910,600776.0,东方通信,2012-12-31,2012.0,3298291641.46,浙江省,
1911,600884.0,杉杉股份,2012-12-31,2012.0,3755888253.52,浙江省,
1912,600982.0,宁波热电,2012-12-31,2012.0,1017104915.81,浙江省,
1913,601002.0,晋亿实业,2012-12-31,2012.0,2596338695.46,浙江省,
1914,601113.0,华鼎锦纶,2012-12-31,2012.0,1771386701.86,浙江省,
1915,601137.0,博威合金,2012-12-31,2012.0,2369410696.33,浙江省,
1916,601177.0,杭齿前进,2012-12-31,2012.0,1680742847.18,浙江省,
1917,601233.0,桐昆股份,2012-12-31,2012.0,18420572465.65,浙江省,
1918,601567.0,三星电气,2012-12-31,2012.0,2561751342.91,浙江省,
1919,601877.0,正泰电器,2012-12-31,2012.0,10703163376.13,浙江省,
1920,900949.0,东电B股,2012-12-31,2012.0,8211682796.04,浙江省,
1921,,,,,248484915276.46,浙江省 汇总,
1922,591.0,桐君阁,2012-12-31,2012.0,4708284779.02,重庆市,
1923,788.0,西南合成,2012-12-31,2012.0,1947941189.14,重庆市,
1924,300006.0,莱美药业,2012-12-31,2012.0,631461353.32,重庆市,
1925,300122.0,智飞生物,2012-12-31,2012.0,760326497.79,重庆市,
1926,300194.0,福安药业,2012-12-31,2012.0,420017314.39,重庆市,
1927,600116.0,三峡水利,2012-12-31,2012.0,945242588.83,重庆市,
1928,600129.0,太极集团,2012-12-31,2012.0,6596977562.54,重庆市,
1929,600452.0,涪陵电力,2012-12-31,2012.0,1116192289.61,重庆市,
1930,600666.0,西南药业,2012-12-31,2012.0,1205098865.43,重庆市,
1931,600847.0,万里股份,2012-12-31,2012.0,144448812.02,重庆市,
1932,600877.0,*ST 嘉陵,2012-12-31,2012.0,1896683981.27,重庆市,
1933,601158.0,重庆水务,2012-12-31,2012.0,3968736585.71,重庆市,
1934,,,,,24341411819.07,重庆市 汇总,
1935,,,,,4051895968809.81,总计,
1936,,证券简称,统计截止日期,,,所属省份,
1937,153.0,丰原药业,2013-12-31,2013.0,1529898115.07,安徽省,
1938,521.0,美菱电器,2013-12-31,2013.0,10538933941.29,安徽省,
1939,543.0,皖能电力,2013-12-31,2013.0,12567773855.84,安徽省,
1940,630.0,铜陵有色,2013-12-31,2013.0,76164734293.74,安徽省,
1941,2171.0,精诚铜业,2013-12-31,2013.0,3846360163.0,安徽省,
1942,2347.0,泰尔重工,2013-12-31,2013.0,358019290.86,安徽省,
1943,2571.0,德力股份,2013-12-31,2013.0,953087681.2,安徽省,
1944,2690.0,美亚光电,2013-12-31,2013.0,567554914.69,安徽省,
1945,300009.0,安科生物,2013-12-31,2013.0,430346122.28,安徽省,
1946,300088.0,长信科技,2013-12-31,2013.0,1097352513.54,安徽省,
1947,300090.0,盛运股份,2013-12-31,2013.0,1170070053.74,安徽省,
1948,300247.0,桑乐金,2013-12-31,2013.0,265046558.82,安徽省,
1949,300274.0,阳光电源,2013-12-31,2013.0,2120396019.63,安徽省,
1950,600063.0,皖维高新,2013-12-31,2013.0,3573058832.97,安徽省,
1951,600218.0,全柴动力,2013-12-31,2013.0,3187367241.99,安徽省,
1952,600237.0,铜峰电子,2013-12-31,2013.0,647768021.47,安徽省,
1953,600255.0,鑫科材料,2013-12-31,2013.0,4378723210.52,安徽省,
1954,600444.0,*ST 国通,2013-12-31,2013.0,421502953.54,安徽省,
1955,600520.0,中发科技,2013-12-31,2013.0,326323280.24,安徽省,
1956,600552.0,方兴科技,2013-12-31,2013.0,982627398.34,安徽省,
1957,600577.0,精达股份,2013-12-31,2013.0,9549579116.18,安徽省,
1958,600585.0,海螺水泥,2013-12-31,2013.0,55261676595.0,安徽省,
1959,600761.0,安徽合力,2013-12-31,2013.0,6553350803.55,安徽省,
1960,600983.0,合肥三洋,2013-12-31,2013.0,5325324267.84,安徽省,
1961,600990.0,四创电子,2013-12-31,2013.0,1116667792.78,安徽省,
1962,603308.0,应流股份,2013-12-31,2013.0,1333857614.89,安徽省,
1963,,,,,204267400653.01,安徽省 汇总,
1964,605.0,四环药业,2013-12-31,2013.0,71449168.57,北京市,
1965,725.0,京东方A,2013-12-31,2013.0,33774285620.0,北京市,
1966,786.0,北新建材,2013-12-31,2013.0,7490082779.83,北京市,
1967,931.0,中关村,2013-12-31,2013.0,3605177851.36,北京市,
1968,938.0,紫光股份,2013-12-31,2013.0,8520037292.29,北京市,
1969,970.0,中科三环,2013-12-31,2013.0,3638668963.24,北京市,
1970,2038.0,双鹭药业,2013-12-31,2013.0,1161778748.54,北京市,
1971,2066.0,瑞泰科技,2013-12-31,2013.0,1864395793.17,北京市,
1972,2151.0,北斗星通,2013-12-31,2013.0,778365236.45,北京市,
1973,2271.0,东方雨虹,2013-12-31,2013.0,3902626865.51,北京市,
1974,2350.0,北京科锐,2013-12-31,2013.0,993434619.46,北京市,
1975,2362.0,汉王科技,2013-12-31,2013.0,278734565.45,北京市,
1976,2371.0,七星电子,2013-12-31,2013.0,859527070.19,北京市,
1977,2383.0,合众思壮,2013-12-31,2013.0,619755877.3,北京市,
1978,2392.0,北京利尔,2013-12-31,2013.0,1480719158.64,北京市,
1979,2658.0,雪迪龙,2013-12-31,2013.0,588997388.21,北京市,
1980,2665.0,首航节能,2013-12-31,2013.0,975650646.27,北京市,
1981,300003.0,乐普医疗,2013-12-31,2013.0,1303267831.76,北京市,
1982,300016.0,北陆药业,2013-12-31,2013.0,331615821.48,北京市,
1983,300034.0,钢研高纳,2013-12-31,2013.0,519770246.43,北京市,
1984,300045.0,华力创通,2013-12-31,2013.0,303700133.49,北京市,
1985,300048.0,合康变频,2013-12-31,2013.0,661851892.55,北京市,
1986,300065.0,海兰信,2013-12-31,2013.0,358501468.41,北京市,
1987,300073.0,当升科技,2013-12-31,2013.0,629954045.63,北京市,
1988,300079.0,数码视讯,2013-12-31,2013.0,386551049.25,北京市,
1989,300139.0,福星晓程,2013-12-31,2013.0,291308239.24,北京市,
1990,300156.0,天立环保,2013-12-31,2013.0,277391251.23,北京市,
1991,300204.0,舒泰神,2013-12-31,2013.0,892691618.85,北京市,
1992,300213.0,佳讯飞鸿,2013-12-31,2013.0,490036519.55,北京市,
1993,300223.0,北京君正,2013-12-31,2013.0,94832084.99,北京市,
1994,300282.0,汇冠股份,2013-12-31,2013.0,121112520.72,北京市,
1995,300289.0,利德曼,2013-12-31,2013.0,343630223.37,北京市,
1996,300296.0,利亚德,2013-12-31,2013.0,778124625.33,北京市,
1997,300318.0,博晖创新,2013-12-31,2013.0,106870485.72,北京市,
1998,300332.0,天壕节能,2013-12-31,2013.0,325502457.2,北京市,
1999,300353.0,东土科技,2013-12-31,2013.0,174201269.38,北京市,
2000,300367.0,东方网力,2013-12-31,2013.0,436781331.98,北京市,
2001,600008.0,首创股份,2013-12-31,2013.0,4230653565.52,北京市,
2002,600011.0,华能国际,2013-12-31,2013.0,133832874654.0,北京市,
2003,600055.0,华润万东,2013-12-31,2013.0,764680965.4,北京市,
2004,600062.0,华润双鹤,2013-12-31,2013.0,6834574325.87,北京市,
2005,600085.0,同仁堂,2013-12-31,2013.0,8714647401.68,北京市,
2006,600100.0,同方股份,2013-12-31,2013.0,22650144108.08,北京市,
2007,600118.0,中国卫星,2013-12-31,2013.0,4803526979.66,北京市,
2008,600161.0,天坛生物,2013-12-31,2013.0,1836504083.0,北京市,
2009,600176.0,中国玻纤,2013-12-31,2013.0,5209641310.3,北京市,
2010,600195.0,中牧股份,2013-12-31,2013.0,3639750974.51,北京市,
2011,600198.0,大唐电信,2013-12-31,2013.0,7915172624.99,北京市,
2012,600206.0,有研硅股,2013-12-31,2013.0,490869619.0,北京市,
2013,600271.0,航天信息,2013-12-31,2013.0,16582461563.03,北京市,
2014,600288.0,大恒科技,2013-12-31,2013.0,3548694779.17,北京市,
2015,600299.0,蓝星新材,2013-12-31,2013.0,8262539718.23,北京市,
2016,600361.0,华联综超,2013-12-31,2013.0,12747534795.58,北京市,
2017,600405.0,动力源,2013-12-31,2013.0,793269722.2,北京市,
2018,600435.0,北方导航,2013-12-31,2013.0,1051698550.55,北京市,
2019,600485.0,中创信测,2013-12-31,2013.0,232829415.79,北京市,
2020,600560.0,金自天正,2013-12-31,2013.0,1030122353.82,北京市,
2021,600578.0,京能电力,2013-12-31,2013.0,10070841135.08,北京市,
2022,600582.0,天地科技,2013-12-31,2013.0,12674149646.19,北京市,
2023,600764.0,中电广通,2013-12-31,2013.0,808015375.65,北京市,
2024,600855.0,航天长峰,2013-12-31,2013.0,981050686.45,北京市,
2025,600860.0,北人股份,2013-12-31,2013.0,2828194349.87,北京市,
2026,600900.0,长江电力,2013-12-31,2013.0,22697637374.02,北京市,
2027,600980.0,*ST 北磁,2013-12-31,2013.0,252177423.5,北京市,
2028,601126.0,四方股份,2013-12-31,2013.0,3052550127.7,北京市,
2029,601558.0,华锐风电,2013-12-31,2013.0,3661874681.01,北京市,
2030,601600.0,中国铝业,2013-12-31,2013.0,173038099000.0,北京市,
2031,601908.0,京运通,2013-12-31,2013.0,465867125.82,北京市,
2032,601991.0,大唐发电,2013-12-31,2013.0,75227458000.0,北京市,
2033,601992.0,金隅股份,2013-12-31,2013.0,44789759261.89,北京市,
2034,,,,,675151248458.6,北京市 汇总,
2035,536.0,华映科技,2013-12-31,2013.0,5543853868.98,福建省,
2036,547.0,闽福发A,2013-12-31,2013.0,536150202.18,福建省,
2037,993.0,闽东电力,2013-12-31,2013.0,1678480505.55,福建省,
2038,2102.0,冠福家用,2013-12-31,2013.0,1867163138.77,福建省,
2039,2222.0,福晶科技,2013-12-31,2013.0,178038381.19,福建省,
2040,2300.0,太阳电缆,2013-12-31,2013.0,3359907269.51,福建省,
2041,2335.0,科华恒盛,2013-12-31,2013.0,1013615367.97,福建省,
2042,2396.0,星网锐捷,2013-12-31,2013.0,3276162751.8,福建省,
2043,2509.0,天广消防,2013-12-31,2013.0,572387754.09,福建省,
2044,2529.0,海源机械,2013-12-31,2013.0,252546725.64,福建省,
2045,2578.0,闽发铝业,2013-12-31,2013.0,1156219909.21,福建省,
2046,2614.0,蒙发利,2013-12-31,2013.0,2229978342.66,福建省,
2047,2639.0,雪人股份,2013-12-31,2013.0,385643269.63,福建省,
2048,200512.0,闽灿坤B,2013-12-31,2013.0,2037382839.55,福建省,
2049,300056.0,三维丝,2013-12-31,2013.0,433957653.68,福建省,
2050,300062.0,中能电气,2013-12-31,2013.0,446129667.51,福建省,
2051,300102.0,乾照光电,2013-12-31,2013.0,479500570.96,福建省,
2052,300341.0,麦迪电气,2013-12-31,2013.0,315425538.52,福建省,
2053,600163.0,福建南纸,2013-12-31,2013.0,1408904112.73,福建省,
2054,600203.0,福日电子,2013-12-31,2013.0,2499476675.76,福建省,
2055,600388.0,龙净环保,2013-12-31,2013.0,5568211847.21,福建省,
2056,600436.0,片仔癀,2013-12-31,2013.0,1395868518.78,福建省,
2057,600483.0,福建南纺,2013-12-31,2013.0,1179709870.94,福建省,
2058,600549.0,厦门钨业,2013-12-31,2013.0,9875449907.38,福建省,
2059,600563.0,法拉电子,2013-12-31,2013.0,1326761399.58,福建省,
2060,600592.0,龙溪股份,2013-12-31,2013.0,705105887.68,福建省,
2061,600660.0,福耀玻璃,2013-12-31,2013.0,11501209769.0,福建省,
2062,600734.0,实达集团,2013-12-31,2013.0,110825757.63,福建省,
2063,600802.0,福建水泥,2013-12-31,2013.0,1819578484.2,福建省,
2064,600815.0,厦工股份,2013-12-31,2013.0,6497414936.85,福建省,
2065,600870.0,厦华电子,2013-12-31,2013.0,1187691426.39,福建省,
2066,,,,,70838752351.53,福建省 汇总,
2067,672.0,上峰水泥,2013-12-31,2013.0,2543727567.13,甘肃省,
2068,791.0,甘肃电投,2013-12-31,2013.0,1600676735.83,甘肃省,
2069,2185.0,华天科技,2013-12-31,2013.0,2447163304.12,甘肃省,
2070,2644.0,佛慈制药,2013-12-31,2013.0,291528279.91,甘肃省,
2071,600192.0,长城电工,2013-12-31,2013.0,2010979459.54,甘肃省,
2072,600516.0,方大炭素,2013-12-31,2013.0,3373449201.92,甘肃省,
2073,600720.0,祁连山,2013-12-31,2013.0,5813025594.52,甘肃省,
2074,600886.0,国投电力,2013-12-31,2013.0,28338981085.05,甘肃省,
2075,601798.0,蓝科高新,2013-12-31,2013.0,917383537.55,甘肃省,
2076,,,,,47336914765.57,甘肃省 汇总,
2077,12.0,南玻A,2013-12-31,2013.0,7733796114.0,广东省,
2078,16.0,深康佳A,2013-12-31,2013.0,20006736878.82,广东省,
2079,20.0,深华发A,2013-12-31,2013.0,626821044.64,广东省,
2080,21.0,长城开发,2013-12-31,2013.0,15039531962.51,广东省,
2081,23.0,深天地A,2013-12-31,2013.0,1069538387.03,广东省,
2082,27.0,深圳能源,2013-12-31,2013.0,12350782449.0,广东省,
2083,37.0,深南电A,2013-12-31,2013.0,1110427750.14,广东省,
2084,40.0,宝安地产,2013-12-31,2013.0,815110766.03,广东省,
2085,45.0,深纺织A,2013-12-31,2013.0,1131098580.37,广东省,
2086,49.0,德赛电池,2013-12-31,2013.0,4402498844.33,广东省,
2087,50.0,深天马A,2013-12-31,2013.0,4519377681.0,广东省,
2088,60.0,中金岭南,2013-12-31,2013.0,21117720747.04,广东省,
2089,63.0,中兴通讯,2013-12-31,2013.0,75233724000.0,广东省,
2090,66.0,长城电脑,2013-12-31,2013.0,77858636643.28,广东省,
2091,70.0,特发信息,2013-12-31,2013.0,1571950276.88,广东省,
2092,100.0,TCL集团,2013-12-31,2013.0,85324086000.0,广东省,
2093,333.0,美的集团,2013-12-31,2013.0,120975003140.0,广东省,
2094,513.0,丽珠集团,2013-12-31,2013.0,4618680040.86,广东省,
2095,531.0,穗恒运A,2013-12-31,2013.0,3280640507.4,广东省,
2096,533.0,万家乐,2013-12-31,2013.0,2310851184.54,广东省,
2097,534.0,万泽股份,2013-12-31,2013.0,1122349637.9,广东省,
2098,539.0,粤电力A,2013-12-31,2013.0,30830757337.0,广东省,
2099,541.0,佛山照明,2013-12-31,2013.0,2526679810.53,广东省,
2100,576.0,广东甘化,2013-12-31,2013.0,451117337.31,广东省,
2101,601.0,韶能股份,2013-12-31,2013.0,2339664457.53,广东省,
2102,636.0,风华高科,2013-12-31,2013.0,2230701463.9,广东省,
2103,651.0,格力电器,2013-12-31,2013.0,118627948208.59,广东省,
2104,685.0,中山公用,2013-12-31,2013.0,867467595.25,广东省,
2105,690.0,宝新能源,2013-12-31,2013.0,5655572708.69,广东省,
2106,782.0,美达股份,2013-12-31,2013.0,3700080656.12,广东省,
2107,823.0,超声电子,2013-12-31,2013.0,3544249516.65,广东省,
2108,921.0,海信科龙,2013-12-31,2013.0,24360021308.47,广东省,
2109,999.0,华润三九,2013-12-31,2013.0,7801603747.42,广东省,
2110,2005.0,德豪润达,2013-12-31,2013.0,3129893521.86,广东省,
2111,2008.0,大族激光,2013-12-31,2013.0,4334252887.74,广东省,
2112,2017.0,东信和平,2013-12-31,2013.0,1168242040.39,广东省,
2113,2030.0,达安基因,2013-12-31,2013.0,854372322.7,广东省,
2114,2031.0,巨轮股份,2013-12-31,2013.0,901167343.13,广东省,
2115,2035.0,华帝股份,2013-12-31,2013.0,3708628789.91,广东省,
2116,2045.0,国光电器,2013-12-31,2013.0,2021440900.0,广东省,
2117,2052.0,同洲电子,2013-12-31,2013.0,1956087078.32,广东省,
2118,2055.0,得润电子,2013-12-31,2013.0,2070039314.32,广东省,
2119,2076.0,雪莱特,2013-12-31,2013.0,392049378.32,广东省,
2120,2106.0,莱宝高科,2013-12-31,2013.0,2000780456.21,广东省,
2121,2121.0,科陆电子,2013-12-31,2013.0,1408784506.56,广东省,
2122,2130.0,沃尔核材,2013-12-31,2013.0,1332470353.08,广东省,
2123,2137.0,实益达,2013-12-31,2013.0,618647930.91,广东省,
2124,2138.0,顺络电子,2013-12-31,2013.0,1019802229.49,广东省,
2125,2139.0,拓邦股份,2013-12-31,2013.0,999159790.42,广东省,
2126,2141.0,蓉胜超微,2013-12-31,2013.0,1000579977.37,广东省,
2127,2152.0,广电运通,2013-12-31,2013.0,2515897353.8,广东省,
2128,2161.0,远望谷,2013-12-31,2013.0,541120086.93,广东省,
2129,2167.0,东方锆业,2013-12-31,2013.0,578218895.18,广东省,
2130,2169.0,智光电气,2013-12-31,2013.0,563730945.34,广东省,
2131,2177.0,御银股份,2013-12-31,2013.0,848671277.67,广东省,
2132,2180.0,万力达,2013-12-31,2013.0,136830651.26,广东省,
2133,2198.0,嘉应制药,2013-12-31,2013.0,226744884.65,广东省,
2134,2209.0,达意隆,2013-12-31,2013.0,896554397.72,广东省,
2135,2218.0,拓日新能,2013-12-31,2013.0,1064231728.63,广东省,
2136,2227.0,奥特迅,2013-12-31,2013.0,347952846.78,广东省,
2137,2233.0,塔牌集团,2013-12-31,2013.0,3816093615.71,广东省,
2138,2240.0,威华股份,2013-12-31,2013.0,1778031622.31,广东省,
2139,2249.0,大洋电机,2013-12-31,2013.0,3273123793.43,广东省,
2140,2256.0,彩虹精化,2013-12-31,2013.0,589275846.23,广东省,
2141,2260.0,伊立浦,2013-12-31,2013.0,680330608.11,广东省,
2142,2288.0,超华科技,2013-12-31,2013.0,929573916.57,广东省,
2143,2289.0,宇顺电子,2013-12-31,2013.0,1444044594.26,广东省,
2144,2294.0,信立泰,2013-12-31,2013.0,2327483505.65,广东省,
2145,2295.0,精艺股份,2013-12-31,2013.0,2627184461.22,广东省,
2146,2308.0,威创股份,2013-12-31,2013.0,1015449796.45,广东省,
2147,2313.0,日海通讯,2013-12-31,2013.0,2079223758.25,广东省,
2148,2317.0,众生药业,2013-12-31,2013.0,1090027702.94,广东省,
2149,2334.0,英威腾,2013-12-31,2013.0,928088765.7,广东省,
2150,2351.0,漫步者,2013-12-31,2013.0,734310075.22,广东省,
2151,2369.0,卓翼科技,2013-12-31,2013.0,2043620035.39,广东省,
2152,2387.0,黑牛食品,2013-12-31,2013.0,697156325.35,广东省,
2153,2388.0,新亚制程,2013-12-31,2013.0,419771006.74,广东省,
2154,2399.0,海普瑞,2013-12-31,2013.0,1513168624.17,广东省,
2155,2402.0,和而泰,2013-12-31,2013.0,750644132.95,广东省,
2156,2429.0,兆驰股份,2013-12-31,2013.0,6543532200.07,广东省,
2157,2433.0,太安堂,2013-12-31,2013.0,785165829.74,广东省,
2158,2436.0,兴森科技,2013-12-31,2013.0,1300797368.79,广东省,
2159,2446.0,盛路通信,2013-12-31,2013.0,318691676.46,广东省,
2160,2449.0,国星光电,2013-12-31,2013.0,1142376274.38,广东省,
2161,2456.0,欧菲光,2013-12-31,2013.0,9101764288.45,广东省,
2162,2465.0,海格通信,2013-12-31,2013.0,1683759565.26,广东省,
2163,2475.0,立讯精密,2013-12-31,2013.0,4591656697.76,广东省,
2164,2512.0,达华智能,2013-12-31,2013.0,549472308.37,广东省,
2165,2518.0,科士达,2013-12-31,2013.0,1171658269.99,广东省,
2166,2528.0,英飞拓,2013-12-31,2013.0,960548420.17,广东省,
2167,2543.0,万和电气,2013-12-31,2013.0,3692480328.61,广东省,
2168,2551.0,尚荣医疗,2013-12-31,2013.0,730900907.9,广东省,
2169,2577.0,雷柏科技,2013-12-31,2013.0,395953455.02,广东省,
2170,2579.0,中京电子,2013-12-31,2013.0,446405039.64,广东省,
2171,2583.0,海能达,2013-12-31,2013.0,1683395409.81,广东省,
2172,2587.0,奥拓电子,2013-12-31,2013.0,280200417.23,广东省,
2173,2600.0,江粉磁材,2013-12-31,2013.0,1405167937.95,广东省,
2174,2611.0,东方精工,2013-12-31,2013.0,365359516.91,广东省,
2175,2618.0,丹邦科技,2013-12-31,2013.0,286754569.25,广东省,
2176,2638.0,勤上光电,2013-12-31,2013.0,1140513683.01,广东省,
2177,2660.0,茂硕电源,2013-12-31,2013.0,606756517.18,广东省,
2178,2668.0,奥马电器,2013-12-31,2013.0,4257197257.8,广东省,
2179,2681.0,奋达科技,2013-12-31,2013.0,1059205198.77,广东省,
2180,2684.0,猛狮科技,2013-12-31,2013.0,288062044.75,广东省,
2181,2705.0,新宝股份,2013-12-31,2013.0,5035546553.62,广东省,
2182,2723.0,金莱特,2013-12-31,2013.0,563313612.19,广东省,
2183,300004.0,南风股份,2013-12-31,2013.0,407474263.84,广东省,
2184,300014.0,亿纬锂能,2013-12-31,2013.0,1039066507.32,广东省,
2185,300030.0,阳普医疗,2013-12-31,2013.0,396737493.67,广东省,
2186,300042.0,朗科科技,2013-12-31,2013.0,231361272.83,广东省,
2187,300053.0,欧比特,2013-12-31,2013.0,151237401.92,广东省,
2188,300057.0,万顺股份,2013-12-31,2013.0,2034046909.51,广东省,
2189,300077.0,国民技术,2013-12-31,2013.0,433621613.42,广东省,
2190,300083.0,劲胜股份,2013-12-31,2013.0,3278007699.68,广东省,
2191,300089.0,长城集团,2013-12-31,2013.0,415376055.36,广东省,
2192,300093.0,金刚玻璃,2013-12-31,2013.0,400435133.3,广东省,
2193,300112.0,万讯自控,2013-12-31,2013.0,330858390.06,广东省,
2194,300115.0,长盈精密,2013-12-31,2013.0,1725720986.09,广东省,
2195,300124.0,汇川技术,2013-12-31,2013.0,1725868253.8,广东省,
2196,300130.0,新国都,2013-12-31,2013.0,499177767.74,广东省,
2197,300134.0,大富科技,2013-12-31,2013.0,1895273111.89,广东省,
2198,300136.0,信维通信,2013-12-31,2013.0,352281481.42,广东省,
2199,300147.0,香雪制药,2013-12-31,2013.0,1261114651.88,广东省,
2200,300151.0,昌红科技,2013-12-31,2013.0,617390939.61,广东省,
2201,300154.0,瑞凌股份,2013-12-31,2013.0,686119251.59,广东省,
2202,300155.0,安居宝,2013-12-31,2013.0,522102067.06,广东省,
2203,300162.0,雷曼光电,2013-12-31,2013.0,350439343.72,广东省,
2204,300173.0,松德股份,2013-12-31,2013.0,203129569.32,广东省,
2205,300177.0,中海达,2013-12-31,2013.0,538278464.98,广东省,
2206,300186.0,大华农,2013-12-31,2013.0,1076824198.02,广东省,
2207,300193.0,佳士科技,2013-12-31,2013.0,584696639.97,广东省,
2208,300199.0,翰宇药业,2013-12-31,2013.0,301404772.26,广东省,
2209,300206.0,理邦仪器,2013-12-31,2013.0,454607048.22,广东省,
2210,300207.0,欣旺达,2013-12-31,2013.0,2203390775.94,广东省,
2211,300219.0,鸿利光电,2013-12-31,2013.0,735417172.74,广东省,
2212,300227.0,光韵达,2013-12-31,2013.0,173614904.24,广东省,
2213,300232.0,洲明科技,2013-12-31,2013.0,788959317.47,广东省,
2214,300238.0,冠昊生物,2013-12-31,2013.0,168501935.02,广东省,
2215,300241.0,瑞丰光电,2013-12-31,2013.0,681984216.24,广东省,
2216,300246.0,宝莱特,2013-12-31,2013.0,234831957.67,广东省,
2217,300252.0,金信诺,2013-12-31,2013.0,746605328.94,广东省,
2218,300273.0,和佳股份,2013-12-31,2013.0,739618469.41,广东省,
2219,300281.0,金明精机,2013-12-31,2013.0,276084362.34,广东省,
2220,300301.0,长方照明,2013-12-31,2013.0,812908327.68,广东省,
2221,300303.0,聚飞光电,2013-12-31,2013.0,753628605.07,广东省,
2222,300317.0,珈伟股份,2013-12-31,2013.0,640721060.64,广东省,
2223,300319.0,麦捷科技,2013-12-31,2013.0,158215356.45,广东省,
2224,300322.0,硕贝德,2013-12-31,2013.0,503733702.65,广东省,
2225,300335.0,迪森股份,2013-12-31,2013.0,414906417.17,广东省,
2226,300340.0,科恒股份,2013-12-31,2013.0,379671825.84,广东省,
2227,300376.0,易事特,2013-12-31,2013.0,1347865486.7,广东省,
2228,300381.0,溢多利,2013-12-31,2013.0,359159329.37,广东省,
2229,600098.0,广州发展,2013-12-31,2013.0,16628451479.63,广东省,
2230,600183.0,生益科技,2013-12-31,2013.0,6570259191.92,广东省,
2231,600332.0,白云山,2013-12-31,2013.0,17608193312.31,广东省,
2232,600380.0,健康元,2013-12-31,2013.0,6219885201.14,广东省,
2233,600499.0,科达机电,2013-12-31,2013.0,3811896392.57,广东省,
2234,600518.0,康美药业,2013-12-31,2013.0,13358728517.0,广东省,
2235,600525.0,长园集团,2013-12-31,2013.0,2821511168.89,广东省,
2236,600868.0,梅雁吉祥,2013-12-31,2013.0,486234543.99,广东省,
2237,600894.0,广日股份,2013-12-31,2013.0,4079478829.49,广东省,
2238,601139.0,深圳燃气,2013-12-31,2013.0,8574549940.63,广东省,
2239,603002.0,宏昌电子,2013-12-31,2013.0,1207385292.37,广东省,
2240,,,,,896313859917.65,广东省 汇总,
2241,528.0,柳工,2013-12-31,2013.0,12584687456.76,广西壮族自治区,
2242,703.0,恒逸石化,2013-12-31,2013.0,30750609390.47,广西壮族自治区,
2243,806.0,银河投资,2013-12-31,2013.0,784076719.09,广西壮族自治区,
2244,953.0,*ST 河化,2013-12-31,2013.0,792106191.84,广西壮族自治区,
2245,2166.0,莱茵生物,2013-12-31,2013.0,426617655.04,广西壮族自治区,
2246,2175.0,广陆数测,2013-12-31,2013.0,176732396.53,广西壮族自治区,
2247,2275.0,桂林三金,2013-12-31,2013.0,1452636241.21,广西壮族自治区,
2248,600236.0,桂冠电力,2013-12-31,2013.0,4944102874.45,广西壮族自治区,
2249,600252.0,中恒集团,2013-12-31,2013.0,3996697641.68,广西壮族自治区,
2250,600310.0,桂东电力,2013-12-31,2013.0,2223704061.76,广西壮族自治区,
2251,,,,,58131970628.83,广西壮族自治区 汇总,
2252,733.0,振华科技,2013-12-31,2013.0,2972742240.76,贵州省,
2253,2025.0,航天电器,2013-12-31,2013.0,1370840538.59,贵州省,
2254,2039.0,黔源电力,2013-12-31,2013.0,1017416605.75,贵州省,
2255,2390.0,信邦制药,2013-12-31,2013.0,569487922.11,贵州省,
2256,2424.0,贵州百灵,2013-12-31,2013.0,1405330331.4,贵州省,
2257,600112.0,天成控股,2013-12-31,2013.0,654631311.12,贵州省,
2258,600145.0,国创能源,2013-12-31,2013.0,36150037.52,贵州省,
2259,600227.0,赤天化,2013-12-31,2013.0,4149879864.04,贵州省,
2260,600594.0,益佰制药,2013-12-31,2013.0,2784900020.43,贵州省,
2261,,,,,14961378871.72,贵州省 汇总,
2262,566.0,海南海药,2013-12-31,2013.0,1018483618.89,海南省,
2263,657.0,中钨高新,2013-12-31,2013.0,11237296706.75,海南省,
2264,2596.0,海南瑞泽,2013-12-31,2013.0,1102020635.32,海南省,
2265,2693.0,双成药业,2013-12-31,2013.0,149604615.93,海南省,
2266,300086.0,康芝药业,2013-12-31,2013.0,309337001.16,海南省,
2267,,,,,13816742578.05,海南省 汇总,
2268,401.0,冀东水泥,2013-12-31,2013.0,15710734473.48,河北省,
2269,413.0,宝石A,2013-12-31,2013.0,931900682.99,河北省,
2270,600.0,建投能源,2013-12-31,2013.0,8701750687.45,河北省,
2271,687.0,恒天天鹅,2013-12-31,2013.0,784873073.18,河北省,
2272,856.0,冀东装备,2013-12-31,2013.0,1392335406.71,河北省,
2273,2049.0,同方国芯,2013-12-31,2013.0,919987596.18,河北省,
2274,2282.0,博深工具,2013-12-31,2013.0,566047540.35,河北省,
2275,2459.0,天业通联,2013-12-31,2013.0,664192155.27,河北省,
2276,2603.0,以岭药业,2013-12-31,2013.0,2490161533.08,河北省,
2277,2691.0,石中装备,2013-12-31,2013.0,327909449.76,河北省,
2278,300137.0,先河环保,2013-12-31,2013.0,334779249.73,河北省,
2279,300255.0,常山药业,2013-12-31,2013.0,704542401.29,河北省,
2280,300368.0,汇金股份,2013-12-31,2013.0,206657148.91,河北省,
2281,300371.0,汇中股份,2013-12-31,2013.0,183331885.84,河北省,
2282,600149.0,廊坊发展,2013-12-31,2013.0,51630168.02,河北省,
2283,600550.0,天威保变,2013-12-31,2013.0,4358993718.53,河北省,
2284,600803.0,威远生化,2013-12-31,2013.0,4707563659.7,河北省,
2285,600812.0,华北制药,2013-12-31,2013.0,12438143702.43,河北省,
2286,,,,,55475534532.9,河北省 汇总,
2287,400.0,许继电气,2013-12-31,2013.0,7154625534.18,河南省,
2288,544.0,中原环保,2013-12-31,2013.0,490370540.76,河南省,
2289,612.0,焦作万方,2013-12-31,2013.0,5615661294.48,河南省,
2290,933.0,神火股份,2013-12-31,2013.0,25687202331.2,河南省,
2291,949.0,新乡化纤,2013-12-31,2013.0,3269453469.08,河南省,
2292,1896.0,豫能控股,2013-12-31,2013.0,3500195822.85,河南省,
2293,2007.0,华兰生物,2013-12-31,2013.0,1117611999.48,河南省,
2294,2046.0,轴研科技,2013-12-31,2013.0,651107108.35,河南省,
2295,2179.0,中航光电,2013-12-31,2013.0,2601763184.78,河南省,
2296,2189.0,利达光电,2013-12-31,2013.0,604498250.64,河南省,
2297,2225.0,濮耐股份,2013-12-31,2013.0,2432474181.14,河南省,
2298,2296.0,辉煌科技,2013-12-31,2013.0,387553675.59,河南省,
2299,2358.0,森源电气,2013-12-31,2013.0,1319285933.67,河南省,
2300,2535.0,林州重机,2013-12-31,2013.0,2023667404.29,河南省,
2301,2560.0,通达股份,2013-12-31,2013.0,916711611.75,河南省,
2302,2613.0,北玻股份,2013-12-31,2013.0,825753012.72,河南省,
2303,300007.0,汉威电子,2013-12-31,2013.0,302472419.55,河南省,
2304,300064.0,豫金刚石,2013-12-31,2013.0,524417771.5,河南省,
2305,300080.0,新大新材,2013-12-31,2013.0,1547704536.03,河南省,
2306,300179.0,四方达,2013-12-31,2013.0,151356757.6,河南省,
2307,300259.0,新天科技,2013-12-31,2013.0,327547072.77,河南省,
2308,300263.0,隆华节能,2013-12-31,2013.0,729103524.16,河南省,
2309,600172.0,黄河旋风,2013-12-31,2013.0,1556311681.43,河南省,
2310,600207.0,安彩高科,2013-12-31,2013.0,1755790149.14,河南省,
2311,600222.0,太龙药业,2013-12-31,2013.0,1304674915.33,河南省,
2312,600285.0,羚锐制药,2013-12-31,2013.0,686974842.83,河南省,
2313,600312.0,平高电气,2013-12-31,2013.0,3818393165.04,河南省,
2314,600531.0,豫光金铅,2013-12-31,2013.0,11291254031.35,河南省,
2315,600595.0,中孚实业,2013-12-31,2013.0,10668323052.85,河南省,
2316,600810.0,神马股份,2013-12-31,2013.0,14694215975.31,河南省,
2317,600876.0,洛阳玻璃,2013-12-31,2013.0,375735014.43,河南省,
2318,601038.0,一拖股份,2013-12-31,2013.0,10965436727.36,河南省,
2319,601608.0,中信重工,2013-12-31,2013.0,5083111074.06,河南省,
2320,601677.0,明泰铝业,2013-12-31,2013.0,5652618452.95,河南省,
2321,,,,,130033376518.65,河南省 汇总,
2322,922.0,佳电股份,2013-12-31,2013.0,2673892436.46,黑龙江省,
2323,2437.0,誉衡药业,2013-12-31,2013.0,1307886246.04,黑龙江省,
2324,2698.0,博实股份,2013-12-31,2013.0,763620061.7,黑龙江省,
2325,300040.0,九洲电气,2013-12-31,2013.0,209203049.14,黑龙江省,
2326,600187.0,国中水务,2013-12-31,2013.0,589401243.35,黑龙江省,
2327,600202.0,哈空调,2013-12-31,2013.0,879644925.23,黑龙江省,
2328,600664.0,哈药股份,2013-12-31,2013.0,18091934502.16,黑龙江省,
2329,600726.0,华电能源,2013-12-31,2013.0,10237921991.49,黑龙江省,
2330,601106.0,中国一重,2013-12-31,2013.0,8368755810.39,黑龙江省,
2331,,,,,43122260265.96,黑龙江省 汇总,
2332,670.0,S 舜元,2013-12-31,2013.0,107147449.0,湖北省,
2333,678.0,襄阳轴承,2013-12-31,2013.0,919037764.45,湖北省,
2334,821.0,京山轻机,2013-12-31,2013.0,724048070.07,湖北省,
2335,852.0,江钻股份,2013-12-31,2013.0,1868048827.64,湖北省,
2336,883.0,湖北能源,2013-12-31,2013.0,11089699112.36,湖北省,
2337,939.0,凯迪电力,2013-12-31,2013.0,2208832364.14,湖北省,
2338,952.0,广济药业,2013-12-31,2013.0,487080365.91,湖北省,
2339,966.0,长源电力,2013-12-31,2013.0,7575227804.36,湖北省,
2340,988.0,华工科技,2013-12-31,2013.0,1777374931.42,湖北省,
2341,2194.0,武汉凡谷,2013-12-31,2013.0,1124306748.4,湖北省,
2342,2281.0,光迅科技,2013-12-31,2013.0,2132697178.66,湖北省,
2343,2365.0,永安药业,2013-12-31,2013.0,522718155.58,湖北省,
2344,2414.0,高德红外,2013-12-31,2013.0,356275367.88,湖北省,
2345,200770.0,*ST 武锅B,2013-12-31,2013.0,866341650.15,湖北省,
2346,300018.0,中元华电,2013-12-31,2013.0,205221493.67,湖北省,
2347,300046.0,台基股份,2013-12-31,2013.0,220113206.91,湖北省,
2348,300161.0,华中数控,2013-12-31,2013.0,499941861.08,湖北省,
2349,300205.0,天喻信息,2013-12-31,2013.0,1270546785.18,湖北省,
2350,300220.0,金运激光,2013-12-31,2013.0,158418192.1,湖北省,
2351,300276.0,三丰智能,2013-12-31,2013.0,286931321.12,湖北省,
2352,300278.0,华昌达,2013-12-31,2013.0,212027839.33,湖北省,
2353,300323.0,华灿光电,2013-12-31,2013.0,316202545.08,湖北省,
2354,600079.0,人福医药,2013-12-31,2013.0,6010211397.82,湖北省,
2355,600168.0,武汉控股,2013-12-31,2013.0,1035142986.1,湖北省,
2356,600184.0,光电股份,2013-12-31,2013.0,1742910671.42,湖北省,
2357,600260.0,凯乐科技,2013-12-31,2013.0,1919635539.55,湖北省,
2358,600293.0,三峡新材,2013-12-31,2013.0,1126710748.15,湖北省,
2359,600345.0,长江通信,2013-12-31,2013.0,1063951190.78,湖北省,
2360,600355.0,精伦电子,2013-12-31,2013.0,315446560.75,湖北省,
2361,600421.0,*ST 国药,2013-12-31,2013.0,8368916.97,湖北省,
2362,600498.0,烽火通信,2013-12-31,2013.0,9109449510.08,湖北省,
2363,600566.0,洪城股份,2013-12-31,2013.0,2447577611.79,湖北省,
2364,600568.0,中珠控股,2013-12-31,2013.0,790638350.29,湖北省,
2365,600681.0,万鸿集团,2013-12-31,2013.0,78247094.91,湖北省,
2366,600703.0,三安光电,2013-12-31,2013.0,3732067368.29,湖北省,
2367,600745.0,中茵股份,2013-12-31,2013.0,2367796089.58,湖北省,
2368,600769.0,*ST 祥龙,2013-12-31,2013.0,31996278.68,湖北省,
2369,600801.0,华新水泥,2013-12-31,2013.0,15984355256.0,湖北省,
2370,600879.0,航天电子,2013-12-31,2013.0,4106484752.23,湖北省,
2371,600885.0,宏发股份,2013-12-31,2013.0,3425226338.4,湖北省,
2372,600993.0,马应龙,2013-12-31,2013.0,1602282477.43,湖北省,
2373,601311.0,骆驼股份,2013-12-31,2013.0,4619611191.9,湖北省,
2374,900956.0,东贝B股,2013-12-31,2013.0,4264031820.89,湖北省,
2375,,,,,100710381186.5,湖北省 汇总,
2376,157.0,中联重科,2013-12-31,2013.0,38541775254.36,湖南省,
2377,519.0,江南红箭,2013-12-31,2013.0,2080289058.73,湖南省,
2378,590.0,紫光古汉,2013-12-31,2013.0,256000679.25,湖南省,
2379,622.0,岳阳恒立,2013-12-31,2013.0,183080851.69,湖南省,
2380,722.0,湖南发展,2013-12-31,2013.0,240185099.47,湖南省,
2381,748.0,长城信息,2013-12-31,2013.0,1657412340.08,湖南省,
2382,908.0,*ST 天一,2013-12-31,2013.0,167307885.58,湖南省,
2383,989.0,九芝堂,2013-12-31,2013.0,1211844140.02,湖南省,
2384,2097.0,山河智能,2013-12-31,2013.0,2112847296.09,湖南省,
2385,2297.0,博云新材,2013-12-31,2013.0,367085538.59,湖南省,
2386,2412.0,汉森制药,2013-12-31,2013.0,584932130.96,湖南省,
2387,2452.0,长高集团,2013-12-31,2013.0,496291188.81,湖南省,
2388,2523.0,天桥起重,2013-12-31,2013.0,460616368.67,湖南省,
2389,2533.0,金杯电工,2013-12-31,2013.0,3001560684.31,湖南省,
2390,2716.0,金贵银业,2013-12-31,2013.0,3609650628.15,湖南省,
2391,300035.0,中科电气,2013-12-31,2013.0,255726152.67,湖南省,
2392,300216.0,千山药机,2013-12-31,2013.0,460530933.81,湖南省,
2393,300267.0,尔康制药,2013-12-31,2013.0,1010838017.72,湖南省,
2394,300298.0,三诺生物,2013-12-31,2013.0,449053363.68,湖南省,
2395,300358.0,楚天科技,2013-12-31,2013.0,797205682.29,湖南省,
2396,600031.0,三一重工,2013-12-31,2013.0,37327890000.0,湖南省,
2397,600416.0,湘电股份,2013-12-31,2013.0,6626462462.42,湖南省,
2398,600478.0,科力远,2013-12-31,2013.0,1130711460.36,湖南省,
2399,600479.0,千金药业,2013-12-31,2013.0,1972855085.34,湖南省,
2400,600744.0,华银电力,2013-12-31,2013.0,7455520257.12,湖南省,
2401,600961.0,*ST 株冶,2013-12-31,2013.0,16169744518.34,湖南省,
2402,600969.0,郴电国际,2013-12-31,2013.0,2195880691.55,湖南省,
2403,601636.0,旗滨集团,2013-12-31,2013.0,3525953681.64,湖南省,
2404,,,,,134349251451.7,湖南省 汇总,
2405,420.0,吉林化纤,2013-12-31,2013.0,1394982703.85,吉林省,
2406,623.0,吉林敖东,2013-12-31,2013.0,1956861171.05,吉林省,
2407,661.0,长春高新,2013-12-31,2013.0,2048692281.2,吉林省,
2408,669.0,金鸿能源,2013-12-31,2013.0,1677007323.14,吉林省,
2409,766.0,通化金马,2013-12-31,2013.0,147781836.93,吉林省,
2410,875.0,吉电股份,2013-12-31,2013.0,4346982343.92,吉林省,
2411,2118.0,紫鑫药业,2013-12-31,2013.0,474666795.22,吉林省,
2412,2338.0,奥普光电,2013-12-31,2013.0,295439035.99,吉林省,
2413,2501.0,利源精制,2013-12-31,2013.0,1878001122.88,吉林省,
2414,2566.0,益盛药业,2013-12-31,2013.0,643896712.7,吉林省,
2415,2622.0,永大集团,2013-12-31,2013.0,184680609.77,吉林省,
2416,300108.0,双龙股份,2013-12-31,2013.0,164814146.84,吉林省,
2417,600110.0,中科英华,2013-12-31,2013.0,1972988530.65,吉林省,
2418,600333.0,长春燃气,2013-12-31,2013.0,1749371528.38,吉林省,
2419,600360.0,华微电子,2013-12-31,2013.0,1247865518.16,吉林省,
2420,600432.0,吉恩镍业,2013-12-31,2013.0,2369344647.74,吉林省,
2421,600856.0,长百集团,2013-12-31,2013.0,406134119.74,吉林省,
2422,600867.0,通化东宝,2013-12-31,2013.0,1204240379.33,吉林省,
2423,600881.0,亚泰集团,2013-12-31,2013.0,13448224175.37,吉林省,
2424,,,,,37611974982.86,吉林省 汇总,
2425,301.0,东方市场,2013-12-31,2013.0,1027001033.87,江苏省,
2426,418.0,小天鹅A,2013-12-31,2013.0,8727956044.37,江苏省,
2427,421.0,南京中北,2013-12-31,2013.0,1665709810.63,江苏省,
2428,425.0,徐工机械,2013-12-31,2013.0,26994743024.79,江苏省,
2429,518.0,四环生物,2013-12-31,2013.0,208745143.93,江苏省,
2430,570.0,苏常柴A,2013-12-31,2013.0,2927593052.78,江苏省,
2431,727.0,华东科技,2013-12-31,2013.0,819774280.8,江苏省,
2432,777.0,中核科技,2013-12-31,2013.0,941615250.25,江苏省,
2433,816.0,江淮动力,2013-12-31,2013.0,2773534840.41,江苏省,
2434,919.0,金陵药业,2013-12-31,2013.0,2605713782.39,江苏省,
2435,936.0,华西股份,2013-12-31,2013.0,2213510325.97,江苏省,
2436,2009.0,天奇股份,2013-12-31,2013.0,1746901154.97,江苏省,
2437,2015.0,霞客环保,2013-12-31,2013.0,2078552184.69,江苏省,
2438,2074.0,东源电器,2013-12-31,2013.0,738454890.18,江苏省,
2439,2077.0,大港股份,2013-12-31,2013.0,2692453791.47,江苏省,
2440,2079.0,苏州固锝,2013-12-31,2013.0,819064402.56,江苏省,
2441,2080.0,中材科技,2013-12-31,2013.0,3443076200.23,江苏省,
2442,2089.0,新海宜,2013-12-31,2013.0,823430809.29,江苏省,
2443,2090.0,金智科技,2013-12-31,2013.0,1052408180.34,江苏省,
2444,2104.0,恒宝股份,2013-12-31,2013.0,1260997115.14,江苏省,
2445,2156.0,通富微电,2013-12-31,2013.0,1767322278.64,江苏省,
2446,2160.0,常铝股份,2013-12-31,2013.0,1836935573.24,江苏省,
2447,2172.0,澳洋科技,2013-12-31,2013.0,3277439678.62,江苏省,
2448,2182.0,云海金属,2013-12-31,2013.0,3719968155.8,江苏省,
2449,2201.0,九鼎新材,2013-12-31,2013.0,626390429.69,江苏省,
2450,2223.0,鱼跃医疗,2013-12-31,2013.0,1424323330.77,江苏省,
2451,2245.0,澳洋顺昌,2013-12-31,2013.0,1398527751.7,江苏省,
2452,2255.0,海陆重工,2013-12-31,2013.0,1481028649.92,江苏省,
2453,2262.0,恩华药业,2013-12-31,2013.0,2236077014.58,江苏省,
2454,2290.0,禾盛新材,2013-12-31,2013.0,1089651848.26,江苏省,
2455,2309.0,中利科技,2013-12-31,2013.0,8075051541.67,江苏省,
2456,2333.0,罗普斯金,2013-12-31,2013.0,1064445174.71,江苏省,
2457,2349.0,精华制药,2013-12-31,2013.0,732618193.94,江苏省,
2458,2367.0,康力电梯,2013-12-31,2013.0,2228396872.73,江苏省,
2459,2384.0,东山精密,2013-12-31,2013.0,2642072347.64,江苏省,
2460,2411.0,九九久,2013-12-31,2013.0,894688388.7,江苏省,
2461,2413.0,常发股份,2013-12-31,2013.0,1854182467.27,江苏省,
2462,2426.0,胜利精密,2013-12-31,2013.0,2121513780.51,江苏省,
2463,2435.0,长江润发,2013-12-31,2013.0,1154844274.59,江苏省,
2464,2438.0,江苏神通,2013-12-31,2013.0,511119180.9,江苏省,
2465,2463.0,沪电股份,2013-12-31,2013.0,3017358116.0,江苏省,
2466,2471.0,中超电缆,2013-12-31,2013.0,4447922697.82,江苏省,
2467,2483.0,润邦股份,2013-12-31,2013.0,2298856670.74,江苏省,
2468,2484.0,江海股份,2013-12-31,2013.0,1108876477.51,江苏省,
2469,2491.0,通鼎光电,2013-12-31,2013.0,3008311777.57,江苏省,
2470,2499.0,科林环保,2013-12-31,2013.0,467372748.16,江苏省,
2471,2519.0,银河电子,2013-12-31,2013.0,1210342475.57,江苏省,
2472,2531.0,天顺风能,2013-12-31,2013.0,1290729369.91,江苏省,
2473,2540.0,亚太科技,2013-12-31,2013.0,2049620682.1,江苏省,
2474,2546.0,新联电子,2013-12-31,2013.0,543104750.58,江苏省,
2475,2550.0,千红制药,2013-12-31,2013.0,860780976.66,江苏省,
2476,2553.0,南方轴承,2013-12-31,2013.0,267801865.72,江苏省,
2477,2559.0,亚威股份,2013-12-31,2013.0,851303405.23,江苏省,
2478,2576.0,通达动力,2013-12-31,2013.0,918130795.99,江苏省,
2479,2608.0,舜天船舶,2013-12-31,2013.0,2960686567.46,江苏省,
2480,2610.0,爱康科技,2013-12-31,2013.0,1931028073.12,江苏省,
2481,2623.0,亚玛顿,2013-12-31,2013.0,701992180.41,江苏省,
2482,2635.0,安洁科技,2013-12-31,2013.0,605376271.38,江苏省,
2483,2645.0,华宏科技,2013-12-31,2013.0,442264794.2,江苏省,
2484,2680.0,黄海机械,2013-12-31,2013.0,200333124.78,江苏省,
2485,2685.0,华东重机,2013-12-31,2013.0,385479235.93,江苏省,
2486,2692.0,远程电缆,2013-12-31,2013.0,2718913240.14,江苏省,
2487,200468.0,宁通信B,2013-12-31,2013.0,2429380328.74,江苏省,
2488,300029.0,天龙光电,2013-12-31,2013.0,220574963.97,江苏省,
2489,300091.0,金通灵,2013-12-31,2013.0,703666588.28,江苏省,
2490,300128.0,锦富新材,2013-12-31,2013.0,2039998273.39,江苏省,
2491,300141.0,和顺电气,2013-12-31,2013.0,342881210.59,江苏省,
2492,300160.0,秀强股份,2013-12-31,2013.0,786784324.57,江苏省,
2493,300165.0,天瑞仪器,2013-12-31,2013.0,325457152.43,江苏省,
2494,300196.0,长海股份,2013-12-31,2013.0,919711440.4,江苏省,
2495,300201.0,海伦哲,2013-12-31,2013.0,399052885.89,江苏省,
2496,300211.0,亿通科技,2013-12-31,2013.0,264380150.43,江苏省,
2497,300217.0,东方电热,2013-12-31,2013.0,827473346.88,江苏省,
2498,300228.0,富瑞特装,2013-12-31,2013.0,2052232952.0,江苏省,
2499,300260.0,新莱应材,2013-12-31,2013.0,442596676.52,江苏省,
2500,300265.0,通光线缆,2013-12-31,2013.0,767819661.38,江苏省,
2501,300279.0,和晶科技,2013-12-31,2013.0,492815338.37,江苏省,
2502,300331.0,苏大维格,2013-12-31,2013.0,289636852.1,江苏省,
2503,300337.0,银邦股份,2013-12-31,2013.0,1570158558.99,江苏省,
2504,300342.0,天银机电,2013-12-31,2013.0,446582232.81,江苏省,
2505,300346.0,南大光电,2013-12-31,2013.0,135084353.15,江苏省,
2506,300354.0,东华测试,2013-12-31,2013.0,86864750.08,江苏省,
2507,300356.0,光一科技,2013-12-31,2013.0,323440328.38,江苏省,
2508,300373.0,扬杰科技,2013-12-31,2013.0,530057103.67,江苏省,
2509,300382.0,斯莱克,2013-12-31,2013.0,321981255.6,江苏省,
2510,600074.0,*ST 中达,2013-12-31,2013.0,1401501128.46,江苏省,
2511,600105.0,永鼎股份,2013-12-31,2013.0,1138593385.4,江苏省,
2512,600200.0,江苏吴中,2013-12-31,2013.0,3875301454.29,江苏省,
2513,600268.0,国电南自,2013-12-31,2013.0,5193355912.43,江苏省,
2514,600276.0,恒瑞医药,2013-12-31,2013.0,6203074355.43,江苏省,
2515,600401.0,海润光伏,2013-12-31,2013.0,4758643394.66,江苏省,
2516,600481.0,双良节能,2013-12-31,2013.0,6559221662.23,江苏省,
2517,600487.0,亨通光电,2013-12-31,2013.0,8586533223.84,江苏省,
2518,600513.0,联环药业,2013-12-31,2013.0,623302812.79,江苏省,
2519,600522.0,中天科技,2013-12-31,2013.0,6771333620.09,江苏省,
2520,600527.0,江南高纤,2013-12-31,2013.0,1633745378.44,江苏省,
2521,600557.0,康缘药业,2013-12-31,2013.0,2230302867.54,江苏省,
2522,600562.0,国睿科技,2013-12-31,2013.0,904071179.05,江苏省,
2523,600584.0,长电科技,2013-12-31,2013.0,5102060114.85,江苏省,
2524,600775.0,南京熊猫,2013-12-31,2013.0,2479485127.69,江苏省,
2525,600854.0,春兰股份,2013-12-31,2013.0,967258357.0,江苏省,
2526,600889.0,南京化纤,2013-12-31,2013.0,2052231934.32,江苏省,
2527,600973.0,宝胜股份,2013-12-31,2013.0,9807862986.81,江苏省,
2528,601100.0,恒立油缸,2013-12-31,2013.0,1229739895.36,江苏省,
2529,601199.0,江南水务,2013-12-31,2013.0,585557288.82,江苏省,
2530,601218.0,吉鑫科技,2013-12-31,2013.0,1400024179.22,江苏省,
2531,601222.0,林洋电子,2013-12-31,2013.0,1991449619.56,江苏省,
2532,601313.0,江南嘉捷,2013-12-31,2013.0,2423002784.85,江苏省,
2533,601388.0,怡球资源,2013-12-31,2013.0,4877044911.87,江苏省,
2534,603005.0,晶方科技,2013-12-31,2013.0,450433205.85,江苏省,
2535,603366.0,日出东方,2013-12-31,2013.0,3088099439.44,江苏省,
2536,603699.0,纽威股份,2013-12-31,2013.0,2458060288.43,江苏省,
2537,,,,,243494339787.26,江苏省 汇总,
2538,404.0,华意压缩,2013-12-31,2013.0,6710000403.89,江西省,
2539,650.0,仁和药业,2013-12-31,2013.0,1799375836.47,江西省,
2540,789.0,江西水泥,2013-12-31,2013.0,6179002201.01,江西省,
2541,899.0,赣能股份,2013-12-31,2013.0,2649090050.07,江西省,
2542,2176.0,江特电机,2013-12-31,2013.0,855380275.72,江西省,
2543,2378.0,章源钨业,2013-12-31,2013.0,1952470198.17,江西省,
2544,2460.0,赣锋锂业,2013-12-31,2013.0,686267000.36,江西省,
2545,300066.0,三川股份,2013-12-31,2013.0,676209983.83,江西省,
2546,300095.0,华伍股份,2013-12-31,2013.0,422710035.47,江西省,
2547,300294.0,博雅生物,2013-12-31,2013.0,245278066.33,江西省,
2548,600071.0,凤凰光学,2013-12-31,2013.0,697782714.65,江西省,
2549,600362.0,江西铜业,2013-12-31,2013.0,175890190968.0,江西省,
2550,600363.0,联创光电,2013-12-31,2013.0,1602272717.79,江西省,
2551,600461.0,洪城水业,2013-12-31,2013.0,1187666176.89,江西省,
2552,600590.0,泰豪科技,2013-12-31,2013.0,2501488517.81,江西省,
2553,600750.0,江中药业,2013-12-31,2013.0,2777861343.36,江西省,
2554,,,,,206833046489.82,江西省 汇总,
2555,410.0,沈阳机床,2013-12-31,2013.0,7379062891.25,辽宁省,
2556,511.0,银基发展,2013-12-31,2013.0,622150985.99,辽宁省,
2557,530.0,大冷股份,2013-12-31,2013.0,1535706911.25,辽宁省,
2558,585.0,东北电气,2013-12-31,2013.0,195974125.82,辽宁省,
2559,597.0,东北制药,2013-12-31,2013.0,3870591227.63,辽宁省,
2560,633.0,合金投资,2013-12-31,2013.0,130594138.47,辽宁省,
2561,692.0,惠天热电,2013-12-31,2013.0,1558196970.51,辽宁省,
2562,751.0,*ST 锌业,2013-12-31,2013.0,4186808280.78,辽宁省,
2563,2204.0,大连重工,2013-12-31,2013.0,8831717471.63,辽宁省,
2564,2231.0,奥维通信,2013-12-31,2013.0,340956365.19,辽宁省,
2565,2606.0,大连电瓷,2013-12-31,2013.0,623317086.61,辽宁省,
2566,2667.0,鞍重股份,2013-12-31,2013.0,237505108.25,辽宁省,
2567,2689.0,博林特,2013-12-31,2013.0,1652456137.22,辽宁省,
2568,200706.0,瓦轴B,2013-12-31,2013.0,3079780183.34,辽宁省,
2569,300024.0,机器人,2013-12-31,2013.0,1319075626.04,辽宁省,
2570,300097.0,智云股份,2013-12-31,2013.0,221118869.33,辽宁省,
2571,300125.0,易世达,2013-12-31,2013.0,417217114.88,辽宁省,
2572,300202.0,聚龙股份,2013-12-31,2013.0,864310925.46,辽宁省,
2573,300210.0,森远股份,2013-12-31,2013.0,455220722.97,辽宁省,
2574,300293.0,蓝英装备,2013-12-31,2013.0,828779694.91,辽宁省,
2575,300372.0,欣泰电气,2013-12-31,2013.0,473467534.45,辽宁省,
2576,600167.0,联美控股,2013-12-31,2013.0,582009591.9,辽宁省,
2577,600241.0,时代万恒,2013-12-31,2013.0,1591387748.4,辽宁省,
2578,600346.0,大橡塑,2013-12-31,2013.0,1217812459.44,辽宁省,
2579,600396.0,金山股份,2013-12-31,2013.0,4412671024.35,辽宁省,
2580,600719.0,大连热电,2013-12-31,2013.0,674500240.57,辽宁省,
2581,600795.0,国电电力,2013-12-31,2013.0,66306847585.43,辽宁省,
2582,603399.0,新华龙,2013-12-31,2013.0,2197645676.84,辽宁省,
2583,,,,,115806882698.91,辽宁省 汇总,
2584,2688.0,金河生物,2013-12-31,2013.0,741071198.92,内蒙古自治区,
2585,300049.0,福瑞股份,2013-12-31,2013.0,523483188.51,内蒙古自治区,
2586,300239.0,东宝生物,2013-12-31,2013.0,382109453.03,内蒙古自治区,
2587,600111.0,包钢稀土,2013-12-31,2013.0,8471926672.73,内蒙古自治区,
2588,600201.0,金宇集团,2013-12-31,2013.0,671382978.89,内蒙古自治区,
2589,600262.0,北方股份,2013-12-31,2013.0,2181240213.46,内蒙古自治区,
2590,600863.0,内蒙华电,2013-12-31,2013.0,12152996122.88,内蒙古自治区,
2591,,,,,25124209828.42,内蒙古自治区 汇总,
2592,595.0,西北轴承,2013-12-31,2013.0,324873628.87,宁夏回族自治区,
2593,862.0,银星能源,2013-12-31,2013.0,925715617.63,宁夏回族自治区,
2594,962.0,东方钽业,2013-12-31,2013.0,2873430701.12,宁夏回族自治区,
2595,2457.0,青龙管业,2013-12-31,2013.0,1238925508.92,宁夏回族自治区,
2596,600449.0,宁夏建材,2013-12-31,2013.0,4206873740.71,宁夏回族自治区,
2597,,,,,9569819197.25,宁夏回族自治区 汇总,
2598,600243.0,青海华鼎,2013-12-31,2013.0,1095081406.15,青海省,
2599,600771.0,广誉远,2013-12-31,2013.0,268111311.23,青海省,
2600,600869.0,远东电缆,2013-12-31,2013.0,11574361404.87,青海省,
2601,,,,,12937554122.25,青海省 汇总,
2602,407.0,胜利股份,2013-12-31,2013.0,2232815928.03,山东省,
2603,423.0,东阿阿胶,2013-12-31,2013.0,4016304415.3,山东省,
2604,677.0,恒天海龙,2013-12-31,2013.0,2359247812.76,山东省,
2605,680.0,山推股份,2013-12-31,2013.0,10135371014.82,山东省,
2606,739.0,普洛药业,2013-12-31,2013.0,3855290048.44,山东省,
2607,756.0,新华制药,2013-12-31,2013.0,3169653150.69,山东省,
2608,811.0,烟台冰轮,2013-12-31,2013.0,1527790288.41,山东省,
2609,880.0,潍柴重机,2013-12-31,2013.0,2323740474.94,山东省,
2610,915.0,山大华特,2013-12-31,2013.0,1095341746.95,山东省,
2611,977.0,浪潮信息,2013-12-31,2013.0,4223743426.14,山东省,
2612,2073.0,软控股份,2013-12-31,2013.0,2519801262.92,山东省,
2613,2088.0,鲁阳股份,2013-12-31,2013.0,1026456993.51,山东省,
2614,2107.0,沃华医药,2013-12-31,2013.0,255597771.37,山东省,
2615,2111.0,威海广泰,2013-12-31,2013.0,885303938.4,山东省,
2616,2217.0,联合化工,2013-12-31,2013.0,1192966558.95,山东省,
2617,2237.0,恒邦股份,2013-12-31,2013.0,11842671700.96,山东省,
2618,2241.0,歌尔声学,2013-12-31,2013.0,10048818481.3,山东省,
2619,2242.0,九阳股份,2013-12-31,2013.0,5328121623.61,山东省,
2620,2248.0,华东数控,2013-12-31,2013.0,335799587.52,山东省,
2621,2254.0,泰和新材,2013-12-31,2013.0,1770052460.49,山东省,
2622,2270.0,法因数控,2013-12-31,2013.0,366418749.5,山东省,
2623,2339.0,积成电子,2013-12-31,2013.0,885778890.9,山东省,
2624,2353.0,杰瑞股份,2013-12-31,2013.0,3700232671.5,山东省,
2625,2376.0,新北洋,2013-12-31,2013.0,855861097.82,山东省,
2626,2379.0,鲁丰股份,2013-12-31,2013.0,2412688790.66,山东省,
2627,2382.0,蓝帆股份,2013-12-31,2013.0,1335188019.69,山东省,
2628,2490.0,山东墨龙,2013-12-31,2013.0,2272034335.2,山东省,
2629,2498.0,汉缆股份,2013-12-31,2013.0,4807436459.76,山东省,
2630,2526.0,山东矿机,2013-12-31,2013.0,1454760458.71,山东省,
2631,2537.0,海立美达,2013-12-31,2013.0,3120949301.56,山东省,
2632,2580.0,圣阳股份,2013-12-31,2013.0,1017737986.73,山东省,
2633,2581.0,万昌科技,2013-12-31,2013.0,317253572.92,山东省,
2634,2595.0,豪迈科技,2013-12-31,2013.0,1134705420.21,山东省,
2635,2598.0,山东章鼓,2013-12-31,2013.0,567421890.43,山东省,
2636,2655.0,共达电声,2013-12-31,2013.0,507049283.14,山东省,
2637,2671.0,龙泉股份,2013-12-31,2013.0,938503265.94,山东省,
2638,2675.0,东诚生化,2013-12-31,2013.0,774730022.32,山东省,
2639,300001.0,特锐德,2013-12-31,2013.0,1353249279.9,山东省,
2640,300099.0,尤洛卡,2013-12-31,2013.0,173864168.55,山东省,
2641,300105.0,龙源技术,2013-12-31,2013.0,1380484135.68,山东省,
2642,300110.0,华仁药业,2013-12-31,2013.0,867200339.57,山东省,
2643,300185.0,通裕重工,2013-12-31,2013.0,1652102181.57,山东省,
2644,300208.0,恒顺电气,2013-12-31,2013.0,169062898.82,山东省,
2645,300224.0,正海磁材,2013-12-31,2013.0,547582946.71,山东省,
2646,300233.0,金城医药,2013-12-31,2013.0,908713118.01,山东省,
2647,300308.0,中际装备,2013-12-31,2013.0,90526150.4,山东省,
2648,430476.0,海能技术,2013-12-31,2013.0,63883423.34,山东省,
2649,600027.0,华电国际,2013-12-31,2013.0,66624666000.0,山东省,
2650,600060.0,海信电器,2013-12-31,2013.0,28479859095.63,山东省,
2651,600219.0,南山铝业,2013-12-31,2013.0,14524516126.58,山东省,
2652,600336.0,澳柯玛,2013-12-31,2013.0,4312357399.66,山东省,
2653,600385.0,*ST 金泰,2013-12-31,2013.0,537933707.76,山东省,
2654,600529.0,山东药玻,2013-12-31,2013.0,1544544952.06,山东省,
2655,600579.0,*ST 黄海,2013-12-31,2013.0,1245902451.87,山东省,
2656,600586.0,金晶科技,2013-12-31,2013.0,3464443382.45,山东省,
2657,600587.0,新华医疗,2013-12-31,2013.0,4193764317.11,山东省,
2658,600690.0,青岛海尔,2013-12-31,2013.0,86487723560.83,山东省,
2659,600789.0,鲁抗医药,2013-12-31,2013.0,2210685342.55,山东省,
2660,600898.0,三联商社,2013-12-31,2013.0,811123424.45,山东省,
2661,,,,,318257827306.0,山东省 汇总,
2662,403.0,*ST 生化,2013-12-31,2013.0,477715809.27,山西省,
2663,767.0,漳泽电力,2013-12-31,2013.0,9151114069.43,山西省,
2664,795.0,太原刚玉,2013-12-31,2013.0,888841470.45,山西省,
2665,831.0,五矿稀土,2013-12-31,2013.0,1705432841.29,山西省,
2666,300158.0,振东制药,2013-12-31,2013.0,1658490076.31,山西省,
2667,300254.0,仟源制药,2013-12-31,2013.0,513510739.16,山西省,
2668,600157.0,永泰能源,2013-12-31,2013.0,9843259492.39,山西省,
2669,600169.0,太原重工,2013-12-31,2013.0,9551413326.73,山西省,
2670,600234.0,*ST 天龙,2013-12-31,2013.0,10444483.87,山西省,
2671,600281.0,太化股份,2013-12-31,2013.0,3169848898.81,山西省,
2672,600351.0,亚宝药业,2013-12-31,2013.0,1624882781.9,山西省,
2673,600392.0,盛和资源,2013-12-31,2013.0,1374699725.91,山西省,
2674,600780.0,通宝能源,2013-12-31,2013.0,6413546754.94,山西省,
2675,,,,,46383200470.46,山西省 汇总,
2676,561.0,烽火电子,2013-12-31,2013.0,791389202.66,陕西省,
2677,837.0,秦川发展,2013-12-31,2013.0,1285382670.32,陕西省,
2678,2149.0,西部材料,2013-12-31,2013.0,1144811152.62,陕西省,
2679,2267.0,陕天然气,2013-12-31,2013.0,4058085962.75,陕西省,
2680,300023.0,宝德股份,2013-12-31,2013.0,44718491.3,陕西省,
2681,300114.0,中航电测,2013-12-31,2013.0,834526533.73,陕西省,
2682,300116.0,坚瑞消防,2013-12-31,2013.0,269464494.05,陕西省,
2683,300140.0,启源装备,2013-12-31,2013.0,238980129.76,陕西省,
2684,600080.0,金花股份,2013-12-31,2013.0,471099599.4,陕西省,
2685,600302.0,标准股份,2013-12-31,2013.0,821199719.72,陕西省,
2686,600343.0,航天动力,2013-12-31,2013.0,1386721858.28,陕西省,
2687,600379.0,宝光股份,2013-12-31,2013.0,590189215.54,陕西省,
2688,600456.0,宝钛股份,2013-12-31,2013.0,2372563130.01,陕西省,
2689,600707.0,*ST 彩虹,2013-12-31,2013.0,239598985.24,陕西省,
2690,600817.0,ST 宏盛,2013-12-31,2013.0,51524556.49,陕西省,
2691,600984.0,建设机械,2013-12-31,2013.0,452374198.86,陕西省,
2692,601012.0,隆基股份,2013-12-31,2013.0,2280460646.74,陕西省,
2693,601179.0,中国西电,2013-12-31,2013.0,13051734282.19,陕西省,
2694,601369.0,陕鼓动力,2013-12-31,2013.0,6288527425.13,陕西省,
2695,,,,,36673352254.79,陕西省 汇总,
2696,2022.0,科华生物,2013-12-31,2013.0,1114434631.94,上海市,
2697,2028.0,思源电气,2013-12-31,2013.0,3385571190.6,上海市,
2698,2058.0,威尔泰,2013-12-31,2013.0,132092574.09,上海市,
2699,2158.0,汉钟精机,2013-12-31,2013.0,849521030.0,上海市,
2700,2162.0,*ST 上控,2013-12-31,2013.0,893426787.26,上海市,
2701,2184.0,海得控制,2013-12-31,2013.0,1431469159.77,上海市,
2702,2252.0,上海莱士,2013-12-31,2013.0,496359558.35,上海市,
2703,2278.0,神开股份,2013-12-31,2013.0,764665100.64,上海市,
2704,2346.0,柘中建设,2013-12-31,2013.0,186359595.68,上海市,
2705,2451.0,摩恩电气,2013-12-31,2013.0,442630277.02,上海市,
2706,2506.0,*ST 超日,2013-12-31,2013.0,584477526.24,上海市,
2707,2527.0,新时达,2013-12-31,2013.0,1000567231.94,上海市,
2708,2636.0,金安国纪,2013-12-31,2013.0,2374144853.9,上海市,
2709,2706.0,良信电器,2013-12-31,2013.0,683849232.77,上海市,
2710,300039.0,上海凯宝,2013-12-31,2013.0,1323215434.83,上海市,
2711,300126.0,锐奇股份,2013-12-31,2013.0,600426117.02,上海市,
2712,300129.0,泰胜风能,2013-12-31,2013.0,1079253554.29,上海市,
2713,300153.0,科泰电源,2013-12-31,2013.0,465874312.06,上海市,
2714,300171.0,东富龙,2013-12-31,2013.0,1021120621.62,上海市,
2715,300222.0,科大智能,2013-12-31,2013.0,333163381.76,上海市,
2716,300272.0,开能环保,2013-12-31,2013.0,311205792.35,上海市,
2717,300286.0,安科瑞,2013-12-31,2013.0,211349829.23,上海市,
2718,300326.0,凯利泰,2013-12-31,2013.0,126682069.26,上海市,
2719,300327.0,中颖电子,2013-12-31,2013.0,337676442.79,上海市,
2720,430139.0,华岭股份,2013-12-31,2013.0,73279478.97,上海市,
2721,430300.0,辰光医疗,2013-12-31,2013.0,65538988.03,上海市,
2722,600021.0,上海电力,2013-12-31,2013.0,15131582742.62,上海市,
2723,600151.0,航天机电,2013-12-31,2013.0,3358868912.66,上海市,
2724,600171.0,上海贝岭,2013-12-31,2013.0,585514971.37,上海市,
2725,600196.0,复星医药,2013-12-31,2013.0,9996409009.2,上海市,
2726,600320.0,振华重工,2013-12-31,2013.0,23201555800.0,上海市,
2727,600420.0,现代制药,2013-12-31,2013.0,2349747994.32,上海市,
2728,600490.0,鹏欣资源,2013-12-31,2013.0,2218849131.16,上海市,
2729,600530.0,交大昂立,2013-12-31,2013.0,357032581.42,上海市,
2730,600601.0,方正科技,2013-12-31,2013.0,5233792977.43,上海市,
2731,600613.0,神奇制药,2013-12-31,2013.0,929184150.45,上海市,
2732,600617.0,*ST 联华,2013-12-31,2013.0,4393409220.52,上海市,
2733,600619.0,海立股份,2013-12-31,2013.0,6621619554.3,上海市,
2734,600624.0,复旦复华,2013-12-31,2013.0,951654621.4,上海市,
2735,600635.0,大众公用,2013-12-31,2013.0,3874092862.55,上海市,
2736,600642.0,申能股份,2013-12-31,2013.0,25745396759.74,上海市,
2737,600651.0,飞乐音响,2013-12-31,2013.0,2142418350.55,上海市,
2738,600680.0,上海普天,2013-12-31,2013.0,1725504795.63,上海市,
2739,600732.0,上海新梅,2013-12-31,2013.0,18276341.86,上海市,
2740,600781.0,上海辅仁,2013-12-31,2013.0,390375291.78,上海市,
2741,600819.0,耀皮玻璃,2013-12-31,2013.0,2491103646.33,上海市,
2742,600835.0,上海机电,2013-12-31,2013.0,19907077075.11,上海市,
2743,600841.0,上柴股份,2013-12-31,2013.0,2980858886.92,上海市,
2744,600843.0,上工申贝,2013-12-31,2013.0,1813934688.16,上海市,
2745,600851.0,海欣股份,2013-12-31,2013.0,1261643887.53,上海市,
2746,601231.0,环旭电子,2013-12-31,2013.0,14272346742.83,上海市,
2747,601616.0,广电电气,2013-12-31,2013.0,1106751627.18,上海市,
2748,601727.0,上海电气,2013-12-31,2013.0,79214931000.0,上海市,
2749,900935.0,阳晨B股,2013-12-31,2013.0,451030876.23,上海市,
2750,,,,,253013319271.66,上海市 汇总,
2751,155.0,川化股份,2013-12-31,2013.0,1810919881.95,四川省,
2752,584.0,友利控股,2013-12-31,2013.0,2765797531.32,四川省,
2753,586.0,汇源通信,2013-12-31,2013.0,412424032.29,四川省,
2754,593.0,大通燃气,2013-12-31,2013.0,459968228.56,四川省,
2755,598.0,兴蓉投资,2013-12-31,2013.0,2416650031.01,四川省,
2756,629.0,攀钢钒钛,2013-12-31,2013.0,15601882599.77,四川省,
2757,790.0,华神集团,2013-12-31,2013.0,657809857.92,四川省,
2758,801.0,四川九洲,2013-12-31,2013.0,2470720612.36,四川省,
2759,810.0,华润锦华,2013-12-31,2013.0,1121755000.34,四川省,
2760,935.0,四川双马,2013-12-31,2013.0,2017156788.45,四川省,
2761,2259.0,升达林业,2013-12-31,2013.0,715309025.72,四川省,
2762,2272.0,川润股份,2013-12-31,2013.0,814631098.67,四川省,
2763,2366.0,丹甫股份,2013-12-31,2013.0,616291416.45,四川省,
2764,2422.0,科伦药业,2013-12-31,2013.0,6831281981.0,四川省,
2765,2466.0,天齐锂业,2013-12-31,2013.0,414975907.31,四川省,
2766,2480.0,新筑股份,2013-12-31,2013.0,1247243401.51,四川省,
2767,2630.0,华西能源,2013-12-31,2013.0,3136973995.64,四川省,
2768,2651.0,利君股份,2013-12-31,2013.0,883700750.83,四川省,
2769,300028.0,金亚科技,2013-12-31,2013.0,593578988.96,四川省,
2770,300092.0,科新机电,2013-12-31,2013.0,226051537.76,四川省,
2771,300101.0,国腾电子,2013-12-31,2013.0,260801413.67,四川省,
2772,300127.0,银河磁体,2013-12-31,2013.0,353926198.01,四川省,
2773,300362.0,天保重装,2013-12-31,2013.0,355918519.42,四川省,
2774,300370.0,安控科技,2013-12-31,2013.0,337790943.25,四川省,
2775,600101.0,明星电力,2013-12-31,2013.0,1080729764.7,四川省,
2776,600331.0,宏达股份,2013-12-31,2013.0,3511260141.88,四川省,
2777,600353.0,旭光股份,2013-12-31,2013.0,443594448.67,四川省,
2778,600505.0,西昌电力,2013-12-31,2013.0,652726788.14,四川省,
2779,600528.0,中铁二局,2013-12-31,2013.0,79566905693.12,四川省,
2780,600644.0,乐山电力,2013-12-31,2013.0,1462704163.45,四川省,
2781,600674.0,川投能源,2013-12-31,2013.0,1148091863.95,四川省,
2782,600678.0,四川金顶,2013-12-31,2013.0,32485007.67,四川省,
2783,600839.0,四川长虹,2013-12-31,2013.0,58875274661.52,四川省,
2784,600875.0,东方电气,2013-12-31,2013.0,42390796682.51,四川省,
2785,600979.0,广安爱众,2013-12-31,2013.0,1251686887.48,四川省,
2786,601268.0,*ST 二重,2013-12-31,2013.0,4897552573.78,四川省,
2787,603333.0,明星电缆,2013-12-31,2013.0,986776146.74,四川省,
2788,,,,,242824144565.78,四川省 汇总,
2789,836.0,鑫茂科技,2013-12-31,2013.0,1104710302.61,天津市,
2790,2129.0,中环股份,2013-12-31,2013.0,3726296348.14,天津市,
2791,2134.0,天津普林,2013-12-31,2013.0,515143136.56,天津市,
2792,2337.0,赛象科技,2013-12-31,2013.0,672276167.96,天津市,
2793,2393.0,力生制药,2013-12-31,2013.0,1044397823.1,天津市,
2794,2432.0,九安医疗,2013-12-31,2013.0,407567065.2,天津市,
2795,300026.0,红日药业,2013-12-31,2013.0,2097201203.42,天津市,
2796,300119.0,瑞普生物,2013-12-31,2013.0,754904372.33,天津市,
2797,300120.0,经纬电材,2013-12-31,2013.0,413385890.87,天津市,
2798,300195.0,长荣股份,2013-12-31,2013.0,615679506.73,天津市,
2799,300334.0,津膜科技,2013-12-31,2013.0,381923412.88,天津市,
2800,600329.0,中新药业,2013-12-31,2013.0,6010136728.32,天津市,
2801,600468.0,百利电气,2013-12-31,2013.0,756233840.33,天津市,
2802,600488.0,天药股份,2013-12-31,2013.0,1480538154.28,天津市,
2803,600535.0,天士力,2013-12-31,2013.0,11097870213.22,天津市,
2804,600821.0,津劝业,2013-12-31,2013.0,862460167.43,天津市,
2805,600874.0,创业环保,2013-12-31,2013.0,1749861000.0,天津市,
2806,,,,,33690585333.38,天津市 汇总,
2807,2287.0,奇正藏药,2013-12-31,2013.0,969466771.42,西藏自治区,
2808,2653.0,海思科,2013-12-31,2013.0,992337302.47,西藏自治区,
2809,600211.0,西藏药业,2013-12-31,2013.0,1402221159.0,西藏自治区,
2810,600326.0,西藏天路,2013-12-31,2013.0,1745372440.29,西藏自治区,
2811,,,,,5109397673.18,西藏自治区 汇总,
2812,813.0,天山纺织,2013-12-31,2013.0,569175768.99,新疆维吾尔自治区,
2813,877.0,天山股份,2013-12-31,2013.0,7910941362.0,新疆维吾尔自治区,
2814,2202.0,金风科技,2013-12-31,2013.0,12308476646.56,新疆维吾尔自治区,
2815,2205.0,国统股份,2013-12-31,2013.0,870972272.02,新疆维吾尔自治区,
2816,2302.0,西部建设,2013-12-31,2013.0,8614318765.63,新疆维吾尔自治区,
2817,2700.0,新疆浩源,2013-12-31,2013.0,275010207.75,新疆维吾尔自治区,
2818,600089.0,特变电工,2013-12-31,2013.0,29174688011.17,新疆维吾尔自治区,
2819,600425.0,青松建化,2013-12-31,2013.0,2425489030.54,新疆维吾尔自治区,
2820,600509.0,天富热电,2013-12-31,2013.0,3107503447.91,新疆维吾尔自治区,
2821,600545.0,新疆城建,2013-12-31,2013.0,4440958030.95,新疆维吾尔自治区,
2822,600888.0,新疆众和,2013-12-31,2013.0,3721659589.18,新疆维吾尔自治区,
2823,,,,,73419193132.7,新疆维吾尔自治区 汇总,
2824,538.0,云南白药,2013-12-31,2013.0,15814790880.81,云南省,
2825,807.0,云铝股份,2013-12-31,2013.0,14927919353.12,云南省,
2826,878.0,云南铜业,2013-12-31,2013.0,50100298922.44,云南省,
2827,903.0,云内动力,2013-12-31,2013.0,2571150905.02,云南省,
2828,960.0,锡业股份,2013-12-31,2013.0,21921769773.01,云南省,
2829,2114.0,罗平锌电,2013-12-31,2013.0,855475574.2,云南省,
2830,2428.0,云南锗业,2013-12-31,2013.0,824071975.1,云南省,
2831,300142.0,沃森生物,2013-12-31,2013.0,583094757.27,云南省,
2832,600422.0,昆明制药,2013-12-31,2013.0,3584294919.09,云南省,
2833,600459.0,贵研铂业,2013-12-31,2013.0,5426581436.78,云南省,
2834,600806.0,昆明机床,2013-12-31,2013.0,1062835255.27,云南省,
2835,600883.0,博闻科技,2013-12-31,2013.0,34916191.37,云南省,
2836,600995.0,文山电力,2013-12-31,2013.0,2031812978.43,云南省,
2837,,,,,119739012921.91,云南省 汇总,
2838,925.0,众合机电,2013-12-31,2013.0,1411901028.49,浙江省,
2839,2001.0,新和成,2013-12-31,2013.0,4237635148.4,浙江省,
2840,2006.0,精功科技,2013-12-31,2013.0,744178854.88,浙江省,
2841,2011.0,盾安环境,2013-12-31,2013.0,6466699211.03,浙江省,
2842,2019.0,鑫富药业,2013-12-31,2013.0,698020773.91,浙江省,
2843,2020.0,京新药业,2013-12-31,2013.0,974427375.98,浙江省,
2844,2021.0,中捷股份,2013-12-31,2013.0,1274931375.94,浙江省,
2845,2036.0,宜科科技,2013-12-31,2013.0,429298238.32,浙江省,
2846,2050.0,三花股份,2013-12-31,2013.0,5274170938.03,浙江省,
2847,2056.0,横店东磁,2013-12-31,2013.0,3268503002.12,浙江省,
2848,2064.0,华峰氨纶,2013-12-31,2013.0,2372442215.0,浙江省,
2849,2082.0,栋梁新材,2013-12-31,2013.0,11786336488.86,浙江省,
2850,2099.0,海翔药业,2013-12-31,2013.0,1160690697.58,浙江省,
2851,2112.0,三变科技,2013-12-31,2013.0,921134082.43,浙江省,
2852,2119.0,康强电子,2013-12-31,2013.0,1270740393.38,浙江省,
2853,2122.0,天马股份,2013-12-31,2013.0,2031681227.86,浙江省,
2854,2164.0,东力传动,2013-12-31,2013.0,569338636.48,浙江省,
2855,2196.0,方正电机,2013-12-31,2013.0,487208511.29,浙江省,
2856,2199.0,东晶电子,2013-12-31,2013.0,244347046.18,浙江省,
2857,2203.0,海亮股份,2013-12-31,2013.0,13094760298.1,浙江省,
2858,2206.0,海利得,2013-12-31,2013.0,2148529367.49,浙江省,
2859,2214.0,大立科技,2013-12-31,2013.0,261451264.56,浙江省,
2860,2236.0,大华股份,2013-12-31,2013.0,5410094042.8,浙江省,
2861,2273.0,水晶光电,2013-12-31,2013.0,626379006.4,浙江省,
2862,2276.0,万马电缆,2013-12-31,2013.0,4855629558.61,浙江省,
2863,2332.0,仙琚制药,2013-12-31,2013.0,2315040565.81,浙江省,
2864,2364.0,中恒电气,2013-12-31,2013.0,431885285.6,浙江省,
2865,2370.0,亚太药业,2013-12-31,2013.0,313637218.04,浙江省,
2866,2389.0,南洋科技,2013-12-31,2013.0,441947563.23,浙江省,
2867,2415.0,海康威视,2013-12-31,2013.0,10745907038.84,浙江省,
2868,2418.0,康盛股份,2013-12-31,2013.0,1472681059.64,浙江省,
2869,2427.0,尤夫股份,2013-12-31,2013.0,1758860536.4,浙江省,
2870,2430.0,杭氧股份,2013-12-31,2013.0,5502717841.48,浙江省,
2871,2472.0,双环传动,2013-12-31,2013.0,990885690.86,浙江省,
2872,2473.0,圣莱达,2013-12-31,2013.0,166127764.91,浙江省,
2873,2479.0,富春环保,2013-12-31,2013.0,3167752858.11,浙江省,
2874,2493.0,荣盛石化,2013-12-31,2013.0,29356060213.17,浙江省,
2875,2508.0,老板电器,2013-12-31,2013.0,2653809972.52,浙江省,
2876,2520.0,日发精机,2013-12-31,2013.0,247424701.88,浙江省,
2877,2532.0,新界泵业,2013-12-31,2013.0,1126285519.92,浙江省,
2878,2534.0,杭锅股份,2013-12-31,2013.0,5942192485.07,浙江省,
2879,2552.0,宝鼎重工,2013-12-31,2013.0,216341369.42,浙江省,
2880,2562.0,兄弟科技,2013-12-31,2013.0,784216381.37,浙江省,
2881,2617.0,露笑科技,2013-12-31,2013.0,2729705511.48,浙江省,
2882,2633.0,申科股份,2013-12-31,2013.0,250006703.49,浙江省,
2883,2677.0,浙江美大,2013-12-31,2013.0,390853970.92,浙江省,
2884,2686.0,亿利达,2013-12-31,2013.0,662806957.86,浙江省,
2885,200771.0,杭汽轮B,2013-12-31,2013.0,5064643686.67,浙江省,
2886,300032.0,金龙机电,2013-12-31,2013.0,445938273.9,浙江省,
2887,300068.0,南都电源,2013-12-31,2013.0,3507527393.62,浙江省,
2888,300069.0,金利华电,2013-12-31,2013.0,192103154.92,浙江省,
2889,300076.0,GQY视讯,2013-12-31,2013.0,331632832.14,浙江省,
2890,300078.0,中瑞思创,2013-12-31,2013.0,424959277.7,浙江省,
2891,300111.0,向日葵,2013-12-31,2013.0,1122921746.8,浙江省,
2892,300118.0,东方日升,2013-12-31,2013.0,2163717174.62,浙江省,
2893,300145.0,南方泵业,2013-12-31,2013.0,1344509487.6,浙江省,
2894,300181.0,佐力药业,2013-12-31,2013.0,419415230.25,浙江省,
2895,300203.0,聚光科技,2013-12-31,2013.0,941081936.56,浙江省,
2896,300234.0,开尔新材,2013-12-31,2013.0,305458012.61,浙江省,
2897,300256.0,星星科技,2013-12-31,2013.0,429257259.31,浙江省,
2898,300257.0,开山股份,2013-12-31,2013.0,1949227137.4,浙江省,
2899,300270.0,中威电子,2013-12-31,2013.0,119278776.44,浙江省,
2900,300283.0,温州宏丰,2013-12-31,2013.0,662758814.54,浙江省,
2901,300306.0,远方光电,2013-12-31,2013.0,196880556.83,浙江省,
2902,300307.0,慈星股份,2013-12-31,2013.0,2000188608.08,浙江省,
2903,300314.0,戴维医疗,2013-12-31,2013.0,217245092.99,浙江省,
2904,300316.0,晶盛机电,2013-12-31,2013.0,175013346.46,浙江省,
2905,300351.0,永贵电器,2013-12-31,2013.0,224652536.47,浙江省,
2906,300357.0,我武生物,2013-12-31,2013.0,193609754.28,浙江省,
2907,300360.0,炬华科技,2013-12-31,2013.0,766170531.47,浙江省,
2908,430685.0,新芝生物,2013-12-31,2013.0,62733037.29,浙江省,
2909,600023.0,浙能电力,2013-12-31,2013.0,53916002640.73,浙江省,
2910,600130.0,波导股份,2013-12-31,2013.0,1336754481.56,浙江省,
2911,600152.0,维科精华,2013-12-31,2013.0,2322059535.11,浙江省,
2912,600216.0,浙江医药,2013-12-31,2013.0,4932920236.96,浙江省,
2913,600261.0,阳光照明,2013-12-31,2013.0,3168995664.32,浙江省,
2914,600267.0,海正药业,2013-12-31,2013.0,8604311583.6,浙江省,
2915,600283.0,钱江水利,2013-12-31,2013.0,733742082.95,浙江省,
2916,600290.0,华仪电气,2013-12-31,2013.0,1532687957.44,浙江省,
2917,600330.0,天通股份,2013-12-31,2013.0,1256100664.88,浙江省,
2918,600366.0,宁波韵升,2013-12-31,2013.0,2138442603.36,浙江省,
2919,600460.0,士兰微,2013-12-31,2013.0,1637934274.17,浙江省,
2920,600521.0,华海药业,2013-12-31,2013.0,2296407712.41,浙江省,
2921,600526.0,菲达环保,2013-12-31,2013.0,1960017527.88,浙江省,
2922,600537.0,亿晶光电,2013-12-31,2013.0,2690140877.72,浙江省,
2923,600572.0,康恩贝,2013-12-31,2013.0,2924158459.52,浙江省,
2924,600580.0,卧龙电气,2013-12-31,2013.0,5727650459.2,浙江省,
2925,600668.0,尖峰集团,2013-12-31,2013.0,2151398559.29,浙江省,
2926,600671.0,天目药业,2013-12-31,2013.0,281468861.07,浙江省,
2927,600724.0,宁波富达,2013-12-31,2013.0,5085001756.66,浙江省,
2928,600768.0,宁波富邦,2013-12-31,2013.0,895720525.79,浙江省,
2929,600776.0,东方通信,2013-12-31,2013.0,3437220265.62,浙江省,
2930,600884.0,杉杉股份,2013-12-31,2013.0,4047920671.13,浙江省,
2931,600982.0,宁波热电,2013-12-31,2013.0,772834320.65,浙江省,
2932,601002.0,晋亿实业,2013-12-31,2013.0,2732722791.82,浙江省,
2933,601113.0,华鼎锦纶,2013-12-31,2013.0,1696052740.08,浙江省,
2934,601137.0,博威合金,2013-12-31,2013.0,2435249702.05,浙江省,
2935,601177.0,杭齿前进,2013-12-31,2013.0,1849879919.55,浙江省,
2936,601233.0,桐昆股份,2013-12-31,2013.0,22137874817.99,浙江省,
2937,601567.0,三星电气,2013-12-31,2013.0,2246683129.6,浙江省,
2938,601877.0,正泰电器,2013-12-31,2013.0,11956507239.13,浙江省,
2939,,,,,325853461715.33,浙江省 汇总,
2940,591.0,桐君阁,2013-12-31,2013.0,4635308224.7,重庆市,
2941,788.0,北大医药,2013-12-31,2013.0,2316469269.9,重庆市,
2942,300006.0,莱美药业,2013-12-31,2013.0,759117978.64,重庆市,
2943,300122.0,智飞生物,2013-12-31,2013.0,780177947.18,重庆市,
2944,300194.0,福安药业,2013-12-31,2013.0,357779550.65,重庆市,
2945,300363.0,博腾股份,2013-12-31,2013.0,734360858.99,重庆市,
2946,600116.0,三峡水利,2013-12-31,2013.0,1369113279.98,重庆市,
2947,600129.0,太极集团,2013-12-31,2013.0,6603077714.69,重庆市,
2948,600452.0,涪陵电力,2013-12-31,2013.0,1243921679.8,重庆市,
2949,600666.0,西南药业,2013-12-31,2013.0,1326950812.7,重庆市,
2950,600847.0,万里股份,2013-12-31,2013.0,139940815.12,重庆市,
2951,600877.0,中国嘉陵,2013-12-31,2013.0,1575203100.26,重庆市,
2952,601158.0,重庆水务,2013-12-31,2013.0,3999575359.35,重庆市,
2953,,,,,25840996591.96,重庆市 汇总,
2954,,,,,4576691390524.59,总计,
2955,,证券简称,统计截止日期,,,所属省份,
2956,153.0,丰原药业,2014-12-31,2014.0,1698945420.17,安徽省,
2957,521.0,美菱电器,2014-12-31,2014.0,10764808259.0,安徽省,
2958,543.0,皖能电力,2014-12-31,2014.0,12866266302.5,安徽省,
2959,630.0,铜陵有色,2014-12-31,2014.0,88818485807.64,安徽省,
2960,2171.0,精诚铜业,2014-12-31,2014.0,8222643010.88,安徽省,
2961,2347.0,泰尔重工,2014-12-31,2014.0,373042529.08,安徽省,
2962,2571.0,德力股份,2014-12-31,2014.0,947847038.17,安徽省,
2963,2690.0,美亚光电,2014-12-31,2014.0,661175052.85,安徽省,
2964,300009.0,安科生物,2014-12-31,2014.0,542405933.11,安徽省,
2965,300088.0,长信科技,2014-12-31,2014.0,1643380578.73,安徽省,
2966,300090.0,盛运股份,2014-12-31,2014.0,1210136819.43,安徽省,
2967,300247.0,桑乐金,2014-12-31,2014.0,284121067.78,安徽省,
2968,300274.0,阳光电源,2014-12-31,2014.0,3062247398.82,安徽省,
2969,600063.0,皖维高新,2014-12-31,2014.0,4126092483.12,安徽省,
2970,600218.0,全柴动力,2014-12-31,2014.0,2712890300.82,安徽省,
2971,600237.0,铜峰电子,2014-12-31,2014.0,672461181.02,安徽省,
2972,600255.0,鑫科材料,2014-12-31,2014.0,5891865286.93,安徽省,
2973,600444.0,国通管业,2014-12-31,2014.0,377420944.27,安徽省,
2974,600520.0,中发科技,2014-12-31,2014.0,301200334.52,安徽省,
2975,600552.0,方兴科技,2014-12-31,2014.0,942198411.01,安徽省,
2976,600577.0,精达股份,2014-12-31,2014.0,9268097756.66,安徽省,
2977,600585.0,海螺水泥,2014-12-31,2014.0,60758500923.0,安徽省,
2978,600761.0,安徽合力,2014-12-31,2014.0,6700950443.84,安徽省,
2979,600983.0,惠而浦,2014-12-31,2014.0,5504826211.31,安徽省,
2980,600990.0,四创电子,2014-12-31,2014.0,1684528306.57,安徽省,
2981,603011.0,合锻股份,2014-12-31,2014.0,449840430.99,安徽省,
2982,603308.0,应流股份,2014-12-31,2014.0,1376366150.0,安徽省,
2983,,,,,231862744382.22,安徽省 汇总,
2984,605.0,渤海股份,2014-12-31,2014.0,728249273.32,北京市,
2985,725.0,京东方A,2014-12-31,2014.0,36816316676.0,北京市,
2986,786.0,北新建材,2014-12-31,2014.0,8295032217.58,北京市,
2987,931.0,中关村,2014-12-31,2014.0,3034196925.67,北京市,
2988,938.0,紫光股份,2014-12-31,2014.0,11144913830.48,北京市,
2989,970.0,中科三环,2014-12-31,2014.0,3885115627.53,北京市,
2990,2038.0,双鹭药业,2014-12-31,2014.0,1242951524.04,北京市,
2991,2066.0,瑞泰科技,2014-12-31,2014.0,2089511118.21,北京市,
2992,2151.0,北斗星通,2014-12-31,2014.0,954053500.71,北京市,
2993,2271.0,东方雨虹,2014-12-31,2014.0,5005923672.6,北京市,
2994,2350.0,北京科锐,2014-12-31,2014.0,1347774548.3,北京市,
2995,2362.0,汉王科技,2014-12-31,2014.0,354285533.31,北京市,
2996,2371.0,七星电子,2014-12-31,2014.0,961734097.25,北京市,
2997,2383.0,合众思壮,2014-12-31,2014.0,489874157.57,北京市,
2998,2392.0,北京利尔,2014-12-31,2014.0,1881981843.95,北京市,
2999,2658.0,雪迪龙,2014-12-31,2014.0,741430341.96,北京市,
3000,2665.0,首航节能,2014-12-31,2014.0,1116015058.57,北京市,
3001,2738.0,中矿资源,2014-12-31,2014.0,308336092.93,北京市,
3002,300003.0,乐普医疗,2014-12-31,2014.0,1668636955.67,北京市,
3003,300016.0,北陆药业,2014-12-31,2014.0,439980365.54,北京市,
3004,300034.0,钢研高纳,2014-12-31,2014.0,616583168.35,北京市,
3005,300045.0,华力创通,2014-12-31,2014.0,403386422.14,北京市,
3006,300048.0,合康变频,2014-12-31,2014.0,667446655.26,北京市,
3007,300065.0,海兰信,2014-12-31,2014.0,392820726.88,北京市,
3008,300073.0,当升科技,2014-12-31,2014.0,624997969.67,北京市,
3009,300079.0,数码视讯,2014-12-31,2014.0,547320603.01,北京市,
3010,300139.0,福星晓程,2014-12-31,2014.0,254305801.15,北京市,
3011,300156.0,神雾环保,2014-12-31,2014.0,301412437.86,北京市,
3012,300204.0,舒泰神,2014-12-31,2014.0,1093003396.04,北京市,
3013,300213.0,佳讯飞鸿,2014-12-31,2014.0,831734961.9,北京市,
3014,300223.0,北京君正,2014-12-31,2014.0,59031657.27,北京市,
3015,300282.0,汇冠股份,2014-12-31,2014.0,823772761.99,北京市,
3016,300289.0,利德曼,2014-12-31,2014.0,536970837.99,北京市,
3017,300296.0,利亚德,2014-12-31,2014.0,1179923594.52,北京市,
3018,300318.0,博晖创新,2014-12-31,2014.0,100969495.36,北京市,
3019,300332.0,天壕节能,2014-12-31,2014.0,447750515.85,北京市,
3020,300353.0,东土科技,2014-12-31,2014.0,241195020.9,北京市,
3021,300367.0,东方网力,2014-12-31,2014.0,639807035.72,北京市,
3022,300374.0,恒通科技,2014-12-31,2014.0,415289984.51,北京市,
3023,300406.0,九强生物,2014-12-31,2014.0,508274279.05,北京市,
3024,600008.0,首创股份,2014-12-31,2014.0,5589383248.03,北京市,
3025,600011.0,华能国际,2014-12-31,2014.0,125406855036.0,北京市,
3026,600055.0,华润万东,2014-12-31,2014.0,739874867.08,北京市,
3027,600062.0,华润双鹤,2014-12-31,2014.0,4280960954.08,北京市,
3028,600085.0,同仁堂,2014-12-31,2014.0,9685867522.55,北京市,
3029,600100.0,同方股份,2014-12-31,2014.0,25993724026.86,北京市,
3030,600118.0,中国卫星,2014-12-31,2014.0,4664103788.27,北京市,
3031,600161.0,天坛生物,2014-12-31,2014.0,1826551127.27,北京市,
3032,600176.0,中国玻纤,2014-12-31,2014.0,6268153539.62,北京市,
3033,600195.0,中牧股份,2014-12-31,2014.0,4035441262.62,北京市,
3034,600198.0,大唐电信,2014-12-31,2014.0,7984031029.75,北京市,
3035,600206.0,有研新材,2014-12-31,2014.0,2422937805.63,北京市,
3036,600271.0,航天信息,2014-12-31,2014.0,19959190547.82,北京市,
3037,600288.0,大恒科技,2014-12-31,2014.0,3349485326.11,北京市,
3038,600299.0,*ST 新材,2014-12-31,2014.0,9544437406.39,北京市,
3039,600361.0,华联综超,2014-12-31,2014.0,13331704111.91,北京市,
3040,600405.0,动力源,2014-12-31,2014.0,939326662.98,北京市,
3041,600435.0,北方导航,2014-12-31,2014.0,1606267313.31,北京市,
3042,600485.0,信威集团,2014-12-31,2014.0,3156807868.04,北京市,
3043,600560.0,金自天正,2014-12-31,2014.0,571966887.67,北京市,
3044,600578.0,京能电力,2014-12-31,2014.0,12963858075.09,北京市,
3045,600582.0,天地科技,2014-12-31,2014.0,16578632362.39,北京市,
3046,600764.0,中电广通,2014-12-31,2014.0,718950384.45,北京市,
3047,600855.0,航天长峰,2014-12-31,2014.0,688460968.38,北京市,
3048,600860.0,*ST 京城,2014-12-31,2014.0,1806333093.44,北京市,
3049,600900.0,长江电力,2014-12-31,2014.0,26897792646.45,北京市,
3050,600980.0,北矿磁材,2014-12-31,2014.0,228061783.01,北京市,
3051,601016.0,节能风电,2014-12-31,2014.0,1183313530.91,北京市,
3052,601126.0,四方股份,2014-12-31,2014.0,3264111280.37,北京市,
3053,601558.0,*ST 锐电,2014-12-31,2014.0,3619880770.06,北京市,
3054,601600.0,中国铝业,2014-12-31,2014.0,141772292000.0,北京市,
3055,601908.0,京运通,2014-12-31,2014.0,694816342.48,北京市,
3056,601991.0,大唐发电,2014-12-31,2014.0,70194327000.0,北京市,
3057,601992.0,金隅股份,2014-12-31,2014.0,41241473853.97,北京市,
3058,,,,,666401685109.6,北京市 汇总,
3059,536.0,华映科技,2014-12-31,2014.0,7018186607.74,福建省,
3060,547.0,闽福发A,2014-12-31,2014.0,855981251.0,福建省,
3061,993.0,闽东电力,2014-12-31,2014.0,1159453961.47,福建省,
3062,2102.0,冠福股份,2014-12-31,2014.0,1873934504.5,福建省,
3063,2222.0,福晶科技,2014-12-31,2014.0,202007821.76,福建省,
3064,2300.0,太阳电缆,2014-12-31,2014.0,3353542537.61,福建省,
3065,2335.0,科华恒盛,2014-12-31,2014.0,1473278755.67,福建省,
3066,2396.0,星网锐捷,2014-12-31,2014.0,3641686743.88,福建省,
3067,2509.0,天广消防,2014-12-31,2014.0,693730010.07,福建省,
3068,2529.0,海源机械,2014-12-31,2014.0,206702565.14,福建省,
3069,2578.0,闽发铝业,2014-12-31,2014.0,1316865629.54,福建省,
3070,2614.0,蒙发利,2014-12-31,2014.0,2811257799.43,福建省,
3071,2639.0,雪人股份,2014-12-31,2014.0,422323543.29,福建省,
3072,2729.0,好利来,2014-12-31,2014.0,173276556.6,福建省,
3073,200512.0,闽灿坤B,2014-12-31,2014.0,2008161297.5,福建省,
3074,300056.0,三维丝,2014-12-31,2014.0,454528619.57,福建省,
3075,300062.0,中能电气,2014-12-31,2014.0,457528772.93,福建省,
3076,300102.0,乾照光电,2014-12-31,2014.0,426368263.47,福建省,
3077,300341.0,麦迪电气,2014-12-31,2014.0,305946562.25,福建省,
3078,600163.0,福建南纸,2014-12-31,2014.0,1070403005.32,福建省,
3079,600203.0,福日电子,2014-12-31,2014.0,3511289559.59,福建省,
3080,600388.0,龙净环保,2014-12-31,2014.0,6026663646.83,福建省,
3081,600436.0,片仔癀,2014-12-31,2014.0,1453869771.99,福建省,
3082,600483.0,福能股份,2014-12-31,2014.0,5809321748.0,福建省,
3083,600549.0,厦门钨业,2014-12-31,2014.0,10142731526.5,福建省,
3084,600563.0,法拉电子,2014-12-31,2014.0,1416210363.38,福建省,
3085,600592.0,龙溪股份,2014-12-31,2014.0,730456160.91,福建省,
3086,600660.0,福耀玻璃,2014-12-31,2014.0,12928181657.0,福建省,
3087,600734.0,实达集团,2014-12-31,2014.0,195034744.98,福建省,
3088,600802.0,福建水泥,2014-12-31,2014.0,2061836155.1,福建省,
3089,600815.0,厦工股份,2014-12-31,2014.0,4559520397.97,福建省,
3090,600870.0,厦华电子,2014-12-31,2014.0,224157273.59,福建省,
3091,603678.0,火炬电子,2014-12-31,2014.0,890935412.67,福建省,
3092,603686.0,龙马环卫,2014-12-31,2014.0,1181939489.23,福建省,
3093,,,,,81057312716.48,福建省 汇总,
3094,672.0,上峰水泥,2014-12-31,2014.0,2736641248.73,甘肃省,
3095,791.0,甘肃电投,2014-12-31,2014.0,1467381591.29,甘肃省,
3096,2185.0,华天科技,2014-12-31,2014.0,3305481665.85,甘肃省,
3097,2644.0,佛慈制药,2014-12-31,2014.0,399071335.83,甘肃省,
3098,600192.0,长城电工,2014-12-31,2014.0,2058002797.83,甘肃省,
3099,600516.0,方大炭素,2014-12-31,2014.0,3449008868.53,甘肃省,
3100,600720.0,祁连山,2014-12-31,2014.0,6146974408.46,甘肃省,
3101,600886.0,国投电力,2014-12-31,2014.0,32957169192.11,甘肃省,
3102,601798.0,蓝科高新,2014-12-31,2014.0,864670985.82,甘肃省,
3103,603169.0,兰石重装,2014-12-31,2014.0,1447361429.92,甘肃省,
3104,,,,,54831763524.37,甘肃省 汇总,
3105,12.0,南玻A,2014-12-31,2014.0,7044502645.0,广东省,
3106,16.0,深康佳A,2014-12-31,2014.0,19423488994.07,广东省,
3107,20.0,深华发A,2014-12-31,2014.0,694839760.1,广东省,
3108,21.0,长城开发,2014-12-31,2014.0,16444164971.33,广东省,
3109,23.0,深天地A,2014-12-31,2014.0,1092355141.93,广东省,
3110,27.0,深圳能源,2014-12-31,2014.0,12506042318.05,广东省,
3111,37.0,深南电A,2014-12-31,2014.0,1234101547.84,广东省,
3112,40.0,宝安地产,2014-12-31,2014.0,1036534229.7,广东省,
3113,45.0,深纺织A,2014-12-31,2014.0,1210952548.57,广东省,
3114,49.0,德赛电池,2014-12-31,2014.0,6389598039.78,广东省,
3115,50.0,深天马A,2014-12-31,2014.0,9322363339.0,广东省,
3116,60.0,中金岭南,2014-12-31,2014.0,24574117123.82,广东省,
3117,63.0,中兴通讯,2014-12-31,2014.0,81471275000.0,广东省,
3118,66.0,长城电脑,2014-12-31,2014.0,77205375635.56,广东省,
3119,70.0,特发信息,2014-12-31,2014.0,1913254930.98,广东省,
3120,100.0,TCL集团,2014-12-31,2014.0,101028675000.0,广东省,
3121,333.0,美的集团,2014-12-31,2014.0,141668175160.0,广东省,
3122,513.0,丽珠集团,2014-12-31,2014.0,5544233777.86,广东省,
3123,531.0,穗恒运A,2014-12-31,2014.0,4394470765.5,广东省,
3124,533.0,万家乐,2014-12-31,2014.0,3896458570.23,广东省,
3125,534.0,万泽股份,2014-12-31,2014.0,526640338.93,广东省,
3126,539.0,粤电力A,2014-12-31,2014.0,29046568685.0,广东省,
3127,541.0,佛山照明,2014-12-31,2014.0,3068641200.17,广东省,
3128,576.0,广东甘化,2014-12-31,2014.0,476105812.7,广东省,
3129,601.0,韶能股份,2014-12-31,2014.0,3009520819.01,广东省,
3130,636.0,风华高科,2014-12-31,2014.0,2247919536.08,广东省,
3131,651.0,格力电器,2014-12-31,2014.0,137750358395.7,广东省,
3132,685.0,中山公用,2014-12-31,2014.0,1154874930.19,广东省,
3133,690.0,宝新能源,2014-12-31,2014.0,4697106692.91,广东省,
3134,782.0,美达股份,2014-12-31,2014.0,3363609891.51,广东省,
3135,823.0,超声电子,2014-12-31,2014.0,3981238713.33,广东省,
3136,921.0,海信科龙,2014-12-31,2014.0,26534420935.55,广东省,
3137,999.0,华润三九,2014-12-31,2014.0,7276585571.53,广东省,
3138,2005.0,德豪润达,2014-12-31,2014.0,4154733583.22,广东省,
3139,2008.0,大族激光,2014-12-31,2014.0,5565593514.79,广东省,
3140,2017.0,东信和平,2014-12-31,2014.0,1287020629.2,广东省,
3141,2030.0,达安基因,2014-12-31,2014.0,1086153433.63,广东省,
3142,2031.0,巨轮股份,2014-12-31,2014.0,1067148781.13,广东省,
3143,2035.0,华帝股份,2014-12-31,2014.0,4229783617.45,广东省,
3144,2045.0,国光电器,2014-12-31,2014.0,2015619983.0,广东省,
3145,2052.0,同洲电子,2014-12-31,2014.0,1601835867.88,广东省,
3146,2055.0,得润电子,2014-12-31,2014.0,2634867552.08,广东省,
3147,2076.0,雪莱特,2014-12-31,2014.0,441854100.18,广东省,
3148,2106.0,莱宝高科,2014-12-31,2014.0,2343271412.76,广东省,
3149,2121.0,科陆电子,2014-12-31,2014.0,1954608866.82,广东省,
3150,2130.0,沃尔核材,2014-12-31,2014.0,1629187118.27,广东省,
3151,2137.0,实益达,2014-12-31,2014.0,546517722.0,广东省,
3152,2138.0,顺络电子,2014-12-31,2014.0,1162528639.72,广东省,
3153,2139.0,拓邦股份,2014-12-31,2014.0,1115444660.53,广东省,
3154,2141.0,蓉胜超微,2014-12-31,2014.0,989537365.06,广东省,
3155,2152.0,广电运通,2014-12-31,2014.0,3151910135.24,广东省,
3156,2161.0,远望谷,2014-12-31,2014.0,642085984.14,广东省,
3157,2167.0,东方锆业,2014-12-31,2014.0,844495254.55,广东省,
3158,2169.0,智光电气,2014-12-31,2014.0,607410442.54,广东省,
3159,2177.0,御银股份,2014-12-31,2014.0,971711483.42,广东省,
3160,2180.0,艾派克,2014-12-31,2014.0,479527161.58,广东省,
3161,2198.0,嘉应制药,2014-12-31,2014.0,565820205.51,广东省,
3162,2209.0,达意隆,2014-12-31,2014.0,954655924.89,广东省,
3163,2218.0,拓日新能,2014-12-31,2014.0,545792802.94,广东省,
3164,2227.0,奥特迅,2014-12-31,2014.0,457956296.47,广东省,
3165,2233.0,塔牌集团,2014-12-31,2014.0,4456688018.61,广东省,
3166,2240.0,威华股份,2014-12-31,2014.0,1715452460.65,广东省,
3167,2249.0,大洋电机,2014-12-31,2014.0,4443313454.54,广东省,
3168,2256.0,彩虹精化,2014-12-31,2014.0,528028724.97,广东省,
3169,2260.0,伊立浦,2014-12-31,2014.0,691044808.15,广东省,
3170,2288.0,超华科技,2014-12-31,2014.0,1198912282.33,广东省,
3171,2289.0,宇顺电子,2014-12-31,2014.0,2750032730.73,广东省,
3172,2294.0,信立泰,2014-12-31,2014.0,2882644604.34,广东省,
3173,2295.0,精艺股份,2014-12-31,2014.0,2359644899.67,广东省,
3174,2308.0,威创股份,2014-12-31,2014.0,802970860.68,广东省,
3175,2313.0,日海通讯,2014-12-31,2014.0,2428735924.04,广东省,
3176,2317.0,众生药业,2014-12-31,2014.0,1308516503.97,广东省,
3177,2334.0,英威腾,2014-12-31,2014.0,1057884347.12,广东省,
3178,2351.0,漫步者,2014-12-31,2014.0,681418080.27,广东省,
3179,2369.0,卓翼科技,2014-12-31,2014.0,3586877473.77,广东省,
3180,2387.0,黑牛食品,2014-12-31,2014.0,583344130.3,广东省,
3181,2388.0,新亚制程,2014-12-31,2014.0,517205183.5,广东省,
3182,2399.0,海普瑞,2014-12-31,2014.0,1958861291.06,广东省,
3183,2402.0,和而泰,2014-12-31,2014.0,868030520.3,广东省,
3184,2429.0,兆驰股份,2014-12-31,2014.0,7107625001.3,广东省,
3185,2433.0,太安堂,2014-12-31,2014.0,1227636592.54,广东省,
3186,2436.0,兴森科技,2014-12-31,2014.0,1673825204.8,广东省,
3187,2446.0,盛路通信,2014-12-31,2014.0,525967801.09,广东省,
3188,2449.0,国星光电,2014-12-31,2014.0,1543030307.8,广东省,
3189,2456.0,欧菲光,2014-12-31,2014.0,19482290171.73,广东省,
3190,2465.0,海格通信,2014-12-31,2014.0,2953828036.22,广东省,
3191,2475.0,立讯精密,2014-12-31,2014.0,7295948570.78,广东省,
3192,2512.0,达华智能,2014-12-31,2014.0,760680059.64,广东省,
3193,2518.0,科士达,2014-12-31,2014.0,1387878069.97,广东省,
3194,2528.0,英飞拓,2014-12-31,2014.0,979431431.85,广东省,
3195,2543.0,万和电气,2014-12-31,2014.0,3977717487.66,广东省,
3196,2551.0,尚荣医疗,2014-12-31,2014.0,1166777462.48,广东省,
3197,2577.0,雷柏科技,2014-12-31,2014.0,521330089.22,广东省,
3198,2579.0,中京电子,2014-12-31,2014.0,482698640.39,广东省,
3199,2583.0,海能达,2014-12-31,2014.0,1949382593.36,广东省,
3200,2587.0,奥拓电子,2014-12-31,2014.0,367053727.61,广东省,
3201,2600.0,江粉磁材,2014-12-31,2014.0,2060288682.23,广东省,
3202,2611.0,东方精工,2014-12-31,2014.0,1190269651.33,广东省,
3203,2618.0,丹邦科技,2014-12-31,2014.0,502091225.51,广东省,
3204,2638.0,勤上光电,2014-12-31,2014.0,905786743.98,广东省,
3205,2660.0,茂硕电源,2014-12-31,2014.0,628224567.94,广东省,
3206,2668.0,奥马电器,2014-12-31,2014.0,4461013038.37,广东省,
3207,2681.0,奋达科技,2014-12-31,2014.0,1080456778.78,广东省,
3208,2684.0,猛狮科技,2014-12-31,2014.0,488287062.89,广东省,
3209,2705.0,新宝股份,2014-12-31,2014.0,5668888463.01,广东省,
3210,2723.0,金莱特,2014-12-31,2014.0,583179602.6,广东省,
3211,2724.0,海洋王,2014-12-31,2014.0,1056428518.11,广东省,
3212,2728.0,台城制药,2014-12-31,2014.0,344748357.41,广东省,
3213,2733.0,雄韬股份,2014-12-31,2014.0,1975404502.45,广东省,
3214,2745.0,木林森,2014-12-31,2014.0,4001667872.07,广东省,
3215,300004.0,南风股份,2014-12-31,2014.0,818362883.52,广东省,
3216,300014.0,亿纬锂能,2014-12-31,2014.0,1208923955.19,广东省,
3217,300030.0,阳普医疗,2014-12-31,2014.0,461792180.01,广东省,
3218,300042.0,朗科科技,2014-12-31,2014.0,211017955.51,广东省,
3219,300053.0,欧比特,2014-12-31,2014.0,176501956.5,广东省,
3220,300057.0,万顺股份,2014-12-31,2014.0,2173981329.64,广东省,
3221,300077.0,国民技术,2014-12-31,2014.0,425695457.54,广东省,
3222,300083.0,劲胜精密,2014-12-31,2014.0,3980510949.48,广东省,
3223,300089.0,长城集团,2014-12-31,2014.0,448608114.82,广东省,
3224,300093.0,金刚玻璃,2014-12-31,2014.0,433172013.37,广东省,
3225,300112.0,万讯自控,2014-12-31,2014.0,336973093.52,广东省,
3226,300115.0,长盈精密,2014-12-31,2014.0,2320366458.97,广东省,
3227,300124.0,汇川技术,2014-12-31,2014.0,2242550146.06,广东省,
3228,300130.0,新国都,2014-12-31,2014.0,678200326.93,广东省,
3229,300134.0,大富科技,2014-12-31,2014.0,2450864003.65,广东省,
3230,300136.0,信维通信,2014-12-31,2014.0,807718115.26,广东省,
3231,300147.0,香雪制药,2014-12-31,2014.0,1523980138.1,广东省,
3232,300151.0,昌红科技,2014-12-31,2014.0,578661801.99,广东省,
3233,300154.0,瑞凌股份,2014-12-31,2014.0,681444138.75,广东省,
3234,300155.0,安居宝,2014-12-31,2014.0,639943230.1,广东省,
3235,300162.0,雷曼光电,2014-12-31,2014.0,405053660.42,广东省,
3236,300173.0,松德股份,2014-12-31,2014.0,194797890.81,广东省,
3237,300177.0,中海达,2014-12-31,2014.0,687221905.32,广东省,
3238,300186.0,大华农,2014-12-31,2014.0,1018047987.7,广东省,
3239,300193.0,佳士科技,2014-12-31,2014.0,588241040.54,广东省,
3240,300199.0,翰宇药业,2014-12-31,2014.0,419428160.6,广东省,
3241,300206.0,理邦仪器,2014-12-31,2014.0,522775627.02,广东省,
3242,300207.0,欣旺达,2014-12-31,2014.0,4279187799.9,广东省,
3243,300219.0,鸿利光电,2014-12-31,2014.0,1017669298.66,广东省,
3244,300227.0,光韵达,2014-12-31,2014.0,252499856.62,广东省,
3245,300232.0,洲明科技,2014-12-31,2014.0,973402545.69,广东省,
3246,300238.0,冠昊生物,2014-12-31,2014.0,190356664.64,广东省,
3247,300241.0,瑞丰光电,2014-12-31,2014.0,906849275.86,广东省,
3248,300246.0,宝莱特,2014-12-31,2014.0,288993464.73,广东省,
3249,300252.0,金信诺,2014-12-31,2014.0,1194048050.92,广东省,
3250,300273.0,和佳股份,2014-12-31,2014.0,929843131.64,广东省,
3251,300281.0,金明精机,2014-12-31,2014.0,361468282.31,广东省,
3252,300301.0,长方照明,2014-12-31,2014.0,921191572.11,广东省,
3253,300303.0,聚飞光电,2014-12-31,2014.0,990508912.7,广东省,
3254,300317.0,珈伟股份,2014-12-31,2014.0,680145977.52,广东省,
3255,300319.0,麦捷科技,2014-12-31,2014.0,220498658.88,广东省,
3256,300322.0,硕贝德,2014-12-31,2014.0,838143357.02,广东省,
3257,300335.0,迪森股份,2014-12-31,2014.0,573345378.98,广东省,
3258,300340.0,科恒股份,2014-12-31,2014.0,389697552.61,广东省,
3259,300376.0,易事特,2014-12-31,2014.0,1969085429.41,广东省,
3260,300381.0,溢多利,2014-12-31,2014.0,359816415.13,广东省,
3261,300389.0,艾比森,2014-12-31,2014.0,1079466179.21,广东省,
3262,300400.0,劲拓股份,2014-12-31,2014.0,269830777.35,广东省,
3263,300403.0,地尔汉宇,2014-12-31,2014.0,649143571.61,广东省,
3264,300408.0,三环集团,2014-12-31,2014.0,2200398451.64,广东省,
3265,300409.0,道氏技术,2014-12-31,2014.0,446792562.07,广东省,
3266,300410.0,正业科技,2014-12-31,2014.0,311074660.85,广东省,
3267,300415.0,伊之密,2014-12-31,2014.0,1175140144.14,广东省,
3268,300417.0,南华仪器,2014-12-31,2014.0,145848187.35,广东省,
3269,600098.0,广州发展,2014-12-31,2014.0,19445795158.86,广东省,
3270,600183.0,生益科技,2014-12-31,2014.0,7418067382.52,广东省,
3271,600332.0,白云山,2014-12-31,2014.0,18799880604.61,广东省,
3272,600380.0,健康元,2014-12-31,2014.0,7417906235.14,广东省,
3273,600499.0,科达洁能,2014-12-31,2014.0,4465875887.35,广东省,
3274,600518.0,康美药业,2014-12-31,2014.0,15949188769.36,广东省,
3275,600525.0,长园集团,2014-12-31,2014.0,3348640251.11,广东省,
3276,600868.0,梅雁吉祥,2014-12-31,2014.0,400196109.78,广东省,
3277,600894.0,广日股份,2014-12-31,2014.0,4541664539.46,广东省,
3278,601139.0,深圳燃气,2014-12-31,2014.0,9530873495.52,广东省,
3279,603002.0,宏昌电子,2014-12-31,2014.0,1216256762.64,广东省,
3280,603328.0,依顿电子,2014-12-31,2014.0,2628320883.2,广东省,
3281,831167.0,鑫汇科,2014-12-31,2014.0,201157915.78,广东省,
3282,832110.0,雷特科技,2014-12-31,2014.0,28335821.27,广东省,
3283,,,,,1042886526672.52,广东省 汇总,
3284,528.0,柳工,2014-12-31,2014.0,10293406072.77,广西壮族自治区,
3285,703.0,恒逸石化,2014-12-31,2014.0,28062542927.07,广西壮族自治区,
3286,806.0,银河投资,2014-12-31,2014.0,801923664.38,广西壮族自治区,
3287,953.0,河池化工,2014-12-31,2014.0,555288426.4,广西壮族自治区,
3288,2166.0,莱茵生物,2014-12-31,2014.0,637594395.29,广西壮族自治区,
3289,2175.0,广陆数测,2014-12-31,2014.0,242838734.7,广西壮族自治区,
3290,2275.0,桂林三金,2014-12-31,2014.0,1466351772.6,广西壮族自治区,
3291,600236.0,桂冠电力,2014-12-31,2014.0,5703384436.94,广西壮族自治区,
3292,600252.0,中恒集团,2014-12-31,2014.0,3214406389.34,广西壮族自治区,
3293,600310.0,桂东电力,2014-12-31,2014.0,2114534702.93,广西壮族自治区,
3294,,,,,53092271522.42,广西壮族自治区 汇总,
3295,733.0,振华科技,2014-12-31,2014.0,4170015160.35,贵州省,
3296,2025.0,航天电器,2014-12-31,2014.0,1604339229.27,贵州省,
3297,2039.0,黔源电力,2014-12-31,2014.0,2147119375.04,贵州省,
3298,2390.0,信邦制药,2014-12-31,2014.0,2476183059.91,贵州省,
3299,2424.0,贵州百灵,2014-12-31,2014.0,1574672162.3,贵州省,
3300,600112.0,天成控股,2014-12-31,2014.0,489162640.6,贵州省,
3301,600145.0,*ST 国创,2014-12-31,2014.0,42254323.54,贵州省,
3302,600227.0,赤天化,2014-12-31,2014.0,3286700284.01,贵州省,
3303,600594.0,益佰制药,2014-12-31,2014.0,3157075076.43,贵州省,
3304,,,,,18947521311.45,贵州省 汇总,
3305,566.0,海南海药,2014-12-31,2014.0,1343216111.34,海南省,
3306,657.0,中钨高新,2014-12-31,2014.0,8379788727.64,海南省,
3307,2596.0,海南瑞泽,2014-12-31,2014.0,1121308508.28,海南省,
3308,2693.0,双成药业,2014-12-31,2014.0,161197722.77,海南省,
3309,300086.0,康芝药业,2014-12-31,2014.0,408538464.51,海南省,
3310,,,,,11414049534.54,海南省 汇总,
3311,401.0,冀东水泥,2014-12-31,2014.0,15664735351.25,河北省,
3312,413.0,东旭光电,2014-12-31,2014.0,2143398018.39,河北省,
3313,600.0,建投能源,2014-12-31,2014.0,10891135520.76,河北省,
3314,687.0,恒天天鹅,2014-12-31,2014.0,722566679.78,河北省,
3315,856.0,冀东装备,2014-12-31,2014.0,1559203618.13,河北省,
3316,2049.0,同方国芯,2014-12-31,2014.0,1086561897.87,河北省,
3317,2282.0,博深工具,2014-12-31,2014.0,548458142.85,河北省,
3318,2459.0,*ST 天业,2014-12-31,2014.0,630383386.14,河北省,
3319,2603.0,以岭药业,2014-12-31,2014.0,2921157257.14,河北省,
3320,2691.0,石中装备,2014-12-31,2014.0,306753253.12,河北省,
3321,300137.0,先河环保,2014-12-31,2014.0,440615656.73,河北省,
3322,300255.0,常山药业,2014-12-31,2014.0,811284570.36,河北省,
3323,300368.0,汇金股份,2014-12-31,2014.0,304984975.19,河北省,
3324,300371.0,汇中股份,2014-12-31,2014.0,201751411.14,河北省,
3325,600149.0,廊坊发展,2014-12-31,2014.0,39685034.81,河北省,
3326,600550.0,*ST 天威,2014-12-31,2014.0,3895042664.06,河北省,
3327,600803.0,威远生化,2014-12-31,2014.0,4868705484.37,河北省,
3328,600812.0,华北制药,2014-12-31,2014.0,9400972695.32,河北省,
3329,,,,,56437395617.41,河北省 汇总,
3330,400.0,许继电气,2014-12-31,2014.0,8359193647.88,河南省,
3331,544.0,中原环保,2014-12-31,2014.0,578277822.7,河南省,
3332,612.0,焦作万方,2014-12-31,2014.0,5249648589.69,河南省,
3333,933.0,神火股份,2014-12-31,2014.0,23967115627.6,河南省,
3334,949.0,新乡化纤,2014-12-31,2014.0,2840804023.85,河南省,
3335,1896.0,豫能控股,2014-12-31,2014.0,3355950298.6,河南省,
3336,2007.0,华兰生物,2014-12-31,2014.0,1243487961.4,河南省,
3337,2046.0,轴研科技,2014-12-31,2014.0,512625946.15,河南省,
3338,2179.0,中航光电,2014-12-31,2014.0,3491245691.06,河南省,
3339,2189.0,利达光电,2014-12-31,2014.0,707727281.61,河南省,
3340,2225.0,濮耐股份,2014-12-31,2014.0,2611009066.55,河南省,
3341,2296.0,辉煌科技,2014-12-31,2014.0,525623757.3,河南省,
3342,2358.0,森源电气,2014-12-31,2014.0,1125201345.67,河南省,
3343,2535.0,林州重机,2014-12-31,2014.0,1874349394.19,河南省,
3344,2560.0,通达股份,2014-12-31,2014.0,723881354.74,河南省,
3345,2613.0,北玻股份,2014-12-31,2014.0,838142316.7,河南省,
3346,300007.0,汉威电子,2014-12-31,2014.0,399306830.1,河南省,
3347,300064.0,豫金刚石,2014-12-31,2014.0,637596256.87,河南省,
3348,300080.0,新大新材,2014-12-31,2014.0,2259034655.38,河南省,
3349,300179.0,四方达,2014-12-31,2014.0,189073155.21,河南省,
3350,300259.0,新天科技,2014-12-31,2014.0,380325961.95,河南省,
3351,300263.0,隆华节能,2014-12-31,2014.0,1245016055.49,河南省,
3352,600172.0,黄河旋风,2014-12-31,2014.0,1662062031.88,河南省,
3353,600207.0,安彩高科,2014-12-31,2014.0,1912732275.89,河南省,
3354,600222.0,太龙药业,2014-12-31,2014.0,1254230236.48,河南省,
3355,600285.0,羚锐制药,2014-12-31,2014.0,826274117.92,河南省,
3356,600312.0,平高电气,2014-12-31,2014.0,4605826500.25,河南省,
3357,600531.0,豫光金铅,2014-12-31,2014.0,8879174823.61,河南省,
3358,600595.0,中孚实业,2014-12-31,2014.0,9672849914.77,河南省,
3359,600810.0,神马股份,2014-12-31,2014.0,9542723616.6,河南省,
3360,600876.0,洛阳玻璃,2014-12-31,2014.0,612541199.49,河南省,
3361,601038.0,一拖股份,2014-12-31,2014.0,8929316050.68,河南省,
3362,601608.0,中信重工,2014-12-31,2014.0,5286294882.69,河南省,
3363,601677.0,明泰铝业,2014-12-31,2014.0,6492164868.28,河南省,
3364,,,,,122790827559.23,河南省 汇总,
3365,922.0,佳电股份,2014-12-31,2014.0,2052091269.56,黑龙江省,
3366,2437.0,誉衡药业,2014-12-31,2014.0,1905823991.92,黑龙江省,
3367,2698.0,博实股份,2014-12-31,2014.0,607674624.77,黑龙江省,
3368,2737.0,葵花药业,2014-12-31,2014.0,2718760482.08,黑龙江省,
3369,300040.0,九洲电气,2014-12-31,2014.0,189513675.58,黑龙江省,
3370,600187.0,国中水务,2014-12-31,2014.0,719927217.28,黑龙江省,
3371,600202.0,哈空调,2014-12-31,2014.0,1058990520.98,黑龙江省,
3372,600664.0,哈药股份,2014-12-31,2014.0,16508912525.75,黑龙江省,
3373,600726.0,华电能源,2014-12-31,2014.0,9829383541.64,黑龙江省,
3374,601106.0,中国一重,2014-12-31,2014.0,7327996673.93,黑龙江省,
3375,,,,,42919074523.49,黑龙江省 汇总,
3376,670.0,盈方微,2014-12-31,2014.0,174915669.31,湖北省,
3377,678.0,襄阳轴承,2014-12-31,2014.0,1266749128.67,湖北省,
3378,821.0,京山轻机,2014-12-31,2014.0,923081282.02,湖北省,
3379,852.0,江钻股份,2014-12-31,2014.0,1657746352.04,湖北省,
3380,883.0,湖北能源,2014-12-31,2014.0,7270146795.61,湖北省,
3381,939.0,凯迪电力,2014-12-31,2014.0,2848725133.36,湖北省,
3382,952.0,广济药业,2014-12-31,2014.0,485858038.39,湖北省,
3383,966.0,长源电力,2014-12-31,2014.0,6595822150.68,湖北省,
3384,988.0,华工科技,2014-12-31,2014.0,2353327611.37,湖北省,
3385,2194.0,武汉凡谷,2014-12-31,2014.0,1772359887.81,湖北省,
3386,2281.0,光迅科技,2014-12-31,2014.0,2433052627.91,湖北省,
3387,2365.0,永安药业,2014-12-31,2014.0,658417064.45,湖北省,
3388,2414.0,高德红外,2014-12-31,2014.0,397980550.4,湖北省,
3389,200770.0,*ST 武锅B,2014-12-31,2014.0,947399638.32,湖北省,
3390,300018.0,中元华电,2014-12-31,2014.0,225106837.49,湖北省,
3391,300046.0,台基股份,2014-12-31,2014.0,221713221.94,湖北省,
3392,300161.0,华中数控,2014-12-31,2014.0,586233084.86,湖北省,
3393,300205.0,天喻信息,2014-12-31,2014.0,1354686517.38,湖北省,
3394,300220.0,金运激光,2014-12-31,2014.0,192535822.5,湖北省,
3395,300276.0,三丰智能,2014-12-31,2014.0,333944525.35,湖北省,
3396,300278.0,华昌达,2014-12-31,2014.0,436858532.72,湖北省,
3397,300323.0,华灿光电,2014-12-31,2014.0,706081569.48,湖北省,
3398,300395.0,菲利华,2014-12-31,2014.0,287215619.37,湖北省,
3399,600079.0,人福医药,2014-12-31,2014.0,7051628037.87,湖北省,
3400,600168.0,武汉控股,2014-12-31,2014.0,1178204960.04,湖北省,
3401,600184.0,光电股份,2014-12-31,2014.0,1836044908.04,湖北省,
3402,600260.0,凯乐科技,2014-12-31,2014.0,1743091404.11,湖北省,
3403,600293.0,三峡新材,2014-12-31,2014.0,1302802792.56,湖北省,
3404,600345.0,长江通信,2014-12-31,2014.0,865932814.58,湖北省,
3405,600355.0,精伦电子,2014-12-31,2014.0,383296950.49,湖北省,
3406,600421.0,仰帆控股,2014-12-31,2014.0,44112971.66,湖北省,
3407,600498.0,烽火通信,2014-12-31,2014.0,10721254526.04,湖北省,
3408,600566.0,洪城股份,2014-12-31,2014.0,2986412154.82,湖北省,
3409,600568.0,中珠控股,2014-12-31,2014.0,1069987066.24,湖北省,
3410,600681.0,万鸿集团,2014-12-31,2014.0,59879190.75,湖北省,
3411,600703.0,三安光电,2014-12-31,2014.0,4579665071.83,湖北省,
3412,600745.0,中茵股份,2014-12-31,2014.0,1623050516.83,湖北省,
3413,600769.0,祥龙电业,2014-12-31,2014.0,19762669.95,湖北省,
3414,600801.0,华新水泥,2014-12-31,2014.0,15996149247.0,湖北省,
3415,600879.0,航天电子,2014-12-31,2014.0,4901798262.21,湖北省,
3416,600885.0,宏发股份,2014-12-31,2014.0,4062830064.08,湖北省,
3417,600993.0,马应龙,2014-12-31,2014.0,1620801191.95,湖北省,
3418,601311.0,骆驼股份,2014-12-31,2014.0,5167187199.63,湖北省,
3419,900956.0,东贝B股,2014-12-31,2014.0,3559013065.68,湖北省,
3420,,,,,104902862727.79,湖北省 汇总,
3421,157.0,中联重科,2014-12-31,2014.0,25851195135.57,湖南省,
3422,519.0,江南红箭,2014-12-31,2014.0,2035733241.45,湖南省,
3423,590.0,紫光古汉,2014-12-31,2014.0,203122000.05,湖南省,
3424,622.0,恒立实业,2014-12-31,2014.0,54731651.9,湖南省,
3425,722.0,湖南发展,2014-12-31,2014.0,271231118.31,湖南省,
3426,748.0,长城信息,2014-12-31,2014.0,1709825804.8,湖南省,
3427,908.0,天一科技,2014-12-31,2014.0,1957430013.44,湖南省,
3428,989.0,九芝堂,2014-12-31,2014.0,1405350432.27,湖南省,
3429,2097.0,山河智能,2014-12-31,2014.0,1839571547.32,湖南省,
3430,2297.0,博云新材,2014-12-31,2014.0,380247814.55,湖南省,
3431,2412.0,汉森制药,2014-12-31,2014.0,737424613.87,湖南省,
3432,2452.0,长高集团,2014-12-31,2014.0,478365697.85,湖南省,
3433,2523.0,天桥起重,2014-12-31,2014.0,501995208.21,湖南省,
3434,2533.0,金杯电工,2014-12-31,2014.0,3177128199.24,湖南省,
3435,2716.0,金贵银业,2014-12-31,2014.0,4297391910.6,湖南省,
3436,300035.0,中科电气,2014-12-31,2014.0,207068149.41,湖南省,
3437,300216.0,千山药机,2014-12-31,2014.0,591349999.17,湖南省,
3438,300267.0,尔康制药,2014-12-31,2014.0,1370358491.18,湖南省,
3439,300298.0,三诺生物,2014-12-31,2014.0,544923196.27,湖南省,
3440,300358.0,楚天科技,2014-12-31,2014.0,1005189784.75,湖南省,
3441,600031.0,三一重工,2014-12-31,2014.0,30364721000.0,湖南省,
3442,600416.0,湘电股份,2014-12-31,2014.0,7749436188.59,湖南省,
3443,600478.0,科力远,2014-12-31,2014.0,854706725.38,湖南省,
3444,600479.0,千金药业,2014-12-31,2014.0,2194240470.52,湖南省,
3445,600744.0,华银电力,2014-12-31,2014.0,6210425195.74,湖南省,
3446,600961.0,株冶集团,2014-12-31,2014.0,15102244651.14,湖南省,
3447,600969.0,郴电国际,2014-12-31,2014.0,2269794674.81,湖南省,
3448,601636.0,旗滨集团,2014-12-31,2014.0,3716619606.58,湖南省,
3449,603998.0,方盛制药,2014-12-31,2014.0,415613172.65,湖南省,
3450,,,,,117497435695.62,湖南省 汇总,
3451,420.0,吉林化纤,2014-12-31,2014.0,1037011109.74,吉林省,
3452,623.0,吉林敖东,2014-12-31,2014.0,2240099344.17,吉林省,
3453,661.0,长春高新,2014-12-31,2014.0,2262304448.98,吉林省,
3454,669.0,金鸿能源,2014-12-31,2014.0,2710968624.41,吉林省,
3455,766.0,通化金马,2014-12-31,2014.0,208414737.57,吉林省,
3456,875.0,吉电股份,2014-12-31,2014.0,4752948387.11,吉林省,
3457,2118.0,紫鑫药业,2014-12-31,2014.0,775714633.85,吉林省,
3458,2338.0,奥普光电,2014-12-31,2014.0,388701228.01,吉林省,
3459,2501.0,利源精制,2014-12-31,2014.0,1932426921.05,吉林省,
3460,2566.0,益盛药业,2014-12-31,2014.0,787894295.06,吉林省,
3461,2622.0,永大集团,2014-12-31,2014.0,161042613.9,吉林省,
3462,300108.0,双龙股份,2014-12-31,2014.0,343262551.26,吉林省,
3463,300396.0,迪瑞医疗,2014-12-31,2014.0,486472263.3,吉林省,
3464,600110.0,中科英华,2014-12-31,2014.0,1892372052.28,吉林省,
3465,600333.0,长春燃气,2014-12-31,2014.0,1641925573.0,吉林省,
3466,600360.0,华微电子,2014-12-31,2014.0,1235814183.64,吉林省,
3467,600432.0,吉恩镍业,2014-12-31,2014.0,3537276773.95,吉林省,
3468,600856.0,长百集团,2014-12-31,2014.0,368528198.82,吉林省,
3469,600867.0,通化东宝,2014-12-31,2014.0,1451340077.69,吉林省,
3470,600881.0,亚泰集团,2014-12-31,2014.0,14455361045.43,吉林省,
3471,,,,,42669879063.22,吉林省 汇总,
3472,301.0,东方市场,2014-12-31,2014.0,785480596.37,江苏省,
3473,418.0,小天鹅A,2014-12-31,2014.0,10804217288.6,江苏省,
3474,421.0,南京中北,2014-12-31,2014.0,1571582055.44,江苏省,
3475,425.0,徐工机械,2014-12-31,2014.0,23306280782.04,江苏省,
3476,518.0,四环生物,2014-12-31,2014.0,241230724.74,江苏省,
3477,570.0,苏常柴A,2014-12-31,2014.0,2489792063.33,江苏省,
3478,727.0,华东科技,2014-12-31,2014.0,988545437.62,江苏省,
3479,777.0,中核科技,2014-12-31,2014.0,1040666387.71,江苏省,
3480,816.0,江淮动力,2014-12-31,2014.0,2334172417.97,江苏省,
3481,919.0,金陵药业,2014-12-31,2014.0,2771942286.51,江苏省,
3482,936.0,华西股份,2014-12-31,2014.0,2066223016.15,江苏省,
3483,2009.0,天奇股份,2014-12-31,2014.0,1781167422.86,江苏省,
3484,2015.0,*ST 霞客,2014-12-31,2014.0,1155567000.76,江苏省,
3485,2074.0,东源电器,2014-12-31,2014.0,885506247.43,江苏省,
3486,2077.0,大港股份,2014-12-31,2014.0,1537692795.86,江苏省,
3487,2079.0,苏州固锝,2014-12-31,2014.0,922113192.6,江苏省,
3488,2080.0,中材科技,2014-12-31,2014.0,4424452414.22,江苏省,
3489,2089.0,新海宜,2014-12-31,2014.0,1142274889.1,江苏省,
3490,2090.0,金智科技,2014-12-31,2014.0,1179081319.68,江苏省,
3491,2104.0,恒宝股份,2014-12-31,2014.0,1550767102.22,江苏省,
3492,2156.0,通富微电,2014-12-31,2014.0,2090685769.17,江苏省,
3493,2160.0,*ST 常铝,2014-12-31,2014.0,2163887121.96,江苏省,
3494,2172.0,澳洋科技,2014-12-31,2014.0,2931164388.35,江苏省,
3495,2182.0,云海金属,2014-12-31,2014.0,3215683345.83,江苏省,
3496,2201.0,九鼎新材,2014-12-31,2014.0,743815985.34,江苏省,
3497,2223.0,鱼跃医疗,2014-12-31,2014.0,1681802302.75,江苏省,
3498,2245.0,澳洋顺昌,2014-12-31,2014.0,1517399947.11,江苏省,
3499,2255.0,海陆重工,2014-12-31,2014.0,1404153163.12,江苏省,
3500,2262.0,恩华药业,2014-12-31,2014.0,2501358749.92,江苏省,
3501,2290.0,禾盛新材,2014-12-31,2014.0,1184858085.19,江苏省,
3502,2309.0,中利科技,2014-12-31,2014.0,9246071624.62,江苏省,
3503,2333.0,罗普斯金,2014-12-31,2014.0,1080319622.01,江苏省,
3504,2349.0,精华制药,2014-12-31,2014.0,577753553.93,江苏省,
3505,2367.0,康力电梯,2014-12-31,2014.0,2821281988.96,江苏省,
3506,2384.0,东山精密,2014-12-31,2014.0,3523739424.51,江苏省,
3507,2411.0,九九久,2014-12-31,2014.0,1060273647.92,江苏省,
3508,2413.0,常发股份,2014-12-31,2014.0,2164844615.63,江苏省,
3509,2426.0,胜利精密,2014-12-31,2014.0,3255815330.12,江苏省,
3510,2435.0,长江润发,2014-12-31,2014.0,1227882218.26,江苏省,
3511,2438.0,江苏神通,2014-12-31,2014.0,465606404.42,江苏省,
3512,2463.0,沪电股份,2014-12-31,2014.0,3291794942.0,江苏省,
3513,2471.0,中超电缆,2014-12-31,2014.0,4865771353.09,江苏省,
3514,2483.0,润邦股份,2014-12-31,2014.0,2211585797.72,江苏省,
3515,2484.0,江海股份,2014-12-31,2014.0,1155208825.72,江苏省,
3516,2491.0,通鼎光电,2014-12-31,2014.0,3302539282.41,江苏省,
3517,2499.0,科林环保,2014-12-31,2014.0,404625770.48,江苏省,
3518,2519.0,银河电子,2014-12-31,2014.0,1175596760.23,江苏省,
3519,2531.0,天顺风能,2014-12-31,2014.0,1402318942.55,江苏省,
3520,2540.0,亚太科技,2014-12-31,2014.0,2242067935.62,江苏省,
3521,2546.0,新联电子,2014-12-31,2014.0,580361068.61,江苏省,
3522,2550.0,千红制药,2014-12-31,2014.0,814608253.03,江苏省,
3523,2553.0,南方轴承,2014-12-31,2014.0,301353545.14,江苏省,
3524,2559.0,亚威股份,2014-12-31,2014.0,893567414.63,江苏省,
3525,2576.0,通达动力,2014-12-31,2014.0,1052358686.82,江苏省,
3526,2608.0,舜天船舶,2014-12-31,2014.0,3007641729.95,江苏省,
3527,2610.0,爱康科技,2014-12-31,2014.0,3002783511.22,江苏省,
3528,2623.0,亚玛顿,2014-12-31,2014.0,862816285.32,江苏省,
3529,2635.0,安洁科技,2014-12-31,2014.0,731300619.94,江苏省,
3530,2645.0,华宏科技,2014-12-31,2014.0,360439038.59,江苏省,
3531,2680.0,黄海机械,2014-12-31,2014.0,106943404.52,江苏省,
3532,2685.0,华东重机,2014-12-31,2014.0,498777201.2,江苏省,
3533,2692.0,远程电缆,2014-12-31,2014.0,2493806715.62,江苏省,
3534,2747.0,埃斯顿,2014-12-31,2014.0,511866727.11,江苏省,
3535,200468.0,宁通信B,2014-12-31,2014.0,2293340939.99,江苏省,
3536,300029.0,天龙光电,2014-12-31,2014.0,138592182.1,江苏省,
3537,300091.0,金通灵,2014-12-31,2014.0,856701777.78,江苏省,
3538,300128.0,锦富新材,2014-12-31,2014.0,2653012082.57,江苏省,
3539,300141.0,和顺电气,2014-12-31,2014.0,324972001.35,江苏省,
3540,300160.0,秀强股份,2014-12-31,2014.0,837309929.37,江苏省,
3541,300165.0,天瑞仪器,2014-12-31,2014.0,276831366.61,江苏省,
3542,300196.0,长海股份,2014-12-31,2014.0,1112612626.64,江苏省,
3543,300201.0,海伦哲,2014-12-31,2014.0,575912681.35,江苏省,
3544,300211.0,亿通科技,2014-12-31,2014.0,211399800.7,江苏省,
3545,300217.0,东方电热,2014-12-31,2014.0,1019005353.53,江苏省,
3546,300228.0,富瑞特装,2014-12-31,2014.0,2003680481.16,江苏省,
3547,300260.0,新莱应材,2014-12-31,2014.0,422112370.69,江苏省,
3548,300265.0,通光线缆,2014-12-31,2014.0,856841087.89,江苏省,
3549,300279.0,和晶科技,2014-12-31,2014.0,681754737.36,江苏省,
3550,300331.0,苏大维格,2014-12-31,2014.0,357302682.44,江苏省,
3551,300337.0,银邦股份,2014-12-31,2014.0,1428709345.1,江苏省,
3552,300342.0,天银机电,2014-12-31,2014.0,409174526.14,江苏省,
3553,300346.0,南大光电,2014-12-31,2014.0,149877964.43,江苏省,
3554,300354.0,东华测试,2014-12-31,2014.0,91228060.5,江苏省,
3555,300356.0,光一科技,2014-12-31,2014.0,343346895.97,江苏省,
3556,300373.0,扬杰科技,2014-12-31,2014.0,647811830.96,江苏省,
3557,300382.0,斯莱克,2014-12-31,2014.0,292069710.1,江苏省,
3558,300385.0,雪浪环境,2014-12-31,2014.0,419686116.96,江苏省,
3559,300390.0,天华超净,2014-12-31,2014.0,390129280.84,江苏省,
3560,300393.0,中来股份,2014-12-31,2014.0,475898119.01,江苏省,
3561,300402.0,宝色股份,2014-12-31,2014.0,687324168.04,江苏省,
3562,300420.0,五洋科技,2014-12-31,2014.0,189863050.19,江苏省,
3563,300421.0,力星股份,2014-12-31,2014.0,470986200.24,江苏省,
3564,600074.0,中达股份,2014-12-31,2014.0,739625931.02,江苏省,
3565,600105.0,永鼎股份,2014-12-31,2014.0,2502507623.13,江苏省,
3566,600200.0,江苏吴中,2014-12-31,2014.0,3066487288.93,江苏省,
3567,600268.0,国电南自,2014-12-31,2014.0,4860578313.14,江苏省,
3568,600276.0,恒瑞医药,2014-12-31,2014.0,7452253087.84,江苏省,
3569,600401.0,海润光伏,2014-12-31,2014.0,4958407048.04,江苏省,
3570,600481.0,双良节能,2014-12-31,2014.0,6807696939.42,江苏省,
3571,600487.0,亨通光电,2014-12-31,2014.0,10419549146.2,江苏省,
3572,600513.0,联环药业,2014-12-31,2014.0,668688165.82,江苏省,
3573,600522.0,中天科技,2014-12-31,2014.0,8641340504.98,江苏省,
3574,600527.0,江南高纤,2014-12-31,2014.0,1643826101.02,江苏省,
3575,600557.0,康缘药业,2014-12-31,2014.0,2562928243.5,江苏省,
3576,600562.0,国睿科技,2014-12-31,2014.0,961969074.15,江苏省,
3577,600584.0,长电科技,2014-12-31,2014.0,6428273279.53,江苏省,
3578,600775.0,南京熊猫,2014-12-31,2014.0,3487641068.94,江苏省,
3579,600854.0,春兰股份,2014-12-31,2014.0,474570721.94,江苏省,
3580,600889.0,南京化纤,2014-12-31,2014.0,1771780508.26,江苏省,
3581,600973.0,宝胜股份,2014-12-31,2014.0,12162376384.85,江苏省,
3582,601100.0,恒立油缸,2014-12-31,2014.0,1093289087.66,江苏省,
3583,601199.0,江南水务,2014-12-31,2014.0,749402070.41,江苏省,
3584,601218.0,吉鑫科技,2014-12-31,2014.0,1640032178.77,江苏省,
3585,601222.0,林洋电子,2014-12-31,2014.0,2206413668.68,江苏省,
3586,601313.0,江南嘉捷,2014-12-31,2014.0,2733921624.47,江苏省,
3587,601388.0,怡球资源,2014-12-31,2014.0,4313953662.73,江苏省,
3588,603005.0,晶方科技,2014-12-31,2014.0,615810322.31,江苏省,
3589,603366.0,日出东方,2014-12-31,2014.0,3050264428.5,江苏省,
3590,603519.0,立霸股份,2014-12-31,2014.0,737289644.39,江苏省,
3591,603688.0,石英股份,2014-12-31,2014.0,355675712.29,江苏省,
3592,603699.0,纽威股份,2014-12-31,2014.0,2734278822.59,江苏省,
3593,603988.0,中电电机,2014-12-31,2014.0,330501733.49,江苏省,
3594,831641.0,格利尔,2014-12-31,2014.0,128546168.45,江苏省,
3595,,,,,264024652467.31,江苏省 汇总,
3596,404.0,华意压缩,2014-12-31,2014.0,7002905221.76,江西省,
3597,650.0,仁和药业,2014-12-31,2014.0,2253212435.55,江西省,
3598,789.0,万年青,2014-12-31,2014.0,6682758652.54,江西省,
3599,899.0,赣能股份,2014-12-31,2014.0,2669041935.96,江西省,
3600,2176.0,江特电机,2014-12-31,2014.0,793299115.59,江西省,
3601,2378.0,章源钨业,2014-12-31,2014.0,2038829463.73,江西省,
3602,2460.0,赣锋锂业,2014-12-31,2014.0,869480146.97,江西省,
3603,300066.0,三川股份,2014-12-31,2014.0,697933365.07,江西省,
3604,300095.0,华伍股份,2014-12-31,2014.0,677903252.73,江西省,
3605,300294.0,博雅生物,2014-12-31,2014.0,437792952.8,江西省,
3606,600071.0,凤凰光学,2014-12-31,2014.0,890972342.58,江西省,
3607,600362.0,江西铜业,2014-12-31,2014.0,198833486017.0,江西省,
3608,600363.0,联创光电,2014-12-31,2014.0,1957049506.94,江西省,
3609,600461.0,洪城水业,2014-12-31,2014.0,1448478223.33,江西省,
3610,600590.0,泰豪科技,2014-12-31,2014.0,2920709571.22,江西省,
3611,600750.0,江中药业,2014-12-31,2014.0,2834124339.21,江西省,
3612,,,,,233007976542.98,江西省 汇总,
3613,410.0,沈阳机床,2014-12-31,2014.0,7814944029.43,辽宁省,
3614,511.0,烯碳新材,2014-12-31,2014.0,1650271820.63,辽宁省,
3615,530.0,大冷股份,2014-12-31,2014.0,1425715596.96,辽宁省,
3616,585.0,东北电气,2014-12-31,2014.0,197513503.68,辽宁省,
3617,597.0,东北制药,2014-12-31,2014.0,4333321643.53,辽宁省,
3618,633.0,合金投资,2014-12-31,2014.0,87496948.1,辽宁省,
3619,692.0,惠天热电,2014-12-31,2014.0,1573201660.45,辽宁省,
3620,751.0,锌业股份,2014-12-31,2014.0,4358892273.69,辽宁省,
3621,2204.0,大连重工,2014-12-31,2014.0,8238827893.0,辽宁省,
3622,2231.0,奥维通信,2014-12-31,2014.0,438495236.54,辽宁省,
3623,2606.0,大连电瓷,2014-12-31,2014.0,591603897.66,辽宁省,
3624,2667.0,鞍重股份,2014-12-31,2014.0,234388379.07,辽宁省,
3625,2689.0,博林特,2014-12-31,2014.0,1957990044.3,辽宁省,
3626,200706.0,瓦轴B,2014-12-31,2014.0,3007578581.96,辽宁省,
3627,300024.0,机器人,2014-12-31,2014.0,1523535056.67,辽宁省,
3628,300097.0,智云股份,2014-12-31,2014.0,219029991.88,辽宁省,
3629,300125.0,易世达,2014-12-31,2014.0,271064412.43,辽宁省,
3630,300202.0,聚龙股份,2014-12-31,2014.0,1133459389.1,辽宁省,
3631,300210.0,森远股份,2014-12-31,2014.0,483106891.02,辽宁省,
3632,300293.0,蓝英装备,2014-12-31,2014.0,609356473.36,辽宁省,
3633,300372.0,欣泰电气,2014-12-31,2014.0,419011080.06,辽宁省,
3634,600167.0,联美控股,2014-12-31,2014.0,661485460.43,辽宁省,
3635,600241.0,时代万恒,2014-12-31,2014.0,1343917001.21,辽宁省,
3636,600346.0,大橡塑,2014-12-31,2014.0,876055634.39,辽宁省,
3637,600396.0,金山股份,2014-12-31,2014.0,4612343337.86,辽宁省,
3638,600719.0,大连热电,2014-12-31,2014.0,694425231.59,辽宁省,
3639,600795.0,国电电力,2014-12-31,2014.0,61474849059.71,辽宁省,
3640,603399.0,新华龙,2014-12-31,2014.0,2284239161.19,辽宁省,
3641,,,,,112516119689.9,辽宁省 汇总,
3642,2688.0,金河生物,2014-12-31,2014.0,839805806.69,内蒙古自治区,
3643,300049.0,福瑞股份,2014-12-31,2014.0,645517669.25,内蒙古自治区,
3644,300239.0,东宝生物,2014-12-31,2014.0,251053920.13,内蒙古自治区,
3645,600111.0,包钢稀土,2014-12-31,2014.0,5837826426.56,内蒙古自治区,
3646,600201.0,金宇集团,2014-12-31,2014.0,1062932025.01,内蒙古自治区,
3647,600262.0,北方股份,2014-12-31,2014.0,1479741460.99,内蒙古自治区,
3648,600863.0,内蒙华电,2014-12-31,2014.0,13633932120.81,内蒙古自治区,
3649,,,,,23750809429.44,内蒙古自治区 汇总,
3650,595.0,西北轴承,2014-12-31,2014.0,444995823.34,宁夏回族自治区,
3651,862.0,银星能源,2014-12-31,2014.0,1438471327.22,宁夏回族自治区,
3652,962.0,东方钽业,2014-12-31,2014.0,2452595901.62,宁夏回族自治区,
3653,2457.0,青龙管业,2014-12-31,2014.0,855793399.16,宁夏回族自治区,
3654,600449.0,宁夏建材,2014-12-31,2014.0,3892639741.21,宁夏回族自治区,
3655,,,,,9084496192.55,宁夏回族自治区 汇总,
3656,600243.0,青海华鼎,2014-12-31,2014.0,1125788012.66,青海省,
3657,600771.0,广誉远,2014-12-31,2014.0,354154540.12,青海省,
3658,600869.0,智慧能源,2014-12-31,2014.0,11351763974.94,青海省,
3659,,,,,12831706527.72,青海省 汇总,
3660,407.0,胜利股份,2014-12-31,2014.0,2872310158.44,山东省,
3661,423.0,东阿阿胶,2014-12-31,2014.0,4009010468.21,山东省,
3662,677.0,恒天海龙,2014-12-31,2014.0,1803428585.27,山东省,
3663,680.0,山推股份,2014-12-31,2014.0,7269453451.46,山东省,
3664,739.0,普洛药业,2014-12-31,2014.0,4232760143.46,山东省,
3665,756.0,新华制药,2014-12-31,2014.0,3589749770.93,山东省,
3666,811.0,烟台冰轮,2014-12-31,2014.0,1690688428.33,山东省,
3667,880.0,潍柴重机,2014-12-31,2014.0,3076471293.15,山东省,
3668,915.0,山大华特,2014-12-31,2014.0,1373956906.92,山东省,
3669,977.0,浪潮信息,2014-12-31,2014.0,7306636312.25,山东省,
3670,2073.0,软控股份,2014-12-31,2014.0,2949608272.5,山东省,
3671,2088.0,鲁阳股份,2014-12-31,2014.0,1177723851.84,山东省,
3672,2107.0,沃华医药,2014-12-31,2014.0,315307987.25,山东省,
3673,2111.0,威海广泰,2014-12-31,2014.0,1015107531.58,山东省,
3674,2217.0,*ST 合泰,2014-12-31,2014.0,3053437887.13,山东省,
3675,2237.0,恒邦股份,2014-12-31,2014.0,15384933002.41,山东省,
3676,2241.0,歌尔声学,2014-12-31,2014.0,12698986013.34,山东省,
3677,2242.0,九阳股份,2014-12-31,2014.0,5943513348.38,山东省,
3678,2248.0,*ST 东数,2014-12-31,2014.0,345499733.88,山东省,
3679,2254.0,泰和新材,2014-12-31,2014.0,1776045032.0,山东省,
3680,2270.0,法因数控,2014-12-31,2014.0,300616854.09,山东省,
3681,2339.0,积成电子,2014-12-31,2014.0,1108751708.46,山东省,
3682,2353.0,杰瑞股份,2014-12-31,2014.0,4460602103.85,山东省,
3683,2376.0,新北洋,2014-12-31,2014.0,992438470.8,山东省,
3684,2379.0,鲁丰环保,2014-12-31,2014.0,2039062154.6,山东省,
3685,2382.0,蓝帆医疗,2014-12-31,2014.0,1535087448.13,山东省,
3686,2490.0,山东墨龙,2014-12-31,2014.0,2522102479.29,山东省,
3687,2498.0,汉缆股份,2014-12-31,2014.0,4637610399.44,山东省,
3688,2526.0,山东矿机,2014-12-31,2014.0,1453717962.08,山东省,
3689,2537.0,海立美达,2014-12-31,2014.0,2506081572.57,山东省,
3690,2580.0,圣阳股份,2014-12-31,2014.0,1246124972.28,山东省,
3691,2581.0,万昌科技,2014-12-31,2014.0,319139852.18,山东省,
3692,2595.0,豪迈科技,2014-12-31,2014.0,1814646181.8,山东省,
3693,2598.0,山东章鼓,2014-12-31,2014.0,554627829.84,山东省,
3694,2655.0,共达电声,2014-12-31,2014.0,653623608.32,山东省,
3695,2671.0,龙泉股份,2014-12-31,2014.0,1294644568.11,山东省,
3696,2675.0,东诚药业,2014-12-31,2014.0,751021851.4,山东省,
3697,300001.0,特锐德,2014-12-31,2014.0,1932054240.13,山东省,
3698,300099.0,尤洛卡,2014-12-31,2014.0,179044586.84,山东省,
3699,300105.0,龙源技术,2014-12-31,2014.0,1637947972.54,山东省,
3700,300110.0,华仁药业,2014-12-31,2014.0,916761352.64,山东省,
3701,300185.0,通裕重工,2014-12-31,2014.0,2055805888.06,山东省,
3702,300208.0,恒顺电气,2014-12-31,2014.0,670442561.22,山东省,
3703,300224.0,正海磁材,2014-12-31,2014.0,769043911.38,山东省,
3704,300233.0,金城医药,2014-12-31,2014.0,1050829973.76,山东省,
3705,300308.0,中际装备,2014-12-31,2014.0,118746206.93,山东省,
3706,300391.0,康跃科技,2014-12-31,2014.0,243428659.11,山东省,
3707,430476.0,海能技术,2014-12-31,2014.0,67129083.75,山东省,
3708,600027.0,华电国际,2014-12-31,2014.0,68397717000.0,山东省,
3709,600060.0,海信电器,2014-12-31,2014.0,29007069215.72,山东省,
3710,600219.0,南山铝业,2014-12-31,2014.0,14056027013.9,山东省,
3711,600336.0,澳柯玛,2014-12-31,2014.0,4121105677.49,山东省,
3712,600385.0,ST 金泰,2014-12-31,2014.0,2028598104.12,山东省,
3713,600529.0,山东药玻,2014-12-31,2014.0,1691112456.28,山东省,
3714,600579.0,天华院,2014-12-31,2014.0,823862150.96,山东省,
3715,600586.0,金晶科技,2014-12-31,2014.0,3581051677.33,山东省,
3716,600587.0,新华医疗,2014-12-31,2014.0,6283466669.25,山东省,
3717,600690.0,青岛海尔,2014-12-31,2014.0,88775444479.11,山东省,
3718,600789.0,鲁抗医药,2014-12-31,2014.0,2312103137.88,山东省,
3719,600898.0,三联商社,2014-12-31,2014.0,824599862.16,山东省,
3720,831278.0,泰德股份,2014-12-31,2014.0,103267238.75,山东省,
3721,831689.0,克莱特,2014-12-31,2014.0,194059659.67,山东省,
3722,,,,,341915246974.95,山东省 汇总,
3723,403.0,ST 生化,2014-12-31,2014.0,489495707.6,山西省,
3724,767.0,漳泽电力,2014-12-31,2014.0,10922837403.68,山西省,
3725,795.0,太原刚玉,2014-12-31,2014.0,779415387.08,山西省,
3726,831.0,五矿稀土,2014-12-31,2014.0,701901631.74,山西省,
3727,300158.0,振东制药,2014-12-31,2014.0,1919484998.09,山西省,
3728,300254.0,仟源医药,2014-12-31,2014.0,653655235.65,山西省,
3729,600157.0,永泰能源,2014-12-31,2014.0,7912059927.36,山西省,
3730,600169.0,太原重工,2014-12-31,2014.0,9023321688.96,山西省,
3731,600234.0,山水文化,2014-12-31,2014.0,10578317.22,山西省,
3732,600281.0,太化股份,2014-12-31,2014.0,3370144157.24,山西省,
3733,600351.0,亚宝药业,2014-12-31,2014.0,1889657429.0,山西省,
3734,600392.0,盛和资源,2014-12-31,2014.0,1514500707.63,山西省,
3735,600780.0,通宝能源,2014-12-31,2014.0,6402884193.59,山西省,
3736,,,,,45589936784.84,山西省 汇总,
3737,561.0,烽火电子,2014-12-31,2014.0,926014302.66,陕西省,
3738,837.0,秦川机床,2014-12-31,2014.0,3501026639.41,陕西省,
3739,2149.0,西部材料,2014-12-31,2014.0,1224668136.32,陕西省,
3740,2267.0,陕天然气,2014-12-31,2014.0,5322458852.92,陕西省,
3741,300023.0,宝德股份,2014-12-31,2014.0,90750271.43,陕西省,
3742,300114.0,中航电测,2014-12-31,2014.0,916903892.35,陕西省,
3743,300116.0,坚瑞消防,2014-12-31,2014.0,351074075.18,陕西省,
3744,300140.0,启源装备,2014-12-31,2014.0,267474104.5,陕西省,
3745,300397.0,天和防务,2014-12-31,2014.0,223013287.4,陕西省,
3746,600080.0,金花股份,2014-12-31,2014.0,712790078.58,陕西省,
3747,600302.0,标准股份,2014-12-31,2014.0,798259351.76,陕西省,
3748,600343.0,航天动力,2014-12-31,2014.0,1310615992.35,陕西省,
3749,600379.0,宝光股份,2014-12-31,2014.0,592143338.41,陕西省,
3750,600456.0,宝钛股份,2014-12-31,2014.0,2481227552.78,陕西省,
3751,600707.0,彩虹股份,2014-12-31,2014.0,159557602.14,陕西省,
3752,600817.0,ST 宏盛,2014-12-31,2014.0,31020949.45,陕西省,
3753,600984.0,建设机械,2014-12-31,2014.0,283204434.6,陕西省,
3754,601012.0,隆基股份,2014-12-31,2014.0,3680168521.04,陕西省,
3755,601179.0,中国西电,2014-12-31,2014.0,13869680058.39,陕西省,
3756,601369.0,陕鼓动力,2014-12-31,2014.0,4860782203.96,陕西省,
3757,,,,,41602833645.63,陕西省 汇总,
3758,2022.0,科华生物,2014-12-31,2014.0,1217885733.45,上海市,
3759,2028.0,思源电气,2014-12-31,2014.0,3671304783.02,上海市,
3760,2058.0,威尔泰,2014-12-31,2014.0,123374512.2,上海市,
3761,2158.0,汉钟精机,2014-12-31,2014.0,989738179.05,上海市,
3762,2162.0,斯米克,2014-12-31,2014.0,845393755.95,上海市,
3763,2184.0,海得控制,2014-12-31,2014.0,1544092090.27,上海市,
3764,2252.0,上海莱士,2014-12-31,2014.0,1319735230.15,上海市,
3765,2278.0,神开股份,2014-12-31,2014.0,671386803.12,上海市,
3766,2346.0,柘中建设,2014-12-31,2014.0,463310812.16,上海市,
3767,2451.0,摩恩电气,2014-12-31,2014.0,646651348.13,上海市,
3768,2506.0,*ST 超日,2014-12-31,2014.0,2699278484.08,上海市,
3769,2527.0,新时达,2014-12-31,2014.0,1305075557.39,上海市,
3770,2636.0,金安国纪,2014-12-31,2014.0,2261190939.24,上海市,
3771,2706.0,良信电器,2014-12-31,2014.0,855705596.4,上海市,
3772,300039.0,上海凯宝,2014-12-31,2014.0,1481076884.1,上海市,
3773,300126.0,锐奇股份,2014-12-31,2014.0,673873585.8,上海市,
3774,300129.0,泰胜风能,2014-12-31,2014.0,1438186434.41,上海市,
3775,300153.0,科泰电源,2014-12-31,2014.0,634535345.95,上海市,
3776,300171.0,东富龙,2014-12-31,2014.0,1258693706.37,上海市,
3777,300222.0,科大智能,2014-12-31,2014.0,614723848.16,上海市,
3778,300272.0,开能环保,2014-12-31,2014.0,374737699.81,上海市,
3779,300286.0,安科瑞,2014-12-31,2014.0,283478535.29,上海市,
3780,300326.0,凯利泰,2014-12-31,2014.0,222355564.64,上海市,
3781,300327.0,中颖电子,2014-12-31,2014.0,371073197.79,上海市,
3782,430139.0,华岭股份,2014-12-31,2014.0,81598207.53,上海市,
3783,430300.0,辰光医疗,2014-12-31,2014.0,76263935.92,上海市,
3784,600021.0,上海电力,2014-12-31,2014.0,16101966797.82,上海市,
3785,600151.0,航天机电,2014-12-31,2014.0,3786810876.57,上海市,
3786,600171.0,上海贝岭,2014-12-31,2014.0,467902168.98,上海市,
3787,600196.0,复星医药,2014-12-31,2014.0,12025532045.42,上海市,
3788,600320.0,振华重工,2014-12-31,2014.0,25069421487.0,上海市,
3789,600420.0,现代制药,2014-12-31,2014.0,2748835668.7,上海市,
3790,600490.0,鹏欣资源,2014-12-31,2014.0,2155634449.85,上海市,
3791,600530.0,交大昂立,2014-12-31,2014.0,337639192.79,上海市,
3792,600601.0,方正科技,2014-12-31,2014.0,6862486669.3,上海市,
3793,600613.0,神奇制药,2014-12-31,2014.0,1293713330.65,上海市,
3794,600617.0,国新能源,2014-12-31,2014.0,5502860839.3,上海市,
3795,600619.0,海立股份,2014-12-31,2014.0,6808447171.3,上海市,
3796,600624.0,复旦复华,2014-12-31,2014.0,1007897795.98,上海市,
3797,600635.0,大众公用,2014-12-31,2014.0,4131042597.3,上海市,
3798,600642.0,申能股份,2014-12-31,2014.0,25407407815.34,上海市,
3799,600651.0,飞乐音响,2014-12-31,2014.0,2134146877.28,上海市,
3800,600680.0,上海普天,2014-12-31,2014.0,1744303336.99,上海市,
3801,600732.0,上海新梅,2014-12-31,2014.0,163473202.67,上海市,
3802,600781.0,辅仁药业,2014-12-31,2014.0,434797159.24,上海市,
3803,600819.0,耀皮玻璃,2014-12-31,2014.0,2864912952.36,上海市,
3804,600835.0,上海机电,2014-12-31,2014.0,20778933220.52,上海市,
3805,600841.0,上柴股份,2014-12-31,2014.0,2776888016.8,上海市,
3806,600843.0,上工申贝,2014-12-31,2014.0,1971244833.88,上海市,
3807,600851.0,海欣股份,2014-12-31,2014.0,1110193673.88,上海市,
3808,601231.0,环旭电子,2014-12-31,2014.0,15873001002.01,上海市,
3809,601616.0,广电电气,2014-12-31,2014.0,892197186.78,上海市,
3810,601727.0,上海电气,2014-12-31,2014.0,76784516000.0,上海市,
3811,603012.0,创力集团,2014-12-31,2014.0,1368124701.08,上海市,
3812,900935.0,阳晨B股,2014-12-31,2014.0,464082366.55,上海市,
3813,,,,,269193134206.72,上海市 汇总,
3814,155.0,川化股份,2014-12-31,2014.0,842147080.43,四川省,
3815,584.0,友利控股,2014-12-31,2014.0,2013791854.67,四川省,
3816,586.0,汇源通信,2014-12-31,2014.0,474888356.7,四川省,
3817,593.0,大通燃气,2014-12-31,2014.0,442890181.3,四川省,
3818,598.0,兴蓉投资,2014-12-31,2014.0,2724256440.91,四川省,
3819,629.0,攀钢钒钛,2014-12-31,2014.0,16779307964.58,四川省,
3820,790.0,华神集团,2014-12-31,2014.0,528216541.32,四川省,
3821,801.0,四川九洲,2014-12-31,2014.0,2238645620.41,四川省,
3822,810.0,创维数字,2014-12-31,2014.0,3501634730.02,四川省,
3823,935.0,四川双马,2014-12-31,2014.0,1996450359.11,四川省,
3824,2259.0,升达林业,2014-12-31,2014.0,747813260.55,四川省,
3825,2272.0,川润股份,2014-12-31,2014.0,844880008.5,四川省,
3826,2366.0,丹甫股份,2014-12-31,2014.0,573466190.75,四川省,
3827,2422.0,科伦药业,2014-12-31,2014.0,8023421289.0,四川省,
3828,2466.0,天齐锂业,2014-12-31,2014.0,1422384008.51,四川省,
3829,2480.0,新筑股份,2014-12-31,2014.0,1275090765.6,四川省,
3830,2630.0,华西能源,2014-12-31,2014.0,3268585422.7,四川省,
3831,2651.0,利君股份,2014-12-31,2014.0,739760319.63,四川省,
3832,300028.0,金亚科技,2014-12-31,2014.0,527897748.16,四川省,
3833,300092.0,科新机电,2014-12-31,2014.0,311273922.23,四川省,
3834,300101.0,振芯科技,2014-12-31,2014.0,407197357.59,四川省,
3835,300127.0,银河磁体,2014-12-31,2014.0,379038192.99,四川省,
3836,300362.0,天保重装,2014-12-31,2014.0,399324015.55,四川省,
3837,300370.0,安控科技,2014-12-31,2014.0,428391779.51,四川省,
3838,300425.0,环能科技,2014-12-31,2014.0,235126090.14,四川省,
3839,600101.0,明星电力,2014-12-31,2014.0,1244897125.24,四川省,
3840,600331.0,宏达股份,2014-12-31,2014.0,3759123602.57,四川省,
3841,600353.0,旭光股份,2014-12-31,2014.0,545392319.45,四川省,
3842,600505.0,西昌电力,2014-12-31,2014.0,763134931.59,四川省,
3843,600528.0,中铁二局,2014-12-31,2014.0,71512638985.91,四川省,
3844,600644.0,乐山电力,2014-12-31,2014.0,1539810297.46,四川省,
3845,600674.0,川投能源,2014-12-31,2014.0,1102774516.63,四川省,
3846,600678.0,四川金顶,2014-12-31,2014.0,54244825.66,四川省,
3847,600839.0,四川长虹,2014-12-31,2014.0,59503900596.63,四川省,
3848,600875.0,东方电气,2014-12-31,2014.0,39036164758.11,四川省,
3849,600979.0,广安爱众,2014-12-31,2014.0,1513168258.17,四川省,
3850,601268.0,*ST 二重,2014-12-31,2014.0,3906898501.9,四川省,
3851,603333.0,明星电缆,2014-12-31,2014.0,606905688.63,四川省,
3852,,,,,236214933908.81,四川省 汇总,
3853,836.0,鑫茂科技,2014-12-31,2014.0,1006746184.36,天津市,
3854,2129.0,中环股份,2014-12-31,2014.0,4767842679.42,天津市,
3855,2134.0,*ST 普林,2014-12-31,2014.0,520300027.58,天津市,
3856,2337.0,赛象科技,2014-12-31,2014.0,721326326.06,天津市,
3857,2393.0,力生制药,2014-12-31,2014.0,773725673.74,天津市,
3858,2432.0,九安医疗,2014-12-31,2014.0,425451964.83,天津市,
3859,300026.0,红日药业,2014-12-31,2014.0,2863559600.43,天津市,
3860,300119.0,瑞普生物,2014-12-31,2014.0,585196983.95,天津市,
3861,300120.0,经纬电材,2014-12-31,2014.0,425020519.48,天津市,
3862,300195.0,长荣股份,2014-12-31,2014.0,956783421.64,天津市,
3863,300334.0,津膜科技,2014-12-31,2014.0,524495475.66,天津市,
3864,300407.0,凯发电气,2014-12-31,2014.0,341502553.99,天津市,
3865,600329.0,中新药业,2014-12-31,2014.0,7086879278.76,天津市,
3866,600468.0,百利电气,2014-12-31,2014.0,910529434.35,天津市,
3867,600488.0,天药股份,2014-12-31,2014.0,1388919008.97,天津市,
3868,600535.0,天士力,2014-12-31,2014.0,12566901919.13,天津市,
3869,600821.0,津劝业,2014-12-31,2014.0,611775317.83,天津市,
3870,600874.0,创业环保,2014-12-31,2014.0,1828079000.0,天津市,
3871,603019.0,中科曙光,2014-12-31,2014.0,2796751085.79,天津市,
3872,,,,,41101786455.97,天津市 汇总,
3873,2287.0,奇正藏药,2014-12-31,2014.0,950105636.33,西藏自治区,
3874,2653.0,海思科,2014-12-31,2014.0,1210595383.91,西藏自治区,
3875,600211.0,西藏药业,2014-12-31,2014.0,1668036041.63,西藏自治区,
3876,600326.0,西藏天路,2014-12-31,2014.0,1415827375.5,西藏自治区,
3877,,,,,5244564437.37,西藏自治区 汇总,
3878,813.0,天山纺织,2014-12-31,2014.0,559371797.43,新疆维吾尔自治区,
3879,877.0,天山股份,2014-12-31,2014.0,6543572553.74,新疆维吾尔自治区,
3880,2202.0,金风科技,2014-12-31,2014.0,17704218040.47,新疆维吾尔自治区,
3881,2205.0,国统股份,2014-12-31,2014.0,803447558.78,新疆维吾尔自治区,
3882,2302.0,西部建设,2014-12-31,2014.0,10211040495.81,新疆维吾尔自治区,
3883,2700.0,新疆浩源,2014-12-31,2014.0,345448024.5,新疆维吾尔自治区,
3884,600089.0,特变电工,2014-12-31,2014.0,36074756310.11,新疆维吾尔自治区,
3885,600425.0,青松建化,2014-12-31,2014.0,2731376969.45,新疆维吾尔自治区,
3886,600509.0,天富能源,2014-12-31,2014.0,3558955367.93,新疆维吾尔自治区,
3887,600545.0,新疆城建,2014-12-31,2014.0,5665001523.92,新疆维吾尔自治区,
3888,600888.0,新疆众和,2014-12-31,2014.0,5328750291.11,新疆维吾尔自治区,
3889,,,,,89525938933.25,新疆维吾尔自治区 汇总,
3890,538.0,云南白药,2014-12-31,2014.0,18814366372.74,云南省,
3891,807.0,云铝股份,2014-12-31,2014.0,19092800482.68,云南省,
3892,878.0,云南铜业,2014-12-31,2014.0,62404460871.8,云南省,
3893,903.0,云内动力,2014-12-31,2014.0,2421004698.76,云南省,
3894,960.0,锡业股份,2014-12-31,2014.0,26133649861.49,云南省,
3895,2114.0,罗平锌电,2014-12-31,2014.0,664708440.9,云南省,
3896,2428.0,云南锗业,2014-12-31,2014.0,555911067.62,云南省,
3897,2750.0,龙津药业,2014-12-31,2014.0,187402083.37,云南省,
3898,300142.0,沃森生物,2014-12-31,2014.0,719021311.05,云南省,
3899,600422.0,昆明制药,2014-12-31,2014.0,4120509150.16,云南省,
3900,600459.0,贵研铂业,2014-12-31,2014.0,6880705321.74,云南省,
3901,600806.0,昆明机床,2014-12-31,2014.0,867889305.64,云南省,
3902,600883.0,博闻科技,2014-12-31,2014.0,14844251.44,云南省,
3903,600995.0,文山电力,2014-12-31,2014.0,2016032965.18,云南省,
3904,831152.0,昆工科技,2014-12-31,2014.0,100383533.92,云南省,
3905,,,,,144993689718.49,云南省 汇总,
3906,925.0,众合机电,2014-12-31,2014.0,1767755637.94,浙江省,
3907,2001.0,新和成,2014-12-31,2014.0,4164209211.21,浙江省,
3908,2006.0,*ST 精功,2014-12-31,2014.0,901867674.65,浙江省,
3909,2011.0,盾安环境,2014-12-31,2014.0,6601451246.61,浙江省,
3910,2019.0,亿帆鑫富,2014-12-31,2014.0,1684984365.05,浙江省,
3911,2020.0,京新药业,2014-12-31,2014.0,1235496145.95,浙江省,
3912,2021.0,中捷资源,2014-12-31,2014.0,1123360375.3,浙江省,
3913,2036.0,宜科科技,2014-12-31,2014.0,402355482.51,浙江省,
3914,2050.0,三花股份,2014-12-31,2014.0,5823907652.16,浙江省,
3915,2056.0,横店东磁,2014-12-31,2014.0,3668800086.31,浙江省,
3916,2064.0,华峰氨纶,2014-12-31,2014.0,2361537482.91,浙江省,
3917,2082.0,栋梁新材,2014-12-31,2014.0,11451694093.45,浙江省,
3918,2099.0,海翔药业,2014-12-31,2014.0,1319135737.79,浙江省,
3919,2112.0,三变科技,2014-12-31,2014.0,923825119.05,浙江省,
3920,2119.0,康强电子,2014-12-31,2014.0,1328680399.71,浙江省,
3921,2122.0,天马股份,2014-12-31,2014.0,2175803152.26,浙江省,
3922,2164.0,*ST 东力,2014-12-31,2014.0,507951586.24,浙江省,
3923,2196.0,方正电机,2014-12-31,2014.0,622477103.52,浙江省,
3924,2199.0,东晶电子,2014-12-31,2014.0,309474323.81,浙江省,
3925,2203.0,海亮股份,2014-12-31,2014.0,12061447691.98,浙江省,
3926,2206.0,海利得,2014-12-31,2014.0,2286086565.25,浙江省,
3927,2214.0,大立科技,2014-12-31,2014.0,362227582.8,浙江省,
3928,2236.0,大华股份,2014-12-31,2014.0,7331881449.46,浙江省,
3929,2273.0,水晶光电,2014-12-31,2014.0,977221821.88,浙江省,
3930,2276.0,万马股份,2014-12-31,2014.0,5846950238.25,浙江省,
3931,2332.0,仙琚制药,2014-12-31,2014.0,2470533019.31,浙江省,
3932,2364.0,中恒电气,2014-12-31,2014.0,600906468.85,浙江省,
3933,2370.0,亚太药业,2014-12-31,2014.0,375601838.81,浙江省,
3934,2389.0,南洋科技,2014-12-31,2014.0,699622636.57,浙江省,
3935,2415.0,海康威视,2014-12-31,2014.0,17233114021.7,浙江省,
3936,2418.0,康盛股份,2014-12-31,2014.0,1864504844.55,浙江省,
3937,2427.0,尤夫股份,2014-12-31,2014.0,2479241169.93,浙江省,
3938,2430.0,杭氧股份,2014-12-31,2014.0,5933824004.67,浙江省,
3939,2472.0,双环传动,2014-12-31,2014.0,1266385491.96,浙江省,
3940,2473.0,圣莱达,2014-12-31,2014.0,150967864.04,浙江省,
3941,2479.0,富春环保,2014-12-31,2014.0,3730068539.57,浙江省,
3942,2493.0,荣盛石化,2014-12-31,2014.0,31810846150.01,浙江省,
3943,2508.0,老板电器,2014-12-31,2014.0,3588940098.27,浙江省,
3944,2520.0,日发精机,2014-12-31,2014.0,551638737.48,浙江省,
3945,2532.0,新界泵业,2014-12-31,2014.0,1145311661.88,浙江省,
3946,2534.0,杭锅股份,2014-12-31,2014.0,3132780679.66,浙江省,
3947,2552.0,宝鼎重工,2014-12-31,2014.0,324431926.27,浙江省,
3948,2562.0,兄弟科技,2014-12-31,2014.0,800923038.93,浙江省,
3949,2617.0,露笑科技,2014-12-31,2014.0,2648286604.16,浙江省,
3950,2633.0,申科股份,2014-12-31,2014.0,267898214.78,浙江省,
3951,2677.0,浙江美大,2014-12-31,2014.0,469607825.35,浙江省,
3952,2686.0,亿利达,2014-12-31,2014.0,690217874.27,浙江省,
3953,2730.0,电光科技,2014-12-31,2014.0,575638872.51,浙江省,
3954,200771.0,杭汽轮B,2014-12-31,2014.0,3722331920.13,浙江省,
3955,300032.0,金龙机电,2014-12-31,2014.0,1226575982.47,浙江省,
3956,300068.0,南都电源,2014-12-31,2014.0,3786361272.45,浙江省,
3957,300069.0,金利华电,2014-12-31,2014.0,207725903.81,浙江省,
3958,300076.0,GQY视讯,2014-12-31,2014.0,264328555.49,浙江省,
3959,300078.0,中瑞思创,2014-12-31,2014.0,491174772.71,浙江省,
3960,300111.0,向日葵,2014-12-31,2014.0,1643895448.79,浙江省,
3961,300118.0,东方日升,2014-12-31,2014.0,2952192280.07,浙江省,
3962,300145.0,南方泵业,2014-12-31,2014.0,1571485350.59,浙江省,
3963,300181.0,佐力药业,2014-12-31,2014.0,514926219.52,浙江省,
3964,300203.0,聚光科技,2014-12-31,2014.0,1230604394.17,浙江省,
3965,300234.0,开尔新材,2014-12-31,2014.0,505543903.07,浙江省,
3966,300256.0,星星科技,2014-12-31,2014.0,1678385760.0,浙江省,
3967,300257.0,开山股份,2014-12-31,2014.0,1995301364.78,浙江省,
3968,300270.0,中威电子,2014-12-31,2014.0,203336868.5,浙江省,
3969,300283.0,温州宏丰,2014-12-31,2014.0,668496361.35,浙江省,
3970,300306.0,远方光电,2014-12-31,2014.0,208974959.79,浙江省,
3971,300307.0,慈星股份,2014-12-31,2014.0,763534570.46,浙江省,
3972,300314.0,戴维医疗,2014-12-31,2014.0,227181354.4,浙江省,
3973,300316.0,晶盛机电,2014-12-31,2014.0,245320402.71,浙江省,
3974,300351.0,永贵电器,2014-12-31,2014.0,384067449.52,浙江省,
3975,300357.0,我武生物,2014-12-31,2014.0,239511105.85,浙江省,
3976,300360.0,炬华科技,2014-12-31,2014.0,988325039.29,浙江省,
3977,300411.0,金盾股份,2014-12-31,2014.0,308938709.57,浙江省,
3978,300412.0,迦南科技,2014-12-31,2014.0,183810026.99,浙江省,
3979,300435.0,中泰股份,2014-12-31,2014.0,432770454.1,浙江省,
3980,430685.0,新芝生物,2014-12-31,2014.0,70312634.49,浙江省,
3981,600023.0,浙能电力,2014-12-31,2014.0,44178960880.82,浙江省,
3982,600130.0,波导股份,2014-12-31,2014.0,1602779940.77,浙江省,
3983,600152.0,维科精华,2014-12-31,2014.0,1253721808.02,浙江省,
3984,600216.0,浙江医药,2014-12-31,2014.0,4832291832.46,浙江省,
3985,600261.0,阳光照明,2014-12-31,2014.0,3251187297.63,浙江省,
3986,600267.0,海正药业,2014-12-31,2014.0,10096747862.23,浙江省,
3987,600283.0,钱江水利,2014-12-31,2014.0,802979857.15,浙江省,
3988,600290.0,华仪电气,2014-12-31,2014.0,1749032238.67,浙江省,
3989,600330.0,天通股份,2014-12-31,2014.0,1168229125.99,浙江省,
3990,600366.0,宁波韵升,2014-12-31,2014.0,1435376733.2,浙江省,
3991,600460.0,士兰微,2014-12-31,2014.0,1870029299.81,浙江省,
3992,600521.0,华海药业,2014-12-31,2014.0,2584987566.73,浙江省,
3993,600526.0,菲达环保,2014-12-31,2014.0,2783375754.31,浙江省,
3994,600537.0,亿晶光电,2014-12-31,2014.0,3249278429.74,浙江省,
3995,600572.0,康恩贝,2014-12-31,2014.0,3581615546.8,浙江省,
3996,600580.0,卧龙电气,2014-12-31,2014.0,6892562214.65,浙江省,
3997,600668.0,尖峰集团,2014-12-31,2014.0,2256999844.18,浙江省,
3998,600671.0,天目药业,2014-12-31,2014.0,148727338.78,浙江省,
3999,600724.0,宁波富达,2014-12-31,2014.0,5286919051.4,浙江省,
4000,600768.0,宁波富邦,2014-12-31,2014.0,842531590.75,浙江省,
4001,600776.0,东方通信,2014-12-31,2014.0,3711605145.68,浙江省,
4002,600884.0,杉杉股份,2014-12-31,2014.0,3658990601.44,浙江省,
4003,600982.0,宁波热电,2014-12-31,2014.0,1101198907.88,浙江省,
4004,601002.0,晋亿实业,2014-12-31,2014.0,3008101238.11,浙江省,
4005,601113.0,华鼎股份,2014-12-31,2014.0,1702395202.22,浙江省,
4006,601137.0,博威合金,2014-12-31,2014.0,2853494251.56,浙江省,
4007,601177.0,杭齿前进,2014-12-31,2014.0,1765645452.57,浙江省,
4008,601233.0,桐昆股份,2014-12-31,2014.0,25094916647.0,浙江省,
4009,601567.0,三星电气,2014-12-31,2014.0,2873831011.52,浙江省,
4010,601877.0,正泰电器,2014-12-31,2014.0,12767230041.15,浙江省,
4011,603088.0,宁波精达,2014-12-31,2014.0,231871729.09,浙江省,
4012,603168.0,莎普爱思,2014-12-31,2014.0,765582438.55,浙江省,
4013,603222.0,济民制药,2014-12-31,2014.0,488305659.98,浙江省,
4014,603456.0,九洲药业,2014-12-31,2014.0,1286206766.28,浙江省,
4015,603606.0,东方电缆,2014-12-31,2014.0,1593266603.49,浙江省,
4016,603611.0,诺力股份,2014-12-31,2014.0,1205889476.4,浙江省,
4017,603799.0,华友钴业,2014-12-31,2014.0,4353330286.78,浙江省,
4018,,,,,355097482548.44,浙江省 汇总,
4019,591.0,桐君阁,2014-12-31,2014.0,4748778300.52,重庆市,
4020,788.0,北大医药,2014-12-31,2014.0,2265817535.9,重庆市,
4021,2742.0,三圣特材,2014-12-31,2014.0,1270806393.35,重庆市,
4022,300006.0,莱美药业,2014-12-31,2014.0,911801664.67,重庆市,
4023,300122.0,智飞生物,2014-12-31,2014.0,800937517.63,重庆市,
4024,300194.0,福安药业,2014-12-31,2014.0,448569652.31,重庆市,
4025,300363.0,博腾股份,2014-12-31,2014.0,987255905.8,重庆市,
4026,600116.0,三峡水利,2014-12-31,2014.0,1297834574.08,重庆市,
4027,600129.0,太极集团,2014-12-31,2014.0,6958053480.35,重庆市,
4028,600452.0,涪陵电力,2014-12-31,2014.0,1268629191.59,重庆市,
4029,600666.0,西南药业,2014-12-31,2014.0,1401720585.5,重庆市,
4030,600847.0,万里股份,2014-12-31,2014.0,236012845.52,重庆市,
4031,600877.0,中国嘉陵,2014-12-31,2014.0,1359599660.6,重庆市,
4032,600917.0,重庆燃气,2014-12-31,2014.0,5722640548.93,重庆市,
4033,601158.0,重庆水务,2014-12-31,2014.0,4136582015.11,重庆市,
4034,603100.0,川仪股份,2014-12-31,2014.0,3346260133.71,重庆市,
4035,603601.0,再升科技,2014-12-31,2014.0,213426025.86,重庆市,
4036,,,,,37374726031.43,重庆市 汇总,
4037,,,,,4910781384456.16,总计,
4038,,证券简称,统计截止日期,,,所属省份,
4039,153.0,丰原药业,2015-12-31,2015.0,1554294538.94,安徽省,
4040,521.0,美菱电器,2015-12-31,2015.0,10415829226.48,安徽省,
4041,543.0,皖能电力,2015-12-31,2015.0,11297726954.06,安徽省,
4042,630.0,铜陵有色,2015-12-31,2015.0,86896604108.22,安徽省,
4043,2171.0,楚江新材,2015-12-31,2015.0,8011222995.55,安徽省,
4044,2347.0,泰尔重工,2015-12-31,2015.0,375840131.63,安徽省,
4045,2571.0,德力股份,2015-12-31,2015.0,857577325.25,安徽省,
4046,2690.0,美亚光电,2015-12-31,2015.0,840910891.69,安徽省,
4047,300009.0,安科生物,2015-12-31,2015.0,635755075.33,安徽省,
4048,300088.0,长信科技,2015-12-31,2015.0,3986994515.51,安徽省,
4049,300090.0,盛运环保,2015-12-31,2015.0,1640325013.28,安徽省,
4050,300247.0,乐金健康,2015-12-31,2015.0,429219404.88,安徽省,
4051,300274.0,阳光电源,2015-12-31,2015.0,4569247182.81,安徽省,
4052,300452.0,山河药辅,2015-12-31,2015.0,258919172.48,安徽省,
4053,600063.0,皖维高新,2015-12-31,2015.0,3484643313.2,安徽省,
4054,600218.0,全柴动力,2015-12-31,2015.0,2856191238.85,安徽省,
4055,600237.0,铜峰电子,2015-12-31,2015.0,599572544.35,安徽省,
4056,600255.0,鑫科材料,2015-12-31,2015.0,5771955410.17,安徽省,
4057,600444.0,*ST 国通,2015-12-31,2015.0,726677296.42,安徽省,
4058,600520.0,中发科技,2015-12-31,2015.0,191636935.4,安徽省,
4059,600552.0,方兴科技,2015-12-31,2015.0,1129652717.24,安徽省,
4060,600577.0,精达股份,2015-12-31,2015.0,7740900661.82,安徽省,
4061,600585.0,海螺水泥,2015-12-31,2015.0,50976036006.0,安徽省,
4062,600761.0,安徽合力,2015-12-31,2015.0,5685681707.61,安徽省,
4063,600983.0,惠而浦,2015-12-31,2015.0,5468189389.79,安徽省,
4064,600990.0,四创电子,2015-12-31,2015.0,2498138626.02,安徽省,
4065,603011.0,合锻股份,2015-12-31,2015.0,482400018.88,安徽省,
4066,603308.0,应流股份,2015-12-31,2015.0,1345086440.77,安徽省,
4067,835892.0,中科美菱,2015-12-31,2015.0,92111076.79,安徽省,
4068,,,,,220819339919.42,安徽省 汇总,
4069,605.0,渤海股份,2015-12-31,2015.0,761240714.89,北京市,
4070,725.0,京东方A,2015-12-31,2015.0,48623732312.0,北京市,
4071,786.0,北新建材,2015-12-31,2015.0,7551178831.11,北京市,
4072,931.0,中关村,2015-12-31,2015.0,1078026319.58,北京市,
4073,938.0,紫光股份,2015-12-31,2015.0,13349904816.16,北京市,
4074,970.0,中科三环,2015-12-31,2015.0,3502345753.79,北京市,
4075,2038.0,双鹭药业,2015-12-31,2015.0,1156548151.34,北京市,
4076,2066.0,瑞泰科技,2015-12-31,2015.0,1845466915.08,北京市,
4077,2151.0,北斗星通,2015-12-31,2015.0,1107853563.95,北京市,
4078,2271.0,东方雨虹,2015-12-31,2015.0,5303990441.76,北京市,
4079,2350.0,北京科锐,2015-12-31,2015.0,1462220055.31,北京市,
4080,2362.0,汉王科技,2015-12-31,2015.0,364158918.65,北京市,
4081,2371.0,七星电子,2015-12-31,2015.0,854458663.6,北京市,
4082,2383.0,合众思壮,2015-12-31,2015.0,757069209.2,北京市,
4083,2392.0,北京利尔,2015-12-31,2015.0,1765181999.26,北京市,
4084,2658.0,雪迪龙,2015-12-31,2015.0,1002354744.32,北京市,
4085,2665.0,首航节能,2015-12-31,2015.0,1133777605.94,北京市,
4086,2738.0,中矿资源,2015-12-31,2015.0,344869233.13,北京市,
4087,2755.0,东方新星,2015-12-31,2015.0,278157189.48,北京市,
4088,300003.0,乐普医疗,2015-12-31,2015.0,2768717463.81,北京市,
4089,300016.0,北陆药业,2015-12-31,2015.0,491430959.9,北京市,
4090,300034.0,钢研高纳,2015-12-31,2015.0,709623004.69,北京市,
4091,300045.0,华力创通,2015-12-31,2015.0,414993379.69,北京市,
4092,300048.0,合康变频,2015-12-31,2015.0,807515586.8,北京市,
4093,300065.0,海兰信,2015-12-31,2015.0,327812510.49,北京市,
4094,300073.0,当升科技,2015-12-31,2015.0,860422734.73,北京市,
4095,300079.0,数码视讯,2015-12-31,2015.0,1028872281.85,北京市,
4096,300139.0,晓程科技,2015-12-31,2015.0,224086168.9,北京市,
4097,300156.0,神雾环保,2015-12-31,2015.0,1214680329.34,北京市,
4098,300204.0,舒泰神,2015-12-31,2015.0,1247891830.18,北京市,
4099,300213.0,佳讯飞鸿,2015-12-31,2015.0,1012532330.84,北京市,
4100,300223.0,北京君正,2015-12-31,2015.0,70104954.2,北京市,
4101,300282.0,汇冠股份,2015-12-31,2015.0,1635730742.83,北京市,
4102,300289.0,利德曼,2015-12-31,2015.0,681675798.36,北京市,
4103,300296.0,利亚德,2015-12-31,2015.0,2022625059.04,北京市,
4104,300318.0,博晖创新,2015-12-31,2015.0,268846009.55,北京市,
4105,300332.0,天壕环境,2015-12-31,2015.0,953430244.44,北京市,
4106,300353.0,东土科技,2015-12-31,2015.0,402553196.88,北京市,
4107,300367.0,东方网力,2015-12-31,2015.0,1016782580.04,北京市,
4108,300374.0,恒通科技,2015-12-31,2015.0,450660218.07,北京市,
4109,300406.0,九强生物,2015-12-31,2015.0,566201720.59,北京市,
4110,300430.0,诚益通,2015-12-31,2015.0,344495749.97,北京市,
4111,300444.0,双杰电气,2015-12-31,2015.0,661063317.09,北京市,
4112,300445.0,康斯特,2015-12-31,2015.0,162523640.71,北京市,
4113,300449.0,汉邦高科,2015-12-31,2015.0,479191478.69,北京市,
4114,300455.0,康拓红外,2015-12-31,2015.0,252095375.8,北京市,
4115,300456.0,耐威科技,2015-12-31,2015.0,170973900.92,北京市,
4116,300472.0,新元科技,2015-12-31,2015.0,214272084.27,北京市,
4117,300477.0,合纵科技,2015-12-31,2015.0,1117448993.36,北京市,
4118,300485.0,赛升药业,2015-12-31,2015.0,607138310.74,北京市,
4119,600008.0,首创股份,2015-12-31,2015.0,7061493505.98,北京市,
4120,600011.0,华能国际,2015-12-31,2015.0,128904872501.0,北京市,
4121,600055.0,华润万东,2015-12-31,2015.0,818218095.62,北京市,
4122,600062.0,华润双鹤,2015-12-31,2015.0,5138395401.62,北京市,
4123,600085.0,同仁堂,2015-12-31,2015.0,10808761229.94,北京市,
4124,600100.0,同方股份,2015-12-31,2015.0,28447284180.28,北京市,
4125,600118.0,中国卫星,2015-12-31,2015.0,5448380920.72,北京市,
4126,600161.0,天坛生物,2015-12-31,2015.0,1617985981.8,北京市,
4127,600176.0,中国巨石,2015-12-31,2015.0,7054787299.99,北京市,
4128,600195.0,中牧股份,2015-12-31,2015.0,4234189943.05,北京市,
4129,600198.0,大唐电信,2015-12-31,2015.0,8602588791.38,北京市,
4130,600206.0,有研新材,2015-12-31,2015.0,2589548531.13,北京市,
4131,600271.0,航天信息,2015-12-31,2015.0,22383420461.29,北京市,
4132,600288.0,大恒科技,2015-12-31,2015.0,2682026084.88,北京市,
4133,600299.0,安迪苏,2015-12-31,2015.0,15173331658.0,北京市,
4134,600361.0,华联综超,2015-12-31,2015.0,13429809356.86,北京市,
4135,600405.0,动力源,2015-12-31,2015.0,1117391901.18,北京市,
4136,600435.0,北方导航,2015-12-31,2015.0,1849322333.46,北京市,
4137,600485.0,信威集团,2015-12-31,2015.0,3574216470.39,北京市,
4138,600560.0,金自天正,2015-12-31,2015.0,536232251.14,北京市,
4139,600578.0,京能电力,2015-12-31,2015.0,10873217748.99,北京市,
4140,600582.0,天地科技,2015-12-31,2015.0,14347273535.29,北京市,
4141,600764.0,中电广通,2015-12-31,2015.0,409163405.23,北京市,
4142,600855.0,航天长峰,2015-12-31,2015.0,878934715.1,北京市,
4143,600860.0,京城股份,2015-12-31,2015.0,1076596258.89,北京市,
4144,600900.0,长江电力,2015-12-31,2015.0,24239072675.51,北京市,
4145,600980.0,北矿磁材,2015-12-31,2015.0,412065017.08,北京市,
4146,601016.0,节能风电,2015-12-31,2015.0,1359369893.54,北京市,
4147,601126.0,四方股份,2015-12-31,2015.0,3305876061.72,北京市,
4148,601558.0,华锐风电,2015-12-31,2015.0,1392711890.92,北京市,
4149,601600.0,中国铝业,2015-12-31,2015.0,123445872000.0,北京市,
4150,601908.0,京运通,2015-12-31,2015.0,1582602744.83,北京市,
4151,601985.0,中国核电,2015-12-31,2015.0,26202031122.49,北京市,
4152,601991.0,大唐发电,2015-12-31,2015.0,61890285000.0,北京市,
4153,601992.0,金隅股份,2015-12-31,2015.0,40925340861.4,北京市,
4154,603025.0,大豪科技,2015-12-31,2015.0,621726993.1,北京市,
4155,603616.0,韩建河山,2015-12-31,2015.0,607229533.98,北京市,
4156,835179.0,凯德石英,2015-12-31,2015.0,74927819.09,北京市,
4157,,,,,700545481572.19,北京市 汇总,
4158,536.0,华映科技,2015-12-31,2015.0,5433566702.65,福建省,
4159,547.0,航天发展,2015-12-31,2015.0,1122725544.57,福建省,
4160,993.0,闽东电力,2015-12-31,2015.0,910134659.88,福建省,
4161,2102.0,冠福股份,2015-12-31,2015.0,1316233434.12,福建省,
4162,2222.0,福晶科技,2015-12-31,2015.0,210560823.1,福建省,
4163,2300.0,太阳电缆,2015-12-31,2015.0,3603373823.29,福建省,
4164,2335.0,科华恒盛,2015-12-31,2015.0,1639804919.35,福建省,
4165,2396.0,星网锐捷,2015-12-31,2015.0,4516505129.95,福建省,
4166,2509.0,天广消防,2015-12-31,2015.0,691816114.11,福建省,
4167,2529.0,海源机械,2015-12-31,2015.0,230143219.1,福建省,
4168,2578.0,闽发铝业,2015-12-31,2015.0,1143636580.75,福建省,
4169,2614.0,蒙发利,2015-12-31,2015.0,2830727191.13,福建省,
4170,2639.0,雪人股份,2015-12-31,2015.0,641367065.03,福建省,
4171,2729.0,好利来,2015-12-31,2015.0,156938258.93,福建省,
4172,2785.0,万里石,2015-12-31,2015.0,642610230.32,福建省,
4173,200512.0,闽灿坤B,2015-12-31,2015.0,1968728531.55,福建省,
4174,300056.0,三维丝,2015-12-31,2015.0,688206692.7,福建省,
4175,300062.0,中能电气,2015-12-31,2015.0,730841089.89,福建省,
4176,300102.0,乾照光电,2015-12-31,2015.0,614470376.98,福建省,
4177,300341.0,麦迪电气,2015-12-31,2015.0,714032572.36,福建省,
4178,300427.0,红相电力,2015-12-31,2015.0,305254632.75,福建省,
4179,300436.0,广生堂,2015-12-31,2015.0,308923392.89,福建省,
4180,600163.0,*ST 闽能,2015-12-31,2015.0,679000018.26,福建省,
4181,600203.0,福日电子,2015-12-31,2015.0,6182667324.49,福建省,
4182,600388.0,龙净环保,2015-12-31,2015.0,7390960490.82,福建省,
4183,600436.0,片仔癀,2015-12-31,2015.0,1885674673.52,福建省,
4184,600483.0,福能股份,2015-12-31,2015.0,7157566732.64,福建省,
4185,600549.0,厦门钨业,2015-12-31,2015.0,7754840577.47,福建省,
4186,600563.0,法拉电子,2015-12-31,2015.0,1393398241.59,福建省,
4187,600592.0,龙溪股份,2015-12-31,2015.0,600160910.9,福建省,
4188,600660.0,福耀玻璃,2015-12-31,2015.0,13573495055.0,福建省,
4189,600734.0,实达集团,2015-12-31,2015.0,310337979.54,福建省,
4190,600802.0,福建水泥,2015-12-31,2015.0,1524466261.01,福建省,
4191,600815.0,厦工股份,2015-12-31,2015.0,3067939918.52,福建省,
4192,600870.0,*ST 厦华,2015-12-31,2015.0,216772844.42,福建省,
4193,603678.0,火炬电子,2015-12-31,2015.0,1084322253.2,福建省,
4194,603686.0,龙马环卫,2015-12-31,2015.0,1531999896.88,福建省,
4195,,,,,84774204163.66,福建省 汇总,
4196,672.0,上峰水泥,2015-12-31,2015.0,2025544666.48,甘肃省,
4197,791.0,甘肃电投,2015-12-31,2015.0,1325624600.11,甘肃省,
4198,2185.0,华天科技,2015-12-31,2015.0,3874017127.37,甘肃省,
4199,2644.0,佛慈制药,2015-12-31,2015.0,327584499.71,甘肃省,
4200,600192.0,长城电工,2015-12-31,2015.0,1805151541.76,甘肃省,
4201,600516.0,方大炭素,2015-12-31,2015.0,2330406290.99,甘肃省,
4202,600720.0,祁连山,2015-12-31,2015.0,4842541581.48,甘肃省,
4203,600886.0,国投电力,2015-12-31,2015.0,31279699772.91,甘肃省,
4204,601798.0,蓝科高新,2015-12-31,2015.0,735213196.3,甘肃省,
4205,603169.0,兰石重装,2015-12-31,2015.0,2465814975.5,甘肃省,
4206,,,,,51011598252.61,甘肃省 汇总,
4207,12.0,南玻A,2015-12-31,2015.0,7430889111.0,广东省,
4208,16.0,深康佳A,2015-12-31,2015.0,18395177035.98,广东省,
4209,20.0,深华发A,2015-12-31,2015.0,499455781.11,广东省,
4210,21.0,深科技,2015-12-31,2015.0,15361814755.44,广东省,
4211,23.0,深天地A,2015-12-31,2015.0,1037804110.06,广东省,
4212,27.0,深圳能源,2015-12-31,2015.0,11129982964.74,广东省,
4213,37.0,深南电A,2015-12-31,2015.0,1345018210.71,广东省,
4214,40.0,宝安地产,2015-12-31,2015.0,1665729176.07,广东省,
4215,45.0,深纺织A,2015-12-31,2015.0,1226746791.62,广东省,
4216,49.0,德赛电池,2015-12-31,2015.0,8434185180.4,广东省,
4217,50.0,深天马A,2015-12-31,2015.0,10530002724.0,广东省,
4218,60.0,中金岭南,2015-12-31,2015.0,16937923669.61,广东省,
4219,63.0,中兴通讯,2015-12-31,2015.0,100186389000.0,广东省,
4220,66.0,长城电脑,2015-12-31,2015.0,72935851650.45,广东省,
4221,70.0,特发信息,2015-12-31,2015.0,2449797414.02,广东省,
4222,100.0,TCL集团,2015-12-31,2015.0,104579482000.0,广东省,
4223,333.0,美的集团,2015-12-31,2015.0,138441226000.0,广东省,
4224,513.0,丽珠集团,2015-12-31,2015.0,6620516536.73,广东省,
4225,531.0,穗恒运A,2015-12-31,2015.0,2225944449.83,广东省,
4226,533.0,万家乐,2015-12-31,2015.0,4130364236.0,广东省,
4227,534.0,万泽股份,2015-12-31,2015.0,491810832.38,广东省,
4228,539.0,粤电力A,2015-12-31,2015.0,25723810816.0,广东省,
4229,541.0,佛山照明,2015-12-31,2015.0,2876659100.63,广东省,
4230,576.0,广东甘化,2015-12-31,2015.0,398142334.24,广东省,
4231,601.0,韶能股份,2015-12-31,2015.0,3007221779.6,广东省,
4232,636.0,风华高科,2015-12-31,2015.0,1939572498.72,广东省,
4233,651.0,格力电器,2015-12-31,2015.0,97745137194.16,广东省,
4234,685.0,中山公用,2015-12-31,2015.0,1230272341.32,广东省,
4235,690.0,宝新能源,2015-12-31,2015.0,3574114397.35,广东省,
4236,782.0,美达股份,2015-12-31,2015.0,2847103148.7,广东省,
4237,823.0,超声电子,2015-12-31,2015.0,3638894356.6,广东省,
4238,921.0,海信科龙,2015-12-31,2015.0,23471602857.98,广东省,
4239,999.0,华润三九,2015-12-31,2015.0,7900189563.61,广东省,
4240,2005.0,德豪润达,2015-12-31,2015.0,4506356886.03,广东省,
4241,2008.0,大族激光,2015-12-31,2015.0,5587344728.83,广东省,
4242,2017.0,东信和平,2015-12-31,2015.0,1439347993.07,广东省,
4243,2030.0,达安基因,2015-12-31,2015.0,1474339102.16,广东省,
4244,2031.0,巨轮智能,2015-12-31,2015.0,987583895.11,广东省,
4245,2035.0,华帝股份,2015-12-31,2015.0,3719782344.67,广东省,
4246,2045.0,国光电器,2015-12-31,2015.0,2231400561.0,广东省,
4247,2052.0,同洲电子,2015-12-31,2015.0,986323761.13,广东省,
4248,2055.0,得润电子,2015-12-31,2015.0,3037786771.55,广东省,
4249,2076.0,雪莱特,2015-12-31,2015.0,801614967.54,广东省,
4250,2106.0,莱宝高科,2015-12-31,2015.0,2423799414.6,广东省,
4251,2121.0,科陆电子,2015-12-31,2015.0,2261423352.65,广东省,
4252,2130.0,沃尔核材,2015-12-31,2015.0,1621422081.98,广东省,
4253,2137.0,麦达数字,2015-12-31,2015.0,418136133.6,广东省,
4254,2138.0,顺络电子,2015-12-31,2015.0,1319276021.49,广东省,
4255,2139.0,拓邦股份,2015-12-31,2015.0,1445954085.12,广东省,
4256,2141.0,蓉胜超微,2015-12-31,2015.0,818813641.3,广东省,
4257,2152.0,广电运通,2015-12-31,2015.0,3972941256.17,广东省,
4258,2161.0,远望谷,2015-12-31,2015.0,507283135.69,广东省,
4259,2167.0,东方锆业,2015-12-31,2015.0,564827787.84,广东省,
4260,2169.0,智光电气,2015-12-31,2015.0,1306933031.54,广东省,
4261,2177.0,御银股份,2015-12-31,2015.0,1097003512.37,广东省,
4262,2180.0,艾派克,2015-12-31,2015.0,2049020087.95,广东省,
4263,2198.0,嘉应制药,2015-12-31,2015.0,475805044.29,广东省,
4264,2209.0,达意隆,2015-12-31,2015.0,805417326.59,广东省,
4265,2218.0,拓日新能,2015-12-31,2015.0,727990395.8,广东省,
4266,2227.0,奥特迅,2015-12-31,2015.0,343762698.99,广东省,
4267,2233.0,塔牌集团,2015-12-31,2015.0,3833746836.82,广东省,
4268,2240.0,威华股份,2015-12-31,2015.0,1439845953.52,广东省,
4269,2249.0,大洋电机,2015-12-31,2015.0,4912229877.49,广东省,
4270,2256.0,彩虹精化,2015-12-31,2015.0,506255340.98,广东省,
4271,2260.0,德奥通航,2015-12-31,2015.0,654425778.81,广东省,
4272,2288.0,超华科技,2015-12-31,2015.0,1047767155.45,广东省,
4273,2289.0,宇顺电子,2015-12-31,2015.0,3380316297.59,广东省,
4274,2294.0,信立泰,2015-12-31,2015.0,3477692868.18,广东省,
4275,2295.0,精艺股份,2015-12-31,2015.0,3079018833.24,广东省,
4276,2308.0,威创股份,2015-12-31,2015.0,937146820.77,广东省,
4277,2313.0,日海通讯,2015-12-31,2015.0,2869246806.59,广东省,
4278,2317.0,众生药业,2015-12-31,2015.0,1577736593.64,广东省,
4279,2334.0,英威腾,2015-12-31,2015.0,1083362628.27,广东省,
4280,2351.0,漫步者,2015-12-31,2015.0,661471341.91,广东省,
4281,2369.0,卓翼科技,2015-12-31,2015.0,3779465102.22,广东省,
4282,2387.0,黑牛食品,2015-12-31,2015.0,430507790.86,广东省,
4283,2388.0,新亚制程,2015-12-31,2015.0,569444394.97,广东省,
4284,2399.0,海普瑞,2015-12-31,2015.0,2292299999.59,广东省,
4285,2402.0,和而泰,2015-12-31,2015.0,1110572016.89,广东省,
4286,2429.0,兆驰股份,2015-12-31,2015.0,6095877230.59,广东省,
4287,2433.0,太安堂,2015-12-31,2015.0,2371647775.65,广东省,
4288,2436.0,兴森科技,2015-12-31,2015.0,2119478903.82,广东省,
4289,2446.0,盛路通信,2015-12-31,2015.0,909799510.16,广东省,
4290,2449.0,国星光电,2015-12-31,2015.0,1838515560.42,广东省,
4291,2456.0,欧菲光,2015-12-31,2015.0,18497766559.54,广东省,
4292,2465.0,海格通信,2015-12-31,2015.0,3806579105.61,广东省,
4293,2475.0,立讯精密,2015-12-31,2015.0,10139492446.88,广东省,
4294,2512.0,达华智能,2015-12-31,2015.0,1344300828.2,广东省,
4295,2518.0,科士达,2015-12-31,2015.0,1526483093.46,广东省,
4296,2528.0,英飞拓,2015-12-31,2015.0,1813112569.9,广东省,
4297,2543.0,万和电气,2015-12-31,2015.0,4192219707.55,广东省,
4298,2551.0,尚荣医疗,2015-12-31,2015.0,1666319455.27,广东省,
4299,2577.0,雷柏科技,2015-12-31,2015.0,500281098.83,广东省,
4300,2579.0,中京电子,2015-12-31,2015.0,578592369.01,广东省,
4301,2583.0,海能达,2015-12-31,2015.0,2477556948.04,广东省,
4302,2587.0,奥拓电子,2015-12-31,2015.0,293167343.03,广东省,
4303,2600.0,江粉磁材,2015-12-31,2015.0,4869278346.61,广东省,
4304,2611.0,东方精工,2015-12-31,2015.0,1294785921.22,广东省,
4305,2618.0,丹邦科技,2015-12-31,2015.0,419038000.4,广东省,
4306,2638.0,勤上光电,2015-12-31,2015.0,849664392.81,广东省,
4307,2660.0,茂硕电源,2015-12-31,2015.0,922185556.51,广东省,
4308,2668.0,奥马电器,2015-12-31,2015.0,4702429601.92,广东省,
4309,2681.0,奋达科技,2015-12-31,2015.0,1724494519.75,广东省,
4310,2684.0,猛狮科技,2015-12-31,2015.0,550431123.86,广东省,
4311,2705.0,新宝股份,2015-12-31,2015.0,6307515932.29,广东省,
4312,2723.0,金莱特,2015-12-31,2015.0,702501125.05,广东省,
4313,2724.0,海洋王,2015-12-31,2015.0,896374775.65,广东省,
4314,2728.0,台城制药,2015-12-31,2015.0,516540038.79,广东省,
4315,2733.0,雄韬股份,2015-12-31,2015.0,2417734882.29,广东省,
4316,2745.0,木林森,2015-12-31,2015.0,3881608744.46,广东省,
4317,2757.0,南兴装备,2015-12-31,2015.0,464401948.14,广东省,
4318,2759.0,天际股份,2015-12-31,2015.0,412077390.4,广东省,
4319,2766.0,索菱股份,2015-12-31,2015.0,808528235.73,广东省,
4320,2782.0,可立克,2015-12-31,2015.0,743978449.0,广东省,
4321,2786.0,银宝山新,2015-12-31,2015.0,2401828045.71,广东省,
4322,2792.0,通宇通讯,2015-12-31,2015.0,1328549322.02,广东省,
4323,300004.0,南风股份,2015-12-31,2015.0,820028578.19,广东省,
4324,300014.0,亿纬锂能,2015-12-31,2015.0,1348932918.09,广东省,
4325,300030.0,阳普医疗,2015-12-31,2015.0,545348932.1,广东省,
4326,300042.0,朗科科技,2015-12-31,2015.0,404139890.11,广东省,
4327,300053.0,欧比特,2015-12-31,2015.0,388817482.85,广东省,
4328,300057.0,万顺股份,2015-12-31,2015.0,2193542489.28,广东省,
4329,300077.0,国民技术,2015-12-31,2015.0,560592462.98,广东省,
4330,300083.0,劲胜精密,2015-12-31,2015.0,3566693240.69,广东省,
4331,300089.0,文化长城,2015-12-31,2015.0,444932650.11,广东省,
4332,300093.0,金刚玻璃,2015-12-31,2015.0,349886473.28,广东省,
4333,300112.0,万讯自控,2015-12-31,2015.0,390165274.53,广东省,
4334,300115.0,长盈精密,2015-12-31,2015.0,3888800543.56,广东省,
4335,300124.0,汇川技术,2015-12-31,2015.0,2770529879.66,广东省,
4336,300130.0,新国都,2015-12-31,2015.0,977566389.51,广东省,
4337,300134.0,大富科技,2015-12-31,2015.0,2060760425.03,广东省,
4338,300136.0,信维通信,2015-12-31,2015.0,1299970709.91,广东省,
4339,300147.0,香雪制药,2015-12-31,2015.0,1464604842.0,广东省,
4340,300151.0,昌红科技,2015-12-31,2015.0,548715488.14,广东省,
4341,300154.0,瑞凌股份,2015-12-31,2015.0,552659572.09,广东省,
4342,300155.0,安居宝,2015-12-31,2015.0,784102304.32,广东省,
4343,300162.0,雷曼股份,2015-12-31,2015.0,380790683.12,广东省,
4344,300173.0,智慧松德,2015-12-31,2015.0,511858786.31,广东省,
4345,300177.0,中海达,2015-12-31,2015.0,637984747.25,广东省,
4346,300193.0,佳士科技,2015-12-31,2015.0,624870846.08,广东省,
4347,300199.0,翰宇药业,2015-12-31,2015.0,768263801.92,广东省,
4348,300206.0,理邦仪器,2015-12-31,2015.0,550136390.91,广东省,
4349,300207.0,欣旺达,2015-12-31,2015.0,6471558017.74,广东省,
4350,300219.0,鸿利光电,2015-12-31,2015.0,1592318301.09,广东省,
4351,300227.0,光韵达,2015-12-31,2015.0,225775923.43,广东省,
4352,300232.0,洲明科技,2015-12-31,2015.0,1306372364.28,广东省,
4353,300238.0,冠昊生物,2015-12-31,2015.0,226172526.18,广东省,
4354,300241.0,瑞丰光电,2015-12-31,2015.0,920932219.15,广东省,
4355,300246.0,宝莱特,2015-12-31,2015.0,380505475.79,广东省,
4356,300252.0,金信诺,2015-12-31,2015.0,1532239254.96,广东省,
4357,300273.0,和佳股份,2015-12-31,2015.0,791046423.69,广东省,
4358,300281.0,金明精机,2015-12-31,2015.0,313804368.53,广东省,
4359,300301.0,长方照明,2015-12-31,2015.0,1418532229.21,广东省,
4360,300303.0,聚飞光电,2015-12-31,2015.0,959484550.38,广东省,
4361,300317.0,珈伟股份,2015-12-31,2015.0,1902266125.9,广东省,
4362,300319.0,麦捷科技,2015-12-31,2015.0,678898341.21,广东省,
4363,300322.0,硕贝德,2015-12-31,2015.0,770585381.15,广东省,
4364,300335.0,迪森股份,2015-12-31,2015.0,508915984.94,广东省,
4365,300340.0,科恒股份,2015-12-31,2015.0,391328211.45,广东省,
4366,300376.0,易事特,2015-12-31,2015.0,3682385136.37,广东省,
4367,300381.0,溢多利,2015-12-31,2015.0,703472717.98,广东省,
4368,300389.0,艾比森,2015-12-31,2015.0,1013538570.32,广东省,
4369,300400.0,劲拓股份,2015-12-31,2015.0,257440510.31,广东省,
4370,300403.0,地尔汉宇,2015-12-31,2015.0,696305433.54,广东省,
4371,300408.0,三环集团,2015-12-31,2015.0,2489224909.2,广东省,
4372,300409.0,道氏技术,2015-12-31,2015.0,553563138.46,广东省,
4373,300410.0,正业科技,2015-12-31,2015.0,357083508.73,广东省,
4374,300415.0,伊之密,2015-12-31,2015.0,1188889336.67,广东省,
4375,300417.0,南华仪器,2015-12-31,2015.0,168980059.48,广东省,
4376,300438.0,鹏辉能源,2015-12-31,2015.0,878735747.28,广东省,
4377,300457.0,赢合科技,2015-12-31,2015.0,365170909.65,广东省,
4378,300458.0,全志科技,2015-12-31,2015.0,1209465496.1,广东省,
4379,300460.0,惠伦晶体,2015-12-31,2015.0,416417144.33,广东省,
4380,300476.0,胜宏科技,2015-12-31,2015.0,1284631483.77,广东省,
4381,300482.0,万孚生物,2015-12-31,2015.0,428779834.0,广东省,
4382,300484.0,蓝海华腾,2015-12-31,2015.0,309821093.73,广东省,
4383,300499.0,高澜股份,2015-12-31,2015.0,354098405.56,广东省,
4384,600098.0,广州发展,2015-12-31,2015.0,21116650727.13,广东省,
4385,600183.0,生益科技,2015-12-31,2015.0,7610234181.37,广东省,
4386,600332.0,白云山,2015-12-31,2015.0,19124658298.9,广东省,
4387,600380.0,健康元,2015-12-31,2015.0,8641891376.41,广东省,
4388,600499.0,科达洁能,2015-12-31,2015.0,3593684258.82,广东省,
4389,600518.0,康美药业,2015-12-31,2015.0,18066827952.3,广东省,
4390,600525.0,长园集团,2015-12-31,2015.0,4161853092.43,广东省,
4391,600868.0,梅雁吉祥,2015-12-31,2015.0,248499724.84,广东省,
4392,600894.0,广日股份,2015-12-31,2015.0,4825951351.96,广东省,
4393,601139.0,深圳燃气,2015-12-31,2015.0,7967467448.72,广东省,
4394,603002.0,宏昌电子,2015-12-31,2015.0,950913681.04,广东省,
4395,603118.0,共进股份,2015-12-31,2015.0,6532431316.73,广东省,
4396,603268.0,松发股份,2015-12-31,2015.0,290877153.11,广东省,
4397,603309.0,维力医疗,2015-12-31,2015.0,548871062.36,广东省,
4398,603328.0,依顿电子,2015-12-31,2015.0,2928489769.33,广东省,
4399,603838.0,四通股份,2015-12-31,2015.0,465002943.19,广东省,
4400,603936.0,博敏电子,2015-12-31,2015.0,1130254643.17,广东省,
4401,831167.0,鑫汇科,2015-12-31,2015.0,205756251.27,广东省,
4402,832110.0,雷特科技,2015-12-31,2015.0,40075954.57,广东省,
4403,832491.0,奥迪威,2015-12-31,2015.0,266840943.35,广东省,
4404,832876.0,慧为智能,2015-12-31,2015.0,297293866.0,广东省,
4405,,,,,1055966172268.06,广东省 汇总,
4406,528.0,柳工,2015-12-31,2015.0,6655815581.28,广西壮族自治区,
4407,703.0,恒逸石化,2015-12-31,2015.0,30317706675.17,广西壮族自治区,
4408,806.0,银河生物,2015-12-31,2015.0,832355954.15,广西壮族自治区,
4409,953.0,河池化工,2015-12-31,2015.0,622898214.3,广西壮族自治区,
4410,2166.0,莱茵生物,2015-12-31,2015.0,514471244.3,广西壮族自治区,
4411,2175.0,东方网络,2015-12-31,2015.0,404311352.29,广西壮族自治区,
4412,2275.0,桂林三金,2015-12-31,2015.0,1371821207.46,广西壮族自治区,
4413,600236.0,桂冠电力,2015-12-31,2015.0,10310748738.66,广西壮族自治区,
4414,600252.0,中恒集团,2015-12-31,2015.0,1343085145.79,广西壮族自治区,
4415,600310.0,桂东电力,2015-12-31,2015.0,3590603839.73,广西壮族自治区,
4416,601368.0,绿城水务,2015-12-31,2015.0,1130339898.0,广西壮族自治区,
4417,,,,,57094157851.13,广西壮族自治区 汇总,
4418,733.0,振华科技,2015-12-31,2015.0,5063571707.25,贵州省,
4419,2025.0,航天电器,2015-12-31,2015.0,1873434140.9,贵州省,
4420,2039.0,黔源电力,2015-12-31,2015.0,2699940476.0,贵州省,
4421,2390.0,信邦制药,2015-12-31,2015.0,4179756099.15,贵州省,
4422,2424.0,贵州百灵,2015-12-31,2015.0,1899087619.14,贵州省,
4423,600112.0,天成控股,2015-12-31,2015.0,670347407.0,贵州省,
4424,600145.0,*ST 新亿,2015-12-31,2015.0,3902796.13,贵州省,
4425,600227.0,赤天化,2015-12-31,2015.0,2761478183.49,贵州省,
4426,600594.0,益佰制药,2015-12-31,2015.0,3302519183.98,贵州省,
4427,,,,,22454037613.04,贵州省 汇总,
4428,566.0,海南海药,2015-12-31,2015.0,1643822641.72,海南省,
4429,657.0,中钨高新,2015-12-31,2015.0,5857396542.52,海南省,
4430,2596.0,海南瑞泽,2015-12-31,2015.0,1775285689.83,海南省,
4431,2693.0,双成药业,2015-12-31,2015.0,230970366.92,海南省,
4432,300086.0,康芝药业,2015-12-31,2015.0,409757276.55,海南省,
4433,,,,,9917232517.54,海南省 汇总,
4434,401.0,冀东水泥,2015-12-31,2015.0,11108247821.17,河北省,
4435,413.0,东旭光电,2015-12-31,2015.0,4650208448.1,河北省,
4436,600.0,建投能源,2015-12-31,2015.0,9625906980.43,河北省,
4437,687.0,华讯方舟,2015-12-31,2015.0,877867747.79,河北省,
4438,856.0,冀东装备,2015-12-31,2015.0,1415793769.08,河北省,
4439,2049.0,同方国芯,2015-12-31,2015.0,1249795034.31,河北省,
4440,2282.0,博深工具,2015-12-31,2015.0,434384399.94,河北省,
4441,2459.0,天业通联,2015-12-31,2015.0,322324822.71,河北省,
4442,2603.0,以岭药业,2015-12-31,2015.0,3184752368.65,河北省,
4443,2691.0,冀凯股份,2015-12-31,2015.0,280100283.24,河北省,
4444,300137.0,先河环保,2015-12-31,2015.0,628141200.76,河北省,
4445,300255.0,常山药业,2015-12-31,2015.0,915987229.56,河北省,
4446,300368.0,汇金股份,2015-12-31,2015.0,508923077.36,河北省,
4447,300371.0,汇中股份,2015-12-31,2015.0,212499136.12,河北省,
4448,300491.0,通合科技,2015-12-31,2015.0,185471519.45,河北省,
4449,600149.0,廊坊发展,2015-12-31,2015.0,11739456.12,河北省,
4450,600550.0,保变电气,2015-12-31,2015.0,4027432992.73,河北省,
4451,600803.0,新奥股份,2015-12-31,2015.0,5659165544.18,河北省,
4452,600812.0,华北制药,2015-12-31,2015.0,7902502297.32,河北省,
4453,835985.0,海泰新能,2015-12-31,2015.0,1038930940.73,河北省,
4454,,,,,54240175069.75,河北省 汇总,
4455,400.0,许继电气,2015-12-31,2015.0,7346300438.49,河南省,
4456,544.0,中原环保,2015-12-31,2015.0,518276888.37,河南省,
4457,612.0,焦作万方,2015-12-31,2015.0,4658342703.68,河南省,
4458,933.0,神火股份,2015-12-31,2015.0,17558221900.24,河南省,
4459,949.0,新乡化纤,2015-12-31,2015.0,3066257628.38,河南省,
4460,1896.0,豫能控股,2015-12-31,2015.0,3655524210.26,河南省,
4461,2007.0,华兰生物,2015-12-31,2015.0,1471763308.2,河南省,
4462,2046.0,轴研科技,2015-12-31,2015.0,424396030.35,河南省,
4463,2179.0,中航光电,2015-12-31,2015.0,4725196552.35,河南省,
4464,2189.0,利达光电,2015-12-31,2015.0,800497798.24,河南省,
4465,2225.0,濮耐股份,2015-12-31,2015.0,2793734998.63,河南省,
4466,2296.0,辉煌科技,2015-12-31,2015.0,566026914.58,河南省,
4467,2358.0,森源电气,2015-12-31,2015.0,1689922082.6,河南省,
4468,2535.0,林州重机,2015-12-31,2015.0,1232810249.34,河南省,
4469,2560.0,通达股份,2015-12-31,2015.0,1239539152.82,河南省,
4470,2613.0,北玻股份,2015-12-31,2015.0,904345920.61,河南省,
4471,300007.0,汉威电子,2015-12-31,2015.0,746718624.28,河南省,
4472,300064.0,豫金刚石,2015-12-31,2015.0,763212111.07,河南省,
4473,300080.0,易成新能,2015-12-31,2015.0,1708760928.06,河南省,
4474,300179.0,四方达,2015-12-31,2015.0,203261730.1,河南省,
4475,300259.0,新天科技,2015-12-31,2015.0,380486279.73,河南省,
4476,300263.0,隆华节能,2015-12-31,2015.0,1370799295.32,河南省,
4477,300480.0,光力科技,2015-12-31,2015.0,120714008.19,河南省,
4478,600172.0,黄河旋风,2015-12-31,2015.0,1816949034.99,河南省,
4479,600207.0,安彩高科,2015-12-31,2015.0,1768472089.0,河南省,
4480,600222.0,太龙药业,2015-12-31,2015.0,1017380811.81,河南省,
4481,600285.0,羚锐制药,2015-12-31,2015.0,1070767193.78,河南省,
4482,600312.0,平高电气,2015-12-31,2015.0,5830596167.55,河南省,
4483,600531.0,豫光金铅,2015-12-31,2015.0,10975218667.98,河南省,
4484,600595.0,中孚实业,2015-12-31,2015.0,9711599150.17,河南省,
4485,600810.0,神马股份,2015-12-31,2015.0,8088987117.16,河南省,
4486,600876.0,洛阳玻璃,2015-12-31,2015.0,662156635.13,河南省,
4487,601038.0,一拖股份,2015-12-31,2015.0,9299840739.37,河南省,
4488,601608.0,中信重工,2015-12-31,2015.0,4020522566.64,河南省,
4489,601677.0,明泰铝业,2015-12-31,2015.0,6281709796.68,河南省,
4490,603566.0,普莱柯,2015-12-31,2015.0,478138171.21,河南省,
4491,833580.0,科创新材,2015-12-31,2015.0,67081516.14,河南省,
4492,,,,,119034529411.5,河南省 汇总,
4493,922.0,佳电股份,2015-12-31,2015.0,1505026292.12,黑龙江省,
4494,2437.0,誉衡药业,2015-12-31,2015.0,2681225307.68,黑龙江省,
4495,2698.0,博实股份,2015-12-31,2015.0,717389683.38,黑龙江省,
4496,2737.0,葵花药业,2015-12-31,2015.0,3034770484.49,黑龙江省,
4497,300040.0,九洲电气,2015-12-31,2015.0,758767188.51,黑龙江省,
4498,300489.0,中飞股份,2015-12-31,2015.0,129178866.34,黑龙江省,
4499,600187.0,国中水务,2015-12-31,2015.0,474704839.61,黑龙江省,
4500,600202.0,哈空调,2015-12-31,2015.0,757259219.66,黑龙江省,
4501,600664.0,哈药股份,2015-12-31,2015.0,15856207778.74,黑龙江省,
4502,600726.0,华电能源,2015-12-31,2015.0,9200729691.29,黑龙江省,
4503,601106.0,中国一重,2015-12-31,2015.0,5012176479.48,黑龙江省,
4504,603023.0,威帝股份,2015-12-31,2015.0,203162962.04,黑龙江省,
4505,603567.0,珍宝岛,2015-12-31,2015.0,2073059862.24,黑龙江省,
4506,,,,,42403658655.58,黑龙江省 汇总,
4507,670.0,盈方微,2015-12-31,2015.0,344868935.62,湖北省,
4508,678.0,襄阳轴承,2015-12-31,2015.0,1252523366.0,湖北省,
4509,821.0,京山轻机,2015-12-31,2015.0,1027125790.68,湖北省,
4510,852.0,石化机械,2015-12-31,2015.0,5095526658.43,湖北省,
4511,883.0,湖北能源,2015-12-31,2015.0,7085119679.78,湖北省,
4512,939.0,凯迪生态,2015-12-31,2015.0,3495676277.6,湖北省,
4513,952.0,广济药业,2015-12-31,2015.0,560355471.96,湖北省,
4514,966.0,长源电力,2015-12-31,2015.0,6121266713.79,湖北省,
4515,988.0,华工科技,2015-12-31,2015.0,2619553081.39,湖北省,
4516,2194.0,武汉凡谷,2015-12-31,2015.0,1771183446.67,湖北省,
4517,2281.0,光迅科技,2015-12-31,2015.0,3139978743.21,湖北省,
4518,2365.0,永安药业,2015-12-31,2015.0,555893651.77,湖北省,
4519,2414.0,高德红外,2015-12-31,2015.0,632348730.13,湖北省,
4520,300018.0,中元华电,2015-12-31,2015.0,270961135.97,湖北省,
4521,300046.0,台基股份,2015-12-31,2015.0,166154459.67,湖北省,
4522,300161.0,华中数控,2015-12-31,2015.0,550736596.41,湖北省,
4523,300205.0,天喻信息,2015-12-31,2015.0,1483296003.21,湖北省,
4524,300220.0,金运激光,2015-12-31,2015.0,182904504.75,湖北省,
4525,300276.0,三丰智能,2015-12-31,2015.0,344532236.31,湖北省,
4526,300278.0,华昌达,2015-12-31,2015.0,1749708679.42,湖北省,
4527,300323.0,华灿光电,2015-12-31,2015.0,955393578.07,湖北省,
4528,300395.0,菲利华,2015-12-31,2015.0,340277085.33,湖北省,
4529,600079.0,人福医药,2015-12-31,2015.0,10053978403.03,湖北省,
4530,600168.0,武汉控股,2015-12-31,2015.0,1198673365.58,湖北省,
4531,600184.0,光电股份,2015-12-31,2015.0,2746908761.11,湖北省,
4532,600260.0,凯乐科技,2015-12-31,2015.0,3230112548.46,湖北省,
4533,600293.0,三峡新材,2015-12-31,2015.0,1007350705.74,湖北省,
4534,600345.0,长江通信,2015-12-31,2015.0,577333198.92,湖北省,
4535,600355.0,精伦电子,2015-12-31,2015.0,407924061.92,湖北省,
4536,600421.0,仰帆控股,2015-12-31,2015.0,27852365.17,湖北省,
4537,600498.0,烽火通信,2015-12-31,2015.0,13489636854.13,湖北省,
4538,600566.0,济川药业,2015-12-31,2015.0,3767836374.31,湖北省,
4539,600568.0,中珠控股,2015-12-31,2015.0,921782372.69,湖北省,
4540,600681.0,万鸿集团,2015-12-31,2015.0,17726440.52,湖北省,
4541,600703.0,三安光电,2015-12-31,2015.0,4858253802.09,湖北省,
4542,600745.0,中茵股份,2015-12-31,2015.0,716010442.89,湖北省,
4543,600769.0,祥龙电业,2015-12-31,2015.0,20768944.64,湖北省,
4544,600801.0,华新水泥,2015-12-31,2015.0,13271319219.0,湖北省,
4545,600879.0,航天电子,2015-12-31,2015.0,5609329596.54,湖北省,
4546,600885.0,宏发股份,2015-12-31,2015.0,4247837787.48,湖北省,
4547,600993.0,马应龙,2015-12-31,2015.0,1783682352.15,湖北省,
4548,601311.0,骆驼股份,2015-12-31,2015.0,5376977764.67,湖北省,
4549,835237.0,力佳科技,2015-12-31,2015.0,127649304.55,湖北省,
4550,900956.0,东贝B股,2015-12-31,2015.0,3420131010.98,湖北省,
4551,,,,,116624460502.74,湖北省 汇总,
4552,157.0,中联重科,2015-12-31,2015.0,20753346644.02,湖南省,
4553,519.0,江南红箭,2015-12-31,2015.0,1529516805.42,湖南省,
4554,590.0,*ST 古汉,2015-12-31,2015.0,294719555.1,湖南省,
4555,622.0,恒立实业,2015-12-31,2015.0,47042013.31,湖南省,
4556,722.0,湖南发展,2015-12-31,2015.0,276095856.63,湖南省,
4557,748.0,长城信息,2015-12-31,2015.0,2123931849.54,湖南省,
4558,908.0,景峰医药,2015-12-31,2015.0,2459038681.27,湖南省,
4559,989.0,九芝堂,2015-12-31,2015.0,871512680.71,湖南省,
4560,2097.0,山河智能,2015-12-31,2015.0,1456197290.49,湖南省,
4561,2297.0,博云新材,2015-12-31,2015.0,319429296.63,湖南省,
4562,2412.0,汉森制药,2015-12-31,2015.0,781127866.04,湖南省,
4563,2452.0,长高集团,2015-12-31,2015.0,663561892.35,湖南省,
4564,2523.0,天桥起重,2015-12-31,2015.0,916752947.04,湖南省,
4565,2533.0,金杯电工,2015-12-31,2015.0,3236131416.75,湖南省,
4566,2716.0,金贵银业,2015-12-31,2015.0,5788750955.62,湖南省,
4567,300035.0,中科电气,2015-12-31,2015.0,167034799.68,湖南省,
4568,300216.0,千山药机,2015-12-31,2015.0,538978399.99,湖南省,
4569,300267.0,尔康制药,2015-12-31,2015.0,1737940035.76,湖南省,
4570,300298.0,三诺生物,2015-12-31,2015.0,645500737.1,湖南省,
4571,300358.0,楚天科技,2015-12-31,2015.0,974828683.26,湖南省,
4572,300433.0,蓝思科技,2015-12-31,2015.0,17227384658.54,湖南省,
4573,300490.0,华自科技,2015-12-31,2015.0,419324527.58,湖南省,
4574,600031.0,三一重工,2015-12-31,2015.0,23366869000.0,湖南省,
4575,600416.0,湘电股份,2015-12-31,2015.0,9500412439.87,湖南省,
4576,600478.0,科力远,2015-12-31,2015.0,1124789539.71,湖南省,
4577,600479.0,千金药业,2015-12-31,2015.0,2446684074.68,湖南省,
4578,600744.0,华银电力,2015-12-31,2015.0,7406353523.56,湖南省,
4579,600961.0,株冶集团,2015-12-31,2015.0,13770698496.67,湖南省,
4580,600969.0,郴电国际,2015-12-31,2015.0,2300471516.34,湖南省,
4581,601636.0,旗滨集团,2015-12-31,2015.0,5169461537.12,湖南省,
4582,603989.0,艾华集团,2015-12-31,2015.0,1308500033.28,湖南省,
4583,603998.0,方盛制药,2015-12-31,2015.0,468558594.72,湖南省,
4584,,,,,130090946348.78,湖南省 汇总,
4585,420.0,吉林化纤,2015-12-31,2015.0,1036229679.98,吉林省,
4586,623.0,吉林敖东,2015-12-31,2015.0,2334760837.13,吉林省,
4587,661.0,长春高新,2015-12-31,2015.0,2402089641.31,吉林省,
4588,669.0,金鸿能源,2015-12-31,2015.0,2573031895.38,吉林省,
4589,766.0,通化金马,2015-12-31,2015.0,197558721.28,吉林省,
4590,875.0,吉电股份,2015-12-31,2015.0,4302021917.39,吉林省,
4591,2118.0,紫鑫药业,2015-12-31,2015.0,633260028.2,吉林省,
4592,2338.0,奥普光电,2015-12-31,2015.0,344726040.65,吉林省,
4593,2501.0,利源精制,2015-12-31,2015.0,2296793054.68,吉林省,
4594,2566.0,益盛药业,2015-12-31,2015.0,819598117.29,吉林省,
4595,2622.0,永大集团,2015-12-31,2015.0,146512178.52,吉林省,
4596,300108.0,双龙股份,2015-12-31,2015.0,678400229.03,吉林省,
4597,300396.0,迪瑞医疗,2015-12-31,2015.0,567325998.72,吉林省,
4598,600110.0,中科英华,2015-12-31,2015.0,1726466465.8,吉林省,
4599,600333.0,长春燃气,2015-12-31,2015.0,1513744497.74,吉林省,
4600,600360.0,华微电子,2015-12-31,2015.0,1300659652.87,吉林省,
4601,600432.0,吉恩镍业,2015-12-31,2015.0,3195596664.18,吉林省,
4602,600856.0,中天能源,2015-12-31,2015.0,1978953556.36,吉林省,
4603,600867.0,通化东宝,2015-12-31,2015.0,1669312448.81,吉林省,
4604,600881.0,亚泰集团,2015-12-31,2015.0,11011668975.75,吉林省,
4605,,,,,40728710601.07,吉林省 汇总,
4606,301.0,东方市场,2015-12-31,2015.0,693881946.98,江苏省,
4607,418.0,小天鹅A,2015-12-31,2015.0,13131626932.44,江苏省,
4608,421.0,南京中北,2015-12-31,2015.0,3984062027.98,江苏省,
4609,425.0,徐工机械,2015-12-31,2015.0,16657829344.69,江苏省,
4610,518.0,四环生物,2015-12-31,2015.0,237843810.2,江苏省,
4611,570.0,苏常柴A,2015-12-31,2015.0,2519799547.29,江苏省,
4612,727.0,华东科技,2015-12-31,2015.0,1156333603.79,江苏省,
4613,777.0,中核科技,2015-12-31,2015.0,1034900287.18,江苏省,
4614,816.0,智慧农业,2015-12-31,2015.0,1877193175.27,江苏省,
4615,919.0,金陵药业,2015-12-31,2015.0,3221375385.3,江苏省,
4616,936.0,华西股份,2015-12-31,2015.0,2012954085.76,江苏省,
4617,2009.0,天奇股份,2015-12-31,2015.0,2174791559.62,江苏省,
4618,2015.0,*ST 霞客,2015-12-31,2015.0,393181646.21,江苏省,
4619,2074.0,国轩高科,2015-12-31,2015.0,2745496179.29,江苏省,
4620,2077.0,大港股份,2015-12-31,2015.0,1077707890.14,江苏省,
4621,2079.0,苏州固锝,2015-12-31,2015.0,811945945.86,江苏省,
4622,2080.0,中材科技,2015-12-31,2015.0,5827586249.79,江苏省,
4623,2089.0,新海宜,2015-12-31,2015.0,1741981178.14,江苏省,
4624,2090.0,金智科技,2015-12-31,2015.0,1241388364.28,江苏省,
4625,2104.0,恒宝股份,2015-12-31,2015.0,1820661777.95,江苏省,
4626,2156.0,通富微电,2015-12-31,2015.0,2321903112.69,江苏省,
4627,2160.0,常铝股份,2015-12-31,2015.0,2537757244.85,江苏省,
4628,2172.0,澳洋科技,2015-12-31,2015.0,3808778593.35,江苏省,
4629,2182.0,云海金属,2015-12-31,2015.0,3112666530.02,江苏省,
4630,2201.0,九鼎新材,2015-12-31,2015.0,687965225.38,江苏省,
4631,2223.0,鱼跃医疗,2015-12-31,2015.0,2103737270.24,江苏省,
4632,2245.0,澳洋顺昌,2015-12-31,2015.0,1584381578.53,江苏省,
4633,2255.0,海陆重工,2015-12-31,2015.0,1498813791.52,江苏省,
4634,2262.0,恩华药业,2015-12-31,2015.0,2766567622.87,江苏省,
4635,2290.0,禾盛新材,2015-12-31,2015.0,1082339894.35,江苏省,
4636,2309.0,中利科技,2015-12-31,2015.0,12139976629.35,江苏省,
4637,2333.0,罗普斯金,2015-12-31,2015.0,1080167412.47,江苏省,
4638,2349.0,精华制药,2015-12-31,2015.0,780334010.0,江苏省,
4639,2367.0,康力电梯,2015-12-31,2015.0,3270312469.62,江苏省,
4640,2384.0,东山精密,2015-12-31,2015.0,3992874009.53,江苏省,
4641,2411.0,九九久,2015-12-31,2015.0,2023403965.84,江苏省,
4642,2413.0,雷科防务,2015-12-31,2015.0,2028542901.46,江苏省,
4643,2426.0,胜利精密,2015-12-31,2015.0,5860562868.21,江苏省,
4644,2435.0,长江润发,2015-12-31,2015.0,1064708509.87,江苏省,
4645,2438.0,江苏神通,2015-12-31,2015.0,427522273.61,江苏省,
4646,2463.0,沪电股份,2015-12-31,2015.0,3377136295.0,江苏省,
4647,2471.0,中超控股,2015-12-31,2015.0,5165378490.27,江苏省,
4648,2483.0,润邦股份,2015-12-31,2015.0,1908009915.05,江苏省,
4649,2484.0,江海股份,2015-12-31,2015.0,1091288285.12,江苏省,
4650,2491.0,通鼎互联,2015-12-31,2015.0,3608738572.12,江苏省,
4651,2499.0,科林环保,2015-12-31,2015.0,361803802.48,江苏省,
4652,2519.0,银河电子,2015-12-31,2015.0,1526340455.58,江苏省,
4653,2531.0,天顺风能,2015-12-31,2015.0,2148612456.07,江苏省,
4654,2540.0,亚太科技,2015-12-31,2015.0,2289380364.74,江苏省,
4655,2546.0,新联电子,2015-12-31,2015.0,777010224.26,江苏省,
4656,2550.0,千红制药,2015-12-31,2015.0,757051128.71,江苏省,
4657,2553.0,南方轴承,2015-12-31,2015.0,302156784.24,江苏省,
4658,2559.0,亚威股份,2015-12-31,2015.0,893304907.65,江苏省,
4659,2576.0,通达动力,2015-12-31,2015.0,858213626.98,江苏省,
4660,2608.0,*ST 舜船,2015-12-31,2015.0,14882872108.14,江苏省,
4661,2610.0,爱康科技,2015-12-31,2015.0,3215583814.84,江苏省,
4662,2623.0,亚玛顿,2015-12-31,2015.0,1092134359.47,江苏省,
4663,2635.0,安洁科技,2015-12-31,2015.0,1880430516.44,江苏省,
4664,2645.0,华宏科技,2015-12-31,2015.0,306984542.18,江苏省,
4665,2680.0,黄海机械,2015-12-31,2015.0,795515837.27,江苏省,
4666,2685.0,华东重机,2015-12-31,2015.0,1536458479.12,江苏省,
4667,2692.0,远程电缆,2015-12-31,2015.0,3052802103.43,江苏省,
4668,2747.0,埃斯顿,2015-12-31,2015.0,483144103.35,江苏省,
4669,200468.0,宁通信B,2015-12-31,2015.0,1893212218.81,江苏省,
4670,300029.0,天龙光电,2015-12-31,2015.0,130143078.68,江苏省,
4671,300091.0,金通灵,2015-12-31,2015.0,902525213.01,江苏省,
4672,300128.0,锦富新材,2015-12-31,2015.0,3154191441.31,江苏省,
4673,300141.0,和顺电气,2015-12-31,2015.0,301386449.23,江苏省,
4674,300160.0,秀强股份,2015-12-31,2015.0,1020069472.02,江苏省,
4675,300165.0,天瑞仪器,2015-12-31,2015.0,321473949.83,江苏省,
4676,300196.0,长海股份,2015-12-31,2015.0,1516064342.19,江苏省,
4677,300201.0,海伦哲,2015-12-31,2015.0,821348094.19,江苏省,
4678,300211.0,亿通科技,2015-12-31,2015.0,227020784.63,江苏省,
4679,300217.0,东方电热,2015-12-31,2015.0,942167620.0,江苏省,
4680,300228.0,富瑞特装,2015-12-31,2015.0,1303394137.58,江苏省,
4681,300260.0,新莱应材,2015-12-31,2015.0,426625097.32,江苏省,
4682,300265.0,通光线缆,2015-12-31,2015.0,979030089.9,江苏省,
4683,300279.0,和晶科技,2015-12-31,2015.0,787404364.12,江苏省,
4684,300331.0,苏大维格,2015-12-31,2015.0,365157861.21,江苏省,
4685,300337.0,银邦股份,2015-12-31,2015.0,1360709045.7,江苏省,
4686,300342.0,天银机电,2015-12-31,2015.0,533773271.43,江苏省,
4687,300346.0,南大光电,2015-12-31,2015.0,120372270.01,江苏省,
4688,300354.0,东华测试,2015-12-31,2015.0,114193767.1,江苏省,
4689,300356.0,光一科技,2015-12-31,2015.0,707673703.5,江苏省,
4690,300373.0,扬杰科技,2015-12-31,2015.0,833893445.2,江苏省,
4691,300382.0,斯莱克,2015-12-31,2015.0,348331628.77,江苏省,
4692,300385.0,雪浪环境,2015-12-31,2015.0,579539439.76,江苏省,
4693,300390.0,天华超净,2015-12-31,2015.0,460129789.66,江苏省,
4694,300393.0,中来股份,2015-12-31,2015.0,734035215.24,江苏省,
4695,300394.0,天孚通信,2015-12-31,2015.0,237030890.85,江苏省,
4696,300402.0,宝色股份,2015-12-31,2015.0,667401668.77,江苏省,
4697,300420.0,五洋科技,2015-12-31,2015.0,206712658.31,江苏省,
4698,300421.0,力星股份,2015-12-31,2015.0,478104824.73,江苏省,
4699,300447.0,全信股份,2015-12-31,2015.0,251263522.27,江苏省,
4700,300450.0,先导智能,2015-12-31,2015.0,536110765.3,江苏省,
4701,300466.0,赛摩电气,2015-12-31,2015.0,233243863.96,江苏省,
4702,600074.0,保千里,2015-12-31,2015.0,1656993467.67,江苏省,
4703,600105.0,永鼎股份,2015-12-31,2015.0,2255624411.08,江苏省,
4704,600200.0,江苏吴中,2015-12-31,2015.0,2928356222.48,江苏省,
4705,600268.0,国电南自,2015-12-31,2015.0,5585396620.35,江苏省,
4706,600276.0,恒瑞医药,2015-12-31,2015.0,9315960168.4,江苏省,
4707,600401.0,*ST 海润,2015-12-31,2015.0,6088965515.7,江苏省,
4708,600481.0,双良节能,2015-12-31,2015.0,3116452967.03,江苏省,
4709,600487.0,亨通光电,2015-12-31,2015.0,13563272683.78,江苏省,
4710,600513.0,联环药业,2015-12-31,2015.0,642432917.76,江苏省,
4711,600522.0,中天科技,2015-12-31,2015.0,16522946227.28,江苏省,
4712,600527.0,江南高纤,2015-12-31,2015.0,1490198059.41,江苏省,
4713,600557.0,康缘药业,2015-12-31,2015.0,2820446284.24,江苏省,
4714,600562.0,国睿科技,2015-12-31,2015.0,1091879654.24,江苏省,
4715,600584.0,长电科技,2015-12-31,2015.0,10807023798.6,江苏省,
4716,600775.0,南京熊猫,2015-12-31,2015.0,3613482935.5,江苏省,
4717,600854.0,春兰股份,2015-12-31,2015.0,258771329.22,江苏省,
4718,600889.0,南京化纤,2015-12-31,2015.0,1518473415.22,江苏省,
4719,600973.0,宝胜股份,2015-12-31,2015.0,12988430155.11,江苏省,
4720,601100.0,恒立油缸,2015-12-31,2015.0,1087588385.56,江苏省,
4721,601199.0,江南水务,2015-12-31,2015.0,855857611.92,江苏省,
4722,601218.0,吉鑫科技,2015-12-31,2015.0,1771712277.03,江苏省,
4723,601222.0,林洋能源,2015-12-31,2015.0,2724746640.78,江苏省,
4724,601313.0,江南嘉捷,2015-12-31,2015.0,2661269669.94,江苏省,
4725,601388.0,怡球资源,2015-12-31,2015.0,3490388949.45,江苏省,
4726,603005.0,晶方科技,2015-12-31,2015.0,575718355.28,江苏省,
4727,603355.0,莱克电气,2015-12-31,2015.0,4002744130.02,江苏省,
4728,603366.0,日出东方,2015-12-31,2015.0,2594827679.16,江苏省,
4729,603519.0,立霸股份,2015-12-31,2015.0,786738116.15,江苏省,
4730,603688.0,石英股份,2015-12-31,2015.0,408750287.34,江苏省,
4731,603699.0,纽威股份,2015-12-31,2015.0,2149882618.34,江苏省,
4732,603800.0,道森股份,2015-12-31,2015.0,590323431.83,江苏省,
4733,603988.0,中电电机,2015-12-31,2015.0,276366551.91,江苏省,
4734,831641.0,格利尔,2015-12-31,2015.0,175958689.13,江苏省,
4735,832662.0,方盛股份,2015-12-31,2015.0,109262379.21,江苏省,
4736,833914.0,远航精密,2015-12-31,2015.0,272286513.85,江苏省,
4737,834014.0,特瑞斯,2015-12-31,2015.0,246819941.72,江苏省,
4738,837046.0,亿能电力,2015-12-31,2015.0,54763888.67,江苏省,
4739,,,,,315441054959.38,江苏省 汇总,
4740,404.0,华意压缩,2015-12-31,2015.0,6856156786.29,江西省,
4741,650.0,仁和药业,2015-12-31,2015.0,2523842663.82,江西省,
4742,789.0,万年青,2015-12-31,2015.0,5583028090.77,江西省,
4743,899.0,赣能股份,2015-12-31,2015.0,2552632936.29,江西省,
4744,2176.0,江特电机,2015-12-31,2015.0,892846984.41,江西省,
4745,2378.0,章源钨业,2015-12-31,2015.0,1343837350.22,江西省,
4746,2460.0,赣锋锂业,2015-12-31,2015.0,1353924754.93,江西省,
4747,300066.0,三川股份,2015-12-31,2015.0,647047212.87,江西省,
4748,300095.0,华伍股份,2015-12-31,2015.0,566014288.05,江西省,
4749,300294.0,博雅生物,2015-12-31,2015.0,543182670.87,江西省,
4750,300453.0,三鑫医疗,2015-12-31,2015.0,311848211.72,江西省,
4751,300497.0,富祥股份,2015-12-31,2015.0,579743065.0,江西省,
4752,600071.0,*ST 光学,2015-12-31,2015.0,803232868.18,江西省,
4753,600362.0,江西铜业,2015-12-31,2015.0,185782491341.0,江西省,
4754,600363.0,联创光电,2015-12-31,2015.0,2497279949.14,江西省,
4755,600461.0,洪城水业,2015-12-31,2015.0,1617674784.28,江西省,
4756,600590.0,泰豪科技,2015-12-31,2015.0,3488096410.81,江西省,
4757,600750.0,江中药业,2015-12-31,2015.0,2597351434.13,江西省,
4758,,,,,220540231802.78,江西省 汇总,
4759,410.0,沈阳机床,2015-12-31,2015.0,6383900760.01,辽宁省,
4760,511.0,烯碳新材,2015-12-31,2015.0,1116149630.11,辽宁省,
4761,530.0,大冷股份,2015-12-31,2015.0,1607518439.61,辽宁省,
4762,585.0,东北电气,2015-12-31,2015.0,151740484.82,辽宁省,
4763,597.0,东北制药,2015-12-31,2015.0,3834432030.67,辽宁省,
4764,633.0,合金投资,2015-12-31,2015.0,44816199.75,辽宁省,
4765,692.0,惠天热电,2015-12-31,2015.0,1568992213.2,辽宁省,
4766,751.0,锌业股份,2015-12-31,2015.0,4127083536.77,辽宁省,
4767,2204.0,大连重工,2015-12-31,2015.0,7147045742.99,辽宁省,
4768,2231.0,奥维通信,2015-12-31,2015.0,389801152.84,辽宁省,
4769,2606.0,大连电瓷,2015-12-31,2015.0,608868355.29,辽宁省,
4770,2667.0,鞍重股份,2015-12-31,2015.0,161574436.42,辽宁省,
4771,2689.0,远大智能,2015-12-31,2015.0,1593370137.28,辽宁省,
4772,200706.0,瓦轴B,2015-12-31,2015.0,2300161296.48,辽宁省,
4773,300024.0,机器人,2015-12-31,2015.0,1685391508.43,辽宁省,
4774,300097.0,智云股份,2015-12-31,2015.0,421020486.87,辽宁省,
4775,300125.0,易世达,2015-12-31,2015.0,374410455.57,辽宁省,
4776,300202.0,聚龙股份,2015-12-31,2015.0,886822428.93,辽宁省,
4777,300210.0,森远股份,2015-12-31,2015.0,404424130.64,辽宁省,
4778,300293.0,蓝英装备,2015-12-31,2015.0,226194759.2,辽宁省,
4779,300372.0,欣泰电气,2015-12-31,2015.0,372311930.94,辽宁省,
4780,300473.0,德尔股份,2015-12-31,2015.0,694569353.38,辽宁省,
4781,600167.0,联美控股,2015-12-31,2015.0,757725112.29,辽宁省,
4782,600241.0,时代万恒,2015-12-31,2015.0,1463789833.71,辽宁省,
4783,600346.0,大橡塑,2015-12-31,2015.0,840703067.3,辽宁省,
4784,600396.0,金山股份,2015-12-31,2015.0,7153909825.74,辽宁省,
4785,600719.0,大连热电,2015-12-31,2015.0,684373986.22,辽宁省,
4786,600795.0,国电电力,2015-12-31,2015.0,54582558772.62,辽宁省,
4787,603315.0,福鞍股份,2015-12-31,2015.0,421156092.98,辽宁省,
4788,603318.0,派思股份,2015-12-31,2015.0,344508664.56,辽宁省,
4789,603399.0,新华龙,2015-12-31,2015.0,1614311800.35,辽宁省,
4790,,,,,103963636625.97,辽宁省 汇总,
4791,2688.0,金河生物,2015-12-31,2015.0,1250468533.75,内蒙古自治区,
4792,300049.0,福瑞股份,2015-12-31,2015.0,604191265.0,内蒙古自治区,
4793,300239.0,东宝生物,2015-12-31,2015.0,291916097.74,内蒙古自治区,
4794,600111.0,北方稀土,2015-12-31,2015.0,6548805376.24,内蒙古自治区,
4795,600201.0,生物股份,2015-12-31,2015.0,1246505844.51,内蒙古自治区,
4796,600262.0,北方股份,2015-12-31,2015.0,990334459.62,内蒙古自治区,
4797,600863.0,内蒙华电,2015-12-31,2015.0,10829352987.12,内蒙古自治区,
4798,,,,,21761574563.98,内蒙古自治区 汇总,
4799,595.0,宝塔实业,2015-12-31,2015.0,261571807.72,宁夏回族自治区,
4800,862.0,银星能源,2015-12-31,2015.0,1205176370.03,宁夏回族自治区,
4801,962.0,东方钽业,2015-12-31,2015.0,1081011526.11,宁夏回族自治区,
4802,2457.0,青龙管业,2015-12-31,2015.0,816278322.66,宁夏回族自治区,
4803,600449.0,宁夏建材,2015-12-31,2015.0,3184499513.36,宁夏回族自治区,
4804,,,,,6548537539.88,宁夏回族自治区 汇总,
4805,600243.0,青海华鼎,2015-12-31,2015.0,1158521575.46,青海省,
4806,600771.0,广誉远,2015-12-31,2015.0,428436063.73,青海省,
4807,600869.0,智慧能源,2015-12-31,2015.0,11710997672.4,青海省,
4808,,,,,13297955311.59,青海省 汇总,
4809,407.0,胜利股份,2015-12-31,2015.0,2509396736.11,山东省,
4810,423.0,东阿阿胶,2015-12-31,2015.0,5449663157.77,山东省,
4811,677.0,*ST 海龙,2015-12-31,2015.0,2070527588.63,山东省,
4812,680.0,山推股份,2015-12-31,2015.0,3770740548.52,山东省,
4813,739.0,普洛药业,2015-12-31,2015.0,4337941187.73,山东省,
4814,756.0,新华制药,2015-12-31,2015.0,3597033209.79,山东省,
4815,811.0,烟台冰轮,2015-12-31,2015.0,2869026695.44,山东省,
4816,880.0,潍柴重机,2015-12-31,2015.0,2435210479.21,山东省,
4817,915.0,山大华特,2015-12-31,2015.0,1232966348.39,山东省,
4818,977.0,浪潮信息,2015-12-31,2015.0,10123000357.68,山东省,
4819,2073.0,软控股份,2015-12-31,2015.0,2516329712.06,山东省,
4820,2088.0,鲁阳节能,2015-12-31,2015.0,1132746534.95,山东省,
4821,2107.0,沃华医药,2015-12-31,2015.0,468923668.87,山东省,
4822,2111.0,威海广泰,2015-12-31,2015.0,1323094552.5,山东省,
4823,2217.0,合力泰,2015-12-31,2015.0,4953173490.75,山东省,
4824,2237.0,恒邦股份,2015-12-31,2015.0,14144005974.74,山东省,
4825,2241.0,歌尔声学,2015-12-31,2015.0,13656025765.75,山东省,
4826,2242.0,九阳股份,2015-12-31,2015.0,7060089115.1,山东省,
4827,2248.0,华东数控,2015-12-31,2015.0,230428719.24,山东省,
4828,2254.0,泰和新材,2015-12-31,2015.0,1598481260.79,山东省,
4829,2270.0,法因数控,2015-12-31,2015.0,602919766.23,山东省,
4830,2339.0,积成电子,2015-12-31,2015.0,1285785547.23,山东省,
4831,2353.0,杰瑞股份,2015-12-31,2015.0,2826572017.2,山东省,
4832,2376.0,新北洋,2015-12-31,2015.0,1210876460.37,山东省,
4833,2379.0,鲁丰环保,2015-12-31,2015.0,1528245617.4,山东省,
4834,2382.0,蓝帆医疗,2015-12-31,2015.0,1508984686.94,山东省,
4835,2490.0,山东墨龙,2015-12-31,2015.0,1613917735.08,山东省,
4836,2498.0,汉缆股份,2015-12-31,2015.0,4171100331.63,山东省,
4837,2526.0,山东矿机,2015-12-31,2015.0,1075908394.07,山东省,
4838,2537.0,海立美达,2015-12-31,2015.0,2065079329.95,山东省,
4839,2580.0,圣阳股份,2015-12-31,2015.0,1379761642.77,山东省,
4840,2581.0,未名医药,2015-12-31,2015.0,858285722.87,山东省,
4841,2595.0,豪迈科技,2015-12-31,2015.0,2308912930.54,山东省,
4842,2598.0,山东章鼓,2015-12-31,2015.0,446135108.42,山东省,
4843,2655.0,共达电声,2015-12-31,2015.0,705260903.48,山东省,
4844,2671.0,龙泉股份,2015-12-31,2015.0,491780579.56,山东省,
4845,2675.0,东诚药业,2015-12-31,2015.0,794915779.23,山东省,
4846,300001.0,特锐德,2015-12-31,2015.0,3001981471.73,山东省,
4847,300099.0,尤洛卡,2015-12-31,2015.0,165066017.1,山东省,
4848,300105.0,龙源技术,2015-12-31,2015.0,837764720.38,山东省,
4849,300110.0,华仁药业,2015-12-31,2015.0,1105896042.13,山东省,
4850,300185.0,通裕重工,2015-12-31,2015.0,2342844230.28,山东省,
4851,300208.0,恒顺众昇,2015-12-31,2015.0,1163266236.47,山东省,
4852,300224.0,正海磁材,2015-12-31,2015.0,1365837103.09,山东省,
4853,300233.0,金城医药,2015-12-31,2015.0,1178560300.47,山东省,
4854,300308.0,中际装备,2015-12-31,2015.0,121409937.4,山东省,
4855,300391.0,康跃科技,2015-12-31,2015.0,191250584.99,山东省,
4856,300423.0,鲁亿通,2015-12-31,2015.0,314172063.96,山东省,
4857,300443.0,金雷风电,2015-12-31,2015.0,661204133.66,山东省,
4858,300479.0,神思电子,2015-12-31,2015.0,349194914.82,山东省,
4859,430476.0,海能技术,2015-12-31,2015.0,109371436.36,山东省,
4860,600027.0,华电国际,2015-12-31,2015.0,71014693000.0,山东省,
4861,600060.0,海信电器,2015-12-31,2015.0,30189986791.79,山东省,
4862,600219.0,南山铝业,2015-12-31,2015.0,13669891603.18,山东省,
4863,600336.0,澳柯玛,2015-12-31,2015.0,3606857731.55,山东省,
4864,600385.0,山东金泰,2015-12-31,2015.0,638757198.81,山东省,
4865,600529.0,山东药玻,2015-12-31,2015.0,1723207165.99,山东省,
4866,600579.0,天华院,2015-12-31,2015.0,690349197.4,山东省,
4867,600586.0,金晶科技,2015-12-31,2015.0,3324688834.25,山东省,
4868,600587.0,新华医疗,2015-12-31,2015.0,7554444251.06,山东省,
4869,600690.0,青岛海尔,2015-12-31,2015.0,89748320410.91,山东省,
4870,600789.0,鲁抗医药,2015-12-31,2015.0,2410287715.71,山东省,
4871,600898.0,三联商社,2015-12-31,2015.0,879894002.28,山东省,
4872,603021.0,山东华鹏,2015-12-31,2015.0,725924046.54,山东省,
4873,831278.0,泰德股份,2015-12-31,2015.0,121155401.23,山东省,
4874,831689.0,克莱特,2015-12-31,2015.0,201468264.7,山东省,
4875,,,,,349760992465.23,山东省 汇总,
4876,403.0,ST 生化,2015-12-31,2015.0,500269283.13,山西省,
4877,767.0,漳泽电力,2015-12-31,2015.0,9097494935.9,山西省,
4878,795.0,太原刚玉,2015-12-31,2015.0,1126805402.89,山西省,
4879,831.0,五矿稀土,2015-12-31,2015.0,459161728.59,山西省,
4880,300158.0,振东制药,2015-12-31,2015.0,2262093088.98,山西省,
4881,300254.0,仟源医药,2015-12-31,2015.0,683934855.54,山西省,
4882,300486.0,东杰智能,2015-12-31,2015.0,365652266.53,山西省,
4883,600157.0,永泰能源,2015-12-31,2015.0,10784223135.68,山西省,
4884,600169.0,太原重工,2015-12-31,2015.0,6861101805.42,山西省,
4885,600234.0,山水文化,2015-12-31,2015.0,10952570.0,山西省,
4886,600281.0,太化股份,2015-12-31,2015.0,2305578639.6,山西省,
4887,600351.0,亚宝药业,2015-12-31,2015.0,2065627072.69,山西省,
4888,600392.0,盛和资源,2015-12-31,2015.0,1098154269.97,山西省,
4889,600780.0,通宝能源,2015-12-31,2015.0,5672834463.7,山西省,
4890,,,,,43293883518.62,山西省 汇总,
4891,561.0,烽火电子,2015-12-31,2015.0,1077069574.52,陕西省,
4892,837.0,秦川机床,2015-12-31,2015.0,2548257966.03,陕西省,
4893,2149.0,西部材料,2015-12-31,2015.0,983057777.29,陕西省,
4894,2267.0,陕天然气,2015-12-31,2015.0,6787809153.94,陕西省,
4895,300023.0,宝德股份,2015-12-31,2015.0,332773585.93,陕西省,
4896,300114.0,中航电测,2015-12-31,2015.0,1024065450.63,陕西省,
4897,300116.0,坚瑞消防,2015-12-31,2015.0,581343054.45,陕西省,
4898,300140.0,启源装备,2015-12-31,2015.0,289775824.87,陕西省,
4899,300397.0,天和防务,2015-12-31,2015.0,77873802.56,陕西省,
4900,600080.0,金花股份,2015-12-31,2015.0,730144537.43,陕西省,
4901,600302.0,标准股份,2015-12-31,2015.0,642313381.57,陕西省,
4902,600343.0,航天动力,2015-12-31,2015.0,1503359938.1,陕西省,
4903,600379.0,宝光股份,2015-12-31,2015.0,608148463.03,陕西省,
4904,600456.0,宝钛股份,2015-12-31,2015.0,2142111627.54,陕西省,
4905,600707.0,彩虹股份,2015-12-31,2015.0,234899471.66,陕西省,
4906,600817.0,ST 宏盛,2015-12-31,2015.0,12042388.65,陕西省,
4907,600984.0,*ST 建机,2015-12-31,2015.0,701255899.72,陕西省,
4908,601012.0,隆基股份,2015-12-31,2015.0,5947032616.88,陕西省,
4909,601179.0,中国西电,2015-12-31,2015.0,13104431839.78,陕西省,
4910,601369.0,陕鼓动力,2015-12-31,2015.0,4221488659.11,陕西省,
4911,,,,,43549255013.69,陕西省 汇总,
4912,2022.0,科华生物,2015-12-31,2015.0,1155783343.37,上海市,
4913,2028.0,思源电气,2015-12-31,2015.0,3997420744.0,上海市,
4914,2058.0,威尔泰,2015-12-31,2015.0,97964520.85,上海市,
4915,2158.0,汉钟精机,2015-12-31,2015.0,889075633.5,上海市,
4916,2162.0,悦心健康,2015-12-31,2015.0,684202182.28,上海市,
4917,2184.0,海得控制,2015-12-31,2015.0,1741983939.9,上海市,
4918,2252.0,上海莱士,2015-12-31,2015.0,2013321629.25,上海市,
4919,2278.0,神开股份,2015-12-31,2015.0,613843585.81,上海市,
4920,2346.0,柘中股份,2015-12-31,2015.0,437572581.76,上海市,
4921,2451.0,摩恩电气,2015-12-31,2015.0,576605862.53,上海市,
4922,2506.0,协鑫集成,2015-12-31,2015.0,6283840747.55,上海市,
4923,2527.0,新时达,2015-12-31,2015.0,1507033047.45,上海市,
4924,2636.0,金安国纪,2015-12-31,2015.0,2545130287.61,上海市,
4925,2706.0,良信电器,2015-12-31,2015.0,1013049182.73,上海市,
4926,300039.0,上海凯宝,2015-12-31,2015.0,1395788575.79,上海市,
4927,300126.0,锐奇股份,2015-12-31,2015.0,557153687.87,上海市,
4928,300129.0,泰胜风能,2015-12-31,2015.0,1596976578.89,上海市,
4929,300153.0,科泰电源,2015-12-31,2015.0,817356328.89,上海市,
4930,300171.0,东富龙,2015-12-31,2015.0,1555556069.8,上海市,
4931,300222.0,科大智能,2015-12-31,2015.0,857886299.8,上海市,
4932,300272.0,开能环保,2015-12-31,2015.0,456841411.57,上海市,
4933,300286.0,安科瑞,2015-12-31,2015.0,307171457.55,上海市,
4934,300326.0,凯利泰,2015-12-31,2015.0,462885218.52,上海市,
4935,300327.0,中颖电子,2015-12-31,2015.0,411371366.56,上海市,
4936,300442.0,普丽盛,2015-12-31,2015.0,540611908.17,上海市,
4937,300462.0,华铭智能,2015-12-31,2015.0,187079574.49,上海市,
4938,300501.0,海顺新材,2015-12-31,2015.0,293978431.54,上海市,
4939,430139.0,华岭股份,2015-12-31,2015.0,107999235.24,上海市,
4940,430300.0,辰光医疗,2015-12-31,2015.0,57129545.2,上海市,
4941,600021.0,上海电力,2015-12-31,2015.0,17006343897.76,上海市,
4942,600151.0,航天机电,2015-12-31,2015.0,4039940071.25,上海市,
4943,600171.0,上海贝岭,2015-12-31,2015.0,489210169.49,上海市,
4944,600196.0,复星医药,2015-12-31,2015.0,12608648314.38,上海市,
4945,600320.0,振华重工,2015-12-31,2015.0,23272394677.0,上海市,
4946,600420.0,现代制药,2015-12-31,2015.0,2682244690.24,上海市,
4947,600490.0,鹏欣资源,2015-12-31,2015.0,1788060950.19,上海市,
4948,600530.0,交大昂立,2015-12-31,2015.0,251746181.42,上海市,
4949,600601.0,方正科技,2015-12-31,2015.0,6515669221.19,上海市,
4950,600613.0,神奇制药,2015-12-31,2015.0,1592912488.82,上海市,
4951,600617.0,国新能源,2015-12-31,2015.0,6764411646.36,上海市,
4952,600619.0,海立股份,2015-12-31,2015.0,5896255779.96,上海市,
4953,600624.0,复旦复华,2015-12-31,2015.0,717652849.6,上海市,
4954,600635.0,大众公用,2015-12-31,2015.0,4520835519.88,上海市,
4955,600642.0,申能股份,2015-12-31,2015.0,28648928419.89,上海市,
4956,600651.0,飞乐音响,2015-12-31,2015.0,5071811168.85,上海市,
4957,600680.0,上海普天,2015-12-31,2015.0,1215447340.8,上海市,
4958,600732.0,*ST 新梅,2015-12-31,2015.0,110275794.54,上海市,
4959,600781.0,辅仁药业,2015-12-31,2015.0,462059822.81,上海市,
4960,600819.0,耀皮玻璃,2015-12-31,2015.0,2747743271.77,上海市,
4961,600835.0,上海机电,2015-12-31,2015.0,19295534666.82,上海市,
4962,600841.0,上柴股份,2015-12-31,2015.0,2163184637.9,上海市,
4963,600843.0,上工申贝,2015-12-31,2015.0,2314039610.25,上海市,
4964,600851.0,海欣股份,2015-12-31,2015.0,1051820178.86,上海市,
4965,601231.0,环旭电子,2015-12-31,2015.0,21323077287.23,上海市,
4966,601616.0,广电电气,2015-12-31,2015.0,776972387.6,上海市,
4967,601727.0,上海电气,2015-12-31,2015.0,78009448000.0,上海市,
4968,603012.0,创力集团,2015-12-31,2015.0,1007113801.52,上海市,
4969,603718.0,海利生物,2015-12-31,2015.0,316577603.13,上海市,
4970,836414.0,欧普泰,2015-12-31,2015.0,13673994.85,上海市,
4971,900935.0,阳晨B股,2015-12-31,2015.0,427277979.27,上海市,
4972,,,,,286263925402.1,上海市 汇总,
4973,155.0,*ST 川化,2015-12-31,2015.0,319629405.93,四川省,
4974,584.0,友利控股,2015-12-31,2015.0,1075167684.21,四川省,
4975,586.0,汇源通信,2015-12-31,2015.0,434953768.49,四川省,
4976,593.0,大通燃气,2015-12-31,2015.0,421369385.12,四川省,
4977,598.0,兴蓉环境,2015-12-31,2015.0,3062487115.96,四川省,
4978,629.0,攀钢钒钛,2015-12-31,2015.0,11417447171.21,四川省,
4979,790.0,华神集团,2015-12-31,2015.0,463311851.93,四川省,
4980,801.0,四川九洲,2015-12-31,2015.0,3335036900.82,四川省,
4981,810.0,创维数字,2015-12-31,2015.0,4107829939.92,四川省,
4982,935.0,四川双马,2015-12-31,2015.0,1974566290.64,四川省,
4983,2259.0,升达林业,2015-12-31,2015.0,656885252.16,四川省,
4984,2272.0,川润股份,2015-12-31,2015.0,789293896.83,四川省,
4985,2366.0,台海核电,2015-12-31,2015.0,393555225.01,四川省,
4986,2422.0,科伦药业,2015-12-31,2015.0,7763339982.0,四川省,
4987,2466.0,天齐锂业,2015-12-31,2015.0,1866876668.59,四川省,
4988,2480.0,新筑股份,2015-12-31,2015.0,1053896200.94,四川省,
4989,2630.0,华西能源,2015-12-31,2015.0,3699738955.57,四川省,
4990,2651.0,利君股份,2015-12-31,2015.0,573580576.88,四川省,
4991,2773.0,康弘药业,2015-12-31,2015.0,2074352062.14,四川省,
4992,300028.0,金亚科技,2015-12-31,2015.0,248379772.55,四川省,
4993,300092.0,科新机电,2015-12-31,2015.0,235317239.55,四川省,
4994,300101.0,振芯科技,2015-12-31,2015.0,535150030.13,四川省,
4995,300127.0,银河磁体,2015-12-31,2015.0,382037875.33,四川省,
4996,300362.0,天保重装,2015-12-31,2015.0,493790412.28,四川省,
4997,300370.0,安控科技,2015-12-31,2015.0,547647049.45,四川省,
4998,300414.0,中光防雷,2015-12-31,2015.0,359772846.84,四川省,
4999,300425.0,环能科技,2015-12-31,2015.0,329557343.65,四川省,
5000,300434.0,金石东方,2015-12-31,2015.0,117112086.05,四川省,
5001,300463.0,迈克生物,2015-12-31,2015.0,1065169032.05,四川省,
5002,300470.0,日机密封,2015-12-31,2015.0,323570970.87,四川省,
5003,300471.0,厚普股份,2015-12-31,2015.0,1113196084.4,四川省,
5004,600101.0,明星电力,2015-12-31,2015.0,1267972635.64,四川省,
5005,600331.0,宏达股份,2015-12-31,2015.0,4368755786.51,四川省,
5006,600353.0,旭光股份,2015-12-31,2015.0,835014689.91,四川省,
5007,600505.0,西昌电力,2015-12-31,2015.0,836978144.05,四川省,
5008,600528.0,中铁二局,2015-12-31,2015.0,57787441748.51,四川省,
5009,600644.0,*ST 乐电,2015-12-31,2015.0,1654917369.66,四川省,
5010,600674.0,川投能源,2015-12-31,2015.0,1116591870.64,四川省,
5011,600678.0,四川金顶,2015-12-31,2015.0,52724174.32,四川省,
5012,600839.0,四川长虹,2015-12-31,2015.0,64847813147.02,四川省,
5013,600875.0,东方电气,2015-12-31,2015.0,36017943700.32,四川省,
5014,600979.0,广安爱众,2015-12-31,2015.0,1700552086.61,四川省,
5015,603333.0,明星电缆,2015-12-31,2015.0,628805296.63,四川省,
5016,833230.0,欧康医药,2015-12-31,2015.0,81572488.4,四川省,
5017,833943.0,优机股份,2015-12-31,2015.0,396235549.32,四川省,
5018,,,,,222827337765.04,四川省 汇总,
5019,836.0,鑫茂科技,2015-12-31,2015.0,1607973181.04,天津市,
5020,2129.0,中环股份,2015-12-31,2015.0,5037632680.7,天津市,
5021,2134.0,天津普林,2015-12-31,2015.0,383710271.56,天津市,
5022,2337.0,赛象科技,2015-12-31,2015.0,354219700.64,天津市,
5023,2393.0,力生制药,2015-12-31,2015.0,774782192.71,天津市,
5024,2432.0,九安医疗,2015-12-31,2015.0,397858037.29,天津市,
5025,300026.0,红日药业,2015-12-31,2015.0,3348250747.7,天津市,
5026,300119.0,瑞普生物,2015-12-31,2015.0,792834473.13,天津市,
5027,300120.0,经纬电材,2015-12-31,2015.0,507100885.87,天津市,
5028,300195.0,长荣股份,2015-12-31,2015.0,1111128597.2,天津市,
5029,300334.0,津膜科技,2015-12-31,2015.0,604620370.14,天津市,
5030,300407.0,凯发电气,2015-12-31,2015.0,423527617.59,天津市,
5031,600329.0,中新药业,2015-12-31,2015.0,7080552238.18,天津市,
5032,600468.0,百利电气,2015-12-31,2015.0,868733370.21,天津市,
5033,600488.0,天药股份,2015-12-31,2015.0,1404719888.21,天津市,
5034,600535.0,天士力,2015-12-31,2015.0,13221666800.84,天津市,
5035,600821.0,津劝业,2015-12-31,2015.0,550152011.45,天津市,
5036,600874.0,创业环保,2015-12-31,2015.0,1934206000.0,天津市,
5037,603019.0,中科曙光,2015-12-31,2015.0,3662113943.32,天津市,
5038,,,,,44065783007.78,天津市 汇总,
5039,2287.0,奇正藏药,2015-12-31,2015.0,994727830.03,西藏自治区,
5040,2653.0,海思科,2015-12-31,2015.0,1212453343.66,西藏自治区,
5041,600211.0,西藏药业,2015-12-31,2015.0,1382755815.61,西藏自治区,
5042,600326.0,西藏天路,2015-12-31,2015.0,2086969182.32,西藏自治区,
5043,603669.0,灵康药业,2015-12-31,2015.0,550644864.43,西藏自治区,
5044,,,,,6227551036.05,西藏自治区 汇总,
5045,813.0,天山纺织,2015-12-31,2015.0,510772749.97,新疆维吾尔自治区,
5046,877.0,天山股份,2015-12-31,2015.0,5046650439.49,新疆维吾尔自治区,
5047,2202.0,金风科技,2015-12-31,2015.0,30062099563.84,新疆维吾尔自治区,
5048,2205.0,国统股份,2015-12-31,2015.0,392984833.08,新疆维吾尔自治区,
5049,2302.0,西部建设,2015-12-31,2015.0,10294929193.13,新疆维吾尔自治区,
5050,2700.0,新疆浩源,2015-12-31,2015.0,422425893.12,新疆维吾尔自治区,
5051,600089.0,特变电工,2015-12-31,2015.0,37451962164.44,新疆维吾尔自治区,
5052,600425.0,青松建化,2015-12-31,2015.0,1754772942.04,新疆维吾尔自治区,
5053,600509.0,天富能源,2015-12-31,2015.0,3483969145.89,新疆维吾尔自治区,
5054,600545.0,新疆城建,2015-12-31,2015.0,4379725996.98,新疆维吾尔自治区,
5055,600888.0,新疆众和,2015-12-31,2015.0,7627439141.04,新疆维吾尔自治区,
5056,,,,,101427732063.02,新疆维吾尔自治区 汇总,
5057,538.0,云南白药,2015-12-31,2015.0,20738126205.08,云南省,
5058,807.0,云铝股份,2015-12-31,2015.0,15852310919.7,云南省,
5059,878.0,云南铜业,2015-12-31,2015.0,56655550297.82,云南省,
5060,903.0,云内动力,2015-12-31,2015.0,2831792829.5,云南省,
5061,960.0,锡业股份,2015-12-31,2015.0,31079198293.46,云南省,
5062,2114.0,罗平锌电,2015-12-31,2015.0,939090095.96,云南省,
5063,2428.0,云南锗业,2015-12-31,2015.0,402207595.17,云南省,
5064,2750.0,龙津药业,2015-12-31,2015.0,181428197.88,云南省,
5065,300142.0,沃森生物,2015-12-31,2015.0,1006027016.92,云南省,
5066,600422.0,昆药集团,2015-12-31,2015.0,4915685873.8,云南省,
5067,600459.0,贵研铂业,2015-12-31,2015.0,7742718091.31,云南省,
5068,600806.0,昆明机床,2015-12-31,2015.0,621336648.49,云南省,
5069,600883.0,博闻科技,2015-12-31,2015.0,12544578.64,云南省,
5070,600995.0,文山电力,2015-12-31,2015.0,1953837466.29,云南省,
5071,831152.0,昆工科技,2015-12-31,2015.0,119816247.82,云南省,
5072,,,,,145051670357.84,云南省 汇总,
5073,925.0,众合科技,2015-12-31,2015.0,1835300990.21,浙江省,
5074,2001.0,新和成,2015-12-31,2015.0,3822542971.63,浙江省,
5075,2006.0,精功科技,2015-12-31,2015.0,651334231.83,浙江省,
5076,2011.0,盾安环境,2015-12-31,2015.0,5858860791.94,浙江省,
5077,2019.0,亿帆鑫富,2015-12-31,2015.0,2434929765.84,浙江省,
5078,2020.0,京新药业,2015-12-31,2015.0,1415696356.95,浙江省,
5079,2021.0,中捷资源,2015-12-31,2015.0,727062211.74,浙江省,
5080,2036.0,汉麻产业,2015-12-31,2015.0,1423326736.36,浙江省,
5081,2050.0,三花股份,2015-12-31,2015.0,6160817657.55,浙江省,
5082,2056.0,横店东磁,2015-12-31,2015.0,3958288174.47,浙江省,
5083,2064.0,华峰氨纶,2015-12-31,2015.0,2547361902.85,浙江省,
5084,2082.0,栋梁新材,2015-12-31,2015.0,11572197772.35,浙江省,
5085,2099.0,海翔药业,2015-12-31,2015.0,2464495533.58,浙江省,
5086,2112.0,三变科技,2015-12-31,2015.0,928482689.59,浙江省,
5087,2119.0,康强电子,2015-12-31,2015.0,1021033968.42,浙江省,
5088,2122.0,天马股份,2015-12-31,2015.0,2098704939.4,浙江省,
5089,2164.0,宁波东力,2015-12-31,2015.0,501151616.68,浙江省,
5090,2196.0,方正电机,2015-12-31,2015.0,794417091.62,浙江省,
5091,2199.0,东晶电子,2015-12-31,2015.0,337794088.56,浙江省,
5092,2203.0,海亮股份,2015-12-31,2015.0,13590993000.74,浙江省,
5093,2206.0,海利得,2015-12-31,2015.0,2120941423.13,浙江省,
5094,2214.0,大立科技,2015-12-31,2015.0,323070811.69,浙江省,
5095,2236.0,大华股份,2015-12-31,2015.0,10077833438.49,浙江省,
5096,2273.0,水晶光电,2015-12-31,2015.0,1181557800.84,浙江省,
5097,2276.0,万马股份,2015-12-31,2015.0,6847147641.48,浙江省,
5098,2332.0,仙琚制药,2015-12-31,2015.0,2480246153.64,浙江省,
5099,2364.0,中恒电气,2015-12-31,2015.0,841829703.51,浙江省,
5100,2370.0,亚太药业,2015-12-31,2015.0,463145519.03,浙江省,
5101,2389.0,南洋科技,2015-12-31,2015.0,923366217.0,浙江省,
5102,2415.0,海康威视,2015-12-31,2015.0,25271390273.42,浙江省,
5103,2418.0,康盛股份,2015-12-31,2015.0,2179588763.49,浙江省,
5104,2427.0,尤夫股份,2015-12-31,2015.0,2005045174.14,浙江省,
5105,2430.0,杭氧股份,2015-12-31,2015.0,5939667062.54,浙江省,
5106,2472.0,双环传动,2015-12-31,2015.0,1397289063.75,浙江省,
5107,2473.0,圣莱达,2015-12-31,2015.0,105230232.64,浙江省,
5108,2479.0,富春环保,2015-12-31,2015.0,2876833464.94,浙江省,
5109,2493.0,荣盛石化,2015-12-31,2015.0,28673732758.07,浙江省,
5110,2508.0,老板电器,2015-12-31,2015.0,4542718028.2,浙江省,
5111,2520.0,日发精机,2015-12-31,2015.0,767798417.0,浙江省,
5112,2532.0,新界泵业,2015-12-31,2015.0,1146416823.56,浙江省,
5113,2534.0,杭锅股份,2015-12-31,2015.0,2619717818.12,浙江省,
5114,2552.0,宝鼎重工,2015-12-31,2015.0,323990637.27,浙江省,
5115,2562.0,兄弟科技,2015-12-31,2015.0,905290722.73,浙江省,
5116,2617.0,露笑科技,2015-12-31,2015.0,1770345667.48,浙江省,
5117,2633.0,*ST 申科,2015-12-31,2015.0,230513610.47,浙江省,
5118,2677.0,浙江美大,2015-12-31,2015.0,517877288.95,浙江省,
5119,2686.0,亿利达,2015-12-31,2015.0,799809505.95,浙江省,
5120,2730.0,电光科技,2015-12-31,2015.0,528292701.92,浙江省,
5121,2767.0,先锋电子,2015-12-31,2015.0,291147403.62,浙江省,
5122,2779.0,中坚科技,2015-12-31,2015.0,460850630.97,浙江省,
5123,200771.0,杭汽轮B,2015-12-31,2015.0,2600072151.63,浙江省,
5124,300032.0,金龙机电,2015-12-31,2015.0,3033641868.62,浙江省,
5125,300068.0,南都电源,2015-12-31,2015.0,5153126944.32,浙江省,
5126,300069.0,金利华电,2015-12-31,2015.0,213439684.31,浙江省,
5127,300076.0,GQY视讯,2015-12-31,2015.0,203519355.65,浙江省,
5128,300078.0,思创医惠,2015-12-31,2015.0,852947002.75,浙江省,
5129,300111.0,向日葵,2015-12-31,2015.0,1824241468.71,浙江省,
5130,300118.0,东方日升,2015-12-31,2015.0,5259441985.88,浙江省,
5131,300145.0,南方泵业,2015-12-31,2015.0,1948350527.23,浙江省,
5132,300181.0,佐力药业,2015-12-31,2015.0,670857129.5,浙江省,
5133,300203.0,聚光科技,2015-12-31,2015.0,1833252035.56,浙江省,
5134,300234.0,开尔新材,2015-12-31,2015.0,421162740.83,浙江省,
5135,300256.0,星星科技,2015-12-31,2015.0,3885220051.24,浙江省,
5136,300257.0,开山股份,2015-12-31,2015.0,1637867155.06,浙江省,
5137,300270.0,中威电子,2015-12-31,2015.0,252452813.12,浙江省,
5138,300283.0,温州宏丰,2015-12-31,2015.0,627864096.83,浙江省,
5139,300306.0,远方光电,2015-12-31,2015.0,184406409.51,浙江省,
5140,300307.0,慈星股份,2015-12-31,2015.0,749592373.26,浙江省,
5141,300314.0,戴维医疗,2015-12-31,2015.0,219427411.92,浙江省,
5142,300316.0,晶盛机电,2015-12-31,2015.0,591777641.67,浙江省,
5143,300351.0,永贵电器,2015-12-31,2015.0,511128439.46,浙江省,
5144,300357.0,我武生物,2015-12-31,2015.0,267105585.86,浙江省,
5145,300360.0,炬华科技,2015-12-31,2015.0,1086836362.57,浙江省,
5146,300411.0,金盾股份,2015-12-31,2015.0,335568612.49,浙江省,
5147,300412.0,迦南科技,2015-12-31,2015.0,217418447.99,浙江省,
5148,300435.0,中泰股份,2015-12-31,2015.0,462464028.35,浙江省,
5149,300439.0,美康生物,2015-12-31,2015.0,683141160.39,浙江省,
5150,300441.0,鲍斯股份,2015-12-31,2015.0,257225628.29,浙江省,
5151,300461.0,田中精机,2015-12-31,2015.0,108533947.9,浙江省,
5152,430685.0,新芝生物,2015-12-31,2015.0,61731505.99,浙江省,
5153,600023.0,浙能电力,2015-12-31,2015.0,39687933803.85,浙江省,
5154,600130.0,波导股份,2015-12-31,2015.0,1911770480.81,浙江省,
5155,600152.0,维科精华,2015-12-31,2015.0,753332686.46,浙江省,
5156,600216.0,浙江医药,2015-12-31,2015.0,4496662378.82,浙江省,
5157,600261.0,阳光照明,2015-12-31,2015.0,4257924354.6,浙江省,
5158,600267.0,海正药业,2015-12-31,2015.0,8767428140.1,浙江省,
5159,600283.0,钱江水利,2015-12-31,2015.0,804430657.57,浙江省,
5160,600290.0,华仪电气,2015-12-31,2015.0,2059884986.64,浙江省,
5161,600330.0,天通股份,2015-12-31,2015.0,1316140058.66,浙江省,
5162,600366.0,宁波韵升,2015-12-31,2015.0,1435588697.61,浙江省,
5163,600460.0,士兰微,2015-12-31,2015.0,1926414794.5,浙江省,
5164,600521.0,华海药业,2015-12-31,2015.0,3500362097.97,浙江省,
5165,600526.0,菲达环保,2015-12-31,2015.0,3384159403.87,浙江省,
5166,600537.0,亿晶光电,2015-12-31,2015.0,4918876422.1,浙江省,
5167,600572.0,康恩贝,2015-12-31,2015.0,5301970142.19,浙江省,
5168,600580.0,卧龙电气,2015-12-31,2015.0,9473632174.4,浙江省,
5169,600668.0,尖峰集团,2015-12-31,2015.0,2258534485.83,浙江省,
5170,600671.0,天目药业,2015-12-31,2015.0,94765832.55,浙江省,
5171,600724.0,宁波富达,2015-12-31,2015.0,2746493376.84,浙江省,
5172,600768.0,宁波富邦,2015-12-31,2015.0,814661108.07,浙江省,
5173,600776.0,东方通信,2015-12-31,2015.0,3565925468.23,浙江省,
5174,600884.0,杉杉股份,2015-12-31,2015.0,4302299367.13,浙江省,
5175,600982.0,宁波热电,2015-12-31,2015.0,1001798459.07,浙江省,
5176,601002.0,晋亿实业,2015-12-31,2015.0,2278105619.4,浙江省,
5177,601113.0,华鼎股份,2015-12-31,2015.0,1592187308.98,浙江省,
5178,601137.0,博威合金,2015-12-31,2015.0,2919099686.91,浙江省,
5179,601177.0,杭齿前进,2015-12-31,2015.0,1495012904.14,浙江省,
5180,601233.0,桐昆股份,2015-12-31,2015.0,21753680070.58,浙江省,
5181,601567.0,三星医疗,2015-12-31,2015.0,4158057000.63,浙江省,
5182,601877.0,正泰电器,2015-12-31,2015.0,12026466467.64,浙江省,
5183,603015.0,弘讯科技,2015-12-31,2015.0,386579159.34,浙江省,
5184,603088.0,宁波精达,2015-12-31,2015.0,189915085.85,浙江省,
5185,603168.0,莎普爱思,2015-12-31,2015.0,921670916.78,浙江省,
5186,603222.0,济民制药,2015-12-31,2015.0,448595640.9,浙江省,
5187,603311.0,金海环境,2015-12-31,2015.0,418680210.06,浙江省,
5188,603338.0,浙江鼎力,2015-12-31,2015.0,479151198.71,浙江省,
5189,603456.0,九洲药业,2015-12-31,2015.0,1444511085.13,浙江省,
5190,603520.0,司太立,2015-12-31,2015.0,695660000.85,浙江省,
5191,603606.0,东方电缆,2015-12-31,2015.0,1821592072.4,浙江省,
5192,603611.0,诺力股份,2015-12-31,2015.0,1149089039.55,浙江省,
5193,603618.0,杭电股份,2015-12-31,2015.0,3114252013.73,浙江省,
5194,603703.0,盛洋科技,2015-12-31,2015.0,360340058.6,浙江省,
5195,603789.0,星光农机,2015-12-31,2015.0,585343126.02,浙江省,
5196,603799.0,华友钴业,2015-12-31,2015.0,4029261578.8,浙江省,
5197,603901.0,永创智能,2015-12-31,2015.0,900471123.37,浙江省,
5198,603996.0,中新科技,2015-12-31,2015.0,3463163307.09,浙江省,
5199,834062.0,科润智控,2015-12-31,2015.0,190293498.29,浙江省,
5200,834639.0,晨光电缆,2015-12-31,2015.0,1804263245.09,浙江省,
5201,836270.0,天铭科技,2015-12-31,2015.0,87961515.51,浙江省,
5202,836395.0,朗鸿科技,2015-12-31,2015.0,58442983.01,浙江省,
5203,,,,,386464127112.47,浙江省 汇总,
5204,591.0,桐君阁,2015-12-31,2015.0,3630280648.13,重庆市,
5205,788.0,北大医药,2015-12-31,2015.0,2010726351.41,重庆市,
5206,2742.0,三圣特材,2015-12-31,2015.0,1410854368.25,重庆市,
5207,300006.0,莱美药业,2015-12-31,2015.0,963975193.09,重庆市,
5208,300122.0,智飞生物,2015-12-31,2015.0,712738059.09,重庆市,
5209,300194.0,福安药业,2015-12-31,2015.0,708096042.52,重庆市,
5210,300363.0,博腾股份,2015-12-31,2015.0,1021209221.41,重庆市,
5211,600116.0,三峡水利,2015-12-31,2015.0,1315752891.93,重庆市,
5212,600129.0,太极集团,2015-12-31,2015.0,7164633000.93,重庆市,
5213,600452.0,涪陵电力,2015-12-31,2015.0,1249963933.38,重庆市,
5214,600666.0,奥瑞德,2015-12-31,2015.0,1150836949.17,重庆市,
5215,600847.0,万里股份,2015-12-31,2015.0,248876496.47,重庆市,
5216,600877.0,中国嘉陵,2015-12-31,2015.0,1062691918.4,重庆市,
5217,600917.0,重庆燃气,2015-12-31,2015.0,5926225839.47,重庆市,
5218,601158.0,重庆水务,2015-12-31,2015.0,4488098717.55,重庆市,
5219,603100.0,川仪股份,2015-12-31,2015.0,3155352101.65,重庆市,
5220,603601.0,再升科技,2015-12-31,2015.0,233623372.88,重庆市,
5221,,,,,36453935105.73,重庆市 汇总,
5222,,,,,5052643888398.22,总计,
5223,,证券简称,统计截止日期,,,所属省份,
5224,153.0,丰原药业,2016-12-31,2016.0,2033683395.7,安徽省,
5225,521.0,美菱电器,2016-12-31,2016.0,12526710867.49,安徽省,
5226,543.0,皖能电力,2016-12-31,2016.0,10633470914.99,安徽省,
5227,630.0,铜陵有色,2016-12-31,2016.0,86674103277.75,安徽省,
5228,2171.0,楚江新材,2016-12-31,2016.0,7918467450.55,安徽省,
5229,2347.0,泰尔股份,2016-12-31,2016.0,366846800.17,安徽省,
5230,2571.0,德力股份,2016-12-31,2016.0,871904291.2,安徽省,
5231,2690.0,美亚光电,2016-12-31,2016.0,901173625.04,安徽省,
5232,2817.0,黄山胶囊,2016-12-31,2016.0,283435099.08,安徽省,
5233,300009.0,安科生物,2016-12-31,2016.0,849216434.07,安徽省,
5234,300088.0,长信科技,2016-12-31,2016.0,8541662085.06,安徽省,
5235,300090.0,盛运环保,2016-12-31,2016.0,1572382068.0,安徽省,
5236,300247.0,乐金健康,2016-12-31,2016.0,600297209.91,安徽省,
5237,300274.0,阳光电源,2016-12-31,2016.0,6003662456.2,安徽省,
5238,300452.0,山河药辅,2016-12-31,2016.0,286403295.82,安徽省,
5239,300595.0,欧普康视,2016-12-31,2016.0,235018663.61,安徽省,
5240,600063.0,皖维高新,2016-12-31,2016.0,3543435736.49,安徽省,
5241,600218.0,全柴动力,2016-12-31,2016.0,2980986958.97,安徽省,
5242,600237.0,铜峰电子,2016-12-31,2016.0,590501404.36,安徽省,
5243,600255.0,鑫科材料,2016-12-31,2016.0,5141519952.8,安徽省,
5244,600444.0,国机通用,2016-12-31,2016.0,669090113.76,安徽省,
5245,600520.0,*ST 中发,2016-12-31,2016.0,213959248.16,安徽省,
5246,600552.0,凯盛科技,2016-12-31,2016.0,3106645158.96,安徽省,
5247,600577.0,精达股份,2016-12-31,2016.0,8139067471.34,安徽省,
5248,600585.0,海螺水泥,2016-12-31,2016.0,55931900959.0,安徽省,
5249,600761.0,安徽合力,2016-12-31,2016.0,6200619037.73,安徽省,
5250,600983.0,惠而浦,2016-12-31,2016.0,6773818827.92,安徽省,
5251,600990.0,四创电子,2016-12-31,2016.0,3982768804.17,安徽省,
5252,603011.0,合锻智能,2016-12-31,2016.0,649707108.2,安徽省,
5253,603308.0,应流股份,2016-12-31,2016.0,1275419863.73,安徽省,
5254,603689.0,皖天然气,2016-12-31,2016.0,2155499726.18,安徽省,
5255,831856.0,浩淼科技,2016-12-31,2016.0,301801000.46,安徽省,
5256,833994.0,翰博高新,2016-12-31,2016.0,1967009812.52,安徽省,
5257,835892.0,中科美菱,2016-12-31,2016.0,93528664.17,安徽省,
5258,870357.0,雅葆轩,2016-12-31,2016.0,42225146.07,安徽省,
5259,,,,,244057942929.63,安徽省 汇总,
5260,605.0,渤海股份,2016-12-31,2016.0,798784319.58,北京市,
5261,725.0,京东方A,2016-12-31,2016.0,68895658963.0,北京市,
5262,786.0,北新建材,2016-12-31,2016.0,8156079146.06,北京市,
5263,931.0,中关村,2016-12-31,2016.0,1478567357.37,北京市,
5264,938.0,紫光股份,2016-12-31,2016.0,27709709064.34,北京市,
5265,970.0,中科三环,2016-12-31,2016.0,3540901424.98,北京市,
5266,2038.0,双鹭药业,2016-12-31,2016.0,1009847413.87,北京市,
5267,2066.0,瑞泰科技,2016-12-31,2016.0,1755377466.75,北京市,
5268,2151.0,北斗星通,2016-12-31,2016.0,1617188641.83,北京市,
5269,2271.0,东方雨虹,2016-12-31,2016.0,7000232779.37,北京市,
5270,2350.0,北京科锐,2016-12-31,2016.0,1776594263.26,北京市,
5271,2362.0,汉王科技,2016-12-31,2016.0,415626507.81,北京市,
5272,2371.0,七星电子,2016-12-31,2016.0,1622387417.9,北京市,
5273,2383.0,合众思壮,2016-12-31,2016.0,1170283594.44,北京市,
5274,2392.0,北京利尔,2016-12-31,2016.0,1879412512.39,北京市,
5275,2658.0,雪迪龙,2016-12-31,2016.0,998118989.39,北京市,
5276,2665.0,首航节能,2016-12-31,2016.0,894964591.87,北京市,
5277,2738.0,中矿资源,2016-12-31,2016.0,359344881.45,北京市,
5278,2755.0,东方新星,2016-12-31,2016.0,178357925.41,北京市,
5279,2829.0,星网宇达,2016-12-31,2016.0,277407573.94,北京市,
5280,300003.0,乐普医疗,2016-12-31,2016.0,3467748233.68,北京市,
5281,300016.0,北陆药业,2016-12-31,2016.0,498860618.53,北京市,
5282,300034.0,钢研高纳,2016-12-31,2016.0,681427926.19,北京市,
5283,300045.0,华力创通,2016-12-31,2016.0,418541969.24,北京市,
5284,300048.0,合康新能,2016-12-31,2016.0,1417391175.35,北京市,
5285,300065.0,海兰信,2016-12-31,2016.0,716569929.16,北京市,
5286,300073.0,当升科技,2016-12-31,2016.0,1334546618.99,北京市,
5287,300079.0,数码视讯,2016-12-31,2016.0,1474848649.35,北京市,
5288,300139.0,晓程科技,2016-12-31,2016.0,225219028.47,北京市,
5289,300156.0,神雾环保,2016-12-31,2016.0,3125095692.33,北京市,
5290,300204.0,舒泰神,2016-12-31,2016.0,1403317053.41,北京市,
5291,300213.0,佳讯飞鸿,2016-12-31,2016.0,1048354843.35,北京市,
5292,300223.0,北京君正,2016-12-31,2016.0,111685840.09,北京市,
5293,300282.0,汇冠股份,2016-12-31,2016.0,1696184817.07,北京市,
5294,300289.0,利德曼,2016-12-31,2016.0,533391826.12,北京市,
5295,300296.0,利亚德,2016-12-31,2016.0,4377935243.28,北京市,
5296,300318.0,博晖创新,2016-12-31,2016.0,404048600.24,北京市,
5297,300332.0,天壕环境,2016-12-31,2016.0,1688224239.74,北京市,
5298,300353.0,东土科技,2016-12-31,2016.0,661805588.03,北京市,
5299,300367.0,东方网力,2016-12-31,2016.0,1481246892.74,北京市,
5300,300374.0,恒通科技,2016-12-31,2016.0,829676426.85,北京市,
5301,300406.0,九强生物,2016-12-31,2016.0,667402749.65,北京市,
5302,300430.0,诚益通,2016-12-31,2016.0,373059156.35,北京市,
5303,300444.0,双杰电气,2016-12-31,2016.0,998480327.89,北京市,
5304,300445.0,康斯特,2016-12-31,2016.0,176102463.5,北京市,
5305,300449.0,汉邦高科,2016-12-31,2016.0,553431373.68,北京市,
5306,300455.0,康拓红外,2016-12-31,2016.0,283626915.6,北京市,
5307,300456.0,耐威科技,2016-12-31,2016.0,336955805.93,北京市,
5308,300472.0,新元科技,2016-12-31,2016.0,219082696.88,北京市,
5309,300477.0,合纵科技,2016-12-31,2016.0,1261973945.44,北京市,
5310,300485.0,赛升药业,2016-12-31,2016.0,616238487.47,北京市,
5311,300593.0,新雷能,2016-12-31,2016.0,348647283.26,北京市,
5312,430047.0,诺思兰德,2016-12-31,2016.0,10328617.94,北京市,
5313,600008.0,首创股份,2016-12-31,2016.0,7912040561.96,北京市,
5314,600011.0,华能国际,2016-12-31,2016.0,113814235972.0,北京市,
5315,600055.0,万东医疗,2016-12-31,2016.0,813400702.36,北京市,
5316,600062.0,华润双鹤,2016-12-31,2016.0,5494803869.14,北京市,
5317,600085.0,同仁堂,2016-12-31,2016.0,12090740122.2,北京市,
5318,600100.0,同方股份,2016-12-31,2016.0,27174336861.87,北京市,
5319,600118.0,中国卫星,2016-12-31,2016.0,6337264554.55,北京市,
5320,600161.0,天坛生物,2016-12-31,2016.0,2095734301.96,北京市,
5321,600176.0,中国巨石,2016-12-31,2016.0,7446333673.92,北京市,
5322,600195.0,中牧股份,2016-12-31,2016.0,3973870435.72,北京市,
5323,600198.0,大唐电信,2016-12-31,2016.0,7229672814.11,北京市,
5324,600206.0,有研新材,2016-12-31,2016.0,3807978100.03,北京市,
5325,600271.0,航天信息,2016-12-31,2016.0,25613776557.12,北京市,
5326,600288.0,大恒科技,2016-12-31,2016.0,2686413993.59,北京市,
5327,600299.0,安迪苏,2016-12-31,2016.0,10688263140.0,北京市,
5328,600361.0,华联综超,2016-12-31,2016.0,12358210319.8,北京市,
5329,600405.0,动力源,2016-12-31,2016.0,1277857631.81,北京市,
5330,600435.0,北方导航,2016-12-31,2016.0,2002730978.07,北京市,
5331,600485.0,信威集团,2016-12-31,2016.0,3087968844.13,北京市,
5332,600560.0,金自天正,2016-12-31,2016.0,465085990.47,北京市,
5333,600578.0,京能电力,2016-12-31,2016.0,11113340675.78,北京市,
5334,600582.0,天地科技,2016-12-31,2016.0,12936846376.17,北京市,
5335,600764.0,中电广通,2016-12-31,2016.0,273519357.33,北京市,
5336,600855.0,航天长峰,2016-12-31,2016.0,1133253405.89,北京市,
5337,600860.0,京城股份,2016-12-31,2016.0,889525250.25,北京市,
5338,600900.0,长江电力,2016-12-31,2016.0,48939388714.62,北京市,
5339,600980.0,北矿科技,2016-12-31,2016.0,397827369.67,北京市,
5340,601016.0,节能风电,2016-12-31,2016.0,1415192368.08,北京市,
5341,601126.0,四方股份,2016-12-31,2016.0,3139209646.55,北京市,
5342,601558.0,华锐风电,2016-12-31,2016.0,944658761.06,北京市,
5343,601600.0,中国铝业,2016-12-31,2016.0,144065518000.0,北京市,
5344,601908.0,京运通,2016-12-31,2016.0,1812992135.52,北京市,
5345,601985.0,中国核电,2016-12-31,2016.0,30008741670.83,北京市,
5346,601991.0,大唐发电,2016-12-31,2016.0,59124319000.0,北京市,
5347,601992.0,金隅股份,2016-12-31,2016.0,47738772726.96,北京市,
5348,603025.0,大豪科技,2016-12-31,2016.0,689539575.09,北京市,
5349,603616.0,韩建河山,2016-12-31,2016.0,696161509.21,北京市,
5350,603986.0,兆易创新,2016-12-31,2016.0,1488948172.02,北京市,
5351,835179.0,凯德石英,2016-12-31,2016.0,82896256.01,北京市,
5352,,,,,788237666266.66,北京市 汇总,
5353,536.0,华映科技,2016-12-31,2016.0,4435992658.06,福建省,
5354,547.0,航天发展,2016-12-31,2016.0,2042099952.94,福建省,
5355,993.0,闽东电力,2016-12-31,2016.0,645414443.3,福建省,
5356,2102.0,冠福股份,2016-12-31,2016.0,887206948.8,福建省,
5357,2222.0,福晶科技,2016-12-31,2016.0,308168184.88,福建省,
5358,2300.0,太阳电缆,2016-12-31,2016.0,3479301279.19,福建省,
5359,2335.0,科华恒盛,2016-12-31,2016.0,1704614203.58,福建省,
5360,2396.0,星网锐捷,2016-12-31,2016.0,5687658283.03,福建省,
5361,2509.0,天广中茂,2016-12-31,2016.0,2381989496.26,福建省,
5362,2529.0,海源机械,2016-12-31,2016.0,205213107.36,福建省,
5363,2578.0,闽发铝业,2016-12-31,2016.0,1042196843.24,福建省,
5364,2614.0,蒙发利,2016-12-31,2016.0,3451383192.65,福建省,
5365,2639.0,雪人股份,2016-12-31,2016.0,811128345.02,福建省,
5366,2729.0,好利来,2016-12-31,2016.0,153781872.13,福建省,
5367,2785.0,万里石,2016-12-31,2016.0,873443922.15,福建省,
5368,200512.0,闽灿坤B,2016-12-31,2016.0,1813281222.42,福建省,
5369,300056.0,三维丝,2016-12-31,2016.0,948059057.56,福建省,
5370,300062.0,中能电气,2016-12-31,2016.0,1000206118.0,福建省,
5371,300102.0,乾照光电,2016-12-31,2016.0,1149632814.1,福建省,
5372,300341.0,麦迪电气,2016-12-31,2016.0,731874211.37,福建省,
5373,300427.0,红相电力,2016-12-31,2016.0,410557480.83,福建省,
5374,300436.0,广生堂,2016-12-31,2016.0,312882593.35,福建省,
5375,600163.0,中闽能源,2016-12-31,2016.0,394217439.29,福建省,
5376,600203.0,福日电子,2016-12-31,2016.0,7096127235.87,福建省,
5377,600388.0,龙净环保,2016-12-31,2016.0,8023539922.96,福建省,
5378,600436.0,片仔癀,2016-12-31,2016.0,2308954269.71,福建省,
5379,600483.0,福能股份,2016-12-31,2016.0,6361710631.93,福建省,
5380,600549.0,厦门钨业,2016-12-31,2016.0,8528390662.6,福建省,
5381,600563.0,法拉电子,2016-12-31,2016.0,1521163634.18,福建省,
5382,600592.0,龙溪股份,2016-12-31,2016.0,612120961.95,福建省,
5383,600660.0,福耀玻璃,2016-12-31,2016.0,16621336273.0,福建省,
5384,600734.0,实达集团,2016-12-31,2016.0,4232988543.77,福建省,
5385,600802.0,福建水泥,2016-12-31,2016.0,1323317261.63,福建省,
5386,600815.0,厦工股份,2016-12-31,2016.0,3241039805.84,福建省,
5387,600870.0,厦华电子,2016-12-31,2016.0,372972728.82,福建省,
5388,603663.0,三祥新材,2016-12-31,2016.0,277670389.85,福建省,
5389,603678.0,火炬电子,2016-12-31,2016.0,1502517830.4,福建省,
5390,603686.0,龙马环卫,2016-12-31,2016.0,2218273286.64,福建省,
5391,603817.0,海峡环保,2016-12-31,2016.0,330302235.14,福建省,
5392,,,,,99442729343.8,福建省 汇总,
5393,672.0,上峰水泥,2016-12-31,2016.0,2916064691.92,甘肃省,
5394,791.0,甘肃电投,2016-12-31,2016.0,1591536891.26,甘肃省,
5395,2185.0,华天科技,2016-12-31,2016.0,5475027849.36,甘肃省,
5396,2644.0,佛慈制药,2016-12-31,2016.0,363255420.48,甘肃省,
5397,300534.0,陇神戎发,2016-12-31,2016.0,269681016.1,甘肃省,
5398,600192.0,长城电工,2016-12-31,2016.0,1816085979.48,甘肃省,
5399,600516.0,方大炭素,2016-12-31,2016.0,2395291581.57,甘肃省,
5400,600720.0,祁连山,2016-12-31,2016.0,5114474153.69,甘肃省,
5401,600886.0,国投电力,2016-12-31,2016.0,29270802965.48,甘肃省,
5402,601212.0,白银有色,2016-12-31,2016.0,55949603150.41,甘肃省,
5403,601798.0,蓝科高新,2016-12-31,2016.0,554760691.05,甘肃省,
5404,603169.0,兰石重装,2016-12-31,2016.0,1735711511.34,甘肃省,
5405,,,,,107452295902.14,甘肃省 汇总,
5406,12.0,南玻A,2016-12-31,2016.0,8974083407.0,广东省,
5407,16.0,深康佳A,2016-12-31,2016.0,20299348136.21,广东省,
5408,20.0,深华发A,2016-12-31,2016.0,619167770.74,广东省,
5409,21.0,深科技,2016-12-31,2016.0,15069170534.44,广东省,
5410,23.0,深天地A,2016-12-31,2016.0,1009960351.96,广东省,
5411,27.0,深圳能源,2016-12-31,2016.0,11318112180.4,广东省,
5412,37.0,*ST 南电A,2016-12-31,2016.0,1574088977.85,广东省,
5413,40.0,东旭蓝天,2016-12-31,2016.0,3773501705.54,广东省,
5414,45.0,深纺织A,2016-12-31,2016.0,1198200216.42,广东省,
5415,49.0,德赛电池,2016-12-31,2016.0,8724412328.64,广东省,
5416,50.0,深天马A,2016-12-31,2016.0,10736756430.53,广东省,
5417,60.0,中金岭南,2016-12-31,2016.0,15059114290.84,广东省,
5418,63.0,中兴通讯,2016-12-31,2016.0,101233182000.0,广东省,
5419,66.0,长城电脑,2016-12-31,2016.0,69128164932.28,广东省,
5420,70.0,特发信息,2016-12-31,2016.0,4612417968.5,广东省,
5421,100.0,TCL集团,2016-12-31,2016.0,106473500000.0,广东省,
5422,333.0,美的集团,2016-12-31,2016.0,159044041000.0,广东省,
5423,513.0,丽珠集团,2016-12-31,2016.0,7651775285.49,广东省,
5424,531.0,穗恒运A,2016-12-31,2016.0,2635386729.37,广东省,
5425,533.0,万家乐,2016-12-31,2016.0,4338469730.61,广东省,
5426,534.0,万泽股份,2016-12-31,2016.0,194679657.83,广东省,
5427,539.0,粤电力A,2016-12-31,2016.0,22681120022.0,广东省,
5428,541.0,佛山照明,2016-12-31,2016.0,3366454968.6,广东省,
5429,576.0,广东甘化,2016-12-31,2016.0,473199768.18,广东省,
5430,601.0,韶能股份,2016-12-31,2016.0,3198765336.76,广东省,
5431,636.0,风华高科,2016-12-31,2016.0,2774347241.04,广东省,
5432,651.0,格力电器,2016-12-31,2016.0,108302565293.7,广东省,
5433,685.0,中山公用,2016-12-31,2016.0,1462601739.95,广东省,
5434,690.0,宝新能源,2016-12-31,2016.0,3539851233.18,广东省,
5435,782.0,美达股份,2016-12-31,2016.0,2419908328.97,广东省,
5436,823.0,超声电子,2016-12-31,2016.0,3532559927.28,广东省,
5437,921.0,海信科龙,2016-12-31,2016.0,26730219497.07,广东省,
5438,999.0,华润三九,2016-12-31,2016.0,8981721080.58,广东省,
5439,2005.0,德豪润达,2016-12-31,2016.0,4049764847.82,广东省,
5440,2008.0,大族激光,2016-12-31,2016.0,6958888023.62,广东省,
5441,2017.0,东信和平,2016-12-31,2016.0,1496767853.97,广东省,
5442,2030.0,达安基因,2016-12-31,2016.0,1608556124.84,广东省,
5443,2031.0,巨轮智能,2016-12-31,2016.0,817939813.49,广东省,
5444,2035.0,华帝股份,2016-12-31,2016.0,4395036328.15,广东省,
5445,2045.0,国光电器,2016-12-31,2016.0,2568911745.0,广东省,
5446,2052.0,同洲电子,2016-12-31,2016.0,563495343.22,广东省,
5447,2055.0,得润电子,2016-12-31,2016.0,4583529186.58,广东省,
5448,2076.0,雪莱特,2016-12-31,2016.0,813397059.56,广东省,
5449,2106.0,莱宝高科,2016-12-31,2016.0,3353922078.25,广东省,
5450,2121.0,科陆电子,2016-12-31,2016.0,3161904621.7,广东省,
5451,2130.0,沃尔核材,2016-12-31,2016.0,1863354683.19,广东省,
5452,2137.0,麦达数字,2016-12-31,2016.0,798906480.91,广东省,
5453,2138.0,顺络电子,2016-12-31,2016.0,1736258766.5,广东省,
5454,2139.0,拓邦股份,2016-12-31,2016.0,1827102640.2,广东省,
5455,2141.0,蓉胜超微,2016-12-31,2016.0,874408564.1,广东省,
5456,2152.0,广电运通,2016-12-31,2016.0,4423649958.72,广东省,
5457,2161.0,远望谷,2016-12-31,2016.0,486470680.99,广东省,
5458,2167.0,东方锆业,2016-12-31,2016.0,826901017.11,广东省,
5459,2169.0,智光电气,2016-12-31,2016.0,1398188304.1,广东省,
5460,2177.0,御银股份,2016-12-31,2016.0,770942502.45,广东省,
5461,2180.0,艾派克,2016-12-31,2016.0,5805462314.79,广东省,
5462,2198.0,嘉应制药,2016-12-31,2016.0,449950868.63,广东省,
5463,2209.0,达意隆,2016-12-31,2016.0,783512353.12,广东省,
5464,2218.0,拓日新能,2016-12-31,2016.0,1141559378.99,广东省,
5465,2227.0,奥特迅,2016-12-31,2016.0,360965806.28,广东省,
5466,2233.0,塔牌集团,2016-12-31,2016.0,3629166496.63,广东省,
5467,2240.0,威华股份,2016-12-31,2016.0,1401565207.44,广东省,
5468,2249.0,大洋电机,2016-12-31,2016.0,6805205221.56,广东省,
5469,2256.0,兆新股份,2016-12-31,2016.0,636100473.97,广东省,
5470,2260.0,德奥通航,2016-12-31,2016.0,717211958.23,广东省,
5471,2288.0,超华科技,2016-12-31,2016.0,1035279445.06,广东省,
5472,2289.0,*ST 宇顺,2016-12-31,2016.0,1301227665.93,广东省,
5473,2294.0,信立泰,2016-12-31,2016.0,3833490223.7,广东省,
5474,2295.0,精艺股份,2016-12-31,2016.0,3889102052.71,广东省,
5475,2308.0,威创股份,2016-12-31,2016.0,1050631623.47,广东省,
5476,2313.0,日海通讯,2016-12-31,2016.0,2706793456.27,广东省,
5477,2317.0,众生药业,2016-12-31,2016.0,1692485823.24,广东省,
5478,2334.0,英威腾,2016-12-31,2016.0,1323982177.63,广东省,
5479,2351.0,漫步者,2016-12-31,2016.0,726172574.6,广东省,
5480,2369.0,卓翼科技,2016-12-31,2016.0,2697981963.79,广东省,
5481,2387.0,黑牛食品,2016-12-31,2016.0,159157619.38,广东省,
5482,2388.0,新亚制程,2016-12-31,2016.0,814382754.99,广东省,
5483,2399.0,海普瑞,2016-12-31,2016.0,2260932415.76,广东省,
5484,2402.0,和而泰,2016-12-31,2016.0,1346098765.04,广东省,
5485,2429.0,兆驰股份,2016-12-31,2016.0,7477346377.71,广东省,
5486,2433.0,太安堂,2016-12-31,2016.0,3068342890.74,广东省,
5487,2436.0,兴森科技,2016-12-31,2016.0,2939805208.92,广东省,
5488,2446.0,盛路通信,2016-12-31,2016.0,1156341614.64,广东省,
5489,2449.0,国星光电,2016-12-31,2016.0,2418423850.17,广东省,
5490,2456.0,欧菲光,2016-12-31,2016.0,26746418937.61,广东省,
5491,2465.0,海格通信,2016-12-31,2016.0,4118734127.45,广东省,
5492,2475.0,立讯精密,2016-12-31,2016.0,13762595894.39,广东省,
5493,2512.0,达华智能,2016-12-31,2016.0,3464881973.41,广东省,
5494,2518.0,科士达,2016-12-31,2016.0,1750444766.11,广东省,
5495,2528.0,英飞拓,2016-12-31,2016.0,1978711114.25,广东省,
5496,2543.0,万和电气,2016-12-31,2016.0,4959512140.73,广东省,
5497,2551.0,尚荣医疗,2016-12-31,2016.0,1946049938.3,广东省,
5498,2577.0,雷柏科技,2016-12-31,2016.0,574380778.68,广东省,
5499,2579.0,中京电子,2016-12-31,2016.0,794188458.63,广东省,
5500,2583.0,海能达,2016-12-31,2016.0,3435503330.27,广东省,
5501,2587.0,奥拓电子,2016-12-31,2016.0,457079739.05,广东省,
5502,2600.0,江粉磁材,2016-12-31,2016.0,12051500774.83,广东省,
5503,2611.0,东方精工,2016-12-31,2016.0,1533388298.62,广东省,
5504,2618.0,丹邦科技,2016-12-31,2016.0,270756688.83,广东省,
5505,2638.0,勤上光电,2016-12-31,2016.0,842743856.5,广东省,
5506,2660.0,茂硕电源,2016-12-31,2016.0,1292958187.22,广东省,
5507,2668.0,奥马电器,2016-12-31,2016.0,5041417186.44,广东省,
5508,2681.0,奋达科技,2016-12-31,2016.0,2103581994.9,广东省,
5509,2684.0,猛狮科技,2016-12-31,2016.0,2033129339.89,广东省,
5510,2705.0,新宝股份,2016-12-31,2016.0,6985340694.21,广东省,
5511,2723.0,金莱特,2016-12-31,2016.0,769913611.78,广东省,
5512,2724.0,海洋王,2016-12-31,2016.0,924892386.02,广东省,
5513,2728.0,特一药业,2016-12-31,2016.0,655856830.11,广东省,
5514,2733.0,雄韬股份,2016-12-31,2016.0,2500855948.89,广东省,
5515,2745.0,木林森,2016-12-31,2016.0,5520495889.12,广东省,
5516,2757.0,南兴装备,2016-12-31,2016.0,502747975.44,广东省,
5517,2759.0,天际股份,2016-12-31,2016.0,498883144.4,广东省,
5518,2766.0,索菱股份,2016-12-31,2016.0,545331502.84,广东省,
5519,2782.0,可立克,2016-12-31,2016.0,830640332.44,广东省,
5520,2786.0,银宝山新,2016-12-31,2016.0,2821770945.06,广东省,
5521,2792.0,通宇通讯,2016-12-31,2016.0,1218751409.55,广东省,
5522,2806.0,华锋股份,2016-12-31,2016.0,371720218.64,广东省,
5523,2813.0,路畅科技,2016-12-31,2016.0,721956721.75,广东省,
5524,2815.0,崇达技术,2016-12-31,2016.0,2246611858.85,广东省,
5525,2816.0,和科达,2016-12-31,2016.0,349744159.99,广东省,
5526,2823.0,凯中精密,2016-12-31,2016.0,1115804642.69,广东省,
5527,2824.0,和胜股份,2016-12-31,2016.0,766651593.56,广东省,
5528,2833.0,弘亚数控,2016-12-31,2016.0,534138098.66,广东省,
5529,2835.0,同为股份,2016-12-31,2016.0,526684646.09,广东省,
5530,2837.0,英维克,2016-12-31,2016.0,518244872.19,广东省,
5531,2841.0,视源股份,2016-12-31,2016.0,8237941601.99,广东省,
5532,2842.0,翔鹭钨业,2016-12-31,2016.0,714754264.53,广东省,
5533,2845.0,同兴达,2016-12-31,2016.0,2800766966.65,广东省,
5534,300004.0,南风股份,2016-12-31,2016.0,894917803.76,广东省,
5535,300014.0,亿纬锂能,2016-12-31,2016.0,2339712007.5,广东省,
5536,300030.0,阳普医疗,2016-12-31,2016.0,517103043.3,广东省,
5537,300042.0,朗科科技,2016-12-31,2016.0,590886605.94,广东省,
5538,300053.0,欧比特,2016-12-31,2016.0,559936657.37,广东省,
5539,300057.0,万顺股份,2016-12-31,2016.0,2235919518.14,广东省,
5540,300077.0,国民技术,2016-12-31,2016.0,706124094.84,广东省,
5541,300083.0,劲胜精密,2016-12-31,2016.0,5136245299.75,广东省,
5542,300089.0,文化长城,2016-12-31,2016.0,452394179.59,广东省,
5543,300093.0,金刚玻璃,2016-12-31,2016.0,352259956.3,广东省,
5544,300112.0,万讯自控,2016-12-31,2016.0,448337435.51,广东省,
5545,300115.0,长盈精密,2016-12-31,2016.0,6119450934.39,广东省,
5546,300124.0,汇川技术,2016-12-31,2016.0,3660045212.97,广东省,
5547,300130.0,新国都,2016-12-31,2016.0,1126545907.37,广东省,
5548,300134.0,大富科技,2016-12-31,2016.0,2407395163.62,广东省,
5549,300136.0,信维通信,2016-12-31,2016.0,2412927483.86,广东省,
5550,300147.0,香雪制药,2016-12-31,2016.0,1862087873.63,广东省,
5551,300151.0,昌红科技,2016-12-31,2016.0,588311714.6,广东省,
5552,300154.0,瑞凌股份,2016-12-31,2016.0,545276238.7,广东省,
5553,300155.0,安居宝,2016-12-31,2016.0,797735732.16,广东省,
5554,300162.0,雷曼股份,2016-12-31,2016.0,562499521.06,广东省,
5555,300173.0,智慧松德,2016-12-31,2016.0,732334723.15,广东省,
5556,300177.0,中海达,2016-12-31,2016.0,765641123.96,广东省,
5557,300193.0,佳士科技,2016-12-31,2016.0,705532759.42,广东省,
5558,300199.0,翰宇药业,2016-12-31,2016.0,855047909.1,广东省,
5559,300206.0,理邦仪器,2016-12-31,2016.0,698007759.35,广东省,
5560,300207.0,欣旺达,2016-12-31,2016.0,8051965604.73,广东省,
5561,300219.0,鸿利智汇,2016-12-31,2016.0,2258109363.72,广东省,
5562,300227.0,光韵达,2016-12-31,2016.0,312442492.08,广东省,
5563,300232.0,洲明科技,2016-12-31,2016.0,1745943733.96,广东省,
5564,300238.0,冠昊生物,2016-12-31,2016.0,312789660.41,广东省,
5565,300241.0,瑞丰光电,2016-12-31,2016.0,1179355639.45,广东省,
5566,300246.0,宝莱特,2016-12-31,2016.0,594314416.15,广东省,
5567,300252.0,金信诺,2016-12-31,2016.0,2015929718.47,广东省,
5568,300273.0,和佳股份,2016-12-31,2016.0,919204761.62,广东省,
5569,300281.0,金明精机,2016-12-31,2016.0,355240365.99,广东省,
5570,300301.0,长方集团,2016-12-31,2016.0,1602616921.65,广东省,
5571,300303.0,聚飞光电,2016-12-31,2016.0,1509099420.9,广东省,
5572,300317.0,珈伟股份,2016-12-31,2016.0,2921121906.61,广东省,
5573,300319.0,麦捷科技,2016-12-31,2016.0,1694221303.15,广东省,
5574,300322.0,硕贝德,2016-12-31,2016.0,1725391575.53,广东省,
5575,300335.0,迪森股份,2016-12-31,2016.0,1060661100.3,广东省,
5576,300340.0,科恒股份,2016-12-31,2016.0,786990823.79,广东省,
5577,300376.0,易事特,2016-12-31,2016.0,5245363789.36,广东省,
5578,300381.0,溢多利,2016-12-31,2016.0,1512440992.15,广东省,
5579,300389.0,艾比森,2016-12-31,2016.0,1165998433.5,广东省,
5580,300400.0,劲拓股份,2016-12-31,2016.0,328498464.8,广东省,
5581,300403.0,地尔汉宇,2016-12-31,2016.0,758200507.75,广东省,
5582,300408.0,三环集团,2016-12-31,2016.0,2887507920.99,广东省,
5583,300409.0,道氏技术,2016-12-31,2016.0,803653432.71,广东省,
5584,300410.0,正业科技,2016-12-31,2016.0,600344650.83,广东省,
5585,300415.0,伊之密,2016-12-31,2016.0,1442715067.04,广东省,
5586,300417.0,南华仪器,2016-12-31,2016.0,175237871.52,广东省,
5587,300438.0,鹏辉能源,2016-12-31,2016.0,1271353631.77,广东省,
5588,300457.0,赢合科技,2016-12-31,2016.0,850490383.8,广东省,
5589,300458.0,全志科技,2016-12-31,2016.0,1252039237.33,广东省,
5590,300460.0,惠伦晶体,2016-12-31,2016.0,369797361.8,广东省,
5591,300476.0,胜宏科技,2016-12-31,2016.0,1817694996.82,广东省,
5592,300482.0,万孚生物,2016-12-31,2016.0,547353286.91,广东省,
5593,300484.0,蓝海华腾,2016-12-31,2016.0,677861621.99,广东省,
5594,300499.0,高澜股份,2016-12-31,2016.0,468995731.25,广东省,
5595,300503.0,昊志机电,2016-12-31,2016.0,330895691.3,广东省,
5596,300521.0,爱司凯,2016-12-31,2016.0,185345203.02,广东省,
5597,300526.0,中潜股份,2016-12-31,2016.0,370732451.33,广东省,
5598,300529.0,健帆生物,2016-12-31,2016.0,543640521.23,广东省,
5599,300531.0,优博讯,2016-12-31,2016.0,332963233.4,广东省,
5600,300543.0,朗科智能,2016-12-31,2016.0,935966322.72,广东省,
5601,300545.0,联得装备,2016-12-31,2016.0,256175730.38,广东省,
5602,300546.0,雄帝科技,2016-12-31,2016.0,292903469.05,广东省,
5603,300562.0,乐心医疗,2016-12-31,2016.0,770644439.45,广东省,
5604,300565.0,科信技术,2016-12-31,2016.0,708336939.92,广东省,
5605,300570.0,太辰光,2016-12-31,2016.0,421037826.45,广东省,
5606,300572.0,安车检测,2016-12-31,2016.0,318181180.57,广东省,
5607,300601.0,康泰生物,2016-12-31,2016.0,551940979.06,广东省,
5608,300602.0,飞荣达,2016-12-31,2016.0,842977689.0,广东省,
5609,300606.0,金太阳,2016-12-31,2016.0,220272168.8,广东省,
5610,300607.0,拓斯达,2016-12-31,2016.0,433085305.72,广东省,
5611,300615.0,欣天科技,2016-12-31,2016.0,240779603.16,广东省,
5612,300633.0,开立医疗,2016-12-31,2016.0,719356862.9,广东省,
5613,600098.0,广州发展,2016-12-31,2016.0,22008147524.67,广东省,
5614,600183.0,生益科技,2016-12-31,2016.0,8538321095.2,广东省,
5615,600332.0,白云山,2016-12-31,2016.0,20035681499.37,广东省,
5616,600380.0,健康元,2016-12-31,2016.0,9721544239.74,广东省,
5617,600499.0,科达洁能,2016-12-31,2016.0,4380481706.41,广东省,
5618,600518.0,康美药业,2016-12-31,2016.0,21642324070.28,广东省,
5619,600525.0,长园集团,2016-12-31,2016.0,5848963706.2,广东省,
5620,600868.0,梅雁吉祥,2016-12-31,2016.0,363485808.06,广东省,
5621,600894.0,广日股份,2016-12-31,2016.0,4727645054.86,广东省,
5622,601139.0,深圳燃气,2016-12-31,2016.0,8508946951.38,广东省,
5623,603002.0,宏昌电子,2016-12-31,2016.0,909889780.26,广东省,
5624,603118.0,共进股份,2016-12-31,2016.0,6543025375.1,广东省,
5625,603160.0,汇顶科技,2016-12-31,2016.0,3079331261.46,广东省,
5626,603228.0,景旺电子,2016-12-31,2016.0,3283195794.98,广东省,
5627,603268.0,松发股份,2016-12-31,2016.0,351359516.35,广东省,
5628,603309.0,维力医疗,2016-12-31,2016.0,515419906.15,广东省,
5629,603328.0,依顿电子,2016-12-31,2016.0,2934495816.55,广东省,
5630,603838.0,四通股份,2016-12-31,2016.0,420470476.12,广东省,
5631,603861.0,白云电器,2016-12-31,2016.0,1364065491.37,广东省,
5632,603936.0,博敏电子,2016-12-31,2016.0,1350556992.99,广东省,
5633,831167.0,鑫汇科,2016-12-31,2016.0,290496027.57,广东省,
5634,832110.0,雷特科技,2016-12-31,2016.0,76112905.29,广东省,
5635,832491.0,奥迪威,2016-12-31,2016.0,289222317.95,广东省,
5636,832876.0,慧为智能,2016-12-31,2016.0,275649614.7,广东省,
5637,835185.0,贝特瑞,2016-12-31,2016.0,2135623488.34,广东省,
5638,837821.0,则成电子,2016-12-31,2016.0,196537303.99,广东省,
5639,839729.0,永顺生物,2016-12-31,2016.0,351879861.07,广东省,
5640,,,,,1213888033175.42,广东省 汇总,
5641,528.0,柳工,2016-12-31,2016.0,7005395363.84,广西壮族自治区,
5642,703.0,恒逸石化,2016-12-31,2016.0,32419339546.28,广西壮族自治区,
5643,806.0,银河生物,2016-12-31,2016.0,1204602488.71,广西壮族自治区,
5644,953.0,河池化工,2016-12-31,2016.0,398327702.48,广西壮族自治区,
5645,2166.0,莱茵生物,2016-12-31,2016.0,571448231.37,广西壮族自治区,
5646,2175.0,东方网络,2016-12-31,2016.0,574620549.79,广西壮族自治区,
5647,2275.0,桂林三金,2016-12-31,2016.0,1525223996.41,广西壮族自治区,
5648,600236.0,桂冠电力,2016-12-31,2016.0,8564983415.46,广西壮族自治区,
5649,600252.0,中恒集团,2016-12-31,2016.0,1670061992.05,广西壮族自治区,
5650,600310.0,桂东电力,2016-12-31,2016.0,5212623187.3,广西壮族自治区,
5651,601368.0,绿城水务,2016-12-31,2016.0,1195129056.0,广西壮族自治区,
5652,,,,,60341755529.69,广西壮族自治区 汇总,
5653,733.0,振华科技,2016-12-31,2016.0,6589049796.14,贵州省,
5654,2025.0,航天电器,2016-12-31,2016.0,2256403254.8,贵州省,
5655,2039.0,黔源电力,2016-12-31,2016.0,1918108123.51,贵州省,
5656,2390.0,信邦制药,2016-12-31,2016.0,5157031775.28,贵州省,
5657,2424.0,贵州百灵,2016-12-31,2016.0,2214211074.4,贵州省,
5658,600112.0,天成控股,2016-12-31,2016.0,598382653.22,贵州省,
5659,600145.0,*ST 新亿,2016-12-31,2016.0,12697732.04,贵州省,
5660,600227.0,赤天化,2016-12-31,2016.0,2731681385.0,贵州省,
5661,600594.0,益佰制药,2016-12-31,2016.0,3686822776.39,贵州省,
5662,,,,,25164388570.78,贵州省 汇总,
5663,566.0,海南海药,2016-12-31,2016.0,1508953508.51,海南省,
5664,657.0,中钨高新,2016-12-31,2016.0,5196045095.0,海南省,
5665,2596.0,海南瑞泽,2016-12-31,2016.0,1842589083.74,海南省,
5666,2693.0,双成药业,2016-12-31,2016.0,145135787.6,海南省,
5667,300086.0,康芝药业,2016-12-31,2016.0,471474596.25,海南省,
5668,,,,,9164198071.1,海南省 汇总,
5669,401.0,冀东水泥,2016-12-31,2016.0,12335154865.25,河北省,
5670,413.0,东旭光电,2016-12-31,2016.0,6901321122.65,河北省,
5671,600.0,建投能源,2016-12-31,2016.0,9387052998.15,河北省,
5672,687.0,华讯方舟,2016-12-31,2016.0,1505217125.2,河北省,
5673,856.0,*ST 冀装,2016-12-31,2016.0,1071904467.1,河北省,
5674,2049.0,紫光国芯,2016-12-31,2016.0,1418572250.23,河北省,
5675,2282.0,博深工具,2016-12-31,2016.0,429968076.77,河北省,
5676,2459.0,天业通联,2016-12-31,2016.0,322762795.1,河北省,
5677,2603.0,以岭药业,2016-12-31,2016.0,3820158728.81,河北省,
5678,2691.0,冀凯股份,2016-12-31,2016.0,225093010.0,河北省,
5679,300137.0,先河环保,2016-12-31,2016.0,789543369.79,河北省,
5680,300255.0,常山药业,2016-12-31,2016.0,1118414431.25,河北省,
5681,300368.0,汇金股份,2016-12-31,2016.0,676019042.14,河北省,
5682,300371.0,汇中股份,2016-12-31,2016.0,213661564.39,河北省,
5683,300491.0,通合科技,2016-12-31,2016.0,222645429.47,河北省,
5684,600149.0,廊坊发展,2016-12-31,2016.0,16513517.81,河北省,
5685,600550.0,保变电气,2016-12-31,2016.0,4068435950.67,河北省,
5686,600803.0,新奥股份,2016-12-31,2016.0,6395592887.54,河北省,
5687,600812.0,华北制药,2016-12-31,2016.0,8082462780.74,河北省,
5688,835985.0,海泰新能,2016-12-31,2016.0,1381847595.48,河北省,
5689,,,,,60382342008.54,河北省 汇总,
5690,400.0,许继电气,2016-12-31,2016.0,9607009637.5,河南省,
5691,544.0,中原环保,2016-12-31,2016.0,936775706.54,河南省,
5692,612.0,焦作万方,2016-12-31,2016.0,3926000567.3,河南省,
5693,933.0,*ST 神火,2016-12-31,2016.0,16902315952.43,河南省,
5694,949.0,新乡化纤,2016-12-31,2016.0,3678365667.25,河南省,
5695,1896.0,豫能控股,2016-12-31,2016.0,5915004535.53,河南省,
5696,2007.0,华兰生物,2016-12-31,2016.0,1934669663.01,河南省,
5697,2046.0,轴研科技,2016-12-31,2016.0,426950745.77,河南省,
5698,2179.0,中航光电,2016-12-31,2016.0,5854802051.16,河南省,
5699,2189.0,利达光电,2016-12-31,2016.0,824310125.51,河南省,
5700,2225.0,濮耐股份,2016-12-31,2016.0,2338540787.41,河南省,
5701,2296.0,辉煌科技,2016-12-31,2016.0,514609100.85,河南省,
5702,2358.0,森源电气,2016-12-31,2016.0,2952700424.22,河南省,
5703,2535.0,林州重机,2016-12-31,2016.0,1283889091.76,河南省,
5704,2560.0,通达股份,2016-12-31,2016.0,1592740996.43,河南省,
5705,2613.0,北玻股份,2016-12-31,2016.0,877220955.85,河南省,
5706,2857.0,三晖电气,2016-12-31,2016.0,200800447.64,河南省,
5707,300007.0,汉威电子,2016-12-31,2016.0,1107719247.95,河南省,
5708,300064.0,豫金刚石,2016-12-31,2016.0,964423168.0,河南省,
5709,300080.0,易成新能,2016-12-31,2016.0,2401627909.06,河南省,
5710,300179.0,四方达,2016-12-31,2016.0,166873023.81,河南省,
5711,300259.0,新天科技,2016-12-31,2016.0,505945860.78,河南省,
5712,300263.0,隆华节能,2016-12-31,2016.0,812192600.31,河南省,
5713,300480.0,光力科技,2016-12-31,2016.0,132153169.67,河南省,
5714,600172.0,黄河旋风,2016-12-31,2016.0,2177955806.8,河南省,
5715,600207.0,安彩高科,2016-12-31,2016.0,1871466472.88,河南省,
5716,600222.0,太龙药业,2016-12-31,2016.0,953306513.67,河南省,
5717,600285.0,羚锐制药,2016-12-31,2016.0,1439313472.82,河南省,
5718,600312.0,平高电气,2016-12-31,2016.0,8869714498.58,河南省,
5719,600531.0,豫光金铅,2016-12-31,2016.0,13565499633.0,河南省,
5720,600595.0,中孚实业,2016-12-31,2016.0,13915540332.99,河南省,
5721,600810.0,神马股份,2016-12-31,2016.0,10040256145.06,河南省,
5722,600876.0,洛阳玻璃,2016-12-31,2016.0,392095626.14,河南省,
5723,601038.0,一拖股份,2016-12-31,2016.0,8687502227.41,河南省,
5724,601608.0,中信重工,2016-12-31,2016.0,3771394044.21,河南省,
5725,601677.0,明泰铝业,2016-12-31,2016.0,7479103489.7,河南省,
5726,603566.0,普莱柯,2016-12-31,2016.0,583102019.53,河南省,
5727,603658.0,安图生物,2016-12-31,2016.0,980222975.48,河南省,
5728,833580.0,科创新材,2016-12-31,2016.0,56045965.3,河南省,
5729,838971.0,天马新材,2016-12-31,2016.0,63429603.76,河南省,
5730,839725.0,惠丰钻石,2016-12-31,2016.0,42802075.58,河南省,
5731,,,,,140746392338.65,河南省 汇总,
5732,922.0,佳电股份,2016-12-31,2016.0,1266494823.13,黑龙江省,
5733,2437.0,誉衡药业,2016-12-31,2016.0,2983728136.49,黑龙江省,
5734,2698.0,博实股份,2016-12-31,2016.0,627755814.67,黑龙江省,
5735,2737.0,葵花药业,2016-12-31,2016.0,3363581108.19,黑龙江省,
5736,300040.0,九洲电气,2016-12-31,2016.0,1319491445.24,黑龙江省,
5737,300489.0,中飞股份,2016-12-31,2016.0,137685926.82,黑龙江省,
5738,600187.0,国中水务,2016-12-31,2016.0,357819939.08,黑龙江省,
5739,600202.0,哈空调,2016-12-31,2016.0,264894277.45,黑龙江省,
5740,600664.0,哈药股份,2016-12-31,2016.0,14126885954.82,黑龙江省,
5741,600726.0,华电能源,2016-12-31,2016.0,8633017069.39,黑龙江省,
5742,601106.0,中国一重,2016-12-31,2016.0,3204403231.38,黑龙江省,
5743,603023.0,威帝股份,2016-12-31,2016.0,211334454.72,黑龙江省,
5744,603567.0,珍宝岛,2016-12-31,2016.0,2391235153.18,黑龙江省,
5745,,,,,38888327334.56,黑龙江省 汇总,
5746,670.0,*ST 盈方,2016-12-31,2016.0,476364098.15,湖北省,
5747,678.0,襄阳轴承,2016-12-31,2016.0,1395099473.71,湖北省,
5748,821.0,京山轻机,2016-12-31,2016.0,1281529288.78,湖北省,
5749,852.0,石化机械,2016-12-31,2016.0,3444167984.18,湖北省,
5750,883.0,湖北能源,2016-12-31,2016.0,9370358975.0,湖北省,
5751,939.0,凯迪生态,2016-12-31,2016.0,5000715468.76,湖北省,
5752,952.0,广济药业,2016-12-31,2016.0,714723953.31,湖北省,
5753,966.0,长源电力,2016-12-31,2016.0,5377701682.58,湖北省,
5754,988.0,华工科技,2016-12-31,2016.0,3313699242.73,湖北省,
5755,2194.0,武汉凡谷,2016-12-31,2016.0,1675358343.49,湖北省,
5756,2281.0,光迅科技,2016-12-31,2016.0,4059214645.61,湖北省,
5757,2365.0,永安药业,2016-12-31,2016.0,549399724.97,湖北省,
5758,2414.0,高德红外,2016-12-31,2016.0,810334607.31,湖北省,
5759,300018.0,中元股份,2016-12-31,2016.0,359010984.09,湖北省,
5760,300046.0,台基股份,2016-12-31,2016.0,242091866.05,湖北省,
5761,300161.0,华中数控,2016-12-31,2016.0,812813080.19,湖北省,
5762,300205.0,天喻信息,2016-12-31,2016.0,1627326894.26,湖北省,
5763,300220.0,金运激光,2016-12-31,2016.0,187330676.17,湖北省,
5764,300276.0,三丰智能,2016-12-31,2016.0,327577150.8,湖北省,
5765,300278.0,华昌达,2016-12-31,2016.0,2262733753.2,湖北省,
5766,300323.0,华灿光电,2016-12-31,2016.0,1582306970.16,湖北省,
5767,300395.0,菲利华,2016-12-31,2016.0,440813170.4,湖北省,
5768,300516.0,久之洋,2016-12-31,2016.0,473196469.36,湖北省,
5769,300527.0,华舟应急,2016-12-31,2016.0,1959562680.08,湖北省,
5770,300557.0,理工光科,2016-12-31,2016.0,207699537.65,湖北省,
5771,300567.0,精测电子,2016-12-31,2016.0,524012059.04,湖北省,
5772,430198.0,微创光电,2016-12-31,2016.0,115687859.89,湖北省,
5773,600079.0,人福医药,2016-12-31,2016.0,12330950052.87,湖北省,
5774,600168.0,武汉控股,2016-12-31,2016.0,1198104193.76,湖北省,
5775,600184.0,光电股份,2016-12-31,2016.0,2211423148.23,湖北省,
5776,600260.0,凯乐科技,2016-12-31,2016.0,8420679913.14,湖北省,
5777,600293.0,三峡新材,2016-12-31,2016.0,3354580675.82,湖北省,
5778,600345.0,长江通信,2016-12-31,2016.0,583860837.62,湖北省,
5779,600355.0,精伦电子,2016-12-31,2016.0,335811133.36,湖北省,
5780,600421.0,仰帆控股,2016-12-31,2016.0,28177079.73,湖北省,
5781,600498.0,烽火通信,2016-12-31,2016.0,17361078282.69,湖北省,
5782,600566.0,济川药业,2016-12-31,2016.0,4677891561.32,湖北省,
5783,600568.0,中珠医疗,2016-12-31,2016.0,1098977643.06,湖北省,
5784,600681.0,百川能源,2016-12-31,2016.0,1719884685.2,湖北省,
5785,600703.0,三安光电,2016-12-31,2016.0,6272602657.94,湖北省,
5786,600745.0,中茵股份,2016-12-31,2016.0,13416913528.56,湖北省,
5787,600769.0,祥龙电业,2016-12-31,2016.0,22340577.4,湖北省,
5788,600801.0,华新水泥,2016-12-31,2016.0,13525759490.0,湖北省,
5789,600879.0,航天电子,2016-12-31,2016.0,11548064683.34,湖北省,
5790,600885.0,宏发股份,2016-12-31,2016.0,5082758567.76,湖北省,
5791,600993.0,马应龙,2016-12-31,2016.0,2102806895.51,湖北省,
5792,601311.0,骆驼股份,2016-12-31,2016.0,6301121663.9,湖北省,
5793,603738.0,泰晶科技,2016-12-31,2016.0,370069655.13,湖北省,
5794,835237.0,力佳科技,2016-12-31,2016.0,154806289.37,湖北省,
5795,838670.0,恒进感应,2016-12-31,2016.0,46488274.36,湖北省,
5796,900956.0,东贝B股,2016-12-31,2016.0,3473518271.43,湖北省,
5797,,,,,164229500401.42,湖北省 汇总,
5798,157.0,中联重科,2016-12-31,2016.0,20022516698.58,湖南省,
5799,519.0,江南红箭,2016-12-31,2016.0,3800912381.01,湖南省,
5800,590.0,启迪古汉,2016-12-31,2016.0,317410504.47,湖南省,
5801,622.0,*ST 恒立,2016-12-31,2016.0,41869685.67,湖南省,
5802,722.0,湖南发展,2016-12-31,2016.0,281712048.9,湖南省,
5803,908.0,景峰医药,2016-12-31,2016.0,2640503629.95,湖南省,
5804,989.0,九芝堂,2016-12-31,2016.0,2673798043.47,湖南省,
5805,2097.0,山河智能,2016-12-31,2016.0,1991603674.11,湖南省,
5806,2297.0,博云新材,2016-12-31,2016.0,515093143.97,湖南省,
5807,2412.0,汉森制药,2016-12-31,2016.0,798466937.53,湖南省,
5808,2452.0,长高集团,2016-12-31,2016.0,1292992766.34,湖南省,
5809,2523.0,天桥起重,2016-12-31,2016.0,1238894201.48,湖南省,
5810,2533.0,金杯电工,2016-12-31,2016.0,3125297731.78,湖南省,
5811,2716.0,金贵银业,2016-12-31,2016.0,7852301664.26,湖南省,
5812,2848.0,高斯贝尔,2016-12-31,2016.0,944950064.5,湖南省,
5813,300035.0,中科电气,2016-12-31,2016.0,162831205.35,湖南省,
5814,300216.0,千山药机,2016-12-31,2016.0,764066622.14,湖南省,
5815,300267.0,尔康制药,2016-12-31,2016.0,2705821623.19,湖南省,
5816,300298.0,三诺生物,2016-12-31,2016.0,795841252.69,湖南省,
5817,300358.0,楚天科技,2016-12-31,2016.0,975042976.02,湖南省,
5818,300433.0,蓝思科技,2016-12-31,2016.0,15236116891.15,湖南省,
5819,300474.0,景嘉微,2016-12-31,2016.0,278005821.29,湖南省,
5820,300490.0,华自科技,2016-12-31,2016.0,515229432.59,湖南省,
5821,300515.0,三德科技,2016-12-31,2016.0,208808145.87,湖南省,
5822,600031.0,三一重工,2016-12-31,2016.0,23280072000.0,湖南省,
5823,600416.0,湘电股份,2016-12-31,2016.0,10948528398.44,湖南省,
5824,600478.0,科力远,2016-12-31,2016.0,1700155918.75,湖南省,
5825,600479.0,千金药业,2016-12-31,2016.0,2864885512.19,湖南省,
5826,600744.0,华银电力,2016-12-31,2016.0,6405183735.85,湖南省,
5827,600961.0,株冶集团,2016-12-31,2016.0,12685237304.0,湖南省,
5828,600969.0,郴电国际,2016-12-31,2016.0,2415419996.86,湖南省,
5829,601636.0,旗滨集团,2016-12-31,2016.0,6960960745.15,湖南省,
5830,603989.0,艾华集团,2016-12-31,2016.0,1553647139.85,湖南省,
5831,603998.0,方盛制药,2016-12-31,2016.0,534256841.4,湖南省,
5832,,,,,138528434738.8,湖南省 汇总,
5833,420.0,吉林化纤,2016-12-31,2016.0,1394519259.78,吉林省,
5834,623.0,吉林敖东,2016-12-31,2016.0,2736697077.39,吉林省,
5835,661.0,长春高新,2016-12-31,2016.0,2897439803.34,吉林省,
5836,669.0,金鸿能源,2016-12-31,2016.0,2471143028.76,吉林省,
5837,766.0,通化金马,2016-12-31,2016.0,850083371.07,吉林省,
5838,875.0,吉电股份,2016-12-31,2016.0,4404523664.52,吉林省,
5839,2118.0,紫鑫药业,2016-12-31,2016.0,819515547.34,吉林省,
5840,2338.0,奥普光电,2016-12-31,2016.0,341857794.89,吉林省,
5841,2501.0,利源精制,2016-12-31,2016.0,2558031519.37,吉林省,
5842,2566.0,益盛药业,2016-12-31,2016.0,939012628.42,吉林省,
5843,2622.0,融钰集团,2016-12-31,2016.0,120062609.46,吉林省,
5844,300108.0,双龙股份,2016-12-31,2016.0,746504134.36,吉林省,
5845,300396.0,迪瑞医疗,2016-12-31,2016.0,758694233.74,吉林省,
5846,300510.0,金冠电气,2016-12-31,2016.0,378225977.89,吉林省,
5847,600110.0,诺德股份,2016-12-31,2016.0,2002208922.84,吉林省,
5848,600333.0,长春燃气,2016-12-31,2016.0,1301847533.24,吉林省,
5849,600360.0,华微电子,2016-12-31,2016.0,1395863516.46,吉林省,
5850,600432.0,*ST 吉恩,2016-12-31,2016.0,2760347564.63,吉林省,
5851,600856.0,中天能源,2016-12-31,2016.0,3635419161.05,吉林省,
5852,600867.0,通化东宝,2016-12-31,2016.0,2040394539.9,吉林省,
5853,600881.0,亚泰集团,2016-12-31,2016.0,11010730487.13,吉林省,
5854,,,,,45563122375.58,吉林省 汇总,
5855,301.0,东方市场,2016-12-31,2016.0,793110205.43,江苏省,
5856,418.0,小天鹅A,2016-12-31,2016.0,16334914501.69,江苏省,
5857,421.0,南京公用,2016-12-31,2016.0,3887661966.69,江苏省,
5858,425.0,徐工机械,2016-12-31,2016.0,16891229922.95,江苏省,
5859,518.0,四环生物,2016-12-31,2016.0,327313301.33,江苏省,
5860,570.0,苏常柴A,2016-12-31,2016.0,2283028855.52,江苏省,
5861,727.0,华东科技,2016-12-31,2016.0,1576591996.21,江苏省,
5862,777.0,中核科技,2016-12-31,2016.0,967144616.8,江苏省,
5863,816.0,智慧农业,2016-12-31,2016.0,1834320842.51,江苏省,
5864,919.0,金陵药业,2016-12-31,2016.0,3578652774.45,江苏省,
5865,936.0,华西股份,2016-12-31,2016.0,2125321281.99,江苏省,
5866,2009.0,天奇股份,2016-12-31,2016.0,2436786642.41,江苏省,
5867,2015.0,霞客环保,2016-12-31,2016.0,379741432.55,江苏省,
5868,2074.0,国轩高科,2016-12-31,2016.0,4757931943.94,江苏省,
5869,2077.0,大港股份,2016-12-31,2016.0,1369594103.67,江苏省,
5870,2079.0,苏州固锝,2016-12-31,2016.0,1187334429.1,江苏省,
5871,2080.0,中材科技,2016-12-31,2016.0,8968929124.74,江苏省,
5872,2089.0,新海宜,2016-12-31,2016.0,1900601749.26,江苏省,
5873,2090.0,金智科技,2016-12-31,2016.0,1874225630.94,江苏省,
5874,2104.0,恒宝股份,2016-12-31,2016.0,1353352597.08,江苏省,
5875,2156.0,通富微电,2016-12-31,2016.0,4591656651.56,江苏省,
5876,2160.0,常铝股份,2016-12-31,2016.0,3285369251.1,江苏省,
5877,2172.0,澳洋科技,2016-12-31,2016.0,4875817833.2,江苏省,
5878,2182.0,云海金属,2016-12-31,2016.0,4048091669.31,江苏省,
5879,2201.0,九鼎新材,2016-12-31,2016.0,793740923.08,江苏省,
5880,2223.0,鱼跃医疗,2016-12-31,2016.0,2632594737.35,江苏省,
5881,2245.0,澳洋顺昌,2016-12-31,2016.0,1925989363.56,江苏省,
5882,2255.0,海陆重工,2016-12-31,2016.0,1065508630.29,江苏省,
5883,2262.0,恩华药业,2016-12-31,2016.0,3017785760.0,江苏省,
5884,2290.0,禾盛新材,2016-12-31,2016.0,1050316406.42,江苏省,
5885,2309.0,中利科技,2016-12-31,2016.0,10577342845.3,江苏省,
5886,2333.0,罗普斯金,2016-12-31,2016.0,977172460.43,江苏省,
5887,2349.0,精华制药,2016-12-31,2016.0,881487170.96,江苏省,
5888,2367.0,康力电梯,2016-12-31,2016.0,3314058122.13,江苏省,
5889,2384.0,东山精密,2016-12-31,2016.0,8403297216.84,江苏省,
5890,2411.0,必康股份,2016-12-31,2016.0,3723904604.97,江苏省,
5891,2413.0,雷科防务,2016-12-31,2016.0,530528699.72,江苏省,
5892,2426.0,胜利精密,2016-12-31,2016.0,13302339653.5,江苏省,
5893,2435.0,长江润发,2016-12-31,2016.0,2115003538.13,江苏省,
5894,2438.0,江苏神通,2016-12-31,2016.0,600482796.93,江苏省,
5895,2463.0,沪电股份,2016-12-31,2016.0,3790284705.0,江苏省,
5896,2471.0,中超控股,2016-12-31,2016.0,6217001129.14,江苏省,
5897,2483.0,润邦股份,2016-12-31,2016.0,2824431346.41,江苏省,
5898,2484.0,江海股份,2016-12-31,2016.0,1223618895.01,江苏省,
5899,2491.0,通鼎互联,2016-12-31,2016.0,4143452587.77,江苏省,
5900,2499.0,科林环保,2016-12-31,2016.0,326101428.28,江苏省,
5901,2519.0,银河电子,2016-12-31,2016.0,1980929383.07,江苏省,
5902,2531.0,天顺风能,2016-12-31,2016.0,2263495753.95,江苏省,
5903,2540.0,亚太科技,2016-12-31,2016.0,2712840195.44,江苏省,
5904,2546.0,新联电子,2016-12-31,2016.0,583965508.09,江苏省,
5905,2550.0,千红制药,2016-12-31,2016.0,776388972.85,江苏省,
5906,2553.0,南方轴承,2016-12-31,2016.0,320036398.27,江苏省,
5907,2559.0,亚威股份,2016-12-31,2016.0,1169245177.52,江苏省,
5908,2576.0,通达动力,2016-12-31,2016.0,818892109.76,江苏省,
5909,2608.0,*ST 舜船,2016-12-31,2016.0,16141016056.06,江苏省,
5910,2610.0,爱康科技,2016-12-31,2016.0,3904992406.27,江苏省,
5911,2623.0,亚玛顿,2016-12-31,2016.0,1395846083.34,江苏省,
5912,2635.0,安洁科技,2016-12-31,2016.0,1827662448.93,江苏省,
5913,2645.0,华宏科技,2016-12-31,2016.0,1005528094.85,江苏省,
5914,2680.0,长生生物,2016-12-31,2016.0,1017909719.76,江苏省,
5915,2685.0,华东重机,2016-12-31,2016.0,2140218732.93,江苏省,
5916,2692.0,远程电缆,2016-12-31,2016.0,2533087332.39,江苏省,
5917,2747.0,埃斯顿,2016-12-31,2016.0,678349722.03,江苏省,
5918,2796.0,世嘉科技,2016-12-31,2016.0,497125557.44,江苏省,
5919,2808.0,苏州恒久,2016-12-31,2016.0,274682192.25,江苏省,
5920,200468.0,*ST 宁通B,2016-12-31,2016.0,1853911278.83,江苏省,
5921,300029.0,天龙光电,2016-12-31,2016.0,131948960.88,江苏省,
5922,300091.0,金通灵,2016-12-31,2016.0,946065765.65,江苏省,
5923,300128.0,锦富新材,2016-12-31,2016.0,2973195437.16,江苏省,
5924,300141.0,和顺电气,2016-12-31,2016.0,406701295.65,江苏省,
5925,300160.0,秀强股份,2016-12-31,2016.0,1147258970.2,江苏省,
5926,300165.0,天瑞仪器,2016-12-31,2016.0,430400414.3,江苏省,
5927,300196.0,长海股份,2016-12-31,2016.0,1767919840.42,江苏省,
5928,300201.0,海伦哲,2016-12-31,2016.0,1267076617.29,江苏省,
5929,300211.0,亿通科技,2016-12-31,2016.0,219752511.79,江苏省,
5930,300217.0,东方电热,2016-12-31,2016.0,929682027.09,江苏省,
5931,300228.0,富瑞特装,2016-12-31,2016.0,886500947.23,江苏省,
5932,300260.0,新莱应材,2016-12-31,2016.0,490281760.15,江苏省,
5933,300265.0,通光线缆,2016-12-31,2016.0,1452833756.71,江苏省,
5934,300279.0,和晶科技,2016-12-31,2016.0,1325884875.02,江苏省,
5935,300331.0,苏大维格,2016-12-31,2016.0,415723449.88,江苏省,
5936,300337.0,银邦股份,2016-12-31,2016.0,1564897745.37,江苏省,
5937,300342.0,天银机电,2016-12-31,2016.0,654480344.96,江苏省,
5938,300346.0,南大光电,2016-12-31,2016.0,101325460.75,江苏省,
5939,300354.0,东华测试,2016-12-31,2016.0,129805637.56,江苏省,
5940,300356.0,光一科技,2016-12-31,2016.0,814298079.17,江苏省,
5941,300373.0,扬杰科技,2016-12-31,2016.0,1190162835.24,江苏省,
5942,300382.0,斯莱克,2016-12-31,2016.0,388454274.42,江苏省,
5943,300385.0,雪浪环境,2016-12-31,2016.0,696323053.76,江苏省,
5944,300390.0,天华超净,2016-12-31,2016.0,590988701.73,江苏省,
5945,300393.0,中来股份,2016-12-31,2016.0,1387709576.33,江苏省,
5946,300394.0,天孚通信,2016-12-31,2016.0,310047077.82,江苏省,
5947,300402.0,宝色股份,2016-12-31,2016.0,252508424.1,江苏省,
5948,300420.0,五洋科技,2016-12-31,2016.0,606627349.46,江苏省,
5949,300421.0,力星股份,2016-12-31,2016.0,486178172.96,江苏省,
5950,300447.0,全信股份,2016-12-31,2016.0,418487398.82,江苏省,
5951,300450.0,先导智能,2016-12-31,2016.0,1078980824.28,江苏省,
5952,300466.0,赛摩电气,2016-12-31,2016.0,331413452.26,江苏省,
5953,300509.0,新美星,2016-12-31,2016.0,454057839.19,江苏省,
5954,300549.0,优德精密,2016-12-31,2016.0,364054892.46,江苏省,
5955,300555.0,路通视信,2016-12-31,2016.0,393969737.64,江苏省,
5956,300563.0,神宇股份,2016-12-31,2016.0,312435342.85,江苏省,
5957,300584.0,海辰药业,2016-12-31,2016.0,280827571.15,江苏省,
5958,300631.0,久吾高科,2016-12-31,2016.0,245949178.12,江苏省,
5959,430418.0,苏轴股份,2016-12-31,2016.0,265299755.42,江苏省,
5960,600074.0,保千里,2016-12-31,2016.0,4114202062.62,江苏省,
5961,600105.0,永鼎股份,2016-12-31,2016.0,2578578721.48,江苏省,
5962,600200.0,江苏吴中,2016-12-31,2016.0,3989290786.1,江苏省,
5963,600268.0,国电南自,2016-12-31,2016.0,5893489455.37,江苏省,
5964,600276.0,恒瑞医药,2016-12-31,2016.0,11093724121.18,江苏省,
5965,600401.0,海润光伏,2016-12-31,2016.0,4519080451.1,江苏省,
5966,600481.0,双良节能,2016-12-31,2016.0,2014362018.13,江苏省,
5967,600487.0,亨通光电,2016-12-31,2016.0,19300546444.93,江苏省,
5968,600513.0,联环药业,2016-12-31,2016.0,604860656.33,江苏省,
5969,600522.0,中天科技,2016-12-31,2016.0,21107950272.33,江苏省,
5970,600527.0,江南高纤,2016-12-31,2016.0,1188193935.47,江苏省,
5971,600557.0,康缘药业,2016-12-31,2016.0,3000277807.29,江苏省,
5972,600562.0,国睿科技,2016-12-31,2016.0,1258106716.51,江苏省,
5973,600584.0,长电科技,2016-12-31,2016.0,19154527743.1,江苏省,
5974,600775.0,南京熊猫,2016-12-31,2016.0,3702763356.54,江苏省,
5975,600854.0,春兰股份,2016-12-31,2016.0,186469286.08,江苏省,
5976,600889.0,南京化纤,2016-12-31,2016.0,1664832961.69,江苏省,
5977,600973.0,宝胜股份,2016-12-31,2016.0,15126698586.35,江苏省,
5978,601100.0,恒立液压,2016-12-31,2016.0,1370100268.36,江苏省,
5979,601199.0,江南水务,2016-12-31,2016.0,1106824908.59,江苏省,
5980,601218.0,吉鑫科技,2016-12-31,2016.0,1556931693.63,江苏省,
5981,601222.0,林洋能源,2016-12-31,2016.0,3114720437.43,江苏省,
5982,601313.0,江南嘉捷,2016-12-31,2016.0,2417247296.62,江苏省,
5983,601388.0,怡球资源,2016-12-31,2016.0,3766844813.42,江苏省,
5984,603005.0,晶方科技,2016-12-31,2016.0,512390368.91,江苏省,
5985,603016.0,新宏泰,2016-12-31,2016.0,377221281.76,江苏省,
5986,603036.0,如通股份,2016-12-31,2016.0,213459436.52,江苏省,
5987,603090.0,宏盛股份,2016-12-31,2016.0,229942861.59,江苏省,
5988,603203.0,快克股份,2016-12-31,2016.0,286209862.49,江苏省,
5989,603339.0,四方冷链,2016-12-31,2016.0,675793332.74,江苏省,
5990,603355.0,莱克电气,2016-12-31,2016.0,4376663717.62,江苏省,
5991,603366.0,日出东方,2016-12-31,2016.0,2351760250.5,江苏省,
5992,603416.0,信捷电气,2016-12-31,2016.0,353470015.84,江苏省,
5993,603519.0,立霸股份,2016-12-31,2016.0,862783265.23,江苏省,
5994,603528.0,多伦科技,2016-12-31,2016.0,832156435.87,江苏省,
5995,603660.0,苏州科达,2016-12-31,2016.0,1448575882.74,江苏省,
5996,603688.0,石英股份,2016-12-31,2016.0,446585426.61,江苏省,
5997,603699.0,纽威股份,2016-12-31,2016.0,2045455489.83,江苏省,
5998,603800.0,道森股份,2016-12-31,2016.0,416710326.45,江苏省,
5999,603819.0,神力股份,2016-12-31,2016.0,555230431.98,江苏省,
6000,603966.0,法兰泰克,2016-12-31,2016.0,541237074.59,江苏省,
6001,603988.0,中电电机,2016-12-31,2016.0,233808694.33,江苏省,
6002,830946.0,森萱医药,2016-12-31,2016.0,181097022.72,江苏省,
6003,831641.0,格利尔,2016-12-31,2016.0,239841340.39,江苏省,
6004,832278.0,鹿得医疗,2016-12-31,2016.0,259132712.23,江苏省,
6005,832662.0,方盛股份,2016-12-31,2016.0,119090196.72,江苏省,
6006,833914.0,远航精密,2016-12-31,2016.0,264132698.34,江苏省,
6007,834014.0,特瑞斯,2016-12-31,2016.0,251198693.7,江苏省,
6008,836149.0,旭杰科技,2016-12-31,2016.0,87243608.92,江苏省,
6009,837046.0,亿能电力,2016-12-31,2016.0,63601800.71,江苏省,
6010,839167.0,同享科技,2016-12-31,2016.0,145148930.15,江苏省,
6011,870299.0,灿能电力,2016-12-31,2016.0,60044937.61,江苏省,
6012,871396.0,常辅股份,2016-12-31,2016.0,149807990.33,江苏省,
6013,,,,,389482217712.99,江苏省 汇总,
6014,404.0,华意压缩,2016-12-31,2016.0,6965088878.56,江西省,
6015,650.0,仁和药业,2016-12-31,2016.0,3567078260.29,江西省,
6016,789.0,万年青,2016-12-31,2016.0,5657765743.8,江西省,
6017,899.0,赣能股份,2016-12-31,2016.0,2176561485.2,江西省,
6018,2176.0,江特电机,2016-12-31,2016.0,2984711704.46,江西省,
6019,2378.0,章源钨业,2016-12-31,2016.0,1311389384.93,江西省,
6020,2460.0,赣锋锂业,2016-12-31,2016.0,2844120347.65,江西省,
6021,300066.0,三川智慧,2016-12-31,2016.0,695124138.59,江西省,
6022,300095.0,华伍股份,2016-12-31,2016.0,594345649.08,江西省,
6023,300294.0,博雅生物,2016-12-31,2016.0,946596099.59,江西省,
6024,300453.0,三鑫医疗,2016-12-31,2016.0,317774431.65,江西省,
6025,300497.0,富祥股份,2016-12-31,2016.0,763686934.97,江西省,
6026,600071.0,凤凰光学,2016-12-31,2016.0,749552198.79,江西省,
6027,600362.0,江西铜业,2016-12-31,2016.0,202308220227.0,江西省,
6028,600363.0,联创光电,2016-12-31,2016.0,2504328065.43,江西省,
6029,600461.0,洪城水业,2016-12-31,2016.0,3091211667.26,江西省,
6030,600590.0,泰豪科技,2016-12-31,2016.0,3901935660.39,江西省,
6031,600750.0,江中药业,2016-12-31,2016.0,1561863081.22,江西省,
6032,,,,,242941353958.86,江西省 汇总,
6033,410.0,沈阳机床,2016-12-31,2016.0,6243792555.67,辽宁省,
6034,511.0,*ST 烯碳,2016-12-31,2016.0,1415664714.79,辽宁省,
6035,530.0,大冷股份,2016-12-31,2016.0,1779499226.64,辽宁省,
6036,585.0,东北电气,2016-12-31,2016.0,63514424.29,辽宁省,
6037,597.0,东北制药,2016-12-31,2016.0,4814401659.98,辽宁省,
6038,633.0,*ST 合金,2016-12-31,2016.0,52007023.0,辽宁省,
6039,692.0,惠天热电,2016-12-31,2016.0,1829976671.38,辽宁省,
6040,751.0,锌业股份,2016-12-31,2016.0,4713339004.02,辽宁省,
6041,2204.0,大连重工,2016-12-31,2016.0,6432544240.84,辽宁省,
6042,2231.0,奥维通信,2016-12-31,2016.0,479468769.42,辽宁省,
6043,2606.0,大连电瓷,2016-12-31,2016.0,752828611.22,辽宁省,
6044,2667.0,鞍重股份,2016-12-31,2016.0,90993624.33,辽宁省,
6045,2689.0,远大智能,2016-12-31,2016.0,1239718100.95,辽宁省,
6046,200706.0,*ST 瓦轴B,2016-12-31,2016.0,2493926556.67,辽宁省,
6047,300024.0,机器人,2016-12-31,2016.0,2033481030.11,辽宁省,
6048,300097.0,智云股份,2016-12-31,2016.0,602028931.57,辽宁省,
6049,300125.0,易世达,2016-12-31,2016.0,162605434.8,辽宁省,
6050,300202.0,聚龙股份,2016-12-31,2016.0,930074766.45,辽宁省,
6051,300210.0,森远股份,2016-12-31,2016.0,457715650.28,辽宁省,
6052,300293.0,蓝英装备,2016-12-31,2016.0,181476656.75,辽宁省,
6053,300372.0,欣泰电气,2016-12-31,2016.0,141274679.68,辽宁省,
6054,300473.0,德尔股份,2016-12-31,2016.0,622677373.62,辽宁省,
6055,300573.0,兴齐眼药,2016-12-31,2016.0,339100076.02,辽宁省,
6056,600167.0,联美控股,2016-12-31,2016.0,2044444894.91,辽宁省,
6057,600241.0,时代万恒,2016-12-31,2016.0,1559906077.25,辽宁省,
6058,600346.0,恒力股份,2016-12-31,2016.0,19239958375.58,辽宁省,
6059,600396.0,金山股份,2016-12-31,2016.0,6567449154.3,辽宁省,
6060,600719.0,大连热电,2016-12-31,2016.0,707391860.23,辽宁省,
6061,600795.0,国电电力,2016-12-31,2016.0,58416049767.35,辽宁省,
6062,603315.0,福鞍股份,2016-12-31,2016.0,345947653.81,辽宁省,
6063,603318.0,派思股份,2016-12-31,2016.0,391235130.95,辽宁省,
6064,603399.0,新华龙,2016-12-31,2016.0,1373422991.93,辽宁省,
6065,835368.0,连城数控,2016-12-31,2016.0,374873270.51,辽宁省,
6066,,,,,128892788959.3,辽宁省 汇总,
6067,2688.0,金河生物,2016-12-31,2016.0,1495686256.4,内蒙古自治区,
6068,300049.0,福瑞股份,2016-12-31,2016.0,826987166.98,内蒙古自治区,
6069,300239.0,东宝生物,2016-12-31,2016.0,316593978.88,内蒙古自治区,
6070,600111.0,北方稀土,2016-12-31,2016.0,5113163183.02,内蒙古自治区,
6071,600201.0,生物股份,2016-12-31,2016.0,1517019283.34,内蒙古自治区,
6072,600262.0,北方股份,2016-12-31,2016.0,883047829.96,内蒙古自治区,
6073,600863.0,内蒙华电,2016-12-31,2016.0,9185834367.8,内蒙古自治区,
6074,836433.0,大唐药业,2016-12-31,2016.0,101190593.04,内蒙古自治区,
6075,,,,,19439522659.42,内蒙古自治区 汇总,
6076,595.0,宝塔实业,2016-12-31,2016.0,355699118.61,宁夏回族自治区,
6077,862.0,银星能源,2016-12-31,2016.0,1442558225.52,宁夏回族自治区,
6078,962.0,*ST 东钽,2016-12-31,2016.0,871137228.14,宁夏回族自治区,
6079,2457.0,青龙管业,2016-12-31,2016.0,789341823.06,宁夏回族自治区,
6080,600449.0,宁夏建材,2016-12-31,2016.0,3688900584.17,宁夏回族自治区,
6081,831010.0,凯添燃气,2016-12-31,2016.0,173726059.88,宁夏回族自治区,
6082,,,,,7321363039.38,宁夏回族自治区 汇总,
6083,600243.0,青海华鼎,2016-12-31,2016.0,956499602.48,青海省,
6084,600771.0,广誉远,2016-12-31,2016.0,866245158.02,青海省,
6085,600869.0,智慧能源,2016-12-31,2016.0,12242764616.49,青海省,
6086,,,,,14065509376.99,青海省 汇总,
6087,407.0,胜利股份,2016-12-31,2016.0,2649794927.14,山东省,
6088,423.0,东阿阿胶,2016-12-31,2016.0,6317135286.24,山东省,
6089,677.0,恒天海龙,2016-12-31,2016.0,486099163.58,山东省,
6090,680.0,山推股份,2016-12-31,2016.0,4404461082.31,山东省,
6091,739.0,普洛药业,2016-12-31,2016.0,4772188878.85,山东省,
6092,756.0,新华制药,2016-12-31,2016.0,4014963065.74,山东省,
6093,811.0,烟台冰轮,2016-12-31,2016.0,3022738431.85,山东省,
6094,880.0,潍柴重机,2016-12-31,2016.0,1744218180.3,山东省,
6095,915.0,山大华特,2016-12-31,2016.0,1544725068.68,山东省,
6096,977.0,浪潮信息,2016-12-31,2016.0,12667745961.86,山东省,
6097,2073.0,软控股份,2016-12-31,2016.0,1932911678.91,山东省,
6098,2088.0,鲁阳节能,2016-12-31,2016.0,1189518327.2,山东省,
6099,2107.0,沃华医药,2016-12-31,2016.0,562845617.66,山东省,
6100,2111.0,威海广泰,2016-12-31,2016.0,1555291093.88,山东省,
6101,2217.0,合力泰,2016-12-31,2016.0,11844847835.29,山东省,
6102,2237.0,恒邦股份,2016-12-31,2016.0,16397424177.5,山东省,
6103,2241.0,歌尔股份,2016-12-31,2016.0,19287807649.88,山东省,
6104,2242.0,九阳股份,2016-12-31,2016.0,7314804589.33,山东省,
6105,2248.0,华东数控,2016-12-31,2016.0,167701814.23,山东省,
6106,2254.0,泰和新材,2016-12-31,2016.0,1580806475.04,山东省,
6107,2270.0,华明装备,2016-12-31,2016.0,1036717894.98,山东省,
6108,2339.0,积成电子,2016-12-31,2016.0,1421634976.13,山东省,
6109,2353.0,杰瑞股份,2016-12-31,2016.0,2833829956.95,山东省,
6110,2376.0,新北洋,2016-12-31,2016.0,1635021271.64,山东省,
6111,2379.0,*ST 鲁丰,2016-12-31,2016.0,977120506.01,山东省,
6112,2382.0,蓝帆医疗,2016-12-31,2016.0,1288770719.8,山东省,
6113,2490.0,山东墨龙,2016-12-31,2016.0,1531118375.18,山东省,
6114,2498.0,汉缆股份,2016-12-31,2016.0,4138144544.06,山东省,
6115,2526.0,山东矿机,2016-12-31,2016.0,856527703.61,山东省,
6116,2537.0,海立美达,2016-12-31,2016.0,2634295194.85,山东省,
6117,2580.0,圣阳股份,2016-12-31,2016.0,1551654658.12,山东省,
6118,2581.0,未名医药,2016-12-31,2016.0,1264879436.13,山东省,
6119,2595.0,豪迈科技,2016-12-31,2016.0,2606483094.18,山东省,
6120,2598.0,山东章鼓,2016-12-31,2016.0,481282073.06,山东省,
6121,2655.0,共达电声,2016-12-31,2016.0,716028565.33,山东省,
6122,2671.0,龙泉股份,2016-12-31,2016.0,791673533.67,山东省,
6123,2675.0,东诚药业,2016-12-31,2016.0,1158450736.98,山东省,
6124,300001.0,特锐德,2016-12-31,2016.0,6114244188.65,山东省,
6125,300099.0,尤洛卡,2016-12-31,2016.0,230358279.45,山东省,
6126,300105.0,龙源技术,2016-12-31,2016.0,444533829.91,山东省,
6127,300110.0,华仁药业,2016-12-31,2016.0,1248972198.38,山东省,
6128,300185.0,通裕重工,2016-12-31,2016.0,2429579842.64,山东省,
6129,300208.0,恒顺众昇,2016-12-31,2016.0,1199368779.85,山东省,
6130,300224.0,正海磁材,2016-12-31,2016.0,1587612035.77,山东省,
6131,300233.0,金城医药,2016-12-31,2016.0,1420385019.39,山东省,
6132,300308.0,中际装备,2016-12-31,2016.0,131620384.91,山东省,
6133,300391.0,康跃科技,2016-12-31,2016.0,234866048.11,山东省,
6134,300423.0,鲁亿通,2016-12-31,2016.0,233323126.67,山东省,
6135,300443.0,金雷风电,2016-12-31,2016.0,636297655.75,山东省,
6136,300479.0,神思电子,2016-12-31,2016.0,279334476.8,山东省,
6137,300569.0,天能重工,2016-12-31,2016.0,960779560.38,山东省,
6138,300583.0,赛托生物,2016-12-31,2016.0,568245934.4,山东省,
6139,430476.0,海能技术,2016-12-31,2016.0,124655554.48,山东省,
6140,600027.0,华电国际,2016-12-31,2016.0,63346051000.0,山东省,
6141,600060.0,海信电器,2016-12-31,2016.0,31832456026.9,山东省,
6142,600219.0,南山铝业,2016-12-31,2016.0,13227886191.44,山东省,
6143,600336.0,澳柯玛,2016-12-31,2016.0,3750644767.91,山东省,
6144,600385.0,山东金泰,2016-12-31,2016.0,289949159.52,山东省,
6145,600529.0,山东药玻,2016-12-31,2016.0,2057473059.65,山东省,
6146,600579.0,天华院,2016-12-31,2016.0,482309900.05,山东省,
6147,600586.0,金晶科技,2016-12-31,2016.0,3357176506.65,山东省,
6148,600587.0,新华医疗,2016-12-31,2016.0,8364495530.87,山东省,
6149,600690.0,青岛海尔,2016-12-31,2016.0,119065825201.51,山东省,
6150,600789.0,鲁抗医药,2016-12-31,2016.0,2505591895.33,山东省,
6151,600898.0,三联商社,2016-12-31,2016.0,1150093283.48,山东省,
6152,603021.0,山东华鹏,2016-12-31,2016.0,696335671.22,山东省,
6153,603029.0,天鹅股份,2016-12-31,2016.0,251529503.4,山东省,
6154,603638.0,艾迪精密,2016-12-31,2016.0,400060859.88,山东省,
6155,603858.0,步长制药,2016-12-31,2016.0,12320883101.06,山东省,
6156,830839.0,万通液压,2016-12-31,2016.0,82949957.81,山东省,
6157,831278.0,泰德股份,2016-12-31,2016.0,151657712.16,山东省,
6158,831689.0,克莱特,2016-12-31,2016.0,181122015.21,山东省,
6159,,,,,411740330805.74,山东省 汇总,
6160,403.0,ST 生化,2016-12-31,2016.0,561213910.58,山西省,
6161,767.0,漳泽电力,2016-12-31,2016.0,8258167237.14,山西省,
6162,795.0,英洛华,2016-12-31,2016.0,1651054265.84,山西省,
6163,831.0,*ST 五稀,2016-12-31,2016.0,447740847.42,山西省,
6164,300158.0,振东制药,2016-12-31,2016.0,3282999975.86,山西省,
6165,300254.0,仟源医药,2016-12-31,2016.0,746076863.59,山西省,
6166,300486.0,东杰智能,2016-12-31,2016.0,198939691.38,山西省,
6167,600157.0,永泰能源,2016-12-31,2016.0,13699155901.87,山西省,
6168,600169.0,太原重工,2016-12-31,2016.0,4277405819.78,山西省,
6169,600234.0,*ST 山水,2016-12-31,2016.0,20626591.85,山西省,
6170,600281.0,太化股份,2016-12-31,2016.0,1581091209.18,山西省,
6171,600351.0,亚宝药业,2016-12-31,2016.0,1806110170.6,山西省,
6172,600392.0,盛和资源,2016-12-31,2016.0,1371133536.69,山西省,
6173,600780.0,通宝能源,2016-12-31,2016.0,4884503200.52,山西省,
6174,,,,,42786219222.3,山西省 汇总,
6175,561.0,烽火电子,2016-12-31,2016.0,1119101709.34,陕西省,
6176,837.0,秦川机床,2016-12-31,2016.0,2704412966.86,陕西省,
6177,2149.0,西部材料,2016-12-31,2016.0,1213337701.7,陕西省,
6178,2267.0,陕天然气,2016-12-31,2016.0,7186791288.54,陕西省,
6179,300023.0,宝德股份,2016-12-31,2016.0,677069806.26,陕西省,
6180,300114.0,中航电测,2016-12-31,2016.0,1086059416.82,陕西省,
6181,300116.0,坚瑞沃能,2016-12-31,2016.0,3819601315.01,陕西省,
6182,300140.0,启源装备,2016-12-31,2016.0,1315765899.97,陕西省,
6183,300397.0,天和防务,2016-12-31,2016.0,218067705.75,陕西省,
6184,300581.0,晨曦航空,2016-12-31,2016.0,203673831.28,陕西省,
6185,600080.0,金花股份,2016-12-31,2016.0,666645492.79,陕西省,
6186,600302.0,标准股份,2016-12-31,2016.0,571275597.54,陕西省,
6187,600343.0,航天动力,2016-12-31,2016.0,1369081911.47,陕西省,
6188,600379.0,宝光股份,2016-12-31,2016.0,696057727.01,陕西省,
6189,600456.0,宝钛股份,2016-12-31,2016.0,2510478103.53,陕西省,
6190,600707.0,彩虹股份,2016-12-31,2016.0,337173545.04,陕西省,
6191,600817.0,*ST 宏盛,2016-12-31,2016.0,5389404.42,陕西省,
6192,600984.0,建设机械,2016-12-31,2016.0,1375580880.38,陕西省,
6193,601012.0,隆基股份,2016-12-31,2016.0,11530533460.78,陕西省,
6194,601179.0,中国西电,2016-12-31,2016.0,13979887525.73,陕西省,
6195,601369.0,陕鼓动力,2016-12-31,2016.0,3607139820.12,陕西省,
6196,835640.0,富士达,2016-12-31,2016.0,478802968.48,陕西省,
6197,,,,,56671928078.82,陕西省 汇总,
6198,2022.0,科华生物,2016-12-31,2016.0,1396672088.94,上海市,
6199,2028.0,思源电气,2016-12-31,2016.0,4403730404.35,上海市,
6200,2058.0,威尔泰,2016-12-31,2016.0,99687766.37,上海市,
6201,2158.0,汉钟精机,2016-12-31,2016.0,973770007.95,上海市,
6202,2162.0,悦心健康,2016-12-31,2016.0,777888772.22,上海市,
6203,2184.0,海得控制,2016-12-31,2016.0,1748307763.77,上海市,
6204,2252.0,上海莱士,2016-12-31,2016.0,2326250348.75,上海市,
6205,2278.0,神开股份,2016-12-31,2016.0,416038607.8,上海市,
6206,2346.0,柘中股份,2016-12-31,2016.0,421834228.22,上海市,
6207,2451.0,摩恩电气,2016-12-31,2016.0,500808563.55,上海市,
6208,2506.0,协鑫集成,2016-12-31,2016.0,12026723057.18,上海市,
6209,2527.0,新时达,2016-12-31,2016.0,2726567846.4,上海市,
6210,2636.0,金安国纪,2016-12-31,2016.0,3053729239.95,上海市,
6211,2706.0,良信电器,2016-12-31,2016.0,1225771405.37,上海市,
6212,300039.0,上海凯宝,2016-12-31,2016.0,1497151217.58,上海市,
6213,300126.0,锐奇股份,2016-12-31,2016.0,527177407.74,上海市,
6214,300129.0,泰胜风能,2016-12-31,2016.0,1505623355.16,上海市,
6215,300153.0,科泰电源,2016-12-31,2016.0,815114039.33,上海市,
6216,300171.0,东富龙,2016-12-31,2016.0,1327836602.18,上海市,
6217,300222.0,科大智能,2016-12-31,2016.0,1733985027.89,上海市,
6218,300272.0,开能环保,2016-12-31,2016.0,642995032.52,上海市,
6219,300286.0,安科瑞,2016-12-31,2016.0,329363244.96,上海市,
6220,300326.0,凯利泰,2016-12-31,2016.0,550596649.69,上海市,
6221,300327.0,中颖电子,2016-12-31,2016.0,517702356.17,上海市,
6222,300442.0,普丽盛,2016-12-31,2016.0,575815769.31,上海市,
6223,300462.0,华铭智能,2016-12-31,2016.0,213445811.18,上海市,
6224,300501.0,海顺新材,2016-12-31,2016.0,301275888.33,上海市,
6225,300551.0,古鳌科技,2016-12-31,2016.0,262787894.26,上海市,
6226,300590.0,移为通信,2016-12-31,2016.0,270154213.36,上海市,
6227,430139.0,华岭股份,2016-12-31,2016.0,121725040.22,上海市,
6228,430300.0,辰光医疗,2016-12-31,2016.0,79254431.45,上海市,
6229,600021.0,上海电力,2016-12-31,2016.0,16046441686.27,上海市,
6230,600151.0,航天机电,2016-12-31,2016.0,5448465936.91,上海市,
6231,600171.0,上海贝岭,2016-12-31,2016.0,509093878.16,上海市,
6232,600196.0,复星医药,2016-12-31,2016.0,14628820443.07,上海市,
6233,600320.0,振华重工,2016-12-31,2016.0,24348087928.0,上海市,
6234,600420.0,现代制药,2016-12-31,2016.0,9125774773.35,上海市,
6235,600490.0,鹏欣资源,2016-12-31,2016.0,2560087944.36,上海市,
6236,600530.0,交大昂立,2016-12-31,2016.0,253266715.78,上海市,
6237,600601.0,方正科技,2016-12-31,2016.0,6613713691.58,上海市,
6238,600613.0,神奇制药,2016-12-31,2016.0,1597867921.92,上海市,
6239,600617.0,国新能源,2016-12-31,2016.0,6980184214.65,上海市,
6240,600619.0,海立股份,2016-12-31,2016.0,7383730555.87,上海市,
6241,600624.0,复旦复华,2016-12-31,2016.0,671241849.76,上海市,
6242,600635.0,大众公用,2016-12-31,2016.0,4443469617.85,上海市,
6243,600642.0,申能股份,2016-12-31,2016.0,27758852241.15,上海市,
6244,600651.0,飞乐音响,2016-12-31,2016.0,7177952083.97,上海市,
6245,600680.0,上海普天,2016-12-31,2016.0,688267856.49,上海市,
6246,600732.0,*ST 新梅,2016-12-31,2016.0,200230972.2,上海市,
6247,600781.0,辅仁药业,2016-12-31,2016.0,495631293.1,上海市,
6248,600819.0,耀皮玻璃,2016-12-31,2016.0,2943011023.88,上海市,
6249,600835.0,上海机电,2016-12-31,2016.0,18938551893.71,上海市,
6250,600841.0,上柴股份,2016-12-31,2016.0,2545121534.63,上海市,
6251,600843.0,上工申贝,2016-12-31,2016.0,2759855136.98,上海市,
6252,600851.0,海欣股份,2016-12-31,2016.0,1011809610.66,上海市,
6253,601231.0,环旭电子,2016-12-31,2016.0,23983883716.87,上海市,
6254,601616.0,广电电气,2016-12-31,2016.0,687008457.08,上海市,
6255,601727.0,上海电气,2016-12-31,2016.0,79078361000.0,上海市,
6256,603012.0,创力集团,2016-12-31,2016.0,900917068.03,上海市,
6257,603131.0,上海沪工,2016-12-31,2016.0,500116186.47,上海市,
6258,603159.0,上海亚虹,2016-12-31,2016.0,471425182.55,上海市,
6259,603515.0,欧普照明,2016-12-31,2016.0,5476638648.79,上海市,
6260,603579.0,荣泰健康,2016-12-31,2016.0,1285049735.39,上海市,
6261,603633.0,徕木股份,2016-12-31,2016.0,340197303.17,上海市,
6262,603690.0,至纯科技,2016-12-31,2016.0,263297955.72,上海市,
6263,603718.0,海利生物,2016-12-31,2016.0,343338733.45,上海市,
6264,603868.0,飞科电器,2016-12-31,2016.0,3363894822.32,上海市,
6265,603987.0,康德莱,2016-12-31,2016.0,1132082578.86,上海市,
6266,831961.0,创远仪器,2016-12-31,2016.0,153488443.79,上海市,
6267,836414.0,欧普泰,2016-12-31,2016.0,18985556.21,上海市,
6268,,,,,326498000275.15,上海市 汇总,
6269,155.0,*ST 川化,2016-12-31,2016.0,1812397931.85,四川省,
6270,584.0,友利控股,2016-12-31,2016.0,734172153.62,四川省,
6271,586.0,汇源通信,2016-12-31,2016.0,454978170.66,四川省,
6272,593.0,大通燃气,2016-12-31,2016.0,473502647.45,四川省,
6273,598.0,兴蓉环境,2016-12-31,2016.0,3058335516.11,四川省,
6274,629.0,*ST 钒钛,2016-12-31,2016.0,10610005854.78,四川省,
6275,790.0,泰合健康,2016-12-31,2016.0,575194221.65,四川省,
6276,801.0,四川九洲,2016-12-31,2016.0,3915732878.59,四川省,
6277,810.0,创维数字,2016-12-31,2016.0,5927091441.29,四川省,
6278,935.0,四川双马,2016-12-31,2016.0,2237958272.28,四川省,
6279,2259.0,升达林业,2016-12-31,2016.0,1555401032.78,四川省,
6280,2272.0,川润股份,2016-12-31,2016.0,609611922.62,四川省,
6281,2366.0,台海核电,2016-12-31,2016.0,1210071377.77,四川省,
6282,2422.0,科伦药业,2016-12-31,2016.0,8565943415.0,四川省,
6283,2466.0,天齐锂业,2016-12-31,2016.0,3904564233.41,四川省,
6284,2480.0,新筑股份,2016-12-31,2016.0,1519555508.33,四川省,
6285,2630.0,华西能源,2016-12-31,2016.0,3400516664.68,四川省,
6286,2651.0,利君股份,2016-12-31,2016.0,462377768.18,四川省,
6287,2773.0,康弘药业,2016-12-31,2016.0,2540031522.09,四川省,
6288,2798.0,帝王洁具,2016-12-31,2016.0,427457290.73,四川省,
6289,300028.0,金亚科技,2016-12-31,2016.0,143450239.21,四川省,
6290,300092.0,科新机电,2016-12-31,2016.0,374372570.2,四川省,
6291,300101.0,振芯科技,2016-12-31,2016.0,436578527.14,四川省,
6292,300127.0,银河磁体,2016-12-31,2016.0,423140309.64,四川省,
6293,300362.0,天翔环境,2016-12-31,2016.0,1073868560.66,四川省,
6294,300370.0,安控科技,2016-12-31,2016.0,934647477.36,四川省,
6295,300414.0,中光防雷,2016-12-31,2016.0,316270194.45,四川省,
6296,300425.0,环能科技,2016-12-31,2016.0,488013687.9,四川省,
6297,300434.0,金石东方,2016-12-31,2016.0,162414455.65,四川省,
6298,300463.0,迈克生物,2016-12-31,2016.0,1488780884.51,四川省,
6299,300470.0,日机密封,2016-12-31,2016.0,334060452.8,四川省,
6300,300471.0,厚普股份,2016-12-31,2016.0,1301023064.75,四川省,
6301,300502.0,新易盛,2016-12-31,2016.0,713931650.81,四川省,
6302,300540.0,深冷股份,2016-12-31,2016.0,308072671.22,四川省,
6303,600101.0,明星电力,2016-12-31,2016.0,1383781589.98,四川省,
6304,600331.0,宏达股份,2016-12-31,2016.0,4076359733.71,四川省,
6305,600353.0,旭光股份,2016-12-31,2016.0,978628633.56,四川省,
6306,600505.0,西昌电力,2016-12-31,2016.0,900747135.51,四川省,
6307,600528.0,中铁二局,2016-12-31,2016.0,51241569201.91,四川省,
6308,600644.0,乐山电力,2016-12-31,2016.0,1905600653.05,四川省,
6309,600674.0,川投能源,2016-12-31,2016.0,1001295094.66,四川省,
6310,600678.0,四川金顶,2016-12-31,2016.0,88876689.12,四川省,
6311,600839.0,四川长虹,2016-12-31,2016.0,67175343225.71,四川省,
6312,600875.0,东方电气,2016-12-31,2016.0,33285723808.34,四川省,
6313,600979.0,广安爱众,2016-12-31,2016.0,1887039154.29,四川省,
6314,603333.0,明星电缆,2016-12-31,2016.0,558434058.31,四川省,
6315,833230.0,欧康医药,2016-12-31,2016.0,86054615.86,四川省,
6316,833943.0,优机股份,2016-12-31,2016.0,446960675.45,四川省,
6317,836675.0,秉扬科技,2016-12-31,2016.0,113114814.12,四川省,
6318,870199.0,倍益康,2016-12-31,2016.0,15052966.65,四川省,
6319,,,,,227638106620.4,四川省 汇总,
6320,836.0,鑫茂科技,2016-12-31,2016.0,1859978598.54,天津市,
6321,2129.0,中环股份,2016-12-31,2016.0,6783335284.24,天津市,
6322,2134.0,天津普林,2016-12-31,2016.0,368589176.15,天津市,
6323,2337.0,赛象科技,2016-12-31,2016.0,374633068.82,天津市,
6324,2393.0,力生制药,2016-12-31,2016.0,846853223.73,天津市,
6325,2432.0,九安医疗,2016-12-31,2016.0,420138125.35,天津市,
6326,2821.0,凯莱英,2016-12-31,2016.0,1103194952.01,天津市,
6327,300026.0,红日药业,2016-12-31,2016.0,3867017307.42,天津市,
6328,300119.0,瑞普生物,2016-12-31,2016.0,969858493.64,天津市,
6329,300120.0,经纬电材,2016-12-31,2016.0,630075306.41,天津市,
6330,300195.0,长荣股份,2016-12-31,2016.0,1151067350.39,天津市,
6331,300334.0,津膜科技,2016-12-31,2016.0,749192435.48,天津市,
6332,300407.0,凯发电气,2016-12-31,2016.0,772734347.2,天津市,
6333,600329.0,中新药业,2016-12-31,2016.0,6178821796.04,天津市,
6334,600468.0,百利电气,2016-12-31,2016.0,840421074.56,天津市,
6335,600488.0,天药股份,2016-12-31,2016.0,1206600228.01,天津市,
6336,600535.0,天士力,2016-12-31,2016.0,13945496952.2,天津市,
6337,600821.0,津劝业,2016-12-31,2016.0,272314924.95,天津市,
6338,600874.0,创业环保,2016-12-31,2016.0,1958666000.0,天津市,
6339,603019.0,中科曙光,2016-12-31,2016.0,4360148547.55,天津市,
6340,,,,,48659137192.69,天津市 汇总,
6341,2287.0,奇正藏药,2016-12-31,2016.0,968353943.87,西藏自治区,
6342,2653.0,海思科,2016-12-31,2016.0,1435606586.81,西藏自治区,
6343,2826.0,易明医药,2016-12-31,2016.0,451922477.05,西藏自治区,
6344,600211.0,西藏药业,2016-12-31,2016.0,796806691.52,西藏自治区,
6345,600326.0,西藏天路,2016-12-31,2016.0,2501257287.01,西藏自治区,
6346,603669.0,灵康药业,2016-12-31,2016.0,478588633.25,西藏自治区,
6347,,,,,6632535619.51,西藏自治区 汇总,
6348,813.0,德展健康,2016-12-31,2016.0,1442998625.9,新疆维吾尔自治区,
6349,877.0,天山股份,2016-12-31,2016.0,5001262134.11,新疆维吾尔自治区,
6350,2202.0,金风科技,2016-12-31,2016.0,26395829300.45,新疆维吾尔自治区,
6351,2205.0,国统股份,2016-12-31,2016.0,600734208.89,新疆维吾尔自治区,
6352,2302.0,西部建设,2016-12-31,2016.0,11529494543.04,新疆维吾尔自治区,
6353,2700.0,新疆浩源,2016-12-31,2016.0,348072857.54,新疆维吾尔自治区,
6354,600089.0,特变电工,2016-12-31,2016.0,40117492192.36,新疆维吾尔自治区,
6355,600425.0,青松建化,2016-12-31,2016.0,1802357428.23,新疆维吾尔自治区,
6356,600509.0,天富能源,2016-12-31,2016.0,3636038874.56,新疆维吾尔自治区,
6357,600545.0,新疆城建,2016-12-31,2016.0,3190679801.13,新疆维吾尔自治区,
6358,600888.0,新疆众和,2016-12-31,2016.0,5546881061.27,新疆维吾尔自治区,
6359,603032.0,德新交运,2016-12-31,2016.0,256045518.08,新疆维吾尔自治区,
6360,603393.0,新天然气,2016-12-31,2016.0,914506740.6,新疆维吾尔自治区,
6361,,,,,100782393286.16,新疆维吾尔自治区 汇总,
6362,538.0,云南白药,2016-12-31,2016.0,22410654404.31,云南省,
6363,807.0,云铝股份,2016-12-31,2016.0,15543305908.89,云南省,
6364,878.0,云南铜业,2016-12-31,2016.0,59194819685.94,云南省,
6365,903.0,云内动力,2016-12-31,2016.0,3925625424.93,云南省,
6366,960.0,锡业股份,2016-12-31,2016.0,33429059137.17,云南省,
6367,2114.0,罗平锌电,2016-12-31,2016.0,1003725509.22,云南省,
6368,2428.0,云南锗业,2016-12-31,2016.0,298332361.09,云南省,
6369,2750.0,龙津药业,2016-12-31,2016.0,223631229.82,云南省,
6370,300142.0,沃森生物,2016-12-31,2016.0,591004603.69,云南省,
6371,600422.0,昆药集团,2016-12-31,2016.0,5100597122.86,云南省,
6372,600459.0,贵研铂业,2016-12-31,2016.0,10773692419.25,云南省,
6373,600806.0,*ST 昆机,2016-12-31,2016.0,617752190.35,云南省,
6374,600883.0,博闻科技,2016-12-31,2016.0,13178894.55,云南省,
6375,600995.0,文山电力,2016-12-31,2016.0,1836268914.69,云南省,
6376,831152.0,昆工科技,2016-12-31,2016.0,151072818.38,云南省,
6377,833266.0,生物谷,2016-12-31,2016.0,589822518.46,云南省,
6378,,,,,155702543143.6,云南省 汇总,
6379,925.0,众合科技,2016-12-31,2016.0,1204100150.78,浙江省,
6380,2001.0,新和成,2016-12-31,2016.0,4696277327.61,浙江省,
6381,2006.0,精功科技,2016-12-31,2016.0,697543067.53,浙江省,
6382,2011.0,盾安环境,2016-12-31,2016.0,5830191339.72,浙江省,
6383,2019.0,亿帆医药,2016-12-31,2016.0,3504600953.08,浙江省,
6384,2020.0,京新药业,2016-12-31,2016.0,1875460915.2,浙江省,
6385,2021.0,中捷资源,2016-12-31,2016.0,644257129.97,浙江省,
6386,2036.0,联创电子,2016-12-31,2016.0,2971514746.83,浙江省,
6387,2050.0,三花智控,2016-12-31,2016.0,6769206736.26,浙江省,
6388,2056.0,横店东磁,2016-12-31,2016.0,4710421226.97,浙江省,
6389,2064.0,华峰氨纶,2016-12-31,2016.0,2844228368.43,浙江省,
6390,2082.0,栋梁新材,2016-12-31,2016.0,9183466307.67,浙江省,
6391,2099.0,海翔药业,2016-12-31,2016.0,2433862071.9,浙江省,
6392,2112.0,三变科技,2016-12-31,2016.0,484468087.48,浙江省,
6393,2119.0,康强电子,2016-12-31,2016.0,1196754513.55,浙江省,
6394,2122.0,天马股份,2016-12-31,2016.0,2158280815.05,浙江省,
6395,2164.0,宁波东力,2016-12-31,2016.0,514844263.83,浙江省,
6396,2196.0,方正电机,2016-12-31,2016.0,1049333414.01,浙江省,
6397,2199.0,*ST 东晶,2016-12-31,2016.0,257167035.31,浙江省,
6398,2203.0,海亮股份,2016-12-31,2016.0,17917107059.19,浙江省,
6399,2206.0,海利得,2016-12-31,2016.0,2566548725.4,浙江省,
6400,2214.0,大立科技,2016-12-31,2016.0,339408204.42,浙江省,
6401,2236.0,大华股份,2016-12-31,2016.0,13329094010.82,浙江省,
6402,2273.0,水晶光电,2016-12-31,2016.0,1680193310.12,浙江省,
6403,2276.0,万马股份,2016-12-31,2016.0,6379646046.28,浙江省,
6404,2332.0,仙琚制药,2016-12-31,2016.0,2503730345.15,浙江省,
6405,2364.0,中恒电气,2016-12-31,2016.0,891150096.92,浙江省,
6406,2370.0,亚太药业,2016-12-31,2016.0,762341881.81,浙江省,
6407,2389.0,南洋科技,2016-12-31,2016.0,1213767023.11,浙江省,
6408,2415.0,海康威视,2016-12-31,2016.0,31924020872.44,浙江省,
6409,2418.0,康盛股份,2016-12-31,2016.0,2806573342.63,浙江省,
6410,2427.0,尤夫股份,2016-12-31,2016.0,2460089491.91,浙江省,
6411,2430.0,杭氧股份,2016-12-31,2016.0,4944465775.38,浙江省,
6412,2472.0,双环传动,2016-12-31,2016.0,1742674700.33,浙江省,
6413,2473.0,圣莱达,2016-12-31,2016.0,95212097.82,浙江省,
6414,2479.0,富春环保,2016-12-31,2016.0,2699263759.5,浙江省,
6415,2493.0,荣盛石化,2016-12-31,2016.0,45501073913.1,浙江省,
6416,2508.0,老板电器,2016-12-31,2016.0,5794897867.13,浙江省,
6417,2520.0,日发精机,2016-12-31,2016.0,783791014.57,浙江省,
6418,2532.0,新界泵业,2016-12-31,2016.0,1317893130.25,浙江省,
6419,2534.0,杭锅股份,2016-12-31,2016.0,2705586250.03,浙江省,
6420,2552.0,宝鼎科技,2016-12-31,2016.0,180200399.91,浙江省,
6421,2562.0,兄弟科技,2016-12-31,2016.0,1063397448.42,浙江省,
6422,2617.0,露笑科技,2016-12-31,2016.0,1395773008.67,浙江省,
6423,2633.0,申科股份,2016-12-31,2016.0,138517636.08,浙江省,
6424,2677.0,浙江美大,2016-12-31,2016.0,665683621.52,浙江省,
6425,2686.0,亿利达,2016-12-31,2016.0,987038772.01,浙江省,
6426,2730.0,电光科技,2016-12-31,2016.0,618488788.59,浙江省,
6427,2767.0,先锋电子,2016-12-31,2016.0,292912486.79,浙江省,
6428,2779.0,中坚科技,2016-12-31,2016.0,411584093.19,浙江省,
6429,2793.0,东音股份,2016-12-31,2016.0,637397258.54,浙江省,
6430,2795.0,永和智控,2016-12-31,2016.0,455992960.64,浙江省,
6431,2801.0,微光股份,2016-12-31,2016.0,441075301.56,浙江省,
6432,200771.0,杭汽轮B,2016-12-31,2016.0,3235303379.24,浙江省,
6433,300032.0,金龙机电,2016-12-31,2016.0,3376020546.15,浙江省,
6434,300068.0,南都电源,2016-12-31,2016.0,7141421743.25,浙江省,
6435,300069.0,金利华电,2016-12-31,2016.0,336734744.02,浙江省,
6436,300076.0,GQY视讯,2016-12-31,2016.0,172011698.67,浙江省,
6437,300078.0,思创医惠,2016-12-31,2016.0,1089965891.24,浙江省,
6438,300111.0,向日葵,2016-12-31,2016.0,1602802843.42,浙江省,
6439,300118.0,东方日升,2016-12-31,2016.0,7016754698.38,浙江省,
6440,300145.0,中金环境,2016-12-31,2016.0,2790047965.03,浙江省,
6441,300181.0,佐力药业,2016-12-31,2016.0,840037943.39,浙江省,
6442,300203.0,聚光科技,2016-12-31,2016.0,2348896833.32,浙江省,
6443,300234.0,开尔新材,2016-12-31,2016.0,362447205.87,浙江省,
6444,300256.0,星星科技,2016-12-31,2016.0,4993936923.6,浙江省,
6445,300257.0,开山股份,2016-12-31,2016.0,1727536375.78,浙江省,
6446,300270.0,中威电子,2016-12-31,2016.0,295156648.04,浙江省,
6447,300283.0,温州宏丰,2016-12-31,2016.0,779278100.4,浙江省,
6448,300306.0,远方光电,2016-12-31,2016.0,223251247.27,浙江省,
6449,300307.0,慈星股份,2016-12-31,2016.0,1098272533.42,浙江省,
6450,300314.0,戴维医疗,2016-12-31,2016.0,264948777.73,浙江省,
6451,300316.0,晶盛机电,2016-12-31,2016.0,1091468266.49,浙江省,
6452,300351.0,永贵电器,2016-12-31,2016.0,958754299.57,浙江省,
6453,300357.0,我武生物,2016-12-31,2016.0,312085773.2,浙江省,
6454,300360.0,炬华科技,2016-12-31,2016.0,1193997801.17,浙江省,
6455,300411.0,金盾股份,2016-12-31,2016.0,343844069.06,浙江省,
6456,300412.0,迦南科技,2016-12-31,2016.0,301792829.55,浙江省,
6457,300435.0,中泰股份,2016-12-31,2016.0,337164042.51,浙江省,
6458,300439.0,美康生物,2016-12-31,2016.0,1055056670.89,浙江省,
6459,300441.0,鲍斯股份,2016-12-31,2016.0,565990157.69,浙江省,
6460,300461.0,田中精机,2016-12-31,2016.0,212723081.37,浙江省,
6461,300512.0,中亚股份,2016-12-31,2016.0,636239167.94,浙江省,
6462,300519.0,新光药业,2016-12-31,2016.0,315313658.27,浙江省,
6463,300548.0,博创科技,2016-12-31,2016.0,317630165.77,浙江省,
6464,300553.0,集智股份,2016-12-31,2016.0,100150429.8,浙江省,
6465,300558.0,贝达药业,2016-12-31,2016.0,1035060899.76,浙江省,
6466,300566.0,激智科技,2016-12-31,2016.0,611382286.82,浙江省,
6467,300582.0,英飞特,2016-12-31,2016.0,653573320.77,浙江省,
6468,300611.0,美力科技,2016-12-31,2016.0,359232453.06,浙江省,
6469,430685.0,新芝生物,2016-12-31,2016.0,73476101.74,浙江省,
6470,600023.0,浙能电力,2016-12-31,2016.0,39176612279.21,浙江省,
6471,600130.0,波导股份,2016-12-31,2016.0,3190023343.41,浙江省,
6472,600152.0,维科精华,2016-12-31,2016.0,538874261.61,浙江省,
6473,600216.0,浙江医药,2016-12-31,2016.0,5279204031.07,浙江省,
6474,600261.0,阳光照明,2016-12-31,2016.0,4393123514.51,浙江省,
6475,600267.0,海正药业,2016-12-31,2016.0,9733423460.1,浙江省,
6476,600283.0,钱江水利,2016-12-31,2016.0,815495796.47,浙江省,
6477,600290.0,华仪电气,2016-12-31,2016.0,1772393826.23,浙江省,
6478,600330.0,天通股份,2016-12-31,2016.0,1691772821.04,浙江省,
6479,600366.0,宁波韵升,2016-12-31,2016.0,1560263490.93,浙江省,
6480,600460.0,士兰微,2016-12-31,2016.0,2375053756.57,浙江省,
6481,600521.0,华海药业,2016-12-31,2016.0,4092852961.44,浙江省,
6482,600526.0,菲达环保,2016-12-31,2016.0,3689413794.69,浙江省,
6483,600537.0,亿晶光电,2016-12-31,2016.0,5167285158.94,浙江省,
6484,600572.0,康恩贝,2016-12-31,2016.0,6020371054.26,浙江省,
6485,600580.0,卧龙电气,2016-12-31,2016.0,8913936672.36,浙江省,
6486,600668.0,尖峰集团,2016-12-31,2016.0,2379125888.5,浙江省,
6487,600671.0,天目药业,2016-12-31,2016.0,123725458.15,浙江省,
6488,600724.0,宁波富达,2016-12-31,2016.0,5558897089.99,浙江省,
6489,600768.0,宁波富邦,2016-12-31,2016.0,756806016.06,浙江省,
6490,600776.0,东方通信,2016-12-31,2016.0,1980288987.42,浙江省,
6491,600884.0,杉杉股份,2016-12-31,2016.0,5474769408.25,浙江省,
6492,600982.0,宁波热电,2016-12-31,2016.0,1213021077.92,浙江省,
6493,601002.0,晋亿实业,2016-12-31,2016.0,2284401358.0,浙江省,
6494,601113.0,华鼎股份,2016-12-31,2016.0,2143268330.66,浙江省,
6495,601137.0,博威合金,2016-12-31,2016.0,5141792888.92,浙江省,
6496,601177.0,杭齿前进,2016-12-31,2016.0,1543309021.55,浙江省,
6497,601233.0,桐昆股份,2016-12-31,2016.0,25581572685.03,浙江省,
6498,601567.0,三星医疗,2016-12-31,2016.0,4921721348.01,浙江省,
6499,601877.0,正泰电器,2016-12-31,2016.0,20164545252.65,浙江省,
6500,601882.0,海天精工,2016-12-31,2016.0,1008009636.99,浙江省,
6501,603015.0,弘讯科技,2016-12-31,2016.0,530860117.19,浙江省,
6502,603088.0,宁波精达,2016-12-31,2016.0,234257341.41,浙江省,
6503,603168.0,莎普爱思,2016-12-31,2016.0,978732133.61,浙江省,
6504,603186.0,华正新材,2016-12-31,2016.0,1249503046.99,浙江省,
6505,603218.0,日月股份,2016-12-31,2016.0,1600333575.28,浙江省,
6506,603222.0,济民制药,2016-12-31,2016.0,450378618.8,浙江省,
6507,603298.0,杭叉集团,2016-12-31,2016.0,5370790419.43,浙江省,
6508,603311.0,金海环境,2016-12-31,2016.0,488077176.37,浙江省,
6509,603337.0,杰克股份,2016-12-31,2016.0,1857134726.69,浙江省,
6510,603338.0,浙江鼎力,2016-12-31,2016.0,694657422.46,浙江省,
6511,603456.0,九洲药业,2016-12-31,2016.0,1653177210.47,浙江省,
6512,603520.0,司太立,2016-12-31,2016.0,672945253.58,浙江省,
6513,603556.0,海兴电力,2016-12-31,2016.0,2180835415.58,浙江省,
6514,603606.0,东方电缆,2016-12-31,2016.0,1741587912.29,浙江省,
6515,603611.0,诺力股份,2016-12-31,2016.0,1309755568.06,浙江省,
6516,603618.0,杭电股份,2016-12-31,2016.0,3429389248.08,浙江省,
6517,603667.0,五洲新春,2016-12-31,2016.0,1073335357.55,浙江省,
6518,603677.0,奇精机械,2016-12-31,2016.0,1117591684.99,浙江省,
6519,603701.0,德宏股份,2016-12-31,2016.0,415982443.52,浙江省,
6520,603703.0,盛洋科技,2016-12-31,2016.0,425992222.63,浙江省,
6521,603789.0,星光农机,2016-12-31,2016.0,521138960.62,浙江省,
6522,603799.0,华友钴业,2016-12-31,2016.0,4889385103.39,浙江省,
6523,603901.0,永创智能,2016-12-31,2016.0,1005347833.58,浙江省,
6524,603996.0,中新科技,2016-12-31,2016.0,4188478461.35,浙江省,
6525,834062.0,科润智控,2016-12-31,2016.0,242866130.16,浙江省,
6526,834475.0,三友科技,2016-12-31,2016.0,106198812.79,浙江省,
6527,834639.0,晨光电缆,2016-12-31,2016.0,1603524091.83,浙江省,
6528,834682.0,球冠电缆,2016-12-31,2016.0,1280176383.04,浙江省,
6529,836270.0,天铭科技,2016-12-31,2016.0,96688456.58,浙江省,
6530,836395.0,朗鸿科技,2016-12-31,2016.0,81271876.27,浙江省,
6531,,,,,481018078414.59,浙江省 汇总,
6532,591.0,太阳能,2016-12-31,2016.0,4333480304.62,重庆市,
6533,788.0,北大医药,2016-12-31,2016.0,2070262456.89,重庆市,
6534,2742.0,三圣股份,2016-12-31,2016.0,1512803855.04,重庆市,
6535,300006.0,莱美药业,2016-12-31,2016.0,990216373.48,重庆市,
6536,300122.0,智飞生物,2016-12-31,2016.0,445947152.37,重庆市,
6537,300194.0,福安药业,2016-12-31,2016.0,1297016910.93,重庆市,
6538,300363.0,博腾股份,2016-12-31,2016.0,1326634032.04,重庆市,
6539,600116.0,三峡水利,2016-12-31,2016.0,1257511914.1,重庆市,
6540,600129.0,太极集团,2016-12-31,2016.0,7788055733.36,重庆市,
6541,600452.0,涪陵电力,2016-12-31,2016.0,1665242119.05,重庆市,
6542,600666.0,奥瑞德,2016-12-31,2016.0,1314466043.15,重庆市,
6543,600847.0,万里股份,2016-12-31,2016.0,351861318.74,重庆市,
6544,600877.0,中国嘉陵,2016-12-31,2016.0,702790992.57,重庆市,
6545,600917.0,重庆燃气,2016-12-31,2016.0,5488826141.12,重庆市,
6546,601158.0,重庆水务,2016-12-31,2016.0,4453660598.12,重庆市,
6547,603100.0,川仪股份,2016-12-31,2016.0,3261196844.49,重庆市,
6548,603601.0,再升科技,2016-12-31,2016.0,319942896.0,重庆市,
6549,,,,,38579915686.07,重庆市 汇总,
6550,,,,,5834939073038.74,总计,
6551,,证券简称,统计截止日期,,,所属省份,
6552,153.0,丰原药业,2017-12-31,2017.0,2578105436.88,安徽省,
6553,521.0,美菱电器,2017-12-31,2017.0,16797436757.36,安徽省,
6554,543.0,皖能电力,2017-12-31,2017.0,12207433397.76,安徽省,
6555,630.0,铜陵有色,2017-12-31,2017.0,82430251265.23,安徽省,
6556,2171.0,楚江新材,2017-12-31,2017.0,11044025042.26,安徽省,
6557,2347.0,泰尔股份,2017-12-31,2017.0,438258841.18,安徽省,
6558,2571.0,*ST 德力,2017-12-31,2017.0,795984172.87,安徽省,
6559,2690.0,美亚光电,2017-12-31,2017.0,1093940166.36,安徽省,
6560,2817.0,黄山胶囊,2017-12-31,2017.0,285955869.23,安徽省,
6561,300009.0,安科生物,2017-12-31,2017.0,1096268315.12,安徽省,
6562,300088.0,长信科技,2017-12-31,2017.0,10884372419.09,安徽省,
6563,300090.0,盛运环保,2017-12-31,2017.0,1357802857.96,安徽省,
6564,300247.0,乐金健康,2017-12-31,2017.0,1218055661.43,安徽省,
6565,300274.0,阳光电源,2017-12-31,2017.0,8886060068.67,安徽省,
6566,300452.0,山河药辅,2017-12-31,2017.0,339358774.96,安徽省,
6567,300595.0,欧普康视,2017-12-31,2017.0,311629075.06,安徽省,
6568,600063.0,皖维高新,2017-12-31,2017.0,4705712046.25,安徽省,
6569,600218.0,全柴动力,2017-12-31,2017.0,3193670475.03,安徽省,
6570,600237.0,铜峰电子,2017-12-31,2017.0,813360704.69,安徽省,
6571,600255.0,梦舟股份,2017-12-31,2017.0,5375168723.13,安徽省,
6572,600444.0,国机通用,2017-12-31,2017.0,611829992.26,安徽省,
6573,600520.0,文一科技,2017-12-31,2017.0,313049823.01,安徽省,
6574,600552.0,凯盛科技,2017-12-31,2017.0,3547048699.05,安徽省,
6575,600577.0,精达股份,2017-12-31,2017.0,11344201470.18,安徽省,
6576,600585.0,海螺水泥,2017-12-31,2017.0,75310819763.0,安徽省,
6577,600761.0,安徽合力,2017-12-31,2017.0,8390522767.64,安徽省,
6578,600983.0,惠而浦,2017-12-31,2017.0,6364091904.6,安徽省,
6579,600990.0,四创电子,2017-12-31,2017.0,5056842611.89,安徽省,
6580,603011.0,合锻智能,2017-12-31,2017.0,729281016.44,安徽省,
6581,603308.0,应流股份,2017-12-31,2017.0,1374764469.92,安徽省,
6582,603356.0,华菱精工,2017-12-31,2017.0,681637071.1,安徽省,
6583,603527.0,众源新材,2017-12-31,2017.0,2984174881.39,安徽省,
6584,603656.0,泰禾光电,2017-12-31,2017.0,385149471.4,安徽省,
6585,603689.0,皖天然气,2017-12-31,2017.0,2570784709.08,安徽省,
6586,831856.0,浩淼科技,2017-12-31,2017.0,319598674.81,安徽省,
6587,833994.0,翰博高新,2017-12-31,2017.0,2200581194.22,安徽省,
6588,835892.0,中科美菱,2017-12-31,2017.0,143090796.12,安徽省,
6589,870357.0,雅葆轩,2017-12-31,2017.0,56866396.7,安徽省,
6590,871981.0,晶赛科技,2017-12-31,2017.0,158209139.95,安徽省,
6591,,,,,288395394923.28,安徽省 汇总,
6592,605.0,渤海股份,2017-12-31,2017.0,1662946088.98,北京市,
6593,725.0,京东方A,2017-12-31,2017.0,93800479215.0,北京市,
6594,786.0,北新建材,2017-12-31,2017.0,11164343454.6,北京市,
6595,931.0,中关村,2017-12-31,2017.0,1740701055.11,北京市,
6596,938.0,紫光股份,2017-12-31,2017.0,39071040894.34,北京市,
6597,970.0,中科三环,2017-12-31,2017.0,3895267296.51,北京市,
6598,2038.0,双鹭药业,2017-12-31,2017.0,1242076269.43,北京市,
6599,2066.0,瑞泰科技,2017-12-31,2017.0,2176605410.02,北京市,
6600,2151.0,北斗星通,2017-12-31,2017.0,2204267131.7,北京市,
6601,2271.0,东方雨虹,2017-12-31,2017.0,10292965441.05,北京市,
6602,2350.0,北京科锐,2017-12-31,2017.0,2215280596.13,北京市,
6603,2362.0,汉王科技,2017-12-31,2017.0,604385666.7,北京市,
6604,2371.0,北方华创,2017-12-31,2017.0,2222818469.69,北京市,
6605,2383.0,合众思壮,2017-12-31,2017.0,1601165398.9,北京市,
6606,2392.0,北京利尔,2017-12-31,2017.0,2277200668.54,北京市,
6607,2658.0,雪迪龙,2017-12-31,2017.0,1084248535.55,北京市,
6608,2665.0,首航节能,2017-12-31,2017.0,1332403042.23,北京市,
6609,2738.0,中矿资源,2017-12-31,2017.0,540738187.76,北京市,
6610,2755.0,东方新星,2017-12-31,2017.0,365933930.79,北京市,
6611,2829.0,星网宇达,2017-12-31,2017.0,409570543.07,北京市,
6612,2893.0,华通热力,2017-12-31,2017.0,915122262.52,北京市,
6613,300003.0,乐普医疗,2017-12-31,2017.0,4537642656.24,北京市,
6614,300016.0,北陆药业,2017-12-31,2017.0,522538130.02,北京市,
6615,300034.0,钢研高纳,2017-12-31,2017.0,674910097.9,北京市,
6616,300045.0,华力创通,2017-12-31,2017.0,570923683.58,北京市,
6617,300048.0,合康新能,2017-12-31,2017.0,1350928406.91,北京市,
6618,300065.0,海兰信,2017-12-31,2017.0,805146996.3,北京市,
6619,300073.0,当升科技,2017-12-31,2017.0,2157906138.76,北京市,
6620,300079.0,数码科技,2017-12-31,2017.0,1350158439.41,北京市,
6621,300139.0,晓程科技,2017-12-31,2017.0,138011777.63,北京市,
6622,300156.0,神雾环保,2017-12-31,2017.0,2809393507.01,北京市,
6623,300204.0,舒泰神,2017-12-31,2017.0,1387885910.49,北京市,
6624,300213.0,佳讯飞鸿,2017-12-31,2017.0,1172623821.66,北京市,
6625,300223.0,北京君正,2017-12-31,2017.0,184467019.32,北京市,
6626,300282.0,汇冠股份,2017-12-31,2017.0,1298951939.86,北京市,
6627,300289.0,利德曼,2017-12-31,2017.0,575978026.74,北京市,
6628,300296.0,利亚德,2017-12-31,2017.0,6470803346.15,北京市,
6629,300318.0,博晖创新,2017-12-31,2017.0,443754419.4,北京市,
6630,300332.0,天壕环境,2017-12-31,2017.0,1983877478.76,北京市,
6631,300353.0,东土科技,2017-12-31,2017.0,821052048.2,北京市,
6632,300367.0,东方网力,2017-12-31,2017.0,1854722863.5,北京市,
6633,300374.0,恒通科技,2017-12-31,2017.0,1066590284.21,北京市,
6634,300406.0,九强生物,2017-12-31,2017.0,694277363.1,北京市,
6635,300430.0,诚益通,2017-12-31,2017.0,555130304.42,北京市,
6636,300444.0,双杰电气,2017-12-31,2017.0,1399918596.78,北京市,
6637,300445.0,康斯特,2017-12-31,2017.0,202893530.75,北京市,
6638,300449.0,汉邦高科,2017-12-31,2017.0,690555875.88,北京市,
6639,300455.0,康拓红外,2017-12-31,2017.0,294901492.22,北京市,
6640,300456.0,耐威科技,2017-12-31,2017.0,600500243.44,北京市,
6641,300472.0,新元科技,2017-12-31,2017.0,302855976.5,北京市,
6642,300477.0,合纵科技,2017-12-31,2017.0,2109345874.22,北京市,
6643,300485.0,赛升药业,2017-12-31,2017.0,749986848.13,北京市,
6644,300593.0,新雷能,2017-12-31,2017.0,346228401.66,北京市,
6645,300661.0,圣邦股份,2017-12-31,2017.0,531505272.15,北京市,
6646,300667.0,必创科技,2017-12-31,2017.0,173272562.57,北京市,
6647,430047.0,诺思兰德,2017-12-31,2017.0,5103874.09,北京市,
6648,600008.0,首创股份,2017-12-31,2017.0,9285468447.99,北京市,
6649,600011.0,华能国际,2017-12-31,2017.0,152459443954.0,北京市,
6650,600055.0,万东医疗,2017-12-31,2017.0,883958514.36,北京市,
6651,600062.0,华润双鹤,2017-12-31,2017.0,6421846768.78,北京市,
6652,600085.0,同仁堂,2017-12-31,2017.0,13375966344.01,北京市,
6653,600100.0,同方股份,2017-12-31,2017.0,25989387338.8,北京市,
6654,600118.0,中国卫星,2017-12-31,2017.0,7385233096.12,北京市,
6655,600161.0,天坛生物,2017-12-31,2017.0,1765169679.35,北京市,
6656,600176.0,中国巨石,2017-12-31,2017.0,8651549179.12,北京市,
6657,600195.0,中牧股份,2017-12-31,2017.0,4072951242.82,北京市,
6658,600198.0,大唐电信,2017-12-31,2017.0,4347688462.2,北京市,
6659,600206.0,有研新材,2017-12-31,2017.0,4079620628.94,北京市,
6660,600271.0,航天信息,2017-12-31,2017.0,29754491182.22,北京市,
6661,600288.0,大恒科技,2017-12-31,2017.0,2966250873.9,北京市,
6662,600299.0,安迪苏,2017-12-31,2017.0,10397823108.0,北京市,
6663,600361.0,华联综超,2017-12-31,2017.0,11759162595.99,北京市,
6664,600405.0,动力源,2017-12-31,2017.0,1221877504.28,北京市,
6665,600435.0,北方导航,2017-12-31,2017.0,1955572433.28,北京市,
6666,600485.0,信威集团,2017-12-31,2017.0,646934647.96,北京市,
6667,600560.0,金自天正,2017-12-31,2017.0,538138332.15,北京市,
6668,600578.0,京能电力,2017-12-31,2017.0,12220678706.08,北京市,
6669,600582.0,天地科技,2017-12-31,2017.0,15378645862.5,北京市,
6670,600764.0,中电广通,2017-12-31,2017.0,362750411.09,北京市,
6671,600855.0,航天长峰,2017-12-31,2017.0,1504042223.16,北京市,
6672,600860.0,*ST 京城,2017-12-31,2017.0,1203496955.02,北京市,
6673,600900.0,长江电力,2017-12-31,2017.0,50146848575.09,北京市,
6674,600980.0,北矿科技,2017-12-31,2017.0,436130196.45,北京市,
6675,601016.0,节能风电,2017-12-31,2017.0,1871449197.96,北京市,
6676,601126.0,四方股份,2017-12-31,2017.0,3182409122.95,北京市,
6677,601558.0,*ST 锐电,2017-12-31,2017.0,140690927.05,北京市,
6678,601600.0,中国铝业,2017-12-31,2017.0,180080750000.0,北京市,
6679,601908.0,京运通,2017-12-31,2017.0,1917286734.9,北京市,
6680,601985.0,中国核电,2017-12-31,2017.0,33589908933.61,北京市,
6681,601991.0,大唐发电,2017-12-31,2017.0,64607755000.0,北京市,
6682,601992.0,金隅股份,2017-12-31,2017.0,63678330931.54,北京市,
6683,603025.0,大豪科技,2017-12-31,2017.0,1057056896.15,北京市,
6684,603516.0,淳中科技,2017-12-31,2017.0,250326873.99,北京市,
6685,603616.0,韩建河山,2017-12-31,2017.0,747360176.84,北京市,
6686,603803.0,瑞斯康达,2017-12-31,2017.0,2115834000.39,北京市,
6687,603986.0,兆易创新,2017-12-31,2017.0,2029708831.51,北京市,
6688,835179.0,凯德石英,2017-12-31,2017.0,91360377.02,北京市,
6689,837344.0,三元基因,2017-12-31,2017.0,244668303.32,北京市,
6690,871553.0,凯腾精工,2017-12-31,2017.0,322029099.66,北京市,
6691,872808.0,曙光数创,2017-12-31,2017.0,113430614.61,北京市,
6692,,,,,956905786051.74,北京市 汇总,
6693,536.0,华映科技,2017-12-31,2017.0,4889052084.06,福建省,
6694,547.0,航天发展,2017-12-31,2017.0,2349932847.99,福建省,
6695,993.0,闽东电力,2017-12-31,2017.0,901400202.39,福建省,
6696,2102.0,冠福股份,2017-12-31,2017.0,9735868785.68,福建省,
6697,2222.0,福晶科技,2017-12-31,2017.0,453721944.35,福建省,
6698,2300.0,太阳电缆,2017-12-31,2017.0,4094644605.9,福建省,
6699,2335.0,科华恒盛,2017-12-31,2017.0,2412344741.63,福建省,
6700,2396.0,星网锐捷,2017-12-31,2017.0,7705135612.62,福建省,
6701,2509.0,天广中茂,2017-12-31,2017.0,3390894007.95,福建省,
6702,2529.0,海源机械,2017-12-31,2017.0,272244174.03,福建省,
6703,2578.0,闽发铝业,2017-12-31,2017.0,1228647100.19,福建省,
6704,2614.0,奥佳华,2017-12-31,2017.0,4293808652.95,福建省,
6705,2639.0,雪人股份,2017-12-31,2017.0,936529778.28,福建省,
6706,2729.0,好利来,2017-12-31,2017.0,169572009.32,福建省,
6707,2785.0,万里石,2017-12-31,2017.0,923275139.66,福建省,
6708,2868.0,绿康生化,2017-12-31,2017.0,375411280.69,福建省,
6709,2901.0,大博医疗,2017-12-31,2017.0,594014625.25,福建省,
6710,2925.0,盈趣科技,2017-12-31,2017.0,3267195748.91,福建省,
6711,200512.0,闽灿坤B,2017-12-31,2017.0,1872746942.25,福建省,
6712,300056.0,三维丝,2017-12-31,2017.0,1309103505.3,福建省,
6713,300062.0,中能电气,2017-12-31,2017.0,805906277.92,福建省,
6714,300102.0,乾照光电,2017-12-31,2017.0,1130287914.02,福建省,
6715,300341.0,麦迪电气,2017-12-31,2017.0,795534210.47,福建省,
6716,300427.0,红相电力,2017-12-31,2017.0,638967099.76,福建省,
6717,300436.0,广生堂,2017-12-31,2017.0,296122689.22,福建省,
6718,300628.0,亿联网络,2017-12-31,2017.0,1387763173.2,福建省,
6719,300632.0,光莆股份,2017-12-31,2017.0,495399154.82,福建省,
6720,300648.0,星云股份,2017-12-31,2017.0,308583165.07,福建省,
6721,300657.0,弘信电子,2017-12-31,2017.0,1478816694.88,福建省,
6722,300685.0,艾德生物,2017-12-31,2017.0,330371305.09,福建省,
6723,600163.0,中闽能源,2017-12-31,2017.0,506703076.69,福建省,
6724,600203.0,福日电子,2017-12-31,2017.0,8202891851.29,福建省,
6725,600388.0,龙净环保,2017-12-31,2017.0,8112692041.41,福建省,
6726,600436.0,片仔癀,2017-12-31,2017.0,3713953975.95,福建省,
6727,600483.0,福能股份,2017-12-31,2017.0,6799494508.9,福建省,
6728,600549.0,厦门钨业,2017-12-31,2017.0,14188321857.01,福建省,
6729,600563.0,法拉电子,2017-12-31,2017.0,1697634258.55,福建省,
6730,600592.0,龙溪股份,2017-12-31,2017.0,890472067.71,福建省,
6731,600660.0,福耀玻璃,2017-12-31,2017.0,18715608755.0,福建省,
6732,600734.0,实达集团,2017-12-31,2017.0,6107148172.95,福建省,
6733,600802.0,福建水泥,2017-12-31,2017.0,1834340566.36,福建省,
6734,600815.0,*ST 厦工,2017-12-31,2017.0,4448565471.91,福建省,
6735,600870.0,厦华电子,2017-12-31,2017.0,17422311.61,福建省,
6736,603663.0,三祥新材,2017-12-31,2017.0,407846074.54,福建省,
6737,603678.0,火炬电子,2017-12-31,2017.0,1888132951.87,福建省,
6738,603686.0,龙马环卫,2017-12-31,2017.0,3084834419.92,福建省,
6739,603817.0,海峡环保,2017-12-31,2017.0,348687895.84,福建省,
6740,603826.0,坤彩科技,2017-12-31,2017.0,469163701.8,福建省,
6741,603933.0,睿能科技,2017-12-31,2017.0,1909424909.13,福建省,
6742,,,,,142186634342.29,福建省 汇总,
6743,672.0,上峰水泥,2017-12-31,2017.0,4587533894.57,甘肃省,
6744,791.0,甘肃电投,2017-12-31,2017.0,1903145741.91,甘肃省,
6745,2185.0,华天科技,2017-12-31,2017.0,7009887112.79,甘肃省,
6746,2644.0,佛慈制药,2017-12-31,2017.0,501139716.54,甘肃省,
6747,300534.0,陇神戎发,2017-12-31,2017.0,269587022.62,甘肃省,
6748,600192.0,长城电工,2017-12-31,2017.0,1904348967.99,甘肃省,
6749,600516.0,方大炭素,2017-12-31,2017.0,8350476104.76,甘肃省,
6750,600720.0,祁连山,2017-12-31,2017.0,5968969317.33,甘肃省,
6751,600886.0,国投电力,2017-12-31,2017.0,31645284235.71,甘肃省,
6752,601212.0,白银有色,2017-12-31,2017.0,56634276870.86,甘肃省,
6753,601798.0,蓝科高新,2017-12-31,2017.0,752320303.89,甘肃省,
6754,603169.0,兰石重装,2017-12-31,2017.0,2984885384.14,甘肃省,
6755,,,,,122511854673.11,甘肃省 汇总,
6756,12.0,南玻A,2017-12-31,2017.0,10879400746.0,广东省,
6757,16.0,深康佳A,2017-12-31,2017.0,31227763249.71,广东省,
6758,20.0,深华发A,2017-12-31,2017.0,858040132.74,广东省,
6759,21.0,深科技,2017-12-31,2017.0,14209778550.46,广东省,
6760,23.0,深天地A,2017-12-31,2017.0,1229187086.91,广东省,
6761,27.0,深圳能源,2017-12-31,2017.0,15545854866.05,广东省,
6762,37.0,深南电A,2017-12-31,2017.0,2045766831.74,广东省,
6763,40.0,东旭蓝天,2017-12-31,2017.0,8131025319.77,广东省,
6764,45.0,深纺织A,2017-12-31,2017.0,1475545719.72,广东省,
6765,49.0,德赛电池,2017-12-31,2017.0,12485975568.12,广东省,
6766,50.0,深天马A,2017-12-31,2017.0,14012500489.6,广东省,
6767,60.0,中金岭南,2017-12-31,2017.0,18966588411.31,广东省,
6768,63.0,中兴通讯,2017-12-31,2017.0,108815273000.0,广东省,
6769,66.0,中国长城,2017-12-31,2017.0,9506838836.12,广东省,
6770,70.0,特发信息,2017-12-31,2017.0,5473074135.56,广东省,
6771,100.0,TCL集团,2017-12-31,2017.0,111577362000.0,广东省,
6772,333.0,美的集团,2017-12-31,2017.0,240712301000.0,广东省,
6773,513.0,丽珠集团,2017-12-31,2017.0,8530968596.54,广东省,
6774,531.0,穗恒运A,2017-12-31,2017.0,2965395044.78,广东省,
6775,533.0,万家乐,2017-12-31,2017.0,8266947606.46,广东省,
6776,534.0,万泽股份,2017-12-31,2017.0,255152393.37,广东省,
6777,539.0,粤电力A,2017-12-31,2017.0,26643792057.0,广东省,
6778,541.0,佛山照明,2017-12-31,2017.0,3800188261.54,广东省,
6779,576.0,广东甘化,2017-12-31,2017.0,474966694.99,广东省,
6780,601.0,韶能股份,2017-12-31,2017.0,3594104127.36,广东省,
6781,636.0,风华高科,2017-12-31,2017.0,3355189485.28,广东省,
6782,651.0,格力电器,2017-12-31,2017.0,148286450009.18,广东省,
6783,685.0,中山公用,2017-12-31,2017.0,1613998895.96,广东省,
6784,690.0,宝新能源,2017-12-31,2017.0,2514872093.55,广东省,
6785,782.0,美达股份,2017-12-31,2017.0,3558712443.12,广东省,
6786,823.0,超声电子,2017-12-31,2017.0,4333127016.08,广东省,
6787,921.0,海信科龙,2017-12-31,2017.0,33487590387.45,广东省,
6788,999.0,华润三九,2017-12-31,2017.0,11119916379.78,广东省,
6789,2005.0,德豪润达,2017-12-31,2017.0,4202957029.72,广东省,
6790,2008.0,大族激光,2017-12-31,2017.0,11560093510.32,广东省,
6791,2017.0,东信和平,2017-12-31,2017.0,1189810002.52,广东省,
6792,2030.0,达安基因,2017-12-31,2017.0,1542429345.1,广东省,
6793,2031.0,巨轮智能,2017-12-31,2017.0,1154800320.98,广东省,
6794,2035.0,华帝股份,2017-12-31,2017.0,5730696745.31,广东省,
6795,2045.0,国光电器,2017-12-31,2017.0,4048817227.0,广东省,
6796,2052.0,同洲电子,2017-12-31,2017.0,672865178.73,广东省,
6797,2055.0,得润电子,2017-12-31,2017.0,5851032309.31,广东省,
6798,2076.0,雪莱特,2017-12-31,2017.0,1025567733.65,广东省,
6799,2106.0,莱宝高科,2017-12-31,2017.0,3989349812.08,广东省,
6800,2121.0,科陆电子,2017-12-31,2017.0,4376025786.02,广东省,
6801,2130.0,沃尔核材,2017-12-31,2017.0,2579676465.95,广东省,
6802,2137.0,麦达数字,2017-12-31,2017.0,935965359.52,广东省,
6803,2138.0,顺络电子,2017-12-31,2017.0,1987557913.8,广东省,
6804,2139.0,拓邦股份,2017-12-31,2017.0,2682568363.85,广东省,
6805,2141.0,贤丰控股,2017-12-31,2017.0,1163563826.58,广东省,
6806,2152.0,广电运通,2017-12-31,2017.0,4383577016.09,广东省,
6807,2161.0,远望谷,2017-12-31,2017.0,508047408.59,广东省,
6808,2167.0,东方锆业,2017-12-31,2017.0,851755169.77,广东省,
6809,2169.0,智光电气,2017-12-31,2017.0,1831317197.24,广东省,
6810,2177.0,御银股份,2017-12-31,2017.0,569714606.45,广东省,
6811,2180.0,纳思达,2017-12-31,2017.0,21323938529.08,广东省,
6812,2198.0,嘉应制药,2017-12-31,2017.0,468080735.66,广东省,
6813,2209.0,达意隆,2017-12-31,2017.0,961627693.97,广东省,
6814,2218.0,拓日新能,2017-12-31,2017.0,1514861956.15,广东省,
6815,2227.0,奥特迅,2017-12-31,2017.0,366535958.9,广东省,
6816,2233.0,塔牌集团,2017-12-31,2017.0,4564082544.33,广东省,
6817,2240.0,威华股份,2017-12-31,2017.0,2018278278.74,广东省,
6818,2249.0,大洋电机,2017-12-31,2017.0,8605286500.08,广东省,
6819,2256.0,兆新股份,2017-12-31,2017.0,646897719.44,广东省,
6820,2260.0,德奥通航,2017-12-31,2017.0,760681817.26,广东省,
6821,2288.0,超华科技,2017-12-31,2017.0,1438602275.74,广东省,
6822,2289.0,宇顺电子,2017-12-31,2017.0,400884702.27,广东省,
6823,2294.0,信立泰,2017-12-31,2017.0,4153776609.23,广东省,
6824,2295.0,精艺股份,2017-12-31,2017.0,5451501746.73,广东省,
6825,2308.0,威创股份,2017-12-31,2017.0,1137479087.31,广东省,
6826,2313.0,日海通讯,2017-12-31,2017.0,2989786058.05,广东省,
6827,2317.0,众生药业,2017-12-31,2017.0,1964235001.56,广东省,
6828,2334.0,英威腾,2017-12-31,2017.0,2122310971.78,广东省,
6829,2351.0,漫步者,2017-12-31,2017.0,900790383.6,广东省,
6830,2369.0,卓翼科技,2017-12-31,2017.0,2763249181.84,广东省,
6831,2387.0,黑牛食品,2017-12-31,2017.0,31727545.97,广东省,
6832,2388.0,新亚制程,2017-12-31,2017.0,812610818.2,广东省,
6833,2399.0,海普瑞,2017-12-31,2017.0,2670205861.93,广东省,
6834,2402.0,和而泰,2017-12-31,2017.0,1978567897.31,广东省,
6835,2429.0,兆驰股份,2017-12-31,2017.0,10228670515.48,广东省,
6836,2433.0,太安堂,2017-12-31,2017.0,3231701404.86,广东省,
6837,2436.0,兴森科技,2017-12-31,2017.0,3282964797.69,广东省,
6838,2446.0,盛路通信,2017-12-31,2017.0,958150739.56,广东省,
6839,2449.0,国星光电,2017-12-31,2017.0,3472602396.63,广东省,
6840,2456.0,欧菲科技,2017-12-31,2017.0,33791031433.68,广东省,
6841,2465.0,海格通信,2017-12-31,2017.0,3352070732.4,广东省,
6842,2475.0,立讯精密,2017-12-31,2017.0,22826099790.37,广东省,
6843,2512.0,达华智能,2017-12-31,2017.0,3429440855.69,广东省,
6844,2518.0,科士达,2017-12-31,2017.0,2729616152.7,广东省,
6845,2528.0,英飞拓,2017-12-31,2017.0,2905602991.2,广东省,
6846,2543.0,万和电气,2017-12-31,2017.0,6531948411.85,广东省,
6847,2551.0,尚荣医疗,2017-12-31,2017.0,2006477112.36,广东省,
6848,2577.0,雷柏科技,2017-12-31,2017.0,499797145.5,广东省,
6849,2579.0,中京电子,2017-12-31,2017.0,1076553203.25,广东省,
6850,2583.0,海能达,2017-12-31,2017.0,5351532254.04,广东省,
6851,2587.0,奥拓电子,2017-12-31,2017.0,1041124027.4,广东省,
6852,2600.0,江粉磁材,2017-12-31,2017.0,15925169841.94,广东省,
6853,2611.0,东方精工,2017-12-31,2017.0,4684845398.24,广东省,
6854,2618.0,丹邦科技,2017-12-31,2017.0,317158467.26,广东省,
6855,2638.0,勤上股份,2017-12-31,2017.0,1608990344.08,广东省,
6856,2660.0,茂硕电源,2017-12-31,2017.0,1652076282.01,广东省,
6857,2668.0,奥马电器,2017-12-31,2017.0,6964354629.59,广东省,
6858,2681.0,奋达科技,2017-12-31,2017.0,3209860300.41,广东省,
6859,2684.0,猛狮科技,2017-12-31,2017.0,3904985302.41,广东省,
6860,2705.0,新宝股份,2017-12-31,2017.0,8222302011.1,广东省,
6861,2723.0,金莱特,2017-12-31,2017.0,986645664.23,广东省,
6862,2724.0,海洋王,2017-12-31,2017.0,1096955668.44,广东省,
6863,2728.0,特一药业,2017-12-31,2017.0,686943602.61,广东省,
6864,2733.0,雄韬股份,2017-12-31,2017.0,2656425362.34,广东省,
6865,2745.0,木林森,2017-12-31,2017.0,8168725597.35,广东省,
6866,2757.0,南兴装备,2017-12-31,2017.0,781179934.25,广东省,
6867,2759.0,天际股份,2017-12-31,2017.0,853371820.89,广东省,
6868,2766.0,索菱股份,2017-12-31,2017.0,1151406639.71,广东省,
6869,2774.0,快意电梯,2017-12-31,2017.0,749025499.92,广东省,
6870,2782.0,可立克,2017-12-31,2017.0,924180241.87,广东省,
6871,2786.0,银宝山新,2017-12-31,2017.0,2904735299.9,广东省,
6872,2792.0,通宇通讯,2017-12-31,2017.0,1535304739.33,广东省,
6873,2806.0,华锋股份,2017-12-31,2017.0,439484144.11,广东省,
6874,2813.0,路畅科技,2017-12-31,2017.0,773936726.47,广东省,
6875,2815.0,崇达技术,2017-12-31,2017.0,3102644639.42,广东省,
6876,2816.0,和科达,2017-12-31,2017.0,347660693.09,广东省,
6877,2823.0,凯中精密,2017-12-31,2017.0,1384091448.06,广东省,
6878,2824.0,和胜股份,2017-12-31,2017.0,841028859.63,广东省,
6879,2833.0,弘亚数控,2017-12-31,2017.0,820460365.06,广东省,
6880,2835.0,同为股份,2017-12-31,2017.0,522212038.65,广东省,
6881,2837.0,英维克,2017-12-31,2017.0,786987376.78,广东省,
6882,2841.0,视源股份,2017-12-31,2017.0,10867607974.83,广东省,
6883,2842.0,翔鹭钨业,2017-12-31,2017.0,975824181.98,广东省,
6884,2845.0,同兴达,2017-12-31,2017.0,3663651804.41,广东省,
6885,2851.0,麦格米特,2017-12-31,2017.0,1494449391.01,广东省,
6886,2855.0,捷荣技术,2017-12-31,2017.0,1519638330.98,广东省,
6887,2869.0,金溢科技,2017-12-31,2017.0,622649833.01,广东省,
6888,2876.0,三利谱,2017-12-31,2017.0,817613769.33,广东省,
6889,2880.0,卫光生物,2017-12-31,2017.0,623389547.26,广东省,
6890,2881.0,美格智能,2017-12-31,2017.0,642468424.3,广东省,
6891,2882.0,金龙羽,2017-12-31,2017.0,2365574062.21,广东省,
6892,2884.0,凌霄泵业,2017-12-31,2017.0,983688130.69,广东省,
6893,2885.0,京泉华,2017-12-31,2017.0,1139911004.81,广东省,
6894,2888.0,惠威科技,2017-12-31,2017.0,263855357.28,广东省,
6895,2898.0,赛隆药业,2017-12-31,2017.0,364218632.26,广东省,
6896,2902.0,铭普光磁,2017-12-31,2017.0,1510102971.1,广东省,
6897,2906.0,华阳集团,2017-12-31,2017.0,4165848008.29,广东省,
6898,2911.0,佛燃股份,2017-12-31,2017.0,4292229457.26,广东省,
6899,2916.0,深南电路,2017-12-31,2017.0,5686939441.08,广东省,
6900,2918.0,蒙娜丽莎,2017-12-31,2017.0,2889876239.11,广东省,
6901,2922.0,伊戈尔,2017-12-31,2017.0,1148839628.21,广东省,
6902,2923.0,润都股份,2017-12-31,2017.0,779421016.24,广东省,
6903,300004.0,南风股份,2017-12-31,2017.0,875516775.5,广东省,
6904,300014.0,亿纬锂能,2017-12-31,2017.0,2982304750.14,广东省,
6905,300030.0,阳普医疗,2017-12-31,2017.0,549652842.55,广东省,
6906,300042.0,朗科科技,2017-12-31,2017.0,928828140.17,广东省,
6907,300053.0,欧比特,2017-12-31,2017.0,738851449.89,广东省,
6908,300057.0,万顺股份,2017-12-31,2017.0,3212808241.4,广东省,
6909,300077.0,国民技术,2017-12-31,2017.0,694957148.3,广东省,
6910,300083.0,劲胜智能,2017-12-31,2017.0,6421723025.91,广东省,
6911,300089.0,文化长城,2017-12-31,2017.0,540117836.79,广东省,
6912,300093.0,金刚玻璃,2017-12-31,2017.0,600548553.47,广东省,
6913,300112.0,万讯自控,2017-12-31,2017.0,551912822.8,广东省,
6914,300115.0,长盈精密,2017-12-31,2017.0,8431603740.91,广东省,
6915,300124.0,汇川技术,2017-12-31,2017.0,4777295690.69,广东省,
6916,300130.0,新国都,2017-12-31,2017.0,1236913539.17,广东省,
6917,300134.0,大富科技,2017-12-31,2017.0,1779295195.65,广东省,
6918,300136.0,信维通信,2017-12-31,2017.0,3434767796.22,广东省,
6919,300147.0,香雪制药,2017-12-31,2017.0,2187317438.23,广东省,
6920,300151.0,昌红科技,2017-12-31,2017.0,598803876.07,广东省,
6921,300154.0,瑞凌股份,2017-12-31,2017.0,648076567.49,广东省,
6922,300155.0,安居宝,2017-12-31,2017.0,845023779.24,广东省,
6923,300162.0,雷曼股份,2017-12-31,2017.0,644508909.64,广东省,
6924,300173.0,智慧松德,2017-12-31,2017.0,626808277.03,广东省,
6925,300177.0,中海达,2017-12-31,2017.0,1020790749.55,广东省,
6926,300193.0,佳士科技,2017-12-31,2017.0,806517584.55,广东省,
6927,300199.0,翰宇药业,2017-12-31,2017.0,1246233503.67,广东省,
6928,300206.0,理邦仪器,2017-12-31,2017.0,843277974.86,广东省,
6929,300207.0,欣旺达,2017-12-31,2017.0,14044882525.43,广东省,
6930,300219.0,鸿利智汇,2017-12-31,2017.0,3699261187.21,广东省,
6931,300227.0,光韵达,2017-12-31,2017.0,513408091.29,广东省,
6932,300232.0,洲明科技,2017-12-31,2017.0,3030527598.97,广东省,
6933,300238.0,冠昊生物,2017-12-31,2017.0,450366981.74,广东省,
6934,300241.0,瑞丰光电,2017-12-31,2017.0,1583693299.38,广东省,
6935,300246.0,宝莱特,2017-12-31,2017.0,711472879.23,广东省,
6936,300252.0,金信诺,2017-12-31,2017.0,2286467012.01,广东省,
6937,300273.0,和佳股份,2017-12-31,2017.0,1111811888.86,广东省,
6938,300281.0,金明精机,2017-12-31,2017.0,414480543.7,广东省,
6939,300301.0,长方集团,2017-12-31,2017.0,1750407487.37,广东省,
6940,300303.0,聚飞光电,2017-12-31,2017.0,2055139742.26,广东省,
6941,300317.0,珈伟股份,2017-12-31,2017.0,3310128616.94,广东省,
6942,300319.0,麦捷科技,2017-12-31,2017.0,1441336856.4,广东省,
6943,300322.0,硕贝德,2017-12-31,2017.0,2067644363.18,广东省,
6944,300335.0,迪森股份,2017-12-31,2017.0,1920714675.15,广东省,
6945,300340.0,科恒股份,2017-12-31,2017.0,2060599656.75,广东省,
6946,300376.0,易事特,2017-12-31,2017.0,7317580005.63,广东省,
6947,300381.0,溢多利,2017-12-31,2017.0,1499263322.64,广东省,
6948,300389.0,艾比森,2017-12-31,2017.0,1547386406.42,广东省,
6949,300400.0,劲拓股份,2017-12-31,2017.0,477762957.35,广东省,
6950,300403.0,地尔汉宇,2017-12-31,2017.0,778098630.79,广东省,
6951,300408.0,三环集团,2017-12-31,2017.0,3129801620.19,广东省,
6952,300409.0,道氏技术,2017-12-31,2017.0,1695623357.79,广东省,
6953,300410.0,正业科技,2017-12-31,2017.0,1265378908.03,广东省,
6954,300415.0,伊之密,2017-12-31,2017.0,2008314566.36,广东省,
6955,300417.0,南华仪器,2017-12-31,2017.0,186088721.43,广东省,
6956,300438.0,鹏辉能源,2017-12-31,2017.0,2098492686.07,广东省,
6957,300457.0,赢合科技,2017-12-31,2017.0,1586331194.25,广东省,
6958,300458.0,全志科技,2017-12-31,2017.0,1200950545.97,广东省,
6959,300460.0,惠伦晶体,2017-12-31,2017.0,363278187.71,广东省,
6960,300476.0,胜宏科技,2017-12-31,2017.0,2442144689.86,广东省,
6961,300482.0,万孚生物,2017-12-31,2017.0,1145484483.07,广东省,
6962,300484.0,蓝海华腾,2017-12-31,2017.0,578998851.26,广东省,
6963,300499.0,高澜股份,2017-12-31,2017.0,558929483.02,广东省,
6964,300503.0,昊志机电,2017-12-31,2017.0,445668316.87,广东省,
6965,300514.0,友讯达,2017-12-31,2017.0,601002678.58,广东省,
6966,300521.0,爱司凯,2017-12-31,2017.0,180187839.78,广东省,
6967,300526.0,中潜股份,2017-12-31,2017.0,384530296.15,广东省,
6968,300529.0,健帆生物,2017-12-31,2017.0,718491131.27,广东省,
6969,300531.0,优博讯,2017-12-31,2017.0,443219977.4,广东省,
6970,300543.0,朗科智能,2017-12-31,2017.0,1184800858.93,广东省,
6971,300545.0,联得装备,2017-12-31,2017.0,466279150.69,广东省,
6972,300546.0,雄帝科技,2017-12-31,2017.0,380106492.25,广东省,
6973,300562.0,乐心医疗,2017-12-31,2017.0,866590294.39,广东省,
6974,300565.0,科信技术,2017-12-31,2017.0,671492455.36,广东省,
6975,300570.0,太辰光,2017-12-31,2017.0,489790278.53,广东省,
6976,300572.0,安车检测,2017-12-31,2017.0,411769600.7,广东省,
6977,300601.0,康泰生物,2017-12-31,2017.0,1161175811.63,广东省,
6978,300602.0,飞荣达,2017-12-31,2017.0,1036410325.75,广东省,
6979,300606.0,金太阳,2017-12-31,2017.0,257913454.69,广东省,
6980,300607.0,拓斯达,2017-12-31,2017.0,764422959.92,广东省,
6981,300615.0,欣天科技,2017-12-31,2017.0,232684753.1,广东省,
6982,300619.0,金银河,2017-12-31,2017.0,489830101.7,广东省,
6983,300620.0,光库科技,2017-12-31,2017.0,230314837.21,广东省,
6984,300625.0,三雄极光,2017-12-31,2017.0,2265617597.87,广东省,
6985,300629.0,新劲刚,2017-12-31,2017.0,250401283.8,广东省,
6986,300633.0,开立医疗,2017-12-31,2017.0,989069663.25,广东省,
6987,300638.0,广和通,2017-12-31,2017.0,563304478.24,广东省,
6988,300639.0,凯普生物,2017-12-31,2017.0,479085119.83,广东省,
6989,300647.0,超频三,2017-12-31,2017.0,411135301.96,广东省,
6990,300656.0,民德电子,2017-12-31,2017.0,122526500.99,广东省,
6991,300679.0,电连技术,2017-12-31,2017.0,1423076434.67,广东省,
6992,300681.0,英搏尔,2017-12-31,2017.0,536230469.57,广东省,
6993,300686.0,智动力,2017-12-31,2017.0,568056967.75,广东省,
6994,300689.0,澄天伟业,2017-12-31,2017.0,294636000.34,广东省,
6995,300691.0,联合光电,2017-12-31,2017.0,934300852.92,广东省,
6996,300693.0,盛弘股份,2017-12-31,2017.0,451287050.7,广东省,
6997,300711.0,广哈通信,2017-12-31,2017.0,261225232.03,广东省,
6998,300713.0,英可瑞,2017-12-31,2017.0,380495152.89,广东省,
6999,300720.0,海川智能,2017-12-31,2017.0,150601001.59,广东省,
7000,300723.0,一品红,2017-12-31,2017.0,1380217271.58,广东省,
7001,300735.0,光弘科技,2017-12-31,2017.0,1274112355.7,广东省,
7002,300737.0,科顺股份,2017-12-31,2017.0,2038788127.61,广东省,
7003,300739.0,明阳电路,2017-12-31,2017.0,1053920394.71,广东省,
7004,600098.0,广州发展,2017-12-31,2017.0,24651887806.25,广东省,
7005,600183.0,生益科技,2017-12-31,2017.0,10751554129.91,广东省,
7006,600332.0,白云山,2017-12-31,2017.0,20954225189.53,广东省,
7007,600380.0,健康元,2017-12-31,2017.0,10779258187.81,广东省,
7008,600499.0,科达洁能,2017-12-31,2017.0,5728513617.27,广东省,
7009,600518.0,康美药业,2017-12-31,2017.0,17578618640.06,广东省,
7010,600525.0,长园集团,2017-12-31,2017.0,7432956015.32,广东省,
7011,600868.0,梅雁吉祥,2017-12-31,2017.0,242681410.08,广东省,
7012,600894.0,广日股份,2017-12-31,2017.0,4808765373.35,广东省,
7013,601139.0,深圳燃气,2017-12-31,2017.0,11058777569.46,广东省,
7014,603002.0,宏昌电子,2017-12-31,2017.0,1237094651.51,广东省,
7015,603063.0,禾望电气,2017-12-31,2017.0,878145238.83,广东省,
7016,603118.0,共进股份,2017-12-31,2017.0,7555325678.36,广东省,
7017,603160.0,汇顶科技,2017-12-31,2017.0,3681594308.56,广东省,
7018,603228.0,景旺电子,2017-12-31,2017.0,4192017811.27,广东省,
7019,603268.0,松发股份,2017-12-31,2017.0,568078119.31,广东省,
7020,603309.0,维力医疗,2017-12-31,2017.0,629894884.67,广东省,
7021,603328.0,依顿电子,2017-12-31,2017.0,3285764402.22,广东省,
7022,603386.0,广东骏亚,2017-12-31,2017.0,988455520.1,广东省,
7023,603725.0,天安新材,2017-12-31,2017.0,964863040.75,广东省,
7024,603838.0,四通股份,2017-12-31,2017.0,421294753.91,广东省,
7025,603861.0,白云电器,2017-12-31,2017.0,1513674095.14,广东省,
7026,603920.0,世运电路,2017-12-31,2017.0,1957205860.78,广东省,
7027,603936.0,博敏电子,2017-12-31,2017.0,1759879480.77,广东省,
7028,603978.0,深圳新星,2017-12-31,2017.0,1009183483.28,广东省,
7029,831167.0,鑫汇科,2017-12-31,2017.0,345481778.36,广东省,
7030,832110.0,雷特科技,2017-12-31,2017.0,71279089.56,广东省,
7031,832491.0,奥迪威,2017-12-31,2017.0,269111596.38,广东省,
7032,832876.0,慧为智能,2017-12-31,2017.0,411531583.43,广东省,
7033,833523.0,德瑞锂电,2017-12-31,2017.0,153447089.34,广东省,
7034,835185.0,贝特瑞,2017-12-31,2017.0,2967232678.0,广东省,
7035,837821.0,则成电子,2017-12-31,2017.0,218163716.51,广东省,
7036,839729.0,永顺生物,2017-12-31,2017.0,383176048.03,广东省,
7037,872374.0,云里物里,2017-12-31,2017.0,58973189.49,广东省,
7038,,,,,1530683748893.52,广东省 汇总,
7039,528.0,柳工,2017-12-31,2017.0,11264212253.35,广西壮族自治区,
7040,703.0,恒逸石化,2017-12-31,2017.0,64283848065.87,广西壮族自治区,
7041,806.0,银河生物,2017-12-31,2017.0,1045716011.73,广西壮族自治区,
7042,953.0,*ST 河化,2017-12-31,2017.0,220881635.31,广西壮族自治区,
7043,2166.0,莱茵生物,2017-12-31,2017.0,801262687.52,广西壮族自治区,
7044,2175.0,东方网络,2017-12-31,2017.0,411582340.5,广西壮族自治区,
7045,2275.0,桂林三金,2017-12-31,2017.0,1616016187.96,广西壮族自治区,
7046,600236.0,桂冠电力,2017-12-31,2017.0,8775100779.83,广西壮族自治区,
7047,600252.0,中恒集团,2017-12-31,2017.0,2047709276.64,广西壮族自治区,
7048,600310.0,桂东电力,2017-12-31,2017.0,10244834999.8,广西壮族自治区,
7049,601368.0,绿城水务,2017-12-31,2017.0,1243957604.33,广西壮族自治区,
7050,832885.0,星辰科技,2017-12-31,2017.0,72582632.56,广西壮族自治区,
7051,,,,,102027704475.4,广西壮族自治区 汇总,
7052,733.0,振华科技,2017-12-31,2017.0,8017831122.62,贵州省,
7053,2025.0,航天电器,2017-12-31,2017.0,2612127319.84,贵州省,
7054,2039.0,黔源电力,2017-12-31,2017.0,2419414720.06,贵州省,
7055,2390.0,信邦制药,2017-12-31,2017.0,6002471030.96,贵州省,
7056,2424.0,贵州百灵,2017-12-31,2017.0,2591816650.06,贵州省,
7057,2873.0,新天药业,2017-12-31,2017.0,681714129.26,贵州省,
7058,2927.0,泰永长征,2017-12-31,2017.0,328562621.57,贵州省,
7059,600112.0,*ST 天成,2017-12-31,2017.0,564970731.53,贵州省,
7060,600145.0,*ST 新亿,2017-12-31,2017.0,341552374.98,贵州省,
7061,600227.0,赤天化,2017-12-31,2017.0,1692959399.16,贵州省,
7062,600594.0,益佰制药,2017-12-31,2017.0,3807661758.57,贵州省,
7063,600903.0,贵州燃气,2017-12-31,2017.0,2779004649.9,贵州省,
7064,,,,,31840086508.51,贵州省 汇总,
7065,566.0,海南海药,2017-12-31,2017.0,1824521594.58,海南省,
7066,657.0,中钨高新,2017-12-31,2017.0,6540814741.07,海南省,
7067,2596.0,海南瑞泽,2017-12-31,2017.0,2877542322.17,海南省,
7068,2693.0,双成药业,2017-12-31,2017.0,246769505.5,海南省,
7069,300086.0,康芝药业,2017-12-31,2017.0,480831720.45,海南省,
7070,300630.0,普利制药,2017-12-31,2017.0,324826689.9,海南省,
7071,,,,,12295306573.67,海南省 汇总,
7072,401.0,冀东水泥,2017-12-31,2017.0,15289714130.81,河北省,
7073,413.0,东旭光电,2017-12-31,2017.0,17336364158.13,河北省,
7074,600.0,建投能源,2017-12-31,2017.0,10537678442.57,河北省,
7075,687.0,华讯方舟,2017-12-31,2017.0,1346557251.95,河北省,
7076,856.0,冀东装备,2017-12-31,2017.0,1765221643.15,河北省,
7077,2049.0,紫光国芯,2017-12-31,2017.0,1829095734.96,河北省,
7078,2282.0,博深工具,2017-12-31,2017.0,592010244.24,河北省,
7079,2459.0,天业通联,2017-12-31,2017.0,356912322.43,河北省,
7080,2603.0,以岭药业,2017-12-31,2017.0,4081266654.71,河北省,
7081,2691.0,冀凯股份,2017-12-31,2017.0,401862745.72,河北省,
7082,300137.0,先河环保,2017-12-31,2017.0,1042537654.56,河北省,
7083,300255.0,常山药业,2017-12-31,2017.0,1420161448.21,河北省,
7084,300368.0,汇金股份,2017-12-31,2017.0,621373955.11,河北省,
7085,300371.0,汇中股份,2017-12-31,2017.0,246668974.0,河北省,
7086,300491.0,通合科技,2017-12-31,2017.0,216878674.13,河北省,
7087,600149.0,*ST 坊展,2017-12-31,2017.0,51033532.59,河北省,
7088,600550.0,保变电气,2017-12-31,2017.0,4367977205.72,河北省,
7089,600803.0,新奥股份,2017-12-31,2017.0,10035632884.24,河北省,
7090,600812.0,华北制药,2017-12-31,2017.0,7709121876.65,河北省,
7091,603050.0,科林电气,2017-12-31,2017.0,969473942.08,河北省,
7092,603385.0,惠达卫浴,2017-12-31,2017.0,2748201453.35,河北省,
7093,835985.0,海泰新能,2017-12-31,2017.0,2040130246.61,河北省,
7094,,,,,85005875175.92,河北省 汇总,
7095,400.0,许继电气,2017-12-31,2017.0,10330721120.44,河南省,
7096,544.0,中原环保,2017-12-31,2017.0,976302141.02,河南省,
7097,612.0,焦作万方,2017-12-31,2017.0,5016764070.05,河南省,
7098,933.0,神火股份,2017-12-31,2017.0,18899154719.98,河南省,
7099,949.0,新乡化纤,2017-12-31,2017.0,4107419763.1,河南省,
7100,1896.0,豫能控股,2017-12-31,2017.0,8760331490.94,河南省,
7101,2007.0,华兰生物,2017-12-31,2017.0,2368176569.28,河南省,
7102,2046.0,轴研科技,2017-12-31,2017.0,1494046925.81,河南省,
7103,2179.0,中航光电,2017-12-31,2017.0,6361813149.33,河南省,
7104,2189.0,利达光电,2017-12-31,2017.0,912865983.69,河南省,
7105,2225.0,濮耐股份,2017-12-31,2017.0,2814626707.79,河南省,
7106,2296.0,辉煌科技,2017-12-31,2017.0,546892512.85,河南省,
7107,2358.0,森源电气,2017-12-31,2017.0,3551471459.74,河南省,
7108,2535.0,林州重机,2017-12-31,2017.0,1651884332.25,河南省,
7109,2560.0,通达股份,2017-12-31,2017.0,1640547057.2,河南省,
7110,2613.0,北玻股份,2017-12-31,2017.0,1133983049.37,河南省,
7111,2857.0,三晖电气,2017-12-31,2017.0,204207324.79,河南省,
7112,300007.0,汉威科技,2017-12-31,2017.0,1444179089.91,河南省,
7113,300064.0,豫金刚石,2017-12-31,2017.0,1532773223.28,河南省,
7114,300080.0,易成新能,2017-12-31,2017.0,1825753777.6,河南省,
7115,300179.0,四方达,2017-12-31,2017.0,314497693.63,河南省,
7116,300259.0,新天科技,2017-12-31,2017.0,744891093.73,河南省,
7117,300263.0,隆华节能,2017-12-31,2017.0,1068323190.08,河南省,
7118,300480.0,光力科技,2017-12-31,2017.0,192488927.18,河南省,
7119,300701.0,森霸股份,2017-12-31,2017.0,177426946.85,河南省,
7120,600172.0,黄河旋风,2017-12-31,2017.0,3166525962.21,河南省,
7121,600207.0,安彩高科,2017-12-31,2017.0,1983925945.07,河南省,
7122,600222.0,太龙药业,2017-12-31,2017.0,1168390539.72,河南省,
7123,600285.0,羚锐制药,2017-12-31,2017.0,1848525085.19,河南省,
7124,600312.0,平高电气,2017-12-31,2017.0,8959755297.26,河南省,
7125,600531.0,豫光金铅,2017-12-31,2017.0,17448877298.21,河南省,
7126,600595.0,中孚实业,2017-12-31,2017.0,11522004314.79,河南省,
7127,600810.0,神马股份,2017-12-31,2017.0,10684740403.81,河南省,
7128,600876.0,洛阳玻璃,2017-12-31,2017.0,367047136.12,河南省,
7129,601038.0,一拖股份,2017-12-31,2017.0,7219310386.11,河南省,
7130,601608.0,中信重工,2017-12-31,2017.0,4620579934.31,河南省,
7131,601677.0,明泰铝业,2017-12-31,2017.0,10363322726.81,河南省,
7132,603566.0,普莱柯,2017-12-31,2017.0,529895207.7,河南省,
7133,603658.0,安图生物,2017-12-31,2017.0,1400142047.05,河南省,
7134,833580.0,科创新材,2017-12-31,2017.0,70665865.81,河南省,
7135,838971.0,天马新材,2017-12-31,2017.0,91267548.47,河南省,
7136,839725.0,惠丰钻石,2017-12-31,2017.0,86835444.76,河南省,
7137,,,,,159603353463.29,河南省 汇总,
7138,922.0,*ST 佳电,2017-12-31,2017.0,1588159705.99,黑龙江省,
7139,2437.0,誉衡药业,2017-12-31,2017.0,3041883453.67,黑龙江省,
7140,2698.0,博实股份,2017-12-31,2017.0,788072861.21,黑龙江省,
7141,2737.0,葵花药业,2017-12-31,2017.0,3855119811.67,黑龙江省,
7142,2900.0,哈三联,2017-12-31,2017.0,1148830317.73,黑龙江省,
7143,300040.0,九洲电气,2017-12-31,2017.0,1428214706.47,黑龙江省,
7144,300489.0,中飞股份,2017-12-31,2017.0,143853440.54,黑龙江省,
7145,600187.0,国中水务,2017-12-31,2017.0,439782046.43,黑龙江省,
7146,600202.0,哈空调,2017-12-31,2017.0,273462686.88,黑龙江省,
7147,600664.0,哈药股份,2017-12-31,2017.0,12017531251.13,黑龙江省,
7148,600726.0,华电能源,2017-12-31,2017.0,9081910890.41,黑龙江省,
7149,601106.0,*ST 一重,2017-12-31,2017.0,10251825155.33,黑龙江省,
7150,603023.0,威帝股份,2017-12-31,2017.0,199313665.14,黑龙江省,
7151,603567.0,珍宝岛,2017-12-31,2017.0,3136522106.74,黑龙江省,
7152,,,,,47394482099.34,黑龙江省 汇总,
7153,670.0,盈方微,2017-12-31,2017.0,241073950.69,湖北省,
7154,678.0,襄阳轴承,2017-12-31,2017.0,1522314374.42,湖北省,
7155,821.0,京山轻机,2017-12-31,2017.0,1536524895.37,湖北省,
7156,852.0,石化机械,2017-12-31,2017.0,3993954898.77,湖北省,
7157,883.0,湖北能源,2017-12-31,2017.0,11567951117.15,湖北省,
7158,939.0,凯迪生态,2017-12-31,2017.0,5445743305.64,湖北省,
7159,952.0,广济药业,2017-12-31,2017.0,801556325.69,湖北省,
7160,966.0,长源电力,2017-12-31,2017.0,5464035312.69,湖北省,
7161,988.0,华工科技,2017-12-31,2017.0,4480552788.24,湖北省,
7162,2194.0,武汉凡谷,2017-12-31,2017.0,1425343511.35,湖北省,
7163,2281.0,光迅科技,2017-12-31,2017.0,4553066950.98,湖北省,
7164,2365.0,永安药业,2017-12-31,2017.0,932771728.82,湖北省,
7165,2414.0,高德红外,2017-12-31,2017.0,1016457840.62,湖北省,
7166,2861.0,瀛通通讯,2017-12-31,2017.0,721688400.67,湖北省,
7167,300018.0,中元股份,2017-12-31,2017.0,404040309.75,湖北省,
7168,300046.0,台基股份,2017-12-31,2017.0,278651806.1,湖北省,
7169,300161.0,华中数控,2017-12-31,2017.0,985192133.8,湖北省,
7170,300205.0,天喻信息,2017-12-31,2017.0,1936070390.59,湖北省,
7171,300220.0,金运激光,2017-12-31,2017.0,184949471.36,湖北省,
7172,300276.0,三丰智能,2017-12-31,2017.0,625311214.23,湖北省,
7173,300278.0,华昌达,2017-12-31,2017.0,2966026801.75,湖北省,
7174,300323.0,华灿光电,2017-12-31,2017.0,2629903384.19,湖北省,
7175,300395.0,菲利华,2017-12-31,2017.0,545340468.73,湖北省,
7176,300516.0,久之洋,2017-12-31,2017.0,311153016.49,湖北省,
7177,300527.0,华舟应急,2017-12-31,2017.0,2203813336.15,湖北省,
7178,300557.0,理工光科,2017-12-31,2017.0,224291012.37,湖北省,
7179,300567.0,精测电子,2017-12-31,2017.0,895080970.69,湖北省,
7180,300683.0,海特生物,2017-12-31,2017.0,750258800.06,湖北省,
7181,430198.0,微创光电,2017-12-31,2017.0,150638009.89,湖北省,
7182,600079.0,人福医药,2017-12-31,2017.0,15448209519.92,湖北省,
7183,600168.0,武汉控股,2017-12-31,2017.0,1250921369.14,湖北省,
7184,600184.0,光电股份,2017-12-31,2017.0,1886034907.22,湖北省,
7185,600260.0,凯乐科技,2017-12-31,2017.0,15138429293.96,湖北省,
7186,600293.0,三峡新材,2017-12-31,2017.0,12050492171.87,湖北省,
7187,600345.0,长江通信,2017-12-31,2017.0,254829228.13,湖北省,
7188,600355.0,精伦电子,2017-12-31,2017.0,341860367.45,湖北省,
7189,600421.0,仰帆控股,2017-12-31,2017.0,28767309.13,湖北省,
7190,600498.0,烽火通信,2017-12-31,2017.0,21056224656.67,湖北省,
7191,600566.0,济川药业,2017-12-31,2017.0,5642009138.99,湖北省,
7192,600568.0,中珠医疗,2017-12-31,2017.0,981023762.62,湖北省,
7193,600681.0,百川能源,2017-12-31,2017.0,2972300082.82,湖北省,
7194,600703.0,三安光电,2017-12-31,2017.0,8393725783.69,湖北省,
7195,600745.0,闻泰科技,2017-12-31,2017.0,16916232210.01,湖北省,
7196,600769.0,祥龙电业,2017-12-31,2017.0,58387444.73,湖北省,
7197,600801.0,华新水泥,2017-12-31,2017.0,20889291990.0,湖北省,
7198,600879.0,航天电子,2017-12-31,2017.0,13054287257.6,湖北省,
7199,600885.0,宏发股份,2017-12-31,2017.0,6020204799.9,湖北省,
7200,600993.0,马应龙,2017-12-31,2017.0,1750592393.66,湖北省,
7201,601311.0,骆驼股份,2017-12-31,2017.0,7617980446.75,湖北省,
7202,603738.0,泰晶科技,2017-12-31,2017.0,539964464.17,湖北省,
7203,835237.0,力佳科技,2017-12-31,2017.0,187328640.83,湖北省,
7204,838670.0,恒进感应,2017-12-31,2017.0,44247350.65,湖北省,
7205,900956.0,东贝B股,2017-12-31,2017.0,3789307855.3,湖北省,
7206,,,,,215106408972.46,湖北省 汇总,
7207,157.0,中联重科,2017-12-31,2017.0,23272893731.36,湖南省,
7208,519.0,中兵红箭,2017-12-31,2017.0,4775366633.11,湖南省,
7209,590.0,启迪古汉,2017-12-31,2017.0,343539198.75,湖南省,
7210,622.0,恒立实业,2017-12-31,2017.0,58733082.43,湖南省,
7211,722.0,湖南发展,2017-12-31,2017.0,244487722.74,湖南省,
7212,908.0,景峰医药,2017-12-31,2017.0,2583652335.22,湖南省,
7213,989.0,九芝堂,2017-12-31,2017.0,3797212593.87,湖南省,
7214,2097.0,山河智能,2017-12-31,2017.0,3946203040.18,湖南省,
7215,2297.0,博云新材,2017-12-31,2017.0,544703596.01,湖南省,
7216,2412.0,汉森制药,2017-12-31,2017.0,829937833.67,湖南省,
7217,2452.0,长高集团,2017-12-31,2017.0,1415714602.71,湖南省,
7218,2523.0,天桥起重,2017-12-31,2017.0,1245952876.95,湖南省,
7219,2533.0,金杯电工,2017-12-31,2017.0,3961364315.34,湖南省,
7220,2716.0,金贵银业,2017-12-31,2017.0,11301766097.65,湖南省,
7221,2848.0,高斯贝尔,2017-12-31,2017.0,1078131837.36,湖南省,
7222,2879.0,长缆科技,2017-12-31,2017.0,616891573.3,湖南省,
7223,2892.0,科力尔,2017-12-31,2017.0,591659441.43,湖南省,
7224,2903.0,宇环数控,2017-12-31,2017.0,250258758.35,湖南省,
7225,2913.0,奥士康,2017-12-31,2017.0,1736368033.47,湖南省,
7226,300035.0,中科电气,2017-12-31,2017.0,420670309.16,湖南省,
7227,300216.0,千山药机,2017-12-31,2017.0,307916482.92,湖南省,
7228,300267.0,尔康制药,2017-12-31,2017.0,2827885190.81,湖南省,
7229,300298.0,三诺生物,2017-12-31,2017.0,1033007660.36,湖南省,
7230,300358.0,楚天科技,2017-12-31,2017.0,1280416134.34,湖南省,
7231,300433.0,蓝思科技,2017-12-31,2017.0,23702962254.39,湖南省,
7232,300474.0,景嘉微,2017-12-31,2017.0,306245883.16,湖南省,
7233,300490.0,华自科技,2017-12-31,2017.0,621106157.08,湖南省,
7234,300515.0,三德科技,2017-12-31,2017.0,206160684.69,湖南省,
7235,300672.0,国科微,2017-12-31,2017.0,411751765.92,湖南省,
7236,300700.0,岱勒新材,2017-12-31,2017.0,435454577.92,湖南省,
7237,300705.0,九典制药,2017-12-31,2017.0,534515072.36,湖南省,
7238,300726.0,宏达电子,2017-12-31,2017.0,524366048.96,湖南省,
7239,600031.0,三一重工,2017-12-31,2017.0,38335087000.0,湖南省,
7240,600416.0,湘电股份,2017-12-31,2017.0,9705970007.56,湖南省,
7241,600478.0,科力远,2017-12-31,2017.0,1565058882.24,湖南省,
7242,600479.0,千金药业,2017-12-31,2017.0,3182743792.32,湖南省,
7243,600744.0,华银电力,2017-12-31,2017.0,7338122564.75,湖南省,
7244,600961.0,株冶集团,2017-12-31,2017.0,13796828901.74,湖南省,
7245,600969.0,郴电国际,2017-12-31,2017.0,2522166044.05,湖南省,
7246,601636.0,旗滨集团,2017-12-31,2017.0,7585004069.43,湖南省,
7247,603989.0,艾华集团,2017-12-31,2017.0,1792502985.37,湖南省,
7248,603998.0,方盛制药,2017-12-31,2017.0,720769349.3,湖南省,
7249,835174.0,五新隧装,2017-12-31,2017.0,272410811.36,湖南省,
7250,,,,,182023959934.09,湖南省 汇总,
7251,420.0,吉林化纤,2017-12-31,2017.0,2197822695.2,吉林省,
7252,623.0,吉林敖东,2017-12-31,2017.0,2976771644.51,吉林省,
7253,661.0,长春高新,2017-12-31,2017.0,4102261578.1,吉林省,
7254,669.0,金鸿控股,2017-12-31,2017.0,3764721319.53,吉林省,
7255,766.0,通化金马,2017-12-31,2017.0,1521410294.36,吉林省,
7256,875.0,吉电股份,2017-12-31,2017.0,5102633471.26,吉林省,
7257,2118.0,紫鑫药业,2017-12-31,2017.0,1327230839.27,吉林省,
7258,2338.0,奥普光电,2017-12-31,2017.0,368437727.92,吉林省,
7259,2501.0,利源精制,2017-12-31,2017.0,3031363016.14,吉林省,
7260,2566.0,益盛药业,2017-12-31,2017.0,1034442376.85,吉林省,
7261,2622.0,融钰集团,2017-12-31,2017.0,194929409.68,吉林省,
7262,300108.0,吉药控股,2017-12-31,2017.0,700439094.96,吉林省,
7263,300396.0,迪瑞医疗,2017-12-31,2017.0,867690655.05,吉林省,
7264,300510.0,金冠电气,2017-12-31,2017.0,741314476.23,吉林省,
7265,600110.0,诺德股份,2017-12-31,2017.0,2537745848.41,吉林省,
7266,600333.0,长春燃气,2017-12-31,2017.0,1462821920.06,吉林省,
7267,600360.0,华微电子,2017-12-31,2017.0,1634890299.33,吉林省,
7268,600432.0,*ST 吉恩,2017-12-31,2017.0,3130025734.31,吉林省,
7269,600856.0,中天能源,2017-12-31,2017.0,6492917442.51,吉林省,
7270,600867.0,通化东宝,2017-12-31,2017.0,2545324962.99,吉林省,
7271,600881.0,亚泰集团,2017-12-31,2017.0,17654682882.78,吉林省,
7272,836077.0,吉林碳谷,2017-12-31,2017.0,172455768.02,吉林省,
7273,,,,,63562333457.47,吉林省 汇总,
7274,301.0,东方市场,2017-12-31,2017.0,1112023498.46,江苏省,
7275,418.0,小天鹅A,2017-12-31,2017.0,21384699076.65,江苏省,
7276,421.0,南京公用,2017-12-31,2017.0,3609320538.83,江苏省,
7277,425.0,徐工机械,2017-12-31,2017.0,29131104625.6,江苏省,
7278,518.0,四环生物,2017-12-31,2017.0,346054646.61,江苏省,
7279,570.0,苏常柴A,2017-12-31,2017.0,2429066805.06,江苏省,
7280,727.0,华东科技,2017-12-31,2017.0,5994988894.87,江苏省,
7281,777.0,中核科技,2017-12-31,2017.0,873853363.76,江苏省,
7282,816.0,智慧农业,2017-12-31,2017.0,1740271458.34,江苏省,
7283,919.0,金陵药业,2017-12-31,2017.0,3191811863.89,江苏省,
7284,936.0,华西股份,2017-12-31,2017.0,2842387322.25,江苏省,
7285,2009.0,天奇股份,2017-12-31,2017.0,2458332708.71,江苏省,
7286,2015.0,霞客环保,2017-12-31,2017.0,409899036.84,江苏省,
7287,2074.0,国轩高科,2017-12-31,2017.0,4838098642.04,江苏省,
7288,2077.0,大港股份,2017-12-31,2017.0,1310686562.45,江苏省,
7289,2079.0,苏州固锝,2017-12-31,2017.0,1854591461.11,江苏省,
7290,2080.0,中材科技,2017-12-31,2017.0,10267819232.27,江苏省,
7291,2089.0,新海宜,2017-12-31,2017.0,1604715291.66,江苏省,
7292,2090.0,金智科技,2017-12-31,2017.0,2305959694.01,江苏省,
7293,2104.0,恒宝股份,2017-12-31,2017.0,1207704433.57,江苏省,
7294,2156.0,通富微电,2017-12-31,2017.0,6519255165.45,江苏省,
7295,2160.0,常铝股份,2017-12-31,2017.0,4063850376.07,江苏省,
7296,2172.0,澳洋科技,2017-12-31,2017.0,5366490321.8,江苏省,
7297,2182.0,云海金属,2017-12-31,2017.0,4926860046.62,江苏省,
7298,2201.0,九鼎新材,2017-12-31,2017.0,994216079.28,江苏省,
7299,2223.0,鱼跃医疗,2017-12-31,2017.0,3541562711.05,江苏省,
7300,2245.0,澳洋顺昌,2017-12-31,2017.0,3588421311.25,江苏省,
7301,2255.0,海陆重工,2017-12-31,2017.0,1171553611.2,江苏省,
7302,2262.0,恩华药业,2017-12-31,2017.0,3393676955.99,江苏省,
7303,2290.0,中科新材,2017-12-31,2017.0,1431589639.38,江苏省,
7304,2309.0,中利集团,2017-12-31,2017.0,17995777309.63,江苏省,
7305,2333.0,罗普斯金,2017-12-31,2017.0,1032480739.29,江苏省,
7306,2349.0,精华制药,2017-12-31,2017.0,1120920317.81,江苏省,
7307,2367.0,康力电梯,2017-12-31,2017.0,3279935046.43,江苏省,
7308,2384.0,东山精密,2017-12-31,2017.0,15389565629.62,江苏省,
7309,2411.0,必康股份,2017-12-31,2017.0,5368005750.79,江苏省,
7310,2413.0,雷科防务,2017-12-31,2017.0,767180576.4,江苏省,
7311,2426.0,胜利精密,2017-12-31,2017.0,15761159653.66,江苏省,
7312,2435.0,长江润发,2017-12-31,2017.0,2986947600.31,江苏省,
7313,2438.0,江苏神通,2017-12-31,2017.0,755661421.21,江苏省,
7314,2463.0,沪电股份,2017-12-31,2017.0,4626744296.0,江苏省,
7315,2471.0,中超控股,2017-12-31,2017.0,7414740672.08,江苏省,
7316,2483.0,润邦股份,2017-12-31,2017.0,1842939896.04,江苏省,
7317,2484.0,江海股份,2017-12-31,2017.0,1666811782.97,江苏省,
7318,2491.0,通鼎互联,2017-12-31,2017.0,4213584403.82,江苏省,
7319,2499.0,科林环保,2017-12-31,2017.0,885516751.09,江苏省,
7320,2519.0,银河电子,2017-12-31,2017.0,1624485263.9,江苏省,
7321,2531.0,天顺风能,2017-12-31,2017.0,3169619034.25,江苏省,
7322,2540.0,亚太科技,2017-12-31,2017.0,3407489577.27,江苏省,
7323,2546.0,新联电子,2017-12-31,2017.0,621054006.76,江苏省,
7324,2550.0,千红制药,2017-12-31,2017.0,1065466101.93,江苏省,
7325,2553.0,南方轴承,2017-12-31,2017.0,389347225.41,江苏省,
7326,2559.0,亚威股份,2017-12-31,2017.0,1439039317.44,江苏省,
7327,2576.0,通达动力,2017-12-31,2017.0,1084725284.14,江苏省,
7328,2608.0,江苏国信,2017-12-31,2017.0,19190734838.27,江苏省,
7329,2610.0,爱康科技,2017-12-31,2017.0,4856493249.54,江苏省,
7330,2623.0,亚玛顿,2017-12-31,2017.0,1612431323.24,江苏省,
7331,2635.0,安洁科技,2017-12-31,2017.0,2714600818.92,江苏省,
7332,2645.0,华宏科技,2017-12-31,2017.0,1299942959.61,江苏省,
7333,2680.0,长生生物,2017-12-31,2017.0,1553373907.11,江苏省,
7334,2685.0,华东重机,2017-12-31,2017.0,5001881612.76,江苏省,
7335,2692.0,睿康股份,2017-12-31,2017.0,2572700903.13,江苏省,
7336,2747.0,埃斯顿,2017-12-31,2017.0,1076503102.66,江苏省,
7337,2796.0,世嘉科技,2017-12-31,2017.0,576692686.38,江苏省,
7338,2808.0,苏州恒久,2017-12-31,2017.0,286359847.67,江苏省,
7339,2866.0,传艺科技,2017-12-31,2017.0,668634585.88,江苏省,
7340,2877.0,智能自控,2017-12-31,2017.0,307423199.69,江苏省,
7341,200468.0,*ST 宁通B,2017-12-31,2017.0,1770309320.54,江苏省,
7342,300029.0,天龙光电,2017-12-31,2017.0,333720631.77,江苏省,
7343,300091.0,金通灵,2017-12-31,2017.0,961733148.84,江苏省,
7344,300128.0,锦富技术,2017-12-31,2017.0,3021464069.38,江苏省,
7345,300141.0,和顺电气,2017-12-31,2017.0,542710320.68,江苏省,
7346,300160.0,秀强股份,2017-12-31,2017.0,1377788854.42,江苏省,
7347,300165.0,天瑞仪器,2017-12-31,2017.0,792027581.7,江苏省,
7348,300196.0,长海股份,2017-12-31,2017.0,2027190741.15,江苏省,
7349,300201.0,海伦哲,2017-12-31,2017.0,1379652609.58,江苏省,
7350,300211.0,亿通科技,2017-12-31,2017.0,169449585.49,江苏省,
7351,300217.0,东方电热,2017-12-31,2017.0,1730197836.81,江苏省,
7352,300228.0,富瑞特装,2017-12-31,2017.0,1745566577.25,江苏省,
7353,300260.0,新莱应材,2017-12-31,2017.0,637747334.17,江苏省,
7354,300265.0,通光线缆,2017-12-31,2017.0,1516466077.34,江苏省,
7355,300279.0,和晶科技,2017-12-31,2017.0,1429480842.35,江苏省,
7356,300331.0,苏大维格,2017-12-31,2017.0,944117737.91,江苏省,
7357,300337.0,银邦股份,2017-12-31,2017.0,1989102562.37,江苏省,
7358,300342.0,天银机电,2017-12-31,2017.0,772973746.08,江苏省,
7359,300346.0,南大光电,2017-12-31,2017.0,177213496.48,江苏省,
7360,300354.0,东华测试,2017-12-31,2017.0,129488610.27,江苏省,
7361,300356.0,光一科技,2017-12-31,2017.0,540224208.56,江苏省,
7362,300373.0,扬杰科技,2017-12-31,2017.0,1469508389.85,江苏省,
7363,300382.0,斯莱克,2017-12-31,2017.0,548578226.19,江苏省,
7364,300385.0,雪浪环境,2017-12-31,2017.0,818035386.3,江苏省,
7365,300390.0,天华超净,2017-12-31,2017.0,736332720.43,江苏省,
7366,300393.0,中来股份,2017-12-31,2017.0,3242852763.05,江苏省,
7367,300394.0,天孚通信,2017-12-31,2017.0,337992404.01,江苏省,
7368,300402.0,宝色股份,2017-12-31,2017.0,440058247.68,江苏省,
7369,300420.0,五洋科技,2017-12-31,2017.0,754572739.63,江苏省,
7370,300421.0,力星股份,2017-12-31,2017.0,663356782.3,江苏省,
7371,300447.0,全信股份,2017-12-31,2017.0,566755591.64,江苏省,
7372,300450.0,先导智能,2017-12-31,2017.0,2176895329.22,江苏省,
7373,300466.0,赛摩电气,2017-12-31,2017.0,456772949.37,江苏省,
7374,300509.0,新美星,2017-12-31,2017.0,500484643.95,江苏省,
7375,300549.0,优德精密,2017-12-31,2017.0,460802342.1,江苏省,
7376,300554.0,三超新材,2017-12-31,2017.0,283913948.05,江苏省,
7377,300555.0,路通视信,2017-12-31,2017.0,377233779.93,江苏省,
7378,300563.0,神宇股份,2017-12-31,2017.0,324402439.48,江苏省,
7379,300584.0,海辰药业,2017-12-31,2017.0,455034585.52,江苏省,
7380,300617.0,安靠智电,2017-12-31,2017.0,359659866.37,江苏省,
7381,300618.0,寒锐钴业,2017-12-31,2017.0,1464896612.27,江苏省,
7382,300623.0,捷捷微电,2017-12-31,2017.0,430806893.96,江苏省,
7383,300631.0,久吾高科,2017-12-31,2017.0,293538746.86,江苏省,
7384,300660.0,江苏雷利,2017-12-31,2017.0,2022828950.85,江苏省,
7385,300670.0,大烨智能,2017-12-31,2017.0,339810515.98,江苏省,
7386,300697.0,电工合金,2017-12-31,2017.0,1313564133.87,江苏省,
7387,300707.0,威唐工业,2017-12-31,2017.0,436833859.32,江苏省,
7388,300708.0,聚灿光电,2017-12-31,2017.0,620944425.22,江苏省,
7389,300709.0,精研科技,2017-12-31,2017.0,922285875.42,江苏省,
7390,300715.0,凯伦股份,2017-12-31,2017.0,394228044.92,江苏省,
7391,430418.0,苏轴股份,2017-12-31,2017.0,342635041.22,江苏省,
7392,600074.0,ST 保千里,2017-12-31,2017.0,2845811907.7,江苏省,
7393,600105.0,永鼎股份,2017-12-31,2017.0,2869207060.49,江苏省,
7394,600200.0,江苏吴中,2017-12-31,2017.0,2960487767.54,江苏省,
7395,600268.0,国电南自,2017-12-31,2017.0,6078377429.97,江苏省,
7396,600276.0,恒瑞医药,2017-12-31,2017.0,13835629369.98,江苏省,
7397,600401.0,*ST 海润,2017-12-31,2017.0,3256402597.55,江苏省,
7398,600481.0,双良节能,2017-12-31,2017.0,1718356014.06,江苏省,
7399,600487.0,亨通光电,2017-12-31,2017.0,25950269006.99,江苏省,
7400,600513.0,联环药业,2017-12-31,2017.0,689099349.22,江苏省,
7401,600522.0,中天科技,2017-12-31,2017.0,27101395690.07,江苏省,
7402,600527.0,江南高纤,2017-12-31,2017.0,1429411737.99,江苏省,
7403,600557.0,康缘药业,2017-12-31,2017.0,3274698153.55,江苏省,
7404,600562.0,国睿科技,2017-12-31,2017.0,1154448171.07,江苏省,
7405,600584.0,长电科技,2017-12-31,2017.0,23855512379.95,江苏省,
7406,600775.0,南京熊猫,2017-12-31,2017.0,4191928908.95,江苏省,
7407,600854.0,春兰股份,2017-12-31,2017.0,818590991.97,江苏省,
7408,600889.0,南京化纤,2017-12-31,2017.0,1607092730.23,江苏省,
7409,600973.0,宝胜股份,2017-12-31,2017.0,20691164048.09,江苏省,
7410,601100.0,恒立液压,2017-12-31,2017.0,2795211617.28,江苏省,
7411,601199.0,江南水务,2017-12-31,2017.0,1100958069.75,江苏省,
7412,601218.0,吉鑫科技,2017-12-31,2017.0,1348925012.49,江苏省,
7413,601222.0,林洋能源,2017-12-31,2017.0,3588198201.68,江苏省,
7414,601313.0,江南嘉捷,2017-12-31,2017.0,2184521590.68,江苏省,
7415,601388.0,怡球资源,2017-12-31,2017.0,5384040136.13,江苏省,
7416,603005.0,晶方科技,2017-12-31,2017.0,628779607.76,江苏省,
7417,603016.0,新宏泰,2017-12-31,2017.0,379320459.99,江苏省,
7418,603036.0,如通股份,2017-12-31,2017.0,196793265.45,江苏省,
7419,603042.0,华脉科技,2017-12-31,2017.0,1053893723.13,江苏省,
7420,603090.0,宏盛股份,2017-12-31,2017.0,367951683.19,江苏省,
7421,603133.0,碳元科技,2017-12-31,2017.0,499916813.43,江苏省,
7422,603203.0,快克股份,2017-12-31,2017.0,361855533.79,江苏省,
7423,603269.0,海鸥股份,2017-12-31,2017.0,565325055.77,江苏省,
7424,603283.0,赛腾股份,2017-12-31,2017.0,683175388.07,江苏省,
7425,603339.0,四方冷链,2017-12-31,2017.0,1008714515.86,江苏省,
7426,603355.0,莱克电气,2017-12-31,2017.0,5709587581.22,江苏省,
7427,603366.0,日出东方,2017-12-31,2017.0,2783914360.6,江苏省,
7428,603380.0,易德龙,2017-12-31,2017.0,862815557.8,江苏省,
7429,603387.0,基蛋生物,2017-12-31,2017.0,488582766.19,江苏省,
7430,603416.0,信捷电气,2017-12-31,2017.0,483573418.49,江苏省,
7431,603488.0,展鹏科技,2017-12-31,2017.0,279203455.7,江苏省,
7432,603507.0,振江股份,2017-12-31,2017.0,942657546.76,江苏省,
7433,603519.0,立霸股份,2017-12-31,2017.0,1223241655.39,江苏省,
7434,603528.0,多伦科技,2017-12-31,2017.0,508753398.06,江苏省,
7435,603660.0,苏州科达,2017-12-31,2017.0,1825436497.01,江苏省,
7436,603688.0,石英股份,2017-12-31,2017.0,563121082.21,江苏省,
7437,603699.0,纽威股份,2017-12-31,2017.0,2395169023.57,江苏省,
7438,603707.0,健友股份,2017-12-31,2017.0,1112726003.22,江苏省,
7439,603800.0,道森股份,2017-12-31,2017.0,830490477.47,江苏省,
7440,603819.0,神力股份,2017-12-31,2017.0,717931419.83,江苏省,
7441,603829.0,洛凯股份,2017-12-31,2017.0,486134754.79,江苏省,
7442,603880.0,南卫股份,2017-12-31,2017.0,488708743.99,江苏省,
7443,603890.0,春秋电子,2017-12-31,2017.0,1739628804.19,江苏省,
7444,603912.0,佳力图,2017-12-31,2017.0,460166790.96,江苏省,
7445,603966.0,法兰泰克,2017-12-31,2017.0,636607711.16,江苏省,
7446,603988.0,中电电机,2017-12-31,2017.0,307558151.93,江苏省,
7447,830946.0,森萱医药,2017-12-31,2017.0,184095512.14,江苏省,
7448,831641.0,格利尔,2017-12-31,2017.0,315043824.83,江苏省,
7449,832278.0,鹿得医疗,2017-12-31,2017.0,282272713.72,江苏省,
7450,832662.0,方盛股份,2017-12-31,2017.0,135519418.54,江苏省,
7451,832735.0,德源药业,2017-12-31,2017.0,240820370.86,江苏省,
7452,833509.0,同惠电子,2017-12-31,2017.0,83185934.5,江苏省,
7453,833914.0,远航精密,2017-12-31,2017.0,292926013.53,江苏省,
7454,834014.0,特瑞斯,2017-12-31,2017.0,347541544.86,江苏省,
7455,836149.0,旭杰科技,2017-12-31,2017.0,121983360.24,江苏省,
7456,837046.0,亿能电力,2017-12-31,2017.0,77503803.11,江苏省,
7457,839167.0,同享科技,2017-12-31,2017.0,244264563.12,江苏省,
7458,870299.0,灿能电力,2017-12-31,2017.0,91231366.4,江苏省,
7459,871396.0,常辅股份,2017-12-31,2017.0,177275649.62,江苏省,
7460,,,,,514997215462.11,江苏省 汇总,
7461,404.0,华意压缩,2017-12-31,2017.0,8114110395.94,江西省,
7462,650.0,仁和药业,2017-12-31,2017.0,3843771351.48,江西省,
7463,789.0,万年青,2017-12-31,2017.0,7093811211.83,江西省,
7464,899.0,赣能股份,2017-12-31,2017.0,2126267944.86,江西省,
7465,2176.0,江特电机,2017-12-31,2017.0,3338395523.82,江西省,
7466,2378.0,章源钨业,2017-12-31,2017.0,1830606073.38,江西省,
7467,2460.0,赣锋锂业,2017-12-31,2017.0,4383446140.42,江西省,
7468,300066.0,三川智慧,2017-12-31,2017.0,610367498.27,江西省,
7469,300095.0,华伍股份,2017-12-31,2017.0,679932407.42,江西省,
7470,300294.0,博雅生物,2017-12-31,2017.0,1460521856.51,江西省,
7471,300453.0,三鑫医疗,2017-12-31,2017.0,403871872.86,江西省,
7472,300497.0,富祥股份,2017-12-31,2017.0,958150476.04,江西省,
7473,300636.0,同和药业,2017-12-31,2017.0,296716027.7,江西省,
7474,600071.0,凤凰光学,2017-12-31,2017.0,794493004.29,江西省,
7475,600362.0,江西铜业,2017-12-31,2017.0,205046854771.0,江西省,
7476,600363.0,联创光电,2017-12-31,2017.0,3009262847.19,江西省,
7477,600461.0,洪城水业,2017-12-31,2017.0,3544170588.07,江西省,
7478,600590.0,泰豪科技,2017-12-31,2017.0,5100618164.65,江西省,
7479,600750.0,江中药业,2017-12-31,2017.0,1746642528.67,江西省,
7480,,,,,254382010684.4,江西省 汇总,
7481,410.0,*ST 沈机,2017-12-31,2017.0,4189236907.84,辽宁省,
7482,511.0,*ST 烯碳,2017-12-31,2017.0,2412289096.93,辽宁省,
7483,530.0,大冷股份,2017-12-31,2017.0,2079715105.37,辽宁省,
7484,585.0,东北电气,2017-12-31,2017.0,32985857.66,辽宁省,
7485,597.0,东北制药,2017-12-31,2017.0,5676351554.6,辽宁省,
7486,633.0,合金投资,2017-12-31,2017.0,66457739.1,辽宁省,
7487,692.0,惠天热电,2017-12-31,2017.0,1766202433.85,辽宁省,
7488,751.0,锌业股份,2017-12-31,2017.0,6699527470.8,辽宁省,
7489,2204.0,大连重工,2017-12-31,2017.0,6434246071.09,辽宁省,
7490,2231.0,奥维通信,2017-12-31,2017.0,503368707.63,辽宁省,
7491,2606.0,大连电瓷,2017-12-31,2017.0,832787070.66,辽宁省,
7492,2667.0,鞍重股份,2017-12-31,2017.0,180466521.94,辽宁省,
7493,2689.0,远大智能,2017-12-31,2017.0,1179314586.23,辽宁省,
7494,200706.0,瓦轴B,2017-12-31,2017.0,2190412052.05,辽宁省,
7495,300024.0,机器人,2017-12-31,2017.0,2455063972.29,辽宁省,
7496,300097.0,智云股份,2017-12-31,2017.0,912991825.2,辽宁省,
7497,300125.0,易世达,2017-12-31,2017.0,112684305.11,辽宁省,
7498,300202.0,聚龙股份,2017-12-31,2017.0,683124351.15,辽宁省,
7499,300210.0,森远股份,2017-12-31,2017.0,406641337.8,辽宁省,
7500,300293.0,蓝英装备,2017-12-31,2017.0,1348624995.87,辽宁省,
7501,300473.0,德尔股份,2017-12-31,2017.0,2540913519.56,辽宁省,
7502,300573.0,兴齐眼药,2017-12-31,2017.0,360006690.25,辽宁省,
7503,600167.0,联美控股,2017-12-31,2017.0,2376375380.44,辽宁省,
7504,600241.0,时代万恒,2017-12-31,2017.0,1501375285.29,辽宁省,
7505,600346.0,恒力股份,2017-12-31,2017.0,47480611087.91,辽宁省,
7506,600396.0,金山股份,2017-12-31,2017.0,6906908817.95,辽宁省,
7507,600719.0,大连热电,2017-12-31,2017.0,782018705.22,辽宁省,
7508,600795.0,国电电力,2017-12-31,2017.0,59833177754.22,辽宁省,
7509,603315.0,福鞍股份,2017-12-31,2017.0,313661078.71,辽宁省,
7510,603318.0,派思股份,2017-12-31,2017.0,564069443.76,辽宁省,
7511,603396.0,金辰股份,2017-12-31,2017.0,570833432.94,辽宁省,
7512,603399.0,新华龙,2017-12-31,2017.0,2198909742.38,辽宁省,
7513,835368.0,连城数控,2017-12-31,2017.0,876559888.59,辽宁省,
7514,,,,,166467912790.39,辽宁省 汇总,
7515,2688.0,金河生物,2017-12-31,2017.0,1457826359.89,内蒙古自治区,
7516,300049.0,福瑞股份,2017-12-31,2017.0,849675042.33,内蒙古自治区,
7517,300239.0,东宝生物,2017-12-31,2017.0,356244410.51,内蒙古自治区,
7518,600111.0,北方稀土,2017-12-31,2017.0,10203975366.68,内蒙古自治区,
7519,600201.0,生物股份,2017-12-31,2017.0,1901010264.21,内蒙古自治区,
7520,600262.0,北方股份,2017-12-31,2017.0,890350199.86,内蒙古自治区,
7521,600863.0,内蒙华电,2017-12-31,2017.0,11782569844.78,内蒙古自治区,
7522,836433.0,大唐药业,2017-12-31,2017.0,136725111.18,内蒙古自治区,
7523,,,,,27578376599.44,内蒙古自治区 汇总,
7524,595.0,*ST 宝实,2017-12-31,2017.0,435761930.44,宁夏回族自治区,
7525,862.0,银星能源,2017-12-31,2017.0,935041607.26,宁夏回族自治区,
7526,962.0,东方钽业,2017-12-31,2017.0,945074614.04,宁夏回族自治区,
7527,2457.0,青龙管业,2017-12-31,2017.0,1185564339.59,宁夏回族自治区,
7528,600449.0,宁夏建材,2017-12-31,2017.0,4355343696.58,宁夏回族自治区,
7529,601619.0,嘉泽新能,2017-12-31,2017.0,831694424.93,宁夏回族自治区,
7530,831010.0,凯添燃气,2017-12-31,2017.0,220925178.38,宁夏回族自治区,
7531,,,,,8909405791.22,宁夏回族自治区 汇总,
7532,600243.0,青海华鼎,2017-12-31,2017.0,918131312.83,青海省,
7533,600771.0,广誉远,2017-12-31,2017.0,1037038439.62,青海省,
7534,600869.0,智慧能源,2017-12-31,2017.0,17260237626.63,青海省,
7535,,,,,19215407379.08,青海省 汇总,
7536,407.0,胜利股份,2017-12-31,2017.0,3827958840.94,山东省,
7537,423.0,东阿阿胶,2017-12-31,2017.0,7372340332.18,山东省,
7538,677.0,恒天海龙,2017-12-31,2017.0,554309105.5,山东省,
7539,680.0,山推股份,2017-12-31,2017.0,6350799795.13,山东省,
7540,739.0,普洛药业,2017-12-31,2017.0,5551763065.13,山东省,
7541,756.0,新华制药,2017-12-31,2017.0,4515716784.19,山东省,
7542,811.0,冰轮环境,2017-12-31,2017.0,3452079793.87,山东省,
7543,880.0,潍柴重机,2017-12-31,2017.0,1976389437.59,山东省,
7544,915.0,山大华特,2017-12-31,2017.0,1767233195.23,山东省,
7545,977.0,浪潮信息,2017-12-31,2017.0,25488175696.93,山东省,
7546,2073.0,软控股份,2017-12-31,2017.0,2733763966.96,山东省,
7547,2088.0,鲁阳节能,2017-12-31,2017.0,1595779826.14,山东省,
7548,2107.0,沃华医药,2017-12-31,2017.0,726646140.74,山东省,
7549,2111.0,威海广泰,2017-12-31,2017.0,1804125959.25,山东省,
7550,2217.0,合力泰,2017-12-31,2017.0,15110910566.94,山东省,
7551,2237.0,恒邦股份,2017-12-31,2017.0,19523377854.76,山东省,
7552,2241.0,歌尔股份,2017-12-31,2017.0,25536730614.49,山东省,
7553,2242.0,九阳股份,2017-12-31,2017.0,7247524855.71,山东省,
7554,2248.0,*ST 东数,2017-12-31,2017.0,110912990.07,山东省,
7555,2254.0,泰和新材,2017-12-31,2017.0,1554900973.06,山东省,
7556,2270.0,华明装备,2017-12-31,2017.0,1808779366.16,山东省,
7557,2339.0,积成电子,2017-12-31,2017.0,1618513019.91,山东省,
7558,2353.0,杰瑞股份,2017-12-31,2017.0,3187076543.28,山东省,
7559,2376.0,新北洋,2017-12-31,2017.0,1860430726.59,山东省,
7560,2379.0,宏创控股,2017-12-31,2017.0,1446495313.47,山东省,
7561,2382.0,蓝帆医疗,2017-12-31,2017.0,1575945309.43,山东省,
7562,2490.0,*ST 墨龙,2017-12-31,2017.0,2965216722.37,山东省,
7563,2498.0,汉缆股份,2017-12-31,2017.0,4744989890.5,山东省,
7564,2526.0,山东矿机,2017-12-31,2017.0,1382049961.49,山东省,
7565,2537.0,海联金汇,2017-12-31,2017.0,3996047149.8,山东省,
7566,2580.0,圣阳股份,2017-12-31,2017.0,1706468317.13,山东省,
7567,2581.0,未名医药,2017-12-31,2017.0,1162416642.55,山东省,
7568,2595.0,豪迈科技,2017-12-31,2017.0,2994925507.23,山东省,
7569,2598.0,山东章鼓,2017-12-31,2017.0,701008138.92,山东省,
7570,2655.0,共达电声,2017-12-31,2017.0,786940122.75,山东省,
7571,2671.0,龙泉股份,2017-12-31,2017.0,976867819.17,山东省,
7572,2675.0,东诚药业,2017-12-31,2017.0,1595601137.79,山东省,
7573,2871.0,伟隆股份,2017-12-31,2017.0,286430896.65,山东省,
7574,2890.0,弘宇股份,2017-12-31,2017.0,283498472.62,山东省,
7575,300001.0,特锐德,2017-12-31,2017.0,5106873427.56,山东省,
7576,300099.0,精准信息,2017-12-31,2017.0,422911717.94,山东省,
7577,300105.0,龙源技术,2017-12-31,2017.0,595959880.29,山东省,
7578,300110.0,华仁药业,2017-12-31,2017.0,1311875365.87,山东省,
7579,300185.0,通裕重工,2017-12-31,2017.0,3170681268.78,山东省,
7580,300208.0,恒顺众昇,2017-12-31,2017.0,1522298555.62,山东省,
7581,300224.0,正海磁材,2017-12-31,2017.0,1192388541.63,山东省,
7582,300233.0,金城医药,2017-12-31,2017.0,2788037100.79,山东省,
7583,300308.0,中际旭创,2017-12-31,2017.0,2357083470.26,山东省,
7584,300391.0,康跃科技,2017-12-31,2017.0,744154806.61,山东省,
7585,300423.0,鲁亿通,2017-12-31,2017.0,264004664.86,山东省,
7586,300443.0,金雷风电,2017-12-31,2017.0,596281601.0,山东省,
7587,300479.0,神思电子,2017-12-31,2017.0,355685323.0,山东省,
7588,300569.0,天能重工,2017-12-31,2017.0,738005874.95,山东省,
7589,300583.0,赛托生物,2017-12-31,2017.0,785566458.74,山东省,
7590,300653.0,正海生物,2017-12-31,2017.0,182782114.4,山东省,
7591,300690.0,双一科技,2017-12-31,2017.0,594696116.94,山东省,
7592,300699.0,光威复材,2017-12-31,2017.0,949367374.91,山东省,
7593,430476.0,海能技术,2017-12-31,2017.0,161928852.8,山东省,
7594,600027.0,华电国际,2017-12-31,2017.0,79006836000.0,山东省,
7595,600060.0,海信电器,2017-12-31,2017.0,32870410894.01,山东省,
7596,600219.0,南山铝业,2017-12-31,2017.0,17067880799.46,山东省,
7597,600336.0,澳柯玛,2017-12-31,2017.0,4661967639.03,山东省,
7598,600385.0,山东金泰,2017-12-31,2017.0,24856860.66,山东省,
7599,600529.0,山东药玻,2017-12-31,2017.0,2330488351.67,山东省,
7600,600579.0,天华院,2017-12-31,2017.0,446333579.93,山东省,
7601,600586.0,金晶科技,2017-12-31,2017.0,4353827869.23,山东省,
7602,600587.0,新华医疗,2017-12-31,2017.0,9983246172.21,山东省,
7603,600690.0,青岛海尔,2017-12-31,2017.0,159254466909.46,山东省,
7604,600789.0,鲁抗医药,2017-12-31,2017.0,2599288881.13,山东省,
7605,600898.0,国美通讯,2017-12-31,2017.0,2198618602.41,山东省,
7606,603021.0,山东华鹏,2017-12-31,2017.0,784513668.58,山东省,
7607,603029.0,天鹅股份,2017-12-31,2017.0,307144621.76,山东省,
7608,603367.0,辰欣药业,2017-12-31,2017.0,2962516525.74,山东省,
7609,603612.0,索通发展,2017-12-31,2017.0,3281121771.03,山东省,
7610,603638.0,艾迪精密,2017-12-31,2017.0,641329293.31,山东省,
7611,603858.0,步长制药,2017-12-31,2017.0,13863918661.24,山东省,
7612,830839.0,万通液压,2017-12-31,2017.0,245693767.38,山东省,
7613,831278.0,泰德股份,2017-12-31,2017.0,230588121.8,山东省,
7614,831689.0,克莱特,2017-12-31,2017.0,231884289.91,山东省,
7615,837212.0,智新电子,2017-12-31,2017.0,204263344.95,山东省,
7616,,,,,533272919994.47,山东省 汇总,
7617,403.0,ST 生化,2017-12-31,2017.0,685378117.22,山西省,
7618,767.0,漳泽电力,2017-12-31,2017.0,9520452334.42,山西省,
7619,795.0,英洛华,2017-12-31,2017.0,1857102873.76,山西省,
7620,831.0,五矿稀土,2017-12-31,2017.0,715881598.18,山西省,
7621,300158.0,振东制药,2017-12-31,2017.0,3731602626.26,山西省,
7622,300254.0,仟源医药,2017-12-31,2017.0,938927986.26,山西省,
7623,300486.0,东杰智能,2017-12-31,2017.0,507673867.96,山西省,
7624,600157.0,永泰能源,2017-12-31,2017.0,22388242412.91,山西省,
7625,600169.0,太原重工,2017-12-31,2017.0,7177096665.7,山西省,
7626,600234.0,ST 山水,2017-12-31,2017.0,14482789.54,山西省,
7627,600281.0,太化股份,2017-12-31,2017.0,871719340.25,山西省,
7628,600351.0,亚宝药业,2017-12-31,2017.0,2558514621.39,山西省,
7629,600392.0,盛和资源,2017-12-31,2017.0,5203559760.1,山西省,
7630,600780.0,通宝能源,2017-12-31,2017.0,5097018300.77,山西省,
7631,,,,,61267653294.72,山西省 汇总,
7632,561.0,烽火电子,2017-12-31,2017.0,1216717229.83,陕西省,
7633,837.0,秦川机床,2017-12-31,2017.0,2999885477.11,陕西省,
7634,2149.0,西部材料,2017-12-31,2017.0,1559089808.63,陕西省,
7635,2267.0,陕天然气,2017-12-31,2017.0,7633222229.12,陕西省,
7636,2864.0,盘龙药业,2017-12-31,2017.0,376791557.72,陕西省,
7637,300023.0,宝德股份,2017-12-31,2017.0,721537563.87,陕西省,
7638,300114.0,中航电测,2017-12-31,2017.0,1240987227.75,陕西省,
7639,300116.0,坚瑞沃能,2017-12-31,2017.0,9659611266.5,陕西省,
7640,300140.0,中环装备,2017-12-31,2017.0,1901419572.89,陕西省,
7641,300397.0,天和防务,2017-12-31,2017.0,354106395.0,陕西省,
7642,300581.0,晨曦航空,2017-12-31,2017.0,177940748.02,陕西省,
7643,600080.0,金花股份,2017-12-31,2017.0,757182461.12,陕西省,
7644,600302.0,标准股份,2017-12-31,2017.0,704057400.34,陕西省,
7645,600343.0,航天动力,2017-12-31,2017.0,986932810.85,陕西省,
7646,600379.0,宝光股份,2017-12-31,2017.0,804883947.15,陕西省,
7647,600456.0,宝钛股份,2017-12-31,2017.0,2876391604.79,陕西省,
7648,600707.0,彩虹股份,2017-12-31,2017.0,452809310.37,陕西省,
7649,600817.0,*ST 宏盛,2017-12-31,2017.0,11054120.13,陕西省,
7650,600984.0,建设机械,2017-12-31,2017.0,1829174361.35,陕西省,
7651,601012.0,隆基股份,2017-12-31,2017.0,16362284494.3,陕西省,
7652,601179.0,中国西电,2017-12-31,2017.0,14146121886.24,陕西省,
7653,601369.0,陕鼓动力,2017-12-31,2017.0,3957902807.15,陕西省,
7654,603139.0,康惠制药,2017-12-31,2017.0,367057156.23,陕西省,
7655,834599.0,同力股份,2017-12-31,2017.0,1111255871.5,陕西省,
7656,835640.0,富士达,2017-12-31,2017.0,414502544.52,陕西省,
7657,,,,,72622919852.48,陕西省 汇总,
7658,2022.0,科华生物,2017-12-31,2017.0,1594116212.29,上海市,
7659,2028.0,思源电气,2017-12-31,2017.0,4494788142.89,上海市,
7660,2058.0,威尔泰,2017-12-31,2017.0,111976664.8,上海市,
7661,2158.0,汉钟精机,2017-12-31,2017.0,1604488619.1,上海市,
7662,2162.0,悦心健康,2017-12-31,2017.0,900219675.7,上海市,
7663,2184.0,海得控制,2017-12-31,2017.0,2050773813.73,上海市,
7664,2252.0,上海莱士,2017-12-31,2017.0,1927748425.11,上海市,
7665,2278.0,神开股份,2017-12-31,2017.0,518389422.5,上海市,
7666,2346.0,柘中股份,2017-12-31,2017.0,453212633.79,上海市,
7667,2451.0,摩恩电气,2017-12-31,2017.0,467468469.06,上海市,
7668,2506.0,协鑫集成,2017-12-31,2017.0,14447077350.37,上海市,
7669,2527.0,新时达,2017-12-31,2017.0,3403612157.62,上海市,
7670,2636.0,金安国纪,2017-12-31,2017.0,3675803742.76,上海市,
7671,2706.0,良信电器,2017-12-31,2017.0,1452048270.46,上海市,
7672,300039.0,上海凯宝,2017-12-31,2017.0,1569916033.26,上海市,
7673,300126.0,锐奇股份,2017-12-31,2017.0,549141829.59,上海市,
7674,300129.0,泰胜风能,2017-12-31,2017.0,1590000234.3,上海市,
7675,300153.0,科泰电源,2017-12-31,2017.0,1073216984.25,上海市,
7676,300171.0,东富龙,2017-12-31,2017.0,1724879180.58,上海市,
7677,300222.0,科大智能,2017-12-31,2017.0,2559275587.12,上海市,
7678,300272.0,开能环保,2017-12-31,2017.0,707501599.92,上海市,
7679,300286.0,安科瑞,2017-12-31,2017.0,405379551.73,上海市,
7680,300326.0,凯利泰,2017-12-31,2017.0,802266759.21,上海市,
7681,300327.0,中颖电子,2017-12-31,2017.0,685724752.16,上海市,
7682,300442.0,普丽盛,2017-12-31,2017.0,694225978.93,上海市,
7683,300462.0,华铭智能,2017-12-31,2017.0,240875828.39,上海市,
7684,300501.0,海顺新材,2017-12-31,2017.0,375617177.73,上海市,
7685,300551.0,古鳌科技,2017-12-31,2017.0,238645181.52,上海市,
7686,300590.0,移为通信,2017-12-31,2017.0,362445850.79,上海市,
7687,300627.0,华测导航,2017-12-31,2017.0,678153189.05,上海市,
7688,300642.0,透景生命,2017-12-31,2017.0,302888219.46,上海市,
7689,430139.0,华岭股份,2017-12-31,2017.0,126037180.28,上海市,
7690,430300.0,辰光医疗,2017-12-31,2017.0,135264807.2,上海市,
7691,600021.0,上海电力,2017-12-31,2017.0,18844317471.65,上海市,
7692,600151.0,航天机电,2017-12-31,2017.0,6657146101.52,上海市,
7693,600171.0,上海贝岭,2017-12-31,2017.0,561873977.23,上海市,
7694,600196.0,复星医药,2017-12-31,2017.0,18533555418.42,上海市,
7695,600320.0,振华重工,2017-12-31,2017.0,21858814000.0,上海市,
7696,600420.0,现代制药,2017-12-31,2017.0,8517753726.31,上海市,
7697,600490.0,鹏欣资源,2017-12-31,2017.0,6056409013.61,上海市,
7698,600530.0,交大昂立,2017-12-31,2017.0,269949173.34,上海市,
7699,600601.0,方正科技,2017-12-31,2017.0,5098802144.03,上海市,
7700,600613.0,神奇制药,2017-12-31,2017.0,1735715955.47,上海市,
7701,600617.0,国新能源,2017-12-31,2017.0,9651162060.09,上海市,
7702,600619.0,海立股份,2017-12-31,2017.0,10446775442.05,上海市,
7703,600624.0,复旦复华,2017-12-31,2017.0,735729241.2,上海市,
7704,600635.0,大众公用,2017-12-31,2017.0,4602108248.71,上海市,
7705,600642.0,申能股份,2017-12-31,2017.0,32404021552.37,上海市,
7706,600651.0,飞乐音响,2017-12-31,2017.0,5444845625.17,上海市,
7707,600680.0,*ST 上普,2017-12-31,2017.0,640309393.21,上海市,
7708,600732.0,ST 新梅,2017-12-31,2017.0,45925282.62,上海市,
7709,600781.0,辅仁药业,2017-12-31,2017.0,5799924018.25,上海市,
7710,600819.0,耀皮玻璃,2017-12-31,2017.0,3273427196.95,上海市,
7711,600835.0,上海机电,2017-12-31,2017.0,19471146411.05,上海市,
7712,600841.0,上柴股份,2017-12-31,2017.0,3667282712.57,上海市,
7713,600843.0,上工申贝,2017-12-31,2017.0,3064971500.79,上海市,
7714,600851.0,海欣股份,2017-12-31,2017.0,1000436800.19,上海市,
7715,601231.0,环旭电子,2017-12-31,2017.0,29705684977.64,上海市,
7716,601616.0,广电电气,2017-12-31,2017.0,645205424.55,上海市,
7717,601727.0,上海电气,2017-12-31,2017.0,79543794000.0,上海市,
7718,603012.0,创力集团,2017-12-31,2017.0,1253630516.62,上海市,
7719,603083.0,剑桥科技,2017-12-31,2017.0,2486540276.49,上海市,
7720,603131.0,上海沪工,2017-12-31,2017.0,712587296.05,上海市,
7721,603159.0,上海亚虹,2017-12-31,2017.0,573839828.08,上海市,
7722,603496.0,恒为科技,2017-12-31,2017.0,312209928.23,上海市,
7723,603501.0,韦尔股份,2017-12-31,2017.0,2405916266.81,上海市,
7724,603515.0,欧普照明,2017-12-31,2017.0,6957046207.8,上海市,
7725,603579.0,荣泰健康,2017-12-31,2017.0,1918007384.43,上海市,
7726,603633.0,徕木股份,2017-12-31,2017.0,374126728.69,上海市,
7727,603659.0,璞泰来,2017-12-31,2017.0,2249358777.21,上海市,
7728,603690.0,至纯科技,2017-12-31,2017.0,369077914.79,上海市,
7729,603718.0,海利生物,2017-12-31,2017.0,303650205.36,上海市,
7730,603728.0,鸣志电器,2017-12-31,2017.0,1628391306.18,上海市,
7731,603855.0,华荣股份,2017-12-31,2017.0,1479452097.65,上海市,
7732,603868.0,飞科电器,2017-12-31,2017.0,3853428857.37,上海市,
7733,603895.0,天永智能,2017-12-31,2017.0,423940933.44,上海市,
7734,603960.0,克来机电,2017-12-31,2017.0,251914795.28,上海市,
7735,603987.0,康德莱,2017-12-31,2017.0,1256403996.56,上海市,
7736,831305.0,海希通讯,2017-12-31,2017.0,169891954.6,上海市,
7737,831961.0,创远仪器,2017-12-31,2017.0,219479666.06,上海市,
7738,836414.0,欧普泰,2017-12-31,2017.0,27099916.16,上海市,
7739,,,,,379426261248.5,上海市 汇总,
7740,155.0,川化股份,2017-12-31,2017.0,6509123209.16,四川省,
7741,584.0,哈工智能,2017-12-31,2017.0,1571643672.74,四川省,
7742,586.0,汇源通信,2017-12-31,2017.0,390334145.81,四川省,
7743,593.0,大通燃气,2017-12-31,2017.0,485589663.85,四川省,
7744,598.0,兴蓉环境,2017-12-31,2017.0,3731338949.08,四川省,
7745,629.0,*ST 钒钛,2017-12-31,2017.0,9435750845.91,四川省,
7746,790.0,泰合健康,2017-12-31,2017.0,590948888.29,四川省,
7747,801.0,四川九洲,2017-12-31,2017.0,3165165618.6,四川省,
7748,810.0,创维数字,2017-12-31,2017.0,7254805627.63,四川省,
7749,935.0,四川双马,2017-12-31,2017.0,2747964465.11,四川省,
7750,2259.0,升达林业,2017-12-31,2017.0,1177742766.51,四川省,
7751,2272.0,川润股份,2017-12-31,2017.0,604728400.87,四川省,
7752,2366.0,台海核电,2017-12-31,2017.0,2469808306.59,四川省,
7753,2422.0,科伦药业,2017-12-31,2017.0,11434948841.0,四川省,
7754,2466.0,天齐锂业,2017-12-31,2017.0,5470039874.49,四川省,
7755,2480.0,新筑股份,2017-12-31,2017.0,1660232421.5,四川省,
7756,2630.0,华西能源,2017-12-31,2017.0,4134033331.52,四川省,
7757,2651.0,利君股份,2017-12-31,2017.0,525597211.75,四川省,
7758,2773.0,康弘药业,2017-12-31,2017.0,2786497000.62,四川省,
7759,2798.0,帝王洁具,2017-12-31,2017.0,533667157.83,四川省,
7760,300028.0,金亚科技,2017-12-31,2017.0,22919323.68,四川省,
7761,300092.0,科新机电,2017-12-31,2017.0,333637068.69,四川省,
7762,300101.0,振芯科技,2017-12-31,2017.0,441185432.22,四川省,
7763,300127.0,银河磁体,2017-12-31,2017.0,526814340.41,四川省,
7764,300362.0,天翔环境,2017-12-31,2017.0,939987374.89,四川省,
7765,300370.0,安控科技,2017-12-31,2017.0,1766370972.14,四川省,
7766,300414.0,中光防雷,2017-12-31,2017.0,364319365.29,四川省,
7767,300425.0,环能科技,2017-12-31,2017.0,811195135.4,四川省,
7768,300434.0,金石东方,2017-12-31,2017.0,704012121.33,四川省,
7769,300463.0,迈克生物,2017-12-31,2017.0,1969983729.53,四川省,
7770,300470.0,日机密封,2017-12-31,2017.0,495877419.98,四川省,
7771,300471.0,厚普股份,2017-12-31,2017.0,738925332.19,四川省,
7772,300502.0,新易盛,2017-12-31,2017.0,877365361.78,四川省,
7773,300504.0,天邑股份,2017-12-31,2017.0,2354874134.3,四川省,
7774,300540.0,深冷股份,2017-12-31,2017.0,239550930.96,四川省,
7775,600101.0,明星电力,2017-12-31,2017.0,1513192945.57,四川省,
7776,600331.0,宏达股份,2017-12-31,2017.0,4622844290.48,四川省,
7777,600353.0,旭光股份,2017-12-31,2017.0,1061692038.57,四川省,
7778,600505.0,西昌电力,2017-12-31,2017.0,919734605.9,四川省,
7779,600528.0,中铁工业,2017-12-31,2017.0,15885586111.51,四川省,
7780,600644.0,乐山电力,2017-12-31,2017.0,2058912586.17,四川省,
7781,600674.0,川投能源,2017-12-31,2017.0,799598976.08,四川省,
7782,600678.0,四川金顶,2017-12-31,2017.0,184964514.86,四川省,
7783,600839.0,四川长虹,2017-12-31,2017.0,77632476743.23,四川省,
7784,600875.0,东方电气,2017-12-31,2017.0,30830230430.91,四川省,
7785,600979.0,广安爱众,2017-12-31,2017.0,2067226866.63,四川省,
7786,603333.0,明星电缆,2017-12-31,2017.0,914265517.31,四川省,
7787,603679.0,华体科技,2017-12-31,2017.0,480274498.75,四川省,
7788,832566.0,梓橦宫,2017-12-31,2017.0,248758596.96,四川省,
7789,833230.0,欧康医药,2017-12-31,2017.0,101878870.26,四川省,
7790,833943.0,优机股份,2017-12-31,2017.0,548390279.35,四川省,
7791,836239.0,长虹能源,2017-12-31,2017.0,814267421.31,四川省,
7792,836260.0,中寰股份,2017-12-31,2017.0,122998267.92,四川省,
7793,836675.0,秉扬科技,2017-12-31,2017.0,115492232.76,四川省,
7794,870199.0,倍益康,2017-12-31,2017.0,18192092.13,四川省,
7795,,,,,220207956328.31,四川省 汇总,
7796,836.0,鑫茂科技,2017-12-31,2017.0,2056565728.89,天津市,
7797,2129.0,中环股份,2017-12-31,2017.0,9644187470.11,天津市,
7798,2134.0,*ST 普林,2017-12-31,2017.0,431547560.38,天津市,
7799,2337.0,赛象科技,2017-12-31,2017.0,566973802.43,天津市,
7800,2393.0,力生制药,2017-12-31,2017.0,1029433431.4,天津市,
7801,2432.0,九安医疗,2017-12-31,2017.0,597918934.37,天津市,
7802,2821.0,凯莱英,2017-12-31,2017.0,1423033412.68,天津市,
7803,300026.0,红日药业,2017-12-31,2017.0,3374018962.25,天津市,
7804,300119.0,瑞普生物,2017-12-31,2017.0,1047334488.89,天津市,
7805,300120.0,经纬电材,2017-12-31,2017.0,888612677.84,天津市,
7806,300195.0,长荣股份,2017-12-31,2017.0,1129765551.93,天津市,
7807,300334.0,津膜科技,2017-12-31,2017.0,633117254.42,天津市,
7808,300407.0,凯发电气,2017-12-31,2017.0,1458490145.21,天津市,
7809,600329.0,中新药业,2017-12-31,2017.0,5689242496.07,天津市,
7810,600468.0,百利电气,2017-12-31,2017.0,1221516446.68,天津市,
7811,600488.0,天药股份,2017-12-31,2017.0,1971716525.16,天津市,
7812,600535.0,天士力,2017-12-31,2017.0,16094149975.89,天津市,
7813,600821.0,津劝业,2017-12-31,2017.0,206182064.47,天津市,
7814,600874.0,创业环保,2017-12-31,2017.0,2148341000.0,天津市,
7815,603019.0,中科曙光,2017-12-31,2017.0,6294223394.82,天津市,
7816,603106.0,恒银金融,2017-12-31,2017.0,1484155291.0,天津市,
7817,603712.0,七一二,2017-12-31,2017.0,1485213158.75,天津市,
7818,,,,,60875739773.64,天津市 汇总,
7819,2287.0,奇正藏药,2017-12-31,2017.0,1053150898.73,西藏自治区,
7820,2653.0,海思科,2017-12-31,2017.0,1856160925.11,西藏自治区,
7821,2826.0,易明医药,2017-12-31,2017.0,380292645.23,西藏自治区,
7822,600211.0,西藏药业,2017-12-31,2017.0,915625717.76,西藏自治区,
7823,600326.0,西藏天路,2017-12-31,2017.0,3590958656.46,西藏自治区,
7824,603669.0,灵康药业,2017-12-31,2017.0,1005079965.82,西藏自治区,
7825,603676.0,卫信康,2017-12-31,2017.0,420381506.41,西藏自治区,
7826,,,,,9221650315.52,西藏自治区 汇总,
7827,813.0,德展健康,2017-12-31,2017.0,2220294818.62,新疆维吾尔自治区,
7828,877.0,天山股份,2017-12-31,2017.0,7079776567.83,新疆维吾尔自治区,
7829,2202.0,金风科技,2017-12-31,2017.0,25129456007.18,新疆维吾尔自治区,
7830,2205.0,国统股份,2017-12-31,2017.0,789108710.44,新疆维吾尔自治区,
7831,2302.0,西部建设,2017-12-31,2017.0,14919781195.43,新疆维吾尔自治区,
7832,2700.0,新疆浩源,2017-12-31,2017.0,364687555.25,新疆维吾尔自治区,
7833,600089.0,特变电工,2017-12-31,2017.0,38281201718.14,新疆维吾尔自治区,
7834,600425.0,*ST 青松,2017-12-31,2017.0,2101120335.32,新疆维吾尔自治区,
7835,600509.0,天富能源,2017-12-31,2017.0,4237835374.9,新疆维吾尔自治区,
7836,600545.0,卓郎智能,2017-12-31,2017.0,8713412000.0,新疆维吾尔自治区,
7837,600888.0,新疆众和,2017-12-31,2017.0,6006120283.08,新疆维吾尔自治区,
7838,603032.0,德新交运,2017-12-31,2017.0,197336304.41,新疆维吾尔自治区,
7839,603080.0,新疆火炬,2017-12-31,2017.0,360774140.54,新疆维吾尔自治区,
7840,603393.0,新天然气,2017-12-31,2017.0,1016211041.45,新疆维吾尔自治区,
7841,,,,,111417116052.59,新疆维吾尔自治区 汇总,
7842,538.0,云南白药,2017-12-31,2017.0,24314614044.21,云南省,
7843,807.0,云铝股份,2017-12-31,2017.0,22129944377.77,云南省,
7844,878.0,云南铜业,2017-12-31,2017.0,57322739812.79,云南省,
7845,903.0,云内动力,2017-12-31,2017.0,5909678325.0,云南省,
7846,960.0,锡业股份,2017-12-31,2017.0,34410168631.89,云南省,
7847,2114.0,罗平锌电,2017-12-31,2017.0,1618758049.5,云南省,
7848,2428.0,云南锗业,2017-12-31,2017.0,464282454.74,云南省,
7849,2750.0,龙津药业,2017-12-31,2017.0,304447655.65,云南省,
7850,300142.0,沃森生物,2017-12-31,2017.0,668264842.11,云南省,
7851,600025.0,华能水电,2017-12-31,2017.0,12847576870.23,云南省,
7852,600422.0,昆药集团,2017-12-31,2017.0,5852287432.54,云南省,
7853,600459.0,贵研铂业,2017-12-31,2017.0,15441643776.68,云南省,
7854,600806.0,*ST 昆机,2017-12-31,2017.0,560399237.36,云南省,
7855,600883.0,博闻科技,2017-12-31,2017.0,27262222.69,云南省,
7856,600995.0,文山电力,2017-12-31,2017.0,2034659146.15,云南省,
7857,603963.0,大理药业,2017-12-31,2017.0,272739025.98,云南省,
7858,831152.0,昆工科技,2017-12-31,2017.0,285394410.93,云南省,
7859,833266.0,生物谷,2017-12-31,2017.0,602341258.06,云南省,
7860,,,,,185067201574.28,云南省 汇总,
7861,925.0,众合科技,2017-12-31,2017.0,2086396395.84,浙江省,
7862,2001.0,新和成,2017-12-31,2017.0,6235108150.19,浙江省,
7863,2006.0,精功科技,2017-12-31,2017.0,950398932.96,浙江省,
7864,2011.0,盾安环境,2017-12-31,2017.0,8278758726.28,浙江省,
7865,2019.0,亿帆医药,2017-12-31,2017.0,4373293978.76,浙江省,
7866,2020.0,京新药业,2017-12-31,2017.0,2219065970.18,浙江省,
7867,2021.0,中捷资源,2017-12-31,2017.0,1002449149.53,浙江省,
7868,2036.0,联创电子,2017-12-31,2017.0,5054383546.71,浙江省,
7869,2050.0,三花智控,2017-12-31,2017.0,9581243801.58,浙江省,
7870,2056.0,横店东磁,2017-12-31,2017.0,6010098429.44,浙江省,
7871,2064.0,华峰氨纶,2017-12-31,2017.0,4149684213.89,浙江省,
7872,2082.0,栋梁新材,2017-12-31,2017.0,14635458223.54,浙江省,
7873,2099.0,海翔药业,2017-12-31,2017.0,2308922170.29,浙江省,
7874,2112.0,三变科技,2017-12-31,2017.0,535996588.95,浙江省,
7875,2119.0,康强电子,2017-12-31,2017.0,1303618061.94,浙江省,
7876,2122.0,天马股份,2017-12-31,2017.0,2537507922.61,浙江省,
7877,2164.0,宁波东力,2017-12-31,2017.0,12870264674.87,浙江省,
7878,2196.0,方正电机,2017-12-31,2017.0,1318082898.68,浙江省,
7879,2199.0,东晶电子,2017-12-31,2017.0,232126182.22,浙江省,
7880,2203.0,海亮股份,2017-12-31,2017.0,29816268253.96,浙江省,
7881,2206.0,海利得,2017-12-31,2017.0,3186082088.33,浙江省,
7882,2214.0,大立科技,2017-12-31,2017.0,301518066.32,浙江省,
7883,2236.0,大华股份,2017-12-31,2017.0,18844458053.78,浙江省,
7884,2273.0,水晶光电,2017-12-31,2017.0,2145786033.56,浙江省,
7885,2276.0,万马股份,2017-12-31,2017.0,7408734019.51,浙江省,
7886,2332.0,仙琚制药,2017-12-31,2017.0,2852555262.74,浙江省,
7887,2364.0,中恒电气,2017-12-31,2017.0,866109400.94,浙江省,
7888,2370.0,亚太药业,2017-12-31,2017.0,906868689.86,浙江省,
7889,2389.0,南洋科技,2017-12-31,2017.0,1446735530.13,浙江省,
7890,2415.0,海康威视,2017-12-31,2017.0,41905476572.07,浙江省,
7891,2418.0,康盛股份,2017-12-31,2017.0,3339475386.49,浙江省,
7892,2427.0,尤夫股份,2017-12-31,2017.0,5084374549.34,浙江省,
7893,2430.0,杭氧股份,2017-12-31,2017.0,6451799195.92,浙江省,
7894,2472.0,双环传动,2017-12-31,2017.0,2638946952.16,浙江省,
7895,2473.0,*ST 圣莱,2017-12-31,2017.0,117337826.96,浙江省,
7896,2479.0,富春环保,2017-12-31,2017.0,3323594636.4,浙江省,
7897,2493.0,荣盛石化,2017-12-31,2017.0,70531353416.3,浙江省,
7898,2508.0,老板电器,2017-12-31,2017.0,7017397057.99,浙江省,
7899,2520.0,日发精机,2017-12-31,2017.0,1005372597.75,浙江省,
7900,2532.0,新界泵业,2017-12-31,2017.0,1507066074.98,浙江省,
7901,2534.0,杭锅股份,2017-12-31,2017.0,3501237946.09,浙江省,
7902,2552.0,宝鼎科技,2017-12-31,2017.0,238535904.12,浙江省,
7903,2562.0,兄弟科技,2017-12-31,2017.0,1564526799.71,浙江省,
7904,2617.0,露笑科技,2017-12-31,2017.0,3244834457.48,浙江省,
7905,2633.0,申科股份,2017-12-31,2017.0,174156219.05,浙江省,
7906,2677.0,浙江美大,2017-12-31,2017.0,1026358726.69,浙江省,
7907,2686.0,亿利达,2017-12-31,2017.0,1366513724.51,浙江省,
7908,2730.0,电光科技,2017-12-31,2017.0,811610830.73,浙江省,
7909,2767.0,先锋电子,2017-12-31,2017.0,309809917.16,浙江省,
7910,2779.0,中坚科技,2017-12-31,2017.0,440922765.72,浙江省,
7911,2793.0,东音股份,2017-12-31,2017.0,828044036.13,浙江省,
7912,2795.0,永和智控,2017-12-31,2017.0,546912362.09,浙江省,
7913,2801.0,微光股份,2017-12-31,2017.0,568743456.36,浙江省,
7914,2849.0,威星智能,2017-12-31,2017.0,501500787.2,浙江省,
7915,2859.0,洁美科技,2017-12-31,2017.0,996411464.48,浙江省,
7916,2860.0,星帅尔,2017-12-31,2017.0,354798547.91,浙江省,
7917,2896.0,中大力德,2017-12-31,2017.0,498115395.59,浙江省,
7918,2897.0,意华股份,2017-12-31,2017.0,1215023558.53,浙江省,
7919,200771.0,杭汽轮B,2017-12-31,2017.0,3447142669.49,浙江省,
7920,300032.0,金龙机电,2017-12-31,2017.0,3705052543.56,浙江省,
7921,300068.0,南都电源,2017-12-31,2017.0,8636812561.29,浙江省,
7922,300069.0,金利华电,2017-12-31,2017.0,260073860.69,浙江省,
7923,300076.0,GQY视讯,2017-12-31,2017.0,136218205.28,浙江省,
7924,300078.0,思创医惠,2017-12-31,2017.0,1112251720.34,浙江省,
7925,300111.0,向日葵,2017-12-31,2017.0,1530021008.91,浙江省,
7926,300118.0,东方日升,2017-12-31,2017.0,11451758845.75,浙江省,
7927,300145.0,中金环境,2017-12-31,2017.0,3814653405.6,浙江省,
7928,300181.0,佐力药业,2017-12-31,2017.0,793911691.17,浙江省,
7929,300203.0,聚光科技,2017-12-31,2017.0,2799399315.57,浙江省,
7930,300234.0,开尔新材,2017-12-31,2017.0,353215210.81,浙江省,
7931,300256.0,星星科技,2017-12-31,2017.0,5646969959.25,浙江省,
7932,300257.0,开山股份,2017-12-31,2017.0,2221283308.82,浙江省,
7933,300270.0,中威电子,2017-12-31,2017.0,405775027.11,浙江省,
7934,300283.0,温州宏丰,2017-12-31,2017.0,1005250212.94,浙江省,
7935,300306.0,远方信息,2017-12-31,2017.0,557612755.18,浙江省,
7936,300307.0,慈星股份,2017-12-31,2017.0,1404375133.81,浙江省,
7937,300314.0,戴维医疗,2017-12-31,2017.0,303905401.69,浙江省,
7938,300316.0,晶盛机电,2017-12-31,2017.0,1948848200.36,浙江省,
7939,300351.0,永贵电器,2017-12-31,2017.0,1270389772.25,浙江省,
7940,300357.0,我武生物,2017-12-31,2017.0,385576841.66,浙江省,
7941,300360.0,炬华科技,2017-12-31,2017.0,973161986.59,浙江省,
7942,300411.0,金盾股份,2017-12-31,2017.0,464905116.32,浙江省,
7943,300412.0,迦南科技,2017-12-31,2017.0,445032263.85,浙江省,
7944,300435.0,中泰股份,2017-12-31,2017.0,485579894.77,浙江省,
7945,300439.0,美康生物,2017-12-31,2017.0,1805167985.08,浙江省,
7946,300441.0,鲍斯股份,2017-12-31,2017.0,1114538720.28,浙江省,
7947,300461.0,田中精机,2017-12-31,2017.0,504295846.8,浙江省,
7948,300512.0,中亚股份,2017-12-31,2017.0,685988368.57,浙江省,
7949,300519.0,新光药业,2017-12-31,2017.0,310865113.13,浙江省,
7950,300548.0,博创科技,2017-12-31,2017.0,349236707.65,浙江省,
7951,300553.0,集智股份,2017-12-31,2017.0,115172932.54,浙江省,
7952,300558.0,贝达药业,2017-12-31,2017.0,1026358656.64,浙江省,
7953,300566.0,激智科技,2017-12-31,2017.0,738284537.12,浙江省,
7954,300582.0,英飞特,2017-12-31,2017.0,763290592.24,浙江省,
7955,300604.0,长川科技,2017-12-31,2017.0,179794483.54,浙江省,
7956,300611.0,美力科技,2017-12-31,2017.0,401499126.43,浙江省,
7957,300626.0,华瑞股份,2017-12-31,2017.0,834293077.79,浙江省,
7958,300666.0,江丰电子,2017-12-31,2017.0,550025687.03,浙江省,
7959,300669.0,沪宁股份,2017-12-31,2017.0,259375171.55,浙江省,
7960,300698.0,万马科技,2017-12-31,2017.0,341204615.61,浙江省,
7961,300702.0,天宇股份,2017-12-31,2017.0,1188282809.36,浙江省,
7962,300710.0,万隆光电,2017-12-31,2017.0,418413387.46,浙江省,
7963,300718.0,长盛轴承,2017-12-31,2017.0,566507209.71,浙江省,
7964,430685.0,新芝生物,2017-12-31,2017.0,79371814.63,浙江省,
7965,600023.0,浙能电力,2017-12-31,2017.0,51190754896.92,浙江省,
7966,600130.0,波导股份,2017-12-31,2017.0,1619824840.1,浙江省,
7967,600152.0,维科精华,2017-12-31,2017.0,1597220955.91,浙江省,
7968,600216.0,浙江医药,2017-12-31,2017.0,5692580365.44,浙江省,
7969,600261.0,阳光照明,2017-12-31,2017.0,5038238702.59,浙江省,
7970,600267.0,海正药业,2017-12-31,2017.0,10571526723.16,浙江省,
7971,600283.0,钱江水利,2017-12-31,2017.0,981292457.32,浙江省,
7972,600290.0,华仪电气,2017-12-31,2017.0,2178040361.08,浙江省,
7973,600330.0,天通股份,2017-12-31,2017.0,2179361017.68,浙江省,
7974,600366.0,宁波韵升,2017-12-31,2017.0,1881172770.89,浙江省,
7975,600460.0,士兰微,2017-12-31,2017.0,2741791759.44,浙江省,
7976,600521.0,华海药业,2017-12-31,2017.0,5002002717.48,浙江省,
7977,600526.0,菲达环保,2017-12-31,2017.0,3805117860.02,浙江省,
7978,600537.0,亿晶光电,2017-12-31,2017.0,4137613006.04,浙江省,
7979,600572.0,康恩贝,2017-12-31,2017.0,5293966778.84,浙江省,
7980,600580.0,卧龙电气,2017-12-31,2017.0,10086036670.77,浙江省,
7981,600668.0,尖峰集团,2017-12-31,2017.0,2826567157.28,浙江省,
7982,600671.0,天目药业,2017-12-31,2017.0,176382787.78,浙江省,
7983,600724.0,宁波富达,2017-12-31,2017.0,4157209646.2,浙江省,
7984,600768.0,宁波富邦,2017-12-31,2017.0,804670831.7,浙江省,
7985,600776.0,东方通信,2017-12-31,2017.0,2437285614.69,浙江省,
7986,600884.0,杉杉股份,2017-12-31,2017.0,8270540870.17,浙江省,
7987,600982.0,宁波热电,2017-12-31,2017.0,1557826143.06,浙江省,
7988,601002.0,晋亿实业,2017-12-31,2017.0,2966888613.95,浙江省,
7989,601113.0,华鼎股份,2017-12-31,2017.0,2834192637.54,浙江省,
7990,601137.0,博威合金,2017-12-31,2017.0,6888005522.25,浙江省,
7991,601177.0,杭齿前进,2017-12-31,2017.0,1658490746.93,浙江省,
7992,601233.0,桐昆股份,2017-12-31,2017.0,32813779669.23,浙江省,
7993,601567.0,三星医疗,2017-12-31,2017.0,5368397769.6,浙江省,
7994,601877.0,正泰电器,2017-12-31,2017.0,23416550017.47,浙江省,
7995,601882.0,海天精工,2017-12-31,2017.0,1280873412.28,浙江省,
7996,603015.0,弘讯科技,2017-12-31,2017.0,732854078.61,浙江省,
7997,603076.0,乐惠国际,2017-12-31,2017.0,831504545.73,浙江省,
7998,603081.0,大丰实业,2017-12-31,2017.0,1706960284.69,浙江省,
7999,603088.0,宁波精达,2017-12-31,2017.0,307961310.28,浙江省,
8000,603168.0,莎普爱思,2017-12-31,2017.0,938883499.8,浙江省,
8001,603186.0,华正新材,2017-12-31,2017.0,1513372305.86,浙江省,
8002,603218.0,日月股份,2017-12-31,2017.0,1831436337.62,浙江省,
8003,603222.0,济民制药,2017-12-31,2017.0,602898708.81,浙江省,
8004,603225.0,新凤鸣,2017-12-31,2017.0,22963277840.85,浙江省,
8005,603229.0,奥翔药业,2017-12-31,2017.0,240188298.82,浙江省,
8006,603277.0,银都股份,2017-12-31,2017.0,1359642958.93,浙江省,
8007,603289.0,泰瑞机器,2017-12-31,2017.0,703174643.91,浙江省,
8008,603298.0,杭叉集团,2017-12-31,2017.0,7003733328.81,浙江省,
8009,603303.0,得邦照明,2017-12-31,2017.0,4031353922.16,浙江省,
8010,603311.0,金海环境,2017-12-31,2017.0,522069223.65,浙江省,
8011,603320.0,迪贝电气,2017-12-31,2017.0,653576913.54,浙江省,
8012,603321.0,梅轮电梯,2017-12-31,2017.0,731900552.75,浙江省,
8013,603331.0,百达精工,2017-12-31,2017.0,727602483.77,浙江省,
8014,603337.0,杰克股份,2017-12-31,2017.0,2786623146.45,浙江省,
8015,603338.0,浙江鼎力,2017-12-31,2017.0,1139183825.65,浙江省,
8016,603456.0,九洲药业,2017-12-31,2017.0,1717440599.76,浙江省,
8017,603520.0,司太立,2017-12-31,2017.0,710939018.55,浙江省,
8018,603538.0,美诺华,2017-12-31,2017.0,605320593.75,浙江省,
8019,603556.0,海兴电力,2017-12-31,2017.0,3025410050.26,浙江省,
8020,603578.0,三星新材,2017-12-31,2017.0,298949307.16,浙江省,
8021,603595.0,东尼电子,2017-12-31,2017.0,726398071.0,浙江省,
8022,603606.0,东方电缆,2017-12-31,2017.0,2061968019.66,浙江省,
8023,603611.0,诺力股份,2017-12-31,2017.0,2119601121.07,浙江省,
8024,603617.0,君禾股份,2017-12-31,2017.0,578035941.16,浙江省,
8025,603618.0,杭电股份,2017-12-31,2017.0,4160958409.6,浙江省,
8026,603667.0,五洲新春,2017-12-31,2017.0,1145821599.78,浙江省,
8027,603677.0,奇精机械,2017-12-31,2017.0,1292260482.23,浙江省,
8028,603685.0,晨丰科技,2017-12-31,2017.0,776798535.13,浙江省,
8029,603701.0,德宏股份,2017-12-31,2017.0,509031386.61,浙江省,
8030,603703.0,盛洋科技,2017-12-31,2017.0,859978989.01,浙江省,
8031,603757.0,大元泵业,2017-12-31,2017.0,1123232667.21,浙江省,
8032,603789.0,星光农机,2017-12-31,2017.0,638394721.78,浙江省,
8033,603799.0,华友钴业,2017-12-31,2017.0,9653222710.89,浙江省,
8034,603811.0,诚意药业,2017-12-31,2017.0,340892105.7,浙江省,
8035,603896.0,寿仙谷,2017-12-31,2017.0,369963314.73,浙江省,
8036,603901.0,永创智能,2017-12-31,2017.0,1376648527.98,浙江省,
8037,603917.0,合力科技,2017-12-31,2017.0,539467806.85,浙江省,
8038,603996.0,中新科技,2017-12-31,2017.0,6655408102.81,浙江省,
8039,834062.0,科润智控,2017-12-31,2017.0,344492731.79,浙江省,
8040,834475.0,三友科技,2017-12-31,2017.0,164821605.36,浙江省,
8041,834639.0,晨光电缆,2017-12-31,2017.0,1736328410.31,浙江省,
8042,834682.0,球冠电缆,2017-12-31,2017.0,1585301423.85,浙江省,
8043,836270.0,天铭科技,2017-12-31,2017.0,105870545.74,浙江省,
8044,836395.0,朗鸿科技,2017-12-31,2017.0,77542693.56,浙江省,
8045,,,,,690442269367.51,浙江省 汇总,
8046,591.0,太阳能,2017-12-31,2017.0,5204763960.5,重庆市,
8047,788.0,北大医药,2017-12-31,2017.0,2145918088.6,重庆市,
8048,2742.0,三圣股份,2017-12-31,2017.0,1902471916.57,重庆市,
8049,2907.0,华森制药,2017-12-31,2017.0,592095363.84,重庆市,
8050,300006.0,莱美药业,2017-12-31,2017.0,1282070992.01,重庆市,
8051,300122.0,智飞生物,2017-12-31,2017.0,1342568632.76,重庆市,
8052,300194.0,福安药业,2017-12-31,2017.0,2090806849.87,重庆市,
8053,300363.0,博腾股份,2017-12-31,2017.0,1184088767.29,重庆市,
8054,600116.0,三峡水利,2017-12-31,2017.0,1217622519.61,重庆市,
8055,600129.0,太极集团,2017-12-31,2017.0,8734522957.8,重庆市,
8056,600452.0,涪陵电力,2017-12-31,2017.0,2060332279.36,重庆市,
8057,600666.0,奥瑞德,2017-12-31,2017.0,1184044963.74,重庆市,
8058,600847.0,*ST 万里,2017-12-31,2017.0,452687981.19,重庆市,
8059,600877.0,*ST 嘉陵,2017-12-31,2017.0,587624150.23,重庆市,
8060,600917.0,重庆燃气,2017-12-31,2017.0,5714054694.35,重庆市,
8061,601158.0,重庆水务,2017-12-31,2017.0,4471555580.67,重庆市,
8062,603100.0,川仪股份,2017-12-31,2017.0,3127177778.2,重庆市,
8063,603601.0,再升科技,2017-12-31,2017.0,639744458.59,重庆市,
8064,603976.0,正川股份,2017-12-31,2017.0,508681599.07,重庆市,
8065,871857.0,泓禧科技,2017-12-31,2017.0,215242573.36,重庆市,
8066,,,,,44658076107.61,重庆市 汇总,
8067,,,,,7299573022160.38,总计,
8068,,证券简称,统计截止日期,,,所属省份,
8069,153.0,丰原药业,2018-12-31,2018.0,3013395364.37,安徽省,
8070,521.0,长虹美菱,2018-12-31,2018.0,17490174950.01,安徽省,
8071,543.0,皖能电力,2018-12-31,2018.0,13416456919.36,安徽省,
8072,630.0,铜陵有色,2018-12-31,2018.0,84589124365.35,安徽省,
8073,2171.0,楚江新材,2018-12-31,2018.0,13107106472.31,安徽省,
8074,2347.0,泰尔股份,2018-12-31,2018.0,746253238.93,安徽省,
8075,2571.0,德力股份,2018-12-31,2018.0,794655649.56,安徽省,
8076,2690.0,美亚光电,2018-12-31,2018.0,1239718222.73,安徽省,
8077,2817.0,黄山胶囊,2018-12-31,2018.0,294709587.46,安徽省,
8078,300009.0,安科生物,2018-12-31,2018.0,1461550203.44,安徽省,
8079,300088.0,长信科技,2018-12-31,2018.0,9614875119.47,安徽省,
8080,300090.0,盛运环保,2018-12-31,2018.0,515475081.42,安徽省,
8081,300247.0,乐金健康,2018-12-31,2018.0,1063357911.35,安徽省,
8082,300274.0,阳光电源,2018-12-31,2018.0,10368931999.29,安徽省,
8083,300452.0,山河药辅,2018-12-31,2018.0,428556522.87,安徽省,
8084,300595.0,欧普康视,2018-12-31,2018.0,458419766.5,安徽省,
8085,301321.0,翰博高新,2018-12-31,2018.0,2760249506.67,安徽省,
8086,430718.0,合肥高科,2018-12-31,2018.0,482366540.61,安徽省,
8087,600063.0,皖维高新,2018-12-31,2018.0,5857244753.65,安徽省,
8088,600218.0,全柴动力,2018-12-31,2018.0,3477083409.01,安徽省,
8089,600237.0,铜峰电子,2018-12-31,2018.0,885377189.37,安徽省,
8090,600255.0,梦舟股份,2018-12-31,2018.0,5019396300.8,安徽省,
8091,600444.0,国机通用,2018-12-31,2018.0,595823441.12,安徽省,
8092,600520.0,文一科技,2018-12-31,2018.0,307625843.56,安徽省,
8093,600552.0,凯盛科技,2018-12-31,2018.0,3048213983.28,安徽省,
8094,600577.0,精达股份,2018-12-31,2018.0,11897796103.91,安徽省,
8095,600585.0,海螺水泥,2018-12-31,2018.0,128402625696.0,安徽省,
8096,600761.0,安徽合力,2018-12-31,2018.0,9667479302.57,安徽省,
8097,600983.0,惠而浦,2018-12-31,2018.0,6285633179.42,安徽省,
8098,600990.0,四创电子,2018-12-31,2018.0,5246385610.71,安徽省,
8099,603011.0,合锻智能,2018-12-31,2018.0,798812579.42,安徽省,
8100,603308.0,应流股份,2018-12-31,2018.0,1681215677.58,安徽省,
8101,603356.0,华菱精工,2018-12-31,2018.0,975833868.61,安徽省,
8102,603527.0,众源新材,2018-12-31,2018.0,3209253470.66,安徽省,
8103,603656.0,泰禾光电,2018-12-31,2018.0,407347725.36,安徽省,
8104,603689.0,皖天然气,2018-12-31,2018.0,3240975796.32,安徽省,
8105,831856.0,浩淼科技,2018-12-31,2018.0,299913674.33,安徽省,
8106,833994.0,翰博高新,2018-12-31,2018.0,2760249506.67,安徽省,
8107,835892.0,中科美菱,2018-12-31,2018.0,185678757.29,安徽省,
8108,870357.0,雅葆轩,2018-12-31,2018.0,68086954.1,安徽省,
8109,871981.0,晶赛科技,2018-12-31,2018.0,199440091.37,安徽省,
8110,,,,,356362870336.81,安徽省 汇总,
8111,605.0,渤海股份,2018-12-31,2018.0,1566740892.92,北京市,
8112,725.0,京东方A,2018-12-31,2018.0,97108864935.0,北京市,
8113,786.0,北新建材,2018-12-31,2018.0,12564910662.48,北京市,
8114,931.0,中关村,2018-12-31,2018.0,1773506804.78,北京市,
8115,938.0,紫光股份,2018-12-31,2018.0,48305785916.62,北京市,
8116,970.0,中科三环,2018-12-31,2018.0,4164541446.07,北京市,
8117,2038.0,双鹭药业,2018-12-31,2018.0,2167471668.54,北京市,
8118,2066.0,瑞泰科技,2018-12-31,2018.0,3786416600.98,北京市,
8119,2151.0,北斗星通,2018-12-31,2018.0,3051035392.65,北京市,
8120,2271.0,东方雨虹,2018-12-31,2018.0,14045708250.74,北京市,
8121,2350.0,北京科锐,2018-12-31,2018.0,2550582514.8,北京市,
8122,2362.0,汉王科技,2018-12-31,2018.0,747282041.51,北京市,
8123,2371.0,北方华创,2018-12-31,2018.0,3323850956.54,北京市,
8124,2383.0,合众思壮,2018-12-31,2018.0,1596538992.6,北京市,
8125,2392.0,北京利尔,2018-12-31,2018.0,3196919635.71,北京市,
8126,2658.0,雪迪龙,2018-12-31,2018.0,1288792375.71,北京市,
8127,2665.0,首航节能,2018-12-31,2018.0,575028137.35,北京市,
8128,2738.0,中矿资源,2018-12-31,2018.0,867147620.51,北京市,
8129,2755.0,东方新星,2018-12-31,2018.0,3931881726.83,北京市,
8130,2829.0,星网宇达,2018-12-31,2018.0,402320357.43,北京市,
8131,2893.0,华通热力,2018-12-31,2018.0,966018469.25,北京市,
8132,300003.0,乐普医疗,2018-12-31,2018.0,6356304792.21,北京市,
8133,300016.0,北陆药业,2018-12-31,2018.0,608053473.0,北京市,
8134,300034.0,钢研高纳,2018-12-31,2018.0,892587882.11,北京市,
8135,300045.0,华力创通,2018-12-31,2018.0,679077424.51,北京市,
8136,300048.0,合康新能,2018-12-31,2018.0,1206297161.93,北京市,
8137,300065.0,海兰信,2018-12-31,2018.0,769603635.6,北京市,
8138,300073.0,当升科技,2018-12-31,2018.0,3280669416.62,北京市,
8139,300079.0,数码科技,2018-12-31,2018.0,1566240828.21,北京市,
8140,300139.0,晓程科技,2018-12-31,2018.0,164476806.04,北京市,
8141,300156.0,神雾环保,2018-12-31,2018.0,51252984.85,北京市,
8142,300204.0,舒泰神,2018-12-31,2018.0,806079311.12,北京市,
8143,300213.0,佳讯飞鸿,2018-12-31,2018.0,1216452868.19,北京市,
8144,300223.0,北京君正,2018-12-31,2018.0,259670111.2,北京市,
8145,300282.0,三盛教育,2018-12-31,2018.0,792571899.66,北京市,
8146,300289.0,利德曼,2018-12-31,2018.0,654804224.4,北京市,
8147,300296.0,利亚德,2018-12-31,2018.0,7700621496.6,北京市,
8148,300318.0,博晖创新,2018-12-31,2018.0,622093848.04,北京市,
8149,300332.0,天壕环境,2018-12-31,2018.0,1974072256.88,北京市,
8150,300353.0,东土科技,2018-12-31,2018.0,954521594.59,北京市,
8151,300367.0,东方网力,2018-12-31,2018.0,2247336257.04,北京市,
8152,300374.0,恒通科技,2018-12-31,2018.0,770850448.16,北京市,
8153,300406.0,九强生物,2018-12-31,2018.0,774178200.29,北京市,
8154,300430.0,诚益通,2018-12-31,2018.0,689136877.33,北京市,
8155,300444.0,双杰电气,2018-12-31,2018.0,1905146834.59,北京市,
8156,300445.0,康斯特,2018-12-31,2018.0,240499463.26,北京市,
8157,300449.0,汉邦高科,2018-12-31,2018.0,526085767.84,北京市,
8158,300455.0,康拓红外,2018-12-31,2018.0,312346840.23,北京市,
8159,300456.0,耐威科技,2018-12-31,2018.0,712497308.59,北京市,
8160,300472.0,新元科技,2018-12-31,2018.0,535724014.45,北京市,
8161,300477.0,合纵科技,2018-12-31,2018.0,2007514867.2,北京市,
8162,300485.0,赛升药业,2018-12-31,2018.0,1427750943.8,北京市,
8163,300593.0,新雷能,2018-12-31,2018.0,476568903.89,北京市,
8164,300661.0,圣邦股份,2018-12-31,2018.0,572392694.37,北京市,
8165,300667.0,必创科技,2018-12-31,2018.0,210392826.13,北京市,
8166,430047.0,诺思兰德,2018-12-31,2018.0,10292336.67,北京市,
8167,600008.0,首创股份,2018-12-31,2018.0,12455363049.7,北京市,
8168,600011.0,华能国际,2018-12-31,2018.0,169861164810.0,北京市,
8169,600055.0,万东医疗,2018-12-31,2018.0,954529650.87,北京市,
8170,600062.0,华润双鹤,2018-12-31,2018.0,8225083313.34,北京市,
8171,600085.0,同仁堂,2018-12-31,2018.0,14208636446.88,北京市,
8172,600100.0,同方股份,2018-12-31,2018.0,24832976037.59,北京市,
8173,600118.0,中国卫星,2018-12-31,2018.0,7583017858.94,北京市,
8174,600161.0,天坛生物,2018-12-31,2018.0,2931058728.13,北京市,
8175,600176.0,中国巨石,2018-12-31,2018.0,10032423279.18,北京市,
8176,600195.0,中牧股份,2018-12-31,2018.0,4431259148.91,北京市,
8177,600198.0,*ST 大唐,2018-12-31,2018.0,2343849430.3,北京市,
8178,600206.0,有研新材,2018-12-31,2018.0,4767907571.39,北京市,
8179,600271.0,航天信息,2018-12-31,2018.0,27940083194.12,北京市,
8180,600288.0,大恒科技,2018-12-31,2018.0,3342279650.99,北京市,
8181,600299.0,安迪苏,2018-12-31,2018.0,11417981750.0,北京市,
8182,600361.0,华联综超,2018-12-31,2018.0,11595335895.56,北京市,
8183,600405.0,动力源,2018-12-31,2018.0,909557120.02,北京市,
8184,600435.0,北方导航,2018-12-31,2018.0,1999010492.67,北京市,
8185,600485.0,信威集团,2018-12-31,2018.0,498962107.28,北京市,
8186,600560.0,金自天正,2018-12-31,2018.0,559937145.23,北京市,
8187,600578.0,京能电力,2018-12-31,2018.0,12695169013.56,北京市,
8188,600582.0,天地科技,2018-12-31,2018.0,17939465712.45,北京市,
8189,600764.0,中国海防,2018-12-31,2018.0,350558649.99,北京市,
8190,600855.0,航天长峰,2018-12-31,2018.0,2110264496.44,北京市,
8191,600860.0,京城股份,2018-12-31,2018.0,1121564249.15,北京市,
8192,600900.0,长江电力,2018-12-31,2018.0,51213965746.52,北京市,
8193,600980.0,北矿科技,2018-12-31,2018.0,472352274.16,北京市,
8194,601016.0,节能风电,2018-12-31,2018.0,2376067405.6,北京市,
8195,601126.0,四方股份,2018-12-31,2018.0,3528688645.91,北京市,
8196,601558.0,ST 锐电,2018-12-31,2018.0,569910431.31,北京市,
8197,601600.0,中国铝业,2018-12-31,2018.0,180240154000.0,北京市,
8198,601908.0,京运通,2018-12-31,2018.0,2034043142.87,北京市,
8199,601985.0,中国核电,2018-12-31,2018.0,39305402286.52,北京市,
8200,601991.0,大唐发电,2018-12-31,2018.0,93389625000.0,北京市,
8201,601992.0,金隅集团,2018-12-31,2018.0,83116733092.15,北京市,
8202,603025.0,大豪科技,2018-12-31,2018.0,1074713590.13,北京市,
8203,603516.0,淳中科技,2018-12-31,2018.0,275557114.93,北京市,
8204,603590.0,康辰药业,2018-12-31,2018.0,1022164265.75,北京市,
8205,603616.0,韩建河山,2018-12-31,2018.0,1048597187.2,北京市,
8206,603803.0,瑞斯康达,2018-12-31,2018.0,2412930801.64,北京市,
8207,603986.0,兆易创新,2018-12-31,2018.0,2245786322.12,北京市,
8208,830879.0,基康仪器,2018-12-31,2018.0,152537461.68,北京市,
8209,835179.0,凯德石英,2018-12-31,2018.0,111199663.86,北京市,
8210,837344.0,三元基因,2018-12-31,2018.0,300930726.67,北京市,
8211,871553.0,凯腾精工,2018-12-31,2018.0,328239613.75,北京市,
8212,872808.0,曙光数创,2018-12-31,2018.0,159201794.56,北京市,
8213,,,,,1072441751368.64,北京市 汇总,
8214,536.0,华映科技,2018-12-31,2018.0,4517789137.71,福建省,
8215,547.0,航天发展,2018-12-31,2018.0,3515797455.68,福建省,
8216,993.0,闽东电力,2018-12-31,2018.0,557868754.62,福建省,
8217,2102.0,ST 冠福,2018-12-31,2018.0,14293088644.24,福建省,
8218,2222.0,福晶科技,2018-12-31,2018.0,491320742.13,福建省,
8219,2300.0,太阳电缆,2018-12-31,2018.0,5104612067.33,福建省,
8220,2335.0,科华恒盛,2018-12-31,2018.0,3436927692.19,福建省,
8221,2396.0,星网锐捷,2018-12-31,2018.0,9131571813.18,福建省,
8222,2509.0,天广中茂,2018-12-31,2018.0,2112993522.35,福建省,
8223,2529.0,海源复材,2018-12-31,2018.0,240572061.03,福建省,
8224,2578.0,闽发铝业,2018-12-31,2018.0,1426114894.34,福建省,
8225,2614.0,奥佳华,2018-12-31,2018.0,5447030714.43,福建省,
8226,2639.0,雪人股份,2018-12-31,2018.0,1303415524.53,福建省,
8227,2729.0,好利来,2018-12-31,2018.0,176859629.18,福建省,
8228,2785.0,万里石,2018-12-31,2018.0,1148699197.3,福建省,
8229,2868.0,绿康生化,2018-12-31,2018.0,344291893.87,福建省,
8230,2901.0,大博医疗,2018-12-31,2018.0,772469529.01,福建省,
8231,2925.0,盈趣科技,2018-12-31,2018.0,2778729498.73,福建省,
8232,200512.0,闽灿坤B,2018-12-31,2018.0,1790062803.08,福建省,
8233,300056.0,三维丝,2018-12-31,2018.0,786491641.85,福建省,
8234,300062.0,中能电气,2018-12-31,2018.0,995644466.71,福建省,
8235,300102.0,乾照光电,2018-12-31,2018.0,1029561966.36,福建省,
8236,300341.0,麦迪电气,2018-12-31,2018.0,978799885.17,福建省,
8237,300427.0,红相股份,2018-12-31,2018.0,1055900368.97,福建省,
8238,300436.0,广生堂,2018-12-31,2018.0,402400221.06,福建省,
8239,300628.0,亿联网络,2018-12-31,2018.0,1815359403.28,福建省,
8240,300632.0,光莆股份,2018-12-31,2018.0,774505977.31,福建省,
8241,300648.0,星云股份,2018-12-31,2018.0,302757272.26,福建省,
8242,300657.0,弘信电子,2018-12-31,2018.0,2259315083.06,福建省,
8243,300685.0,艾德生物,2018-12-31,2018.0,439031481.74,福建省,
8244,300750.0,宁德时代,2018-12-31,2018.0,29611265434.22,福建省,
8245,600163.0,中闽能源,2018-12-31,2018.0,524103638.6,福建省,
8246,600203.0,福日电子,2018-12-31,2018.0,10988972054.46,福建省,
8247,600388.0,龙净环保,2018-12-31,2018.0,9402298371.62,福建省,
8248,600436.0,片仔癀,2018-12-31,2018.0,4766156893.31,福建省,
8249,600483.0,福能股份,2018-12-31,2018.0,9353920049.0,福建省,
8250,600549.0,厦门钨业,2018-12-31,2018.0,19556790875.1,福建省,
8251,600563.0,法拉电子,2018-12-31,2018.0,1721422019.98,福建省,
8252,600592.0,龙溪股份,2018-12-31,2018.0,1025817868.53,福建省,
8253,600660.0,福耀玻璃,2018-12-31,2018.0,20224985720.0,福建省,
8254,600734.0,实达集团,2018-12-31,2018.0,5509913404.79,福建省,
8255,600802.0,福建水泥,2018-12-31,2018.0,2947371480.29,福建省,
8256,600815.0,厦工股份,2018-12-31,2018.0,2837897217.0,福建省,
8257,600870.0,*ST 厦华,2018-12-31,2018.0,30964936.44,福建省,
8258,603663.0,三祥新材,2018-12-31,2018.0,598534286.07,福建省,
8259,603678.0,火炬电子,2018-12-31,2018.0,2024346910.95,福建省,
8260,603686.0,龙马环卫,2018-12-31,2018.0,3443580174.07,福建省,
8261,603817.0,海峡环保,2018-12-31,2018.0,482498878.18,福建省,
8262,603826.0,坤彩科技,2018-12-31,2018.0,586774772.69,福建省,
8263,603933.0,睿能科技,2018-12-31,2018.0,1852983764.62,福建省,
8264,,,,,196920582092.62,福建省 汇总,
8265,672.0,上峰水泥,2018-12-31,2018.0,5304576747.66,甘肃省,
8266,791.0,甘肃电投,2018-12-31,2018.0,2305941868.89,甘肃省,
8267,2185.0,华天科技,2018-12-31,2018.0,7121706261.65,甘肃省,
8268,2644.0,佛慈制药,2018-12-31,2018.0,544581046.24,甘肃省,
8269,300534.0,陇神戎发,2018-12-31,2018.0,203165802.94,甘肃省,
8270,600192.0,长城电工,2018-12-31,2018.0,1784136697.78,甘肃省,
8271,600516.0,方大炭素,2018-12-31,2018.0,11650954412.81,甘肃省,
8272,600720.0,祁连山,2018-12-31,2018.0,5774755192.51,甘肃省,
8273,600886.0,国投电力,2018-12-31,2018.0,41011372735.69,甘肃省,
8274,601212.0,白银有色,2018-12-31,2018.0,61946574275.84,甘肃省,
8275,601798.0,*ST 蓝科,2018-12-31,2018.0,804271663.44,甘肃省,
8276,603169.0,兰石重装,2018-12-31,2018.0,2546747619.88,甘肃省,
8277,,,,,140998784325.33,甘肃省 汇总,
8278,12.0,南玻A,2018-12-31,2018.0,10609963011.0,广东省,
8279,16.0,深康佳A,2018-12-31,2018.0,46126797341.33,广东省,
8280,20.0,深华发A,2018-12-31,2018.0,637046707.03,广东省,
8281,21.0,深科技,2018-12-31,2018.0,16061005965.27,广东省,
8282,23.0,深天地A,2018-12-31,2018.0,1611326480.81,广东省,
8283,27.0,深圳能源,2018-12-31,2018.0,18527395542.0,广东省,
8284,37.0,深南电A,2018-12-31,2018.0,1884937109.0,广东省,
8285,40.0,东旭蓝天,2018-12-31,2018.0,8676289465.14,广东省,
8286,45.0,深纺织A,2018-12-31,2018.0,1272356771.34,广东省,
8287,49.0,德赛电池,2018-12-31,2018.0,17249233752.53,广东省,
8288,50.0,深天马A,2018-12-31,2018.0,28911543960.79,广东省,
8289,60.0,中金岭南,2018-12-31,2018.0,19963409521.93,广东省,
8290,63.0,中兴通讯,2018-12-31,2018.0,85513150000.0,广东省,
8291,66.0,中国长城,2018-12-31,2018.0,10009483496.74,广东省,
8292,70.0,特发信息,2018-12-31,2018.0,5706001088.58,广东省,
8293,100.0,TCL集团,2018-12-31,2018.0,113360076000.0,广东省,
8294,333.0,美的集团,2018-12-31,2018.0,259664820000.0,广东省,
8295,513.0,丽珠集团,2018-12-31,2018.0,8860655670.73,广东省,
8296,531.0,穗恒运A,2018-12-31,2018.0,3118942761.44,广东省,
8297,533.0,万家乐,2018-12-31,2018.0,9559439074.37,广东省,
8298,534.0,万泽股份,2018-12-31,2018.0,258443047.41,广东省,
8299,539.0,粤电力A,2018-12-31,2018.0,27408514178.0,广东省,
8300,541.0,佛山照明,2018-12-31,2018.0,3801955946.76,广东省,
8301,576.0,广东甘化,2018-12-31,2018.0,409188879.56,广东省,
8302,601.0,韶能股份,2018-12-31,2018.0,3428310142.54,广东省,
8303,636.0,风华高科,2018-12-31,2018.0,4580200601.43,广东省,
8304,651.0,格力电器,2018-12-31,2018.0,198123177056.84,广东省,
8305,685.0,中山公用,2018-12-31,2018.0,2021725305.08,广东省,
8306,690.0,宝新能源,2018-12-31,2018.0,3834291613.98,广东省,
8307,782.0,美达股份,2018-12-31,2018.0,3813289834.11,广东省,
8308,823.0,超声电子,2018-12-31,2018.0,4941244562.13,广东省,
8309,921.0,海信家电,2018-12-31,2018.0,36019598304.79,广东省,
8310,999.0,华润三九,2018-12-31,2018.0,13427746162.8,广东省,
8311,2005.0,德豪润达,2018-12-31,2018.0,4001232176.38,广东省,
8312,2008.0,大族激光,2018-12-31,2018.0,11029485679.81,广东省,
8313,2017.0,东信和平,2018-12-31,2018.0,1152713285.67,广东省,
8314,2030.0,达安基因,2018-12-31,2018.0,1478663128.23,广东省,
8315,2031.0,巨轮智能,2018-12-31,2018.0,1402025480.83,广东省,
8316,2035.0,华帝股份,2018-12-31,2018.0,6095050006.69,广东省,
8317,2045.0,国光电器,2018-12-31,2018.0,4041902113.0,广东省,
8318,2052.0,同洲电子,2018-12-31,2018.0,794820177.12,广东省,
8319,2055.0,得润电子,2018-12-31,2018.0,7454105562.46,广东省,
8320,2076.0,雪莱特,2018-12-31,2018.0,566067657.99,广东省,
8321,2106.0,莱宝高科,2018-12-31,2018.0,4416084125.93,广东省,
8322,2121.0,科陆电子,2018-12-31,2018.0,3791321341.29,广东省,
8323,2130.0,沃尔核材,2018-12-31,2018.0,3525024216.47,广东省,
8324,2137.0,麦达数字,2018-12-31,2018.0,1035533828.46,广东省,
8325,2138.0,顺络电子,2018-12-31,2018.0,2362042839.62,广东省,
8326,2139.0,拓邦股份,2018-12-31,2018.0,3406697494.04,广东省,
8327,2141.0,贤丰控股,2018-12-31,2018.0,1004073717.18,广东省,
8328,2152.0,广电运通,2018-12-31,2018.0,5458981768.73,广东省,
8329,2161.0,远望谷,2018-12-31,2018.0,437891734.33,广东省,
8330,2167.0,东方锆业,2018-12-31,2018.0,503317549.46,广东省,
8331,2169.0,智光电气,2018-12-31,2018.0,2702893602.4,广东省,
8332,2177.0,御银股份,2018-12-31,2018.0,394213945.82,广东省,
8333,2180.0,纳思达,2018-12-31,2018.0,21926472338.76,广东省,
8334,2198.0,嘉应制药,2018-12-31,2018.0,536983626.24,广东省,
8335,2209.0,达意隆,2018-12-31,2018.0,985509594.92,广东省,
8336,2218.0,拓日新能,2018-12-31,2018.0,1120744645.68,广东省,
8337,2227.0,奥特迅,2018-12-31,2018.0,352636770.08,广东省,
8338,2233.0,塔牌集团,2018-12-31,2018.0,6630342487.33,广东省,
8339,2240.0,威华股份,2018-12-31,2018.0,2518270937.01,广东省,
8340,2249.0,大洋电机,2018-12-31,2018.0,8637575703.0,广东省,
8341,2256.0,兆新股份,2018-12-31,2018.0,603628902.58,广东省,
8342,2260.0,*ST 德奥,2018-12-31,2018.0,718582947.43,广东省,
8343,2288.0,超华科技,2018-12-31,2018.0,1393429072.24,广东省,
8344,2289.0,宇顺电子,2018-12-31,2018.0,324317943.36,广东省,
8345,2294.0,信立泰,2018-12-31,2018.0,4651876199.04,广东省,
8346,2295.0,精艺股份,2018-12-31,2018.0,5757561169.07,广东省,
8347,2308.0,威创股份,2018-12-31,2018.0,1169513124.76,广东省,
8348,2313.0,日海智能,2018-12-31,2018.0,4420088766.24,广东省,
8349,2317.0,众生药业,2018-12-31,2018.0,2361506446.29,广东省,
8350,2334.0,英威腾,2018-12-31,2018.0,2228061113.85,广东省,
8351,2351.0,漫步者,2018-12-31,2018.0,880866312.97,广东省,
8352,2369.0,卓翼科技,2018-12-31,2018.0,3146176524.37,广东省,
8353,2387.0,维信诺,2018-12-31,2018.0,1778152197.19,广东省,
8354,2388.0,新亚制程,2018-12-31,2018.0,837647796.68,广东省,
8355,2399.0,海普瑞,2018-12-31,2018.0,4814965143.62,广东省,
8356,2402.0,和而泰,2018-12-31,2018.0,2671111130.44,广东省,
8357,2429.0,兆驰股份,2018-12-31,2018.0,12870863286.81,广东省,
8358,2433.0,太安堂,2018-12-31,2018.0,3309715716.68,广东省,
8359,2436.0,兴森科技,2018-12-31,2018.0,3473258603.48,广东省,
8360,2446.0,盛路通信,2018-12-31,2018.0,1417384346.38,广东省,
8361,2449.0,国星光电,2018-12-31,2018.0,3626799937.52,广东省,
8362,2456.0,欧菲科技,2018-12-31,2018.0,43042809935.58,广东省,
8363,2465.0,海格通信,2018-12-31,2018.0,4069795917.46,广东省,
8364,2475.0,立讯精密,2018-12-31,2018.0,35849964160.13,广东省,
8365,2512.0,达华智能,2018-12-31,2018.0,2868654251.07,广东省,
8366,2518.0,科士达,2018-12-31,2018.0,2714619508.2,广东省,
8367,2528.0,英飞拓,2018-12-31,2018.0,4270828837.69,广东省,
8368,2543.0,万和电气,2018-12-31,2018.0,6913881265.18,广东省,
8369,2551.0,尚荣医疗,2018-12-31,2018.0,1630432068.31,广东省,
8370,2577.0,雷柏科技,2018-12-31,2018.0,474604061.56,广东省,
8371,2579.0,中京电子,2018-12-31,2018.0,1761337240.84,广东省,
8372,2583.0,海能达,2018-12-31,2018.0,6934533727.15,广东省,
8373,2587.0,奥拓电子,2018-12-31,2018.0,1573372443.96,广东省,
8374,2600.0,领益智造,2018-12-31,2018.0,22499664452.56,广东省,
8375,2611.0,东方精工,2018-12-31,2018.0,6621349618.4,广东省,
8376,2618.0,丹邦科技,2018-12-31,2018.0,343586590.45,广东省,
8377,2638.0,勤上股份,2018-12-31,2018.0,1297613575.24,广东省,
8378,2660.0,茂硕电源,2018-12-31,2018.0,1337775109.1,广东省,
8379,2668.0,奥马电器,2018-12-31,2018.0,7802880743.8,广东省,
8380,2681.0,奋达科技,2018-12-31,2018.0,3345504677.76,广东省,
8381,2684.0,猛狮科技,2018-12-31,2018.0,1100207475.09,广东省,
8382,2705.0,新宝股份,2018-12-31,2018.0,8444333002.67,广东省,
8383,2723.0,金莱特,2018-12-31,2018.0,830502129.62,广东省,
8384,2724.0,海洋王,2018-12-31,2018.0,1253196500.7,广东省,
8385,2728.0,特一药业,2018-12-31,2018.0,884975624.76,广东省,
8386,2733.0,雄韬股份,2018-12-31,2018.0,2956164759.77,广东省,
8387,2745.0,木林森,2018-12-31,2018.0,17951855717.67,广东省,
8388,2757.0,南兴装备,2018-12-31,2018.0,1125867749.57,广东省,
8389,2759.0,天际股份,2018-12-31,2018.0,860637591.03,广东省,
8390,2766.0,索菱股份,2018-12-31,2018.0,1007521154.46,广东省,
8391,2774.0,快意电梯,2018-12-31,2018.0,876714303.57,广东省,
8392,2782.0,可立克,2018-12-31,2018.0,1093559104.85,广东省,
8393,2786.0,银宝山新,2018-12-31,2018.0,3010018231.19,广东省,
8394,2792.0,通宇通讯,2018-12-31,2018.0,1264853046.52,广东省,
8395,2806.0,华锋股份,2018-12-31,2018.0,649938134.02,广东省,
8396,2813.0,路畅科技,2018-12-31,2018.0,756978189.55,广东省,
8397,2815.0,崇达技术,2018-12-31,2018.0,3656090736.88,广东省,
8398,2816.0,和科达,2018-12-31,2018.0,344653912.77,广东省,
8399,2823.0,凯中精密,2018-12-31,2018.0,1669727059.63,广东省,
8400,2824.0,和胜股份,2018-12-31,2018.0,1064659200.83,广东省,
8401,2833.0,弘亚数控,2018-12-31,2018.0,1194487779.14,广东省,
8402,2835.0,同为股份,2018-12-31,2018.0,609800533.77,广东省,
8403,2837.0,英维克,2018-12-31,2018.0,1070353252.76,广东省,
8404,2841.0,视源股份,2018-12-31,2018.0,16983689829.68,广东省,
8405,2842.0,翔鹭钨业,2018-12-31,2018.0,1675155247.91,广东省,
8406,2845.0,同兴达,2018-12-31,2018.0,4095390344.8,广东省,
8407,2851.0,麦格米特,2018-12-31,2018.0,2393654737.58,广东省,
8408,2855.0,捷荣技术,2018-12-31,2018.0,2202951712.57,广东省,
8409,2869.0,金溢科技,2018-12-31,2018.0,604058067.84,广东省,
8410,2876.0,三利谱,2018-12-31,2018.0,882960371.21,广东省,
8411,2880.0,卫光生物,2018-12-31,2018.0,687949170.73,广东省,
8412,2881.0,美格智能,2018-12-31,2018.0,989827907.28,广东省,
8413,2882.0,金龙羽,2018-12-31,2018.0,3318380050.61,广东省,
8414,2884.0,凌霄泵业,2018-12-31,2018.0,1104420872.99,广东省,
8415,2885.0,京泉华,2018-12-31,2018.0,1166308189.86,广东省,
8416,2888.0,惠威科技,2018-12-31,2018.0,266619585.12,广东省,
8417,2898.0,赛隆药业,2018-12-31,2018.0,436272811.42,广东省,
8418,2902.0,铭普光磁,2018-12-31,2018.0,1604697485.47,广东省,
8419,2906.0,华阳集团,2018-12-31,2018.0,3468780535.04,广东省,
8420,2911.0,佛燃股份,2018-12-31,2018.0,5094297537.93,广东省,
8421,2916.0,深南电路,2018-12-31,2018.0,7602141701.41,广东省,
8422,2918.0,蒙娜丽莎,2018-12-31,2018.0,3208400132.94,广东省,
8423,2922.0,伊戈尔,2018-12-31,2018.0,1088269693.3,广东省,
8424,2923.0,润都股份,2018-12-31,2018.0,1043860465.03,广东省,
8425,2938.0,鹏鼎控股,2018-12-31,2018.0,25854780280.84,广东省,
8426,300004.0,南风股份,2018-12-31,2018.0,951670130.85,广东省,
8427,300014.0,亿纬锂能,2018-12-31,2018.0,4351190559.63,广东省,
8428,300030.0,阳普医疗,2018-12-31,2018.0,549963261.99,广东省,
8429,300042.0,朗科科技,2018-12-31,2018.0,966909462.65,广东省,
8430,300053.0,欧比特,2018-12-31,2018.0,905992734.17,广东省,
8431,300057.0,万顺股份,2018-12-31,2018.0,4168791935.88,广东省,
8432,300077.0,国民技术,2018-12-31,2018.0,602059726.51,广东省,
8433,300083.0,劲胜智能,2018-12-31,2018.0,5506543758.79,广东省,
8434,300089.0,文化长城,2018-12-31,2018.0,376925222.83,广东省,
8435,300093.0,金刚玻璃,2018-12-31,2018.0,747687706.35,广东省,
8436,300112.0,万讯自控,2018-12-31,2018.0,593548505.89,广东省,
8437,300115.0,长盈精密,2018-12-31,2018.0,8625571966.78,广东省,
8438,300124.0,汇川技术,2018-12-31,2018.0,5874357770.64,广东省,
8439,300130.0,新国都,2018-12-31,2018.0,2319327318.57,广东省,
8440,300134.0,大富科技,2018-12-31,2018.0,1821491861.86,广东省,
8441,300136.0,信维通信,2018-12-31,2018.0,4706909438.63,广东省,
8442,300147.0,香雪制药,2018-12-31,2018.0,2504252347.86,广东省,
8443,300151.0,昌红科技,2018-12-31,2018.0,693654839.32,广东省,
8444,300154.0,瑞凌股份,2018-12-31,2018.0,577568807.22,广东省,
8445,300155.0,安居宝,2018-12-31,2018.0,918900258.17,广东省,
8446,300162.0,雷曼股份,2018-12-31,2018.0,733522239.13,广东省,
8447,300173.0,智慧松德,2018-12-31,2018.0,350639816.88,广东省,
8448,300177.0,中海达,2018-12-31,2018.0,1288807938.87,广东省,
8449,300193.0,佳士科技,2018-12-31,2018.0,893304839.81,广东省,
8450,300199.0,翰宇药业,2018-12-31,2018.0,1264444507.22,广东省,
8451,300206.0,理邦仪器,2018-12-31,2018.0,992719626.02,广东省,
8452,300207.0,欣旺达,2018-12-31,2018.0,20338301879.82,广东省,
8453,300219.0,鸿利智汇,2018-12-31,2018.0,4003161049.23,广东省,
8454,300227.0,光韵达,2018-12-31,2018.0,580347837.91,广东省,
8455,300232.0,洲明科技,2018-12-31,2018.0,4524337284.37,广东省,
8456,300238.0,冠昊生物,2018-12-31,2018.0,458461849.36,广东省,
8457,300241.0,瑞丰光电,2018-12-31,2018.0,1562008171.52,广东省,
8458,300246.0,宝莱特,2018-12-31,2018.0,813385394.18,广东省,
8459,300252.0,金信诺,2018-12-31,2018.0,2593018449.05,广东省,
8460,300273.0,和佳股份,2018-12-31,2018.0,1196016080.59,广东省,
8461,300281.0,金明精机,2018-12-31,2018.0,373449095.83,广东省,
8462,300301.0,长方集团,2018-12-31,2018.0,1574387710.94,广东省,
8463,300303.0,聚飞光电,2018-12-31,2018.0,2345024339.67,广东省,
8464,300317.0,珈伟新能,2018-12-31,2018.0,1689529470.79,广东省,
8465,300319.0,麦捷科技,2018-12-31,2018.0,1671640887.0,广东省,
8466,300322.0,硕贝德,2018-12-31,2018.0,1722361995.31,广东省,
8467,300335.0,迪森股份,2018-12-31,2018.0,1775599876.0,广东省,
8468,300340.0,科恒股份,2018-12-31,2018.0,2202287833.99,广东省,
8469,300376.0,易事特,2018-12-31,2018.0,4652053985.0,广东省,
8470,300381.0,溢多利,2018-12-31,2018.0,1768167808.17,广东省,
8471,300389.0,艾比森,2018-12-31,2018.0,1986731435.06,广东省,
8472,300400.0,劲拓股份,2018-12-31,2018.0,590897303.32,广东省,
8473,300403.0,汉宇集团,2018-12-31,2018.0,793822246.38,广东省,
8474,300408.0,三环集团,2018-12-31,2018.0,3750072862.64,广东省,
8475,300409.0,道氏技术,2018-12-31,2018.0,3543928460.69,广东省,
8476,300410.0,正业科技,2018-12-31,2018.0,1428985615.48,广东省,
8477,300415.0,伊之密,2018-12-31,2018.0,2014969813.68,广东省,
8478,300417.0,南华仪器,2018-12-31,2018.0,152603325.42,广东省,
8479,300438.0,鹏辉能源,2018-12-31,2018.0,2568705636.93,广东省,
8480,300457.0,赢合科技,2018-12-31,2018.0,2087285066.16,广东省,
8481,300458.0,全志科技,2018-12-31,2018.0,1364689742.56,广东省,
8482,300460.0,惠伦晶体,2018-12-31,2018.0,318987012.27,广东省,
8483,300476.0,胜宏科技,2018-12-31,2018.0,3303949316.51,广东省,
8484,300482.0,万孚生物,2018-12-31,2018.0,1650059430.26,广东省,
8485,300484.0,蓝海华腾,2018-12-31,2018.0,401836847.61,广东省,
8486,300499.0,高澜股份,2018-12-31,2018.0,653313497.91,广东省,
8487,300503.0,昊志机电,2018-12-31,2018.0,461566819.42,广东省,
8488,300514.0,友讯达,2018-12-31,2018.0,697491113.98,广东省,
8489,300521.0,爱司凯,2018-12-31,2018.0,173900336.44,广东省,
8490,300526.0,中潜股份,2018-12-31,2018.0,400848005.95,广东省,
8491,300529.0,健帆生物,2018-12-31,2018.0,1016508792.15,广东省,
8492,300531.0,优博讯,2018-12-31,2018.0,951939425.66,广东省,
8493,300543.0,朗科智能,2018-12-31,2018.0,1201848500.14,广东省,
8494,300545.0,联得装备,2018-12-31,2018.0,663591726.9,广东省,
8495,300546.0,雄帝科技,2018-12-31,2018.0,600457660.07,广东省,
8496,300562.0,乐心医疗,2018-12-31,2018.0,775103192.35,广东省,
8497,300565.0,科信技术,2018-12-31,2018.0,542620179.53,广东省,
8498,300570.0,太辰光,2018-12-31,2018.0,794078717.14,广东省,
8499,300572.0,安车检测,2018-12-31,2018.0,527767397.84,广东省,
8500,300601.0,康泰生物,2018-12-31,2018.0,2016902801.75,广东省,
8501,300602.0,飞荣达,2018-12-31,2018.0,1325762766.91,广东省,
8502,300606.0,金太阳,2018-12-31,2018.0,378202788.09,广东省,
8503,300607.0,拓斯达,2018-12-31,2018.0,1198098144.6,广东省,
8504,300615.0,欣天科技,2018-12-31,2018.0,236909137.96,广东省,
8505,300619.0,金银河,2018-12-31,2018.0,641832655.57,广东省,
8506,300620.0,光库科技,2018-12-31,2018.0,289278322.69,广东省,
8507,300625.0,三雄极光,2018-12-31,2018.0,2432504753.59,广东省,
8508,300629.0,新劲刚,2018-12-31,2018.0,204741847.57,广东省,
8509,300633.0,开立医疗,2018-12-31,2018.0,1226848965.63,广东省,
8510,300638.0,广和通,2018-12-31,2018.0,1249101088.6,广东省,
8511,300639.0,凯普生物,2018-12-31,2018.0,580352056.71,广东省,
8512,300647.0,超频三,2018-12-31,2018.0,513451585.24,广东省,
8513,300656.0,民德电子,2018-12-31,2018.0,274572764.82,广东省,
8514,300679.0,电连技术,2018-12-31,2018.0,1341313955.02,广东省,
8515,300681.0,英搏尔,2018-12-31,2018.0,654683392.95,广东省,
8516,300686.0,智动力,2018-12-31,2018.0,650928286.22,广东省,
8517,300689.0,澄天伟业,2018-12-31,2018.0,355127499.71,广东省,
8518,300691.0,联合光电,2018-12-31,2018.0,1168669588.37,广东省,
8519,300693.0,盛弘股份,2018-12-31,2018.0,531257081.1,广东省,
8520,300711.0,广哈通信,2018-12-31,2018.0,200713915.79,广东省,
8521,300713.0,英可瑞,2018-12-31,2018.0,307191244.53,广东省,
8522,300720.0,海川智能,2018-12-31,2018.0,162061899.4,广东省,
8523,300723.0,一品红,2018-12-31,2018.0,1429554297.97,广东省,
8524,300724.0,捷佳伟创,2018-12-31,2018.0,1492740517.53,广东省,
8525,300735.0,光弘科技,2018-12-31,2018.0,1598087540.74,广东省,
8526,300737.0,科顺股份,2018-12-31,2018.0,3096749290.69,广东省,
8527,300739.0,明阳电路,2018-12-31,2018.0,1131402755.08,广东省,
8528,300752.0,隆利科技,2018-12-31,2018.0,1550229841.39,广东省,
8529,300760.0,迈瑞医疗,2018-12-31,2018.0,13753357469.0,广东省,
8530,600098.0,广州发展,2018-12-31,2018.0,25981687093.53,广东省,
8531,600183.0,生益科技,2018-12-31,2018.0,11981081734.45,广东省,
8532,600332.0,白云山,2018-12-31,2018.0,42233838051.12,广东省,
8533,600380.0,健康元,2018-12-31,2018.0,11203963989.88,广东省,
8534,600499.0,科达洁能,2018-12-31,2018.0,6070838164.12,广东省,
8535,600518.0,康美药业,2018-12-31,2018.0,17065079139.45,广东省,
8536,600525.0,长园集团,2018-12-31,2018.0,7136879227.9,广东省,
8537,600868.0,梅雁吉祥,2018-12-31,2018.0,222805922.57,广东省,
8538,600894.0,广日股份,2018-12-31,2018.0,5463009582.7,广东省,
8539,601138.0,工业富联,2018-12-31,2018.0,415377697000.0,广东省,
8540,601139.0,深圳燃气,2018-12-31,2018.0,12741389910.39,广东省,
8541,601615.0,明阳智能,2018-12-31,2018.0,6902147193.31,广东省,
8542,603002.0,宏昌电子,2018-12-31,2018.0,1803943407.76,广东省,
8543,603063.0,禾望电气,2018-12-31,2018.0,1181410705.07,广东省,
8544,603118.0,共进股份,2018-12-31,2018.0,8333939980.52,广东省,
8545,603160.0,汇顶科技,2018-12-31,2018.0,3721291685.55,广东省,
8546,603228.0,景旺电子,2018-12-31,2018.0,4985559104.51,广东省,
8547,603268.0,松发股份,2018-12-31,2018.0,591024458.51,广东省,
8548,603309.0,维力医疗,2018-12-31,2018.0,745834592.62,广东省,
8549,603328.0,依顿电子,2018-12-31,2018.0,3328616224.3,广东省,
8550,603386.0,广东骏亚,2018-12-31,2018.0,1120072953.73,广东省,
8551,603725.0,天安新材,2018-12-31,2018.0,955282112.95,广东省,
8552,603838.0,四通股份,2018-12-31,2018.0,447043897.0,广东省,
8553,603861.0,白云电器,2018-12-31,2018.0,2575811742.71,广东省,
8554,603920.0,世运电路,2018-12-31,2018.0,2167293686.74,广东省,
8555,603936.0,博敏电子,2018-12-31,2018.0,1949051830.67,广东省,
8556,603978.0,深圳新星,2018-12-31,2018.0,1099960107.96,广东省,
8557,831167.0,鑫汇科,2018-12-31,2018.0,492601274.9,广东省,
8558,832110.0,雷特科技,2018-12-31,2018.0,76203935.54,广东省,
8559,832491.0,奥迪威,2018-12-31,2018.0,292552373.42,广东省,
8560,832876.0,慧为智能,2018-12-31,2018.0,261357150.01,广东省,
8561,833523.0,德瑞锂电,2018-12-31,2018.0,143725610.46,广东省,
8562,835185.0,贝特瑞,2018-12-31,2018.0,4008699970.98,广东省,
8563,836807.0,奔朗新材,2018-12-31,2018.0,631592269.6,广东省,
8564,837821.0,则成电子,2018-12-31,2018.0,232093861.15,广东省,
8565,839729.0,永顺生物,2018-12-31,2018.0,390664161.73,广东省,
8566,872374.0,云里物里,2018-12-31,2018.0,78830106.25,广东省,
8567,872925.0,锦好医疗,2018-12-31,2018.0,104979527.59,广东省,
8568,873001.0,纬达光电,2018-12-31,2018.0,212689034.45,广东省,
8569,,,,,2227266941771.23,广东省 汇总,
8570,528.0,柳工,2018-12-31,2018.0,18084836917.48,广西壮族自治区,
8571,703.0,恒逸石化,2018-12-31,2018.0,84947688333.86,广西壮族自治区,
8572,806.0,银河生物,2018-12-31,2018.0,761259725.24,广西壮族自治区,
8573,953.0,ST 河化,2018-12-31,2018.0,231109272.85,广西壮族自治区,
8574,2166.0,莱茵生物,2018-12-31,2018.0,619556202.78,广西壮族自治区,
8575,2175.0,东方网络,2018-12-31,2018.0,247498984.67,广西壮族自治区,
8576,2275.0,桂林三金,2018-12-31,2018.0,1584673431.92,广西壮族自治区,
8577,600236.0,桂冠电力,2018-12-31,2018.0,9514343398.7,广西壮族自治区,
8578,600252.0,中恒集团,2018-12-31,2018.0,3298765283.6,广西壮族自治区,
8579,600310.0,桂东电力,2018-12-31,2018.0,11933180236.8,广西壮族自治区,
8580,601368.0,绿城水务,2018-12-31,2018.0,1336528729.05,广西壮族自治区,
8581,832885.0,星辰科技,2018-12-31,2018.0,81799728.53,广西壮族自治区,
8582,,,,,132641240245.48,广西壮族自治区 汇总,
8583,733.0,振华科技,2018-12-31,2018.0,5337571527.22,贵州省,
8584,2025.0,航天电器,2018-12-31,2018.0,2834084194.08,贵州省,
8585,2039.0,黔源电力,2018-12-31,2018.0,2388665024.61,贵州省,
8586,2390.0,信邦制药,2018-12-31,2018.0,6580278918.05,贵州省,
8587,2424.0,贵州百灵,2018-12-31,2018.0,3136843231.96,贵州省,
8588,2873.0,新天药业,2018-12-31,2018.0,694259400.6,贵州省,
8589,2927.0,泰永长征,2018-12-31,2018.0,347364304.93,贵州省,
8590,600112.0,天成控股,2018-12-31,2018.0,509662920.96,贵州省,
8591,600145.0,*ST 新亿,2018-12-31,2018.0,13385359.08,贵州省,
8592,600227.0,圣济堂,2018-12-31,2018.0,2430806758.81,贵州省,
8593,600594.0,益佰制药,2018-12-31,2018.0,3882863179.02,贵州省,
8594,600903.0,贵州燃气,2018-12-31,2018.0,3605825417.64,贵州省,
8595,,,,,31761610236.96,贵州省 汇总,
8596,566.0,海南海药,2018-12-31,2018.0,2471770221.96,海南省,
8597,657.0,中钨高新,2018-12-31,2018.0,8176520501.59,海南省,
8598,2596.0,海南瑞泽,2018-12-31,2018.0,3120970092.69,海南省,
8599,2693.0,双成药业,2018-12-31,2018.0,337242775.11,海南省,
8600,300086.0,康芝药业,2018-12-31,2018.0,882744803.06,海南省,
8601,300630.0,普利制药,2018-12-31,2018.0,623904151.91,海南省,
8602,,,,,15613152546.32,海南省 汇总,
8603,401.0,冀东水泥,2018-12-31,2018.0,30848580284.55,河北省,
8604,413.0,东旭光电,2018-12-31,2018.0,28211700021.12,河北省,
8605,600.0,建投能源,2018-12-31,2018.0,13976286807.36,河北省,
8606,687.0,华讯方舟,2018-12-31,2018.0,1518129359.48,河北省,
8607,856.0,冀东装备,2018-12-31,2018.0,2031612232.05,河北省,
8608,2049.0,紫光国微,2018-12-31,2018.0,2458423475.06,河北省,
8609,2282.0,博深工具,2018-12-31,2018.0,1054038647.69,河北省,
8610,2459.0,天业通联,2018-12-31,2018.0,353524442.06,河北省,
8611,2603.0,以岭药业,2018-12-31,2018.0,4814557822.46,河北省,
8612,2691.0,冀凯股份,2018-12-31,2018.0,416629891.69,河北省,
8613,300137.0,先河环保,2018-12-31,2018.0,1374100144.47,河北省,
8614,300255.0,常山药业,2018-12-31,2018.0,1652633921.48,河北省,
8615,300368.0,汇金股份,2018-12-31,2018.0,827266152.45,河北省,
8616,300371.0,汇中股份,2018-12-31,2018.0,279765364.62,河北省,
8617,300491.0,通合科技,2018-12-31,2018.0,161987384.7,河北省,
8618,600149.0,ST 坊展,2018-12-31,2018.0,73130381.26,河北省,
8619,600550.0,保变电气,2018-12-31,2018.0,3186847122.86,河北省,
8620,600803.0,新奥股份,2018-12-31,2018.0,13632478995.19,河北省,
8621,600812.0,华北制药,2018-12-31,2018.0,9213775284.29,河北省,
8622,603050.0,科林电气,2018-12-31,2018.0,1220653826.19,河北省,
8623,603385.0,惠达卫浴,2018-12-31,2018.0,2900006368.37,河北省,
8624,835985.0,海泰新能,2018-12-31,2018.0,1135679318.22,河北省,
8625,,,,,121341807247.62,河北省 汇总,
8626,400.0,许继电气,2018-12-31,2018.0,8216558727.72,河南省,
8627,544.0,中原环保,2018-12-31,2018.0,1027015100.34,河南省,
8628,612.0,焦作万方,2018-12-31,2018.0,4908824941.55,河南省,
8629,933.0,神火股份,2018-12-31,2018.0,18834778175.89,河南省,
8630,949.0,新乡化纤,2018-12-31,2018.0,4494184745.66,河南省,
8631,1896.0,豫能控股,2018-12-31,2018.0,8081518818.0,河南省,
8632,2007.0,华兰生物,2018-12-31,2018.0,3216898722.53,河南省,
8633,2046.0,轴研科技,2018-12-31,2018.0,2065970260.05,河南省,
8634,2179.0,中航光电,2018-12-31,2018.0,7816018656.41,河南省,
8635,2189.0,利达光电,2018-12-31,2018.0,2583509097.04,河南省,
8636,2225.0,濮耐股份,2018-12-31,2018.0,3863095492.53,河南省,
8637,2296.0,辉煌科技,2018-12-31,2018.0,528708205.03,河南省,
8638,2358.0,森源电气,2018-12-31,2018.0,2700743662.53,河南省,
8639,2535.0,林州重机,2018-12-31,2018.0,2062576180.15,河南省,
8640,2560.0,通达股份,2018-12-31,2018.0,2398420310.67,河南省,
8641,2613.0,北玻股份,2018-12-31,2018.0,1015364800.87,河南省,
8642,2857.0,三晖电气,2018-12-31,2018.0,231420762.29,河南省,
8643,300007.0,汉威科技,2018-12-31,2018.0,1512330588.86,河南省,
8644,300064.0,豫金刚石,2018-12-31,2018.0,1240180825.52,河南省,
8645,300080.0,易成新能,2018-12-31,2018.0,2786296207.53,河南省,
8646,300179.0,四方达,2018-12-31,2018.0,376698026.76,河南省,
8647,300259.0,新天科技,2018-12-31,2018.0,855255354.73,河南省,
8648,300263.0,隆华科技,2018-12-31,2018.0,1611223403.74,河南省,
8649,300480.0,光力科技,2018-12-31,2018.0,253643840.51,河南省,
8650,300701.0,森霸传感,2018-12-31,2018.0,183296707.87,河南省,
8651,600172.0,黄河旋风,2018-12-31,2018.0,3165898900.03,河南省,
8652,600207.0,安彩高科,2018-12-31,2018.0,2133931250.35,河南省,
8653,600222.0,太龙药业,2018-12-31,2018.0,1194794347.49,河南省,
8654,600285.0,羚锐制药,2018-12-31,2018.0,2053113180.82,河南省,
8655,600312.0,平高电气,2018-12-31,2018.0,10816301273.24,河南省,
8656,600531.0,豫光金铅,2018-12-31,2018.0,19334190300.77,河南省,
8657,600595.0,中孚实业,2018-12-31,2018.0,11750627005.21,河南省,
8658,600810.0,神马股份,2018-12-31,2018.0,11153158281.97,河南省,
8659,600876.0,洛阳玻璃,2018-12-31,2018.0,1402748187.74,河南省,
8660,601038.0,一拖股份,2018-12-31,2018.0,5540998393.26,河南省,
8661,601608.0,中信重工,2018-12-31,2018.0,5200537403.55,河南省,
8662,601677.0,明泰铝业,2018-12-31,2018.0,13321580855.09,河南省,
8663,603566.0,普莱柯,2018-12-31,2018.0,608059265.46,河南省,
8664,603658.0,安图生物,2018-12-31,2018.0,1929676026.98,河南省,
8665,833580.0,科创新材,2018-12-31,2018.0,102442368.09,河南省,
8666,838971.0,天马新材,2018-12-31,2018.0,126103530.02,河南省,
8667,839725.0,惠丰钻石,2018-12-31,2018.0,146433797.26,河南省,
8668,,,,,172845125982.11,河南省 汇总,
8669,922.0,佳电股份,2018-12-31,2018.0,1948037921.02,黑龙江省,
8670,2437.0,誉衡药业,2018-12-31,2018.0,5481339828.22,黑龙江省,
8671,2698.0,博实股份,2018-12-31,2018.0,915574863.37,黑龙江省,
8672,2737.0,葵花药业,2018-12-31,2018.0,4471756277.47,黑龙江省,
8673,2900.0,哈三联,2018-12-31,2018.0,2172516438.89,黑龙江省,
8674,300040.0,九洲电气,2018-12-31,2018.0,1023786713.18,黑龙江省,
8675,300489.0,中飞股份,2018-12-31,2018.0,147054140.15,黑龙江省,
8676,600187.0,国中水务,2018-12-31,2018.0,467977075.14,黑龙江省,
8677,600202.0,*ST 哈空,2018-12-31,2018.0,768809146.14,黑龙江省,
8678,600664.0,哈药股份,2018-12-31,2018.0,10813613594.67,黑龙江省,
8679,600726.0,华电能源,2018-12-31,2018.0,9806529513.95,黑龙江省,
8680,601106.0,中国一重,2018-12-31,2018.0,10511383456.06,黑龙江省,
8681,603023.0,威帝股份,2018-12-31,2018.0,201998046.98,黑龙江省,
8682,603567.0,珍宝岛,2018-12-31,2018.0,2780909894.54,黑龙江省,
8683,,,,,51511286909.78,黑龙江省 汇总,
8684,670.0,盈方微,2018-12-31,2018.0,102577272.05,湖北省,
8685,678.0,襄阳轴承,2018-12-31,2018.0,1490778671.37,湖北省,
8686,821.0,京山轻机,2018-12-31,2018.0,2190691988.42,湖北省,
8687,852.0,石化机械,2018-12-31,2018.0,4918851756.01,湖北省,
8688,883.0,湖北能源,2018-12-31,2018.0,12288198297.28,湖北省,
8689,939.0,*ST 凯迪,2018-12-31,2018.0,2404119732.44,湖北省,
8690,952.0,广济药业,2018-12-31,2018.0,843830942.08,湖北省,
8691,966.0,长源电力,2018-12-31,2018.0,6562537391.17,湖北省,
8692,988.0,华工科技,2018-12-31,2018.0,5232838883.71,湖北省,
8693,2194.0,*ST 凡谷,2018-12-31,2018.0,1195078776.07,湖北省,
8694,2281.0,光迅科技,2018-12-31,2018.0,4929049262.27,湖北省,
8695,2365.0,永安药业,2018-12-31,2018.0,1005407832.48,湖北省,
8696,2414.0,高德红外,2018-12-31,2018.0,1083625698.98,湖北省,
8697,2861.0,瀛通通讯,2018-12-31,2018.0,896448419.64,湖北省,
8698,2932.0,明德生物,2018-12-31,2018.0,176381394.08,湖北省,
8699,2950.0,奥美医疗,2018-12-31,2018.0,2027512039.77,湖北省,
8700,300018.0,中元股份,2018-12-31,2018.0,376223052.83,湖北省,
8701,300046.0,台基股份,2018-12-31,2018.0,418108792.96,湖北省,
8702,300161.0,华中数控,2018-12-31,2018.0,819575843.82,湖北省,
8703,300205.0,天喻信息,2018-12-31,2018.0,2396986879.64,湖北省,
8704,300220.0,金运激光,2018-12-31,2018.0,212787605.82,湖北省,
8705,300276.0,三丰智能,2018-12-31,2018.0,1791911893.41,湖北省,
8706,300278.0,华昌达,2018-12-31,2018.0,2725476206.85,湖北省,
8707,300323.0,华灿光电,2018-12-31,2018.0,2731588112.04,湖北省,
8708,300395.0,菲利华,2018-12-31,2018.0,722097910.69,湖北省,
8709,300516.0,久之洋,2018-12-31,2018.0,466991188.49,湖北省,
8710,300527.0,中国应急,2018-12-31,2018.0,2653280225.4,湖北省,
8711,300557.0,理工光科,2018-12-31,2018.0,205113792.0,湖北省,
8712,300567.0,精测电子,2018-12-31,2018.0,1389509276.58,湖北省,
8713,300683.0,海特生物,2018-12-31,2018.0,590873499.47,湖北省,
8714,300747.0,锐科激光,2018-12-31,2018.0,1462026640.5,湖北省,
8715,430198.0,微创光电,2018-12-31,2018.0,152563230.05,湖北省,
8716,600079.0,人福医药,2018-12-31,2018.0,18910551303.63,湖北省,
8717,600168.0,武汉控股,2018-12-31,2018.0,1451353305.32,湖北省,
8718,600184.0,光电股份,2018-12-31,2018.0,2422314540.07,湖北省,
8719,600260.0,凯乐科技,2018-12-31,2018.0,16957836735.74,湖北省,
8720,600293.0,三峡新材,2018-12-31,2018.0,9422187957.03,湖北省,
8721,600345.0,长江通信,2018-12-31,2018.0,147704241.34,湖北省,
8722,600355.0,精伦电子,2018-12-31,2018.0,397762506.41,湖北省,
8723,600421.0,ST 仰帆,2018-12-31,2018.0,1002704.24,湖北省,
8724,600498.0,烽火通信,2018-12-31,2018.0,24235238780.87,湖北省,
8725,600566.0,济川药业,2018-12-31,2018.0,7208205788.59,湖北省,
8726,600568.0,中珠医疗,2018-12-31,2018.0,572861387.91,湖北省,
8727,600681.0,百川能源,2018-12-31,2018.0,4752571155.6,湖北省,
8728,600703.0,三安光电,2018-12-31,2018.0,8364374225.51,湖北省,
8729,600745.0,闻泰科技,2018-12-31,2018.0,17335108186.05,湖北省,
8730,600769.0,祥龙电业,2018-12-31,2018.0,37323423.81,湖北省,
8731,600801.0,华新水泥,2018-12-31,2018.0,27466044481.0,湖北省,
8732,600879.0,航天电子,2018-12-31,2018.0,13530149780.45,湖北省,
8733,600885.0,宏发股份,2018-12-31,2018.0,6879774007.07,湖北省,
8734,600993.0,马应龙,2018-12-31,2018.0,2197507493.54,湖北省,
8735,601311.0,骆驼股份,2018-12-31,2018.0,9223771198.21,湖北省,
8736,601869.0,长飞光纤,2018-12-31,2018.0,11359764086.0,湖北省,
8737,603738.0,泰晶科技,2018-12-31,2018.0,611299588.85,湖北省,
8738,835237.0,力佳科技,2018-12-31,2018.0,189489260.84,湖北省,
8739,836942.0,恒立钻具,2018-12-31,2018.0,111566234.38,湖北省,
8740,838670.0,恒进感应,2018-12-31,2018.0,42404686.65,湖北省,
8741,900956.0,东贝B股,2018-12-31,2018.0,4273603379.98,湖北省,
8742,,,,,254564812947.46,湖北省 汇总,
8743,157.0,中联重科,2018-12-31,2018.0,28696542909.99,湖南省,
8744,519.0,中兵红箭,2018-12-31,2018.0,4953589010.35,湖南省,
8745,590.0,启迪古汉,2018-12-31,2018.0,185811015.56,湖南省,
8746,622.0,恒立实业,2018-12-31,2018.0,195407098.34,湖南省,
8747,722.0,湖南发展,2018-12-31,2018.0,266711374.85,湖南省,
8748,908.0,景峰医药,2018-12-31,2018.0,2585696901.89,湖南省,
8749,989.0,九芝堂,2018-12-31,2018.0,3162109003.02,湖南省,
8750,2097.0,山河智能,2018-12-31,2018.0,5755520522.14,湖南省,
8751,2297.0,博云新材,2018-12-31,2018.0,509392795.83,湖南省,
8752,2412.0,汉森制药,2018-12-31,2018.0,921949823.75,湖南省,
8753,2452.0,长高集团,2018-12-31,2018.0,1053322278.78,湖南省,
8754,2523.0,天桥起重,2018-12-31,2018.0,1406078148.16,湖南省,
8755,2533.0,金杯电工,2018-12-31,2018.0,4738939260.73,湖南省,
8756,2716.0,金贵银业,2018-12-31,2018.0,10656583961.06,湖南省,
8757,2848.0,高斯贝尔,2018-12-31,2018.0,790957048.81,湖南省,
8758,2879.0,长缆科技,2018-12-31,2018.0,694744918.22,湖南省,
8759,2892.0,科力尔,2018-12-31,2018.0,720920717.25,湖南省,
8760,2903.0,宇环数控,2018-12-31,2018.0,199746726.16,湖南省,
8761,2913.0,奥士康,2018-12-31,2018.0,2234865332.32,湖南省,
8762,2943.0,宇晶股份,2018-12-31,2018.0,405134074.49,湖南省,
8763,300035.0,中科电气,2018-12-31,2018.0,619320062.27,湖南省,
8764,300216.0,千山药机,2018-12-31,2018.0,200830987.71,湖南省,
8765,300267.0,尔康制药,2018-12-31,2018.0,2354485579.21,湖南省,
8766,300298.0,三诺生物,2018-12-31,2018.0,1550513374.21,湖南省,
8767,300358.0,楚天科技,2018-12-31,2018.0,1631790560.65,湖南省,
8768,300433.0,蓝思科技,2018-12-31,2018.0,27717496839.46,湖南省,
8769,300474.0,景嘉微,2018-12-31,2018.0,397217860.12,湖南省,
8770,300490.0,华自科技,2018-12-31,2018.0,1379966749.07,湖南省,
8771,300515.0,三德科技,2018-12-31,2018.0,254085675.41,湖南省,
8772,300672.0,国科微,2018-12-31,2018.0,400107744.17,湖南省,
8773,300700.0,岱勒新材,2018-12-31,2018.0,329990810.85,湖南省,
8774,300705.0,九典制药,2018-12-31,2018.0,801375318.24,湖南省,
8775,300726.0,宏达电子,2018-12-31,2018.0,636314595.16,湖南省,
8776,600031.0,三一重工,2018-12-31,2018.0,55821504000.0,湖南省,
8777,600416.0,湘电股份,2018-12-31,2018.0,6199039073.31,湖南省,
8778,600478.0,科力远,2018-12-31,2018.0,1892632403.82,湖南省,
8779,600479.0,千金药业,2018-12-31,2018.0,3328553963.17,湖南省,
8780,600744.0,华银电力,2018-12-31,2018.0,9589500819.09,湖南省,
8781,600961.0,株冶集团,2018-12-31,2018.0,13008429316.13,湖南省,
8782,600969.0,郴电国际,2018-12-31,2018.0,2743827984.8,湖南省,
8783,601636.0,旗滨集团,2018-12-31,2018.0,8378307426.77,湖南省,
8784,603989.0,艾华集团,2018-12-31,2018.0,2165573917.78,湖南省,
8785,603998.0,方盛制药,2018-12-31,2018.0,1051077419.87,湖南省,
8786,835174.0,五新隧装,2018-12-31,2018.0,360530135.39,湖南省,
8787,,,,,212946495538.36,湖南省 汇总,
8788,420.0,吉林化纤,2018-12-31,2018.0,2562401716.87,吉林省,
8789,623.0,吉林敖东,2018-12-31,2018.0,3324078265.78,吉林省,
8790,661.0,长春高新,2018-12-31,2018.0,5374994708.31,吉林省,
8791,669.0,金鸿控股,2018-12-31,2018.0,4429024624.23,吉林省,
8792,766.0,通化金马,2018-12-31,2018.0,2094549374.9,吉林省,
8793,875.0,吉电股份,2018-12-31,2018.0,7301107308.38,吉林省,
8794,2118.0,紫鑫药业,2018-12-31,2018.0,1324961112.13,吉林省,
8795,2338.0,奥普光电,2018-12-31,2018.0,384765405.52,吉林省,
8796,2501.0,利源精制,2018-12-31,2018.0,477864461.39,吉林省,
8797,2566.0,益盛药业,2018-12-31,2018.0,975088200.72,吉林省,
8798,2622.0,融钰集团,2018-12-31,2018.0,422405637.01,吉林省,
8799,300108.0,吉药控股,2018-12-31,2018.0,942251629.65,吉林省,
8800,300396.0,迪瑞医疗,2018-12-31,2018.0,933418597.77,吉林省,
8801,300510.0,金冠股份,2018-12-31,2018.0,1241960602.36,吉林省,
8802,600110.0,诺德股份,2018-12-31,2018.0,2321436793.97,吉林省,
8803,600333.0,长春燃气,2018-12-31,2018.0,1568483156.13,吉林省,
8804,600360.0,华微电子,2018-12-31,2018.0,1709262283.67,吉林省,
8805,600856.0,中天能源,2018-12-31,2018.0,3425810666.3,吉林省,
8806,600867.0,通化东宝,2018-12-31,2018.0,2692927482.97,吉林省,
8807,600881.0,亚泰集团,2018-12-31,2018.0,14128388894.67,吉林省,
8808,836077.0,吉林碳谷,2018-12-31,2018.0,228430939.92,吉林省,
8809,,,,,57863611862.65,吉林省 汇总,
8810,301.0,东方盛虹,2018-12-31,2018.0,18440216490.64,江苏省,
8811,418.0,小天鹅A,2018-12-31,2018.0,23636929478.33,江苏省,
8812,421.0,南京公用,2018-12-31,2018.0,3507914294.81,江苏省,
8813,425.0,徐工机械,2018-12-31,2018.0,44410005648.37,江苏省,
8814,518.0,四环生物,2018-12-31,2018.0,395514079.67,江苏省,
8815,570.0,苏常柴A,2018-12-31,2018.0,2139272523.92,江苏省,
8816,727.0,华东科技,2018-12-31,2018.0,5702781523.33,江苏省,
8817,777.0,中核科技,2018-12-31,2018.0,1226310462.97,江苏省,
8818,816.0,*ST 慧业,2018-12-31,2018.0,1527839775.55,江苏省,
8819,919.0,金陵药业,2018-12-31,2018.0,2899079022.11,江苏省,
8820,936.0,华西股份,2018-12-31,2018.0,2932193943.42,江苏省,
8821,2009.0,天奇股份,2018-12-31,2018.0,3502762534.57,江苏省,
8822,2015.0,霞客环保,2018-12-31,2018.0,471813617.21,江苏省,
8823,2074.0,国轩高科,2018-12-31,2018.0,5126995193.56,江苏省,
8824,2077.0,大港股份,2018-12-31,2018.0,1689944001.25,江苏省,
8825,2079.0,苏州固锝,2018-12-31,2018.0,1885325487.13,江苏省,
8826,2080.0,中材科技,2018-12-31,2018.0,11446869453.23,江苏省,
8827,2089.0,新海宜,2018-12-31,2018.0,766336584.63,江苏省,
8828,2090.0,金智科技,2018-12-31,2018.0,1675905200.32,江苏省,
8829,2104.0,恒宝股份,2018-12-31,2018.0,947488018.77,江苏省,
8830,2156.0,通富微电,2018-12-31,2018.0,7222862993.75,江苏省,
8831,2160.0,常铝股份,2018-12-31,2018.0,4137649981.51,江苏省,
8832,2172.0,澳洋健康,2018-12-31,2018.0,4710672876.03,江苏省,
8833,2182.0,云海金属,2018-12-31,2018.0,5101052369.75,江苏省,
8834,2201.0,九鼎新材,2018-12-31,2018.0,1071042430.16,江苏省,
8835,2223.0,鱼跃医疗,2018-12-31,2018.0,4183391623.06,江苏省,
8836,2245.0,澳洋顺昌,2018-12-31,2018.0,4255130590.57,江苏省,
8837,2255.0,海陆重工,2018-12-31,2018.0,1950903081.84,江苏省,
8838,2262.0,恩华药业,2018-12-31,2018.0,3858168590.56,江苏省,
8839,2290.0,中科新材,2018-12-31,2018.0,1734274869.5,江苏省,
8840,2309.0,中利集团,2018-12-31,2018.0,15069554852.15,江苏省,
8841,2333.0,罗普斯金,2018-12-31,2018.0,1102974424.76,江苏省,
8842,2349.0,精华制药,2018-12-31,2018.0,1354705881.53,江苏省,
8843,2367.0,康力电梯,2018-12-31,2018.0,3091835824.97,江苏省,
8844,2384.0,东山精密,2018-12-31,2018.0,19825420035.39,江苏省,
8845,2411.0,延安必康,2018-12-31,2018.0,8446807320.21,江苏省,
8846,2413.0,雷科防务,2018-12-31,2018.0,994005467.25,江苏省,
8847,2426.0,胜利精密,2018-12-31,2018.0,17279428637.03,江苏省,
8848,2435.0,长江润发,2018-12-31,2018.0,4673757033.51,江苏省,
8849,2438.0,江苏神通,2018-12-31,2018.0,1087464010.13,江苏省,
8850,2463.0,沪电股份,2018-12-31,2018.0,5496885226.0,江苏省,
8851,2471.0,中超控股,2018-12-31,2018.0,7634175411.3,江苏省,
8852,2483.0,润邦股份,2018-12-31,2018.0,1960503136.63,江苏省,
8853,2484.0,江海股份,2018-12-31,2018.0,1960699029.18,江苏省,
8854,2491.0,通鼎互联,2018-12-31,2018.0,4325428777.14,江苏省,
8855,2499.0,科林环保,2018-12-31,2018.0,82563937.2,江苏省,
8856,2519.0,银河电子,2018-12-31,2018.0,1519303288.06,江苏省,
8857,2531.0,天顺风能,2018-12-31,2018.0,3701904594.98,江苏省,
8858,2540.0,亚太科技,2018-12-31,2018.0,3590027510.59,江苏省,
8859,2546.0,新联电子,2018-12-31,2018.0,706714962.45,江苏省,
8860,2550.0,千红制药,2018-12-31,2018.0,1321678623.75,江苏省,
8861,2553.0,南方轴承,2018-12-31,2018.0,393062821.8,江苏省,
8862,2559.0,亚威股份,2018-12-31,2018.0,1532884430.19,江苏省,
8863,2576.0,通达动力,2018-12-31,2018.0,1155277695.03,江苏省,
8864,2608.0,江苏国信,2018-12-31,2018.0,21004962896.12,江苏省,
8865,2610.0,爱康科技,2018-12-31,2018.0,4842707329.51,江苏省,
8866,2623.0,亚玛顿,2018-12-31,2018.0,1530350704.07,江苏省,
8867,2635.0,安洁科技,2018-12-31,2018.0,3554259001.14,江苏省,
8868,2645.0,华宏科技,2018-12-31,2018.0,1915918137.18,江苏省,
8869,2685.0,华东重机,2018-12-31,2018.0,9947593998.92,江苏省,
8870,2692.0,睿康股份,2018-12-31,2018.0,3000003943.71,江苏省,
8871,2747.0,埃斯顿,2018-12-31,2018.0,1461024578.26,江苏省,
8872,2796.0,世嘉科技,2018-12-31,2018.0,1279907776.04,江苏省,
8873,2808.0,恒久科技,2018-12-31,2018.0,318813645.89,江苏省,
8874,2866.0,传艺科技,2018-12-31,2018.0,1143027794.38,江苏省,
8875,2877.0,智能自控,2018-12-31,2018.0,376051123.22,江苏省,
8876,2947.0,恒铭达,2018-12-31,2018.0,500650252.34,江苏省,
8877,200468.0,宁通信B,2018-12-31,2018.0,1635150715.93,江苏省,
8878,300029.0,天龙光电,2018-12-31,2018.0,9576609.27,江苏省,
8879,300091.0,金通灵,2018-12-31,2018.0,1388243545.47,江苏省,
8880,300128.0,锦富技术,2018-12-31,2018.0,2564248851.87,江苏省,
8881,300141.0,和顺电气,2018-12-31,2018.0,754696856.55,江苏省,
8882,300160.0,秀强股份,2018-12-31,2018.0,1400690104.97,江苏省,
8883,300165.0,天瑞仪器,2018-12-31,2018.0,1024121245.36,江苏省,
8884,300196.0,长海股份,2018-12-31,2018.0,2197941703.39,江苏省,
8885,300201.0,海伦哲,2018-12-31,2018.0,1639394185.5,江苏省,
8886,300211.0,亿通科技,2018-12-31,2018.0,127934551.61,江苏省,
8887,300217.0,东方电热,2018-12-31,2018.0,2239373763.89,江苏省,
8888,300228.0,富瑞特装,2018-12-31,2018.0,1445418704.54,江苏省,
8889,300260.0,新莱应材,2018-12-31,2018.0,1174670844.89,江苏省,
8890,300265.0,通光线缆,2018-12-31,2018.0,1606941898.09,江苏省,
8891,300279.0,和晶科技,2018-12-31,2018.0,1271960785.75,江苏省,
8892,300331.0,苏大维格,2018-12-31,2018.0,1135014006.46,江苏省,
8893,300337.0,银邦股份,2018-12-31,2018.0,1928399979.87,江苏省,
8894,300342.0,天银机电,2018-12-31,2018.0,745747569.1,江苏省,
8895,300346.0,南大光电,2018-12-31,2018.0,228174901.45,江苏省,
8896,300354.0,东华测试,2018-12-31,2018.0,134196991.5,江苏省,
8897,300356.0,光一科技,2018-12-31,2018.0,435931413.33,江苏省,
8898,300373.0,扬杰科技,2018-12-31,2018.0,1851783480.24,江苏省,
8899,300382.0,斯莱克,2018-12-31,2018.0,739366092.14,江苏省,
8900,300385.0,雪浪环境,2018-12-31,2018.0,959725568.12,江苏省,
8901,300390.0,天华超净,2018-12-31,2018.0,778359980.85,江苏省,
8902,300393.0,中来股份,2018-12-31,2018.0,2691837885.37,江苏省,
8903,300394.0,天孚通信,2018-12-31,2018.0,442889123.36,江苏省,
8904,300402.0,宝色股份,2018-12-31,2018.0,713834462.37,江苏省,
8905,300420.0,五洋停车,2018-12-31,2018.0,1002076417.42,江苏省,
8906,300421.0,力星股份,2018-12-31,2018.0,706278034.03,江苏省,
8907,300447.0,全信股份,2018-12-31,2018.0,647991537.74,江苏省,
8908,300450.0,先导智能,2018-12-31,2018.0,3890034989.26,江苏省,
8909,300466.0,赛摩电气,2018-12-31,2018.0,429832554.62,江苏省,
8910,300509.0,新美星,2018-12-31,2018.0,556488724.8,江苏省,
8911,300549.0,优德精密,2018-12-31,2018.0,380943147.27,江苏省,
8912,300554.0,三超新材,2018-12-31,2018.0,333447288.51,江苏省,
8913,300555.0,路通视信,2018-12-31,2018.0,338794993.23,江苏省,
8914,300563.0,神宇股份,2018-12-31,2018.0,370194278.53,江苏省,
8915,300584.0,海辰药业,2018-12-31,2018.0,711907833.07,江苏省,
8916,300617.0,安靠智电,2018-12-31,2018.0,320070653.13,江苏省,
8917,300618.0,寒锐钴业,2018-12-31,2018.0,2782467462.38,江苏省,
8918,300623.0,捷捷微电,2018-12-31,2018.0,537470873.08,江苏省,
8919,300631.0,久吾高科,2018-12-31,2018.0,472405817.98,江苏省,
8920,300660.0,江苏雷利,2018-12-31,2018.0,2248933163.15,江苏省,
8921,300670.0,大烨智能,2018-12-31,2018.0,355366687.26,江苏省,
8922,300694.0,蠡湖股份,2018-12-31,2018.0,1119947778.83,江苏省,
8923,300697.0,电工合金,2018-12-31,2018.0,1411690507.76,江苏省,
8924,300707.0,威唐工业,2018-12-31,2018.0,508865497.52,江苏省,
8925,300708.0,聚灿光电,2018-12-31,2018.0,558718920.84,江苏省,
8926,300709.0,精研科技,2018-12-31,2018.0,882313496.07,江苏省,
8927,300715.0,凯伦股份,2018-12-31,2018.0,619307792.59,江苏省,
8928,300751.0,迈为股份,2018-12-31,2018.0,787861352.48,江苏省,
8929,300753.0,爱朋医疗,2018-12-31,2018.0,298033812.31,江苏省,
8930,300757.0,罗博特科,2018-12-31,2018.0,658584896.13,江苏省,
8931,430418.0,苏轴股份,2018-12-31,2018.0,412152414.37,江苏省,
8932,600074.0,*ST 保千,2018-12-31,2018.0,146448045.62,江苏省,
8933,600105.0,永鼎股份,2018-12-31,2018.0,3221253190.8,江苏省,
8934,600200.0,江苏吴中,2018-12-31,2018.0,1701627607.6,江苏省,
8935,600268.0,国电南自,2018-12-31,2018.0,4931073082.6,江苏省,
8936,600276.0,恒瑞医药,2018-12-31,2018.0,17417901050.02,江苏省,
8937,600401.0,*ST 海润,2018-12-31,2018.0,878320670.82,江苏省,
8938,600481.0,双良节能,2018-12-31,2018.0,2505072192.0,江苏省,
8939,600487.0,亨通光电,2018-12-31,2018.0,29995451264.75,江苏省,
8940,600513.0,联环药业,2018-12-31,2018.0,1019238732.07,江苏省,
8941,600522.0,中天科技,2018-12-31,2018.0,33923561491.93,江苏省,
8942,600527.0,江南高纤,2018-12-31,2018.0,1371556562.95,江苏省,
8943,600557.0,康缘药业,2018-12-31,2018.0,3823804735.39,江苏省,
8944,600562.0,国睿科技,2018-12-31,2018.0,1043296694.49,江苏省,
8945,600584.0,长电科技,2018-12-31,2018.0,23856487366.62,江苏省,
8946,600775.0,南京熊猫,2018-12-31,2018.0,4500505653.14,江苏省,
8947,600854.0,春兰股份,2018-12-31,2018.0,659772689.74,江苏省,
8948,600889.0,南京化纤,2018-12-31,2018.0,990541946.83,江苏省,
8949,600973.0,宝胜股份,2018-12-31,2018.0,32184404083.45,江苏省,
8950,601100.0,恒立液压,2018-12-31,2018.0,4210975401.85,江苏省,
8951,601199.0,江南水务,2018-12-31,2018.0,898546075.62,江苏省,
8952,601218.0,吉鑫科技,2018-12-31,2018.0,1268669773.61,江苏省,
8953,601222.0,林洋能源,2018-12-31,2018.0,4016739559.85,江苏省,
8954,601388.0,怡球资源,2018-12-31,2018.0,6296541933.75,江苏省,
8955,603005.0,晶方科技,2018-12-31,2018.0,566233702.35,江苏省,
8956,603016.0,新宏泰,2018-12-31,2018.0,415906263.85,江苏省,
8957,603036.0,如通股份,2018-12-31,2018.0,240610810.59,江苏省,
8958,603042.0,华脉科技,2018-12-31,2018.0,1030146064.7,江苏省,
8959,603090.0,宏盛股份,2018-12-31,2018.0,415142927.25,江苏省,
8960,603133.0,碳元科技,2018-12-31,2018.0,542107264.87,江苏省,
8961,603185.0,上机数控,2018-12-31,2018.0,684124612.26,江苏省,
8962,603203.0,快克股份,2018-12-31,2018.0,432408066.62,江苏省,
8963,603269.0,海鸥股份,2018-12-31,2018.0,603746269.82,江苏省,
8964,603283.0,赛腾股份,2018-12-31,2018.0,904386416.95,江苏省,
8965,603332.0,苏州龙杰,2018-12-31,2018.0,1743282499.92,江苏省,
8966,603339.0,四方科技,2018-12-31,2018.0,1230537181.8,江苏省,
8967,603351.0,威尔药业,2018-12-31,2018.0,801451310.17,江苏省,
8968,603355.0,莱克电气,2018-12-31,2018.0,5863824291.69,江苏省,
8969,603366.0,日出东方,2018-12-31,2018.0,3176685990.18,江苏省,
8970,603380.0,易德龙,2018-12-31,2018.0,951181810.6,江苏省,
8971,603387.0,基蛋生物,2018-12-31,2018.0,686238289.66,江苏省,
8972,603416.0,信捷电气,2018-12-31,2018.0,590380206.48,江苏省,
8973,603486.0,科沃斯,2018-12-31,2018.0,5693656085.99,江苏省,
8974,603488.0,展鹏科技,2018-12-31,2018.0,314470889.05,江苏省,
8975,603507.0,振江股份,2018-12-31,2018.0,979934731.76,江苏省,
8976,603519.0,立霸股份,2018-12-31,2018.0,1282678654.2,江苏省,
8977,603528.0,多伦科技,2018-12-31,2018.0,550103603.12,江苏省,
8978,603660.0,苏州科达,2018-12-31,2018.0,2453638455.18,江苏省,
8979,603666.0,亿嘉和,2018-12-31,2018.0,505108743.46,江苏省,
8980,603688.0,石英股份,2018-12-31,2018.0,633297424.37,江苏省,
8981,603693.0,江苏新能,2018-12-31,2018.0,1472814118.29,江苏省,
8982,603699.0,纽威股份,2018-12-31,2018.0,2780896901.12,江苏省,
8983,603707.0,健友股份,2018-12-31,2018.0,1700330667.14,江苏省,
8984,603800.0,道森股份,2018-12-31,2018.0,1169304871.02,江苏省,
8985,603819.0,神力股份,2018-12-31,2018.0,953298756.16,江苏省,
8986,603829.0,洛凯股份,2018-12-31,2018.0,560128560.52,江苏省,
8987,603876.0,鼎胜新材,2018-12-31,2018.0,10291373909.97,江苏省,
8988,603880.0,南卫股份,2018-12-31,2018.0,479823815.86,江苏省,
8989,603890.0,春秋电子,2018-12-31,2018.0,1774607107.22,江苏省,
8990,603912.0,佳力图,2018-12-31,2018.0,534724545.37,江苏省,
8991,603966.0,法兰泰克,2018-12-31,2018.0,763731766.5,江苏省,
8992,603988.0,中电电机,2018-12-31,2018.0,428538145.45,江苏省,
8993,830946.0,森萱医药,2018-12-31,2018.0,384977630.24,江苏省,
8994,831641.0,格利尔,2018-12-31,2018.0,400795698.83,江苏省,
8995,832278.0,鹿得医疗,2018-12-31,2018.0,293892561.86,江苏省,
8996,832662.0,方盛股份,2018-12-31,2018.0,183409492.48,江苏省,
8997,832735.0,德源药业,2018-12-31,2018.0,256077150.69,江苏省,
8998,833509.0,同惠电子,2018-12-31,2018.0,91819136.0,江苏省,
8999,833914.0,远航精密,2018-12-31,2018.0,364197849.56,江苏省,
9000,834014.0,特瑞斯,2018-12-31,2018.0,404955630.95,江苏省,
9001,836149.0,旭杰科技,2018-12-31,2018.0,144020693.58,江苏省,
9002,837046.0,亿能电力,2018-12-31,2018.0,87050876.02,江苏省,
9003,839167.0,同享科技,2018-12-31,2018.0,348819656.83,江苏省,
9004,870299.0,灿能电力,2018-12-31,2018.0,82160792.42,江苏省,
9005,871245.0,威博液压,2018-12-31,2018.0,167502219.76,江苏省,
9006,871396.0,常辅股份,2018-12-31,2018.0,216580075.14,江苏省,
9007,,,,,628835692599.5,江苏省 汇总,
9008,404.0,长虹华意,2018-12-31,2018.0,8910813202.13,江西省,
9009,650.0,仁和药业,2018-12-31,2018.0,4403423474.63,江西省,
9010,789.0,万年青,2018-12-31,2018.0,10207518618.52,江西省,
9011,899.0,赣能股份,2018-12-31,2018.0,2567638500.78,江西省,
9012,2176.0,江特电机,2018-12-31,2018.0,2949393296.31,江西省,
9013,2378.0,章源钨业,2018-12-31,2018.0,1869256045.61,江西省,
9014,2460.0,赣锋锂业,2018-12-31,2018.0,5003882888.26,江西省,
9015,300066.0,三川智慧,2018-12-31,2018.0,687188055.84,江西省,
9016,300095.0,华伍股份,2018-12-31,2018.0,925290768.03,江西省,
9017,300294.0,博雅生物,2018-12-31,2018.0,2387519494.86,江西省,
9018,300453.0,三鑫医疗,2018-12-31,2018.0,531302358.82,江西省,
9019,300497.0,富祥股份,2018-12-31,2018.0,1163433590.29,江西省,
9020,300636.0,同和药业,2018-12-31,2018.0,267124046.23,江西省,
9021,300748.0,金力永磁,2018-12-31,2018.0,1289339875.43,江西省,
9022,600071.0,凤凰光学,2018-12-31,2018.0,777759621.95,江西省,
9023,600362.0,江西铜业,2018-12-31,2018.0,215289866760.0,江西省,
9024,600363.0,联创光电,2018-12-31,2018.0,3445562477.86,江西省,
9025,600461.0,洪城水业,2018-12-31,2018.0,4377751056.23,江西省,
9026,600590.0,泰豪科技,2018-12-31,2018.0,6127385118.49,江西省,
9027,600750.0,江中药业,2018-12-31,2018.0,1755229022.31,江西省,
9028,603773.0,沃格光电,2018-12-31,2018.0,699797355.42,江西省,
9029,,,,,275636475628.0,江西省 汇总,
9030,410.0,沈阳机床,2018-12-31,2018.0,5014891507.55,辽宁省,
9031,530.0,大冷股份,2018-12-31,2018.0,1966064612.44,辽宁省,
9032,585.0,*ST 东电,2018-12-31,2018.0,32311485.1,辽宁省,
9033,597.0,东北制药,2018-12-31,2018.0,7466555237.42,辽宁省,
9034,633.0,合金投资,2018-12-31,2018.0,111081751.13,辽宁省,
9035,692.0,惠天热电,2018-12-31,2018.0,1908428573.55,辽宁省,
9036,751.0,锌业股份,2018-12-31,2018.0,8357636178.18,辽宁省,
9037,2204.0,大连重工,2018-12-31,2018.0,6571486482.4,辽宁省,
9038,2231.0,奥维通信,2018-12-31,2018.0,247528361.93,辽宁省,
9039,2606.0,大连电瓷,2018-12-31,2018.0,603891650.0,辽宁省,
9040,2667.0,鞍重股份,2018-12-31,2018.0,184999686.43,辽宁省,
9041,2689.0,远大智能,2018-12-31,2018.0,1234810702.22,辽宁省,
9042,200706.0,瓦轴B,2018-12-31,2018.0,2168398656.83,辽宁省,
9043,300024.0,机器人,2018-12-31,2018.0,3094726945.21,辽宁省,
9044,300097.0,智云股份,2018-12-31,2018.0,975900111.12,辽宁省,
9045,300125.0,易世达,2018-12-31,2018.0,152256568.07,辽宁省,
9046,300202.0,聚龙股份,2018-12-31,2018.0,622742428.32,辽宁省,
9047,300210.0,森远股份,2018-12-31,2018.0,373316060.43,辽宁省,
9048,300293.0,蓝英装备,2018-12-31,2018.0,1727457014.96,辽宁省,
9049,300473.0,德尔股份,2018-12-31,2018.0,3820841805.38,辽宁省,
9050,300573.0,兴齐眼药,2018-12-31,2018.0,431204722.02,辽宁省,
9051,600167.0,联美控股,2018-12-31,2018.0,3037023688.1,辽宁省,
9052,600241.0,时代万恒,2018-12-31,2018.0,814732443.05,辽宁省,
9053,600346.0,恒力股份,2018-12-31,2018.0,60067255171.95,辽宁省,
9054,600396.0,金山股份,2018-12-31,2018.0,7137514095.15,辽宁省,
9055,600719.0,大连热电,2018-12-31,2018.0,730810808.13,辽宁省,
9056,600795.0,国电电力,2018-12-31,2018.0,65489652035.74,辽宁省,
9057,603315.0,福鞍股份,2018-12-31,2018.0,335359967.73,辽宁省,
9058,603318.0,派思股份,2018-12-31,2018.0,422629939.15,辽宁省,
9059,603396.0,金辰股份,2018-12-31,2018.0,756328033.16,辽宁省,
9060,603399.0,吉翔股份,2018-12-31,2018.0,3730381317.89,辽宁省,
9061,835368.0,连城数控,2018-12-31,2018.0,1053212312.26,辽宁省,
9062,838810.0,春光药装,2018-12-31,2018.0,80909971.69,辽宁省,
9063,,,,,190722340324.69,辽宁省 汇总,
9064,2688.0,金河生物,2018-12-31,2018.0,1628890098.36,内蒙古自治区,
9065,300049.0,福瑞股份,2018-12-31,2018.0,867029327.88,内蒙古自治区,
9066,300239.0,东宝生物,2018-12-31,2018.0,452748251.38,内蒙古自治区,
9067,600111.0,北方稀土,2018-12-31,2018.0,13954719015.31,内蒙古自治区,
9068,600201.0,生物股份,2018-12-31,2018.0,1896608630.19,内蒙古自治区,
9069,600262.0,北方股份,2018-12-31,2018.0,1195591713.63,内蒙古自治区,
9070,600863.0,内蒙华电,2018-12-31,2018.0,13743061153.71,内蒙古自治区,
9071,836433.0,大唐药业,2018-12-31,2018.0,168502549.2,内蒙古自治区,
9072,,,,,33907150739.66,内蒙古自治区 汇总,
9073,595.0,宝塔实业,2018-12-31,2018.0,432317736.74,宁夏回族自治区,
9074,862.0,银星能源,2018-12-31,2018.0,1194889968.52,宁夏回族自治区,
9075,962.0,东方钽业,2018-12-31,2018.0,1095458919.5,宁夏回族自治区,
9076,2457.0,青龙管业,2018-12-31,2018.0,1439705218.49,宁夏回族自治区,
9077,600449.0,宁夏建材,2018-12-31,2018.0,4173075725.21,宁夏回族自治区,
9078,601619.0,嘉泽新能,2018-12-31,2018.0,1069087657.45,宁夏回族自治区,
9079,831010.0,凯添燃气,2018-12-31,2018.0,293633053.8,宁夏回族自治区,
9080,,,,,9698168279.71,宁夏回族自治区 汇总,
9081,600243.0,青海华鼎,2018-12-31,2018.0,763513327.68,青海省,
9082,600771.0,广誉远,2018-12-31,2018.0,1294371310.64,青海省,
9083,600869.0,智慧能源,2018-12-31,2018.0,17511560177.85,青海省,
9084,,,,,19569444816.17,青海省 汇总,
9085,407.0,胜利股份,2018-12-31,2018.0,4675800100.3,山东省,
9086,423.0,东阿阿胶,2018-12-31,2018.0,7338316223.18,山东省,
9087,677.0,恒天海龙,2018-12-31,2018.0,706819759.09,山东省,
9088,680.0,山推股份,2018-12-31,2018.0,8001726234.6,山东省,
9089,739.0,普洛药业,2018-12-31,2018.0,6376400638.55,山东省,
9090,756.0,新华制药,2018-12-31,2018.0,5207868838.88,山东省,
9091,811.0,冰轮环境,2018-12-31,2018.0,3606442563.49,山东省,
9092,880.0,潍柴重机,2018-12-31,2018.0,2368019051.86,山东省,
9093,915.0,山大华特,2018-12-31,2018.0,1526231270.06,山东省,
9094,977.0,浪潮信息,2018-12-31,2018.0,46940820299.58,山东省,
9095,2073.0,软控股份,2018-12-31,2018.0,2760999108.27,山东省,
9096,2088.0,鲁阳节能,2018-12-31,2018.0,1842370172.9,山东省,
9097,2107.0,沃华医药,2018-12-31,2018.0,774415740.26,山东省,
9098,2111.0,威海广泰,2018-12-31,2018.0,2187196557.48,山东省,
9099,2217.0,合力泰,2018-12-31,2018.0,16904353305.99,山东省,
9100,2237.0,恒邦股份,2018-12-31,2018.0,21200957294.27,山东省,
9101,2241.0,歌尔股份,2018-12-31,2018.0,23750587785.28,山东省,
9102,2242.0,九阳股份,2018-12-31,2018.0,8168708704.23,山东省,
9103,2248.0,华东数控,2018-12-31,2018.0,83084147.63,山东省,
9104,2254.0,泰和新材,2018-12-31,2018.0,2172478781.37,山东省,
9105,2270.0,华明装备,2018-12-31,2018.0,1159474684.94,山东省,
9106,2339.0,积成电子,2018-12-31,2018.0,1961886218.2,山东省,
9107,2353.0,杰瑞股份,2018-12-31,2018.0,4596771206.86,山东省,
9108,2376.0,新北洋,2018-12-31,2018.0,2635195628.05,山东省,
9109,2379.0,宏创控股,2018-12-31,2018.0,1517668591.13,山东省,
9110,2382.0,蓝帆医疗,2018-12-31,2018.0,2653120079.16,山东省,
9111,2490.0,山东墨龙,2018-12-31,2018.0,4452014810.12,山东省,
9112,2498.0,汉缆股份,2018-12-31,2018.0,5568183760.11,山东省,
9113,2526.0,山东矿机,2018-12-31,2018.0,1874122633.81,山东省,
9114,2537.0,海联金汇,2018-12-31,2018.0,5011239084.54,山东省,
9115,2580.0,圣阳股份,2018-12-31,2018.0,1835559638.46,山东省,
9116,2581.0,未名医药,2018-12-31,2018.0,664593783.42,山东省,
9117,2595.0,豪迈科技,2018-12-31,2018.0,3724405663.39,山东省,
9118,2598.0,山东章鼓,2018-12-31,2018.0,942975713.57,山东省,
9119,2655.0,共达电声,2018-12-31,2018.0,804765586.86,山东省,
9120,2671.0,龙泉股份,2018-12-31,2018.0,1012054468.51,山东省,
9121,2675.0,东诚药业,2018-12-31,2018.0,2332822937.71,山东省,
9122,2871.0,伟隆股份,2018-12-31,2018.0,346704773.62,山东省,
9123,2890.0,弘宇股份,2018-12-31,2018.0,239341500.49,山东省,
9124,300001.0,特锐德,2018-12-31,2018.0,5874410761.08,山东省,
9125,300099.0,精准信息,2018-12-31,2018.0,446156028.97,山东省,
9126,300105.0,龙源技术,2018-12-31,2018.0,463838041.94,山东省,
9127,300110.0,华仁药业,2018-12-31,2018.0,1383859337.97,山东省,
9128,300185.0,通裕重工,2018-12-31,2018.0,3535026649.42,山东省,
9129,300208.0,恒顺众昇,2018-12-31,2018.0,1299782646.77,山东省,
9130,300224.0,正海磁材,2018-12-31,2018.0,1679955420.97,山东省,
9131,300233.0,金城医药,2018-12-31,2018.0,3007968049.52,山东省,
9132,300308.0,中际旭创,2018-12-31,2018.0,5156314239.9,山东省,
9133,300391.0,康跃科技,2018-12-31,2018.0,881022368.14,山东省,
9134,300423.0,鲁亿通,2018-12-31,2018.0,3031109567.15,山东省,
9135,300443.0,金雷风电,2018-12-31,2018.0,789639907.88,山东省,
9136,300479.0,神思电子,2018-12-31,2018.0,405492306.05,山东省,
9137,300569.0,天能重工,2018-12-31,2018.0,1393566890.47,山东省,
9138,300583.0,赛托生物,2018-12-31,2018.0,1052277111.94,山东省,
9139,300653.0,正海生物,2018-12-31,2018.0,215543620.38,山东省,
9140,300690.0,双一科技,2018-12-31,2018.0,536178446.93,山东省,
9141,300699.0,光威复材,2018-12-31,2018.0,1363555725.41,山东省,
9142,430476.0,海能技术,2018-12-31,2018.0,204375375.82,山东省,
9143,600027.0,华电国际,2018-12-31,2018.0,88365069000.0,山东省,
9144,600060.0,海信电器,2018-12-31,2018.0,35128278183.5,山东省,
9145,600219.0,南山铝业,2018-12-31,2018.0,20222361955.88,山东省,
9146,600336.0,澳柯玛,2018-12-31,2018.0,5645158338.66,山东省,
9147,600385.0,山东金泰,2018-12-31,2018.0,5453254.01,山东省,
9148,600529.0,山东药玻,2018-12-31,2018.0,2584627161.3,山东省,
9149,600579.0,天华院,2018-12-31,2018.0,11304094016.18,山东省,
9150,600586.0,金晶科技,2018-12-31,2018.0,5124603296.67,山东省,
9151,600587.0,新华医疗,2018-12-31,2018.0,10283639028.29,山东省,
9152,600690.0,青岛海尔,2018-12-31,2018.0,183316560236.03,山东省,
9153,600789.0,鲁抗医药,2018-12-31,2018.0,3329604787.41,山东省,
9154,600898.0,国美通讯,2018-12-31,2018.0,2637585197.66,山东省,
9155,603021.0,山东华鹏,2018-12-31,2018.0,801967301.02,山东省,
9156,603029.0,天鹅股份,2018-12-31,2018.0,332296740.88,山东省,
9157,603187.0,海容冷链,2018-12-31,2018.0,1211767653.76,山东省,
9158,603367.0,辰欣药业,2018-12-31,2018.0,3808078426.18,山东省,
9159,603612.0,索通发展,2018-12-31,2018.0,3354029294.02,山东省,
9160,603638.0,艾迪精密,2018-12-31,2018.0,1020652942.83,山东省,
9161,603858.0,步长制药,2018-12-31,2018.0,13664752613.57,山东省,
9162,830839.0,万通液压,2018-12-31,2018.0,368917327.68,山东省,
9163,831278.0,泰德股份,2018-12-31,2018.0,225104834.9,山东省,
9164,831689.0,克莱特,2018-12-31,2018.0,215905158.33,山东省,
9165,837212.0,智新电子,2018-12-31,2018.0,237689644.94,山东省,
9166,872190.0,雷神科技,2018-12-31,2018.0,1673142805.48,山东省,
9167,,,,,637507909036.11,山东省 汇总,
9168,403.0,振兴生化,2018-12-31,2018.0,859843304.64,山西省,
9169,767.0,漳泽电力,2018-12-31,2018.0,11230044071.67,山西省,
9170,795.0,英洛华,2018-12-31,2018.0,2135132909.41,山西省,
9171,831.0,五矿稀土,2018-12-31,2018.0,924808088.25,山西省,
9172,300158.0,振东制药,2018-12-31,2018.0,3419750405.17,山西省,
9173,300254.0,仟源医药,2018-12-31,2018.0,1136495667.79,山西省,
9174,300486.0,东杰智能,2018-12-31,2018.0,698104907.88,山西省,
9175,600157.0,永泰能源,2018-12-31,2018.0,22327277612.37,山西省,
9176,600169.0,太原重工,2018-12-31,2018.0,6428175733.35,山西省,
9177,600234.0,ST 山水,2018-12-31,2018.0,146396293.3,山西省,
9178,600281.0,太化股份,2018-12-31,2018.0,705700445.48,山西省,
9179,600351.0,亚宝药业,2018-12-31,2018.0,2918099219.52,山西省,
9180,600392.0,盛和资源,2018-12-31,2018.0,6226964050.48,山西省,
9181,600780.0,通宝能源,2018-12-31,2018.0,6027096849.88,山西省,
9182,,,,,65183889559.19,山西省 汇总,
9183,561.0,烽火电子,2018-12-31,2018.0,1223775807.83,陕西省,
9184,837.0,秦川机床,2018-12-31,2018.0,3188240554.94,陕西省,
9185,2149.0,西部材料,2018-12-31,2018.0,1720159583.0,陕西省,
9186,2267.0,陕天然气,2018-12-31,2018.0,8992964357.26,陕西省,
9187,2864.0,盘龙药业,2018-12-31,2018.0,489447811.58,陕西省,
9188,300023.0,宝德股份,2018-12-31,2018.0,418236046.93,陕西省,
9189,300114.0,中航电测,2018-12-31,2018.0,1388338960.54,陕西省,
9190,300116.0,坚瑞沃能,2018-12-31,2018.0,3997392090.31,陕西省,
9191,300140.0,中环装备,2018-12-31,2018.0,1825714128.67,陕西省,
9192,300397.0,天和防务,2018-12-31,2018.0,263987162.81,陕西省,
9193,300581.0,晨曦航空,2018-12-31,2018.0,174004552.09,陕西省,
9194,600080.0,金花股份,2018-12-31,2018.0,745161287.68,陕西省,
9195,600302.0,标准股份,2018-12-31,2018.0,747158471.62,陕西省,
9196,600343.0,航天动力,2018-12-31,2018.0,1115345529.8,陕西省,
9197,600379.0,宝光股份,2018-12-31,2018.0,849346060.3,陕西省,
9198,600456.0,宝钛股份,2018-12-31,2018.0,3410193856.18,陕西省,
9199,600707.0,彩虹股份,2018-12-31,2018.0,1929256246.45,陕西省,
9200,600817.0,ST 宏盛,2018-12-31,2018.0,49818612.13,陕西省,
9201,600984.0,建设机械,2018-12-31,2018.0,2227295005.11,陕西省,
9202,601012.0,隆基股份,2018-12-31,2018.0,21987614949.84,陕西省,
9203,601179.0,中国西电,2018-12-31,2018.0,13689875849.6,陕西省,
9204,601369.0,陕鼓动力,2018-12-31,2018.0,5038835609.95,陕西省,
9205,603139.0,康惠制药,2018-12-31,2018.0,375618264.6,陕西省,
9206,834599.0,同力股份,2018-12-31,2018.0,2003975965.44,陕西省,
9207,835640.0,富士达,2018-12-31,2018.0,392521710.9,陕西省,
9208,,,,,78244278475.56,陕西省 汇总,
9209,2022.0,科华生物,2018-12-31,2018.0,1990213558.08,上海市,
9210,2028.0,思源电气,2018-12-31,2018.0,4806616779.94,上海市,
9211,2058.0,威尔泰,2018-12-31,2018.0,117081432.37,上海市,
9212,2158.0,汉钟精机,2018-12-31,2018.0,1731630241.08,上海市,
9213,2162.0,悦心健康,2018-12-31,2018.0,977878550.06,上海市,
9214,2184.0,海得控制,2018-12-31,2018.0,1690512333.61,上海市,
9215,2252.0,上海莱士,2018-12-31,2018.0,1804235399.91,上海市,
9216,2278.0,神开股份,2018-12-31,2018.0,702069598.63,上海市,
9217,2346.0,柘中股份,2018-12-31,2018.0,559383742.33,上海市,
9218,2451.0,摩恩电气,2018-12-31,2018.0,585013110.12,上海市,
9219,2506.0,协鑫集成,2018-12-31,2018.0,11191136526.57,上海市,
9220,2527.0,新时达,2018-12-31,2018.0,3514994626.43,上海市,
9221,2636.0,金安国纪,2018-12-31,2018.0,3683219017.68,上海市,
9222,2706.0,良信电器,2018-12-31,2018.0,1573786706.62,上海市,
9223,300039.0,上海凯宝,2018-12-31,2018.0,1500676455.17,上海市,
9224,300126.0,锐奇股份,2018-12-31,2018.0,583196648.94,上海市,
9225,300129.0,泰胜风能,2018-12-31,2018.0,1472526169.31,上海市,
9226,300153.0,科泰电源,2018-12-31,2018.0,1311179140.41,上海市,
9227,300171.0,东富龙,2018-12-31,2018.0,1916821892.04,上海市,
9228,300222.0,科大智能,2018-12-31,2018.0,3593830766.86,上海市,
9229,300272.0,开能健康,2018-12-31,2018.0,901022821.14,上海市,
9230,300286.0,安科瑞,2018-12-31,2018.0,457833766.08,上海市,
9231,300326.0,凯利泰,2018-12-31,2018.0,930906810.95,上海市,
9232,300327.0,中颖电子,2018-12-31,2018.0,757710546.74,上海市,
9233,300442.0,普丽盛,2018-12-31,2018.0,579549995.56,上海市,
9234,300462.0,华铭智能,2018-12-31,2018.0,263942876.41,上海市,
9235,300501.0,海顺新材,2018-12-31,2018.0,507195935.99,上海市,
9236,300551.0,古鳌科技,2018-12-31,2018.0,262752759.6,上海市,
9237,300590.0,移为通信,2018-12-31,2018.0,476221676.86,上海市,
9238,300627.0,华测导航,2018-12-31,2018.0,952045274.67,上海市,
9239,300642.0,透景生命,2018-12-31,2018.0,364846388.39,上海市,
9240,430139.0,华岭股份,2018-12-31,2018.0,130735787.99,上海市,
9241,430300.0,辰光医疗,2018-12-31,2018.0,152277617.8,上海市,
9242,600021.0,上海电力,2018-12-31,2018.0,22578777856.69,上海市,
9243,600151.0,航天机电,2018-12-31,2018.0,6700888578.01,上海市,
9244,600171.0,上海贝岭,2018-12-31,2018.0,784344437.44,上海市,
9245,600196.0,复星医药,2018-12-31,2018.0,24918273561.4,上海市,
9246,600320.0,振华重工,2018-12-31,2018.0,21812389644.0,上海市,
9247,600420.0,现代制药,2018-12-31,2018.0,11320781393.69,上海市,
9248,600490.0,鹏欣资源,2018-12-31,2018.0,14138028296.51,上海市,
9249,600530.0,交大昂立,2018-12-31,2018.0,249037021.14,上海市,
9250,600601.0,方正科技,2018-12-31,2018.0,5701051765.85,上海市,
9251,600613.0,神奇制药,2018-12-31,2018.0,1852905951.98,上海市,
9252,600617.0,国新能源,2018-12-31,2018.0,11139069642.34,上海市,
9253,600619.0,海立股份,2018-12-31,2018.0,11708311339.47,上海市,
9254,600624.0,复旦复华,2018-12-31,2018.0,1008222677.22,上海市,
9255,600635.0,大众公用,2018-12-31,2018.0,4941709870.41,上海市,
9256,600642.0,申能股份,2018-12-31,2018.0,36221254583.28,上海市,
9257,600651.0,飞乐音响,2018-12-31,2018.0,3302144019.42,上海市,
9258,600680.0,*ST 上普,2018-12-31,2018.0,258316581.13,上海市,
9259,600732.0,ST 新梅,2018-12-31,2018.0,156717599.87,上海市,
9260,600781.0,辅仁药业,2018-12-31,2018.0,6317313149.63,上海市,
9261,600819.0,耀皮玻璃,2018-12-31,2018.0,3857409863.63,上海市,
9262,600835.0,上海机电,2018-12-31,2018.0,21233742463.09,上海市,
9263,600841.0,上柴股份,2018-12-31,2018.0,4120702859.28,上海市,
9264,600843.0,上工申贝,2018-12-31,2018.0,3200527741.09,上海市,
9265,600851.0,海欣股份,2018-12-31,2018.0,1098675770.39,上海市,
9266,601231.0,环旭电子,2018-12-31,2018.0,33550275008.23,上海市,
9267,601616.0,广电电气,2018-12-31,2018.0,595796626.01,上海市,
9268,601727.0,上海电气,2018-12-31,2018.0,101157525000.0,上海市,
9269,603012.0,创力集团,2018-12-31,2018.0,1607590291.13,上海市,
9270,603083.0,剑桥科技,2018-12-31,2018.0,3156324223.54,上海市,
9271,603131.0,上海沪工,2018-12-31,2018.0,863795749.15,上海市,
9272,603159.0,上海亚虹,2018-12-31,2018.0,637336323.67,上海市,
9273,603496.0,恒为科技,2018-12-31,2018.0,431398215.91,上海市,
9274,603501.0,韦尔股份,2018-12-31,2018.0,3963509424.61,上海市,
9275,603515.0,欧普照明,2018-12-31,2018.0,8003869732.64,上海市,
9276,603579.0,荣泰健康,2018-12-31,2018.0,2295648224.52,上海市,
9277,603633.0,徕木股份,2018-12-31,2018.0,434356092.05,上海市,
9278,603659.0,璞泰来,2018-12-31,2018.0,3311025339.14,上海市,
9279,603690.0,至纯科技,2018-12-31,2018.0,674090652.58,上海市,
9280,603718.0,海利生物,2018-12-31,2018.0,254565186.76,上海市,
9281,603728.0,鸣志电器,2018-12-31,2018.0,1894048056.32,上海市,
9282,603855.0,华荣股份,2018-12-31,2018.0,1631278915.1,上海市,
9283,603868.0,飞科电器,2018-12-31,2018.0,3976555487.4,上海市,
9284,603895.0,天永智能,2018-12-31,2018.0,506064813.04,上海市,
9285,603956.0,威派格,2018-12-31,2018.0,651769494.68,上海市,
9286,603960.0,克来机电,2018-12-31,2018.0,583218056.11,上海市,
9287,603987.0,康德莱,2018-12-31,2018.0,1450058270.85,上海市,
9288,831305.0,海希通讯,2018-12-31,2018.0,209972380.77,上海市,
9289,831961.0,创远仪器,2018-12-31,2018.0,215284036.4,上海市,
9290,833346.0,威贸电子,2018-12-31,2018.0,153755438.38,上海市,
9291,836414.0,欧普泰,2018-12-31,2018.0,27663694.78,上海市,
9292,,,,,442900416355.07,上海市 汇总,
9293,155.0,川能动力,2018-12-31,2018.0,4272043399.91,四川省,
9294,584.0,哈工智能,2018-12-31,2018.0,2382599591.33,四川省,
9295,586.0,汇源通信,2018-12-31,2018.0,426707264.12,四川省,
9296,593.0,大通燃气,2018-12-31,2018.0,630964895.64,四川省,
9297,598.0,兴蓉环境,2018-12-31,2018.0,4159649975.76,四川省,
9298,629.0,攀钢钒钛,2018-12-31,2018.0,15161401767.02,四川省,
9299,790.0,泰合健康,2018-12-31,2018.0,633417693.18,四川省,
9300,801.0,四川九洲,2018-12-31,2018.0,3794967512.09,四川省,
9301,810.0,创维数字,2018-12-31,2018.0,7762616543.11,四川省,
9302,935.0,四川双马,2018-12-31,2018.0,1939574216.1,四川省,
9303,2259.0,ST 升达,2018-12-31,2018.0,960246763.97,四川省,
9304,2272.0,川润股份,2018-12-31,2018.0,659404116.18,四川省,
9305,2366.0,台海核电,2018-12-31,2018.0,1379664128.93,四川省,
9306,2422.0,科伦药业,2018-12-31,2018.0,16351790239.0,四川省,
9307,2466.0,天齐锂业,2018-12-31,2018.0,6244419974.7,四川省,
9308,2480.0,新筑股份,2018-12-31,2018.0,1960210581.94,四川省,
9309,2630.0,华西能源,2018-12-31,2018.0,3647648702.09,四川省,
9310,2651.0,利君股份,2018-12-31,2018.0,516603882.89,四川省,
9311,2773.0,康弘药业,2018-12-31,2018.0,2917445131.66,四川省,
9312,2798.0,帝欧家居,2018-12-31,2018.0,4308344474.17,四川省,
9313,2935.0,天奥电子,2018-12-31,2018.0,864006673.37,四川省,
9314,300028.0,金亚科技,2018-12-31,2018.0,13157424.28,四川省,
9315,300092.0,科新机电,2018-12-31,2018.0,475538627.22,四川省,
9316,300101.0,振芯科技,2018-12-31,2018.0,443563011.45,四川省,
9317,300127.0,银河磁体,2018-12-31,2018.0,599073370.15,四川省,
9318,300362.0,天翔环境,2018-12-31,2018.0,349506966.62,四川省,
9319,300370.0,安控科技,2018-12-31,2018.0,1371045013.22,四川省,
9320,300414.0,中光防雷,2018-12-31,2018.0,379783867.95,四川省,
9321,300425.0,环能科技,2018-12-31,2018.0,1185755424.97,四川省,
9322,300434.0,金石东方,2018-12-31,2018.0,970716005.65,四川省,
9323,300463.0,迈克生物,2018-12-31,2018.0,2685304946.41,四川省,
9324,300470.0,日机密封,2018-12-31,2018.0,704579552.09,四川省,
9325,300471.0,厚普股份,2018-12-31,2018.0,370389639.67,四川省,
9326,300502.0,新易盛,2018-12-31,2018.0,759950284.5,四川省,
9327,300504.0,天邑股份,2018-12-31,2018.0,2775005851.17,四川省,
9328,300540.0,深冷股份,2018-12-31,2018.0,342829367.19,四川省,
9329,600101.0,明星电力,2018-12-31,2018.0,1599933132.65,四川省,
9330,600331.0,宏达股份,2018-12-31,2018.0,2690012210.01,四川省,
9331,600353.0,旭光股份,2018-12-31,2018.0,1058854294.31,四川省,
9332,600505.0,西昌电力,2018-12-31,2018.0,945374940.84,四川省,
9333,600528.0,中铁工业,2018-12-31,2018.0,17897863684.35,四川省,
9334,600644.0,乐山电力,2018-12-31,2018.0,2170337886.35,四川省,
9335,600674.0,川投能源,2018-12-31,2018.0,863551853.16,四川省,
9336,600678.0,四川金顶,2018-12-31,2018.0,424025302.17,四川省,
9337,600839.0,四川长虹,2018-12-31,2018.0,83385262868.71,四川省,
9338,600875.0,东方电气,2018-12-31,2018.0,29729655571.73,四川省,
9339,600979.0,广安爱众,2018-12-31,2018.0,2178405954.85,四川省,
9340,603333.0,尚纬股份,2018-12-31,2018.0,1575210073.66,四川省,
9341,603679.0,华体科技,2018-12-31,2018.0,526490809.4,四川省,
9342,832566.0,梓橦宫,2018-12-31,2018.0,277336772.37,四川省,
9343,833230.0,欧康医药,2018-12-31,2018.0,129699256.31,四川省,
9344,833781.0,瑞奇智造,2018-12-31,2018.0,172099732.22,四川省,
9345,833943.0,优机股份,2018-12-31,2018.0,630658687.16,四川省,
9346,836239.0,长虹能源,2018-12-31,2018.0,1070730422.4,四川省,
9347,836260.0,中寰股份,2018-12-31,2018.0,136639725.68,四川省,
9348,836675.0,秉扬科技,2018-12-31,2018.0,264065726.92,四川省,
9349,870199.0,倍益康,2018-12-31,2018.0,21958080.41,四川省,
9350,,,,,242148093865.36,四川省 汇总,
9351,836.0,富通鑫茂,2018-12-31,2018.0,2663720225.11,天津市,
9352,2129.0,中环股份,2018-12-31,2018.0,13755716442.85,天津市,
9353,2134.0,天津普林,2018-12-31,2018.0,392363890.71,天津市,
9354,2337.0,赛象科技,2018-12-31,2018.0,450080247.37,天津市,
9355,2393.0,力生制药,2018-12-31,2018.0,1503607407.43,天津市,
9356,2432.0,九安医疗,2018-12-31,2018.0,563880299.07,天津市,
9357,2821.0,凯莱英,2018-12-31,2018.0,1834877624.25,天津市,
9358,300026.0,红日药业,2018-12-31,2018.0,4223964734.28,天津市,
9359,300119.0,瑞普生物,2018-12-31,2018.0,1189866012.4,天津市,
9360,300120.0,经纬辉开,2018-12-31,2018.0,2062642336.6,天津市,
9361,300195.0,长荣股份,2018-12-31,2018.0,1311142391.71,天津市,
9362,300334.0,津膜科技,2018-12-31,2018.0,686359697.96,天津市,
9363,300407.0,凯发电气,2018-12-31,2018.0,1622312080.37,天津市,
9364,600329.0,中新药业,2018-12-31,2018.0,6358622318.61,天津市,
9365,600468.0,百利电气,2018-12-31,2018.0,1357038374.32,天津市,
9366,600488.0,天药股份,2018-12-31,2018.0,2427864585.97,天津市,
9367,600535.0,天士力,2018-12-31,2018.0,17989536240.19,天津市,
9368,600821.0,津劝业,2018-12-31,2018.0,158829044.97,天津市,
9369,600874.0,创业环保,2018-12-31,2018.0,2447515000.0,天津市,
9370,603019.0,中科曙光,2018-12-31,2018.0,9056879481.38,天津市,
9371,603106.0,恒银金融,2018-12-31,2018.0,974307724.45,天津市,
9372,603712.0,七一二,2018-12-31,2018.0,1625550380.74,天津市,
9373,831526.0,凯华材料,2018-12-31,2018.0,104517158.68,天津市,
9374,,,,,74761193699.42,天津市 汇总,
9375,2287.0,奇正藏药,2018-12-31,2018.0,1213209064.74,西藏自治区,
9376,2653.0,海思科,2018-12-31,2018.0,3426664259.18,西藏自治区,
9377,2826.0,易明医药,2018-12-31,2018.0,488774206.55,西藏自治区,
9378,600211.0,西藏药业,2018-12-31,2018.0,1027879210.33,西藏自治区,
9379,600326.0,西藏天路,2018-12-31,2018.0,5021393225.25,西藏自治区,
9380,603669.0,灵康药业,2018-12-31,2018.0,1669431335.37,西藏自治区,
9381,603676.0,卫信康,2018-12-31,2018.0,746324814.69,西藏自治区,
9382,,,,,13593676116.11,西藏自治区 汇总,
9383,813.0,德展健康,2018-12-31,2018.0,3290827592.18,新疆维吾尔自治区,
9384,877.0,天山股份,2018-12-31,2018.0,7931783953.99,新疆维吾尔自治区,
9385,2202.0,金风科技,2018-12-31,2018.0,28730607320.49,新疆维吾尔自治区,
9386,2205.0,国统股份,2018-12-31,2018.0,789157206.77,新疆维吾尔自治区,
9387,2302.0,西部建设,2018-12-31,2018.0,18848862401.44,新疆维吾尔自治区,
9388,2700.0,新疆浩源,2018-12-31,2018.0,412032815.71,新疆维吾尔自治区,
9389,600089.0,特变电工,2018-12-31,2018.0,39655527759.96,新疆维吾尔自治区,
9390,600425.0,青松建化,2018-12-31,2018.0,2413527240.03,新疆维吾尔自治区,
9391,600509.0,天富能源,2018-12-31,2018.0,4955884003.62,新疆维吾尔自治区,
9392,600545.0,卓郎智能,2018-12-31,2018.0,9220759000.0,新疆维吾尔自治区,
9393,600888.0,新疆众和,2018-12-31,2018.0,4870971684.44,新疆维吾尔自治区,
9394,603032.0,德新交运,2018-12-31,2018.0,170366566.74,新疆维吾尔自治区,
9395,603080.0,新疆火炬,2018-12-31,2018.0,389030466.72,新疆维吾尔自治区,
9396,603393.0,新天然气,2018-12-31,2018.0,1631812003.87,新疆维吾尔自治区,
9397,603706.0,东方环宇,2018-12-31,2018.0,419418124.0,新疆维吾尔自治区,
9398,,,,,123730568139.96,新疆维吾尔自治区 汇总,
9399,538.0,云南白药,2018-12-31,2018.0,26708213487.75,云南省,
9400,807.0,云铝股份,2018-12-31,2018.0,21689352666.07,云南省,
9401,878.0,云南铜业,2018-12-31,2018.0,47430343193.91,云南省,
9402,903.0,云内动力,2018-12-31,2018.0,6533300990.85,云南省,
9403,960.0,锡业股份,2018-12-31,2018.0,39601073385.47,云南省,
9404,2114.0,罗平锌电,2018-12-31,2018.0,1073923466.1,云南省,
9405,2428.0,云南锗业,2018-12-31,2018.0,465043920.17,云南省,
9406,2750.0,龙津药业,2018-12-31,2018.0,335984894.9,云南省,
9407,300142.0,沃森生物,2018-12-31,2018.0,879044696.28,云南省,
9408,600025.0,华能水电,2018-12-31,2018.0,15516479019.57,云南省,
9409,600422.0,昆药集团,2018-12-31,2018.0,7101977675.03,云南省,
9410,600459.0,贵研铂业,2018-12-31,2018.0,17074041272.71,云南省,
9411,600883.0,博闻科技,2018-12-31,2018.0,30113795.53,云南省,
9412,600995.0,文山电力,2018-12-31,2018.0,2025333158.8,云南省,
9413,603963.0,大理药业,2018-12-31,2018.0,401483012.27,云南省,
9414,831152.0,昆工科技,2018-12-31,2018.0,301577769.33,云南省,
9415,833266.0,生物谷,2018-12-31,2018.0,550254372.13,云南省,
9416,,,,,187717540776.87,云南省 汇总,
9417,925.0,众合科技,2018-12-31,2018.0,2089148767.22,浙江省,
9418,2001.0,新和成,2018-12-31,2018.0,8683381746.84,浙江省,
9419,2006.0,精功科技,2018-12-31,2018.0,1004355166.88,浙江省,
9420,2011.0,盾安环境,2018-12-31,2018.0,9400534426.47,浙江省,
9421,2019.0,亿帆医药,2018-12-31,2018.0,4631795440.0,浙江省,
9422,2020.0,京新药业,2018-12-31,2018.0,2943801995.73,浙江省,
9423,2021.0,中捷资源,2018-12-31,2018.0,1141269501.01,浙江省,
9424,2036.0,联创电子,2018-12-31,2018.0,4802264162.21,浙江省,
9425,2050.0,三花智控,2018-12-31,2018.0,10835990677.51,浙江省,
9426,2056.0,横店东磁,2018-12-31,2018.0,6488527425.83,浙江省,
9427,2064.0,华峰氨纶,2018-12-31,2018.0,4435713892.78,浙江省,
9428,2082.0,万邦德,2018-12-31,2018.0,14335310468.85,浙江省,
9429,2099.0,海翔药业,2018-12-31,2018.0,2718608796.51,浙江省,
9430,2112.0,三变科技,2018-12-31,2018.0,570674146.76,浙江省,
9431,2119.0,康强电子,2018-12-31,2018.0,1482897034.3,浙江省,
9432,2122.0,*ST 天马,2018-12-31,2018.0,1871287489.85,浙江省,
9433,2164.0,宁波东力,2018-12-31,2018.0,11760644634.52,浙江省,
9434,2196.0,方正电机,2018-12-31,2018.0,1363618252.47,浙江省,
9435,2199.0,东晶电子,2018-12-31,2018.0,177279579.06,浙江省,
9436,2203.0,海亮股份,2018-12-31,2018.0,40596624275.45,浙江省,
9437,2206.0,海利得,2018-12-31,2018.0,3569477900.87,浙江省,
9438,2214.0,大立科技,2018-12-31,2018.0,423523148.45,浙江省,
9439,2236.0,大华股份,2018-12-31,2018.0,23665688106.22,浙江省,
9440,2273.0,水晶光电,2018-12-31,2018.0,2325790588.61,浙江省,
9441,2276.0,万马股份,2018-12-31,2018.0,8739834605.92,浙江省,
9442,2332.0,仙琚制药,2018-12-31,2018.0,3621754713.06,浙江省,
9443,2364.0,中恒电气,2018-12-31,2018.0,984082514.49,浙江省,
9444,2370.0,亚太药业,2018-12-31,2018.0,1132392747.13,浙江省,
9445,2389.0,航天彩虹,2018-12-31,2018.0,2718849021.99,浙江省,
9446,2415.0,海康威视,2018-12-31,2018.0,49837132481.61,浙江省,
9447,2418.0,康盛股份,2018-12-31,2018.0,2918320039.52,浙江省,
9448,2427.0,*ST 尤夫,2018-12-31,2018.0,3860460841.01,浙江省,
9449,2430.0,杭氧股份,2018-12-31,2018.0,7901217450.01,浙江省,
9450,2472.0,双环传动,2018-12-31,2018.0,3150702030.94,浙江省,
9451,2473.0,*ST 圣莱,2018-12-31,2018.0,147374428.42,浙江省,
9452,2479.0,富春环保,2018-12-31,2018.0,3010393479.02,浙江省,
9453,2493.0,荣盛石化,2018-12-31,2018.0,91424664355.09,浙江省,
9454,2508.0,老板电器,2018-12-31,2018.0,7424885274.14,浙江省,
9455,2520.0,日发精机,2018-12-31,2018.0,1968875616.44,浙江省,
9456,2532.0,新界泵业,2018-12-31,2018.0,1498712355.92,浙江省,
9457,2534.0,杭锅股份,2018-12-31,2018.0,3571856750.49,浙江省,
9458,2552.0,*ST 宝鼎,2018-12-31,2018.0,310847147.15,浙江省,
9459,2562.0,兄弟科技,2018-12-31,2018.0,1415016689.37,浙江省,
9460,2617.0,露笑科技,2018-12-31,2018.0,3020028819.32,浙江省,
9461,2633.0,申科股份,2018-12-31,2018.0,161873826.64,浙江省,
9462,2677.0,浙江美大,2018-12-31,2018.0,1400899590.33,浙江省,
9463,2686.0,亿利达,2018-12-31,2018.0,1511439970.45,浙江省,
9464,2730.0,电光科技,2018-12-31,2018.0,938970243.46,浙江省,
9465,2767.0,先锋电子,2018-12-31,2018.0,289022573.86,浙江省,
9466,2779.0,中坚科技,2018-12-31,2018.0,416027151.45,浙江省,
9467,2793.0,东音股份,2018-12-31,2018.0,935445820.67,浙江省,
9468,2795.0,永和智控,2018-12-31,2018.0,644368479.02,浙江省,
9469,2801.0,微光股份,2018-12-31,2018.0,646653218.23,浙江省,
9470,2849.0,威星智能,2018-12-31,2018.0,788547409.92,浙江省,
9471,2859.0,洁美科技,2018-12-31,2018.0,1311103977.36,浙江省,
9472,2860.0,星帅尔,2018-12-31,2018.0,409179038.33,浙江省,
9473,2896.0,中大力德,2018-12-31,2018.0,599051534.99,浙江省,
9474,2897.0,意华股份,2018-12-31,2018.0,1387670693.88,浙江省,
9475,2931.0,锋龙股份,2018-12-31,2018.0,315165711.35,浙江省,
9476,2937.0,兴瑞科技,2018-12-31,2018.0,1017902424.35,浙江省,
9477,2940.0,昂利康,2018-12-31,2018.0,1255047658.5,浙江省,
9478,200771.0,杭汽轮B,2018-12-31,2018.0,4642807589.69,浙江省,
9479,300032.0,金龙机电,2018-12-31,2018.0,3369309669.22,浙江省,
9480,300068.0,南都电源,2018-12-31,2018.0,8063134838.57,浙江省,
9481,300069.0,金利华电,2018-12-31,2018.0,184283907.49,浙江省,
9482,300076.0,GQY视讯,2018-12-31,2018.0,200442563.57,浙江省,
9483,300078.0,思创医惠,2018-12-31,2018.0,1294633555.55,浙江省,
9484,300111.0,向日葵,2018-12-31,2018.0,657371844.94,浙江省,
9485,300118.0,东方日升,2018-12-31,2018.0,9752171142.05,浙江省,
9486,300145.0,中金环境,2018-12-31,2018.0,4362567001.05,浙江省,
9487,300181.0,佐力药业,2018-12-31,2018.0,730262647.14,浙江省,
9488,300203.0,聚光科技,2018-12-31,2018.0,3824905211.51,浙江省,
9489,300234.0,开尔新材,2018-12-31,2018.0,289576585.47,浙江省,
9490,300256.0,星星科技,2018-12-31,2018.0,3818837377.29,浙江省,
9491,300257.0,开山股份,2018-12-31,2018.0,2599805100.81,浙江省,
9492,300270.0,中威电子,2018-12-31,2018.0,306804111.66,浙江省,
9493,300283.0,温州宏丰,2018-12-31,2018.0,1173292361.28,浙江省,
9494,300306.0,远方信息,2018-12-31,2018.0,421720817.97,浙江省,
9495,300307.0,慈星股份,2018-12-31,2018.0,1689675750.39,浙江省,
9496,300314.0,戴维医疗,2018-12-31,2018.0,300298175.55,浙江省,
9497,300316.0,晶盛机电,2018-12-31,2018.0,2535711475.03,浙江省,
9498,300351.0,永贵电器,2018-12-31,2018.0,1310268163.44,浙江省,
9499,300357.0,我武生物,2018-12-31,2018.0,500744692.07,浙江省,
9500,300360.0,炬华科技,2018-12-31,2018.0,871902385.03,浙江省,
9501,300411.0,金盾股份,2018-12-31,2018.0,553446532.04,浙江省,
9502,300412.0,迦南科技,2018-12-31,2018.0,578756391.52,浙江省,
9503,300435.0,中泰股份,2018-12-31,2018.0,594732319.59,浙江省,
9504,300439.0,美康生物,2018-12-31,2018.0,3135122919.82,浙江省,
9505,300441.0,鲍斯股份,2018-12-31,2018.0,1505302641.35,浙江省,
9506,300461.0,田中精机,2018-12-31,2018.0,803327870.04,浙江省,
9507,300512.0,中亚股份,2018-12-31,2018.0,718186789.63,浙江省,
9508,300519.0,新光药业,2018-12-31,2018.0,276257365.69,浙江省,
9509,300548.0,博创科技,2018-12-31,2018.0,275110934.64,浙江省,
9510,300553.0,集智股份,2018-12-31,2018.0,140222155.13,浙江省,
9511,300558.0,贝达药业,2018-12-31,2018.0,1224171768.53,浙江省,
9512,300566.0,激智科技,2018-12-31,2018.0,908443997.71,浙江省,
9513,300582.0,英飞特,2018-12-31,2018.0,965306166.91,浙江省,
9514,300604.0,长川科技,2018-12-31,2018.0,216121510.66,浙江省,
9515,300611.0,美力科技,2018-12-31,2018.0,545088788.16,浙江省,
9516,300626.0,华瑞股份,2018-12-31,2018.0,849583667.75,浙江省,
9517,300666.0,江丰电子,2018-12-31,2018.0,649683244.58,浙江省,
9518,300669.0,沪宁股份,2018-12-31,2018.0,278633101.59,浙江省,
9519,300698.0,万马科技,2018-12-31,2018.0,298549655.05,浙江省,
9520,300702.0,天宇股份,2018-12-31,2018.0,1466956381.9,浙江省,
9521,300710.0,万隆光电,2018-12-31,2018.0,343538236.97,浙江省,
9522,300718.0,长盛轴承,2018-12-31,2018.0,662569051.56,浙江省,
9523,300743.0,天地数码,2018-12-31,2018.0,405566055.34,浙江省,
9524,430685.0,新芝生物,2018-12-31,2018.0,100279936.07,浙江省,
9525,600023.0,浙能电力,2018-12-31,2018.0,56633636514.17,浙江省,
9526,600130.0,波导股份,2018-12-31,2018.0,607381787.44,浙江省,
9527,600152.0,维科技术,2018-12-31,2018.0,1602678942.81,浙江省,
9528,600216.0,浙江医药,2018-12-31,2018.0,6858741580.66,浙江省,
9529,600261.0,阳光照明,2018-12-31,2018.0,5616191330.25,浙江省,
9530,600267.0,海正药业,2018-12-31,2018.0,10187440965.16,浙江省,
9531,600283.0,钱江水利,2018-12-31,2018.0,1067746400.89,浙江省,
9532,600290.0,华仪电气,2018-12-31,2018.0,1566715499.74,浙江省,
9533,600330.0,天通股份,2018-12-31,2018.0,2610217314.21,浙江省,
9534,600366.0,宁波韵升,2018-12-31,2018.0,2026498471.89,浙江省,
9535,600460.0,士兰微,2018-12-31,2018.0,3025857115.44,浙江省,
9536,600521.0,华海药业,2018-12-31,2018.0,5094596221.76,浙江省,
9537,600526.0,菲达环保,2018-12-31,2018.0,3520948298.14,浙江省,
9538,600537.0,亿晶光电,2018-12-31,2018.0,3550211299.99,浙江省,
9539,600572.0,康恩贝,2018-12-31,2018.0,6786645292.78,浙江省,
9540,600580.0,卧龙电气,2018-12-31,2018.0,11076032791.49,浙江省,
9541,600668.0,尖峰集团,2018-12-31,2018.0,3362215306.55,浙江省,
9542,600671.0,天目药业,2018-12-31,2018.0,358470846.72,浙江省,
9543,600724.0,宁波富达,2018-12-31,2018.0,5163259364.29,浙江省,
9544,600768.0,宁波富邦,2018-12-31,2018.0,738392817.95,浙江省,
9545,600776.0,东方通信,2018-12-31,2018.0,2404822502.7,浙江省,
9546,600884.0,杉杉股份,2018-12-31,2018.0,8853422775.58,浙江省,
9547,600982.0,宁波热电,2018-12-31,2018.0,1741001362.31,浙江省,
9548,601002.0,晋亿实业,2018-12-31,2018.0,3471277743.91,浙江省,
9549,601113.0,华鼎股份,2018-12-31,2018.0,6602916492.78,浙江省,
9550,601137.0,博威合金,2018-12-31,2018.0,7297290684.61,浙江省,
9551,601177.0,杭齿前进,2018-12-31,2018.0,1634974773.65,浙江省,
9552,601233.0,桐昆股份,2018-12-31,2018.0,41600748778.99,浙江省,
9553,601567.0,三星医疗,2018-12-31,2018.0,5870471517.37,浙江省,
9554,601865.0,福莱特,2018-12-31,2018.0,3063802709.44,浙江省,
9555,601877.0,正泰电器,2018-12-31,2018.0,27420832737.52,浙江省,
9556,601882.0,海天精工,2018-12-31,2018.0,1272301684.45,浙江省,
9557,603015.0,弘讯科技,2018-12-31,2018.0,685622485.51,浙江省,
9558,603045.0,福达合金,2018-12-31,2018.0,1325482378.73,浙江省,
9559,603076.0,乐惠国际,2018-12-31,2018.0,970881275.67,浙江省,
9560,603081.0,大丰实业,2018-12-31,2018.0,1795229226.38,浙江省,
9561,603088.0,宁波精达,2018-12-31,2018.0,343939003.74,浙江省,
9562,603105.0,芯能科技,2018-12-31,2018.0,384172760.48,浙江省,
9563,603168.0,莎普爱思,2018-12-31,2018.0,607437969.19,浙江省,
9564,603186.0,华正新材,2018-12-31,2018.0,1677634132.11,浙江省,
9565,603218.0,日月股份,2018-12-31,2018.0,2350589291.39,浙江省,
9566,603222.0,济民制药,2018-12-31,2018.0,697831631.05,浙江省,
9567,603225.0,新凤鸣,2018-12-31,2018.0,32658767104.36,浙江省,
9568,603229.0,奥翔药业,2018-12-31,2018.0,243885062.27,浙江省,
9569,603277.0,银都股份,2018-12-31,2018.0,1485516786.41,浙江省,
9570,603289.0,泰瑞机器,2018-12-31,2018.0,792342286.51,浙江省,
9571,603297.0,永新光学,2018-12-31,2018.0,561286304.5,浙江省,
9572,603298.0,杭叉集团,2018-12-31,2018.0,8442621588.89,浙江省,
9573,603301.0,振德医疗,2018-12-31,2018.0,1428856684.96,浙江省,
9574,603303.0,得邦照明,2018-12-31,2018.0,3995390059.03,浙江省,
9575,603311.0,金海环境,2018-12-31,2018.0,565201059.63,浙江省,
9576,603320.0,迪贝电气,2018-12-31,2018.0,634858011.57,浙江省,
9577,603321.0,梅轮电梯,2018-12-31,2018.0,737618831.68,浙江省,
9578,603331.0,百达精工,2018-12-31,2018.0,774542085.82,浙江省,
9579,603337.0,杰克股份,2018-12-31,2018.0,4151500728.21,浙江省,
9580,603338.0,浙江鼎力,2018-12-31,2018.0,1707538304.04,浙江省,
9581,603456.0,九洲药业,2018-12-31,2018.0,1862225158.59,浙江省,
9582,603520.0,司太立,2018-12-31,2018.0,890470781.48,浙江省,
9583,603538.0,美诺华,2018-12-31,2018.0,848961518.25,浙江省,
9584,603556.0,海兴电力,2018-12-31,2018.0,2552901256.19,浙江省,
9585,603578.0,三星新材,2018-12-31,2018.0,326713549.39,浙江省,
9586,603583.0,捷昌驱动,2018-12-31,2018.0,1115973140.95,浙江省,
9587,603595.0,东尼电子,2018-12-31,2018.0,872403508.53,浙江省,
9588,603606.0,东方电缆,2018-12-31,2018.0,3024221686.15,浙江省,
9589,603611.0,诺力股份,2018-12-31,2018.0,2552635044.85,浙江省,
9590,603617.0,君禾股份,2018-12-31,2018.0,637285434.91,浙江省,
9591,603618.0,杭电股份,2018-12-31,2018.0,4377309272.04,浙江省,
9592,603667.0,五洲新春,2018-12-31,2018.0,1373586160.65,浙江省,
9593,603677.0,奇精机械,2018-12-31,2018.0,1381296710.6,浙江省,
9594,603685.0,晨丰科技,2018-12-31,2018.0,877074387.34,浙江省,
9595,603700.0,宁波水表,2018-12-31,2018.0,1029312558.64,浙江省,
9596,603701.0,德宏股份,2018-12-31,2018.0,458956505.32,浙江省,
9597,603703.0,盛洋科技,2018-12-31,2018.0,595607494.99,浙江省,
9598,603757.0,大元泵业,2018-12-31,2018.0,1113597179.75,浙江省,
9599,603789.0,星光农机,2018-12-31,2018.0,595806673.17,浙江省,
9600,603799.0,华友钴业,2018-12-31,2018.0,14450762951.95,浙江省,
9601,603811.0,诚意药业,2018-12-31,2018.0,545765999.36,浙江省,
9602,603896.0,寿仙谷,2018-12-31,2018.0,511451922.75,浙江省,
9603,603897.0,长城科技,2018-12-31,2018.0,4979471829.73,浙江省,
9604,603901.0,永创智能,2018-12-31,2018.0,1650902933.71,浙江省,
9605,603917.0,合力科技,2018-12-31,2018.0,609575883.86,浙江省,
9606,603996.0,中新科技,2018-12-31,2018.0,6731129499.68,浙江省,
9607,831855.0,浙江大农,2018-12-31,2018.0,228283436.21,浙江省,
9608,834062.0,科润智控,2018-12-31,2018.0,396296347.11,浙江省,
9609,834475.0,三友科技,2018-12-31,2018.0,183422913.01,浙江省,
9610,834639.0,晨光电缆,2018-12-31,2018.0,1869822059.43,浙江省,
9611,834682.0,球冠电缆,2018-12-31,2018.0,2032960061.16,浙江省,
9612,836270.0,天铭科技,2018-12-31,2018.0,108984884.29,浙江省,
9613,836395.0,朗鸿科技,2018-12-31,2018.0,103648958.11,浙江省,
9614,870508.0,丰安股份,2018-12-31,2018.0,88931902.88,浙江省,
9615,873169.0,七丰精工,2018-12-31,2018.0,146827257.86,浙江省,
9616,873223.0,荣亿精密,2018-12-31,2018.0,116288397.67,浙江省,
9617,,,,,817346814995.56,浙江省 汇总,
9618,591.0,太阳能,2018-12-31,2018.0,5036974038.19,重庆市,
9619,788.0,北大医药,2018-12-31,2018.0,2315796429.45,重庆市,
9620,2742.0,三圣股份,2018-12-31,2018.0,2865241753.58,重庆市,
9621,2907.0,华森制药,2018-12-31,2018.0,703415290.38,重庆市,
9622,300006.0,莱美药业,2018-12-31,2018.0,1562367031.77,重庆市,
9623,300122.0,智飞生物,2018-12-31,2018.0,5228307728.17,重庆市,
9624,300194.0,福安药业,2018-12-31,2018.0,2669296082.62,重庆市,
9625,300363.0,博腾股份,2018-12-31,2018.0,1184863256.32,重庆市,
9626,600116.0,三峡水利,2018-12-31,2018.0,1298466057.58,重庆市,
9627,600129.0,太极集团,2018-12-31,2018.0,10689384281.49,重庆市,
9628,600452.0,涪陵电力,2018-12-31,2018.0,2447804015.12,重庆市,
9629,600666.0,奥瑞德,2018-12-31,2018.0,1119658541.73,重庆市,
9630,600847.0,万里股份,2018-12-31,2018.0,580909530.71,重庆市,
9631,600877.0,ST 嘉陵,2018-12-31,2018.0,361634535.66,重庆市,
9632,600917.0,重庆燃气,2018-12-31,2018.0,6371596474.03,重庆市,
9633,601158.0,重庆水务,2018-12-31,2018.0,5171040734.56,重庆市,
9634,603100.0,川仪股份,2018-12-31,2018.0,3557030499.31,重庆市,
9635,603601.0,再升科技,2018-12-31,2018.0,1082121825.59,重庆市,
9636,603976.0,正川股份,2018-12-31,2018.0,595781310.17,重庆市,
9637,871857.0,泓禧科技,2018-12-31,2018.0,223127556.91,重庆市,
9638,,,,,55064816973.34,重庆市 汇总,
9639,,,,,8941648543791.63,总计,
9640,,证券简称,统计截止日期,,,所属省份,
9641,153.0,丰原药业,2019-12-31,2019.0,3238064437.11,安徽省,
9642,521.0,长虹美菱,2019-12-31,2019.0,16553252894.93,安徽省,
9643,543.0,皖能电力,2019-12-31,2019.0,16092240913.34,安徽省,
9644,630.0,铜陵有色,2019-12-31,2019.0,92915235942.87,安徽省,
9645,2171.0,楚江新材,2019-12-31,2019.0,17047972097.04,安徽省,
9646,2347.0,泰尔股份,2019-12-31,2019.0,818380088.74,安徽省,
9647,2571.0,德力股份,2019-12-31,2019.0,867311207.24,安徽省,
9648,2690.0,美亚光电,2019-12-31,2019.0,1500778300.42,安徽省,
9649,2817.0,黄山胶囊,2019-12-31,2019.0,325557296.04,安徽省,
9650,300009.0,安科生物,2019-12-31,2019.0,1712529669.21,安徽省,
9651,300088.0,长信科技,2019-12-31,2019.0,6023777582.46,安徽省,
9652,300090.0,盛运环保,2019-12-31,2019.0,635669561.19,安徽省,
9653,300247.0,融捷健康,2019-12-31,2019.0,730153384.04,安徽省,
9654,300274.0,阳光电源,2019-12-31,2019.0,13003331783.65,安徽省,
9655,300452.0,山河药辅,2019-12-31,2019.0,464067090.69,安徽省,
9656,300595.0,欧普康视,2019-12-31,2019.0,646903716.16,安徽省,
9657,301321.0,翰博高新,2019-12-31,2019.0,2379818341.92,安徽省,
9658,430478.0,峆一药业,2019-12-31,2019.0,150492122.42,安徽省,
9659,430718.0,合肥高科,2019-12-31,2019.0,510939883.26,安徽省,
9660,600063.0,皖维高新,2019-12-31,2019.0,6356379638.42,安徽省,
9661,600218.0,全柴动力,2019-12-31,2019.0,4044447405.35,安徽省,
9662,600237.0,铜峰电子,2019-12-31,2019.0,822056685.8,安徽省,
9663,600255.0,梦舟股份,2019-12-31,2019.0,3544771438.26,安徽省,
9664,600444.0,国机通用,2019-12-31,2019.0,678267198.79,安徽省,
9665,600520.0,文一科技,2019-12-31,2019.0,258763584.39,安徽省,
9666,600552.0,凯盛科技,2019-12-31,2019.0,4518311135.46,安徽省,
9667,600577.0,精达股份,2019-12-31,2019.0,11997432321.66,安徽省,
9668,600585.0,海螺水泥,2019-12-31,2019.0,157030328135.0,安徽省,
9669,600761.0,安徽合力,2019-12-31,2019.0,10130234608.77,安徽省,
9670,600983.0,惠而浦,2019-12-31,2019.0,5281658055.31,安徽省,
9671,600990.0,四创电子,2019-12-31,2019.0,3670966927.91,安徽省,
9672,603011.0,合锻智能,2019-12-31,2019.0,694964965.16,安徽省,
9673,603308.0,应流股份,2019-12-31,2019.0,1860466263.02,安徽省,
9674,603356.0,华菱精工,2019-12-31,2019.0,1442613050.15,安徽省,
9675,603527.0,众源新材,2019-12-31,2019.0,3223651511.0,安徽省,
9676,603656.0,泰禾光电,2019-12-31,2019.0,385162337.75,安徽省,
9677,603689.0,皖天然气,2019-12-31,2019.0,4171197902.35,安徽省,
9678,831856.0,浩淼科技,2019-12-31,2019.0,521987788.26,安徽省,
9679,833994.0,翰博高新,2019-12-31,2019.0,2379818341.92,安徽省,
9680,835892.0,中科美菱,2019-12-31,2019.0,222867915.68,安徽省,
9681,870357.0,雅葆轩,2019-12-31,2019.0,68910951.73,安徽省,
9682,871981.0,晶赛科技,2019-12-31,2019.0,228870746.92,安徽省,
9683,,,,,399150605221.79,安徽省 汇总,
9684,605.0,渤海股份,2019-12-31,2019.0,1898551961.95,北京市,
9685,725.0,京东方A,2019-12-31,2019.0,116059590164.0,北京市,
9686,786.0,北新建材,2019-12-31,2019.0,13323011974.0,北京市,
9687,931.0,中关村,2019-12-31,2019.0,2135149042.74,北京市,
9688,938.0,紫光股份,2019-12-31,2019.0,54099057664.94,北京市,
9689,970.0,中科三环,2019-12-31,2019.0,4034511560.53,北京市,
9690,2038.0,双鹭药业,2019-12-31,2019.0,2029703659.83,北京市,
9691,2066.0,瑞泰科技,2019-12-31,2019.0,3900341151.51,北京市,
9692,2151.0,北斗星通,2019-12-31,2019.0,2987002576.45,北京市,
9693,2271.0,东方雨虹,2019-12-31,2019.0,18154344171.4,北京市,
9694,2350.0,北京科锐,2019-12-31,2019.0,2420992908.36,北京市,
9695,2362.0,汉王科技,2019-12-31,2019.0,1104507778.97,北京市,
9696,2371.0,北方华创,2019-12-31,2019.0,4058312881.7,北京市,
9697,2383.0,合众思壮,2019-12-31,2019.0,1413087015.17,北京市,
9698,2392.0,北京利尔,2019-12-31,2019.0,3742406925.09,北京市,
9699,2658.0,雪迪龙,2019-12-31,2019.0,1243286319.29,北京市,
9700,2665.0,首航节能,2019-12-31,2019.0,744084663.39,北京市,
9701,2738.0,中矿资源,2019-12-31,2019.0,1164933484.85,北京市,
9702,2755.0,奥赛康,2019-12-31,2019.0,4518631692.41,北京市,
9703,2829.0,星网宇达,2019-12-31,2019.0,398731281.54,北京市,
9704,2893.0,华通热力,2019-12-31,2019.0,919527678.6,北京市,
9705,2955.0,鸿合科技,2019-12-31,2019.0,4830469665.32,北京市,
9706,300003.0,乐普医疗,2019-12-31,2019.0,7795529386.34,北京市,
9707,300016.0,北陆药业,2019-12-31,2019.0,819119389.78,北京市,
9708,300034.0,钢研高纳,2019-12-31,2019.0,1446458606.03,北京市,
9709,300045.0,华力创通,2019-12-31,2019.0,640770953.61,北京市,
9710,300048.0,合康新能,2019-12-31,2019.0,1303728042.87,北京市,
9711,300065.0,海兰信,2019-12-31,2019.0,812157031.6,北京市,
9712,300073.0,当升科技,2019-12-31,2019.0,2284175396.2,北京市,
9713,300079.0,数码科技,2019-12-31,2019.0,1016372858.55,北京市,
9714,300139.0,晓程科技,2019-12-31,2019.0,359698409.2,北京市,
9715,300204.0,舒泰神,2019-12-31,2019.0,661490407.23,北京市,
9716,300213.0,佳讯飞鸿,2019-12-31,2019.0,1339490849.55,北京市,
9717,300223.0,北京君正,2019-12-31,2019.0,339351160.33,北京市,
9718,300282.0,三盛教育,2019-12-31,2019.0,681842978.17,北京市,
9719,300289.0,利德曼,2019-12-31,2019.0,515143483.47,北京市,
9720,300296.0,利亚德,2019-12-31,2019.0,9047469208.3,北京市,
9721,300318.0,博晖创新,2019-12-31,2019.0,628340031.11,北京市,
9722,300332.0,天壕环境,2019-12-31,2019.0,1807111307.68,北京市,
9723,300353.0,东土科技,2019-12-31,2019.0,815987277.81,北京市,
9724,300367.0,东方网力,2019-12-31,2019.0,353502239.04,北京市,
9725,300374.0,恒通科技,2019-12-31,2019.0,954134726.86,北京市,
9726,300406.0,九强生物,2019-12-31,2019.0,840861681.24,北京市,
9727,300430.0,诚益通,2019-12-31,2019.0,689199686.2,北京市,
9728,300444.0,双杰电气,2019-12-31,2019.0,1701250776.83,北京市,
9729,300445.0,康斯特,2019-12-31,2019.0,286407471.57,北京市,
9730,300449.0,汉邦高科,2019-12-31,2019.0,515414228.13,北京市,
9731,300455.0,康拓红外,2019-12-31,2019.0,927742355.27,北京市,
9732,300456.0,耐威科技,2019-12-31,2019.0,717966331.76,北京市,
9733,300472.0,新元科技,2019-12-31,2019.0,485881377.19,北京市,
9734,300477.0,合纵科技,2019-12-31,2019.0,1894304152.76,北京市,
9735,300485.0,赛升药业,2019-12-31,2019.0,1190902506.19,北京市,
9736,300593.0,新雷能,2019-12-31,2019.0,772346082.94,北京市,
9737,300661.0,圣邦股份,2019-12-31,2019.0,792494891.33,北京市,
9738,300667.0,必创科技,2019-12-31,2019.0,365252919.74,北京市,
9739,430047.0,诺思兰德,2019-12-31,2019.0,7251660.89,北京市,
9740,600008.0,首创股份,2019-12-31,2019.0,14907273552.24,北京市,
9741,600011.0,华能国际,2019-12-31,2019.0,173484800604.0,北京市,
9742,600055.0,万东医疗,2019-12-31,2019.0,982372019.19,北京市,
9743,600062.0,华润双鹤,2019-12-31,2019.0,9380989927.55,北京市,
9744,600085.0,同仁堂,2019-12-31,2019.0,13277123199.46,北京市,
9745,600100.0,同方股份,2019-12-31,2019.0,23040436214.75,北京市,
9746,600118.0,中国卫星,2019-12-31,2019.0,6463262389.74,北京市,
9747,600161.0,天坛生物,2019-12-31,2019.0,3281859560.77,北京市,
9748,600176.0,中国巨石,2019-12-31,2019.0,10493293115.71,北京市,
9749,600195.0,中牧股份,2019-12-31,2019.0,4117059373.38,北京市,
9750,600198.0,大唐电信,2019-12-31,2019.0,1430647507.1,北京市,
9751,600206.0,有研新材,2019-12-31,2019.0,10452454056.87,北京市,
9752,600271.0,航天信息,2019-12-31,2019.0,33904078037.08,北京市,
9753,600288.0,大恒科技,2019-12-31,2019.0,3305797829.49,北京市,
9754,600299.0,安迪苏,2019-12-31,2019.0,11135489839.0,北京市,
9755,600361.0,华联综超,2019-12-31,2019.0,11992725178.75,北京市,
9756,600405.0,动力源,2019-12-31,2019.0,1244739999.73,北京市,
9757,600435.0,北方导航,2019-12-31,2019.0,2293110040.27,北京市,
9758,600485.0,*ST 信威,2019-12-31,2019.0,273141249.14,北京市,
9759,600560.0,金自天正,2019-12-31,2019.0,660103031.71,北京市,
9760,600578.0,京能电力,2019-12-31,2019.0,18438355025.05,北京市,
9761,600582.0,天地科技,2019-12-31,2019.0,19383573224.12,北京市,
9762,600764.0,中国海防,2019-12-31,2019.0,4073965077.03,北京市,
9763,600855.0,航天长峰,2019-12-31,2019.0,2592273689.21,北京市,
9764,600860.0,京城股份,2019-12-31,2019.0,1195847102.19,北京市,
9765,600900.0,长江电力,2019-12-31,2019.0,49874086874.95,北京市,
9766,600980.0,北矿科技,2019-12-31,2019.0,498539267.5,北京市,
9767,601016.0,节能风电,2019-12-31,2019.0,2487370654.42,北京市,
9768,601126.0,四方股份,2019-12-31,2019.0,3681198033.45,北京市,
9769,601558.0,ST 锐电,2019-12-31,2019.0,628656373.12,北京市,
9770,601600.0,中国铝业,2019-12-31,2019.0,190074161000.0,北京市,
9771,601908.0,京运通,2019-12-31,2019.0,2057403280.36,北京市,
9772,601985.0,中国核电,2019-12-31,2019.0,46067155090.72,北京市,
9773,601991.0,大唐发电,2019-12-31,2019.0,95453055000.0,北京市,
9774,601992.0,金隅集团,2019-12-31,2019.0,91829311097.05,北京市,
9775,603025.0,大豪科技,2019-12-31,2019.0,972860763.09,北京市,
9776,603267.0,鸿远电子,2019-12-31,2019.0,1054459334.18,北京市,
9777,603516.0,淳中科技,2019-12-31,2019.0,371252212.25,北京市,
9778,603590.0,康辰药业,2019-12-31,2019.0,1065924550.73,北京市,
9779,603616.0,韩建河山,2019-12-31,2019.0,977430417.78,北京市,
9780,603803.0,瑞斯康达,2019-12-31,2019.0,2372534956.68,北京市,
9781,603986.0,兆易创新,2019-12-31,2019.0,3202917103.2,北京市,
9782,688028.0,沃尔德,2019-12-31,2019.0,255014004.76,北京市,
9783,688068.0,热景生物,2019-12-31,2019.0,210412323.25,北京市,
9784,688080.0,映翰通,2019-12-31,2019.0,296652506.71,北京市,
9785,688169.0,石头科技,2019-12-31,2019.0,4204901983.0,北京市,
9786,688181.0,八亿时空,2019-12-31,2019.0,430411466.5,北京市,
9787,688198.0,佰仁医疗,2019-12-31,2019.0,146033296.55,北京市,
9788,688200.0,华峰测控,2019-12-31,2019.0,254610663.45,北京市,
9789,830879.0,基康仪器,2019-12-31,2019.0,171078671.02,北京市,
9790,833575.0,康乐卫士,2019-12-31,2019.0,24689485.89,北京市,
9791,835179.0,凯德石英,2019-12-31,2019.0,154504769.81,北京市,
9792,837344.0,三元基因,2019-12-31,2019.0,278250341.85,北京市,
9793,871553.0,凯腾精工,2019-12-31,2019.0,340893974.33,北京市,
9794,872808.0,曙光数创,2019-12-31,2019.0,291708695.25,北京市,
9795,,,,,1171521635123.19,北京市 汇总,
9796,536.0,华映科技,2019-12-31,2019.0,1474124196.43,福建省,
9797,547.0,航天发展,2019-12-31,2019.0,4039258215.89,福建省,
9798,993.0,闽东电力,2019-12-31,2019.0,596851052.35,福建省,
9799,2102.0,ST 冠福,2019-12-31,2019.0,15935570983.22,福建省,
9800,2222.0,福晶科技,2019-12-31,2019.0,501145707.58,福建省,
9801,2300.0,太阳电缆,2019-12-31,2019.0,6974865051.26,福建省,
9802,2335.0,科华恒盛,2019-12-31,2019.0,3869308154.6,福建省,
9803,2396.0,星网锐捷,2019-12-31,2019.0,9265767751.41,福建省,
9804,2509.0,天广中茂,2019-12-31,2019.0,1036924641.99,福建省,
9805,2529.0,海源复材,2019-12-31,2019.0,217657512.98,福建省,
9806,2578.0,闽发铝业,2019-12-31,2019.0,1463303287.51,福建省,
9807,2614.0,奥佳华,2019-12-31,2019.0,5276271252.16,福建省,
9808,2639.0,雪人股份,2019-12-31,2019.0,1513568678.62,福建省,
9809,2729.0,好利来,2019-12-31,2019.0,178077303.92,福建省,
9810,2785.0,万里石,2019-12-31,2019.0,1022456184.7,福建省,
9811,2868.0,绿康生化,2019-12-31,2019.0,303759977.46,福建省,
9812,2901.0,大博医疗,2019-12-31,2019.0,1257317998.46,福建省,
9813,2925.0,盈趣科技,2019-12-31,2019.0,3854442532.64,福建省,
9814,200512.0,闽灿坤B,2019-12-31,2019.0,2001939841.94,福建省,
9815,300056.0,三维丝,2019-12-31,2019.0,1475739097.45,福建省,
9816,300062.0,中能电气,2019-12-31,2019.0,920632508.6,福建省,
9817,300102.0,乾照光电,2019-12-31,2019.0,1039240844.4,福建省,
9818,300341.0,麦克奥迪,2019-12-31,2019.0,1118092929.88,福建省,
9819,300427.0,红相股份,2019-12-31,2019.0,1113406253.38,福建省,
9820,300436.0,广生堂,2019-12-31,2019.0,414866330.97,福建省,
9821,300628.0,亿联网络,2019-12-31,2019.0,2489346726.31,福建省,
9822,300632.0,光莆股份,2019-12-31,2019.0,982801717.09,福建省,
9823,300648.0,星云股份,2019-12-31,2019.0,365583908.66,福建省,
9824,300657.0,弘信电子,2019-12-31,2019.0,2469638009.46,福建省,
9825,300685.0,艾德生物,2019-12-31,2019.0,578355544.11,福建省,
9826,300750.0,宁德时代,2019-12-31,2019.0,45788020642.41,福建省,
9827,600163.0,中闽能源,2019-12-31,2019.0,580751341.1,福建省,
9828,600203.0,福日电子,2019-12-31,2019.0,11377416397.58,福建省,
9829,600388.0,龙净环保,2019-12-31,2019.0,10935027561.9,福建省,
9830,600436.0,片仔癀,2019-12-31,2019.0,5722273431.36,福建省,
9831,600483.0,福能股份,2019-12-31,2019.0,9945408144.1,福建省,
9832,600549.0,厦门钨业,2019-12-31,2019.0,17395515759.7,福建省,
9833,600563.0,法拉电子,2019-12-31,2019.0,1680321948.29,福建省,
9834,600592.0,龙溪股份,2019-12-31,2019.0,946028497.39,福建省,
9835,600660.0,福耀玻璃,2019-12-31,2019.0,21103877523.0,福建省,
9836,600734.0,实达集团,2019-12-31,2019.0,1556985105.98,福建省,
9837,600802.0,福建水泥,2019-12-31,2019.0,3043783250.03,福建省,
9838,600815.0,*ST 厦工,2019-12-31,2019.0,1871513157.55,福建省,
9839,600870.0,ST 厦华,2019-12-31,2019.0,28439255.2,福建省,
9840,603663.0,三祥新材,2019-12-31,2019.0,761083724.61,福建省,
9841,603678.0,火炬电子,2019-12-31,2019.0,2569393412.72,福建省,
9842,603686.0,龙马环卫,2019-12-31,2019.0,4227925740.42,福建省,
9843,603817.0,海峡环保,2019-12-31,2019.0,640550658.48,福建省,
9844,603826.0,坤彩科技,2019-12-31,2019.0,617005963.84,福建省,
9845,603893.0,瑞芯微,2019-12-31,2019.0,1407725738.37,福建省,
9846,603933.0,睿能科技,2019-12-31,2019.0,1477855379.39,福建省,
9847,688010.0,福光股份,2019-12-31,2019.0,579906987.91,福建省,
9848,688278.0,特宝生物,2019-12-31,2019.0,729666393.33,福建省,
9849,688398.0,赛特新材,2019-12-31,2019.0,400925826.49,福建省,
9850,,,,,219137716036.58,福建省 汇总,
9851,672.0,上峰水泥,2019-12-31,2019.0,7412062639.19,甘肃省,
9852,791.0,甘肃电投,2019-12-31,2019.0,2267603850.39,甘肃省,
9853,2185.0,华天科技,2019-12-31,2019.0,8103490628.12,甘肃省,
9854,2644.0,佛慈制药,2019-12-31,2019.0,628815164.07,甘肃省,
9855,300534.0,陇神戎发,2019-12-31,2019.0,239003313.49,甘肃省,
9856,600192.0,长城电工,2019-12-31,2019.0,1917481614.94,甘肃省,
9857,600516.0,方大炭素,2019-12-31,2019.0,6750905186.42,甘肃省,
9858,600720.0,祁连山,2019-12-31,2019.0,6931326473.55,甘肃省,
9859,600886.0,国投电力,2019-12-31,2019.0,42433460265.79,甘肃省,
9860,601212.0,白银有色,2019-12-31,2019.0,61700280812.11,甘肃省,
9861,601798.0,ST 蓝科,2019-12-31,2019.0,1079406128.92,甘肃省,
9862,603169.0,兰石重装,2019-12-31,2019.0,3437821912.85,甘肃省,
9863,,,,,142901657989.84,甘肃省 汇总,
9864,12.0,南玻A,2019-12-31,2019.0,10472028099.0,广东省,
9865,16.0,深康佳A,2019-12-31,2019.0,55119125478.72,广东省,
9866,20.0,深华发A,2019-12-31,2019.0,721557440.51,广东省,
9867,21.0,深科技,2019-12-31,2019.0,13223818815.08,广东省,
9868,23.0,深天地A,2019-12-31,2019.0,1830534177.08,广东省,
9869,27.0,深圳能源,2019-12-31,2019.0,20817004465.54,广东省,
9870,37.0,深南电A,2019-12-31,2019.0,1222577954.53,广东省,
9871,40.0,东旭蓝天,2019-12-31,2019.0,6805761615.72,广东省,
9872,45.0,深纺织A,2019-12-31,2019.0,2158184855.71,广东省,
9873,49.0,德赛电池,2019-12-31,2019.0,18442687582.11,广东省,
9874,50.0,深天马A,2019-12-31,2019.0,30281970068.28,广东省,
9875,60.0,中金岭南,2019-12-31,2019.0,22800522837.36,广东省,
9876,63.0,中兴通讯,2019-12-31,2019.0,90736582000.0,广东省,
9877,66.0,中国长城,2019-12-31,2019.0,10843784576.71,广东省,
9878,70.0,特发信息,2019-12-31,2019.0,4328357960.44,广东省,
9879,100.0,TCL集团,2019-12-31,2019.0,74933086000.0,广东省,
9880,333.0,美的集团,2019-12-31,2019.0,278216017000.0,广东省,
9881,513.0,丽珠集团,2019-12-31,2019.0,9384695835.01,广东省,
9882,531.0,穗恒运A,2019-12-31,2019.0,3228593752.37,广东省,
9883,533.0,顺钠股份,2019-12-31,2019.0,1373705459.33,广东省,
9884,534.0,万泽股份,2019-12-31,2019.0,548735086.55,广东省,
9885,539.0,粤电力A,2019-12-31,2019.0,29360155150.0,广东省,
9886,541.0,佛山照明,2019-12-31,2019.0,3337576747.66,广东省,
9887,576.0,广东甘化,2019-12-31,2019.0,494554058.97,广东省,
9888,601.0,韶能股份,2019-12-31,2019.0,4306246217.83,广东省,
9889,636.0,风华高科,2019-12-31,2019.0,3293174130.4,广东省,
9890,651.0,格力电器,2019-12-31,2019.0,198153027540.35,广东省,
9891,685.0,中山公用,2019-12-31,2019.0,2219578462.61,广东省,
9892,690.0,宝新能源,2019-12-31,2019.0,5626823268.01,广东省,
9893,782.0,美达股份,2019-12-31,2019.0,2986546203.12,广东省,
9894,823.0,超声电子,2019-12-31,2019.0,4841691224.99,广东省,
9895,921.0,海信家电,2019-12-31,2019.0,37453043968.74,广东省,
9896,999.0,华润三九,2019-12-31,2019.0,14701918763.71,广东省,
9897,2005.0,*ST 德豪,2019-12-31,2019.0,2980356543.25,广东省,
9898,2008.0,大族激光,2019-12-31,2019.0,9562627343.69,广东省,
9899,2017.0,东信和平,2019-12-31,2019.0,1178720034.45,广东省,
9900,2030.0,达安基因,2019-12-31,2019.0,1098217159.07,广东省,
9901,2031.0,巨轮智能,2019-12-31,2019.0,1406523306.22,广东省,
9902,2035.0,华帝股份,2019-12-31,2019.0,5748057618.6,广东省,
9903,2045.0,国光电器,2019-12-31,2019.0,4445544317.0,广东省,
9904,2052.0,同洲电子,2019-12-31,2019.0,782275986.27,广东省,
9905,2055.0,得润电子,2019-12-31,2019.0,7486212149.89,广东省,
9906,2076.0,雪莱特,2019-12-31,2019.0,353529640.2,广东省,
9907,2106.0,莱宝高科,2019-12-31,2019.0,4802171361.91,广东省,
9908,2121.0,科陆电子,2019-12-31,2019.0,3195325075.74,广东省,
9909,2130.0,沃尔核材,2019-12-31,2019.0,3978083207.29,广东省,
9910,2137.0,麦达数字,2019-12-31,2019.0,763029246.12,广东省,
9911,2138.0,顺络电子,2019-12-31,2019.0,2693227392.47,广东省,
9912,2139.0,拓邦股份,2019-12-31,2019.0,4098855380.7,广东省,
9913,2141.0,贤丰控股,2019-12-31,2019.0,989540672.0,广东省,
9914,2152.0,广电运通,2019-12-31,2019.0,6496265096.84,广东省,
9915,2161.0,远望谷,2019-12-31,2019.0,628849638.04,广东省,
9916,2167.0,东方锆业,2019-12-31,2019.0,471620283.32,广东省,
9917,2169.0,智光电气,2019-12-31,2019.0,2553616044.57,广东省,
9918,2177.0,御银股份,2019-12-31,2019.0,213971979.32,广东省,
9919,2180.0,纳思达,2019-12-31,2019.0,23295845261.03,广东省,
9920,2198.0,嘉应制药,2019-12-31,2019.0,500504004.47,广东省,
9921,2209.0,达意隆,2019-12-31,2019.0,712141409.55,广东省,
9922,2218.0,拓日新能,2019-12-31,2019.0,1053891907.66,广东省,
9923,2227.0,奥特迅,2019-12-31,2019.0,338925537.06,广东省,
9924,2233.0,塔牌集团,2019-12-31,2019.0,6890702383.14,广东省,
9925,2240.0,威华股份,2019-12-31,2019.0,2278792184.56,广东省,
9926,2249.0,大洋电机,2019-12-31,2019.0,8145952951.58,广东省,
9927,2256.0,兆新股份,2019-12-31,2019.0,431282903.18,广东省,
9928,2260.0,*ST 德奥,2019-12-31,2019.0,467769887.01,广东省,
9929,2288.0,超华科技,2019-12-31,2019.0,1321304306.1,广东省,
9930,2289.0,*ST 宇顺,2019-12-31,2019.0,204480296.28,广东省,
9931,2294.0,信立泰,2019-12-31,2019.0,4470465980.59,广东省,
9932,2295.0,精艺股份,2019-12-31,2019.0,5125596178.06,广东省,
9933,2308.0,威创股份,2019-12-31,2019.0,1101742157.35,广东省,
9934,2313.0,日海智能,2019-12-31,2019.0,4773459061.6,广东省,
9935,2317.0,众生药业,2019-12-31,2019.0,2531516439.28,广东省,
9936,2334.0,英威腾,2019-12-31,2019.0,2242025148.99,广东省,
9937,2351.0,漫步者,2019-12-31,2019.0,1243145579.53,广东省,
9938,2369.0,卓翼科技,2019-12-31,2019.0,3343171426.76,广东省,
9939,2387.0,维信诺,2019-12-31,2019.0,2689559155.68,广东省,
9940,2388.0,新亚制程,2019-12-31,2019.0,1506186044.0,广东省,
9941,2399.0,海普瑞,2019-12-31,2019.0,4624653616.42,广东省,
9942,2402.0,和而泰,2019-12-31,2019.0,3649383104.32,广东省,
9943,2429.0,兆驰股份,2019-12-31,2019.0,13302201407.11,广东省,
9944,2433.0,太安堂,2019-12-31,2019.0,3997370450.34,广东省,
9945,2436.0,兴森科技,2019-12-31,2019.0,3803722198.74,广东省,
9946,2446.0,盛路通信,2019-12-31,2019.0,1333581260.18,广东省,
9947,2449.0,国星光电,2019-12-31,2019.0,4069104731.32,广东省,
9948,2456.0,欧菲光,2019-12-31,2019.0,51974129540.27,广东省,
9949,2465.0,海格通信,2019-12-31,2019.0,4607107847.47,广东省,
9950,2475.0,立讯精密,2019-12-31,2019.0,62516314588.42,广东省,
9951,2512.0,达华智能,2019-12-31,2019.0,2282668017.19,广东省,
9952,2518.0,科士达,2019-12-31,2019.0,2610172522.47,广东省,
9953,2528.0,英飞拓,2019-12-31,2019.0,4420350319.45,广东省,
9954,2543.0,万和电气,2019-12-31,2019.0,6219710301.45,广东省,
9955,2551.0,尚荣医疗,2019-12-31,2019.0,1530819966.88,广东省,
9956,2577.0,雷柏科技,2019-12-31,2019.0,449680144.28,广东省,
9957,2579.0,中京电子,2019-12-31,2019.0,2098774792.77,广东省,
9958,2583.0,海能达,2019-12-31,2019.0,7843538994.25,广东省,
9959,2587.0,奥拓电子,2019-12-31,2019.0,1245130420.49,广东省,
9960,2600.0,领益智造,2019-12-31,2019.0,23915823147.04,广东省,
9961,2611.0,东方精工,2019-12-31,2019.0,9973503602.19,广东省,
9962,2618.0,丹邦科技,2019-12-31,2019.0,347148108.89,广东省,
9963,2638.0,勤上股份,2019-12-31,2019.0,1252625209.1,广东省,
9964,2660.0,茂硕电源,2019-12-31,2019.0,1247847109.57,广东省,
9965,2668.0,奥马电器,2019-12-31,2019.0,7392507540.78,广东省,
9966,2681.0,奋达科技,2019-12-31,2019.0,3535639194.26,广东省,
9967,2684.0,*ST 猛狮,2019-12-31,2019.0,1322724587.14,广东省,
9968,2705.0,新宝股份,2019-12-31,2019.0,9124532014.7,广东省,
9969,2723.0,金莱特,2019-12-31,2019.0,1000817902.93,广东省,
9970,2724.0,海洋王,2019-12-31,2019.0,1494580747.78,广东省,
9971,2728.0,特一药业,2019-12-31,2019.0,921122276.68,广东省,
9972,2733.0,雄韬股份,2019-12-31,2019.0,2931820343.81,广东省,
9973,2745.0,木林森,2019-12-31,2019.0,18972686221.3,广东省,
9974,2757.0,南兴股份,2019-12-31,2019.0,1519972765.92,广东省,
9975,2759.0,天际股份,2019-12-31,2019.0,774320227.83,广东省,
9976,2766.0,*ST 索菱,2019-12-31,2019.0,939418973.78,广东省,
9977,2774.0,快意电梯,2019-12-31,2019.0,821580989.74,广东省,
9978,2782.0,可立克,2019-12-31,2019.0,1109472659.74,广东省,
9979,2786.0,银宝山新,2019-12-31,2019.0,2779183852.05,广东省,
9980,2792.0,通宇通讯,2019-12-31,2019.0,1637984252.5,广东省,
9981,2806.0,华锋股份,2019-12-31,2019.0,706221423.29,广东省,
9982,2813.0,路畅科技,2019-12-31,2019.0,770225996.92,广东省,
9983,2815.0,崇达技术,2019-12-31,2019.0,3727450770.41,广东省,
9984,2816.0,和科达,2019-12-31,2019.0,143942395.96,广东省,
9985,2823.0,凯中精密,2019-12-31,2019.0,2023574349.17,广东省,
9986,2824.0,和胜股份,2019-12-31,2019.0,1333115571.26,广东省,
9987,2833.0,弘亚数控,2019-12-31,2019.0,1311010240.18,广东省,
9988,2835.0,同为股份,2019-12-31,2019.0,636044012.31,广东省,
9989,2837.0,英维克,2019-12-31,2019.0,1337544861.8,广东省,
9990,2841.0,视源股份,2019-12-31,2019.0,17052701667.82,广东省,
9991,2842.0,翔鹭钨业,2019-12-31,2019.0,1479785363.58,广东省,
9992,2845.0,同兴达,2019-12-31,2019.0,6195959819.12,广东省,
9993,2851.0,麦格米特,2019-12-31,2019.0,3559587190.35,广东省,
9994,2855.0,捷荣技术,2019-12-31,2019.0,2778984353.55,广东省,
9995,2869.0,金溢科技,2019-12-31,2019.0,2860155936.39,广东省,
9996,2876.0,三利谱,2019-12-31,2019.0,1450668675.41,广东省,
9997,2880.0,卫光生物,2019-12-31,2019.0,821469063.68,广东省,
9998,2881.0,美格智能,2019-12-31,2019.0,932835034.88,广东省,
9999,2882.0,金龙羽,2019-12-31,2019.0,3846622652.7,广东省,
10000,2884.0,凌霄泵业,2019-12-31,2019.0,1135156054.7,广东省,
10001,2885.0,京泉华,2019-12-31,2019.0,1332821585.18,广东省,
10002,2888.0,惠威科技,2019-12-31,2019.0,274816055.36,广东省,
10003,2898.0,赛隆药业,2019-12-31,2019.0,293466984.61,广东省,
10004,2902.0,铭普光磁,2019-12-31,2019.0,1400862935.98,广东省,
10005,2906.0,华阳集团,2019-12-31,2019.0,3383409896.94,广东省,
10006,2911.0,佛燃股份,2019-12-31,2019.0,6426883211.93,广东省,
10007,2916.0,深南电路,2019-12-31,2019.0,10524196882.92,广东省,
10008,2918.0,蒙娜丽莎,2019-12-31,2019.0,3804061497.61,广东省,
10009,2922.0,伊戈尔,2019-12-31,2019.0,1296559124.7,广东省,
10010,2923.0,润都股份,2019-12-31,2019.0,1359908295.5,广东省,
10011,2938.0,鹏鼎控股,2019-12-31,2019.0,26614629372.49,广东省,
10012,2953.0,日丰股份,2019-12-31,2019.0,1539539280.34,广东省,
10013,2957.0,科瑞技术,2019-12-31,2019.0,1871951550.71,广东省,
10014,2959.0,小熊电器,2019-12-31,2019.0,2687963985.41,广东省,
10015,2972.0,科安达,2019-12-31,2019.0,320820617.99,广东省,
10016,2975.0,博杰股份,2019-12-31,2019.0,824939964.66,广东省,
10017,3816.0,中国广核,2019-12-31,2019.0,60875176254.9,广东省,
10018,300004.0,南风股份,2019-12-31,2019.0,848682354.92,广东省,
10019,300014.0,亿纬锂能,2019-12-31,2019.0,6411641552.23,广东省,
10020,300030.0,阳普医疗,2019-12-31,2019.0,575061342.97,广东省,
10021,300042.0,朗科科技,2019-12-31,2019.0,1194123466.43,广东省,
10022,300053.0,欧比特,2019-12-31,2019.0,851703526.46,广东省,
10023,300057.0,万顺新材,2019-12-31,2019.0,4452155649.03,广东省,
10024,300077.0,国民技术,2019-12-31,2019.0,394733173.32,广东省,
10025,300083.0,劲胜智能,2019-12-31,2019.0,5425646071.2,广东省,
10026,300089.0,文化长城,2019-12-31,2019.0,271336353.2,广东省,
10027,300093.0,金刚玻璃,2019-12-31,2019.0,612769304.55,广东省,
10028,300112.0,万讯自控,2019-12-31,2019.0,697149078.6,广东省,
10029,300115.0,长盈精密,2019-12-31,2019.0,8655207884.12,广东省,
10030,300124.0,汇川技术,2019-12-31,2019.0,7390370858.4,广东省,
10031,300130.0,新国都,2019-12-31,2019.0,3027887474.72,广东省,
10032,300134.0,大富科技,2019-12-31,2019.0,2337566465.61,广东省,
10033,300136.0,信维通信,2019-12-31,2019.0,5134041894.14,广东省,
10034,300147.0,香雪制药,2019-12-31,2019.0,2786199516.85,广东省,
10035,300151.0,昌红科技,2019-12-31,2019.0,715362940.09,广东省,
10036,300154.0,瑞凌股份,2019-12-31,2019.0,554780889.21,广东省,
10037,300155.0,安居宝,2019-12-31,2019.0,924120718.5,广东省,
10038,300162.0,雷曼光电,2019-12-31,2019.0,966897140.76,广东省,
10039,300173.0,智慧松德,2019-12-31,2019.0,252952658.34,广东省,
10040,300177.0,中海达,2019-12-31,2019.0,1619298447.73,广东省,
10041,300193.0,佳士科技,2019-12-31,2019.0,965557154.57,广东省,
10042,300199.0,翰宇药业,2019-12-31,2019.0,614191475.23,广东省,
10043,300206.0,理邦仪器,2019-12-31,2019.0,1136243020.52,广东省,
10044,300207.0,欣旺达,2019-12-31,2019.0,25240657906.82,广东省,
10045,300219.0,鸿利智汇,2019-12-31,2019.0,3593570974.04,广东省,
10046,300227.0,光韵达,2019-12-31,2019.0,790428593.71,广东省,
10047,300232.0,洲明科技,2019-12-31,2019.0,5604258795.37,广东省,
10048,300238.0,冠昊生物,2019-12-31,2019.0,437886453.72,广东省,
10049,300241.0,瑞丰光电,2019-12-31,2019.0,1371864162.13,广东省,
10050,300246.0,宝莱特,2019-12-31,2019.0,825961094.78,广东省,
10051,300252.0,金信诺,2019-12-31,2019.0,2676902821.09,广东省,
10052,300273.0,和佳股份,2019-12-31,2019.0,1218266797.51,广东省,
10053,300281.0,金明精机,2019-12-31,2019.0,283473180.5,广东省,
10054,300301.0,长方集团,2019-12-31,2019.0,1617021297.21,广东省,
10055,300303.0,聚飞光电,2019-12-31,2019.0,2506856474.33,广东省,
10056,300317.0,珈伟新能,2019-12-31,2019.0,840958962.88,广东省,
10057,300319.0,麦捷科技,2019-12-31,2019.0,1817743896.6,广东省,
10058,300322.0,硕贝德,2019-12-31,2019.0,1749506400.24,广东省,
10059,300335.0,迪森股份,2019-12-31,2019.0,1460955401.39,广东省,
10060,300340.0,科恒股份,2019-12-31,2019.0,1839913629.72,广东省,
10061,300376.0,易事特,2019-12-31,2019.0,3346693945.88,广东省,
10062,300381.0,溢多利,2019-12-31,2019.0,2048133404.03,广东省,
10063,300389.0,艾比森,2019-12-31,2019.0,2180567053.12,广东省,
10064,300400.0,劲拓股份,2019-12-31,2019.0,495387014.88,广东省,
10065,300403.0,汉宇集团,2019-12-31,2019.0,863796022.4,广东省,
10066,300408.0,三环集团,2019-12-31,2019.0,2726451719.14,广东省,
10067,300409.0,道氏技术,2019-12-31,2019.0,2986416006.02,广东省,
10068,300410.0,正业科技,2019-12-31,2019.0,1045970416.22,广东省,
10069,300415.0,伊之密,2019-12-31,2019.0,2113851319.88,广东省,
10070,300417.0,南华仪器,2019-12-31,2019.0,598714205.82,广东省,
10071,300438.0,鹏辉能源,2019-12-31,2019.0,3308448046.38,广东省,
10072,300457.0,赢合科技,2019-12-31,2019.0,1669764439.18,广东省,
10073,300458.0,全志科技,2019-12-31,2019.0,1463360308.85,广东省,
10074,300460.0,惠伦晶体,2019-12-31,2019.0,309942731.09,广东省,
10075,300476.0,胜宏科技,2019-12-31,2019.0,3884618905.81,广东省,
10076,300482.0,万孚生物,2019-12-31,2019.0,2072320901.12,广东省,
10077,300484.0,蓝海华腾,2019-12-31,2019.0,320088120.09,广东省,
10078,300499.0,高澜股份,2019-12-31,2019.0,816824961.24,广东省,
10079,300503.0,昊志机电,2019-12-31,2019.0,351514016.29,广东省,
10080,300514.0,友讯达,2019-12-31,2019.0,780403666.19,广东省,
10081,300521.0,爱司凯,2019-12-31,2019.0,164893657.61,广东省,
10082,300526.0,中潜股份,2019-12-31,2019.0,490294227.93,广东省,
10083,300529.0,健帆生物,2019-12-31,2019.0,1431819390.39,广东省,
10084,300531.0,优博讯,2019-12-31,2019.0,951309604.48,广东省,
10085,300543.0,朗科智能,2019-12-31,2019.0,1400678303.78,广东省,
10086,300545.0,联得装备,2019-12-31,2019.0,688637361.01,广东省,
10087,300546.0,雄帝科技,2019-12-31,2019.0,706190812.82,广东省,
10088,300562.0,乐心医疗,2019-12-31,2019.0,883668227.98,广东省,
10089,300565.0,科信技术,2019-12-31,2019.0,339068492.6,广东省,
10090,300570.0,太辰光,2019-12-31,2019.0,753231136.58,广东省,
10091,300572.0,安车检测,2019-12-31,2019.0,972674678.37,广东省,
10092,300601.0,康泰生物,2019-12-31,2019.0,1943331753.94,广东省,
10093,300602.0,飞荣达,2019-12-31,2019.0,2615270806.16,广东省,
10094,300606.0,金太阳,2019-12-31,2019.0,430124887.94,广东省,
10095,300607.0,拓斯达,2019-12-31,2019.0,1660363365.82,广东省,
10096,300615.0,欣天科技,2019-12-31,2019.0,229443756.13,广东省,
10097,300619.0,金银河,2019-12-31,2019.0,599589180.04,广东省,
10098,300620.0,光库科技,2019-12-31,2019.0,390780046.21,广东省,
10099,300625.0,三雄极光,2019-12-31,2019.0,2503921585.82,广东省,
10100,300629.0,新劲刚,2019-12-31,2019.0,198198942.81,广东省,
10101,300633.0,开立医疗,2019-12-31,2019.0,1253853575.06,广东省,
10102,300638.0,广和通,2019-12-31,2019.0,1915070926.11,广东省,
10103,300639.0,凯普生物,2019-12-31,2019.0,729392802.06,广东省,
10104,300647.0,超频三,2019-12-31,2019.0,535534119.3,广东省,
10105,300656.0,民德电子,2019-12-31,2019.0,305372201.35,广东省,
10106,300679.0,电连技术,2019-12-31,2019.0,2160692368.07,广东省,
10107,300681.0,英搏尔,2019-12-31,2019.0,318479504.6,广东省,
10108,300686.0,智动力,2019-12-31,2019.0,1742524833.38,广东省,
10109,300689.0,澄天伟业,2019-12-31,2019.0,349203657.1,广东省,
10110,300691.0,联合光电,2019-12-31,2019.0,1223788254.31,广东省,
10111,300693.0,盛弘股份,2019-12-31,2019.0,635844776.77,广东省,
10112,300711.0,广哈通信,2019-12-31,2019.0,267116574.91,广东省,
10113,300713.0,英可瑞,2019-12-31,2019.0,289420348.65,广东省,
10114,300720.0,海川智能,2019-12-31,2019.0,175803898.28,广东省,
10115,300723.0,一品红,2019-12-31,2019.0,1637405569.89,广东省,
10116,300724.0,捷佳伟创,2019-12-31,2019.0,2527163536.21,广东省,
10117,300735.0,光弘科技,2019-12-31,2019.0,2190441020.59,广东省,
10118,300737.0,科顺股份,2019-12-31,2019.0,4651957012.0,广东省,
10119,300739.0,明阳电路,2019-12-31,2019.0,1149543078.35,广东省,
10120,300752.0,隆利科技,2019-12-31,2019.0,1701423451.8,广东省,
10121,300760.0,迈瑞医疗,2019-12-31,2019.0,16555991314.0,广东省,
10122,300769.0,德方纳米,2019-12-31,2019.0,1054087723.12,广东省,
10123,300771.0,智莱科技,2019-12-31,2019.0,1045701120.65,广东省,
10124,300790.0,宇瞳光学,2019-12-31,2019.0,1231066880.4,广东省,
10125,300793.0,佳禾智能,2019-12-31,2019.0,2257323513.63,广东省,
10126,300808.0,久量股份,2019-12-31,2019.0,879602396.23,广东省,
10127,300811.0,铂科新材,2019-12-31,2019.0,402543322.9,广东省,
10128,300812.0,易天股份,2019-12-31,2019.0,488980035.2,广东省,
10129,430556.0,雅达股份,2019-12-31,2019.0,237134629.83,广东省,
10130,600098.0,广州发展,2019-12-31,2019.0,29534215007.2,广东省,
10131,600183.0,生益科技,2019-12-31,2019.0,13241085241.08,广东省,
10132,600332.0,白云山,2019-12-31,2019.0,64951777641.83,广东省,
10133,600380.0,健康元,2019-12-31,2019.0,11980153109.49,广东省,
10134,600499.0,科达洁能,2019-12-31,2019.0,6422423250.49,广东省,
10135,600518.0,ST 康美,2019-12-31,2019.0,11445545810.05,广东省,
10136,600525.0,长园集团,2019-12-31,2019.0,6415001809.36,广东省,
10137,600868.0,梅雁吉祥,2019-12-31,2019.0,288261745.2,广东省,
10138,600894.0,广日股份,2019-12-31,2019.0,6121891524.87,广东省,
10139,601138.0,工业富联,2019-12-31,2019.0,408697581000.0,广东省,
10140,601139.0,深圳燃气,2019-12-31,2019.0,14025273714.19,广东省,
10141,601615.0,明阳智能,2019-12-31,2019.0,10493157033.56,广东省,
10142,603002.0,宏昌电子,2019-12-31,2019.0,1635597484.38,广东省,
10143,603063.0,禾望电气,2019-12-31,2019.0,1786258128.4,广东省,
10144,603118.0,共进股份,2019-12-31,2019.0,7840845693.51,广东省,
10145,603160.0,汇顶科技,2019-12-31,2019.0,6473254534.5,广东省,
10146,603228.0,景旺电子,2019-12-31,2019.0,6332122845.94,广东省,
10147,603268.0,松发股份,2019-12-31,2019.0,580368752.36,广东省,
10148,603309.0,维力医疗,2019-12-31,2019.0,993812556.74,广东省,
10149,603328.0,依顿电子,2019-12-31,2019.0,3135375924.75,广东省,
10150,603386.0,广东骏亚,2019-12-31,2019.0,1472180953.85,广东省,
10151,603390.0,通达电气,2019-12-31,2019.0,784398926.8,广东省,
10152,603725.0,天安新材,2019-12-31,2019.0,868063597.7,广东省,
10153,603838.0,四通股份,2019-12-31,2019.0,405034953.68,广东省,
10154,603861.0,白云电器,2019-12-31,2019.0,2860963457.53,广东省,
10155,603920.0,世运电路,2019-12-31,2019.0,2438957177.5,广东省,
10156,603936.0,博敏电子,2019-12-31,2019.0,2669288071.08,广东省,
10157,603978.0,深圳新星,2019-12-31,2019.0,1033935692.71,广东省,
10158,688007.0,光峰科技,2019-12-31,2019.0,1979148918.89,广东省,
10159,688020.0,方邦股份,2019-12-31,2019.0,291693846.84,广东省,
10160,688025.0,杰普特,2019-12-31,2019.0,567679888.92,广东省,
10161,688036.0,传音控股,2019-12-31,2019.0,25345929613.02,广东省,
10162,688086.0,紫晶存储,2019-12-31,2019.0,516332148.05,广东省,
10163,688090.0,瑞松科技,2019-12-31,2019.0,730714061.69,广东省,
10164,688128.0,中国电研,2019-12-31,2019.0,2752397713.31,广东省,
10165,688138.0,清溢光电,2019-12-31,2019.0,479650905.3,广东省,
10166,688159.0,有方科技,2019-12-31,2019.0,782167255.47,广东省,
10167,688177.0,百奥泰,2019-12-31,2019.0,700000.0,广东省,
10168,688208.0,道通科技,2019-12-31,2019.0,1195799594.97,广东省,
10169,688321.0,微芯生物,2019-12-31,2019.0,173800400.62,广东省,
10170,688388.0,嘉元科技,2019-12-31,2019.0,1446049703.58,广东省,
10171,688389.0,普门科技,2019-12-31,2019.0,422644271.27,广东省,
10172,831167.0,鑫汇科,2019-12-31,2019.0,516722499.19,广东省,
10173,832110.0,雷特科技,2019-12-31,2019.0,97574423.08,广东省,
10174,832491.0,奥迪威,2019-12-31,2019.0,251364973.9,广东省,
10175,832876.0,慧为智能,2019-12-31,2019.0,286027114.5,广东省,
10176,833523.0,德瑞锂电,2019-12-31,2019.0,160897993.9,广东省,
10177,835185.0,贝特瑞,2019-12-31,2019.0,4390059430.22,广东省,
10178,836807.0,奔朗新材,2019-12-31,2019.0,597714190.96,广东省,
10179,837821.0,则成电子,2019-12-31,2019.0,292567696.42,广东省,
10180,839729.0,永顺生物,2019-12-31,2019.0,331493823.27,广东省,
10181,872374.0,云里物里,2019-12-31,2019.0,116034771.37,广东省,
10182,872925.0,锦好医疗,2019-12-31,2019.0,149094591.94,广东省,
10183,873001.0,纬达光电,2019-12-31,2019.0,194512310.21,广东省,
10184,,,,,2443724260259.3,广东省 汇总,
10185,528.0,柳工,2019-12-31,2019.0,19177295779.44,广西壮族自治区,
10186,703.0,恒逸石化,2019-12-31,2019.0,79620543631.74,广西壮族自治区,
10187,806.0,ST 银河,2019-12-31,2019.0,781439077.18,广西壮族自治区,
10188,953.0,*ST 河化,2019-12-31,2019.0,138660130.33,广西壮族自治区,
10189,2166.0,莱茵生物,2019-12-31,2019.0,741402631.26,广西壮族自治区,
10190,2175.0,*ST 东网,2019-12-31,2019.0,230920072.82,广西壮族自治区,
10191,2275.0,桂林三金,2019-12-31,2019.0,1640423731.48,广西壮族自治区,
10192,600236.0,桂冠电力,2019-12-31,2019.0,9043440069.26,广西壮族自治区,
10193,600252.0,中恒集团,2019-12-31,2019.0,3814056085.86,广西壮族自治区,
10194,600310.0,桂东电力,2019-12-31,2019.0,22919340421.72,广西壮族自治区,
10195,601368.0,绿城水务,2019-12-31,2019.0,1522972728.46,广西壮族自治区,
10196,832885.0,星辰科技,2019-12-31,2019.0,95070248.76,广西壮族自治区,
10197,,,,,139725564608.31,广西壮族自治区 汇总,
10198,733.0,振华科技,2019-12-31,2019.0,3668281841.8,贵州省,
10199,2025.0,航天电器,2019-12-31,2019.0,3533710584.98,贵州省,
10200,2039.0,黔源电力,2019-12-31,2019.0,2174381798.13,贵州省,
10201,2390.0,信邦制药,2019-12-31,2019.0,6655063577.5,贵州省,
10202,2424.0,贵州百灵,2019-12-31,2019.0,2850585250.74,贵州省,
10203,2873.0,新天药业,2019-12-31,2019.0,773337464.67,贵州省,
10204,2927.0,泰永长征,2019-12-31,2019.0,601461444.94,贵州省,
10205,600112.0,ST 天成,2019-12-31,2019.0,266355402.38,贵州省,
10206,600145.0,*ST 新亿,2019-12-31,2019.0,10382206.98,贵州省,
10207,600227.0,圣济堂,2019-12-31,2019.0,2026286236.7,贵州省,
10208,600594.0,益佰制药,2019-12-31,2019.0,3361025745.29,贵州省,
10209,600903.0,贵州燃气,2019-12-31,2019.0,4083024996.24,贵州省,
10210,830809.0,安达科技,2019-12-31,2019.0,153600087.65,贵州省,
10211,,,,,30157496638.0,贵州省 汇总,
10212,566.0,海南海药,2019-12-31,2019.0,2445289306.23,海南省,
10213,657.0,中钨高新,2019-12-31,2019.0,8084642493.1,海南省,
10214,2596.0,海南瑞泽,2019-12-31,2019.0,2576779523.54,海南省,
10215,2693.0,双成药业,2019-12-31,2019.0,346648798.62,海南省,
10216,300086.0,康芝药业,2019-12-31,2019.0,1008431482.87,海南省,
10217,300630.0,普利制药,2019-12-31,2019.0,950095207.86,海南省,
10218,,,,,15411886812.22,海南省 汇总,
10219,401.0,冀东水泥,2019-12-31,2019.0,34507031964.78,河北省,
10220,413.0,东旭光电,2019-12-31,2019.0,17528752785.8,河北省,
10221,600.0,建投能源,2019-12-31,2019.0,13963722824.86,河北省,
10222,687.0,华讯方舟,2019-12-31,2019.0,269478361.5,河北省,
10223,856.0,冀东装备,2019-12-31,2019.0,2546400307.04,河北省,
10224,2049.0,紫光国微,2019-12-31,2019.0,3430409964.8,河北省,
10225,2282.0,博深股份,2019-12-31,2019.0,1168217076.64,河北省,
10226,2459.0,晶澳科技,2019-12-31,2019.0,21155479989.81,河北省,
10227,2603.0,以岭药业,2019-12-31,2019.0,5825294498.85,河北省,
10228,2691.0,冀凯股份,2019-12-31,2019.0,391269397.31,河北省,
10229,2960.0,青鸟消防,2019-12-31,2019.0,2271095616.23,河北省,
10230,300137.0,先河环保,2019-12-31,2019.0,1374326135.32,河北省,
10231,300255.0,常山药业,2019-12-31,2019.0,2071479809.92,河北省,
10232,300368.0,汇金股份,2019-12-31,2019.0,846521153.95,河北省,
10233,300371.0,汇中股份,2019-12-31,2019.0,360263748.06,河北省,
10234,300491.0,通合科技,2019-12-31,2019.0,276716689.5,河北省,
10235,600149.0,ST 坊展,2019-12-31,2019.0,187255191.96,河北省,
10236,600550.0,保变电气,2019-12-31,2019.0,3517765338.85,河北省,
10237,600803.0,新奥股份,2019-12-31,2019.0,13544053454.88,河北省,
10238,600812.0,华北制药,2019-12-31,2019.0,10880767824.24,河北省,
10239,603050.0,科林电气,2019-12-31,2019.0,1427649292.41,河北省,
10240,603385.0,惠达卫浴,2019-12-31,2019.0,3210228496.58,河北省,
10241,835985.0,海泰新能,2019-12-31,2019.0,1918409093.1,河北省,
10242,,,,,142672589016.39,河北省 汇总,
10243,400.0,许继电气,2019-12-31,2019.0,10156082886.47,河南省,
10244,544.0,中原环保,2019-12-31,2019.0,1739717527.04,河南省,
10245,612.0,焦作万方,2019-12-31,2019.0,4761183623.18,河南省,
10246,933.0,神火股份,2019-12-31,2019.0,17617836735.23,河南省,
10247,949.0,新乡化纤,2019-12-31,2019.0,4804152548.3,河南省,
10248,1896.0,豫能控股,2019-12-31,2019.0,8089292687.79,河南省,
10249,2007.0,华兰生物,2019-12-31,2019.0,3699941990.2,河南省,
10250,2046.0,轴研科技,2019-12-31,2019.0,2085129258.09,河南省,
10251,2179.0,中航光电,2019-12-31,2019.0,9158826503.64,河南省,
10252,2189.0,中光学,2019-12-31,2019.0,2552362826.97,河南省,
10253,2225.0,濮耐股份,2019-12-31,2019.0,4140123441.85,河南省,
10254,2296.0,辉煌科技,2019-12-31,2019.0,504408910.17,河南省,
10255,2358.0,森源电气,2019-12-31,2019.0,1626751720.13,河南省,
10256,2535.0,林州重机,2019-12-31,2019.0,1046576211.57,河南省,
10257,2560.0,通达股份,2019-12-31,2019.0,1783577443.7,河南省,
10258,2613.0,北玻股份,2019-12-31,2019.0,1094668741.78,河南省,
10259,2857.0,三晖电气,2019-12-31,2019.0,266430855.23,河南省,
10260,300007.0,汉威科技,2019-12-31,2019.0,1819480487.05,河南省,
10261,300064.0,豫金刚石,2019-12-31,2019.0,955446218.14,河南省,
10262,300080.0,易成新能,2019-12-31,2019.0,5982139363.49,河南省,
10263,300179.0,四方达,2019-12-31,2019.0,501180365.52,河南省,
10264,300259.0,新天科技,2019-12-31,2019.0,1180831810.22,河南省,
10265,300263.0,隆华科技,2019-12-31,2019.0,1873542573.97,河南省,
10266,300480.0,光力科技,2019-12-31,2019.0,296641365.05,河南省,
10267,300701.0,森霸传感,2019-12-31,2019.0,204501238.89,河南省,
10268,300807.0,天迈科技,2019-12-31,2019.0,468847179.11,河南省,
10269,600172.0,黄河旋风,2019-12-31,2019.0,2913720060.71,河南省,
10270,600207.0,安彩高科,2019-12-31,2019.0,2016359407.05,河南省,
10271,600222.0,太龙药业,2019-12-31,2019.0,1311814818.0,河南省,
10272,600285.0,羚锐制药,2019-12-31,2019.0,2157052001.37,河南省,
10273,600312.0,平高电气,2019-12-31,2019.0,11159508671.32,河南省,
10274,600531.0,豫光金铅,2019-12-31,2019.0,18404023705.38,河南省,
10275,600595.0,*ST 中孚,2019-12-31,2019.0,5519071797.38,河南省,
10276,600810.0,神马股份,2019-12-31,2019.0,13022184279.29,河南省,
10277,600876.0,洛阳玻璃,2019-12-31,2019.0,1854842208.09,河南省,
10278,601038.0,一拖股份,2019-12-31,2019.0,5736943977.67,河南省,
10279,601608.0,中信重工,2019-12-31,2019.0,5239949097.62,河南省,
10280,601677.0,明泰铝业,2019-12-31,2019.0,14147624639.44,河南省,
10281,603566.0,普莱柯,2019-12-31,2019.0,663194736.53,河南省,
10282,603658.0,安图生物,2019-12-31,2019.0,2679435637.43,河南省,
10283,833580.0,科创新材,2019-12-31,2019.0,109539368.29,河南省,
10284,834407.0,驰诚股份,2019-12-31,2019.0,100860646.76,河南省,
10285,838971.0,天马新材,2019-12-31,2019.0,112036329.33,河南省,
10286,839725.0,惠丰钻石,2019-12-31,2019.0,108602029.09,河南省,
10287,872895.0,花溪科技,2019-12-31,2019.0,98766490.48,河南省,
10288,,,,,175765204414.01,河南省 汇总,
10289,922.0,佳电股份,2019-12-31,2019.0,2103171551.72,黑龙江省,
10290,2437.0,誉衡药业,2019-12-31,2019.0,5053859894.87,黑龙江省,
10291,2698.0,博实股份,2019-12-31,2019.0,1459741076.77,黑龙江省,
10292,2737.0,葵花药业,2019-12-31,2019.0,4371413641.89,黑龙江省,
10293,2900.0,哈三联,2019-12-31,2019.0,2102061189.57,黑龙江省,
10294,300040.0,九洲电气,2019-12-31,2019.0,791481332.82,黑龙江省,
10295,300489.0,中飞股份,2019-12-31,2019.0,129134394.82,黑龙江省,
10296,600187.0,国中水务,2019-12-31,2019.0,537836212.6,黑龙江省,
10297,600202.0,哈空调,2019-12-31,2019.0,904500342.13,黑龙江省,
10298,600664.0,哈药股份,2019-12-31,2019.0,11824561675.04,黑龙江省,
10299,600726.0,*ST 华源,2019-12-31,2019.0,10828009982.85,黑龙江省,
10300,601106.0,中国一重,2019-12-31,2019.0,13165049633.33,黑龙江省,
10301,603023.0,威帝股份,2019-12-31,2019.0,138100071.92,黑龙江省,
10302,603567.0,珍宝岛,2019-12-31,2019.0,3291855970.18,黑龙江省,
10303,688011.0,新光光电,2019-12-31,2019.0,191646501.64,黑龙江省,
10304,,,,,56892423472.15,黑龙江省 汇总,
10305,670.0,*ST 盈方,2019-12-31,2019.0,4129630.93,湖北省,
10306,678.0,襄阳轴承,2019-12-31,2019.0,1241311236.04,湖北省,
10307,821.0,京山轻机,2019-12-31,2019.0,2264150059.12,湖北省,
10308,852.0,石化机械,2019-12-31,2019.0,6588352169.84,湖北省,
10309,883.0,湖北能源,2019-12-31,2019.0,15810756895.3,湖北省,
10310,939.0,*ST 凯迪,2019-12-31,2019.0,2662598147.97,湖北省,
10311,952.0,广济药业,2019-12-31,2019.0,731340517.94,湖北省,
10312,966.0,长源电力,2019-12-31,2019.0,7366107380.46,湖北省,
10313,988.0,华工科技,2019-12-31,2019.0,5460245491.93,湖北省,
10314,2194.0,武汉凡谷,2019-12-31,2019.0,1713334466.2,湖北省,
10315,2281.0,光迅科技,2019-12-31,2019.0,5337915720.69,湖北省,
10316,2365.0,永安药业,2019-12-31,2019.0,1370443052.37,湖北省,
10317,2414.0,高德红外,2019-12-31,2019.0,1637972264.97,湖北省,
10318,2861.0,瀛通通讯,2019-12-31,2019.0,1107809324.65,湖北省,
10319,2932.0,明德生物,2019-12-31,2019.0,181155372.27,湖北省,
10320,2950.0,奥美医疗,2019-12-31,2019.0,2352461804.87,湖北省,
10321,2962.0,五方光电,2019-12-31,2019.0,726816034.49,湖北省,
10322,300018.0,中元股份,2019-12-31,2019.0,393913219.22,湖北省,
10323,300046.0,台基股份,2019-12-31,2019.0,264937838.14,湖北省,
10324,300161.0,华中数控,2019-12-31,2019.0,906039496.44,湖北省,
10325,300205.0,天喻信息,2019-12-31,2019.0,2212106995.85,湖北省,
10326,300220.0,金运激光,2019-12-31,2019.0,219301161.94,湖北省,
10327,300276.0,三丰智能,2019-12-31,2019.0,1945432786.04,湖北省,
10328,300278.0,华昌达,2019-12-31,2019.0,1583295669.83,湖北省,
10329,300323.0,华灿光电,2019-12-31,2019.0,2716330498.82,湖北省,
10330,300395.0,菲利华,2019-12-31,2019.0,779015428.8,湖北省,
10331,300516.0,久之洋,2019-12-31,2019.0,572701055.91,湖北省,
10332,300527.0,中国应急,2019-12-31,2019.0,2464443109.3,湖北省,
10333,300557.0,理工光科,2019-12-31,2019.0,269250321.56,湖北省,
10334,300567.0,精测电子,2019-12-31,2019.0,1950732047.13,湖北省,
10335,300683.0,海特生物,2019-12-31,2019.0,620163188.7,湖北省,
10336,300747.0,锐科激光,2019-12-31,2019.0,2010159217.1,湖北省,
10337,300776.0,帝尔激光,2019-12-31,2019.0,699947911.93,湖北省,
10338,430198.0,微创光电,2019-12-31,2019.0,166605526.55,湖北省,
10339,600079.0,人福医药,2019-12-31,2019.0,22157422644.11,湖北省,
10340,600168.0,武汉控股,2019-12-31,2019.0,1529490559.62,湖北省,
10341,600184.0,光电股份,2019-12-31,2019.0,2331710146.0,湖北省,
10342,600260.0,凯乐科技,2019-12-31,2019.0,15859989821.03,湖北省,
10343,600293.0,三峡新材,2019-12-31,2019.0,3181543686.68,湖北省,
10344,600345.0,长江通信,2019-12-31,2019.0,176267835.87,湖北省,
10345,600355.0,精伦电子,2019-12-31,2019.0,302553923.7,湖北省,
10346,600421.0,*ST 仰帆,2019-12-31,2019.0,23267767.22,湖北省,
10347,600498.0,烽火通信,2019-12-31,2019.0,24661976843.46,湖北省,
10348,600566.0,济川药业,2019-12-31,2019.0,6939993811.61,湖北省,
10349,600568.0,中珠医疗,2019-12-31,2019.0,696172449.05,湖北省,
10350,600681.0,百川能源,2019-12-31,2019.0,4881558893.48,湖北省,
10351,600703.0,三安光电,2019-12-31,2019.0,7460013878.84,湖北省,
10352,600745.0,闻泰科技,2019-12-31,2019.0,41578163284.38,湖北省,
10353,600769.0,祥龙电业,2019-12-31,2019.0,23174362.93,湖北省,
10354,600801.0,华新水泥,2019-12-31,2019.0,31439214600.0,湖北省,
10355,600879.0,航天电子,2019-12-31,2019.0,13712212459.98,湖北省,
10356,600885.0,宏发股份,2019-12-31,2019.0,7081493747.65,湖北省,
10357,600993.0,马应龙,2019-12-31,2019.0,2705396243.0,湖北省,
10358,601311.0,骆驼股份,2019-12-31,2019.0,9023394227.57,湖北省,
10359,601869.0,长飞光纤,2019-12-31,2019.0,7769175495.0,湖北省,
10360,603738.0,泰晶科技,2019-12-31,2019.0,579689504.59,湖北省,
10361,688081.0,兴图新科,2019-12-31,2019.0,200371609.02,湖北省,
10362,835237.0,力佳科技,2019-12-31,2019.0,234004950.67,湖北省,
10363,836942.0,恒立钻具,2019-12-31,2019.0,143823124.64,湖北省,
10364,838670.0,恒进感应,2019-12-31,2019.0,50793336.25,湖北省,
10365,900956.0,东贝B股,2019-12-31,2019.0,4617833609.48,湖北省,
10366,,,,,285691977859.13,湖北省 汇总,
10367,157.0,中联重科,2019-12-31,2019.0,43307395375.43,湖南省,
10368,519.0,中兵红箭,2019-12-31,2019.0,5321631282.12,湖南省,
10369,590.0,启迪古汉,2019-12-31,2019.0,315034457.5,湖南省,
10370,622.0,恒立实业,2019-12-31,2019.0,345616127.88,湖南省,
10371,722.0,湖南发展,2019-12-31,2019.0,243872614.89,湖南省,
10372,908.0,景峰医药,2019-12-31,2019.0,1344029111.24,湖南省,
10373,989.0,九芝堂,2019-12-31,2019.0,3183694789.58,湖南省,
10374,2097.0,山河智能,2019-12-31,2019.0,7427355609.17,湖南省,
10375,2297.0,博云新材,2019-12-31,2019.0,349412936.43,湖南省,
10376,2412.0,汉森制药,2019-12-31,2019.0,887490963.28,湖南省,
10377,2452.0,长高集团,2019-12-31,2019.0,1159125391.66,湖南省,
10378,2523.0,天桥起重,2019-12-31,2019.0,1333867143.46,湖南省,
10379,2533.0,金杯电工,2019-12-31,2019.0,5844317396.22,湖南省,
10380,2716.0,ST 金贵,2019-12-31,2019.0,6199198097.92,湖南省,
10381,2848.0,高斯贝尔,2019-12-31,2019.0,631005687.19,湖南省,
10382,2879.0,长缆科技,2019-12-31,2019.0,852775282.9,湖南省,
10383,2892.0,科力尔,2019-12-31,2019.0,850699408.22,湖南省,
10384,2903.0,宇环数控,2019-12-31,2019.0,71227307.17,湖南省,
10385,2913.0,奥士康,2019-12-31,2019.0,2275989133.58,湖南省,
10386,2943.0,宇晶股份,2019-12-31,2019.0,301618293.99,湖南省,
10387,300035.0,中科电气,2019-12-31,2019.0,929090421.49,湖南省,
10388,300216.0,千山药机,2019-12-31,2019.0,197565395.57,湖南省,
10389,300267.0,尔康制药,2019-12-31,2019.0,2744341005.69,湖南省,
10390,300298.0,三诺生物,2019-12-31,2019.0,1778209252.11,湖南省,
10391,300358.0,楚天科技,2019-12-31,2019.0,1915966174.36,湖南省,
10392,300433.0,蓝思科技,2019-12-31,2019.0,30257760248.61,湖南省,
10393,300474.0,景嘉微,2019-12-31,2019.0,530787249.45,湖南省,
10394,300490.0,华自科技,2019-12-31,2019.0,1438860202.69,湖南省,
10395,300515.0,三德科技,2019-12-31,2019.0,282468174.36,湖南省,
10396,300672.0,国科微,2019-12-31,2019.0,542885153.46,湖南省,
10397,300700.0,岱勒新材,2019-12-31,2019.0,261644443.76,湖南省,
10398,300705.0,九典制药,2019-12-31,2019.0,924061197.65,湖南省,
10399,300726.0,宏达电子,2019-12-31,2019.0,844041676.1,湖南省,
10400,300800.0,力合科技,2019-12-31,2019.0,734470009.39,湖南省,
10401,600031.0,三一重工,2019-12-31,2019.0,75665760000.0,湖南省,
10402,600416.0,湘电股份,2019-12-31,2019.0,5204770101.47,湖南省,
10403,600478.0,科力远,2019-12-31,2019.0,2079700166.26,湖南省,
10404,600479.0,千金药业,2019-12-31,2019.0,3525238122.24,湖南省,
10405,600744.0,华银电力,2019-12-31,2019.0,8993163089.16,湖南省,
10406,600961.0,株冶集团,2019-12-31,2019.0,11191965772.14,湖南省,
10407,600969.0,郴电国际,2019-12-31,2019.0,3013518097.22,湖南省,
10408,601636.0,旗滨集团,2019-12-31,2019.0,9305764517.9,湖南省,
10409,603989.0,艾华集团,2019-12-31,2019.0,2254389664.78,湖南省,
10410,603998.0,方盛制药,2019-12-31,2019.0,1093753954.14,湖南省,
10411,688100.0,威胜信息,2019-12-31,2019.0,1244051734.3,湖南省,
10412,835174.0,五新隧装,2019-12-31,2019.0,341176849.13,湖南省,
10413,,,,,249540759083.26,湖南省 汇总,
10414,420.0,吉林化纤,2019-12-31,2019.0,2690565539.92,吉林省,
10415,623.0,吉林敖东,2019-12-31,2019.0,3088379591.97,吉林省,
10416,661.0,长春高新,2019-12-31,2019.0,7373701266.96,吉林省,
10417,669.0,金鸿控股,2019-12-31,2019.0,3727926100.75,吉林省,
10418,766.0,通化金马,2019-12-31,2019.0,1977206434.29,吉林省,
10419,875.0,吉电股份,2019-12-31,2019.0,8454148014.35,吉林省,
10420,2118.0,紫鑫药业,2019-12-31,2019.0,859289244.11,吉林省,
10421,2338.0,奥普光电,2019-12-31,2019.0,402192805.25,吉林省,
10422,2501.0,*ST 利源,2019-12-31,2019.0,181776969.05,吉林省,
10423,2566.0,益盛药业,2019-12-31,2019.0,1012748483.99,吉林省,
10424,2622.0,融钰集团,2019-12-31,2019.0,155321874.62,吉林省,
10425,300108.0,吉药控股,2019-12-31,2019.0,1065807539.96,吉林省,
10426,300396.0,迪瑞医疗,2019-12-31,2019.0,1008790834.99,吉林省,
10427,300510.0,金冠股份,2019-12-31,2019.0,926686569.68,吉林省,
10428,600110.0,诺德股份,2019-12-31,2019.0,2150059461.15,吉林省,
10429,600333.0,长春燃气,2019-12-31,2019.0,1733320223.81,吉林省,
10430,600360.0,华微电子,2019-12-31,2019.0,1656485627.44,吉林省,
10431,600856.0,ST 中天,2019-12-31,2019.0,1084496975.67,吉林省,
10432,600867.0,通化东宝,2019-12-31,2019.0,2777148879.86,吉林省,
10433,600881.0,亚泰集团,2019-12-31,2019.0,17010331708.69,吉林省,
10434,836077.0,吉林碳谷,2019-12-31,2019.0,1062850020.01,吉林省,
10435,,,,,60399234166.52,吉林省 汇总,
10436,301.0,东方盛虹,2019-12-31,2019.0,24887768959.59,江苏省,
10437,421.0,南京公用,2019-12-31,2019.0,3593702456.91,江苏省,
10438,425.0,徐工机械,2019-12-31,2019.0,59175998918.25,江苏省,
10439,518.0,四环生物,2019-12-31,2019.0,417878239.86,江苏省,
10440,570.0,苏常柴A,2019-12-31,2019.0,2045820801.1,江苏省,
10441,727.0,华东科技,2019-12-31,2019.0,5266542219.91,江苏省,
10442,777.0,中核科技,2019-12-31,2019.0,1265879384.1,江苏省,
10443,816.0,ST 慧业,2019-12-31,2019.0,1445354291.16,江苏省,
10444,919.0,金陵药业,2019-12-31,2019.0,2534920539.72,江苏省,
10445,936.0,华西股份,2019-12-31,2019.0,3186874679.42,江苏省,
10446,2009.0,天奇股份,2019-12-31,2019.0,3157573031.59,江苏省,
10447,2015.0,协鑫能科,2019-12-31,2019.0,10898257594.05,江苏省,
10448,2074.0,国轩高科,2019-12-31,2019.0,4958898582.32,江苏省,
10449,2077.0,大港股份,2019-12-31,2019.0,932396471.69,江苏省,
10450,2079.0,苏州固锝,2019-12-31,2019.0,1980553309.06,江苏省,
10451,2080.0,中材科技,2019-12-31,2019.0,13590466951.3,江苏省,
10452,2089.0,*ST 新海,2019-12-31,2019.0,265043822.18,江苏省,
10453,2090.0,金智科技,2019-12-31,2019.0,1988441032.51,江苏省,
10454,2104.0,恒宝股份,2019-12-31,2019.0,1136072299.54,江苏省,
10455,2156.0,通富微电,2019-12-31,2019.0,8266574620.47,江苏省,
10456,2160.0,常铝股份,2019-12-31,2019.0,4330649784.47,江苏省,
10457,2172.0,澳洋健康,2019-12-31,2019.0,2982034952.03,江苏省,
10458,2182.0,云海金属,2019-12-31,2019.0,5572058322.49,江苏省,
10459,2201.0,九鼎新材,2019-12-31,2019.0,984321532.5,江苏省,
10460,2223.0,鱼跃医疗,2019-12-31,2019.0,4635934687.64,江苏省,
10461,2245.0,澳洋顺昌,2019-12-31,2019.0,3480634997.63,江苏省,
10462,2255.0,海陆重工,2019-12-31,2019.0,2059678676.41,江苏省,
10463,2262.0,恩华药业,2019-12-31,2019.0,4149312426.1,江苏省,
10464,2290.0,*ST 中科,2019-12-31,2019.0,1726050720.03,江苏省,
10465,2309.0,中利集团,2019-12-31,2019.0,10034068892.66,江苏省,
10466,2333.0,*ST 罗普,2019-12-31,2019.0,711438973.51,江苏省,
10467,2349.0,精华制药,2019-12-31,2019.0,1157389428.34,江苏省,
10468,2367.0,康力电梯,2019-12-31,2019.0,3663130278.47,江苏省,
10469,2384.0,东山精密,2019-12-31,2019.0,23552825103.23,江苏省,
10470,2411.0,延安必康,2019-12-31,2019.0,9328178532.73,江苏省,
10471,2413.0,雷科防务,2019-12-31,2019.0,1124767019.03,江苏省,
10472,2426.0,胜利精密,2019-12-31,2019.0,13649644463.42,江苏省,
10473,2435.0,长江健康,2019-12-31,2019.0,5038467483.42,江苏省,
10474,2438.0,江苏神通,2019-12-31,2019.0,1348220649.74,江苏省,
10475,2463.0,沪电股份,2019-12-31,2019.0,7128544582.0,江苏省,
10476,2471.0,中超控股,2019-12-31,2019.0,7380895485.76,江苏省,
10477,2483.0,润邦股份,2019-12-31,2019.0,2313688877.44,江苏省,
10478,2484.0,江海股份,2019-12-31,2019.0,2123032689.24,江苏省,
10479,2491.0,通鼎互联,2019-12-31,2019.0,3538707092.82,江苏省,
10480,2499.0,*ST 科林,2019-12-31,2019.0,48671819.28,江苏省,
10481,2519.0,银河电子,2019-12-31,2019.0,1200337378.24,江苏省,
10482,2531.0,天顺风能,2019-12-31,2019.0,5966849418.43,江苏省,
10483,2540.0,亚太科技,2019-12-31,2019.0,3531012329.37,江苏省,
10484,2546.0,新联电子,2019-12-31,2019.0,719887134.82,江苏省,
10485,2550.0,千红制药,2019-12-31,2019.0,1675153096.05,江苏省,
10486,2553.0,南方轴承,2019-12-31,2019.0,407439350.29,江苏省,
10487,2559.0,亚威股份,2019-12-31,2019.0,1468129704.67,江苏省,
10488,2576.0,通达动力,2019-12-31,2019.0,1293557316.28,江苏省,
10489,2608.0,江苏国信,2019-12-31,2019.0,19914637495.18,江苏省,
10490,2610.0,爱康科技,2019-12-31,2019.0,5126010313.44,江苏省,
10491,2623.0,亚玛顿,2019-12-31,2019.0,1184367791.28,江苏省,
10492,2635.0,安洁科技,2019-12-31,2019.0,3136135980.79,江苏省,
10493,2645.0,华宏科技,2019-12-31,2019.0,2161340387.07,江苏省,
10494,2685.0,华东重机,2019-12-31,2019.0,13687189035.15,江苏省,
10495,2692.0,ST 远程,2019-12-31,2019.0,2792995484.95,江苏省,
10496,2747.0,埃斯顿,2019-12-31,2019.0,1421459715.27,江苏省,
10497,2796.0,世嘉科技,2019-12-31,2019.0,1871298846.63,江苏省,
10498,2808.0,恒久科技,2019-12-31,2019.0,302379060.65,江苏省,
10499,2866.0,传艺科技,2019-12-31,2019.0,1533937654.2,江苏省,
10500,2877.0,智能自控,2019-12-31,2019.0,476613790.84,江苏省,
10501,2947.0,恒铭达,2019-12-31,2019.0,584920985.36,江苏省,
10502,200468.0,宁通信B,2019-12-31,2019.0,1156771262.94,江苏省,
10503,300029.0,天龙光电,2019-12-31,2019.0,17186793.43,江苏省,
10504,300091.0,金通灵,2019-12-31,2019.0,2077867350.09,江苏省,
10505,300128.0,锦富技术,2019-12-31,2019.0,1579415067.31,江苏省,
10506,300141.0,和顺电气,2019-12-31,2019.0,521165264.47,江苏省,
10507,300160.0,秀强股份,2019-12-31,2019.0,1269053556.25,江苏省,
10508,300165.0,天瑞仪器,2019-12-31,2019.0,907813927.42,江苏省,
10509,300196.0,长海股份,2019-12-31,2019.0,2209706816.49,江苏省,
10510,300201.0,海伦哲,2019-12-31,2019.0,1534557800.53,江苏省,
10511,300211.0,亿通科技,2019-12-31,2019.0,98908656.53,江苏省,
10512,300217.0,东方电热,2019-12-31,2019.0,2234087034.02,江苏省,
10513,300228.0,富瑞特装,2019-12-31,2019.0,1573844704.62,江苏省,
10514,300260.0,新莱应材,2019-12-31,2019.0,1387230336.95,江苏省,
10515,300265.0,通光线缆,2019-12-31,2019.0,1475903362.5,江苏省,
10516,300279.0,和晶科技,2019-12-31,2019.0,1458685427.17,江苏省,
10517,300331.0,苏大维格,2019-12-31,2019.0,1297169218.28,江苏省,
10518,300337.0,银邦股份,2019-12-31,2019.0,2024905608.32,江苏省,
10519,300342.0,天银机电,2019-12-31,2019.0,945337267.6,江苏省,
10520,300346.0,南大光电,2019-12-31,2019.0,321375774.07,江苏省,
10521,300354.0,东华测试,2019-12-31,2019.0,177743282.74,江苏省,
10522,300356.0,光一科技,2019-12-31,2019.0,409098683.66,江苏省,
10523,300373.0,扬杰科技,2019-12-31,2019.0,2007075029.0,江苏省,
10524,300382.0,斯莱克,2019-12-31,2019.0,791816675.64,江苏省,
10525,300385.0,雪浪环境,2019-12-31,2019.0,1242529677.61,江苏省,
10526,300390.0,天华超净,2019-12-31,2019.0,758142391.76,江苏省,
10527,300393.0,中来股份,2019-12-31,2019.0,3477899159.04,江苏省,
10528,300394.0,天孚通信,2019-12-31,2019.0,522930856.11,江苏省,
10529,300402.0,宝色股份,2019-12-31,2019.0,917050576.28,江苏省,
10530,300420.0,五洋停车,2019-12-31,2019.0,1291377836.4,江苏省,
10531,300421.0,力星股份,2019-12-31,2019.0,729373906.23,江苏省,
10532,300447.0,全信股份,2019-12-31,2019.0,625449612.49,江苏省,
10533,300450.0,先导智能,2019-12-31,2019.0,4683978833.78,江苏省,
10534,300466.0,赛摩电气,2019-12-31,2019.0,500469297.02,江苏省,
10535,300509.0,新美星,2019-12-31,2019.0,691941193.04,江苏省,
10536,300549.0,优德精密,2019-12-31,2019.0,353521069.74,江苏省,
10537,300554.0,三超新材,2019-12-31,2019.0,224634480.36,江苏省,
10538,300555.0,路通视信,2019-12-31,2019.0,263782163.09,江苏省,
10539,300563.0,神宇股份,2019-12-31,2019.0,471333552.18,江苏省,
10540,300584.0,海辰药业,2019-12-31,2019.0,924537940.13,江苏省,
10541,300617.0,安靠智电,2019-12-31,2019.0,318024319.3,江苏省,
10542,300618.0,寒锐钴业,2019-12-31,2019.0,1779038653.95,江苏省,
10543,300623.0,捷捷微电,2019-12-31,2019.0,673997139.35,江苏省,
10544,300631.0,久吾高科,2019-12-31,2019.0,493948395.76,江苏省,
10545,300660.0,江苏雷利,2019-12-31,2019.0,2249840099.01,江苏省,
10546,300670.0,大烨智能,2019-12-31,2019.0,386148084.92,江苏省,
10547,300694.0,蠡湖股份,2019-12-31,2019.0,1207311477.01,江苏省,
10548,300697.0,电工合金,2019-12-31,2019.0,1877878188.62,江苏省,
10549,300707.0,威唐工业,2019-12-31,2019.0,403190649.06,江苏省,
10550,300708.0,聚灿光电,2019-12-31,2019.0,1143205479.89,江苏省,
10551,300709.0,精研科技,2019-12-31,2019.0,1473002013.81,江苏省,
10552,300715.0,凯伦股份,2019-12-31,2019.0,1164996147.79,江苏省,
10553,300751.0,迈为股份,2019-12-31,2019.0,1437708963.01,江苏省,
10554,300753.0,爱朋医疗,2019-12-31,2019.0,379647097.53,江苏省,
10555,300757.0,罗博特科,2019-12-31,2019.0,981033595.81,江苏省,
10556,300777.0,中简科技,2019-12-31,2019.0,234454789.12,江苏省,
10557,300782.0,卓胜微,2019-12-31,2019.0,1512394554.11,江苏省,
10558,300809.0,华辰装备,2019-12-31,2019.0,424957757.65,江苏省,
10559,430418.0,苏轴股份,2019-12-31,2019.0,432167710.8,江苏省,
10560,600074.0,*ST 保千,2019-12-31,2019.0,161045543.92,江苏省,
10561,600105.0,永鼎股份,2019-12-31,2019.0,3371003476.55,江苏省,
10562,600200.0,江苏吴中,2019-12-31,2019.0,2109850652.89,江苏省,
10563,600268.0,国电南自,2019-12-31,2019.0,4947381997.73,江苏省,
10564,600276.0,恒瑞医药,2019-12-31,2019.0,23288576607.05,江苏省,
10565,600481.0,双良节能,2019-12-31,2019.0,2527340373.83,江苏省,
10566,600487.0,亨通光电,2019-12-31,2019.0,29870079877.4,江苏省,
10567,600513.0,联环药业,2019-12-31,2019.0,1290332662.74,江苏省,
10568,600522.0,中天科技,2019-12-31,2019.0,38732214539.2,江苏省,
10569,600527.0,江南高纤,2019-12-31,2019.0,1152751780.71,江苏省,
10570,600557.0,康缘药业,2019-12-31,2019.0,4565798004.94,江苏省,
10571,600562.0,国睿科技,2019-12-31,2019.0,1160318575.58,江苏省,
10572,600584.0,长电科技,2019-12-31,2019.0,23526279785.46,江苏省,
10573,600775.0,南京熊猫,2019-12-31,2019.0,4660047001.92,江苏省,
10574,600854.0,春兰股份,2019-12-31,2019.0,198317286.82,江苏省,
10575,600889.0,南京化纤,2019-12-31,2019.0,657709337.23,江苏省,
10576,600973.0,宝胜股份,2019-12-31,2019.0,33282921832.46,江苏省,
10577,601100.0,恒立液压,2019-12-31,2019.0,5414021975.86,江苏省,
10578,601199.0,江南水务,2019-12-31,2019.0,991750589.57,江苏省,
10579,601218.0,吉鑫科技,2019-12-31,2019.0,1496938303.74,江苏省,
10580,601222.0,林洋能源,2019-12-31,2019.0,3359243789.3,江苏省,
10581,601388.0,怡球资源,2019-12-31,2019.0,5448473369.4,江苏省,
10582,603005.0,晶方科技,2019-12-31,2019.0,560367354.58,江苏省,
10583,603016.0,新宏泰,2019-12-31,2019.0,442648100.13,江苏省,
10584,603036.0,如通股份,2019-12-31,2019.0,298859040.24,江苏省,
10585,603042.0,华脉科技,2019-12-31,2019.0,1153549656.06,江苏省,
10586,603090.0,宏盛股份,2019-12-31,2019.0,490762251.62,江苏省,
10587,603115.0,海星股份,2019-12-31,2019.0,1097491329.87,江苏省,
10588,603133.0,碳元科技,2019-12-31,2019.0,548399243.47,江苏省,
10589,603185.0,上机数控,2019-12-31,2019.0,806197720.49,江苏省,
10590,603203.0,快克股份,2019-12-31,2019.0,460876833.63,江苏省,
10591,603269.0,海鸥股份,2019-12-31,2019.0,610941544.68,江苏省,
10592,603283.0,赛腾股份,2019-12-31,2019.0,1205512776.37,江苏省,
10593,603332.0,苏州龙杰,2019-12-31,2019.0,1623664210.77,江苏省,
10594,603339.0,四方科技,2019-12-31,2019.0,1175301034.32,江苏省,
10595,603351.0,威尔药业,2019-12-31,2019.0,880756050.5,江苏省,
10596,603355.0,莱克电气,2019-12-31,2019.0,5703217183.56,江苏省,
10597,603366.0,日出东方,2019-12-31,2019.0,3366098722.54,江苏省,
10598,603380.0,易德龙,2019-12-31,2019.0,1027475295.68,江苏省,
10599,603387.0,基蛋生物,2019-12-31,2019.0,968204285.14,江苏省,
10600,603416.0,信捷电气,2019-12-31,2019.0,649641627.81,江苏省,
10601,603486.0,科沃斯,2019-12-31,2019.0,5312194274.6,江苏省,
10602,603488.0,展鹏科技,2019-12-31,2019.0,371738307.7,江苏省,
10603,603489.0,八方股份,2019-12-31,2019.0,1196645496.93,江苏省,
10604,603507.0,振江股份,2019-12-31,2019.0,1786087637.91,江苏省,
10605,603519.0,立霸股份,2019-12-31,2019.0,1284268309.87,江苏省,
10606,603528.0,多伦科技,2019-12-31,2019.0,697875264.08,江苏省,
10607,603530.0,神马电力,2019-12-31,2019.0,628744707.16,江苏省,
10608,603660.0,苏州科达,2019-12-31,2019.0,2546505667.29,江苏省,
10609,603666.0,亿嘉和,2019-12-31,2019.0,723745738.81,江苏省,
10610,603688.0,石英股份,2019-12-31,2019.0,622338045.69,江苏省,
10611,603693.0,江苏新能,2019-12-31,2019.0,1484404012.94,江苏省,
10612,603699.0,纽威股份,2019-12-31,2019.0,3056636849.1,江苏省,
10613,603707.0,健友股份,2019-12-31,2019.0,2469669305.11,江苏省,
10614,603800.0,道森股份,2019-12-31,2019.0,1309783443.65,江苏省,
10615,603819.0,神力股份,2019-12-31,2019.0,1102166833.34,江苏省,
10616,603829.0,洛凯股份,2019-12-31,2019.0,614338989.24,江苏省,
10617,603876.0,鼎胜新材,2019-12-31,2019.0,11236347031.17,江苏省,
10618,603880.0,南卫股份,2019-12-31,2019.0,491688011.57,江苏省,
10619,603890.0,春秋电子,2019-12-31,2019.0,2019407423.42,江苏省,
10620,603912.0,佳力图,2019-12-31,2019.0,638757626.77,江苏省,
10621,603915.0,国茂股份,2019-12-31,2019.0,1895725969.13,江苏省,
10622,603966.0,法兰泰克,2019-12-31,2019.0,1105857749.8,江苏省,
10623,603988.0,中电电机,2019-12-31,2019.0,608001747.55,江苏省,
10624,688001.0,华兴源创,2019-12-31,2019.0,1257737331.89,江苏省,
10625,688003.0,天准科技,2019-12-31,2019.0,541069294.15,江苏省,
10626,688022.0,瀚川智能,2019-12-31,2019.0,457494623.49,江苏省,
10627,688029.0,南微医学,2019-12-31,2019.0,1307474273.58,江苏省,
10628,688166.0,博瑞医药,2019-12-31,2019.0,503156657.17,江苏省,
10629,688218.0,江苏北人,2019-12-31,2019.0,473130749.96,江苏省,
10630,688266.0,泽璟制药,2019-12-31,2019.0,,江苏省,
10631,688300.0,联瑞新材,2019-12-31,2019.0,315301090.76,江苏省,
10632,688358.0,祥生医疗,2019-12-31,2019.0,369755664.61,江苏省,
10633,688399.0,硕世生物,2019-12-31,2019.0,288794709.93,江苏省,
10634,830946.0,森萱医药,2019-12-31,2019.0,507062158.28,江苏省,
10635,831641.0,格利尔,2019-12-31,2019.0,355722888.11,江苏省,
10636,832278.0,鹿得医疗,2019-12-31,2019.0,303986430.06,江苏省,
10637,832662.0,方盛股份,2019-12-31,2019.0,203323361.02,江苏省,
10638,832735.0,德源药业,2019-12-31,2019.0,310151909.06,江苏省,
10639,832802.0,保丽洁,2019-12-31,2019.0,229343294.83,江苏省,
10640,833509.0,同惠电子,2019-12-31,2019.0,91620319.33,江苏省,
10641,833914.0,远航精密,2019-12-31,2019.0,442942573.66,江苏省,
10642,834014.0,特瑞斯,2019-12-31,2019.0,502199477.89,江苏省,
10643,834950.0,迅安科技,2019-12-31,2019.0,126632926.28,江苏省,
10644,836149.0,旭杰科技,2019-12-31,2019.0,284008266.03,江苏省,
10645,837046.0,亿能电力,2019-12-31,2019.0,165081772.15,江苏省,
10646,839167.0,同享科技,2019-12-31,2019.0,409082569.96,江苏省,
10647,870299.0,灿能电力,2019-12-31,2019.0,73626416.36,江苏省,
10648,871245.0,威博液压,2019-12-31,2019.0,179548828.36,江苏省,
10649,871396.0,常辅股份,2019-12-31,2019.0,252125348.2,江苏省,
10650,873339.0,恒太照明,2019-12-31,2019.0,511296039.52,江苏省,
10651,,,,,676188593549.101,江苏省 汇总,
10652,404.0,长虹华意,2019-12-31,2019.0,9589210837.07,江西省,
10653,650.0,仁和药业,2019-12-31,2019.0,4581171579.24,江西省,
10654,789.0,万年青,2019-12-31,2019.0,11390430730.54,江西省,
10655,899.0,赣能股份,2019-12-31,2019.0,2670327894.24,江西省,
10656,2176.0,江特电机,2019-12-31,2019.0,2688862445.1,江西省,
10657,2378.0,章源钨业,2019-12-31,2019.0,1827799675.0,江西省,
10658,2460.0,赣锋锂业,2019-12-31,2019.0,5341720203.72,江西省,
10659,300066.0,三川智慧,2019-12-31,2019.0,987501235.07,江西省,
10660,300095.0,华伍股份,2019-12-31,2019.0,1073675536.68,江西省,
10661,300294.0,博雅生物,2019-12-31,2019.0,2760925046.07,江西省,
10662,300453.0,三鑫医疗,2019-12-31,2019.0,721668064.47,江西省,
10663,300497.0,富祥股份,2019-12-31,2019.0,1354046811.37,江西省,
10664,300636.0,同和药业,2019-12-31,2019.0,413058080.41,江西省,
10665,300748.0,金力永磁,2019-12-31,2019.0,1696838476.01,江西省,
10666,300787.0,海能实业,2019-12-31,2019.0,1103595447.29,江西省,
10667,300818.0,耐普矿机,2019-12-31,2019.0,349209451.03,江西省,
10668,600071.0,凤凰光学,2019-12-31,2019.0,1127927077.37,江西省,
10669,600362.0,江西铜业,2019-12-31,2019.0,240360335134.0,江西省,
10670,600363.0,联创光电,2019-12-31,2019.0,4354617984.69,江西省,
10671,600461.0,洪城水业,2019-12-31,2019.0,5380989963.8,江西省,
10672,600590.0,泰豪科技,2019-12-31,2019.0,5304460043.57,江西省,
10673,600750.0,江中药业,2019-12-31,2019.0,2449404442.61,江西省,
10674,603773.0,沃格光电,2019-12-31,2019.0,524324061.46,江西省,
10675,873167.0,新赣江,2019-12-31,2019.0,163002576.43,江西省,
10676,,,,,308215102797.24,江西省 汇总,
10677,688396.0,华润微,2019-12-31,2019.0,5742784130.7,开曼群岛,
10678,,,,,5742784130.7,开曼群岛 汇总,
10679,410.0,*ST 沈机,2019-12-31,2019.0,1002138346.66,辽宁省,
10680,530.0,大冷股份,2019-12-31,2019.0,1831851280.7,辽宁省,
10681,585.0,ST 东电,2019-12-31,2019.0,102341085.77,辽宁省,
10682,597.0,东北制药,2019-12-31,2019.0,8220102898.48,辽宁省,
10683,633.0,合金投资,2019-12-31,2019.0,99665118.96,辽宁省,
10684,692.0,惠天热电,2019-12-31,2019.0,1850660645.78,辽宁省,
10685,751.0,锌业股份,2019-12-31,2019.0,8016298034.53,辽宁省,
10686,2204.0,大连重工,2019-12-31,2019.0,7210395220.74,辽宁省,
10687,2231.0,奥维通信,2019-12-31,2019.0,358811284.06,辽宁省,
10688,2606.0,大连电瓷,2019-12-31,2019.0,736850087.18,辽宁省,
10689,2667.0,鞍重股份,2019-12-31,2019.0,222151305.73,辽宁省,
10690,2689.0,远大智能,2019-12-31,2019.0,686510508.84,辽宁省,
10691,2952.0,亚世光电,2019-12-31,2019.0,447133906.3,辽宁省,
10692,200706.0,瓦轴B,2019-12-31,2019.0,1855489141.65,辽宁省,
10693,300024.0,机器人,2019-12-31,2019.0,2745485120.35,辽宁省,
10694,300097.0,智云股份,2019-12-31,2019.0,303145104.21,辽宁省,
10695,300125.0,易世达,2019-12-31,2019.0,110927501.98,辽宁省,
10696,300202.0,聚龙股份,2019-12-31,2019.0,669007432.45,辽宁省,
10697,300210.0,森远股份,2019-12-31,2019.0,233173125.42,辽宁省,
10698,300293.0,蓝英装备,2019-12-31,2019.0,1430195069.82,辽宁省,
10699,300473.0,德尔股份,2019-12-31,2019.0,3861073194.76,辽宁省,
10700,300573.0,兴齐眼药,2019-12-31,2019.0,542434237.77,辽宁省,
10701,600167.0,联美控股,2019-12-31,2019.0,3396169209.85,辽宁省,
10702,600241.0,时代万恒,2019-12-31,2019.0,439164777.29,辽宁省,
10703,600346.0,恒力石化,2019-12-31,2019.0,100782371124.23,辽宁省,
10704,600396.0,*ST 金山,2019-12-31,2019.0,7401341097.63,辽宁省,
10705,600719.0,大连热电,2019-12-31,2019.0,766922471.87,辽宁省,
10706,600795.0,国电电力,2019-12-31,2019.0,116599292224.93,辽宁省,
10707,603315.0,福鞍股份,2019-12-31,2019.0,835579882.9,辽宁省,
10708,603318.0,派思股份,2019-12-31,2019.0,323609212.96,辽宁省,
10709,603396.0,金辰股份,2019-12-31,2019.0,862017231.4,辽宁省,
10710,603399.0,吉翔股份,2019-12-31,2019.0,2854919439.39,辽宁省,
10711,688037.0,芯源微,2019-12-31,2019.0,213156650.17,辽宁省,
10712,688233.0,神工股份,2019-12-31,2019.0,188586021.47,辽宁省,
10713,835368.0,连城数控,2019-12-31,2019.0,972421117.86,辽宁省,
10714,838810.0,春光药装,2019-12-31,2019.0,75399149.68,辽宁省,
10715,839792.0,东和新材,2019-12-31,2019.0,573840888.7,辽宁省,
10716,,,,,278820630152.47,辽宁省 汇总,
10717,2688.0,金河生物,2019-12-31,2019.0,1782364081.84,内蒙古自治区,
10718,300049.0,福瑞股份,2019-12-31,2019.0,831739342.39,内蒙古自治区,
10719,300239.0,东宝生物,2019-12-31,2019.0,491819372.27,内蒙古自治区,
10720,600111.0,北方稀土,2019-12-31,2019.0,18091799253.61,内蒙古自治区,
10721,600201.0,生物股份,2019-12-31,2019.0,1126782253.35,内蒙古自治区,
10722,600262.0,北方股份,2019-12-31,2019.0,1417563548.6,内蒙古自治区,
10723,600863.0,内蒙华电,2019-12-31,2019.0,14477160212.77,内蒙古自治区,
10724,836433.0,大唐药业,2019-12-31,2019.0,224547864.64,内蒙古自治区,
10725,,,,,38443775929.47,内蒙古自治区 汇总,
10726,595.0,宝塔实业,2019-12-31,2019.0,311233895.22,宁夏回族自治区,
10727,862.0,银星能源,2019-12-31,2019.0,1356564109.45,宁夏回族自治区,
10728,962.0,东方钽业,2019-12-31,2019.0,601068722.7,宁夏回族自治区,
10729,2457.0,青龙管业,2019-12-31,2019.0,1995928403.29,宁夏回族自治区,
10730,600449.0,宁夏建材,2019-12-31,2019.0,4790467584.86,宁夏回族自治区,
10731,601619.0,嘉泽新能,2019-12-31,2019.0,1115526822.12,宁夏回族自治区,
10732,831010.0,凯添燃气,2019-12-31,2019.0,355231324.92,宁夏回族自治区,
10733,,,,,10526020862.56,宁夏回族自治区 汇总,
10734,600243.0,青海华鼎,2019-12-31,2019.0,706354709.61,青海省,
10735,600771.0,广誉远,2019-12-31,2019.0,1202902458.53,青海省,
10736,600869.0,智慧能源,2019-12-31,2019.0,17155391688.45,青海省,
10737,,,,,19064648856.59,青海省 汇总,
10738,407.0,胜利股份,2019-12-31,2019.0,5348283403.38,山东省,
10739,423.0,东阿阿胶,2019-12-31,2019.0,2958622339.62,山东省,
10740,677.0,恒天海龙,2019-12-31,2019.0,790674187.98,山东省,
10741,680.0,山推股份,2019-12-31,2019.0,6403114682.63,山东省,
10742,739.0,普洛药业,2019-12-31,2019.0,7210711386.14,山东省,
10743,756.0,新华制药,2019-12-31,2019.0,5606020863.3,山东省,
10744,811.0,冰轮环境,2019-12-31,2019.0,3820829826.34,山东省,
10745,880.0,潍柴重机,2019-12-31,2019.0,2658763639.24,山东省,
10746,915.0,山大华特,2019-12-31,2019.0,1799947846.95,山东省,
10747,977.0,浪潮信息,2019-12-31,2019.0,51653280173.6,山东省,
10748,2073.0,软控股份,2019-12-31,2019.0,2865379106.77,山东省,
10749,2088.0,鲁阳节能,2019-12-31,2019.0,2147040501.61,山东省,
10750,2107.0,沃华医药,2019-12-31,2019.0,860290535.41,山东省,
10751,2111.0,威海广泰,2019-12-31,2019.0,2551437384.89,山东省,
10752,2217.0,合力泰,2019-12-31,2019.0,18629941857.79,山东省,
10753,2237.0,恒邦股份,2019-12-31,2019.0,28536077559.21,山东省,
10754,2241.0,歌尔股份,2019-12-31,2019.0,35147806427.74,山东省,
10755,2242.0,九阳股份,2019-12-31,2019.0,9351439510.07,山东省,
10756,2248.0,华东数控,2019-12-31,2019.0,161378299.22,山东省,
10757,2254.0,泰和新材,2019-12-31,2019.0,2541965045.67,山东省,
10758,2270.0,华明装备,2019-12-31,2019.0,1202519591.94,山东省,
10759,2339.0,积成电子,2019-12-31,2019.0,1841353459.19,山东省,
10760,2353.0,杰瑞股份,2019-12-31,2019.0,6925426976.55,山东省,
10761,2376.0,新北洋,2019-12-31,2019.0,2450860709.05,山东省,
10762,2379.0,宏创控股,2019-12-31,2019.0,2878271808.86,山东省,
10763,2382.0,蓝帆医疗,2019-12-31,2019.0,3475614154.78,山东省,
10764,2490.0,山东墨龙,2019-12-31,2019.0,4388904215.91,山东省,
10765,2498.0,汉缆股份,2019-12-31,2019.0,6179608830.99,山东省,
10766,2526.0,山东矿机,2019-12-31,2019.0,2177723268.49,山东省,
10767,2537.0,海联金汇,2019-12-31,2019.0,5302838701.56,山东省,
10768,2580.0,圣阳股份,2019-12-31,2019.0,1856545388.83,山东省,
10769,2581.0,未名医药,2019-12-31,2019.0,567637225.78,山东省,
10770,2595.0,豪迈科技,2019-12-31,2019.0,4387056102.32,山东省,
10771,2598.0,山东章鼓,2019-12-31,2019.0,1078648173.92,山东省,
10772,2655.0,共达电声,2019-12-31,2019.0,984325864.3,山东省,
10773,2671.0,龙泉股份,2019-12-31,2019.0,1118070925.69,山东省,
10774,2675.0,东诚药业,2019-12-31,2019.0,2992761012.16,山东省,
10775,2871.0,伟隆股份,2019-12-31,2019.0,355225906.74,山东省,
10776,2890.0,弘宇股份,2019-12-31,2019.0,282169529.63,山东省,
10777,300001.0,特锐德,2019-12-31,2019.0,6740960412.14,山东省,
10778,300099.0,精准信息,2019-12-31,2019.0,471866245.3,山东省,
10779,300105.0,龙源技术,2019-12-31,2019.0,513336356.69,山东省,
10780,300110.0,华仁药业,2019-12-31,2019.0,1461940624.48,山东省,
10781,300185.0,通裕重工,2019-12-31,2019.0,4027450901.76,山东省,
10782,300208.0,青岛中程,2019-12-31,2019.0,757037879.84,山东省,
10783,300224.0,正海磁材,2019-12-31,2019.0,1798558416.34,山东省,
10784,300233.0,金城医药,2019-12-31,2019.0,2794819332.7,山东省,
10785,300308.0,中际旭创,2019-12-31,2019.0,4757677023.35,山东省,
10786,300391.0,康跃科技,2019-12-31,2019.0,725310882.76,山东省,
10787,300423.0,鲁亿通,2019-12-31,2019.0,3942192794.02,山东省,
10788,300443.0,金雷股份,2019-12-31,2019.0,1124000775.49,山东省,
10789,300479.0,神思电子,2019-12-31,2019.0,470389564.7,山东省,
10790,300569.0,天能重工,2019-12-31,2019.0,2464179940.27,山东省,
10791,300583.0,赛托生物,2019-12-31,2019.0,965800380.65,山东省,
10792,300653.0,正海生物,2019-12-31,2019.0,279807036.21,山东省,
10793,300690.0,双一科技,2019-12-31,2019.0,827515391.91,山东省,
10794,300699.0,光威复材,2019-12-31,2019.0,1714950499.82,山东省,
10795,300786.0,国林科技,2019-12-31,2019.0,372747745.27,山东省,
10796,430476.0,海能技术,2019-12-31,2019.0,197439609.38,山东省,
10797,600027.0,华电国际,2019-12-31,2019.0,93654431000.0,山东省,
10798,600060.0,海信视像,2019-12-31,2019.0,34104738789.95,山东省,
10799,600219.0,南山铝业,2019-12-31,2019.0,21509009121.49,山东省,
10800,600336.0,澳柯玛,2019-12-31,2019.0,6433359577.57,山东省,
10801,600385.0,*ST 金泰,2019-12-31,2019.0,71911170.78,山东省,
10802,600529.0,山东药玻,2019-12-31,2019.0,2992346751.75,山东省,
10803,600579.0,克劳斯,2019-12-31,2019.0,10576101343.48,山东省,
10804,600586.0,金晶科技,2019-12-31,2019.0,5264207068.94,山东省,
10805,600587.0,新华医疗,2019-12-31,2019.0,8766761075.94,山东省,
10806,600690.0,海尔智家,2019-12-31,2019.0,200761983256.57,山东省,
10807,600789.0,鲁抗医药,2019-12-31,2019.0,3732718882.94,山东省,
10808,600898.0,国美通讯,2019-12-31,2019.0,721172634.47,山东省,
10809,603021.0,山东华鹏,2019-12-31,2019.0,866432732.16,山东省,
10810,603029.0,天鹅股份,2019-12-31,2019.0,461536556.58,山东省,
10811,603187.0,海容冷链,2019-12-31,2019.0,1535632694.79,山东省,
10812,603279.0,景津环保,2019-12-31,2019.0,3310864083.33,山东省,
10813,603367.0,辰欣药业,2019-12-31,2019.0,4112785510.85,山东省,
10814,603612.0,索通发展,2019-12-31,2019.0,4371643482.81,山东省,
10815,603638.0,艾迪精密,2019-12-31,2019.0,1442445005.6,山东省,
10816,603858.0,步长制药,2019-12-31,2019.0,14255454959.92,山东省,
10817,688002.0,睿创微纳,2019-12-31,2019.0,684656330.91,山东省,
10818,688021.0,奥福环保,2019-12-31,2019.0,268078301.1,山东省,
10819,688139.0,海尔生物,2019-12-31,2019.0,1012520355.36,山东省,
10820,688363.0,华熙生物,2019-12-31,2019.0,1885570721.73,山东省,
10821,830839.0,万通液压,2019-12-31,2019.0,313688586.68,山东省,
10822,831278.0,泰德股份,2019-12-31,2019.0,219711844.17,山东省,
10823,831689.0,克莱特,2019-12-31,2019.0,255279905.18,山东省,
10824,837212.0,智新电子,2019-12-31,2019.0,250742889.66,山东省,
10825,872190.0,雷神科技,2019-12-31,2019.0,2090841921.96,山东省,
10826,,,,,703823174794.0,山东省 汇总,
10827,403.0,双林生物,2019-12-31,2019.0,915656568.55,山西省,
10828,767.0,漳泽电力,2019-12-31,2019.0,12025002573.32,山西省,
10829,795.0,英洛华,2019-12-31,2019.0,2512753388.9,山西省,
10830,831.0,五矿稀土,2019-12-31,2019.0,1647285150.02,山西省,
10831,300158.0,振东制药,2019-12-31,2019.0,4398753603.8,山西省,
10832,300254.0,仟源医药,2019-12-31,2019.0,1131801411.2,山西省,
10833,300486.0,东杰智能,2019-12-31,2019.0,736322162.11,山西省,
10834,600157.0,永泰能源,2019-12-31,2019.0,21186956132.51,山西省,
10835,600169.0,太原重工,2019-12-31,2019.0,7037718395.4,山西省,
10836,600234.0,*ST 山水,2019-12-31,2019.0,227902943.03,山西省,
10837,600281.0,太化股份,2019-12-31,2019.0,542326403.95,山西省,
10838,600351.0,亚宝药业,2019-12-31,2019.0,3041915898.58,山西省,
10839,600392.0,盛和资源,2019-12-31,2019.0,6959518488.42,山西省,
10840,600780.0,通宝能源,2019-12-31,2019.0,6614814601.66,山西省,
10841,,,,,68978727721.45,山西省 汇总,
10842,561.0,烽火电子,2019-12-31,2019.0,1344782769.12,陕西省,
10843,837.0,秦川机床,2019-12-31,2019.0,3164976539.89,陕西省,
10844,2149.0,西部材料,2019-12-31,2019.0,2006102610.3,陕西省,
10845,2267.0,陕天然气,2019-12-31,2019.0,9582081343.77,陕西省,
10846,2864.0,盘龙药业,2019-12-31,2019.0,610636793.21,陕西省,
10847,300023.0,宝德股份,2019-12-31,2019.0,124817327.95,陕西省,
10848,300114.0,中航电测,2019-12-31,2019.0,1544752374.83,陕西省,
10849,300116.0,坚瑞沃能,2019-12-31,2019.0,543815130.85,陕西省,
10850,300140.0,中环装备,2019-12-31,2019.0,2524734694.48,陕西省,
10851,300397.0,天和防务,2019-12-31,2019.0,867780083.99,陕西省,
10852,300581.0,晨曦航空,2019-12-31,2019.0,238683182.81,陕西省,
10853,600080.0,金花股份,2019-12-31,2019.0,754544013.66,陕西省,
10854,600302.0,标准股份,2019-12-31,2019.0,541667689.31,陕西省,
10855,600343.0,航天动力,2019-12-31,2019.0,991999279.17,陕西省,
10856,600379.0,宝光股份,2019-12-31,2019.0,933906907.77,陕西省,
10857,600456.0,宝钛股份,2019-12-31,2019.0,4187620210.76,陕西省,
10858,600707.0,彩虹股份,2019-12-31,2019.0,5860061365.33,陕西省,
10859,600817.0,ST 宏盛,2019-12-31,2019.0,58113308.96,陕西省,
10860,600984.0,建设机械,2019-12-31,2019.0,3251406860.89,陕西省,
10861,601012.0,隆基股份,2019-12-31,2019.0,32897455384.24,陕西省,
10862,601179.0,中国西电,2019-12-31,2019.0,15283088209.01,陕西省,
10863,601369.0,陕鼓动力,2019-12-31,2019.0,7303968264.07,陕西省,
10864,603139.0,康惠制药,2019-12-31,2019.0,431421291.73,陕西省,
10865,688101.0,三达膜,2019-12-31,2019.0,742008730.62,陕西省,
10866,688122.0,西部超导,2019-12-31,2019.0,1446107390.64,陕西省,
10867,688333.0,铂力特,2019-12-31,2019.0,321742830.46,陕西省,
10868,834599.0,同力股份,2019-12-31,2019.0,2538396540.13,陕西省,
10869,835640.0,富士达,2019-12-31,2019.0,518054566.61,陕西省,
10870,,,,,100614725694.56,陕西省 汇总,
10871,2022.0,科华生物,2019-12-31,2019.0,2414471289.3,上海市,
10872,2028.0,思源电气,2019-12-31,2019.0,6380095191.01,上海市,
10873,2058.0,威尔泰,2019-12-31,2019.0,89512574.7,上海市,
10874,2158.0,汉钟精机,2019-12-31,2019.0,1806971546.97,上海市,
10875,2162.0,悦心健康,2019-12-31,2019.0,1166237543.76,上海市,
10876,2184.0,海得控制,2019-12-31,2019.0,2058412415.39,上海市,
10877,2252.0,上海莱士,2019-12-31,2019.0,2584983982.36,上海市,
10878,2278.0,神开股份,2019-12-31,2019.0,777055996.42,上海市,
10879,2346.0,柘中股份,2019-12-31,2019.0,451656673.66,上海市,
10880,2451.0,摩恩电气,2019-12-31,2019.0,367023233.67,上海市,
10881,2506.0,协鑫集成,2019-12-31,2019.0,8683590787.61,上海市,
10882,2527.0,新时达,2019-12-31,2019.0,3533969303.29,上海市,
10883,2636.0,金安国纪,2019-12-31,2019.0,3322217733.96,上海市,
10884,2706.0,良信电器,2019-12-31,2019.0,2038513229.74,上海市,
10885,300039.0,上海凯宝,2019-12-31,2019.0,1419026170.35,上海市,
10886,300126.0,锐奇股份,2019-12-31,2019.0,459117421.28,上海市,
10887,300129.0,泰胜风能,2019-12-31,2019.0,2219025768.15,上海市,
10888,300153.0,科泰电源,2019-12-31,2019.0,1047590309.86,上海市,
10889,300171.0,东富龙,2019-12-31,2019.0,2264004328.7,上海市,
10890,300222.0,科大智能,2019-12-31,2019.0,2313318986.27,上海市,
10891,300272.0,开能健康,2019-12-31,2019.0,1052525499.43,上海市,
10892,300286.0,安科瑞,2019-12-31,2019.0,600208305.71,上海市,
10893,300326.0,凯利泰,2019-12-31,2019.0,1222288041.86,上海市,
10894,300327.0,中颖电子,2019-12-31,2019.0,834147157.27,上海市,
10895,300442.0,普丽盛,2019-12-31,2019.0,640060243.46,上海市,
10896,300462.0,华铭智能,2019-12-31,2019.0,1440180755.33,上海市,
10897,300501.0,海顺新材,2019-12-31,2019.0,621030370.51,上海市,
10898,300551.0,古鳌科技,2019-12-31,2019.0,466253495.68,上海市,
10899,300590.0,移为通信,2019-12-31,2019.0,629466317.14,上海市,
10900,300627.0,华测导航,2019-12-31,2019.0,1145522663.43,上海市,
10901,300642.0,透景生命,2019-12-31,2019.0,441452526.03,上海市,
10902,300762.0,上海瀚讯,2019-12-31,2019.0,545969894.63,上海市,
10903,300802.0,矩子科技,2019-12-31,2019.0,423247957.2,上海市,
10904,430139.0,华岭股份,2019-12-31,2019.0,145890109.95,上海市,
10905,430300.0,辰光医疗,2019-12-31,2019.0,133919702.94,上海市,
10906,600021.0,上海电力,2019-12-31,2019.0,23690034551.14,上海市,
10907,600151.0,航天机电,2019-12-31,2019.0,6909895395.0,上海市,
10908,600171.0,上海贝岭,2019-12-31,2019.0,878629217.06,上海市,
10909,600196.0,复星医药,2019-12-31,2019.0,28585152033.18,上海市,
10910,600320.0,振华重工,2019-12-31,2019.0,24595587883.0,上海市,
10911,600420.0,现代制药,2019-12-31,2019.0,12199106725.48,上海市,
10912,600490.0,鹏欣资源,2019-12-31,2019.0,14787309899.26,上海市,
10913,600530.0,交大昂立,2019-12-31,2019.0,332602654.23,上海市,
10914,600601.0,方正科技,2019-12-31,2019.0,5829658545.81,上海市,
10915,600613.0,神奇制药,2019-12-31,2019.0,1927593214.0,上海市,
10916,600617.0,国新能源,2019-12-31,2019.0,10901262772.59,上海市,
10917,600619.0,海立股份,2019-12-31,2019.0,12140214214.38,上海市,
10918,600624.0,复旦复华,2019-12-31,2019.0,1399901826.36,上海市,
10919,600635.0,大众公用,2019-12-31,2019.0,5459799899.4,上海市,
10920,600642.0,申能股份,2019-12-31,2019.0,38841303798.99,上海市,
10921,600651.0,飞乐音响,2019-12-31,2019.0,2927532125.73,上海市,
10922,600732.0,ST 爱旭,2019-12-31,2019.0,6069237197.93,上海市,
10923,600781.0,ST 辅仁,2019-12-31,2019.0,5171086040.98,上海市,
10924,600819.0,耀皮玻璃,2019-12-31,2019.0,4511016242.55,上海市,
10925,600835.0,上海机电,2019-12-31,2019.0,22116248265.36,上海市,
10926,600841.0,上柴股份,2019-12-31,2019.0,4033270192.12,上海市,
10927,600843.0,上工申贝,2019-12-31,2019.0,3210458581.47,上海市,
10928,600851.0,海欣股份,2019-12-31,2019.0,1111742408.11,上海市,
10929,601231.0,环旭电子,2019-12-31,2019.0,37204188424.22,上海市,
10930,601616.0,广电电气,2019-12-31,2019.0,698968611.07,上海市,
10931,601727.0,上海电气,2019-12-31,2019.0,126647718000.0,上海市,
10932,603012.0,创力集团,2019-12-31,2019.0,2288473587.9,上海市,
10933,603068.0,博通集成,2019-12-31,2019.0,1174623899.09,上海市,
10934,603083.0,剑桥科技,2019-12-31,2019.0,2973748561.72,上海市,
10935,603131.0,上海沪工,2019-12-31,2019.0,907482934.93,上海市,
10936,603159.0,上海亚虹,2019-12-31,2019.0,564094083.95,上海市,
10937,603236.0,移远通信,2019-12-31,2019.0,4129746036.13,上海市,
10938,603256.0,宏和科技,2019-12-31,2019.0,662674768.89,上海市,
10939,603496.0,恒为科技,2019-12-31,2019.0,434114198.37,上海市,
10940,603501.0,韦尔股份,2019-12-31,2019.0,13631670629.57,上海市,
10941,603515.0,欧普照明,2019-12-31,2019.0,8354858629.37,上海市,
10942,603579.0,荣泰健康,2019-12-31,2019.0,2313911804.43,上海市,
10943,603633.0,徕木股份,2019-12-31,2019.0,465004694.74,上海市,
10944,603659.0,璞泰来,2019-12-31,2019.0,4798526030.63,上海市,
10945,603690.0,至纯科技,2019-12-31,2019.0,986439195.28,上海市,
10946,603718.0,海利生物,2019-12-31,2019.0,277992965.9,上海市,
10947,603728.0,鸣志电器,2019-12-31,2019.0,2057974749.63,上海市,
10948,603855.0,华荣股份,2019-12-31,2019.0,1942546515.64,上海市,
10949,603868.0,飞科电器,2019-12-31,2019.0,3759367800.79,上海市,
10950,603895.0,天永智能,2019-12-31,2019.0,469936252.12,上海市,
10951,603956.0,威派格,2019-12-31,2019.0,858584372.85,上海市,
10952,603960.0,克来机电,2019-12-31,2019.0,796302410.43,上海市,
10953,603987.0,康德莱,2019-12-31,2019.0,1816907868.44,上海市,
10954,688008.0,澜起科技,2019-12-31,2019.0,1737734714.98,上海市,
10955,688012.0,中微公司,2019-12-31,2019.0,1946949250.75,上海市,
10956,688016.0,心脉医疗,2019-12-31,2019.0,333732539.52,上海市,
10957,688019.0,安集科技,2019-12-31,2019.0,285410172.1,上海市,
10958,688098.0,申联生物,2019-12-31,2019.0,253809330.44,上海市,
10959,688123.0,聚辰股份,2019-12-31,2019.0,513371895.61,上海市,
10960,688126.0,沪硅产业,2019-12-31,2019.0,1492509837.86,上海市,
10961,688366.0,昊海生科,2019-12-31,2019.0,1604333866.54,上海市,
10962,831305.0,海希通讯,2019-12-31,2019.0,232555650.77,上海市,
10963,831961.0,创远仪器,2019-12-31,2019.0,220072753.18,上海市,
10964,833346.0,威贸电子,2019-12-31,2019.0,173236168.09,上海市,
10965,836414.0,欧普泰,2019-12-31,2019.0,28437151.64,上海市,
10966,,,,,522405611568.72,上海市 汇总,
10967,155.0,川能动力,2019-12-31,2019.0,2051105817.16,四川省,
10968,584.0,哈工智能,2019-12-31,2019.0,1736701249.52,四川省,
10969,586.0,汇源通信,2019-12-31,2019.0,434269804.11,四川省,
10970,593.0,大通燃气,2019-12-31,2019.0,1037957543.04,四川省,
10971,598.0,兴蓉环境,2019-12-31,2019.0,4838024958.01,四川省,
10972,629.0,攀钢钒钛,2019-12-31,2019.0,13158669728.41,四川省,
10973,790.0,泰合健康,2019-12-31,2019.0,745340799.08,四川省,
10974,801.0,四川九洲,2019-12-31,2019.0,2988962220.06,四川省,
10975,810.0,创维数字,2019-12-31,2019.0,8895624062.35,四川省,
10976,935.0,四川双马,2019-12-31,2019.0,1810460872.34,四川省,
10977,2259.0,*ST 升达,2019-12-31,2019.0,1106281900.16,四川省,
10978,2272.0,川润股份,2019-12-31,2019.0,877067102.96,四川省,
10979,2366.0,台海核电,2019-12-31,2019.0,509758441.62,四川省,
10980,2422.0,科伦药业,2019-12-31,2019.0,17636267044.0,四川省,
10981,2466.0,天齐锂业,2019-12-31,2019.0,4840615283.61,四川省,
10982,2480.0,新筑股份,2019-12-31,2019.0,1996770591.86,四川省,
10983,2630.0,华西能源,2019-12-31,2019.0,3623174397.03,四川省,
10984,2651.0,利君股份,2019-12-31,2019.0,687836952.17,四川省,
10985,2773.0,康弘药业,2019-12-31,2019.0,3257430097.82,四川省,
10986,2798.0,帝欧家居,2019-12-31,2019.0,5570243243.07,四川省,
10987,2935.0,天奥电子,2019-12-31,2019.0,866905597.39,四川省,
10988,300028.0,金亚科技,2019-12-31,2019.0,3246329.37,四川省,
10989,300092.0,科新机电,2019-12-31,2019.0,594322537.21,四川省,
10990,300101.0,振芯科技,2019-12-31,2019.0,471613448.07,四川省,
10991,300127.0,银河磁体,2019-12-31,2019.0,602769831.51,四川省,
10992,300362.0,天翔环境,2019-12-31,2019.0,409925044.21,四川省,
10993,300370.0,安控科技,2019-12-31,2019.0,1255875227.8,四川省,
10994,300414.0,中光防雷,2019-12-31,2019.0,400529175.3,四川省,
10995,300425.0,中建环能,2019-12-31,2019.0,1231778859.84,四川省,
10996,300434.0,金石亚药,2019-12-31,2019.0,1005606188.19,四川省,
10997,300463.0,迈克生物,2019-12-31,2019.0,3222956019.79,四川省,
10998,300470.0,中密控股,2019-12-31,2019.0,888344185.09,四川省,
10999,300471.0,厚普股份,2019-12-31,2019.0,542818016.87,四川省,
11000,300502.0,新易盛,2019-12-31,2019.0,1164873682.36,四川省,
11001,300504.0,天邑股份,2019-12-31,2019.0,2137738779.11,四川省,
11002,300540.0,深冷股份,2019-12-31,2019.0,435349250.51,四川省,
11003,300780.0,德恩精工,2019-12-31,2019.0,485166804.76,四川省,
11004,300820.0,英杰电气,2019-12-31,2019.0,443012630.28,四川省,
11005,600101.0,明星电力,2019-12-31,2019.0,1607699267.23,四川省,
11006,600331.0,宏达股份,2019-12-31,2019.0,2545255748.56,四川省,
11007,600353.0,旭光股份,2019-12-31,2019.0,1200618981.24,四川省,
11008,600505.0,西昌电力,2019-12-31,2019.0,948371961.78,四川省,
11009,600528.0,中铁工业,2019-12-31,2019.0,20575131654.39,四川省,
11010,600644.0,乐山电力,2019-12-31,2019.0,2223199937.34,四川省,
11011,600674.0,川投能源,2019-12-31,2019.0,838331604.28,四川省,
11012,600678.0,四川金顶,2019-12-31,2019.0,295122306.03,四川省,
11013,600839.0,四川长虹,2019-12-31,2019.0,88792895883.36,四川省,
11014,600875.0,东方电气,2019-12-31,2019.0,31777585757.68,四川省,
11015,600979.0,广安爱众,2019-12-31,2019.0,2218931300.27,四川省,
11016,603053.0,成都燃气,2019-12-31,2019.0,4818531347.54,四川省,
11017,603327.0,福蓉科技,2019-12-31,2019.0,1299455186.91,四川省,
11018,603333.0,尚纬股份,2019-12-31,2019.0,2033545707.37,四川省,
11019,603679.0,华体科技,2019-12-31,2019.0,711861581.65,四川省,
11020,832566.0,梓橦宫,2019-12-31,2019.0,352028217.39,四川省,
11021,833230.0,欧康医药,2019-12-31,2019.0,145145801.24,四川省,
11022,833781.0,瑞奇智造,2019-12-31,2019.0,152852048.31,四川省,
11023,833943.0,优机股份,2019-12-31,2019.0,605490795.79,四川省,
11024,836239.0,长虹能源,2019-12-31,2019.0,1416816188.68,四川省,
11025,836260.0,中寰股份,2019-12-31,2019.0,219548513.97,四川省,
11026,836675.0,秉扬科技,2019-12-31,2019.0,326971704.79,四川省,
11027,870199.0,倍益康,2019-12-31,2019.0,42240680.46,四川省,
11028,,,,,259113025892.3,四川省 汇总,
11029,836.0,富通鑫茂,2019-12-31,2019.0,1137953614.14,天津市,
11030,2129.0,中环股份,2019-12-31,2019.0,16886971336.01,天津市,
11031,2134.0,天津普林,2019-12-31,2019.0,418242590.19,天津市,
11032,2337.0,赛象科技,2019-12-31,2019.0,527453764.38,天津市,
11033,2393.0,力生制药,2019-12-31,2019.0,1615276373.24,天津市,
11034,2432.0,九安医疗,2019-12-31,2019.0,706276406.49,天津市,
11035,2821.0,凯莱英,2019-12-31,2019.0,2459985533.8,天津市,
11036,300026.0,红日药业,2019-12-31,2019.0,5002938538.26,天津市,
11037,300119.0,瑞普生物,2019-12-31,2019.0,1466580504.34,天津市,
11038,300120.0,经纬辉开,2019-12-31,2019.0,2332307829.73,天津市,
11039,300195.0,长荣股份,2019-12-31,2019.0,1292211370.36,天津市,
11040,300334.0,津膜科技,2019-12-31,2019.0,516341745.16,天津市,
11041,300407.0,凯发电气,2019-12-31,2019.0,1808714438.22,天津市,
11042,600329.0,中新药业,2019-12-31,2019.0,6993881697.6,天津市,
11043,600468.0,百利电气,2019-12-31,2019.0,1569254445.34,天津市,
11044,600488.0,天药股份,2019-12-31,2019.0,2915700774.85,天津市,
11045,600535.0,天士力,2019-12-31,2019.0,18998310342.71,天津市,
11046,600821.0,津劝业,2019-12-31,2019.0,69758922.38,天津市,
11047,600874.0,创业环保,2019-12-31,2019.0,2851453000.0,天津市,
11048,603019.0,中科曙光,2019-12-31,2019.0,9526470351.47,天津市,
11049,603106.0,恒银金融,2019-12-31,2019.0,1016369550.59,天津市,
11050,603712.0,七一二,2019-12-31,2019.0,2140653347.67,天津市,
11051,688108.0,赛诺医疗,2019-12-31,2019.0,435913438.74,天津市,
11052,831526.0,凯华材料,2019-12-31,2019.0,93802968.17,天津市,
11053,,,,,82782822883.84,天津市 汇总,
11054,2287.0,奇正藏药,2019-12-31,2019.0,1402676904.18,西藏自治区,
11055,2653.0,海思科,2019-12-31,2019.0,3937340462.03,西藏自治区,
11056,2826.0,易明医药,2019-12-31,2019.0,553255391.08,西藏自治区,
11057,600211.0,西藏药业,2019-12-31,2019.0,1256021957.79,西藏自治区,
11058,600326.0,西藏天路,2019-12-31,2019.0,5621295713.83,西藏自治区,
11059,603669.0,灵康药业,2019-12-31,2019.0,1635000378.07,西藏自治区,
11060,603676.0,卫信康,2019-12-31,2019.0,740963155.21,西藏自治区,
11061,,,,,15146553962.19,西藏自治区 汇总,
11062,813.0,德展健康,2019-12-31,2019.0,1774968109.63,新疆维吾尔自治区,
11063,877.0,天山股份,2019-12-31,2019.0,9688216842.42,新疆维吾尔自治区,
11064,2202.0,金风科技,2019-12-31,2019.0,38244553924.01,新疆维吾尔自治区,
11065,2205.0,国统股份,2019-12-31,2019.0,839538862.26,新疆维吾尔自治区,
11066,2302.0,西部建设,2019-12-31,2019.0,22896385054.98,新疆维吾尔自治区,
11067,2700.0,新疆浩源,2019-12-31,2019.0,518740042.38,新疆维吾尔自治区,
11068,600089.0,特变电工,2019-12-31,2019.0,36980048574.43,新疆维吾尔自治区,
11069,600425.0,青松建化,2019-12-31,2019.0,3139491074.33,新疆维吾尔自治区,
11070,600509.0,天富能源,2019-12-31,2019.0,4894292444.4,新疆维吾尔自治区,
11071,600545.0,卓郎智能,2019-12-31,2019.0,8575309000.0,新疆维吾尔自治区,
11072,600888.0,新疆众和,2019-12-31,2019.0,4747800917.29,新疆维吾尔自治区,
11073,603032.0,德新交运,2019-12-31,2019.0,99011136.69,新疆维吾尔自治区,
11074,603080.0,新疆火炬,2019-12-31,2019.0,573707478.83,新疆维吾尔自治区,
11075,603393.0,新天然气,2019-12-31,2019.0,2296274568.0,新疆维吾尔自治区,
11076,603706.0,东方环宇,2019-12-31,2019.0,451717797.99,新疆维吾尔自治区,
11077,,,,,135720055827.64,新疆维吾尔自治区 汇总,
11078,538.0,云南白药,2019-12-31,2019.0,29664673868.68,云南省,
11079,807.0,云铝股份,2019-12-31,2019.0,24283623386.87,云南省,
11080,878.0,云南铜业,2019-12-31,2019.0,63289995891.42,云南省,
11081,903.0,云内动力,2019-12-31,2019.0,6811286574.48,云南省,
11082,960.0,锡业股份,2019-12-31,2019.0,42887232439.68,云南省,
11083,2114.0,罗平锌电,2019-12-31,2019.0,1866674820.12,云南省,
11084,2428.0,云南锗业,2019-12-31,2019.0,418466179.51,云南省,
11085,2750.0,龙津药业,2019-12-31,2019.0,275292322.31,云南省,
11086,300142.0,沃森生物,2019-12-31,2019.0,1121220288.78,云南省,
11087,600025.0,华能水电,2019-12-31,2019.0,20800941121.1,云南省,
11088,600422.0,昆药集团,2019-12-31,2019.0,8119963320.36,云南省,
11089,600459.0,贵研铂业,2019-12-31,2019.0,21354996597.18,云南省,
11090,600883.0,博闻科技,2019-12-31,2019.0,31726569.06,云南省,
11091,600995.0,文山电力,2019-12-31,2019.0,2319224253.72,云南省,
11092,603963.0,大理药业,2019-12-31,2019.0,294324901.14,云南省,
11093,831152.0,昆工科技,2019-12-31,2019.0,418139910.73,云南省,
11094,833266.0,生物谷,2019-12-31,2019.0,557862104.33,云南省,
11095,,,,,224515644549.47,云南省 汇总,
11096,925.0,众合科技,2019-12-31,2019.0,2778079942.52,浙江省,
11097,2001.0,新和成,2019-12-31,2019.0,7620982935.87,浙江省,
11098,2006.0,精功科技,2019-12-31,2019.0,865386565.14,浙江省,
11099,2011.0,盾安环境,2019-12-31,2019.0,9104342088.84,浙江省,
11100,2019.0,亿帆医药,2019-12-31,2019.0,5186843636.05,浙江省,
11101,2020.0,京新药业,2019-12-31,2019.0,3646683905.76,浙江省,
11102,2021.0,*ST 中捷,2019-12-31,2019.0,706762459.09,浙江省,
11103,2036.0,联创电子,2019-12-31,2019.0,6081932971.96,浙江省,
11104,2050.0,三花智控,2019-12-31,2019.0,11287489442.23,浙江省,
11105,2056.0,横店东磁,2019-12-31,2019.0,6563638225.95,浙江省,
11106,2064.0,华峰氨纶,2019-12-31,2019.0,13785247595.36,浙江省,
11107,2082.0,万邦德,2019-12-31,2019.0,15794900821.28,浙江省,
11108,2099.0,海翔药业,2019-12-31,2019.0,2941412770.3,浙江省,
11109,2112.0,三变科技,2019-12-31,2019.0,710389903.34,浙江省,
11110,2119.0,康强电子,2019-12-31,2019.0,1418269645.18,浙江省,
11111,2122.0,*ST 天马,2019-12-31,2019.0,1179222799.15,浙江省,
11112,2164.0,宁波东力,2019-12-31,2019.0,1020262758.87,浙江省,
11113,2196.0,方正电机,2019-12-31,2019.0,1116214467.04,浙江省,
11114,2199.0,东晶电子,2019-12-31,2019.0,210383455.05,浙江省,
11115,2203.0,海亮股份,2019-12-31,2019.0,41152704337.81,浙江省,
11116,2206.0,海利得,2019-12-31,2019.0,4013629156.87,浙江省,
11117,2214.0,大立科技,2019-12-31,2019.0,530450787.23,浙江省,
11118,2236.0,大华股份,2019-12-31,2019.0,26149430652.42,浙江省,
11119,2273.0,水晶光电,2019-12-31,2019.0,2999838167.85,浙江省,
11120,2276.0,万马股份,2019-12-31,2019.0,9745408784.22,浙江省,
11121,2332.0,仙琚制药,2019-12-31,2019.0,3708545530.97,浙江省,
11122,2364.0,中恒电气,2019-12-31,2019.0,1173602079.61,浙江省,
11123,2370.0,亚太药业,2019-12-31,2019.0,709291124.12,浙江省,
11124,2389.0,航天彩虹,2019-12-31,2019.0,3100495301.11,浙江省,
11125,2415.0,海康威视,2019-12-31,2019.0,57658110065.22,浙江省,
11126,2418.0,康盛股份,2019-12-31,2019.0,2007637162.45,浙江省,
11127,2427.0,*ST 尤夫,2019-12-31,2019.0,3084044798.89,浙江省,
11128,2430.0,杭氧股份,2019-12-31,2019.0,8187012394.63,浙江省,
11129,2472.0,双环传动,2019-12-31,2019.0,3235824342.0,浙江省,
11130,2473.0,圣莱达,2019-12-31,2019.0,94816415.29,浙江省,
11131,2479.0,富春环保,2019-12-31,2019.0,4115696395.79,浙江省,
11132,2493.0,荣盛石化,2019-12-31,2019.0,82499880682.37,浙江省,
11133,2508.0,老板电器,2019-12-31,2019.0,7760581855.53,浙江省,
11134,2520.0,日发精机,2019-12-31,2019.0,2160047660.75,浙江省,
11135,2532.0,新界泵业,2019-12-31,2019.0,1653194202.93,浙江省,
11136,2534.0,杭锅股份,2019-12-31,2019.0,3927432985.42,浙江省,
11137,2552.0,宝鼎科技,2019-12-31,2019.0,340370963.9,浙江省,
11138,2562.0,兄弟科技,2019-12-31,2019.0,1257717108.48,浙江省,
11139,2617.0,露笑科技,2019-12-31,2019.0,2452133315.73,浙江省,
11140,2633.0,申科股份,2019-12-31,2019.0,122814262.32,浙江省,
11141,2677.0,浙江美大,2019-12-31,2019.0,1684475726.55,浙江省,
11142,2686.0,亿利达,2019-12-31,2019.0,1481215064.87,浙江省,
11143,2730.0,电光科技,2019-12-31,2019.0,1002530715.97,浙江省,
11144,2767.0,先锋电子,2019-12-31,2019.0,317748394.53,浙江省,
11145,2779.0,中坚科技,2019-12-31,2019.0,395179829.57,浙江省,
11146,2793.0,东音股份,2019-12-31,2019.0,7588790576.54,浙江省,
11147,2795.0,永和智控,2019-12-31,2019.0,592058026.89,浙江省,
11148,2801.0,微光股份,2019-12-31,2019.0,794243592.45,浙江省,
11149,2849.0,威星智能,2019-12-31,2019.0,1074105621.01,浙江省,
11150,2859.0,洁美科技,2019-12-31,2019.0,948519530.03,浙江省,
11151,2860.0,星帅尔,2019-12-31,2019.0,708198952.1,浙江省,
11152,2896.0,中大力德,2019-12-31,2019.0,676189942.13,浙江省,
11153,2897.0,意华股份,2019-12-31,2019.0,1622538946.55,浙江省,
11154,2931.0,锋龙股份,2019-12-31,2019.0,410073506.12,浙江省,
11155,2937.0,兴瑞科技,2019-12-31,2019.0,1023462841.82,浙江省,
11156,2940.0,昂利康,2019-12-31,2019.0,1396193906.33,浙江省,
11157,200771.0,杭汽轮B,2019-12-31,2019.0,4279848518.81,浙江省,
11158,300032.0,金龙机电,2019-12-31,2019.0,1731784239.57,浙江省,
11159,300068.0,南都电源,2019-12-31,2019.0,9008443265.11,浙江省,
11160,300069.0,金利华电,2019-12-31,2019.0,197971172.15,浙江省,
11161,300076.0,GQY视讯,2019-12-31,2019.0,86573640.69,浙江省,
11162,300078.0,思创医惠,2019-12-31,2019.0,1539064250.5,浙江省,
11163,300111.0,向日葵,2019-12-31,2019.0,836610095.8,浙江省,
11164,300118.0,东方日升,2019-12-31,2019.0,14404248251.42,浙江省,
11165,300145.0,中金环境,2019-12-31,2019.0,4094020405.58,浙江省,
11166,300181.0,佐力药业,2019-12-31,2019.0,911163975.83,浙江省,
11167,300203.0,聚光科技,2019-12-31,2019.0,3895520536.27,浙江省,
11168,300234.0,开尔新材,2019-12-31,2019.0,685325805.4,浙江省,
11169,300256.0,星星科技,2019-12-31,2019.0,6343779354.54,浙江省,
11170,300257.0,开山股份,2019-12-31,2019.0,2633306709.24,浙江省,
11171,300270.0,中威电子,2019-12-31,2019.0,235646346.9,浙江省,
11172,300283.0,温州宏丰,2019-12-31,2019.0,1936065194.56,浙江省,
11173,300306.0,远方信息,2019-12-31,2019.0,417933907.15,浙江省,
11174,300307.0,慈星股份,2019-12-31,2019.0,1521033807.33,浙江省,
11175,300314.0,戴维医疗,2019-12-31,2019.0,356352075.2,浙江省,
11176,300316.0,晶盛机电,2019-12-31,2019.0,3109742819.15,浙江省,
11177,300351.0,永贵电器,2019-12-31,2019.0,1080292796.82,浙江省,
11178,300357.0,我武生物,2019-12-31,2019.0,639352853.82,浙江省,
11179,300360.0,炬华科技,2019-12-31,2019.0,892390589.44,浙江省,
11180,300411.0,金盾股份,2019-12-31,2019.0,521535156.76,浙江省,
11181,300412.0,迦南科技,2019-12-31,2019.0,703164546.11,浙江省,
11182,300435.0,中泰股份,2019-12-31,2019.0,1034330203.62,浙江省,
11183,300439.0,美康生物,2019-12-31,2019.0,3133447697.27,浙江省,
11184,300441.0,鲍斯股份,2019-12-31,2019.0,1559555365.87,浙江省,
11185,300461.0,田中精机,2019-12-31,2019.0,492446065.76,浙江省,
11186,300512.0,中亚股份,2019-12-31,2019.0,858139604.75,浙江省,
11187,300519.0,新光药业,2019-12-31,2019.0,291262099.7,浙江省,
11188,300548.0,博创科技,2019-12-31,2019.0,407171642.6,浙江省,
11189,300553.0,集智股份,2019-12-31,2019.0,166325650.41,浙江省,
11190,300558.0,贝达药业,2019-12-31,2019.0,1553924255.01,浙江省,
11191,300566.0,激智科技,2019-12-31,2019.0,1096211086.27,浙江省,
11192,300582.0,英飞特,2019-12-31,2019.0,1008783024.54,浙江省,
11193,300604.0,长川科技,2019-12-31,2019.0,398834098.54,浙江省,
11194,300611.0,美力科技,2019-12-31,2019.0,601486573.88,浙江省,
11195,300626.0,华瑞股份,2019-12-31,2019.0,753352460.75,浙江省,
11196,300666.0,江丰电子,2019-12-31,2019.0,824964791.18,浙江省,
11197,300669.0,沪宁股份,2019-12-31,2019.0,347884546.01,浙江省,
11198,300698.0,万马科技,2019-12-31,2019.0,469135056.56,浙江省,
11199,300702.0,天宇股份,2019-12-31,2019.0,2110595680.52,浙江省,
11200,300710.0,万隆光电,2019-12-31,2019.0,371857123.99,浙江省,
11201,300718.0,长盛轴承,2019-12-31,2019.0,600840893.61,浙江省,
11202,300743.0,天地数码,2019-12-31,2019.0,415402536.37,浙江省,
11203,300763.0,锦浪科技,2019-12-31,2019.0,1139115438.18,浙江省,
11204,300772.0,运达股份,2019-12-31,2019.0,5010260787.05,浙江省,
11205,300813.0,泰林生物,2019-12-31,2019.0,180928327.74,浙江省,
11206,300817.0,双飞股份,2019-12-31,2019.0,529584726.03,浙江省,
11207,430685.0,新芝生物,2019-12-31,2019.0,120720742.78,浙江省,
11208,600023.0,浙能电力,2019-12-31,2019.0,54370549106.11,浙江省,
11209,600130.0,波导股份,2019-12-31,2019.0,537231885.5,浙江省,
11210,600152.0,维科技术,2019-12-31,2019.0,1645001121.19,浙江省,
11211,600216.0,浙江医药,2019-12-31,2019.0,7043927618.7,浙江省,
11212,600261.0,阳光照明,2019-12-31,2019.0,5316197019.36,浙江省,
11213,600267.0,海正药业,2019-12-31,2019.0,11071784242.87,浙江省,
11214,600283.0,钱江水利,2019-12-31,2019.0,1174868291.01,浙江省,
11215,600290.0,ST 华仪,2019-12-31,2019.0,1086183597.01,浙江省,
11216,600330.0,天通股份,2019-12-31,2019.0,2779942961.87,浙江省,
11217,600366.0,宁波韵升,2019-12-31,2019.0,1945741771.63,浙江省,
11218,600460.0,士兰微,2019-12-31,2019.0,3110573827.93,浙江省,
11219,600521.0,华海药业,2019-12-31,2019.0,5388094592.53,浙江省,
11220,600526.0,*ST 菲达,2019-12-31,2019.0,3416030256.19,浙江省,
11221,600537.0,亿晶光电,2019-12-31,2019.0,3559040092.73,浙江省,
11222,600572.0,康恩贝,2019-12-31,2019.0,6768292920.12,浙江省,
11223,600580.0,卧龙电驱,2019-12-31,2019.0,12416106097.4,浙江省,
11224,600668.0,尖峰集团,2019-12-31,2019.0,3547537608.52,浙江省,
11225,600671.0,天目药业,2019-12-31,2019.0,297072374.92,浙江省,
11226,600724.0,宁波富达,2019-12-31,2019.0,3144597377.96,浙江省,
11227,600768.0,宁波富邦,2019-12-31,2019.0,517298113.0,浙江省,
11228,600776.0,东方通信,2019-12-31,2019.0,2683202690.49,浙江省,
11229,600884.0,杉杉股份,2019-12-31,2019.0,8679910968.83,浙江省,
11230,600982.0,宁波热电,2019-12-31,2019.0,3411652507.98,浙江省,
11231,601002.0,晋亿实业,2019-12-31,2019.0,2947098702.41,浙江省,
11232,601113.0,ST 华鼎,2019-12-31,2019.0,8564710360.89,浙江省,
11233,601137.0,博威合金,2019-12-31,2019.0,7591642075.25,浙江省,
11234,601177.0,杭齿前进,2019-12-31,2019.0,1652875834.57,浙江省,
11235,601233.0,桐昆股份,2019-12-31,2019.0,50582430692.23,浙江省,
11236,601567.0,三星医疗,2019-12-31,2019.0,6739129855.23,浙江省,
11237,601865.0,福莱特,2019-12-31,2019.0,4806804020.96,浙江省,
11238,601877.0,正泰电器,2019-12-31,2019.0,30225906278.03,浙江省,
11239,601882.0,海天精工,2019-12-31,2019.0,1164725504.4,浙江省,
11240,603015.0,弘讯科技,2019-12-31,2019.0,600541004.28,浙江省,
11241,603045.0,福达合金,2019-12-31,2019.0,1563779136.33,浙江省,
11242,603076.0,乐惠国际,2019-12-31,2019.0,753770003.25,浙江省,
11243,603081.0,大丰实业,2019-12-31,2019.0,2140753443.63,浙江省,
11244,603088.0,宁波精达,2019-12-31,2019.0,377574204.1,浙江省,
11245,603105.0,芯能科技,2019-12-31,2019.0,387097885.08,浙江省,
11246,603168.0,莎普爱思,2019-12-31,2019.0,515957073.58,浙江省,
11247,603186.0,华正新材,2019-12-31,2019.0,2025856500.14,浙江省,
11248,603195.0,公牛集团,2019-12-31,2019.0,10040439724.07,浙江省,
11249,603218.0,日月股份,2019-12-31,2019.0,3485830442.82,浙江省,
11250,603222.0,济民制药,2019-12-31,2019.0,771279230.93,浙江省,
11251,603225.0,新凤鸣,2019-12-31,2019.0,34148206781.36,浙江省,
11252,603229.0,奥翔药业,2019-12-31,2019.0,307914615.4,浙江省,
11253,603277.0,银都股份,2019-12-31,2019.0,1725525901.36,浙江省,
11254,603289.0,泰瑞机器,2019-12-31,2019.0,803500665.37,浙江省,
11255,603290.0,斯达半导,2019-12-31,2019.0,779439687.65,浙江省,
11256,603297.0,永新光学,2019-12-31,2019.0,573041849.4,浙江省,
11257,603298.0,杭叉集团,2019-12-31,2019.0,8854106704.84,浙江省,
11258,603301.0,振德医疗,2019-12-31,2019.0,1867727915.16,浙江省,
11259,603303.0,得邦照明,2019-12-31,2019.0,4243635627.71,浙江省,
11260,603311.0,金海环境,2019-12-31,2019.0,648834684.18,浙江省,
11261,603320.0,迪贝电气,2019-12-31,2019.0,691588115.08,浙江省,
11262,603321.0,梅轮电梯,2019-12-31,2019.0,736956590.28,浙江省,
11263,603331.0,百达精工,2019-12-31,2019.0,852103682.15,浙江省,
11264,603337.0,杰克股份,2019-12-31,2019.0,3608057401.56,浙江省,
11265,603338.0,浙江鼎力,2019-12-31,2019.0,2389355320.86,浙江省,
11266,603456.0,九洲药业,2019-12-31,2019.0,2016815853.61,浙江省,
11267,603520.0,司太立,2019-12-31,2019.0,1308841635.36,浙江省,
11268,603538.0,美诺华,2019-12-31,2019.0,1180205325.5,浙江省,
11269,603551.0,奥普家居,2019-12-31,2019.0,1649820362.47,浙江省,
11270,603556.0,海兴电力,2019-12-31,2019.0,2954172901.03,浙江省,
11271,603578.0,三星新材,2019-12-31,2019.0,340031384.86,浙江省,
11272,603583.0,捷昌驱动,2019-12-31,2019.0,1407770832.01,浙江省,
11273,603595.0,东尼电子,2019-12-31,2019.0,660789816.56,浙江省,
11274,603606.0,东方电缆,2019-12-31,2019.0,3690430874.26,浙江省,
11275,603611.0,诺力股份,2019-12-31,2019.0,3087252484.26,浙江省,
11276,603617.0,君禾股份,2019-12-31,2019.0,672713235.95,浙江省,
11277,603618.0,杭电股份,2019-12-31,2019.0,4909197834.05,浙江省,
11278,603662.0,柯力传感,2019-12-31,2019.0,740456071.73,浙江省,
11279,603667.0,五洲新春,2019-12-31,2019.0,1817599401.72,浙江省,
11280,603677.0,奇精机械,2019-12-31,2019.0,1666390456.03,浙江省,
11281,603685.0,晨丰科技,2019-12-31,2019.0,1116995892.53,浙江省,
11282,603700.0,宁波水表,2019-12-31,2019.0,1371124665.82,浙江省,
11283,603701.0,德宏股份,2019-12-31,2019.0,476199765.23,浙江省,
11284,603703.0,盛洋科技,2019-12-31,2019.0,834454521.34,浙江省,
11285,603757.0,大元泵业,2019-12-31,2019.0,1134855470.37,浙江省,
11286,603789.0,星光农机,2019-12-31,2019.0,705480825.16,浙江省,
11287,603799.0,华友钴业,2019-12-31,2019.0,18852828463.22,浙江省,
11288,603811.0,诚意药业,2019-12-31,2019.0,681227988.33,浙江省,
11289,603896.0,寿仙谷,2019-12-31,2019.0,546758533.4,浙江省,
11290,603897.0,长城科技,2019-12-31,2019.0,4971330414.0,浙江省,
11291,603901.0,永创智能,2019-12-31,2019.0,1871162280.91,浙江省,
11292,603917.0,合力科技,2019-12-31,2019.0,610967607.07,浙江省,
11293,603996.0,ST 中新,2019-12-31,2019.0,490717119.88,浙江省,
11294,688005.0,容百科技,2019-12-31,2019.0,4189669077.97,浙江省,
11295,688006.0,杭可科技,2019-12-31,2019.0,1313025766.35,浙江省,
11296,688288.0,鸿泉物联,2019-12-31,2019.0,313201966.93,浙江省,
11297,688298.0,东方生物,2019-12-31,2019.0,367376821.29,浙江省,
11298,688310.0,迈得医疗,2019-12-31,2019.0,209549529.62,浙江省,
11299,831855.0,浙江大农,2019-12-31,2019.0,230938402.71,浙江省,
11300,834062.0,科润智控,2019-12-31,2019.0,475274965.44,浙江省,
11301,834475.0,三友科技,2019-12-31,2019.0,319940678.09,浙江省,
11302,834639.0,晨光电缆,2019-12-31,2019.0,1895822652.53,浙江省,
11303,834682.0,球冠电缆,2019-12-31,2019.0,2175889733.15,浙江省,
11304,834770.0,艾能聚,2019-12-31,2019.0,360862980.87,浙江省,
11305,836270.0,天铭科技,2019-12-31,2019.0,140397813.91,浙江省,
11306,836395.0,朗鸿科技,2019-12-31,2019.0,144780526.49,浙江省,
11307,870508.0,丰安股份,2019-12-31,2019.0,82832814.88,浙江省,
11308,873152.0,天宏锂电,2019-12-31,2019.0,135066097.77,浙江省,
11309,873169.0,七丰精工,2019-12-31,2019.0,152523658.22,浙江省,
11310,873223.0,荣亿精密,2019-12-31,2019.0,134404729.76,浙江省,
11311,,,,,892599597680.52,浙江省 汇总,
11312,591.0,太阳能,2019-12-31,2019.0,5011085318.63,重庆市,
11313,788.0,北大医药,2019-12-31,2019.0,2509080051.01,重庆市,
11314,2742.0,三圣股份,2019-12-31,2019.0,3180117049.92,重庆市,
11315,2907.0,华森制药,2019-12-31,2019.0,842064017.61,重庆市,
11316,300006.0,莱美药业,2019-12-31,2019.0,1859010759.5,重庆市,
11317,300122.0,智飞生物,2019-12-31,2019.0,10587318311.6,重庆市,
11318,300194.0,福安药业,2019-12-31,2019.0,2780740647.12,重庆市,
11319,300363.0,博腾股份,2019-12-31,2019.0,1551298762.27,重庆市,
11320,600116.0,三峡水利,2019-12-31,2019.0,1306910762.83,重庆市,
11321,600129.0,太极集团,2019-12-31,2019.0,11643087426.74,重庆市,
11322,600452.0,涪陵电力,2019-12-31,2019.0,2621898127.41,重庆市,
11323,600666.0,*ST 瑞德,2019-12-31,2019.0,729804452.13,重庆市,
11324,600847.0,万里股份,2019-12-31,2019.0,551611554.73,重庆市,
11325,600877.0,*ST 电能,2019-12-31,2019.0,348475173.6,重庆市,
11326,600917.0,重庆燃气,2019-12-31,2019.0,7033452755.31,重庆市,
11327,601158.0,重庆水务,2019-12-31,2019.0,5638549427.06,重庆市,
11328,603100.0,川仪股份,2019-12-31,2019.0,3968890445.2,重庆市,
11329,603109.0,神驰机电,2019-12-31,2019.0,1270625814.39,重庆市,
11330,603601.0,再升科技,2019-12-31,2019.0,1252193566.26,重庆市,
11331,603976.0,正川股份,2019-12-31,2019.0,521080827.35,重庆市,
11332,830896.0,旺成科技,2019-12-31,2019.0,302523740.9,重庆市,
11333,871857.0,泓禧科技,2019-12-31,2019.0,314049513.12,重庆市,
11334,,,,,65823868504.69,重庆市 汇总,
11335,,,,,9941218376058.2,总计,
11336,,证券简称,统计截止日期,,,所属省份,
11337,153.0,丰原药业,2020-12-31,2020.0,3321182365.33,安徽省,
11338,521.0,长虹美菱,2020-12-31,2020.0,15388050229.67,安徽省,
11339,543.0,皖能电力,2020-12-31,2020.0,16751999120.95,安徽省,
11340,630.0,铜陵有色,2020-12-31,2020.0,99438069611.03,安徽省,
11341,2171.0,楚江新材,2020-12-31,2020.0,22974092037.13,安徽省,
11342,2347.0,泰尔股份,2020-12-31,2020.0,811976466.34,安徽省,
11343,2571.0,德力股份,2020-12-31,2020.0,783326502.46,安徽省,
11344,2690.0,美亚光电,2020-12-31,2020.0,1495969217.24,安徽省,
11345,2817.0,黄山胶囊,2020-12-31,2020.0,319426287.89,安徽省,
11346,2983.0,芯瑞达,2020-12-31,2020.0,559786778.54,安徽省,
11347,2997.0,瑞鹄模具,2020-12-31,2020.0,949866219.1,安徽省,
11348,300009.0,安科生物,2020-12-31,2020.0,1701417216.2,安徽省,
11349,300088.0,长信科技,2020-12-31,2020.0,6843956121.41,安徽省,
11350,300247.0,融捷健康,2020-12-31,2020.0,514081347.52,安徽省,
11351,300274.0,阳光电源,2020-12-31,2020.0,19285641347.02,安徽省,
11352,300452.0,山河药辅,2020-12-31,2020.0,531196557.09,安徽省,
11353,300595.0,欧普康视,2020-12-31,2020.0,870663602.06,安徽省,
11354,300835.0,龙磁科技,2020-12-31,2020.0,559133254.97,安徽省,
11355,300862.0,蓝盾光电,2020-12-31,2020.0,714567892.23,安徽省,
11356,300956.0,英力股份,2020-12-31,2020.0,1512171255.61,安徽省,
11357,301321.0,翰博高新,2020-12-31,2020.0,2466030639.06,安徽省,
11358,430478.0,峆一药业,2020-12-31,2020.0,202411847.07,安徽省,
11359,430718.0,合肥高科,2020-12-31,2020.0,635221639.05,安徽省,
11360,600063.0,皖维高新,2020-12-31,2020.0,7053556365.56,安徽省,
11361,600218.0,全柴动力,2020-12-31,2020.0,4455989703.12,安徽省,
11362,600237.0,铜峰电子,2020-12-31,2020.0,847086629.33,安徽省,
11363,600255.0,*ST 鑫科,2020-12-31,2020.0,2237956764.42,安徽省,
11364,600444.0,国机通用,2020-12-31,2020.0,700768686.26,安徽省,
11365,600520.0,文一科技,2020-12-31,2020.0,332042713.81,安徽省,
11366,600552.0,凯盛科技,2020-12-31,2020.0,5067687414.06,安徽省,
11367,600577.0,精达股份,2020-12-31,2020.0,12446903327.22,安徽省,
11368,600585.0,海螺水泥,2020-12-31,2020.0,176242682223.0,安徽省,
11369,600761.0,安徽合力,2020-12-31,2020.0,12796635328.84,安徽省,
11370,600983.0,惠而浦,2020-12-31,2020.0,4944067835.28,安徽省,
11371,600990.0,四创电子,2020-12-31,2020.0,3942261981.69,安徽省,
11372,603011.0,合锻智能,2020-12-31,2020.0,837954489.0,安徽省,
11373,603308.0,应流股份,2020-12-31,2020.0,1833129761.65,安徽省,
11374,603356.0,华菱精工,2020-12-31,2020.0,1911945763.67,安徽省,
11375,603527.0,众源新材,2020-12-31,2020.0,3835993202.13,安徽省,
11376,603656.0,泰禾智能,2020-12-31,2020.0,474759159.52,安徽省,
11377,603689.0,皖天然气,2020-12-31,2020.0,4763596975.18,安徽省,
11378,688027.0,国盾量子,2020-12-31,2020.0,134147621.51,安徽省,
11379,688077.0,大地熊,2020-12-31,2020.0,782160957.71,安徽省,
11380,688165.0,埃夫特,2020-12-31,2020.0,1133583828.92,安徽省,
11381,688551.0,科威尔,2020-12-31,2020.0,162480888.3,安徽省,
11382,688600.0,皖仪科技,2020-12-31,2020.0,417273123.13,安徽省,
11383,688630.0,芯碁微装,2020-12-31,2020.0,310087589.97,安徽省,
11384,831856.0,浩淼科技,2020-12-31,2020.0,363682721.56,安徽省,
11385,833994.0,翰博高新,2020-12-31,2020.0,2466030639.06,安徽省,
11386,835892.0,中科美菱,2020-12-31,2020.0,372213208.42,安徽省,
11387,870357.0,雅葆轩,2020-12-31,2020.0,87229612.37,安徽省,
11388,871981.0,晶赛科技,2020-12-31,2020.0,322158358.26,安徽省,
11389,,,,,449906304427.92,安徽省 汇总,
11390,605.0,渤海股份,2020-12-31,2020.0,1887061359.95,北京市,
11391,725.0,京东方A,2020-12-31,2020.0,135552569729.0,北京市,
11392,786.0,北新建材,2020-12-31,2020.0,16802628033.34,北京市,
11393,931.0,中关村,2020-12-31,2020.0,1789615900.58,北京市,
11394,938.0,紫光股份,2020-12-31,2020.0,59704894413.24,北京市,
11395,970.0,中科三环,2020-12-31,2020.0,4652108161.13,北京市,
11396,2038.0,双鹭药业,2020-12-31,2020.0,1112733802.83,北京市,
11397,2066.0,瑞泰科技,2020-12-31,2020.0,4216290067.68,北京市,
11398,2151.0,北斗星通,2020-12-31,2020.0,3624338125.03,北京市,
11399,2271.0,东方雨虹,2020-12-31,2020.0,21730373038.52,北京市,
11400,2350.0,北京科锐,2020-12-31,2020.0,2182895355.92,北京市,
11401,2362.0,汉王科技,2020-12-31,2020.0,1555160536.99,北京市,
11402,2371.0,北方华创,2020-12-31,2020.0,6056043031.2,北京市,
11403,2383.0,合众思壮,2020-12-31,2020.0,1635074795.03,北京市,
11404,2392.0,北京利尔,2020-12-31,2020.0,4310826485.88,北京市,
11405,2658.0,雪迪龙,2020-12-31,2020.0,1212795137.12,北京市,
11406,2665.0,首航高科,2020-12-31,2020.0,440530501.16,北京市,
11407,2738.0,中矿资源,2020-12-31,2020.0,1275709822.53,北京市,
11408,2755.0,奥赛康,2020-12-31,2020.0,3782688912.3,北京市,
11409,2829.0,星网宇达,2020-12-31,2020.0,685407527.85,北京市,
11410,2893.0,华通热力,2020-12-31,2020.0,951568490.47,北京市,
11411,2955.0,鸿合科技,2020-12-31,2020.0,3993644812.01,北京市,
11412,300003.0,乐普医疗,2020-12-31,2020.0,8038667540.97,北京市,
11413,300016.0,北陆药业,2020-12-31,2020.0,827337626.08,北京市,
11414,300034.0,钢研高纳,2020-12-31,2020.0,1584951960.28,北京市,
11415,300045.0,华力创通,2020-12-31,2020.0,645075495.41,北京市,
11416,300048.0,合康新能,2020-12-31,2020.0,1256569347.18,北京市,
11417,300065.0,海兰信,2020-12-31,2020.0,870931039.56,北京市,
11418,300073.0,当升科技,2020-12-31,2020.0,3183317245.67,北京市,
11419,300079.0,数码科技,2020-12-31,2020.0,986667922.96,北京市,
11420,300139.0,晓程科技,2020-12-31,2020.0,184753312.33,北京市,
11421,300204.0,舒泰神,2020-12-31,2020.0,425212063.31,北京市,
11422,300213.0,佳讯飞鸿,2020-12-31,2020.0,961493584.91,北京市,
11423,300223.0,北京君正,2020-12-31,2020.0,2169801108.34,北京市,
11424,300282.0,三盛教育,2020-12-31,2020.0,357243565.01,北京市,
11425,300289.0,利德曼,2020-12-31,2020.0,471510962.68,北京市,
11426,300296.0,利亚德,2020-12-31,2020.0,6633666880.42,北京市,
11427,300318.0,博晖创新,2020-12-31,2020.0,738717388.06,北京市,
11428,300332.0,天壕环境,2020-12-31,2020.0,1693665455.5,北京市,
11429,300353.0,东土科技,2020-12-31,2020.0,534959995.61,北京市,
11430,300367.0,ST 网力,2020-12-31,2020.0,276403032.8,北京市,
11431,300374.0,中铁装配,2020-12-31,2020.0,991428263.97,北京市,
11432,300406.0,九强生物,2020-12-31,2020.0,848118493.1,北京市,
11433,300430.0,诚益通,2020-12-31,2020.0,764426897.86,北京市,
11434,300444.0,双杰电气,2020-12-31,2020.0,1231348377.96,北京市,
11435,300445.0,康斯特,2020-12-31,2020.0,289141156.94,北京市,
11436,300449.0,汉邦高科,2020-12-31,2020.0,423878084.01,北京市,
11437,300455.0,康拓红外,2020-12-31,2020.0,1135171972.39,北京市,
11438,300456.0,赛微电子,2020-12-31,2020.0,765006087.93,北京市,
11439,300472.0,新元科技,2020-12-31,2020.0,442756052.26,北京市,
11440,300477.0,合纵科技,2020-12-31,2020.0,1299550004.16,北京市,
11441,300485.0,赛升药业,2020-12-31,2020.0,1094225280.4,北京市,
11442,300593.0,新雷能,2020-12-31,2020.0,842624313.17,北京市,
11443,300661.0,圣邦股份,2020-12-31,2020.0,1196546817.33,北京市,
11444,300667.0,必创科技,2020-12-31,2020.0,770573536.2,北京市,
11445,300896.0,爱美客,2020-12-31,2020.0,709290197.0,北京市,
11446,300965.0,恒宇信通,2020-12-31,2020.0,213710100.39,北京市,
11447,430047.0,诺思兰德,2020-12-31,2020.0,41438572.59,北京市,
11448,600008.0,首创股份,2020-12-31,2020.0,19224603589.3,北京市,
11449,600011.0,华能国际,2020-12-31,2020.0,169439187471.0,北京市,
11450,600055.0,万东医疗,2020-12-31,2020.0,1131904792.4,北京市,
11451,600062.0,华润双鹤,2020-12-31,2020.0,8503938229.78,北京市,
11452,600085.0,同仁堂,2020-12-31,2020.0,12825879050.96,北京市,
11453,600100.0,同方股份,2020-12-31,2020.0,25907048214.04,北京市,
11454,600118.0,中国卫星,2020-12-31,2020.0,7007404413.07,北京市,
11455,600161.0,天坛生物,2020-12-31,2020.0,3445594865.12,北京市,
11456,600176.0,中国巨石,2020-12-31,2020.0,11666196819.43,北京市,
11457,600195.0,中牧股份,2020-12-31,2020.0,4998683678.48,北京市,
11458,600198.0,大唐电信,2020-12-31,2020.0,1207211485.29,北京市,
11459,600206.0,有研新材,2020-12-31,2020.0,12969038953.96,北京市,
11460,600271.0,航天信息,2020-12-31,2020.0,21812692364.86,北京市,
11461,600288.0,大恒科技,2020-12-31,2020.0,2315175744.25,北京市,
11462,600299.0,安迪苏,2020-12-31,2020.0,11910430976.0,北京市,
11463,600361.0,华联综超,2020-12-31,2020.0,9548681528.16,北京市,
11464,600405.0,动力源,2020-12-31,2020.0,1215709742.85,北京市,
11465,600435.0,北方导航,2020-12-31,2020.0,3005940079.34,北京市,
11466,600485.0,*ST 信威,2020-12-31,2020.0,202087967.51,北京市,
11467,600560.0,金自天正,2020-12-31,2020.0,695880459.48,北京市,
11468,600578.0,京能电力,2020-12-31,2020.0,20097478839.34,北京市,
11469,600582.0,天地科技,2020-12-31,2020.0,20552402513.0,北京市,
11470,600764.0,中国海防,2020-12-31,2020.0,4669646918.06,北京市,
11471,600855.0,航天长峰,2020-12-31,2020.0,2763054509.04,北京市,
11472,600860.0,*ST 京城,2020-12-31,2020.0,1088296501.51,北京市,
11473,600900.0,长江电力,2020-12-31,2020.0,57783367039.83,北京市,
11474,600980.0,北矿科技,2020-12-31,2020.0,546040482.64,北京市,
11475,601016.0,节能风电,2020-12-31,2020.0,2667213251.32,北京市,
11476,601126.0,四方股份,2020-12-31,2020.0,3863193917.52,北京市,
11477,601600.0,中国铝业,2020-12-31,2020.0,185994253000.0,北京市,
11478,601908.0,京运通,2020-12-31,2020.0,4056197809.39,北京市,
11479,601985.0,中国核电,2020-12-31,2020.0,52276451960.21,北京市,
11480,601991.0,大唐发电,2020-12-31,2020.0,95614422000.0,北京市,
11481,601992.0,金隅集团,2020-12-31,2020.0,108004884351.35,北京市,
11482,603025.0,大豪科技,2020-12-31,2020.0,832533320.34,北京市,
11483,603087.0,甘李药业,2020-12-31,2020.0,3361881875.15,北京市,
11484,603267.0,鸿远电子,2020-12-31,2020.0,1700035358.09,北京市,
11485,603392.0,万泰生物,2020-12-31,2020.0,2354256829.93,北京市,
11486,603516.0,淳中科技,2020-12-31,2020.0,482603631.76,北京市,
11487,603590.0,康辰药业,2020-12-31,2020.0,808643947.92,北京市,
11488,603616.0,韩建河山,2020-12-31,2020.0,976941574.39,北京市,
11489,603803.0,瑞斯康达,2020-12-31,2020.0,1724266490.43,北京市,
11490,603986.0,兆易创新,2020-12-31,2020.0,4496894867.81,北京市,
11491,688028.0,沃尔德,2020-12-31,2020.0,241831705.19,北京市,
11492,688050.0,爱博医疗,2020-12-31,2020.0,273048714.72,北京市,
11493,688056.0,莱伯泰科,2020-12-31,2020.0,348604853.01,北京市,
11494,688068.0,热景生物,2020-12-31,2020.0,513533629.7,北京市,
11495,688080.0,映翰通,2020-12-31,2020.0,310813765.0,北京市,
11496,688169.0,石头科技,2020-12-31,2020.0,4530438736.0,北京市,
11497,688181.0,八亿时空,2020-12-31,2020.0,648683828.66,北京市,
11498,688198.0,佰仁医疗,2020-12-31,2020.0,181917903.34,北京市,
11499,688200.0,华峰测控,2020-12-31,2020.0,397484397.41,北京市,
11500,688277.0,天智航,2020-12-31,2020.0,135909532.98,北京市,
11501,688338.0,赛科希德,2020-12-31,2020.0,222398393.41,北京市,
11502,688339.0,亿华通,2020-12-31,2020.0,572292866.35,北京市,
11503,688520.0,神州细胞,2020-12-31,2020.0,328165.08,北京市,
11504,688658.0,悦康药业,2020-12-31,2020.0,4338949010.43,北京市,
11505,688687.0,凯因科技,2020-12-31,2020.0,862053007.26,北京市,
11506,830879.0,基康仪器,2020-12-31,2020.0,212338765.18,北京市,
11507,833575.0,康乐卫士,2020-12-31,2020.0,86084.51,北京市,
11508,835179.0,凯德石英,2020-12-31,2020.0,163525061.92,北京市,
11509,837344.0,三元基因,2020-12-31,2020.0,183827367.9,北京市,
11510,871553.0,凯腾精工,2020-12-31,2020.0,347946571.19,北京市,
11511,872808.0,曙光数创,2020-12-31,2020.0,335352306.85,北京市,
11512,,,,,1244624753854.9,北京市 汇总,
11513,536.0,*ST 华映,2020-12-31,2020.0,2193873141.33,福建省,
11514,547.0,航天发展,2020-12-31,2020.0,4246553566.86,福建省,
11515,993.0,闽东电力,2020-12-31,2020.0,369419936.2,福建省,
11516,2102.0,ST 冠福,2020-12-31,2020.0,12841679568.72,福建省,
11517,2222.0,福晶科技,2020-12-31,2020.0,546455792.73,福建省,
11518,2300.0,太阳电缆,2020-12-31,2020.0,7941460113.63,福建省,
11519,2335.0,科华恒盛,2020-12-31,2020.0,4167587617.58,福建省,
11520,2396.0,星网锐捷,2020-12-31,2020.0,10304234309.56,福建省,
11521,2529.0,*ST 海源,2020-12-31,2020.0,300313663.58,福建省,
11522,2578.0,闽发铝业,2020-12-31,2020.0,1593188731.45,福建省,
11523,2614.0,奥佳华,2020-12-31,2020.0,7049158351.67,福建省,
11524,2639.0,雪人股份,2020-12-31,2020.0,1458378294.45,福建省,
11525,2729.0,好利来,2020-12-31,2020.0,169195010.59,福建省,
11526,2785.0,万里石,2020-12-31,2020.0,949875152.07,福建省,
11527,2868.0,绿康生化,2020-12-31,2020.0,308145259.54,福建省,
11528,2901.0,大博医疗,2020-12-31,2020.0,1586860209.21,福建省,
11529,2925.0,盈趣科技,2020-12-31,2020.0,5310252592.77,福建省,
11530,3019.0,宸展光电,2020-12-31,2020.0,1193656060.29,福建省,
11531,200512.0,闽灿坤B,2020-12-31,2020.0,2144181738.33,福建省,
11532,300056.0,中创环保,2020-12-31,2020.0,1824388662.57,福建省,
11533,300062.0,中能电气,2020-12-31,2020.0,949974459.86,福建省,
11534,300102.0,乾照光电,2020-12-31,2020.0,1315719833.58,福建省,
11535,300341.0,麦克奥迪,2020-12-31,2020.0,1186600559.29,福建省,
11536,300427.0,红相股份,2020-12-31,2020.0,1211020960.79,福建省,
11537,300436.0,广生堂,2020-12-31,2020.0,368489433.97,福建省,
11538,300628.0,亿联网络,2020-12-31,2020.0,2754286083.78,福建省,
11539,300632.0,光莆股份,2020-12-31,2020.0,964224705.19,福建省,
11540,300648.0,星云股份,2020-12-31,2020.0,574856965.5,福建省,
11541,300657.0,弘信电子,2020-12-31,2020.0,2645208340.72,福建省,
11542,300685.0,艾德生物,2020-12-31,2020.0,728390555.97,福建省,
11543,300750.0,宁德时代,2020-12-31,2020.0,50319487697.2,福建省,
11544,300884.0,狄耐克,2020-12-31,2020.0,777900203.81,福建省,
11545,300902.0,国安达,2020-12-31,2020.0,275789559.69,福建省,
11546,600163.0,中闽能源,2020-12-31,2020.0,1252012734.94,福建省,
11547,600203.0,福日电子,2020-12-31,2020.0,13034413340.58,福建省,
11548,600388.0,龙净环保,2020-12-31,2020.0,10180764557.17,福建省,
11549,600436.0,片仔癀,2020-12-31,2020.0,6510781957.23,福建省,
11550,600483.0,福能股份,2020-12-31,2020.0,9557434792.03,福建省,
11551,600549.0,厦门钨业,2020-12-31,2020.0,18963748093.8,福建省,
11552,600563.0,法拉电子,2020-12-31,2020.0,1890574260.67,福建省,
11553,600592.0,龙溪股份,2020-12-31,2020.0,1158705322.14,福建省,
11554,600660.0,福耀玻璃,2020-12-31,2020.0,19906593468.0,福建省,
11555,600734.0,*ST 实达,2020-12-31,2020.0,1151473160.46,福建省,
11556,600802.0,福建水泥,2020-12-31,2020.0,2960467154.23,福建省,
11557,600815.0,*ST 厦工,2020-12-31,2020.0,1920119497.55,福建省,
11558,600870.0,ST 厦华,2020-12-31,2020.0,8505794.08,福建省,
11559,603663.0,三祥新材,2020-12-31,2020.0,733112875.56,福建省,
11560,603678.0,火炬电子,2020-12-31,2020.0,3656246816.16,福建省,
11561,603686.0,龙马环卫,2020-12-31,2020.0,5443356242.64,福建省,
11562,603817.0,海峡环保,2020-12-31,2020.0,732802128.7,福建省,
11563,603826.0,坤彩科技,2020-12-31,2020.0,749891528.58,福建省,
11564,603893.0,瑞芯微,2020-12-31,2020.0,1863387214.1,福建省,
11565,603933.0,睿能科技,2020-12-31,2020.0,1496989207.58,福建省,
11566,605118.0,力鼎光电,2020-12-31,2020.0,417052976.5,福建省,
11567,688010.0,福光股份,2020-12-31,2020.0,587549634.41,福建省,
11568,688278.0,特宝生物,2020-12-31,2020.0,793934304.42,福建省,
11569,688398.0,赛特新材,2020-12-31,2020.0,516196825.03,福建省,
11570,,,,,236056921019.04,福建省 汇总,
11571,672.0,上峰水泥,2020-12-31,2020.0,6432292239.1,甘肃省,
11572,791.0,甘肃电投,2020-12-31,2020.0,2264927665.23,甘肃省,
11573,2185.0,华天科技,2020-12-31,2020.0,8382084225.0,甘肃省,
11574,2644.0,佛慈制药,2020-12-31,2020.0,668051013.92,甘肃省,
11575,300534.0,陇神戎发,2020-12-31,2020.0,254899757.57,甘肃省,
11576,600192.0,长城电工,2020-12-31,2020.0,2064729162.73,甘肃省,
11577,600516.0,方大炭素,2020-12-31,2020.0,3539172251.49,甘肃省,
11578,600720.0,祁连山,2020-12-31,2020.0,7811714726.83,甘肃省,
11579,600886.0,国投电力,2020-12-31,2020.0,39320364093.66,甘肃省,
11580,601212.0,白银有色,2020-12-31,2020.0,61422700839.27,甘肃省,
11581,601798.0,蓝科高新,2020-12-31,2020.0,1180110913.29,甘肃省,
11582,603169.0,兰石重装,2020-12-31,2020.0,2900840838.71,甘肃省,
11583,,,,,136241887726.8,甘肃省 汇总,
11584,12.0,南玻A,2020-12-31,2020.0,10671253445.0,广东省,
11585,16.0,深康佳A,2020-12-31,2020.0,50351836554.87,广东省,
11586,20.0,深华发A,2020-12-31,2020.0,691742269.12,广东省,
11587,21.0,深科技,2020-12-31,2020.0,14967234846.43,广东省,
11588,23.0,深天地A,2020-12-31,2020.0,1783181437.28,广东省,
11589,27.0,深圳能源,2020-12-31,2020.0,20454506141.89,广东省,
11590,37.0,深南电A,2020-12-31,2020.0,985253831.58,广东省,
11591,40.0,东旭蓝天,2020-12-31,2020.0,3471428437.98,广东省,
11592,45.0,深纺织A,2020-12-31,2020.0,2108964687.8,广东省,
11593,49.0,德赛电池,2020-12-31,2020.0,19397824463.66,广东省,
11594,50.0,深天马A,2020-12-31,2020.0,29232745052.03,广东省,
11595,60.0,中金岭南,2020-12-31,2020.0,30226130783.3,广东省,
11596,63.0,中兴通讯,2020-12-31,2020.0,101450670000.0,广东省,
11597,66.0,中国长城,2020-12-31,2020.0,14446088072.53,广东省,
11598,70.0,特发信息,2020-12-31,2020.0,4722428257.52,广东省,
11599,100.0,TCL科技,2020-12-31,2020.0,76677238000.0,广东省,
11600,333.0,美的集团,2020-12-31,2020.0,284221249000.0,广东省,
11601,513.0,丽珠集团,2020-12-31,2020.0,10520409842.01,广东省,
11602,531.0,穗恒运A,2020-12-31,2020.0,3462000879.71,广东省,
11603,533.0,顺钠股份,2020-12-31,2020.0,1477674933.94,广东省,
11604,534.0,万泽股份,2020-12-31,2020.0,552561979.41,广东省,
11605,539.0,粤电力A,2020-12-31,2020.0,28329065391.0,广东省,
11606,541.0,佛山照明,2020-12-31,2020.0,3744914452.72,广东省,
11607,576.0,甘化科工,2020-12-31,2020.0,514783192.92,广东省,
11608,601.0,韶能股份,2020-12-31,2020.0,4959273052.84,广东省,
11609,636.0,风华高科,2020-12-31,2020.0,4331979621.51,广东省,
11610,651.0,格力电器,2020-12-31,2020.0,168199204404.53,广东省,
11611,685.0,中山公用,2020-12-31,2020.0,2183314219.64,广东省,
11612,690.0,宝新能源,2020-12-31,2020.0,7159672229.83,广东省,
11613,782.0,美达股份,2020-12-31,2020.0,2349811159.92,广东省,
11614,823.0,超声电子,2020-12-31,2020.0,5168552776.03,广东省,
11615,921.0,海信家电,2020-12-31,2020.0,48392870703.11,广东省,
11616,999.0,华润三九,2020-12-31,2020.0,13637258153.77,广东省,
11617,2005.0,ST 德豪,2020-12-31,2020.0,2216002596.15,广东省,
11618,2008.0,大族激光,2020-12-31,2020.0,11942482605.94,广东省,
11619,2017.0,东信和平,2020-12-31,2020.0,1062684714.42,广东省,
11620,2030.0,达安基因,2020-12-31,2020.0,5341209627.83,广东省,
11621,2031.0,巨轮智能,2020-12-31,2020.0,1678113239.98,广东省,
11622,2035.0,华帝股份,2020-12-31,2020.0,4360467123.9,广东省,
11623,2045.0,国光电器,2020-12-31,2020.0,4254027904.41,广东省,
11624,2052.0,*ST 同洲,2020-12-31,2020.0,288468801.88,广东省,
11625,2055.0,得润电子,2020-12-31,2020.0,7272228518.21,广东省,
11626,2076.0,*ST 雪莱,2020-12-31,2020.0,334296653.42,广东省,
11627,2106.0,莱宝高科,2020-12-31,2020.0,6751529408.36,广东省,
11628,2121.0,*ST 科陆,2020-12-31,2020.0,3337288927.25,广东省,
11629,2130.0,沃尔核材,2020-12-31,2020.0,4094777696.64,广东省,
11630,2137.0,麦达数字,2020-12-31,2020.0,783665952.91,广东省,
11631,2138.0,顺络电子,2020-12-31,2020.0,3476609084.59,广东省,
11632,2139.0,拓邦股份,2020-12-31,2020.0,5560182998.21,广东省,
11633,2141.0,贤丰控股,2020-12-31,2020.0,963661415.21,广东省,
11634,2152.0,广电运通,2020-12-31,2020.0,6410765033.61,广东省,
11635,2161.0,远望谷,2020-12-31,2020.0,474018962.54,广东省,
11636,2167.0,东方锆业,2020-12-31,2020.0,767802628.75,广东省,
11637,2169.0,智光电气,2020-12-31,2020.0,2142571270.66,广东省,
11638,2177.0,御银股份,2020-12-31,2020.0,182349931.14,广东省,
11639,2180.0,纳思达,2020-12-31,2020.0,19585185042.24,广东省,
11640,2198.0,嘉应制药,2020-12-31,2020.0,544728979.12,广东省,
11641,2209.0,达意隆,2020-12-31,2020.0,929609998.0,广东省,
11642,2218.0,拓日新能,2020-12-31,2020.0,1360533506.75,广东省,
11643,2227.0,奥特迅,2020-12-31,2020.0,323121675.27,广东省,
11644,2233.0,塔牌集团,2020-12-31,2020.0,7046663031.11,广东省,
11645,2240.0,盛新锂能,2020-12-31,2020.0,1790515112.93,广东省,
11646,2249.0,大洋电机,2020-12-31,2020.0,7776465601.53,广东省,
11647,2256.0,*ST 兆新,2020-12-31,2020.0,414477237.41,广东省,
11648,2260.0,*ST 德奥,2020-12-31,2020.0,502699199.89,广东省,
11649,2288.0,超华科技,2020-12-31,2020.0,1277778377.89,广东省,
11650,2289.0,ST 宇顺,2020-12-31,2020.0,139420849.38,广东省,
11651,2294.0,信立泰,2020-12-31,2020.0,2738562296.09,广东省,
11652,2295.0,精艺股份,2020-12-31,2020.0,5432264257.41,广东省,
11653,2308.0,威创股份,2020-12-31,2020.0,640838989.91,广东省,
11654,2313.0,日海智能,2020-12-31,2020.0,3940145054.7,广东省,
11655,2317.0,众生药业,2020-12-31,2020.0,1895823560.84,广东省,
11656,2334.0,英威腾,2020-12-31,2020.0,2286434216.33,广东省,
11657,2351.0,漫步者,2020-12-31,2020.0,1934181462.09,广东省,
11658,2369.0,卓翼科技,2020-12-31,2020.0,3040626182.23,广东省,
11659,2387.0,维信诺,2020-12-31,2020.0,3434331072.15,广东省,
11660,2388.0,新亚制程,2020-12-31,2020.0,2009043421.37,广东省,
11661,2399.0,海普瑞,2020-12-31,2020.0,5332074875.27,广东省,
11662,2402.0,和而泰,2020-12-31,2020.0,4665677222.29,广东省,
11663,2429.0,兆驰股份,2020-12-31,2020.0,20186226599.09,广东省,
11664,2433.0,太安堂,2020-12-31,2020.0,3581948583.92,广东省,
11665,2436.0,兴森科技,2020-12-31,2020.0,4034655205.99,广东省,
11666,2446.0,盛路通信,2020-12-31,2020.0,1145364149.09,广东省,
11667,2449.0,国星光电,2020-12-31,2020.0,3263270351.87,广东省,
11668,2456.0,欧菲光,2020-12-31,2020.0,48349701025.62,广东省,
11669,2465.0,海格通信,2020-12-31,2020.0,5122064843.56,广东省,
11670,2475.0,立讯精密,2020-12-31,2020.0,92501259211.54,广东省,
11671,2512.0,达华智能,2020-12-31,2020.0,2114908524.08,广东省,
11672,2518.0,科士达,2020-12-31,2020.0,2422548801.93,广东省,
11673,2528.0,英飞拓,2020-12-31,2020.0,5195916646.84,广东省,
11674,2543.0,万和电气,2020-12-31,2020.0,6269742205.88,广东省,
11675,2551.0,尚荣医疗,2020-12-31,2020.0,2267293874.51,广东省,
11676,2577.0,雷柏科技,2020-12-31,2020.0,450098659.05,广东省,
11677,2579.0,中京电子,2020-12-31,2020.0,2339657837.8,广东省,
11678,2583.0,海能达,2020-12-31,2020.0,6109220863.51,广东省,
11679,2587.0,奥拓电子,2020-12-31,2020.0,819531945.33,广东省,
11680,2600.0,领益智造,2020-12-31,2020.0,28142547990.05,广东省,
11681,2611.0,东方精工,2020-12-31,2020.0,2916270143.13,广东省,
11682,2618.0,丹邦科技,2020-12-31,2020.0,48724451.45,广东省,
11683,2638.0,*ST 勤上,2020-12-31,2020.0,995447143.89,广东省,
11684,2660.0,茂硕电源,2020-12-31,2020.0,1234958706.7,广东省,
11685,2668.0,奥马电器,2020-12-31,2020.0,8345133628.27,广东省,
11686,2681.0,*ST 奋达,2020-12-31,2020.0,3537728683.41,广东省,
11687,2684.0,ST 猛狮,2020-12-31,2020.0,1093286873.23,广东省,
11688,2705.0,新宝股份,2020-12-31,2020.0,13191047852.54,广东省,
11689,2723.0,金莱特,2020-12-31,2020.0,1089212931.35,广东省,
11690,2724.0,海洋王,2020-12-31,2020.0,1704303041.56,广东省,
11691,2728.0,特一药业,2020-12-31,2020.0,632695186.75,广东省,
11692,2733.0,雄韬股份,2020-12-31,2020.0,2546623812.71,广东省,
11693,2745.0,木林森,2020-12-31,2020.0,17381307066.41,广东省,
11694,2757.0,南兴股份,2020-12-31,2020.0,2132920290.43,广东省,
11695,2759.0,天际股份,2020-12-31,2020.0,742829810.73,广东省,
11696,2766.0,ST 索菱,2020-12-31,2020.0,1026450917.61,广东省,
11697,2774.0,快意电梯,2020-12-31,2020.0,939331820.53,广东省,
11698,2782.0,可立克,2020-12-31,2020.0,1279890651.44,广东省,
11699,2786.0,银宝山新,2020-12-31,2020.0,3242156267.7,广东省,
11700,2792.0,通宇通讯,2020-12-31,2020.0,1509463141.36,广东省,
11701,2806.0,华锋股份,2020-12-31,2020.0,440268107.95,广东省,
11702,2813.0,路畅科技,2020-12-31,2020.0,492663142.86,广东省,
11703,2815.0,崇达技术,2020-12-31,2020.0,4367714599.51,广东省,
11704,2816.0,和科达,2020-12-31,2020.0,150424926.5,广东省,
11705,2823.0,凯中精密,2020-12-31,2020.0,1920648565.28,广东省,
11706,2824.0,和胜股份,2020-12-31,2020.0,1484493575.73,广东省,
11707,2833.0,弘亚数控,2020-12-31,2020.0,1689291861.88,广东省,
11708,2835.0,同为股份,2020-12-31,2020.0,788394128.45,广东省,
11709,2837.0,英维克,2020-12-31,2020.0,1703335763.28,广东省,
11710,2841.0,视源股份,2020-12-31,2020.0,17129315322.12,广东省,
11711,2842.0,翔鹭钨业,2020-12-31,2020.0,1290408755.92,广东省,
11712,2845.0,同兴达,2020-12-31,2020.0,10601084867.69,广东省,
11713,2851.0,麦格米特,2020-12-31,2020.0,3376442661.13,广东省,
11714,2855.0,捷荣技术,2020-12-31,2020.0,2822937926.4,广东省,
11715,2869.0,金溢科技,2020-12-31,2020.0,1563646033.41,广东省,
11716,2876.0,三利谱,2020-12-31,2020.0,1905103947.8,广东省,
11717,2880.0,卫光生物,2020-12-31,2020.0,904564669.8,广东省,
11718,2881.0,美格智能,2020-12-31,2020.0,1120845596.78,广东省,
11719,2882.0,金龙羽,2020-12-31,2020.0,3199364015.01,广东省,
11720,2884.0,凌霄泵业,2020-12-31,2020.0,1435395208.86,广东省,
11721,2885.0,京泉华,2020-12-31,2020.0,1313750643.23,广东省,
11722,2888.0,惠威科技,2020-12-31,2020.0,265579263.85,广东省,
11723,2898.0,赛隆药业,2020-12-31,2020.0,120684285.67,广东省,
11724,2902.0,铭普光磁,2020-12-31,2020.0,1688902719.23,广东省,
11725,2906.0,华阳集团,2020-12-31,2020.0,3374433984.59,广东省,
11726,2911.0,佛燃能源,2020-12-31,2020.0,7514573052.9,广东省,
11727,2916.0,深南电路,2020-12-31,2020.0,11600456950.24,广东省,
11728,2918.0,蒙娜丽莎,2020-12-31,2020.0,4863848561.83,广东省,
11729,2922.0,伊戈尔,2020-12-31,2020.0,1406042508.54,广东省,
11730,2923.0,润都股份,2020-12-31,2020.0,1252630836.95,广东省,
11731,2938.0,鹏鼎控股,2020-12-31,2020.0,29851314480.5,广东省,
11732,2953.0,日丰股份,2020-12-31,2020.0,1628943070.43,广东省,
11733,2957.0,科瑞技术,2020-12-31,2020.0,2014349383.34,广东省,
11734,2959.0,小熊电器,2020-12-31,2020.0,3659948367.01,广东省,
11735,2972.0,科安达,2020-12-31,2020.0,360548160.92,广东省,
11736,2975.0,博杰股份,2020-12-31,2020.0,1375964707.52,广东省,
11737,2979.0,雷赛智能,2020-12-31,2020.0,946426258.88,广东省,
11738,2980.0,华盛昌,2020-12-31,2020.0,962660824.57,广东省,
11739,2981.0,朝阳科技,2020-12-31,2020.0,904715193.7,广东省,
11740,2988.0,豪美新材,2020-12-31,2020.0,3437139446.6,广东省,
11741,2992.0,宝明科技,2020-12-31,2020.0,1378393381.42,广东省,
11742,2993.0,奥海科技,2020-12-31,2020.0,2945202862.22,广东省,
11743,3012.0,东鹏控股,2020-12-31,2020.0,7158313368.95,广东省,
11744,3021.0,兆威机电,2020-12-31,2020.0,1195088656.75,广东省,
11745,3028.0,振邦智能,2020-12-31,2020.0,994186704.54,广东省,
11746,3037.0,三和管桩,2020-12-31,2020.0,7151520839.7,广东省,
11747,3039.0,顺控发展,2020-12-31,2020.0,1234195158.08,广东省,
11748,3040.0,楚天龙,2020-12-31,2020.0,1025155857.95,广东省,
11749,3816.0,中国广核,2020-12-31,2020.0,70584710557.13,广东省,
11750,300004.0,南风股份,2020-12-31,2020.0,798608043.63,广东省,
11751,300014.0,亿纬锂能,2020-12-31,2020.0,8161806164.32,广东省,
11752,300030.0,阳普医疗,2020-12-31,2020.0,919225503.69,广东省,
11753,300042.0,朗科科技,2020-12-31,2020.0,1490916555.94,广东省,
11754,300053.0,欧比特,2020-12-31,2020.0,869831525.64,广东省,
11755,300057.0,万顺新材,2020-12-31,2020.0,5068584855.26,广东省,
11756,300077.0,国民技术,2020-12-31,2020.0,379707203.3,广东省,
11757,300083.0,创世纪,2020-12-31,2020.0,3425648626.02,广东省,
11758,300089.0,文化长城,2020-12-31,2020.0,126552542.02,广东省,
11759,300093.0,金刚玻璃,2020-12-31,2020.0,329294717.09,广东省,
11760,300112.0,万讯自控,2020-12-31,2020.0,732202203.62,广东省,
11761,300115.0,长盈精密,2020-12-31,2020.0,9797911444.51,广东省,
11762,300124.0,汇川技术,2020-12-31,2020.0,11511316766.18,广东省,
11763,300130.0,新国都,2020-12-31,2020.0,2632361743.29,广东省,
11764,300134.0,大富科技,2020-12-31,2020.0,2185546100.5,广东省,
11765,300136.0,信维通信,2020-12-31,2020.0,6393638346.03,广东省,
11766,300147.0,香雪制药,2020-12-31,2020.0,3072090655.97,广东省,
11767,300151.0,昌红科技,2020-12-31,2020.0,1118018432.98,广东省,
11768,300154.0,瑞凌股份,2020-12-31,2020.0,555630652.71,广东省,
11769,300155.0,安居宝,2020-12-31,2020.0,937307627.18,广东省,
11770,300162.0,雷曼光电,2020-12-31,2020.0,818833110.5,广东省,
11771,300173.0,福能东方,2020-12-31,2020.0,609202967.5,广东省,
11772,300177.0,中海达,2020-12-31,2020.0,1773058819.12,广东省,
11773,300193.0,佳士科技,2020-12-31,2020.0,1020262386.15,广东省,
11774,300199.0,翰宇药业,2020-12-31,2020.0,721723507.86,广东省,
11775,300206.0,理邦仪器,2020-12-31,2020.0,2318604231.57,广东省,
11776,300207.0,欣旺达,2020-12-31,2020.0,29692307885.29,广东省,
11777,300219.0,鸿利智汇,2020-12-31,2020.0,3124346497.76,广东省,
11778,300227.0,光韵达,2020-12-31,2020.0,887233686.87,广东省,
11779,300232.0,洲明科技,2020-12-31,2020.0,4961806228.18,广东省,
11780,300238.0,冠昊生物,2020-12-31,2020.0,436957168.89,广东省,
11781,300241.0,瑞丰光电,2020-12-31,2020.0,1232910531.1,广东省,
11782,300246.0,宝莱特,2020-12-31,2020.0,1396013572.16,广东省,
11783,300252.0,金信诺,2020-12-31,2020.0,1960518737.45,广东省,
11784,300273.0,和佳医疗,2020-12-31,2020.0,930236041.5,广东省,
11785,300281.0,金明精机,2020-12-31,2020.0,406543713.95,广东省,
11786,300301.0,长方集团,2020-12-31,2020.0,1302857482.94,广东省,
11787,300303.0,聚飞光电,2020-12-31,2020.0,2351118040.8,广东省,
11788,300317.0,珈伟新能,2020-12-31,2020.0,799979100.23,广东省,
11789,300319.0,麦捷科技,2020-12-31,2020.0,2329193999.76,广东省,
11790,300322.0,硕贝德,2020-12-31,2020.0,1845932829.62,广东省,
11791,300335.0,迪森股份,2020-12-31,2020.0,1562624073.93,广东省,
11792,300340.0,科恒股份,2020-12-31,2020.0,1646469671.19,广东省,
11793,300376.0,易事特,2020-12-31,2020.0,4170812857.23,广东省,
11794,300381.0,溢多利,2020-12-31,2020.0,1914764458.88,广东省,
11795,300389.0,艾比森,2020-12-31,2020.0,1642114686.24,广东省,
11796,300400.0,劲拓股份,2020-12-31,2020.0,883796809.8,广东省,
11797,300403.0,汉宇集团,2020-12-31,2020.0,938390104.99,广东省,
11798,300408.0,三环集团,2020-12-31,2020.0,3993974641.28,广东省,
11799,300409.0,道氏技术,2020-12-31,2020.0,3314724365.87,广东省,
11800,300410.0,正业科技,2020-12-31,2020.0,1197272061.32,广东省,
11801,300415.0,伊之密,2020-12-31,2020.0,2718203896.35,广东省,
11802,300417.0,南华仪器,2020-12-31,2020.0,311639478.55,广东省,
11803,300438.0,鹏辉能源,2020-12-31,2020.0,3642225979.02,广东省,
11804,300457.0,赢合科技,2020-12-31,2020.0,2384713369.75,广东省,
11805,300458.0,全志科技,2020-12-31,2020.0,1505485852.54,广东省,
11806,300460.0,惠伦晶体,2020-12-31,2020.0,387840492.09,广东省,
11807,300476.0,胜宏科技,2020-12-31,2020.0,5599607086.45,广东省,
11808,300482.0,万孚生物,2020-12-31,2020.0,2810841254.41,广东省,
11809,300484.0,蓝海华腾,2020-12-31,2020.0,400700586.07,广东省,
11810,300499.0,高澜股份,2020-12-31,2020.0,1228232281.86,广东省,
11811,300503.0,昊志机电,2020-12-31,2020.0,874376903.61,广东省,
11812,300514.0,友讯达,2020-12-31,2020.0,659720984.2,广东省,
11813,300521.0,爱司凯,2020-12-31,2020.0,136439924.92,广东省,
11814,300526.0,中潜股份,2020-12-31,2020.0,166848202.68,广东省,
11815,300529.0,健帆生物,2020-12-31,2020.0,1950780490.05,广东省,
11816,300531.0,优博讯,2020-12-31,2020.0,1159288508.98,广东省,
11817,300543.0,朗科智能,2020-12-31,2020.0,1663240767.46,广东省,
11818,300545.0,联得装备,2020-12-31,2020.0,782191786.36,广东省,
11819,300546.0,雄帝科技,2020-12-31,2020.0,403991533.97,广东省,
11820,300562.0,乐心医疗,2020-12-31,2020.0,1336748072.32,广东省,
11821,300565.0,科信技术,2020-12-31,2020.0,789786591.74,广东省,
11822,300570.0,太辰光,2020-12-31,2020.0,573637499.01,广东省,
11823,300572.0,安车检测,2020-12-31,2020.0,914690791.01,广东省,
11824,300601.0,康泰生物,2020-12-31,2020.0,2261177379.57,广东省,
11825,300602.0,飞荣达,2020-12-31,2020.0,2929338604.14,广东省,
11826,300606.0,金太阳,2020-12-31,2020.0,414905858.59,广东省,
11827,300607.0,拓斯达,2020-12-31,2020.0,2755439646.69,广东省,
11828,300615.0,欣天科技,2020-12-31,2020.0,224827601.41,广东省,
11829,300619.0,金银河,2020-12-31,2020.0,594180827.04,广东省,
11830,300620.0,光库科技,2020-12-31,2020.0,491604127.64,广东省,
11831,300625.0,三雄极光,2020-12-31,2020.0,2341821449.45,广东省,
11832,300629.0,新劲刚,2020-12-31,2020.0,318378577.63,广东省,
11833,300633.0,开立医疗,2020-12-31,2020.0,1163081869.82,广东省,
11834,300638.0,广和通,2020-12-31,2020.0,2743578210.41,广东省,
11835,300639.0,凯普生物,2020-12-31,2020.0,1354496759.29,广东省,
11836,300647.0,超频三,2020-12-31,2020.0,609339026.14,广东省,
11837,300656.0,民德电子,2020-12-31,2020.0,403210033.23,广东省,
11838,300679.0,电连技术,2020-12-31,2020.0,2592481522.44,广东省,
11839,300681.0,英搏尔,2020-12-31,2020.0,420966854.79,广东省,
11840,300686.0,智动力,2020-12-31,2020.0,2322012271.99,广东省,
11841,300689.0,澄天伟业,2020-12-31,2020.0,349029365.88,广东省,
11842,300691.0,联合光电,2020-12-31,2020.0,1288261602.5,广东省,
11843,300693.0,盛弘股份,2020-12-31,2020.0,771354983.07,广东省,
11844,300711.0,广哈通信,2020-12-31,2020.0,308327748.28,广东省,
11845,300713.0,英可瑞,2020-12-31,2020.0,265649877.86,广东省,
11846,300720.0,海川智能,2020-12-31,2020.0,218264445.0,广东省,
11847,300723.0,一品红,2020-12-31,2020.0,1675417058.94,广东省,
11848,300724.0,捷佳伟创,2020-12-31,2020.0,4044249652.71,广东省,
11849,300735.0,光弘科技,2020-12-31,2020.0,2285413345.46,广东省,
11850,300737.0,科顺股份,2020-12-31,2020.0,6237878504.62,广东省,
11851,300739.0,明阳电路,2020-12-31,2020.0,1291142880.34,广东省,
11852,300752.0,隆利科技,2020-12-31,2020.0,2012343285.76,广东省,
11853,300760.0,迈瑞医疗,2020-12-31,2020.0,21025846389.0,广东省,
11854,300769.0,德方纳米,2020-12-31,2020.0,942128306.07,广东省,
11855,300771.0,智莱科技,2020-12-31,2020.0,1028183929.29,广东省,
11856,300790.0,宇瞳光学,2020-12-31,2020.0,1471470802.02,广东省,
11857,300793.0,佳禾智能,2020-12-31,2020.0,2653350108.93,广东省,
11858,300808.0,久量股份,2020-12-31,2020.0,705548042.18,广东省,
11859,300811.0,铂科新材,2020-12-31,2020.0,496826091.73,广东省,
11860,300812.0,易天股份,2020-12-31,2020.0,430278600.54,广东省,
11861,300822.0,贝仕达克,2020-12-31,2020.0,885805409.95,广东省,
11862,300824.0,北鼎股份,2020-12-31,2020.0,700875386.58,广东省,
11863,300832.0,新产业,2020-12-31,2020.0,2194966537.25,广东省,
11864,300833.0,浩洋股份,2020-12-31,2020.0,399686012.7,广东省,
11865,300843.0,胜蓝股份,2020-12-31,2020.0,914842786.49,广东省,
11866,300852.0,四会富仕,2020-12-31,2020.0,650210428.32,广东省,
11867,300857.0,协创数据,2020-12-31,2020.0,2249013028.38,广东省,
11868,300870.0,欧陆通,2020-12-31,2020.0,2083473150.73,广东省,
11869,300876.0,蒙泰高新,2020-12-31,2020.0,369726515.77,广东省,
11870,300889.0,爱克股份,2020-12-31,2020.0,993975779.12,广东省,
11871,300890.0,翔丰华,2020-12-31,2020.0,416038788.91,广东省,
11872,300903.0,科翔股份,2020-12-31,2020.0,1602150265.49,广东省,
11873,300909.0,汇创达,2020-12-31,2020.0,608699349.21,广东省,
11874,300916.0,朗特智能,2020-12-31,2020.0,774427445.71,广东省,
11875,300932.0,三友联众,2020-12-31,2020.0,1311609533.76,广东省,
11876,300939.0,秋田微,2020-12-31,2020.0,824064138.71,广东省,
11877,300940.0,南极光,2020-12-31,2020.0,1058114321.42,广东省,
11878,300942.0,易瑞生物,2020-12-31,2020.0,258455671.51,广东省,
11879,300951.0,博硕科技,2020-12-31,2020.0,686402214.45,广东省,
11880,300968.0,格林精密,2020-12-31,2020.0,1758288441.32,广东省,
11881,300976.0,达瑞电子,2020-12-31,2020.0,959479778.19,广东省,
11882,430556.0,雅达股份,2020-12-31,2020.0,292043535.5,广东省,
11883,600098.0,广州发展,2020-12-31,2020.0,31645123124.53,广东省,
11884,600183.0,生益科技,2020-12-31,2020.0,14687341460.15,广东省,
11885,600332.0,白云山,2020-12-31,2020.0,61673702450.01,广东省,
11886,600380.0,健康元,2020-12-31,2020.0,13521605768.2,广东省,
11887,600499.0,科达制造,2020-12-31,2020.0,7389731428.44,广东省,
11888,600518.0,ST 康美,2020-12-31,2020.0,5412007961.66,广东省,
11889,600525.0,长园集团,2020-12-31,2020.0,6187689673.13,广东省,
11890,600868.0,梅雁吉祥,2020-12-31,2020.0,182029495.87,广东省,
11891,600894.0,广日股份,2020-12-31,2020.0,6773440608.17,广东省,
11892,601138.0,工业富联,2020-12-31,2020.0,431785888000.0,广东省,
11893,601139.0,深圳燃气,2020-12-31,2020.0,15014814569.43,广东省,
11894,601615.0,明阳智能,2020-12-31,2020.0,22456987361.3,广东省,
11895,603002.0,宏昌电子,2020-12-31,2020.0,2504199868.15,广东省,
11896,603063.0,禾望电气,2020-12-31,2020.0,2338516544.74,广东省,
11897,603118.0,共进股份,2020-12-31,2020.0,8841982631.52,广东省,
11898,603160.0,汇顶科技,2020-12-31,2020.0,6687275485.14,广东省,
11899,603228.0,景旺电子,2020-12-31,2020.0,7063588891.52,广东省,
11900,603268.0,松发股份,2020-12-31,2020.0,446318598.99,广东省,
11901,603309.0,维力医疗,2020-12-31,2020.0,1130678809.88,广东省,
11902,603328.0,依顿电子,2020-12-31,2020.0,2583999444.94,广东省,
11903,603386.0,广东骏亚,2020-12-31,2020.0,2065746952.43,广东省,
11904,603390.0,通达电气,2020-12-31,2020.0,641895029.92,广东省,
11905,603725.0,天安新材,2020-12-31,2020.0,869214571.12,广东省,
11906,603838.0,四通股份,2020-12-31,2020.0,292627320.44,广东省,
11907,603861.0,白云电器,2020-12-31,2020.0,3028376259.97,广东省,
11908,603920.0,世运电路,2020-12-31,2020.0,2535989616.36,广东省,
11909,603936.0,博敏电子,2020-12-31,2020.0,2785506052.16,广东省,
11910,603978.0,深圳新星,2020-12-31,2020.0,986094240.62,广东省,
11911,688007.0,光峰科技,2020-12-31,2020.0,1948884176.83,广东省,
11912,688020.0,方邦股份,2020-12-31,2020.0,288386726.0,广东省,
11913,688025.0,杰普特,2020-12-31,2020.0,853627173.24,广东省,
11914,688036.0,传音控股,2020-12-31,2020.0,37791888885.74,广东省,
11915,688086.0,紫晶存储,2020-12-31,2020.0,490780729.36,广东省,
11916,688090.0,瑞松科技,2020-12-31,2020.0,798906310.35,广东省,
11917,688128.0,中国电研,2020-12-31,2020.0,2519647245.94,广东省,
11918,688135.0,利扬芯片,2020-12-31,2020.0,252825408.92,广东省,
11919,688138.0,清溢光电,2020-12-31,2020.0,487192557.45,广东省,
11920,688159.0,有方科技,2020-12-31,2020.0,573615812.03,广东省,
11921,688177.0,百奥泰,2020-12-31,2020.0,184989902.44,广东省,
11922,688183.0,生益电子,2020-12-31,2020.0,3633501932.99,广东省,
11923,688208.0,道通科技,2020-12-31,2020.0,1577775103.9,广东省,
11924,688312.0,燕麦科技,2020-12-31,2020.0,350363861.94,广东省,
11925,688321.0,微芯生物,2020-12-31,2020.0,269469784.74,广东省,
11926,688328.0,深科达,2020-12-31,2020.0,648023211.21,广东省,
11927,688388.0,嘉元科技,2020-12-31,2020.0,1202178945.26,广东省,
11928,688389.0,普门科技,2020-12-31,2020.0,553823040.26,广东省,
11929,688393.0,安必平,2020-12-31,2020.0,375433111.72,广东省,
11930,688418.0,震有科技,2020-12-31,2020.0,499891186.51,广东省,
11931,688518.0,联赢激光,2020-12-31,2020.0,877925500.98,广东省,
11932,688559.0,海目星,2020-12-31,2020.0,1320590723.68,广东省,
11933,688595.0,芯海科技,2020-12-31,2020.0,362796004.01,广东省,
11934,688609.0,九联科技,2020-12-31,2020.0,2027841564.91,广东省,
11935,688617.0,惠泰医疗,2020-12-31,2020.0,479436312.4,广东省,
11936,688618.0,三旺通信,2020-12-31,2020.0,209193068.15,广东省,
11937,688628.0,优利德,2020-12-31,2020.0,885563545.51,广东省,
11938,688668.0,鼎通科技,2020-12-31,2020.0,357759133.14,广东省,
11939,688683.0,莱尔科技,2020-12-31,2020.0,400831591.23,广东省,
11940,688686.0,奥普特,2020-12-31,2020.0,642427321.77,广东省,
11941,688788.0,科思科技,2020-12-31,2020.0,654927636.68,广东省,
11942,831167.0,鑫汇科,2020-12-31,2020.0,619656448.5,广东省,
11943,832110.0,雷特科技,2020-12-31,2020.0,95008829.86,广东省,
11944,832491.0,奥迪威,2020-12-31,2020.0,335528656.86,广东省,
11945,832876.0,慧为智能,2020-12-31,2020.0,317027902.99,广东省,
11946,833523.0,德瑞锂电,2020-12-31,2020.0,174371048.91,广东省,
11947,835185.0,贝特瑞,2020-12-31,2020.0,4451752877.06,广东省,
11948,836807.0,奔朗新材,2020-12-31,2020.0,600084298.06,广东省,
11949,837821.0,则成电子,2020-12-31,2020.0,242775723.86,广东省,
11950,839729.0,永顺生物,2020-12-31,2020.0,332589593.88,广东省,
11951,872374.0,云里物里,2020-12-31,2020.0,137713569.84,广东省,
11952,872925.0,锦好医疗,2020-12-31,2020.0,211480597.53,广东省,
11953,873001.0,纬达光电,2020-12-31,2020.0,194569425.13,广东省,
11954,,,,,2657372891270.24,广东省 汇总,
11955,528.0,柳工,2020-12-31,2020.0,23002550045.37,广西壮族自治区,
11956,703.0,恒逸石化,2020-12-31,2020.0,86429630191.87,广西壮族自治区,
11957,806.0,*ST 银河,2020-12-31,2020.0,1105975660.51,广西壮族自治区,
11958,953.0,*ST 河化,2020-12-31,2020.0,243512663.64,广西壮族自治区,
11959,2166.0,莱茵生物,2020-12-31,2020.0,783671413.74,广西壮族自治区,
11960,2175.0,ST 东网,2020-12-31,2020.0,211536040.51,广西壮族自治区,
11961,2275.0,桂林三金,2020-12-31,2020.0,1566484673.44,广西壮族自治区,
11962,600236.0,桂冠电力,2020-12-31,2020.0,8973945293.43,广西壮族自治区,
11963,600252.0,中恒集团,2020-12-31,2020.0,3676393702.92,广西壮族自治区,
11964,600310.0,桂东电力,2020-12-31,2020.0,18753746273.85,广西壮族自治区,
11965,601368.0,绿城水务,2020-12-31,2020.0,1543083503.21,广西壮族自治区,
11966,832885.0,星辰科技,2020-12-31,2020.0,137099752.59,广西壮族自治区,
11967,,,,,146427629215.08,广西壮族自治区 汇总,
11968,733.0,振华科技,2020-12-31,2020.0,3949731031.6,贵州省,
11969,2025.0,航天电器,2020-12-31,2020.0,4218411903.38,贵州省,
11970,2039.0,黔源电力,2020-12-31,2020.0,2650566472.01,贵州省,
11971,2390.0,信邦制药,2020-12-31,2020.0,5845621525.69,贵州省,
11972,2424.0,贵州百灵,2020-12-31,2020.0,3087888201.57,贵州省,
11973,2873.0,新天药业,2020-12-31,2020.0,750946390.31,贵州省,
11974,2927.0,泰永长征,2020-12-31,2020.0,779118593.56,贵州省,
11975,300919.0,中伟股份,2020-12-31,2020.0,7439624072.44,贵州省,
11976,600112.0,ST 天成,2020-12-31,2020.0,140671786.88,贵州省,
11977,600145.0,*ST 新亿,2020-12-31,2020.0,3458721.17,贵州省,
11978,600227.0,圣济堂,2020-12-31,2020.0,1926852891.74,贵州省,
11979,600594.0,益佰制药,2020-12-31,2020.0,3413192886.11,贵州省,
11980,600903.0,贵州燃气,2020-12-31,2020.0,4244104771.79,贵州省,
11981,603439.0,贵州三力,2020-12-31,2020.0,630224958.06,贵州省,
11982,830809.0,安达科技,2020-12-31,2020.0,92605286.8,贵州省,
11983,,,,,39173019493.11,贵州省 汇总,
11984,566.0,海南海药,2020-12-31,2020.0,2200313977.32,海南省,
11985,657.0,中钨高新,2020-12-31,2020.0,9919458028.34,海南省,
11986,2596.0,海南瑞泽,2020-12-31,2020.0,2904059209.47,海南省,
11987,2693.0,双成药业,2020-12-31,2020.0,269441762.99,海南省,
11988,300086.0,康芝药业,2020-12-31,2020.0,921642902.81,海南省,
11989,300630.0,普利制药,2020-12-31,2020.0,1188603424.51,海南省,
11990,605199.0,葫芦娃,2020-12-31,2020.0,1161705769.57,海南省,
11991,,,,,18565225075.01,海南省 汇总,
11992,401.0,冀东水泥,2020-12-31,2020.0,35479631343.47,河北省,
11993,413.0,东旭光电,2020-12-31,2020.0,7048745959.08,河北省,
11994,600.0,建投能源,2020-12-31,2020.0,14219347121.09,河北省,
11995,687.0,*ST 华讯,2020-12-31,2020.0,46695682.92,河北省,
11996,856.0,冀东装备,2020-12-31,2020.0,2652227344.31,河北省,
11997,2049.0,紫光国微,2020-12-31,2020.0,3270255229.79,河北省,
11998,2282.0,博深股份,2020-12-31,2020.0,1292337965.78,河北省,
11999,2459.0,晶澳科技,2020-12-31,2020.0,25846520912.72,河北省,
12000,2603.0,以岭药业,2020-12-31,2020.0,8782479676.66,河北省,
12001,2691.0,冀凯股份,2020-12-31,2020.0,240867674.57,河北省,
12002,2960.0,青鸟消防,2020-12-31,2020.0,2524621624.16,河北省,
12003,3031.0,中瓷电子,2020-12-31,2020.0,816162728.09,河北省,
12004,300137.0,先河环保,2020-12-31,2020.0,1248100875.6,河北省,
12005,300255.0,常山药业,2020-12-31,2020.0,2363785855.34,河北省,
12006,300368.0,汇金股份,2020-12-31,2020.0,1359149249.46,河北省,
12007,300371.0,汇中股份,2020-12-31,2020.0,425210340.96,河北省,
12008,300491.0,通合科技,2020-12-31,2020.0,320586339.11,河北省,
12009,300847.0,中船汉光,2020-12-31,2020.0,874295201.97,河北省,
12010,300869.0,康泰医学,2020-12-31,2020.0,1401225344.22,河北省,
12011,600149.0,ST 坊展,2020-12-31,2020.0,196979597.65,河北省,
12012,600550.0,保变电气,2020-12-31,2020.0,4084568682.78,河北省,
12013,600803.0,新奥股份,2020-12-31,2020.0,88098770000.0,河北省,
12014,600812.0,华北制药,2020-12-31,2020.0,11492504163.48,河北省,
12015,600956.0,新天绿能,2020-12-31,2020.0,12510885312.89,河北省,
12016,603050.0,科林电气,2020-12-31,2020.0,1753241917.7,河北省,
12017,603385.0,惠达卫浴,2020-12-31,2020.0,3217809031.75,河北省,
12018,835985.0,海泰新能,2020-12-31,2020.0,2649683751.0,河北省,
12019,,,,,234216688926.55,河北省 汇总,
12020,400.0,许继电气,2020-12-31,2020.0,11191201681.05,河南省,
12021,544.0,中原环保,2020-12-31,2020.0,2149746278.73,河南省,
12022,612.0,焦作万方,2020-12-31,2020.0,4744064718.26,河南省,
12023,933.0,神火股份,2020-12-31,2020.0,18809234330.43,河南省,
12024,949.0,新乡化纤,2020-12-31,2020.0,4476509577.05,河南省,
12025,1896.0,豫能控股,2020-12-31,2020.0,8680912573.21,河南省,
12026,2007.0,华兰生物,2020-12-31,2020.0,5023206263.4,河南省,
12027,2046.0,国机精工,2020-12-31,2020.0,2355123651.04,河南省,
12028,2179.0,中航光电,2020-12-31,2020.0,10305222374.39,河南省,
12029,2189.0,中光学,2020-12-31,2020.0,3332969078.73,河南省,
12030,2225.0,濮耐股份,2020-12-31,2020.0,4174177333.37,河南省,
12031,2296.0,辉煌科技,2020-12-31,2020.0,637661580.01,河南省,
12032,2358.0,森源电气,2020-12-31,2020.0,1649914528.27,河南省,
12033,2535.0,*ST 林重,2020-12-31,2020.0,904974628.02,河南省,
12034,2560.0,通达股份,2020-12-31,2020.0,1927858004.24,河南省,
12035,2613.0,北玻股份,2020-12-31,2020.0,1065336556.88,河南省,
12036,2857.0,三晖电气,2020-12-31,2020.0,211728010.6,河南省,
12037,300007.0,汉威科技,2020-12-31,2020.0,1941168910.89,河南省,
12038,300064.0,ST 金刚,2020-12-31,2020.0,478374496.91,河南省,
12039,300080.0,易成新能,2020-12-31,2020.0,3968500794.05,河南省,
12040,300179.0,四方达,2020-12-31,2020.0,318476418.3,河南省,
12041,300259.0,新天科技,2020-12-31,2020.0,1194503677.25,河南省,
12042,300263.0,隆华科技,2020-12-31,2020.0,1824187516.39,河南省,
12043,300480.0,光力科技,2020-12-31,2020.0,311304368.15,河南省,
12044,300701.0,森霸传感,2020-12-31,2020.0,344496984.1,河南省,
12045,300807.0,天迈科技,2020-12-31,2020.0,216002483.0,河南省,
12046,300850.0,新强联,2020-12-31,2020.0,2064401044.11,河南省,
12047,600172.0,黄河旋风,2020-12-31,2020.0,2450502580.91,河南省,
12048,600207.0,安彩高科,2020-12-31,2020.0,2290768888.73,河南省,
12049,600222.0,太龙药业,2020-12-31,2020.0,1417097311.59,河南省,
12050,600285.0,羚锐制药,2020-12-31,2020.0,2331577446.95,河南省,
12051,600312.0,平高电气,2020-12-31,2020.0,9781065124.63,河南省,
12052,600531.0,豫光金铅,2020-12-31,2020.0,20237854902.08,河南省,
12053,600595.0,*ST 中孚,2020-12-31,2020.0,8180407197.16,河南省,
12054,600810.0,神马股份,2020-12-31,2020.0,8912000064.07,河南省,
12055,600876.0,洛阳玻璃,2020-12-31,2020.0,3045614913.68,河南省,
12056,601038.0,一拖股份,2020-12-31,2020.0,7480729879.48,河南省,
12057,601608.0,中信重工,2020-12-31,2020.0,6318222990.03,河南省,
12058,601677.0,明泰铝业,2020-12-31,2020.0,16333422818.97,河南省,
12059,603566.0,普莱柯,2020-12-31,2020.0,928511813.36,河南省,
12060,603658.0,安图生物,2020-12-31,2020.0,2978131605.36,河南省,
12061,605368.0,蓝天燃气,2020-12-31,2020.0,3551838948.75,河南省,
12062,688313.0,仕佳光子,2020-12-31,2020.0,671598071.04,河南省,
12063,688626.0,翔宇医疗,2020-12-31,2020.0,495513744.65,河南省,
12064,833580.0,科创新材,2020-12-31,2020.0,115707009.02,河南省,
12065,834407.0,驰诚股份,2020-12-31,2020.0,118292507.14,河南省,
12066,838971.0,天马新材,2020-12-31,2020.0,110912935.07,河南省,
12067,839725.0,惠丰钻石,2020-12-31,2020.0,142494271.46,河南省,
12068,872895.0,花溪科技,2020-12-31,2020.0,137567429.3,河南省,
12069,,,,,192331090314.26,河南省 汇总,
12070,922.0,佳电股份,2020-12-31,2020.0,2368753864.92,黑龙江省,
12071,2437.0,誉衡药业,2020-12-31,2020.0,3054949266.91,黑龙江省,
12072,2698.0,博实股份,2020-12-31,2020.0,1827912892.55,黑龙江省,
12073,2737.0,葵花药业,2020-12-31,2020.0,3461888347.2,黑龙江省,
12074,2900.0,哈三联,2020-12-31,2020.0,1338882990.74,黑龙江省,
12075,300040.0,九洲集团,2020-12-31,2020.0,1279867537.35,黑龙江省,
12076,300489.0,中飞股份,2020-12-31,2020.0,415409136.38,黑龙江省,
12077,600187.0,国中水务,2020-12-31,2020.0,379100938.07,黑龙江省,
12078,600202.0,哈空调,2020-12-31,2020.0,917175848.42,黑龙江省,
12079,600664.0,哈药股份,2020-12-31,2020.0,10788456548.75,黑龙江省,
12080,600726.0,华电能源,2020-12-31,2020.0,10670753412.47,黑龙江省,
12081,601106.0,中国一重,2020-12-31,2020.0,19902736774.06,黑龙江省,
12082,603023.0,威帝股份,2020-12-31,2020.0,84542423.71,黑龙江省,
12083,603567.0,珍宝岛,2020-12-31,2020.0,3403747280.97,黑龙江省,
12084,688011.0,新光光电,2020-12-31,2020.0,124086224.92,黑龙江省,
12085,,,,,60018263487.42,黑龙江省 汇总,
12086,670.0,*ST 盈方,2020-12-31,2020.0,699966125.52,湖北省,
12087,678.0,襄阳轴承,2020-12-31,2020.0,1191531469.82,湖北省,
12088,821.0,京山轻机,2020-12-31,2020.0,3059873922.08,湖北省,
12089,852.0,石化机械,2020-12-31,2020.0,6213351762.51,湖北省,
12090,883.0,湖北能源,2020-12-31,2020.0,17023439111.2,湖北省,
12091,952.0,广济药业,2020-12-31,2020.0,688169323.69,湖北省,
12092,966.0,长源电力,2020-12-31,2020.0,5722155054.78,湖北省,
12093,988.0,华工科技,2020-12-31,2020.0,6137548872.23,湖北省,
12094,2194.0,武汉凡谷,2020-12-31,2020.0,1491736929.8,湖北省,
12095,2281.0,光迅科技,2020-12-31,2020.0,6046017103.97,湖北省,
12096,2365.0,永安药业,2020-12-31,2020.0,1172853519.25,湖北省,
12097,2414.0,高德红外,2020-12-31,2020.0,3333519242.3,湖北省,
12098,2861.0,瀛通通讯,2020-12-31,2020.0,1207882606.98,湖北省,
12099,2932.0,明德生物,2020-12-31,2020.0,959099196.3,湖北省,
12100,2950.0,奥美医疗,2020-12-31,2020.0,3834498022.4,湖北省,
12101,2962.0,五方光电,2020-12-31,2020.0,588544742.4,湖北省,
12102,300018.0,中元股份,2020-12-31,2020.0,406391731.77,湖北省,
12103,300046.0,台基股份,2020-12-31,2020.0,388244929.38,湖北省,
12104,300161.0,华中数控,2020-12-31,2020.0,1322385849.11,湖北省,
12105,300205.0,天喻信息,2020-12-31,2020.0,1693529679.18,湖北省,
12106,300220.0,金运激光,2020-12-31,2020.0,196820611.08,湖北省,
12107,300276.0,三丰智能,2020-12-31,2020.0,1167927638.87,湖北省,
12108,300278.0,华昌达,2020-12-31,2020.0,1600013440.24,湖北省,
12109,300323.0,华灿光电,2020-12-31,2020.0,2644133008.31,湖北省,
12110,300395.0,菲利华,2020-12-31,2020.0,863578276.94,湖北省,
12111,300516.0,久之洋,2020-12-31,2020.0,722748579.21,湖北省,
12112,300527.0,中船应急,2020-12-31,2020.0,1821338940.26,湖北省,
12113,300557.0,理工光科,2020-12-31,2020.0,425776479.87,湖北省,
12114,300567.0,精测电子,2020-12-31,2020.0,2076523577.24,湖北省,
12115,300683.0,海特生物,2020-12-31,2020.0,524123427.37,湖北省,
12116,300747.0,锐科激光,2020-12-31,2020.0,2316642513.32,湖北省,
12117,300776.0,帝尔激光,2020-12-31,2020.0,1072283270.44,湖北省,
12118,300871.0,回盛生物,2020-12-31,2020.0,777458548.09,湖北省,
12119,300966.0,共同药业,2020-12-31,2020.0,468117263.96,湖北省,
12120,300971.0,博亚精工,2020-12-31,2020.0,364147928.59,湖北省,
12121,430198.0,微创光电,2020-12-31,2020.0,196366746.95,湖北省,
12122,600079.0,人福医药,2020-12-31,2020.0,20680111114.49,湖北省,
12123,600168.0,武汉控股,2020-12-31,2020.0,1643603463.84,湖北省,
12124,600184.0,光电股份,2020-12-31,2020.0,2491896125.37,湖北省,
12125,600260.0,凯乐科技,2020-12-31,2020.0,8499587353.47,湖北省,
12126,600293.0,三峡新材,2020-12-31,2020.0,2577683736.4,湖北省,
12127,600345.0,长江通信,2020-12-31,2020.0,176619036.17,湖北省,
12128,600355.0,精伦电子,2020-12-31,2020.0,196600847.38,湖北省,
12129,600421.0,ST 华嵘,2020-12-31,2020.0,140188499.49,湖北省,
12130,600498.0,烽火通信,2020-12-31,2020.0,21074437344.29,湖北省,
12131,600566.0,济川药业,2020-12-31,2020.0,6164974167.54,湖北省,
12132,600568.0,*ST 中珠,2020-12-31,2020.0,727473784.95,湖北省,
12133,600681.0,百川能源,2020-12-31,2020.0,4295772505.14,湖北省,
12134,600703.0,三安光电,2020-12-31,2020.0,8453882765.43,湖北省,
12135,600745.0,闻泰科技,2020-12-31,2020.0,51706626949.92,湖北省,
12136,600769.0,祥龙电业,2020-12-31,2020.0,30668649.13,湖北省,
12137,600801.0,华新水泥,2020-12-31,2020.0,29356515691.0,湖北省,
12138,600879.0,航天电子,2020-12-31,2020.0,14008586045.5,湖北省,
12139,600885.0,宏发股份,2020-12-31,2020.0,7819069765.83,湖北省,
12140,600993.0,马应龙,2020-12-31,2020.0,2791591948.24,湖北省,
12141,601311.0,骆驼股份,2020-12-31,2020.0,9639815718.43,湖北省,
12142,601869.0,长飞光纤,2020-12-31,2020.0,8221542967.0,湖北省,
12143,601956.0,东贝集团,2020-12-31,2020.0,5211242709.81,湖北省,
12144,603738.0,泰晶科技,2020-12-31,2020.0,630925077.55,湖北省,
12145,688081.0,兴图新科,2020-12-31,2020.0,192675899.11,湖北省,
12146,688526.0,科前生物,2020-12-31,2020.0,843227687.69,湖北省,
12147,688665.0,四方光电,2020-12-31,2020.0,307906374.74,湖北省,
12148,835237.0,力佳科技,2020-12-31,2020.0,227121501.57,湖北省,
12149,836942.0,恒立钻具,2020-12-31,2020.0,156197901.1,湖北省,
12150,838670.0,恒进感应,2020-12-31,2020.0,98642482.98,湖北省,
12151,,,,,288783927558.97,湖北省 汇总,
12152,157.0,中联重科,2020-12-31,2020.0,65108942242.75,湖南省,
12153,519.0,中兵红箭,2020-12-31,2020.0,6463015337.79,湖南省,
12154,590.0,启迪药业,2020-12-31,2020.0,275090121.33,湖南省,
12155,622.0,恒立实业,2020-12-31,2020.0,305856113.09,湖南省,
12156,722.0,湖南发展,2020-12-31,2020.0,310885895.31,湖南省,
12157,908.0,景峰医药,2020-12-31,2020.0,877918599.51,湖南省,
12158,989.0,九芝堂,2020-12-31,2020.0,3559540963.73,湖南省,
12159,2097.0,山河智能,2020-12-31,2020.0,9377367500.65,湖南省,
12160,2297.0,博云新材,2020-12-31,2020.0,345119303.79,湖南省,
12161,2412.0,汉森制药,2020-12-31,2020.0,741237325.38,湖南省,
12162,2452.0,长高集团,2020-12-31,2020.0,1561726498.01,湖南省,
12163,2523.0,天桥起重,2020-12-31,2020.0,1501530264.03,湖南省,
12164,2533.0,金杯电工,2020-12-31,2020.0,7796149656.37,湖南省,
12165,2716.0,*ST 金贵,2020-12-31,2020.0,1205143833.11,湖南省,
12166,2848.0,高斯贝尔,2020-12-31,2020.0,417914225.04,湖南省,
12167,2879.0,长缆科技,2020-12-31,2020.0,940579693.14,湖南省,
12168,2892.0,科力尔,2020-12-31,2020.0,993191719.42,湖南省,
12169,2903.0,宇环数控,2020-12-31,2020.0,304294076.97,湖南省,
12170,2913.0,奥士康,2020-12-31,2020.0,2910709169.85,湖南省,
12171,2943.0,宇晶股份,2020-12-31,2020.0,365289954.56,湖南省,
12172,300035.0,中科电气,2020-12-31,2020.0,973626797.74,湖南省,
12173,300267.0,尔康制药,2020-12-31,2020.0,2382275010.61,湖南省,
12174,300298.0,三诺生物,2020-12-31,2020.0,2015214106.51,湖南省,
12175,300358.0,楚天科技,2020-12-31,2020.0,3576213391.72,湖南省,
12176,300433.0,蓝思科技,2020-12-31,2020.0,36939133598.93,湖南省,
12177,300474.0,景嘉微,2020-12-31,2020.0,653772093.45,湖南省,
12178,300490.0,华自科技,2020-12-31,2020.0,1162285734.05,湖南省,
12179,300515.0,三德科技,2020-12-31,2020.0,319449175.61,湖南省,
12180,300672.0,国科微,2020-12-31,2020.0,730934412.47,湖南省,
12181,300700.0,岱勒新材,2020-12-31,2020.0,242897047.71,湖南省,
12182,300705.0,九典制药,2020-12-31,2020.0,978159132.0,湖南省,
12183,300726.0,宏达电子,2020-12-31,2020.0,1400857588.18,湖南省,
12184,300800.0,力合科技,2020-12-31,2020.0,774353168.49,湖南省,
12185,300866.0,安克创新,2020-12-31,2020.0,9352629343.29,湖南省,
12186,600031.0,三一重工,2020-12-31,2020.0,99341988000.0,湖南省,
12187,600416.0,*ST 湘电,2020-12-31,2020.0,4696458290.29,湖南省,
12188,600478.0,科力远,2020-12-31,2020.0,2545775967.0,湖南省,
12189,600479.0,千金药业,2020-12-31,2020.0,3626966808.62,湖南省,
12190,600744.0,华银电力,2020-12-31,2020.0,8255680918.7,湖南省,
12191,600961.0,株冶集团,2020-12-31,2020.0,14765455127.46,湖南省,
12192,600969.0,郴电国际,2020-12-31,2020.0,3047161262.44,湖南省,
12193,601636.0,旗滨集团,2020-12-31,2020.0,9643436147.42,湖南省,
12194,603989.0,艾华集团,2020-12-31,2020.0,2516603152.67,湖南省,
12195,603998.0,方盛制药,2020-12-31,2020.0,1278765036.46,湖南省,
12196,688100.0,威胜信息,2020-12-31,2020.0,1448590818.16,湖南省,
12197,688189.0,南新制药,2020-12-31,2020.0,1029142035.73,湖南省,
12198,688289.0,圣湘生物,2020-12-31,2020.0,4762963903.32,湖南省,
12199,688598.0,金博股份,2020-12-31,2020.0,426468824.55,湖南省,
12200,835174.0,五新隧装,2020-12-31,2020.0,450522334.84,湖南省,
12201,,,,,324699281722.25,湖南省 汇总,
12202,420.0,吉林化纤,2020-12-31,2020.0,2499714527.34,吉林省,
12203,623.0,吉林敖东,2020-12-31,2020.0,2251650950.38,吉林省,
12204,661.0,长春高新,2020-12-31,2020.0,8576600708.5,吉林省,
12205,669.0,*ST 金鸿,2020-12-31,2020.0,2303598969.48,吉林省,
12206,766.0,通化金马,2020-12-31,2020.0,1111802396.45,吉林省,
12207,875.0,吉电股份,2020-12-31,2020.0,10060017627.94,吉林省,
12208,2118.0,紫鑫药业,2020-12-31,2020.0,285535339.24,吉林省,
12209,2338.0,奥普光电,2020-12-31,2020.0,440745975.42,吉林省,
12210,2501.0,*ST 利源,2020-12-31,2020.0,104169809.36,吉林省,
12211,2566.0,益盛药业,2020-12-31,2020.0,842589907.04,吉林省,
12212,2622.0,融钰集团,2020-12-31,2020.0,114345046.98,吉林省,
12213,300108.0,吉药控股,2020-12-31,2020.0,648546128.84,吉林省,
12214,300396.0,迪瑞医疗,2020-12-31,2020.0,937235915.34,吉林省,
12215,300510.0,金冠股份,2020-12-31,2020.0,845185627.22,吉林省,
12216,600110.0,诺德股份,2020-12-31,2020.0,2154765316.68,吉林省,
12217,600333.0,长春燃气,2020-12-31,2020.0,1562396998.04,吉林省,
12218,600360.0,华微电子,2020-12-31,2020.0,1718583578.88,吉林省,
12219,600856.0,*ST 中天,2020-12-31,2020.0,554332263.75,吉林省,
12220,600867.0,通化东宝,2020-12-31,2020.0,2892169238.81,吉林省,
12221,600881.0,亚泰集团,2020-12-31,2020.0,19497992710.05,吉林省,
12222,688378.0,奥来德,2020-12-31,2020.0,283535702.06,吉林省,
12223,836077.0,吉林碳谷,2020-12-31,2020.0,1102401353.92,吉林省,
12224,,,,,60787916091.72,吉林省 汇总,
12225,301.0,东方盛虹,2020-12-31,2020.0,22777003535.78,江苏省,
12226,421.0,南京公用,2020-12-31,2020.0,6839653806.57,江苏省,
12227,425.0,徐工机械,2020-12-31,2020.0,73968148563.43,江苏省,
12228,518.0,四环生物,2020-12-31,2020.0,505399427.19,江苏省,
12229,570.0,苏常柴A,2020-12-31,2020.0,2296464711.24,江苏省,
12230,727.0,*ST 东科,2020-12-31,2020.0,68555500818.17,江苏省,
12231,777.0,中核科技,2020-12-31,2020.0,1166857141.32,江苏省,
12232,816.0,智慧农业,2020-12-31,2020.0,1740281651.96,江苏省,
12233,919.0,金陵药业,2020-12-31,2020.0,2503732374.15,江苏省,
12234,936.0,华西股份,2020-12-31,2020.0,2355558721.43,江苏省,
12235,2009.0,天奇股份,2020-12-31,2020.0,3592247899.91,江苏省,
12236,2015.0,协鑫能科,2020-12-31,2020.0,11305931718.73,江苏省,
12237,2074.0,国轩高科,2020-12-31,2020.0,6724233230.56,江苏省,
12238,2077.0,*ST 大港,2020-12-31,2020.0,860346912.94,江苏省,
12239,2079.0,苏州固锝,2020-12-31,2020.0,1804661200.03,江苏省,
12240,2080.0,中材科技,2020-12-31,2020.0,18710871800.17,江苏省,
12241,2089.0,ST 新海,2020-12-31,2020.0,158832259.09,江苏省,
12242,2090.0,金智科技,2020-12-31,2020.0,1858194282.82,江苏省,
12243,2104.0,恒宝股份,2020-12-31,2020.0,992573472.79,江苏省,
12244,2156.0,通富微电,2020-12-31,2020.0,10768700029.4,江苏省,
12245,2160.0,常铝股份,2020-12-31,2020.0,4376851245.18,江苏省,
12246,2172.0,澳洋健康,2020-12-31,2020.0,3083401179.95,江苏省,
12247,2182.0,云海金属,2020-12-31,2020.0,5945528015.43,江苏省,
12248,2201.0,九鼎新材,2020-12-31,2020.0,1670715420.64,江苏省,
12249,2223.0,鱼跃医疗,2020-12-31,2020.0,6725687289.68,江苏省,
12250,2245.0,蔚蓝锂芯,2020-12-31,2020.0,4233591480.31,江苏省,
12251,2255.0,*ST 海陆,2020-12-31,2020.0,2025109933.68,江苏省,
12252,2262.0,恩华药业,2020-12-31,2020.0,3361303472.94,江苏省,
12253,2290.0,ST 禾盛,2020-12-31,2020.0,1822307287.44,江苏省,
12254,2309.0,中利集团,2020-12-31,2020.0,8420905206.73,江苏省,
12255,2333.0,ST 罗普,2020-12-31,2020.0,839763454.35,江苏省,
12256,2349.0,精华制药,2020-12-31,2020.0,1281353324.6,江苏省,
12257,2367.0,康力电梯,2020-12-31,2020.0,4280120000.54,江苏省,
12258,2384.0,东山精密,2020-12-31,2020.0,28093409430.26,江苏省,
12259,2411.0,延安必康,2020-12-31,2020.0,6939526117.84,江苏省,
12260,2413.0,雷科防务,2020-12-31,2020.0,1215560376.69,江苏省,
12261,2426.0,*ST 胜利,2020-12-31,2020.0,9595213663.82,江苏省,
12262,2435.0,长江健康,2020-12-31,2020.0,4240584177.05,江苏省,
12263,2438.0,江苏神通,2020-12-31,2020.0,1585551655.22,江苏省,
12264,2463.0,沪电股份,2020-12-31,2020.0,7460024310.0,江苏省,
12265,2471.0,中超控股,2020-12-31,2020.0,5434890904.83,江苏省,
12266,2483.0,润邦股份,2020-12-31,2020.0,3614726292.81,江苏省,
12267,2484.0,江海股份,2020-12-31,2020.0,2635045312.4,江苏省,
12268,2491.0,通鼎互联,2020-12-31,2020.0,3586471069.23,江苏省,
12269,2499.0,*ST 科林,2020-12-31,2020.0,39382840.27,江苏省,
12270,2519.0,银河电子,2020-12-31,2020.0,1497083222.87,江苏省,
12271,2531.0,天顺风能,2020-12-31,2020.0,8051400182.58,江苏省,
12272,2540.0,亚太科技,2020-12-31,2020.0,3989600120.25,江苏省,
12273,2546.0,新联电子,2020-12-31,2020.0,574921920.35,江苏省,
12274,2550.0,千红制药,2020-12-31,2020.0,1667606597.33,江苏省,
12275,2553.0,南方轴承,2020-12-31,2020.0,465977399.99,江苏省,
12276,2559.0,亚威股份,2020-12-31,2020.0,1638642385.52,江苏省,
12277,2576.0,通达动力,2020-12-31,2020.0,1515931646.24,江苏省,
12278,2608.0,江苏国信,2020-12-31,2020.0,20615926646.82,江苏省,
12279,2610.0,爱康科技,2020-12-31,2020.0,3016317076.72,江苏省,
12280,2623.0,亚玛顿,2020-12-31,2020.0,1802858274.43,江苏省,
12281,2635.0,安洁科技,2020-12-31,2020.0,2905309763.51,江苏省,
12282,2645.0,华宏科技,2020-12-31,2020.0,3375687731.05,江苏省,
12283,2685.0,华东重机,2020-12-31,2020.0,7634501324.41,江苏省,
12284,2692.0,ST 远程,2020-12-31,2020.0,2649773036.02,江苏省,
12285,2747.0,埃斯顿,2020-12-31,2020.0,2510166560.85,江苏省,
12286,2796.0,世嘉科技,2020-12-31,2020.0,1640945850.17,江苏省,
12287,2808.0,恒久科技,2020-12-31,2020.0,301109819.74,江苏省,
12288,2866.0,传艺科技,2020-12-31,2020.0,1769844754.46,江苏省,
12289,2877.0,智能自控,2020-12-31,2020.0,551724703.77,江苏省,
12290,2947.0,恒铭达,2020-12-31,2020.0,643623742.97,江苏省,
12291,2998.0,优彩资源,2020-12-31,2020.0,1363603446.25,江苏省,
12292,3015.0,日久光电,2020-12-31,2020.0,517327193.63,江苏省,
12293,200468.0,宁通信B,2020-12-31,2020.0,1025243815.83,江苏省,
12294,300029.0,ST 天龙,2020-12-31,2020.0,121460775.28,江苏省,
12295,300091.0,金通灵,2020-12-31,2020.0,1439159939.03,江苏省,
12296,300128.0,锦富技术,2020-12-31,2020.0,1364232745.17,江苏省,
12297,300141.0,和顺电气,2020-12-31,2020.0,526364149.72,江苏省,
12298,300160.0,秀强股份,2020-12-31,2020.0,1286337545.69,江苏省,
12299,300165.0,天瑞仪器,2020-12-31,2020.0,935696717.93,江苏省,
12300,300196.0,长海股份,2020-12-31,2020.0,2042508062.79,江苏省,
12301,300201.0,海伦哲,2020-12-31,2020.0,2035690091.12,江苏省,
12302,300211.0,亿通科技,2020-12-31,2020.0,81373967.58,江苏省,
12303,300217.0,东方电热,2020-12-31,2020.0,2397146557.52,江苏省,
12304,300228.0,富瑞特装,2020-12-31,2020.0,1806080635.56,江苏省,
12305,300260.0,新莱应材,2020-12-31,2020.0,1323047161.12,江苏省,
12306,300265.0,通光线缆,2020-12-31,2020.0,1467452342.74,江苏省,
12307,300279.0,和晶科技,2020-12-31,2020.0,1681977260.54,江苏省,
12308,300331.0,苏大维格,2020-12-31,2020.0,1392279392.33,江苏省,
12309,300337.0,银邦股份,2020-12-31,2020.0,2370484202.74,江苏省,
12310,300342.0,天银机电,2020-12-31,2020.0,898386035.02,江苏省,
12311,300346.0,南大光电,2020-12-31,2020.0,594958532.2,江苏省,
12312,300354.0,东华测试,2020-12-31,2020.0,205268528.74,江苏省,
12313,300356.0,光一科技,2020-12-31,2020.0,393017483.18,江苏省,
12314,300373.0,扬杰科技,2020-12-31,2020.0,2616972732.16,江苏省,
12315,300382.0,斯莱克,2020-12-31,2020.0,882865571.55,江苏省,
12316,300385.0,雪浪环境,2020-12-31,2020.0,1487949564.13,江苏省,
12317,300390.0,天华超净,2020-12-31,2020.0,1313177402.56,江苏省,
12318,300393.0,中来股份,2020-12-31,2020.0,5084945898.24,江苏省,
12319,300394.0,天孚通信,2020-12-31,2020.0,873449245.94,江苏省,
12320,300402.0,宝色股份,2020-12-31,2020.0,1092062565.96,江苏省,
12321,300420.0,五洋停车,2020-12-31,2020.0,1631563723.56,江苏省,
12322,300421.0,力星股份,2020-12-31,2020.0,787351854.35,江苏省,
12323,300447.0,全信股份,2020-12-31,2020.0,712742332.99,江苏省,
12324,300450.0,先导智能,2020-12-31,2020.0,5858300569.0,江苏省,
12325,300466.0,赛摩智能,2020-12-31,2020.0,545051303.57,江苏省,
12326,300509.0,新美星,2020-12-31,2020.0,691498480.98,江苏省,
12327,300549.0,优德精密,2020-12-31,2020.0,311474840.08,江苏省,
12328,300554.0,三超新材,2020-12-31,2020.0,258379491.43,江苏省,
12329,300555.0,路通视信,2020-12-31,2020.0,187956396.16,江苏省,
12330,300563.0,神宇股份,2020-12-31,2020.0,621487603.26,江苏省,
12331,300584.0,海辰药业,2020-12-31,2020.0,706295710.22,江苏省,
12332,300617.0,安靠智电,2020-12-31,2020.0,528763697.19,江苏省,
12333,300618.0,寒锐钴业,2020-12-31,2020.0,2253776474.63,江苏省,
12334,300623.0,捷捷微电,2020-12-31,2020.0,1010900921.04,江苏省,
12335,300631.0,久吾高科,2020-12-31,2020.0,531269507.27,江苏省,
12336,300660.0,江苏雷利,2020-12-31,2020.0,2422288184.14,江苏省,
12337,300670.0,大烨智能,2020-12-31,2020.0,541289479.86,江苏省,
12338,300694.0,蠡湖股份,2020-12-31,2020.0,1079252060.43,江苏省,
12339,300697.0,电工合金,2020-12-31,2020.0,1606486263.39,江苏省,
12340,300707.0,威唐工业,2020-12-31,2020.0,554601756.61,江苏省,
12341,300708.0,聚灿光电,2020-12-31,2020.0,1406674200.72,江苏省,
12342,300709.0,精研科技,2020-12-31,2020.0,1564126473.25,江苏省,
12343,300715.0,凯伦股份,2020-12-31,2020.0,2007646596.2,江苏省,
12344,300751.0,迈为股份,2020-12-31,2020.0,2285442723.89,江苏省,
12345,300753.0,爱朋医疗,2020-12-31,2020.0,443076112.54,江苏省,
12346,300757.0,罗博特科,2020-12-31,2020.0,528248971.95,江苏省,
12347,300777.0,中简科技,2020-12-31,2020.0,389515378.89,江苏省,
12348,300782.0,卓胜微,2020-12-31,2020.0,2792147535.48,江苏省,
12349,300809.0,华辰装备,2020-12-31,2020.0,230639809.66,江苏省,
12350,300827.0,上能电气,2020-12-31,2020.0,1004012686.06,江苏省,
12351,300836.0,佰奥智能,2020-12-31,2020.0,336942337.78,江苏省,
12352,300842.0,帝科股份,2020-12-31,2020.0,1581544560.49,江苏省,
12353,300855.0,图南股份,2020-12-31,2020.0,546340730.32,江苏省,
12354,300907.0,康平科技,2020-12-31,2020.0,834616886.38,江苏省,
12355,300931.0,通用电梯,2020-12-31,2020.0,452129380.75,江苏省,
12356,300933.0,中辰股份,2020-12-31,2020.0,2054244735.69,江苏省,
12357,300936.0,中英科技,2020-12-31,2020.0,210439047.66,江苏省,
12358,430418.0,苏轴股份,2020-12-31,2020.0,435034043.78,江苏省,
12359,600105.0,永鼎股份,2020-12-31,2020.0,3285355632.15,江苏省,
12360,600200.0,江苏吴中,2020-12-31,2020.0,1871736670.77,江苏省,
12361,600268.0,国电南自,2020-12-31,2020.0,5032029717.72,江苏省,
12362,600276.0,恒瑞医药,2020-12-31,2020.0,27734598747.82,江苏省,
12363,600481.0,双良节能,2020-12-31,2020.0,2071563445.68,江苏省,
12364,600487.0,亨通光电,2020-12-31,2020.0,32384143494.7,江苏省,
12365,600513.0,联环药业,2020-12-31,2020.0,1386038580.46,江苏省,
12366,600522.0,中天科技,2020-12-31,2020.0,42081553999.57,江苏省,
12367,600527.0,江南高纤,2020-12-31,2020.0,1144540655.59,江苏省,
12368,600557.0,康缘药业,2020-12-31,2020.0,3031926356.07,江苏省,
12369,600562.0,国睿科技,2020-12-31,2020.0,3605532835.0,江苏省,
12370,600584.0,长电科技,2020-12-31,2020.0,26463994512.61,江苏省,
12371,600775.0,南京熊猫,2020-12-31,2020.0,3952265022.15,江苏省,
12372,600854.0,春兰股份,2020-12-31,2020.0,255424660.86,江苏省,
12373,600889.0,南京化纤,2020-12-31,2020.0,365967191.74,江苏省,
12374,600973.0,宝胜股份,2020-12-31,2020.0,34138495290.67,江苏省,
12375,601100.0,恒立液压,2020-12-31,2020.0,7855038369.93,江苏省,
12376,601199.0,江南水务,2020-12-31,2020.0,953142149.51,江苏省,
12377,601218.0,吉鑫科技,2020-12-31,2020.0,2048770631.53,江苏省,
12378,601222.0,林洋能源,2020-12-31,2020.0,5799015442.74,江苏省,
12379,601388.0,怡球资源,2020-12-31,2020.0,5627025863.19,江苏省,
12380,603005.0,晶方科技,2020-12-31,2020.0,1103528757.63,江苏省,
12381,603016.0,新宏泰,2020-12-31,2020.0,443974468.56,江苏省,
12382,603036.0,如通股份,2020-12-31,2020.0,290718194.62,江苏省,
12383,603042.0,华脉科技,2020-12-31,2020.0,1161584254.4,江苏省,
12384,603090.0,宏盛股份,2020-12-31,2020.0,325149347.38,江苏省,
12385,603115.0,海星股份,2020-12-31,2020.0,1218716702.66,江苏省,
12386,603133.0,碳元科技,2020-12-31,2020.0,562579104.27,江苏省,
12387,603185.0,上机数控,2020-12-31,2020.0,3011005487.31,江苏省,
12388,603203.0,快克股份,2020-12-31,2020.0,534986054.08,江苏省,
12389,603269.0,海鸥股份,2020-12-31,2020.0,834233649.44,江苏省,
12390,603283.0,赛腾股份,2020-12-31,2020.0,2028369610.73,江苏省,
12391,603332.0,苏州龙杰,2020-12-31,2020.0,879503495.1,江苏省,
12392,603339.0,四方科技,2020-12-31,2020.0,1103203106.18,江苏省,
12393,603351.0,威尔药业,2020-12-31,2020.0,736063748.91,江苏省,
12394,603355.0,莱克电气,2020-12-31,2020.0,6280796603.13,江苏省,
12395,603366.0,日出东方,2020-12-31,2020.0,3542740925.35,江苏省,
12396,603380.0,易德龙,2020-12-31,2020.0,1289047908.98,江苏省,
12397,603387.0,基蛋生物,2020-12-31,2020.0,1123335618.58,江苏省,
12398,603416.0,信捷电气,2020-12-31,2020.0,1134392413.28,江苏省,
12399,603486.0,科沃斯,2020-12-31,2020.0,7233756498.64,江苏省,
12400,603488.0,展鹏科技,2020-12-31,2020.0,407034946.15,江苏省,
12401,603489.0,八方股份,2020-12-31,2020.0,1397194255.18,江苏省,
12402,603507.0,振江股份,2020-12-31,2020.0,1931352189.04,江苏省,
12403,603519.0,立霸股份,2020-12-31,2020.0,1298949683.42,江苏省,
12404,603528.0,多伦科技,2020-12-31,2020.0,635621702.58,江苏省,
12405,603530.0,神马电力,2020-12-31,2020.0,662973845.22,江苏省,
12406,603660.0,苏州科达,2020-12-31,2020.0,2353776495.79,江苏省,
12407,603666.0,亿嘉和,2020-12-31,2020.0,1005607702.74,江苏省,
12408,603688.0,石英股份,2020-12-31,2020.0,645566605.15,江苏省,
12409,603693.0,江苏新能,2020-12-31,2020.0,1546722242.92,江苏省,
12410,603699.0,纽威股份,2020-12-31,2020.0,3632231615.17,江苏省,
12411,603707.0,健友股份,2020-12-31,2020.0,2914880930.5,江苏省,
12412,603800.0,道森股份,2020-12-31,2020.0,847683914.13,江苏省,
12413,603819.0,神力股份,2020-12-31,2020.0,941074428.71,江苏省,
12414,603829.0,洛凯股份,2020-12-31,2020.0,879563152.73,江苏省,
12415,603876.0,鼎胜新材,2020-12-31,2020.0,12426553866.08,江苏省,
12416,603880.0,南卫股份,2020-12-31,2020.0,1072399917.76,江苏省,
12417,603890.0,春秋电子,2020-12-31,2020.0,3581699455.48,江苏省,
12418,603912.0,佳力图,2020-12-31,2020.0,625259372.1,江苏省,
12419,603915.0,国茂股份,2020-12-31,2020.0,2184076489.85,江苏省,
12420,603966.0,法兰泰克,2020-12-31,2020.0,1260843805.25,江苏省,
12421,603988.0,中电电机,2020-12-31,2020.0,856405784.42,江苏省,
12422,605058.0,澳弘电子,2020-12-31,2020.0,882229516.5,江苏省,
12423,605111.0,新洁能,2020-12-31,2020.0,954988968.12,江苏省,
12424,605218.0,伟时电子,2020-12-31,2020.0,1101607723.36,江苏省,
12425,605258.0,协和电子,2020-12-31,2020.0,615831696.58,江苏省,
12426,605286.0,同力日升,2020-12-31,2020.0,1749210357.6,江苏省,
12427,605288.0,凯迪股份,2020-12-31,2020.0,1271935745.04,江苏省,
12428,605389.0,长龄液压,2020-12-31,2020.0,867075361.06,江苏省,
12429,688001.0,华兴源创,2020-12-31,2020.0,1677496403.68,江苏省,
12430,688003.0,天准科技,2020-12-31,2020.0,964110234.89,江苏省,
12431,688013.0,天臣医疗,2020-12-31,2020.0,163344281.22,江苏省,
12432,688017.0,绿的谐波,2020-12-31,2020.0,216512126.89,江苏省,
12433,688022.0,瀚川智能,2020-12-31,2020.0,603138410.0,江苏省,
12434,688029.0,南微医学,2020-12-31,2020.0,1326405645.47,江苏省,
12435,688055.0,龙腾光电,2020-12-31,2020.0,4382567744.07,江苏省,
12436,688093.0,世华科技,2020-12-31,2020.0,328956028.66,江苏省,
12437,688096.0,京源环保,2020-12-31,2020.0,351790744.89,江苏省,
12438,688166.0,博瑞医药,2020-12-31,2020.0,785382728.73,江苏省,
12439,688218.0,江苏北人,2020-12-31,2020.0,472872171.43,江苏省,
12440,688221.0,前沿生物,2020-12-31,2020.0,46622752.99,江苏省,
12441,688266.0,泽璟制药,2020-12-31,2020.0,27660909.3,江苏省,
12442,688286.0,敏芯股份,2020-12-31,2020.0,330074706.48,江苏省,
12443,688300.0,联瑞新材,2020-12-31,2020.0,404203405.8,江苏省,
12444,688329.0,艾隆科技,2020-12-31,2020.0,309979146.84,江苏省,
12445,688358.0,祥生医疗,2020-12-31,2020.0,333092749.95,江苏省,
12446,688377.0,迪威尔,2020-12-31,2020.0,708103710.26,江苏省,
12447,688390.0,固德威,2020-12-31,2020.0,1589084062.93,江苏省,
12448,688399.0,硕世生物,2020-12-31,2020.0,1739680701.97,江苏省,
12449,688408.0,中信博,2020-12-31,2020.0,3128604673.41,江苏省,
12450,688516.0,奥特维,2020-12-31,2020.0,1143873113.08,江苏省,
12451,688558.0,国盛智科,2020-12-31,2020.0,735609509.26,江苏省,
12452,688566.0,吉贝尔,2020-12-31,2020.0,565973500.28,江苏省,
12453,688580.0,伟思医疗,2020-12-31,2020.0,378367273.31,江苏省,
12454,688599.0,天合光能,2020-12-31,2020.0,29417973429.28,江苏省,
12455,688607.0,康众医疗,2020-12-31,2020.0,339220790.01,江苏省,
12456,688633.0,星球石墨,2020-12-31,2020.0,559568407.11,江苏省,
12457,688656.0,浩欧博,2020-12-31,2020.0,221856888.74,江苏省,
12458,688678.0,福立旺,2020-12-31,2020.0,516950211.02,江苏省,
12459,688689.0,银河微电,2020-12-31,2020.0,610235005.07,江苏省,
12460,688698.0,伟创电气,2020-12-31,2020.0,572230257.9,江苏省,
12461,830946.0,森萱医药,2020-12-31,2020.0,545312253.83,江苏省,
12462,831641.0,格利尔,2020-12-31,2020.0,371885801.72,江苏省,
12463,832278.0,鹿得医疗,2020-12-31,2020.0,415375455.49,江苏省,
12464,832662.0,方盛股份,2020-12-31,2020.0,207580969.99,江苏省,
12465,832735.0,德源药业,2020-12-31,2020.0,396602667.36,江苏省,
12466,832802.0,保丽洁,2020-12-31,2020.0,181914225.03,江苏省,
12467,833509.0,同惠电子,2020-12-31,2020.0,100357874.97,江苏省,
12468,833914.0,远航精密,2020-12-31,2020.0,569972138.95,江苏省,
12469,834014.0,特瑞斯,2020-12-31,2020.0,494018068.57,江苏省,
12470,834950.0,迅安科技,2020-12-31,2020.0,177048184.71,江苏省,
12471,836149.0,旭杰科技,2020-12-31,2020.0,349305773.88,江苏省,
12472,837046.0,亿能电力,2020-12-31,2020.0,167588612.41,江苏省,
12473,839167.0,同享科技,2020-12-31,2020.0,624832620.95,江苏省,
12474,870299.0,灿能电力,2020-12-31,2020.0,81812842.68,江苏省,
12475,871245.0,威博液压,2020-12-31,2020.0,218167526.92,江苏省,
12476,871396.0,常辅股份,2020-12-31,2020.0,232210495.75,江苏省,
12477,873339.0,恒太照明,2020-12-31,2020.0,496443467.63,江苏省,
12478,873593.0,鼎智科技,2020-12-31,2020.0,131226471.28,江苏省,
12479,,,,,870564636368.88,江苏省 汇总,
12480,404.0,长虹华意,2020-12-31,2020.0,10452989086.51,江西省,
12481,650.0,仁和药业,2020-12-31,2020.0,4106104187.58,江西省,
12482,789.0,万年青,2020-12-31,2020.0,12529016827.43,江西省,
12483,899.0,赣能股份,2020-12-31,2020.0,2677189520.85,江西省,
12484,2176.0,*ST 江特,2020-12-31,2020.0,1843984808.01,江西省,
12485,2378.0,章源钨业,2020-12-31,2020.0,1931225157.35,江西省,
12486,2460.0,赣锋锂业,2020-12-31,2020.0,5523986077.27,江西省,
12487,300066.0,三川智慧,2020-12-31,2020.0,938315740.64,江西省,
12488,300095.0,华伍股份,2020-12-31,2020.0,1314830576.18,江西省,
12489,300294.0,博雅生物,2020-12-31,2020.0,2513038687.41,江西省,
12490,300453.0,三鑫医疗,2020-12-31,2020.0,940385589.06,江西省,
12491,300497.0,富祥药业,2020-12-31,2020.0,1492952990.67,江西省,
12492,300636.0,同和药业,2020-12-31,2020.0,435420102.66,江西省,
12493,300748.0,金力永磁,2020-12-31,2020.0,2417345831.19,江西省,
12494,300787.0,海能实业,2020-12-31,2020.0,1565780291.24,江西省,
12495,300818.0,耐普矿机,2020-12-31,2020.0,368147995.04,江西省,
12496,600071.0,凤凰光学,2020-12-31,2020.0,1272676809.87,江西省,
12497,600362.0,江西铜业,2020-12-31,2020.0,318563174838.0,江西省,
12498,600363.0,联创光电,2020-12-31,2020.0,3826689283.64,江西省,
12499,600461.0,洪城水业,2020-12-31,2020.0,6601164525.8,江西省,
12500,600590.0,泰豪科技,2020-12-31,2020.0,6044589372.38,江西省,
12501,600750.0,江中药业,2020-12-31,2020.0,2441451789.23,江西省,
12502,601778.0,晶科科技,2020-12-31,2020.0,3587511363.92,江西省,
12503,603773.0,沃格光电,2020-12-31,2020.0,604157536.52,江西省,
12504,688567.0,孚能科技,2020-12-31,2020.0,1119652306.75,江西省,
12505,873167.0,新赣江,2020-12-31,2020.0,182644145.47,江西省,
12506,,,,,395294425440.67,江西省 汇总,
12507,688396.0,华润微,2020-12-31,2020.0,6977259188.03,开曼群岛,
12508,688981.0,中芯国际,2020-12-31,2020.0,27470709000.0,开曼群岛,
12509,689009.0,九号公司,2020-12-31,2020.0,6002741374.91,开曼群岛,
12510,,,,,40450709562.94,开曼群岛 汇总,
12511,410.0,*ST 沈机,2020-12-31,2020.0,1343137453.56,辽宁省,
12512,530.0,冰山冷热,2020-12-31,2020.0,1727267935.15,辽宁省,
12513,585.0,*ST 东电,2020-12-31,2020.0,79990887.34,辽宁省,
12514,597.0,东北制药,2020-12-31,2020.0,7384354375.59,辽宁省,
12515,633.0,合金投资,2020-12-31,2020.0,131431254.34,辽宁省,
12516,692.0,惠天热电,2020-12-31,2020.0,1893801466.8,辽宁省,
12517,751.0,锌业股份,2020-12-31,2020.0,6808634360.03,辽宁省,
12518,2204.0,大连重工,2020-12-31,2020.0,8161909617.08,辽宁省,
12519,2231.0,奥维通信,2020-12-31,2020.0,278501264.21,辽宁省,
12520,2606.0,大连电瓷,2020-12-31,2020.0,869660280.91,辽宁省,
12521,2667.0,鞍重股份,2020-12-31,2020.0,290153380.58,辽宁省,
12522,2689.0,远大智能,2020-12-31,2020.0,848988269.15,辽宁省,
12523,2952.0,亚世光电,2020-12-31,2020.0,464285227.44,辽宁省,
12524,200706.0,瓦轴B,2020-12-31,2020.0,1859176415.58,辽宁省,
12525,300024.0,机器人,2020-12-31,2020.0,2659636080.48,辽宁省,
12526,300097.0,智云股份,2020-12-31,2020.0,1187325841.62,辽宁省,
12527,300125.0,聆达股份,2020-12-31,2020.0,282327984.92,辽宁省,
12528,300202.0,聚龙股份,2020-12-31,2020.0,565862626.19,辽宁省,
12529,300210.0,森远股份,2020-12-31,2020.0,380427835.95,辽宁省,
12530,300293.0,蓝英装备,2020-12-31,2020.0,1156196143.95,辽宁省,
12531,300473.0,德尔股份,2020-12-31,2020.0,3386292919.88,辽宁省,
12532,300573.0,兴齐眼药,2020-12-31,2020.0,688682125.8,辽宁省,
12533,600167.0,联美控股,2020-12-31,2020.0,3598009405.52,辽宁省,
12534,600241.0,*ST 时万,2020-12-31,2020.0,515890198.71,辽宁省,
12535,600346.0,恒力石化,2020-12-31,2020.0,152373395747.26,辽宁省,
12536,600396.0,金山股份,2020-12-31,2020.0,7286516130.81,辽宁省,
12537,600719.0,大连热电,2020-12-31,2020.0,674242612.3,辽宁省,
12538,600795.0,国电电力,2020-12-31,2020.0,116421161443.09,辽宁省,
12539,603315.0,福鞍股份,2020-12-31,2020.0,886248508.71,辽宁省,
12540,603318.0,派思股份,2020-12-31,2020.0,1021474825.88,辽宁省,
12541,603396.0,金辰股份,2020-12-31,2020.0,1060752735.27,辽宁省,
12542,603399.0,吉翔股份,2020-12-31,2020.0,2290284503.84,辽宁省,
12543,688037.0,芯源微,2020-12-31,2020.0,328900200.07,辽宁省,
12544,688233.0,神工股份,2020-12-31,2020.0,192097477.36,辽宁省,
12545,688529.0,豪森股份,2020-12-31,2020.0,1036543748.6,辽宁省,
12546,835368.0,连城数控,2020-12-31,2020.0,1854999078.62,辽宁省,
12547,838810.0,春光药装,2020-12-31,2020.0,102587516.12,辽宁省,
12548,839792.0,东和新材,2020-12-31,2020.0,515820904.04,辽宁省,
12549,,,,,332606968782.75,辽宁省 汇总,
12550,2688.0,金河生物,2020-12-31,2020.0,1814638965.54,内蒙古自治区,
12551,300049.0,福瑞股份,2020-12-31,2020.0,807532608.2,内蒙古自治区,
12552,300239.0,东宝生物,2020-12-31,2020.0,448827791.89,内蒙古自治区,
12553,600111.0,北方稀土,2020-12-31,2020.0,21245925390.98,内蒙古自治区,
12554,600201.0,生物股份,2020-12-31,2020.0,1581905632.48,内蒙古自治区,
12555,600262.0,北方股份,2020-12-31,2020.0,1388383103.51,内蒙古自治区,
12556,600863.0,内蒙华电,2020-12-31,2020.0,15360550807.48,内蒙古自治区,
12557,836433.0,大唐药业,2020-12-31,2020.0,217899726.83,内蒙古自治区,
12558,,,,,42865664026.91,内蒙古自治区 汇总,
12559,595.0,*ST 宝实,2020-12-31,2020.0,204908810.9,宁夏回族自治区,
12560,862.0,银星能源,2020-12-31,2020.0,1201865887.77,宁夏回族自治区,
12561,962.0,东方钽业,2020-12-31,2020.0,676442241.91,宁夏回族自治区,
12562,2457.0,青龙管业,2020-12-31,2020.0,2060858536.71,宁夏回族自治区,
12563,600449.0,宁夏建材,2020-12-31,2020.0,5109674273.64,宁夏回族自治区,
12564,601619.0,嘉泽新能,2020-12-31,2020.0,1011659256.02,宁夏回族自治区,
12565,831010.0,凯添燃气,2020-12-31,2020.0,385687631.94,宁夏回族自治区,
12566,,,,,10651096638.89,宁夏回族自治区 汇总,
12567,600243.0,*ST 海华,2020-12-31,2020.0,636706166.24,青海省,
12568,600771.0,广誉远,2020-12-31,2020.0,1087837618.83,青海省,
12569,600869.0,智慧能源,2020-12-31,2020.0,19804088011.78,青海省,
12570,,,,,21528631796.85,青海省 汇总,
12571,407.0,胜利股份,2020-12-31,2020.0,4596360862.81,山东省,
12572,423.0,东阿阿胶,2020-12-31,2020.0,3409437164.01,山东省,
12573,677.0,恒天海龙,2020-12-31,2020.0,680252665.05,山东省,
12574,680.0,山推股份,2020-12-31,2020.0,7098162031.02,山东省,
12575,739.0,普洛药业,2020-12-31,2020.0,7879672743.47,山东省,
12576,756.0,新华制药,2020-12-31,2020.0,6005586643.46,山东省,
12577,811.0,冰轮环境,2020-12-31,2020.0,4043550073.62,山东省,
12578,880.0,潍柴重机,2020-12-31,2020.0,3308471104.76,山东省,
12579,915.0,山大华特,2020-12-31,2020.0,1821033958.04,山东省,
12580,977.0,浪潮信息,2020-12-31,2020.0,63037990367.04,山东省,
12581,2073.0,软控股份,2020-12-31,2020.0,3082064914.95,山东省,
12582,2088.0,鲁阳节能,2020-12-31,2020.0,2325686118.59,山东省,
12583,2107.0,沃华医药,2020-12-31,2020.0,1006081515.18,山东省,
12584,2111.0,威海广泰,2020-12-31,2020.0,2964983883.49,山东省,
12585,2217.0,合力泰,2020-12-31,2020.0,17152888154.88,山东省,
12586,2237.0,恒邦股份,2020-12-31,2020.0,36053110407.67,山东省,
12587,2241.0,歌尔股份,2020-12-31,2020.0,57742742893.96,山东省,
12588,2242.0,九阳股份,2020-12-31,2020.0,11223747609.01,山东省,
12589,2248.0,华东数控,2020-12-31,2020.0,210013902.52,山东省,
12590,2254.0,泰和新材,2020-12-31,2020.0,2441165340.18,山东省,
12591,2270.0,华明装备,2020-12-31,2020.0,1368241877.85,山东省,
12592,2339.0,积成电子,2020-12-31,2020.0,2084971132.93,山东省,
12593,2353.0,杰瑞股份,2020-12-31,2020.0,8294957104.87,山东省,
12594,2376.0,新北洋,2020-12-31,2020.0,2395931932.34,山东省,
12595,2379.0,宏创控股,2020-12-31,2020.0,2367054171.66,山东省,
12596,2382.0,蓝帆医疗,2020-12-31,2020.0,7869425144.32,山东省,
12597,2490.0,山东墨龙,2020-12-31,2020.0,3009719029.66,山东省,
12598,2498.0,汉缆股份,2020-12-31,2020.0,6951768704.68,山东省,
12599,2526.0,山东矿机,2020-12-31,2020.0,2090184135.39,山东省,
12600,2537.0,海联金汇,2020-12-31,2020.0,6323989698.92,山东省,
12601,2580.0,圣阳股份,2020-12-31,2020.0,1761288768.66,山东省,
12602,2581.0,未名医药,2020-12-31,2020.0,276830417.57,山东省,
12603,2595.0,豪迈科技,2020-12-31,2020.0,5294480426.3,山东省,
12604,2598.0,山东章鼓,2020-12-31,2020.0,1128990093.73,山东省,
12605,2655.0,共达电声,2020-12-31,2020.0,1180095857.95,山东省,
12606,2671.0,龙泉股份,2020-12-31,2020.0,836771454.77,山东省,
12607,2675.0,东诚药业,2020-12-31,2020.0,3418977548.62,山东省,
12608,2871.0,伟隆股份,2020-12-31,2020.0,344590024.63,山东省,
12609,2890.0,弘宇股份,2020-12-31,2020.0,406275564.89,山东省,
12610,3033.0,征和工业,2020-12-31,2020.0,977454462.97,山东省,
12611,300001.0,特锐德,2020-12-31,2020.0,7464200010.2,山东省,
12612,300099.0,精准信息,2020-12-31,2020.0,537135315.83,山东省,
12613,300105.0,龙源技术,2020-12-31,2020.0,458294143.63,山东省,
12614,300110.0,华仁药业,2020-12-31,2020.0,1316592238.01,山东省,
12615,300185.0,通裕重工,2020-12-31,2020.0,5687670426.4,山东省,
12616,300208.0,青岛中程,2020-12-31,2020.0,289490339.27,山东省,
12617,300224.0,正海磁材,2020-12-31,2020.0,1953940304.87,山东省,
12618,300233.0,金城医药,2020-12-31,2020.0,2961935834.22,山东省,
12619,300308.0,中际旭创,2020-12-31,2020.0,7049590125.44,山东省,
12620,300391.0,康跃科技,2020-12-31,2020.0,1214503960.24,山东省,
12621,300423.0,昇辉科技,2020-12-31,2020.0,4194302790.49,山东省,
12622,300443.0,金雷股份,2020-12-31,2020.0,1476556394.27,山东省,
12623,300479.0,神思电子,2020-12-31,2020.0,375594359.65,山东省,
12624,300569.0,天能重工,2020-12-31,2020.0,3424874350.86,山东省,
12625,300583.0,赛托生物,2020-12-31,2020.0,913187604.3,山东省,
12626,300653.0,正海生物,2020-12-31,2020.0,293281582.66,山东省,
12627,300690.0,双一科技,2020-12-31,2020.0,1391961973.95,山东省,
12628,300699.0,光威复材,2020-12-31,2020.0,2115519045.29,山东省,
12629,300786.0,国林科技,2020-12-31,2020.0,401578784.24,山东省,
12630,300950.0,德固特,2020-12-31,2020.0,250530548.52,山东省,
12631,430476.0,海能技术,2020-12-31,2020.0,210059789.08,山东省,
12632,600027.0,华电国际,2020-12-31,2020.0,90744016000.0,山东省,
12633,600060.0,海信视像,2020-12-31,2020.0,39314718113.16,山东省,
12634,600219.0,南山铝业,2020-12-31,2020.0,22298992578.49,山东省,
12635,600336.0,澳柯玛,2020-12-31,2020.0,7059238130.66,山东省,
12636,600385.0,ST 金泰,2020-12-31,2020.0,49101201.73,山东省,
12637,600529.0,山东药玻,2020-12-31,2020.0,3427069472.85,山东省,
12638,600579.0,克劳斯,2020-12-31,2020.0,9816392579.96,山东省,
12639,600586.0,金晶科技,2020-12-31,2020.0,4884040650.42,山东省,
12640,600587.0,新华医疗,2020-12-31,2020.0,9150960410.8,山东省,
12641,600690.0,海尔智家,2020-12-31,2020.0,209725821099.44,山东省,
12642,600789.0,鲁抗医药,2020-12-31,2020.0,4205109097.87,山东省,
12643,600898.0,*ST 美讯,2020-12-31,2020.0,939742767.0,山东省,
12644,603021.0,山东华鹏,2020-12-31,2020.0,997643600.69,山东省,
12645,603029.0,天鹅股份,2020-12-31,2020.0,448041639.17,山东省,
12646,603187.0,海容冷链,2020-12-31,2020.0,1890489147.79,山东省,
12647,603279.0,景津环保,2020-12-31,2020.0,3329297918.41,山东省,
12648,603367.0,辰欣药业,2020-12-31,2020.0,3674158475.21,山东省,
12649,603612.0,索通发展,2020-12-31,2020.0,5850837028.38,山东省,
12650,603638.0,艾迪精密,2020-12-31,2020.0,2255624478.24,山东省,
12651,603858.0,步长制药,2020-12-31,2020.0,16006714339.12,山东省,
12652,605006.0,山东玻纤,2020-12-31,2020.0,1995853053.62,山东省,
12653,605100.0,华丰股份,2020-12-31,2020.0,1591818233.64,山东省,
12654,688002.0,睿创微纳,2020-12-31,2020.0,1561442486.9,山东省,
12655,688021.0,奥福环保,2020-12-31,2020.0,314146544.04,山东省,
12656,688136.0,科兴制药,2020-12-31,2020.0,1220289989.43,山东省,
12657,688139.0,海尔生物,2020-12-31,2020.0,1402028951.8,山东省,
12658,688309.0,恒誉环保,2020-12-31,2020.0,174589275.59,山东省,
12659,688363.0,华熙生物,2020-12-31,2020.0,2632733956.17,山东省,
12660,688556.0,高测股份,2020-12-31,2020.0,746097434.36,山东省,
12661,688557.0,兰剑智能,2020-12-31,2020.0,451802458.71,山东省,
12662,688663.0,新风光,2020-12-31,2020.0,843936802.05,山东省,
12663,688677.0,海泰新光,2020-12-31,2020.0,275197324.95,山东省,
12664,830839.0,万通液压,2020-12-31,2020.0,317889137.69,山东省,
12665,831278.0,泰德股份,2020-12-31,2020.0,218750687.61,山东省,
12666,831689.0,克莱特,2020-12-31,2020.0,284919652.08,山东省,
12667,837212.0,智新电子,2020-12-31,2020.0,361137706.71,山东省,
12668,872190.0,雷神科技,2020-12-31,2020.0,2254295005.26,山东省,
12669,,,,,791160737257.84,山东省 汇总,
12670,403.0,双林生物,2020-12-31,2020.0,1049937691.4,山西省,
12671,767.0,晋控电力,2020-12-31,2020.0,11687528652.08,山西省,
12672,795.0,英洛华,2020-12-31,2020.0,2601229245.1,山西省,
12673,831.0,五矿稀土,2020-12-31,2020.0,1656434558.39,山西省,
12674,300158.0,振东制药,2020-12-31,2020.0,4847833214.47,山西省,
12675,300254.0,仟源医药,2020-12-31,2020.0,848072527.7,山西省,
12676,300486.0,东杰智能,2020-12-31,2020.0,1034515856.31,山西省,
12677,600157.0,*ST 永泰,2020-12-31,2020.0,22144195812.55,山西省,
12678,600169.0,太原重工,2020-12-31,2020.0,8610886342.52,山西省,
12679,600234.0,ST 山水,2020-12-31,2020.0,1114526931.94,山西省,
12680,600281.0,太化股份,2020-12-31,2020.0,388671630.79,山西省,
12681,600351.0,亚宝药业,2020-12-31,2020.0,2602423106.49,山西省,
12682,600392.0,盛和资源,2020-12-31,2020.0,8157251595.28,山西省,
12683,600780.0,通宝能源,2020-12-31,2020.0,6942296072.81,山西省,
12684,,,,,73685803237.83,山西省 汇总,
12685,561.0,烽火电子,2020-12-31,2020.0,1387331597.75,陕西省,
12686,837.0,*ST 秦机,2020-12-31,2020.0,4095082562.66,陕西省,
12687,2149.0,西部材料,2020-12-31,2020.0,2029344039.81,陕西省,
12688,2267.0,陕天然气,2020-12-31,2020.0,8195788686.41,陕西省,
12689,2864.0,盘龙药业,2020-12-31,2020.0,670312981.62,陕西省,
12690,300023.0,宝德股份,2020-12-31,2020.0,32644695.06,陕西省,
12691,300114.0,中航电测,2020-12-31,2020.0,1759918751.88,陕西省,
12692,300116.0,保力新,2020-12-31,2020.0,140504993.97,陕西省,
12693,300140.0,中环装备,2020-12-31,2020.0,1883579282.72,陕西省,
12694,300397.0,天和防务,2020-12-31,2020.0,1222639512.74,陕西省,
12695,300581.0,晨曦航空,2020-12-31,2020.0,270757745.01,陕西省,
12696,300831.0,派瑞股份,2020-12-31,2020.0,121534652.54,陕西省,
12697,300861.0,美畅股份,2020-12-31,2020.0,1205320762.44,陕西省,
12698,600080.0,ST 金花,2020-12-31,2020.0,668180334.76,陕西省,
12699,600302.0,标准股份,2020-12-31,2020.0,1119210201.43,陕西省,
12700,600343.0,航天动力,2020-12-31,2020.0,1166848125.78,陕西省,
12701,600379.0,宝光股份,2020-12-31,2020.0,902078704.42,陕西省,
12702,600456.0,宝钛股份,2020-12-31,2020.0,4337699383.28,陕西省,
12703,600707.0,彩虹股份,2020-12-31,2020.0,10447976418.03,陕西省,
12704,600817.0,ST 宏盛,2020-12-31,2020.0,3484230090.98,陕西省,
12705,600984.0,建设机械,2020-12-31,2020.0,4001242008.61,陕西省,
12706,601012.0,隆基股份,2020-12-31,2020.0,54583183588.46,陕西省,
12707,601179.0,中国西电,2020-12-31,2020.0,15802029732.03,陕西省,
12708,601369.0,陕鼓动力,2020-12-31,2020.0,8064929035.08,陕西省,
12709,603139.0,康惠制药,2020-12-31,2020.0,414071702.69,陕西省,
12710,688101.0,三达膜,2020-12-31,2020.0,876447101.03,陕西省,
12711,688122.0,西部超导,2020-12-31,2020.0,2112832970.78,陕西省,
12712,688333.0,铂力特,2020-12-31,2020.0,412168053.84,陕西省,
12713,834599.0,同力股份,2020-12-31,2020.0,2737449297.82,陕西省,
12714,835640.0,富士达,2020-12-31,2020.0,541378865.32,陕西省,
12715,,,,,134686715878.95,陕西省 汇总,
12716,2022.0,科华生物,2020-12-31,2020.0,4155428846.74,上海市,
12717,2028.0,思源电气,2020-12-31,2020.0,7372519863.93,上海市,
12718,2058.0,威尔泰,2020-12-31,2020.0,82323296.31,上海市,
12719,2158.0,汉钟精机,2020-12-31,2020.0,2272208133.84,上海市,
12720,2162.0,悦心健康,2020-12-31,2020.0,1194703084.49,上海市,
12721,2184.0,海得控制,2020-12-31,2020.0,2265534587.36,上海市,
12722,2252.0,上海莱士,2020-12-31,2020.0,2761682036.39,上海市,
12723,2278.0,神开股份,2020-12-31,2020.0,726160599.32,上海市,
12724,2346.0,柘中股份,2020-12-31,2020.0,604422154.87,上海市,
12725,2451.0,摩恩电气,2020-12-31,2020.0,454271984.6,上海市,
12726,2506.0,协鑫集成,2020-12-31,2020.0,5956766051.53,上海市,
12727,2527.0,新时达,2020-12-31,2020.0,3957063457.75,上海市,
12728,2636.0,金安国纪,2020-12-31,2020.0,3606803986.71,上海市,
12729,2706.0,良信股份,2020-12-31,2020.0,3016563222.31,上海市,
12730,300039.0,上海凯宝,2020-12-31,2020.0,908008861.43,上海市,
12731,300126.0,锐奇股份,2020-12-31,2020.0,429186076.4,上海市,
12732,300129.0,泰胜风能,2020-12-31,2020.0,3603968481.77,上海市,
12733,300153.0,科泰电源,2020-12-31,2020.0,702130777.96,上海市,
12734,300171.0,东富龙,2020-12-31,2020.0,2707688162.29,上海市,
12735,300222.0,科大智能,2020-12-31,2020.0,2738452917.91,上海市,
12736,300272.0,开能健康,2020-12-31,2020.0,1181121636.37,上海市,
12737,300286.0,安科瑞,2020-12-31,2020.0,718747942.92,上海市,
12738,300326.0,凯利泰,2020-12-31,2020.0,1061574380.03,上海市,
12739,300327.0,中颖电子,2020-12-31,2020.0,1012256028.41,上海市,
12740,300442.0,普丽盛,2020-12-31,2020.0,459494012.53,上海市,
12741,300462.0,华铭智能,2020-12-31,2020.0,1249773571.27,上海市,
12742,300501.0,海顺新材,2020-12-31,2020.0,713784961.63,上海市,
12743,300551.0,古鳌科技,2020-12-31,2020.0,292072800.75,上海市,
12744,300590.0,移为通信,2020-12-31,2020.0,472677180.93,上海市,
12745,300627.0,华测导航,2020-12-31,2020.0,1409525873.17,上海市,
12746,300642.0,透景生命,2020-12-31,2020.0,489580919.53,上海市,
12747,300762.0,上海瀚讯,2020-12-31,2020.0,640864104.72,上海市,
12748,300802.0,矩子科技,2020-12-31,2020.0,482255875.74,上海市,
12749,300963.0,中洲特材,2020-12-31,2020.0,600278421.26,上海市,
12750,430139.0,华岭股份,2020-12-31,2020.0,191685348.25,上海市,
12751,430300.0,辰光医疗,2020-12-31,2020.0,142464730.29,上海市,
12752,600021.0,上海电力,2020-12-31,2020.0,24202837810.41,上海市,
12753,600151.0,航天机电,2020-12-31,2020.0,6093302324.46,上海市,
12754,600171.0,上海贝岭,2020-12-31,2020.0,1332205745.67,上海市,
12755,600196.0,复星医药,2020-12-31,2020.0,30306981264.17,上海市,
12756,600320.0,振华重工,2020-12-31,2020.0,22655141652.0,上海市,
12757,600420.0,现代制药,2020-12-31,2020.0,12556281595.67,上海市,
12758,600490.0,鹏欣资源,2020-12-31,2020.0,8714332197.6,上海市,
12759,600530.0,*ST 交昂,2020-12-31,2020.0,342986749.96,上海市,
12760,600601.0,方正科技,2020-12-31,2020.0,5972546390.58,上海市,
12761,600613.0,神奇制药,2020-12-31,2020.0,1819006691.26,上海市,
12762,600617.0,国新能源,2020-12-31,2020.0,10353839741.64,上海市,
12763,600619.0,海立股份,2020-12-31,2020.0,11072523482.86,上海市,
12764,600624.0,复旦复华,2020-12-31,2020.0,940327546.92,上海市,
12765,600635.0,大众公用,2020-12-31,2020.0,4783236756.44,上海市,
12766,600642.0,申能股份,2020-12-31,2020.0,19708858717.41,上海市,
12767,600651.0,*ST 飞乐,2020-12-31,2020.0,4433482129.7,上海市,
12768,600732.0,爱旭股份,2020-12-31,2020.0,9663743812.91,上海市,
12769,600781.0,*ST 辅仁,2020-12-31,2020.0,2890517585.12,上海市,
12770,600819.0,耀皮玻璃,2020-12-31,2020.0,4084692751.44,上海市,
12771,600835.0,上海机电,2020-12-31,2020.0,23394105805.46,上海市,
12772,600841.0,上柴股份,2020-12-31,2020.0,6131471489.36,上海市,
12773,600843.0,上工申贝,2020-12-31,2020.0,3064612576.56,上海市,
12774,600851.0,海欣股份,2020-12-31,2020.0,932727985.27,上海市,
12775,601231.0,环旭电子,2020-12-31,2020.0,47696228222.53,上海市,
12776,601616.0,广电电气,2020-12-31,2020.0,1038304415.31,上海市,
12777,601702.0,华峰铝业,2020-12-31,2020.0,4066889853.78,上海市,
12778,601727.0,上海电气,2020-12-31,2020.0,136540320000.0,上海市,
12779,603012.0,创力集团,2020-12-31,2020.0,2287244011.59,上海市,
12780,603068.0,博通集成,2020-12-31,2020.0,808699708.22,上海市,
12781,603083.0,剑桥科技,2020-12-31,2020.0,2708835610.62,上海市,
12782,603131.0,上海沪工,2020-12-31,2020.0,1085842062.4,上海市,
12783,603159.0,上海亚虹,2020-12-31,2020.0,591950765.79,上海市,
12784,603236.0,移远通信,2020-12-31,2020.0,6105779381.15,上海市,
12785,603256.0,宏和科技,2020-12-31,2020.0,620574333.68,上海市,
12786,603496.0,恒为科技,2020-12-31,2020.0,533124549.14,上海市,
12787,603501.0,韦尔股份,2020-12-31,2020.0,19823965431.66,上海市,
12788,603515.0,欧普照明,2020-12-31,2020.0,7969732718.12,上海市,
12789,603579.0,荣泰健康,2020-12-31,2020.0,2020516424.11,上海市,
12790,603633.0,徕木股份,2020-12-31,2020.0,529450282.53,上海市,
12791,603659.0,璞泰来,2020-12-31,2020.0,5280674058.78,上海市,
12792,603690.0,至纯科技,2020-12-31,2020.0,1397056129.25,上海市,
12793,603718.0,海利生物,2020-12-31,2020.0,259128542.31,上海市,
12794,603728.0,鸣志电器,2020-12-31,2020.0,2212835491.07,上海市,
12795,603855.0,华荣股份,2020-12-31,2020.0,2282712179.03,上海市,
12796,603868.0,飞科电器,2020-12-31,2020.0,3567881031.09,上海市,
12797,603895.0,天永智能,2020-12-31,2020.0,506892838.44,上海市,
12798,603956.0,威派格,2020-12-31,2020.0,1002234628.72,上海市,
12799,603960.0,克来机电,2020-12-31,2020.0,766142805.45,上海市,
12800,603987.0,康德莱,2020-12-31,2020.0,2645382000.33,上海市,
12801,605186.0,健麾信息,2020-12-31,2020.0,286806988.65,上海市,
12802,605208.0,永茂泰,2020-12-31,2020.0,2696218121.87,上海市,
12803,605222.0,起帆电缆,2020-12-31,2020.0,9735867712.21,上海市,
12804,688008.0,澜起科技,2020-12-31,2020.0,1823665555.45,上海市,
12805,688012.0,中微公司,2020-12-31,2020.0,2273291898.06,上海市,
12806,688016.0,心脉医疗,2020-12-31,2020.0,470252334.82,上海市,
12807,688019.0,安集科技,2020-12-31,2020.0,422379914.28,上海市,
12808,688063.0,派能科技,2020-12-31,2020.0,1120070051.43,上海市,
12809,688065.0,凯赛生物,2020-12-31,2020.0,1497191402.04,上海市,
12810,688085.0,三友医疗,2020-12-31,2020.0,390432505.51,上海市,
12811,688098.0,申联生物,2020-12-31,2020.0,337732400.53,上海市,
12812,688123.0,聚辰股份,2020-12-31,2020.0,493852065.62,上海市,
12813,688126.0,沪硅产业,2020-12-31,2020.0,1811277801.53,上海市,
12814,688155.0,先惠技术,2020-12-31,2020.0,502352353.2,上海市,
12815,688160.0,步科股份,2020-12-31,2020.0,434089679.25,上海市,
12816,688180.0,君实生物,2020-12-31,2020.0,1594896563.71,上海市,
12817,688301.0,奕瑞科技,2020-12-31,2020.0,784080657.87,上海市,
12818,688317.0,之江生物,2020-12-31,2020.0,2052141874.39,上海市,
12819,688330.0,宏力达,2020-12-31,2020.0,908519852.29,上海市,
12820,688335.0,复洁环保,2020-12-31,2020.0,375761413.32,上海市,
12821,688336.0,三生国健,2020-12-31,2020.0,655005781.56,上海市,
12822,688366.0,昊海生科,2020-12-31,2020.0,1332427030.95,上海市,
12823,688505.0,复旦张江,2020-12-31,2020.0,833802693.0,上海市,
12824,688519.0,南亚新材,2020-12-31,2020.0,2120681373.8,上海市,
12825,688578.0,艾力斯,2020-12-31,2020.0,560887.1,上海市,
12826,688596.0,正帆科技,2020-12-31,2020.0,1108985484.16,上海市,
12827,688608.0,恒玄科技,2020-12-31,2020.0,1061171127.53,上海市,
12828,831305.0,海希通讯,2020-12-31,2020.0,290284490.1,上海市,
12829,831961.0,创远仪器,2020-12-31,2020.0,304501009.66,上海市,
12830,833346.0,威贸电子,2020-12-31,2020.0,172316672.68,上海市,
12831,836414.0,欧普泰,2020-12-31,2020.0,94223319.14,上海市,
12832,,,,,568417045665.39,上海市 汇总,
12833,155.0,川能动力,2020-12-31,2020.0,1996507806.32,四川省,
12834,584.0,哈工智能,2020-12-31,2020.0,1617874773.03,四川省,
12835,586.0,汇源通信,2020-12-31,2020.0,485105246.04,四川省,
12836,593.0,大通燃气,2020-12-31,2020.0,1275434692.59,四川省,
12837,598.0,兴蓉环境,2020-12-31,2020.0,5370614278.65,四川省,
12838,629.0,攀钢钒钛,2020-12-31,2020.0,10578911804.85,四川省,
12839,790.0,华神科技,2020-12-31,2020.0,759307481.01,四川省,
12840,801.0,四川九洲,2020-12-31,2020.0,3299940240.89,四川省,
12841,810.0,创维数字,2020-12-31,2020.0,8507806781.17,四川省,
12842,935.0,四川双马,2020-12-31,2020.0,1472723613.28,四川省,
12843,2259.0,*ST 升达,2020-12-31,2020.0,958500757.67,四川省,
12844,2272.0,川润股份,2020-12-31,2020.0,1273221877.54,四川省,
12845,2366.0,台海核电,2020-12-31,2020.0,440057718.13,四川省,
12846,2422.0,科伦药业,2020-12-31,2020.0,16464201277.0,四川省,
12847,2466.0,天齐锂业,2020-12-31,2020.0,3239452205.58,四川省,
12848,2480.0,新筑股份,2020-12-31,2020.0,2342101927.85,四川省,
12849,2630.0,华西能源,2020-12-31,2020.0,2207318678.96,四川省,
12850,2651.0,利君股份,2020-12-31,2020.0,818935856.28,四川省,
12851,2773.0,康弘药业,2020-12-31,2020.0,3295430120.05,四川省,
12852,2798.0,帝欧家居,2020-12-31,2020.0,5637039169.02,四川省,
12853,2935.0,天奥电子,2020-12-31,2020.0,916394496.48,四川省,
12854,2977.0,天箭科技,2020-12-31,2020.0,218622306.07,四川省,
12855,3023.0,彩虹集团,2020-12-31,2020.0,1064613524.52,四川省,
12856,300092.0,科新机电,2020-12-31,2020.0,735160831.61,四川省,
12857,300101.0,振芯科技,2020-12-31,2020.0,577177641.22,四川省,
12858,300127.0,银河磁体,2020-12-31,2020.0,604254589.02,四川省,
12859,300362.0,天翔环境,2020-12-31,2020.0,413697396.97,四川省,
12860,300370.0,安控科技,2020-12-31,2020.0,633022000.44,四川省,
12861,300414.0,中光防雷,2020-12-31,2020.0,446444517.51,四川省,
12862,300425.0,中建环能,2020-12-31,2020.0,1242064228.55,四川省,
12863,300434.0,金石亚药,2020-12-31,2020.0,777296370.16,四川省,
12864,300463.0,迈克生物,2020-12-31,2020.0,3703877006.69,四川省,
12865,300470.0,中密控股,2020-12-31,2020.0,924306456.52,四川省,
12866,300471.0,厚普股份,2020-12-31,2020.0,478371179.63,四川省,
12867,300502.0,新易盛,2020-12-31,2020.0,1997937746.27,四川省,
12868,300504.0,天邑股份,2020-12-31,2020.0,1906262709.32,四川省,
12869,300540.0,深冷股份,2020-12-31,2020.0,518723551.37,四川省,
12870,300780.0,德恩精工,2020-12-31,2020.0,451325038.89,四川省,
12871,300820.0,英杰电气,2020-12-31,2020.0,420704838.47,四川省,
12872,300841.0,康华生物,2020-12-31,2020.0,1038636032.5,四川省,
12873,300865.0,大宏立,2020-12-31,2020.0,606807622.62,四川省,
12874,600101.0,明星电力,2020-12-31,2020.0,1668225827.41,四川省,
12875,600331.0,宏达股份,2020-12-31,2020.0,2280777892.06,四川省,
12876,600353.0,旭光电子,2020-12-31,2020.0,902035497.45,四川省,
12877,600505.0,西昌电力,2020-12-31,2020.0,961911069.56,四川省,
12878,600528.0,中铁工业,2020-12-31,2020.0,24291810753.17,四川省,
12879,600644.0,乐山电力,2020-12-31,2020.0,2291204881.07,四川省,
12880,600674.0,川投能源,2020-12-31,2020.0,1031120302.57,四川省,
12881,600678.0,四川金顶,2020-12-31,2020.0,259590285.23,四川省,
12882,600839.0,四川长虹,2020-12-31,2020.0,94448167904.45,四川省,
12883,600875.0,东方电气,2020-12-31,2020.0,36238925547.37,四川省,
12884,600979.0,广安爱众,2020-12-31,2020.0,2269214138.49,四川省,
12885,603053.0,成都燃气,2020-12-31,2020.0,4167991295.15,四川省,
12886,603327.0,福蓉科技,2020-12-31,2020.0,1654163054.35,四川省,
12887,603333.0,尚纬股份,2020-12-31,2020.0,2029698883.28,四川省,
12888,603679.0,华体科技,2020-12-31,2020.0,702362857.54,四川省,
12889,603759.0,海天股份,2020-12-31,2020.0,850316022.2,四川省,
12890,688311.0,盟升电子,2020-12-31,2020.0,423231843.69,四川省,
12891,688513.0,苑东生物,2020-12-31,2020.0,921918474.02,四川省,
12892,688528.0,秦川物联,2020-12-31,2020.0,302084839.1,四川省,
12893,688696.0,极米科技,2020-12-31,2020.0,2827922350.49,四川省,
12894,832566.0,梓橦宫,2020-12-31,2020.0,365435019.34,四川省,
12895,833230.0,欧康医药,2020-12-31,2020.0,191453651.59,四川省,
12896,833781.0,瑞奇智造,2020-12-31,2020.0,157634962.25,四川省,
12897,833943.0,优机股份,2020-12-31,2020.0,566751593.83,四川省,
12898,836239.0,长虹能源,2020-12-31,2020.0,1951977203.38,四川省,
12899,836260.0,中寰股份,2020-12-31,2020.0,188323494.03,四川省,
12900,836675.0,秉扬科技,2020-12-31,2020.0,384465991.96,四川省,
12901,870199.0,倍益康,2020-12-31,2020.0,127637487.63,四川省,
12902,,,,,276172539513.4,四川省 汇总,
12903,836.0,富通鑫茂,2020-12-31,2020.0,1052099971.88,天津市,
12904,2129.0,中环股份,2020-12-31,2020.0,19056776100.59,天津市,
12905,2134.0,天津普林,2020-12-31,2020.0,457891628.98,天津市,
12906,2337.0,赛象科技,2020-12-31,2020.0,357979923.12,天津市,
12907,2393.0,力生制药,2020-12-31,2020.0,1140837555.39,天津市,
12908,2432.0,九安医疗,2020-12-31,2020.0,2008360220.33,天津市,
12909,2821.0,凯莱英,2020-12-31,2020.0,3149689675.8,天津市,
12910,300026.0,红日药业,2020-12-31,2020.0,6488115933.34,天津市,
12911,300119.0,瑞普生物,2020-12-31,2020.0,2000407106.41,天津市,
12912,300120.0,经纬辉开,2020-12-31,2020.0,3115096153.28,天津市,
12913,300195.0,长荣股份,2020-12-31,2020.0,1223495788.7,天津市,
12914,300334.0,津膜科技,2020-12-31,2020.0,502523635.86,天津市,
12915,300407.0,凯发电气,2020-12-31,2020.0,1948167895.94,天津市,
12916,300823.0,建科机械,2020-12-31,2020.0,466178216.38,天津市,
12917,300875.0,捷强装备,2020-12-31,2020.0,268479606.43,天津市,
12918,600329.0,中新药业,2020-12-31,2020.0,6603652015.11,天津市,
12919,600468.0,百利电气,2020-12-31,2020.0,2199461378.93,天津市,
12920,600488.0,天药股份,2020-12-31,2020.0,3116847822.96,天津市,
12921,600535.0,天士力,2020-12-31,2020.0,13576114531.96,天津市,
12922,600821.0,*ST 劝业,2020-12-31,2020.0,1356861473.08,天津市,
12923,600874.0,创业环保,2020-12-31,2020.0,3363874000.0,天津市,
12924,603019.0,中科曙光,2020-12-31,2020.0,10161133761.67,天津市,
12925,603106.0,恒银科技,2020-12-31,2020.0,923743157.54,天津市,
12926,603712.0,七一二,2020-12-31,2020.0,2696095416.32,天津市,
12927,688108.0,赛诺医疗,2020-12-31,2020.0,327419971.68,天津市,
12928,688185.0,康希诺,2020-12-31,2020.0,24890414.09,天津市,
12929,831526.0,凯华材料,2020-12-31,2020.0,102112421.2,天津市,
12930,,,,,87688305776.97,天津市 汇总,
12931,2287.0,奇正藏药,2020-12-31,2020.0,1476213803.54,西藏自治区,
12932,2653.0,海思科,2020-12-31,2020.0,3329599574.66,西藏自治区,
12933,2826.0,易明医药,2020-12-31,2020.0,602619263.55,西藏自治区,
12934,600211.0,西藏药业,2020-12-31,2020.0,1373105105.65,西藏自治区,
12935,600326.0,西藏天路,2020-12-31,2020.0,7076781813.74,西藏自治区,
12936,603669.0,灵康药业,2020-12-31,2020.0,1001002362.94,西藏自治区,
12937,603676.0,卫信康,2020-12-31,2020.0,715666807.59,西藏自治区,
12938,,,,,15574988731.67,西藏自治区 汇总,
12939,813.0,德展健康,2020-12-31,2020.0,962867939.86,新疆维吾尔自治区,
12940,877.0,天山股份,2020-12-31,2020.0,8692271683.34,新疆维吾尔自治区,
12941,2202.0,金风科技,2020-12-31,2020.0,56265105442.18,新疆维吾尔自治区,
12942,2205.0,国统股份,2020-12-31,2020.0,871513771.92,新疆维吾尔自治区,
12943,2302.0,西部建设,2020-12-31,2020.0,23423095659.18,新疆维吾尔自治区,
12944,2700.0,ST 浩源,2020-12-31,2020.0,419032878.93,新疆维吾尔自治区,
12945,600089.0,特变电工,2020-12-31,2020.0,44095319973.44,新疆维吾尔自治区,
12946,600425.0,青松建化,2020-12-31,2020.0,3034645829.15,新疆维吾尔自治区,
12947,600509.0,天富能源,2020-12-31,2020.0,4895779133.13,新疆维吾尔自治区,
12948,600545.0,卓郎智能,2020-12-31,2020.0,4849549000.0,新疆维吾尔自治区,
12949,600888.0,新疆众和,2020-12-31,2020.0,5717109694.39,新疆维吾尔自治区,
12950,603032.0,德新交运,2020-12-31,2020.0,51433972.0,新疆维吾尔自治区,
12951,603080.0,新疆火炬,2020-12-31,2020.0,677324133.2,新疆维吾尔自治区,
12952,603393.0,新天然气,2020-12-31,2020.0,2112295988.64,新疆维吾尔自治区,
12953,603706.0,东方环宇,2020-12-31,2020.0,804633153.87,新疆维吾尔自治区,
12954,605169.0,洪通燃气,2020-12-31,2020.0,797315988.92,新疆维吾尔自治区,
12955,,,,,157669294242.15,新疆维吾尔自治区 汇总,
12956,538.0,云南白药,2020-12-31,2020.0,32742766763.79,云南省,
12957,807.0,云铝股份,2020-12-31,2020.0,29573100815.61,云南省,
12958,878.0,云南铜业,2020-12-31,2020.0,88238513732.57,云南省,
12959,903.0,云内动力,2020-12-31,2020.0,10245641759.2,云南省,
12960,960.0,锡业股份,2020-12-31,2020.0,44795277936.97,云南省,
12961,2114.0,罗平锌电,2020-12-31,2020.0,1722517785.81,云南省,
12962,2428.0,云南锗业,2020-12-31,2020.0,670039629.14,云南省,
12963,2750.0,龙津药业,2020-12-31,2020.0,254026717.66,云南省,
12964,300142.0,沃森生物,2020-12-31,2020.0,2939021219.05,云南省,
12965,600025.0,华能水电,2020-12-31,2020.0,19253374954.83,云南省,
12966,600422.0,昆药集团,2020-12-31,2020.0,7717086935.99,云南省,
12967,600459.0,贵研铂业,2020-12-31,2020.0,28926477766.67,云南省,
12968,600883.0,博闻科技,2020-12-31,2020.0,21534572.06,云南省,
12969,600995.0,文山电力,2020-12-31,2020.0,1881432053.61,云南省,
12970,603963.0,大理药业,2020-12-31,2020.0,213583457.33,云南省,
12971,831152.0,昆工科技,2020-12-31,2020.0,402996147.99,云南省,
12972,833266.0,生物谷,2020-12-31,2020.0,451327788.08,云南省,
12973,,,,,270048720036.36,云南省 汇总,
12974,925.0,众合科技,2020-12-31,2020.0,2926789948.08,浙江省,
12975,2001.0,新和成,2020-12-31,2020.0,10314084354.21,浙江省,
12976,2006.0,精功科技,2020-12-31,2020.0,1069894615.27,浙江省,
12977,2011.0,盾安环境,2020-12-31,2020.0,7380558840.54,浙江省,
12978,2019.0,亿帆医药,2020-12-31,2020.0,5400380581.37,浙江省,
12979,2020.0,京新药业,2020-12-31,2020.0,3258075481.25,浙江省,
12980,2021.0,ST 中捷,2020-12-31,2020.0,525535334.5,浙江省,
12981,2036.0,联创电子,2020-12-31,2020.0,7531942899.28,浙江省,
12982,2050.0,三花智控,2020-12-31,2020.0,12109833368.44,浙江省,
12983,2056.0,横店东磁,2020-12-31,2020.0,8105787993.91,浙江省,
12984,2064.0,华峰氨纶,2020-12-31,2020.0,14723882559.0,浙江省,
12985,2082.0,万邦德,2020-12-31,2020.0,13701855583.81,浙江省,
12986,2099.0,海翔药业,2020-12-31,2020.0,2471386626.07,浙江省,
12987,2112.0,三变科技,2020-12-31,2020.0,1010337989.43,浙江省,
12988,2119.0,康强电子,2020-12-31,2020.0,1548632508.79,浙江省,
12989,2122.0,*ST 天马,2020-12-31,2020.0,721743271.36,浙江省,
12990,2164.0,宁波东力,2020-12-31,2020.0,1237656494.69,浙江省,
12991,2196.0,方正电机,2020-12-31,2020.0,1127942692.5,浙江省,
12992,2199.0,东晶电子,2020-12-31,2020.0,262404243.96,浙江省,
12993,2203.0,海亮股份,2020-12-31,2020.0,46409661488.5,浙江省,
12994,2206.0,海利得,2020-12-31,2020.0,3512556998.1,浙江省,
12995,2214.0,大立科技,2020-12-31,2020.0,1090187751.05,浙江省,
12996,2236.0,大华股份,2020-12-31,2020.0,26465968181.1,浙江省,
12997,2273.0,水晶光电,2020-12-31,2020.0,3223426440.04,浙江省,
12998,2276.0,万马股份,2020-12-31,2020.0,9321789268.6,浙江省,
12999,2332.0,仙琚制药,2020-12-31,2020.0,4018872772.4,浙江省,
13000,2364.0,中恒电气,2020-12-31,2020.0,1433495165.2,浙江省,
13001,2370.0,亚太药业,2020-12-31,2020.0,514885287.44,浙江省,
13002,2389.0,航天彩虹,2020-12-31,2020.0,2988331300.23,浙江省,
13003,2415.0,海康威视,2020-12-31,2020.0,63503450891.78,浙江省,
13004,2418.0,*ST 康盛,2020-12-31,2020.0,2352346002.89,浙江省,
13005,2427.0,ST 尤夫,2020-12-31,2020.0,2446411662.89,浙江省,
13006,2430.0,杭氧股份,2020-12-31,2020.0,10020768134.65,浙江省,
13007,2472.0,双环传动,2020-12-31,2020.0,3664195095.25,浙江省,
13008,2473.0,ST 圣莱,2020-12-31,2020.0,1910474.0,浙江省,
13009,2479.0,富春环保,2020-12-31,2020.0,4656298656.64,浙江省,
13010,2493.0,荣盛石化,2020-12-31,2020.0,107264993119.44,浙江省,
13011,2508.0,老板电器,2020-12-31,2020.0,8128620799.31,浙江省,
13012,2520.0,日发精机,2020-12-31,2020.0,1914575371.02,浙江省,
13013,2532.0,天山铝业,2020-12-31,2020.0,27459531944.99,浙江省,
13014,2534.0,杭锅股份,2020-12-31,2020.0,5355666321.19,浙江省,
13015,2552.0,宝鼎科技,2020-12-31,2020.0,366673036.5,浙江省,
13016,2562.0,兄弟科技,2020-12-31,2020.0,1918791969.17,浙江省,
13017,2617.0,露笑科技,2020-12-31,2020.0,2848368807.53,浙江省,
13018,2633.0,申科股份,2020-12-31,2020.0,169833443.61,浙江省,
13019,2677.0,浙江美大,2020-12-31,2020.0,1770817768.09,浙江省,
13020,2686.0,亿利达,2020-12-31,2020.0,1484180849.78,浙江省,
13021,2730.0,电光科技,2020-12-31,2020.0,808127844.95,浙江省,
13022,2767.0,先锋电子,2020-12-31,2020.0,354441163.32,浙江省,
13023,2779.0,中坚科技,2020-12-31,2020.0,394879383.07,浙江省,
13024,2793.0,罗欣药业,2020-12-31,2020.0,6095945567.98,浙江省,
13025,2795.0,永和智控,2020-12-31,2020.0,647691188.74,浙江省,
13026,2801.0,微光股份,2020-12-31,2020.0,798194758.98,浙江省,
13027,2849.0,威星智能,2020-12-31,2020.0,1198144720.51,浙江省,
13028,2859.0,洁美科技,2020-12-31,2020.0,1425518877.92,浙江省,
13029,2860.0,星帅尔,2020-12-31,2020.0,926979908.77,浙江省,
13030,2896.0,中大力德,2020-12-31,2020.0,760573346.34,浙江省,
13031,2897.0,意华股份,2020-12-31,2020.0,3268276783.86,浙江省,
13032,2931.0,锋龙股份,2020-12-31,2020.0,548079749.77,浙江省,
13033,2937.0,兴瑞科技,2020-12-31,2020.0,1040387534.88,浙江省,
13034,2940.0,昂利康,2020-12-31,2020.0,1289647101.26,浙江省,
13035,3025.0,思进智能,2020-12-31,2020.0,388062815.33,浙江省,
13036,3026.0,中晶科技,2020-12-31,2020.0,272877624.09,浙江省,
13037,3036.0,泰坦股份,2020-12-31,2020.0,667778394.56,浙江省,
13038,200771.0,杭汽轮B,2020-12-31,2020.0,4496445244.55,浙江省,
13039,300032.0,金龙机电,2020-12-31,2020.0,1742206672.72,浙江省,
13040,300068.0,南都电源,2020-12-31,2020.0,10259772565.4,浙江省,
13041,300069.0,金利华电,2020-12-31,2020.0,123957967.21,浙江省,
13042,300076.0,GQY视讯,2020-12-31,2020.0,179632394.34,浙江省,
13043,300078.0,思创医惠,2020-12-31,2020.0,1374795956.97,浙江省,
13044,300111.0,向日葵,2020-12-31,2020.0,286955031.33,浙江省,
13045,300118.0,东方日升,2020-12-31,2020.0,16063492270.89,浙江省,
13046,300145.0,中金环境,2020-12-31,2020.0,4218438814.39,浙江省,
13047,300181.0,佐力药业,2020-12-31,2020.0,1090878169.19,浙江省,
13048,300203.0,聚光科技,2020-12-31,2020.0,4101212968.27,浙江省,
13049,300234.0,开尔新材,2020-12-31,2020.0,441432263.62,浙江省,
13050,300256.0,星星科技,2020-12-31,2020.0,5131476560.82,浙江省,
13051,300257.0,开山股份,2020-12-31,2020.0,3022150053.24,浙江省,
13052,300270.0,中威电子,2020-12-31,2020.0,208548638.81,浙江省,
13053,300283.0,温州宏丰,2020-12-31,2020.0,1759710135.03,浙江省,
13054,300306.0,远方信息,2020-12-31,2020.0,402334959.3,浙江省,
13055,300307.0,慈星股份,2020-12-31,2020.0,1233295415.13,浙江省,
13056,300314.0,戴维医疗,2020-12-31,2020.0,459530603.11,浙江省,
13057,300316.0,晶盛机电,2020-12-31,2020.0,3810679670.46,浙江省,
13058,300351.0,永贵电器,2020-12-31,2020.0,1053695313.38,浙江省,
13059,300357.0,我武生物,2020-12-31,2020.0,636208242.62,浙江省,
13060,300360.0,炬华科技,2020-12-31,2020.0,1096981157.16,浙江省,
13061,300411.0,金盾股份,2020-12-31,2020.0,733776474.04,浙江省,
13062,300412.0,迦南科技,2020-12-31,2020.0,1007249168.54,浙江省,
13063,300435.0,中泰股份,2020-12-31,2020.0,1977500164.78,浙江省,
13064,300439.0,美康生物,2020-12-31,2020.0,2302032421.39,浙江省,
13065,300441.0,鲍斯股份,2020-12-31,2020.0,1970959529.85,浙江省,
13066,300461.0,田中精机,2020-12-31,2020.0,363765918.39,浙江省,
13067,300512.0,中亚股份,2020-12-31,2020.0,662050554.46,浙江省,
13068,300519.0,新光药业,2020-12-31,2020.0,283080271.36,浙江省,
13069,300548.0,博创科技,2020-12-31,2020.0,776703537.08,浙江省,
13070,300553.0,集智股份,2020-12-31,2020.0,164647698.47,浙江省,
13071,300558.0,贝达药业,2020-12-31,2020.0,1870266314.97,浙江省,
13072,300566.0,激智科技,2020-12-31,2020.0,1420171894.07,浙江省,
13073,300582.0,英飞特,2020-12-31,2020.0,1053074403.34,浙江省,
13074,300604.0,长川科技,2020-12-31,2020.0,803829320.44,浙江省,
13075,300611.0,美力科技,2020-12-31,2020.0,673611550.31,浙江省,
13076,300626.0,华瑞股份,2020-12-31,2020.0,729359322.62,浙江省,
13077,300666.0,江丰电子,2020-12-31,2020.0,1166542634.09,浙江省,
13078,300669.0,沪宁股份,2020-12-31,2020.0,356251065.78,浙江省,
13079,300698.0,万马科技,2020-12-31,2020.0,482026133.69,浙江省,
13080,300702.0,天宇股份,2020-12-31,2020.0,2587395711.15,浙江省,
13081,300710.0,万隆光电,2020-12-31,2020.0,513041674.52,浙江省,
13082,300718.0,长盛轴承,2020-12-31,2020.0,655249482.63,浙江省,
13083,300743.0,天地数码,2020-12-31,2020.0,420130953.51,浙江省,
13084,300763.0,锦浪科技,2020-12-31,2020.0,2084370708.11,浙江省,
13085,300772.0,运达股份,2020-12-31,2020.0,11477859987.36,浙江省,
13086,300813.0,泰林生物,2020-12-31,2020.0,200237532.32,浙江省,
13087,300817.0,双飞股份,2020-12-31,2020.0,624880957.71,浙江省,
13088,300837.0,浙矿股份,2020-12-31,2020.0,462823177.31,浙江省,
13089,300838.0,浙江力诺,2020-12-31,2020.0,469768361.77,浙江省,
13090,300853.0,申昊科技,2020-12-31,2020.0,611550468.57,浙江省,
13091,300878.0,维康药业,2020-12-31,2020.0,622766990.78,浙江省,
13092,300879.0,大叶股份,2020-12-31,2020.0,1001115503.78,浙江省,
13093,300880.0,迦南智能,2020-12-31,2020.0,507828862.57,浙江省,
13094,300882.0,万胜智能,2020-12-31,2020.0,571102422.66,浙江省,
13095,300894.0,火星人,2020-12-31,2020.0,1614119934.89,浙江省,
13096,300897.0,山科智能,2020-12-31,2020.0,380783301.39,浙江省,
13097,300911.0,亿田智能,2020-12-31,2020.0,716349407.78,浙江省,
13098,300913.0,兆龙互连,2020-12-31,2020.0,1161196944.35,浙江省,
13099,300943.0,春晖智控,2020-12-31,2020.0,511661041.85,浙江省,
13100,300953.0,震裕科技,2020-12-31,2020.0,1192781434.43,浙江省,
13101,430685.0,新芝生物,2020-12-31,2020.0,143299085.16,浙江省,
13102,600023.0,浙能电力,2020-12-31,2020.0,51684433449.89,浙江省,
13103,600130.0,波导股份,2020-12-31,2020.0,715034191.35,浙江省,
13104,600152.0,维科技术,2020-12-31,2020.0,1744979518.01,浙江省,
13105,600216.0,浙江医药,2020-12-31,2020.0,7326934799.14,浙江省,
13106,600261.0,阳光照明,2020-12-31,2020.0,4820894277.47,浙江省,
13107,600267.0,海正药业,2020-12-31,2020.0,11354395743.16,浙江省,
13108,600283.0,钱江水利,2020-12-31,2020.0,1315071908.75,浙江省,
13109,600290.0,*ST 华仪,2020-12-31,2020.0,839418265.85,浙江省,
13110,600330.0,天通股份,2020-12-31,2020.0,3155775787.21,浙江省,
13111,600366.0,宁波韵升,2020-12-31,2020.0,2399107591.66,浙江省,
13112,600460.0,士兰微,2020-12-31,2020.0,4280561779.48,浙江省,
13113,600521.0,华海药业,2020-12-31,2020.0,6485213417.32,浙江省,
13114,600526.0,菲达环保,2020-12-31,2020.0,3111281414.84,浙江省,
13115,600537.0,亿晶光电,2020-12-31,2020.0,4098010992.51,浙江省,
13116,600572.0,康恩贝,2020-12-31,2020.0,5909017020.0,浙江省,
13117,600580.0,卧龙电驱,2020-12-31,2020.0,12565044632.81,浙江省,
13118,600668.0,尖峰集团,2020-12-31,2020.0,3247472717.08,浙江省,
13119,600671.0,*ST 目药,2020-12-31,2020.0,206627323.03,浙江省,
13120,600724.0,宁波富达,2020-12-31,2020.0,2340298385.17,浙江省,
13121,600768.0,宁波富邦,2020-12-31,2020.0,494768005.15,浙江省,
13122,600776.0,东方通信,2020-12-31,2020.0,2966785763.26,浙江省,
13123,600884.0,杉杉股份,2020-12-31,2020.0,8215896691.46,浙江省,
13124,600982.0,宁波热电,2020-12-31,2020.0,4410672080.44,浙江省,
13125,601002.0,晋亿实业,2020-12-31,2020.0,2521879333.89,浙江省,
13126,601113.0,ST 华鼎,2020-12-31,2020.0,9763247761.88,浙江省,
13127,601137.0,博威合金,2020-12-31,2020.0,7588737973.22,浙江省,
13128,601177.0,杭齿前进,2020-12-31,2020.0,1918436700.15,浙江省,
13129,601233.0,桐昆股份,2020-12-31,2020.0,45832692811.91,浙江省,
13130,601567.0,三星医疗,2020-12-31,2020.0,7092708995.09,浙江省,
13131,601609.0,金田铜业,2020-12-31,2020.0,46829256195.22,浙江省,
13132,601865.0,福莱特,2020-12-31,2020.0,6260417792.26,浙江省,
13133,601877.0,正泰电器,2020-12-31,2020.0,33253062099.2,浙江省,
13134,601882.0,海天精工,2020-12-31,2020.0,1632063155.17,浙江省,
13135,603015.0,弘讯科技,2020-12-31,2020.0,749678649.61,浙江省,
13136,603045.0,福达合金,2020-12-31,2020.0,2304550442.98,浙江省,
13137,603076.0,乐惠国际,2020-12-31,2020.0,852148606.43,浙江省,
13138,603081.0,大丰实业,2020-12-31,2020.0,2509112917.34,浙江省,
13139,603088.0,宁波精达,2020-12-31,2020.0,425250565.15,浙江省,
13140,603095.0,越剑智能,2020-12-31,2020.0,738824383.42,浙江省,
13141,603105.0,芯能科技,2020-12-31,2020.0,426748506.1,浙江省,
13142,603168.0,莎普爱思,2020-12-31,2020.0,358231310.5,浙江省,
13143,603186.0,华正新材,2020-12-31,2020.0,2284080702.23,浙江省,
13144,603195.0,公牛集团,2020-12-31,2020.0,10051128834.05,浙江省,
13145,603218.0,日月股份,2020-12-31,2020.0,5110598276.22,浙江省,
13146,603222.0,济民制药,2020-12-31,2020.0,877640018.67,浙江省,
13147,603225.0,新凤鸣,2020-12-31,2020.0,36984103357.21,浙江省,
13148,603229.0,奥翔药业,2020-12-31,2020.0,409249350.21,浙江省,
13149,603277.0,银都股份,2020-12-31,2020.0,1614305073.97,浙江省,
13150,603289.0,泰瑞机器,2020-12-31,2020.0,873140922.29,浙江省,
13151,603290.0,斯达半导,2020-12-31,2020.0,963003026.98,浙江省,
13152,603297.0,永新光学,2020-12-31,2020.0,576409916.27,浙江省,
13153,603298.0,杭叉集团,2020-12-31,2020.0,11451668968.68,浙江省,
13154,603301.0,振德医疗,2020-12-31,2020.0,10398545638.73,浙江省,
13155,603303.0,得邦照明,2020-12-31,2020.0,4507525578.38,浙江省,
13156,603311.0,金海高科,2020-12-31,2020.0,693341594.48,浙江省,
13157,603320.0,迪贝电气,2020-12-31,2020.0,728629452.26,浙江省,
13158,603321.0,梅轮电梯,2020-12-31,2020.0,725713791.13,浙江省,
13159,603331.0,百达精工,2020-12-31,2020.0,967589792.88,浙江省,
13160,603337.0,杰克股份,2020-12-31,2020.0,3521416459.53,浙江省,
13161,603338.0,浙江鼎力,2020-12-31,2020.0,2956758302.06,浙江省,
13162,603456.0,九洲药业,2020-12-31,2020.0,2647284163.3,浙江省,
13163,603520.0,司太立,2020-12-31,2020.0,1367087241.13,浙江省,
13164,603538.0,美诺华,2020-12-31,2020.0,1193697918.25,浙江省,
13165,603551.0,奥普家居,2020-12-31,2020.0,1593026259.54,浙江省,
13166,603556.0,海兴电力,2020-12-31,2020.0,2805952366.54,浙江省,
13167,603578.0,三星新材,2020-12-31,2020.0,427076977.24,浙江省,
13168,603583.0,捷昌驱动,2020-12-31,2020.0,1868274061.46,浙江省,
13169,603595.0,东尼电子,2020-12-31,2020.0,928103630.03,浙江省,
13170,603606.0,东方电缆,2020-12-31,2020.0,5052336113.63,浙江省,
13171,603611.0,诺力股份,2020-12-31,2020.0,4077054876.79,浙江省,
13172,603617.0,君禾股份,2020-12-31,2020.0,738097199.48,浙江省,
13173,603618.0,杭电股份,2020-12-31,2020.0,5813677967.21,浙江省,
13174,603662.0,柯力传感,2020-12-31,2020.0,835357791.61,浙江省,
13175,603667.0,五洲新春,2020-12-31,2020.0,1753991019.5,浙江省,
13176,603677.0,奇精机械,2020-12-31,2020.0,1559374078.12,浙江省,
13177,603685.0,晨丰科技,2020-12-31,2020.0,1172811371.58,浙江省,
13178,603700.0,宁水集团,2020-12-31,2020.0,1590152353.41,浙江省,
13179,603701.0,德宏股份,2020-12-31,2020.0,599760701.76,浙江省,
13180,603703.0,盛洋科技,2020-12-31,2020.0,747630747.87,浙江省,
13181,603757.0,大元泵业,2020-12-31,2020.0,1413131464.92,浙江省,
13182,603789.0,星光农机,2020-12-31,2020.0,248422596.47,浙江省,
13183,603799.0,华友钴业,2020-12-31,2020.0,21186843965.75,浙江省,
13184,603811.0,诚意药业,2020-12-31,2020.0,758132059.06,浙江省,
13185,603896.0,寿仙谷,2020-12-31,2020.0,636050563.95,浙江省,
13186,603897.0,长城科技,2020-12-31,2020.0,6273415580.11,浙江省,
13187,603901.0,永创智能,2020-12-31,2020.0,2020045957.07,浙江省,
13188,603917.0,合力科技,2020-12-31,2020.0,604074582.73,浙江省,
13189,603996.0,*ST 中新,2020-12-31,2020.0,131731721.45,浙江省,
13190,605060.0,联德股份,2020-12-31,2020.0,670074039.49,浙江省,
13191,605066.0,天正电气,2020-12-31,2020.0,2473233541.84,浙江省,
13192,605116.0,奥锐特,2020-12-31,2020.0,721440229.88,浙江省,
13193,605177.0,东亚药业,2020-12-31,2020.0,881670693.22,浙江省,
13194,605277.0,新亚电子,2020-12-31,2020.0,1000831627.08,浙江省,
13195,605336.0,帅丰电器,2020-12-31,2020.0,713990084.02,浙江省,
13196,605358.0,立昂微,2020-12-31,2020.0,1502017793.75,浙江省,
13197,605369.0,拱东医疗,2020-12-31,2020.0,829651755.74,浙江省,
13198,605378.0,野马电池,2020-12-31,2020.0,1098778984.38,浙江省,
13199,688005.0,容百科技,2020-12-31,2020.0,3794556721.35,浙江省,
13200,688006.0,杭可科技,2020-12-31,2020.0,1492867989.37,浙江省,
13201,688079.0,美迪凯,2020-12-31,2020.0,422552307.68,浙江省,
13202,688092.0,爱科科技,2020-12-31,2020.0,222569617.16,浙江省,
13203,688127.0,蓝特光学,2020-12-31,2020.0,438933263.27,浙江省,
13204,688215.0,瑞晟智能,2020-12-31,2020.0,133397697.67,浙江省,
13205,688288.0,鸿泉物联,2020-12-31,2020.0,456160984.28,浙江省,
13206,688298.0,东方生物,2020-12-31,2020.0,3265355638.11,浙江省,
13207,688310.0,迈得医疗,2020-12-31,2020.0,263168423.81,浙江省,
13208,688360.0,德马科技,2020-12-31,2020.0,766951846.81,浙江省,
13209,688577.0,浙海德曼,2020-12-31,2020.0,410550923.38,浙江省,
13210,688606.0,奥泰生物,2020-12-31,2020.0,1135553932.68,浙江省,
13211,688616.0,西力科技,2020-12-31,2020.0,452934276.38,浙江省,
13212,688819.0,天能股份,2020-12-31,2020.0,35099877943.8,浙江省,
13213,831855.0,浙江大农,2020-12-31,2020.0,252294968.78,浙江省,
13214,834062.0,科润智控,2020-12-31,2020.0,571334843.93,浙江省,
13215,834475.0,三友科技,2020-12-31,2020.0,266395313.06,浙江省,
13216,834639.0,晨光电缆,2020-12-31,2020.0,1984324086.75,浙江省,
13217,834682.0,球冠电缆,2020-12-31,2020.0,2077880472.84,浙江省,
13218,834770.0,艾能聚,2020-12-31,2020.0,257402694.66,浙江省,
13219,836270.0,天铭科技,2020-12-31,2020.0,170586676.42,浙江省,
13220,836395.0,朗鸿科技,2020-12-31,2020.0,120514368.07,浙江省,
13221,870508.0,丰安股份,2020-12-31,2020.0,131261567.57,浙江省,
13222,873152.0,天宏锂电,2020-12-31,2020.0,235120991.74,浙江省,
13223,873169.0,七丰精工,2020-12-31,2020.0,172148375.18,浙江省,
13224,873223.0,荣亿精密,2020-12-31,2020.0,171910813.64,浙江省,
13225,,,,,1116282468370.93,浙江省 汇总,
13226,591.0,太阳能,2020-12-31,2020.0,5305005725.97,重庆市,
13227,788.0,北大医药,2020-12-31,2020.0,1977422147.25,重庆市,
13228,2742.0,三圣股份,2020-12-31,2020.0,2549509857.65,重庆市,
13229,2907.0,华森制药,2020-12-31,2020.0,882474476.57,重庆市,
13230,300006.0,莱美药业,2020-12-31,2020.0,1583529913.64,重庆市,
13231,300122.0,智飞生物,2020-12-31,2020.0,15190366231.21,重庆市,
13232,300194.0,福安药业,2020-12-31,2020.0,2368343296.69,重庆市,
13233,300363.0,博腾股份,2020-12-31,2020.0,2071875421.8,重庆市,
13234,600116.0,三峡水利,2020-12-31,2020.0,5255983866.68,重庆市,
13235,600129.0,太极集团,2020-12-31,2020.0,11207803711.75,重庆市,
13236,600452.0,涪陵电力,2020-12-31,2020.0,2654394609.19,重庆市,
13237,600666.0,ST 瑞德,2020-12-31,2020.0,519555616.47,重庆市,
13238,600847.0,万里股份,2020-12-31,2020.0,587107835.93,重庆市,
13239,600877.0,ST 电能,2020-12-31,2020.0,402311509.73,重庆市,
13240,600917.0,重庆燃气,2020-12-31,2020.0,6821208133.72,重庆市,
13241,601158.0,重庆水务,2020-12-31,2020.0,6349599844.62,重庆市,
13242,603100.0,川仪股份,2020-12-31,2020.0,4253380047.56,重庆市,
13243,603109.0,神驰机电,2020-12-31,2020.0,1561604672.29,重庆市,
13244,603601.0,再升科技,2020-12-31,2020.0,1884228703.44,重庆市,
13245,603976.0,正川股份,2020-12-31,2020.0,501981691.39,重庆市,
13246,605122.0,四方新材,2020-12-31,2020.0,1179334181.49,重庆市,
13247,830896.0,旺成科技,2020-12-31,2020.0,284200637.72,重庆市,
13248,871857.0,泓禧科技,2020-12-31,2020.0,435502016.48,重庆市,
13249,,,,,75826724149.24,重庆市 汇总,
13250,,,,,11370381275661.9,总计,
13251,,证券简称,统计截止日期,,,所属省份,
13252,153.0,丰原药业,2021-12-31,2021.0,3501668742.45,安徽省,
13253,521.0,长虹美菱,2021-12-31,2021.0,18032957501.44,安徽省,
13254,543.0,皖能电力,2021-12-31,2021.0,21032266848.21,安徽省,
13255,630.0,铜陵有色,2021-12-31,2021.0,131033652129.77,安徽省,
13256,2171.0,楚江新材,2021-12-31,2021.0,37349605251.7,安徽省,
13257,2347.0,泰尔股份,2021-12-31,2021.0,1059376695.96,安徽省,
13258,2571.0,德力股份,2021-12-31,2021.0,957191856.38,安徽省,
13259,2690.0,美亚光电,2021-12-31,2021.0,1812878651.37,安徽省,
13260,2817.0,黄山胶囊,2021-12-31,2021.0,379891008.7,安徽省,
13261,2983.0,芯瑞达,2021-12-31,2021.0,820920194.26,安徽省,
13262,2997.0,瑞鹄模具,2021-12-31,2021.0,1044710895.07,安徽省,
13263,3038.0,鑫铂股份,2021-12-31,2021.0,2596549113.2,安徽省,
13264,300009.0,安科生物,2021-12-31,2021.0,2168765205.74,安徽省,
13265,300088.0,长信科技,2021-12-31,2021.0,7018425454.73,安徽省,
13266,300247.0,融捷健康,2021-12-31,2021.0,526501936.77,安徽省,
13267,300274.0,阳光电源,2021-12-31,2021.0,24136598726.55,安徽省,
13268,300452.0,山河药辅,2021-12-31,2021.0,616707253.38,安徽省,
13269,300595.0,欧普康视,2021-12-31,2021.0,1295045844.66,安徽省,
13270,300835.0,龙磁科技,2021-12-31,2021.0,804674516.11,安徽省,
13271,300862.0,蓝盾光电,2021-12-31,2021.0,866504064.91,安徽省,
13272,300956.0,英力股份,2021-12-31,2021.0,1631033662.9,安徽省,
13273,301129.0,瑞纳智能,2021-12-31,2021.0,529582537.98,安徽省,
13274,301217.0,铜冠铜箔,2021-12-31,2021.0,4081616147.98,安徽省,
13275,301321.0,翰博高新,2021-12-31,2021.0,2904773738.6,安徽省,
13276,430478.0,峆一药业,2021-12-31,2021.0,208828033.83,安徽省,
13277,430718.0,合肥高科,2021-12-31,2021.0,858532191.4,安徽省,
13278,600063.0,皖维高新,2021-12-31,2021.0,8103151148.15,安徽省,
13279,600218.0,全柴动力,2021-12-31,2021.0,5508197839.47,安徽省,
13280,600237.0,铜峰电子,2021-12-31,2021.0,1000092345.38,安徽省,
13281,600255.0,鑫科材料,2021-12-31,2021.0,3247292217.47,安徽省,
13282,600444.0,国机通用,2021-12-31,2021.0,841894556.46,安徽省,
13283,600520.0,文一科技,2021-12-31,2021.0,443940441.56,安徽省,
13284,600552.0,凯盛科技,2021-12-31,2021.0,6324150037.15,安徽省,
13285,600577.0,精达股份,2021-12-31,2021.0,18329777052.15,安徽省,
13286,600585.0,海螺水泥,2021-12-31,2021.0,167952663813.0,安徽省,
13287,600761.0,安徽合力,2021-12-31,2021.0,15416656261.8,安徽省,
13288,600983.0,惠而浦,2021-12-31,2021.0,4931163697.11,安徽省,
13289,600990.0,四创电子,2021-12-31,2021.0,3143289529.24,安徽省,
13290,603011.0,合锻智能,2021-12-31,2021.0,1206277732.61,安徽省,
13291,603308.0,应流股份,2021-12-31,2021.0,2040103835.92,安徽省,
13292,603356.0,华菱精工,2021-12-31,2021.0,2233924599.45,安徽省,
13293,603527.0,众源新材,2021-12-31,2021.0,6779789661.67,安徽省,
13294,603656.0,泰禾智能,2021-12-31,2021.0,518571777.17,安徽省,
13295,603689.0,皖天然气,2021-12-31,2021.0,4936671786.84,安徽省,
13296,688027.0,国盾量子,2021-12-31,2021.0,179153578.49,安徽省,
13297,688077.0,大地熊,2021-12-31,2021.0,1654565278.08,安徽省,
13298,688162.0,巨一科技,2021-12-31,2021.0,2122797043.0,安徽省,
13299,688165.0,埃夫特,2021-12-31,2021.0,1147089656.34,安徽省,
13300,688551.0,科威尔,2021-12-31,2021.0,247522361.42,安徽省,
13301,688600.0,皖仪科技,2021-12-31,2021.0,562452406.95,安徽省,
13302,688630.0,芯碁微装,2021-12-31,2021.0,492245130.08,安徽省,
13303,688659.0,元琛科技,2021-12-31,2021.0,501997044.0,安徽省,
13304,688733.0,壹石通,2021-12-31,2021.0,422702488.13,安徽省,
13305,688768.0,容知日新,2021-12-31,2021.0,397096404.47,安徽省,
13306,831856.0,浩淼科技,2021-12-31,2021.0,412739617.15,安徽省,
13307,833994.0,翰博高新,2021-12-31,2021.0,2904773738.6,安徽省,
13308,835892.0,中科美菱,2021-12-31,2021.0,465285460.79,安徽省,
13309,870357.0,雅葆轩,2021-12-31,2021.0,192201749.29,安徽省,
13310,871981.0,晶赛科技,2021-12-31,2021.0,474893863.48,安徽省,
13311,,,,,532404382356.92,安徽省 汇总,
13312,605.0,渤海股份,2021-12-31,2021.0,1812227480.2,北京市,
13313,725.0,京东方A,2021-12-31,2021.0,219309799505.0,北京市,
13314,786.0,北新建材,2021-12-31,2021.0,21085691108.46,北京市,
13315,931.0,中关村,2021-12-31,2021.0,1955834389.32,北京市,
13316,938.0,紫光股份,2021-12-31,2021.0,67637538538.75,北京市,
13317,970.0,中科三环,2021-12-31,2021.0,7145763790.98,北京市,
13318,1210.0,金房节能,2021-12-31,2021.0,790322486.64,北京市,
13319,1289.0,龙源电力,2021-12-31,2021.0,37208491000.16,北京市,
13320,2038.0,双鹭药业,2021-12-31,2021.0,1214810524.84,北京市,
13321,2066.0,瑞泰科技,2021-12-31,2021.0,4537914835.63,北京市,
13322,2151.0,北斗星通,2021-12-31,2021.0,3850666849.49,北京市,
13323,2271.0,东方雨虹,2021-12-31,2021.0,31934201004.74,北京市,
13324,2350.0,北京科锐,2021-12-31,2021.0,2333181209.67,北京市,
13325,2362.0,汉王科技,2021-12-31,2021.0,1613261199.11,北京市,
13326,2371.0,北方华创,2021-12-31,2021.0,9683478119.38,北京市,
13327,2383.0,合众思壮,2021-12-31,2021.0,2107546242.72,北京市,
13328,2392.0,北京利尔,2021-12-31,2021.0,4910749864.55,北京市,
13329,2658.0,雪迪龙,2021-12-31,2021.0,1380912181.54,北京市,
13330,2665.0,首航高科,2021-12-31,2021.0,718536068.3,北京市,
13331,2738.0,中矿资源,2021-12-31,2021.0,2394085800.33,北京市,
13332,2755.0,奥赛康,2021-12-31,2021.0,3106666569.36,北京市,
13333,2829.0,星网宇达,2021-12-31,2021.0,768071936.74,北京市,
13334,2893.0,华通热力,2021-12-31,2021.0,1005044862.83,北京市,
13335,2955.0,鸿合科技,2021-12-31,2021.0,5811414894.16,北京市,
13336,300003.0,乐普医疗,2021-12-31,2021.0,10659734875.07,北京市,
13337,300016.0,北陆药业,2021-12-31,2021.0,843901446.44,北京市,
13338,300034.0,钢研高纳,2021-12-31,2021.0,2002632277.8,北京市,
13339,300045.0,华力创通,2021-12-31,2021.0,665045724.52,北京市,
13340,300048.0,合康新能,2021-12-31,2021.0,1204203246.73,北京市,
13341,300065.0,海兰信,2021-12-31,2021.0,902381597.37,北京市,
13342,300073.0,当升科技,2021-12-31,2021.0,8257865421.08,北京市,
13343,300079.0,数码视讯,2021-12-31,2021.0,1027704205.12,北京市,
13344,300139.0,晓程科技,2021-12-31,2021.0,193226803.96,北京市,
13345,300204.0,舒泰神,2021-12-31,2021.0,584291440.9,北京市,
13346,300213.0,佳讯飞鸿,2021-12-31,2021.0,1032630367.49,北京市,
13347,300223.0,北京君正,2021-12-31,2021.0,5274059129.97,北京市,
13348,300282.0,三盛教育,2021-12-31,2021.0,393134627.35,北京市,
13349,300289.0,利德曼,2021-12-31,2021.0,564057983.88,北京市,
13350,300296.0,利亚德,2021-12-31,2021.0,8852427391.75,北京市,
13351,300318.0,博晖创新,2021-12-31,2021.0,714748462.45,北京市,
13352,300332.0,天壕环境,2021-12-31,2021.0,2051986716.96,北京市,
13353,300353.0,东土科技,2021-12-31,2021.0,941002773.24,北京市,
13354,300367.0,ST 网力,2021-12-31,2021.0,109246535.64,北京市,
13355,300374.0,中铁装配,2021-12-31,2021.0,422397820.27,北京市,
13356,300406.0,九强生物,2021-12-31,2021.0,1599384352.43,北京市,
13357,300430.0,诚益通,2021-12-31,2021.0,915238094.8,北京市,
13358,300444.0,双杰电气,2021-12-31,2021.0,1171281252.07,北京市,
13359,300445.0,康斯特,2021-12-31,2021.0,353357838.82,北京市,
13360,300449.0,汉邦高科,2021-12-31,2021.0,292428637.95,北京市,
13361,300455.0,康拓红外,2021-12-31,2021.0,1288307821.11,北京市,
13362,300456.0,赛微电子,2021-12-31,2021.0,928547013.9,北京市,
13363,300472.0,新元科技,2021-12-31,2021.0,684405860.94,北京市,
13364,300477.0,合纵科技,2021-12-31,2021.0,2430611520.22,北京市,
13365,300485.0,赛升药业,2021-12-31,2021.0,1050805089.0,北京市,
13366,300593.0,新雷能,2021-12-31,2021.0,1477721417.91,北京市,
13367,300661.0,圣邦股份,2021-12-31,2021.0,2238401973.77,北京市,
13368,300667.0,必创科技,2021-12-31,2021.0,845465712.66,北京市,
13369,300896.0,爱美客,2021-12-31,2021.0,1447872001.48,北京市,
13370,300965.0,恒宇信通,2021-12-31,2021.0,190958988.16,北京市,
13371,430047.0,诺思兰德,2021-12-31,2021.0,56855880.53,北京市,
13372,600008.0,首创环保,2021-12-31,2021.0,22232593040.31,北京市,
13373,600011.0,华能国际,2021-12-31,2021.0,204605083056.0,北京市,
13374,600055.0,万东医疗,2021-12-31,2021.0,1156174686.02,北京市,
13375,600062.0,华润双鹤,2021-12-31,2021.0,9111516930.74,北京市,
13376,600085.0,同仁堂,2021-12-31,2021.0,14603100739.78,北京市,
13377,600100.0,同方股份,2021-12-31,2021.0,28456349588.5,北京市,
13378,600118.0,中国卫星,2021-12-31,2021.0,7058929861.7,北京市,
13379,600161.0,天坛生物,2021-12-31,2021.0,4112155621.36,北京市,
13380,600176.0,中国巨石,2021-12-31,2021.0,19706882079.97,北京市,
13381,600195.0,中牧股份,2021-12-31,2021.0,5301571718.27,北京市,
13382,600198.0,*ST 大唐,2021-12-31,2021.0,1310799268.61,北京市,
13383,600206.0,有研新材,2021-12-31,2021.0,16058609198.28,北京市,
13384,600271.0,航天信息,2021-12-31,2021.0,23515544220.26,北京市,
13385,600288.0,大恒科技,2021-12-31,2021.0,2537098601.1,北京市,
13386,600299.0,安迪苏,2021-12-31,2021.0,12868681379.0,北京市,
13387,600361.0,华联综超,2021-12-31,2021.0,8353350843.48,北京市,
13388,600405.0,动力源,2021-12-31,2021.0,1041933316.17,北京市,
13389,600435.0,北方导航,2021-12-31,2021.0,3992054554.58,北京市,
13390,600560.0,金自天正,2021-12-31,2021.0,706788997.15,北京市,
13391,600578.0,京能电力,2021-12-31,2021.0,22236992401.29,北京市,
13392,600582.0,天地科技,2021-12-31,2021.0,23570714032.77,北京市,
13393,600764.0,中国海防,2021-12-31,2021.0,4874095537.68,北京市,
13394,600855.0,航天长峰,2021-12-31,2021.0,2785369058.52,北京市,
13395,600860.0,京城股份,2021-12-31,2021.0,1182664494.03,北京市,
13396,600900.0,长江电力,2021-12-31,2021.0,55646253991.83,北京市,
13397,600905.0,三峡能源,2021-12-31,2021.0,15484105844.05,北京市,
13398,600980.0,北矿科技,2021-12-31,2021.0,704901080.23,北京市,
13399,601016.0,节能风电,2021-12-31,2021.0,3538902531.89,北京市,
13400,601126.0,四方股份,2021-12-31,2021.0,4298217520.75,北京市,
13401,601600.0,中国铝业,2021-12-31,2021.0,269748232000.0,北京市,
13402,601908.0,京运通,2021-12-31,2021.0,5525603628.02,北京市,
13403,601985.0,中国核电,2021-12-31,2021.0,62367217531.67,北京市,
13404,601991.0,大唐发电,2021-12-31,2021.0,103411958000.0,北京市,
13405,601992.0,金隅集团,2021-12-31,2021.0,123634448111.9,北京市,
13406,603025.0,大豪科技,2021-12-31,2021.0,1504881075.44,北京市,
13407,603087.0,甘李药业,2021-12-31,2021.0,3612043827.88,北京市,
13408,603267.0,鸿远电子,2021-12-31,2021.0,2403105889.49,北京市,
13409,603392.0,万泰生物,2021-12-31,2021.0,5750329074.69,北京市,
13410,603516.0,淳中科技,2021-12-31,2021.0,468096139.8,北京市,
13411,603590.0,康辰药业,2021-12-31,2021.0,809782217.76,北京市,
13412,603616.0,韩建河山,2021-12-31,2021.0,1517517970.83,北京市,
13413,603803.0,瑞斯康达,2021-12-31,2021.0,1853177459.77,北京市,
13414,603986.0,兆易创新,2021-12-31,2021.0,8510223468.73,北京市,
13415,605305.0,中际联合,2021-12-31,2021.0,882836847.76,北京市,
13416,688028.0,沃尔德,2021-12-31,2021.0,325809094.85,北京市,
13417,688050.0,爱博医疗,2021-12-31,2021.0,433070741.88,北京市,
13418,688056.0,莱伯泰科,2021-12-31,2021.0,368857921.36,北京市,
13419,688068.0,热景生物,2021-12-31,2021.0,5369203761.63,北京市,
13420,688080.0,映翰通,2021-12-31,2021.0,449539752.31,北京市,
13421,688169.0,石头科技,2021-12-31,2021.0,5837051346.0,北京市,
13422,688181.0,八亿时空,2021-12-31,2021.0,886783857.63,北京市,
13423,688197.0,首药控股,2021-12-31,2021.0,13032547.17,北京市,
13424,688198.0,佰仁医疗,2021-12-31,2021.0,251817558.68,北京市,
13425,688200.0,华峰测控,2021-12-31,2021.0,878269295.84,北京市,
13426,688236.0,春立医疗,2021-12-31,2021.0,1108139520.61,北京市,
13427,688272.0,富吉瑞,2021-12-31,2021.0,317927242.89,北京市,
13428,688277.0,天智航,2021-12-31,2021.0,156021920.91,北京市,
13429,688338.0,赛科希德,2021-12-31,2021.0,239915362.66,北京市,
13430,688339.0,亿华通,2021-12-31,2021.0,629368760.53,北京市,
13431,688468.0,科美诊断,2021-12-31,2021.0,470774575.26,北京市,
13432,688520.0,神州细胞,2021-12-31,2021.0,134392817.77,北京市,
13433,688597.0,煜邦电力,2021-12-31,2021.0,391250695.88,北京市,
13434,688613.0,奥精医疗,2021-12-31,2021.0,236063153.91,北京市,
13435,688658.0,悦康药业,2021-12-31,2021.0,4965725984.69,北京市,
13436,688687.0,凯因科技,2021-12-31,2021.0,1144356833.98,北京市,
13437,688722.0,同益中,2021-12-31,2021.0,330902401.78,北京市,
13438,830879.0,基康仪器,2021-12-31,2021.0,259139613.96,北京市,
13439,833575.0,康乐卫士,2021-12-31,2021.0,274778.78,北京市,
13440,835179.0,凯德石英,2021-12-31,2021.0,165903905.74,北京市,
13441,837344.0,三元基因,2021-12-31,2021.0,201604942.27,北京市,
13442,871553.0,凯腾精工,2021-12-31,2021.0,393584468.41,北京市,
13443,872808.0,曙光数创,2021-12-31,2021.0,407534107.82,北京市,
13444,,,,,1637401737169.9,北京市 汇总,
13445,536.0,华映科技,2021-12-31,2021.0,3013729443.36,福建省,
13446,547.0,航天发展,2021-12-31,2021.0,4225396550.73,福建省,
13447,993.0,闽东电力,2021-12-31,2021.0,583046446.16,福建省,
13448,2102.0,ST 冠福,2021-12-31,2021.0,13532557657.25,福建省,
13449,2222.0,福晶科技,2021-12-31,2021.0,688700431.33,福建省,
13450,2300.0,太阳电缆,2021-12-31,2021.0,11224746835.93,福建省,
13451,2335.0,科华数据,2021-12-31,2021.0,4865706292.44,福建省,
13452,2396.0,星网锐捷,2021-12-31,2021.0,13548675867.07,福建省,
13453,2529.0,海源复材,2021-12-31,2021.0,253937977.12,福建省,
13454,2578.0,闽发铝业,2021-12-31,2021.0,2243581817.42,福建省,
13455,2614.0,奥佳华,2021-12-31,2021.0,7926722192.23,福建省,
13456,2639.0,雪人股份,2021-12-31,2021.0,2008655584.69,福建省,
13457,2729.0,好利科技,2021-12-31,2021.0,222588256.53,福建省,
13458,2785.0,万里石,2021-12-31,2021.0,1155380405.17,福建省,
13459,2868.0,绿康生化,2021-12-31,2021.0,363386382.24,福建省,
13460,2901.0,大博医疗,2021-12-31,2021.0,1994333825.91,福建省,
13461,2925.0,盈趣科技,2021-12-31,2021.0,7060970560.25,福建省,
13462,3019.0,宸展光电,2021-12-31,2021.0,1592319938.02,福建省,
13463,200512.0,闽灿坤B,2021-12-31,2021.0,2347280300.56,福建省,
13464,300056.0,中创环保,2021-12-31,2021.0,1142038158.07,福建省,
13465,300062.0,中能电气,2021-12-31,2021.0,1029566414.22,福建省,
13466,300102.0,乾照光电,2021-12-31,2021.0,1879142370.67,福建省,
13467,300341.0,麦克奥迪,2021-12-31,2021.0,1464754512.53,福建省,
13468,300427.0,红相股份,2021-12-31,2021.0,1285571621.44,福建省,
13469,300436.0,广生堂,2021-12-31,2021.0,370442190.29,福建省,
13470,300628.0,亿联网络,2021-12-31,2021.0,3684241170.14,福建省,
13471,300632.0,光莆股份,2021-12-31,2021.0,1014211391.61,福建省,
13472,300648.0,星云股份,2021-12-31,2021.0,810691623.03,福建省,
13473,300657.0,弘信电子,2021-12-31,2021.0,3202519246.21,福建省,
13474,300685.0,艾德生物,2021-12-31,2021.0,917033391.28,福建省,
13475,300750.0,宁德时代,2021-12-31,2021.0,130355796400.0,福建省,
13476,300884.0,狄耐克,2021-12-31,2021.0,941720417.56,福建省,
13477,300902.0,国安达,2021-12-31,2021.0,253589489.83,福建省,
13478,301028.0,东亚机械,2021-12-31,2021.0,893234176.16,福建省,
13479,600163.0,中闽能源,2021-12-31,2021.0,1532634224.86,福建省,
13480,600203.0,福日电子,2021-12-31,2021.0,18633727226.98,福建省,
13481,600388.0,龙净环保,2021-12-31,2021.0,11296737387.04,福建省,
13482,600436.0,片仔癀,2021-12-31,2021.0,8021550451.33,福建省,
13483,600483.0,福能股份,2021-12-31,2021.0,12077377787.77,福建省,
13484,600549.0,厦门钨业,2021-12-31,2021.0,31852195740.28,福建省,
13485,600563.0,法拉电子,2021-12-31,2021.0,2810556214.32,福建省,
13486,600592.0,龙溪股份,2021-12-31,2021.0,1435167064.69,福建省,
13487,600660.0,福耀玻璃,2021-12-31,2021.0,23603063361.0,福建省,
13488,600734.0,*ST 实达,2021-12-31,2021.0,921819897.33,福建省,
13489,600802.0,福建水泥,2021-12-31,2021.0,3616507449.75,福建省,
13490,600815.0,厦工股份,2021-12-31,2021.0,1551270313.18,福建省,
13491,600870.0,*ST 厦华,2021-12-31,2021.0,152397617.52,福建省,
13492,603663.0,三祥新材,2021-12-31,2021.0,789206904.27,福建省,
13493,603678.0,火炬电子,2021-12-31,2021.0,4734159809.05,福建省,
13494,603686.0,龙马环卫,2021-12-31,2021.0,5701942370.64,福建省,
13495,603817.0,海峡环保,2021-12-31,2021.0,889578798.24,福建省,
13496,603826.0,坤彩科技,2021-12-31,2021.0,893092772.18,福建省,
13497,603893.0,瑞芯微,2021-12-31,2021.0,2718602121.55,福建省,
13498,603933.0,睿能科技,2021-12-31,2021.0,2085366418.19,福建省,
13499,605118.0,力鼎光电,2021-12-31,2021.0,501045203.45,福建省,
13500,605365.0,立达信,2021-12-31,2021.0,6477227604.45,福建省,
13501,688010.0,福光股份,2021-12-31,2021.0,674640293.22,福建省,
13502,688195.0,腾景科技,2021-12-31,2021.0,302749827.78,福建省,
13503,688278.0,特宝生物,2021-12-31,2021.0,1132227709.9,福建省,
13504,688398.0,赛特新材,2021-12-31,2021.0,711291543.48,福建省,
13505,688778.0,厦钨新能,2021-12-31,2021.0,15565760243.3,福建省,
13506,,,,,388778165693.2,福建省 汇总,
13507,672.0,上峰水泥,2021-12-31,2021.0,8314529247.34,甘肃省,
13508,791.0,甘肃电投,2021-12-31,2021.0,2012451588.73,甘肃省,
13509,2185.0,华天科技,2021-12-31,2021.0,12096793328.4,甘肃省,
13510,2644.0,佛慈制药,2021-12-31,2021.0,817640826.02,甘肃省,
13511,300534.0,陇神戎发,2021-12-31,2021.0,287813045.8,甘肃省,
13512,600192.0,长城电工,2021-12-31,2021.0,2066020579.89,甘肃省,
13513,600516.0,方大炭素,2021-12-31,2021.0,4651772746.11,甘肃省,
13514,600720.0,祁连山,2021-12-31,2021.0,7672537568.41,甘肃省,
13515,600886.0,国投电力,2021-12-31,2021.0,43681745821.77,甘肃省,
13516,601212.0,白银有色,2021-12-31,2021.0,72279980189.03,甘肃省,
13517,601798.0,蓝科高新,2021-12-31,2021.0,831883166.28,甘肃省,
13518,603169.0,兰石重装,2021-12-31,2021.0,4037060987.7,甘肃省,
13519,,,,,158750229095.48,甘肃省 汇总,
13520,12.0,南玻A,2021-12-31,2021.0,13629033650.0,广东省,
13521,16.0,深康佳A,2021-12-31,2021.0,49106513669.58,广东省,
13522,20.0,深华发A,2021-12-31,2021.0,765611248.7,广东省,
13523,21.0,深科技,2021-12-31,2021.0,16488253175.97,广东省,
13524,23.0,深天地A,2021-12-31,2021.0,1479874574.51,广东省,
13525,27.0,深圳能源,2021-12-31,2021.0,31569554551.23,广东省,
13526,37.0,深南电A,2021-12-31,2021.0,757175743.41,广东省,
13527,40.0,东旭蓝天,2021-12-31,2021.0,3876723009.56,广东省,
13528,45.0,深纺织A,2021-12-31,2021.0,2293747892.06,广东省,
13529,49.0,德赛电池,2021-12-31,2021.0,19470854326.22,广东省,
13530,50.0,深天马A,2021-12-31,2021.0,31829213790.4,广东省,
13531,60.0,中金岭南,2021-12-31,2021.0,44449218923.89,广东省,
13532,63.0,中兴通讯,2021-12-31,2021.0,114521641000.0,广东省,
13533,66.0,中国长城,2021-12-31,2021.0,17790432972.09,广东省,
13534,70.0,特发信息,2021-12-31,2021.0,4590838502.2,广东省,
13535,100.0,TCL科技,2021-12-31,2021.0,163540560000.0,广东省,
13536,333.0,美的集团,2021-12-31,2021.0,341233208000.0,广东省,
13537,513.0,丽珠集团,2021-12-31,2021.0,12063863272.98,广东省,
13538,531.0,穗恒运A,2021-12-31,2021.0,3928199761.11,广东省,
13539,533.0,顺钠股份,2021-12-31,2021.0,1458734801.26,广东省,
13540,534.0,万泽股份,2021-12-31,2021.0,656255549.8,广东省,
13541,539.0,粤电力A,2021-12-31,2021.0,44167223887.0,广东省,
13542,541.0,佛山照明,2021-12-31,2021.0,4772690469.14,广东省,
13543,576.0,甘化科工,2021-12-31,2021.0,539626377.05,广东省,
13544,601.0,韶能股份,2021-12-31,2021.0,3966084621.64,广东省,
13545,636.0,风华高科,2021-12-31,2021.0,5055059922.78,广东省,
13546,651.0,格力电器,2021-12-31,2021.0,187868874892.71,广东省,
13547,685.0,中山公用,2021-12-31,2021.0,2370688422.91,广东省,
13548,690.0,宝新能源,2021-12-31,2021.0,9410648533.02,广东省,
13549,782.0,美达股份,2021-12-31,2021.0,3320195262.18,广东省,
13550,823.0,超声电子,2021-12-31,2021.0,6731163635.34,广东省,
13551,921.0,海信家电,2021-12-31,2021.0,67562603666.81,广东省,
13552,999.0,华润三九,2021-12-31,2021.0,15319993634.64,广东省,
13553,1212.0,中旗新材,2021-12-31,2021.0,724605678.91,广东省,
13554,2005.0,ST 德豪,2021-12-31,2021.0,2078480320.6,广东省,
13555,2008.0,大族激光,2021-12-31,2021.0,16332335530.72,广东省,
13556,2017.0,东信和平,2021-12-31,2021.0,1072485756.62,广东省,
13557,2030.0,达安基因,2021-12-31,2021.0,7664262202.27,广东省,
13558,2031.0,巨轮智能,2021-12-31,2021.0,2208794911.54,广东省,
13559,2035.0,华帝股份,2021-12-31,2021.0,5587867582.43,广东省,
13560,2045.0,国光电器,2021-12-31,2021.0,4815385909.81,广东省,
13561,2052.0,ST 同洲,2021-12-31,2021.0,139244438.79,广东省,
13562,2055.0,得润电子,2021-12-31,2021.0,7586755070.09,广东省,
13563,2076.0,ST 雪莱,2021-12-31,2021.0,155484985.04,广东省,
13564,2106.0,莱宝高科,2021-12-31,2021.0,7682304459.54,广东省,
13565,2121.0,科陆电子,2021-12-31,2021.0,3198161919.73,广东省,
13566,2130.0,沃尔核材,2021-12-31,2021.0,5406550857.81,广东省,
13567,2137.0,实益达,2021-12-31,2021.0,921369298.86,广东省,
13568,2138.0,顺络电子,2021-12-31,2021.0,4577317517.81,广东省,
13569,2139.0,拓邦股份,2021-12-31,2021.0,7767034835.03,广东省,
13570,2141.0,贤丰控股,2021-12-31,2021.0,1469710678.1,广东省,
13571,2152.0,广电运通,2021-12-31,2021.0,6781835070.11,广东省,
13572,2161.0,远望谷,2021-12-31,2021.0,492247444.78,广东省,
13573,2167.0,东方锆业,2021-12-31,2021.0,1286303349.25,广东省,
13574,2169.0,智光电气,2021-12-31,2021.0,1889163024.71,广东省,
13575,2177.0,御银股份,2021-12-31,2021.0,85885255.91,广东省,
13576,2180.0,纳思达,2021-12-31,2021.0,22791658469.68,广东省,
13577,2198.0,嘉应制药,2021-12-31,2021.0,574713387.08,广东省,
13578,2209.0,达意隆,2021-12-31,2021.0,1062820876.03,广东省,
13579,2218.0,拓日新能,2021-12-31,2021.0,1423655546.46,广东省,
13580,2227.0,奥特迅,2021-12-31,2021.0,287996193.35,广东省,
13581,2233.0,塔牌集团,2021-12-31,2021.0,7713401719.68,广东省,
13582,2240.0,盛新锂能,2021-12-31,2021.0,2934272468.13,广东省,
13583,2249.0,大洋电机,2021-12-31,2021.0,10017287286.38,广东省,
13584,2256.0,兆新股份,2021-12-31,2021.0,339869916.91,广东省,
13585,2260.0,*ST 德奥,2021-12-31,2021.0,615166981.64,广东省,
13586,2288.0,超华科技,2021-12-31,2021.0,2472378304.2,广东省,
13587,2289.0,宇顺电子,2021-12-31,2021.0,183859666.59,广东省,
13588,2294.0,信立泰,2021-12-31,2021.0,3058392041.37,广东省,
13589,2295.0,精艺股份,2021-12-31,2021.0,6715535791.49,广东省,
13590,2308.0,威创股份,2021-12-31,2021.0,688643272.31,广东省,
13591,2313.0,日海智能,2021-12-31,2021.0,4714566201.99,广东省,
13592,2317.0,众生药业,2021-12-31,2021.0,2429095463.72,广东省,
13593,2334.0,英威腾,2021-12-31,2021.0,3008775063.58,广东省,
13594,2351.0,漫步者,2021-12-31,2021.0,2303667858.71,广东省,
13595,2369.0,卓翼科技,2021-12-31,2021.0,2495227363.49,广东省,
13596,2387.0,维信诺,2021-12-31,2021.0,4544470602.59,广东省,
13597,2388.0,新亚制程,2021-12-31,2021.0,2264843603.09,广东省,
13598,2399.0,海普瑞,2021-12-31,2021.0,6365177483.41,广东省,
13599,2402.0,和而泰,2021-12-31,2021.0,5985847042.59,广东省,
13600,2429.0,兆驰股份,2021-12-31,2021.0,22538110055.54,广东省,
13601,2433.0,太安堂,2021-12-31,2021.0,2264341104.18,广东省,
13602,2436.0,兴森科技,2021-12-31,2021.0,5039987053.24,广东省,
13603,2446.0,盛路通信,2021-12-31,2021.0,962082915.09,广东省,
13604,2449.0,国星光电,2021-12-31,2021.0,3806347366.24,广东省,
13605,2456.0,欧菲光,2021-12-31,2021.0,22843942947.19,广东省,
13606,2465.0,海格通信,2021-12-31,2021.0,5474145059.01,广东省,
13607,2475.0,立讯精密,2021-12-31,2021.0,153946097790.4,广东省,
13608,2512.0,达华智能,2021-12-31,2021.0,2241099311.62,广东省,
13609,2518.0,科士达,2021-12-31,2021.0,2805919771.7,广东省,
13610,2528.0,英飞拓,2021-12-31,2021.0,3009298404.77,广东省,
13611,2543.0,万和电气,2021-12-31,2021.0,7527138468.85,广东省,
13612,2551.0,尚荣医疗,2021-12-31,2021.0,1790296234.9,广东省,
13613,2577.0,雷柏科技,2021-12-31,2021.0,486804032.01,广东省,
13614,2579.0,中京电子,2021-12-31,2021.0,2944827496.44,广东省,
13615,2583.0,海能达,2021-12-31,2021.0,5719034566.29,广东省,
13616,2587.0,奥拓电子,2021-12-31,2021.0,965785955.45,广东省,
13617,2600.0,领益智造,2021-12-31,2021.0,30384494153.3,广东省,
13618,2611.0,东方精工,2021-12-31,2021.0,3524734783.94,广东省,
13619,2618.0,*ST 丹邦,2021-12-31,2021.0,116244702.53,广东省,
13620,2638.0,勤上股份,2021-12-31,2021.0,1050146905.42,广东省,
13621,2660.0,茂硕电源,2021-12-31,2021.0,1625883691.81,广东省,
13622,2668.0,ST 奥马,2021-12-31,2021.0,10122102090.03,广东省,
13623,2681.0,奋达科技,2021-12-31,2021.0,4167849621.2,广东省,
13624,2684.0,*ST 猛狮,2021-12-31,2021.0,947106887.02,广东省,
13625,2705.0,新宝股份,2021-12-31,2021.0,14912387585.69,广东省,
13626,2723.0,金莱特,2021-12-31,2021.0,1320523787.96,广东省,
13627,2724.0,海洋王,2021-12-31,2021.0,2112617716.36,广东省,
13628,2728.0,特一药业,2021-12-31,2021.0,758160497.71,广东省,
13629,2733.0,雄韬股份,2021-12-31,2021.0,3110278798.04,广东省,
13630,2745.0,木林森,2021-12-31,2021.0,18614613547.32,广东省,
13631,2757.0,南兴股份,2021-12-31,2021.0,2776783416.02,广东省,
13632,2759.0,天际股份,2021-12-31,2021.0,2252564970.63,广东省,
13633,2766.0,*ST 索菱,2021-12-31,2021.0,761957591.78,广东省,
13634,2774.0,快意电梯,2021-12-31,2021.0,1984244673.57,广东省,
13635,2782.0,可立克,2021-12-31,2021.0,1648921738.25,广东省,
13636,2786.0,银宝山新,2021-12-31,2021.0,2674048397.73,广东省,
13637,2792.0,通宇通讯,2021-12-31,2021.0,1386729249.89,广东省,
13638,2806.0,华锋股份,2021-12-31,2021.0,688113674.56,广东省,
13639,2813.0,路畅科技,2021-12-31,2021.0,410355964.37,广东省,
13640,2815.0,崇达技术,2021-12-31,2021.0,5995769518.49,广东省,
13641,2816.0,和科达,2021-12-31,2021.0,200191296.36,广东省,
13642,2823.0,凯中精密,2021-12-31,2021.0,2447356202.97,广东省,
13643,2824.0,和胜股份,2021-12-31,2021.0,2410228581.04,广东省,
13644,2833.0,弘亚数控,2021-12-31,2021.0,2370694539.96,广东省,
13645,2835.0,同为股份,2021-12-31,2021.0,1003753114.52,广东省,
13646,2837.0,英维克,2021-12-31,2021.0,2228220907.71,广东省,
13647,2841.0,视源股份,2021-12-31,2021.0,21225711766.91,广东省,
13648,2842.0,翔鹭钨业,2021-12-31,2021.0,1524401033.47,广东省,
13649,2845.0,同兴达,2021-12-31,2021.0,12860424157.98,广东省,
13650,2851.0,麦格米特,2021-12-31,2021.0,4155737650.65,广东省,
13651,2855.0,捷荣技术,2021-12-31,2021.0,3091816896.35,广东省,
13652,2869.0,金溢科技,2021-12-31,2021.0,301555088.53,广东省,
13653,2876.0,三利谱,2021-12-31,2021.0,2303962192.7,广东省,
13654,2880.0,卫光生物,2021-12-31,2021.0,907434715.73,广东省,
13655,2881.0,美格智能,2021-12-31,2021.0,1969075012.05,广东省,
13656,2882.0,金龙羽,2021-12-31,2021.0,4589569338.67,广东省,
13657,2884.0,凌霄泵业,2021-12-31,2021.0,2062880131.93,广东省,
13658,2885.0,京泉华,2021-12-31,2021.0,1909574153.54,广东省,
13659,2888.0,惠威科技,2021-12-31,2021.0,289474305.87,广东省,
13660,2898.0,赛隆药业,2021-12-31,2021.0,247078587.51,广东省,
13661,2902.0,铭普光磁,2021-12-31,2021.0,2234042600.8,广东省,
13662,2906.0,华阳集团,2021-12-31,2021.0,4488269547.2,广东省,
13663,2911.0,佛燃能源,2021-12-31,2021.0,13531177503.52,广东省,
13664,2916.0,深南电路,2021-12-31,2021.0,13942521948.74,广东省,
13665,2918.0,蒙娜丽莎,2021-12-31,2021.0,6986521255.63,广东省,
13666,2922.0,伊戈尔,2021-12-31,2021.0,2230103076.67,广东省,
13667,2923.0,润都股份,2021-12-31,2021.0,1189926867.84,广东省,
13668,2938.0,鹏鼎控股,2021-12-31,2021.0,33314849220.68,广东省,
13669,2953.0,日丰股份,2021-12-31,2021.0,3216501256.41,广东省,
13670,2957.0,科瑞技术,2021-12-31,2021.0,2161223057.27,广东省,
13671,2959.0,小熊电器,2021-12-31,2021.0,3606340290.35,广东省,
13672,2972.0,科安达,2021-12-31,2021.0,400845732.27,广东省,
13673,2975.0,博杰股份,2021-12-31,2021.0,1214036104.64,广东省,
13674,2979.0,雷赛智能,2021-12-31,2021.0,1203158184.15,广东省,
13675,2980.0,华盛昌,2021-12-31,2021.0,740051644.74,广东省,
13676,2981.0,朝阳科技,2021-12-31,2021.0,1309618586.79,广东省,
13677,2988.0,豪美新材,2021-12-31,2021.0,5599511474.75,广东省,
13678,2992.0,宝明科技,2021-12-31,2021.0,1115367986.58,广东省,
13679,2993.0,奥海科技,2021-12-31,2021.0,4245275728.6,广东省,
13680,3012.0,东鹏控股,2021-12-31,2021.0,7978663417.5,广东省,
13681,3021.0,兆威机电,2021-12-31,2021.0,1139999360.37,广东省,
13682,3028.0,振邦智能,2021-12-31,2021.0,1317232528.23,广东省,
13683,3037.0,三和管桩,2021-12-31,2021.0,8169524529.67,广东省,
13684,3039.0,顺控发展,2021-12-31,2021.0,1338118782.03,广东省,
13685,3040.0,楚天龙,2021-12-31,2021.0,1308784880.81,广东省,
13686,3816.0,中国广核,2021-12-31,2021.0,80678744757.95,广东省,
13687,300004.0,南风股份,2021-12-31,2021.0,842239960.46,广东省,
13688,300014.0,亿纬锂能,2021-12-31,2021.0,16899804086.38,广东省,
13689,300030.0,阳普医疗,2021-12-31,2021.0,799833986.91,广东省,
13690,300042.0,朗科科技,2021-12-31,2021.0,1912861727.66,广东省,
13691,300053.0,欧比特,2021-12-31,2021.0,696010561.61,广东省,
13692,300057.0,万顺新材,2021-12-31,2021.0,5437457033.13,广东省,
13693,300077.0,国民技术,2021-12-31,2021.0,1017608714.04,广东省,
13694,300083.0,创世纪,2021-12-31,2021.0,5261746246.01,广东省,
13695,300089.0,ST 文化,2021-12-31,2021.0,75771159.37,广东省,
13696,300093.0,金刚玻璃,2021-12-31,2021.0,320734662.2,广东省,
13697,300112.0,万讯自控,2021-12-31,2021.0,947633766.56,广东省,
13698,300115.0,长盈精密,2021-12-31,2021.0,11046514987.54,广东省,
13699,300124.0,汇川技术,2021-12-31,2021.0,17943256595.29,广东省,
13700,300130.0,新国都,2021-12-31,2021.0,3611738606.63,广东省,
13701,300134.0,大富科技,2021-12-31,2021.0,2366403116.45,广东省,
13702,300136.0,信维通信,2021-12-31,2021.0,7581399622.75,广东省,
13703,300147.0,香雪制药,2021-12-31,2021.0,2970575841.91,广东省,
13704,300151.0,昌红科技,2021-12-31,2021.0,1127382018.7,广东省,
13705,300154.0,瑞凌股份,2021-12-31,2021.0,1082667085.15,广东省,
13706,300155.0,安居宝,2021-12-31,2021.0,759399709.42,广东省,
13707,300162.0,雷曼光电,2021-12-31,2021.0,1303357407.04,广东省,
13708,300173.0,福能东方,2021-12-31,2021.0,1164422623.97,广东省,
13709,300177.0,中海达,2021-12-31,2021.0,1795696869.1,广东省,
13710,300193.0,佳士科技,2021-12-31,2021.0,1249347145.27,广东省,
13711,300199.0,翰宇药业,2021-12-31,2021.0,735971144.61,广东省,
13712,300206.0,理邦仪器,2021-12-31,2021.0,1636411042.84,广东省,
13713,300207.0,欣旺达,2021-12-31,2021.0,37358723512.07,广东省,
13714,300219.0,鸿利智汇,2021-12-31,2021.0,4075214930.83,广东省,
13715,300227.0,光韵达,2021-12-31,2021.0,930266763.83,广东省,
13716,300232.0,洲明科技,2021-12-31,2021.0,7229094198.97,广东省,
13717,300238.0,冠昊生物,2021-12-31,2021.0,488981886.96,广东省,
13718,300241.0,瑞丰光电,2021-12-31,2021.0,1472237260.89,广东省,
13719,300246.0,宝莱特,2021-12-31,2021.0,1091018434.97,广东省,
13720,300252.0,金信诺,2021-12-31,2021.0,2733794724.43,广东省,
13721,300273.0,和佳医疗,2021-12-31,2021.0,634717224.72,广东省,
13722,300281.0,金明精机,2021-12-31,2021.0,523273453.58,广东省,
13723,300301.0,长方集团,2021-12-31,2021.0,1588688241.27,广东省,
13724,300303.0,聚飞光电,2021-12-31,2021.0,2371349276.39,广东省,
13725,300317.0,珈伟新能,2021-12-31,2021.0,579596607.39,广东省,
13726,300319.0,麦捷科技,2021-12-31,2021.0,3318357060.0,广东省,
13727,300322.0,硕贝德,2021-12-31,2021.0,1954123946.44,广东省,
13728,300335.0,迪森股份,2021-12-31,2021.0,1249081804.25,广东省,
13729,300340.0,科恒股份,2021-12-31,2021.0,3330642471.02,广东省,
13730,300376.0,易事特,2021-12-31,2021.0,4297004779.15,广东省,
13731,300381.0,溢多利,2021-12-31,2021.0,1892160336.27,广东省,
13732,300389.0,艾比森,2021-12-31,2021.0,2328147853.05,广东省,
13733,300400.0,劲拓股份,2021-12-31,2021.0,989178447.86,广东省,
13734,300403.0,汉宇集团,2021-12-31,2021.0,1128005946.58,广东省,
13735,300408.0,三环集团,2021-12-31,2021.0,6218042006.78,广东省,
13736,300409.0,道氏技术,2021-12-31,2021.0,6569192183.21,广东省,
13737,300410.0,正业科技,2021-12-31,2021.0,1459900056.83,广东省,
13738,300415.0,伊之密,2021-12-31,2021.0,3532869321.42,广东省,
13739,300417.0,南华仪器,2021-12-31,2021.0,182145970.76,广东省,
13740,300438.0,鹏辉能源,2021-12-31,2021.0,5692893584.13,广东省,
13741,300457.0,赢合科技,2021-12-31,2021.0,5201618929.74,广东省,
13742,300458.0,全志科技,2021-12-31,2021.0,2065356818.73,广东省,
13743,300460.0,惠伦晶体,2021-12-31,2021.0,655368803.03,广东省,
13744,300476.0,胜宏科技,2021-12-31,2021.0,7432014584.88,广东省,
13745,300482.0,万孚生物,2021-12-31,2021.0,3361043277.33,广东省,
13746,300484.0,蓝海华腾,2021-12-31,2021.0,511913069.93,广东省,
13747,300499.0,高澜股份,2021-12-31,2021.0,1679257597.31,广东省,
13748,300503.0,昊志机电,2021-12-31,2021.0,1152646227.77,广东省,
13749,300514.0,友讯达,2021-12-31,2021.0,865919886.42,广东省,
13750,300521.0,爱司凯,2021-12-31,2021.0,153399734.29,广东省,
13751,300526.0,中潜股份,2021-12-31,2021.0,25874146.74,广东省,
13752,300529.0,健帆生物,2021-12-31,2021.0,2675454460.17,广东省,
13753,300531.0,优博讯,2021-12-31,2021.0,1416568775.67,广东省,
13754,300543.0,朗科智能,2021-12-31,2021.0,2330699926.27,广东省,
13755,300545.0,联得装备,2021-12-31,2021.0,886810999.26,广东省,
13756,300546.0,雄帝科技,2021-12-31,2021.0,472998867.89,广东省,
13757,300562.0,乐心医疗,2021-12-31,2021.0,1821072459.44,广东省,
13758,300565.0,科信技术,2021-12-31,2021.0,704947250.67,广东省,
13759,300570.0,太辰光,2021-12-31,2021.0,646326821.22,广东省,
13760,300572.0,安车检测,2021-12-31,2021.0,473311882.2,广东省,
13761,300601.0,康泰生物,2021-12-31,2021.0,3652094896.12,广东省,
13762,300602.0,飞荣达,2021-12-31,2021.0,3058008673.79,广东省,
13763,300606.0,金太阳,2021-12-31,2021.0,447021874.16,广东省,
13764,300607.0,拓斯达,2021-12-31,2021.0,3292734230.03,广东省,
13765,300615.0,欣天科技,2021-12-31,2021.0,276749401.34,广东省,
13766,300619.0,金银河,2021-12-31,2021.0,1149794171.4,广东省,
13767,300620.0,光库科技,2021-12-31,2021.0,667799589.17,广东省,
13768,300625.0,三雄极光,2021-12-31,2021.0,2708642043.88,广东省,
13769,300629.0,新劲刚,2021-12-31,2021.0,360297602.18,广东省,
13770,300633.0,开立医疗,2021-12-31,2021.0,1444597628.09,广东省,
13771,300638.0,广和通,2021-12-31,2021.0,4109313122.41,广东省,
13772,300639.0,凯普生物,2021-12-31,2021.0,2673022953.56,广东省,
13773,300647.0,超频三,2021-12-31,2021.0,579585637.14,广东省,
13774,300656.0,民德电子,2021-12-31,2021.0,546284194.43,广东省,
13775,300679.0,电连技术,2021-12-31,2021.0,3245720418.35,广东省,
13776,300681.0,英搏尔,2021-12-31,2021.0,975799834.43,广东省,
13777,300686.0,智动力,2021-12-31,2021.0,2166021668.21,广东省,
13778,300689.0,澄天伟业,2021-12-31,2021.0,423042881.82,广东省,
13779,300691.0,联合光电,2021-12-31,2021.0,1635162213.2,广东省,
13780,300693.0,盛弘股份,2021-12-31,2021.0,1021384948.83,广东省,
13781,300711.0,广哈通信,2021-12-31,2021.0,345870602.52,广东省,
13782,300713.0,英可瑞,2021-12-31,2021.0,255273349.77,广东省,
13783,300720.0,海川智能,2021-12-31,2021.0,252672652.42,广东省,
13784,300723.0,一品红,2021-12-31,2021.0,2199214423.42,广东省,
13785,300724.0,捷佳伟创,2021-12-31,2021.0,5047209787.16,广东省,
13786,300735.0,光弘科技,2021-12-31,2021.0,3603618375.28,广东省,
13787,300737.0,科顺股份,2021-12-31,2021.0,7770724151.68,广东省,
13788,300739.0,明阳电路,2021-12-31,2021.0,1854089273.4,广东省,
13789,300752.0,隆利科技,2021-12-31,2021.0,1975929423.72,广东省,
13790,300760.0,迈瑞医疗,2021-12-31,2021.0,25269580818.0,广东省,
13791,300769.0,德方纳米,2021-12-31,2021.0,4841878273.53,广东省,
13792,300771.0,智莱科技,2021-12-31,2021.0,1257891243.35,广东省,
13793,300790.0,宇瞳光学,2021-12-31,2021.0,2061738934.34,广东省,
13794,300793.0,佳禾智能,2021-12-31,2021.0,2733716445.98,广东省,
13795,300808.0,久量股份,2021-12-31,2021.0,628877958.08,广东省,
13796,300811.0,铂科新材,2021-12-31,2021.0,725889060.83,广东省,
13797,300812.0,易天股份,2021-12-31,2021.0,483873028.29,广东省,
13798,300814.0,中富电路,2021-12-31,2021.0,1440351927.97,广东省,
13799,300822.0,贝仕达克,2021-12-31,2021.0,1080977194.85,广东省,
13800,300824.0,北鼎股份,2021-12-31,2021.0,846913164.92,广东省,
13801,300832.0,新产业,2021-12-31,2021.0,2545415315.72,广东省,
13802,300833.0,浩洋股份,2021-12-31,2021.0,618139522.07,广东省,
13803,300843.0,胜蓝股份,2021-12-31,2021.0,1302801245.66,广东省,
13804,300852.0,四会富仕,2021-12-31,2021.0,1049691389.09,广东省,
13805,300857.0,协创数据,2021-12-31,2021.0,2959893173.98,广东省,
13806,300870.0,欧陆通,2021-12-31,2021.0,2571948034.7,广东省,
13807,300876.0,蒙泰高新,2021-12-31,2021.0,396746360.06,广东省,
13808,300889.0,爱克股份,2021-12-31,2021.0,1132144731.16,广东省,
13809,300890.0,翔丰华,2021-12-31,2021.0,1118240808.36,广东省,
13810,300903.0,科翔股份,2021-12-31,2021.0,2252597520.88,广东省,
13811,300909.0,汇创达,2021-12-31,2021.0,827204571.36,广东省,
13812,300916.0,朗特智能,2021-12-31,2021.0,960030639.8,广东省,
13813,300932.0,三友联众,2021-12-31,2021.0,1692380764.52,广东省,
13814,300939.0,秋田微,2021-12-31,2021.0,1111485303.92,广东省,
13815,300940.0,南极光,2021-12-31,2021.0,942759604.71,广东省,
13816,300942.0,易瑞生物,2021-12-31,2021.0,597539623.17,广东省,
13817,300951.0,博硕科技,2021-12-31,2021.0,835920993.52,广东省,
13818,300968.0,格林精密,2021-12-31,2021.0,1423332413.95,广东省,
13819,300976.0,达瑞电子,2021-12-31,2021.0,1214166195.62,广东省,
13820,300991.0,创益通,2021-12-31,2021.0,499198727.42,广东省,
13821,301002.0,崧盛股份,2021-12-31,2021.0,1100830066.78,广东省,
13822,301013.0,利和兴,2021-12-31,2021.0,433303369.39,广东省,
13823,301018.0,申菱环境,2021-12-31,2021.0,1798131878.82,广东省,
13824,301021.0,英诺激光,2021-12-31,2021.0,390976202.73,广东省,
13825,301029.0,怡合达,2021-12-31,2021.0,1802820702.23,广东省,
13826,301033.0,迈普医学,2021-12-31,2021.0,153785686.53,广东省,
13827,301041.0,金百泽,2021-12-31,2021.0,699431896.24,广东省,
13828,301042.0,安联锐视,2021-12-31,2021.0,867920910.23,广东省,
13829,301043.0,绿岛风,2021-12-31,2021.0,551454889.48,广东省,
13830,301051.0,信濠光电,2021-12-31,2021.0,1876776865.34,广东省,
13831,301067.0,显盈科技,2021-12-31,2021.0,569292340.8,广东省,
13832,301086.0,鸿富瀚,2021-12-31,2021.0,739553412.57,广东省,
13833,301111.0,粤万年青,2021-12-31,2021.0,349788913.72,广东省,
13834,301123.0,奕东电子,2021-12-31,2021.0,1500228718.35,广东省,
13835,301128.0,强瑞技术,2021-12-31,2021.0,422471846.67,广东省,
13836,301138.0,华研精机,2021-12-31,2021.0,558703416.19,广东省,
13837,301189.0,奥尼电子,2021-12-31,2021.0,957640020.32,广东省,
13838,301200.0,大族数控,2021-12-31,2021.0,4080562430.11,广东省,
13839,430556.0,雅达股份,2021-12-31,2021.0,323927292.49,广东省,
13840,600098.0,广州发展,2021-12-31,2021.0,37910132686.01,广东省,
13841,600183.0,生益科技,2021-12-31,2021.0,20274262977.87,广东省,
13842,600332.0,白云山,2021-12-31,2021.0,69014052347.03,广东省,
13843,600380.0,健康元,2021-12-31,2021.0,15903688266.59,广东省,
13844,600499.0,科达制造,2021-12-31,2021.0,9796679728.43,广东省,
13845,600518.0,*ST 康美,2021-12-31,2021.0,4152521099.09,广东省,
13846,600525.0,长园集团,2021-12-31,2021.0,6063213805.61,广东省,
13847,600868.0,梅雁吉祥,2021-12-31,2021.0,348457577.02,广东省,
13848,600894.0,广日股份,2021-12-31,2021.0,7766847972.42,广东省,
13849,601138.0,工业富联,2021-12-31,2021.0,439557195000.0,广东省,
13850,601139.0,深圳燃气,2021-12-31,2021.0,21414734213.1,广东省,
13851,601615.0,明阳智能,2021-12-31,2021.0,27158048361.4,广东省,
13852,603002.0,宏昌电子,2021-12-31,2021.0,4452711902.1,广东省,
13853,603063.0,禾望电气,2021-12-31,2021.0,2103879100.21,广东省,
13854,603118.0,共进股份,2021-12-31,2021.0,10808249363.33,广东省,
13855,603160.0,汇顶科技,2021-12-31,2021.0,5712871793.38,广东省,
13856,603228.0,景旺电子,2021-12-31,2021.0,9532422463.08,广东省,
13857,603268.0,松发股份,2021-12-31,2021.0,402972992.08,广东省,
13858,603309.0,维力医疗,2021-12-31,2021.0,1118570938.92,广东省,
13859,603328.0,依顿电子,2021-12-31,2021.0,2908117598.26,广东省,
13860,603386.0,广东骏亚,2021-12-31,2021.0,2726901374.99,广东省,
13861,603390.0,通达电气,2021-12-31,2021.0,540333094.55,广东省,
13862,603725.0,天安新材,2021-12-31,2021.0,2064562405.41,广东省,
13863,603838.0,四通股份,2021-12-31,2021.0,378010133.52,广东省,
13864,603861.0,白云电器,2021-12-31,2021.0,3512769517.07,广东省,
13865,603920.0,世运电路,2021-12-31,2021.0,3759172134.71,广东省,
13866,603936.0,博敏电子,2021-12-31,2021.0,3520660207.12,广东省,
13867,603978.0,深圳新星,2021-12-31,2021.0,1375705908.24,广东省,
13868,688007.0,光峰科技,2021-12-31,2021.0,2498228401.78,广东省,
13869,688020.0,方邦股份,2021-12-31,2021.0,286190511.09,广东省,
13870,688025.0,杰普特,2021-12-31,2021.0,1199378769.14,广东省,
13871,688036.0,传音控股,2021-12-31,2021.0,49411901654.03,广东省,
13872,688049.0,炬芯科技,2021-12-31,2021.0,526267171.76,广东省,
13873,688086.0,紫晶存储,2021-12-31,2021.0,457935840.45,广东省,
13874,688090.0,瑞松科技,2021-12-31,2021.0,931125068.6,广东省,
13875,688112.0,鼎阳科技,2021-12-31,2021.0,303823156.3,广东省,
13876,688128.0,中国电研,2021-12-31,2021.0,3407454548.42,广东省,
13877,688135.0,利扬芯片,2021-12-31,2021.0,391198103.07,广东省,
13878,688138.0,清溢光电,2021-12-31,2021.0,543912423.04,广东省,
13879,688148.0,芳源股份,2021-12-31,2021.0,2069563235.71,广东省,
13880,688159.0,有方科技,2021-12-31,2021.0,1024558178.66,广东省,
13881,688175.0,高凌信息,2021-12-31,2021.0,495249996.54,广东省,
13882,688177.0,百奥泰,2021-12-31,2021.0,836578620.84,广东省,
13883,688183.0,生益电子,2021-12-31,2021.0,3647394627.95,广东省,
13884,688208.0,道通科技,2021-12-31,2021.0,2253712738.59,广东省,
13885,688210.0,统联精密,2021-12-31,2021.0,354533625.45,广东省,
13886,688216.0,气派科技,2021-12-31,2021.0,809363651.36,广东省,
13887,688312.0,燕麦科技,2021-12-31,2021.0,427554397.42,广东省,
13888,688321.0,微芯生物,2021-12-31,2021.0,430449990.57,广东省,
13889,688328.0,深科达,2021-12-31,2021.0,910920747.11,广东省,
13890,688345.0,博力威,2021-12-31,2021.0,2216819092.84,广东省,
13891,688383.0,新益昌,2021-12-31,2021.0,1196636273.34,广东省,
13892,688388.0,嘉元科技,2021-12-31,2021.0,2804179482.94,广东省,
13893,688389.0,普门科技,2021-12-31,2021.0,778107053.62,广东省,
13894,688393.0,安必平,2021-12-31,2021.0,438988843.57,广东省,
13895,688395.0,正弦电气,2021-12-31,2021.0,445450482.11,广东省,
13896,688418.0,震有科技,2021-12-31,2021.0,464294559.75,广东省,
13897,688499.0,利元亨,2021-12-31,2021.0,2331349001.63,广东省,
13898,688518.0,联赢激光,2021-12-31,2021.0,1399752947.57,广东省,
13899,688559.0,海目星,2021-12-31,2021.0,1984330736.02,广东省,
13900,688575.0,亚辉龙,2021-12-31,2021.0,1177896227.39,广东省,
13901,688595.0,芯海科技,2021-12-31,2021.0,659081215.92,广东省,
13902,688609.0,九联科技,2021-12-31,2021.0,2795929715.06,广东省,
13903,688617.0,惠泰医疗,2021-12-31,2021.0,828687880.94,广东省,
13904,688618.0,三旺通信,2021-12-31,2021.0,253851727.43,广东省,
13905,688622.0,禾信仪器,2021-12-31,2021.0,464237256.58,广东省,
13906,688628.0,优利德,2021-12-31,2021.0,842147050.18,广东省,
13907,688655.0,迅捷兴,2021-12-31,2021.0,564067210.66,广东省,
13908,688662.0,富信科技,2021-12-31,2021.0,696661016.21,广东省,
13909,688668.0,鼎通科技,2021-12-31,2021.0,567986517.52,广东省,
13910,688683.0,莱尔科技,2021-12-31,2021.0,455042332.42,广东省,
13911,688686.0,奥普特,2021-12-31,2021.0,875052964.66,广东省,
13912,688772.0,珠海冠宇,2021-12-31,2021.0,10339957317.62,广东省,
13913,688788.0,科思科技,2021-12-31,2021.0,610298097.81,广东省,
13914,688793.0,倍轻松,2021-12-31,2021.0,1189539638.54,广东省,
13915,831167.0,鑫汇科,2021-12-31,2021.0,741617137.48,广东省,
13916,832110.0,雷特科技,2021-12-31,2021.0,151533637.07,广东省,
13917,832491.0,奥迪威,2021-12-31,2021.0,416025798.7,广东省,
13918,832876.0,慧为智能,2021-12-31,2021.0,439985383.22,广东省,
13919,833523.0,德瑞锂电,2021-12-31,2021.0,221392080.17,广东省,
13920,835185.0,贝特瑞,2021-12-31,2021.0,10491350091.12,广东省,
13921,836807.0,奔朗新材,2021-12-31,2021.0,773128309.27,广东省,
13922,837821.0,则成电子,2021-12-31,2021.0,331984547.69,广东省,
13923,839729.0,永顺生物,2021-12-31,2021.0,363525642.57,广东省,
13924,872374.0,云里物里,2021-12-31,2021.0,206795307.63,广东省,
13925,872925.0,锦好医疗,2021-12-31,2021.0,191946299.04,广东省,
13926,873001.0,纬达光电,2021-12-31,2021.0,267303415.39,广东省,
13927,,,,,3255118844044.12,广东省 汇总,
13928,528.0,柳工,2021-12-31,2021.0,28700729485.25,广西壮族自治区,
13929,703.0,恒逸石化,2021-12-31,2021.0,128979539693.27,广西壮族自治区,
13930,806.0,ST 银河,2021-12-31,2021.0,1144044512.46,广西壮族自治区,
13931,953.0,河化股份,2021-12-31,2021.0,162273039.66,广西壮族自治区,
13932,2166.0,莱茵生物,2021-12-31,2021.0,1053235426.39,广西壮族自治区,
13933,2175.0,*ST 东网,2021-12-31,2021.0,233807874.73,广西壮族自治区,
13934,2275.0,桂林三金,2021-12-31,2021.0,1741224552.65,广西壮族自治区,
13935,600236.0,桂冠电力,2021-12-31,2021.0,8414290033.69,广西壮族自治区,
13936,600252.0,中恒集团,2021-12-31,2021.0,3161843646.17,广西壮族自治区,
13937,600310.0,桂东电力,2021-12-31,2021.0,17079988516.19,广西壮族自治区,
13938,601368.0,绿城水务,2021-12-31,2021.0,2081489328.71,广西壮族自治区,
13939,832885.0,星辰科技,2021-12-31,2021.0,141862903.73,广西壮族自治区,
13940,,,,,192894329012.9,广西壮族自治区 汇总,
13941,733.0,振华科技,2021-12-31,2021.0,5655971824.78,贵州省,
13942,2025.0,航天电器,2021-12-31,2021.0,5037852150.75,贵州省,
13943,2039.0,黔源电力,2021-12-31,2021.0,2036096381.52,贵州省,
13944,2390.0,信邦制药,2021-12-31,2021.0,6471866334.96,贵州省,
13945,2424.0,贵州百灵,2021-12-31,2021.0,3111649547.82,贵州省,
13946,2873.0,新天药业,2021-12-31,2021.0,969844472.18,贵州省,
13947,2927.0,泰永长征,2021-12-31,2021.0,953380930.66,贵州省,
13948,300919.0,中伟股份,2021-12-31,2021.0,20072491322.92,贵州省,
13949,600112.0,*ST 天成,2021-12-31,2021.0,117955159.62,贵州省,
13950,600227.0,圣济堂,2021-12-31,2021.0,2181369746.32,贵州省,
13951,600594.0,益佰制药,2021-12-31,2021.0,3346704605.71,贵州省,
13952,600903.0,贵州燃气,2021-12-31,2021.0,5087656198.23,贵州省,
13953,603439.0,贵州三力,2021-12-31,2021.0,938966120.18,贵州省,
13954,830809.0,安达科技,2021-12-31,2021.0,1577128058.3,贵州省,
13955,,,,,57558932853.95,贵州省 汇总,
13956,566.0,海南海药,2021-12-31,2021.0,2059062761.85,海南省,
13957,657.0,中钨高新,2021-12-31,2021.0,12093580292.77,海南省,
13958,2596.0,海南瑞泽,2021-12-31,2021.0,2778490944.69,海南省,
13959,2693.0,双成药业,2021-12-31,2021.0,320293514.52,海南省,
13960,300086.0,康芝药业,2021-12-31,2021.0,836565805.56,海南省,
13961,300630.0,普利制药,2021-12-31,2021.0,1298702775.37,海南省,
13962,605199.0,葫芦娃,2021-12-31,2021.0,1353793179.98,海南省,
13963,688676.0,金盘科技,2021-12-31,2021.0,3302576597.1,海南省,
13964,,,,,24043065871.84,海南省 汇总,
13965,401.0,冀东水泥,2021-12-31,2021.0,36337568644.17,河北省,
13966,413.0,东旭光电,2021-12-31,2021.0,5631943235.41,河北省,
13967,600.0,建投能源,2021-12-31,2021.0,15040803080.87,河北省,
13968,687.0,*ST 华讯,2021-12-31,2021.0,35031326.36,河北省,
13969,856.0,冀东装备,2021-12-31,2021.0,3450085039.85,河北省,
13970,2049.0,紫光国微,2021-12-31,2021.0,5342115108.65,河北省,
13971,2282.0,博深股份,2021-12-31,2021.0,1583424920.41,河北省,
13972,2459.0,晶澳科技,2021-12-31,2021.0,41301753627.9,河北省,
13973,2603.0,以岭药业,2021-12-31,2021.0,10116793937.78,河北省,
13974,2691.0,冀凯股份,2021-12-31,2021.0,356220998.74,河北省,
13975,2960.0,青鸟消防,2021-12-31,2021.0,3863392959.52,河北省,
13976,3031.0,中瓷电子,2021-12-31,2021.0,1013757238.17,河北省,
13977,300137.0,先河环保,2021-12-31,2021.0,1111157818.73,河北省,
13978,300255.0,常山药业,2021-12-31,2021.0,2968050842.32,河北省,
13979,300368.0,汇金股份,2021-12-31,2021.0,1592546854.95,河北省,
13980,300371.0,汇中股份,2021-12-31,2021.0,523536484.18,河北省,
13981,300491.0,通合科技,2021-12-31,2021.0,421068362.08,河北省,
13982,300847.0,中船汉光,2021-12-31,2021.0,1005741850.27,河北省,
13983,300869.0,康泰医学,2021-12-31,2021.0,908712161.62,河北省,
13984,300990.0,同飞股份,2021-12-31,2021.0,829432285.45,河北省,
13985,600149.0,廊坊发展,2021-12-31,2021.0,220813164.97,河北省,
13986,600550.0,保变电气,2021-12-31,2021.0,4139509091.64,河北省,
13987,600803.0,新奥股份,2021-12-31,2021.0,115919630000.0,河北省,
13988,600812.0,华北制药,2021-12-31,2021.0,10384575260.66,河北省,
13989,600956.0,新天绿能,2021-12-31,2021.0,15985268252.01,河北省,
13990,603050.0,科林电气,2021-12-31,2021.0,2039207683.1,河北省,
13991,603385.0,惠达卫浴,2021-12-31,2021.0,3892951142.37,河北省,
13992,605196.0,华通线缆,2021-12-31,2021.0,4397074711.88,河北省,
13993,835985.0,海泰新能,2021-12-31,2021.0,4528386454.46,河北省,
13994,,,,,294940552538.52,河北省 汇总,
13995,400.0,许继电气,2021-12-31,2021.0,11990697379.23,河南省,
13996,544.0,中原环保,2021-12-31,2021.0,6140484312.63,河南省,
13997,612.0,焦作万方,2021-12-31,2021.0,4917909771.65,河南省,
13998,933.0,神火股份,2021-12-31,2021.0,34451566769.76,河南省,
13999,949.0,新乡化纤,2021-12-31,2021.0,8740494707.2,河南省,
14000,1896.0,豫能控股,2021-12-31,2021.0,11906120269.92,河南省,
14001,2007.0,华兰生物,2021-12-31,2021.0,4436200125.41,河南省,
14002,2046.0,国机精工,2021-12-31,2021.0,3327889632.93,河南省,
14003,2179.0,中航光电,2021-12-31,2021.0,12866862661.2,河南省,
14004,2189.0,中光学,2021-12-31,2021.0,4128843559.86,河南省,
14005,2225.0,濮耐股份,2021-12-31,2021.0,4377856310.18,河南省,
14006,2296.0,辉煌科技,2021-12-31,2021.0,737168052.65,河南省,
14007,2358.0,ST 森源,2021-12-31,2021.0,1708191846.17,河南省,
14008,2535.0,ST 林重,2021-12-31,2021.0,454346863.56,河南省,
14009,2560.0,通达股份,2021-12-31,2021.0,2354539510.16,河南省,
14010,2613.0,北玻股份,2021-12-31,2021.0,1699049058.97,河南省,
14011,2857.0,三晖电气,2021-12-31,2021.0,219504975.24,河南省,
14012,300007.0,汉威科技,2021-12-31,2021.0,2316212044.89,河南省,
14013,300064.0,*ST 金刚,2021-12-31,2021.0,781725054.07,河南省,
14014,300080.0,易成新能,2021-12-31,2021.0,5777829210.48,河南省,
14015,300179.0,四方达,2021-12-31,2021.0,416894538.48,河南省,
14016,300259.0,新天科技,2021-12-31,2021.0,1193181912.35,河南省,
14017,300263.0,隆华科技,2021-12-31,2021.0,2209074850.35,河南省,
14018,300480.0,光力科技,2021-12-31,2021.0,530238265.74,河南省,
14019,300701.0,森霸传感,2021-12-31,2021.0,311349143.44,河南省,
14020,300807.0,天迈科技,2021-12-31,2021.0,232757525.16,河南省,
14021,300850.0,新强联,2021-12-31,2021.0,2476874367.22,河南省,
14022,301071.0,力量钻石,2021-12-31,2021.0,498351912.87,河南省,
14023,301089.0,拓新药业,2021-12-31,2021.0,502482146.82,河南省,
14024,301182.0,凯旺科技,2021-12-31,2021.0,615512487.89,河南省,
14025,301207.0,华兰疫苗,2021-12-31,2021.0,1829813885.72,河南省,
14026,600172.0,黄河旋风,2021-12-31,2021.0,2652332244.24,河南省,
14027,600207.0,安彩高科,2021-12-31,2021.0,3338522098.66,河南省,
14028,600222.0,太龙药业,2021-12-31,2021.0,1604516940.0,河南省,
14029,600285.0,羚锐制药,2021-12-31,2021.0,2693510918.29,河南省,
14030,600312.0,平高电气,2021-12-31,2021.0,9273310045.93,河南省,
14031,600531.0,豫光金铅,2021-12-31,2021.0,26890672927.28,河南省,
14032,600595.0,*ST 中孚,2021-12-31,2021.0,15216338417.12,河南省,
14033,600810.0,神马股份,2021-12-31,2021.0,13415143152.4,河南省,
14034,600876.0,洛阳玻璃,2021-12-31,2021.0,3605601992.64,河南省,
14035,601038.0,一拖股份,2021-12-31,2021.0,9209135833.76,河南省,
14036,601608.0,中信重工,2021-12-31,2021.0,7550019887.22,河南省,
14037,601677.0,明泰铝业,2021-12-31,2021.0,24612616450.9,河南省,
14038,603566.0,普莱柯,2021-12-31,2021.0,1098568103.53,河南省,
14039,603658.0,安图生物,2021-12-31,2021.0,3765916988.71,河南省,
14040,605368.0,蓝天燃气,2021-12-31,2021.0,3900894135.12,河南省,
14041,688313.0,仕佳光子,2021-12-31,2021.0,817341486.92,河南省,
14042,688517.0,金冠电气,2021-12-31,2021.0,531839447.37,河南省,
14043,688626.0,翔宇医疗,2021-12-31,2021.0,523496223.56,河南省,
14044,833580.0,科创新材,2021-12-31,2021.0,121836725.56,河南省,
14045,834407.0,驰诚股份,2021-12-31,2021.0,149366155.46,河南省,
14046,838971.0,天马新材,2021-12-31,2021.0,207903823.81,河南省,
14047,839725.0,惠丰钻石,2021-12-31,2021.0,219334746.67,河南省,
14048,872895.0,花溪科技,2021-12-31,2021.0,174418258.8,河南省,
14049,,,,,265722660156.15,河南省 汇总,
14050,922.0,佳电股份,2021-12-31,2021.0,3045636831.76,黑龙江省,
14051,2437.0,誉衡药业,2021-12-31,2021.0,3145311703.84,黑龙江省,
14052,2698.0,博实股份,2021-12-31,2021.0,2112954813.09,黑龙江省,
14053,2737.0,葵花药业,2021-12-31,2021.0,4460899864.6,黑龙江省,
14054,2900.0,哈三联,2021-12-31,2021.0,945799422.97,黑龙江省,
14055,300040.0,九洲集团,2021-12-31,2021.0,1409967921.68,黑龙江省,
14056,300489.0,光智科技,2021-12-31,2021.0,724029118.92,黑龙江省,
14057,600187.0,国中水务,2021-12-31,2021.0,384499011.76,黑龙江省,
14058,600202.0,哈空调,2021-12-31,2021.0,852784892.11,黑龙江省,
14059,600664.0,哈药股份,2021-12-31,2021.0,12802015553.25,黑龙江省,
14060,600726.0,华电能源,2021-12-31,2021.0,9801774968.95,黑龙江省,
14061,601106.0,中国一重,2021-12-31,2021.0,23128286094.33,黑龙江省,
14062,603023.0,威帝股份,2021-12-31,2021.0,70996892.98,黑龙江省,
14063,603567.0,珍宝岛,2021-12-31,2021.0,4126813896.18,黑龙江省,
14064,688011.0,新光光电,2021-12-31,2021.0,143800738.1,黑龙江省,
14065,,,,,67155571724.52,黑龙江省 汇总,
14066,670.0,*ST 盈方,2021-12-31,2021.0,2890027934.17,湖北省,
14067,678.0,襄阳轴承,2021-12-31,2021.0,1317694927.11,湖北省,
14068,821.0,京山轻机,2021-12-31,2021.0,4085657012.95,湖北省,
14069,852.0,石化机械,2021-12-31,2021.0,6951472812.03,湖北省,
14070,883.0,湖北能源,2021-12-31,2021.0,22618184700.61,湖北省,
14071,952.0,广济药业,2021-12-31,2021.0,785573171.02,湖北省,
14072,966.0,长源电力,2021-12-31,2021.0,12163965739.06,湖北省,
14073,988.0,华工科技,2021-12-31,2021.0,10166747478.73,湖北省,
14074,2194.0,武汉凡谷,2021-12-31,2021.0,1837523253.09,湖北省,
14075,2281.0,光迅科技,2021-12-31,2021.0,6486301555.77,湖北省,
14076,2365.0,永安药业,2021-12-31,2021.0,1565409181.61,湖北省,
14077,2414.0,高德红外,2021-12-31,2021.0,3499680244.95,湖北省,
14078,2861.0,瀛通通讯,2021-12-31,2021.0,1046656307.54,湖北省,
14079,2932.0,明德生物,2021-12-31,2021.0,2829829546.3,湖北省,
14080,2950.0,奥美医疗,2021-12-31,2021.0,2925554887.71,湖北省,
14081,2962.0,五方光电,2021-12-31,2021.0,788011888.38,湖北省,
14082,300018.0,中元股份,2021-12-31,2021.0,420509087.13,湖北省,
14083,300046.0,台基股份,2021-12-31,2021.0,329009071.34,湖北省,
14084,300161.0,华中数控,2021-12-31,2021.0,1633827491.32,湖北省,
14085,300205.0,天喻信息,2021-12-31,2021.0,1430301662.77,湖北省,
14086,300220.0,金运激光,2021-12-31,2021.0,346927354.78,湖北省,
14087,300276.0,三丰智能,2021-12-31,2021.0,1426581560.63,湖北省,
14088,300278.0,*ST 华昌,2021-12-31,2021.0,2154545648.8,湖北省,
14089,300323.0,华灿光电,2021-12-31,2021.0,3156244223.67,湖北省,
14090,300395.0,菲利华,2021-12-31,2021.0,1223548358.92,湖北省,
14091,300516.0,久之洋,2021-12-31,2021.0,729095959.7,湖北省,
14092,300527.0,中船应急,2021-12-31,2021.0,1698399718.69,湖北省,
14093,300557.0,理工光科,2021-12-31,2021.0,443777501.66,湖北省,
14094,300567.0,精测电子,2021-12-31,2021.0,2408953144.85,湖北省,
14095,300683.0,海特生物,2021-12-31,2021.0,614683452.35,湖北省,
14096,300747.0,锐科激光,2021-12-31,2021.0,3409579656.19,湖北省,
14097,300776.0,帝尔激光,2021-12-31,2021.0,1256791504.09,湖北省,
14098,300871.0,回盛生物,2021-12-31,2021.0,996216817.61,湖北省,
14099,300966.0,共同药业,2021-12-31,2021.0,590885338.44,湖北省,
14100,300971.0,博亚精工,2021-12-31,2021.0,392494177.74,湖北省,
14101,301211.0,亨迪药业,2021-12-31,2021.0,540622560.29,湖北省,
14102,430198.0,微创光电,2021-12-31,2021.0,153629659.88,湖北省,
14103,600079.0,人福医药,2021-12-31,2021.0,20548930203.66,湖北省,
14104,600168.0,武汉控股,2021-12-31,2021.0,2011899168.53,湖北省,
14105,600184.0,光电股份,2021-12-31,2021.0,3311805319.37,湖北省,
14106,600260.0,ST 凯乐,2021-12-31,2021.0,958418243.79,湖北省,
14107,600293.0,三峡新材,2021-12-31,2021.0,3108551977.05,湖北省,
14108,600345.0,长江通信,2021-12-31,2021.0,109880458.29,湖北省,
14109,600355.0,精伦电子,2021-12-31,2021.0,263924015.88,湖北省,
14110,600421.0,华嵘控股,2021-12-31,2021.0,130352941.98,湖北省,
14111,600498.0,烽火通信,2021-12-31,2021.0,26314980323.21,湖北省,
14112,600566.0,济川药业,2021-12-31,2021.0,7630510000.18,湖北省,
14113,600568.0,ST 中珠,2021-12-31,2021.0,581059366.14,湖北省,
14114,600681.0,百川能源,2021-12-31,2021.0,4624583853.92,湖北省,
14115,600703.0,三安光电,2021-12-31,2021.0,12572100926.67,湖北省,
14116,600745.0,闻泰科技,2021-12-31,2021.0,52728649531.06,湖北省,
14117,600769.0,祥龙电业,2021-12-31,2021.0,52987310.68,湖北省,
14118,600801.0,华新水泥,2021-12-31,2021.0,32464083379.0,湖北省,
14119,600879.0,航天电子,2021-12-31,2021.0,15989205732.24,湖北省,
14120,600885.0,宏发股份,2021-12-31,2021.0,10022657463.7,湖北省,
14121,600993.0,马应龙,2021-12-31,2021.0,3385059255.51,湖北省,
14122,601311.0,骆驼股份,2021-12-31,2021.0,12403454517.82,湖北省,
14123,601869.0,长飞光纤,2021-12-31,2021.0,9536075578.0,湖北省,
14124,601956.0,东贝集团,2021-12-31,2021.0,6059536690.3,湖北省,
14125,603738.0,泰晶科技,2021-12-31,2021.0,1240654491.33,湖北省,
14126,688081.0,兴图新科,2021-12-31,2021.0,156650242.44,湖北省,
14127,688151.0,华强科技,2021-12-31,2021.0,1274716156.37,湖北省,
14128,688526.0,科前生物,2021-12-31,2021.0,1103021004.82,湖北省,
14129,688665.0,四方光电,2021-12-31,2021.0,547467125.72,湖北省,
14130,688667.0,菱电电控,2021-12-31,2021.0,834680353.44,湖北省,
14131,835237.0,力佳科技,2021-12-31,2021.0,284623974.49,湖北省,
14132,836942.0,恒立钻具,2021-12-31,2021.0,216808247.22,湖北省,
14133,838670.0,恒进感应,2021-12-31,2021.0,141293985.38,湖北省,
14134,,,,,337923536430.07,湖北省 汇总,
14135,157.0,中联重科,2021-12-31,2021.0,67130626817.29,湖南省,
14136,519.0,中兵红箭,2021-12-31,2021.0,7513662651.85,湖南省,
14137,590.0,启迪药业,2021-12-31,2021.0,300774612.76,湖南省,
14138,622.0,恒立实业,2021-12-31,2021.0,346201253.88,湖南省,
14139,722.0,湖南发展,2021-12-31,2021.0,478395473.2,湖南省,
14140,908.0,景峰医药,2021-12-31,2021.0,811183491.16,湖南省,
14141,989.0,九芝堂,2021-12-31,2021.0,3784155236.54,湖南省,
14142,1208.0,华菱线缆,2021-12-31,2021.0,2543190870.11,湖南省,
14143,1216.0,华瓷股份,2021-12-31,2021.0,1203747607.83,湖南省,
14144,2097.0,山河智能,2021-12-31,2021.0,11407664344.78,湖南省,
14145,2297.0,博云新材,2021-12-31,2021.0,478536681.82,湖南省,
14146,2412.0,汉森制药,2021-12-31,2021.0,891835182.38,湖南省,
14147,2452.0,长高集团,2021-12-31,2021.0,1521246549.82,湖南省,
14148,2523.0,天桥起重,2021-12-31,2021.0,1774176849.53,湖南省,
14149,2533.0,金杯电工,2021-12-31,2021.0,12832314209.9,湖南省,
14150,2716.0,金贵银业,2021-12-31,2021.0,1989359322.69,湖南省,
14151,2848.0,高斯贝尔,2021-12-31,2021.0,576731747.22,湖南省,
14152,2879.0,长缆科技,2021-12-31,2021.0,1057767801.21,湖南省,
14153,2892.0,科力尔,2021-12-31,2021.0,1434538488.64,湖南省,
14154,2903.0,宇环数控,2021-12-31,2021.0,438474954.66,湖南省,
14155,2913.0,奥士康,2021-12-31,2021.0,4435474357.36,湖南省,
14156,2943.0,宇晶股份,2021-12-31,2021.0,456909593.4,湖南省,
14157,300035.0,中科电气,2021-12-31,2021.0,2193871383.17,湖南省,
14158,300267.0,尔康制药,2021-12-31,2021.0,2235302787.8,湖南省,
14159,300298.0,三诺生物,2021-12-31,2021.0,2361308058.17,湖南省,
14160,300358.0,楚天科技,2021-12-31,2021.0,5259872952.12,湖南省,
14161,300433.0,蓝思科技,2021-12-31,2021.0,45268146208.65,湖南省,
14162,300474.0,景嘉微,2021-12-31,2021.0,1093200462.47,湖南省,
14163,300490.0,华自科技,2021-12-31,2021.0,2328469360.35,湖南省,
14164,300515.0,三德科技,2021-12-31,2021.0,384503341.18,湖南省,
14165,300672.0,国科微,2021-12-31,2021.0,2321897195.89,湖南省,
14166,300700.0,岱勒新材,2021-12-31,2021.0,270702347.37,湖南省,
14167,300705.0,九典制药,2021-12-31,2021.0,1627664942.2,湖南省,
14168,300726.0,宏达电子,2021-12-31,2021.0,2000350142.77,湖南省,
14169,300800.0,力合科技,2021-12-31,2021.0,907815016.67,湖南省,
14170,300866.0,安克创新,2021-12-31,2021.0,12574203308.96,湖南省,
14171,301079.0,邵阳液压,2021-12-31,2021.0,375282469.25,湖南省,
14172,301087.0,可孚医疗,2021-12-31,2021.0,2275632827.25,湖南省,
14173,600031.0,三一重工,2021-12-31,2021.0,106113346000.0,湖南省,
14174,600416.0,湘电股份,2021-12-31,2021.0,4025571291.1,湖南省,
14175,600478.0,科力远,2021-12-31,2021.0,3058572227.12,湖南省,
14176,600479.0,千金药业,2021-12-31,2021.0,3663844613.1,湖南省,
14177,600744.0,华银电力,2021-12-31,2021.0,9603312018.03,湖南省,
14178,600961.0,株冶集团,2021-12-31,2021.0,16471901772.27,湖南省,
14179,600969.0,郴电国际,2021-12-31,2021.0,3411104686.35,湖南省,
14180,601636.0,旗滨集团,2021-12-31,2021.0,14572723015.74,湖南省,
14181,603989.0,艾华集团,2021-12-31,2021.0,3234095652.09,湖南省,
14182,603998.0,方盛制药,2021-12-31,2021.0,1566972727.99,湖南省,
14183,688067.0,爱威科技,2021-12-31,2021.0,210668650.51,湖南省,
14184,688100.0,威胜信息,2021-12-31,2021.0,1825624439.98,湖南省,
14185,688189.0,南新制药,2021-12-31,2021.0,743658931.04,湖南省,
14186,688289.0,圣湘生物,2021-12-31,2021.0,4514539266.46,湖南省,
14187,688425.0,铁建重工,2021-12-31,2021.0,9517286651.41,湖南省,
14188,688598.0,金博股份,2021-12-31,2021.0,1337896699.16,湖南省,
14189,688779.0,长远锂科,2021-12-31,2021.0,6841167256.6,湖南省,
14190,688799.0,华纳药厂,2021-12-31,2021.0,1146598969.33,湖南省,
14191,835174.0,五新隧装,2021-12-31,2021.0,690358554.12,湖南省,
14192,,,,,399434434324.7,湖南省 汇总,
14193,420.0,吉林化纤,2021-12-31,2021.0,3580154587.89,吉林省,
14194,623.0,吉林敖东,2021-12-31,2021.0,2303763763.87,吉林省,
14195,661.0,长春高新,2021-12-31,2021.0,10746717262.21,吉林省,
14196,669.0,ST 金鸿,2021-12-31,2021.0,1972157130.0,吉林省,
14197,766.0,通化金马,2021-12-31,2021.0,1515482473.31,吉林省,
14198,875.0,吉电股份,2021-12-31,2021.0,13177555792.25,吉林省,
14199,2118.0,紫鑫药业,2021-12-31,2021.0,246790851.83,吉林省,
14200,2338.0,奥普光电,2021-12-31,2021.0,546849229.24,吉林省,
14201,2501.0,*ST 利源,2021-12-31,2021.0,366957851.22,吉林省,
14202,2566.0,益盛药业,2021-12-31,2021.0,877929541.89,吉林省,
14203,2622.0,融钰集团,2021-12-31,2021.0,168106984.77,吉林省,
14204,300108.0,吉药控股,2021-12-31,2021.0,684752355.71,吉林省,
14205,300396.0,迪瑞医疗,2021-12-31,2021.0,905795040.28,吉林省,
14206,300510.0,金冠股份,2021-12-31,2021.0,1074261242.06,吉林省,
14207,301130.0,西点药业,2021-12-31,2021.0,285655932.11,吉林省,
14208,600110.0,诺德股份,2021-12-31,2021.0,4445676166.83,吉林省,
14209,600333.0,长春燃气,2021-12-31,2021.0,1796739862.83,吉林省,
14210,600360.0,华微电子,2021-12-31,2021.0,2210055245.68,吉林省,
14211,600856.0,*ST 中天,2021-12-31,2021.0,847949755.17,吉林省,
14212,600867.0,通化东宝,2021-12-31,2021.0,3267897464.66,吉林省,
14213,600881.0,亚泰集团,2021-12-31,2021.0,19653209473.77,吉林省,
14214,688276.0,百克生物,2021-12-31,2021.0,1202026555.32,吉林省,
14215,688378.0,奥来德,2021-12-31,2021.0,405946360.85,吉林省,
14216,836077.0,吉林碳谷,2021-12-31,2021.0,1209461027.41,吉林省,
14217,,,,,73491891951.16,吉林省 汇总,
14218,301.0,东方盛虹,2021-12-31,2021.0,51722179697.92,江苏省,
14219,421.0,南京公用,2021-12-31,2021.0,3588708109.25,江苏省,
14220,425.0,徐工机械,2021-12-31,2021.0,84327579230.19,江苏省,
14221,518.0,四环生物,2021-12-31,2021.0,350961775.85,江苏省,
14222,570.0,苏常柴A,2021-12-31,2021.0,2452430515.6,江苏省,
14223,727.0,冠捷科技,2021-12-31,2021.0,70610242433.31,江苏省,
14224,777.0,中核科技,2021-12-31,2021.0,1557541050.11,江苏省,
14225,816.0,智慧农业,2021-12-31,2021.0,2282058578.86,江苏省,
14226,919.0,金陵药业,2021-12-31,2021.0,2808754876.16,江苏省,
14227,936.0,华西股份,2021-12-31,2021.0,2418019870.19,江苏省,
14228,2009.0,天奇股份,2021-12-31,2021.0,3778545928.4,江苏省,
14229,2015.0,协鑫能科,2021-12-31,2021.0,11314324571.38,江苏省,
14230,2074.0,国轩高科,2021-12-31,2021.0,10356081191.76,江苏省,
14231,2077.0,大港股份,2021-12-31,2021.0,683626938.42,江苏省,
14232,2079.0,苏州固锝,2021-12-31,2021.0,2475686140.0,江苏省,
14233,2080.0,中材科技,2021-12-31,2021.0,20295390922.54,江苏省,
14234,2089.0,ST 新海,2021-12-31,2021.0,235133888.81,江苏省,
14235,2090.0,金智科技,2021-12-31,2021.0,1640761732.18,江苏省,
14236,2104.0,恒宝股份,2021-12-31,2021.0,959885268.79,江苏省,
14237,2156.0,通富微电,2021-12-31,2021.0,15812232813.96,江苏省,
14238,2160.0,常铝股份,2021-12-31,2021.0,6233353171.94,江苏省,
14239,2172.0,澳洋健康,2021-12-31,2021.0,3028918811.03,江苏省,
14240,2182.0,云海金属,2021-12-31,2021.0,8116563534.45,江苏省,
14241,2201.0,正威新材,2021-12-31,2021.0,1497680458.07,江苏省,
14242,2223.0,鱼跃医疗,2021-12-31,2021.0,6894308112.28,江苏省,
14243,2245.0,蔚蓝锂芯,2021-12-31,2021.0,6680492083.22,江苏省,
14244,2255.0,海陆重工,2021-12-31,2021.0,2532790959.24,江苏省,
14245,2262.0,恩华药业,2021-12-31,2021.0,3935664219.52,江苏省,
14246,2290.0,禾盛新材,2021-12-31,2021.0,2268832965.66,江苏省,
14247,2309.0,中利集团,2021-12-31,2021.0,10381623530.23,江苏省,
14248,2333.0,罗普斯金,2021-12-31,2021.0,1443023624.24,江苏省,
14249,2349.0,精华制药,2021-12-31,2021.0,1357868013.63,江苏省,
14250,2367.0,康力电梯,2021-12-31,2021.0,5169911298.44,江苏省,
14251,2384.0,东山精密,2021-12-31,2021.0,31793147908.12,江苏省,
14252,2411.0,延安必康,2021-12-31,2021.0,7663185418.17,江苏省,
14253,2413.0,雷科防务,2021-12-31,2021.0,1622188129.84,江苏省,
14254,2426.0,胜利精密,2021-12-31,2021.0,5004604475.93,江苏省,
14255,2435.0,长江健康,2021-12-31,2021.0,4369815125.02,江苏省,
14256,2438.0,江苏神通,2021-12-31,2021.0,1909723752.5,江苏省,
14257,2463.0,沪电股份,2021-12-31,2021.0,7418710047.0,江苏省,
14258,2471.0,中超控股,2021-12-31,2021.0,5879919629.2,江苏省,
14259,2483.0,润邦股份,2021-12-31,2021.0,3846814512.86,江苏省,
14260,2484.0,江海股份,2021-12-31,2021.0,3549683268.85,江苏省,
14261,2491.0,通鼎互联,2021-12-31,2021.0,2977263184.19,江苏省,
14262,2499.0,*ST 科林,2021-12-31,2021.0,170012344.23,江苏省,
14263,2519.0,银河电子,2021-12-31,2021.0,1424782414.53,江苏省,
14264,2531.0,天顺风能,2021-12-31,2021.0,8166053666.83,江苏省,
14265,2540.0,亚太科技,2021-12-31,2021.0,6016769028.13,江苏省,
14266,2546.0,新联电子,2021-12-31,2021.0,464823529.47,江苏省,
14267,2550.0,千红制药,2021-12-31,2021.0,1874936527.14,江苏省,
14268,2553.0,南方轴承,2021-12-31,2021.0,596201400.37,江苏省,
14269,2559.0,亚威股份,2021-12-31,2021.0,1999142632.06,江苏省,
14270,2576.0,通达动力,2021-12-31,2021.0,2008778333.76,江苏省,
14271,2608.0,江苏国信,2021-12-31,2021.0,28010548119.35,江苏省,
14272,2610.0,爱康科技,2021-12-31,2021.0,2531045711.81,江苏省,
14273,2623.0,亚玛顿,2021-12-31,2021.0,2031982715.82,江苏省,
14274,2635.0,安洁科技,2021-12-31,2021.0,3883797667.12,江苏省,
14275,2645.0,华宏科技,2021-12-31,2021.0,6776828766.8,江苏省,
14276,2685.0,华东重机,2021-12-31,2021.0,7059272601.27,江苏省,
14277,2692.0,ST 远程,2021-12-31,2021.0,3001268959.69,江苏省,
14278,2747.0,埃斯顿,2021-12-31,2021.0,3020377352.56,江苏省,
14279,2796.0,世嘉科技,2021-12-31,2021.0,1298180013.97,江苏省,
14280,2808.0,恒久科技,2021-12-31,2021.0,237676536.68,江苏省,
14281,2866.0,传艺科技,2021-12-31,2021.0,1920462194.48,江苏省,
14282,2877.0,智能自控,2021-12-31,2021.0,734201513.08,江苏省,
14283,2947.0,恒铭达,2021-12-31,2021.0,1130169487.23,江苏省,
14284,2998.0,优彩资源,2021-12-31,2021.0,1620373311.06,江苏省,
14285,3015.0,日久光电,2021-12-31,2021.0,488343586.57,江苏省,
14286,200468.0,宁通信B,2021-12-31,2021.0,917129674.49,江苏省,
14287,300029.0,*ST 天龙,2021-12-31,2021.0,317170709.83,江苏省,
14288,300091.0,金通灵,2021-12-31,2021.0,1685641851.15,江苏省,
14289,300128.0,锦富技术,2021-12-31,2021.0,972160151.63,江苏省,
14290,300141.0,和顺电气,2021-12-31,2021.0,325031340.5,江苏省,
14291,300160.0,秀强股份,2021-12-31,2021.0,1457800111.26,江苏省,
14292,300165.0,天瑞仪器,2021-12-31,2021.0,1569823570.74,江苏省,
14293,300196.0,长海股份,2021-12-31,2021.0,2506397405.59,江苏省,
14294,300201.0,海伦哲,2021-12-31,2021.0,1665924040.4,江苏省,
14295,300211.0,亿通科技,2021-12-31,2021.0,249680938.9,江苏省,
14296,300217.0,东方电热,2021-12-31,2021.0,2787289591.9,江苏省,
14297,300228.0,富瑞特装,2021-12-31,2021.0,1586778588.92,江苏省,
14298,300260.0,新莱应材,2021-12-31,2021.0,2054412270.36,江苏省,
14299,300265.0,通光线缆,2021-12-31,2021.0,1923008393.63,江苏省,
14300,300279.0,和晶科技,2021-12-31,2021.0,2060367487.63,江苏省,
14301,300331.0,苏大维格,2021-12-31,2021.0,1736793511.62,江苏省,
14302,300337.0,银邦股份,2021-12-31,2021.0,3195255932.99,江苏省,
14303,300342.0,天银机电,2021-12-31,2021.0,1039148999.38,江苏省,
14304,300346.0,南大光电,2021-12-31,2021.0,984446342.37,江苏省,
14305,300354.0,东华测试,2021-12-31,2021.0,257042601.7,江苏省,
14306,300356.0,ST 光一,2021-12-31,2021.0,384182598.27,江苏省,
14307,300373.0,扬杰科技,2021-12-31,2021.0,4396593537.75,江苏省,
14308,300382.0,斯莱克,2021-12-31,2021.0,1003491521.22,江苏省,
14309,300385.0,雪浪环境,2021-12-31,2021.0,1812493846.22,江苏省,
14310,300390.0,天华超净,2021-12-31,2021.0,3397557862.27,江苏省,
14311,300393.0,中来股份,2021-12-31,2021.0,5819537415.34,江苏省,
14312,300394.0,天孚通信,2021-12-31,2021.0,1032392964.65,江苏省,
14313,300402.0,宝色股份,2021-12-31,2021.0,1256642228.29,江苏省,
14314,300420.0,五洋停车,2021-12-31,2021.0,1555955258.05,江苏省,
14315,300421.0,力星股份,2021-12-31,2021.0,973904660.69,江苏省,
14316,300447.0,全信股份,2021-12-31,2021.0,939992948.45,江苏省,
14317,300450.0,先导智能,2021-12-31,2021.0,10036591737.08,江苏省,
14318,300466.0,赛摩智能,2021-12-31,2021.0,587417335.28,江苏省,
14319,300509.0,新美星,2021-12-31,2021.0,710146169.61,江苏省,
14320,300549.0,优德精密,2021-12-31,2021.0,390087796.42,江苏省,
14321,300554.0,三超新材,2021-12-31,2021.0,248452404.38,江苏省,
14322,300555.0,路通视信,2021-12-31,2021.0,192260289.14,江苏省,
14323,300563.0,神宇股份,2021-12-31,2021.0,839656623.33,江苏省,
14324,300584.0,海辰药业,2021-12-31,2021.0,578315038.29,江苏省,
14325,300617.0,安靠智电,2021-12-31,2021.0,805585162.87,江苏省,
14326,300618.0,寒锐钴业,2021-12-31,2021.0,4349711262.5,江苏省,
14327,300623.0,捷捷微电,2021-12-31,2021.0,1772800861.84,江苏省,
14328,300631.0,久吾高科,2021-12-31,2021.0,539773421.3,江苏省,
14329,300660.0,江苏雷利,2021-12-31,2021.0,2918923363.57,江苏省,
14330,300670.0,大烨智能,2021-12-31,2021.0,513012749.04,江苏省,
14331,300694.0,蠡湖股份,2021-12-31,2021.0,1393959652.49,江苏省,
14332,300697.0,电工合金,2021-12-31,2021.0,2173856528.84,江苏省,
14333,300707.0,威唐工业,2021-12-31,2021.0,721396243.54,江苏省,
14334,300708.0,聚灿光电,2021-12-31,2021.0,2009197450.44,江苏省,
14335,300709.0,精研科技,2021-12-31,2021.0,2404113167.09,江苏省,
14336,300715.0,凯伦股份,2021-12-31,2021.0,2585783925.51,江苏省,
14337,300751.0,迈为股份,2021-12-31,2021.0,3095391234.37,江苏省,
14338,300753.0,爱朋医疗,2021-12-31,2021.0,461210894.6,江苏省,
14339,300757.0,罗博特科,2021-12-31,2021.0,1085951106.34,江苏省,
14340,300777.0,中简科技,2021-12-31,2021.0,411791068.91,江苏省,
14341,300782.0,卓胜微,2021-12-31,2021.0,4633570865.7,江苏省,
14342,300809.0,华辰装备,2021-12-31,2021.0,409455130.85,江苏省,
14343,300827.0,上能电气,2021-12-31,2021.0,1092374265.79,江苏省,
14344,300836.0,佰奥智能,2021-12-31,2021.0,417541812.28,江苏省,
14345,300842.0,帝科股份,2021-12-31,2021.0,2814456026.02,江苏省,
14346,300855.0,图南股份,2021-12-31,2021.0,697865455.19,江苏省,
14347,300907.0,康平科技,2021-12-31,2021.0,1153452631.64,江苏省,
14348,300931.0,通用电梯,2021-12-31,2021.0,471870849.13,江苏省,
14349,300933.0,中辰股份,2021-12-31,2021.0,2530793749.4,江苏省,
14350,300936.0,中英科技,2021-12-31,2021.0,217614424.47,江苏省,
14351,300964.0,本川智能,2021-12-31,2021.0,554048760.21,江苏省,
14352,301006.0,迈拓股份,2021-12-31,2021.0,408629729.47,江苏省,
14353,301010.0,晶雪节能,2021-12-31,2021.0,914019079.37,江苏省,
14354,301012.0,扬电科技,2021-12-31,2021.0,511640831.43,江苏省,
14355,301023.0,江南奕帆,2021-12-31,2021.0,206426143.6,江苏省,
14356,301030.0,仕净科技,2021-12-31,2021.0,794543318.57,江苏省,
14357,301045.0,天禄科技,2021-12-31,2021.0,889890690.26,江苏省,
14358,301093.0,华兰股份,2021-12-31,2021.0,820866851.98,江苏省,
14359,301101.0,明月镜片,2021-12-31,2021.0,575569283.16,江苏省,
14360,301106.0,骏成科技,2021-12-31,2021.0,564753877.46,江苏省,
14361,301122.0,采纳股份,2021-12-31,2021.0,442051932.24,江苏省,
14362,301155.0,海力风电,2021-12-31,2021.0,5458269681.72,江苏省,
14363,301168.0,通灵股份,2021-12-31,2021.0,1132358124.86,江苏省,
14364,301180.0,万祥科技,2021-12-31,2021.0,1331449371.27,江苏省,
14365,301186.0,超达装备,2021-12-31,2021.0,437656760.08,江苏省,
14366,301226.0,祥明智能,2021-12-31,2021.0,734857469.96,江苏省,
14367,301258.0,富士莱,2021-12-31,2021.0,521695665.95,江苏省,
14368,430418.0,苏轴股份,2021-12-31,2021.0,532135845.16,江苏省,
14369,600105.0,永鼎股份,2021-12-31,2021.0,3909727576.58,江苏省,
14370,600200.0,江苏吴中,2021-12-31,2021.0,1775450710.11,江苏省,
14371,600268.0,国电南自,2021-12-31,2021.0,5892864718.45,江苏省,
14372,600276.0,恒瑞医药,2021-12-31,2021.0,25905526375.8,江苏省,
14373,600481.0,双良节能,2021-12-31,2021.0,3829777747.99,江苏省,
14374,600487.0,亨通光电,2021-12-31,2021.0,41271165065.64,江苏省,
14375,600513.0,联环药业,2021-12-31,2021.0,1645816399.14,江苏省,
14376,600522.0,中天科技,2021-12-31,2021.0,46163306590.5,江苏省,
14377,600527.0,江南高纤,2021-12-31,2021.0,874816900.99,江苏省,
14378,600557.0,康缘药业,2021-12-31,2021.0,3648570084.33,江苏省,
14379,600562.0,国睿科技,2021-12-31,2021.0,3432159755.02,江苏省,
14380,600584.0,长电科技,2021-12-31,2021.0,30502417851.52,江苏省,
14381,600775.0,南京熊猫,2021-12-31,2021.0,4531842430.51,江苏省,
14382,600854.0,春兰股份,2021-12-31,2021.0,235858311.87,江苏省,
14383,600889.0,南京化纤,2021-12-31,2021.0,469635934.59,江苏省,
14384,600973.0,宝胜股份,2021-12-31,2021.0,42878357807.26,江苏省,
14385,601100.0,恒立液压,2021-12-31,2021.0,9309218098.53,江苏省,
14386,601199.0,江南水务,2021-12-31,2021.0,1113597477.53,江苏省,
14387,601218.0,吉鑫科技,2021-12-31,2021.0,1858647141.73,江苏省,
14388,601222.0,林洋能源,2021-12-31,2021.0,5296565111.42,江苏省,
14389,601388.0,怡球资源,2021-12-31,2021.0,8282934844.94,江苏省,
14390,603005.0,晶方科技,2021-12-31,2021.0,1411173857.4,江苏省,
14391,603016.0,新宏泰,2021-12-31,2021.0,554695347.03,江苏省,
14392,603036.0,如通股份,2021-12-31,2021.0,269763777.04,江苏省,
14393,603042.0,华脉科技,2021-12-31,2021.0,1184255778.3,江苏省,
14394,603090.0,宏盛股份,2021-12-31,2021.0,559323180.01,江苏省,
14395,603115.0,海星股份,2021-12-31,2021.0,1645338158.45,江苏省,
14396,603133.0,碳元科技,2021-12-31,2021.0,323179150.13,江苏省,
14397,603185.0,上机数控,2021-12-31,2021.0,10915317988.72,江苏省,
14398,603203.0,快克股份,2021-12-31,2021.0,780569837.92,江苏省,
14399,603269.0,海鸥股份,2021-12-31,2021.0,1129857551.78,江苏省,
14400,603283.0,赛腾股份,2021-12-31,2021.0,2318554422.48,江苏省,
14401,603332.0,苏州龙杰,2021-12-31,2021.0,1072150905.23,江苏省,
14402,603339.0,四方科技,2021-12-31,2021.0,1649915319.04,江苏省,
14403,603351.0,威尔药业,2021-12-31,2021.0,1042305915.97,江苏省,
14404,603355.0,莱克电气,2021-12-31,2021.0,7945757907.82,江苏省,
14405,603366.0,日出东方,2021-12-31,2021.0,4205558485.72,江苏省,
14406,603380.0,易德龙,2021-12-31,2021.0,1751570744.42,江苏省,
14407,603387.0,基蛋生物,2021-12-31,2021.0,1401701386.41,江苏省,
14408,603416.0,信捷电气,2021-12-31,2021.0,1299333197.49,江苏省,
14409,603486.0,科沃斯,2021-12-31,2021.0,13086007405.3,江苏省,
14410,603488.0,展鹏科技,2021-12-31,2021.0,485246988.24,江苏省,
14411,603489.0,八方股份,2021-12-31,2021.0,2647228671.03,江苏省,
14412,603507.0,振江股份,2021-12-31,2021.0,2424659107.94,江苏省,
14413,603519.0,立霸股份,2021-12-31,2021.0,1586785340.96,江苏省,
14414,603528.0,多伦科技,2021-12-31,2021.0,714661260.87,江苏省,
14415,603530.0,神马电力,2021-12-31,2021.0,731174912.37,江苏省,
14416,603660.0,苏州科达,2021-12-31,2021.0,2613382739.26,江苏省,
14417,603666.0,亿嘉和,2021-12-31,2021.0,1284934150.19,江苏省,
14418,603688.0,石英股份,2021-12-31,2021.0,960680919.12,江苏省,
14419,603693.0,江苏新能,2021-12-31,2021.0,1856720177.13,江苏省,
14420,603699.0,纽威股份,2021-12-31,2021.0,3961742815.24,江苏省,
14421,603707.0,健友股份,2021-12-31,2021.0,3686692951.54,江苏省,
14422,603800.0,道森股份,2021-12-31,2021.0,1174734809.76,江苏省,
14423,603819.0,神力股份,2021-12-31,2021.0,1441858674.22,江苏省,
14424,603829.0,洛凯股份,2021-12-31,2021.0,1282747924.75,江苏省,
14425,603876.0,鼎胜新材,2021-12-31,2021.0,18167906522.6,江苏省,
14426,603880.0,南卫股份,2021-12-31,2021.0,527440662.01,江苏省,
14427,603890.0,春秋电子,2021-12-31,2021.0,3990250379.17,江苏省,
14428,603912.0,佳力图,2021-12-31,2021.0,667008968.44,江苏省,
14429,603915.0,国茂股份,2021-12-31,2021.0,2944286973.65,江苏省,
14430,603966.0,法兰泰克,2021-12-31,2021.0,1588989351.38,江苏省,
14431,603988.0,中电电机,2021-12-31,2021.0,819358116.04,江苏省,
14432,605058.0,澳弘电子,2021-12-31,2021.0,1070718955.04,江苏省,
14433,605111.0,新洁能,2021-12-31,2021.0,1498271279.34,江苏省,
14434,605218.0,伟时电子,2021-12-31,2021.0,1200514740.14,江苏省,
14435,605258.0,协和电子,2021-12-31,2021.0,734067052.23,江苏省,
14436,605286.0,同力日升,2021-12-31,2021.0,2295668368.04,江苏省,
14437,605288.0,凯迪股份,2021-12-31,2021.0,1718482519.07,江苏省,
14438,605389.0,长龄液压,2021-12-31,2021.0,906500138.89,江苏省,
14439,605588.0,冠石科技,2021-12-31,2021.0,1396691902.44,江苏省,
14440,688001.0,华兴源创,2021-12-31,2021.0,2020205931.31,江苏省,
14441,688003.0,天准科技,2021-12-31,2021.0,1265238702.28,江苏省,
14442,688013.0,天臣医疗,2021-12-31,2021.0,213737041.59,江苏省,
14443,688017.0,绿的谐波,2021-12-31,2021.0,443351434.7,江苏省,
14444,688022.0,瀚川智能,2021-12-31,2021.0,757974561.17,江苏省,
14445,688029.0,南微医学,2021-12-31,2021.0,1946723952.08,江苏省,
14446,688055.0,龙腾光电,2021-12-31,2021.0,5732954114.7,江苏省,
14447,688076.0,诺泰生物,2021-12-31,2021.0,643869464.43,江苏省,
14448,688093.0,世华科技,2021-12-31,2021.0,425404856.3,江苏省,
14449,688096.0,京源环保,2021-12-31,2021.0,422112445.26,江苏省,
14450,688097.0,博众精工,2021-12-31,2021.0,3827081643.41,江苏省,
14451,688103.0,国力股份,2021-12-31,2021.0,509050299.21,江苏省,
14452,688113.0,联测科技,2021-12-31,2021.0,338918501.99,江苏省,
14453,688166.0,博瑞医药,2021-12-31,2021.0,1052408590.87,江苏省,
14454,688176.0,亚虹医药,2021-12-31,2021.0,4574.88,江苏省,
14455,688182.0,灿勤科技,2021-12-31,2021.0,333582985.63,江苏省,
14456,688192.0,迪哲医药,2021-12-31,2021.0,10285449.6,江苏省,
14457,688211.0,中科微至,2021-12-31,2021.0,2209625669.26,江苏省,
14458,688218.0,江苏北人,2021-12-31,2021.0,587427407.92,江苏省,
14459,688221.0,前沿生物,2021-12-31,2021.0,40502898.19,江苏省,
14460,688226.0,威腾电气,2021-12-31,2021.0,1254053101.56,江苏省,
14461,688257.0,新锐股份,2021-12-31,2021.0,894409726.41,江苏省,
14462,688260.0,昀冢科技,2021-12-31,2021.0,519704136.74,江苏省,
14463,688261.0,东微半导,2021-12-31,2021.0,782091845.56,江苏省,
14464,688266.0,泽璟制药,2021-12-31,2021.0,190360565.54,江苏省,
14465,688286.0,敏芯股份,2021-12-31,2021.0,351758084.54,江苏省,
14466,688300.0,联瑞新材,2021-12-31,2021.0,624709594.77,江苏省,
14467,688329.0,艾隆科技,2021-12-31,2021.0,389321010.94,江苏省,
14468,688358.0,祥生医疗,2021-12-31,2021.0,397811875.09,江苏省,
14469,688377.0,迪威尔,2021-12-31,2021.0,527937089.91,江苏省,
14470,688390.0,固德威,2021-12-31,2021.0,2678113764.75,江苏省,
14471,688399.0,硕世生物,2021-12-31,2021.0,2839036343.41,江苏省,
14472,688408.0,中信博,2021-12-31,2021.0,2415358785.16,江苏省,
14473,688516.0,奥特维,2021-12-31,2021.0,2046727469.8,江苏省,
14474,688533.0,上声电子,2021-12-31,2021.0,1301980147.72,江苏省,
14475,688558.0,国盛智科,2021-12-31,2021.0,1136833011.82,江苏省,
14476,688566.0,吉贝尔,2021-12-31,2021.0,509693982.77,江苏省,
14477,688580.0,伟思医疗,2021-12-31,2021.0,430044459.65,江苏省,
14478,688599.0,天合光能,2021-12-31,2021.0,44480390071.81,江苏省,
14479,688601.0,力芯微,2021-12-31,2021.0,773564616.86,江苏省,
14480,688607.0,康众医疗,2021-12-31,2021.0,341984505.45,江苏省,
14481,688633.0,星球石墨,2021-12-31,2021.0,514516750.25,江苏省,
14482,688656.0,浩欧博,2021-12-31,2021.0,317707531.85,江苏省,
14483,688661.0,和林微纳,2021-12-31,2021.0,370099657.12,江苏省,
14484,688670.0,金迪克,2021-12-31,2021.0,392272487.5,江苏省,
14485,688678.0,福立旺,2021-12-31,2021.0,726487784.03,江苏省,
14486,688689.0,银河微电,2021-12-31,2021.0,832354020.45,江苏省,
14487,688697.0,纽威数控,2021-12-31,2021.0,1712609866.58,江苏省,
14488,688698.0,伟创电气,2021-12-31,2021.0,818874970.5,江苏省,
14489,688700.0,东威科技,2021-12-31,2021.0,804628678.59,江苏省,
14490,688711.0,宏微科技,2021-12-31,2021.0,550636072.24,江苏省,
14491,688800.0,瑞可达,2021-12-31,2021.0,901723545.54,江苏省,
14492,830946.0,森萱医药,2021-12-31,2021.0,563542863.15,江苏省,
14493,831641.0,格利尔,2021-12-31,2021.0,503721895.0,江苏省,
14494,832278.0,鹿得医疗,2021-12-31,2021.0,402846212.58,江苏省,
14495,832662.0,方盛股份,2021-12-31,2021.0,295838286.93,江苏省,
14496,832735.0,德源药业,2021-12-31,2021.0,513824638.88,江苏省,
14497,832802.0,保丽洁,2021-12-31,2021.0,194910695.87,江苏省,
14498,833509.0,同惠电子,2021-12-31,2021.0,147917112.08,江苏省,
14499,833914.0,远航精密,2021-12-31,2021.0,900050882.84,江苏省,
14500,834014.0,特瑞斯,2021-12-31,2021.0,609685763.94,江苏省,
14501,834950.0,迅安科技,2021-12-31,2021.0,212291659.57,江苏省,
14502,836149.0,旭杰科技,2021-12-31,2021.0,472238922.29,江苏省,
14503,837046.0,亿能电力,2021-12-31,2021.0,205372951.72,江苏省,
14504,839167.0,同享科技,2021-12-31,2021.0,802624894.71,江苏省,
14505,870299.0,灿能电力,2021-12-31,2021.0,89915990.79,江苏省,
14506,871245.0,威博液压,2021-12-31,2021.0,316850694.62,江苏省,
14507,871396.0,常辅股份,2021-12-31,2021.0,227523358.24,江苏省,
14508,873339.0,恒太照明,2021-12-31,2021.0,767088830.14,江苏省,
14509,873593.0,鼎智科技,2021-12-31,2021.0,194201866.41,江苏省,
14510,,,,,1102454250873.17,江苏省 汇总,
14511,404.0,长虹华意,2021-12-31,2021.0,13199061830.01,江西省,
14512,650.0,仁和药业,2021-12-31,2021.0,4935755208.61,江西省,
14513,789.0,万年青,2021-12-31,2021.0,14204588961.43,江西省,
14514,899.0,赣能股份,2021-12-31,2021.0,2699558782.67,江西省,
14515,2176.0,江特电机,2021-12-31,2021.0,2982277224.55,江西省,
14516,2378.0,章源钨业,2021-12-31,2021.0,2664432290.41,江西省,
14517,2460.0,赣锋锂业,2021-12-31,2021.0,11162214421.21,江西省,
14518,300066.0,三川智慧,2021-12-31,2021.0,936939518.55,江西省,
14519,300095.0,华伍股份,2021-12-31,2021.0,1435468449.07,江西省,
14520,300294.0,博雅生物,2021-12-31,2021.0,2650528421.87,江西省,
14521,300453.0,三鑫医疗,2021-12-31,2021.0,1164288763.57,江西省,
14522,300497.0,富祥药业,2021-12-31,2021.0,1429542874.53,江西省,
14523,300636.0,同和药业,2021-12-31,2021.0,592126648.93,江西省,
14524,300748.0,金力永磁,2021-12-31,2021.0,4080072402.16,江西省,
14525,300787.0,海能实业,2021-12-31,2021.0,2080331432.46,江西省,
14526,300818.0,耐普矿机,2021-12-31,2021.0,1053025264.83,江西省,
14527,301083.0,百胜智能,2021-12-31,2021.0,525137519.02,江西省,
14528,301219.0,腾远钴业,2021-12-31,2021.0,4160370245.91,江西省,
14529,600071.0,凤凰光学,2021-12-31,2021.0,1592744081.89,江西省,
14530,600362.0,江西铜业,2021-12-31,2021.0,442767670161.0,江西省,
14531,600363.0,联创光电,2021-12-31,2021.0,3585863685.27,江西省,
14532,600461.0,洪城环境,2021-12-31,2021.0,8174353938.55,江西省,
14533,600590.0,泰豪科技,2021-12-31,2021.0,6062627670.71,江西省,
14534,600750.0,江中药业,2021-12-31,2021.0,2873974462.18,江西省,
14535,601778.0,晶科科技,2021-12-31,2021.0,3674953567.29,江西省,
14536,603773.0,沃格光电,2021-12-31,2021.0,1049995306.7,江西省,
14537,605090.0,九丰能源,2021-12-31,2021.0,18488338961.68,江西省,
14538,688223.0,晶科能源,2021-12-31,2021.0,40569618325.47,江西省,
14539,688567.0,孚能科技,2021-12-31,2021.0,3500076221.91,江西省,
14540,873167.0,新赣江,2021-12-31,2021.0,207913346.74,江西省,
14541,,,,,604503849989.18,江西省 汇总,
14542,688235.0,百济神州,2021-12-31,2021.0,7588957000.0,开曼群岛,
14543,688396.0,华润微,2021-12-31,2021.0,9249202849.06,开曼群岛,
14544,688728.0,格科微,2021-12-31,2021.0,7000561264.0,开曼群岛,
14545,688981.0,中芯国际,2021-12-31,2021.0,35630634000.0,开曼群岛,
14546,689009.0,九号公司,2021-12-31,2021.0,9146053585.08,开曼群岛,
14547,,,,,68615408698.14,开曼群岛 汇总,
14548,410.0,ST 沈机,2021-12-31,2021.0,1698768413.35,辽宁省,
14549,530.0,冰山冷热,2021-12-31,2021.0,2089208256.22,辽宁省,
14550,585.0,*ST 东电,2021-12-31,2021.0,83700725.0,辽宁省,
14551,597.0,东北制药,2021-12-31,2021.0,8145117456.96,辽宁省,
14552,633.0,合金投资,2021-12-31,2021.0,164557989.2,辽宁省,
14553,692.0,惠天热电,2021-12-31,2021.0,1987280598.28,辽宁省,
14554,751.0,锌业股份,2021-12-31,2021.0,22843863184.77,辽宁省,
14555,2204.0,大连重工,2021-12-31,2021.0,9108789151.24,辽宁省,
14556,2231.0,奥维通信,2021-12-31,2021.0,561392847.87,辽宁省,
14557,2606.0,大连电瓷,2021-12-31,2021.0,934066843.48,辽宁省,
14558,2667.0,鞍重股份,2021-12-31,2021.0,228967183.78,辽宁省,
14559,2689.0,远大智能,2021-12-31,2021.0,821947686.66,辽宁省,
14560,2952.0,亚世光电,2021-12-31,2021.0,610415193.53,辽宁省,
14561,200706.0,瓦轴B,2021-12-31,2021.0,2318704350.35,辽宁省,
14562,300024.0,机器人,2021-12-31,2021.0,3298191289.34,辽宁省,
14563,300097.0,智云股份,2021-12-31,2021.0,709676355.79,辽宁省,
14564,300125.0,聆达股份,2021-12-31,2021.0,1051376254.73,辽宁省,
14565,300202.0,*ST 聚龙,2021-12-31,2021.0,330181036.78,辽宁省,
14566,300210.0,森远股份,2021-12-31,2021.0,210749364.07,辽宁省,
14567,300293.0,蓝英装备,2021-12-31,2021.0,1107162454.05,辽宁省,
14568,300473.0,德尔股份,2021-12-31,2021.0,3663844900.34,辽宁省,
14569,300573.0,兴齐眼药,2021-12-31,2021.0,1027914866.71,辽宁省,
14570,600167.0,联美控股,2021-12-31,2021.0,3467955369.06,辽宁省,
14571,600241.0,ST 时万,2021-12-31,2021.0,780855817.67,辽宁省,
14572,600346.0,恒力石化,2021-12-31,2021.0,197970344885.3,辽宁省,
14573,600396.0,金山股份,2021-12-31,2021.0,6574339046.18,辽宁省,
14574,600719.0,大连热电,2021-12-31,2021.0,659678648.42,辽宁省,
14575,600795.0,国电电力,2021-12-31,2021.0,168185484386.91,辽宁省,
14576,603315.0,福鞍股份,2021-12-31,2021.0,951248952.2,辽宁省,
14577,603318.0,水发燃气,2021-12-31,2021.0,2397285306.64,辽宁省,
14578,603396.0,金辰股份,2021-12-31,2021.0,1609752690.26,辽宁省,
14579,603399.0,吉翔股份,2021-12-31,2021.0,3860927087.81,辽宁省,
14580,688037.0,芯源微,2021-12-31,2021.0,828672512.29,辽宁省,
14581,688233.0,神工股份,2021-12-31,2021.0,473890118.61,辽宁省,
14582,688305.0,科德数控,2021-12-31,2021.0,253588985.88,辽宁省,
14583,688529.0,豪森股份,2021-12-31,2021.0,1193362599.23,辽宁省,
14584,688739.0,成大生物,2021-12-31,2021.0,2088043469.78,辽宁省,
14585,835368.0,连城数控,2021-12-31,2021.0,2040122332.71,辽宁省,
14586,838810.0,春光药装,2021-12-31,2021.0,178544464.08,辽宁省,
14587,839792.0,东和新材,2021-12-31,2021.0,609007440.33,辽宁省,
14588,,,,,457118980515.86,辽宁省 汇总,
14589,2688.0,金河生物,2021-12-31,2021.0,2077988730.16,内蒙古自治区,
14590,300049.0,福瑞股份,2021-12-31,2021.0,898483228.69,内蒙古自治区,
14591,300239.0,东宝生物,2021-12-31,2021.0,612165671.91,内蒙古自治区,
14592,600111.0,北方稀土,2021-12-31,2021.0,30408396179.14,内蒙古自治区,
14593,600201.0,生物股份,2021-12-31,2021.0,1776317811.37,内蒙古自治区,
14594,600262.0,北方股份,2021-12-31,2021.0,1645903602.38,内蒙古自治区,
14595,600863.0,内蒙华电,2021-12-31,2021.0,18933565813.08,内蒙古自治区,
14596,836433.0,大唐药业,2021-12-31,2021.0,235878772.67,内蒙古自治区,
14597,,,,,56588699809.4,内蒙古自治区 汇总,
14598,595.0,宝塔实业,2021-12-31,2021.0,174767013.87,宁夏回族自治区,
14599,862.0,银星能源,2021-12-31,2021.0,1359465843.38,宁夏回族自治区,
14600,962.0,东方钽业,2021-12-31,2021.0,794733397.19,宁夏回族自治区,
14601,2457.0,青龙管业,2021-12-31,2021.0,2434708963.48,宁夏回族自治区,
14602,600449.0,宁夏建材,2021-12-31,2021.0,5782740814.03,宁夏回族自治区,
14603,601619.0,嘉泽新能,2021-12-31,2021.0,1422609105.71,宁夏回族自治区,
14604,831010.0,凯添燃气,2021-12-31,2021.0,459268967.57,宁夏回族自治区,
14605,,,,,12428294105.23,宁夏回族自治区 汇总,
14606,600243.0,青海华鼎,2021-12-31,2021.0,658823198.37,青海省,
14607,600771.0,广誉远,2021-12-31,2021.0,1093105643.55,青海省,
14608,600869.0,远东股份,2021-12-31,2021.0,20871271564.73,青海省,
14609,,,,,22623200406.65,青海省 汇总,
14610,407.0,胜利股份,2021-12-31,2021.0,4547621826.17,山东省,
14611,423.0,东阿阿胶,2021-12-31,2021.0,3848985686.56,山东省,
14612,677.0,恒天海龙,2021-12-31,2021.0,1067515305.58,山东省,
14613,680.0,山推股份,2021-12-31,2021.0,9159943043.64,山东省,
14614,739.0,普洛药业,2021-12-31,2021.0,8942618232.82,山东省,
14615,756.0,新华制药,2021-12-31,2021.0,6560077586.4,山东省,
14616,811.0,冰轮环境,2021-12-31,2021.0,5383476247.99,山东省,
14617,880.0,潍柴重机,2021-12-31,2021.0,3410677883.78,山东省,
14618,915.0,华特达因,2021-12-31,2021.0,2027141972.94,山东省,
14619,977.0,浪潮信息,2021-12-31,2021.0,67047551558.14,山东省,
14620,2073.0,软控股份,2021-12-31,2021.0,5454796036.74,山东省,
14621,2088.0,鲁阳节能,2021-12-31,2021.0,3163810057.0,山东省,
14622,2107.0,沃华医药,2021-12-31,2021.0,942674553.55,山东省,
14623,2111.0,威海广泰,2021-12-31,2021.0,3079120703.07,山东省,
14624,2217.0,合力泰,2021-12-31,2021.0,16232597172.83,山东省,
14625,2237.0,恒邦股份,2021-12-31,2021.0,41382878466.59,山东省,
14626,2241.0,歌尔股份,2021-12-31,2021.0,78221418618.02,山东省,
14627,2242.0,九阳股份,2021-12-31,2021.0,10540473926.06,山东省,
14628,2248.0,华东数控,2021-12-31,2021.0,315080796.62,山东省,
14629,2254.0,泰和新材,2021-12-31,2021.0,4404012462.44,山东省,
14630,2270.0,华明装备,2021-12-31,2021.0,1532380375.86,山东省,
14631,2339.0,积成电子,2021-12-31,2021.0,2037903378.88,山东省,
14632,2353.0,杰瑞股份,2021-12-31,2021.0,8776172248.32,山东省,
14633,2376.0,新北洋,2021-12-31,2021.0,2645650052.83,山东省,
14634,2379.0,宏创控股,2021-12-31,2021.0,3190524072.62,山东省,
14635,2382.0,蓝帆医疗,2021-12-31,2021.0,8108586464.73,山东省,
14636,2490.0,山东墨龙,2021-12-31,2021.0,3734462841.12,山东省,
14637,2498.0,汉缆股份,2021-12-31,2021.0,8981293011.01,山东省,
14638,2526.0,山东矿机,2021-12-31,2021.0,2285638861.88,山东省,
14639,2537.0,海联金汇,2021-12-31,2021.0,7249905851.59,山东省,
14640,2580.0,圣阳股份,2021-12-31,2021.0,2090524718.71,山东省,
14641,2581.0,未名医药,2021-12-31,2021.0,402713045.66,山东省,
14642,2595.0,豪迈科技,2021-12-31,2021.0,6008330564.94,山东省,
14643,2598.0,山东章鼓,2021-12-31,2021.0,1695908273.72,山东省,
14644,2655.0,共达电声,2021-12-31,2021.0,936756205.71,山东省,
14645,2671.0,龙泉股份,2021-12-31,2021.0,1375875517.55,山东省,
14646,2675.0,东诚药业,2021-12-31,2021.0,3912049996.56,山东省,
14647,2871.0,伟隆股份,2021-12-31,2021.0,415162743.7,山东省,
14648,2890.0,弘宇股份,2021-12-31,2021.0,410196044.99,山东省,
14649,3033.0,征和工业,2021-12-31,2021.0,1362366523.44,山东省,
14650,300001.0,特锐德,2021-12-31,2021.0,9441075945.85,山东省,
14651,300099.0,精准信息,2021-12-31,2021.0,754017566.07,山东省,
14652,300105.0,龙源技术,2021-12-31,2021.0,541774831.09,山东省,
14653,300110.0,华仁药业,2021-12-31,2021.0,1560855394.99,山东省,
14654,300185.0,通裕重工,2021-12-31,2021.0,5748727046.65,山东省,
14655,300208.0,青岛中程,2021-12-31,2021.0,1585801293.58,山东省,
14656,300224.0,正海磁材,2021-12-31,2021.0,3369717377.91,山东省,
14657,300233.0,金城医药,2021-12-31,2021.0,3138454280.12,山东省,
14658,300308.0,中际旭创,2021-12-31,2021.0,7695404805.69,山东省,
14659,300391.0,康跃科技,2021-12-31,2021.0,2361946450.06,山东省,
14660,300423.0,昇辉科技,2021-12-31,2021.0,2709828103.72,山东省,
14661,300443.0,金雷股份,2021-12-31,2021.0,1650839299.81,山东省,
14662,300479.0,神思电子,2021-12-31,2021.0,366141921.59,山东省,
14663,300569.0,天能重工,2021-12-31,2021.0,4080952377.99,山东省,
14664,300583.0,赛托生物,2021-12-31,2021.0,1202622703.68,山东省,
14665,300653.0,正海生物,2021-12-31,2021.0,400175251.94,山东省,
14666,300690.0,双一科技,2021-12-31,2021.0,1001623981.84,山东省,
14667,300699.0,光威复材,2021-12-31,2021.0,2607307808.06,山东省,
14668,300786.0,国林科技,2021-12-31,2021.0,495588958.91,山东省,
14669,300950.0,德固特,2021-12-31,2021.0,294547361.45,山东省,
14670,301020.0,密封科技,2021-12-31,2021.0,488786681.58,山东省,
14671,301022.0,海泰科,2021-12-31,2021.0,592337170.67,山东省,
14672,301158.0,德石股份,2021-12-31,2021.0,445154844.85,山东省,
14673,301188.0,力诺特玻,2021-12-31,2021.0,888879852.56,山东省,
14674,301199.0,迈赫股份,2021-12-31,2021.0,811109331.32,山东省,
14675,430476.0,海能技术,2021-12-31,2021.0,247007059.69,山东省,
14676,600027.0,华电国际,2021-12-31,2021.0,104422213000.0,山东省,
14677,600060.0,海信视像,2021-12-31,2021.0,46801131516.41,山东省,
14678,600219.0,南山铝业,2021-12-31,2021.0,28725022944.47,山东省,
14679,600336.0,澳柯玛,2021-12-31,2021.0,8625734982.06,山东省,
14680,600385.0,*ST 金泰,2021-12-31,2021.0,60944456.56,山东省,
14681,600529.0,山东药玻,2021-12-31,2021.0,3875304663.58,山东省,
14682,600579.0,克劳斯,2021-12-31,2021.0,9854901989.18,山东省,
14683,600586.0,金晶科技,2021-12-31,2021.0,6921505639.4,山东省,
14684,600587.0,新华医疗,2021-12-31,2021.0,9482198751.57,山东省,
14685,600690.0,海尔智家,2021-12-31,2021.0,227556143618.17,山东省,
14686,600789.0,鲁抗医药,2021-12-31,2021.0,4890672608.42,山东省,
14687,600898.0,ST 美讯,2021-12-31,2021.0,196153748.78,山东省,
14688,603021.0,山东华鹏,2021-12-31,2021.0,838820278.3,山东省,
14689,603029.0,天鹅股份,2021-12-31,2021.0,521660124.0,山东省,
14690,603187.0,海容冷链,2021-12-31,2021.0,2661793901.13,山东省,
14691,603279.0,景津环保,2021-12-31,2021.0,4651100995.07,山东省,
14692,603367.0,辰欣药业,2021-12-31,2021.0,3782592635.09,山东省,
14693,603612.0,索通发展,2021-12-31,2021.0,9457947449.26,山东省,
14694,603638.0,艾迪精密,2021-12-31,2021.0,2683957096.37,山东省,
14695,603858.0,步长制药,2021-12-31,2021.0,15762679802.81,山东省,
14696,605006.0,山东玻纤,2021-12-31,2021.0,2748634492.61,山东省,
14697,605100.0,华丰股份,2021-12-31,2021.0,1354287631.56,山东省,
14698,688002.0,睿创微纳,2021-12-31,2021.0,1780286617.63,山东省,
14699,688021.0,奥福环保,2021-12-31,2021.0,396012673.09,山东省,
14700,688136.0,科兴制药,2021-12-31,2021.0,1285171728.9,山东省,
14701,688139.0,海尔生物,2021-12-31,2021.0,2125862739.15,山东省,
14702,688161.0,威高骨科,2021-12-31,2021.0,2153547035.04,山东省,
14703,688234.0,天岳先进,2021-12-31,2021.0,493856844.38,山东省,
14704,688309.0,恒誉环保,2021-12-31,2021.0,84565948.21,山东省,
14705,688363.0,华熙生物,2021-12-31,2021.0,4947773755.75,山东省,
14706,688501.0,青达环保,2021-12-31,2021.0,627919290.9,山东省,
14707,688556.0,高测股份,2021-12-31,2021.0,1566596736.29,山东省,
14708,688557.0,兰剑智能,2021-12-31,2021.0,603889939.33,山东省,
14709,688663.0,新风光,2021-12-31,2021.0,942808171.4,山东省,
14710,688677.0,海泰新光,2021-12-31,2021.0,309674984.51,山东省,
14711,688681.0,科汇股份,2021-12-31,2021.0,369319785.11,山东省,
14712,830839.0,万通液压,2021-12-31,2021.0,335626283.33,山东省,
14713,831278.0,泰德股份,2021-12-31,2021.0,283021327.13,山东省,
14714,831689.0,克莱特,2021-12-31,2021.0,391565816.79,山东省,
14715,837212.0,智新电子,2021-12-31,2021.0,452216111.33,山东省,
14716,872190.0,雷神科技,2021-12-31,2021.0,2642318663.9,山东省,
14717,,,,,915032987409.4,山东省 汇总,
14718,403.0,派林生物,2021-12-31,2021.0,1971734315.85,山西省,
14719,767.0,晋控电力,2021-12-31,2021.0,15274800598.55,山西省,
14720,795.0,英洛华,2021-12-31,2021.0,3760091573.8,山西省,
14721,831.0,五矿稀土,2021-12-31,2021.0,2973358163.24,山西省,
14722,300158.0,振东制药,2021-12-31,2021.0,5093776334.2,山西省,
14723,300254.0,仟源医药,2021-12-31,2021.0,930374948.87,山西省,
14724,300486.0,东杰智能,2021-12-31,2021.0,1299730481.87,山西省,
14725,600157.0,永泰能源,2021-12-31,2021.0,27080483926.18,山西省,
14726,600169.0,太原重工,2021-12-31,2021.0,8320369713.95,山西省,
14727,600234.0,科新发展,2021-12-31,2021.0,594738238.68,山西省,
14728,600281.0,华阳新材,2021-12-31,2021.0,280051721.71,山西省,
14729,600351.0,亚宝药业,2021-12-31,2021.0,2763962481.58,山西省,
14730,600392.0,盛和资源,2021-12-31,2021.0,10616349147.76,山西省,
14731,600780.0,通宝能源,2021-12-31,2021.0,7830839274.74,山西省,
14732,,,,,88790660920.98,山西省 汇总,
14733,561.0,烽火电子,2021-12-31,2021.0,1502408057.22,陕西省,
14734,837.0,秦川机床,2021-12-31,2021.0,5052396076.87,陕西省,
14735,2149.0,西部材料,2021-12-31,2021.0,2394570076.87,陕西省,
14736,2267.0,陕天然气,2021-12-31,2021.0,7562633312.26,陕西省,
14737,2864.0,盘龙药业,2021-12-31,2021.0,887484877.11,陕西省,
14738,300023.0,*ST 宝德,2021-12-31,2021.0,60850083.48,陕西省,
14739,300114.0,中航电测,2021-12-31,2021.0,1942801971.79,陕西省,
14740,300116.0,保力新,2021-12-31,2021.0,163505219.43,陕西省,
14741,300140.0,中环装备,2021-12-31,2021.0,1134113313.98,陕西省,
14742,300397.0,天和防务,2021-12-31,2021.0,558578734.86,陕西省,
14743,300581.0,晨曦航空,2021-12-31,2021.0,224176731.14,陕西省,
14744,300831.0,派瑞股份,2021-12-31,2021.0,178183021.4,陕西省,
14745,300861.0,美畅股份,2021-12-31,2021.0,1847652275.42,陕西省,
14746,301031.0,中熔电气,2021-12-31,2021.0,384916466.51,陕西省,
14747,600080.0,金花股份,2021-12-31,2021.0,534036500.95,陕西省,
14748,600302.0,标准股份,2021-12-31,2021.0,1645161170.53,陕西省,
14749,600343.0,航天动力,2021-12-31,2021.0,1225998641.43,陕西省,
14750,600379.0,宝光股份,2021-12-31,2021.0,1009935638.11,陕西省,
14751,600456.0,宝钛股份,2021-12-31,2021.0,5246042494.42,陕西省,
14752,600707.0,彩虹股份,2021-12-31,2021.0,15173629618.9,陕西省,
14753,600817.0,宇通重工,2021-12-31,2021.0,3756540015.65,陕西省,
14754,600984.0,建设机械,2021-12-31,2021.0,4724616257.82,陕西省,
14755,601012.0,隆基股份,2021-12-31,2021.0,80932251148.68,陕西省,
14756,601179.0,中国西电,2021-12-31,2021.0,14180662911.33,陕西省,
14757,601369.0,陕鼓动力,2021-12-31,2021.0,10360915321.22,陕西省,
14758,603139.0,康惠制药,2021-12-31,2021.0,442756905.81,陕西省,
14759,688101.0,三达膜,2021-12-31,2021.0,1150709066.63,陕西省,
14760,688102.0,斯瑞新材,2021-12-31,2021.0,968292220.49,陕西省,
14761,688122.0,西部超导,2021-12-31,2021.0,2927218790.16,陕西省,
14762,688150.0,莱特光电,2021-12-31,2021.0,336653887.3,陕西省,
14763,688167.0,炬光科技,2021-12-31,2021.0,475804602.28,陕西省,
14764,688314.0,康拓医疗,2021-12-31,2021.0,212547734.92,陕西省,
14765,688333.0,铂力特,2021-12-31,2021.0,551993023.07,陕西省,
14766,834599.0,同力股份,2021-12-31,2021.0,4094310303.09,陕西省,
14767,835640.0,富士达,2021-12-31,2021.0,603267167.64,陕西省,
14768,,,,,174447613638.77,陕西省 汇总,
14769,2022.0,科华生物,2021-12-31,2021.0,4854310523.68,上海市,
14770,2028.0,思源电气,2021-12-31,2021.0,8695335076.97,上海市,
14771,2058.0,*ST 威尔,2021-12-31,2021.0,244869718.38,上海市,
14772,2158.0,汉钟精机,2021-12-31,2021.0,2981163496.23,上海市,
14773,2162.0,悦心健康,2021-12-31,2021.0,1260831976.72,上海市,
14774,2184.0,海得控制,2021-12-31,2021.0,2490952223.19,上海市,
14775,2252.0,上海莱士,2021-12-31,2021.0,4287726749.67,上海市,
14776,2278.0,神开股份,2021-12-31,2021.0,775428800.53,上海市,
14777,2346.0,柘中股份,2021-12-31,2021.0,688962207.77,上海市,
14778,2451.0,摩恩电气,2021-12-31,2021.0,1142295753.59,上海市,
14779,2506.0,协鑫集成,2021-12-31,2021.0,4701460512.87,上海市,
14780,2527.0,新时达,2021-12-31,2021.0,4264212601.38,上海市,
14781,2636.0,金安国纪,2021-12-31,2021.0,5891172845.57,上海市,
14782,2706.0,良信股份,2021-12-31,2021.0,4027154509.11,上海市,
14783,300039.0,上海凯宝,2021-12-31,2021.0,1100578391.34,上海市,
14784,300126.0,锐奇股份,2021-12-31,2021.0,625928494.59,上海市,
14785,300129.0,泰胜风能,2021-12-31,2021.0,3852691830.69,上海市,
14786,300153.0,科泰电源,2021-12-31,2021.0,952949491.39,上海市,
14787,300171.0,东富龙,2021-12-31,2021.0,4192421107.34,上海市,
14788,300222.0,科大智能,2021-12-31,2021.0,2889046731.85,上海市,
14789,300272.0,开能健康,2021-12-31,2021.0,1511487428.56,上海市,
14790,300286.0,安科瑞,2021-12-31,2021.0,1016982797.32,上海市,
14791,300326.0,凯利泰,2021-12-31,2021.0,1268579510.95,上海市,
14792,300327.0,中颖电子,2021-12-31,2021.0,1493907714.17,上海市,
14793,300442.0,普丽盛,2021-12-31,2021.0,691645162.55,上海市,
14794,300462.0,华铭智能,2021-12-31,2021.0,593624482.14,上海市,
14795,300501.0,海顺新材,2021-12-31,2021.0,856857795.71,上海市,
14796,300551.0,古鳌科技,2021-12-31,2021.0,173498483.76,上海市,
14797,300590.0,移为通信,2021-12-31,2021.0,920739607.53,上海市,
14798,300627.0,华测导航,2021-12-31,2021.0,1903178166.89,上海市,
14799,300642.0,透景生命,2021-12-31,2021.0,654588606.63,上海市,
14800,300762.0,上海瀚讯,2021-12-31,2021.0,729246956.09,上海市,
14801,300802.0,矩子科技,2021-12-31,2021.0,588029793.86,上海市,
14802,300963.0,中洲特材,2021-12-31,2021.0,684871622.79,上海市,
14803,301070.0,开勒股份,2021-12-31,2021.0,343165051.5,上海市,
14804,301151.0,冠龙节能,2021-12-31,2021.0,1046848450.35,上海市,
14805,430139.0,华岭股份,2021-12-31,2021.0,284425885.87,上海市,
14806,430300.0,辰光医疗,2021-12-31,2021.0,196154151.59,上海市,
14807,600021.0,上海电力,2021-12-31,2021.0,30631318315.0,上海市,
14808,600151.0,航天机电,2021-12-31,2021.0,6292981645.6,上海市,
14809,600171.0,上海贝岭,2021-12-31,2021.0,2024334631.48,上海市,
14810,600196.0,复星医药,2021-12-31,2021.0,39005086602.41,上海市,
14811,600320.0,振华重工,2021-12-31,2021.0,25977976968.0,上海市,
14812,600420.0,国药现代,2021-12-31,2021.0,13944948270.25,上海市,
14813,600490.0,鹏欣资源,2021-12-31,2021.0,8587277140.52,上海市,
14814,600530.0,交大昂立,2021-12-31,2021.0,362576663.6,上海市,
14815,600601.0,ST 方科,2021-12-31,2021.0,5431613647.39,上海市,
14816,600613.0,神奇制药,2021-12-31,2021.0,2303032719.0,上海市,
14817,600617.0,国新能源,2021-12-31,2021.0,12607623861.14,上海市,
14818,600619.0,海立股份,2021-12-31,2021.0,15768789532.94,上海市,
14819,600624.0,复旦复华,2021-12-31,2021.0,1041335675.14,上海市,
14820,600635.0,大众公用,2021-12-31,2021.0,5417593979.7,上海市,
14821,600642.0,申能股份,2021-12-31,2021.0,25312773856.77,上海市,
14822,600651.0,飞乐音响,2021-12-31,2021.0,4571482653.19,上海市,
14823,600732.0,爱旭股份,2021-12-31,2021.0,15470502691.05,上海市,
14824,600781.0,ST 辅仁,2021-12-31,2021.0,1512499259.73,上海市,
14825,600819.0,耀皮玻璃,2021-12-31,2021.0,4649077259.74,上海市,
14826,600835.0,上海机电,2021-12-31,2021.0,24716738608.2,上海市,
14827,600841.0,上柴股份,2021-12-31,2021.0,24401513649.75,上海市,
14828,600843.0,上工申贝,2021-12-31,2021.0,3124521536.79,上海市,
14829,600851.0,海欣股份,2021-12-31,2021.0,1511255284.73,上海市,
14830,601231.0,环旭电子,2021-12-31,2021.0,55299654770.21,上海市,
14831,601616.0,广电电气,2021-12-31,2021.0,1004696405.97,上海市,
14832,601702.0,华峰铝业,2021-12-31,2021.0,6448633971.18,上海市,
14833,601727.0,上海电气,2021-12-31,2021.0,130681450000.0,上海市,
14834,603012.0,创力集团,2021-12-31,2021.0,2614330303.21,上海市,
14835,603068.0,博通集成,2021-12-31,2021.0,1094992693.75,上海市,
14836,603083.0,剑桥科技,2021-12-31,2021.0,2919538998.64,上海市,
14837,603131.0,上海沪工,2021-12-31,2021.0,1311446992.74,上海市,
14838,603159.0,上海亚虹,2021-12-31,2021.0,678441156.67,上海市,
14839,603236.0,移远通信,2021-12-31,2021.0,11261921747.51,上海市,
14840,603256.0,宏和科技,2021-12-31,2021.0,808159530.55,上海市,
14841,603324.0,盛剑环境,2021-12-31,2021.0,1233029658.53,上海市,
14842,603496.0,恒为科技,2021-12-31,2021.0,678205680.18,上海市,
14843,603501.0,韦尔股份,2021-12-31,2021.0,24103509570.58,上海市,
14844,603515.0,欧普照明,2021-12-31,2021.0,8846626704.35,上海市,
14845,603579.0,荣泰健康,2021-12-31,2021.0,2612570399.83,上海市,
14846,603633.0,徕木股份,2021-12-31,2021.0,685544158.48,上海市,
14847,603659.0,璞泰来,2021-12-31,2021.0,8995894111.31,上海市,
14848,603690.0,至纯科技,2021-12-31,2021.0,2084097721.32,上海市,
14849,603718.0,海利生物,2021-12-31,2021.0,347289178.48,上海市,
14850,603728.0,鸣志电器,2021-12-31,2021.0,2714222188.78,上海市,
14851,603855.0,华荣股份,2021-12-31,2021.0,3027303165.75,上海市,
14852,603868.0,飞科电器,2021-12-31,2021.0,4005257180.46,上海市,
14853,603895.0,天永智能,2021-12-31,2021.0,503760947.77,上海市,
14854,603956.0,威派格,2021-12-31,2021.0,1264045809.77,上海市,
14855,603960.0,克来机电,2021-12-31,2021.0,560917686.05,上海市,
14856,603987.0,康德莱,2021-12-31,2021.0,3097024758.94,上海市,
14857,605186.0,健麾信息,2021-12-31,2021.0,489755358.9,上海市,
14858,605208.0,永茂泰,2021-12-31,2021.0,3289673661.11,上海市,
14859,605222.0,起帆电缆,2021-12-31,2021.0,18877541660.47,上海市,
14860,688008.0,澜起科技,2021-12-31,2021.0,2562017472.42,上海市,
14861,688012.0,中微公司,2021-12-31,2021.0,3108134730.67,上海市,
14862,688016.0,心脉医疗,2021-12-31,2021.0,684630746.64,上海市,
14863,688019.0,安集科技,2021-12-31,2021.0,686660621.16,上海市,
14864,688062.0,迈威生物,2021-12-31,2021.0,16226240.62,上海市,
14865,688063.0,派能科技,2021-12-31,2021.0,2062515046.35,上海市,
14866,688065.0,凯赛生物,2021-12-31,2021.0,2197456745.0,上海市,
14867,688071.0,华依科技,2021-12-31,2021.0,320700226.75,上海市,
14868,688082.0,盛美上海,2021-12-31,2021.0,1620869141.67,上海市,
14869,688085.0,三友医疗,2021-12-31,2021.0,593359316.08,上海市,
14870,688091.0,上海谊众,2021-12-31,2021.0,4077536.27,上海市,
14871,688098.0,申联生物,2021-12-31,2021.0,358429248.99,上海市,
14872,688107.0,安路科技,2021-12-31,2021.0,678520242.61,上海市,
14873,688110.0,东芯股份,2021-12-31,2021.0,1134281270.31,上海市,
14874,688121.0,卓然股份,2021-12-31,2021.0,3900886604.75,上海市,
14875,688123.0,聚辰股份,2021-12-31,2021.0,544053914.82,上海市,
14876,688126.0,沪硅产业,2021-12-31,2021.0,2466832248.14,上海市,
14877,688155.0,先惠技术,2021-12-31,2021.0,1101981198.35,上海市,
14878,688160.0,步科股份,2021-12-31,2021.0,537326398.15,上海市,
14879,688163.0,赛伦生物,2021-12-31,2021.0,208693627.46,上海市,
14880,688180.0,君实生物,2021-12-31,2021.0,4024840878.58,上海市,
14881,688212.0,澳华内镜,2021-12-31,2021.0,347053598.3,上海市,
14882,688217.0,睿昂基因,2021-12-31,2021.0,290951595.17,上海市,
14883,688220.0,翱捷科技,2021-12-31,2021.0,2136894881.33,上海市,
14884,688230.0,芯导科技,2021-12-31,2021.0,475649458.03,上海市,
14885,688301.0,奕瑞科技,2021-12-31,2021.0,1187352896.36,上海市,
14886,688317.0,之江生物,2021-12-31,2021.0,2018829748.78,上海市,
14887,688330.0,宏力达,2021-12-31,2021.0,1132060845.57,上海市,
14888,688335.0,复洁环保,2021-12-31,2021.0,313027971.7,上海市,
14889,688336.0,三生国健,2021-12-31,2021.0,928806948.32,上海市,
14890,688366.0,昊海生科,2021-12-31,2021.0,1766994314.08,上海市,
14891,688385.0,复旦微电,2021-12-31,2021.0,2577262346.93,上海市,
14892,688505.0,复旦张江,2021-12-31,2021.0,1140313088.0,上海市,
14893,688519.0,南亚新材,2021-12-31,2021.0,4207119601.56,上海市,
14894,688538.0,和辉光电,2021-12-31,2021.0,4020546614.79,上海市,
14895,688578.0,艾力斯,2021-12-31,2021.0,530094158.47,上海市,
14896,688596.0,正帆科技,2021-12-31,2021.0,1836764431.27,上海市,
14897,688608.0,恒玄科技,2021-12-31,2021.0,1765338241.71,上海市,
14898,688660.0,电气风电,2021-12-31,2021.0,23972182745.66,上海市,
14899,688718.0,唯赛勃,2021-12-31,2021.0,379186008.35,上海市,
14900,688766.0,普冉股份,2021-12-31,2021.0,1102924005.84,上海市,
14901,688798.0,艾为电子,2021-12-31,2021.0,2327001356.81,上海市,
14902,831305.0,海希通讯,2021-12-31,2021.0,285830001.62,上海市,
14903,831961.0,创远仪器,2021-12-31,2021.0,421423078.18,上海市,
14904,833346.0,威贸电子,2021-12-31,2021.0,222157639.17,上海市,
14905,836414.0,欧普泰,2021-12-31,2021.0,124304364.94,上海市,
14906,,,,,735406278731.46,上海市 汇总,
14907,155.0,川能动力,2021-12-31,2021.0,4408005008.84,四川省,
14908,584.0,哈工智能,2021-12-31,2021.0,1722458685.91,四川省,
14909,586.0,汇源通信,2021-12-31,2021.0,449639251.65,四川省,
14910,593.0,大通燃气,2021-12-31,2021.0,1507498714.09,四川省,
14911,598.0,兴蓉环境,2021-12-31,2021.0,6732361617.91,四川省,
14912,629.0,攀钢钒钛,2021-12-31,2021.0,14060273802.78,四川省,
14913,790.0,华神科技,2021-12-31,2021.0,945317490.17,四川省,
14914,801.0,四川九洲,2021-12-31,2021.0,3544033152.21,四川省,
14915,810.0,创维数字,2021-12-31,2021.0,10846559580.07,四川省,
14916,935.0,四川双马,2021-12-31,2021.0,1223803218.22,四川省,
14917,1288.0,运机集团,2021-12-31,2021.0,787952586.2,四川省,
14918,2259.0,ST 升达,2021-12-31,2021.0,1512280932.55,四川省,
14919,2272.0,川润股份,2021-12-31,2021.0,1531416191.19,四川省,
14920,2366.0,台海核电,2021-12-31,2021.0,408295820.55,四川省,
14921,2422.0,科伦药业,2021-12-31,2021.0,17277407533.0,四川省,
14922,2466.0,天齐锂业,2021-12-31,2021.0,7663320941.87,四川省,
14923,2480.0,新筑股份,2021-12-31,2021.0,1249004686.25,四川省,
14924,2630.0,华西能源,2021-12-31,2021.0,1517242646.81,四川省,
14925,2651.0,利君股份,2021-12-31,2021.0,958943888.57,四川省,
14926,2773.0,康弘药业,2021-12-31,2021.0,3605346552.73,四川省,
14927,2798.0,帝欧家居,2021-12-31,2021.0,6147025768.1,四川省,
14928,2935.0,天奥电子,2021-12-31,2021.0,1042944170.19,四川省,
14929,2977.0,天箭科技,2021-12-31,2021.0,278412932.08,四川省,
14930,3023.0,彩虹集团,2021-12-31,2021.0,1144149048.63,四川省,
14931,300092.0,科新机电,2021-12-31,2021.0,948136951.63,四川省,
14932,300101.0,振芯科技,2021-12-31,2021.0,793506207.21,四川省,
14933,300127.0,银河磁体,2021-12-31,2021.0,861144350.8,四川省,
14934,300370.0,ST 安控,2021-12-31,2021.0,559385286.61,四川省,
14935,300414.0,中光防雷,2021-12-31,2021.0,591860991.2,四川省,
14936,300425.0,中建环能,2021-12-31,2021.0,1461463041.26,四川省,
14937,300434.0,金石亚药,2021-12-31,2021.0,1053504604.27,四川省,
14938,300463.0,迈克生物,2021-12-31,2021.0,3980647183.47,四川省,
14939,300470.0,中密控股,2021-12-31,2021.0,1131592436.5,四川省,
14940,300471.0,厚普股份,2021-12-31,2021.0,874813424.57,四川省,
14941,300502.0,新易盛,2021-12-31,2021.0,2908376063.76,四川省,
14942,300504.0,天邑股份,2021-12-31,2021.0,2398101570.79,四川省,
14943,300540.0,深冷股份,2021-12-31,2021.0,533244496.45,四川省,
14944,300780.0,德恩精工,2021-12-31,2021.0,580102615.62,四川省,
14945,300820.0,英杰电气,2021-12-31,2021.0,659956402.43,四川省,
14946,300841.0,康华生物,2021-12-31,2021.0,1292447990.55,四川省,
14947,300865.0,大宏立,2021-12-31,2021.0,694279095.59,四川省,
14948,301050.0,雷电微力,2021-12-31,2021.0,735017875.32,四川省,
14949,600101.0,明星电力,2021-12-31,2021.0,1928058091.49,四川省,
14950,600331.0,宏达股份,2021-12-31,2021.0,2907034806.36,四川省,
14951,600353.0,旭光电子,2021-12-31,2021.0,1006758282.73,四川省,
14952,600505.0,西昌电力,2021-12-31,2021.0,1081472929.68,四川省,
14953,600528.0,中铁工业,2021-12-31,2021.0,27157168727.58,四川省,
14954,600644.0,乐山电力,2021-12-31,2021.0,2571148042.2,四川省,
14955,600674.0,川投能源,2021-12-31,2021.0,1263333300.61,四川省,
14956,600678.0,四川金顶,2021-12-31,2021.0,373009528.9,四川省,
14957,600839.0,四川长虹,2021-12-31,2021.0,99631851815.19,四川省,
14958,600875.0,东方电气,2021-12-31,2021.0,46755975362.02,四川省,
14959,600979.0,广安爱众,2021-12-31,2021.0,2394042546.09,四川省,
14960,603053.0,成都燃气,2021-12-31,2021.0,4381483011.0,四川省,
14961,603327.0,福蓉科技,2021-12-31,2021.0,1930641854.98,四川省,
14962,603333.0,尚纬股份,2021-12-31,2021.0,2343640664.24,四川省,
14963,603679.0,华体科技,2021-12-31,2021.0,590076276.46,四川省,
14964,603759.0,海天股份,2021-12-31,2021.0,1083508533.84,四川省,
14965,688117.0,圣诺生物,2021-12-31,2021.0,386529715.95,四川省,
14966,688283.0,坤恒顺维,2021-12-31,2021.0,162893306.71,四川省,
14967,688311.0,盟升电子,2021-12-31,2021.0,475788006.17,四川省,
14968,688319.0,欧林生物,2021-12-31,2021.0,487151580.35,四川省,
14969,688511.0,天微电子,2021-12-31,2021.0,208053761.62,四川省,
14970,688513.0,苑东生物,2021-12-31,2021.0,1022935588.0,四川省,
14971,688528.0,秦川物联,2021-12-31,2021.0,305677208.41,四川省,
14972,688553.0,汇宇制药,2021-12-31,2021.0,1823733127.05,四川省,
14973,688636.0,智明达,2021-12-31,2021.0,449424750.41,四川省,
14974,688696.0,极米科技,2021-12-31,2021.0,4037684435.93,四川省,
14975,688776.0,国光电气,2021-12-31,2021.0,590354264.48,四川省,
14976,832566.0,梓橦宫,2021-12-31,2021.0,424129063.73,四川省,
14977,833230.0,欧康医药,2021-12-31,2021.0,300858164.15,四川省,
14978,833781.0,瑞奇智造,2021-12-31,2021.0,290295500.09,四川省,
14979,833943.0,优机股份,2021-12-31,2021.0,706002003.27,四川省,
14980,836239.0,长虹能源,2021-12-31,2021.0,3071484330.98,四川省,
14981,836260.0,中寰股份,2021-12-31,2021.0,214538588.83,四川省,
14982,836675.0,秉扬科技,2021-12-31,2021.0,302238558.53,四川省,
14983,870199.0,倍益康,2021-12-31,2021.0,329063034.64,四川省,
14984,,,,,325609313571.27,四川省 汇总,
14985,836.0,富通信息,2021-12-31,2021.0,1429520943.53,天津市,
14986,2129.0,中环股份,2021-12-31,2021.0,41104685048.73,天津市,
14987,2134.0,天津普林,2021-12-31,2021.0,700075382.2,天津市,
14988,2337.0,赛象科技,2021-12-31,2021.0,725423112.75,天津市,
14989,2393.0,力生制药,2021-12-31,2021.0,1091940631.06,天津市,
14990,2432.0,九安医疗,2021-12-31,2021.0,2397097777.49,天津市,
14991,2821.0,凯莱英,2021-12-31,2021.0,4638834177.53,天津市,
14992,300026.0,红日药业,2021-12-31,2021.0,7670525029.35,天津市,
14993,300119.0,瑞普生物,2021-12-31,2021.0,2007138304.57,天津市,
14994,300120.0,经纬辉开,2021-12-31,2021.0,3305858977.52,天津市,
14995,300195.0,长荣股份,2021-12-31,2021.0,1467288578.53,天津市,
14996,300334.0,津膜科技,2021-12-31,2021.0,473336155.34,天津市,
14997,300407.0,凯发电气,2021-12-31,2021.0,1899601144.41,天津市,
14998,300823.0,建科机械,2021-12-31,2021.0,481160686.58,天津市,
14999,300875.0,捷强装备,2021-12-31,2021.0,198155466.15,天津市,
15000,600329.0,中新药业,2021-12-31,2021.0,6907544256.0,天津市,
15001,600468.0,百利电气,2021-12-31,2021.0,2339713220.16,天津市,
15002,600488.0,天药股份,2021-12-31,2021.0,3748664558.25,天津市,
15003,600535.0,天士力,2021-12-31,2021.0,7951956608.1,天津市,
15004,600821.0,金开新能,2021-12-31,2021.0,1907925492.47,天津市,
15005,600874.0,创业环保,2021-12-31,2021.0,4535579000.0,天津市,
15006,603019.0,中科曙光,2021-12-31,2021.0,11200362248.89,天津市,
15007,603106.0,恒银科技,2021-12-31,2021.0,714981079.47,天津市,
15008,603712.0,七一二,2021-12-31,2021.0,3450935749.33,天津市,
15009,688108.0,赛诺医疗,2021-12-31,2021.0,194356081.09,天津市,
15010,688185.0,康希诺,2021-12-31,2021.0,4299702000.0,天津市,
15011,831526.0,凯华材料,2021-12-31,2021.0,136236414.44,天津市,
15012,,,,,116978598123.94,天津市 汇总,
15013,2287.0,奇正藏药,2021-12-31,2021.0,1770485989.72,西藏自治区,
15014,2653.0,海思科,2021-12-31,2021.0,2773314884.86,西藏自治区,
15015,2826.0,易明医药,2021-12-31,2021.0,725459075.46,西藏自治区,
15016,301075.0,多瑞医药,2021-12-31,2021.0,529615447.55,西藏自治区,
15017,600211.0,西藏药业,2021-12-31,2021.0,2138586552.67,西藏自治区,
15018,600326.0,西藏天路,2021-12-31,2021.0,5776900692.58,西藏自治区,
15019,603669.0,灵康药业,2021-12-31,2021.0,740327524.39,西藏自治区,
15020,603676.0,卫信康,2021-12-31,2021.0,1033622524.77,西藏自治区,
15021,,,,,15488312692.0,西藏自治区 汇总,
15022,813.0,德展健康,2021-12-31,2021.0,734479885.95,新疆维吾尔自治区,
15023,877.0,天山股份,2021-12-31,2021.0,169978538849.95,新疆维吾尔自治区,
15024,2202.0,金风科技,2021-12-31,2021.0,50570722658.79,新疆维吾尔自治区,
15025,2205.0,国统股份,2021-12-31,2021.0,1150669648.83,新疆维吾尔自治区,
15026,2302.0,西部建设,2021-12-31,2021.0,26926362355.54,新疆维吾尔自治区,
15027,2700.0,ST 浩源,2021-12-31,2021.0,592302858.74,新疆维吾尔自治区,
15028,600089.0,特变电工,2021-12-31,2021.0,61278367720.35,新疆维吾尔自治区,
15029,600425.0,青松建化,2021-12-31,2021.0,3911800914.61,新疆维吾尔自治区,
15030,600509.0,天富能源,2021-12-31,2021.0,7065058336.84,新疆维吾尔自治区,
15031,600545.0,卓郎智能,2021-12-31,2021.0,5470199000.0,新疆维吾尔自治区,
15032,600888.0,新疆众和,2021-12-31,2021.0,8225544266.08,新疆维吾尔自治区,
15033,603032.0,*ST 德新,2021-12-31,2021.0,271278260.72,新疆维吾尔自治区,
15034,603080.0,新疆火炬,2021-12-31,2021.0,899814190.46,新疆维吾尔自治区,
15035,603393.0,新天然气,2021-12-31,2021.0,2616981738.3,新疆维吾尔自治区,
15036,603706.0,东方环宇,2021-12-31,2021.0,988344645.81,新疆维吾尔自治区,
15037,605169.0,洪通燃气,2021-12-31,2021.0,1204408538.64,新疆维吾尔自治区,
15038,688303.0,大全能源,2021-12-31,2021.0,10831866667.19,新疆维吾尔自治区,
15039,,,,,352716740536.8,新疆维吾尔自治区 汇总,
15040,538.0,云南白药,2021-12-31,2021.0,36373919016.03,云南省,
15041,807.0,云铝股份,2021-12-31,2021.0,41668819175.25,云南省,
15042,878.0,云南铜业,2021-12-31,2021.0,127057754575.88,云南省,
15043,903.0,云内动力,2021-12-31,2021.0,8203066402.97,云南省,
15044,960.0,锡业股份,2021-12-31,2021.0,53844324139.38,云南省,
15045,2114.0,罗平锌电,2021-12-31,2021.0,1824660549.09,云南省,
15046,2428.0,云南锗业,2021-12-31,2021.0,556481927.27,云南省,
15047,2750.0,龙津药业,2021-12-31,2021.0,702518674.54,云南省,
15048,300142.0,沃森生物,2021-12-31,2021.0,3462831094.14,云南省,
15049,600025.0,华能水电,2021-12-31,2021.0,20201630492.14,云南省,
15050,600422.0,昆药集团,2021-12-31,2021.0,8253532504.48,云南省,
15051,600459.0,贵研铂业,2021-12-31,2021.0,36350909185.8,云南省,
15052,600883.0,博闻科技,2021-12-31,2021.0,36946715.74,云南省,
15053,600995.0,文山电力,2021-12-31,2021.0,2163601316.28,云南省,
15054,603963.0,大理药业,2021-12-31,2021.0,171493284.8,云南省,
15055,831152.0,昆工科技,2021-12-31,2021.0,566496864.09,云南省,
15056,833266.0,生物谷,2021-12-31,2021.0,566174666.68,云南省,
15057,,,,,342005160584.56,云南省 汇总,
15058,925.0,众合科技,2021-12-31,2021.0,2906134677.62,浙江省,
15059,2001.0,新和成,2021-12-31,2021.0,14797989091.2,浙江省,
15060,2006.0,精功科技,2021-12-31,2021.0,1728426070.44,浙江省,
15061,2011.0,盾安环境,2021-12-31,2021.0,9836984025.62,浙江省,
15062,2019.0,亿帆医药,2021-12-31,2021.0,4409035585.85,浙江省,
15063,2020.0,京新药业,2021-12-31,2021.0,3335970889.11,浙江省,
15064,2021.0,ST 中捷,2021-12-31,2021.0,959337000.71,浙江省,
15065,2036.0,联创电子,2021-12-31,2021.0,10557942617.55,浙江省,
15066,2050.0,三花智控,2021-12-31,2021.0,16020809805.52,浙江省,
15067,2056.0,横店东磁,2021-12-31,2021.0,12607410411.09,浙江省,
15068,2064.0,华峰化学,2021-12-31,2021.0,28367201942.51,浙江省,
15069,2082.0,万邦德,2021-12-31,2021.0,1930601866.4,浙江省,
15070,2099.0,海翔药业,2021-12-31,2021.0,2484828437.08,浙江省,
15071,2112.0,三变科技,2021-12-31,2021.0,1033650623.85,浙江省,
15072,2119.0,康强电子,2021-12-31,2021.0,2194615906.01,浙江省,
15073,2122.0,ST 天马,2021-12-31,2021.0,837652549.95,浙江省,
15074,2164.0,宁波东力,2021-12-31,2021.0,1614661779.52,浙江省,
15075,2196.0,方正电机,2021-12-31,2021.0,1890768200.01,浙江省,
15076,2199.0,东晶电子,2021-12-31,2021.0,304399339.47,浙江省,
15077,2203.0,海亮股份,2021-12-31,2021.0,63309904809.36,浙江省,
15078,2206.0,海利得,2021-12-31,2021.0,5067393297.88,浙江省,
15079,2214.0,大立科技,2021-12-31,2021.0,805430043.45,浙江省,
15080,2236.0,大华股份,2021-12-31,2021.0,32835479336.85,浙江省,
15081,2273.0,水晶光电,2021-12-31,2021.0,3809382068.35,浙江省,
15082,2276.0,万马股份,2021-12-31,2021.0,12767477330.95,浙江省,
15083,2332.0,仙琚制药,2021-12-31,2021.0,4337150964.75,浙江省,
15084,2364.0,中恒电气,2021-12-31,2021.0,1818872738.35,浙江省,
15085,2370.0,亚太药业,2021-12-31,2021.0,315134248.97,浙江省,
15086,2389.0,航天彩虹,2021-12-31,2021.0,2913832015.51,浙江省,
15087,2415.0,海康威视,2021-12-31,2021.0,81420053539.27,浙江省,
15088,2418.0,康盛股份,2021-12-31,2021.0,2377359900.57,浙江省,
15089,2427.0,ST 尤夫,2021-12-31,2021.0,2896962514.32,浙江省,
15090,2430.0,杭氧股份,2021-12-31,2021.0,11877844648.99,浙江省,
15091,2472.0,双环传动,2021-12-31,2021.0,5391010788.52,浙江省,
15092,2473.0,*ST 圣莱,2021-12-31,2021.0,111584734.43,浙江省,
15093,2479.0,富春环保,2021-12-31,2021.0,4569712538.02,浙江省,
15094,2493.0,荣盛石化,2021-12-31,2021.0,177024277492.78,浙江省,
15095,2508.0,老板电器,2021-12-31,2021.0,10147706035.35,浙江省,
15096,2520.0,日发精机,2021-12-31,2021.0,2184768797.69,浙江省,
15097,2532.0,天山铝业,2021-12-31,2021.0,28744767071.79,浙江省,
15098,2534.0,杭锅股份,2021-12-31,2021.0,6578131091.07,浙江省,
15099,2552.0,宝鼎科技,2021-12-31,2021.0,353163711.93,浙江省,
15100,2562.0,兄弟科技,2021-12-31,2021.0,2732994049.94,浙江省,
15101,2617.0,露笑科技,2021-12-31,2021.0,3553227999.23,浙江省,
15102,2633.0,申科股份,2021-12-31,2021.0,212172364.8,浙江省,
15103,2677.0,浙江美大,2021-12-31,2021.0,2163712476.77,浙江省,
15104,2686.0,亿利达,2021-12-31,2021.0,1906437017.09,浙江省,
15105,2730.0,电光科技,2021-12-31,2021.0,919208857.44,浙江省,
15106,2767.0,先锋电子,2021-12-31,2021.0,475539031.89,浙江省,
15107,2779.0,中坚科技,2021-12-31,2021.0,540168566.43,浙江省,
15108,2793.0,罗欣药业,2021-12-31,2021.0,6477932590.01,浙江省,
15109,2795.0,永和智控,2021-12-31,2021.0,1008508895.38,浙江省,
15110,2801.0,微光股份,2021-12-31,2021.0,1111608014.87,浙江省,
15111,2849.0,威星智能,2021-12-31,2021.0,1145480608.09,浙江省,
15112,2859.0,洁美科技,2021-12-31,2021.0,1861403828.65,浙江省,
15113,2860.0,星帅尔,2021-12-31,2021.0,1368591964.25,浙江省,
15114,2896.0,中大力德,2021-12-31,2021.0,952973785.81,浙江省,
15115,2897.0,意华股份,2021-12-31,2021.0,4489589434.25,浙江省,
15116,2931.0,锋龙股份,2021-12-31,2021.0,719638673.81,浙江省,
15117,2937.0,兴瑞科技,2021-12-31,2021.0,1251827686.86,浙江省,
15118,2940.0,昂利康,2021-12-31,2021.0,1380377636.93,浙江省,
15119,3025.0,思进智能,2021-12-31,2021.0,477643253.67,浙江省,
15120,3026.0,中晶科技,2021-12-31,2021.0,436963054.85,浙江省,
15121,3036.0,泰坦股份,2021-12-31,2021.0,1243292141.34,浙江省,
15122,200771.0,杭汽轮B,2021-12-31,2021.0,5788288588.91,浙江省,
15123,300032.0,金龙机电,2021-12-31,2021.0,1888426736.57,浙江省,
15124,300068.0,南都电源,2021-12-31,2021.0,11847570283.65,浙江省,
15125,300069.0,金利华电,2021-12-31,2021.0,226632272.54,浙江省,
15126,300076.0,GQY视讯,2021-12-31,2021.0,132452140.2,浙江省,
15127,300078.0,思创医惠,2021-12-31,2021.0,963142859.95,浙江省,
15128,300111.0,向日葵,2021-12-31,2021.0,297289900.36,浙江省,
15129,300118.0,东方日升,2021-12-31,2021.0,18830724181.12,浙江省,
15130,300145.0,中金环境,2021-12-31,2021.0,5186501853.3,浙江省,
15131,300181.0,佐力药业,2021-12-31,2021.0,1457396066.42,浙江省,
15132,300203.0,聚光科技,2021-12-31,2021.0,3750514066.26,浙江省,
15133,300234.0,开尔新材,2021-12-31,2021.0,781366476.34,浙江省,
15134,300256.0,*ST 星星,2021-12-31,2021.0,3218351947.7,浙江省,
15135,300257.0,开山股份,2021-12-31,2021.0,3484737325.03,浙江省,
15136,300270.0,中威电子,2021-12-31,2021.0,243029409.7,浙江省,
15137,300283.0,温州宏丰,2021-12-31,2021.0,2353079110.06,浙江省,
15138,300306.0,远方信息,2021-12-31,2021.0,452950907.22,浙江省,
15139,300307.0,慈星股份,2021-12-31,2021.0,2131152264.89,浙江省,
15140,300314.0,戴维医疗,2021-12-31,2021.0,474132641.45,浙江省,
15141,300316.0,晶盛机电,2021-12-31,2021.0,5961359500.88,浙江省,
15142,300351.0,永贵电器,2021-12-31,2021.0,1149332316.4,浙江省,
15143,300357.0,我武生物,2021-12-31,2021.0,807691606.0,浙江省,
15144,300360.0,炬华科技,2021-12-31,2021.0,1210211360.09,浙江省,
15145,300411.0,金盾股份,2021-12-31,2021.0,490417974.45,浙江省,
15146,300412.0,迦南科技,2021-12-31,2021.0,1059613869.74,浙江省,
15147,300435.0,中泰股份,2021-12-31,2021.0,2406997413.64,浙江省,
15148,300439.0,美康生物,2021-12-31,2021.0,2251532206.94,浙江省,
15149,300441.0,鲍斯股份,2021-12-31,2021.0,2171826108.03,浙江省,
15150,300461.0,田中精机,2021-12-31,2021.0,343891876.05,浙江省,
15151,300512.0,中亚股份,2021-12-31,2021.0,1062992172.95,浙江省,
15152,300519.0,新光药业,2021-12-31,2021.0,320876074.74,浙江省,
15153,300548.0,博创科技,2021-12-31,2021.0,1154136552.85,浙江省,
15154,300553.0,集智股份,2021-12-31,2021.0,225605323.52,浙江省,
15155,300558.0,贝达药业,2021-12-31,2021.0,2245855591.46,浙江省,
15156,300566.0,激智科技,2021-12-31,2021.0,1924520416.9,浙江省,
15157,300582.0,英飞特,2021-12-31,2021.0,1416211287.11,浙江省,
15158,300604.0,长川科技,2021-12-31,2021.0,1511230397.53,浙江省,
15159,300611.0,美力科技,2021-12-31,2021.0,816819640.71,浙江省,
15160,300626.0,华瑞股份,2021-12-31,2021.0,983012300.2,浙江省,
15161,300666.0,江丰电子,2021-12-31,2021.0,1593912652.91,浙江省,
15162,300669.0,沪宁股份,2021-12-31,2021.0,404945256.12,浙江省,
15163,300698.0,万马科技,2021-12-31,2021.0,498224117.28,浙江省,
15164,300702.0,天宇股份,2021-12-31,2021.0,2545009527.24,浙江省,
15165,300710.0,万隆光电,2021-12-31,2021.0,728642547.94,浙江省,
15166,300718.0,长盛轴承,2021-12-31,2021.0,984974847.64,浙江省,
15167,300743.0,天地数码,2021-12-31,2021.0,541746016.86,浙江省,
15168,300763.0,锦浪科技,2021-12-31,2021.0,3312414694.92,浙江省,
15169,300772.0,运达股份,2021-12-31,2021.0,16040656114.82,浙江省,
15170,300813.0,泰林生物,2021-12-31,2021.0,283248491.21,浙江省,
15171,300817.0,双飞股份,2021-12-31,2021.0,908425867.25,浙江省,
15172,300837.0,浙矿股份,2021-12-31,2021.0,573251296.07,浙江省,
15173,300838.0,浙江力诺,2021-12-31,2021.0,688359532.75,浙江省,
15174,300853.0,申昊科技,2021-12-31,2021.0,769336967.78,浙江省,
15175,300878.0,维康药业,2021-12-31,2021.0,632953240.27,浙江省,
15176,300879.0,大叶股份,2021-12-31,2021.0,1607004244.05,浙江省,
15177,300880.0,迦南智能,2021-12-31,2021.0,668956814.69,浙江省,
15178,300882.0,万胜智能,2021-12-31,2021.0,546289210.57,浙江省,
15179,300894.0,火星人,2021-12-31,2021.0,2318682832.21,浙江省,
15180,300897.0,山科智能,2021-12-31,2021.0,484032355.49,浙江省,
15181,300911.0,亿田智能,2021-12-31,2021.0,1229657233.37,浙江省,
15182,300913.0,兆龙互连,2021-12-31,2021.0,1464949911.69,浙江省,
15183,300943.0,春晖智控,2021-12-31,2021.0,530802679.15,浙江省,
15184,300953.0,震裕科技,2021-12-31,2021.0,3034118647.89,浙江省,
15185,300984.0,金沃股份,2021-12-31,2021.0,895591817.47,浙江省,
15186,300992.0,泰福泵业,2021-12-31,2021.0,561326185.5,浙江省,
15187,300998.0,宁波方正,2021-12-31,2021.0,701706142.8,浙江省,
15188,301008.0,宏昌科技,2021-12-31,2021.0,767823526.07,浙江省,
15189,301032.0,新柴股份,2021-12-31,2021.0,2482527353.49,浙江省,
15190,301053.0,远信工业,2021-12-31,2021.0,577454609.38,浙江省,
15191,301056.0,森赫股份,2021-12-31,2021.0,575861460.4,浙江省,
15192,301057.0,汇隆新材,2021-12-31,2021.0,613461023.6,浙江省,
15193,301081.0,严牌股份,2021-12-31,2021.0,708644599.48,浙江省,
15194,301082.0,久盛电气,2021-12-31,2021.0,1953835807.59,浙江省,
15195,301097.0,天益医疗,2021-12-31,2021.0,414731858.47,浙江省,
15196,301201.0,诚达药业,2021-12-31,2021.0,415725787.55,浙江省,
15197,301222.0,浙江恒威,2021-12-31,2021.0,546892691.37,浙江省,
15198,301279.0,金道科技,2021-12-31,2021.0,639769119.09,浙江省,
15199,430685.0,新芝生物,2021-12-31,2021.0,168157801.62,浙江省,
15200,600023.0,浙能电力,2021-12-31,2021.0,71073237421.13,浙江省,
15201,600032.0,浙江新能,2021-12-31,2021.0,2909533795.25,浙江省,
15202,600130.0,波导股份,2021-12-31,2021.0,787413129.22,浙江省,
15203,600152.0,维科技术,2021-12-31,2021.0,2075438208.29,浙江省,
15204,600216.0,浙江医药,2021-12-31,2021.0,9129094496.62,浙江省,
15205,600261.0,阳光照明,2021-12-31,2021.0,4264106135.95,浙江省,
15206,600267.0,海正药业,2021-12-31,2021.0,12136465765.07,浙江省,
15207,600283.0,钱江水利,2021-12-31,2021.0,1538519305.75,浙江省,
15208,600290.0,ST 华仪,2021-12-31,2021.0,368357958.4,浙江省,
15209,600330.0,天通股份,2021-12-31,2021.0,4084906935.03,浙江省,
15210,600366.0,宁波韵升,2021-12-31,2021.0,3753956786.41,浙江省,
15211,600460.0,士兰微,2021-12-31,2021.0,7194148249.93,浙江省,
15212,600521.0,华海药业,2021-12-31,2021.0,6643573143.13,浙江省,
15213,600526.0,菲达环保,2021-12-31,2021.0,3384106894.85,浙江省,
15214,600537.0,亿晶光电,2021-12-31,2021.0,4083270415.1,浙江省,
15215,600572.0,康恩贝,2021-12-31,2021.0,6150860583.43,浙江省,
15216,600580.0,卧龙电驱,2021-12-31,2021.0,13697707743.78,浙江省,
15217,600668.0,尖峰集团,2021-12-31,2021.0,3805038118.41,浙江省,
15218,600671.0,ST 目药,2021-12-31,2021.0,147069186.37,浙江省,
15219,600724.0,宁波富达,2021-12-31,2021.0,2340238895.86,浙江省,
15220,600768.0,宁波富邦,2021-12-31,2021.0,416967678.33,浙江省,
15221,600776.0,东方通信,2021-12-31,2021.0,3037373181.19,浙江省,
15222,600884.0,杉杉股份,2021-12-31,2021.0,20699382624.28,浙江省,
15223,600982.0,宁波能源,2021-12-31,2021.0,6913740982.55,浙江省,
15224,601002.0,晋亿实业,2021-12-31,2021.0,2873865196.96,浙江省,
15225,601113.0,ST 华鼎,2021-12-31,2021.0,8654136549.5,浙江省,
15226,601137.0,博威合金,2021-12-31,2021.0,10037996457.36,浙江省,
15227,601177.0,杭齿前进,2021-12-31,2021.0,2140022101.55,浙江省,
15228,601233.0,桐昆股份,2021-12-31,2021.0,59130953267.02,浙江省,
15229,601567.0,三星医疗,2021-12-31,2021.0,7022902468.7,浙江省,
15230,601609.0,金田铜业,2021-12-31,2021.0,81158824665.21,浙江省,
15231,601865.0,福莱特,2021-12-31,2021.0,8713228065.59,浙江省,
15232,601877.0,正泰电器,2021-12-31,2021.0,38864623647.52,浙江省,
15233,601882.0,海天精工,2021-12-31,2021.0,2730486727.61,浙江省,
15234,603015.0,弘讯科技,2021-12-31,2021.0,934971164.6,浙江省,
15235,603045.0,福达合金,2021-12-31,2021.0,2931123716.02,浙江省,
15236,603070.0,万控智造,2021-12-31,2021.0,2160208284.06,浙江省,
15237,603076.0,乐惠国际,2021-12-31,2021.0,989369934.1,浙江省,
15238,603081.0,大丰实业,2021-12-31,2021.0,2958561511.35,浙江省,
15239,603088.0,宁波精达,2021-12-31,2021.0,533822892.3,浙江省,
15240,603095.0,越剑智能,2021-12-31,2021.0,1550207862.97,浙江省,
15241,603105.0,芯能科技,2021-12-31,2021.0,445130995.79,浙江省,
15242,603168.0,莎普爱思,2021-12-31,2021.0,629764709.52,浙江省,
15243,603186.0,华正新材,2021-12-31,2021.0,3619685625.18,浙江省,
15244,603195.0,公牛集团,2021-12-31,2021.0,12384916337.51,浙江省,
15245,603215.0,比依股份,2021-12-31,2021.0,1633659920.39,浙江省,
15246,603218.0,日月股份,2021-12-31,2021.0,4712078327.73,浙江省,
15247,603219.0,富佳股份,2021-12-31,2021.0,2600501682.97,浙江省,
15248,603222.0,济民医疗,2021-12-31,2021.0,1098469879.12,浙江省,
15249,603225.0,新凤鸣,2021-12-31,2021.0,44770030049.88,浙江省,
15250,603229.0,奥翔药业,2021-12-31,2021.0,569698344.37,浙江省,
15251,603277.0,银都股份,2021-12-31,2021.0,2458732323.96,浙江省,
15252,603289.0,泰瑞机器,2021-12-31,2021.0,1097586525.42,浙江省,
15253,603290.0,斯达半导,2021-12-31,2021.0,1706643165.69,浙江省,
15254,603297.0,永新光学,2021-12-31,2021.0,795093310.9,浙江省,
15255,603298.0,杭叉集团,2021-12-31,2021.0,14489702674.83,浙江省,
15256,603301.0,振德医疗,2021-12-31,2021.0,5091572447.78,浙江省,
15257,603303.0,得邦照明,2021-12-31,2021.0,5273081022.42,浙江省,
15258,603311.0,金海高科,2021-12-31,2021.0,757635049.07,浙江省,
15259,603320.0,迪贝电气,2021-12-31,2021.0,1138090441.42,浙江省,
15260,603321.0,梅轮电梯,2021-12-31,2021.0,1059606185.57,浙江省,
15261,603331.0,百达精工,2021-12-31,2021.0,1218457439.06,浙江省,
15262,603337.0,杰克股份,2021-12-31,2021.0,6053600930.39,浙江省,
15263,603338.0,浙江鼎力,2021-12-31,2021.0,4939315984.85,浙江省,
15264,603456.0,九洲药业,2021-12-31,2021.0,4063181915.6,浙江省,
15265,603520.0,司太立,2021-12-31,2021.0,1999916888.19,浙江省,
15266,603538.0,美诺华,2021-12-31,2021.0,1258147710.17,浙江省,
15267,603551.0,奥普家居,2021-12-31,2021.0,2058098466.6,浙江省,
15268,603556.0,海兴电力,2021-12-31,2021.0,2691084904.33,浙江省,
15269,603578.0,三星新材,2021-12-31,2021.0,825917296.75,浙江省,
15270,603583.0,捷昌驱动,2021-12-31,2021.0,2636980919.92,浙江省,
15271,603595.0,东尼电子,2021-12-31,2021.0,1339010863.46,浙江省,
15272,603606.0,东方电缆,2021-12-31,2021.0,7932209015.44,浙江省,
15273,603611.0,诺力股份,2021-12-31,2021.0,5886978020.91,浙江省,
15274,603617.0,君禾股份,2021-12-31,2021.0,975365389.63,浙江省,
15275,603618.0,杭电股份,2021-12-31,2021.0,7442564210.52,浙江省,
15276,603662.0,柯力传感,2021-12-31,2021.0,1031129787.78,浙江省,
15277,603667.0,五洲新春,2021-12-31,2021.0,2423179370.83,浙江省,
15278,603677.0,奇精机械,2021-12-31,2021.0,2005264572.32,浙江省,
15279,603685.0,晨丰科技,2021-12-31,2021.0,1548141993.0,浙江省,
15280,603700.0,宁水集团,2021-12-31,2021.0,1717290642.31,浙江省,
15281,603701.0,德宏股份,2021-12-31,2021.0,592538397.28,浙江省,
15282,603703.0,盛洋科技,2021-12-31,2021.0,975183818.74,浙江省,
15283,603757.0,大元泵业,2021-12-31,2021.0,1484315403.55,浙江省,
15284,603789.0,星光农机,2021-12-31,2021.0,401847250.87,浙江省,
15285,603799.0,华友钴业,2021-12-31,2021.0,35316548999.96,浙江省,
15286,603811.0,诚意药业,2021-12-31,2021.0,693964770.25,浙江省,
15287,603896.0,寿仙谷,2021-12-31,2021.0,767137327.36,浙江省,
15288,603897.0,长城科技,2021-12-31,2021.0,10726728963.94,浙江省,
15289,603901.0,永创智能,2021-12-31,2021.0,2707234084.48,浙江省,
15290,603917.0,合力科技,2021-12-31,2021.0,704056982.6,浙江省,
15291,603996.0,*ST 中新,2021-12-31,2021.0,804192.57,浙江省,
15292,605011.0,杭州热电,2021-12-31,2021.0,3182629526.44,浙江省,
15293,605028.0,世茂能源,2021-12-31,2021.0,394726530.25,浙江省,
15294,605060.0,联德股份,2021-12-31,2021.0,798785373.05,浙江省,
15295,605066.0,天正电气,2021-12-31,2021.0,2921911560.93,浙江省,
15296,605116.0,奥锐特,2021-12-31,2021.0,803362668.37,浙江省,
15297,605117.0,德业股份,2021-12-31,2021.0,4167929962.44,浙江省,
15298,605162.0,新中港,2021-12-31,2021.0,770843823.61,浙江省,
15299,605177.0,东亚药业,2021-12-31,2021.0,712218140.55,浙江省,
15300,605259.0,绿田机械,2021-12-31,2021.0,1605450110.15,浙江省,
15301,605277.0,新亚电子,2021-12-31,2021.0,1473925735.35,浙江省,
15302,605336.0,帅丰电器,2021-12-31,2021.0,977641254.43,浙江省,
15303,605358.0,立昂微,2021-12-31,2021.0,2540916179.28,浙江省,
15304,605369.0,拱东医疗,2021-12-31,2021.0,1194254244.72,浙江省,
15305,605378.0,野马电池,2021-12-31,2021.0,1186526229.26,浙江省,
15306,605507.0,国邦医药,2021-12-31,2021.0,4505350580.8,浙江省,
15307,605555.0,德昌股份,2021-12-31,2021.0,2841506369.9,浙江省,
15308,605580.0,恒盛能源,2021-12-31,2021.0,770618703.5,浙江省,
15309,688005.0,容百科技,2021-12-31,2021.0,10259004445.19,浙江省,
15310,688006.0,杭可科技,2021-12-31,2021.0,2483313053.45,浙江省,
15311,688032.0,禾迈股份,2021-12-31,2021.0,795185561.41,浙江省,
15312,688075.0,安旭生物,2021-12-31,2021.0,1589279102.4,浙江省,
15313,688079.0,美迪凯,2021-12-31,2021.0,439467116.86,浙江省,
15314,688092.0,爱科科技,2021-12-31,2021.0,318828666.89,浙江省,
15315,688127.0,蓝特光学,2021-12-31,2021.0,415483740.36,浙江省,
15316,688215.0,瑞晟智能,2021-12-31,2021.0,199818307.24,浙江省,
15317,688255.0,凯尔达,2021-12-31,2021.0,542297539.14,浙江省,
15318,688270.0,臻镭科技,2021-12-31,2021.0,190580502.14,浙江省,
15319,688288.0,鸿泉物联,2021-12-31,2021.0,405595347.54,浙江省,
15320,688298.0,东方生物,2021-12-31,2021.0,10169167715.28,浙江省,
15321,688310.0,迈得医疗,2021-12-31,2021.0,315525810.78,浙江省,
15322,688360.0,德马科技,2021-12-31,2021.0,1482689871.86,浙江省,
15323,688577.0,浙海德曼,2021-12-31,2021.0,540808211.52,浙江省,
15324,688606.0,奥泰生物,2021-12-31,2021.0,1873427739.65,浙江省,
15325,688611.0,杭州柯林,2021-12-31,2021.0,243058476.0,浙江省,
15326,688616.0,西力科技,2021-12-31,2021.0,410776160.89,浙江省,
15327,688767.0,博拓生物,2021-12-31,2021.0,1818075902.95,浙江省,
15328,688789.0,宏华数科,2021-12-31,2021.0,943105975.25,浙江省,
15329,688819.0,天能股份,2021-12-31,2021.0,38716168679.88,浙江省,
15330,831855.0,浙江大农,2021-12-31,2021.0,292811215.51,浙江省,
15331,834062.0,科润智控,2021-12-31,2021.0,651215088.12,浙江省,
15332,834475.0,三友科技,2021-12-31,2021.0,287247540.32,浙江省,
15333,834639.0,晨光电缆,2021-12-31,2021.0,2115299887.18,浙江省,
15334,834682.0,球冠电缆,2021-12-31,2021.0,2688053061.23,浙江省,
15335,834770.0,艾能聚,2021-12-31,2021.0,341795383.03,浙江省,
15336,836270.0,天铭科技,2021-12-31,2021.0,189834776.86,浙江省,
15337,836395.0,朗鸿科技,2021-12-31,2021.0,143833889.77,浙江省,
15338,870508.0,丰安股份,2021-12-31,2021.0,166990538.51,浙江省,
15339,873152.0,天宏锂电,2021-12-31,2021.0,370869108.73,浙江省,
15340,873169.0,七丰精工,2021-12-31,2021.0,219086589.47,浙江省,
15341,873223.0,荣亿精密,2021-12-31,2021.0,261024852.64,浙江省,
15342,,,,,1520837094907.94,浙江省 汇总,
15343,591.0,太阳能,2021-12-31,2021.0,7015771852.94,重庆市,
15344,788.0,北大医药,2021-12-31,2021.0,2236776376.12,重庆市,
15345,1296.0,长江材料,2021-12-31,2021.0,933190774.9,重庆市,
15346,2742.0,三圣股份,2021-12-31,2021.0,2489145222.21,重庆市,
15347,2907.0,华森制药,2021-12-31,2021.0,846141123.48,重庆市,
15348,300006.0,莱美药业,2021-12-31,2021.0,1225224188.67,重庆市,
15349,300122.0,智飞生物,2021-12-31,2021.0,30652415906.61,重庆市,
15350,300194.0,福安药业,2021-12-31,2021.0,2453144920.88,重庆市,
15351,300363.0,博腾股份,2021-12-31,2021.0,3105149629.68,重庆市,
15352,600116.0,三峡水利,2021-12-31,2021.0,10176643311.45,重庆市,
15353,600129.0,太极集团,2021-12-31,2021.0,12149432719.04,重庆市,
15354,600452.0,涪陵电力,2021-12-31,2021.0,3145520941.74,重庆市,
15355,600666.0,ST 瑞德,2021-12-31,2021.0,699693403.08,重庆市,
15356,600847.0,万里股份,2021-12-31,2021.0,571178315.46,重庆市,
15357,600877.0,声光电科,2021-12-31,2021.0,1655040244.57,重庆市,
15358,600917.0,重庆燃气,2021-12-31,2021.0,7809781886.88,重庆市,
15359,601158.0,重庆水务,2021-12-31,2021.0,7252254088.48,重庆市,
15360,603100.0,川仪股份,2021-12-31,2021.0,5486608703.83,重庆市,
15361,603109.0,神驰机电,2021-12-31,2021.0,2437586829.0,重庆市,
15362,603601.0,再升科技,2021-12-31,2021.0,1619710842.66,重庆市,
15363,603976.0,正川股份,2021-12-31,2021.0,796657258.0,重庆市,
15364,605122.0,四方新材,2021-12-31,2021.0,1350172629.95,重庆市,
15365,830896.0,旺成科技,2021-12-31,2021.0,365147797.13,重庆市,
15366,871857.0,泓禧科技,2021-12-31,2021.0,525780731.44,重庆市,
15367,,,,,106998169698.2,重庆市 汇总,
15368,,,,,14704261948436.4,总计,
15369,,证券简称,统计截止日期,,,所属省份,
15370,153.0,丰原药业,2022-12-31,2022.0,4004020381.58,安徽省,
15371,521.0,长虹美菱,2022-12-31,2022.0,20215220192.2,安徽省,
15372,543.0,皖能电力,2022-12-31,2022.0,24275609352.76,安徽省,
15373,630.0,铜陵有色,2022-12-31,2022.0,121845466281.57,安徽省,
15374,2171.0,楚江新材,2022-12-31,2022.0,40595879632.95,安徽省,
15375,2347.0,泰尔股份,2022-12-31,2022.0,1082824792.32,安徽省,
15376,2571.0,德力股份,2022-12-31,2022.0,1123670139.45,安徽省,
15377,2690.0,美亚光电,2022-12-31,2022.0,2117255683.31,安徽省,
15378,2817.0,黄山胶囊,2022-12-31,2022.0,428318791.71,安徽省,
15379,2983.0,芯瑞达,2022-12-31,2022.0,954252484.23,安徽省,
15380,2997.0,瑞鹄模具,2022-12-31,2022.0,1167791672.82,安徽省,
15381,3038.0,鑫铂股份,2022-12-31,2022.0,4221406886.16,安徽省,
15382,300009.0,安科生物,2022-12-31,2022.0,2331062727.29,安徽省,
15383,300088.0,长信科技,2022-12-31,2022.0,6987263415.11,安徽省,
15384,300247.0,融捷健康,2022-12-31,2022.0,463318978.95,安徽省,
15385,300274.0,阳光电源,2022-12-31,2022.0,40257239155.34,安徽省,
15386,300452.0,山河药辅,2022-12-31,2022.0,704525235.45,安徽省,
15387,300595.0,欧普康视,2022-12-31,2022.0,1525319073.48,安徽省,
15388,300835.0,龙磁科技,2022-12-31,2022.0,927829720.88,安徽省,
15389,300862.0,蓝盾光电,2022-12-31,2022.0,763958021.04,安徽省,
15390,300956.0,英力股份,2022-12-31,2022.0,1372357952.76,安徽省,
15391,301129.0,瑞纳智能,2022-12-31,2022.0,647498872.9,安徽省,
15392,301217.0,铜冠铜箔,2022-12-31,2022.0,3874820933.18,安徽省,
15393,301234.0,五洲医疗,2022-12-31,2022.0,547114250.29,安徽省,
15394,301321.0,翰博高新,2022-12-31,2022.0,2207151471.29,安徽省,
15395,430478.0,峆一药业,2022-12-31,2022.0,258700268.97,安徽省,
15396,430718.0,合肥高科,2022-12-31,2022.0,919010465.05,安徽省,
15397,600063.0,皖维高新,2022-12-31,2022.0,9942001713.5,安徽省,
15398,600218.0,全柴动力,2022-12-31,2022.0,4936268279.26,安徽省,
15399,600237.0,铜峰电子,2022-12-31,2022.0,1040482674.93,安徽省,
15400,600255.0,鑫科材料,2022-12-31,2022.0,3093453741.62,安徽省,
15401,600444.0,国机通用,2022-12-31,2022.0,787842850.06,安徽省,
15402,600520.0,文一科技,2022-12-31,2022.0,444493059.8,安徽省,
15403,600552.0,凯盛科技,2022-12-31,2022.0,4623159679.22,安徽省,
15404,600577.0,精达股份,2022-12-31,2022.0,17542404430.27,安徽省,
15405,600585.0,海螺水泥,2022-12-31,2022.0,132021553710.0,安徽省,
15406,600761.0,安徽合力,2022-12-31,2022.0,15673140108.1,安徽省,
15407,600983.0,惠而浦,2022-12-31,2022.0,4263867250.81,安徽省,
15408,600990.0,四创电子,2022-12-31,2022.0,2720683574.08,安徽省,
15409,603011.0,合锻智能,2022-12-31,2022.0,1734440294.61,安徽省,
15410,603308.0,应流股份,2022-12-31,2022.0,2197702313.26,安徽省,
15411,603356.0,华菱精工,2022-12-31,2022.0,1752856339.54,安徽省,
15412,603527.0,众源新材,2022-12-31,2022.0,7129422226.33,安徽省,
15413,603656.0,泰禾智能,2022-12-31,2022.0,479346811.28,安徽省,
15414,603689.0,皖天然气,2022-12-31,2022.0,5927261214.32,安徽省,
15415,688027.0,国盾量子,2022-12-31,2022.0,134727502.63,安徽省,
15416,688077.0,大地熊,2022-12-31,2022.0,2119480599.6,安徽省,
15417,688162.0,巨一科技,2022-12-31,2022.0,3482838814.47,安徽省,
15418,688165.0,埃夫特,2022-12-31,2022.0,1327507642.24,安徽省,
15419,688251.0,井松智能,2022-12-31,2022.0,584783675.65,安徽省,
15420,688403.0,汇成股份,2022-12-31,2022.0,939652817.36,安徽省,
15421,688416.0,恒烁股份,2022-12-31,2022.0,433277479.71,安徽省,
15422,688419.0,耐科装备,2022-12-31,2022.0,268907272.06,安徽省,
15423,688486.0,龙迅股份,2022-12-31,2022.0,240937598.29,安徽省,
15424,688551.0,科威尔,2022-12-31,2022.0,375141679.72,安徽省,
15425,688600.0,皖仪科技,2022-12-31,2022.0,675400919.1,安徽省,
15426,688630.0,芯碁微装,2022-12-31,2022.0,652276571.62,安徽省,
15427,688659.0,元琛科技,2022-12-31,2022.0,579032421.5,安徽省,
15428,688733.0,壹石通,2022-12-31,2022.0,602986045.87,安徽省,
15429,688768.0,容知日新,2022-12-31,2022.0,547031612.87,安徽省,
15430,831856.0,浩淼科技,2022-12-31,2022.0,449764894.5,安徽省,
15431,835892.0,中科美菱,2022-12-31,2022.0,406489091.83,安徽省,
15432,870357.0,雅葆轩,2022-12-31,2022.0,236765409.38,安徽省,
15433,871981.0,晶赛科技,2022-12-31,2022.0,387266655.65,安徽省,
15434,,,,,516573535808.08,安徽省 汇总,
15435,605.0,渤海股份,2022-12-31,2022.0,1753339336.97,北京市,
15436,725.0,京东方A,2022-12-31,2022.0,178413731179.0,北京市,
15437,786.0,北新建材,2022-12-31,2022.0,19934313133.14,北京市,
15438,931.0,中关村,2022-12-31,2022.0,2060280707.26,北京市,
15439,938.0,紫光股份,2022-12-31,2022.0,74057649380.57,北京市,
15440,970.0,中科三环,2022-12-31,2022.0,9715807995.87,北京市,
15441,1210.0,金房节能,2022-12-31,2022.0,871021313.17,北京市,
15442,1259.0,利仁科技,2022-12-31,2022.0,656862204.08,北京市,
15443,1289.0,龙源电力,2022-12-31,2022.0,39863079555.45,北京市,
15444,2038.0,双鹭药业,2022-12-31,2022.0,1050165426.33,北京市,
15445,2066.0,瑞泰科技,2022-12-31,2022.0,4818995775.21,北京市,
15446,2151.0,北斗星通,2022-12-31,2022.0,3816077696.79,北京市,
15447,2271.0,东方雨虹,2022-12-31,2022.0,31213835246.24,北京市,
15448,2350.0,北京科锐,2022-12-31,2022.0,2176684246.04,北京市,
15449,2362.0,汉王科技,2022-12-31,2022.0,1400513496.01,北京市,
15450,2371.0,北方华创,2022-12-31,2022.0,14688111969.67,北京市,
15451,2383.0,合众思壮,2022-12-31,2022.0,1923636137.49,北京市,
15452,2392.0,北京利尔,2022-12-31,2022.0,4719361093.09,北京市,
15453,2658.0,雪迪龙,2022-12-31,2022.0,1504771570.27,北京市,
15454,2665.0,首航高科,2022-12-31,2022.0,652205492.85,北京市,
15455,2738.0,中矿资源,2022-12-31,2022.0,8041223930.72,北京市,
15456,2755.0,奥赛康,2022-12-31,2022.0,1872572189.84,北京市,
15457,2829.0,星网宇达,2022-12-31,2022.0,1074382619.33,北京市,
15458,2893.0,华通热力,2022-12-31,2022.0,1028559039.31,北京市,
15459,2955.0,鸿合科技,2022-12-31,2022.0,4549468035.35,北京市,
15460,300003.0,乐普医疗,2022-12-31,2022.0,10609442080.61,北京市,
15461,300016.0,北陆药业,2022-12-31,2022.0,765881882.25,北京市,
15462,300034.0,钢研高纳,2022-12-31,2022.0,2879281731.66,北京市,
15463,300045.0,华力创通,2022-12-31,2022.0,385096201.75,北京市,
15464,300048.0,合康新能,2022-12-31,2022.0,1423775284.65,北京市,
15465,300065.0,海兰信,2022-12-31,2022.0,724414789.41,北京市,
15466,300073.0,当升科技,2022-12-31,2022.0,21264142747.27,北京市,
15467,300079.0,数码视讯,2022-12-31,2022.0,1096495318.5,北京市,
15468,300139.0,晓程科技,2022-12-31,2022.0,218520602.69,北京市,
15469,300204.0,舒泰神,2022-12-31,2022.0,548988617.75,北京市,
15470,300213.0,佳讯飞鸿,2022-12-31,2022.0,1144950323.34,北京市,
15471,300223.0,北京君正,2022-12-31,2022.0,5411867514.79,北京市,
15472,300282.0,ST 三盛,2022-12-31,2022.0,228574256.33,北京市,
15473,300289.0,利德曼,2022-12-31,2022.0,705976839.21,北京市,
15474,300296.0,利亚德,2022-12-31,2022.0,8153632665.4,北京市,
15475,300318.0,博晖创新,2022-12-31,2022.0,795932495.41,北京市,
15476,300332.0,天壕环境,2022-12-31,2022.0,3841838988.88,北京市,
15477,300353.0,东土科技,2022-12-31,2022.0,1104721726.48,北京市,
15478,300374.0,中铁装配,2022-12-31,2022.0,634798334.08,北京市,
15479,300406.0,九强生物,2022-12-31,2022.0,1510871884.28,北京市,
15480,300430.0,诚益通,2022-12-31,2022.0,974445298.98,北京市,
15481,300444.0,双杰电气,2022-12-31,2022.0,1882185673.94,北京市,
15482,300445.0,康斯特,2022-12-31,2022.0,413990997.22,北京市,
15483,300449.0,汉邦高科,2022-12-31,2022.0,124105686.33,北京市,
15484,300455.0,康拓红外,2022-12-31,2022.0,1348035594.47,北京市,
15485,300456.0,赛微电子,2022-12-31,2022.0,785815701.59,北京市,
15486,300472.0,新元科技,2022-12-31,2022.0,567358530.89,北京市,
15487,300477.0,合纵科技,2022-12-31,2022.0,2961855754.69,北京市,
15488,300485.0,赛升药业,2022-12-31,2022.0,734546852.59,北京市,
15489,300593.0,新雷能,2022-12-31,2022.0,1713511550.49,北京市,
15490,300661.0,圣邦股份,2022-12-31,2022.0,3187549913.33,北京市,
15491,300667.0,必创科技,2022-12-31,2022.0,718304978.15,北京市,
15492,300896.0,爱美客,2022-12-31,2022.0,1938838363.7,北京市,
15493,300965.0,恒宇信通,2022-12-31,2022.0,183777796.17,北京市,
15494,301120.0,新特电气,2022-12-31,2022.0,451839449.07,北京市,
15495,301367.0,怡和嘉业,2022-12-31,2022.0,1415367125.64,北京市,
15496,430047.0,诺思兰德,2022-12-31,2022.0,64654602.85,北京市,
15497,600008.0,首创环保,2022-12-31,2022.0,22157325320.52,北京市,
15498,600011.0,华能国际,2022-12-31,2022.0,246724789201.0,北京市,
15499,600055.0,万东医疗,2022-12-31,2022.0,1121203548.49,北京市,
15500,600062.0,华润双鹤,2022-12-31,2022.0,9446925267.13,北京市,
15501,600085.0,同仁堂,2022-12-31,2022.0,15372423363.17,北京市,
15502,600100.0,同方股份,2022-12-31,2022.0,23761348566.75,北京市,
15503,600118.0,中国卫星,2022-12-31,2022.0,8242329875.73,北京市,
15504,600161.0,天坛生物,2022-12-31,2022.0,4261304622.88,北京市,
15505,600176.0,中国巨石,2022-12-31,2022.0,20192222964.59,北京市,
15506,600195.0,中牧股份,2022-12-31,2022.0,5891524963.89,北京市,
15507,600198.0,大唐电信,2022-12-31,2022.0,1074940562.7,北京市,
15508,600206.0,有研新材,2022-12-31,2022.0,15253945207.13,北京市,
15509,600271.0,航天信息,2022-12-31,2022.0,19314075224.97,北京市,
15510,600288.0,大恒科技,2022-12-31,2022.0,2322158555.2,北京市,
15511,600299.0,安迪苏,2022-12-31,2022.0,14529015609.0,北京市,
15512,600361.0,创新新材,2022-12-31,2022.0,69319303317.48,北京市,
15513,600405.0,动力源,2022-12-31,2022.0,1356172251.55,北京市,
15514,600435.0,北方导航,2022-12-31,2022.0,3839446957.12,北京市,
15515,600560.0,金自天正,2022-12-31,2022.0,735204369.65,北京市,
15516,600578.0,京能电力,2022-12-31,2022.0,30485414718.71,北京市,
15517,600582.0,天地科技,2022-12-31,2022.0,27416155380.39,北京市,
15518,600764.0,中国海防,2022-12-31,2022.0,4291537872.79,北京市,
15519,600855.0,航天长峰,2022-12-31,2022.0,1802013242.72,北京市,
15520,600860.0,京城股份,2022-12-31,2022.0,1372261232.14,北京市,
15521,600900.0,长江电力,2022-12-31,2022.0,52060482557.85,北京市,
15522,600905.0,三峡能源,2022-12-31,2022.0,23812176257.98,北京市,
15523,600980.0,北矿科技,2022-12-31,2022.0,870212047.8,北京市,
15524,601016.0,节能风电,2022-12-31,2022.0,5240192876.32,北京市,
15525,601089.0,福元医药,2022-12-31,2022.0,3240160465.12,北京市,
15526,601126.0,四方股份,2022-12-31,2022.0,5078494632.06,北京市,
15527,601600.0,中国铝业,2022-12-31,2022.0,290987942000.0,北京市,
15528,601908.0,京运通,2022-12-31,2022.0,12199212601.62,北京市,
15529,601985.0,中国核电,2022-12-31,2022.0,71285600843.64,北京市,
15530,601991.0,大唐发电,2022-12-31,2022.0,116828044000.0,北京市,
15531,601992.0,金隅集团,2022-12-31,2022.0,102822162096.91,北京市,
15532,603025.0,大豪科技,2022-12-31,2022.0,1597623961.84,北京市,
15533,603087.0,甘李药业,2022-12-31,2022.0,1712270496.85,北京市,
15534,603267.0,鸿远电子,2022-12-31,2022.0,2502200719.25,北京市,
15535,603392.0,万泰生物,2022-12-31,2022.0,11185188715.34,北京市,
15536,603516.0,淳中科技,2022-12-31,2022.0,380808567.66,北京市,
15537,603590.0,康辰药业,2022-12-31,2022.0,866725922.18,北京市,
15538,603616.0,韩建河山,2022-12-31,2022.0,557346852.71,北京市,
15539,603803.0,瑞斯康达,2022-12-31,2022.0,2155798920.51,北京市,
15540,603986.0,兆易创新,2022-12-31,2022.0,8129992424.99,北京市,
15541,605305.0,中际联合,2022-12-31,2022.0,799399569.85,北京市,
15542,688028.0,沃尔德,2022-12-31,2022.0,414316142.22,北京市,
15543,688047.0,龙芯中科,2022-12-31,2022.0,738657855.87,北京市,
15544,688050.0,爱博医疗,2022-12-31,2022.0,579496909.22,北京市,
15545,688056.0,莱伯泰科,2022-12-31,2022.0,355004801.08,北京市,
15546,688068.0,热景生物,2022-12-31,2022.0,3556551569.15,北京市,
15547,688080.0,映翰通,2022-12-31,2022.0,386953244.2,北京市,
15548,688084.0,晶品特装,2022-12-31,2022.0,279809453.2,北京市,
15549,688169.0,石头科技,2022-12-31,2022.0,6628716402.0,北京市,
15550,688172.0,燕东微,2022-12-31,2022.0,2175224334.82,北京市,
15551,688181.0,八亿时空,2022-12-31,2022.0,934265189.36,北京市,
15552,688197.0,首药控股,2022-12-31,2022.0,1827200.11,北京市,
15553,688198.0,佰仁医疗,2022-12-31,2022.0,295166719.72,北京市,
15554,688200.0,华峰测控,2022-12-31,2022.0,1070558398.13,北京市,
15555,688207.0,格灵深瞳,2022-12-31,2022.0,353653478.18,北京市,
15556,688236.0,春立医疗,2022-12-31,2022.0,1201604254.24,北京市,
15557,688253.0,英诺特,2022-12-31,2022.0,446617687.15,北京市,
15558,688272.0,富吉瑞,2022-12-31,2022.0,110891094.7,北京市,
15559,688277.0,天智航,2022-12-31,2022.0,156188437.41,北京市,
15560,688282.0,理工导航,2022-12-31,2022.0,204708522.36,北京市,
15561,688326.0,经纬恒润,2022-12-31,2022.0,4021973596.93,北京市,
15562,688338.0,赛科希德,2022-12-31,2022.0,228812929.63,北京市,
15563,688339.0,亿华通,2022-12-31,2022.0,738116580.2,北京市,
15564,688349.0,三一重能,2022-12-31,2022.0,12324586839.68,北京市,
15565,688400.0,凌云光,2022-12-31,2022.0,2748782749.05,北京市,
15566,688432.0,有研硅,2022-12-31,2022.0,1175319272.5,北京市,
15567,688468.0,科美诊断,2022-12-31,2022.0,465270072.25,北京市,
15568,688489.0,三未信安,2022-12-31,2022.0,339764315.16,北京市,
15569,688520.0,神州细胞,2022-12-31,2022.0,1023176678.65,北京市,
15570,688597.0,煜邦电力,2022-12-31,2022.0,622473954.94,北京市,
15571,688613.0,奥精医疗,2022-12-31,2022.0,245305139.72,北京市,
15572,688658.0,悦康药业,2022-12-31,2022.0,4541945402.4,北京市,
15573,688687.0,凯因科技,2022-12-31,2022.0,1159973577.75,北京市,
15574,688722.0,同益中,2022-12-31,2022.0,616350006.88,北京市,
15575,830879.0,基康仪器,2022-12-31,2022.0,298842228.33,北京市,
15576,833575.0,康乐卫士,2022-12-31,2022.0,1900619.35,北京市,
15577,835179.0,凯德石英,2022-12-31,2022.0,181523173.46,北京市,
15578,837344.0,三元基因,2022-12-31,2022.0,170998937.09,北京市,
15579,871553.0,凯腾精工,2022-12-31,2022.0,377910782.35,北京市,
15580,872808.0,曙光数创,2022-12-31,2022.0,517601962.07,北京市,
15581,,,,,1811057956162.58,北京市 汇总,
15582,536.0,华映科技,2022-12-31,2022.0,2349810461.3,福建省,
15583,547.0,航天发展,2022-12-31,2022.0,3564167602.82,福建省,
15584,993.0,闽东电力,2022-12-31,2022.0,732138725.53,福建省,
15585,2102.0,ST 冠福,2022-12-31,2022.0,12260290469.99,福建省,
15586,2222.0,福晶科技,2022-12-31,2022.0,768375549.77,福建省,
15587,2300.0,太阳电缆,2022-12-31,2022.0,13103244444.82,福建省,
15588,2335.0,科华数据,2022-12-31,2022.0,5648497927.46,福建省,
15589,2396.0,星网锐捷,2022-12-31,2022.0,15740570057.82,福建省,
15590,2529.0,海源复材,2022-12-31,2022.0,363941898.54,福建省,
15591,2578.0,闽发铝业,2022-12-31,2022.0,2791306251.15,福建省,
15592,2614.0,奥佳华,2022-12-31,2022.0,6024336706.63,福建省,
15593,2639.0,雪人股份,2022-12-31,2022.0,1966027078.75,福建省,
15594,2729.0,好利科技,2022-12-31,2022.0,253009434.57,福建省,
15595,2785.0,万里石,2022-12-31,2022.0,1305585751.66,福建省,
15596,2868.0,绿康生化,2022-12-31,2022.0,329850238.49,福建省,
15597,2901.0,大博医疗,2022-12-31,2022.0,1434099180.05,福建省,
15598,2925.0,盈趣科技,2022-12-31,2022.0,4345220013.7,福建省,
15599,3019.0,宸展光电,2022-12-31,2022.0,1811921938.1,福建省,
15600,200512.0,闽灿坤B,2022-12-31,2022.0,1584267529.08,福建省,
15601,300056.0,中创环保,2022-12-31,2022.0,1007131823.14,福建省,
15602,300062.0,中能电气,2022-12-31,2022.0,1312163263.6,福建省,
15603,300102.0,乾照光电,2022-12-31,2022.0,1697713382.7,福建省,
15604,300341.0,麦克奥迪,2022-12-31,2022.0,1793966267.91,福建省,
15605,300427.0,红相股份,2022-12-31,2022.0,1618849592.91,福建省,
15606,300436.0,广生堂,2022-12-31,2022.0,385765184.73,福建省,
15607,300628.0,亿联网络,2022-12-31,2022.0,4810554102.96,福建省,
15608,300632.0,光莆股份,2022-12-31,2022.0,826270221.67,福建省,
15609,300648.0,星云股份,2022-12-31,2022.0,1280225391.64,福建省,
15610,300657.0,弘信电子,2022-12-31,2022.0,2792384063.7,福建省,
15611,300685.0,艾德生物,2022-12-31,2022.0,842180427.77,福建省,
15612,300750.0,宁德时代,2022-12-31,2022.0,328593987500.0,福建省,
15613,300884.0,狄耐克,2022-12-31,2022.0,842339207.01,福建省,
15614,300902.0,国安达,2022-12-31,2022.0,265359182.03,福建省,
15615,301028.0,东亚机械,2022-12-31,2022.0,794880440.45,福建省,
15616,301165.0,锐捷网络,2022-12-31,2022.0,11325958711.82,福建省,
15617,600163.0,中闽能源,2022-12-31,2022.0,1790929602.35,福建省,
15618,600203.0,福日电子,2022-12-31,2022.0,16550456517.2,福建省,
15619,600388.0,ST 龙净,2022-12-31,2022.0,11880145158.25,福建省,
15620,600436.0,片仔癀,2022-12-31,2022.0,8694001504.35,福建省,
15621,600483.0,福能股份,2022-12-31,2022.0,14317872537.55,福建省,
15622,600549.0,厦门钨业,2022-12-31,2022.0,48222787044.91,福建省,
15623,600563.0,法拉电子,2022-12-31,2022.0,3836216258.99,福建省,
15624,600592.0,龙溪股份,2022-12-31,2022.0,1719423334.37,福建省,
15625,600660.0,福耀玻璃,2022-12-31,2022.0,28098754166.0,福建省,
15626,600734.0,ST 实达,2022-12-31,2022.0,262314930.04,福建省,
15627,600802.0,福建水泥,2022-12-31,2022.0,2590538797.73,福建省,
15628,600815.0,厦工股份,2022-12-31,2022.0,1007202089.37,福建省,
15629,603280.0,南方路机,2022-12-31,2022.0,1217263336.09,福建省,
15630,603663.0,三祥新材,2022-12-31,2022.0,972305323.54,福建省,
15631,603678.0,火炬电子,2022-12-31,2022.0,3558715103.04,福建省,
15632,603686.0,福龙马,2022-12-31,2022.0,5079613770.34,福建省,
15633,603817.0,海峡环保,2022-12-31,2022.0,1044667557.07,福建省,
15634,603826.0,坤彩科技,2022-12-31,2022.0,819243975.78,福建省,
15635,603893.0,瑞芯微,2022-12-31,2022.0,2029675088.24,福建省,
15636,603933.0,睿能科技,2022-12-31,2022.0,2135848164.99,福建省,
15637,605118.0,力鼎光电,2022-12-31,2022.0,585129317.83,福建省,
15638,605365.0,立达信,2022-12-31,2022.0,7557311354.5,福建省,
15639,688010.0,福光股份,2022-12-31,2022.0,780969596.79,福建省,
15640,688195.0,腾景科技,2022-12-31,2022.0,344336707.34,福建省,
15641,688278.0,特宝生物,2022-12-31,2022.0,1526905123.64,福建省,
15642,688398.0,赛特新材,2022-12-31,2022.0,637708226.29,福建省,
15643,688778.0,厦钨新能,2022-12-31,2022.0,28751311102.65,福建省,
15644,,,,,632578035713.51,福建省 汇总,
15645,672.0,上峰水泥,2022-12-31,2022.0,7134971135.08,甘肃省,
15646,791.0,甘肃电投,2022-12-31,2022.0,2046422373.74,甘肃省,
15647,2185.0,华天科技,2022-12-31,2022.0,11905960519.12,甘肃省,
15648,2644.0,佛慈制药,2022-12-31,2022.0,1019176339.15,甘肃省,
15649,300534.0,陇神戎发,2022-12-31,2022.0,413246804.52,甘肃省,
15650,600192.0,长城电工,2022-12-31,2022.0,2161020836.46,甘肃省,
15651,600516.0,方大炭素,2022-12-31,2022.0,5320293391.07,甘肃省,
15652,600720.0,祁连山,2022-12-31,2022.0,7973824739.42,甘肃省,
15653,600886.0,国投电力,2022-12-31,2022.0,50489243623.57,甘肃省,
15654,601212.0,白银有色,2022-12-31,2022.0,87835348052.14,甘肃省,
15655,601798.0,蓝科高新,2022-12-31,2022.0,869936574.87,甘肃省,
15656,603169.0,兰石重装,2022-12-31,2022.0,4980330938.98,甘肃省,
15657,,,,,182149775328.12,甘肃省 汇总,
15658,12.0,南玻A,2022-12-31,2022.0,15198706998.0,广东省,
15659,16.0,深康佳A,2022-12-31,2022.0,29607854255.27,广东省,
15660,20.0,深华发A,2022-12-31,2022.0,664435128.12,广东省,
15661,21.0,深科技,2022-12-31,2022.0,16118375162.38,广东省,
15662,23.0,深天地A,2022-12-31,2022.0,363037617.97,广东省,
15663,27.0,深圳能源,2022-12-31,2022.0,37524716709.56,广东省,
15664,37.0,深南电A,2022-12-31,2022.0,694227657.28,广东省,
15665,40.0,东旭蓝天,2022-12-31,2022.0,3036207794.72,广东省,
15666,45.0,深纺织A,2022-12-31,2022.0,2837988264.36,广东省,
15667,49.0,德赛电池,2022-12-31,2022.0,21749126094.98,广东省,
15668,50.0,深天马A,2022-12-31,2022.0,31447476894.8,广东省,
15669,60.0,中金岭南,2022-12-31,2022.0,55339454633.99,广东省,
15670,63.0,中兴通讯,2022-12-31,2022.0,122954418000.0,广东省,
15671,66.0,中国长城,2022-12-31,2022.0,14027336139.07,广东省,
15672,70.0,特发信息,2022-12-31,2022.0,4191611230.82,广东省,
15673,100.0,TCL科技,2022-12-31,2022.0,166552786000.0,广东省,
15674,333.0,美的集团,2022-12-31,2022.0,343917531000.0,广东省,
15675,513.0,丽珠集团,2022-12-31,2022.0,12629579047.66,广东省,
15676,531.0,穗恒运A,2022-12-31,2022.0,3932187699.53,广东省,
15677,533.0,顺钠股份,2022-12-31,2022.0,1773768069.93,广东省,
15678,534.0,万泽股份,2022-12-31,2022.0,793843031.64,广东省,
15679,539.0,粤电力A,2022-12-31,2022.0,52661088436.0,广东省,
15680,541.0,佛山照明,2022-12-31,2022.0,8759965275.96,广东省,
15681,576.0,甘化科工,2022-12-31,2022.0,445381991.65,广东省,
15682,601.0,韶能股份,2022-12-31,2022.0,3848624905.46,广东省,
15683,636.0,风华高科,2022-12-31,2022.0,3873931995.77,广东省,
15684,651.0,格力电器,2022-12-31,2022.0,188988382706.68,广东省,
15685,685.0,中山公用,2022-12-31,2022.0,3619229983.36,广东省,
15686,690.0,宝新能源,2022-12-31,2022.0,9415000196.83,广东省,
15687,782.0,美达股份,2022-12-31,2022.0,2913672945.15,广东省,
15688,823.0,超声电子,2022-12-31,2022.0,6672882674.89,广东省,
15689,921.0,海信家电,2022-12-31,2022.0,74115151039.29,广东省,
15690,999.0,华润三九,2022-12-31,2022.0,18079461482.75,广东省,
15691,1212.0,中旗新材,2022-12-31,2022.0,656515218.55,广东省,
15692,1229.0,魅视科技,2022-12-31,2022.0,195803266.75,广东省,
15693,1268.0,联合精密,2022-12-31,2022.0,660166935.38,广东省,
15694,1283.0,豪鹏科技,2022-12-31,2022.0,3505612436.12,广东省,
15695,1308.0,康冠科技,2022-12-31,2022.0,11587043750.68,广东省,
15696,1309.0,德明利,2022-12-31,2022.0,1190656505.59,广东省,
15697,1314.0,亿道信息,2022-12-31,2022.0,2753939548.83,广东省,
15698,1322.0,箭牌家居,2022-12-31,2022.0,7513463142.5,广东省,
15699,1339.0,智微智能,2022-12-31,2022.0,3032687027.37,广东省,
15700,2005.0,ST 德豪,2022-12-31,2022.0,1185445460.63,广东省,
15701,2008.0,大族激光,2022-12-31,2022.0,14961185040.35,广东省,
15702,2017.0,东信和平,2022-12-31,2022.0,1285735644.97,广东省,
15703,2030.0,达安基因,2022-12-31,2022.0,12046135040.64,广东省,
15704,2031.0,巨轮智能,2022-12-31,2022.0,989808162.82,广东省,
15705,2035.0,华帝股份,2022-12-31,2022.0,5818510575.82,广东省,
15706,2045.0,国光电器,2022-12-31,2022.0,5993719053.76,广东省,
15707,2052.0,*ST 同洲,2022-12-31,2022.0,254807623.45,广东省,
15708,2055.0,得润电子,2022-12-31,2022.0,7754595114.89,广东省,
15709,2076.0,*ST 雪莱,2022-12-31,2022.0,156151068.79,广东省,
15710,2106.0,莱宝高科,2022-12-31,2022.0,6153479576.37,广东省,
15711,2121.0,科陆电子,2022-12-31,2022.0,3538816296.93,广东省,
15712,2130.0,沃尔核材,2022-12-31,2022.0,5340853994.66,广东省,
15713,2137.0,实益达,2022-12-31,2022.0,638273942.98,广东省,
15714,2138.0,顺络电子,2022-12-31,2022.0,4238209726.75,广东省,
15715,2139.0,拓邦股份,2022-12-31,2022.0,8875099137.06,广东省,
15716,2141.0,贤丰控股,2022-12-31,2022.0,885746851.76,广东省,
15717,2152.0,广电运通,2022-12-31,2022.0,7526459530.75,广东省,
15718,2161.0,远望谷,2022-12-31,2022.0,480859008.51,广东省,
15719,2167.0,东方锆业,2022-12-31,2022.0,1369636736.45,广东省,
15720,2169.0,智光电气,2022-12-31,2022.0,2351960733.79,广东省,
15721,2177.0,*ST 御银,2022-12-31,2022.0,68057326.31,广东省,
15722,2180.0,纳思达,2022-12-31,2022.0,25855355245.38,广东省,
15723,2198.0,嘉应制药,2022-12-31,2022.0,659195732.41,广东省,
15724,2209.0,达意隆,2022-12-31,2022.0,1148081406.8,广东省,
15725,2218.0,拓日新能,2022-12-31,2022.0,1322878806.34,广东省,
15726,2227.0,奥特迅,2022-12-31,2022.0,311918353.19,广东省,
15727,2233.0,塔牌集团,2022-12-31,2022.0,6034982147.47,广东省,
15728,2240.0,盛新锂能,2022-12-31,2022.0,12039233744.51,广东省,
15729,2249.0,大洋电机,2022-12-31,2022.0,10930143732.83,广东省,
15730,2256.0,兆新股份,2022-12-31,2022.0,301322691.9,广东省,
15731,2288.0,超华科技,2022-12-31,2022.0,1727155325.14,广东省,
15732,2289.0,宇顺电子,2022-12-31,2022.0,135086087.83,广东省,
15733,2294.0,信立泰,2022-12-31,2022.0,3482011378.1,广东省,
15734,2295.0,精艺股份,2022-12-31,2022.0,2647304073.71,广东省,
15735,2308.0,威创股份,2022-12-31,2022.0,514534867.78,广东省,
15736,2313.0,*ST 日海,2022-12-31,2022.0,3360751743.45,广东省,
15737,2317.0,众生药业,2022-12-31,2022.0,2676151617.0,广东省,
15738,2334.0,英威腾,2022-12-31,2022.0,4096877001.27,广东省,
15739,2351.0,漫步者,2022-12-31,2022.0,2214399101.41,广东省,
15740,2369.0,卓翼科技,2022-12-31,2022.0,1925495825.44,广东省,
15741,2387.0,维信诺,2022-12-31,2022.0,7476692601.82,广东省,
15742,2388.0,新亚制程,2022-12-31,2022.0,1742054265.48,广东省,
15743,2399.0,海普瑞,2022-12-31,2022.0,7159410684.41,广东省,
15744,2402.0,和而泰,2022-12-31,2022.0,5965473187.63,广东省,
15745,2429.0,兆驰股份,2022-12-31,2022.0,15028374990.84,广东省,
15746,2433.0,ST 太安,2022-12-31,2022.0,645534178.29,广东省,
15747,2436.0,兴森科技,2022-12-31,2022.0,5353854994.29,广东省,
15748,2446.0,盛路通信,2022-12-31,2022.0,1422836487.26,广东省,
15749,2449.0,国星光电,2022-12-31,2022.0,3579885727.44,广东省,
15750,2456.0,欧菲光,2022-12-31,2022.0,14827190302.79,广东省,
15751,2465.0,海格通信,2022-12-31,2022.0,5615611398.3,广东省,
15752,2475.0,立讯精密,2022-12-31,2022.0,214028394291.44,广东省,
15753,2512.0,达华智能,2022-12-31,2022.0,1742446928.19,广东省,
15754,2518.0,科士达,2022-12-31,2022.0,4400689542.45,广东省,
15755,2528.0,英飞拓,2022-12-31,2022.0,1869814756.87,广东省,
15756,2543.0,万和电气,2022-12-31,2022.0,6627812218.25,广东省,
15757,2551.0,尚荣医疗,2022-12-31,2022.0,1275709968.34,广东省,
15758,2577.0,雷柏科技,2022-12-31,2022.0,447495220.53,广东省,
15759,2579.0,中京电子,2022-12-31,2022.0,3054317848.31,广东省,
15760,2583.0,海能达,2022-12-31,2022.0,5652823157.64,广东省,
15761,2587.0,奥拓电子,2022-12-31,2022.0,923772954.15,广东省,
15762,2600.0,领益智造,2022-12-31,2022.0,34484678505.9,广东省,
15763,2611.0,东方精工,2022-12-31,2022.0,3892708509.64,广东省,
15764,2638.0,勤上股份,2022-12-31,2022.0,567205680.27,广东省,
15765,2660.0,茂硕电源,2022-12-31,2022.0,1543210975.43,广东省,
15766,2668.0,奥马电器,2022-12-31,2022.0,7842731367.72,广东省,
15767,2681.0,奋达科技,2022-12-31,2022.0,2874193397.97,广东省,
15768,2705.0,新宝股份,2022-12-31,2022.0,13696335264.07,广东省,
15769,2723.0,小崧股份,2022-12-31,2022.0,1724294776.9,广东省,
15770,2724.0,海洋王,2022-12-31,2022.0,1734187566.78,广东省,
15771,2728.0,特一药业,2022-12-31,2022.0,886570938.6,广东省,
15772,2733.0,雄韬股份,2022-12-31,2022.0,4078274887.01,广东省,
15773,2745.0,木林森,2022-12-31,2022.0,16516774262.39,广东省,
15774,2757.0,南兴股份,2022-12-31,2022.0,2960327510.53,广东省,
15775,2759.0,天际股份,2022-12-31,2022.0,3274624049.68,广东省,
15776,2766.0,索菱股份,2022-12-31,2022.0,828185935.65,广东省,
15777,2774.0,快意电梯,2022-12-31,2022.0,1472035507.37,广东省,
15778,2782.0,可立克,2022-12-31,2022.0,3267684274.57,广东省,
15779,2786.0,银宝山新,2022-12-31,2022.0,2597003537.29,广东省,
15780,2792.0,通宇通讯,2022-12-31,2022.0,1406780231.74,广东省,
15781,2806.0,华锋股份,2022-12-31,2022.0,657921805.92,广东省,
15782,2813.0,路畅科技,2022-12-31,2022.0,341480542.5,广东省,
15783,2815.0,崇达技术,2022-12-31,2022.0,5870929751.29,广东省,
15784,2816.0,和科达,2022-12-31,2022.0,86256162.59,广东省,
15785,2823.0,凯中精密,2022-12-31,2022.0,2662033150.96,广东省,
15786,2824.0,和胜股份,2022-12-31,2022.0,2999274330.24,广东省,
15787,2833.0,弘亚数控,2022-12-31,2022.0,2127486146.24,广东省,
15788,2835.0,同为股份,2022-12-31,2022.0,970679899.39,广东省,
15789,2837.0,英维克,2022-12-31,2022.0,2923181920.56,广东省,
15790,2841.0,视源股份,2022-12-31,2022.0,20990265073.39,广东省,
15791,2842.0,翔鹭钨业,2022-12-31,2022.0,1673553239.98,广东省,
15792,2845.0,同兴达,2022-12-31,2022.0,8418763622.18,广东省,
15793,2851.0,麦格米特,2022-12-31,2022.0,5477758610.38,广东省,
15794,2855.0,捷荣技术,2022-12-31,2022.0,2697899998.49,广东省,
15795,2869.0,金溢科技,2022-12-31,2022.0,491211343.76,广东省,
15796,2876.0,三利谱,2022-12-31,2022.0,2173523032.26,广东省,
15797,2880.0,卫光生物,2022-12-31,2022.0,667931462.81,广东省,
15798,2881.0,美格智能,2022-12-31,2022.0,2305932239.94,广东省,
15799,2882.0,金龙羽,2022-12-31,2022.0,3972973334.69,广东省,
15800,2884.0,凌霄泵业,2022-12-31,2022.0,1483464184.64,广东省,
15801,2885.0,京泉华,2022-12-31,2022.0,2584290568.61,广东省,
15802,2888.0,惠威科技,2022-12-31,2022.0,226282589.36,广东省,
15803,2898.0,赛隆药业,2022-12-31,2022.0,264192655.91,广东省,
15804,2902.0,铭普光磁,2022-12-31,2022.0,2323404255.36,广东省,
15805,2906.0,华阳集团,2022-12-31,2022.0,5637928549.3,广东省,
15806,2911.0,佛燃能源,2022-12-31,2022.0,18923100096.36,广东省,
15807,2916.0,深南电路,2022-12-31,2022.0,13992454035.04,广东省,
15808,2918.0,蒙娜丽莎,2022-12-31,2022.0,6228584308.47,广东省,
15809,2922.0,伊戈尔,2022-12-31,2022.0,2821093173.37,广东省,
15810,2923.0,润都股份,2022-12-31,2022.0,1372233917.92,广东省,
15811,2938.0,鹏鼎控股,2022-12-31,2022.0,36210971441.99,广东省,
15812,2953.0,日丰股份,2022-12-31,2022.0,3526074014.59,广东省,
15813,2957.0,科瑞技术,2022-12-31,2022.0,3246244099.45,广东省,
15814,2959.0,小熊电器,2022-12-31,2022.0,4117698932.81,广东省,
15815,2972.0,科安达,2022-12-31,2022.0,366609523.49,广东省,
15816,2975.0,博杰股份,2022-12-31,2022.0,1216799161.0,广东省,
15817,2979.0,雷赛智能,2022-12-31,2022.0,1337862149.54,广东省,
15818,2980.0,华盛昌,2022-12-31,2022.0,596775379.37,广东省,
15819,2981.0,朝阳科技,2022-12-31,2022.0,1385463117.1,广东省,
15820,2988.0,豪美新材,2022-12-31,2022.0,5412576837.38,广东省,
15821,2992.0,宝明科技,2022-12-31,2022.0,939823483.63,广东省,
15822,2993.0,奥海科技,2022-12-31,2022.0,4466847997.94,广东省,
15823,3012.0,东鹏控股,2022-12-31,2022.0,6929863316.18,广东省,
15824,3021.0,兆威机电,2022-12-31,2022.0,1152458554.76,广东省,
15825,3028.0,振邦智能,2022-12-31,2022.0,1042110418.1,广东省,
15826,3037.0,三和管桩,2022-12-31,2022.0,6649844062.53,广东省,
15827,3039.0,顺控发展,2022-12-31,2022.0,1319633365.98,广东省,
15828,3040.0,楚天龙,2022-12-31,2022.0,1719397271.1,广东省,
15829,3816.0,中国广核,2022-12-31,2022.0,82822403586.43,广东省,
15830,300004.0,南风股份,2022-12-31,2022.0,308740885.09,广东省,
15831,300014.0,亿纬锂能,2022-12-31,2022.0,36303947808.53,广东省,
15832,300030.0,阳普医疗,2022-12-31,2022.0,710768471.36,广东省,
15833,300042.0,朗科科技,2022-12-31,2022.0,1772140185.83,广东省,
15834,300053.0,欧比特,2022-12-31,2022.0,425460927.81,广东省,
15835,300057.0,万顺新材,2022-12-31,2022.0,5834406517.83,广东省,
15836,300077.0,国民技术,2022-12-31,2022.0,1195410943.37,广东省,
15837,300083.0,创世纪,2022-12-31,2022.0,4526902727.94,广东省,
15838,300089.0,*ST 文化,2022-12-31,2022.0,78251449.86,广东省,
15839,300093.0,金刚光伏,2022-12-31,2022.0,522007114.3,广东省,
15840,300112.0,万讯自控,2022-12-31,2022.0,1097840390.75,广东省,
15841,300115.0,长盈精密,2022-12-31,2022.0,15202935518.35,广东省,
15842,300124.0,汇川技术,2022-12-31,2022.0,23008312443.12,广东省,
15843,300130.0,新国都,2022-12-31,2022.0,4316539965.17,广东省,
15844,300134.0,大富科技,2022-12-31,2022.0,2592460121.47,广东省,
15845,300136.0,信维通信,2022-12-31,2022.0,8589916593.29,广东省,
15846,300147.0,香雪制药,2022-12-31,2022.0,2187069901.4,广东省,
15847,300151.0,昌红科技,2022-12-31,2022.0,1228311379.34,广东省,
15848,300154.0,瑞凌股份,2022-12-31,2022.0,1072672317.54,广东省,
15849,300155.0,安居宝,2022-12-31,2022.0,436971440.62,广东省,
15850,300162.0,雷曼光电,2022-12-31,2022.0,1083267605.6,广东省,
15851,300173.0,福能东方,2022-12-31,2022.0,1410682473.41,广东省,
15852,300177.0,中海达,2022-12-31,2022.0,1318445359.68,广东省,
15853,300193.0,佳士科技,2022-12-31,2022.0,1232096018.4,广东省,
15854,300199.0,翰宇药业,2022-12-31,2022.0,704321731.88,广东省,
15855,300206.0,理邦仪器,2022-12-31,2022.0,1742412298.64,广东省,
15856,300207.0,欣旺达,2022-12-31,2022.0,52162269313.89,广东省,
15857,300219.0,鸿利智汇,2022-12-31,2022.0,3636415740.34,广东省,
15858,300227.0,光韵达,2022-12-31,2022.0,1029861246.58,广东省,
15859,300232.0,洲明科技,2022-12-31,2022.0,7075945357.61,广东省,
15860,300238.0,冠昊生物,2022-12-31,2022.0,377285014.2,广东省,
15861,300241.0,瑞丰光电,2022-12-31,2022.0,1335777973.86,广东省,
15862,300246.0,宝莱特,2022-12-31,2022.0,1183699680.25,广东省,
15863,300252.0,金信诺,2022-12-31,2022.0,2131385977.36,广东省,
15864,300273.0,*ST 和佳,2022-12-31,2022.0,251921324.6,广东省,
15865,300281.0,金明精机,2022-12-31,2022.0,472408649.42,广东省,
15866,300301.0,*ST 长方,2022-12-31,2022.0,728418087.74,广东省,
15867,300303.0,聚飞光电,2022-12-31,2022.0,2261793903.64,广东省,
15868,300317.0,珈伟新能,2022-12-31,2022.0,505292531.53,广东省,
15869,300319.0,麦捷科技,2022-12-31,2022.0,3151631375.78,广东省,
15870,300322.0,硕贝德,2022-12-31,2022.0,1545732661.62,广东省,
15871,300335.0,迪森股份,2022-12-31,2022.0,1143053013.77,广东省,
15872,300340.0,科恒股份,2022-12-31,2022.0,3962149977.01,广东省,
15873,300376.0,易事特,2022-12-31,2022.0,4741640834.39,广东省,
15874,300381.0,溢多利,2022-12-31,2022.0,1174006689.9,广东省,
15875,300389.0,艾比森,2022-12-31,2022.0,2795982495.17,广东省,
15876,300400.0,劲拓股份,2022-12-31,2022.0,791177847.7,广东省,
15877,300403.0,汉宇集团,2022-12-31,2022.0,1057566600.35,广东省,
15878,300408.0,三环集团,2022-12-31,2022.0,5149386936.28,广东省,
15879,300409.0,道氏技术,2022-12-31,2022.0,6862129848.4,广东省,
15880,300410.0,正业科技,2022-12-31,2022.0,990509170.81,广东省,
15881,300415.0,伊之密,2022-12-31,2022.0,3679894446.26,广东省,
15882,300417.0,南华仪器,2022-12-31,2022.0,128120982.84,广东省,
15883,300438.0,鹏辉能源,2022-12-31,2022.0,9066704004.58,广东省,
15884,300457.0,赢合科技,2022-12-31,2022.0,9019821965.72,广东省,
15885,300458.0,全志科技,2022-12-31,2022.0,1514132177.25,广东省,
15886,300460.0,惠伦晶体,2022-12-31,2022.0,394868436.4,广东省,
15887,300476.0,胜宏科技,2022-12-31,2022.0,7885154597.8,广东省,
15888,300482.0,万孚生物,2022-12-31,2022.0,5680513174.77,广东省,
15889,300484.0,蓝海华腾,2022-12-31,2022.0,446920159.02,广东省,
15890,300499.0,高澜股份,2022-12-31,2022.0,1904340876.39,广东省,
15891,300503.0,昊志机电,2022-12-31,2022.0,964921516.22,广东省,
15892,300514.0,友讯达,2022-12-31,2022.0,1021571104.43,广东省,
15893,300521.0,爱司凯,2022-12-31,2022.0,129633260.5,广东省,
15894,300526.0,*ST 中潜,2022-12-31,2022.0,117819789.07,广东省,
15895,300529.0,健帆生物,2022-12-31,2022.0,2491439432.1,广东省,
15896,300531.0,优博讯,2022-12-31,2022.0,1411369123.43,广东省,
15897,300543.0,朗科智能,2022-12-31,2022.0,1740683200.8,广东省,
15898,300545.0,联得装备,2022-12-31,2022.0,974910207.06,广东省,
15899,300546.0,雄帝科技,2022-12-31,2022.0,617414736.27,广东省,
15900,300562.0,乐心医疗,2022-12-31,2022.0,1065096604.57,广东省,
15901,300565.0,科信技术,2022-12-31,2022.0,834085426.38,广东省,
15902,300570.0,太辰光,2022-12-31,2022.0,933506088.73,广东省,
15903,300572.0,安车检测,2022-12-31,2022.0,447785075.88,广东省,
15904,300601.0,康泰生物,2022-12-31,2022.0,3157401754.79,广东省,
15905,300602.0,飞荣达,2022-12-31,2022.0,4124510911.4,广东省,
15906,300606.0,金太阳,2022-12-31,2022.0,395226319.46,广东省,
15907,300607.0,拓斯达,2022-12-31,2022.0,4983772629.38,广东省,
15908,300615.0,欣天科技,2022-12-31,2022.0,516568091.41,广东省,
15909,300619.0,金银河,2022-12-31,2022.0,1819085836.62,广东省,
15910,300620.0,光库科技,2022-12-31,2022.0,642441216.77,广东省,
15911,300625.0,三雄极光,2022-12-31,2022.0,2263922242.94,广东省,
15912,300629.0,新劲刚,2022-12-31,2022.0,430395278.15,广东省,
15913,300633.0,开立医疗,2022-12-31,2022.0,1762648981.93,广东省,
15914,300638.0,广和通,2022-12-31,2022.0,5646415531.98,广东省,
15915,300639.0,凯普生物,2022-12-31,2022.0,5596971056.72,广东省,
15916,300647.0,超频三,2022-12-31,2022.0,1150336797.34,广东省,
15917,300656.0,民德电子,2022-12-31,2022.0,518197303.02,广东省,
15918,300679.0,电连技术,2022-12-31,2022.0,2969578467.83,广东省,
15919,300681.0,英搏尔,2022-12-31,2022.0,2005726124.06,广东省,
15920,300686.0,智动力,2022-12-31,2022.0,1744667995.04,广东省,
15921,300689.0,澄天伟业,2022-12-31,2022.0,534698528.28,广东省,
15922,300691.0,联合光电,2022-12-31,2022.0,1504553706.25,广东省,
15923,300693.0,盛弘股份,2022-12-31,2022.0,1503101748.05,广东省,
15924,300711.0,广哈通信,2022-12-31,2022.0,383359652.55,广东省,
15925,300713.0,英可瑞,2022-12-31,2022.0,342526260.65,广东省,
15926,300720.0,海川智能,2022-12-31,2022.0,200226951.72,广东省,
15927,300723.0,一品红,2022-12-31,2022.0,2280198601.88,广东省,
15928,300724.0,捷佳伟创,2022-12-31,2022.0,6005042272.39,广东省,
15929,300735.0,光弘科技,2022-12-31,2022.0,4179780237.98,广东省,
15930,300737.0,科顺股份,2022-12-31,2022.0,7660640555.44,广东省,
15931,300739.0,明阳电路,2022-12-31,2022.0,1968927603.68,广东省,
15932,300752.0,隆利科技,2022-12-31,2022.0,1252061622.47,广东省,
15933,300760.0,迈瑞医疗,2022-12-31,2022.0,30365643811.0,广东省,
15934,300769.0,德方纳米,2022-12-31,2022.0,22557078113.42,广东省,
15935,300771.0,智莱科技,2022-12-31,2022.0,872610602.22,广东省,
15936,300790.0,宇瞳光学,2022-12-31,2022.0,1846170347.53,广东省,
15937,300793.0,佳禾智能,2022-12-31,2022.0,2172250836.17,广东省,
15938,300808.0,久量股份,2022-12-31,2022.0,505718184.94,广东省,
15939,300811.0,铂科新材,2022-12-31,2022.0,1065677399.27,广东省,
15940,300812.0,易天股份,2022-12-31,2022.0,655346466.79,广东省,
15941,300814.0,中富电路,2022-12-31,2022.0,1536725440.77,广东省,
15942,300822.0,贝仕达克,2022-12-31,2022.0,993783588.71,广东省,
15943,300824.0,北鼎股份,2022-12-31,2022.0,804743081.72,广东省,
15944,300832.0,新产业,2022-12-31,2022.0,3046955734.5,广东省,
15945,300833.0,浩洋股份,2022-12-31,2022.0,1222700520.74,广东省,
15946,300843.0,胜蓝股份,2022-12-31,2022.0,1170389274.27,广东省,
15947,300852.0,四会富仕,2022-12-31,2022.0,1218954130.54,广东省,
15948,300857.0,协创数据,2022-12-31,2022.0,3148338575.12,广东省,
15949,300870.0,欧陆通,2022-12-31,2022.0,2703124681.08,广东省,
15950,300876.0,蒙泰高新,2022-12-31,2022.0,394386363.74,广东省,
15951,300889.0,爱克股份,2022-12-31,2022.0,905300246.46,广东省,
15952,300890.0,翔丰华,2022-12-31,2022.0,2356865373.28,广东省,
15953,300903.0,科翔股份,2022-12-31,2022.0,2636620088.96,广东省,
15954,300909.0,汇创达,2022-12-31,2022.0,827608817.1,广东省,
15955,300916.0,朗特智能,2022-12-31,2022.0,1291331635.38,广东省,
15956,300932.0,三友联众,2022-12-31,2022.0,1852321454.86,广东省,
15957,300939.0,秋田微,2022-12-31,2022.0,1103673208.81,广东省,
15958,300940.0,南极光,2022-12-31,2022.0,642273396.2,广东省,
15959,300942.0,易瑞生物,2022-12-31,2022.0,686897476.53,广东省,
15960,300951.0,博硕科技,2022-12-31,2022.0,1169765608.27,广东省,
15961,300968.0,格林精密,2022-12-31,2022.0,1568021960.7,广东省,
15962,300976.0,达瑞电子,2022-12-31,2022.0,1469315841.46,广东省,
15963,300991.0,创益通,2022-12-31,2022.0,431218428.02,广东省,
15964,301002.0,崧盛股份,2022-12-31,2022.0,743955357.65,广东省,
15965,301013.0,利和兴,2022-12-31,2022.0,306537601.1,广东省,
15966,301018.0,申菱环境,2022-12-31,2022.0,2221168598.58,广东省,
15967,301021.0,英诺激光,2022-12-31,2022.0,319761152.14,广东省,
15968,301029.0,怡合达,2022-12-31,2022.0,2514820718.47,广东省,
15969,301033.0,迈普医学,2022-12-31,2022.0,195252385.91,广东省,
15970,301041.0,金百泽,2022-12-31,2022.0,651657182.91,广东省,
15971,301042.0,安联锐视,2022-12-31,2022.0,794837714.95,广东省,
15972,301043.0,绿岛风,2022-12-31,2022.0,473378600.79,广东省,
15973,301051.0,信濠光电,2022-12-31,2022.0,1591249534.91,广东省,
15974,301067.0,显盈科技,2022-12-31,2022.0,686852507.73,广东省,
15975,301086.0,鸿富瀚,2022-12-31,2022.0,715265454.83,广东省,
15976,301105.0,鸿铭股份,2022-12-31,2022.0,230151934.6,广东省,
15977,301111.0,粤万年青,2022-12-31,2022.0,283336348.33,广东省,
15978,301112.0,信邦智能,2022-12-31,2022.0,549831941.7,广东省,
15979,301123.0,奕东电子,2022-12-31,2022.0,1563428405.42,广东省,
15980,301128.0,强瑞技术,2022-12-31,2022.0,456621552.81,广东省,
15981,301135.0,瑞德智能,2022-12-31,2022.0,1034367217.66,广东省,
15982,301138.0,华研精机,2022-12-31,2022.0,544902633.31,广东省,
15983,301189.0,奥尼电子,2022-12-31,2022.0,668060782.2,广东省,
15984,301191.0,菲菱科思,2022-12-31,2022.0,2352255017.36,广东省,
15985,301200.0,大族数控,2022-12-31,2022.0,2786149943.55,广东省,
15986,301282.0,金禄电子,2022-12-31,2022.0,1496492771.1,广东省,
15987,301288.0,清研环境,2022-12-31,2022.0,111303451.08,广东省,
15988,301308.0,江波龙,2022-12-31,2022.0,8329934278.33,广东省,
15989,301312.0,智立方,2022-12-31,2022.0,508195358.77,广东省,
15990,301314.0,科瑞思,2022-12-31,2022.0,306641227.47,广东省,
15991,301318.0,维海德,2022-12-31,2022.0,604578417.04,广东省,
15992,301319.0,唯特偶,2022-12-31,2022.0,1044729710.85,广东省,
15993,301326.0,捷邦科技,2022-12-31,2022.0,1034452364.01,广东省,
15994,301327.0,华宝新能,2022-12-31,2022.0,3202906327.75,广东省,
15995,301328.0,维峰电子,2022-12-31,2022.0,480292185.12,广东省,
15996,301330.0,熵基科技,2022-12-31,2022.0,1918559191.76,广东省,
15997,301338.0,凯格精机,2022-12-31,2022.0,779338101.52,广东省,
15998,301363.0,美好医疗,2022-12-31,2022.0,1415288702.33,广东省,
15999,301366.0,一博科技,2022-12-31,2022.0,784655567.83,广东省,
16000,301369.0,联动科技,2022-12-31,2022.0,350106728.26,广东省,
16001,301391.0,卡莱特,2022-12-31,2022.0,679244480.45,广东省,
16002,430556.0,雅达股份,2022-12-31,2022.0,309891645.44,广东省,
16003,600098.0,广州发展,2022-12-31,2022.0,47849586342.05,广东省,
16004,600183.0,生益科技,2022-12-31,2022.0,18014442222.42,广东省,
16005,600332.0,白云山,2022-12-31,2022.0,70788155068.45,广东省,
16006,600380.0,健康元,2022-12-31,2022.0,17142753068.82,广东省,
16007,600499.0,科达制造,2022-12-31,2022.0,11157196625.86,广东省,
16008,600518.0,ST 康美,2022-12-31,2022.0,4180150329.54,广东省,
16009,600525.0,长园集团,2022-12-31,2022.0,7613100601.44,广东省,
16010,600868.0,梅雁吉祥,2022-12-31,2022.0,484854400.63,广东省,
16011,600894.0,广日股份,2022-12-31,2022.0,7063669781.38,广东省,
16012,601138.0,工业富联,2022-12-31,2022.0,511849579000.0,广东省,
16013,601139.0,深圳燃气,2022-12-31,2022.0,30061562776.01,广东省,
16014,601615.0,明阳智能,2022-12-31,2022.0,30747775048.56,广东省,
16015,603002.0,宏昌电子,2022-12-31,2022.0,3022437498.74,广东省,
16016,603063.0,禾望电气,2022-12-31,2022.0,2809142770.24,广东省,
16017,603118.0,共进股份,2022-12-31,2022.0,10973637061.38,广东省,
16018,603160.0,汇顶科技,2022-12-31,2022.0,3383952172.0,广东省,
16019,603228.0,景旺电子,2022-12-31,2022.0,10513990309.76,广东省,
16020,603268.0,松发股份,2022-12-31,2022.0,270825900.34,广东省,
16021,603309.0,维力医疗,2022-12-31,2022.0,1363352554.01,广东省,
16022,603328.0,依顿电子,2022-12-31,2022.0,3058151461.78,广东省,
16023,603386.0,骏亚科技,2022-12-31,2022.0,2572827310.93,广东省,
16024,603390.0,通达电气,2022-12-31,2022.0,477111771.15,广东省,
16025,603725.0,天安新材,2022-12-31,2022.0,2716228475.12,广东省,
16026,603838.0,四通股份,2022-12-31,2022.0,237122697.39,广东省,
16027,603861.0,白云电器,2022-12-31,2022.0,3465117622.99,广东省,
16028,603920.0,世运电路,2022-12-31,2022.0,4432008446.68,广东省,
16029,603936.0,博敏电子,2022-12-31,2022.0,2898178599.23,广东省,
16030,603978.0,深圳新星,2022-12-31,2022.0,1524302684.4,广东省,
16031,688007.0,光峰科技,2022-12-31,2022.0,2541144635.15,广东省,
16032,688020.0,方邦股份,2022-12-31,2022.0,312626261.3,广东省,
16033,688025.0,杰普特,2022-12-31,2022.0,1173309632.57,广东省,
16034,688036.0,传音控股,2022-12-31,2022.0,46595902507.63,广东省,
16035,688049.0,炬芯科技,2022-12-31,2022.0,414703877.23,广东省,
16036,688090.0,瑞松科技,2022-12-31,2022.0,1005934510.46,广东省,
16037,688112.0,鼎阳科技,2022-12-31,2022.0,397707385.06,广东省,
16038,688114.0,华大智造,2022-12-31,2022.0,4230800610.0,广东省,
16039,688115.0,思林杰,2022-12-31,2022.0,242278826.05,广东省,
16040,688125.0,安达智能,2022-12-31,2022.0,651315525.89,广东省,
16041,688128.0,中国电研,2022-12-31,2022.0,3794531315.74,广东省,
16042,688132.0,邦彦技术,2022-12-31,2022.0,370078948.62,广东省,
16043,688135.0,利扬芯片,2022-12-31,2022.0,452434959.51,广东省,
16044,688138.0,清溢光电,2022-12-31,2022.0,762153955.37,广东省,
16045,688148.0,芳源股份,2022-12-31,2022.0,2935186525.87,广东省,
16046,688159.0,有方科技,2022-12-31,2022.0,839584568.88,广东省,
16047,688175.0,高凌信息,2022-12-31,2022.0,517454076.07,广东省,
16048,688177.0,百奥泰,2022-12-31,2022.0,455131950.13,广东省,
16049,688183.0,生益电子,2022-12-31,2022.0,3534688853.21,广东省,
16050,688208.0,道通科技,2022-12-31,2022.0,2265555176.93,广东省,
16051,688209.0,英集芯,2022-12-31,2022.0,867261374.92,广东省,
16052,688210.0,统联精密,2022-12-31,2022.0,508643174.16,广东省,
16053,688216.0,气派科技,2022-12-31,2022.0,540378207.66,广东省,
16054,688312.0,燕麦科技,2022-12-31,2022.0,317883404.87,广东省,
16055,688321.0,微芯生物,2022-12-31,2022.0,529939477.47,广东省,
16056,688322.0,奥比中光,2022-12-31,2022.0,350048102.91,广东省,
16057,688328.0,深科达,2022-12-31,2022.0,588813982.13,广东省,
16058,688332.0,中科蓝讯,2022-12-31,2022.0,1079901028.14,广东省,
16059,688345.0,博力威,2022-12-31,2022.0,2300869859.79,广东省,
16060,688380.0,中微半导,2022-12-31,2022.0,636793746.12,广东省,
16061,688383.0,新益昌,2022-12-31,2022.0,1183655880.89,广东省,
16062,688388.0,嘉元科技,2022-12-31,2022.0,4640845431.09,广东省,
16063,688389.0,普门科技,2022-12-31,2022.0,983044751.89,广东省,
16064,688393.0,安必平,2022-12-31,2022.0,507381223.42,广东省,
16065,688395.0,正弦电气,2022-12-31,2022.0,347512319.73,广东省,
16066,688401.0,路维光电,2022-12-31,2022.0,640013669.67,广东省,
16067,688418.0,震有科技,2022-12-31,2022.0,532469377.49,广东省,
16068,688499.0,利元亨,2022-12-31,2022.0,4203760891.34,广东省,
16069,688518.0,联赢激光,2022-12-31,2022.0,2822406240.52,广东省,
16070,688522.0,纳睿雷达,2022-12-31,2022.0,210008608.23,广东省,
16071,688525.0,佰维存储,2022-12-31,2022.0,2985692711.9,广东省,
16072,688559.0,海目星,2022-12-31,2022.0,4105415522.44,广东省,
16073,688575.0,亚辉龙,2022-12-31,2022.0,3980756764.01,广东省,
16074,688595.0,芯海科技,2022-12-31,2022.0,617672465.8,广东省,
16075,688609.0,九联科技,2022-12-31,2022.0,2402746041.22,广东省,
16076,688617.0,惠泰医疗,2022-12-31,2022.0,1216017969.28,广东省,
16077,688618.0,三旺通信,2022-12-31,2022.0,335688473.71,广东省,
16078,688622.0,禾信仪器,2022-12-31,2022.0,280256751.73,广东省,
16079,688628.0,优利德,2022-12-31,2022.0,891421315.4,广东省,
16080,688655.0,迅捷兴,2022-12-31,2022.0,444659814.31,广东省,
16081,688662.0,富信科技,2022-12-31,2022.0,501318873.89,广东省,
16082,688668.0,鼎通科技,2022-12-31,2022.0,839118210.59,广东省,
16083,688683.0,莱尔科技,2022-12-31,2022.0,475819648.52,广东省,
16084,688686.0,奥普特,2022-12-31,2022.0,1140950483.3,广东省,
16085,688772.0,珠海冠宇,2022-12-31,2022.0,10974407342.03,广东省,
16086,688788.0,科思科技,2022-12-31,2022.0,233305553.03,广东省,
16087,688793.0,倍轻松,2022-12-31,2022.0,895858907.0,广东省,
16088,831167.0,鑫汇科,2022-12-31,2022.0,617453684.78,广东省,
16089,832110.0,雷特科技,2022-12-31,2022.0,172526429.68,广东省,
16090,832491.0,奥迪威,2022-12-31,2022.0,377951622.61,广东省,
16091,832876.0,慧为智能,2022-12-31,2022.0,418880052.59,广东省,
16092,833523.0,德瑞锂电,2022-12-31,2022.0,279813978.86,广东省,
16093,835185.0,贝特瑞,2022-12-31,2022.0,25678676353.2,广东省,
16094,836807.0,奔朗新材,2022-12-31,2022.0,710410319.56,广东省,
16095,837821.0,则成电子,2022-12-31,2022.0,328467157.94,广东省,
16096,839729.0,永顺生物,2022-12-31,2022.0,348717555.84,广东省,
16097,872374.0,云里物里,2022-12-31,2022.0,155758520.68,广东省,
16098,872925.0,锦好医疗,2022-12-31,2022.0,195132408.42,广东省,
16099,873001.0,纬达光电,2022-12-31,2022.0,266402594.8,广东省,
16100,,,,,3618975651302.09,广东省 汇总,
16101,528.0,柳工,2022-12-31,2022.0,26479736961.83,广西壮族自治区,
16102,703.0,恒逸石化,2022-12-31,2022.0,152050274944.64,广西壮族自治区,
16103,806.0,*ST 银河,2022-12-31,2022.0,1527995252.74,广西壮族自治区,
16104,953.0,河化股份,2022-12-31,2022.0,160612375.12,广西壮族自治区,
16105,2166.0,莱茵生物,2022-12-31,2022.0,1400737343.44,广西壮族自治区,
16106,2175.0,东方智造,2022-12-31,2022.0,273610636.43,广西壮族自治区,
16107,2275.0,桂林三金,2022-12-31,2022.0,1959732845.9,广西壮族自治区,
16108,301379.0,天山电子,2022-12-31,2022.0,1233343990.92,广西壮族自治区,
16109,600236.0,桂冠电力,2022-12-31,2022.0,10624713890.4,广西壮族自治区,
16110,600252.0,中恒集团,2022-12-31,2022.0,2713769838.72,广西壮族自治区,
16111,600310.0,桂东电力,2022-12-31,2022.0,17434827968.58,广西壮族自治区,
16112,601368.0,绿城水务,2022-12-31,2022.0,2254543709.36,广西壮族自治区,
16113,832885.0,星辰科技,2022-12-31,2022.0,124179250.59,广西壮族自治区,
16114,,,,,218238079008.67,广西壮族自治区 汇总,
16115,733.0,振华科技,2022-12-31,2022.0,7266865692.18,贵州省,
16116,2025.0,航天电器,2022-12-31,2022.0,6019695184.6,贵州省,
16117,2039.0,黔源电力,2022-12-31,2022.0,2613116603.7,贵州省,
16118,2390.0,信邦制药,2022-12-31,2022.0,6350025827.03,贵州省,
16119,2424.0,贵州百灵,2022-12-31,2022.0,3540132272.77,贵州省,
16120,2873.0,新天药业,2022-12-31,2022.0,1087673294.88,贵州省,
16121,2927.0,泰永长征,2022-12-31,2022.0,895742885.84,贵州省,
16122,300919.0,中伟股份,2022-12-31,2022.0,30343741598.7,贵州省,
16123,600112.0,ST 天成,2022-12-31,2022.0,136631055.37,贵州省,
16124,600227.0,圣济堂,2022-12-31,2022.0,2517340257.45,贵州省,
16125,600594.0,益佰制药,2022-12-31,2022.0,2735262838.67,贵州省,
16126,600903.0,贵州燃气,2022-12-31,2022.0,6163167090.48,贵州省,
16127,603439.0,贵州三力,2022-12-31,2022.0,1201316448.76,贵州省,
16128,688439.0,振华风光,2022-12-31,2022.0,778874008.15,贵州省,
16129,830809.0,安达科技,2022-12-31,2022.0,6557673149.86,贵州省,
16130,,,,,78207258208.44,贵州省 汇总,
16131,566.0,海南海药,2022-12-31,2022.0,1779052193.18,海南省,
16132,657.0,中钨高新,2022-12-31,2022.0,13079969944.68,海南省,
16133,2596.0,海南瑞泽,2022-12-31,2022.0,1932920823.23,海南省,
16134,2693.0,双成药业,2022-12-31,2022.0,274754114.7,海南省,
16135,300086.0,康芝药业,2022-12-31,2022.0,535745365.83,海南省,
16136,300630.0,普利制药,2022-12-31,2022.0,1619133050.65,海南省,
16137,605199.0,葫芦娃,2022-12-31,2022.0,1515046453.62,海南省,
16138,688676.0,金盘科技,2022-12-31,2022.0,4745599395.76,海南省,
16139,,,,,25482221341.65,海南省 汇总,
16140,401.0,冀东水泥,2022-12-31,2022.0,34543644146.26,河北省,
16141,413.0,东旭光电,2022-12-31,2022.0,5892598751.42,河北省,
16142,600.0,建投能源,2022-12-31,2022.0,18305827330.29,河北省,
16143,856.0,冀东装备,2022-12-31,2022.0,3199540881.62,河北省,
16144,1301.0,尚太科技,2022-12-31,2022.0,4781846232.25,河北省,
16145,2049.0,紫光国微,2022-12-31,2022.0,7119905165.64,河北省,
16146,2282.0,博深股份,2022-12-31,2022.0,1453894232.01,河北省,
16147,2459.0,晶澳科技,2022-12-31,2022.0,72989400575.18,河北省,
16148,2603.0,以岭药业,2022-12-31,2022.0,12532841028.58,河北省,
16149,2691.0,冀凯股份,2022-12-31,2022.0,328919847.13,河北省,
16150,2960.0,青鸟消防,2022-12-31,2022.0,4602374605.54,河北省,
16151,3031.0,中瓷电子,2022-12-31,2022.0,1304906293.63,河北省,
16152,300137.0,先河环保,2022-12-31,2022.0,1008131304.72,河北省,
16153,300255.0,常山药业,2022-12-31,2022.0,2336229838.79,河北省,
16154,300368.0,汇金股份,2022-12-31,2022.0,577029102.09,河北省,
16155,300371.0,汇中股份,2022-12-31,2022.0,507492681.35,河北省,
16156,300491.0,通合科技,2022-12-31,2022.0,639156922.66,河北省,
16157,300847.0,中船汉光,2022-12-31,2022.0,1085229871.58,河北省,
16158,300869.0,康泰医学,2022-12-31,2022.0,712114538.93,河北省,
16159,300990.0,同飞股份,2022-12-31,2022.0,1007567979.43,河北省,
16160,600149.0,廊坊发展,2022-12-31,2022.0,213488903.31,河北省,
16161,600550.0,保变电气,2022-12-31,2022.0,3445632803.64,河北省,
16162,600803.0,新奥股份,2022-12-31,2022.0,154044170000.0,河北省,
16163,600812.0,华北制药,2022-12-31,2022.0,10499947065.67,河北省,
16164,600956.0,新天绿能,2022-12-31,2022.0,18560522731.81,河北省,
16165,603050.0,科林电气,2022-12-31,2022.0,2622597818.0,河北省,
16166,603385.0,惠达卫浴,2022-12-31,2022.0,3419453224.56,河北省,
16167,605196.0,华通线缆,2022-12-31,2022.0,5192821329.18,河北省,
16168,835985.0,海泰新能,2022-12-31,2022.0,6387165263.14,河北省,
16169,,,,,379314450468.41,河北省 汇总,
16170,400.0,许继电气,2022-12-31,2022.0,14917449398.19,河南省,
16171,544.0,中原环保,2022-12-31,2022.0,6216764745.9,河南省,
16172,612.0,焦作万方,2022-12-31,2022.0,6676094278.6,河南省,
16173,933.0,神火股份,2022-12-31,2022.0,42703853286.57,河南省,
16174,949.0,新乡化纤,2022-12-31,2022.0,7274425741.47,河南省,
16175,1896.0,豫能控股,2022-12-31,2022.0,13097502049.75,河南省,
16176,2007.0,华兰生物,2022-12-31,2022.0,4516979408.06,河南省,
16177,2046.0,国机精工,2022-12-31,2022.0,3435996387.27,河南省,
16178,2179.0,中航光电,2022-12-31,2022.0,15838116672.04,河南省,
16179,2189.0,中光学,2022-12-31,2022.0,3285114518.49,河南省,
16180,2225.0,濮耐股份,2022-12-31,2022.0,4935925239.49,河南省,
16181,2296.0,辉煌科技,2022-12-31,2022.0,651858677.51,河南省,
16182,2358.0,ST 森源,2022-12-31,2022.0,2406662077.09,河南省,
16183,2535.0,ST 林重,2022-12-31,2022.0,1119780953.69,河南省,
16184,2560.0,通达股份,2022-12-31,2022.0,5498643057.49,河南省,
16185,2613.0,北玻股份,2022-12-31,2022.0,1496187606.2,河南省,
16186,2857.0,三晖电气,2022-12-31,2022.0,195217656.52,河南省,
16187,300007.0,汉威科技,2022-12-31,2022.0,2395064228.56,河南省,
16188,300080.0,易成新能,2022-12-31,2022.0,11245160966.68,河南省,
16189,300179.0,四方达,2022-12-31,2022.0,513795092.42,河南省,
16190,300259.0,新天科技,2022-12-31,2022.0,1121673542.33,河南省,
16191,300263.0,隆华科技,2022-12-31,2022.0,2301101626.84,河南省,
16192,300480.0,光力科技,2022-12-31,2022.0,614498745.16,河南省,
16193,300701.0,森霸传感,2022-12-31,2022.0,249911123.56,河南省,
16194,300807.0,天迈科技,2022-12-31,2022.0,329398836.73,河南省,
16195,300850.0,新强联,2022-12-31,2022.0,2653453922.0,河南省,
16196,301071.0,力量钻石,2022-12-31,2022.0,906275142.84,河南省,
16197,301089.0,拓新药业,2022-12-31,2022.0,784722063.54,河南省,
16198,301152.0,天力锂能,2022-12-31,2022.0,2617619390.58,河南省,
16199,301182.0,凯旺科技,2022-12-31,2022.0,504553023.12,河南省,
16200,301207.0,华兰疫苗,2022-12-31,2022.0,1825640965.76,河南省,
16201,301277.0,新天地,2022-12-31,2022.0,627364047.52,河南省,
16202,301361.0,众智科技,2022-12-31,2022.0,200443130.54,河南省,
16203,600172.0,黄河旋风,2022-12-31,2022.0,2410193840.71,河南省,
16204,600207.0,安彩高科,2022-12-31,2022.0,4144288039.99,河南省,
16205,600222.0,太龙药业,2022-12-31,2022.0,1960694309.41,河南省,
16206,600285.0,羚锐制药,2022-12-31,2022.0,3001862213.98,河南省,
16207,600312.0,平高电气,2022-12-31,2022.0,9274276019.3,河南省,
16208,600531.0,豫光金铅,2022-12-31,2022.0,27112399770.52,河南省,
16209,600595.0,中孚实业,2022-12-31,2022.0,17516679694.58,河南省,
16210,600810.0,神马股份,2022-12-31,2022.0,13558842070.25,河南省,
16211,600876.0,洛阳玻璃,2022-12-31,2022.0,5030111246.27,河南省,
16212,601038.0,一拖股份,2022-12-31,2022.0,12455465114.62,河南省,
16213,601608.0,中信重工,2022-12-31,2022.0,8826995699.92,河南省,
16214,601677.0,明泰铝业,2022-12-31,2022.0,27781133367.52,河南省,
16215,603566.0,普莱柯,2022-12-31,2022.0,1228016476.46,河南省,
16216,603658.0,安图生物,2022-12-31,2022.0,4441627359.4,河南省,
16217,605368.0,蓝天燃气,2022-12-31,2022.0,4753700193.84,河南省,
16218,688119.0,中钢洛耐,2022-12-31,2022.0,2687540916.65,河南省,
16219,688313.0,仕佳光子,2022-12-31,2022.0,903262329.39,河南省,
16220,688517.0,金冠电气,2022-12-31,2022.0,606221610.46,河南省,
16221,688626.0,翔宇医疗,2022-12-31,2022.0,488529430.63,河南省,
16222,833580.0,科创新材,2022-12-31,2022.0,108364503.51,河南省,
16223,834407.0,驰诚股份,2022-12-31,2022.0,179031362.1,河南省,
16224,838971.0,天马新材,2022-12-31,2022.0,185933216.72,河南省,
16225,839725.0,惠丰钻石,2022-12-31,2022.0,431442552.86,河南省,
16226,872895.0,花溪科技,2022-12-31,2022.0,138479457.55,河南省,
16227,,,,,312382338399.15,河南省 汇总,
16228,922.0,佳电股份,2022-12-31,2022.0,3579140698.27,黑龙江省,
16229,2437.0,誉衡药业,2022-12-31,2022.0,3107945160.6,黑龙江省,
16230,2698.0,博实股份,2022-12-31,2022.0,2153746152.69,黑龙江省,
16231,2737.0,葵花药业,2022-12-31,2022.0,5094511319.93,黑龙江省,
16232,2900.0,哈三联,2022-12-31,2022.0,1028413617.71,黑龙江省,
16233,300040.0,九洲集团,2022-12-31,2022.0,1331557173.65,黑龙江省,
16234,300489.0,光智科技,2022-12-31,2022.0,935725583.19,黑龙江省,
16235,600187.0,国中水务,2022-12-31,2022.0,287598235.93,黑龙江省,
16236,600202.0,哈空调,2022-12-31,2022.0,1103088240.59,黑龙江省,
16237,600664.0,哈药股份,2022-12-31,2022.0,13808761327.75,黑龙江省,
16238,600726.0,*ST 华源,2022-12-31,2022.0,18876651119.26,黑龙江省,
16239,601106.0,中国一重,2022-12-31,2022.0,23885912813.13,黑龙江省,
16240,603023.0,威帝股份,2022-12-31,2022.0,74170420.07,黑龙江省,
16241,603567.0,珍宝岛,2022-12-31,2022.0,4214148859.72,黑龙江省,
16242,688011.0,新光光电,2022-12-31,2022.0,149870137.84,黑龙江省,
16243,,,,,79631240860.33,黑龙江省 汇总,
16244,670.0,盈方微,2022-12-31,2022.0,3124204179.77,湖北省,
16245,678.0,襄阳轴承,2022-12-31,2022.0,1130570535.69,湖北省,
16246,821.0,京山轻机,2022-12-31,2022.0,4867705347.85,湖北省,
16247,852.0,石化机械,2022-12-31,2022.0,7751912950.94,湖北省,
16248,883.0,湖北能源,2022-12-31,2022.0,20578214751.99,湖北省,
16249,952.0,广济药业,2022-12-31,2022.0,797642746.07,湖北省,
16250,966.0,长源电力,2022-12-31,2022.0,14661915637.42,湖北省,
16251,988.0,华工科技,2022-12-31,2022.0,12011028845.77,湖北省,
16252,2194.0,武汉凡谷,2022-12-31,2022.0,2073142256.24,湖北省,
16253,2281.0,光迅科技,2022-12-31,2022.0,6911881248.07,湖北省,
16254,2365.0,永安药业,2022-12-31,2022.0,1462447548.32,湖北省,
16255,2414.0,高德红外,2022-12-31,2022.0,2528594160.19,湖北省,
16256,2861.0,瀛通通讯,2022-12-31,2022.0,724880420.74,湖北省,
16257,2932.0,明德生物,2022-12-31,2022.0,10530277815.19,湖北省,
16258,2950.0,奥美医疗,2022-12-31,2022.0,4210502651.18,湖北省,
16259,2962.0,五方光电,2022-12-31,2022.0,1029421582.28,湖北省,
16260,300018.0,中元股份,2022-12-31,2022.0,442807639.89,湖北省,
16261,300046.0,台基股份,2022-12-31,2022.0,352191535.02,湖北省,
16262,300161.0,华中数控,2022-12-31,2022.0,1663398662.75,湖北省,
16263,300205.0,天喻信息,2022-12-31,2022.0,1791779939.08,湖北省,
16264,300220.0,金运激光,2022-12-31,2022.0,263076086.06,湖北省,
16265,300276.0,三丰智能,2022-12-31,2022.0,1333665665.46,湖北省,
16266,300278.0,华昌达,2022-12-31,2022.0,3582748897.82,湖北省,
16267,300323.0,华灿光电,2022-12-31,2022.0,2354978372.17,湖北省,
16268,300395.0,菲利华,2022-12-31,2022.0,1719365174.44,湖北省,
16269,300516.0,久之洋,2022-12-31,2022.0,743658872.09,湖北省,
16270,300527.0,中船应急,2022-12-31,2022.0,1658124428.85,湖北省,
16271,300557.0,理工光科,2022-12-31,2022.0,544522792.52,湖北省,
16272,300567.0,精测电子,2022-12-31,2022.0,2730571764.41,湖北省,
16273,300683.0,海特生物,2022-12-31,2022.0,688625991.71,湖北省,
16274,300747.0,锐科激光,2022-12-31,2022.0,3188669909.72,湖北省,
16275,300776.0,帝尔激光,2022-12-31,2022.0,1324311071.55,湖北省,
16276,300871.0,回盛生物,2022-12-31,2022.0,1022900792.34,湖北省,
16277,300966.0,共同药业,2022-12-31,2022.0,604571473.19,湖北省,
16278,300971.0,博亚精工,2022-12-31,2022.0,414594392.68,湖北省,
16279,301150.0,中一科技,2022-12-31,2022.0,2895364468.32,湖北省,
16280,301183.0,东田微,2022-12-31,2022.0,305848214.41,湖北省,
16281,301205.0,联特科技,2022-12-31,2022.0,824707347.53,湖北省,
16282,301211.0,亨迪药业,2022-12-31,2022.0,514911768.91,湖北省,
16283,301246.0,宏源药业,2022-12-31,2022.0,2063723485.64,湖北省,
16284,430198.0,微创光电,2022-12-31,2022.0,121229490.8,湖北省,
16285,600079.0,人福医药,2022-12-31,2022.0,22337719417.55,湖北省,
16286,600168.0,武汉控股,2022-12-31,2022.0,2893870999.07,湖北省,
16287,600184.0,光电股份,2022-12-31,2022.0,2512935060.13,湖北省,
16288,600293.0,三峡新材,2022-12-31,2022.0,1888882047.3,湖北省,
16289,600345.0,长江通信,2022-12-31,2022.0,231850146.31,湖北省,
16290,600355.0,精伦电子,2022-12-31,2022.0,178629135.07,湖北省,
16291,600421.0,华嵘控股,2022-12-31,2022.0,125191438.01,湖北省,
16292,600498.0,烽火通信,2022-12-31,2022.0,30917860586.0,湖北省,
16293,600566.0,济川药业,2022-12-31,2022.0,8996366979.29,湖北省,
16294,600568.0,ST 中珠,2022-12-31,2022.0,505971358.79,湖北省,
16295,600681.0,百川能源,2022-12-31,2022.0,5009584060.46,湖北省,
16296,600703.0,三安光电,2022-12-31,2022.0,13222316118.09,湖北省,
16297,600745.0,闻泰科技,2022-12-31,2022.0,58078698403.04,湖北省,
16298,600769.0,祥龙电业,2022-12-31,2022.0,51168766.41,湖北省,
16299,600801.0,华新水泥,2022-12-31,2022.0,30470382363.0,湖北省,
16300,600879.0,航天电子,2022-12-31,2022.0,17475651488.9,湖北省,
16301,600885.0,宏发股份,2022-12-31,2022.0,11733391064.5,湖北省,
16302,600993.0,马应龙,2022-12-31,2022.0,3532379037.45,湖北省,
16303,601311.0,骆驼股份,2022-12-31,2022.0,13425360919.74,湖北省,
16304,601869.0,长飞光纤,2022-12-31,2022.0,13830318400.0,湖北省,
16305,601956.0,东贝集团,2022-12-31,2022.0,5345263618.25,湖北省,
16306,603738.0,泰晶科技,2022-12-31,2022.0,916362017.08,湖北省,
16307,688081.0,兴图新科,2022-12-31,2022.0,143510227.31,湖北省,
16308,688143.0,长盈通,2022-12-31,2022.0,313750547.05,湖北省,
16309,688151.0,华强科技,2022-12-31,2022.0,585679394.08,湖北省,
16310,688387.0,信科移动,2022-12-31,2022.0,6919437218.88,湖北省,
16311,688526.0,科前生物,2022-12-31,2022.0,1001267679.9,湖北省,
16312,688665.0,四方光电,2022-12-31,2022.0,602444641.24,湖北省,
16313,688667.0,菱电电控,2022-12-31,2022.0,712001205.78,湖北省,
16314,835237.0,力佳科技,2022-12-31,2022.0,334610313.45,湖北省,
16315,836942.0,恒立钻具,2022-12-31,2022.0,203993846.85,湖北省,
16316,838670.0,恒进感应,2022-12-31,2022.0,159482796.27,湖北省,
16317,,,,,382201022210.32,湖北省 汇总,
16318,157.0,中联重科,2022-12-31,2022.0,41631497729.32,湖南省,
16319,519.0,中兵红箭,2022-12-31,2022.0,6713593037.1,湖南省,
16320,590.0,启迪药业,2022-12-31,2022.0,350528110.13,湖南省,
16321,622.0,恒立实业,2022-12-31,2022.0,246280695.1,湖南省,
16322,722.0,湖南发展,2022-12-31,2022.0,412013493.42,湖南省,
16323,908.0,景峰医药,2022-12-31,2022.0,840657161.99,湖南省,
16324,989.0,九芝堂,2022-12-31,2022.0,3033265859.73,湖南省,
16325,1208.0,华菱线缆,2022-12-31,2022.0,3015333688.4,湖南省,
16326,1216.0,华瓷股份,2022-12-31,2022.0,1379900122.78,湖南省,
16327,2097.0,山河智能,2022-12-31,2022.0,7302275677.27,湖南省,
16328,2297.0,博云新材,2022-12-31,2022.0,557416594.58,湖南省,
16329,2412.0,汉森制药,2022-12-31,2022.0,916062371.53,湖南省,
16330,2452.0,长高电新,2022-12-31,2022.0,1222900130.75,湖南省,
16331,2523.0,天桥起重,2022-12-31,2022.0,1586341596.36,湖南省,
16332,2533.0,金杯电工,2022-12-31,2022.0,13202738538.38,湖南省,
16333,2716.0,金贵银业,2022-12-31,2022.0,3393727067.71,湖南省,
16334,2848.0,高斯贝尔,2022-12-31,2022.0,379295592.45,湖南省,
16335,2879.0,长缆科技,2022-12-31,2022.0,988910933.78,湖南省,
16336,2892.0,科力尔,2022-12-31,2022.0,1183433032.31,湖南省,
16337,2903.0,宇环数控,2022-12-31,2022.0,357819204.03,湖南省,
16338,2913.0,奥士康,2022-12-31,2022.0,4567482528.85,湖南省,
16339,2943.0,宇晶股份,2022-12-31,2022.0,803816215.84,湖南省,
16340,300035.0,中科电气,2022-12-31,2022.0,5256750375.78,湖南省,
16341,300267.0,尔康制药,2022-12-31,2022.0,1870540810.78,湖南省,
16342,300298.0,三诺生物,2022-12-31,2022.0,2813500994.72,湖南省,
16343,300358.0,楚天科技,2022-12-31,2022.0,6445551305.55,湖南省,
16344,300433.0,蓝思科技,2022-12-31,2022.0,46698545632.87,湖南省,
16345,300474.0,景嘉微,2022-12-31,2022.0,1153934901.2,湖南省,
16346,300490.0,华自科技,2022-12-31,2022.0,1679958227.03,湖南省,
16347,300515.0,三德科技,2022-12-31,2022.0,393636462.35,湖南省,
16348,300672.0,国科微,2022-12-31,2022.0,3604899374.87,湖南省,
16349,300700.0,岱勒新材,2022-12-31,2022.0,642699713.24,湖南省,
16350,300705.0,九典制药,2022-12-31,2022.0,2326215867.76,湖南省,
16351,300726.0,宏达电子,2022-12-31,2022.0,2158180318.78,湖南省,
16352,300800.0,力合科技,2022-12-31,2022.0,518512186.76,湖南省,
16353,300866.0,安克创新,2022-12-31,2022.0,14250519798.29,湖南省,
16354,301079.0,邵阳液压,2022-12-31,2022.0,300826356.6,湖南省,
16355,301087.0,可孚医疗,2022-12-31,2022.0,2976957963.94,湖南省,
16356,301358.0,湖南裕能,2022-12-31,2022.0,42790361250.0,湖南省,
16357,600031.0,三一重工,2022-12-31,2022.0,80018098000.0,湖南省,
16358,600416.0,湘电股份,2022-12-31,2022.0,4451602117.37,湖南省,
16359,600478.0,科力远,2022-12-31,2022.0,3785832152.72,湖南省,
16360,600479.0,千金药业,2022-12-31,2022.0,4026278593.25,湖南省,
16361,600744.0,华银电力,2022-12-31,2022.0,9702437542.7,湖南省,
16362,600961.0,株冶集团,2022-12-31,2022.0,15677173122.63,湖南省,
16363,600969.0,郴电国际,2022-12-31,2022.0,4014064786.49,湖南省,
16364,601636.0,旗滨集团,2022-12-31,2022.0,13312679939.15,湖南省,
16365,603989.0,艾华集团,2022-12-31,2022.0,3444874262.74,湖南省,
16366,603998.0,方盛制药,2022-12-31,2022.0,1792000925.51,湖南省,
16367,688067.0,爱威科技,2022-12-31,2022.0,196774016.32,湖南省,
16368,688100.0,威胜信息,2022-12-31,2022.0,2003613647.07,湖南省,
16369,688189.0,南新制药,2022-12-31,2022.0,698826220.65,湖南省,
16370,688289.0,圣湘生物,2022-12-31,2022.0,6450356637.86,湖南省,
16371,688425.0,铁建重工,2022-12-31,2022.0,10101547758.19,湖南省,
16372,688598.0,金博股份,2022-12-31,2022.0,1450134287.03,湖南省,
16373,688779.0,长远锂科,2022-12-31,2022.0,17975397896.1,湖南省,
16374,688799.0,华纳药厂,2022-12-31,2022.0,1292661627.02,湖南省,
16375,835174.0,五新隧装,2022-12-31,2022.0,541065256.04,湖南省,
16376,,,,,410902299711.17,湖南省 汇总,
16377,420.0,吉林化纤,2022-12-31,2022.0,3669640281.25,吉林省,
16378,623.0,吉林敖东,2022-12-31,2022.0,2868211464.89,吉林省,
16379,661.0,长春高新,2022-12-31,2022.0,12627188966.71,吉林省,
16380,669.0,ST 金鸿,2022-12-31,2022.0,1258805456.95,吉林省,
16381,766.0,通化金马,2022-12-31,2022.0,1470748775.14,吉林省,
16382,875.0,吉电股份,2022-12-31,2022.0,14954753725.12,吉林省,
16383,2118.0,紫鑫药业,2022-12-31,2022.0,143505598.83,吉林省,
16384,2338.0,奥普光电,2022-12-31,2022.0,627063933.71,吉林省,
16385,2501.0,利源精制,2022-12-31,2022.0,508066172.64,吉林省,
16386,2566.0,益盛药业,2022-12-31,2022.0,830041323.93,吉林省,
16387,2622.0,皓宸医疗,2022-12-31,2022.0,500650216.76,吉林省,
16388,300108.0,*ST 吉药,2022-12-31,2022.0,488941568.47,吉林省,
16389,300396.0,迪瑞医疗,2022-12-31,2022.0,1220007787.71,吉林省,
16390,300510.0,金冠股份,2022-12-31,2022.0,1165907033.9,吉林省,
16391,301130.0,西点药业,2022-12-31,2022.0,255467987.43,吉林省,
16392,600110.0,诺德股份,2022-12-31,2022.0,4709335662.27,吉林省,
16393,600333.0,长春燃气,2022-12-31,2022.0,1896089675.28,吉林省,
16394,600360.0,华微电子,2022-12-31,2022.0,1953144398.94,吉林省,
16395,600867.0,通化东宝,2022-12-31,2022.0,2778453059.19,吉林省,
16396,600881.0,亚泰集团,2022-12-31,2022.0,12967716644.98,吉林省,
16397,688276.0,百克生物,2022-12-31,2022.0,1071446025.21,吉林省,
16398,688378.0,奥来德,2022-12-31,2022.0,458849501.16,吉林省,
16399,836077.0,吉林碳谷,2022-12-31,2022.0,2083679994.08,吉林省,
16400,,,,,70507715254.55,吉林省 汇总,
16401,301.0,东方盛虹,2022-12-31,2022.0,63822315669.45,江苏省,
16402,421.0,南京公用,2022-12-31,2022.0,7112573231.38,江苏省,
16403,425.0,徐工机械,2022-12-31,2022.0,93817122393.59,江苏省,
16404,518.0,四环生物,2022-12-31,2022.0,270149197.6,江苏省,
16405,570.0,苏常柴A,2022-12-31,2022.0,2182043095.61,江苏省,
16406,727.0,冠捷科技,2022-12-31,2022.0,61882896665.87,江苏省,
16407,777.0,中核科技,2022-12-31,2022.0,1500050379.53,江苏省,
16408,816.0,智慧农业,2022-12-31,2022.0,1214938607.02,江苏省,
16409,919.0,金陵药业,2022-12-31,2022.0,2670968038.97,江苏省,
16410,936.0,华西股份,2022-12-31,2022.0,2927437899.7,江苏省,
16411,1332.0,锡装股份,2022-12-31,2022.0,1169560534.54,江苏省,
16412,2009.0,天奇股份,2022-12-31,2022.0,4351216382.74,江苏省,
16413,2015.0,协鑫能科,2022-12-31,2022.0,10682853357.54,江苏省,
16414,2074.0,国轩高科,2022-12-31,2022.0,23051701484.6,江苏省,
16415,2077.0,大港股份,2022-12-31,2022.0,569278103.21,江苏省,
16416,2079.0,苏州固锝,2022-12-31,2022.0,3268199300.82,江苏省,
16417,2080.0,中材科技,2022-12-31,2022.0,22108951535.21,江苏省,
16418,2089.0,ST 新海,2022-12-31,2022.0,175767513.53,江苏省,
16419,2090.0,金智科技,2022-12-31,2022.0,1527771559.76,江苏省,
16420,2104.0,恒宝股份,2022-12-31,2022.0,1033723762.8,江苏省,
16421,2156.0,通富微电,2022-12-31,2022.0,21428576599.2,江苏省,
16422,2160.0,常铝股份,2022-12-31,2022.0,6784808655.03,江苏省,
16423,2172.0,澳洋健康,2022-12-31,2022.0,2021311317.17,江苏省,
16424,2182.0,云海金属,2022-12-31,2022.0,9104609837.91,江苏省,
16425,2201.0,正威新材,2022-12-31,2022.0,1442227350.57,江苏省,
16426,2223.0,鱼跃医疗,2022-12-31,2022.0,7101679159.74,江苏省,
16427,2245.0,蔚蓝锂芯,2022-12-31,2022.0,6285116746.33,江苏省,
16428,2255.0,海陆重工,2022-12-31,2022.0,2364807791.16,江苏省,
16429,2262.0,恩华药业,2022-12-31,2022.0,4298513062.14,江苏省,
16430,2290.0,禾盛新材,2022-12-31,2022.0,2133261940.03,江苏省,
16431,2309.0,ST 中利,2022-12-31,2022.0,8165891813.89,江苏省,
16432,2333.0,罗普斯金,2022-12-31,2022.0,1379611172.4,江苏省,
16433,2349.0,精华制药,2022-12-31,2022.0,1573059814.2,江苏省,
16434,2367.0,康力电梯,2022-12-31,2022.0,5114579681.57,江苏省,
16435,2384.0,东山精密,2022-12-31,2022.0,31580146732.58,江苏省,
16436,2411.0,*ST 必康,2022-12-31,2022.0,8106281629.38,江苏省,
16437,2413.0,雷科防务,2022-12-31,2022.0,1363724358.28,江苏省,
16438,2426.0,胜利精密,2022-12-31,2022.0,4122823532.14,江苏省,
16439,2435.0,长江健康,2022-12-31,2022.0,3469557831.87,江苏省,
16440,2438.0,江苏神通,2022-12-31,2022.0,1955053960.31,江苏省,
16441,2463.0,沪电股份,2022-12-31,2022.0,8336030158.0,江苏省,
16442,2471.0,中超控股,2022-12-31,2022.0,5890978613.13,江苏省,
16443,2483.0,润邦股份,2022-12-31,2022.0,5174196678.65,江苏省,
16444,2484.0,江海股份,2022-12-31,2022.0,4521681374.62,江苏省,
16445,2491.0,通鼎互联,2022-12-31,2022.0,3315881470.3,江苏省,
16446,2519.0,银河电子,2022-12-31,2022.0,1310662745.46,江苏省,
16447,2531.0,天顺风能,2022-12-31,2022.0,6738058378.96,江苏省,
16448,2540.0,亚太科技,2022-12-31,2022.0,6728930481.58,江苏省,
16449,2546.0,新联电子,2022-12-31,2022.0,620691262.12,江苏省,
16450,2550.0,千红制药,2022-12-31,2022.0,2303547790.85,江苏省,
16451,2553.0,南方精工,2022-12-31,2022.0,587553667.27,江苏省,
16452,2559.0,亚威股份,2022-12-31,2022.0,1830146928.47,江苏省,
16453,2576.0,通达动力,2022-12-31,2022.0,1752416803.17,江苏省,
16454,2608.0,江苏国信,2022-12-31,2022.0,31556991995.62,江苏省,
16455,2610.0,爱康科技,2022-12-31,2022.0,6690548250.14,江苏省,
16456,2623.0,亚玛顿,2022-12-31,2022.0,3168353484.91,江苏省,
16457,2635.0,安洁科技,2022-12-31,2022.0,4198648189.01,江苏省,
16458,2645.0,华宏科技,2022-12-31,2022.0,8475015663.88,江苏省,
16459,2685.0,华东重机,2022-12-31,2022.0,1475815089.13,江苏省,
16460,2692.0,ST 远程,2022-12-31,2022.0,3018195285.1,江苏省,
16461,2747.0,埃斯顿,2022-12-31,2022.0,3880778517.66,江苏省,
16462,2796.0,世嘉科技,2022-12-31,2022.0,1095101190.15,江苏省,
16463,2808.0,恒久科技,2022-12-31,2022.0,165844793.5,江苏省,
16464,2866.0,传艺科技,2022-12-31,2022.0,1998708923.27,江苏省,
16465,2877.0,智能自控,2022-12-31,2022.0,862501565.18,江苏省,
16466,2947.0,恒铭达,2022-12-31,2022.0,1547759171.87,江苏省,
16467,2998.0,优彩资源,2022-12-31,2022.0,2254141122.14,江苏省,
16468,3015.0,日久光电,2022-12-31,2022.0,469138054.88,江苏省,
16469,200468.0,宁通信B,2022-12-31,2022.0,879566048.96,江苏省,
16470,300029.0,ST 天龙,2022-12-31,2022.0,249638596.82,江苏省,
16471,300091.0,金通灵,2022-12-31,2022.0,1552598358.76,江苏省,
16472,300128.0,锦富技术,2022-12-31,2022.0,1401971503.83,江苏省,
16473,300141.0,和顺电气,2022-12-31,2022.0,310601211.63,江苏省,
16474,300160.0,秀强股份,2022-12-31,2022.0,1507057616.25,江苏省,
16475,300165.0,天瑞仪器,2022-12-31,2022.0,1403971007.01,江苏省,
16476,300196.0,长海股份,2022-12-31,2022.0,3017025703.59,江苏省,
16477,300201.0,*ST 海伦,2022-12-31,2022.0,1024176930.34,江苏省,
16478,300211.0,亿通科技,2022-12-31,2022.0,338192362.59,江苏省,
16479,300217.0,东方电热,2022-12-31,2022.0,3818868588.19,江苏省,
16480,300228.0,富瑞特装,2022-12-31,2022.0,1604892010.54,江苏省,
16481,300260.0,新莱应材,2022-12-31,2022.0,2620064139.02,江苏省,
16482,300265.0,通光线缆,2022-12-31,2022.0,2083122932.72,江苏省,
16483,300279.0,和晶科技,2022-12-31,2022.0,1955248385.89,江苏省,
16484,300331.0,苏大维格,2022-12-31,2022.0,1715808412.37,江苏省,
16485,300337.0,银邦股份,2022-12-31,2022.0,3944302503.6,江苏省,
16486,300342.0,天银机电,2022-12-31,2022.0,839245562.63,江苏省,
16487,300346.0,南大光电,2022-12-31,2022.0,1581230691.98,江苏省,
16488,300354.0,东华测试,2022-12-31,2022.0,367082438.42,江苏省,
16489,300356.0,*ST 光一,2022-12-31,2022.0,241157634.3,江苏省,
16490,300373.0,扬杰科技,2022-12-31,2022.0,5403532033.34,江苏省,
16491,300382.0,斯莱克,2022-12-31,2022.0,1731318733.36,江苏省,
16492,300385.0,雪浪环境,2022-12-31,2022.0,1800024752.39,江苏省,
16493,300390.0,天华超净,2022-12-31,2022.0,17030454825.98,江苏省,
16494,300393.0,中来股份,2022-12-31,2022.0,9576794499.36,江苏省,
16495,300394.0,天孚通信,2022-12-31,2022.0,1196392006.89,江苏省,
16496,300402.0,宝色股份,2022-12-31,2022.0,1409189859.25,江苏省,
16497,300420.0,五洋停车,2022-12-31,2022.0,1457903972.89,江苏省,
16498,300421.0,力星股份,2022-12-31,2022.0,980851224.16,江苏省,
16499,300447.0,全信股份,2022-12-31,2022.0,1091658506.36,江苏省,
16500,300450.0,先导智能,2022-12-31,2022.0,13932352081.34,江苏省,
16501,300466.0,赛摩智能,2022-12-31,2022.0,802512925.85,江苏省,
16502,300509.0,新美星,2022-12-31,2022.0,763385904.47,江苏省,
16503,300549.0,优德精密,2022-12-31,2022.0,396707346.51,江苏省,
16504,300554.0,三超新材,2022-12-31,2022.0,406532427.82,江苏省,
16505,300555.0,路通视信,2022-12-31,2022.0,213512180.55,江苏省,
16506,300563.0,神宇股份,2022-12-31,2022.0,768358610.53,江苏省,
16507,300584.0,海辰药业,2022-12-31,2022.0,526465340.15,江苏省,
16508,300617.0,安靠智电,2022-12-31,2022.0,772966378.28,江苏省,
16509,300618.0,寒锐钴业,2022-12-31,2022.0,5087020600.16,江苏省,
16510,300623.0,捷捷微电,2022-12-31,2022.0,1823510570.8,江苏省,
16511,300631.0,久吾高科,2022-12-31,2022.0,741309374.83,江苏省,
16512,300660.0,江苏雷利,2022-12-31,2022.0,2899943674.28,江苏省,
16513,300670.0,大烨智能,2022-12-31,2022.0,267302846.89,江苏省,
16514,300694.0,蠡湖股份,2022-12-31,2022.0,1484463202.63,江苏省,
16515,300697.0,电工合金,2022-12-31,2022.0,2126858068.12,江苏省,
16516,300707.0,威唐工业,2022-12-31,2022.0,823043644.0,江苏省,
16517,300708.0,聚灿光电,2022-12-31,2022.0,2028573126.72,江苏省,
16518,300709.0,精研科技,2022-12-31,2022.0,2507646953.04,江苏省,
16519,300715.0,凯伦股份,2022-12-31,2022.0,2127605220.02,江苏省,
16520,300751.0,迈为股份,2022-12-31,2022.0,4148248486.96,江苏省,
16521,300753.0,爱朋医疗,2022-12-31,2022.0,323808133.9,江苏省,
16522,300757.0,罗博特科,2022-12-31,2022.0,903197529.59,江苏省,
16523,300777.0,中简科技,2022-12-31,2022.0,797159926.92,江苏省,
16524,300782.0,卓胜微,2022-12-31,2022.0,3677493060.96,江苏省,
16525,300809.0,华辰装备,2022-12-31,2022.0,336313437.06,江苏省,
16526,300827.0,上能电气,2022-12-31,2022.0,2338541793.58,江苏省,
16527,300836.0,佰奥智能,2022-12-31,2022.0,499534348.68,江苏省,
16528,300842.0,帝科股份,2022-12-31,2022.0,3766673993.15,江苏省,
16529,300855.0,图南股份,2022-12-31,2022.0,1032375366.88,江苏省,
16530,300907.0,康平科技,2022-12-31,2022.0,994178130.5,江苏省,
16531,300931.0,通用电梯,2022-12-31,2022.0,426877614.49,江苏省,
16532,300933.0,中辰股份,2022-12-31,2022.0,2579220559.38,江苏省,
16533,300936.0,中英科技,2022-12-31,2022.0,247951718.82,江苏省,
16534,300964.0,本川智能,2022-12-31,2022.0,559263353.92,江苏省,
16535,301006.0,迈拓股份,2022-12-31,2022.0,358475382.69,江苏省,
16536,301010.0,晶雪节能,2022-12-31,2022.0,902517681.24,江苏省,
16537,301012.0,扬电科技,2022-12-31,2022.0,634906687.22,江苏省,
16538,301023.0,江南奕帆,2022-12-31,2022.0,183186667.37,江苏省,
16539,301030.0,仕净科技,2022-12-31,2022.0,1433355027.57,江苏省,
16540,301045.0,天禄科技,2022-12-31,2022.0,653002342.75,江苏省,
16541,301093.0,华兰股份,2022-12-31,2022.0,584137522.12,江苏省,
16542,301101.0,明月镜片,2022-12-31,2022.0,623065041.29,江苏省,
16543,301106.0,骏成科技,2022-12-31,2022.0,632654725.79,江苏省,
16544,301122.0,采纳股份,2022-12-31,2022.0,465485537.41,江苏省,
16545,301125.0,腾亚精工,2022-12-31,2022.0,434613852.45,江苏省,
16546,301155.0,海力风电,2022-12-31,2022.0,1632735416.09,江苏省,
16547,301168.0,通灵股份,2022-12-31,2022.0,1248755751.35,江苏省,
16548,301180.0,万祥科技,2022-12-31,2022.0,1188552331.29,江苏省,
16549,301186.0,超达装备,2022-12-31,2022.0,511259688.49,江苏省,
16550,301187.0,欧圣电气,2022-12-31,2022.0,1283756025.89,江苏省,
16551,301226.0,祥明智能,2022-12-31,2022.0,642680629.21,江苏省,
16552,301258.0,富士莱,2022-12-31,2022.0,568213343.96,江苏省,
16553,301260.0,格力博,2022-12-31,2022.0,5211106394.36,江苏省,
16554,301266.0,宇邦新材,2022-12-31,2022.0,2010833801.88,江苏省,
16555,301278.0,快可电子,2022-12-31,2022.0,1099635320.27,江苏省,
16556,301285.0,鸿日达,2022-12-31,2022.0,593906814.49,江苏省,
16557,301290.0,东星医疗,2022-12-31,2022.0,442097995.94,江苏省,
16558,301386.0,未来电器,2022-12-31,2022.0,477793306.52,江苏省,
16559,301389.0,隆扬电子,2022-12-31,2022.0,376447220.78,江苏省,
16560,430418.0,苏轴股份,2022-12-31,2022.0,563347666.89,江苏省,
16561,600105.0,永鼎股份,2022-12-31,2022.0,4227604437.83,江苏省,
16562,600200.0,江苏吴中,2022-12-31,2022.0,2026232836.21,江苏省,
16563,600268.0,国电南自,2022-12-31,2022.0,7007759657.72,江苏省,
16564,600276.0,恒瑞医药,2022-12-31,2022.0,21275270681.52,江苏省,
16565,600481.0,双良节能,2022-12-31,2022.0,14476358560.67,江苏省,
16566,600487.0,亨通光电,2022-12-31,2022.0,46463983638.92,江苏省,
16567,600513.0,联环药业,2022-12-31,2022.0,1955156781.66,江苏省,
16568,600522.0,中天科技,2022-12-31,2022.0,40270726819.49,江苏省,
16569,600527.0,江南高纤,2022-12-31,2022.0,830965950.79,江苏省,
16570,600557.0,康缘药业,2022-12-31,2022.0,4350871922.31,江苏省,
16571,600562.0,国睿科技,2022-12-31,2022.0,3224906317.03,江苏省,
16572,600584.0,长电科技,2022-12-31,2022.0,33762028449.0,江苏省,
16573,600775.0,南京熊猫,2022-12-31,2022.0,4154295003.26,江苏省,
16574,600854.0,春兰股份,2022-12-31,2022.0,281827121.13,江苏省,
16575,600889.0,南京化纤,2022-12-31,2022.0,519890628.84,江苏省,
16576,600973.0,宝胜股份,2022-12-31,2022.0,41481573645.71,江苏省,
16577,601100.0,恒立液压,2022-12-31,2022.0,8196713892.3,江苏省,
16578,601199.0,江南水务,2022-12-31,2022.0,1268016553.67,江苏省,
16579,601218.0,吉鑫科技,2022-12-31,2022.0,1761775538.65,江苏省,
16580,601222.0,林洋能源,2022-12-31,2022.0,4943938089.68,江苏省,
16581,601388.0,怡球资源,2022-12-31,2022.0,7659813637.79,江苏省,
16582,603005.0,晶方科技,2022-12-31,2022.0,1106070998.7,江苏省,
16583,603016.0,新宏泰,2022-12-31,2022.0,614561983.01,江苏省,
16584,603036.0,如通股份,2022-12-31,2022.0,306933750.77,江苏省,
16585,603042.0,华脉科技,2022-12-31,2022.0,1094183771.93,江苏省,
16586,603052.0,可川科技,2022-12-31,2022.0,905287704.35,江苏省,
16587,603090.0,宏盛股份,2022-12-31,2022.0,714270138.02,江苏省,
16588,603097.0,江苏华辰,2022-12-31,2022.0,1024500199.44,江苏省,
16589,603115.0,海星股份,2022-12-31,2022.0,1765230480.54,江苏省,
16590,603133.0,碳元科技,2022-12-31,2022.0,107134408.56,江苏省,
16591,603185.0,上机数控,2022-12-31,2022.0,21909436577.75,江苏省,
16592,603201.0,常润股份,2022-12-31,2022.0,2762268070.13,江苏省,
16593,603203.0,快克股份,2022-12-31,2022.0,901410736.69,江苏省,
16594,603269.0,海鸥股份,2022-12-31,2022.0,1354187574.03,江苏省,
16595,603283.0,赛腾股份,2022-12-31,2022.0,2929776450.19,江苏省,
16596,603332.0,苏州龙杰,2022-12-31,2022.0,1066207103.64,江苏省,
16597,603339.0,四方科技,2022-12-31,2022.0,2024412445.87,江苏省,
16598,603351.0,威尔药业,2022-12-31,2022.0,1111010682.2,江苏省,
16599,603355.0,莱克电气,2022-12-31,2022.0,8910331461.62,江苏省,
16600,603366.0,日出东方,2022-12-31,2022.0,3897484807.67,江苏省,
16601,603380.0,易德龙,2022-12-31,2022.0,1973281145.89,江苏省,
16602,603387.0,基蛋生物,2022-12-31,2022.0,1821860703.15,江苏省,
16603,603416.0,信捷电气,2022-12-31,2022.0,1335098830.21,江苏省,
16604,603486.0,科沃斯,2022-12-31,2022.0,15324762800.45,江苏省,
16605,603488.0,展鹏科技,2022-12-31,2022.0,499147857.37,江苏省,
16606,603489.0,八方股份,2022-12-31,2022.0,2849963567.86,江苏省,
16607,603507.0,振江股份,2022-12-31,2022.0,2904085485.54,江苏省,
16608,603519.0,立霸股份,2022-12-31,2022.0,1416414418.09,江苏省,
16609,603528.0,多伦科技,2022-12-31,2022.0,739836822.15,江苏省,
16610,603530.0,神马电力,2022-12-31,2022.0,737403161.94,江苏省,
16611,603660.0,苏州科达,2022-12-31,2022.0,1576829087.28,江苏省,
16612,603666.0,亿嘉和,2022-12-31,2022.0,668709497.56,江苏省,
16613,603688.0,石英股份,2022-12-31,2022.0,2004165709.68,江苏省,
16614,603693.0,江苏新能,2022-12-31,2022.0,1971070795.39,江苏省,
16615,603699.0,纽威股份,2022-12-31,2022.0,4059217042.09,江苏省,
16616,603707.0,健友股份,2022-12-31,2022.0,3712720455.0,江苏省,
16617,603800.0,道森股份,2022-12-31,2022.0,2189552898.02,江苏省,
16618,603819.0,神力股份,2022-12-31,2022.0,1469785326.04,江苏省,
16619,603829.0,洛凯股份,2022-12-31,2022.0,1609325602.64,江苏省,
16620,603876.0,鼎胜新材,2022-12-31,2022.0,21605254989.12,江苏省,
16621,603880.0,南卫股份,2022-12-31,2022.0,545369151.61,江苏省,
16622,603890.0,春秋电子,2022-12-31,2022.0,3844671171.07,江苏省,
16623,603912.0,佳力图,2022-12-31,2022.0,624754492.23,江苏省,
16624,603915.0,国茂股份,2022-12-31,2022.0,2696787401.03,江苏省,
16625,603966.0,法兰泰克,2022-12-31,2022.0,1870397520.49,江苏省,
16626,603988.0,中电电机,2022-12-31,2022.0,859944778.55,江苏省,
16627,605058.0,澳弘电子,2022-12-31,2022.0,1126155317.1,江苏省,
16628,605111.0,新洁能,2022-12-31,2022.0,1810946756.88,江苏省,
16629,605218.0,伟时电子,2022-12-31,2022.0,1358734632.16,江苏省,
16630,605258.0,协和电子,2022-12-31,2022.0,687678874.11,江苏省,
16631,605286.0,同力日升,2022-12-31,2022.0,2452369496.54,江苏省,
16632,605288.0,凯迪股份,2022-12-31,2022.0,1171946545.3,江苏省,
16633,605389.0,长龄液压,2022-12-31,2022.0,896353382.35,江苏省,
16634,605588.0,冠石科技,2022-12-31,2022.0,1107763391.22,江苏省,
16635,688001.0,华兴源创,2022-12-31,2022.0,2319985258.3,江苏省,
16636,688003.0,天准科技,2022-12-31,2022.0,1589167432.35,江苏省,
16637,688013.0,天臣医疗,2022-12-31,2022.0,232033135.77,江苏省,
16638,688017.0,绿的谐波,2022-12-31,2022.0,445745352.73,江苏省,
16639,688022.0,瀚川智能,2022-12-31,2022.0,1142804160.14,江苏省,
16640,688029.0,南微医学,2022-12-31,2022.0,1980143475.59,江苏省,
16641,688048.0,长光华芯,2022-12-31,2022.0,385601459.4,江苏省,
16642,688055.0,龙腾光电,2022-12-31,2022.0,4206762025.51,江苏省,
16643,688076.0,诺泰生物,2022-12-31,2022.0,651291707.66,江苏省,
16644,688093.0,世华科技,2022-12-31,2022.0,462294182.65,江苏省,
16645,688096.0,京源环保,2022-12-31,2022.0,514294401.72,江苏省,
16646,688097.0,博众精工,2022-12-31,2022.0,4811508254.06,江苏省,
16647,688103.0,国力股份,2022-12-31,2022.0,700111020.64,江苏省,
16648,688113.0,联测科技,2022-12-31,2022.0,373502264.24,江苏省,
16649,688147.0,微导纳米,2022-12-31,2022.0,684511905.51,江苏省,
16650,688166.0,博瑞医药,2022-12-31,2022.0,1017331488.33,江苏省,
16651,688170.0,德龙激光,2022-12-31,2022.0,568452971.58,江苏省,
16652,688176.0,亚虹医药,2022-12-31,2022.0,26095.32,江苏省,
16653,688182.0,灿勤科技,2022-12-31,2022.0,345184227.36,江苏省,
16654,688192.0,迪哲医药,2022-12-31,2022.0,,江苏省,
16655,688205.0,德科立,2022-12-31,2022.0,714176529.54,江苏省,
16656,688211.0,中科微至,2022-12-31,2022.0,2314895871.41,江苏省,
16657,688218.0,江苏北人,2022-12-31,2022.0,737980095.9,江苏省,
16658,688221.0,前沿生物,2022-12-31,2022.0,84740447.41,江苏省,
16659,688226.0,威腾电气,2022-12-31,2022.0,1636312828.42,江苏省,
16660,688231.0,隆达股份,2022-12-31,2022.0,951596645.17,江苏省,
16661,688257.0,新锐股份,2022-12-31,2022.0,1183730975.04,江苏省,
16662,688260.0,昀冢科技,2022-12-31,2022.0,463062007.76,江苏省,
16663,688261.0,东微半导,2022-12-31,2022.0,1116363474.63,江苏省,
16664,688266.0,泽璟制药,2022-12-31,2022.0,302305057.49,江苏省,
16665,688273.0,麦澜德,2022-12-31,2022.0,376889359.63,江苏省,
16666,688286.0,敏芯股份,2022-12-31,2022.0,292650210.87,江苏省,
16667,688295.0,中复神鹰,2022-12-31,2022.0,1994807849.32,江苏省,
16668,688300.0,联瑞新材,2022-12-31,2022.0,661954238.89,江苏省,
16669,688329.0,艾隆科技,2022-12-31,2022.0,477351671.87,江苏省,
16670,688337.0,普源精电,2022-12-31,2022.0,630571047.37,江苏省,
16671,688358.0,祥生医疗,2022-12-31,2022.0,380843344.13,江苏省,
16672,688371.0,菲沃泰,2022-12-31,2022.0,395559615.62,江苏省,
16673,688375.0,国博电子,2022-12-31,2022.0,3460511093.86,江苏省,
16674,688376.0,美埃科技,2022-12-31,2022.0,1227003277.74,江苏省,
16675,688377.0,迪威尔,2022-12-31,2022.0,982818478.98,江苏省,
16676,688381.0,帝奥微,2022-12-31,2022.0,501593519.52,江苏省,
16677,688390.0,固德威,2022-12-31,2022.0,4710236539.05,江苏省,
16678,688399.0,硕世生物,2022-12-31,2022.0,5534792784.45,江苏省,
16679,688408.0,中信博,2022-12-31,2022.0,3702590892.78,江苏省,
16680,688426.0,康为世纪,2022-12-31,2022.0,521600437.03,江苏省,
16681,688448.0,磁谷科技,2022-12-31,2022.0,344174206.44,江苏省,
16682,688496.0,清越科技,2022-12-31,2022.0,1044193300.16,江苏省,
16683,688503.0,聚和材料,2022-12-31,2022.0,6504210608.17,江苏省,
16684,688515.0,裕太微,2022-12-31,2022.0,402998012.46,江苏省,
16685,688516.0,奥特维,2022-12-31,2022.0,3539647335.03,江苏省,
16686,688533.0,上声电子,2022-12-31,2022.0,1768910834.21,江苏省,
16687,688558.0,国盛智科,2022-12-31,2022.0,1163160761.19,江苏省,
16688,688566.0,吉贝尔,2022-12-31,2022.0,654730646.35,江苏省,
16689,688580.0,伟思医疗,2022-12-31,2022.0,321621418.85,江苏省,
16690,688599.0,天合光能,2022-12-31,2022.0,85051792848.83,江苏省,
16691,688601.0,力芯微,2022-12-31,2022.0,767517180.06,江苏省,
16692,688607.0,康众医疗,2022-12-31,2022.0,204571186.09,江苏省,
16693,688633.0,星球石墨,2022-12-31,2022.0,651234537.34,江苏省,
16694,688656.0,浩欧博,2022-12-31,2022.0,320391835.14,江苏省,
16695,688661.0,和林微纳,2022-12-31,2022.0,288442197.93,江苏省,
16696,688670.0,金迪克,2022-12-31,2022.0,318486074.97,江苏省,
16697,688678.0,福立旺,2022-12-31,2022.0,926843555.26,江苏省,
16698,688689.0,银河微电,2022-12-31,2022.0,675957754.86,江苏省,
16699,688697.0,纽威数控,2022-12-31,2022.0,1845571232.25,江苏省,
16700,688698.0,伟创电气,2022-12-31,2022.0,905990046.9,江苏省,
16701,688700.0,东威科技,2022-12-31,2022.0,1011726965.1,江苏省,
16702,688711.0,宏微科技,2022-12-31,2022.0,926083797.83,江苏省,
16703,688800.0,瑞可达,2022-12-31,2022.0,1625142065.22,江苏省,
16704,830946.0,森萱医药,2022-12-31,2022.0,623593117.91,江苏省,
16705,831641.0,格利尔,2022-12-31,2022.0,721140971.83,江苏省,
16706,832278.0,鹿得医疗,2022-12-31,2022.0,338994316.0,江苏省,
16707,832662.0,方盛股份,2022-12-31,2022.0,352957113.48,江苏省,
16708,832735.0,德源药业,2022-12-31,2022.0,635047016.37,江苏省,
16709,832802.0,保丽洁,2022-12-31,2022.0,182049954.1,江苏省,
16710,833509.0,同惠电子,2022-12-31,2022.0,190469146.0,江苏省,
16711,833914.0,远航精密,2022-12-31,2022.0,905612245.35,江苏省,
16712,834014.0,特瑞斯,2022-12-31,2022.0,656673940.85,江苏省,
16713,834950.0,迅安科技,2022-12-31,2022.0,181239961.39,江苏省,
16714,836149.0,旭杰科技,2022-12-31,2022.0,344468513.22,江苏省,
16715,837046.0,亿能电力,2022-12-31,2022.0,200750757.45,江苏省,
16716,839167.0,同享科技,2022-12-31,2022.0,1247047167.45,江苏省,
16717,870299.0,灿能电力,2022-12-31,2022.0,97859985.15,江苏省,
16718,871245.0,威博液压,2022-12-31,2022.0,297539353.02,江苏省,
16719,871396.0,常辅股份,2022-12-31,2022.0,207538723.75,江苏省,
16720,873339.0,恒太照明,2022-12-31,2022.0,649859542.71,江苏省,
16721,873593.0,鼎智科技,2022-12-31,2022.0,318474819.71,江苏省,
16722,,,,,1290494025283.42,江苏省 汇总,
16723,404.0,长虹华意,2022-12-31,2022.0,13095484579.32,江西省,
16724,650.0,仁和药业,2022-12-31,2022.0,5153215069.28,江西省,
16725,789.0,万年青,2022-12-31,2022.0,11281628119.23,江西省,
16726,899.0,赣能股份,2022-12-31,2022.0,4142749765.83,江西省,
16727,1223.0,欧克科技,2022-12-31,2022.0,516902632.16,江西省,
16728,2176.0,江特电机,2022-12-31,2022.0,6571901829.98,江西省,
16729,2378.0,章源钨业,2022-12-31,2022.0,3203373048.0,江西省,
16730,2460.0,赣锋锂业,2022-12-31,2022.0,41822508877.5,江西省,
16731,300066.0,三川智慧,2022-12-31,2022.0,1331679724.58,江西省,
16732,300095.0,华伍股份,2022-12-31,2022.0,1446243698.7,江西省,
16733,300294.0,博雅生物,2022-12-31,2022.0,2758701315.1,江西省,
16734,300453.0,三鑫医疗,2022-12-31,2022.0,1336002647.93,江西省,
16735,300497.0,富祥药业,2022-12-31,2022.0,1647263426.9,江西省,
16736,300636.0,同和药业,2022-12-31,2022.0,719908426.87,江西省,
16737,300748.0,金力永磁,2022-12-31,2022.0,7165186899.53,江西省,
16738,300787.0,海能实业,2022-12-31,2022.0,2385940927.15,江西省,
16739,300818.0,耐普矿机,2022-12-31,2022.0,748526118.81,江西省,
16740,301083.0,百胜智能,2022-12-31,2022.0,407203710.33,江西省,
16741,301132.0,满坤科技,2022-12-31,2022.0,1041826455.01,江西省,
16742,301176.0,逸豪新材,2022-12-31,2022.0,1334709512.9,江西省,
16743,301219.0,腾远钴业,2022-12-31,2022.0,4800846632.27,江西省,
16744,600071.0,凤凰光学,2022-12-31,2022.0,1864735253.44,江西省,
16745,600362.0,江西铜业,2022-12-31,2022.0,479938045193.0,江西省,
16746,600363.0,联创光电,2022-12-31,2022.0,3313710218.54,江西省,
16747,600461.0,洪城环境,2022-12-31,2022.0,7776098585.86,江西省,
16748,600590.0,泰豪科技,2022-12-31,2022.0,6190555977.61,江西省,
16749,600750.0,江中药业,2022-12-31,2022.0,3811641510.59,江西省,
16750,601778.0,晶科科技,2022-12-31,2022.0,3196486585.35,江西省,
16751,603773.0,沃格光电,2022-12-31,2022.0,1398681082.76,江西省,
16752,605090.0,九丰能源,2022-12-31,2022.0,23953640233.96,江西省,
16753,688223.0,晶科能源,2022-12-31,2022.0,82676076089.67,江西省,
16754,688567.0,孚能科技,2022-12-31,2022.0,11588096737.96,江西省,
16755,873167.0,新赣江,2022-12-31,2022.0,211150421.69,江西省,
16756,,,,,738830721307.81,江西省 汇总,
16757,688235.0,百济神州,2022-12-31,2022.0,9566409000.0,开曼群岛,
16758,688396.0,华润微,2022-12-31,2022.0,10060129516.04,开曼群岛,
16759,688428.0,诺诚健华,2022-12-31,2022.0,625404169.95,开曼群岛,
16760,688728.0,格科微,2022-12-31,2022.0,5943796651.0,开曼群岛,
16761,688981.0,中芯国际,2022-12-31,2022.0,49516084000.0,开曼群岛,
16762,689009.0,九号公司,2022-12-31,2022.0,10124318048.95,开曼群岛,
16763,,,,,85836141385.94,开曼群岛 汇总,
16764,410.0,*ST 沈机,2022-12-31,2022.0,1670288166.21,辽宁省,
16765,530.0,冰山冷热,2022-12-31,2022.0,2893085310.29,辽宁省,
16766,597.0,东北制药,2022-12-31,2022.0,8808942628.82,辽宁省,
16767,633.0,合金投资,2022-12-31,2022.0,229320855.55,辽宁省,
16768,692.0,惠天热电,2022-12-31,2022.0,1996291487.63,辽宁省,
16769,751.0,锌业股份,2022-12-31,2022.0,18656965864.02,辽宁省,
16770,2204.0,大连重工,2022-12-31,2022.0,10357374682.06,辽宁省,
16771,2231.0,奥维通信,2022-12-31,2022.0,190619658.13,辽宁省,
16772,2606.0,大连电瓷,2022-12-31,2022.0,1206022248.07,辽宁省,
16773,2667.0,鞍重股份,2022-12-31,2022.0,1185946801.48,辽宁省,
16774,2689.0,远大智能,2022-12-31,2022.0,988244162.39,辽宁省,
16775,2952.0,亚世光电,2022-12-31,2022.0,884681102.68,辽宁省,
16776,200706.0,瓦轴B,2022-12-31,2022.0,2348330561.57,辽宁省,
16777,300024.0,机器人,2022-12-31,2022.0,3575745577.42,辽宁省,
16778,300097.0,智云股份,2022-12-31,2022.0,390507896.9,辽宁省,
16779,300125.0,聆达股份,2022-12-31,2022.0,1597551813.25,辽宁省,
16780,300210.0,森远股份,2022-12-31,2022.0,203949044.55,辽宁省,
16781,300293.0,蓝英装备,2022-12-31,2022.0,1263435196.0,辽宁省,
16782,300473.0,德尔股份,2022-12-31,2022.0,4035389734.42,辽宁省,
16783,300573.0,兴齐眼药,2022-12-31,2022.0,1249855370.83,辽宁省,
16784,600167.0,联美控股,2022-12-31,2022.0,3450347246.45,辽宁省,
16785,600241.0,ST 时万,2022-12-31,2022.0,936091906.6,辽宁省,
16786,600346.0,恒力石化,2022-12-31,2022.0,222323583969.88,辽宁省,
16787,600396.0,金山股份,2022-12-31,2022.0,7129130027.62,辽宁省,
16788,600719.0,ST 热电,2022-12-31,2022.0,806964342.78,辽宁省,
16789,600795.0,国电电力,2022-12-31,2022.0,192680636477.15,辽宁省,
16790,603315.0,福鞍股份,2022-12-31,2022.0,1053914655.79,辽宁省,
16791,603318.0,水发燃气,2022-12-31,2022.0,3425603253.74,辽宁省,
16792,603396.0,金辰股份,2022-12-31,2022.0,1951696239.1,辽宁省,
16793,603399.0,吉翔股份,2022-12-31,2022.0,7060730968.45,辽宁省,
16794,688037.0,芯源微,2022-12-31,2022.0,1384867131.46,辽宁省,
16795,688072.0,拓荆科技,2022-12-31,2022.0,1705562723.82,辽宁省,
16796,688233.0,神工股份,2022-12-31,2022.0,539236503.68,辽宁省,
16797,688305.0,科德数控,2022-12-31,2022.0,315441224.14,辽宁省,
16798,688409.0,富创精密,2022-12-31,2022.0,1544463324.83,辽宁省,
16799,688529.0,豪森股份,2022-12-31,2022.0,1566778677.81,辽宁省,
16800,688739.0,成大生物,2022-12-31,2022.0,1814998630.37,辽宁省,
16801,835368.0,连城数控,2022-12-31,2022.0,3772247956.42,辽宁省,
16802,838810.0,春光药装,2022-12-31,2022.0,216082516.98,辽宁省,
16803,839792.0,东和新材,2022-12-31,2022.0,679578474.08,辽宁省,
16804,,,,,518090504413.42,辽宁省 汇总,
16805,2688.0,金河生物,2022-12-31,2022.0,2122705317.42,内蒙古自治区,
16806,300049.0,福瑞股份,2022-12-31,2022.0,1008765862.03,内蒙古自治区,
16807,300239.0,东宝生物,2022-12-31,2022.0,943396998.69,内蒙古自治区,
16808,600111.0,北方稀土,2022-12-31,2022.0,37260035781.21,内蒙古自治区,
16809,600201.0,生物股份,2022-12-31,2022.0,1528669256.29,内蒙古自治区,
16810,600262.0,北方股份,2022-12-31,2022.0,2234939738.93,内蒙古自治区,
16811,600863.0,内蒙华电,2022-12-31,2022.0,23065583790.67,内蒙古自治区,
16812,836433.0,大唐药业,2022-12-31,2022.0,157678436.36,内蒙古自治区,
16813,,,,,68321775181.6,内蒙古自治区 汇总,
16814,595.0,宝塔实业,2022-12-31,2022.0,250413072.18,宁夏回族自治区,
16815,862.0,银星能源,2022-12-31,2022.0,1163331427.54,宁夏回族自治区,
16816,962.0,东方钽业,2022-12-31,2022.0,986217488.92,宁夏回族自治区,
16817,2457.0,青龙管业,2022-12-31,2022.0,2572230249.77,宁夏回族自治区,
16818,600449.0,宁夏建材,2022-12-31,2022.0,8657625048.95,宁夏回族自治区,
16819,601619.0,嘉泽新能,2022-12-31,2022.0,1840967807.34,宁夏回族自治区,
16820,831010.0,凯添燃气,2022-12-31,2022.0,452231550.75,宁夏回族自治区,
16821,,,,,15923016645.45,宁夏回族自治区 汇总,
16822,600243.0,青海华鼎,2022-12-31,2022.0,535110722.61,青海省,
16823,600771.0,广誉远,2022-12-31,2022.0,1130720559.04,青海省,
16824,600869.0,远东股份,2022-12-31,2022.0,21679650109.19,青海省,
16825,,,,,23345481390.84,青海省 汇总,
16826,407.0,胜利股份,2022-12-31,2022.0,4645247339.6,山东省,
16827,423.0,东阿阿胶,2022-12-31,2022.0,4041818347.54,山东省,
16828,677.0,恒天海龙,2022-12-31,2022.0,990957786.1,山东省,
16829,680.0,山推股份,2022-12-31,2022.0,9997834858.99,山东省,
16830,739.0,普洛药业,2022-12-31,2022.0,10544905377.17,山东省,
16831,756.0,新华制药,2022-12-31,2022.0,7502987102.09,山东省,
16832,811.0,冰轮环境,2022-12-31,2022.0,6101671875.2,山东省,
16833,880.0,潍柴重机,2022-12-31,2022.0,3454515842.18,山东省,
16834,915.0,华特达因,2022-12-31,2022.0,2341075595.24,山东省,
16835,977.0,浪潮信息,2022-12-31,2022.0,69525458182.69,山东省,
16836,1331.0,胜通能源,2022-12-31,2022.0,5157097222.63,山东省,
16837,2073.0,软控股份,2022-12-31,2022.0,5735914957.58,山东省,
16838,2088.0,鲁阳节能,2022-12-31,2022.0,3369982305.83,山东省,
16839,2107.0,沃华医药,2022-12-31,2022.0,1014818455.5,山东省,
16840,2111.0,威海广泰,2022-12-31,2022.0,2345896253.67,山东省,
16841,2217.0,合力泰,2022-12-31,2022.0,11908259080.03,山东省,
16842,2237.0,恒邦股份,2022-12-31,2022.0,50046776776.14,山东省,
16843,2241.0,歌尔股份,2022-12-31,2022.0,104894324162.26,山东省,
16844,2242.0,九阳股份,2022-12-31,2022.0,10176687797.39,山东省,
16845,2248.0,华东数控,2022-12-31,2022.0,254462854.25,山东省,
16846,2254.0,泰和新材,2022-12-31,2022.0,3750126957.02,山东省,
16847,2270.0,华明装备,2022-12-31,2022.0,1711666893.44,山东省,
16848,2339.0,积成电子,2022-12-31,2022.0,2199111876.3,山东省,
16849,2353.0,杰瑞股份,2022-12-31,2022.0,11409012145.44,山东省,
16850,2376.0,新北洋,2022-12-31,2022.0,2276524176.61,山东省,
16851,2379.0,宏创控股,2022-12-31,2022.0,3529269914.24,山东省,
16852,2382.0,蓝帆医疗,2022-12-31,2022.0,4900477569.52,山东省,
16853,2490.0,山东墨龙,2022-12-31,2022.0,2765645281.4,山东省,
16854,2498.0,汉缆股份,2022-12-31,2022.0,9841933301.7,山东省,
16855,2526.0,山东矿机,2022-12-31,2022.0,2404998437.46,山东省,
16856,2537.0,海联金汇,2022-12-31,2022.0,7844387828.97,山东省,
16857,2580.0,圣阳股份,2022-12-31,2022.0,2796260106.0,山东省,
16858,2581.0,未名医药,2022-12-31,2022.0,357080537.01,山东省,
16859,2595.0,豪迈科技,2022-12-31,2022.0,6642229912.47,山东省,
16860,2598.0,山东章鼓,2022-12-31,2022.0,1874736573.28,山东省,
16861,2655.0,共达电声,2022-12-31,2022.0,963125081.37,山东省,
16862,2671.0,龙泉股份,2022-12-31,2022.0,996503245.11,山东省,
16863,2675.0,东诚药业,2022-12-31,2022.0,3582955427.13,山东省,
16864,2871.0,伟隆股份,2022-12-31,2022.0,540141645.64,山东省,
16865,2890.0,弘宇股份,2022-12-31,2022.0,397574973.47,山东省,
16866,3033.0,征和工业,2022-12-31,2022.0,1606918440.36,山东省,
16867,300001.0,特锐德,2022-12-31,2022.0,11629637610.99,山东省,
16868,300099.0,精准信息,2022-12-31,2022.0,761528770.39,山东省,
16869,300105.0,龙源技术,2022-12-31,2022.0,732725079.27,山东省,
16870,300110.0,华仁药业,2022-12-31,2022.0,1619492335.02,山东省,
16871,300185.0,通裕重工,2022-12-31,2022.0,5912890720.74,山东省,
16872,300208.0,青岛中程,2022-12-31,2022.0,832104290.44,山东省,
16873,300224.0,正海磁材,2022-12-31,2022.0,6319016812.75,山东省,
16874,300233.0,金城医药,2022-12-31,2022.0,3505716962.18,山东省,
16875,300308.0,中际旭创,2022-12-31,2022.0,9641794766.08,山东省,
16876,300391.0,康跃科技,2022-12-31,2022.0,1615322934.59,山东省,
16877,300423.0,昇辉科技,2022-12-31,2022.0,2146531861.93,山东省,
16878,300443.0,金雷股份,2022-12-31,2022.0,1811581729.72,山东省,
16879,300479.0,神思电子,2022-12-31,2022.0,379626623.69,山东省,
16880,300569.0,天能重工,2022-12-31,2022.0,4182765865.8,山东省,
16881,300583.0,赛托生物,2022-12-31,2022.0,1312111843.45,山东省,
16882,300653.0,正海生物,2022-12-31,2022.0,433224730.58,山东省,
16883,300690.0,双一科技,2022-12-31,2022.0,1031336944.03,山东省,
16884,300699.0,光威复材,2022-12-31,2022.0,2511109454.94,山东省,
16885,300786.0,国林科技,2022-12-31,2022.0,292629410.03,山东省,
16886,300950.0,德固特,2022-12-31,2022.0,323527405.18,山东省,
16887,301020.0,密封科技,2022-12-31,2022.0,404289611.71,山东省,
16888,301022.0,海泰科,2022-12-31,2022.0,500318854.64,山东省,
16889,301158.0,德石股份,2022-12-31,2022.0,492281964.65,山东省,
16890,301188.0,力诺特玻,2022-12-31,2022.0,822021882.39,山东省,
16891,301199.0,迈赫股份,2022-12-31,2022.0,702396128.52,山东省,
16892,301281.0,科源制药,2022-12-31,2022.0,442865098.55,山东省,
16893,301439.0,泓淋电力,2022-12-31,2022.0,2289063884.33,山东省,
16894,430476.0,海能技术,2022-12-31,2022.0,287368494.44,山东省,
16895,600027.0,华电国际,2022-12-31,2022.0,107058536000.0,山东省,
16896,600060.0,海信视像,2022-12-31,2022.0,45738124020.03,山东省,
16897,600219.0,南山铝业,2022-12-31,2022.0,34951222450.58,山东省,
16898,600336.0,澳柯玛,2022-12-31,2022.0,9566750447.9,山东省,
16899,600529.0,山东药玻,2022-12-31,2022.0,4187279279.75,山东省,
16900,600579.0,克劳斯,2022-12-31,2022.0,10429592628.73,山东省,
16901,600586.0,金晶科技,2022-12-31,2022.0,7458564494.14,山东省,
16902,600587.0,新华医疗,2022-12-31,2022.0,9281768657.18,山东省,
16903,600690.0,海尔智家,2022-12-31,2022.0,243513563670.73,山东省,
16904,600789.0,鲁抗医药,2022-12-31,2022.0,5621441903.66,山东省,
16905,600898.0,国美通讯,2022-12-31,2022.0,107946323.84,山东省,
16906,603021.0,山东华鹏,2022-12-31,2022.0,782242073.35,山东省,
16907,603029.0,天鹅股份,2022-12-31,2022.0,647262635.79,山东省,
16908,603187.0,海容冷链,2022-12-31,2022.0,2904636400.18,山东省,
16909,603279.0,景津装备,2022-12-31,2022.0,5682141446.75,山东省,
16910,603367.0,辰欣药业,2022-12-31,2022.0,4066088448.57,山东省,
16911,603612.0,索通发展,2022-12-31,2022.0,19400585856.64,山东省,
16912,603638.0,艾迪精密,2022-12-31,2022.0,2024993187.91,山东省,
16913,603858.0,步长制药,2022-12-31,2022.0,14951252694.46,山东省,
16914,605006.0,山东玻纤,2022-12-31,2022.0,2781347988.34,山东省,
16915,605100.0,华丰股份,2022-12-31,2022.0,744781553.97,山东省,
16916,688002.0,睿创微纳,2022-12-31,2022.0,2645887796.06,山东省,
16917,688021.0,奥福环保,2022-12-31,2022.0,203771847.21,山东省,
16918,688035.0,德邦科技,2022-12-31,2022.0,928520323.32,山东省,
16919,688136.0,科兴制药,2022-12-31,2022.0,1315875590.34,山东省,
16920,688139.0,海尔生物,2022-12-31,2022.0,2864044617.29,山东省,
16921,688161.0,威高骨科,2022-12-31,2022.0,1848116496.02,山东省,
16922,688234.0,天岳先进,2022-12-31,2022.0,417034531.58,山东省,
16923,688309.0,*ST 恒誉,2022-12-31,2022.0,165303377.32,山东省,
16924,688331.0,荣昌生物,2022-12-31,2022.0,772108903.09,山东省,
16925,688363.0,华熙生物,2022-12-31,2022.0,6359191975.49,山东省,
16926,688455.0,科捷智能,2022-12-31,2022.0,1669396975.78,山东省,
16927,688501.0,青达环保,2022-12-31,2022.0,762155555.06,山东省,
16928,688556.0,高测股份,2022-12-31,2022.0,3570559499.71,山东省,
16929,688557.0,兰剑智能,2022-12-31,2022.0,915446271.78,山东省,
16930,688663.0,新风光,2022-12-31,2022.0,1303261997.29,山东省,
16931,688677.0,海泰新光,2022-12-31,2022.0,476821312.39,山东省,
16932,688681.0,科汇股份,2022-12-31,2022.0,310047817.27,山东省,
16933,830839.0,万通液压,2022-12-31,2022.0,504722942.58,山东省,
16934,831278.0,泰德股份,2022-12-31,2022.0,256159254.99,山东省,
16935,831689.0,克莱特,2022-12-31,2022.0,421877507.71,山东省,
16936,837212.0,智新电子,2022-12-31,2022.0,433875135.86,山东省,
16937,872190.0,雷神科技,2022-12-31,2022.0,2415378602.83,山东省,
16938,,,,,1011836335060.52,山东省 汇总,
16939,403.0,派林生物,2022-12-31,2022.0,2405188425.37,山西省,
16940,767.0,晋控电力,2022-12-31,2022.0,20219748627.31,山西省,
16941,795.0,英洛华,2022-12-31,2022.0,4732204938.46,山西省,
16942,831.0,中国稀土,2022-12-31,2022.0,3785959969.27,山西省,
16943,300158.0,振东制药,2022-12-31,2022.0,3728555341.19,山西省,
16944,300254.0,仟源医药,2022-12-31,2022.0,828997054.54,山西省,
16945,300486.0,东杰智能,2022-12-31,2022.0,1143280025.12,山西省,
16946,600157.0,永泰能源,2022-12-31,2022.0,35555650027.5,山西省,
16947,600169.0,太原重工,2022-12-31,2022.0,8039613648.63,山西省,
16948,600234.0,科新发展,2022-12-31,2022.0,119466404.56,山西省,
16949,600281.0,华阳新材,2022-12-31,2022.0,327906875.7,山西省,
16950,600351.0,亚宝药业,2022-12-31,2022.0,2718134785.52,山西省,
16951,600392.0,盛和资源,2022-12-31,2022.0,16757927013.46,山西省,
16952,600780.0,通宝能源,2022-12-31,2022.0,11118451124.2,山西省,
16953,,,,,111481084260.83,山西省 汇总,
16954,561.0,烽火电子,2022-12-31,2022.0,1600015742.95,陕西省,
16955,837.0,秦川机床,2022-12-31,2022.0,4101091393.03,陕西省,
16956,1299.0,美能能源,2022-12-31,2022.0,549897584.35,陕西省,
16957,2149.0,西部材料,2022-12-31,2022.0,2941303117.66,陕西省,
16958,2267.0,陕天然气,2022-12-31,2022.0,8505667254.6,陕西省,
16959,2864.0,盘龙药业,2022-12-31,2022.0,974293135.49,陕西省,
16960,300114.0,中航电测,2022-12-31,2022.0,1905000855.86,陕西省,
16961,300116.0,保力新,2022-12-31,2022.0,191370958.14,陕西省,
16962,300140.0,中环装备,2022-12-31,2022.0,848383585.67,陕西省,
16963,300397.0,天和防务,2022-12-31,2022.0,501828962.48,陕西省,
16964,300581.0,晨曦航空,2022-12-31,2022.0,233082333.16,陕西省,
16965,300831.0,派瑞股份,2022-12-31,2022.0,175790774.77,陕西省,
16966,300861.0,美畅股份,2022-12-31,2022.0,3658245441.43,陕西省,
16967,301031.0,中熔电气,2022-12-31,2022.0,754599658.67,陕西省,
16968,600080.0,金花股份,2022-12-31,2022.0,579374501.21,陕西省,
16969,600302.0,标准股份,2022-12-31,2022.0,1050779931.05,陕西省,
16970,600343.0,航天动力,2022-12-31,2022.0,1275280575.64,陕西省,
16971,600379.0,宝光股份,2022-12-31,2022.0,1228549521.61,陕西省,
16972,600456.0,宝钛股份,2022-12-31,2022.0,6634631944.44,陕西省,
16973,600707.0,彩虹股份,2022-12-31,2022.0,8966952832.34,陕西省,
16974,600817.0,宇通重工,2022-12-31,2022.0,3585280705.43,陕西省,
16975,600984.0,建设机械,2022-12-31,2022.0,3887667784.22,陕西省,
16976,601012.0,隆基绿能,2022-12-31,2022.0,128998111551.18,陕西省,
16977,601179.0,中国西电,2022-12-31,2022.0,18006491826.52,陕西省,
16978,601369.0,陕鼓动力,2022-12-31,2022.0,10766047048.52,陕西省,
16979,603139.0,康惠制药,2022-12-31,2022.0,491511206.02,陕西省,
16980,688101.0,三达膜,2022-12-31,2022.0,1259160685.98,陕西省,
16981,688102.0,斯瑞新材,2022-12-31,2022.0,993605178.0,陕西省,
16982,688122.0,西部超导,2022-12-31,2022.0,4227178114.82,陕西省,
16983,688150.0,莱特光电,2022-12-31,2022.0,280298282.75,陕西省,
16984,688167.0,炬光科技,2022-12-31,2022.0,551860209.97,陕西省,
16985,688314.0,康拓医疗,2022-12-31,2022.0,239948744.59,陕西省,
16986,688333.0,铂力特,2022-12-31,2022.0,918078592.81,陕西省,
16987,688498.0,源杰科技,2022-12-31,2022.0,282905278.42,陕西省,
16988,834599.0,同力股份,2022-12-31,2022.0,5201569347.86,陕西省,
16989,835640.0,富士达,2022-12-31,2022.0,808483650.87,陕西省,
16990,,,,,227174338312.51,陕西省 汇总,
16991,1266.0,宏英智能,2022-12-31,2022.0,407254352.88,上海市,
16992,2022.0,*ST 科华,2022-12-31,2022.0,6969862627.72,上海市,
16993,2028.0,思源电气,2022-12-31,2022.0,10537097608.15,上海市,
16994,2058.0,威尔泰,2022-12-31,2022.0,147650052.16,上海市,
16995,2158.0,汉钟精机,2022-12-31,2022.0,3265733947.41,上海市,
16996,2162.0,悦心健康,2022-12-31,2022.0,1162627690.56,上海市,
16997,2184.0,海得控制,2022-12-31,2022.0,2705644253.55,上海市,
16998,2252.0,上海莱士,2022-12-31,2022.0,6567198581.04,上海市,
16999,2278.0,神开股份,2022-12-31,2022.0,603959923.32,上海市,
17000,2346.0,柘中股份,2022-12-31,2022.0,725613038.84,上海市,
17001,2451.0,摩恩电气,2022-12-31,2022.0,1078487200.37,上海市,
17002,2506.0,协鑫集成,2022-12-31,2022.0,8353609212.24,上海市,
17003,2527.0,新时达,2022-12-31,2022.0,3097296044.04,上海市,
17004,2636.0,金安国纪,2022-12-31,2022.0,3760398832.95,上海市,
17005,2706.0,良信股份,2022-12-31,2022.0,4157068010.2,上海市,
17006,300039.0,上海凯宝,2022-12-31,2022.0,1118850525.24,上海市,
17007,300126.0,锐奇股份,2022-12-31,2022.0,434704626.42,上海市,
17008,300129.0,泰胜风能,2022-12-31,2022.0,3126689952.42,上海市,
17009,300153.0,科泰电源,2022-12-31,2022.0,875203677.91,上海市,
17010,300171.0,东富龙,2022-12-31,2022.0,5469426362.12,上海市,
17011,300222.0,科大智能,2022-12-31,2022.0,3332323508.26,上海市,
17012,300272.0,开能健康,2022-12-31,2022.0,1660642447.43,上海市,
17013,300286.0,安科瑞,2022-12-31,2022.0,1018584921.58,上海市,
17014,300326.0,凯利泰,2022-12-31,2022.0,1166042082.06,上海市,
17015,300327.0,中颖电子,2022-12-31,2022.0,1601894105.25,上海市,
17016,300442.0,润泽科技,2022-12-31,2022.0,2714740688.79,上海市,
17017,300462.0,华铭智能,2022-12-31,2022.0,623821520.23,上海市,
17018,300501.0,海顺新材,2022-12-31,2022.0,1012601235.55,上海市,
17019,300551.0,古鳌科技,2022-12-31,2022.0,525335882.18,上海市,
17020,300590.0,移为通信,2022-12-31,2022.0,1002223028.81,上海市,
17021,300627.0,华测导航,2022-12-31,2022.0,2236246839.7,上海市,
17022,300642.0,透景生命,2022-12-31,2022.0,715970892.34,上海市,
17023,300762.0,上海瀚讯,2022-12-31,2022.0,400611149.21,上海市,
17024,300802.0,矩子科技,2022-12-31,2022.0,683546993.15,上海市,
17025,300963.0,中洲特材,2022-12-31,2022.0,872391960.05,上海市,
17026,301070.0,开勒股份,2022-12-31,2022.0,303935858.45,上海市,
17027,301151.0,冠龙节能,2022-12-31,2022.0,933341911.74,上海市,
17028,301273.0,瑞晨环保,2022-12-31,2022.0,438636236.71,上海市,
17029,301303.0,真兰仪表,2022-12-31,2022.0,1191078202.46,上海市,
17030,301419.0,阿莱德,2022-12-31,2022.0,398489402.15,上海市,
17031,430139.0,华岭股份,2022-12-31,2022.0,275493855.32,上海市,
17032,430300.0,辰光医疗,2022-12-31,2022.0,187808941.18,上海市,
17033,600021.0,上海电力,2022-12-31,2022.0,39161111394.31,上海市,
17034,600151.0,航天机电,2022-12-31,2022.0,8804463802.82,上海市,
17035,600171.0,上海贝岭,2022-12-31,2022.0,2044266388.63,上海市,
17036,600196.0,复星医药,2022-12-31,2022.0,43951546895.23,上海市,
17037,600320.0,振华重工,2022-12-31,2022.0,30191792987.0,上海市,
17038,600420.0,国药现代,2022-12-31,2022.0,12959320533.56,上海市,
17039,600490.0,鹏欣资源,2022-12-31,2022.0,8352284602.4,上海市,
17040,600530.0,交大昂立,2022-12-31,2022.0,377150264.8,上海市,
17041,600601.0,*ST 方科,2022-12-31,2022.0,4888692765.57,上海市,
17042,600613.0,神奇制药,2022-12-31,2022.0,2388617677.74,上海市,
17043,600617.0,国新能源,2022-12-31,2022.0,15438112226.85,上海市,
17044,600619.0,海立股份,2022-12-31,2022.0,16502831497.44,上海市,
17045,600624.0,复旦复华,2022-12-31,2022.0,789005422.13,上海市,
17046,600635.0,大众公用,2022-12-31,2022.0,5768494326.6,上海市,
17047,600642.0,申能股份,2022-12-31,2022.0,28193118547.05,上海市,
17048,600651.0,飞乐音响,2022-12-31,2022.0,3333943724.41,上海市,
17049,600732.0,爱旭股份,2022-12-31,2022.0,35074957100.06,上海市,
17050,600781.0,*ST 辅仁,2022-12-31,2022.0,1468671640.72,上海市,
17051,600819.0,耀皮玻璃,2022-12-31,2022.0,4756046534.58,上海市,
17052,600835.0,上海机电,2022-12-31,2022.0,23569528884.33,上海市,
17053,600841.0,动力新科,2022-12-31,2022.0,9929033997.87,上海市,
17054,600843.0,上工申贝,2022-12-31,2022.0,3329003911.87,上海市,
17055,600851.0,海欣股份,2022-12-31,2022.0,1440090739.79,上海市,
17056,601231.0,环旭电子,2022-12-31,2022.0,68516075963.26,上海市,
17057,601616.0,广电电气,2022-12-31,2022.0,983807818.72,上海市,
17058,601702.0,华峰铝业,2022-12-31,2022.0,8544766680.1,上海市,
17059,601727.0,上海电气,2022-12-31,2022.0,116985807000.0,上海市,
17060,603012.0,创力集团,2022-12-31,2022.0,2607911132.7,上海市,
17061,603068.0,博通集成,2022-12-31,2022.0,713221412.08,上海市,
17062,603083.0,剑桥科技,2022-12-31,2022.0,3785610475.69,上海市,
17063,603131.0,上海沪工,2022-12-31,2022.0,991515159.38,上海市,
17064,603159.0,上海亚虹,2022-12-31,2022.0,597692700.33,上海市,
17065,603236.0,移远通信,2022-12-31,2022.0,14230246484.07,上海市,
17066,603256.0,宏和科技,2022-12-31,2022.0,612096847.19,上海市,
17067,603324.0,盛剑环境,2022-12-31,2022.0,1328476823.18,上海市,
17068,603496.0,恒为科技,2022-12-31,2022.0,770528339.76,上海市,
17069,603501.0,韦尔股份,2022-12-31,2022.0,20078179456.15,上海市,
17070,603515.0,欧普照明,2022-12-31,2022.0,7269976498.0,上海市,
17071,603579.0,荣泰健康,2022-12-31,2022.0,2004820679.61,上海市,
17072,603633.0,徕木股份,2022-12-31,2022.0,930622145.84,上海市,
17073,603659.0,璞泰来,2022-12-31,2022.0,15463905959.37,上海市,
17074,603690.0,至纯科技,2022-12-31,2022.0,3049525265.51,上海市,
17075,603718.0,海利生物,2022-12-31,2022.0,299991674.85,上海市,
17076,603728.0,鸣志电器,2022-12-31,2022.0,2959962383.9,上海市,
17077,603855.0,华荣股份,2022-12-31,2022.0,3042926181.75,上海市,
17078,603868.0,飞科电器,2022-12-31,2022.0,4627133751.96,上海市,
17079,603895.0,天永智能,2022-12-31,2022.0,578243919.89,上海市,
17080,603956.0,威派格,2022-12-31,2022.0,1056874615.39,上海市,
17081,603960.0,克来机电,2022-12-31,2022.0,677275697.65,上海市,
17082,603987.0,康德莱,2022-12-31,2022.0,3118831795.62,上海市,
17083,605186.0,健麾信息,2022-12-31,2022.0,322359785.92,上海市,
17084,605208.0,永茂泰,2022-12-31,2022.0,3533960816.2,上海市,
17085,605222.0,起帆电缆,2022-12-31,2022.0,20644197071.7,上海市,
17086,688008.0,澜起科技,2022-12-31,2022.0,3672258476.69,上海市,
17087,688012.0,中微公司,2022-12-31,2022.0,4739830997.55,上海市,
17088,688016.0,心脉医疗,2022-12-31,2022.0,896500382.3,上海市,
17089,688019.0,安集科技,2022-12-31,2022.0,1076787316.1,上海市,
17090,688061.0,灿瑞科技,2022-12-31,2022.0,593201183.14,上海市,
17091,688062.0,迈威生物,2022-12-31,2022.0,27728179.2,上海市,
17092,688063.0,派能科技,2022-12-31,2022.0,6013174798.45,上海市,
17093,688065.0,凯赛生物,2022-12-31,2022.0,2441103971.54,上海市,
17094,688071.0,华依科技,2022-12-31,2022.0,336799572.35,上海市,
17095,688082.0,盛美上海,2022-12-31,2022.0,2873045516.26,上海市,
17096,688085.0,三友医疗,2022-12-31,2022.0,649152314.95,上海市,
17097,688091.0,上海谊众,2022-12-31,2022.0,235957004.22,上海市,
17098,688098.0,申联生物,2022-12-31,2022.0,328594513.42,上海市,
17099,688107.0,安路科技,2022-12-31,2022.0,1042009217.72,上海市,
17100,688110.0,东芯股份,2022-12-31,2022.0,1146000876.64,上海市,
17101,688121.0,卓然股份,2022-12-31,2022.0,2935720317.83,上海市,
17102,688123.0,聚辰股份,2022-12-31,2022.0,980432751.8,上海市,
17103,688126.0,沪硅产业,2022-12-31,2022.0,3600360962.74,上海市,
17104,688155.0,先惠技术,2022-12-31,2022.0,1805155629.73,上海市,
17105,688160.0,步科股份,2022-12-31,2022.0,539306528.56,上海市,
17106,688163.0,赛伦生物,2022-12-31,2022.0,174221005.91,上海市,
17107,688180.0,君实生物,2022-12-31,2022.0,1453492709.83,上海市,
17108,688193.0,仁度生物,2022-12-31,2022.0,303848685.6,上海市,
17109,688212.0,澳华内镜,2022-12-31,2022.0,445258964.58,上海市,
17110,688213.0,思特威,2022-12-31,2022.0,2482987309.22,上海市,
17111,688217.0,睿昂基因,2022-12-31,2022.0,424298139.43,上海市,
17112,688220.0,翱捷科技,2022-12-31,2022.0,2140199744.64,上海市,
17113,688230.0,芯导科技,2022-12-31,2022.0,336147850.09,上海市,
17114,688247.0,宣泰医药,2022-12-31,2022.0,247562432.66,上海市,
17115,688271.0,联影医疗,2022-12-31,2022.0,9238122700.8,上海市,
17116,688301.0,奕瑞科技,2022-12-31,2022.0,1549116657.78,上海市,
17117,688317.0,之江生物,2022-12-31,2022.0,2326255117.23,上海市,
17118,688330.0,宏力达,2022-12-31,2022.0,1071502454.49,上海市,
17119,688335.0,复洁环保,2022-12-31,2022.0,789472651.85,上海市,
17120,688336.0,三生国健,2022-12-31,2022.0,825491803.9,上海市,
17121,688351.0,微电生理,2022-12-31,2022.0,260324959.49,上海市,
17122,688366.0,昊海生科,2022-12-31,2022.0,2130275956.41,上海市,
17123,688372.0,伟测科技,2022-12-31,2022.0,733023301.75,上海市,
17124,688373.0,盟科药业,2022-12-31,2022.0,48206746.85,上海市,
17125,688382.0,益方生物,2022-12-31,2022.0,,上海市,
17126,688385.0,复旦微电,2022-12-31,2022.0,3538908884.94,上海市,
17127,688392.0,骄成超声,2022-12-31,2022.0,522489445.99,上海市,
17128,688505.0,复旦张江,2022-12-31,2022.0,1031159838.0,上海市,
17129,688519.0,南亚新材,2022-12-31,2022.0,3778211331.21,上海市,
17130,688538.0,和辉光电,2022-12-31,2022.0,4190881465.68,上海市,
17131,688578.0,艾力斯,2022-12-31,2022.0,791002454.27,上海市,
17132,688596.0,正帆科技,2022-12-31,2022.0,2704742573.87,上海市,
17133,688608.0,恒玄科技,2022-12-31,2022.0,1484798365.59,上海市,
17134,688660.0,电气风电,2022-12-31,2022.0,12075139759.63,上海市,
17135,688718.0,唯赛勃,2022-12-31,2022.0,308048369.97,上海市,
17136,688766.0,普冉股份,2022-12-31,2022.0,924828277.26,上海市,
17137,688798.0,艾为电子,2022-12-31,2022.0,2089521588.24,上海市,
17138,831305.0,海希通讯,2022-12-31,2022.0,219631927.58,上海市,
17139,831961.0,创远信科,2022-12-31,2022.0,317991496.49,上海市,
17140,833346.0,威贸电子,2022-12-31,2022.0,202067261.71,上海市,
17141,836414.0,欧普泰,2022-12-31,2022.0,132954299.89,上海市,
17142,,,,,798124075627.689,上海市 汇总,
17143,155.0,川能动力,2022-12-31,2022.0,3801422659.67,四川省,
17144,584.0,哈工智能,2022-12-31,2022.0,1822369755.92,四川省,
17145,586.0,汇源通信,2022-12-31,2022.0,446308797.55,四川省,
17146,593.0,德龙汇能,2022-12-31,2022.0,1469080104.04,四川省,
17147,598.0,兴蓉环境,2022-12-31,2022.0,7629679194.08,四川省,
17148,629.0,钒钛股份,2022-12-31,2022.0,15087546372.12,四川省,
17149,790.0,华神科技,2022-12-31,2022.0,873103022.86,四川省,
17150,801.0,四川九洲,2022-12-31,2022.0,3884597912.0,四川省,
17151,810.0,创维数字,2022-12-31,2022.0,12008581541.31,四川省,
17152,935.0,四川双马,2022-12-31,2022.0,1219588689.76,四川省,
17153,1288.0,运机集团,2022-12-31,2022.0,914482705.09,四川省,
17154,2259.0,ST 升达,2022-12-31,2022.0,1847926134.8,四川省,
17155,2272.0,川润股份,2022-12-31,2022.0,1698632219.46,四川省,
17156,2366.0,*ST 海核,2022-12-31,2022.0,499103304.94,四川省,
17157,2422.0,科伦药业,2022-12-31,2022.0,18912653463.0,四川省,
17158,2466.0,天齐锂业,2022-12-31,2022.0,40448883981.77,四川省,
17159,2480.0,新筑股份,2022-12-31,2022.0,1649417621.97,四川省,
17160,2630.0,华西能源,2022-12-31,2022.0,859138435.94,四川省,
17161,2651.0,利君股份,2022-12-31,2022.0,1019929815.58,四川省,
17162,2773.0,康弘药业,2022-12-31,2022.0,3389028158.63,四川省,
17163,2798.0,帝欧家居,2022-12-31,2022.0,4112036002.6,四川省,
17164,2935.0,天奥电子,2022-12-31,2022.0,1210897386.83,四川省,
17165,2977.0,天箭科技,2022-12-31,2022.0,342763501.42,四川省,
17166,3023.0,彩虹集团,2022-12-31,2022.0,1176737730.86,四川省,
17167,300092.0,科新机电,2022-12-31,2022.0,1075395296.9,四川省,
17168,300101.0,振芯科技,2022-12-31,2022.0,1182366730.76,四川省,
17169,300127.0,银河磁体,2022-12-31,2022.0,992117310.17,四川省,
17170,300370.0,*ST 安控,2022-12-31,2022.0,461839237.72,四川省,
17171,300414.0,中光防雷,2022-12-31,2022.0,554596644.36,四川省,
17172,300425.0,中建环能,2022-12-31,2022.0,1719593780.75,四川省,
17173,300434.0,金石亚药,2022-12-31,2022.0,1242603080.88,四川省,
17174,300463.0,迈克生物,2022-12-31,2022.0,3608411895.2,四川省,
17175,300470.0,中密控股,2022-12-31,2022.0,1214683522.79,四川省,
17176,300471.0,厚普股份,2022-12-31,2022.0,713736630.97,四川省,
17177,300502.0,新易盛,2022-12-31,2022.0,3310573790.53,四川省,
17178,300504.0,天邑股份,2022-12-31,2022.0,2992432943.77,四川省,
17179,300540.0,蜀道装备,2022-12-31,2022.0,238998211.93,四川省,
17180,300780.0,德恩精工,2022-12-31,2022.0,696698935.03,四川省,
17181,300820.0,英杰电气,2022-12-31,2022.0,1282572327.81,四川省,
17182,300841.0,康华生物,2022-12-31,2022.0,1446724761.5,四川省,
17183,300865.0,大宏立,2022-12-31,2022.0,497273365.5,四川省,
17184,301050.0,雷电微力,2022-12-31,2022.0,860283964.75,四川省,
17185,600101.0,明星电力,2022-12-31,2022.0,2377110706.9,四川省,
17186,600331.0,宏达股份,2022-12-31,2022.0,2940253841.64,四川省,
17187,600353.0,旭光电子,2022-12-31,2022.0,1141241506.92,四川省,
17188,600505.0,西昌电力,2022-12-31,2022.0,1283142140.97,四川省,
17189,600528.0,中铁工业,2022-12-31,2022.0,28817098540.13,四川省,
17190,600644.0,乐山电力,2022-12-31,2022.0,2872491915.46,四川省,
17191,600674.0,川投能源,2022-12-31,2022.0,1420414976.88,四川省,
17192,600678.0,四川金顶,2022-12-31,2022.0,357851109.83,四川省,
17193,600839.0,四川长虹,2022-12-31,2022.0,92481659367.24,四川省,
17194,600875.0,东方电气,2022-12-31,2022.0,54179060388.71,四川省,
17195,600979.0,广安爱众,2022-12-31,2022.0,2581972562.77,四川省,
17196,603053.0,成都燃气,2022-12-31,2022.0,4835441091.37,四川省,
17197,603327.0,福蓉科技,2022-12-31,2022.0,2253863516.97,四川省,
17198,603333.0,尚纬股份,2022-12-31,2022.0,2016821190.11,四川省,
17199,603679.0,华体科技,2022-12-31,2022.0,433078678.52,四川省,
17200,603759.0,海天股份,2022-12-31,2022.0,1187293536.09,四川省,
17201,688117.0,圣诺生物,2022-12-31,2022.0,395716767.1,四川省,
17202,688283.0,坤恒顺维,2022-12-31,2022.0,220362149.9,四川省,
17203,688302.0,海创药业,2022-12-31,2022.0,1650822.41,四川省,
17204,688311.0,盟升电子,2022-12-31,2022.0,478897605.37,四川省,
17205,688319.0,欧林生物,2022-12-31,2022.0,547480719.0,四川省,
17206,688506.0,百利天恒,2022-12-31,2022.0,703281558.8,四川省,
17207,688511.0,天微电子,2022-12-31,2022.0,112472026.54,四川省,
17208,688513.0,苑东生物,2022-12-31,2022.0,1170512900.63,四川省,
17209,688528.0,秦川物联,2022-12-31,2022.0,367901054.71,四川省,
17210,688553.0,汇宇制药,2022-12-31,2022.0,1493267942.75,四川省,
17211,688636.0,智明达,2022-12-31,2022.0,540866425.49,四川省,
17212,688696.0,极米科技,2022-12-31,2022.0,4222341286.99,四川省,
17213,688776.0,国光电气,2022-12-31,2022.0,911381459.79,四川省,
17214,832566.0,梓橦宫,2022-12-31,2022.0,442160238.66,四川省,
17215,833230.0,欧康医药,2022-12-31,2022.0,269435957.14,四川省,
17216,833781.0,瑞奇智造,2022-12-31,2022.0,338612160.33,四川省,
17217,833943.0,优机股份,2022-12-31,2022.0,810829240.05,四川省,
17218,836239.0,长虹能源,2022-12-31,2022.0,3205769815.42,四川省,
17219,836260.0,中寰股份,2022-12-31,2022.0,269352992.26,四川省,
17220,836675.0,秉扬科技,2022-12-31,2022.0,465603694.14,四川省,
17221,870199.0,倍益康,2022-12-31,2022.0,391067881.41,四川省,
17222,,,,,368952570712.92,四川省 汇总,
17223,836.0,富通信息,2022-12-31,2022.0,1330580721.1,天津市,
17224,2129.0,TCL中环,2022-12-31,2022.0,67010157024.98,天津市,
17225,2134.0,天津普林,2022-12-31,2022.0,580724657.09,天津市,
17226,2337.0,赛象科技,2022-12-31,2022.0,481136611.63,天津市,
17227,2393.0,力生制药,2022-12-31,2022.0,1146589384.58,天津市,
17228,2432.0,九安医疗,2022-12-31,2022.0,26315360917.43,天津市,
17229,2821.0,凯莱英,2022-12-31,2022.0,10255325392.82,天津市,
17230,300026.0,红日药业,2022-12-31,2022.0,6650024882.33,天津市,
17231,300119.0,瑞普生物,2022-12-31,2022.0,2084250399.0,天津市,
17232,300120.0,经纬辉开,2022-12-31,2022.0,2699865786.41,天津市,
17233,300195.0,长荣股份,2022-12-31,2022.0,1312140441.85,天津市,
17234,300334.0,津膜科技,2022-12-31,2022.0,244813144.24,天津市,
17235,300407.0,凯发电气,2022-12-31,2022.0,1913739673.6,天津市,
17236,300823.0,建科机械,2022-12-31,2022.0,437286297.72,天津市,
17237,300875.0,捷强装备,2022-12-31,2022.0,239885868.92,天津市,
17238,600329.0,达仁堂,2022-12-31,2022.0,8249249565.18,天津市,
17239,600468.0,百利电气,2022-12-31,2022.0,2233014076.03,天津市,
17240,600488.0,津药药业,2022-12-31,2022.0,3688929933.07,天津市,
17241,600535.0,天士力,2022-12-31,2022.0,8593199779.15,天津市,
17242,600821.0,金开新能,2022-12-31,2022.0,3082262482.54,天津市,
17243,600874.0,创业环保,2022-12-31,2022.0,4522167000.0,天津市,
17244,603019.0,中科曙光,2022-12-31,2022.0,13007955200.9,天津市,
17245,603061.0,金海通,2022-12-31,2022.0,426018033.34,天津市,
17246,603106.0,恒银科技,2022-12-31,2022.0,585110350.67,天津市,
17247,603712.0,七一二,2022-12-31,2022.0,4039623590.34,天津市,
17248,688041.0,海光信息,2022-12-31,2022.0,5125266686.59,天津市,
17249,688108.0,赛诺医疗,2022-12-31,2022.0,192854227.69,天津市,
17250,688120.0,华海清科,2022-12-31,2022.0,1648838308.18,天津市,
17251,688153.0,唯捷创芯,2022-12-31,2022.0,2287876110.12,天津市,
17252,688185.0,康希诺,2022-12-31,2022.0,1034595000.0,天津市,
17253,688420.0,美腾科技,2022-12-31,2022.0,489281742.36,天津市,
17254,831526.0,凯华材料,2022-12-31,2022.0,117307712.96,天津市,
17255,,,,,182025431002.82,天津市 汇总,
17256,2287.0,奇正藏药,2022-12-31,2022.0,2044789340.21,西藏自治区,
17257,2653.0,海思科,2022-12-31,2022.0,3015294339.82,西藏自治区,
17258,2826.0,易明医药,2022-12-31,2022.0,856734307.99,西藏自治区,
17259,301075.0,多瑞医药,2022-12-31,2022.0,401049788.47,西藏自治区,
17260,301331.0,恩威医药,2022-12-31,2022.0,691574003.85,西藏自治区,
17261,600211.0,西藏药业,2022-12-31,2022.0,2554609066.22,西藏自治区,
17262,600326.0,西藏天路,2022-12-31,2022.0,3845308504.77,西藏自治区,
17263,603669.0,灵康药业,2022-12-31,2022.0,289263184.49,西藏自治区,
17264,603676.0,卫信康,2022-12-31,2022.0,1398543027.72,西藏自治区,
17265,,,,,15097165563.54,西藏自治区 汇总,
17266,813.0,德展健康,2022-12-31,2022.0,570855435.18,新疆维吾尔自治区,
17267,877.0,天山股份,2022-12-31,2022.0,132580520664.31,新疆维吾尔自治区,
17268,1258.0,立新能源,2022-12-31,2022.0,881784924.95,新疆维吾尔自治区,
17269,2202.0,金风科技,2022-12-31,2022.0,46436849850.51,新疆维吾尔自治区,
17270,2205.0,国统股份,2022-12-31,2022.0,619989021.26,新疆维吾尔自治区,
17271,2302.0,西部建设,2022-12-31,2022.0,24856131495.29,新疆维吾尔自治区,
17272,2700.0,ST 浩源,2022-12-31,2022.0,583076201.19,新疆维吾尔自治区,
17273,301301.0,川宁生物,2022-12-31,2022.0,3820657857.71,新疆维吾尔自治区,
17274,600089.0,特变电工,2022-12-31,2022.0,95886746723.05,新疆维吾尔自治区,
17275,600425.0,青松建化,2022-12-31,2022.0,3741054963.36,新疆维吾尔自治区,
17276,600509.0,天富能源,2022-12-31,2022.0,8142642188.92,新疆维吾尔自治区,
17277,600545.0,卓郎智能,2022-12-31,2022.0,5109342000.0,新疆维吾尔自治区,
17278,600888.0,新疆众和,2022-12-31,2022.0,7735424755.12,新疆维吾尔自治区,
17279,603032.0,德新科技,2022-12-31,2022.0,582282622.29,新疆维吾尔自治区,
17280,603080.0,新疆火炬,2022-12-31,2022.0,848236283.34,新疆维吾尔自治区,
17281,603393.0,新天然气,2022-12-31,2022.0,3416239655.7,新疆维吾尔自治区,
17282,603706.0,东方环宇,2022-12-31,2022.0,1057097726.68,新疆维吾尔自治区,
17283,605169.0,洪通燃气,2022-12-31,2022.0,1435157354.1,新疆维吾尔自治区,
17284,688303.0,大全能源,2022-12-31,2022.0,30940306443.79,新疆维吾尔自治区,
17285,,,,,369244396166.75,新疆维吾尔自治区 汇总,
17286,538.0,云南白药,2022-12-31,2022.0,36488372649.73,云南省,
17287,807.0,云铝股份,2022-12-31,2022.0,48463024922.95,云南省,
17288,878.0,云南铜业,2022-12-31,2022.0,134915298500.25,云南省,
17289,903.0,云内动力,2022-12-31,2022.0,4754073835.4,云南省,
17290,960.0,锡业股份,2022-12-31,2022.0,51997844059.06,云南省,
17291,2114.0,罗平锌电,2022-12-31,2022.0,1968690824.27,云南省,
17292,2428.0,云南锗业,2022-12-31,2022.0,536597703.57,云南省,
17293,2750.0,龙津药业,2022-12-31,2022.0,122965512.11,云南省,
17294,300142.0,沃森生物,2022-12-31,2022.0,5086445195.1,云南省,
17295,301311.0,昆船智能,2022-12-31,2022.0,2063650387.64,云南省,
17296,600025.0,华能水电,2022-12-31,2022.0,21141718314.66,云南省,
17297,600422.0,昆药集团,2022-12-31,2022.0,8282063456.45,云南省,
17298,600459.0,贵研铂业,2022-12-31,2022.0,40758654337.26,云南省,
17299,600883.0,博闻科技,2022-12-31,2022.0,11749513.09,云南省,
17300,600995.0,南网储能,2022-12-31,2022.0,8260893377.42,云南省,
17301,603963.0,大理药业,2022-12-31,2022.0,132344033.67,云南省,
17302,831152.0,昆工科技,2022-12-31,2022.0,563216176.8,云南省,
17303,833266.0,生物谷,2022-12-31,2022.0,587335796.38,云南省,
17304,,,,,366134938595.81,云南省 汇总,
17305,925.0,众合科技,2022-12-31,2022.0,2559561810.89,浙江省,
17306,1225.0,和泰机电,2022-12-31,2022.0,496625757.69,浙江省,
17307,1256.0,炜冈科技,2022-12-31,2022.0,389112097.95,浙江省,
17308,1270.0,铖昌科技,2022-12-31,2022.0,277788399.96,浙江省,
17309,1336.0,楚环科技,2022-12-31,2022.0,570388114.08,浙江省,
17310,2001.0,新和成,2022-12-31,2022.0,15933984403.41,浙江省,
17311,2006.0,精功科技,2022-12-31,2022.0,2357118655.25,浙江省,
17312,2011.0,盾安环境,2022-12-31,2022.0,10143661191.18,浙江省,
17313,2019.0,亿帆医药,2022-12-31,2022.0,3836640799.74,浙江省,
17314,2020.0,京新药业,2022-12-31,2022.0,3779846285.48,浙江省,
17315,2021.0,ST 中捷,2022-12-31,2022.0,873122402.86,浙江省,
17316,2036.0,联创电子,2022-12-31,2022.0,10935371441.46,浙江省,
17317,2050.0,三花智控,2022-12-31,2022.0,21347549741.0,浙江省,
17318,2056.0,横店东磁,2022-12-31,2022.0,19450638161.91,浙江省,
17319,2064.0,华峰化学,2022-12-31,2022.0,25884105588.87,浙江省,
17320,2082.0,万邦德,2022-12-31,2022.0,1786428308.52,浙江省,
17321,2099.0,海翔药业,2022-12-31,2022.0,2704144046.05,浙江省,
17322,2112.0,三变科技,2022-12-31,2022.0,1306950722.31,浙江省,
17323,2119.0,康强电子,2022-12-31,2022.0,1702791487.4,浙江省,
17324,2122.0,*ST 天马,2022-12-31,2022.0,702663278.74,浙江省,
17325,2164.0,宁波东力,2022-12-31,2022.0,1468410958.32,浙江省,
17326,2196.0,方正电机,2022-12-31,2022.0,2330642037.68,浙江省,
17327,2199.0,东晶电子,2022-12-31,2022.0,180825940.27,浙江省,
17328,2203.0,海亮股份,2022-12-31,2022.0,73865328753.92,浙江省,
17329,2206.0,海利得,2022-12-31,2022.0,5512054814.52,浙江省,
17330,2214.0,大立科技,2022-12-31,2022.0,400783393.2,浙江省,
17331,2236.0,大华股份,2022-12-31,2022.0,30565370012.64,浙江省,
17332,2273.0,水晶光电,2022-12-31,2022.0,4375513727.94,浙江省,
17333,2276.0,万马股份,2022-12-31,2022.0,14674961485.69,浙江省,
17334,2332.0,仙琚制药,2022-12-31,2022.0,4379825695.88,浙江省,
17335,2364.0,中恒电气,2022-12-31,2022.0,1609100893.93,浙江省,
17336,2370.0,亚太药业,2022-12-31,2022.0,373440356.84,浙江省,
17337,2389.0,航天彩虹,2022-12-31,2022.0,3857903256.76,浙江省,
17338,2415.0,海康威视,2022-12-31,2022.0,83166321681.14,浙江省,
17339,2418.0,康盛股份,2022-12-31,2022.0,3150725648.09,浙江省,
17340,2427.0,*ST 尤夫,2022-12-31,2022.0,2447100975.84,浙江省,
17341,2430.0,杭氧股份,2022-12-31,2022.0,12803210775.58,浙江省,
17342,2472.0,双环传动,2022-12-31,2022.0,6837946254.87,浙江省,
17343,2479.0,富春环保,2022-12-31,2022.0,4791094356.5,浙江省,
17344,2493.0,荣盛石化,2022-12-31,2022.0,289094841612.76,浙江省,
17345,2508.0,老板电器,2022-12-31,2022.0,10271500571.04,浙江省,
17346,2520.0,日发精机,2022-12-31,2022.0,2139159734.13,浙江省,
17347,2532.0,天山铝业,2022-12-31,2022.0,33008418336.65,浙江省,
17348,2534.0,西子洁能,2022-12-31,2022.0,7343646071.12,浙江省,
17349,2552.0,宝鼎科技,2022-12-31,2022.0,1380565485.03,浙江省,
17350,2562.0,兄弟科技,2022-12-31,2022.0,3411357924.54,浙江省,
17351,2617.0,露笑科技,2022-12-31,2022.0,3341842257.97,浙江省,
17352,2633.0,申科股份,2022-12-31,2022.0,228667728.46,浙江省,
17353,2677.0,浙江美大,2022-12-31,2022.0,1833928840.78,浙江省,
17354,2686.0,亿利达,2022-12-31,2022.0,1908158218.22,浙江省,
17355,2730.0,电光科技,2022-12-31,2022.0,1229836298.61,浙江省,
17356,2767.0,先锋电子,2022-12-31,2022.0,562633632.54,浙江省,
17357,2779.0,中坚科技,2022-12-31,2022.0,512432004.51,浙江省,
17358,2793.0,罗欣药业,2022-12-31,2022.0,3587547040.11,浙江省,
17359,2795.0,永和智控,2022-12-31,2022.0,989736616.68,浙江省,
17360,2801.0,微光股份,2022-12-31,2022.0,1204770926.51,浙江省,
17361,2849.0,威星智能,2022-12-31,2022.0,952534628.68,浙江省,
17362,2859.0,洁美科技,2022-12-31,2022.0,1301182813.34,浙江省,
17363,2860.0,星帅尔,2022-12-31,2022.0,1949293135.72,浙江省,
17364,2896.0,中大力德,2022-12-31,2022.0,897595484.08,浙江省,
17365,2897.0,意华股份,2022-12-31,2022.0,5010773090.82,浙江省,
17366,2931.0,锋龙股份,2022-12-31,2022.0,587329796.07,浙江省,
17367,2937.0,兴瑞科技,2022-12-31,2022.0,1767131878.36,浙江省,
17368,2940.0,昂利康,2022-12-31,2022.0,1568437219.16,浙江省,
17369,3025.0,思进智能,2022-12-31,2022.0,508224821.08,浙江省,
17370,3026.0,中晶科技,2022-12-31,2022.0,338139709.0,浙江省,
17371,3036.0,泰坦股份,2022-12-31,2022.0,1600562088.61,浙江省,
17372,200771.0,杭汽轮B,2022-12-31,2022.0,5518841939.82,浙江省,
17373,300032.0,金龙机电,2022-12-31,2022.0,3858081259.2,浙江省,
17374,300068.0,南都电源,2022-12-31,2022.0,11748600016.68,浙江省,
17375,300069.0,金利华电,2022-12-31,2022.0,118387001.11,浙江省,
17376,300076.0,GQY视讯,2022-12-31,2022.0,163277496.97,浙江省,
17377,300078.0,思创医惠,2022-12-31,2022.0,1115911058.33,浙江省,
17378,300111.0,向日葵,2022-12-31,2022.0,335858643.61,浙江省,
17379,300118.0,东方日升,2022-12-31,2022.0,29384723113.68,浙江省,
17380,300145.0,中金环境,2022-12-31,2022.0,5264160217.48,浙江省,
17381,300181.0,佐力药业,2022-12-31,2022.0,1805155365.79,浙江省,
17382,300203.0,聚光科技,2022-12-31,2022.0,3450620276.09,浙江省,
17383,300234.0,开尔新材,2022-12-31,2022.0,703745686.87,浙江省,
17384,300256.0,ST 星星,2022-12-31,2022.0,625711434.73,浙江省,
17385,300257.0,开山股份,2022-12-31,2022.0,3754252369.52,浙江省,
17386,300270.0,中威电子,2022-12-31,2022.0,353592707.5,浙江省,
17387,300283.0,温州宏丰,2022-12-31,2022.0,2133585164.69,浙江省,
17388,300306.0,远方信息,2022-12-31,2022.0,441183652.75,浙江省,
17389,300307.0,慈星股份,2022-12-31,2022.0,1900848528.55,浙江省,
17390,300314.0,戴维医疗,2022-12-31,2022.0,506036692.34,浙江省,
17391,300316.0,晶盛机电,2022-12-31,2022.0,10638310339.72,浙江省,
17392,300351.0,永贵电器,2022-12-31,2022.0,1510360490.49,浙江省,
17393,300357.0,我武生物,2022-12-31,2022.0,896016141.32,浙江省,
17394,300360.0,炬华科技,2022-12-31,2022.0,1506317498.39,浙江省,
17395,300411.0,金盾股份,2022-12-31,2022.0,426552037.62,浙江省,
17396,300412.0,迦南科技,2022-12-31,2022.0,1103431012.5,浙江省,
17397,300435.0,中泰股份,2022-12-31,2022.0,3256424871.2,浙江省,
17398,300439.0,美康生物,2022-12-31,2022.0,2489086216.22,浙江省,
17399,300441.0,鲍斯股份,2022-12-31,2022.0,2054143008.74,浙江省,
17400,300461.0,田中精机,2022-12-31,2022.0,190536140.27,浙江省,
17401,300512.0,中亚股份,2022-12-31,2022.0,925913532.86,浙江省,
17402,300519.0,新光药业,2022-12-31,2022.0,351488810.6,浙江省,
17403,300548.0,博创科技,2022-12-31,2022.0,1466718562.97,浙江省,
17404,300553.0,集智股份,2022-12-31,2022.0,236912110.45,浙江省,
17405,300558.0,贝达药业,2022-12-31,2022.0,2376629657.36,浙江省,
17406,300566.0,激智科技,2022-12-31,2022.0,1981477485.12,浙江省,
17407,300582.0,英飞特,2022-12-31,2022.0,1511393837.07,浙江省,
17408,300604.0,长川科技,2022-12-31,2022.0,2576529048.51,浙江省,
17409,300611.0,美力科技,2022-12-31,2022.0,1087395606.65,浙江省,
17410,300626.0,华瑞股份,2022-12-31,2022.0,668860359.95,浙江省,
17411,300666.0,江丰电子,2022-12-31,2022.0,2323878581.81,浙江省,
17412,300669.0,沪宁股份,2022-12-31,2022.0,404623074.61,浙江省,
17413,300698.0,万马科技,2022-12-31,2022.0,508727409.72,浙江省,
17414,300702.0,天宇股份,2022-12-31,2022.0,2666678471.8,浙江省,
17415,300710.0,万隆光电,2022-12-31,2022.0,530621381.87,浙江省,
17416,300718.0,长盛轴承,2022-12-31,2022.0,1071392370.65,浙江省,
17417,300743.0,天地数码,2022-12-31,2022.0,595468915.9,浙江省,
17418,300763.0,锦浪科技,2022-12-31,2022.0,5889601424.82,浙江省,
17419,300772.0,运达股份,2022-12-31,2022.0,17383889252.82,浙江省,
17420,300813.0,泰林生物,2022-12-31,2022.0,373878114.24,浙江省,
17421,300817.0,双飞股份,2022-12-31,2022.0,716183507.72,浙江省,
17422,300837.0,浙矿股份,2022-12-31,2022.0,694801321.15,浙江省,
17423,300838.0,浙江力诺,2022-12-31,2022.0,1012828770.0,浙江省,
17424,300853.0,申昊科技,2022-12-31,2022.0,391474446.51,浙江省,
17425,300878.0,维康药业,2022-12-31,2022.0,532441947.54,浙江省,
17426,300879.0,大叶股份,2022-12-31,2022.0,1471575032.77,浙江省,
17427,300880.0,迦南智能,2022-12-31,2022.0,804306319.53,浙江省,
17428,300882.0,万胜智能,2022-12-31,2022.0,844140982.57,浙江省,
17429,300894.0,火星人,2022-12-31,2022.0,2276701602.33,浙江省,
17430,300897.0,山科智能,2022-12-31,2022.0,564150761.31,浙江省,
17431,300911.0,亿田智能,2022-12-31,2022.0,1275749590.13,浙江省,
17432,300913.0,兆龙互连,2022-12-31,2022.0,1611228162.94,浙江省,
17433,300943.0,春晖智控,2022-12-31,2022.0,492634145.72,浙江省,
17434,300953.0,震裕科技,2022-12-31,2022.0,5752332007.04,浙江省,
17435,300984.0,金沃股份,2022-12-31,2022.0,1044364007.54,浙江省,
17436,300992.0,泰福泵业,2022-12-31,2022.0,553655457.75,浙江省,
17437,300998.0,宁波方正,2022-12-31,2022.0,780413922.53,浙江省,
17438,301008.0,宏昌科技,2022-12-31,2022.0,826419251.15,浙江省,
17439,301032.0,新柴股份,2022-12-31,2022.0,2094257280.19,浙江省,
17440,301053.0,远信工业,2022-12-31,2022.0,564152044.92,浙江省,
17441,301056.0,森赫股份,2022-12-31,2022.0,677966646.33,浙江省,
17442,301057.0,汇隆新材,2022-12-31,2022.0,615242728.34,浙江省,
17443,301081.0,严牌股份,2022-12-31,2022.0,753958526.64,浙江省,
17444,301082.0,久盛电气,2022-12-31,2022.0,1911307026.36,浙江省,
17445,301097.0,天益医疗,2022-12-31,2022.0,399325371.39,浙江省,
17446,301157.0,华塑科技,2022-12-31,2022.0,248018709.62,浙江省,
17447,301201.0,诚达药业,2022-12-31,2022.0,411463537.32,浙江省,
17448,301222.0,浙江恒威,2022-12-31,2022.0,580268946.24,浙江省,
17449,301255.0,通力科技,2022-12-31,2022.0,467515118.55,浙江省,
17450,301279.0,金道科技,2022-12-31,2022.0,653553043.06,浙江省,
17451,301280.0,珠城科技,2022-12-31,2022.0,1043658460.6,浙江省,
17452,301309.0,万得凯,2022-12-31,2022.0,776840620.75,浙江省,
17453,301317.0,鑫磊股份,2022-12-31,2022.0,712430829.76,浙江省,
17454,301359.0,东南电子,2022-12-31,2022.0,247075036.89,浙江省,
17455,301368.0,丰立智能,2022-12-31,2022.0,428824085.73,浙江省,
17456,301388.0,欣灵电气,2022-12-31,2022.0,481344514.43,浙江省,
17457,301398.0,星源卓镁,2022-12-31,2022.0,270610377.8,浙江省,
17458,430685.0,新芝生物,2022-12-31,2022.0,190228158.94,浙江省,
17459,600023.0,浙能电力,2022-12-31,2022.0,80194583010.24,浙江省,
17460,600032.0,浙江新能,2022-12-31,2022.0,4598069021.79,浙江省,
17461,600130.0,波导股份,2022-12-31,2022.0,534560938.45,浙江省,
17462,600152.0,维科技术,2022-12-31,2022.0,2325154378.19,浙江省,
17463,600216.0,浙江医药,2022-12-31,2022.0,8115804648.33,浙江省,
17464,600261.0,阳光照明,2022-12-31,2022.0,3731165030.51,浙江省,
17465,600267.0,海正药业,2022-12-31,2022.0,12036690081.66,浙江省,
17466,600283.0,钱江水利,2022-12-31,2022.0,1827366457.86,浙江省,
17467,600290.0,ST 华仪,2022-12-31,2022.0,296499684.49,浙江省,
17468,600330.0,天通股份,2022-12-31,2022.0,4507716769.74,浙江省,
17469,600366.0,宁波韵升,2022-12-31,2022.0,6409378888.29,浙江省,
17470,600460.0,士兰微,2022-12-31,2022.0,8282201633.03,浙江省,
17471,600521.0,华海药业,2022-12-31,2022.0,8265744793.28,浙江省,
17472,600526.0,菲达环保,2022-12-31,2022.0,4283839603.46,浙江省,
17473,600537.0,亿晶光电,2022-12-31,2022.0,9875711897.97,浙江省,
17474,600572.0,康恩贝,2022-12-31,2022.0,6000443393.73,浙江省,
17475,600580.0,卧龙电驱,2022-12-31,2022.0,14265959154.0,浙江省,
17476,600668.0,尖峰集团,2022-12-31,2022.0,3560394073.77,浙江省,
17477,600671.0,ST 目药,2022-12-31,2022.0,108906179.08,浙江省,
17478,600724.0,宁波富达,2022-12-31,2022.0,3256317571.34,浙江省,
17479,600768.0,宁波富邦,2022-12-31,2022.0,303117755.91,浙江省,
17480,600776.0,东方通信,2022-12-31,2022.0,3229756825.08,浙江省,
17481,600884.0,杉杉股份,2022-12-31,2022.0,21701617268.32,浙江省,
17482,600982.0,宁波能源,2022-12-31,2022.0,8347366877.09,浙江省,
17483,601002.0,晋亿实业,2022-12-31,2022.0,2717241436.67,浙江省,
17484,601113.0,华鼎股份,2022-12-31,2022.0,6548438401.8,浙江省,
17485,601137.0,博威合金,2022-12-31,2022.0,13447837283.84,浙江省,
17486,601177.0,杭齿前进,2022-12-31,2022.0,2196065145.69,浙江省,
17487,601233.0,桐昆股份,2022-12-31,2022.0,61993349371.81,浙江省,
17488,601567.0,三星医疗,2022-12-31,2022.0,9098202561.4,浙江省,
17489,601609.0,金田股份,2022-12-31,2022.0,101189711931.38,浙江省,
17490,601865.0,福莱特,2022-12-31,2022.0,15460843227.36,浙江省,
17491,601877.0,正泰电器,2022-12-31,2022.0,45974331286.72,浙江省,
17492,601882.0,海天精工,2022-12-31,2022.0,3177482321.32,浙江省,
17493,603015.0,弘讯科技,2022-12-31,2022.0,732958789.11,浙江省,
17494,603045.0,福达合金,2022-12-31,2022.0,2192800595.52,浙江省,
17495,603070.0,万控智造,2022-12-31,2022.0,2222040948.91,浙江省,
17496,603076.0,乐惠国际,2022-12-31,2022.0,1204203817.02,浙江省,
17497,603081.0,大丰实业,2022-12-31,2022.0,2842414791.61,浙江省,
17498,603088.0,宁波精达,2022-12-31,2022.0,650445565.75,浙江省,
17499,603095.0,越剑智能,2022-12-31,2022.0,1264459316.98,浙江省,
17500,603105.0,芯能科技,2022-12-31,2022.0,649876022.88,浙江省,
17501,603168.0,莎普爱思,2022-12-31,2022.0,549536975.43,浙江省,
17502,603173.0,福斯达,2022-12-31,2022.0,1886006135.87,浙江省,
17503,603186.0,华正新材,2022-12-31,2022.0,3285504596.23,浙江省,
17504,603195.0,公牛集团,2022-12-31,2022.0,14081373030.94,浙江省,
17505,603215.0,比依股份,2022-12-31,2022.0,1499207037.59,浙江省,
17506,603218.0,日月股份,2022-12-31,2022.0,4865018545.48,浙江省,
17507,603219.0,富佳股份,2022-12-31,2022.0,2744405965.35,浙江省,
17508,603222.0,济民医疗,2022-12-31,2022.0,837236200.99,浙江省,
17509,603225.0,新凤鸣,2022-12-31,2022.0,50787330639.77,浙江省,
17510,603229.0,奥翔药业,2022-12-31,2022.0,764547389.04,浙江省,
17511,603277.0,银都股份,2022-12-31,2022.0,2662851580.37,浙江省,
17512,603289.0,泰瑞机器,2022-12-31,2022.0,1185897336.97,浙江省,
17513,603290.0,斯达半导,2022-12-31,2022.0,2705498415.9,浙江省,
17514,603297.0,永新光学,2022-12-31,2022.0,829073673.15,浙江省,
17515,603298.0,杭叉集团,2022-12-31,2022.0,14412416415.2,浙江省,
17516,603301.0,振德医疗,2022-12-31,2022.0,6137634431.69,浙江省,
17517,603303.0,得邦照明,2022-12-31,2022.0,4656894422.94,浙江省,
17518,603311.0,金海高科,2022-12-31,2022.0,789332859.62,浙江省,
17519,603320.0,迪贝电气,2022-12-31,2022.0,1000457586.03,浙江省,
17520,603321.0,梅轮电梯,2022-12-31,2022.0,1016245503.94,浙江省,
17521,603331.0,百达精工,2022-12-31,2022.0,1287454331.46,浙江省,
17522,603337.0,杰克股份,2022-12-31,2022.0,5501661292.13,浙江省,
17523,603338.0,浙江鼎力,2022-12-31,2022.0,5445152632.63,浙江省,
17524,603456.0,九洲药业,2022-12-31,2022.0,5445105154.77,浙江省,
17525,603520.0,司太立,2022-12-31,2022.0,2131239988.65,浙江省,
17526,603538.0,美诺华,2022-12-31,2022.0,1456982442.23,浙江省,
17527,603551.0,奥普家居,2022-12-31,2022.0,1880220813.63,浙江省,
17528,603556.0,海兴电力,2022-12-31,2022.0,3309723562.79,浙江省,
17529,603578.0,三星新材,2022-12-31,2022.0,762864089.08,浙江省,
17530,603583.0,捷昌驱动,2022-12-31,2022.0,3006591845.65,浙江省,
17531,603595.0,东尼电子,2022-12-31,2022.0,1888589919.54,浙江省,
17532,603606.0,东方电缆,2022-12-31,2022.0,7008925593.41,浙江省,
17533,603611.0,诺力股份,2022-12-31,2022.0,6702217095.32,浙江省,
17534,603617.0,君禾股份,2022-12-31,2022.0,753769986.87,浙江省,
17535,603618.0,杭电股份,2022-12-31,2022.0,8140736551.97,浙江省,
17536,603662.0,柯力传感,2022-12-31,2022.0,1060502208.58,浙江省,
17537,603667.0,五洲新春,2022-12-31,2022.0,3200337870.16,浙江省,
17538,603677.0,奇精机械,2022-12-31,2022.0,1804158831.19,浙江省,
17539,603685.0,晨丰科技,2022-12-31,2022.0,1162413293.27,浙江省,
17540,603700.0,宁水集团,2022-12-31,2022.0,1554958423.76,浙江省,
17541,603701.0,德宏股份,2022-12-31,2022.0,491834459.81,浙江省,
17542,603703.0,盛洋科技,2022-12-31,2022.0,818700089.37,浙江省,
17543,603757.0,大元泵业,2022-12-31,2022.0,1678011545.58,浙江省,
17544,603789.0,星光农机,2022-12-31,2022.0,243911207.14,浙江省,
17545,603799.0,华友钴业,2022-12-31,2022.0,63033785499.49,浙江省,
17546,603811.0,诚意药业,2022-12-31,2022.0,654972841.26,浙江省,
17547,603896.0,寿仙谷,2022-12-31,2022.0,829071599.84,浙江省,
17548,603897.0,长城科技,2022-12-31,2022.0,10026427612.03,浙江省,
17549,603901.0,永创智能,2022-12-31,2022.0,2748939810.9,浙江省,
17550,603917.0,合力科技,2022-12-31,2022.0,685389306.85,浙江省,
17551,605011.0,杭州热电,2022-12-31,2022.0,3629115706.49,浙江省,
17552,605028.0,世茂能源,2022-12-31,2022.0,442362623.25,浙江省,
17553,605060.0,联德股份,2022-12-31,2022.0,1120618592.51,浙江省,
17554,605066.0,天正电气,2022-12-31,2022.0,2436879126.36,浙江省,
17555,605116.0,奥锐特,2022-12-31,2022.0,1008076473.51,浙江省,
17556,605117.0,德业股份,2022-12-31,2022.0,5955519968.69,浙江省,
17557,605162.0,新中港,2022-12-31,2022.0,964995063.81,浙江省,
17558,605177.0,东亚药业,2022-12-31,2022.0,1179556669.18,浙江省,
17559,605259.0,绿田机械,2022-12-31,2022.0,1618960531.84,浙江省,
17560,605277.0,新亚电子,2022-12-31,2022.0,1685999320.77,浙江省,
17561,605336.0,帅丰电器,2022-12-31,2022.0,946367908.23,浙江省,
17562,605358.0,立昂微,2022-12-31,2022.0,2914216347.78,浙江省,
17563,605369.0,拱东医疗,2022-12-31,2022.0,1468684537.54,浙江省,
17564,605378.0,野马电池,2022-12-31,2022.0,1020098862.37,浙江省,
17565,605507.0,国邦医药,2022-12-31,2022.0,5720924721.91,浙江省,
17566,605555.0,德昌股份,2022-12-31,2022.0,1938030063.74,浙江省,
17567,605580.0,恒盛能源,2022-12-31,2022.0,887132358.48,浙江省,
17568,688005.0,容百科技,2022-12-31,2022.0,30122995138.19,浙江省,
17569,688006.0,杭可科技,2022-12-31,2022.0,3454133088.43,浙江省,
17570,688032.0,禾迈股份,2022-12-31,2022.0,1536512605.57,浙江省,
17571,688075.0,安旭生物,2022-12-31,2022.0,6165884330.92,浙江省,
17572,688079.0,美迪凯,2022-12-31,2022.0,413733465.0,浙江省,
17573,688092.0,爱科科技,2022-12-31,2022.0,297049552.87,浙江省,
17574,688127.0,蓝特光学,2022-12-31,2022.0,380366107.43,浙江省,
17575,688141.0,杰华特,2022-12-31,2022.0,1447678221.95,浙江省,
17576,688184.0,帕瓦股份,2022-12-31,2022.0,1656255059.66,浙江省,
17577,688203.0,海正生材,2022-12-31,2022.0,605432444.66,浙江省,
17578,688215.0,瑞晟智能,2022-12-31,2022.0,306037770.6,浙江省,
17579,688255.0,凯尔达,2022-12-31,2022.0,393853696.58,浙江省,
17580,688270.0,臻镭科技,2022-12-31,2022.0,242579936.01,浙江省,
17581,688288.0,鸿泉物联,2022-12-31,2022.0,239701396.3,浙江省,
17582,688290.0,景业智能,2022-12-31,2022.0,463491479.4,浙江省,
17583,688298.0,东方生物,2022-12-31,2022.0,8767938106.37,浙江省,
17584,688306.0,均普智能,2022-12-31,2022.0,1995346697.84,浙江省,
17585,688307.0,中润光学,2022-12-31,2022.0,404007957.77,浙江省,
17586,688310.0,迈得医疗,2022-12-31,2022.0,383489867.44,浙江省,
17587,688320.0,禾川科技,2022-12-31,2022.0,944286820.48,浙江省,
17588,688348.0,昱能科技,2022-12-31,2022.0,1338391563.25,浙江省,
17589,688360.0,德马科技,2022-12-31,2022.0,1529747569.25,浙江省,
17590,688362.0,甬矽电子,2022-12-31,2022.0,2176992689.58,浙江省,
17591,688475.0,萤石网络,2022-12-31,2022.0,4306313778.13,浙江省,
17592,688577.0,浙海德曼,2022-12-31,2022.0,630999983.15,浙江省,
17593,688606.0,奥泰生物,2022-12-31,2022.0,3388568140.41,浙江省,
17594,688611.0,杭州柯林,2022-12-31,2022.0,190010889.73,浙江省,
17595,688616.0,西力科技,2022-12-31,2022.0,542342572.11,浙江省,
17596,688767.0,博拓生物,2022-12-31,2022.0,1901143935.01,浙江省,
17597,688789.0,宏华数科,2022-12-31,2022.0,894538589.37,浙江省,
17598,688819.0,天能股份,2022-12-31,2022.0,41882374554.39,浙江省,
17599,831855.0,浙江大农,2022-12-31,2022.0,234710482.65,浙江省,
17600,834062.0,科润智控,2022-12-31,2022.0,869401513.71,浙江省,
17601,834475.0,三友科技,2022-12-31,2022.0,345665306.2,浙江省,
17602,834639.0,晨光电缆,2022-12-31,2022.0,1864757979.72,浙江省,
17603,834682.0,球冠电缆,2022-12-31,2022.0,2656226235.1,浙江省,
17604,834770.0,艾能聚,2022-12-31,2022.0,432833982.12,浙江省,
17605,836270.0,天铭科技,2022-12-31,2022.0,165308051.6,浙江省,
17606,836395.0,朗鸿科技,2022-12-31,2022.0,113117230.42,浙江省,
17607,870508.0,丰安股份,2022-12-31,2022.0,147660502.78,浙江省,
17608,873152.0,天宏锂电,2022-12-31,2022.0,354032876.11,浙江省,
17609,873169.0,七丰精工,2022-12-31,2022.0,201831893.28,浙江省,
17610,873223.0,荣亿精密,2022-12-31,2022.0,245561649.8,浙江省,
17611,,,,,1852321604352.03,浙江省 汇总,
17612,591.0,太阳能,2022-12-31,2022.0,9236384665.74,重庆市,
17613,788.0,北大医药,2022-12-31,2022.0,2077355184.2,重庆市,
17614,1296.0,长江材料,2022-12-31,2022.0,946496324.54,重庆市,
17615,2742.0,ST 三圣,2022-12-31,2022.0,2077023564.35,重庆市,
17616,2907.0,华森制药,2022-12-31,2022.0,785182813.58,重庆市,
17617,300006.0,莱美药业,2022-12-31,2022.0,884586776.1,重庆市,
17618,300122.0,智飞生物,2022-12-31,2022.0,38264011331.74,重庆市,
17619,300194.0,福安药业,2022-12-31,2022.0,2421742292.37,重庆市,
17620,300363.0,博腾股份,2022-12-31,2022.0,7034801054.11,重庆市,
17621,301107.0,瑜欣电子,2022-12-31,2022.0,560204819.49,重庆市,
17622,301121.0,紫建电子,2022-12-31,2022.0,922211358.56,重庆市,
17623,600116.0,三峡水利,2022-12-31,2022.0,11093013982.74,重庆市,
17624,600129.0,太极集团,2022-12-31,2022.0,14050659364.39,重庆市,
17625,600452.0,涪陵电力,2022-12-31,2022.0,3562143479.92,重庆市,
17626,600666.0,*ST 瑞德,2022-12-31,2022.0,531252923.2,重庆市,
17627,600847.0,万里股份,2022-12-31,2022.0,469528844.59,重庆市,
17628,600877.0,声光电科,2022-12-31,2022.0,1565097271.16,重庆市,
17629,600917.0,重庆燃气,2022-12-31,2022.0,8738949097.62,重庆市,
17630,601158.0,重庆水务,2022-12-31,2022.0,7778871869.01,重庆市,
17631,603100.0,川仪股份,2022-12-31,2022.0,6370178069.09,重庆市,
17632,603109.0,神驰机电,2022-12-31,2022.0,2600251580.62,重庆市,
17633,603191.0,望变电气,2022-12-31,2022.0,2526479663.8,重庆市,
17634,603601.0,再升科技,2022-12-31,2022.0,1618392769.46,重庆市,
17635,603976.0,正川股份,2022-12-31,2022.0,796198292.56,重庆市,
17636,605122.0,四方新材,2022-12-31,2022.0,1653444657.19,重庆市,
17637,688410.0,山外山,2022-12-31,2022.0,382012680.92,重庆市,
17638,830896.0,旺成科技,2022-12-31,2022.0,321540691.1,重庆市,
17639,871857.0,泓禧科技,2022-12-31,2022.0,427083873.65,重庆市,
17640,,,,,129695099295.8,重庆市 汇总,
17641,,,,,16891130284336.7,总计,
