row_id,ADMINCODE,REGION,ZONE,YEAR,RESILIENCE,URB,GOV,INNO,EDU,OPENPC,FIN,DIG,PRI,INC,SOC
1,310000,上海,东部,2007,0.492164,88.6627906976744,16.9402191214952,4.84809871291849,12.9867808294525,1370416075.58139,9.29208693424026,1.48462354188759,241.763565891473,22459,12.5692127168054
2,310000,上海,东部,2008,0.495281,88.6034563288183,17.8436943227236,4.63661176905996,12.5701640759931,1504228444.65203,9.61209061079047,1.48462354188759,274.638019617001,25385,12.9136596348384
3,310000,上海,东部,2009,0.499526,88.5972850678733,18.9910687061693,7.20184636997642,11.6050373789574,1256622674.20814,11.3788240674865,1.68655941878568,285.52036199095,27500,11.2414496680213
4,310000,上海,东部,2010,0.510163,89.2748588797221,18.436038268752,6.1167644093506,12.6337843524913,1602043647.41641,10.7773200710004,1.70526851616187,306.556665219279,30436,10.9770534289668
5,310000,上海,东部,2011,0.542074,89.3039049235993,19.5649110181562,5.581269413111,14.0295487984306,1857167296.26486,11.1810771775689,1.64890408204303,329.796264855688,34731,10.6644392676148
6,310000,上海,东部,2012,0.526176,89.2872030012505,19.6381233103034,5.86588974240085,15.5102031061037,1819870571.07128,11.3707194352658,1.5475976246176,353.063776573572,38550,10.5881425040989
7,310000,上海,东部,2013,0.53572,89.5833333333333,19.5164216668606,5.68960453649133,15.0054873349659,1802566241.83007,12.0116703513603,3.50678733031674,383.578431372549,42174,10.3345176555279
8,310000,上海,东部,2014,0.550337,89.2987434130523,19.4834941313346,5.32737273126107,14.1289423655005,1890554673.69274,13.3174777798004,3.82185236554169,454.803404945278,45966,10.11751945794
9,310000,上海,东部,2015,0.568463,88.5272579332791,23.0280804849927,4.39065437466487,12.3929995025486,1827667709.51993,15.2099527652769,3.98618957940992,543.124491456469,49867,8.77258719934879
10,310000,上海,东部,2016,0.592469,89.0149979732469,23.1503329206679,4.93876229595863,12.1546074976803,1758282087.55574,15.7192090206444,4.26887543803759,603.972436157276,54305,14.29135098729
11,310000,上海,东部,2017,0.625288,89.0916463909165,22.9236750189825,5.16586685604204,11.5811341853458,1931048860.50284,16.2019741837509,4.85529021034319,692.619626926196,58988,14.057808951696
12,310000,上海,东部,2018,0.632914,89.1313131313131,23.1911206882189,5.1052859712101,10.9918649734061,2083554343.43434,16.3887947839319,5.55642266271266,764.040404040404,64183,11.1761423641628
13,310000,上海,东部,2019,0.634019,89.2382103990327,21.5314471037918,4.76252188456686,12.1734431392494,1990749802.49899,17.2035085133043,5.83717357910906,813.381700927046,69442,12.2232030203148
14,310000,上海,东部,2020,0.602457,89.3086816720257,20.7942089094096,5.01350882671304,12.3497459303811,2025045671.22186,18.5205051933486,6.93928128872367,813.381700927046,72232,12.1025263789309
15,310000,上海,东部,2021,0.640041,89.3129770992366,19.3132691303272,5.01372339239413,12.3293471840358,2525190839.69466,18.3839901771233,7.42204655248134,813.381700927046,78027,12.1453801866002
16,310000,上海,东部,2022,0.633972,89.3333333333333,20.9622598981011,4.11210475886298,11.9511338230597,2528686868.68687,18.822739131114,8.09162576230849,813.381700927046,79610,11.9287767486426
17,310000,上海,东部,2023,0.661968,89.4652191395255,20.4124848841667,5.47854388282006,12.5137599068736,2409408926.41737,18.3124482461398,8.15318097591105,813.381700927046,84834,12.3217177758803
18,310000,上海,东部,2024,0.667788,89.4652191395255,18.3115970382019,5.47854388282006,12.5137599068736,2419032258.06452,18.3124482461398,8.15318097591105,813.381700927046,88366,12.3217177758803
19,530000,云南,西部,2007,0.281703,31.5906070004431,22.3582936148422,1.15043780060253,16.7844118320678,19480653.5223748,3.34620081143892,1.25205930807249,18.8303057155516,5469,15.0173534645267
20,530000,云南,西部,2008,0.325324,32.9958177415805,24.4363926470099,1.20184459680052,16.4564968984656,21124622.4961479,4.65545324601935,1.25205930807249,25.5337882456527,6492,15.2845793883992
21,530000,云南,西部,2009,0.329405,33.9969372128637,29.6960939401314,0.972678939119211,15.7851603716566,17605764.6029315,5.40581650036505,1.31410256410256,29.9715598337344,7170,15.5761803784177
22,530000,云南,西部,2010,0.341853,34.7023033463712,29.5492094682818,0.93756015609961,16.3970215074462,29183224.6849196,4.90478714464856,1.08426270136307,33.8983050847458,8184,13.3301541746146
23,530000,云南,西部,2011,0.347744,36.5800865800866,30.7630918503428,0.96600218459858,16.4868924085199,34694313.8528138,4.81775892303977,1.17109397315053,38.7445887445887,9739,13.1929273620972
24,530000,云南,西部,2012,0.347748,38.479809976247,32.1936669850596,0.914444699467624,18.8884472633836,45376225.4372706,4.93268693567863,1.09498344792462,43.8350248326495,11233,12.2894426001914
25,530000,云南,西部,2013,0.366942,39.9913811678518,31.9403532026042,1.03966547134024,16.7452294758221,54521779.7888386,5.74714436084363,1.541695865452,49.3428140486964,12578,12.3385515963588
26,530000,云南,西部,2014,0.397287,41.2207178164625,31.6057172564575,0.972289194633595,15.2082704293395,63630823.1248657,6.27630557553572,1.23927550047664,62.970126799914,13772,13.1609425909986
27,530000,云南,西部,2015,0.404807,42.9337336478662,31.5028743315508,1.03037877453674,16.2844829964162,52522579.8841947,6.69117647058824,1.18157704364601,84.7094145399957,15223,13.764341170804
28,530000,云南,西部,2016,0.435511,44.6440025657473,30.6607611949417,0.933678165958006,17.3573281581873,42553688.2617062,6.850143564054,1.19331742243437,104.554201411161,16720,13.7955631358516
29,530000,云南,西部,2017,0.443124,46.281696143192,30.904305961268,0.935065298785045,17.4747985723713,49970400.5966333,6.73861300443579,1.23106060606061,116.982740251438,18348,13.1337990572329
30,530000,云南,西部,2018,0.446277,47.4378056559643,29.0941352259992,0.904357673953874,17.7353856688774,63487061.4501382,6.28621782898959,1.14754098360656,124.176057835424,20084,13.9296431457952
31,530000,云南,西部,2019,0.463685,48.6635553669919,29.1515169782723,0.871480290513125,15.8025964204316,71473137.4628765,5.99858765576693,1.4421768707483,133.008061094612,22082,13.5153299291442
32,530000,云南,西部,2020,0.451505,50.0423549343499,28.4008193616961,0.931170257613256,16.6621260048007,82864004.6590428,5.90657159030286,1.47962032384143,133.008061094612,23295,14.034516677612
33,530000,云南,西部,2021,0.467638,51.044776119403,24.4255124882187,0.932267769611538,17.2330111721402,97654584.2217484,5.58324988218662,1.48003351019268,133.008061094612,25666,15.0373208568724
34,530000,云南,西部,2022,0.464937,51.7153206903899,23.4618522837502,0.880176841363684,17.3869628749558,100639249.946729,5.45067428675484,1.40726146918097,133.008061094612,26937,15.4885451633559
35,530000,云南,西部,2023,0.492741,52.9210357372138,22.417832790937,0.911281886693769,17.4430318807503,78686068.9064841,5.33824543404472,1.53623188405797,133.008061094612,28421,17.4477866533533
36,530000,云南,西部,2024,0.498039,52.9210357372138,21.7640268788391,0.911281886693769,17.4430318807503,75123523.0934479,5.33824543404472,1.53623188405797,133.008061094612,29932,17.4477866533533
37,150000,内蒙古,西部,2007,0.379536,50.1440922190202,20.9469894907972,0.851881623564413,14.1890955456385,31848023.8781391,2.89728850955118,1.51143790849673,25.9365994236311,8340,14.0458833421109
38,150000,内蒙古,西部,2008,0.385044,51.7184942716858,23.3014545687556,1.05598218030071,14.1897605477908,36491337.9705401,3.08054594386774,1.51143790849673,33.5515548281506,9923,13.1667778106245
39,150000,内蒙古,西部,2009,0.398484,53.4174125305126,27.1225472255849,0.937804903365095,12.6362334184468,27559259.5606184,3.59927929956927,1.586655817738,38.6493083807974,11015,14.270515455357
40,150000,内蒙古,西部,2010,0.412029,55.5016181229773,27.7259478774131,0.940840114361117,14.1680228722234,35314486.2459547,3.60370248417664,1.56500802568218,45.7119741100324,12538,12.8629865845613
41,150000,内蒙古,西部,2011,0.419323,57.0445344129555,31.604762055804,0.943727606959698,13.0700084637747,48303255.0607287,3.98600141677504,1.60060975609756,53.8461538461538,14715,12.1761268027338
42,150000,内蒙古,西部,2012,0.448772,58.400974025974,32.7216549985196,0.805898441034562,12.842127385077,45693912.3376623,4.17952073046103,1.62481536189069,59.6590909090909,16800,12.710778490305
43,150000,内蒙古,西部,2013,0.473423,59.837067209776,32.359467715319,0.858261992339659,12.3929885094886,48857727.0875764,4.29496857554159,1.94206714944042,67.6171079429735,18693,13.3190651345985
44,150000,内蒙古,西部,2014,0.506722,60.963658636178,31.912454146173,0.847169315305749,12.3137232666148,59437815.4348714,4.5064236482374,1.65837479270315,82.4826459779502,20559,13.7052252846664
45,150000,内蒙古,西部,2015,0.525806,62.0901639344262,32.8439261719052,0.83988563259471,12.6154490049283,52176848.3606557,4.84825083017994,1.67616493462957,102.459016393443,22310,14.2314999435687
46,150000,内蒙古,西部,2016,0.528557,63.3825944170772,32.7261717418578,0.717528934941532,12.2979318413991,47784486.863711,5.29468500939134,1.63710777626194,116.995073891626,24127,14.238450952975
47,150000,内蒙古,西部,2017,0.528268,64.6115906288533,30.4060920520066,0.743278593708954,12.4030614159601,57022289.3547061,5.43290755196971,1.71062009978617,134.401972872996,26212,15.544169556704
48,150000,内蒙古,西部,2018,0.536834,65.5243600330305,29.9332127279937,0.539174493838302,11.9286923621431,64782274.9793559,5.24757137192704,1.79882525697504,151.527663088357,28376,14.6373973912648
49,150000,内蒙古,西部,2019,0.537024,66.4596273291926,29.6349164851126,0.558527792099841,11.958062384947,66001933.747412,5.08293391430646,1.67319330722677,165.631469979296,30555,14.2429488071736
50,150000,内蒙古,西部,2020,0.539244,67.4989596337911,30.5374898597752,0.61440259878258,12.185019050655,63348734.91469,4.91945764283231,1.69992609016999,165.631469979296,31497,16.2201906583481
51,150000,内蒙古,西部,2021,0.555138,68.2083333333333,24.75465368988,0.673337697559151,12.2393631538466,79375000.0,4.34801096097515,1.71834142697049,165.631469979296,34108,16.6954540162647
52,150000,内蒙古,西部,2022,0.548347,68.5964181591004,25.173052174322,0.730166278852523,11.7597703687348,93835901.7076218,4.19942793376345,1.69491525423729,165.631469979296,35921,16.7323403026649
53,150000,内蒙古,西部,2023,0.555041,69.5742904841402,27.7591261623421,1.09665547142874,11.3310825834084,116193656.093489,4.38949120883583,1.63751395608485,165.631469979296,38130,16.557347313728
54,150000,内蒙古,西部,2024,0.562382,69.5742904841402,26.327742013939,1.09665547142874,11.3310825834084,122068676.716918,4.38949120883583,1.63751395608485,165.631469979296,40077,16.557347313728
55,110000,北京,东部,2007,0.594626,84.4868735083532,15.8217831279075,5.5010609275538,15.9442255228857,1151549886.63485,13.526449570764,5.85656671927056,201.073985680191,21458,10.8687481054865
56,110000,北京,东部,2008,0.608347,84.9237718802936,16.5857395603186,5.72605382562051,16.1436030398767,1534121394.69226,13.9548467379435,5.85656671927056,216.82665160926,24371,10.6839722552557
57,110000,北京,东部,2009,0.641868,85.0,17.9783580990474,5.44587538857535,15.7659191935741,1154478779.56989,13.5215372570906,5.8453092200872,232.258064516129,26571,10.1014499627054
58,110000,北京,东部,2010,0.644481,85.9327217125382,18.1590483827854,6.58442877541107,16.5685307582471,1537826442.40571,13.6200213846565,6.44911846582122,252.803261977574,29228,10.1533864248598
59,110000,北京,东部,2011,0.668854,86.2154150197628,18.8799101740668,5.64120262662431,16.025982750067,1924683680.83004,14.0882435074002,7.15847791223211,268.774703557312,33176,10.9354344684352
60,110000,北京,东部,2012,0.658791,86.2848893166506,19.3711858794094,5.42532378551601,17.0582664687638,1963942829.64389,14.6294028289539,7.33203233900195,288.739172281039,36817,11.5135497420841
61,110000,北京,东部,2013,0.674361,86.4,19.7479961768853,5.62264295606254,16.3209269561967,2018803821.17647,15.3657982644573,7.84049575643271,316.705882352941,40830,11.2402543570871
62,110000,北京,东部,2014,0.712985,86.5039152464302,19.735976620431,6.2481904757695,16.4000910563643,1913950221.09627,16.2993980633342,8.08307977245667,390.60340856748,44489,11.2496601962132
63,110000,北京,东部,2015,0.728648,86.7001828153565,23.1554011243346,5.01594715652613,14.9131184969587,1459966042.04753,17.6176697297319,8.74823105622025,474.405850091408,48458,12.2083761786081
64,110000,北京,东部,2016,0.744284,86.7425968109339,23.6926245876662,4.46059402787988,13.8505050126663,1286327835.99089,17.6941112080825,8.74289324068225,551.25284738041,52530,11.1787999257036
65,110000,北京,东部,2017,0.773938,86.918869644485,22.837499581702,5.30087786265135,14.1345997453304,1476834197.81222,17.734497875046,9.52146635502522,627.164995442115,57230,11.6547220101604
66,110000,北京,东部,2018,0.749653,87.0894160583942,22.5682051591856,5.69997978967882,13.7257526336993,1881788038.32117,17.976499728146,10.2526547052362,672.901459854015,62361,11.1846058920448
67,110000,北京,东部,2019,0.735102,87.351598173516,20.9004629694937,5.85055188919291,15.3503082399344,1901629004.56621,18.4629187109079,10.8555541513964,668.949771689498,67756,13.1338424095494
68,110000,北京,东部,2020,0.678455,87.5285518501599,19.7983490664463,5.77500850175234,15.9958011180156,1537131475.55962,19.6339790725949,12.4746587376672,668.949771689498,69434,14.8374549266601
69,110000,北京,东部,2021,0.682845,87.5285518501599,17.553940008186,6.23792525315331,15.9307547965891,2151484696.20831,18.7184497242092,13.3245556287031,668.949771689498,75002,14.6311234233434
70,110000,北京,东部,2022,0.671017,87.5915750915751,17.9802315308527,6.5429131828923,15.6794280473682,2496199633.69963,19.4064163270415,13.5055548119395,668.949771689498,77415,14.2961381147788
71,110000,北京,东部,2023,0.680596,87.8316559926807,18.2155449981376,6.54740473576917,15.4041085149757,2371820677.03568,19.7965297630065,13.2345156167284,668.949771689498,81752,14.3744080288537
72,110000,北京,东部,2024,0.683889,87.8316559926807,16.8458221900323,6.54740473576917,15.4041085149757,2323499770.9574,19.7965297630065,13.2345156167284,668.949771689498,85415,14.3744080288537
73,220000,吉林,中部,2007,0.351074,53.1501831501832,21.6591917260986,1.25486557436408,16.34154068978,37721615.3846154,4.33791632968164,1.37404580152672,28.2051282051282,7791,17.4674119670499
74,220000,吉林,中部,2008,0.369655,53.218727139722,24.4093739011728,1.13632511947938,15.93312544487,48764173.3723482,3.94026516640122,1.37404580152672,35.844915874177,8921,16.9355658746568
75,220000,吉林,中部,2009,0.366573,53.3211678832117,27.2173769043939,1.28311733966103,14.6693167298761,42855500.0,4.30374622801207,1.92235205427817,40.8759124087591,9671,16.9306589328087
76,220000,吉林,中部,2010,0.409344,53.3309064433928,27.8800405584588,1.06979997202406,13.9991607217793,61322104.1135785,3.83589423601903,1.94319880418535,46.2322533673098,10798,14.1759686669464
77,220000,吉林,中部,2011,0.449072,53.394495412844,28.466113309027,0.961966444720993,14.5257841525339,80957541.2844037,4.94660357355261,2.08708168405901,52.1100917431193,12621,13.5797142260212
78,220000,吉林,中部,2012,0.466449,54.5218680504077,28.4766075132519,1.01003561022985,18.2522661055358,91041549.2957746,5.80318045632634,1.64623467600701,59.3031875463306,14395,12.3017157656199
79,220000,吉林,中部,2013,0.481171,55.7346326836582,29.11369446006,1.35601371315319,15.3777492795494,96820595.952024,6.82124333096448,1.97990543735225,67.4662668665667,15998,13.1225840768578
80,220000,吉林,中部,2014,0.51361,56.8130204390613,29.2304219134099,1.25117995366,13.9740839268858,99851574.5647237,6.82687001454874,1.97368421052632,81.7562452687358,17520,13.3939758002231
81,220000,吉林,中部,2015,0.479282,57.6349024110218,32.1131962467558,1.28656243200398,14.8447359423083,72244125.5262151,6.81872629267319,2.03014457090126,98.7370838117107,18684,14.3694631811259
82,220000,吉林,中部,2016,0.485851,58.7456174522789,34.3923467919824,1.14358535340719,13.9343965154249,71885025.3213868,7.02215402320898,1.98696057125116,110.634982469809,19967,13.875558059056
83,220000,吉林,中部,2017,0.480768,59.6991290577989,34.1120673869255,1.25720666072598,13.6373640531226,73408436.2628662,7.09210767258744,2.05144903940085,135.787806809185,21368,14.7837196568717
84,220000,吉林,中部,2018,0.490411,60.8695652173913,33.6738701594128,1.08455004367227,13.5587227114279,83249452.4959742,6.9381009081377,2.0766201217329,159.420289855072,22798,16.7326808441019
85,220000,吉林,中部,2019,0.51554,61.6421568627451,33.5421427840502,0.996079747395396,12.7250586004037,77222724.6732026,7.1451717433571,2.01947349441039,176.470588235294,24563,17.485546928627
86,220000,吉林,中部,2020,0.514003,62.6511046269279,33.6746899477807,0.967733337856207,12.7615290865169,77225197.9991663,7.35313315926893,1.70674941815361,176.470588235294,25751,19.838048832493
87,220000,吉林,中部,2021,0.529619,63.3684210526316,28.0833801789757,1.03953646898432,13.172330963742,97852631.5789474,7.21752077667543,1.76678445229682,176.470588235294,27770,21.2137934019325
88,220000,吉林,中部,2022,0.519728,63.7137989778535,31.5492155623688,0.553411094433495,12.3100585804684,99616695.0596252,7.8045888236166,2.02228642179117,176.470588235294,27975,22.1779867013187
89,220000,吉林,中部,2023,0.551096,64.7285164600257,32.5680649166371,0.874547579336714,12.1431407921758,101752885.848653,7.96233889085964,1.96665241556221,176.470588235294,29797,22.2884827030645
90,220000,吉林,中部,2024,0.557938,64.7285164600257,32.5385761635518,0.874547579336714,12.1431407921758,106991799.741044,7.96233889085964,1.96665241556221,176.470588235294,31318,22.2884827030645
91,510000,四川,西部,2007,0.332237,35.5973914113449,16.6551159333845,1.18126573931432,16.6480021374202,17691797.7113326,3.26450232434838,0.943909965510982,27.931586071121,6322,15.4690102493846
92,510000,四川,西部,2008,0.29181,37.4047677562055,23.116837302645,0.875601509751325,12.5229328242048,27173318.9972966,3.42813690597513,0.943909965510982,35.1437699680511,7413,15.2250214491849
93,510000,四川,西部,2009,0.321027,38.7049480757483,25.3035107747382,0.797611621067641,12.5724088762142,29527979.2302993,3.40084281143856,1.04535790219702,39.7067806963959,8214,12.6968964441672
94,510000,四川,西部,2010,0.335661,40.1740211311374,24.7200548047002,0.815175270903104,12.6973353562018,40638737.1037912,3.52340810923784,1.10410094637224,44.8725916718459,9373,12.0632318611172
95,510000,四川,西部,2011,0.359166,41.8526785714286,22.207696583044,0.978626372215995,14.6453843060416,59181757.1924603,3.76515968438404,1.0586319218241,50.2232142857143,11130,13.8139262276146
96,510000,四川,西部,2012,0.39246,43.3518862090291,22.7861334983112,1.08971030950341,18.220543424222,73152257.266543,4.91631274454068,0.936183491964425,55.4112554112554,12753,12.4786506671265
97,510000,四川,西部,2013,0.408049,44.9623874707115,23.4591975262086,1.11736064337854,16.6601027823904,79633318.5349611,5.77042009201297,1.84353580713779,62.1531631520533,14231,13.3985220811746
98,510000,四川,西部,2014,0.415194,46.5044845804153,23.5247635101224,1.20295264845268,15.5505465224575,86255031.3306303,5.6141468192847,2.01558056139483,78.8794692222632,15749,13.6392995920025
99,510000,四川,西部,2015,0.43096,48.2674475353831,24.710005932371,1.28962815654797,16.7032788219022,62455539.2874573,6.191088260497,2.30043997485858,95.2903855539287,17221,14.8282563144297
100,510000,四川,西部,2016,0.439908,50.0060598715307,24.167931559968,1.26222235540755,16.2550615628383,59757910.5562962,6.97889162152783,2.33650793650794,111.501636165313,18808,16.4838073690611
101,510000,四川,西部,2017,0.462113,51.7794667631801,22.9382325861164,1.22568075484545,15.9774392852707,82164384.1235372,7.17792592553509,2.53723807119414,131.861503197008,20580,17.2672966246337
102,510000,四川,西部,2018,0.491918,53.5031847133758,22.6270975080474,1.52366726757662,15.0582539273757,108065301.045547,6.81178776796474,2.47245708429413,151.303929816128,22461,16.9371104815864
103,510000,四川,西部,2019,0.519097,55.3586396838702,22.3195035782227,1.78727253224483,15.2575769435562,117830992.695486,6.68991756499683,2.53517556090759,164.411447730811,24703,17.0300642529065
104,510000,四川,西部,2020,0.522168,56.7315732887349,23.0890114965279,1.62253293732933,15.0569627826484,139646602.556445,6.84575354215119,2.75005801810165,164.411447730811,26522,17.8475944185581
105,510000,四川,西部,2021,0.52662,57.8236980410893,20.7360042893063,2.43516003027901,15.4519249372977,173781653.129479,6.56818517970714,2.90304073436604,164.411447730811,29080,19.3106264527639
106,510000,四川,西部,2022,0.530748,58.3472653451158,21.0468431484079,1.92300913328622,15.6533212026193,178624313.350848,6.67600538418871,2.99523485364193,164.411447730811,30679,18.780393229853
107,510000,四川,西部,2023,0.553599,59.4885277246654,21.1744153366959,1.91725458442337,15.3085066195233,162380497.131931,6.64760887966488,3.12358533272974,164.411447730811,32514,19.1634355078502
108,510000,四川,西部,2024,0.556586,59.4885277246654,20.78199916534,1.91725458442337,15.3085066195233,175681492.109039,6.64760887966488,3.12358533272974,164.411447730811,34325,19.1634355078502
109,120000,天津,东部,2007,0.460004,76.3228699551569,16.2160927279723,3.31291800750374,16.3154538579034,640804780.269058,6.80790688726433,1.24626121635095,84.304932735426,13116,11.7998606023757
110,120000,天津,东部,2008,0.475049,77.2108843537415,16.7435937017598,3.30175632692574,16.3301525837828,683680578.231292,6.74783883914789,1.24626121635095,96.0884353741497,15444,12.1836537131794
111,120000,天津,东部,2009,0.469221,78.0130293159609,19.6910466582598,3.02415768313943,15.4418828049952,519798322.47557,7.76061370323665,1.23946455131383,102.605863192182,16967,10.3088198669371
112,120000,天津,东部,2010,0.506912,79.5996920708237,20.1563506470692,3.14125098050609,16.6729612736411,632025019.245574,8.00491889676173,1.06951871657754,110.08468052348,19266,10.0040672845066
113,120000,天津,东部,2011,0.535635,80.462341536167,22.1427426810478,3.34960725479171,16.829869790072,770888635.346756,9.66163328197226,0.782997762863535,118.568232662192,21714,9.37132932144985
114,120000,天津,东部,2012,0.534562,81.5674891146589,23.7002101072653,3.56707928761064,17.6720899958474,839145645.86357,11.0063032179586,1.14147353856797,125.544267053701,24030,9.38638770815739
115,120000,天津,东部,2013,0.552631,82.2695035460993,25.6320509984515,3.64073575735228,18.0981558992786,911360198.58156,11.9894624650592,1.19047619047619,134.751773049645,26359,8.99415897474119
116,120000,天津,东部,2014,0.556882,82.5752274317705,27.1103133281958,3.77855582902902,17.9224876070302,936921448.56543,12.7004116309231,1.28595600676819,160.251924422673,28832,8.99781606406212
117,120000,天津,东部,2015,0.563292,82.9047949965254,29.7104646353233,3.73783779603075,15.6987949943539,794182091.730368,13.3792913277265,1.49253731343284,202.918693537179,31291,9.73811623122496
118,120000,天津,东部,2016,0.551093,83.2986832986833,32.2328616735789,3.38376452588642,13.5829033121319,711406424.116424,13.5799672393964,1.67832167832168,257.103257103257,34074,10.2156278129334
119,120000,天津,东部,2017,0.59329,83.5460992907801,26.3645125536119,3.53354414569205,13.2394426267464,800845141.843972,13.9093698295664,1.96660482374768,306.382978723404,37022,14.000743326814
120,120000,天津,东部,2018,0.544526,83.9479392624729,23.2222047609426,3.43778599878833,14.4430193737996,886169855.38684,13.7574927598051,2.46153846153846,356.47143890094,39506,16.2885574704495
121,120000,天津,东部,2019,0.652388,84.3321299638989,25.2976414926541,3.09164695658532,13.1515224807422,770004844.765343,13.5740457472164,2.44988864142539,400.0,42404,15.4956394081632
122,120000,天津,东部,2020,0.549141,84.7152126892574,22.4967875499714,3.74982150506926,14.0546115156996,766559596.250901,14.681610508281,2.7418723070897,400.0,43854,16.4653243847875
123,120000,天津,东部,2021,0.55256,84.8506919155135,20.0990111634609,3.29796513933165,15.20197935005,944501092.498179,13.6154694582757,3.23712948517941,400.0,47449,18.9675024979778
124,120000,天津,东部,2022,0.545438,85.1063829787234,16.9216225933227,2.27706487217153,17.5446822695919,912692589.875275,13.3757330060376,2.87710645293876,400.0,48976,20.015165779554
125,120000,天津,东部,2023,0.548104,85.4838709677419,19.5994574991187,2.34817492882009,14.9916778949037,834970674.486804,13.4418335095864,2.14611872146119,400.0,51271,20.3416025996671
126,120000,天津,东部,2024,0.547834,85.4838709677419,20.0877703988504,2.34817492882009,14.9916778949037,836217008.797654,13.4418335095864,2.14611872146119,400.0,53581,20.3416025996671
127,640000,宁夏,西部,2007,0.344211,44.0983606557377,27.5581130355515,1.98056646681828,19.5617118048377,25926475.4098361,5.44667274384685,1.0507880910683,39.344262295082,6630,10.5437254496589
128,640000,宁夏,西部,2008,0.348018,44.9838187702265,28.4945575842697,1.33390838236653,16.6538307507471,30411067.961165,5.25807584269663,1.0507880910683,50.1618122977346,7924,11.4136964357229
129,640000,宁夏,西部,2009,0.378931,46.08,34.1327859793163,1.01767045980202,14.68683504487,19239664.0,5.44722507302439,1.20481927710843,54.4,8742,11.0278471644
130,640000,宁夏,西部,2010,0.408939,47.867298578199,35.4730546541961,1.07079439671408,14.6341900884257,30963491.3112164,5.61812050645798,1.01180438448567,60.0315955766193,9864,6.28306996932901
131,640000,宁夏,西部,2011,0.412697,50.1543209876543,36.5415674500466,1.11487300080747,14.5939284044708,35273858.0246914,6.1755875349415,0.985221674876847,64.8148148148148,11480,10.1925174597328
132,640000,宁夏,西部,2012,0.407541,51.1380880121396,40.5612388549976,1.11180526632422,12.3154704058494,33637481.0318665,6.90286250586579,0.890207715133531,69.8027314112291,13104,10.3660511823777
133,640000,宁夏,西部,2013,0.434026,52.8528528528528,39.6305365811746,1.15883271182031,12.2441678952389,48313603.6036036,7.71147484641492,1.10803324099723,84.0840840840841,14566,11.1406209348712
134,640000,宁夏,西部,2014,0.461013,54.8672566371681,40.4401956425078,1.1654755360088,12.2624818831526,80165368.7315634,8.04397914224504,1.09289617486339,104.719764011799,15907,11.637763006647
135,640000,宁夏,西部,2015,0.480593,57.0175438596491,44.1377839807707,1.51516482358211,12.5174573338369,54667470.7602339,8.44770101574009,1.09439124487004,137.426900584795,17329,12.844205921879
136,640000,宁夏,西部,2016,0.478129,58.705035971223,45.1046235708636,1.4555135746967,12.1614296873755,46798402.8776978,8.6215574890343,1.13154172560113,161.151079136691,18832,13.0916511231208
137,640000,宁夏,西部,2017,0.51035,60.9929078014184,42.8953535606037,1.86118678885182,12.4309794723117,71482510.6382979,8.31172077617723,1.12517580872011,191.489361702128,20562,11.8241815877271
138,640000,宁夏,西部,2018,0.544898,62.112676056338,40.4267563101818,2.39736163375756,12.0128817668034,53191042.2535211,8.14483505213378,1.17647058823529,211.267605633803,22400,12.4018716615224
139,640000,宁夏,西部,2019,0.538119,63.5983263598326,38.3697478991597,2.17341426277037,12.4682783027067,48669609.4839609,8.16059757236228,1.14285714285714,224.546722454672,24412,12.9000410209346
140,640000,宁夏,西部,2020,0.529011,64.9098474341193,37.4177893486338,1.8853522116242,14.0790078089113,24721858.5298197,8.07572732098173,1.15774240231548,224.546722454672,25735,13.9459320705774
141,640000,宁夏,西部,2021,0.526465,66.0689655172414,31.1209188788632,2.03096877210429,14.0073815209855,41793103.4482759,7.22287607340569,1.41442715700141,224.546722454672,27904,16.0607609829889
142,640000,宁夏,西部,2022,0.538799,66.3461538461538,31.1062571014379,1.60972384041314,13.3734294801146,44230769.2307692,6.8996591309799,1.40449438202247,224.546722454672,29599,17.3756966967913
143,640000,宁夏,西部,2023,0.555274,67.3525377229081,32.9516462841016,1.60216514976761,12.7722139113156,40192043.8957476,7.25117591721543,1.21293800539084,224.546722454672,31604,16.6999737349975
144,640000,宁夏,西部,2024,0.562876,67.3525377229081,32.1563567638293,1.60216514976761,12.7722139113156,39780521.2620027,7.25117591721543,1.21293800539084,224.546722454672,33355,16.6999737349975
145,340000,安徽,中部,2007,0.338756,38.705459300425,15.6622091266244,1.28313354718892,17.1221147584477,26041657.4043805,2.84073738289513,1.0183299389002,23.700555737169,6724,16.5971234011079
146,340000,安徽,中部,2008,0.363299,40.5052974735126,17.3059667776879,1.44372332481346,17.3793203936544,32899507.7424613,3.31592716727781,1.0183299389002,28.3618581907091,7893,13.8544012919442
147,340000,安徽,中部,2009,0.357104,42.0975371065079,19.7144882049205,1.70267797116606,15.1168110853813,25571237.9709672,3.3245280587591,1.02806335093081,30.9900505627141,8683,14.1910062000448
148,340000,安徽,中部,2010,0.375761,43.0082256169213,19.5294268592734,2.24067769099671,14.9292204002922,40747644.7876448,2.9962716418361,1.01903995709306,38.4421688769515,9955,12.913460683797
149,340000,安徽,中部,2011,0.396273,44.7923643670462,20.2825316704432,2.33212937368869,17.0969333846,52426734.7622237,3.0881368629835,1.0689990281827,44.0388479571333,11873,11.8977048068568
150,340000,安徽,中部,2012,0.41698,46.3031114084978,21.5956536198935,2.42362427764636,18.1251751447232,65715189.0264302,3.35683170044216,1.03021978021978,50.8531281365005,13593,11.5927503338795
151,340000,安徽,中部,2013,0.450552,47.8623914495658,21.1314127477652,2.52132910621217,16.934310261191,76016982.2979292,4.42479595802565,1.19299595920724,59.1182364729459,15154,12.2684605109789
152,340000,安徽,中部,2014,0.465249,49.3079873269968,20.7111995275248,2.77845672262602,15.9316910014794,82003168.2507921,4.65991998117204,1.41843971631206,75.3710188427547,16796,12.3457901846015
153,340000,安徽,中部,2015,0.486341,50.9732157710863,21.9838279230589,2.82381594996001,16.3528987346846,79594962.5686242,5.18983517405754,1.49863760217984,95.4915987356513,18363,13.1998221037944
154,340000,安徽,中部,2016,0.507492,52.6272169733134,20.9936634521452,4.6985759422048,16.4924542137807,73616544.0079563,5.49686973775739,1.547089537807,121.498425327366,19998,13.78955087408
155,340000,安徽,中部,2017,0.540702,54.284299157999,20.9050013141844,4.19758180859827,16.3594629751717,89188750.2063728,5.67188521441424,1.58853157690817,151.229981839194,21863,13.9032304342009
156,340000,安徽,中部,2018,0.558274,55.6451612903226,19.3236580037576,4.48574667346302,16.9390534300039,103423826.530612,6.29945105833718,1.57015026169171,185.648452929559,23984,14.5259922551981
157,340000,安徽,中部,2019,0.591981,57.0256073539068,20.0627485038879,5.11280778981145,16.5337341150561,112820623.768877,6.35247180795484,1.60068846815835,220.945502298096,26415,14.6648773981294
158,340000,安徽,中部,2020,0.570763,58.3292383292383,19.6355634959211,4.95049902389615,16.8842550902578,128917348.075348,6.56490154092718,1.71499292786422,220.945502298096,28103,15.6962049028646
159,340000,安徽,中部,2021,0.590829,59.3980042532308,17.8339347636097,5.48132340058358,17.331726177538,172157696.711925,6.34767368648567,1.77556818181818,220.945502298096,30904,16.1977592032723
160,340000,安徽,中部,2022,0.595247,60.159947772156,18.7855011578718,6.05696092260179,16.9559344040058,183140199.118655,6.34128188631111,2.02843273231623,220.945502298096,32745,17.0306380358434
161,340000,安徽,中部,2023,0.602285,61.5095572618853,18.3707965466965,6.19350569267097,17.5466849924279,186897565.757229,6.45177744810906,2.30001691188906,220.945502298096,34893,17.3958214024992
162,340000,安徽,中部,2024,0.606839,61.5095572618853,17.7681273357932,6.19350569267097,17.5466849924279,198497468.561163,6.45177744810906,2.30001691188906,220.945502298096,36782,17.3958214024992
163,370000,山东,东部,2007,0.433115,46.7492260061919,9.9561583054921,2.05186020293123,20.0437694807348,130750980.036298,2.98528486096989,0.643443532283115,39.6071314188107,9085,11.1315958175829
164,370000,山东,东部,2008,0.444896,47.6053944993098,9.97801241044484,2.11228028661643,20.3718766869033,168214411.171286,2.99820705226111,0.643443532283115,44.8125730062653,10411,10.5392174986874
165,370000,山东,东部,2009,0.465555,48.3210137275607,11.0615487732221,1.92430692205761,18.7745396566973,146835658.922915,3.26632995721172,0.672232462322455,49.7360084477297,11398,10.4903493926865
166,370000,山东,东部,2010,0.489658,49.697538589904,12.2191171051662,2.03520843033705,18.5873202365242,197284409.678765,3.70226251013339,0.690232169002301,55.2774301209846,12922,10.0546920046417
167,370000,山东,东部,2011,0.505092,50.8639420589757,12.8045124907526,2.17150099858658,20.9493269786309,244062158.303156,3.87534589874798,0.7996953541508,61.8727366787377,15077,10.0266489673275
168,370000,山东,东部,2012,0.534039,52.029254223321,13.7450910555365,2.11668348993652,22.2168779172566,252929872.270293,4.1753089696047,0.819672131147541,68.0881747012773,17127,10.1020912792234
169,370000,山东,东部,2013,0.566115,53.4578288528627,14.1279942886472,2.22969740461667,20.9255770840808,273477870.921404,4.67976081597996,1.35595846892918,77.2624666529858,19008,10.1958497787346
170,370000,山东,东部,2014,0.560009,54.7716150081566,14.1355751278193,2.04895706051431,20.356512398099,282350528.140294,4.97451491684852,1.34249387980731,101.651712887439,20864,10.6381081491534
171,370000,山东,东部,2015,0.563983,56.9734441516319,14.9216658708454,1.92787645105885,20.4923387971651,243875732.819785,5.22854538351348,1.40697016252931,136.124062436651,22703,10.9653200420363
172,370000,山东,东部,2016,0.571436,59.1296500551489,14.8993150393533,1.90743568686531,20.8560388614322,234990325.879876,5.55660497766433,1.49732620320856,175.373508472877,24685,11.3379347839743
173,370000,山东,东部,2017,0.579711,60.7893949965115,14.6930510171856,2.11451222673464,20.4138944094012,263680809.329214,5.66653071394224,1.58437421410009,209.010266121798,26930,12.2263026008814
174,370000,山东,东部,2018,0.589928,61.4567827726506,15.1554789351362,2.30413742852165,19.8644485276647,290162820.283815,5.80834792472194,1.59433126660762,243.326386821475,29205,12.4145625762304
175,370000,山东,东部,2019,0.596554,61.8642390659015,15.2249558764114,2.84699099421216,20.0762400649549,293880399.762517,5.92198807777093,1.61380597014925,287.354047100732,31597,13.4512316848794
176,370000,山东,东部,2020,0.598762,63.049680275455,15.4310408773843,2.65829410549854,20.3305820437405,315012680.767339,6.21210414543217,1.81189110443413,287.354047100732,32886,14.7552147501407
177,370000,山东,东部,2021,0.616817,63.9429695181908,14.1334922871981,3.1786469236312,20.5844537255531,430668633.235005,5.86098133096511,1.89479382838582,287.354047100732,35705,15.9085165745196
178,370000,山东,东部,2022,0.607962,64.5380301092197,13.8491200305103,2.58281438216847,21.6552075543569,473521597.95336,5.96881141031482,1.82154415164124,287.354047100732,37560,16.1967180134937
179,370000,山东,东部,2023,0.617723,65.5339326286674,13.6655997097819,2.56482807624383,21.5688768008241,458737528.400672,5.97456030116641,1.84772516248839,287.354047100732,39890,17.3406063072357
180,370000,山东,东部,2024,0.619918,65.5339326286674,13.2674923756516,2.56482807624383,21.5688768008241,471289682.539683,5.97456030116641,1.84772516248839,287.354047100732,42077,17.3406063072357
181,140000,山西,中部,2007,0.390598,44.0318302387268,17.6885234854101,1.50487656202377,17.2603626943005,34127565.5761863,3.24988206752476,1.22601279317697,32.1249631594459,7282,17.4127552575434
182,140000,山西,中部,2008,0.417941,45.1187335092348,18.206008583691,1.34142446502715,17.8696901948259,42201867.4875403,3.277031704278,1.22601279317697,37.5256523013779,8333,16.6065915347295
183,140000,山西,中部,2009,0.405067,45.9877443828421,21.8492920700655,1.12761734007812,17.8055964653903,25004470.3822585,3.76909731937993,1.11456713322965,40.5602567843595,8911,15.1719280271499
184,140000,山西,中部,2010,0.421848,48.041410184667,21.6911690382866,1.04175296164361,17.0128821141579,35188094.5719082,3.75004211637597,1.0395537525355,44.487968662563,10149,14.2107116228979
185,140000,山西,中部,2011,0.422136,49.8034811903425,21.6978447642826,1.14939611227447,17.8433487742454,41389828.7478944,3.55411954765751,1.19599707102758,51.3756316676025,11959,13.6049241703154
186,140000,山西,中部,2012,0.441759,51.3246899661781,23.6192448921947,1.20748262341183,20.2224348242047,42398844.4193912,4.07768486103859,1.21559633027523,57.2153325817362,13592,12.8507026737115
187,140000,山西,中部,2013,0.47114,52.8712871287129,25.2780465830219,2.04809694633564,17.9015421780584,44670379.0664781,4.85768152696209,1.29310344827586,62.2347949080622,15120,13.8284496044724
188,140000,山西,中部,2014,0.475816,54.3083900226757,25.5093553374619,1.758673442929,16.4419436809625,46011374.7165533,5.60824162649756,1.21654501216545,75.3968253968254,16538,14.608722709122
189,140000,山西,中部,2015,0.472558,55.8681443591929,28.9190125375959,1.09466340634011,17.6118984390748,41720133.5606706,7.17701328106519,1.24914830797184,91.2190963341859,17854,15.5844193784929
190,140000,山西,中部,2016,0.497376,57.256687535572,28.7020357597268,1.0079151671401,17.7018017650181,47414373.9328401,7.61233509676555,1.1611704598235,110.130904951622,19049,15.8151688899518
191,140000,山西,中部,2017,0.513252,58.6039886039886,25.9344255504236,1.33770984075263,16.5229127733321,48965455.8404558,6.66307657256478,1.14299043620247,129.62962962963,20420,17.2139963049925
192,140000,山西,中部,2018,0.547753,59.8515134209024,26.8447371554258,1.3791139403022,15.5939317119174,59287184.4660194,6.77461602571735,1.1507750117426,156.48201027984,21990,15.678433954028
193,140000,山西,中部,2019,0.584477,61.2810980840721,27.7730874445807,1.22527999728282,14.7806298771324,59998927.6522734,6.66564475049524,1.17887100430741,173.005433228482,23828,15.100323514677
194,140000,山西,中部,2020,0.592089,62.5214899713467,28.6554419251385,1.29312621921512,14.3490247257316,62584570.2005731,6.61710287290587,1.17487573429733,173.005433228482,25214,15.8524869542759
195,140000,山西,中部,2021,0.606568,63.4195402298851,22.0661641248076,1.65219493443136,15.4162588029216,94712643.6781609,5.55128025745068,1.12892300745089,173.005433228482,27426,17.5662126334061
196,140000,山西,中部,2022,0.605052,63.9471416259696,22.9695238020787,1.03820301199694,14.6575342465753,78885377.7650101,5.16066745101411,1.16358658453114,173.005433228482,29178,17.004339317621
197,140000,山西,中部,2023,0.594087,64.9740334679746,24.6928189523002,1.32595605465826,14.3492902967563,69244085.4010387,5.40971741211447,1.12695492180313,173.005433228482,30924,17.389187170343
198,140000,山西,中部,2024,0.606527,64.9740334679746,24.7819350688575,1.32595605465826,14.3492902967563,71125943.1224608,5.40971741211447,1.12695492180313,173.005433228482,32441,17.389187170343
199,440000,广东,东部,2007,0.413715,63.1366459627329,9.95372149729386,3.77456426032656,18.2271638229253,656507198.757764,5.40787459124331,1.60730231173728,64.4927536231884,12238,8.97210696392231
200,440000,广东,东部,2008,0.456763,63.3680380066714,10.2946529280028,3.50714688360941,18.6136554304936,692377234.408167,5.50182267969333,1.60730231173728,73.991711311028,13605,9.60230986854815
201,440000,广东,东部,2009,0.493153,63.4057255676209,10.9829037088841,3.88753152130529,18.5309514416167,603251775.913129,6.01271516063723,1.58293838862559,80.2566633761106,14728,9.2631685804396
202,440000,广东,东部,2010,0.550129,66.1814002490183,11.8001680284517,3.95533372436614,16.9966467092376,751744204.578106,6.29040191883268,1.57353598569513,90.7959007757878,16579,8.66137665681707
203,440000,广东,东部,2011,0.541859,66.567497210859,12.6475331996804,3.03795959716346,18.2925630176986,849263044.812198,6.26837099229737,1.59101922145049,103.012272220156,18916,8.1736785650438
204,440000,广东,东部,2012,0.545192,67.1497146997555,12.9594072379696,3.33939733562899,20.3200926926065,891242151.978987,6.5905132113732,1.42638036809816,113.75781179241,21268,8.27086598825641
205,440000,广东,东部,2013,0.568732,68.092280390417,13.4568679463837,4.10105813815242,20.7417667340388,968572703.637977,7.19768844574855,1.69293340111845,135.758651286602,23421,8.88087028890738
206,440000,广东,东部,2014,0.564603,68.6221603272696,13.4256083786836,2.99727728830152,19.7644614013006,937056727.304378,7.14769776891145,1.7534079967567,169.553485943076,25685,8.70797933710929
207,440000,广东,东部,2015,0.553823,69.5067648569961,17.1649779747472,4.43996632314193,15.9080278769547,875574313.238568,8.18881770155916,1.81211498973306,212.450762116801,27859,8.30157938227911
208,440000,广东,东部,2016,0.561725,70.1461202552906,16.3651001908397,5.52554683182992,17.2427077313925,802232118.743702,7.99628057329802,2.22210870453617,266.375545851528,30296,8.52522926739297
209,440000,广东,东部,2017,0.58098,70.7437608104769,16.4077395533161,5.47891003013803,17.1273378252207,829156061.27996,7.97741811940595,2.54189801844022,314.306893995552,33003,9.46521624633915
210,440000,广东,东部,2018,0.608917,71.8091998704244,15.7378843606296,6.57824970786928,17.7560800698825,878251192.905734,7.96666573282159,3.04899453387493,362.082928409459,35810,9.58735503132379
211,440000,广东,东部,2019,0.631258,72.6479301785571,16.0184707589532,6.75685128498629,18.5601678821356,830031807.190328,8.11589183502814,3.2064322386903,395.708223236448,39014,9.84792907789118
212,440000,广东,东部,2020,0.592478,74.1524081115336,15.6819964804825,5.48299876253457,20.1399936549061,811172731.30545,9.0112063164183,3.54865007432983,395.708223236448,41029,10.3678605502103
213,440000,广东,东部,2021,0.60541,74.6294544307789,14.6304387044528,5.38586869848814,20.8071897806819,1006456953.64238,8.76951880018762,3.81827656449855,395.708223236448,44993,11.6835032150473
214,440000,广东,东部,2022,0.598961,74.7807537331121,14.3097558866405,5.30823802627518,20.8877315589206,981583313.581417,8.92346440837101,4.05980838091551,395.708223236448,47065,11.6222451961574
215,440000,广东,东部,2023,0.606018,75.4210609161026,13.655629851732,5.29205166721272,21.6140957293209,928632142.294979,9.15346582818125,4.10050251256281,395.708223236448,49327,12.2289973082572
216,440000,广东,东部,2024,0.610713,75.4210609161026,12.6780471893009,5.29205166721272,21.6140957293209,1002081377.1518,9.15346582818125,4.10050251256281,395.708223236448,51474,12.2289973082572
217,450000,广西,西部,2007,0.247748,36.241610738255,18.0086943815299,1.33780960301844,19.2080653995172,19419037.3322148,3.38277197340542,1.12704918032787,14.6812080536913,6614,11.2248209830213
218,450000,广西,西部,2008,0.272804,38.1644518272425,20.0934101682313,1.2497012589526,19.3676712075306,27483737.5415282,3.72556309446355,1.12704918032787,18.687707641196,7839,9.94364394692817
219,450000,广西,西部,2009,0.323496,39.2092257001647,22.8011078463074,1.11418036526865,18.2880960895784,29354872.3228995,4.55791589928159,1.16124751161247,22.4464579901153,8655,12.5593469065618
220,450000,广西,西部,2010,0.341683,40.0,23.4739956035733,1.07890555342475,18.2726552732381,38479188.7201735,4.30522426453393,1.13672245026839,29.7180043383948,9739,10.8124666889156
221,450000,广西,西部,2011,0.348186,41.890440386681,24.7116962300605,1.10989753583103,17.9504808901182,50173933.4049409,4.12042835367334,1.22950819672131,38.8829215896885,11054,9.84724666834297
222,450000,广西,西部,2012,0.375472,43.4810396250533,26.4095509395237,1.43406035715841,19.7385126104186,62813080.528334,4.9506351958668,1.22905027932961,48.3596080102258,12644,9.4575627338597
223,450000,广西,西部,2013,0.4026,45.1067427605157,25.7757623469683,1.69415988556006,19.0088105040406,69388076.5165927,5.90517656887632,1.29032258064516,59.8182202494187,14082,10.8493550287191
224,450000,广西,西部,2014,0.424883,46.5408805031447,25.6096645520246,1.72223036447602,18.9818925854721,85008073.3752621,6.11430842373305,1.12079701120797,73.1656184486373,15557,11.1265334977111
225,450000,广西,西部,2015,0.444676,47.9941800041571,27.4737460973929,1.22075705139085,19.4241312898013,106195275.410518,6.73275757207152,1.08534780463739,90.6256495531075,16873,11.3301898162838
226,450000,广西,西部,2016,0.451133,49.2485073090385,27.5597830807987,1.01762838552806,19.2392552401108,98059359.6870496,6.89165208542745,1.04633781763827,106.03253036854,18305,12.1338676632821
227,450000,广西,西部,2017,0.472798,50.5808029345832,27.5905388770537,1.22317181244971,18.7468804433081,117951210.51559,6.98173764944606,1.00502512562814,121.866721010801,19905,13.8258752584776
228,450000,广西,西部,2018,0.481223,51.8293915504346,27.0572351460683,1.21320192666182,17.5723157224793,125939490.600364,6.96359245559869,1.26680455015512,136.244188397008,21485,14.4932721240354
229,450000,广西,西部,2019,0.498959,52.9706945002007,27.5506542795391,1.23620739160753,17.3393767860317,136936244.480128,6.91949465793352,1.11358574610245,148.534725010036,23328,13.9594186253196
230,450000,广西,西部,2020,0.505758,54.1940625622634,27.9349845621109,1.07226024238325,17.1713755386789,140294979.079498,7.11047018882595,1.43762183235867,148.534725010036,24562,14.8596886140721
231,450000,广西,西部,2021,0.519195,55.072463768116,23.0335077412522,1.22499801947459,18.8422020687018,182032956.124677,6.69520133602548,1.43797221545211,148.534725010036,26727,15.8967302386619
232,450000,广西,西部,2022,0.531084,55.656825837131,22.5055277418172,1.76674607861104,19.3731207536669,190152565.880721,6.80819213246722,1.44012127337039,148.534725010036,27981,16.7381034798721
233,450000,广西,西部,2023,0.532261,56.7734235130296,22.4295282769167,1.75878532198506,19.4569416376978,195285458.523971,7.13392935917419,1.76560900716479,148.534725010036,29514,17.6439062046721
234,450000,广西,西部,2024,0.533602,56.7734235130296,22.6369487668154,1.75878532198506,19.4569416376978,212028725.314183,7.13392935917419,1.76560900716479,148.534725010036,31125,17.6439062046721
235,650000,新疆,西部,2007,0.362631,39.1408114558473,22.7185714285714,1.61478966232786,17.9551028107904,65469346.0620525,4.55142857142857,0.765511684125705,32.9355608591885,6273,11.4355781927938
236,650000,新疆,西部,2008,0.354718,39.6527451900516,25.5729631864816,1.40084579368675,18.8047500377587,104257907.085875,4.48280024140012,0.765511684125705,42.2336931018301,7012,10.2948950309621
237,650000,新疆,西部,2009,0.368908,39.8332561371005,31.7892376681614,1.19829832728245,17.829699089026,64603200.5558129,5.19707340099127,0.801924619085806,43.5386753126447,7656,13.1775693995887
238,650000,新疆,西部,2010,0.407548,43.0205949656751,31.6948994440506,1.1884090387366,18.4730209369537,78398672.7688787,4.66213947240775,0.705882352941177,46.6819221967963,9042,9.79451530687323
239,650000,新疆,西部,2011,0.411859,43.7303370786517,34.9738211879975,1.15693218179988,17.5006237716077,102560323.595506,4.96631965707287,0.894774516821761,48.0898876404494,10443,8.82647768210848
240,650000,新疆,西部,2012,0.422863,44.2077230359521,36.6991823848458,1.21357170955159,17.4208751980648,111717976.031957,5.60727488599261,0.900277008310249,51.930758988016,12151,8.37441683486087
241,650000,新疆,西部,2013,0.446691,44.945295404814,36.5455282034173,1.2992644565586,17.3671066016328,120618778.993435,6.71543979219789,0.936995153473344,58.6433260393873,13670,8.58036203343854
242,650000,新疆,西部,2014,0.462427,46.7956989247312,35.811862485833,1.21586959994454,17.0957173299094,119020709.677419,7.19412812348211,0.884396715097915,68.3870967741936,15097,9.06778307246691
243,650000,新疆,西部,2015,0.478019,48.7631027253669,40.8822486542243,1.09438693043389,17.0289655099911,82471266.2473795,7.64808905220858,0.914249684741488,79.664570230608,16859,9.77431554823161
244,650000,新疆,西部,2016,0.489036,50.4118616144975,42.968912239897,1.08693288225699,16.0579955295113,72643097.199341,7.76882501972837,0.904836193447738,94.3163097199341,18355,12.1880021748324
245,650000,新疆,西部,2017,0.493587,51.8951612903226,41.5527020851441,0.923178442349329,15.5823291440598,82937620.9677419,7.68913699943548,0.835820895522388,112.096774193548,19975,11.3429539984991
246,650000,新疆,西部,2018,0.521332,54.0079365079365,39.1310287757428,0.842901176071582,16.2172191243803,79364075.3968254,7.55148562774213,1.01572739187418,114.68253968254,21500,11.5524344382488
247,650000,新疆,西部,2019,0.545591,55.5295037123877,39.0928212633576,0.767756124082634,16.2368850284734,92643016.8034388,7.49130329261387,1.12923462986198,125.830402500977,23103,11.4141875913603
248,650000,新疆,西部,2020,0.538861,56.5250965250965,40.093328599274,0.745505280888317,16.4121406212725,82524366.7953668,7.74525929844138,1.23839009287926,125.830402500977,23845,11.670184849164
249,650000,新疆,西部,2021,0.546508,57.2421784472769,32.9637190710905,0.797112095980777,17.258239397721,93202008.4974894,6.94904239927414,1.26465144972239,125.830402500977,26075,12.6183997872384
250,650000,新疆,西部,2022,0.551347,57.9049091611906,37.8845738165574,0.783129004886327,15.9262076835299,140935446.463085,6.60876698055169,1.38757489750867,125.830402500977,27063,15.1498083506452
251,650000,新疆,西部,2023,0.567854,59.2378752886836,39.5640466592422,0.849348088669456,15.5167583368794,195073133.179369,6.53250304560831,1.3401403956605,125.830402500977,28947,14.6565736925431
252,650000,新疆,西部,2024,0.576105,59.2378752886836,37.2507682343029,0.849348088669456,15.5167583368794,233206252.382768,6.53250304560831,1.3401403956605,125.830402500977,30899,14.6565736925431
253,320000,江苏,东部,2007,0.488651,53.2047131943545,9.82638407905065,2.69136788684742,19.3012546402895,452507815.615693,4.05680996136738,1.03165630299604,87.5307522983297,11574,8.32236893629685
254,320000,江苏,东部,2008,0.515005,54.3030146869364,10.4942237158876,2.81817649938876,18.2479391776418,505374813.192476,4.19608666849784,1.03165630299604,105.127544447307,13237,7.12919824233485
255,320000,江苏,东部,2009,0.535519,55.6081946222791,11.6540814639255,2.91285819543183,16.9422207618934,433725612.035851,4.63278573438502,1.01206155552475,116.773367477593,14653,7.44693032240078
256,320000,江苏,东部,2010,0.536124,60.5794891345787,11.8743279391261,3.05958820201625,17.609878593261,591941744.821451,5.08869391236689,1.13904163393559,133.180836192655,17006,7.41708485447878
257,320000,江苏,东部,2011,0.552646,62.0092234824878,12.7391931071762,3.42991970066155,17.5710253756196,672542557.646765,5.20094514242658,1.22026377418957,149.320702978935,19820,7.74142841529352
258,320000,江苏,东部,2012,0.5707,63.0049261083744,13.0864457309704,3.66038815140722,19.2184607416114,674829421.182266,5.67298363745044,1.29979540257552,161.699507389163,22432,7.9367699393967
259,320000,江苏,东部,2013,0.596878,64.39208984375,13.1399306479931,3.88012007483519,18.4009171029702,672366051.025391,6.434437416385,2.02886981972993,177.1240234375,24776,8.09325418960386
260,320000,江苏,东部,2014,0.610855,65.7046250452844,13.0686173945905,3.86074866183925,17.7618044367332,680537470.112305,6.91603489098495,1.80978532201697,190.073662601135,27173,8.37526335357541
261,320000,江苏,东部,2015,0.630445,67.49248346362,13.5954777078109,3.83955538947807,18.0253479197075,656115991.581479,6.8971130811624,1.82333612524966,219.122068550812,29539,8.65087049603719
262,320000,江苏,东部,2016,0.63803,68.929721990216,12.9047755100458,3.81708602318583,18.4627067229282,607679758.978642,7.16888879120993,1.82328190743338,265.958716143658,32070,8.99552793239003
263,320000,江苏,东部,2017,0.641002,70.176896592663,12.3687606119963,4.02983514781523,18.6382111716095,701386840.793067,7.23851691747273,1.87929408594908,307.016502433812,35024,9.82390596768863
264,320000,江苏,东部,2018,0.643986,71.1934643618281,12.5068663928693,4.35184668899879,17.6331670576932,786068832.583472,7.34586020882417,2.17302729865544,339.569026758229,38096,11.2937331383205
265,320000,江苏,东部,2019,0.653848,72.4642814972252,12.744737311569,4.54955044518056,17.6071197076403,743317905.301688,7.53693612604504,2.43188471065075,368.40240878498,41400,11.2617359456955
266,320000,江苏,东部,2020,0.631126,73.4457945027722,13.3079039799548,4.27137276112721,17.5896005935,758324689.158901,8.02002184661266,2.44320297951583,368.40240878498,43390,13.0051785068212
267,320000,江苏,东部,2021,0.657246,73.9447383891828,12.4243647800028,4.60458024059907,17.5753466170641,939341563.786008,7.66957656543354,2.63318112633181,368.40240878498,47498,12.9685723806089
268,320000,江苏,东部,2022,0.644596,74.4216089254257,12.2053038226937,4.55206467593248,17.4349740996969,956324133.881386,7.80510659001239,2.73577552611068,368.40240878498,49862,13.0647047888885
269,320000,江苏,东部,2023,0.650255,75.0410509031199,11.8873954744186,4.99570930333257,17.7793610929598,875146610.368285,7.9789615214838,2.84428854659143,368.40240878498,52674,13.4384750837801
270,320000,江苏,东部,2024,0.656565,75.0410509031199,11.1627861146794,4.99570930333257,17.7793610929598,925955899.60122,7.9789615214838,2.84428854659143,368.40240878498,55415,13.4384750837801
271,360000,江西,中部,2007,0.303346,39.8122710622711,15.6649819994461,0.965681833248624,19.2042516518242,21631275.1831502,1.75332317917474,1.00276625172891,22.6648351648352,7097,13.9371975338652
272,360000,江西,中部,2008,0.343718,41.3636363636364,17.4507513483891,0.920607898716603,17.094878808664,30949843.1818182,1.88341841885149,1.00276625172891,25.6818181818182,8208,14.822283008421
273,360000,江西,中部,2009,0.358475,43.1859205776173,20.4766710353866,0.857671358257007,16.1248615884842,28832991.8772563,2.16382699868938,1.24309392265193,30.9115523465704,9094,14.0389280388128
274,360000,江西,中部,2010,0.376651,44.0609592111161,20.4968454258675,0.949429614300719,15.4685273961919,48451763.7830569,2.57374882769204,1.10961667787492,38.0995069475572,10217,12.1158865675988
275,360000,江西,中部,2011,0.385327,45.7532409476978,21.8792351849454,0.841158368184329,18.7181409295352,70337080.9119356,3.08515689067288,0.929152148664344,43.3616450603487,11870,10.7610668350036
276,360000,江西,中部,2012,0.419137,47.3966480446927,23.573475331246,0.910831274302635,20.6033346360981,74667776.5363128,3.22540346822614,1.11456713322965,50.5027932960894,13567,10.7001145991349
277,360000,江西,中部,2013,0.427136,49.0393208221626,24.267492762339,1.33475492032389,19.149064922341,82097037.5335121,3.79575110837611,1.41573033707865,58.7578194816801,15100,10.9166354493848
278,360000,江西,中部,2014,0.429128,50.5580357142857,24.7813987924278,1.50333530790429,18.3305431787158,95381299.1071429,4.72114783185897,1.54738878143133,73.4375,16734,10.8777397172071
279,360000,江西,中部,2015,0.449105,52.3076923076923,26.2950735657801,1.69493830098243,17.9775866562419,94536463.7681159,5.13500467793742,1.39438085327784,90.0780379041249,18437,11.5620219600911
280,360000,江西,中部,2016,0.477471,53.9813167259786,25.1101225759438,1.80014726902586,18.3843721574912,89031154.3594306,5.50504116680987,1.18769883351007,106.539145907473,20110,12.6094771949582
281,360000,江西,中部,2017,0.499632,55.7082686765684,25.2907851247848,2.34942198623879,18.4011644399752,98290809.1332299,5.44312941595583,1.35922330097087,120.594103303037,22031,12.9890227273172
282,360000,江西,中部,2018,0.513969,57.3454464879238,24.9489137851342,2.59531505843826,18.6044336852803,106775058.719256,6.26240838157286,1.2623364700482,143.585198315976,24080,13.4284484218847
283,360000,江西,中部,2019,0.53653,59.0788308237378,25.8917676438037,2.86403206613641,17.9824012024801,112687739.14969,6.41740279641469,1.21762231569626,167.84765279008,26262,12.8039080603745
284,360000,江西,中部,2020,0.543501,60.4337242752821,25.8865875416958,2.93283868338408,18.3334631889339,128404151.360921,6.86486696144597,1.21816168327796,167.84765279008,28017,12.97032699638
285,360000,江西,中部,2021,0.589518,61.4567190613239,22.726684502377,3.11187557808307,18.4263748972911,170400708.434802,6.70917734462481,1.27232142857143,167.84765279008,30610,13.1603054786417
286,360000,江西,中部,2022,0.598967,62.0803886925795,23.3520750437307,3.1338703016983,18.1094433171859,210159010.600707,6.62014878034715,1.30464637216754,167.84765279008,32419,14.0326543715453
287,360000,江西,中部,2023,0.616893,63.1229235880399,23.2697413983186,3.25842666638195,18.3669029798956,179579180.509413,6.73973062195459,1.50214592274678,167.84765279008,34242,14.7463992483531
288,360000,江西,中部,2024,0.621367,63.1229235880399,22.5027995029603,3.25842666638195,18.3669029798956,146956908.040871,6.73973062195459,1.50214592274678,167.84765279008,36007,14.7463992483531
289,130000,河北,东部,2007,0.387241,40.2563733256517,12.3974524599067,1.155543756015,18.8092788637042,36761356.7622065,2.84458853442388,1.11776447105788,27.0776321474867,7233,14.6105598513258
290,130000,河北,东部,2008,0.415089,41.8944054943483,13.2511038654657,1.15163657814601,20.0343312057906,54972861.6397196,2.98096492278223,1.11776447105788,30.3333810273287,8365,14.4217636461229
291,130000,河北,东部,2009,0.432254,43.7446687517771,15.3368088901084,1.12583543122947,18.7140855089688,42120062.5533125,3.41414656135468,1.19260584376863,35.115154961615,9267,13.5211003624994
292,130000,河北,东部,2010,0.449094,44.4954128440367,15.6648670265947,1.05132896491079,18.2360366493632,58465902.1406728,3.39820924703948,1.21247113163972,36.9752571587434,10428,12.7216123450486
293,130000,河北,东部,2011,0.44715,45.5890486725664,16.5416863458454,0.939110474106615,18.4347781839153,74116198.8384956,3.46743232310951,1.06229744328412,42.0353982300885,12059,12.0492792708749
294,130000,河北,东部,2012,0.467158,46.5987331313688,17.6771314050482,1.09671915753143,21.2171278410762,69626907.1881025,3.93500162495938,1.04855621874496,46.681354998623,13647,11.5263369482086
295,130000,河北,东部,2013,0.497886,48.0241492864983,18.1766393510198,1.12845214283446,18.995686664036,75345185.2360044,4.63569061320055,1.31619222528313,54.8847420417124,15190,11.9879897858753
296,130000,河北,东部,2014,0.515973,49.3650143383859,18.554161427115,1.09721420477626,18.5763153956342,81766160.0436979,5.26758406753171,1.31057604388906,74.4230506622969,16647,12.520471212024
297,130000,河北,东部,2015,0.536798,51.6678012253234,21.3353460815807,0.807856269053423,18.4858820458827,70134442.4778761,5.57382265591854,1.36730888750777,96.3921034717495,18118,13.5592016604554
298,130000,河北,东部,2016,0.531614,53.871186440678,21.2457285743887,1.20968075205842,18.7601350848744,63288650.8474576,6.04057722632146,1.31332082551595,124.203389830508,19725,13.8733091661666
299,130000,河北,东部,2017,0.564887,55.7430152517209,21.667776298269,1.04048994002271,19.2275250859293,67290515.5891483,6.65746325161223,1.40108350457687,152.24726683763,21484,14.7138652664937
300,130000,河北,东部,2018,0.589582,57.3256127120926,23.7769044702812,0.997125369359621,17.9336311076194,72583992.7282521,6.83467406892222,1.52644012356896,182.332345812012,23446,14.7270136328161
301,130000,河北,东部,2019,0.610651,58.7753457768229,23.754638550428,1.09158218037222,18.4990083090225,77941831.6100443,6.89307176387849,1.75347222222222,209.211763126091,25665,14.778482231401
302,130000,河北,东部,2020,0.598597,60.075026795284,25.0537016365949,1.12781079909873,17.6914236062238,86374900.8574491,7.0220304438854,1.85317177476835,209.211763126091,27136,15.6566871222759
303,130000,河北,东部,2021,0.581967,61.1439312567132,21.9030821519367,1.27302584364521,18.4083560403743,110915682.062299,6.74132549118625,2.15547703180212,209.211763126091,29383,15.8792569344534
304,130000,河北,东部,2022,0.577204,61.6576819407008,22.1626178908259,1.26944519667642,19.033081013235,109380053.908356,6.60617319234067,2.13865621101408,209.211763126091,30867,17.3841885136326
305,130000,河北,东部,2023,0.584177,62.7755985391587,21.8600676768895,1.36411758643627,18.8160575294523,111984309.481942,6.86280979699209,2.36163692085812,209.211763126091,32903,17.6046536563327
306,130000,河北,东部,2024,0.584914,62.7755985391587,21.7265801051615,1.36411758643627,18.8160575294523,117159121.713201,6.86280979699209,2.36163692085812,209.211763126091,34665,17.6046536563327
307,410000,河南,中部,2007,0.333588,34.3376068376068,12.6183682417619,1.34875789181069,19.5722251030413,13659323.7179487,2.0027656919289,0.559910414333707,19.2307692307692,6493,15.0335986656759
308,410000,河南,中部,2008,0.330158,36.0271502810478,12.8643598576898,1.33414562523832,19.4612576207152,18537848.1281154,2.29252532998043,0.559910414333707,24.0746632728815,7637,14.4735515710397
309,410000,河南,中部,2009,0.335311,37.7042268367239,15.1491580209582,1.2223996475965,18.1067947800231,14205138.6107305,2.56451696991815,0.70777187967878,27.5113312954569,8426,13.890341941523
310,410000,河南,中部,2010,0.344372,38.5007974481659,15.0789671154271,1.30761619839936,17.8379691698818,18959610.8452951,3.03111895828735,0.651855793534655,32.1105794790005,9520,13.5012031122846
311,410000,河南,中部,2011,0.350253,40.4714089419723,16.1437305034063,1.33189920966292,20.1736011410227,34481109.819258,3.24332128866547,0.70313431057085,36.9939752668851,11206,12.896757217298
312,410000,河南,中部,2012,0.377548,41.9848929920269,17.286158711963,1.39101949504634,22.1019095557686,54279070.4993706,3.44659708099261,0.714934180662733,41.334452370961,12772,12.6160514541387
313,410000,河南,中部,2013,0.398643,43.6017967199415,17.6473879712321,1.43309848431921,20.9862942043706,62631221.1427974,3.69335335493559,0.882899628252788,41.8886451478116,14204,13.102282030199
314,410000,河南,中部,2014,0.418202,45.0492483151892,17.4366590696114,1.34772230783139,19.9277123222458,67363617.4183515,3.97717412682069,0.874740734060781,56.8170036288232,15695,13.1184386657798
315,410000,河南,中部,2015,0.443046,47.0157715699412,18.3349467831227,1.22438174237243,18.6929632979623,76054594.3717142,4.34903368289914,0.923705480060396,72.672920317493,17125,13.9105943950525
316,410000,河南,中部,2016,0.464707,48.7829822049499,18.5189307640133,1.2892856472053,18.0279966835441,72829923.2971978,4.59734703460681,1.06550218340611,92.9637962773573,18443,14.3203277817579
317,410000,河南,中部,2017,0.493947,50.5646556109472,18.3280275025711,1.67901727462169,18.1742604241728,78980659.2735782,4.75293865686259,1.1688656689985,114.253738935802,20170,14.1224170837634
318,410000,河南,中部,2018,0.526978,52.2404703974047,18.4591245977343,1.6888105856865,18.0594354575367,83955426.8045418,5.06489319307352,1.32327096040525,139.598540145985,21964,14.0864399369476
319,410000,河南,中部,2019,0.525705,54.014745985254,18.920972191713,2.07665735596369,17.8150577581703,83323859.2061408,5.16253457885468,1.71487603305785,168.568831431169,23903,14.3363836626187
320,410000,河南,中部,2020,0.514465,55.4270194145458,19.1168166253221,2.45144210699849,18.1492325505391,97843988.5323408,5.36736491741523,1.89656959270391,168.568831431169,24810,15.1844221401047
321,410000,河南,中部,2021,0.520947,56.4504705049074,16.8487241568139,3.36508832015404,18.2579420683565,127097035.313164,5.2914171175484,1.98820187896002,168.568831431169,26811,15.9484234420689
322,410000,河南,中部,2022,0.514947,57.0603727714749,18.2870692424094,3.84342639772701,17.8042125531265,128089546.191248,5.35347757904916,2.12838997596979,168.568831431169,28222,16.8291732218752
323,410000,河南,中部,2023,0.530842,58.0845644421803,18.6911743815573,4.25332095608792,18.0352208632586,117340804.890474,5.50104511232421,2.37641377557504,168.568831431169,29933,17.4817734204083
324,410000,河南,中部,2024,0.530599,58.0845644421803,18.0232583739582,4.25332095608792,18.0352208632586,117792539.601431,5.50104511232421,2.37641377557504,168.568831431169,31552,17.4817734204083
325,330000,浙江,东部,2007,0.482942,57.2065955383123,9.69307939914163,3.95950829924894,21.2470735392602,343059879.728419,6.59978540772532,1.20075553157043,87.2938894277401,15351,5.97634478827091
326,330000,浙江,东部,2008,0.492655,57.5978511128166,10.3764223898969,3.92967427034565,20.5557416982858,405091577.129701,7.61395562989203,1.20075553157043,99.3860322333077,17073,6.4077370980449
327,330000,浙江,东部,2009,0.501818,57.9037149355572,11.6203243451565,3.74243880377636,19.5726157499011,355820437.831691,8.05519911359088,1.22865216857108,107.467778620167,18528,5.76931049428082
328,330000,浙江,东部,2010,0.528456,61.6118964567652,11.707633969467,3.78443083905882,18.9078145067771,465457418.762622,8.08397110938361,1.2675418741512,117.312281990086,21159,6.43384415875906
329,330000,浙江,东部,2011,0.535648,62.2980251346499,12.0628288358426,3.74486999653879,19.5550396997858,555435843.806104,8.07445031831937,1.26544139801145,129.084380610413,24195,7.59435693113239
330,330000,浙江,东部,2012,0.545434,62.9023746701847,12.1046814649356,3.98810153103886,21.0928714907686,549518663.148637,7.84820140537019,1.31763386599383,136.323658751099,27020,8.30009514930752
331,330000,浙江,东部,2013,0.558955,63.9349930843707,12.6704718947036,4.05604517098724,20.0840508448421,580547553.596127,7.46412175301195,1.43710339678985,161.825726141079,29775,8.39366912801476
332,330000,浙江,东部,2014,0.577114,64.9575551782683,12.891351331093,4.03114988264526,19.9820915308834,602783981.324278,7.0568540982173,1.48725854720232,188.964346349745,32658,8.44140112451232
333,330000,浙江,东部,2015,0.586198,66.3157894736842,15.2754110191989,3.77355935467756,19.0330094282559,579421597.32665,6.79488918053586,1.5783644083441,215.873015873016,35537,8.15079190728832
334,330000,浙江,东部,2016,0.595786,67.7206851119895,14.7590891776358,3.8576135676043,18.6404005586256,554308150.527009,6.83476531087315,1.75322839098878,250.494071146245,38529,9.05027916940292
335,330000,浙江,东部,2017,0.614031,68.9141004862237,14.3699895616862,4.0303732112314,18.9918887909146,612491849.270665,7.19537584608544,2.18112849691797,291.896272285251,42046,10.6473562876478
336,330000,浙江,东部,2018,0.622554,70.0143472022956,14.8777817622597,4.39954435525457,18.2219657385744,689239756.097561,7.76910769824905,2.15096201282684,329.666826080025,45840,10.6023155374626
337,330000,浙江,东部,2019,0.640056,71.5764705882353,16.0946335371906,5.13337769806715,17.5538121342521,701528641.568627,7.85117351349621,2.47138660994632,368.470588235294,49899,10.6827493800377
338,330000,浙江,东部,2020,0.620341,72.1706864564007,15.5853304497976,4.68289557340253,18.6578866714078,755322829.313544,8.56125684234284,2.75882238253071,368.470588235294,52397,11.208280888434
339,330000,浙江,东部,2021,0.622391,72.6605504587156,14.8763789694331,5.25303256862035,18.5165312553622,979709480.122324,8.26247150219879,3.17030736516528,368.470588235294,57541,11.6766034868297
340,330000,浙江,东部,2022,0.627343,73.3769195681922,15.3954491766653,5.66568867128538,18.2834100807304,1069332522.42664,8.49519475894369,3.3032456308815,368.470588235294,60302,11.6539826823257
341,330000,浙江,东部,2023,0.644735,74.2266485589256,14.9637930449698,6.3747612945425,19.1463836173783,1051410894.8242,8.83539341903161,3.25882794891059,368.470588235294,63830,12.124092028796
342,330000,浙江,东部,2024,0.651048,74.2266485589256,13.9404486378655,6.3747612945425,19.1463836173783,1109235382.30885,8.83539341903161,3.25882794891059,368.470588235294,67013,12.124092028796
343,460000,海南,东部,2007,0.329509,47.2189349112426,19.870340356564,1.13784665579119,16.4477977161501,41590662.7218935,2.52836304700162,0.78125,55.6213017751479,7186,14.6329526916803
344,460000,海南,东部,2008,0.332967,48.0093676814988,24.2740896453516,1.25708858284214,15.5404084141129,53027131.147541,3.20743202007188,0.78125,69.0866510538642,8325,13.8084196999749
345,460000,海南,东部,2009,0.398496,49.1898148148148,29.9981484910202,1.24881701847509,15.3273258445459,56500381.9444444,3.75239153243227,0.882723833543506,77.5462962962963,9151,16.2942846562153
346,460000,海南,东部,2010,0.406759,49.8273878020713,28.7720861172977,1.28496232841367,16.9143702480476,99523325.6616801,4.46919079435783,0.861008610086101,92.0598388952819,10342,12.6948085457736
347,460000,海南,东部,2011,0.491231,50.3370786516854,31.6097085802419,1.26219825372368,16.3418079096045,143326247.191011,4.54582352463674,1.17508813160987,102.247191011236,12392,12.0749871597329
348,460000,海南,东部,2012,0.485041,50.989010989011,32.6833727683373,1.32284708282602,17.4174865905426,157385714.285714,5.09070050907005,1.10987791342952,112.087912087912,14180,11.6434674827514
349,460000,海南,东部,2013,0.49868,52.2826086956522,32.4519400494239,1.36772253923673,17.2641593401703,162885152.173913,6.18761834461953,1.31578947368421,144.565217391304,15733,11.4599918905822
350,460000,海南,东部,2014,0.501308,53.3119658119658,31.8857639895622,1.23029079600633,15.9992361830978,169472863.247863,6.91504783995361,1.57635467980296,144.230769230769,17476,12.959426773601
351,460000,海南,东部,2015,0.518481,54.9206349206349,33.1913127309732,0.998846243837893,16.6883164035081,147798571.428571,6.8501954903326,1.49402390438247,168.253968253968,18979,14.1008366749231
352,460000,海南,东部,2016,0.524132,56.7398119122257,33.653122096719,1.13986400092991,15.5643380216204,118583385.579937,7.25881374993888,1.58102766798419,165.099268547544,20653,13.3681564570499
353,460000,海南,东部,2017,0.530451,58.0246913580247,32.1060589216231,0.863591348850738,15.2960241556265,106728960.90535,7.31295163979989,1.88305252725471,174.897119341564,22553,12.6789337728623
354,460000,海南,东部,2018,0.552357,59.1649694501018,34.4411183741625,0.889256784721812,14.7212203630343,129669348.268839,7.74024069888203,2.20883534136546,217.922606924644,24579,12.3496718500562
355,460000,海南,东部,2019,0.566877,59.3969849246231,34.8653110227358,1.61949854729366,14.7153771656085,132188422.110553,7.24469122833346,2.15264187866928,259.29648241206,26679,11.939631981061
356,460000,海南,东部,2020,0.547922,60.2766798418972,35.4363838884697,1.80840169128905,14.9985297547225,134257223.320158,7.11257231145126,2.21198156682028,259.29648241206,27904,12.823073725196
357,460000,海南,东部,2021,0.580847,60.9803921568627,30.3096508356268,2.05288707852914,14.9692853193465,221568627.45098,6.47899017542781,2.46262093227792,259.29648241206,30457,13.2101026189909
358,460000,海南,东部,2022,0.574,61.4410905550146,30.4425510915002,3.29746301320225,14.9668394227056,292307692.307692,6.40966093822573,2.28937728937729,259.29648241206,30957,13.4764013979412
359,460000,海南,东部,2023,0.568264,62.4161073825503,29.7828159762687,3.09209590210586,16.0945503699488,315723873.441994,6.003019387647,1.9588638589618,259.29648241206,33192,15.661905947638
360,460000,海南,东部,2024,0.567699,62.4161073825503,28.9019242158852,3.09209590210586,16.0945503699488,372328244.274809,6.003019387647,1.9588638589618,259.29648241206,34829,15.661905947638
361,420000,湖北,中部,2007,0.350573,44.3060185997544,13.5147173963646,1.46868859261115,17.0042197396131,26090461.484471,3.34976828829591,0.871783967680204,29.8297947008247,7430,16.5360556786422
362,420000,湖北,中部,2008,0.361015,45.1934862545964,14.3533811698195,1.39733863344402,17.2207140606443,36255769.5675013,3.1693846488367,0.871783967680204,35.895639992996,8643,17.0455922631311
363,420000,湖北,中部,2009,0.38964,45.9965034965035,15.8497888888047,1.21142846211237,15.1746599582959,30159117.1328671,3.3307813009301,0.944364606856908,40.3846153846154,9496,16.4511315593136
364,420000,湖北,中部,2010,0.408757,49.7032122905028,15.4151439893017,1.20292636123771,14.6545934276805,45272538.4078212,3.13368542358676,0.881834215167548,46.6131284916201,11069,14.7285520108739
365,420000,湖北,中部,2011,0.42463,51.7881944444444,16.120045129748,1.37460572239124,15.1850538457231,58310651.0416667,3.02218879277924,0.955468350110903,53.4722222222222,12941,13.9759358455116
366,420000,湖北,中部,2012,0.442962,53.2260854523439,16.6429402989699,1.44662334864447,19.4790134555387,55291039.6125238,3.40446817081214,0.936454849498328,59.8512368102404,14809,13.3286699523112
367,420000,湖北,中部,2013,0.4697,54.5015522593998,17.2261407518323,1.766152368099,15.7979252684913,62745905.4846499,4.07084876664828,1.30653266331658,79.8551224560193,16472,13.8551805382407
368,420000,湖北,中部,2014,0.490543,55.7255845942228,17.4709033676674,2.72508942776365,15.6734189272722,74002095.9422283,4.23622889232741,1.48556876061121,100.240715268226,18283,14.5441464081959
369,420000,湖北,中部,2015,0.5163,57.1794871794872,20.211046664909,2.56585855818838,14.8878822861839,77867658.1196581,5.23596098075402,1.6144882774112,120.34188034188,20026,14.0016696995193
370,420000,湖北,中部,2016,0.533078,58.5726423109601,19.2575780289629,2.95984107065568,16.3066053451825,66930795.242141,5.92180613438072,1.70999582927846,137.977909940527,21787,15.2393437314144
371,420000,湖北,中部,2017,0.532118,59.8746612466125,18.2657714515912,3.44450881160256,16.1933230019144,78484400.4065041,6.0566671142742,1.8273381294964,156.673441734417,23757,16.0602594225188
372,420000,湖北,中部,2018,0.562906,60.9937468311644,17.2725477131027,3.69909083018405,14.6817354548674,89203222.9170188,6.07776878777783,2.06643196081433,183.200946425553,25815,16.1470984132583
373,420000,湖北,中部,2019,0.587328,61.8356672853045,17.5443219089128,4.0059170335537,14.3923434890674,96441035.9372364,6.12736357833102,2.76843071275619,205.500253079129,28319,15.8968207864034
374,420000,湖北,中部,2020,0.540453,62.8894691035683,19.6325500819682,3.40938163280776,14.1186419799879,108347564.83899,7.40806194700555,2.59822560202788,205.500253079129,27881,16.8083639705882
375,420000,湖北,中部,2021,0.566689,64.082332761578,15.8384506659852,3.96499980463014,15.1497352423279,139210977.701544,6.85429776088415,2.68800497203232,205.500253079129,30829,19.1272135090065
376,420000,湖北,中部,2022,0.571364,64.6646132785763,16.3511415066257,4.36636915908983,14.831856231599,156861738.53525,6.6325127934822,2.61019068458893,205.500253079129,32914,18.0533797471437
377,420000,湖北,中部,2023,0.592645,65.4676258992806,16.6639249080704,4.2782772900946,14.6014601460146,156783144.912641,6.53219505551613,2.68370607028754,205.500253079129,35146,18.6484239821832
378,420000,湖北,中部,2024,0.596454,65.4676258992806,16.6199156849349,4.2782772900946,14.6014601460146,170020569.07782,6.53219505551613,2.68370607028754,205.500253079129,36947,18.6484239821832
379,430000,湖南,中部,2007,0.307334,40.456333595594,14.6145064886113,1.50991503503976,16.8397161448163,15241310.7789142,2.79898766894621,1.14361117220145,18.2533438237608,7587,16.2840909928299
380,430000,湖南,中部,2008,0.321949,42.1473354231975,15.6111926702867,1.50632782316085,17.632929606508,19666448.2758621,2.95470223039779,1.14361117220145,21.4733542319749,8804,17.5791119520513
381,430000,湖南,中部,2009,0.355425,43.1938807368092,17.3058374044845,1.34000470494562,16.176869763486,15843687.1682797,3.15514217712639,1.01871101871102,24.9765844520762,9745,16.3202801252239
382,430000,湖南,中部,2010,0.368046,43.3028919330289,17.3521763417939,1.29658683875551,14.9159290725556,22308051.7503805,2.97798295910571,1.12715048447696,28.158295281583,10861,14.6680086439123
383,430000,湖南,中部,2011,0.368708,44.9627716152561,18.613587100185,1.19178813665231,15.3611720196776,28785538.6719344,2.649748876553,1.25136017410229,33.2776173833764,12612,13.7595291925607
384,430000,湖南,中部,2012,0.391856,46.2215477996965,19.4226489116904,1.16994416120418,19.6062151007526,33306115.3262519,2.73869251952167,1.2511013215859,37.7845220030349,14391,12.7630492838067
385,430000,湖南,中部,2013,0.411202,47.6363636363636,19.9229142245553,1.18229163335742,17.2557872813048,38144406.0606061,3.24100028880621,1.21464226289517,46.2121212121212,16005,13.3437364764469
386,430000,湖南,中部,2014,0.433281,48.9789744365452,19.3861204808105,1.18348620196198,16.6076717330559,46636821.9633943,3.71967405037614,1.27111557116575,58.085009832098,17622,13.1935392575408
387,430000,湖南,中部,2015,0.446534,50.7936507936508,20.0735845486464,1.1566283567708,16.2085073105336,44295995.4648526,4.23917080725754,1.24330858228285,67.1201814058957,19317,13.6468530491977
388,430000,湖南,中部,2016,0.463082,52.6943396226415,20.5459996434764,1.12696319386165,16.2855961988655,39612784.9056604,4.34342943264135,1.30190007037298,79.3962264150943,21115,13.7937834034793
389,430000,湖南,中部,2017,0.468337,54.6208352178501,20.3067568086886,1.33083141297845,16.236230582337,54324283.1298055,5.03072889106985,1.21972777090331,96.3364993215739,23103,14.8179095960486
390,430000,湖南,中部,2018,0.499629,56.0964581763376,20.5881413829456,1.73725635427516,15.8660678832185,70044010.550113,4.98187433422241,1.24473732381475,113.790504898267,25241,14.6474214564663
391,430000,湖南,中部,2019,0.543166,57.4548192771084,20.1393689793729,2.13979353830146,15.8072393526851,94653365.9638554,4.85936516928568,1.35746606334842,131.325301204819,27680,14.441988345145
392,430000,湖南,中部,2020,0.557289,58.7659894657637,20.2277421249512,2.62592629175081,15.7709091731295,106372403.31076,5.05457048908831,1.40519094065135,131.325301204819,29380,15.4730439729006
393,430000,湖南,中部,2021,0.569453,59.710057384476,18.2123442746672,2.61005345024323,16.4990691249775,128375113.258834,4.95017883119866,1.46864686468647,131.325301204819,31993,15.766620623386
394,430000,湖南,中部,2022,0.560436,60.3119321623259,18.9063807597364,3.11012154664181,16.6865555779221,158873410.054512,5.0916132939153,1.50873029327005,131.325301204819,34036,16.0333911279515
395,430000,湖南,中部,2023,0.567853,61.1601705237515,19.1572974172663,3.27853111118533,16.4843984836846,133952496.954933,5.19505967460395,1.64018452075859,131.325301204819,35895,16.2427774623426
396,430000,湖南,中部,2024,0.573582,61.1601705237515,17.9101651293419,3.27853111118533,16.4843984836846,121165315.797523,5.19505967460395,1.64018452075859,131.325301204819,37679,16.2427774623426
397,620000,甘肃,西部,2007,0.302952,32.2605965463108,25.2454113864902,1.08241774513578,18.3566795984245,21678453.689168,2.51205562408882,0.779220779220779,18.4458398744113,5037,15.8246216720467
398,620000,甘肃,西部,2008,0.314714,33.5554684437476,31.5274929192304,0.977871400101195,18.8893363485229,23894288.5143081,2.61744310967868,0.779220779220779,23.5201881615053,5782,15.8710490174819
399,620000,甘肃,西部,2009,0.314071,34.8727984344423,38.1323623902335,0.816830888724845,16.5580768366659,15129369.8630137,3.05051555854726,1.139896373057,27.7886497064579,6454,16.0276984305293
400,620000,甘肃,西部,2010,0.340132,36.1328125,37.2386337703172,0.741532636969045,15.5408626019693,28917785.15625,3.19750488120293,0.926402470406588,31.25,7358,14.6461207424859
401,620000,甘肃,西部,2011,0.359947,37.2648902821317,37.1865722767755,0.738036220718608,15.8733614702664,34202895.7680251,4.19149245365276,0.903161063723031,34.8746081504702,8463,15.588084232152
402,620000,甘肃,西部,2012,0.368415,38.7843137254902,38.1887967959059,0.786090232865272,17.8640097884985,34904901.9607843,4.86733047783279,0.946521533364884,37.6470588235294,9768,14.3059682650663
403,620000,甘肃,西部,2013,0.394257,40.4808829325976,38.4008645772716,0.85555199556637,16.3256293243044,40347284.1939298,5.70288469531964,1.20810600155885,46.117461568782,10954,15.014158173206
404,620000,甘肃,西部,2014,0.411181,42.2757803239826,38.9894759450172,0.832582461469453,15.7883761100772,34139134.729356,6.8912616593029,1.05780128447299,62.0308178585539,12185,14.8031272993402
405,620000,甘肃,西部,2015,0.433226,44.2330558858502,45.1195741695391,1.00902204299076,16.8450906091654,31518097.5029727,8.4662782539731,1.03132161955691,82.837891399128,13467,14.2415771166646
406,620000,甘肃,西部,2016,0.445152,46.0714285714286,45.6003995425527,0.832690482312867,17.4268181572874,27115000.0,9.35595477641541,1.03448275862069,99.6031746031746,14670,14.7557324850874
407,620000,甘肃,西部,2017,0.452088,48.1363996827914,45.0398680605722,0.781675563786905,17.1693236978126,19136927.0420301,9.78641623618248,1.11882716049383,118.953211736717,16011,14.1676047983925
408,620000,甘肃,西部,2018,0.469432,49.7017892644135,46.547179822559,0.682354999562593,15.7190839370876,23908656.0636183,9.55689095642946,1.21605188488042,138.767395626242,17488,13.3812095232793
409,620000,甘肃,西部,2019,0.469733,50.697489039458,45.3253501255979,0.743749367344873,16.0960117420792,22001147.8676764,9.89068969867979,1.46245059288538,155.838979673177,19139,13.3905253568175
410,620000,甘肃,西部,2020,0.471536,52.219112355058,46.364577881221,0.770283902579623,15.9242446077725,22110071.9712115,9.56936200541221,1.37299771167048,155.838979673177,20335,13.9537397319499
411,620000,甘肃,西部,2021,0.47702,53.3333333333333,39.4363111828272,0.866695101870772,16.4143868907096,29397590.3614458,8.68221602855606,1.33945656333716,155.838979673177,22066,14.6336322336183
412,620000,甘肃,西部,2022,0.489343,54.2134831460674,38.2789936518784,1.12023038833401,16.4330210750829,34269662.9213483,8.31100401028647,1.28155339805825,155.838979673177,23273,15.062389010514
413,620000,甘肃,西部,2023,0.515395,55.4969574036511,38.1144321381008,1.29593836110239,15.8248227483624,28397565.9229209,8.05728350107048,1.32422041862452,155.838979673177,25011,16.0227519007833
414,620000,甘肃,西部,2024,0.52006,55.4969574036511,36.7744887678902,1.29593836110239,15.8248227483624,35191212.3677787,8.05728350107048,1.32422041862452,155.838979673177,26612,16.0227519007833
415,350000,福建,东部,2007,0.391066,51.4119601328904,9.76494809985416,2.33571993323377,20.168233330405,206111243.078627,4.15415630093506,0.850228907782865,44.8504983388704,10138,9.94575243784591
416,350000,福建,东部,2008,0.399243,53.0090684253916,10.4074351890814,2.25275111626762,20.5050451780754,233088947.513053,4.26004866536161,0.850228907782865,56.3341577356417,11785,9.60605421369054
417,350000,福建,东部,2009,0.430698,55.100927441353,11.3690500157029,1.97546429431514,19.6590216883172,217265662.847791,4.58926888976575,0.864978902953586,63.0114566284779,12985,9.40983978127523
418,350000,福建,东部,2010,0.445621,57.1080422420796,11.2987168805199,1.90609348176203,19.3364364134058,294566176.55023,4.94717547075487,0.907118911457306,72.2989439480098,14566,8.74525836386269
419,350000,福建,东部,2011,0.453049,58.1131078224102,12.2682040663701,1.8415234421203,18.503034328399,379287600.422833,4.96324863124173,0.905584437363743,81.1310782241015,16909,8.41241390604955
420,350000,福建,东部,2012,0.476074,59.3074720124968,12.9143615625016,1.85886864813039,21.5647171620326,405982712.835199,5.59812190761093,0.830851230600408,90.341057016402,19141,7.87267497603068
421,350000,福建,东部,2013,0.490634,60.7979407979408,13.636808005759,1.97536496350365,18.7340328467153,435832435.006435,6.27227401594397,1.08695652173913,103.474903474903,21218,7.84215328467153
422,350000,福建,东部,2014,0.505267,62.0025348542459,13.2575043801444,2.03828590437596,19.1913387969879,449703019.011407,6.43851159284904,1.08463183623587,128.263624841572,23331,7.82381225995706
423,350000,福建,东部,2015,0.51946,63.2279116465863,14.9204123865098,1.9142438736699,18.9302725423458,423810067.771084,6.90766047092601,1.35726134821294,162.14859437751,25404,8.54087635384023
424,350000,福建,东部,2016,0.536341,64.3924302788845,14.4393334549163,1.87771904383216,18.4569864807971,390503461.155379,7.03290171364499,1.36064593301435,201.693227091634,27608,8.1627450063152
425,350000,福建,东部,2017,0.546261,65.7810578105781,13.8410691913103,2.12290383527428,17.9799963707396,420713505.535055,6.92444980261447,1.60594795539034,238.868388683887,30048,8.4232998516273
426,350000,福建,东部,2018,0.57635,66.9834307992203,12.4915089511422,2.3848001837486,19.1417202427633,456645443.469786,6.67161223951737,1.7436915225404,278.265107212476,32644,9.68715146222911
427,350000,福建,东部,2019,0.613097,67.8752719361856,11.9970184234028,2.62725165569435,19.0735201154801,466790309.402949,7.18342602524181,1.68855534709193,311.820159535896,35616,10.0019102271989
428,350000,福建,东部,2020,0.587198,68.7575102138909,11.9611727961916,2.86497574816434,19.7766530549644,489259365.53713,7.61225996707072,1.69995048687902,311.820159535896,37202,10.9725657100132
429,350000,福建,东部,2021,0.61662,69.691903510867,10.5005638934675,2.98017952935028,20.746745261993,677907809.887748,7.27856337295046,1.84801381692573,311.820159535896,40659,11.3838976928634
430,350000,福建,东部,2022,0.610356,70.1289398280802,10.9943185659837,2.6883515309547,21.3883842128753,708524355.30086,7.95864395123355,1.85979971387697,311.820159535896,43118,12.6023945656643
431,350000,福建,东部,2023,0.626033,71.0494860148219,10.7798348269068,2.50742824765035,21.4643503845964,671192923.738943,8.01378343522503,1.95041924899745,311.820159535896,45426,13.0918064849754
432,350000,福建,东部,2024,0.629748,71.0494860148219,10.5280552622011,2.50742824765035,21.4643503845964,666968757.452898,8.01378343522503,1.95041924899745,311.820159535896,47857,13.0918064849754
433,540000,西藏,西部,2007,0.261496,21.4532871972318,80.0261551874455,0.700875186113229,12.1908704651923,13614671.2802768,3.2839290903807,1.9704433497537,13.840830449827,4609,6.28245633148128
434,540000,西藏,西部,2008,0.254929,21.9178082191781,95.5951783023606,0.761834708138496,12.3679924341932,26227020.5479452,5.52486187845304,1.9704433497537,17.1232876712329,5249,7.32937529553933
435,540000,西藏,西部,2009,0.289273,22.2972972972973,105.481265425174,0.572182162380618,12.9836428221981,13584391.8918919,5.09311195871663,1.8957345971564,20.2702702702703,5807,7.09378257077829
436,540000,西藏,西部,2010,0.289991,22.6666666666667,107.436147397153,0.491797328687573,11.0336817653891,27868900.0,5.16669916162995,1.8018018018018,23.3333333333333,6628,5.79086817653891
437,540000,西藏,西部,2011,0.317919,22.6537216828479,123.975470155356,0.44584558969015,10.2636820514173,43960129.4498382,5.05314799672935,0.858369098712446,29.126213592233,7510,7.60839456015618
438,540000,西藏,西部,2012,0.318495,22.8571428571429,127.476767107857,0.562219718558774,10.4358583515585,108702857.142857,4.39312869614193,1.19047619047619,31.7460317460318,8568,7.23926922482161
439,540000,西藏,西部,2013,0.323733,23.9747634069401,122.471625211302,0.411116916918891,10.5667892458913,104713217.665615,4.90219753682685,1.61290322580645,41.0094637223975,9740,7.19109542447575
440,540000,西藏,西部,2014,0.397168,26.1538461538462,126.158348409067,0.372835319820162,11.984715438925,69382984.6153846,5.76779823347877,1.53846153846154,55.3846153846154,10730,7.25257484120758
441,540000,西藏,西部,2015,0.499595,28.7878787878788,132.450623202301,0.391614668539082,12.1082043634995,27692090.9090909,6.32790028763183,1.49700598802395,72.7272727272727,12254,7.45588001100285
442,540000,西藏,西部,2016,0.369127,31.4705882352941,135.377664109122,0.302900540309072,10.6827541908588,22997705.8823529,7.70673486786019,1.58730158730159,102.941176470588,13639,13.1279990931876
443,540000,西藏,西部,2017,0.417682,33.2378223495702,124.680504077094,0.504774248784142,13.5082107566263,24740687.6790831,8.02075611564122,1.5015015015015,131.805157593123,15457,9.26668014316801
444,540000,西藏,西部,2018,0.391744,33.8983050847458,127.272022733144,0.412040513934276,11.7801976982564,20428757.0621469,7.65951950400413,1.0840108401084,158.19209039548,17286,5.47628229849595
445,540000,西藏,西部,2019,0.410796,34.6260387811634,128.857933796678,0.332761970060565,12.0333676151297,19469889.1966759,7.17987984450465,2.00892857142857,177.285318559557,19501,7.12055765055422
446,540000,西藏,西部,2020,0.450169,35.792349726776,116.199085510065,0.406618059450365,12.3880556510412,8484480.87431694,9.77558206758816,2.6378896882494,177.285318559557,21744,8.35579758652507
447,540000,西藏,西部,2021,0.45503,36.6120218579235,97.4430343236227,0.411443456125032,12.7838540510407,16666666.6666667,10.2634362080569,2.92134831460674,177.285318559557,24950,9.57173373589671
448,540000,西藏,西部,2022,0.465791,37.3626373626374,120.592503022975,0.320480682458021,12.2125893759304,18956043.956044,10.254860013022,2.8169014084507,177.285318559557,26675,8.36257896320064
449,540000,西藏,西部,2023,0.502713,38.9041095890411,117.399590420864,0.310072551993222,11.9372592576771,42191780.8219178,9.76302921385882,1.96078431372549,177.285318559557,28983,8.33671529572591
450,540000,西藏,西部,2024,0.507827,38.9041095890411,105.593330681037,0.310072551993222,11.9372592576771,48108108.1081081,9.76302921385882,1.96078431372549,177.285318559557,31358,8.33671529572591
451,520000,贵州,西部,2007,0.207764,28.2488986784141,27.9332748024583,1.25471460900176,20.9039476992708,6250825.99118943,4.52677787532924,1.18483412322275,15.1431718061674,4817,8.90118179532311
452,520000,贵州,西部,2008,0.243802,29.1156840934371,30.0696247681552,1.23269342089031,21.804154527942,9360978.86540601,4.44000570694821,1.18483412322275,17.797552836485,5533,10.1974776758178
453,520000,贵州,西部,2009,0.258266,29.8840825558383,35.5814556486115,1.03988282189365,18.7076887201498,6514594.28894543,5.15725879638033,1.09739368998628,20.3562340966921,6099,10.9337083810037
454,520000,贵州,西部,2010,0.274046,33.8028169014084,36.1026775835362,1.02115870252777,17.9015372545174,9045130.78470825,5.71365346315557,1.2037449843959,22.4202356999138,7226,8.62774903768358
455,520000,贵州,西部,2011,0.275602,35.042492917847,40.0562718142318,0.963812572241487,16.7538010136036,13845832.8611898,5.97442837808961,1.12033195020747,26.9121813031161,8594,8.65919800835778
456,520000,贵州,西部,2012,0.311746,36.2977418455534,40.872118892943,1.0516460546943,18.1628490971375,18487761.3604684,6.09889946901605,0.927643784786642,40.1449679397826,9850,8.54235615165767
457,520000,贵州,西部,2013,0.348803,37.8854625550661,38.6632551955952,1.11170223118995,18.187863728079,22825167.9515418,6.36013595715594,1.14593865857769,53.6894273127753,11083,8.58090091025283
458,520000,贵州,西部,2014,0.370628,40.2502039706282,38.6216219162551,1.25155244439426,17.9809754996048,29293788.4144683,6.27159847815896,1.08303249097473,71.2537394615175,12371,8.45997516088969
459,520000,贵州,西部,2015,0.39838,42.9611650485437,37.3731145052652,1.48952912806194,19.6194948597538,32959595.4692557,6.0952471302533,1.07317073170732,91.1542610571737,13697,8.63891356771164
460,520000,贵州,西部,2016,0.434704,45.5561468866418,36.1449747294868,1.6258598522884,19.7904447301495,15166623.2038318,6.24215596485872,1.15942028985507,106.971793507185,15121,8.61564954626076
461,520000,贵州,西部,2017,0.442363,47.7517749145412,33.902127096594,1.90178037168402,19.5546035572746,21462826.7157507,6.42759492554427,1.20558375634518,130.16039968446,16704,10.8127444433845
462,520000,贵州,西部,2018,0.457073,49.5290423861853,32.7598155433395,2.0454581603601,19.6026387364604,19892352.1716379,6.4631477477008,1.13452188006483,147.828362114076,18430,10.6907397687328
463,520000,贵州,西部,2019,0.484633,51.481288981289,35.4739911624218,1.91855754327807,17.9469938171781,17069046.2577963,6.32107482125074,1.24571784490813,165.280665280665,20397,9.90176070899048
464,520000,贵州,西部,2020,0.489773,53.1622602384655,32.135338514255,1.9721230072306,18.7009321369457,20504637.1176776,6.06817316521466,1.37190575603937,165.280665280665,21795,11.8212387838662
465,520000,贵州,西部,2021,0.496526,54.3354101765317,28.727709084929,1.58031917653099,20.2030050035689,26090342.6791277,5.76762973698005,1.36620136620137,165.280665280665,23996,12.319119286012
466,520000,贵州,西部,2022,0.501224,54.8236514522822,29.2415943709271,1.5186213119685,19.7446405621941,26296680.4979253,5.74701155399192,1.37488542621448,165.280665280665,25508,12.6203139099286
467,520000,贵州,西部,2023,0.506443,55.9379042690815,29.6638980935577,1.29052017344488,19.3882682915035,27891332.4708926,5.86660163627931,1.35135135135135,165.280665280665,27098,13.2904556957944
468,520000,贵州,西部,2024,0.514397,55.9379042690815,28.7748322458541,1.29052017344488,19.3882682915035,31347150.2590674,5.86660163627931,1.35135135135135,165.280665280665,28561,13.2904556957944
469,210000,辽宁,东部,2007,0.374684,59.1903210795719,17.1419132935621,2.19296256829982,14.2908155168114,138376791.530945,3.34816657274441,1.19420516836335,49.3252675663099,9421,22.8410456390142
470,210000,辽宁,东部,2008,0.403663,60.0463499420626,17.7416644009985,2.27636839832268,14.2266059263593,167865235.225956,3.20736218558705,1.19420516836335,55.6199304750869,11125,21.8242524716383
471,210000,辽宁,东部,2009,0.403443,60.3547569684404,20.9304993094408,2.14323793333557,12.9261591342049,144976682.791983,3.5253634214284,1.19725220804711,61.5065653075328,12183,19.3137463232416
472,210000,辽宁,东部,2010,0.435066,62.1028571428571,22.9976324633176,2.15594119819014,12.6850072907736,184484909.714286,3.84634758892655,1.35109052306504,70.4,13953,18.1437002083972
473,210000,辽宁,东部,2011,0.444907,64.0557204841288,23.8818335789274,2.23254861297797,13.9301304453576,219310004.567253,3.8710111342778,1.46652864044168,76.9582096369034,16429,16.8301394062752
474,210000,辽宁,东部,2012,0.463735,65.6457142857143,25.5403224902794,2.22086215255156,15.9871802465236,237920000.0,4.52024248400435,1.50325705695674,85.4857142857143,18761,15.9634887103249
475,210000,辽宁,东部,2013,0.485395,66.4604810996563,27.0574944816959,2.28940512792886,12.881006345456,262263892.325315,5.35535796093457,1.84298360179945,89.5761741122566,20818,15.8545970885555
476,210000,辽宁,东部,2014,0.499975,67.0491050940798,25.3698497430801,2.14191938179191,11.898261781836,261583880.220284,6.08268375137948,1.95429945880938,105.323542909592,22820,17.6343226736004
477,210000,辽宁,东部,2015,0.501732,68.0497925311203,22.1748811249709,1.53784019582248,13.6165351291165,221178250.345781,7.68766421082319,2.15071151358344,124.250806823421,24576,22.2040739823412
478,210000,辽宁,东部,2016,0.48551,68.8698867575688,22.4468309427486,1.34594000616061,13.8495719251027,200039045.52808,8.09317150913326,2.24839400428265,137.508666512595,26040,25.0245222797746
479,210000,辽宁,东部,2017,0.508142,69.4805194805195,22.4930622781542,1.17595943780203,13.2814965713138,230971901.669759,8.09431613884663,2.48315688161694,161.641929499072,27835,27.4733472420902
480,210000,辽宁,东部,2018,0.506709,70.26334187835,22.7035579847302,1.40603103947004,12.2501742316944,267073260.312281,7.8968971310691,2.5518341307815,184.10626893498,29701,27.4193850557916
481,210000,辽宁,东部,2019,0.511952,71.2181435585691,23.1141446693462,1.28857859493933,12.2257440701538,246247458.498948,7.99869645508202,2.74054810962192,206.453121346738,31820,25.0875095081191
482,210000,辽宁,东部,2020,0.498686,72.1504112808461,24.0457151538898,1.20897812998302,12.323396245866,222863266.745006,8.25423606835283,2.91526845637584,206.453121346738,32738,27.5787016329768
483,210000,辽宁,东部,2021,0.524228,72.8068101205959,21.3250512341537,1.33436295012425,11.968274649145,281910617.167179,7.61348591740873,3.03493449781659,206.453121346738,35112,28.0576812190753
484,210000,辽宁,东部,2022,0.510772,73.004527043126,21.7213913779526,1.1874284308856,11.9127739190568,282725756.492733,7.46510974429423,3.11020960108181,206.453121346738,36089,28.9727745898301
485,210000,辽宁,东部,2023,0.523497,73.50549976088,21.7640204704496,1.20049644246652,11.2169532668774,260784313.72549,7.19875270611134,3.41578327444052,206.453121346738,37992,29.9718013378394
486,210000,辽宁,东部,2024,0.531566,73.50549976088,21.0138075044385,1.20049644246652,11.2169532668774,258122743.68231,7.19875270611134,3.41578327444052,206.453121346738,39844,29.9718013378394
487,500000,重庆,西部,2007,0.373144,48.2954545454545,16.1064414027292,1.43807181249105,15.8187899374016,26413153.4090909,4.95315152912571,1.11708729830368,35.5113636363636,7520,18.0858678535639
488,500000,重庆,西部,2008,0.400176,49.9823881648468,17.2219679633867,1.48915857127391,15.1081190145766,33537844.3113772,5.29536401389948,1.11708729830368,44.0295878830574,8756,16.9555417761636
489,500000,重庆,西部,2009,0.380043,51.5914655473942,19.4264192927592,1.20347653801206,14.7265283378093,26976288.9122071,5.980875631465,1.0048231511254,50.0174886323889,9688,18.1581778359093
490,500000,重庆,西部,2010,0.41106,52.998266897747,21.1900363284689,1.0473716238356,14.069887188129,43074779.8960139,6.68171053773573,1.08858858858859,53.3795493934142,10984,13.8662641014839
491,500000,重庆,西部,2011,0.442678,54.9932065217391,25.2946502381608,0.974228087649402,12.3996202689243,99210713.3152174,7.55816242176121,1.15658362989324,77.445652173913,13037,13.1800921314741
492,500000,重庆,西部,2012,0.477662,56.6386554621849,26.2721424012971,0.979529668194173,15.4771596265707,178835563.02521,7.99799920658192,1.10419026047565,98.1512605042017,14924,13.2305439934873
493,500000,重庆,西部,2013,0.482145,58.2862836267021,23.5060947526789,1.26213148373108,14.2795564089502,228137372.965792,8.21563449906353,1.21890547263682,118.233145134507,16569,14.1035437647766
494,500000,重庆,西部,2014,0.484962,59.7436740059152,22.5959736867298,1.15482736601914,14.2228974182829,313610180.742688,8.27418318084219,1.13389626055489,145.908642786724,18352,15.2203583717418
495,500000,重庆,西部,2015,0.511394,61.4657980456026,23.6401608428665,1.2043776371308,14.1413502109705,242563013.029316,8.64810947289673,1.13089509143407,177.198697068404,20110,15.021888185654
496,500000,重庆,西部,2016,0.519104,63.3440514469453,22.2039061199578,1.28991631286843,14.3729962192108,201780183.279743,8.84425456361316,1.11407120368128,201.929260450161,22034,16.0065070555574
497,500000,重庆,西部,2017,0.539043,65.0127226463104,21.6097636335548,1.36776222937633,14.4432555093306,211835582.061069,8.65929443893493,1.18110236220472,219.783715012723,24153,16.2079017037645
498,500000,重庆,西部,2018,0.559405,66.613974075245,21.0338230934559,1.51047688259065,14.9966416718968,249816354.726525,8.68969095086341,1.25255623721881,240.910527979766,26386,17.0037106772812
499,500000,重庆,西部,2019,0.577607,68.2245922208281,20.5359699734811,1.63439005874975,15.0228562941448,263329940.401506,8.84528378618814,1.25534188034188,254.391468005019,28920,18.153632252954
500,500000,重庆,西部,2020,0.531393,69.460891243378,19.5434360698683,1.69331521572554,15.4265981466913,293490507.946401,8.8685137412445,1.59115426105717,254.391468005019,30824,19.4274563491658
501,500000,重庆,西部,2021,0.587532,70.3300124533001,17.2205304641116,1.91600517883956,16.4413678423846,380666251.556663,8.56385763588379,1.59173415247138,254.391468005019,33803,21.0872253912051
502,500000,重庆,西部,2022,0.602723,70.9617180205416,17.1218955700743,2.02114548609479,16.8037737314446,374572051.042639,8.69992756184364,1.76709154113557,254.391468005019,35666,20.9041095330457
503,500000,重庆,西部,2023,0.614021,71.6703227828267,17.5963484133777,1.93305382538797,16.1364938845069,317862738.953306,8.59456375349137,1.86721991701245,254.391468005019,37595,20.6196178382373
504,500000,重庆,西部,2024,0.620696,71.6703227828267,17.4610476746642,1.93305382538797,16.1364938845069,315078369.905956,8.59456375349137,1.86721991701245,254.391468005019,39713,20.6196178382373
505,610000,陕西,西部,2007,0.372413,40.6148867313916,18.5499313597803,1.26189549987191,17.5071396719072,18574269.1477886,4.16065331409061,1.07433217189315,28.5868392664509,5974,15.0867671755363
506,610000,陕西,西部,2008,0.374167,42.0925228617536,19.9019198082978,1.199843194355,18.5443675972335,22401360.9467456,4.12521942656524,1.07433217189315,30.9306078536848,7263,17.189818833478
507,610000,陕西,西部,2009,0.387359,43.4934263482694,23.0268323789042,1.13160009556699,16.8849503703221,22552701.9050174,4.32243867063442,1.75936435868331,45.6130936409981,8122,15.5893659998697
508,610000,陕西,西部,2010,0.395029,45.756358768407,22.5371754763743,1.13798713736519,17.0265410148592,32400752.3427042,4.09133384796652,1.94627192982456,50.334672021419,9412,14.2241631851021
509,610000,陕西,西部,2011,0.414403,47.3572377158034,24.0721636783271,0.989828750413708,18.0653130022076,38903774.2363878,3.7445277656857,1.95580391160782,57.3705179282869,11229,12.4685667102269
510,610000,陕西,西部,2012,0.435487,49.7227356746765,23.5023758343704,1.05120645044828,21.1607196582225,39078505.4132559,4.14356827695441,1.89688715953307,62.8465804066543,12885,12.671039172032
511,610000,陕西,西部,2013,0.45056,51.5772870662461,23.0429288166283,1.03736081439099,19.3750733273853,52912886.4353312,4.97378248896601,1.88007124480507,71.5036803364879,14372,13.5809138706764
512,610000,陕西,西部,2014,0.461902,53.018029788346,22.7697169946847,1.13211356466877,17.509905362776,71503749.6733734,5.88593592874587,2.0135527589545,90.1489417298145,15837,13.6630914826498
513,610000,陕西,西部,2015,0.488546,54.7321892875715,24.4489016023421,1.30894000539298,17.3231171419039,79299282.3712948,6.57753592419604,1.99296600234467,118.304732189288,17395,14.44198662724
514,610000,陕西,西部,2016,0.48222,56.4016520392359,23.0463934305726,1.41273121199625,17.7139316120537,77303105.3175013,6.79992439277951,2.19006648416113,130.872483221476,18874,14.9333503441268
515,610000,陕西,西部,2017,0.504228,58.0686475409836,22.5076955317019,1.64156592229976,17.1367150887923,102978478.483607,6.68684657834075,2.27272727272727,154.713114754098,20635,14.8601648186808
516,610000,陕西,西部,2018,0.514207,59.6540320529127,22.1471144729533,1.64490310121378,16.4346979880961,135601327.906385,6.60056219431206,2.5750202757502,191.554311879929,22528,14.9715979813067
517,610000,陕西,西部,2019,0.545181,61.2829614604463,22.1706496285843,1.24822506522667,16.6341990584977,129394353.448276,6.48891956019416,2.67305006981847,220.841784989858,24666,14.9258899155726
518,610000,陕西,西部,2020,0.516455,62.6548672566372,22.7965603268996,0.951887925103536,16.8385517139041,138042505.689001,6.94738622516251,2.85947712418301,220.841784989858,26226,16.7635136046621
519,610000,陕西,西部,2021,0.532567,63.631765300961,20.148995574619,1.53232211058423,16.888496380095,185002529.084471,6.51523652383498,2.73109243697479,220.841784989858,28568,15.7764918721022
520,610000,陕西,西部,2022,0.553634,64.0040444893832,20.5887655230798,1.62372910436061,15.6838209845318,180611729.019211,6.34596293341292,3.03223070398643,220.841784989858,30116,15.8448923085115
521,610000,陕西,西部,2023,0.562036,65.1568825910931,21.2367808063079,1.86311511509279,15.1836634574109,145597165.991903,6.54914299075655,2.93602103418054,220.841784989858,32128,16.5285961968368
522,610000,陕西,西部,2024,0.571548,65.1568825910931,20.5345143899062,1.86311511509279,15.1836634574109,161447002.276752,6.54914299075655,2.93602103418054,220.841784989858,33905,16.5285961968368
523,630000,青海,西部,2007,0.380146,40.036231884058,39.1890015275656,0.892983699503898,12.3493975903615,11088278.9855072,3.76336619913901,1.70212765957447,19.9275362318841,5916,18.1360737065911
524,630000,青海,西部,2008,0.363917,40.7942238267148,40.5396365258111,1.09185918591859,13.4240924092409,12433628.1588448,3.98037685360687,1.70212765957447,23.4657039711191,6808,18.0335533553355
525,630000,青海,西部,2009,0.378346,42.0107719928187,51.798446312653,0.982023626091423,12.7005649717514,10534739.6768402,4.2992444397148,1.58102766798419,23.3393177737881,7553,19.3405238828968
526,630000,青海,西部,2010,0.364591,44.7602131438721,64.9711588883062,0.548829701372074,11.0936238902341,14013516.8738899,5.75074287711938,1.52091254752852,26.6429840142096,8659,25.4909873553941
527,630000,青海,西部,2011,0.373904,46.4788732394366,70.5976357267951,0.388642541887604,13.4484790226053,16264383.8028169,5.50204319906597,1.48514851485148,29.9295774647887,10024,16.9069841958924
528,630000,青海,西部,2012,0.391152,47.8108581436077,75.829244357213,0.619472844139597,14.8233467063543,20270928.1961471,6.24795551193981,1.45867098865478,38.5288966725044,11470,15.4876838790389
529,630000,青海,西部,2013,0.443683,49.2119089316988,71.6774645421117,0.683196938235414,9.89454826757868,24566409.8073555,6.19272748497052,1.55763239875389,45.5341506129597,12948,13.1924595904076
530,630000,青海,西部,2014,0.439271,50.8680555555556,72.9247172159983,0.771097570931329,11.600602628708,29824444.4444444,6.87882231964063,1.42405063291139,60.7638888888889,14374,10.9846151562604
531,630000,青海,西部,2015,0.475795,51.6464471403813,75.3436101442069,0.740515853111223,10.7704796853138,33526377.8162912,10.3381402287419,1.27591706539075,84.9220103986135,15813,12.4963700203279
532,630000,青海,西部,2016,0.465196,53.6082474226804,67.5228057745107,0.714847848898216,11.2381951731375,26274982.8178694,10.3002391285094,1.42630744849445,109.965635738832,17302,12.8652938090241
533,630000,青海,西部,2017,0.474588,55.4607508532423,62.084296783092,0.780167794882517,12.2520320953451,11190290.1023891,10.5026165267129,1.4218009478673,124.57337883959,19001,13.693447635974
534,630000,青海,西部,2018,0.488336,57.2402044293015,59.9501455604076,0.776967761907941,12.0854907340524,12387989.7785349,9.44323144104803,1.43540669856459,136.286201022147,20757,14.0096999569026
535,630000,青海,西部,2019,0.522431,58.8135593220339,63.3664275271157,0.556428981525699,11.8781758573138,9234152.54237288,8.94223249804495,1.34328358208955,155.932203389831,22618,14.3646675645366
536,630000,青海,西部,2020,0.532763,60.0337268128162,64.2182204797661,0.546346309058173,11.2859833198816,5612141.65261383,8.76470197355306,1.35542168674699,155.932203389831,24037,16.4504045859978
537,630000,青海,西部,2021,0.548271,60.9427609427609,54.7847921774837,0.657312943510989,11.9281539158381,8249158.24915825,8.12383681427432,1.34128166915052,155.932203389831,25919,16.8561137113647
538,630000,青海,西部,2022,0.561964,61.5126050420168,54.5110810587034,0.478456786998127,11.1867753531467,10252100.8403361,7.51800844533988,1.51975683890577,155.932203389831,27000,16.8497797579869
539,630000,青海,西部,2023,0.592211,62.7946127946128,57.6115395751625,0.541869220366242,10.6934646734164,11616161.6161616,7.37543102313706,1.36570561456753,155.932203389831,28587,15.7329398004313
540,630000,青海,西部,2024,0.595509,62.7946127946128,54.7975093651919,0.541869220366242,10.6934646734164,14165261.3827993,7.37543102313706,1.36570561456753,155.932203389831,30117,15.7329398004313
541,230000,黑龙江,中部,2007,0.31122,53.8964435146444,19.3798867179211,1.47144288999132,16.8243112350182,45231676.2552301,2.4941645038604,1.15765102083772,25.8891213389121,7656,18.2822778306535
542,230000,黑龙江,中部,2008,0.318826,55.3986928104575,21.6184015026212,1.30260001296765,16.6387862283602,60472138.5620915,2.44316111126686,1.15765102083772,32.9411764705882,8877,14.8239642092978
543,230000,黑龙江,中部,2009,0.329343,55.488761108207,26.0114421864827,1.06297996527741,14.1984513297901,42419009.4093048,3.09465431021347,1.12982306544447,36.59174072138,9643,18.0877011726863
544,230000,黑龙江,中部,2010,0.365953,55.6744064701278,27.1207106146865,1.22888069339227,13.2758169238484,66567740.673102,3.59760721206504,1.21739130434783,40.9600834855205,10846,13.5829261473325
545,230000,黑龙江,中部,2011,0.377136,56.4780539397144,28.1236034222446,1.18930023478211,13.3793592166294,101857945.531465,3.63462506290891,1.30845130845131,46.0074034902168,12605,14.0314522132509
546,230000,黑龙江,中部,2012,0.394657,56.87432867884,28.7906461627844,1.18681263242862,17.1775678538997,100940628.356606,4.25207429328782,1.29511677282378,53.1686358754028,14302,14.4473312481082
547,230000,黑龙江,中部,2013,0.416093,58.0469176213857,28.4340582829076,1.14597617224369,14.8783977110157,106053177.850518,4.8746318285777,1.51774262505344,55.6464811783961,15903,16.0967950658617
548,230000,黑龙江,中部,2014,0.425469,59.229490022173,28.2168797449634,1.14902365020296,14.7323118495612,107818531.042129,5.60932724225195,1.68551785318252,64.5787139689579,17404,17.5492542702564
549,230000,黑龙江,中部,2015,0.435057,60.4703882119581,34.3940119760479,1.06723771719071,13.6708898539046,59541042.7883253,6.94525235243798,1.70703575547866,71.6916973646925,18593,18.1246362537494
550,230000,黑龙江,中部,2016,0.430199,61.1030898065261,35.5387978142076,1.06260674561308,13.2203702564733,47759682.3563384,7.26860025220681,1.71805130618969,87.2076234478776,19838,17.3255522385235
551,230000,黑龙江,中部,2017,0.475114,61.9005589879376,37.6925201007066,1.01075611711067,12.3486343695864,55755207.4139453,7.29797774709657,1.98547215496368,102.383053839365,21206,20.0071966007912
552,230000,黑龙江,中部,2018,0.475458,63.4505560565074,36.4048573541431,0.84503127171647,11.6401347089325,79463056.8079351,7.36854396139026,2.03717850776674,118.124436429216,22726,21.8974715347196
553,230000,黑龙江,中部,2019,0.516244,64.6082949308756,37.0009745725171,0.841255018397465,11.076989999122,83283087.5576037,7.21478987625882,2.51716247139588,133.333333333333,24254,22.2140411368915
554,230000,黑龙江,中部,2020,0.527241,65.59444970041,39.9710270365426,0.788709236412749,10.3207503197594,70106972.56386,7.72441210556428,2.7180783817952,133.333333333333,24902,24.7889221034938
555,230000,黑龙江,中部,2021,0.522794,65.696,34.356853454658,0.852529281207332,11.1845494739275,98720000.0,7.32928618540604,1.86375321336761,133.333333333333,27159,26.0517041770409
556,230000,黑龙江,中部,2022,0.52555,66.21490803485,34.4376085652023,0.852349325659071,10.9022577077361,128073572.120039,6.92480181915801,1.98053037932192,133.333333333333,28346,26.1488007131341
557,230000,黑龙江,中部,2023,0.535109,67.1129980404964,36.3666353981075,0.855371128238154,10.537459057828,138406270.411496,7.21485277545187,2.07574654042243,133.333333333333,29694,26.0489159413064
558,230000,黑龙江,中部,2024,0.539664,67.1129980404964,39.1732061249386,0.855371128238154,10.537459057828,144899306.701882,7.21485277545187,2.07574654042243,133.333333333333,31269,26.0489159413064
