row_id,ADMINCODE,REGION,ZONE,YEAR,MODEL,SPLIT,ACTUAL,PREDICTED,RESIDUAL
1,310000,上海,东部,2007,CATBOOST_XGBOOST,TRAIN,0.469494,0.4747906436885397,-0.005296643688539715
2,530000,云南,西部,2007,CATBOOST_XGBOOST,TRAIN,0.285728,0.289108879389896,-0.003380879389896008
3,150000,内蒙古,西部,2007,CATBOOST_XGBOOST,TRAIN,0.35025,0.3502783650960229,-2.836509602294202e-05
4,110000,北京,东部,2007,CATBOOST_XGBOOST,TRAIN,0.614172,0.6177217498208645,-0.003549749820864423
5,220000,吉林,中部,2007,CATBOOST_XGBOOST,TRAIN,0.32063,0.3251017104312315,-0.004471710431231457
6,510000,四川,西部,2007,CATBOOST_XGBOOST,TRAIN,0.310444,0.3107020096135453,-0.0002580096135453291
7,120000,天津,东部,2007,CATBOOST_XGBOOST,TRAIN,0.445921,0.4469673557348327,-0.001046355734832694
8,640000,宁夏,西部,2007,CATBOOST_XGBOOST,TRAIN,0.320032,0.3225060841388052,-0.002474084138805233
9,340000,安徽,中部,2007,CATBOOST_XGBOOST,TRAIN,0.315404,0.3153346370840738,6.936291592618549e-05
10,370000,山东,东部,2007,CATBOOST_XGBOOST,TRAIN,0.414638,0.4144478585997974,0.0001901414002025703
11,140000,山西,中部,2007,CATBOOST_XGBOOST,TRAIN,0.359663,0.3591679198244067,0.0004950801755933543
12,440000,广东,东部,2007,CATBOOST_XGBOOST,TRAIN,0.388557,0.3951635848514081,-0.006606584851408082
13,450000,广西,西部,2007,CATBOOST_XGBOOST,TRAIN,0.232654,0.2345351894995656,-0.001881189499565644
14,650000,新疆,西部,2007,CATBOOST_XGBOOST,TRAIN,0.362242,0.3579496385964404,0.004292361403559597
15,320000,江苏,东部,2007,CATBOOST_XGBOOST,TRAIN,0.464326,0.4618246101478292,0.002501389852170854
16,360000,江西,中部,2007,CATBOOST_XGBOOST,TRAIN,0.283623,0.2875375741841749,-0.003914574184174902
17,130000,河北,东部,2007,CATBOOST_XGBOOST,TRAIN,0.357469,0.3581869285251998,-0.0007179285251998624
18,410000,河南,中部,2007,CATBOOST_XGBOOST,TRAIN,0.302465,0.3025263884419543,-6.138844195435755e-05
19,330000,浙江,东部,2007,CATBOOST_XGBOOST,TRAIN,0.451458,0.4531490445022049,-0.001691044502204919
20,460000,海南,东部,2007,CATBOOST_XGBOOST,TRAIN,0.295896,0.2994045856433133,-0.0035085856433133
21,420000,湖北,中部,2007,CATBOOST_XGBOOST,TRAIN,0.336287,0.3382177627180766,-0.001930762718076573
22,430000,湖南,中部,2007,CATBOOST_XGBOOST,TRAIN,0.294648,0.2953731093966122,-0.0007251093966121891
23,620000,甘肃,西部,2007,CATBOOST_XGBOOST,TRAIN,0.304409,0.3024092960944531,0.001999703905546879
24,350000,福建,东部,2007,CATBOOST_XGBOOST,TRAIN,0.364673,0.367078626766514,-0.002405626766514013
25,540000,西藏,西部,2007,CATBOOST_XGBOOST,TRAIN,0.28527,0.2841359083395717,0.001134091660428327
26,520000,贵州,西部,2007,CATBOOST_XGBOOST,TRAIN,0.210248,0.2118007818702634,-0.001552781870263364
27,210000,辽宁,东部,2007,CATBOOST_XGBOOST,TRAIN,0.354223,0.3584474443451079,-0.004224444345107881
28,500000,重庆,西部,2007,CATBOOST_XGBOOST,TRAIN,0.362078,0.3619592735166649,0.0001187264833351076
29,610000,陕西,西部,2007,CATBOOST_XGBOOST,TRAIN,0.381037,0.375917591576647,0.005119408423353011
30,630000,青海,西部,2007,CATBOOST_XGBOOST,TRAIN,0.398443,0.3954105665637097,0.003032433436290338
31,230000,黑龙江,中部,2007,CATBOOST_XGBOOST,TRAIN,0.283853,0.2865044441818914,-0.002651444181891338
32,310000,上海,东部,2008,CATBOOST_XGBOOST,TRAIN,0.490255,0.4898438371596531,0.0004111628403469236
33,530000,云南,西部,2008,CATBOOST_XGBOOST,TRAIN,0.329365,0.3268567890848462,0.002508210915153797
34,150000,内蒙古,西部,2008,CATBOOST_XGBOOST,TRAIN,0.360651,0.359800145160923,0.0008508548390769866
35,110000,北京,东部,2008,CATBOOST_XGBOOST,TRAIN,0.665325,0.6632394060837801,0.002085593916219985
36,220000,吉林,中部,2008,CATBOOST_XGBOOST,TRAIN,0.34586,0.3449132292858429,0.000946770714157108
37,510000,四川,西部,2008,CATBOOST_XGBOOST,TRAIN,0.277484,0.2843679887804169,-0.006883988780416905
38,120000,天津,东部,2008,CATBOOST_XGBOOST,TRAIN,0.477976,0.47922880779923,-0.001252807799229982
39,640000,宁夏,西部,2008,CATBOOST_XGBOOST,TRAIN,0.333485,0.3377314908672799,-0.004246490867279906
40,340000,安徽,中部,2008,CATBOOST_XGBOOST,TRAIN,0.340996,0.3397737177359552,0.001222282264044805
41,370000,山东,东部,2008,CATBOOST_XGBOOST,TRAIN,0.433038,0.4318211573384225,0.001216842661577511
42,140000,山西,中部,2008,CATBOOST_XGBOOST,TRAIN,0.392037,0.3855451508413862,0.006491849158613838
43,440000,广东,东部,2008,CATBOOST_XGBOOST,TRAIN,0.440156,0.4402161050503564,-6.010505035636271e-05
44,450000,广西,西部,2008,CATBOOST_XGBOOST,TRAIN,0.261325,0.2605868131472407,0.0007381868527592261
45,650000,新疆,西部,2008,CATBOOST_XGBOOST,TRAIN,0.351233,0.3496302528933637,0.001602747106636326
46,320000,江苏,东部,2008,CATBOOST_XGBOOST,TRAIN,0.499262,0.4974366920969131,0.001825307903086881
47,360000,江西,中部,2008,CATBOOST_XGBOOST,TRAIN,0.324957,0.3241940734422765,0.0007629265577234756
48,130000,河北,东部,2008,CATBOOST_XGBOOST,TRAIN,0.392356,0.3900905143581948,0.002265485641805176
49,410000,河南,中部,2008,CATBOOST_XGBOOST,TRAIN,0.302791,0.3033341929569378,-0.0005431929569377769
50,330000,浙江,东部,2008,CATBOOST_XGBOOST,TRAIN,0.471665,0.470648768567432,0.001016231432568016
51,460000,海南,东部,2008,CATBOOST_XGBOOST,TRAIN,0.304556,0.3106733076522377,-0.006117307652237669
52,420000,湖北,中部,2008,CATBOOST_XGBOOST,TRAIN,0.350448,0.3519781259604398,-0.001530125960439777
53,430000,湖南,中部,2008,CATBOOST_XGBOOST,TRAIN,0.311845,0.3153703128133193,-0.003525312813319359
54,620000,甘肃,西部,2008,CATBOOST_XGBOOST,TRAIN,0.314645,0.3150521922421763,-0.0004071922421762797
55,350000,福建,东部,2008,CATBOOST_XGBOOST,TRAIN,0.380228,0.3838429697097362,-0.003614969709736182
56,540000,西藏,西部,2008,CATBOOST_XGBOOST,TRAIN,0.269376,0.2729908720394222,-0.003614872039422234
57,520000,贵州,西部,2008,CATBOOST_XGBOOST,TRAIN,0.241062,0.2392097678182568,0.001852232181743158
58,210000,辽宁,东部,2008,CATBOOST_XGBOOST,TRAIN,0.391415,0.3885737267995631,0.002841273200436922
59,500000,重庆,西部,2008,CATBOOST_XGBOOST,TRAIN,0.391252,0.3850249223435707,0.00622707765642927
60,610000,陕西,西部,2008,CATBOOST_XGBOOST,TRAIN,0.392737,0.3882665218173248,0.004470478182675208
61,630000,青海,西部,2008,CATBOOST_XGBOOST,TRAIN,0.382635,0.3831349832196172,-0.0004999832196171949
62,230000,黑龙江,中部,2008,CATBOOST_XGBOOST,TRAIN,0.297748,0.2991536916372269,-0.001405691637226925
63,310000,上海,东部,2009,CATBOOST_XGBOOST,TRAIN,0.49423,0.4953045759740295,-0.00107457597402949
64,530000,云南,西部,2009,CATBOOST_XGBOOST,TRAIN,0.32989,0.3308094942906086,-0.0009194942906086134
65,150000,内蒙古,西部,2009,CATBOOST_XGBOOST,TRAIN,0.377862,0.3751358673309068,0.002726132669093162
66,110000,北京,东部,2009,CATBOOST_XGBOOST,TRAIN,0.695131,0.6833828473936507,0.01174815260634932
67,220000,吉林,中部,2009,CATBOOST_XGBOOST,TRAIN,0.345124,0.3482897170451837,-0.003165717045183758
68,510000,四川,西部,2009,CATBOOST_XGBOOST,TRAIN,0.307312,0.3077100666854267,-0.0003980666854267456
69,120000,天津,东部,2009,CATBOOST_XGBOOST,TRAIN,0.473766,0.4767255022055167,-0.002959502205516717
70,640000,宁夏,西部,2009,CATBOOST_XGBOOST,TRAIN,0.365262,0.3670395799697564,-0.001777579969756471
71,340000,安徽,中部,2009,CATBOOST_XGBOOST,TRAIN,0.334407,0.3364679146875923,-0.002060914687592286
72,370000,山东,东部,2009,CATBOOST_XGBOOST,TRAIN,0.448545,0.4459577460256263,0.002587253974373704
73,140000,山西,中部,2009,CATBOOST_XGBOOST,TRAIN,0.382254,0.3824172586098678,-0.0001632586098678224
74,440000,广东,东部,2009,CATBOOST_XGBOOST,TRAIN,0.478639,0.4770741597969138,0.001564840203086171
75,450000,广西,西部,2009,CATBOOST_XGBOOST,TRAIN,0.315314,0.316808273716652,-0.001494273716652006
76,650000,新疆,西部,2009,CATBOOST_XGBOOST,TRAIN,0.35955,0.3588345924099788,0.0007154075900211443
77,320000,江苏,东部,2009,CATBOOST_XGBOOST,TRAIN,0.522323,0.51843144881287,0.003891551187130027
78,360000,江西,中部,2009,CATBOOST_XGBOOST,TRAIN,0.337338,0.3359007285289818,0.001437271471018242
79,130000,河北,东部,2009,CATBOOST_XGBOOST,TRAIN,0.408099,0.4043149158542142,0.003784084145785793
80,410000,河南,中部,2009,CATBOOST_XGBOOST,TRAIN,0.309275,0.3069665717906488,0.002308428209351232
81,330000,浙江,东部,2009,CATBOOST_XGBOOST,TRAIN,0.480921,0.4800972212757499,0.0008237787242500461
82,460000,海南,东部,2009,CATBOOST_XGBOOST,TRAIN,0.370788,0.3693061480700657,0.00148185192993433
83,420000,湖北,中部,2009,CATBOOST_XGBOOST,TRAIN,0.376263,0.372847339513056,0.003415660486944028
84,430000,湖南,中部,2009,CATBOOST_XGBOOST,TRAIN,0.343712,0.3434506649974984,0.0002613350025015837
85,620000,甘肃,西部,2009,CATBOOST_XGBOOST,TRAIN,0.314579,0.3157512510321939,-0.001172251032193927
86,350000,福建,东部,2009,CATBOOST_XGBOOST,TRAIN,0.414075,0.4153519802182446,-0.001276980218244572
87,540000,西藏,西部,2009,CATBOOST_XGBOOST,TRAIN,0.300686,0.2991605904654653,0.001525409534534727
88,520000,贵州,西部,2009,CATBOOST_XGBOOST,TRAIN,0.256668,0.2583424541399181,-0.001674454139918069
89,210000,辽宁,东部,2009,CATBOOST_XGBOOST,TRAIN,0.392881,0.3912744270621983,0.001606572937801698
90,500000,重庆,西部,2009,CATBOOST_XGBOOST,TRAIN,0.368269,0.3695452287342222,-0.001276228734222229
91,610000,陕西,西部,2009,CATBOOST_XGBOOST,TRAIN,0.40972,0.4066366881839361,0.003083311816063916
92,630000,青海,西部,2009,CATBOOST_XGBOOST,TRAIN,0.396347,0.3945538528423616,0.001793147157638453
93,230000,黑龙江,中部,2009,CATBOOST_XGBOOST,TRAIN,0.310882,0.3138616811391021,-0.002979681139102075
94,310000,上海,东部,2010,CATBOOST_XGBOOST,TRAIN,0.491858,0.4904284922001935,0.001429507799806495
95,530000,云南,西部,2010,CATBOOST_XGBOOST,TRAIN,0.337123,0.3334135940914567,0.003709405908543351
96,150000,内蒙古,西部,2010,CATBOOST_XGBOOST,TRAIN,0.390122,0.3874428740630915,0.002679125936908555
97,110000,北京,东部,2010,CATBOOST_XGBOOST,TRAIN,0.664182,0.6663577920746429,-0.002175792074642802
98,220000,吉林,中部,2010,CATBOOST_XGBOOST,TRAIN,0.382553,0.3833644494837277,-0.0008114494837277442
99,510000,四川,西部,2010,CATBOOST_XGBOOST,TRAIN,0.316314,0.3188175479036683,-0.002503547903668357
100,120000,天津,东部,2010,CATBOOST_XGBOOST,TRAIN,0.499374,0.4992443017141571,0.0001296982858428608
101,640000,宁夏,西部,2010,CATBOOST_XGBOOST,TRAIN,0.392527,0.3905582470281267,0.001968752971873267
102,340000,安徽,中部,2010,CATBOOST_XGBOOST,TRAIN,0.347594,0.3474565536310712,0.0001374463689288175
103,370000,山东,东部,2010,CATBOOST_XGBOOST,TRAIN,0.470067,0.4676515754593602,0.00241542454063981
104,140000,山西,中部,2010,CATBOOST_XGBOOST,TRAIN,0.398229,0.3924516418066972,0.005777358193302773
105,440000,广东,东部,2010,CATBOOST_XGBOOST,TRAIN,0.528695,0.5220377132933216,0.006657286706678422
106,450000,广西,西部,2010,CATBOOST_XGBOOST,TRAIN,0.324743,0.3262892638393609,-0.001546263839360906
107,650000,新疆,西部,2010,CATBOOST_XGBOOST,TRAIN,0.390484,0.3876353148731274,0.002848685126872641
108,320000,江苏,东部,2010,CATBOOST_XGBOOST,TRAIN,0.515021,0.5150123036598193,8.696340180636142e-06
109,360000,江西,中部,2010,CATBOOST_XGBOOST,TRAIN,0.348912,0.3473072099912246,0.001604790008775392
110,130000,河北,东部,2010,CATBOOST_XGBOOST,TRAIN,0.423659,0.4199395842755723,0.003719415724427744
111,410000,河南,中部,2010,CATBOOST_XGBOOST,TRAIN,0.314399,0.3153948189738622,-0.0009958189738622503
112,330000,浙江,东部,2010,CATBOOST_XGBOOST,TRAIN,0.49977,0.5010252070444474,-0.001255207044447426
113,460000,海南,东部,2010,CATBOOST_XGBOOST,TRAIN,0.383206,0.3868774266827658,-0.003671426682765822
114,420000,湖北,中部,2010,CATBOOST_XGBOOST,TRAIN,0.38831,0.3852936761610118,0.003016323838988144
115,430000,湖南,中部,2010,CATBOOST_XGBOOST,TRAIN,0.351233,0.3500100451481212,0.001222954851878788
116,620000,甘肃,西部,2010,CATBOOST_XGBOOST,TRAIN,0.336322,0.3340771660069675,0.002244833993032491
117,350000,福建,东部,2010,CATBOOST_XGBOOST,TRAIN,0.425601,0.4255172297842414,8.37702157586162e-05
118,540000,西藏,西部,2010,CATBOOST_XGBOOST,TRAIN,0.319901,0.3183656474660178,0.001535352533982182
119,520000,贵州,西部,2010,CATBOOST_XGBOOST,TRAIN,0.26812,0.2674575036126716,0.000662496387328404
120,210000,辽宁,东部,2010,CATBOOST_XGBOOST,TRAIN,0.41895,0.4173317349777229,0.001618265022277077
121,500000,重庆,西部,2010,CATBOOST_XGBOOST,TRAIN,0.39256,0.3939759602902015,-0.001415960290201468
122,610000,陕西,西部,2010,CATBOOST_XGBOOST,TRAIN,0.409684,0.4066096759460652,0.003074324053934818
123,630000,青海,西部,2010,CATBOOST_XGBOOST,TRAIN,0.380195,0.3811137739860134,-0.0009187739860133659
124,230000,黑龙江,中部,2010,CATBOOST_XGBOOST,TRAIN,0.341506,0.3432543003895414,-0.001748300389541435
125,310000,上海,东部,2011,CATBOOST_XGBOOST,TRAIN,0.52444,0.5211879942697573,0.003252005730242757
126,530000,云南,西部,2011,CATBOOST_XGBOOST,TRAIN,0.342188,0.3409975898756896,0.00119041012431037
127,150000,内蒙古,西部,2011,CATBOOST_XGBOOST,TRAIN,0.395885,0.3999661062417006,-0.00408110624170066
128,110000,北京,东部,2011,CATBOOST_XGBOOST,TRAIN,0.707105,0.7061705609113823,0.0009344390886176779
129,220000,吉林,中部,2011,CATBOOST_XGBOOST,TRAIN,0.418573,0.4142416838453965,0.004331316154603471
130,510000,四川,西部,2011,CATBOOST_XGBOOST,TRAIN,0.346289,0.3509402189174926,-0.004651218917492539
131,120000,天津,东部,2011,CATBOOST_XGBOOST,TRAIN,0.530708,0.5301002737124951,0.0006077262875048284
132,640000,宁夏,西部,2011,CATBOOST_XGBOOST,TRAIN,0.397901,0.3998764981906642,-0.001975498190664171
133,340000,安徽,中部,2011,CATBOOST_XGBOOST,TRAIN,0.374981,0.3754115097471057,-0.000430509747105734
134,370000,山东,东部,2011,CATBOOST_XGBOOST,TRAIN,0.488759,0.4890443679670789,-0.0002853679670788978
135,140000,山西,中部,2011,CATBOOST_XGBOOST,TRAIN,0.401151,0.3996761705283391,0.001474829471660832
136,440000,广东,东部,2011,CATBOOST_XGBOOST,TRAIN,0.5261,0.5251096261028296,0.0009903738971703824
137,450000,广西,西部,2011,CATBOOST_XGBOOST,TRAIN,0.331927,0.3362856645969409,-0.004358664596940842
138,650000,新疆,西部,2011,CATBOOST_XGBOOST,TRAIN,0.398319,0.3967391738875817,0.001579826112418248
139,320000,江苏,东部,2011,CATBOOST_XGBOOST,TRAIN,0.53548,0.5350278201395058,0.0004521798604941729
140,360000,江西,中部,2011,CATBOOST_XGBOOST,TRAIN,0.361149,0.3646989571504951,-0.003549957150495109
141,130000,河北,东部,2011,CATBOOST_XGBOOST,TRAIN,0.42148,0.4199765877210083,0.0015034122789917
142,410000,河南,中部,2011,CATBOOST_XGBOOST,TRAIN,0.321146,0.3251847838786134,-0.004038783878613394
143,330000,浙江,东部,2011,CATBOOST_XGBOOST,TRAIN,0.509859,0.5124171731278568,-0.002558173127856889
144,460000,海南,东部,2011,CATBOOST_XGBOOST,TRAIN,0.469869,0.461303429424076,0.008565570575923998
145,420000,湖北,中部,2011,CATBOOST_XGBOOST,TRAIN,0.408075,0.4057764277490089,0.002298572250991116
146,430000,湖南,中部,2011,CATBOOST_XGBOOST,TRAIN,0.351698,0.3536825129523065,-0.00198451295230645
147,620000,甘肃,西部,2011,CATBOOST_XGBOOST,TRAIN,0.361354,0.3593702700487684,0.001983729951231583
148,350000,福建,东部,2011,CATBOOST_XGBOOST,TRAIN,0.435985,0.4405670394916965,-0.004582039491696499
149,540000,西藏,西部,2011,CATBOOST_XGBOOST,TRAIN,0.306182,0.3061903657953003,-8.365795300335765e-06
150,520000,贵州,西部,2011,CATBOOST_XGBOOST,TRAIN,0.269938,0.2761183717258304,-0.006180371725830414
151,210000,辽宁,东部,2011,CATBOOST_XGBOOST,TRAIN,0.431516,0.4303150724755973,0.001200927524402706
152,500000,重庆,西部,2011,CATBOOST_XGBOOST,TRAIN,0.424435,0.4239035114293188,0.0005314885706811934
153,610000,陕西,西部,2011,CATBOOST_XGBOOST,TRAIN,0.434556,0.4312779285880827,0.003278071411917327
154,630000,青海,西部,2011,CATBOOST_XGBOOST,TRAIN,0.380392,0.3822537381011532,-0.001861738101153143
155,230000,黑龙江,中部,2011,CATBOOST_XGBOOST,TRAIN,0.351356,0.3548483715827654,-0.003492371582765441
156,310000,上海,东部,2012,CATBOOST_XGBOOST,TRAIN,0.509711,0.5109703209952768,-0.001259320995276814
157,530000,云南,西部,2012,CATBOOST_XGBOOST,TRAIN,0.342158,0.3428915861992646,-0.0007335861992645576
158,150000,内蒙古,西部,2012,CATBOOST_XGBOOST,TRAIN,0.424821,0.4272385847886034,-0.002417584788603377
159,110000,北京,东部,2012,CATBOOST_XGBOOST,TRAIN,0.699799,0.7013556462932541,-0.001556646293254138
160,220000,吉林,中部,2012,CATBOOST_XGBOOST,TRAIN,0.437314,0.4356916175041867,0.001622382495813257
161,510000,四川,西部,2012,CATBOOST_XGBOOST,TRAIN,0.381361,0.385033133469555,-0.003672133469555028
162,120000,天津,东部,2012,CATBOOST_XGBOOST,TRAIN,0.534811,0.5347132744786408,9.772552135922652e-05
163,640000,宁夏,西部,2012,CATBOOST_XGBOOST,TRAIN,0.397271,0.4025836023634226,-0.005312602363422625
164,340000,安徽,中部,2012,CATBOOST_XGBOOST,TRAIN,0.396032,0.3957686072523998,0.0002633927476001774
165,370000,山东,东部,2012,CATBOOST_XGBOOST,TRAIN,0.51803,0.5130763686331135,0.004953631366886535
166,140000,山西,中部,2012,CATBOOST_XGBOOST,TRAIN,0.423134,0.4199622949744419,0.00317170502555808
167,440000,广东,东部,2012,CATBOOST_XGBOOST,TRAIN,0.532101,0.5294941901858066,0.002606809814193478
168,450000,广西,西部,2012,CATBOOST_XGBOOST,TRAIN,0.35927,0.3605727223270405,-0.00130272232704054
169,650000,新疆,西部,2012,CATBOOST_XGBOOST,TRAIN,0.409927,0.4102516717258124,-0.0003246717258124088
170,320000,江苏,东部,2012,CATBOOST_XGBOOST,TRAIN,0.552881,0.5492744821588293,0.003606517841170609
171,360000,江西,中部,2012,CATBOOST_XGBOOST,TRAIN,0.395292,0.395290531037901,1.468962099016036e-06
172,130000,河北,东部,2012,CATBOOST_XGBOOST,TRAIN,0.443302,0.4392017296405294,0.004100270359470526
173,410000,河南,中部,2012,CATBOOST_XGBOOST,TRAIN,0.347414,0.3511849254361094,-0.003770925436109407
174,330000,浙江,东部,2012,CATBOOST_XGBOOST,TRAIN,0.521526,0.5243649797551347,-0.002838979755134696
175,460000,海南,东部,2012,CATBOOST_XGBOOST,TRAIN,0.467232,0.4641045520470513,0.003127447952948725
176,420000,湖北,中部,2012,CATBOOST_XGBOOST,TRAIN,0.42698,0.4254248378747645,0.001555162125235487
177,430000,湖南,中部,2012,CATBOOST_XGBOOST,TRAIN,0.374403,0.3766511754024394,-0.002248175402439434
178,620000,甘肃,西部,2012,CATBOOST_XGBOOST,TRAIN,0.37114,0.3706586423381256,0.0004813576618744042
179,350000,福建,东部,2012,CATBOOST_XGBOOST,TRAIN,0.459472,0.4600418079136767,-0.0005698079136766676
180,540000,西藏,西部,2012,CATBOOST_XGBOOST,TRAIN,0.30096,0.301792229578711,-0.0008322295787109857
181,520000,贵州,西部,2012,CATBOOST_XGBOOST,TRAIN,0.305635,0.3061149556068011,-0.0004799556068011412
182,210000,辽宁,东部,2012,CATBOOST_XGBOOST,TRAIN,0.451064,0.4525462941552951,-0.001482294155295105
183,500000,重庆,西部,2012,CATBOOST_XGBOOST,TRAIN,0.460347,0.4589455120642767,0.001401487935723311
184,610000,陕西,西部,2012,CATBOOST_XGBOOST,TRAIN,0.45579,0.4575077472541447,-0.001717747254144752
185,630000,青海,西部,2012,CATBOOST_XGBOOST,TRAIN,0.394275,0.3947827262364817,-0.0005077262364817092
186,230000,黑龙江,中部,2012,CATBOOST_XGBOOST,TRAIN,0.369154,0.374006382324462,-0.004852382324462057
187,310000,上海,东部,2013,CATBOOST_XGBOOST,TRAIN,0.499295,0.5050375599354975,-0.005742559935497493
188,530000,云南,西部,2013,CATBOOST_XGBOOST,TRAIN,0.363584,0.3657552315157582,-0.002171231515758154
189,150000,内蒙古,西部,2013,CATBOOST_XGBOOST,TRAIN,0.452539,0.4525282416801577,1.07583198423189e-05
190,110000,北京,东部,2013,CATBOOST_XGBOOST,TRAIN,0.71665,0.7167127596622455,-6.275966224544849e-05
191,220000,吉林,中部,2013,CATBOOST_XGBOOST,TRAIN,0.453477,0.4516235680084126,0.001853431991587384
192,510000,四川,西部,2013,CATBOOST_XGBOOST,TRAIN,0.399379,0.4039648849900284,-0.004585884990028377
193,120000,天津,东部,2013,CATBOOST_XGBOOST,TRAIN,0.554772,0.5490214681206115,0.005750531879388565
194,640000,宁夏,西部,2013,CATBOOST_XGBOOST,TRAIN,0.425273,0.4260502260461672,-0.0007772260461671454
195,340000,安徽,中部,2013,CATBOOST_XGBOOST,TRAIN,0.430476,0.4295658336267415,0.0009101663732585252
196,370000,山东,东部,2013,CATBOOST_XGBOOST,TRAIN,0.550434,0.5445383779897176,0.005895622010282375
197,140000,山西,中部,2013,CATBOOST_XGBOOST,TRAIN,0.455473,0.4465103699243899,0.0089626300756101
198,440000,广东,东部,2013,CATBOOST_XGBOOST,TRAIN,0.554137,0.5523552559659638,0.001781744034036192
199,450000,广西,西部,2013,CATBOOST_XGBOOST,TRAIN,0.385183,0.3860839329356192,-0.0009009329356191587
200,650000,新疆,西部,2013,CATBOOST_XGBOOST,TRAIN,0.43343,0.4308851464520259,0.002544853547974069
201,320000,江苏,东部,2013,CATBOOST_XGBOOST,TRAIN,0.579476,0.5794077471127496,6.825288725043066e-05
202,360000,江西,中部,2013,CATBOOST_XGBOOST,TRAIN,0.400488,0.4039693144760992,-0.003481314476099229
203,130000,河北,东部,2013,CATBOOST_XGBOOST,TRAIN,0.475631,0.4705584018520447,0.005072598147955354
204,410000,河南,中部,2013,CATBOOST_XGBOOST,TRAIN,0.368835,0.3706564113601736,-0.001821411360173608
205,330000,浙江,东部,2013,CATBOOST_XGBOOST,TRAIN,0.536391,0.5369950303560587,-0.0006040303560587157
206,460000,海南,东部,2013,CATBOOST_XGBOOST,TRAIN,0.478897,0.4793424738826115,-0.0004454738826115134
207,420000,湖北,中部,2013,CATBOOST_XGBOOST,TRAIN,0.452791,0.4530301256303202,-0.0002391256303201916
208,430000,湖南,中部,2013,CATBOOST_XGBOOST,TRAIN,0.392934,0.3948146677115897,-0.001880667711589679
209,620000,甘肃,西部,2013,CATBOOST_XGBOOST,TRAIN,0.395874,0.392609577333721,0.003264422666279021
210,350000,福建,东部,2013,CATBOOST_XGBOOST,TRAIN,0.474724,0.4781448351370816,-0.003420835137081579
211,540000,西藏,西部,2013,CATBOOST_XGBOOST,TRAIN,0.301734,0.3057526532269292,-0.004018653226929236
212,520000,贵州,西部,2013,CATBOOST_XGBOOST,TRAIN,0.342552,0.3416311398410453,0.0009208601589547061
213,210000,辽宁,东部,2013,CATBOOST_XGBOOST,TRAIN,0.47184,0.4724453332001358,-0.000605333200135838
214,500000,重庆,西部,2013,CATBOOST_XGBOOST,TRAIN,0.471614,0.4689935962188154,0.002620403781184555
215,610000,陕西,西部,2013,CATBOOST_XGBOOST,TRAIN,0.471334,0.4706771584609772,0.0006568415390227345
216,630000,青海,西部,2013,CATBOOST_XGBOOST,TRAIN,0.435803,0.4310655892651468,0.004737410734853231
217,230000,黑龙江,中部,2013,CATBOOST_XGBOOST,TRAIN,0.394048,0.395850946123912,-0.001802946123911964
218,310000,上海,东部,2014,CATBOOST_XGBOOST,TRAIN,0.512259,0.5151228671158943,-0.002863867115894259
219,530000,云南,西部,2014,CATBOOST_XGBOOST,TRAIN,0.394056,0.3920770456743359,0.001978954325664084
220,150000,内蒙古,西部,2014,CATBOOST_XGBOOST,TRAIN,0.485318,0.4801136462746614,0.005204353725338617
221,110000,北京,东部,2014,CATBOOST_XGBOOST,TRAIN,0.753878,0.7521304897710998,0.001747510228900295
222,220000,吉林,中部,2014,CATBOOST_XGBOOST,TRAIN,0.48598,0.477368703439662,0.008611296560338044
223,510000,四川,西部,2014,CATBOOST_XGBOOST,TRAIN,0.404679,0.4102002751221534,-0.005521275122153391
224,120000,天津,东部,2014,CATBOOST_XGBOOST,TRAIN,0.553833,0.5530867889654292,0.0007462110345708428
225,640000,宁夏,西部,2014,CATBOOST_XGBOOST,TRAIN,0.450809,0.452025905539072,-0.001216905539071944
226,340000,安徽,中部,2014,CATBOOST_XGBOOST,TRAIN,0.445222,0.4451497635817991,7.223641820086613e-05
227,370000,山东,东部,2014,CATBOOST_XGBOOST,TRAIN,0.543577,0.542017163232729,0.001559836767271006
228,140000,山西,中部,2014,CATBOOST_XGBOOST,TRAIN,0.456001,0.4486550680863225,0.007345931913677495
229,440000,广东,东部,2014,CATBOOST_XGBOOST,TRAIN,0.551331,0.5550307776125377,-0.003699777612537702
230,450000,广西,西部,2014,CATBOOST_XGBOOST,TRAIN,0.405192,0.404064172660861,0.00112782733913902
231,650000,新疆,西部,2014,CATBOOST_XGBOOST,TRAIN,0.452118,0.4493525541177572,0.002765445882242812
232,320000,江苏,东部,2014,CATBOOST_XGBOOST,TRAIN,0.595037,0.5931816847386597,0.001855315261340307
233,360000,江西,中部,2014,CATBOOST_XGBOOST,TRAIN,0.401411,0.4082173929406101,-0.006806392940610084
234,130000,河北,东部,2014,CATBOOST_XGBOOST,TRAIN,0.488183,0.4844182322113084,0.003764767788691559
235,410000,河南,中部,2014,CATBOOST_XGBOOST,TRAIN,0.389505,0.3929810183346633,-0.003476018334663267
236,330000,浙江,东部,2014,CATBOOST_XGBOOST,TRAIN,0.555829,0.5564437627283161,-0.000614762728316065
237,460000,海南,东部,2014,CATBOOST_XGBOOST,TRAIN,0.481688,0.4801406778939828,0.001547322106017157
238,420000,湖北,中部,2014,CATBOOST_XGBOOST,TRAIN,0.472876,0.4737799061095918,-0.0009039061095917345
239,430000,湖南,中部,2014,CATBOOST_XGBOOST,TRAIN,0.418207,0.4197393941039286,-0.00153239410392858
240,620000,甘肃,西部,2014,CATBOOST_XGBOOST,TRAIN,0.408766,0.4081901027609057,0.0005758972390942918
241,350000,福建,东部,2014,CATBOOST_XGBOOST,TRAIN,0.490599,0.4932298730186165,-0.002630873018616531
242,540000,西藏,西部,2014,CATBOOST_XGBOOST,TRAIN,0.374178,0.3734802739279481,0.0006977260720518741
243,520000,贵州,西部,2014,CATBOOST_XGBOOST,TRAIN,0.365249,0.3684242352703132,-0.003175235270313215
244,210000,辽宁,东部,2014,CATBOOST_XGBOOST,TRAIN,0.487013,0.4853937471508646,0.001619252849135389
245,500000,重庆,西部,2014,CATBOOST_XGBOOST,TRAIN,0.473044,0.4757218384153715,-0.002677838415371503
246,610000,陕西,西部,2014,CATBOOST_XGBOOST,TRAIN,0.479637,0.4766665248050616,0.002970475194938427
247,630000,青海,西部,2014,CATBOOST_XGBOOST,TRAIN,0.43016,0.4303336985532864,-0.0001736985532864166
248,230000,黑龙江,中部,2014,CATBOOST_XGBOOST,TRAIN,0.40233,0.404164631465872,-0.001834631465871983
249,310000,上海,东部,2015,CATBOOST_XGBOOST,TRAIN,0.530903,0.5317015397268424,-0.0007985397268424066
250,530000,云南,西部,2015,CATBOOST_XGBOOST,TRAIN,0.401134,0.4055806748397275,-0.004446674839727494
251,150000,内蒙古,西部,2015,CATBOOST_XGBOOST,TRAIN,0.5028,0.5001747055075776,0.002625294492422436
252,110000,北京,东部,2015,CATBOOST_XGBOOST,TRAIN,0.766158,0.7688617208380522,-0.002703720838052148
253,220000,吉林,中部,2015,CATBOOST_XGBOOST,TRAIN,0.45475,0.4565015516792921,-0.001751551679292085
254,510000,四川,西部,2015,CATBOOST_XGBOOST,TRAIN,0.417983,0.4212408976604063,-0.00325789766040635
255,120000,天津,东部,2015,CATBOOST_XGBOOST,TRAIN,0.55387,0.5546229986679635,-0.0007529986679635225
256,640000,宁夏,西部,2015,CATBOOST_XGBOOST,TRAIN,0.47163,0.4705565301274088,0.00107346987259116
257,340000,安徽,中部,2015,CATBOOST_XGBOOST,TRAIN,0.465285,0.4649159291267081,0.0003690708732919101
258,370000,山东,东部,2015,CATBOOST_XGBOOST,TRAIN,0.5509,0.5463326648168586,0.004567335183141341
259,140000,山西,中部,2015,CATBOOST_XGBOOST,TRAIN,0.451235,0.4536173272880406,-0.002382327288040553
260,440000,广东,东部,2015,CATBOOST_XGBOOST,TRAIN,0.541074,0.5429850197254369,-0.001911019725436836
261,450000,广西,西部,2015,CATBOOST_XGBOOST,TRAIN,0.423979,0.423534578073424,0.0004444219265760108
262,650000,新疆,西部,2015,CATBOOST_XGBOOST,TRAIN,0.472146,0.4682228557160406,0.003923144283959457
263,320000,江苏,东部,2015,CATBOOST_XGBOOST,TRAIN,0.615843,0.6114153390621437,0.004427660937856293
264,360000,江西,中部,2015,CATBOOST_XGBOOST,TRAIN,0.421779,0.4292771382207082,-0.007498138220708217
265,130000,河北,东部,2015,CATBOOST_XGBOOST,TRAIN,0.512584,0.5060250222455801,0.006558977754419937
266,410000,河南,中部,2015,CATBOOST_XGBOOST,TRAIN,0.414816,0.4181455214732902,-0.003329521473290187
267,330000,浙江,东部,2015,CATBOOST_XGBOOST,TRAIN,0.565243,0.5632345412226557,0.002008458777344346
268,460000,海南,东部,2015,CATBOOST_XGBOOST,TRAIN,0.494865,0.4966311654986238,-0.001766165498623851
269,420000,湖北,中部,2015,CATBOOST_XGBOOST,TRAIN,0.496589,0.4959150489483538,0.0006739510516461933
270,430000,湖南,中部,2015,CATBOOST_XGBOOST,TRAIN,0.434362,0.4354041234424388,-0.001042123442438814
271,620000,甘肃,西部,2015,CATBOOST_XGBOOST,TRAIN,0.426775,0.4251751746232436,0.001599825376756403
272,350000,福建,东部,2015,CATBOOST_XGBOOST,TRAIN,0.506608,0.5103171856854705,-0.003709185685470517
273,540000,西藏,西部,2015,CATBOOST_XGBOOST,TRAIN,0.479145,0.4713080834230544,0.00783691657694563
274,520000,贵州,西部,2015,CATBOOST_XGBOOST,TRAIN,0.394252,0.3943977232707679,-0.0001457232707679501
275,210000,辽宁,东部,2015,CATBOOST_XGBOOST,TRAIN,0.487913,0.4849259459365001,0.002987054063499917
276,500000,重庆,西部,2015,CATBOOST_XGBOOST,TRAIN,0.497174,0.4976463554370987,-0.0004723554370986704
277,610000,陕西,西部,2015,CATBOOST_XGBOOST,TRAIN,0.503439,0.4952711827266048,0.008167817273395217
278,630000,青海,西部,2015,CATBOOST_XGBOOST,TRAIN,0.463007,0.4608160535813609,0.002190946418639095
279,230000,黑龙江,中部,2015,CATBOOST_XGBOOST,TRAIN,0.411819,0.4110029170606951,0.0008160829393048519
280,310000,上海,东部,2016,CATBOOST_XGBOOST,TRAIN,0.552024,0.5533027925135023,-0.00127879251350238
281,530000,云南,西部,2016,CATBOOST_XGBOOST,TRAIN,0.432435,0.4329137612006256,-0.0004787612006256214
282,150000,内蒙古,西部,2016,CATBOOST_XGBOOST,TRAIN,0.508229,0.5060433866413364,0.002185613358663629
283,110000,北京,东部,2016,CATBOOST_XGBOOST,TRAIN,0.778668,0.7772756830807201,0.001392316919279879
284,220000,吉林,中部,2016,CATBOOST_XGBOOST,TRAIN,0.458748,0.4605400254588495,-0.001792025458849544
285,510000,四川,西部,2016,CATBOOST_XGBOOST,TRAIN,0.424258,0.4263349511823247,-0.002076951182324649
286,120000,天津,东部,2016,CATBOOST_XGBOOST,TRAIN,0.546051,0.5504279989653728,-0.004376998965372803
287,640000,宁夏,西部,2016,CATBOOST_XGBOOST,TRAIN,0.467957,0.4724840997375332,-0.004527099737533236
288,340000,安徽,中部,2016,CATBOOST_XGBOOST,TRAIN,0.487232,0.4875613264330536,-0.0003293264330536116
289,370000,山东,东部,2016,CATBOOST_XGBOOST,TRAIN,0.563037,0.5613039095336629,0.001733090466337073
290,140000,山西,中部,2016,CATBOOST_XGBOOST,TRAIN,0.476689,0.4767114110349567,-2.241103495675967e-05
291,440000,广东,东部,2016,CATBOOST_XGBOOST,TRAIN,0.550845,0.5555193321102111,-0.004674332110211066
292,450000,广西,西部,2016,CATBOOST_XGBOOST,TRAIN,0.431724,0.4377382689441972,-0.00601426894419721
293,650000,新疆,西部,2016,CATBOOST_XGBOOST,TRAIN,0.480806,0.475798341347095,0.005007658652905034
294,320000,江苏,东部,2016,CATBOOST_XGBOOST,TRAIN,0.625346,0.6178085479540045,0.00753745204599543
295,360000,江西,中部,2016,CATBOOST_XGBOOST,TRAIN,0.449652,0.4548395844304438,-0.005187584430443759
296,130000,河北,东部,2016,CATBOOST_XGBOOST,TRAIN,0.510421,0.5062953441961866,0.004125655803813411
297,410000,河南,中部,2016,CATBOOST_XGBOOST,TRAIN,0.437887,0.4409502653714196,-0.003063265371419599
298,330000,浙江,东部,2016,CATBOOST_XGBOOST,TRAIN,0.574848,0.5775607089319714,-0.002712708931971397
299,460000,海南,东部,2016,CATBOOST_XGBOOST,TRAIN,0.499456,0.4990654519767385,0.0003905480232615499
300,420000,湖北,中部,2016,CATBOOST_XGBOOST,TRAIN,0.515551,0.5148195007356823,0.0007314992643177032
301,430000,湖南,中部,2016,CATBOOST_XGBOOST,TRAIN,0.454899,0.4574921526237857,-0.002593152623785677
302,620000,甘肃,西部,2016,CATBOOST_XGBOOST,TRAIN,0.43951,0.4404247110746025,-0.0009147110746024478
303,350000,福建,东部,2016,CATBOOST_XGBOOST,TRAIN,0.524105,0.525675812806124,-0.001570812806123922
304,540000,西藏,西部,2016,CATBOOST_XGBOOST,TRAIN,0.342395,0.3464926781452066,-0.004097678145206618
305,520000,贵州,西部,2016,CATBOOST_XGBOOST,TRAIN,0.430882,0.4268208704208656,0.004061129579134404
306,210000,辽宁,东部,2016,CATBOOST_XGBOOST,TRAIN,0.472639,0.477567777384395,-0.004928777384395067
307,500000,重庆,西部,2016,CATBOOST_XGBOOST,TRAIN,0.503131,0.504899131763505,-0.001768131763504988
308,610000,陕西,西部,2016,CATBOOST_XGBOOST,TRAIN,0.49743,0.4995315647155403,-0.002101564715540349
309,630000,青海,西部,2016,CATBOOST_XGBOOST,TRAIN,0.456845,0.4590550153415138,-0.002210015341513771
310,230000,黑龙江,中部,2016,CATBOOST_XGBOOST,TRAIN,0.40789,0.4151346325688658,-0.007244632568865816
311,310000,上海,东部,2017,CATBOOST_XGBOOST,TRAIN,0.587104,0.5817071246046335,0.005396875395366485
312,530000,云南,西部,2017,CATBOOST_XGBOOST,TRAIN,0.440793,0.4418455230193012,-0.001052523019301255
313,150000,内蒙古,西部,2017,CATBOOST_XGBOOST,TRAIN,0.50881,0.508543514451288,0.0002664855487120033
314,110000,北京,东部,2017,CATBOOST_XGBOOST,TRAIN,0.815825,0.8091007757551871,0.006724224244812893
315,220000,吉林,中部,2017,CATBOOST_XGBOOST,TRAIN,0.456131,0.4614664744827692,-0.00533547448276922
316,510000,四川,西部,2017,CATBOOST_XGBOOST,TRAIN,0.44983,0.4505369434253446,-0.0007069434253446083
317,120000,天津,东部,2017,CATBOOST_XGBOOST,TRAIN,0.59251,0.591008323153861,0.001501676846139
318,640000,宁夏,西部,2017,CATBOOST_XGBOOST,TRAIN,0.503942,0.5040136392249008,-7.163922490083241e-05
319,340000,安徽,中部,2017,CATBOOST_XGBOOST,TRAIN,0.523465,0.520006087449147,0.003458912550852955
320,370000,山东,东部,2017,CATBOOST_XGBOOST,TRAIN,0.571386,0.574527530802902,-0.003141530802902026
321,140000,山西,中部,2017,CATBOOST_XGBOOST,TRAIN,0.492633,0.4903960805473212,0.002236919452678787
322,440000,广东,东部,2017,CATBOOST_XGBOOST,TRAIN,0.572343,0.5753969811313815,-0.003053981131381445
323,450000,广西,西部,2017,CATBOOST_XGBOOST,TRAIN,0.455427,0.4548113252933421,0.0006156747066579094
324,650000,新疆,西部,2017,CATBOOST_XGBOOST,TRAIN,0.484046,0.48508092185469,-0.001034921854690007
325,320000,江苏,东部,2017,CATBOOST_XGBOOST,TRAIN,0.631071,0.6255725901908058,0.005498409809194249
326,360000,江西,中部,2017,CATBOOST_XGBOOST,TRAIN,0.481004,0.4833152245222331,-0.002311224522233091
327,130000,河北,东部,2017,CATBOOST_XGBOOST,TRAIN,0.548186,0.5460460494148209,0.002139950585179018
328,410000,河南,中部,2017,CATBOOST_XGBOOST,TRAIN,0.471023,0.4732148159631664,-0.002191815963166366
329,330000,浙江,东部,2017,CATBOOST_XGBOOST,TRAIN,0.593708,0.5974196169268515,-0.003711616926851513
330,460000,海南,东部,2017,CATBOOST_XGBOOST,TRAIN,0.511565,0.5137084801033037,-0.002143480103303674
331,420000,湖北,中部,2017,CATBOOST_XGBOOST,TRAIN,0.51398,0.5166964565432752,-0.002716456543275236
332,430000,湖南,中部,2017,CATBOOST_XGBOOST,TRAIN,0.459341,0.4668975488855963,-0.007556548885596315
333,620000,甘肃,西部,2017,CATBOOST_XGBOOST,TRAIN,0.450083,0.4502693368183244,-0.0001863368183243619
334,350000,福建,东部,2017,CATBOOST_XGBOOST,TRAIN,0.534499,0.5392101857383289,-0.00471118573832896
335,540000,西藏,西部,2017,CATBOOST_XGBOOST,TRAIN,0.399187,0.3977248001272646,0.001462199872735381
336,520000,贵州,西部,2017,CATBOOST_XGBOOST,TRAIN,0.437645,0.4377016895011532,-5.668950115322868e-05
337,210000,辽宁,东部,2017,CATBOOST_XGBOOST,TRAIN,0.495238,0.4925642961641721,0.002673703835827879
338,500000,重庆,西部,2017,CATBOOST_XGBOOST,TRAIN,0.52428,0.5258116031393623,-0.001531603139362292
339,610000,陕西,西部,2017,CATBOOST_XGBOOST,TRAIN,0.517211,0.5128293207477841,0.004381679252215886
340,630000,青海,西部,2017,CATBOOST_XGBOOST,TRAIN,0.466649,0.4694392825935694,-0.002790282593569449
341,230000,黑龙江,中部,2017,CATBOOST_XGBOOST,TRAIN,0.451933,0.4516036745372687,0.0003293254627312892
342,310000,上海,东部,2018,CATBOOST_XGBOOST,TRAIN,0.579515,0.5807193742852476,-0.001204374285247556
343,530000,云南,西部,2018,CATBOOST_XGBOOST,TRAIN,0.442875,0.447164996587964,-0.004289996587964029
344,150000,内蒙古,西部,2018,CATBOOST_XGBOOST,TRAIN,0.514235,0.5154952657758226,-0.001260265775822611
345,110000,北京,东部,2018,CATBOOST_XGBOOST,TRAIN,0.768698,0.7699043039697787,-0.001206303969778721
346,220000,吉林,中部,2018,CATBOOST_XGBOOST,TRAIN,0.465133,0.4671910791604481,-0.00205807916044809
347,510000,四川,西部,2018,CATBOOST_XGBOOST,TRAIN,0.475265,0.4778239991749834,-0.002558999174983423
348,120000,天津,东部,2018,CATBOOST_XGBOOST,TRAIN,0.52457,0.5335643311114096,-0.00899433111140957
349,640000,宁夏,西部,2018,CATBOOST_XGBOOST,TRAIN,0.532364,0.5280470505621311,0.004316949437868867
350,340000,安徽,中部,2018,CATBOOST_XGBOOST,TRAIN,0.537699,0.5391624058733235,-0.001463405873323498
351,370000,山东,东部,2018,CATBOOST_XGBOOST,TRAIN,0.57816,0.5771656561554046,0.0009943438445954023
352,140000,山西,中部,2018,CATBOOST_XGBOOST,TRAIN,0.526914,0.522430933328301,0.004483066671698954
353,440000,广东,东部,2018,CATBOOST_XGBOOST,TRAIN,0.592452,0.5932586867892833,-0.0008066867892833063
354,450000,广西,西部,2018,CATBOOST_XGBOOST,TRAIN,0.463532,0.4670281255974709,-0.003496125597470923
355,650000,新疆,西部,2018,CATBOOST_XGBOOST,TRAIN,0.509686,0.5084716596556879,0.001214340344312115
356,320000,江苏,东部,2018,CATBOOST_XGBOOST,TRAIN,0.629004,0.6281287470423702,0.0008752529576298018
357,360000,江西,中部,2018,CATBOOST_XGBOOST,TRAIN,0.487213,0.4945715997303631,-0.007358599730363069
358,130000,河北,东部,2018,CATBOOST_XGBOOST,TRAIN,0.570683,0.566560991820083,0.004122008179917036
359,410000,河南,中部,2018,CATBOOST_XGBOOST,TRAIN,0.504805,0.5019874737067086,0.00281752629329135
360,330000,浙江,东部,2018,CATBOOST_XGBOOST,TRAIN,0.599335,0.6010375795339271,-0.001702579533927162
361,460000,海南,东部,2018,CATBOOST_XGBOOST,TRAIN,0.52992,0.5298109770197196,0.0001090229802803711
362,420000,湖北,中部,2018,CATBOOST_XGBOOST,TRAIN,0.540135,0.5394492365020578,0.0006857634979422489
363,430000,湖南,中部,2018,CATBOOST_XGBOOST,TRAIN,0.493819,0.4970517791230469,-0.003232779123046869
364,620000,甘肃,西部,2018,CATBOOST_XGBOOST,TRAIN,0.469899,0.4692413640598458,0.0006576359401541665
365,350000,福建,东部,2018,CATBOOST_XGBOOST,TRAIN,0.561814,0.5675950021671835,-0.005781002167183469
366,540000,西藏,西部,2018,CATBOOST_XGBOOST,TRAIN,0.365356,0.3673685192493492,-0.002012519249349198
367,520000,贵州,西部,2018,CATBOOST_XGBOOST,TRAIN,0.452155,0.4515631723631912,0.0005918276368087616
368,210000,辽宁,东部,2018,CATBOOST_XGBOOST,TRAIN,0.491053,0.4925457366860097,-0.001492736686009688
369,500000,重庆,西部,2018,CATBOOST_XGBOOST,TRAIN,0.537998,0.53950971354831,-0.001511713548310034
370,610000,陕西,西部,2018,CATBOOST_XGBOOST,TRAIN,0.52065,0.5251506224326847,-0.004500622432684787
371,630000,青海,西部,2018,CATBOOST_XGBOOST,TRAIN,0.479832,0.4805828418612194,-0.0007508418612193757
372,230000,黑龙江,中部,2018,CATBOOST_XGBOOST,TRAIN,0.451123,0.4561473084893984,-0.005024308489398444
373,310000,上海,东部,2019,CATBOOST_XGBOOST,TRAIN,0.580014,0.5811234302586321,-0.001109430258632083
374,530000,云南,西部,2019,CATBOOST_XGBOOST,TRAIN,0.45998,0.462783739658813,-0.002803739658813031
375,150000,内蒙古,西部,2019,CATBOOST_XGBOOST,TRAIN,0.516332,0.5177650449894518,-0.001433044989451737
376,110000,北京,东部,2019,CATBOOST_XGBOOST,TRAIN,0.752702,0.7541557827116752,-0.001453782711675178
377,220000,吉林,中部,2019,CATBOOST_XGBOOST,TRAIN,0.489024,0.4874249001830708,0.001599099816929184
378,510000,四川,西部,2019,CATBOOST_XGBOOST,TRAIN,0.502332,0.5019446385691027,0.0003873614308973483
379,120000,天津,东部,2019,CATBOOST_XGBOOST,TRAIN,0.625394,0.6187762774155954,0.006617722584404628
380,640000,宁夏,西部,2019,CATBOOST_XGBOOST,TRAIN,0.525372,0.5256014861904715,-0.0002294861904715839
381,340000,安徽,中部,2019,CATBOOST_XGBOOST,TRAIN,0.572304,0.5696229276798962,0.002681072320103839
382,370000,山东,东部,2019,CATBOOST_XGBOOST,TRAIN,0.588186,0.5865988227113184,0.001587177288681629
383,140000,山西,中部,2019,CATBOOST_XGBOOST,TRAIN,0.563699,0.5539032612842933,0.009795738715706603
384,440000,广东,东部,2019,CATBOOST_XGBOOST,TRAIN,0.612601,0.61020054656575,0.002400453434249994
385,450000,广西,西部,2019,CATBOOST_XGBOOST,TRAIN,0.479507,0.482213808304742,-0.002706808304742014
386,650000,新疆,西部,2019,CATBOOST_XGBOOST,TRAIN,0.529405,0.5242615621141147,0.005143437885885338
387,320000,江苏,东部,2019,CATBOOST_XGBOOST,TRAIN,0.63879,0.6380482040980863,0.0007417959019136999
388,360000,江西,中部,2019,CATBOOST_XGBOOST,TRAIN,0.510065,0.5120594048152859,-0.0019944048152859
389,130000,河北,东部,2019,CATBOOST_XGBOOST,TRAIN,0.587495,0.5839779017669577,0.003517098233042248
390,410000,河南,中部,2019,CATBOOST_XGBOOST,TRAIN,0.503784,0.5126565588337973,-0.00887255883379734
391,330000,浙江,东部,2019,CATBOOST_XGBOOST,TRAIN,0.617281,0.6151988559085455,0.002082144091454463
392,460000,海南,东部,2019,CATBOOST_XGBOOST,TRAIN,0.547691,0.5447387178146257,0.002952282185374355
393,420000,湖北,中部,2019,CATBOOST_XGBOOST,TRAIN,0.564303,0.5620312481803384,0.002271751819661549
394,430000,湖南,中部,2019,CATBOOST_XGBOOST,TRAIN,0.544865,0.5385312673776679,0.006333732622332167
395,620000,甘肃,西部,2019,CATBOOST_XGBOOST,TRAIN,0.474349,0.4752535046394565,-0.0009045046394564604
396,350000,福建,东部,2019,CATBOOST_XGBOOST,TRAIN,0.596953,0.5939597053987993,0.00299329460120068
397,540000,西藏,西部,2019,CATBOOST_XGBOOST,TRAIN,0.38243,0.382676929767096,-0.0002469297670960047
398,520000,贵州,西部,2019,CATBOOST_XGBOOST,TRAIN,0.479558,0.4793118865878174,0.0002461134121825581
399,210000,辽宁,东部,2019,CATBOOST_XGBOOST,TRAIN,0.49813,0.4983131735747559,-0.0001831735747558905
400,500000,重庆,西部,2019,CATBOOST_XGBOOST,TRAIN,0.55797,0.551100470043326,0.006869529956674003
401,610000,陕西,西部,2019,CATBOOST_XGBOOST,TRAIN,0.554226,0.5519233404224411,0.00230265957755893
402,630000,青海,西部,2019,CATBOOST_XGBOOST,TRAIN,0.509949,0.5058894973728262,0.004059502627173806
403,230000,黑龙江,中部,2019,CATBOOST_XGBOOST,TRAIN,0.492366,0.4885473437647813,0.003818656235218765
404,310000,上海,东部,2023,CATBOOST_XGBOOST,VAL,0.635576,0.6851909707167552,-0.04961497071675514
405,530000,云南,西部,2023,CATBOOST_XGBOOST,VAL,0.492518,0.5105339058211817,-0.01801590582118173
406,150000,内蒙古,西部,2023,CATBOOST_XGBOOST,VAL,0.531873,0.510373562817365,0.02149943718263503
407,110000,北京,东部,2023,CATBOOST_XGBOOST,VAL,0.694676,0.7407767575232775,-0.04610075752327758
408,220000,吉林,中部,2023,CATBOOST_XGBOOST,VAL,0.541202,0.4996517136829962,0.04155028631700375
409,510000,四川,西部,2023,CATBOOST_XGBOOST,VAL,0.534815,0.5177539869601073,0.01706101303989271
410,120000,天津,东部,2023,CATBOOST_XGBOOST,VAL,0.535202,0.5661835967342548,-0.03098159673425482
411,640000,宁夏,西部,2023,CATBOOST_XGBOOST,VAL,0.552874,0.5317067020526219,0.02116729794737804
412,340000,安徽,中部,2023,CATBOOST_XGBOOST,VAL,0.594185,0.5611801473180645,0.03300485268193543
413,370000,山东,东部,2023,CATBOOST_XGBOOST,VAL,0.617045,0.5795198442440701,0.03752515575592985
414,140000,山西,中部,2023,CATBOOST_XGBOOST,VAL,0.583314,0.5258939993322045,0.05742000066779551
415,440000,广东,东部,2023,CATBOOST_XGBOOST,VAL,0.586699,0.6171386621199793,-0.03043966211997928
416,450000,广西,西部,2023,CATBOOST_XGBOOST,VAL,0.515158,0.5195726766439172,-0.004414676643917148
417,650000,新疆,西部,2023,CATBOOST_XGBOOST,VAL,0.549562,0.5253349241985473,0.02422707580145267
418,320000,江苏,东部,2023,CATBOOST_XGBOOST,VAL,0.64272,0.6277553855000277,0.01496461449997222
419,360000,江西,中部,2023,CATBOOST_XGBOOST,VAL,0.608596,0.5436443874858845,0.06495161251411552
420,130000,河北,东部,2023,CATBOOST_XGBOOST,VAL,0.574037,0.5499478267353475,0.02408917326465254
421,410000,河南,中部,2023,CATBOOST_XGBOOST,VAL,0.514993,0.5374522260754236,-0.02245922607542361
422,330000,浙江,东部,2023,CATBOOST_XGBOOST,VAL,0.618958,0.6100646285513975,0.008893371448602472
423,460000,海南,东部,2023,CATBOOST_XGBOOST,VAL,0.551463,0.5702909201976918,-0.01882792019769175
424,420000,湖北,中部,2023,CATBOOST_XGBOOST,VAL,0.579412,0.5467369078470655,0.03267509215293452
425,430000,湖南,中部,2023,CATBOOST_XGBOOST,VAL,0.575631,0.53247193437664,0.04315906562336003
426,620000,甘肃,西部,2023,CATBOOST_XGBOOST,VAL,0.527659,0.5065753581759083,0.02108364182409173
427,350000,福建,东部,2023,CATBOOST_XGBOOST,VAL,0.613066,0.6061937424321775,0.006872257567822504
428,540000,西藏,西部,2023,CATBOOST_XGBOOST,VAL,0.469429,0.474647891474628,-0.005218891474628062
429,520000,贵州,西部,2023,CATBOOST_XGBOOST,VAL,0.503837,0.5222837495323255,-0.0184467495323255
430,210000,辽宁,东部,2023,CATBOOST_XGBOOST,VAL,0.506274,0.5155360403589276,-0.009262040358927637
431,500000,重庆,西部,2023,CATBOOST_XGBOOST,VAL,0.596489,0.5593127955243682,0.03717620447563186
432,610000,陕西,西部,2023,CATBOOST_XGBOOST,VAL,0.572048,0.5393837693191263,0.03266423068087365
433,630000,青海,西部,2023,CATBOOST_XGBOOST,VAL,0.585917,0.5197417923130134,0.06617520768698659
434,230000,黑龙江,中部,2023,CATBOOST_XGBOOST,VAL,0.521684,0.4875958157180719,0.03408818428192817
435,310000,上海,东部,2024,CATBOOST_XGBOOST,VAL,0.640153,0.680740514440779,-0.04058751444077902
436,530000,云南,西部,2024,CATBOOST_XGBOOST,VAL,0.496008,0.51244083877517,-0.01643283877516999
437,150000,内蒙古,西部,2024,CATBOOST_XGBOOST,VAL,0.538097,0.5081094322907035,0.02998756770929656
438,110000,北京,东部,2024,CATBOOST_XGBOOST,VAL,0.696568,0.7360754854770667,-0.03950748547706673
439,220000,吉林,中部,2024,CATBOOST_XGBOOST,VAL,0.547011,0.49948704918957,0.04752395081043004
440,510000,四川,西部,2024,CATBOOST_XGBOOST,VAL,0.536615,0.5177736196125396,0.0188413803874603
441,120000,天津,东部,2024,CATBOOST_XGBOOST,VAL,0.534036,0.5663425037745871,-0.0323065037745871
442,640000,宁夏,西部,2024,CATBOOST_XGBOOST,VAL,0.559033,0.5331775723009973,0.02585542769900273
443,340000,安徽,中部,2024,CATBOOST_XGBOOST,VAL,0.597529,0.5624449045874681,0.03508409541253188
444,370000,山东,东部,2024,CATBOOST_XGBOOST,VAL,0.618532,0.5787870750114407,0.0397449249885593
445,140000,山西,中部,2024,CATBOOST_XGBOOST,VAL,0.594264,0.5251496381035136,0.06911436189648645
446,440000,广东,东部,2024,CATBOOST_XGBOOST,VAL,0.58995,0.6188105041642089,-0.02886050416420893
447,450000,广西,西部,2024,CATBOOST_XGBOOST,VAL,0.515035,0.5195783620551228,-0.004543362055122735
448,650000,新疆,西部,2024,CATBOOST_XGBOOST,VAL,0.556275,0.5258807807287722,0.03039421927122776
449,320000,江苏,东部,2024,CATBOOST_XGBOOST,VAL,0.648149,0.6280416734143299,0.02010732658567005
450,360000,江西,中部,2024,CATBOOST_XGBOOST,VAL,0.611959,0.5514981709077165,0.06046082909228356
451,130000,河北,东部,2024,CATBOOST_XGBOOST,VAL,0.573678,0.5506252317822481,0.02305276821775193
452,410000,河南,中部,2024,CATBOOST_XGBOOST,VAL,0.513791,0.538236695770255,-0.02444569577025502
453,330000,浙江,东部,2024,CATBOOST_XGBOOST,VAL,0.624323,0.6143259028187926,0.009997097181207337
454,460000,海南,东部,2024,CATBOOST_XGBOOST,VAL,0.549362,0.5699567122727361,-0.02059471227273613
455,420000,湖北,中部,2024,CATBOOST_XGBOOST,VAL,0.582375,0.5480441430769349,0.03433085692306503
456,430000,湖南,中部,2024,CATBOOST_XGBOOST,VAL,0.580144,0.534852949878009,0.04529105012199097
457,620000,甘肃,西部,2024,CATBOOST_XGBOOST,VAL,0.530509,0.5155253846206451,0.01498361537935489
458,350000,福建,东部,2024,CATBOOST_XGBOOST,VAL,0.615601,0.6061937424321775,0.009407257567822458
459,540000,西藏,西部,2024,CATBOOST_XGBOOST,VAL,0.473639,0.4746404081517712,-0.001001408151771244
460,520000,贵州,西部,2024,CATBOOST_XGBOOST,VAL,0.509591,0.5214773211512118,-0.0118863211512118
461,210000,辽宁,东部,2024,CATBOOST_XGBOOST,VAL,0.513433,0.514754868243269,-0.001321868243268964
462,500000,重庆,西部,2024,CATBOOST_XGBOOST,VAL,0.60204,0.5573849995927692,0.0446550004072308
463,610000,陕西,西部,2024,CATBOOST_XGBOOST,VAL,0.579652,0.5411647465155046,0.03848725348449533
464,630000,青海,西部,2024,CATBOOST_XGBOOST,VAL,0.587491,0.5198563150114829,0.0676346849885171
465,230000,黑龙江,中部,2024,CATBOOST_XGBOOST,VAL,0.525348,0.4918876146243037,0.03346038537569629
466,310000,上海,东部,2020,CATBOOST_XGBOOST,TEST,0.579822,0.6353307080150605,-0.05550870801506058
467,530000,云南,西部,2020,CATBOOST_XGBOOST,TEST,0.447013,0.4732163567882188,-0.02620335678821883
468,150000,内蒙古,西部,2020,CATBOOST_XGBOOST,TEST,0.514523,0.5092639808150249,0.005259019184975067
469,110000,北京,东部,2020,CATBOOST_XGBOOST,TEST,0.696177,0.7402893960899339,-0.04411239608993389
470,220000,吉林,中部,2020,CATBOOST_XGBOOST,TEST,0.487747,0.4984814780336028,-0.01073447803360283
471,510000,四川,西部,2020,CATBOOST_XGBOOST,TEST,0.502335,0.5092025697098268,-0.006867569709826826
472,120000,天津,东部,2020,CATBOOST_XGBOOST,TEST,0.529018,0.5909012473167469,-0.06188324731674688
473,640000,宁夏,西部,2020,CATBOOST_XGBOOST,TEST,0.511795,0.5330211492028476,-0.0212261492028476
474,340000,安徽,中部,2020,CATBOOST_XGBOOST,TEST,0.55174,0.5677515490283974,-0.01601154902839741
475,370000,山东,东部,2020,CATBOOST_XGBOOST,TEST,0.590034,0.5878009898040678,0.002233010195932139
476,140000,山西,中部,2020,CATBOOST_XGBOOST,TEST,0.569411,0.5327496498282414,0.03666135017175864
477,440000,广东,东部,2020,CATBOOST_XGBOOST,TEST,0.579013,0.604706734176816,-0.02569373417681597
478,450000,广西,西部,2020,CATBOOST_XGBOOST,TEST,0.482642,0.5033965279204978,-0.02075452792049781
479,650000,新疆,西部,2020,CATBOOST_XGBOOST,TEST,0.519253,0.5251319509958252,-0.005878950995825249
480,320000,江苏,东部,2020,CATBOOST_XGBOOST,TEST,0.623059,0.6303429869925806,-0.007283986992580593
481,360000,江西,中部,2020,CATBOOST_XGBOOST,TEST,0.519091,0.5218638277109493,-0.002772827710949333
482,130000,河北,东部,2020,CATBOOST_XGBOOST,TEST,0.575537,0.5659339718655093,0.009603028134490654
483,410000,河南,中部,2020,CATBOOST_XGBOOST,TEST,0.492978,0.5315354773146291,-0.03855747731462911
484,330000,浙江,东部,2020,CATBOOST_XGBOOST,TEST,0.596941,0.6166581742728213,-0.01971717427282127
485,460000,海南,东部,2020,CATBOOST_XGBOOST,TEST,0.525731,0.5435281395763424,-0.01779713957634244
486,420000,湖北,中部,2020,CATBOOST_XGBOOST,TEST,0.521526,0.5305874730021908,-0.009061473002190734
487,430000,湖南,中部,2020,CATBOOST_XGBOOST,TEST,0.556662,0.5227693513940175,0.03389264860598251
488,620000,甘肃,西部,2020,CATBOOST_XGBOOST,TEST,0.475761,0.4854229465002289,-0.00966194650022889
489,350000,福建,东部,2020,CATBOOST_XGBOOST,TEST,0.571164,0.593603319276951,-0.02243931927695098
490,540000,西藏,西部,2020,CATBOOST_XGBOOST,TEST,0.421445,0.430072854838748,-0.00862785483874795
491,520000,贵州,西部,2020,CATBOOST_XGBOOST,TEST,0.484676,0.5008744447598235,-0.01619844475982346
492,210000,辽宁,东部,2020,CATBOOST_XGBOOST,TEST,0.484983,0.5063119146891188,-0.02132891468911885
493,500000,重庆,西部,2020,CATBOOST_XGBOOST,TEST,0.512612,0.5388782219740289,-0.02626622197402895
494,610000,陕西,西部,2020,CATBOOST_XGBOOST,TEST,0.525287,0.5330988010288864,-0.007811801028886456
495,630000,青海,西部,2020,CATBOOST_XGBOOST,TEST,0.517589,0.4922905789257137,0.02529842107428626
496,230000,黑龙江,中部,2020,CATBOOST_XGBOOST,TEST,0.498029,0.4852463470432788,0.01278265295672115
497,310000,上海,东部,2021,CATBOOST_XGBOOST,TEST,0.614756,0.6524434013731376,-0.03768740137313764
498,530000,云南,西部,2021,CATBOOST_XGBOOST,TEST,0.456717,0.5002085256933383,-0.04349152569333831
499,150000,内蒙古,西部,2021,CATBOOST_XGBOOST,TEST,0.525867,0.5076440979164918,0.01822290208350819
500,110000,北京,东部,2021,CATBOOST_XGBOOST,TEST,0.696985,0.7367138143234846,-0.03972881432348463
501,220000,吉林,中部,2021,CATBOOST_XGBOOST,TEST,0.507618,0.5067605221486976,0.0008574778513024128
502,510000,四川,西部,2021,CATBOOST_XGBOOST,TEST,0.49883,0.5181015462446267,-0.01927154624462668
503,120000,天津,东部,2021,CATBOOST_XGBOOST,TEST,0.541368,0.5695576595809422,-0.02818965958094222
504,640000,宁夏,西部,2021,CATBOOST_XGBOOST,TEST,0.505012,0.5377129459319517,-0.03270094593195172
505,340000,安徽,中部,2021,CATBOOST_XGBOOST,TEST,0.56897,0.5652773805020461,0.003692619497953853
506,370000,山东,东部,2021,CATBOOST_XGBOOST,TEST,0.605397,0.5901700009244266,0.01522699907557334
507,140000,山西,中部,2021,CATBOOST_XGBOOST,TEST,0.584605,0.5347607410984639,0.0498442589015361
508,440000,广东,东部,2021,CATBOOST_XGBOOST,TEST,0.586034,0.6107408072337944,-0.02470680723379437
509,450000,广西,西部,2021,CATBOOST_XGBOOST,TEST,0.494129,0.5263107960919691,-0.03218179609196908
510,650000,新疆,西部,2021,CATBOOST_XGBOOST,TEST,0.518847,0.518568907635532,0.0002780923644679634
511,320000,江苏,东部,2021,CATBOOST_XGBOOST,TEST,0.644028,0.6249394331290393,0.01908856687096072
512,360000,江西,中部,2021,CATBOOST_XGBOOST,TEST,0.564084,0.5344031943080372,0.02968080569196285
513,130000,河北,东部,2021,CATBOOST_XGBOOST,TEST,0.554711,0.564092645522833,-0.009381645522833049
514,410000,河南,中部,2021,CATBOOST_XGBOOST,TEST,0.493128,0.5491330292101192,-0.05600502921011918
515,330000,浙江,东部,2021,CATBOOST_XGBOOST,TEST,0.593534,0.6141816063798567,-0.02064760637985674
516,460000,海南,东部,2021,CATBOOST_XGBOOST,TEST,0.559285,0.5488991425227763,0.01038585747722376
517,420000,湖北,中部,2021,CATBOOST_XGBOOST,TEST,0.545311,0.5521312890951371,-0.0068202890951371
518,430000,湖南,中部,2021,CATBOOST_XGBOOST,TEST,0.555373,0.5315196418624613,0.02385335813753875
519,620000,甘肃,西部,2021,CATBOOST_XGBOOST,TEST,0.474559,0.4986875894015552,-0.02412858940155521
520,350000,福建,东部,2021,CATBOOST_XGBOOST,TEST,0.592777,0.6095602122002651,-0.01678321220026513
521,540000,西藏,西部,2021,CATBOOST_XGBOOST,TEST,0.41731,0.4608819520181927,-0.04357195201819264
522,520000,贵州,西部,2021,CATBOOST_XGBOOST,TEST,0.481293,0.5114739501432475,-0.03018095014324745
523,210000,辽宁,东部,2021,CATBOOST_XGBOOST,TEST,0.509504,0.5142344428944767,-0.004730442894476772
524,500000,重庆,西部,2021,CATBOOST_XGBOOST,TEST,0.566352,0.5538259075388879,0.01252609246111203
525,610000,陕西,西部,2021,CATBOOST_XGBOOST,TEST,0.533037,0.5613659268626792,-0.02832892686267918
526,630000,青海,西部,2021,CATBOOST_XGBOOST,TEST,0.528139,0.4984263699643785,0.02971263003562152
527,230000,黑龙江,中部,2021,CATBOOST_XGBOOST,TEST,0.497259,0.4899097598499397,0.007349240150060332
528,310000,上海,东部,2022,CATBOOST_XGBOOST,TEST,0.607718,0.667872664520563,-0.06015466452056306
529,530000,云南,西部,2022,CATBOOST_XGBOOST,TEST,0.46771,0.5009973652410463,-0.03328736524104631
530,150000,内蒙古,西部,2022,CATBOOST_XGBOOST,TEST,0.52779,0.5135955040557557,0.01419449594424427
531,110000,北京,东部,2022,CATBOOST_XGBOOST,TEST,0.685065,0.739307004634708,-0.05424200463470796
532,220000,吉林,中部,2022,CATBOOST_XGBOOST,TEST,0.504623,0.4964301607928674,0.008192839207132652
533,510000,四川,西部,2022,CATBOOST_XGBOOST,TEST,0.512427,0.5151513549895165,-0.002724354989516509
534,120000,天津,东部,2022,CATBOOST_XGBOOST,TEST,0.533358,0.575317744289657,-0.04195974428965699
535,640000,宁夏,西部,2022,CATBOOST_XGBOOST,TEST,0.538823,0.5303467544807514,0.008476245519248637
536,340000,安徽,中部,2022,CATBOOST_XGBOOST,TEST,0.587257,0.5588223143797918,0.02843468562020823
537,370000,山东,东部,2022,CATBOOST_XGBOOST,TEST,0.606987,0.5827485153244316,0.02423848467556844
538,140000,山西,中部,2022,CATBOOST_XGBOOST,TEST,0.595399,0.5340690194245958,0.06132998057540417
539,440000,广东,东部,2022,CATBOOST_XGBOOST,TEST,0.581336,0.6132205178892114,-0.03188451788921143
540,450000,广西,西部,2022,CATBOOST_XGBOOST,TEST,0.514367,0.5177124895608232,-0.003345489560823145
541,650000,新疆,西部,2022,CATBOOST_XGBOOST,TEST,0.534181,0.5282823020011641,0.005898697998835911
542,320000,江苏,东部,2022,CATBOOST_XGBOOST,TEST,0.637205,0.6245534680739027,0.01265153192609736
543,360000,江西,中部,2022,CATBOOST_XGBOOST,TEST,0.59208,0.5330384735914486,0.05904152640855143
544,130000,河北,东部,2022,CATBOOST_XGBOOST,TEST,0.56732,0.5499854800348091,0.01733451996519098
545,410000,河南,中部,2022,CATBOOST_XGBOOST,TEST,0.499545,0.5406839632809903,-0.04113896328099031
546,330000,浙江,东部,2022,CATBOOST_XGBOOST,TEST,0.601991,0.6126248873550373,-0.01063388735503723
547,460000,海南,东部,2022,CATBOOST_XGBOOST,TEST,0.556857,0.5558707858958862,0.000986214104113814
548,420000,湖北,中部,2022,CATBOOST_XGBOOST,TEST,0.556958,0.5445304802176703,0.0124275197823297
549,430000,湖南,中部,2022,CATBOOST_XGBOOST,TEST,0.5679,0.5293259552689746,0.03857404473102533
550,620000,甘肃,西部,2022,CATBOOST_XGBOOST,TEST,0.502832,0.5078236505244644,-0.004991650524464486
551,350000,福建,东部,2022,CATBOOST_XGBOOST,TEST,0.597754,0.6078905701828898,-0.01013657018288983
552,540000,西藏,西部,2022,CATBOOST_XGBOOST,TEST,0.435723,0.4642878271331408,-0.02856482713314079
553,520000,贵州,西部,2022,CATBOOST_XGBOOST,TEST,0.501379,0.5118718435793728,-0.01049284357937275
554,210000,辽宁,东部,2022,CATBOOST_XGBOOST,TEST,0.495944,0.5145312054812574,-0.01858720548125742
555,500000,重庆,西部,2022,CATBOOST_XGBOOST,TEST,0.585735,0.5577425319311586,0.02799246806884137
556,610000,陕西,西部,2022,CATBOOST_XGBOOST,TEST,0.56411,0.548486505508061,0.01562349449193901
557,630000,青海,西部,2022,CATBOOST_XGBOOST,TEST,0.558508,0.5074182829867713,0.05108971701322873
558,230000,黑龙江,中部,2022,CATBOOST_XGBOOST,TEST,0.512927,0.4876935659151432,0.02523343408485679
559,310000,上海,东部,2007,RF,TRAIN,0.469494,0.4919728830444441,-0.02247888304444412
560,530000,云南,西部,2007,RF,TRAIN,0.285728,0.2908203894383116,-0.00509238943831164
561,150000,内蒙古,西部,2007,RF,TRAIN,0.35025,0.348462394678283,0.001787605321716956
562,110000,北京,东部,2007,RF,TRAIN,0.614172,0.6411449698714279,-0.02697296987142783
563,220000,吉林,中部,2007,RF,TRAIN,0.32063,0.3355763762941559,-0.01494637629415585
564,510000,四川,西部,2007,RF,TRAIN,0.310444,0.3134051426368686,-0.002961142636868586
565,120000,天津,东部,2007,RF,TRAIN,0.445921,0.4498762384909812,-0.003955238490981172
566,640000,宁夏,西部,2007,RF,TRAIN,0.320032,0.3385442571095235,-0.01851225710952353
567,340000,安徽,中部,2007,RF,TRAIN,0.315404,0.3168853173792929,-0.001481317379292912
568,370000,山东,东部,2007,RF,TRAIN,0.414638,0.392986908618254,0.02165109138174598
569,140000,山西,中部,2007,RF,TRAIN,0.359663,0.3565561497134924,0.003106850286507645
570,440000,广东,东部,2007,RF,TRAIN,0.388557,0.4023365950634919,-0.01377959506349191
571,450000,广西,西部,2007,RF,TRAIN,0.232654,0.2527488568166665,-0.02009485681666653
572,650000,新疆,西部,2007,RF,TRAIN,0.362242,0.35044784027619,0.01179415972380998
573,320000,江苏,东部,2007,RF,TRAIN,0.464326,0.4501972884071428,0.01412871159285717
574,360000,江西,中部,2007,RF,TRAIN,0.283623,0.3019971876428571,-0.01837418764285709
575,130000,河北,东部,2007,RF,TRAIN,0.357469,0.3495027646618327,0.00796623533816726
576,410000,河南,中部,2007,RF,TRAIN,0.302465,0.2858870873920629,0.01657791260793706
577,330000,浙江,东部,2007,RF,TRAIN,0.451458,0.46388701835368,-0.01242901835367999
578,460000,海南,东部,2007,RF,TRAIN,0.295896,0.3228124455428573,-0.02691644554285727
579,420000,湖北,中部,2007,RF,TRAIN,0.336287,0.3453167772015878,-0.009029777201587819
580,430000,湖南,中部,2007,RF,TRAIN,0.294648,0.3070274890380953,-0.01237948903809533
581,620000,甘肃,西部,2007,RF,TRAIN,0.304409,0.2955403451208514,0.008868654879148563
582,350000,福建,东部,2007,RF,TRAIN,0.364673,0.3814033904826119,-0.01673039048261188
583,540000,西藏,西部,2007,RF,TRAIN,0.28527,0.2777144331499997,0.007555566850000306
584,520000,贵州,西部,2007,RF,TRAIN,0.210248,0.2373381151690475,-0.02709011516904752
585,210000,辽宁,东部,2007,RF,TRAIN,0.354223,0.3639544661746031,-0.009731466174603132
586,500000,重庆,西部,2007,RF,TRAIN,0.362078,0.358631844494445,0.003446155505555049
587,610000,陕西,西部,2007,RF,TRAIN,0.381037,0.3665657444373018,0.01447125556269818
588,630000,青海,西部,2007,RF,TRAIN,0.398443,0.3556300663499995,0.0428129336500005
589,230000,黑龙江,中部,2007,RF,TRAIN,0.283853,0.3025822924277779,-0.01872929242777788
590,310000,上海,东部,2008,RF,TRAIN,0.490255,0.4984193201388895,-0.008164320138889458
591,530000,云南,西部,2008,RF,TRAIN,0.329365,0.3217224966134918,0.007642503386508182
592,150000,内蒙古,西部,2008,RF,TRAIN,0.360651,0.3578022709378069,0.002848729062193078
593,110000,北京,东部,2008,RF,TRAIN,0.665325,0.6482686804880943,0.01705631951190578
594,220000,吉林,中部,2008,RF,TRAIN,0.34586,0.3512491274306639,-0.005389127430663887
595,510000,四川,西部,2008,RF,TRAIN,0.277484,0.3007492007706348,-0.02326520077063476
596,120000,天津,东部,2008,RF,TRAIN,0.477976,0.4794025627222224,-0.001426562722222358
597,640000,宁夏,西部,2008,RF,TRAIN,0.333485,0.3447171951452325,-0.01123219514523249
598,340000,安徽,中部,2008,RF,TRAIN,0.340996,0.342344123657143,-0.001348123657142986
599,370000,山东,东部,2008,RF,TRAIN,0.433038,0.4157683880040399,0.01726961199596011
600,140000,山西,中部,2008,RF,TRAIN,0.392037,0.3762046704880954,0.01583232951190461
601,440000,广东,东部,2008,RF,TRAIN,0.440156,0.4471272424285708,-0.006971242428570779
602,450000,广西,西部,2008,RF,TRAIN,0.261325,0.2698933903476187,-0.008568390347618693
603,650000,新疆,西部,2008,RF,TRAIN,0.351233,0.3501446760817459,0.001088323918254142
604,320000,江苏,东部,2008,RF,TRAIN,0.499262,0.4872555076746031,0.01200649232539686
605,360000,江西,中部,2008,RF,TRAIN,0.324957,0.3259547006186814,-0.0009977006186813742
606,130000,河北,东部,2008,RF,TRAIN,0.392356,0.3800556993888887,0.01230030061111131
607,410000,河南,中部,2008,RF,TRAIN,0.302791,0.3051961522253967,-0.002405152225396723
608,330000,浙江,东部,2008,RF,TRAIN,0.471665,0.4774934377626979,-0.005828437762697924
609,460000,海南,东部,2008,RF,TRAIN,0.304556,0.3382151701119047,-0.03365917011190467
610,420000,湖北,中部,2008,RF,TRAIN,0.350448,0.3556850430984126,-0.005237043098412664
611,430000,湖南,中部,2008,RF,TRAIN,0.311845,0.3261070119801586,-0.01426201198015858
612,620000,甘肃,西部,2008,RF,TRAIN,0.314645,0.3146545504769845,-9.550476984476752e-06
613,350000,福建,东部,2008,RF,TRAIN,0.380228,0.3958357784333333,-0.01560777843333327
614,540000,西藏,西部,2008,RF,TRAIN,0.269376,0.2732492410420632,-0.003873241042063214
615,520000,贵州,西部,2008,RF,TRAIN,0.241062,0.2457645845246029,-0.004702584524602899
616,210000,辽宁,东部,2008,RF,TRAIN,0.391415,0.3843109096801584,0.007104090319841661
617,500000,重庆,西部,2008,RF,TRAIN,0.391252,0.3770743787376624,0.01417762126233757
618,610000,陕西,西部,2008,RF,TRAIN,0.392737,0.3794083336709955,0.01332866632900448
619,630000,青海,西部,2008,RF,TRAIN,0.382635,0.3814678765309525,0.001167123469047515
620,230000,黑龙江,中部,2008,RF,TRAIN,0.297748,0.3131292710198414,-0.01538127101984138
621,310000,上海,东部,2009,RF,TRAIN,0.49423,0.501186706038095,-0.006956706038095006
622,530000,云南,西部,2009,RF,TRAIN,0.32989,0.3260977263650788,0.003792273634921184
623,150000,内蒙古,西部,2009,RF,TRAIN,0.377862,0.3720011071031747,0.005860892896825287
624,110000,北京,东部,2009,RF,TRAIN,0.695131,0.6507971859047621,0.04433381409523796
625,220000,吉林,中部,2009,RF,TRAIN,0.345124,0.3533346380497113,-0.008210638049711283
626,510000,四川,西部,2009,RF,TRAIN,0.307312,0.3147045847492064,-0.007392584749206454
627,120000,天津,东部,2009,RF,TRAIN,0.473766,0.4792721290539681,-0.005506129053968079
628,640000,宁夏,西部,2009,RF,TRAIN,0.365262,0.3693771011261903,-0.004115101126190346
629,340000,安徽,中部,2009,RF,TRAIN,0.334407,0.3407119522480463,-0.006304952248046336
630,370000,山东,东部,2009,RF,TRAIN,0.448545,0.4306795483126977,0.0178654516873023
631,140000,山西,中部,2009,RF,TRAIN,0.382254,0.3795282416186813,0.002725758381318666
632,440000,广东,东部,2009,RF,TRAIN,0.478639,0.4714203138563491,0.007218686143650899
633,450000,广西,西部,2009,RF,TRAIN,0.315314,0.3173249499900433,-0.002010949990043309
634,650000,新疆,西部,2009,RF,TRAIN,0.35955,0.3573355622103171,0.002214437789682888
635,320000,江苏,东部,2009,RF,TRAIN,0.522323,0.5027154799722229,0.0196075200277771
636,360000,江西,中部,2009,RF,TRAIN,0.337338,0.3342274985718558,0.00311050142814423
637,130000,河北,东部,2009,RF,TRAIN,0.408099,0.3905613082547621,0.01753769174523789
638,410000,河南,中部,2009,RF,TRAIN,0.309275,0.3097348294269839,-0.0004598294269839154
639,330000,浙江,东部,2009,RF,TRAIN,0.480921,0.4842527581142854,-0.003331758114285432
640,460000,海南,东部,2009,RF,TRAIN,0.370788,0.3781412156769842,-0.007353215676984215
641,420000,湖北,中部,2009,RF,TRAIN,0.376263,0.369938748390476,0.00632425160952399
642,430000,湖南,中部,2009,RF,TRAIN,0.343712,0.3462205344944446,-0.002508534494444603
643,620000,甘肃,西部,2009,RF,TRAIN,0.314579,0.3149075406476193,-0.0003285406476192798
644,350000,福建,东部,2009,RF,TRAIN,0.414075,0.4208033595936507,-0.006728359593650646
645,540000,西藏,西部,2009,RF,TRAIN,0.300686,0.2886149575732322,0.01207104242676776
646,520000,贵州,西部,2009,RF,TRAIN,0.256668,0.2658650927428569,-0.009197092742856905
647,210000,辽宁,东部,2009,RF,TRAIN,0.392881,0.3942938447782824,-0.001412844778282407
648,500000,重庆,西部,2009,RF,TRAIN,0.368269,0.3734702257916969,-0.005201225791696851
649,610000,陕西,西部,2009,RF,TRAIN,0.40972,0.3907741366047617,0.01894586339523829
650,630000,青海,西部,2009,RF,TRAIN,0.396347,0.3857022418142856,0.01064475818571442
651,230000,黑龙江,中部,2009,RF,TRAIN,0.310882,0.3302621137916306,-0.01938011379163063
652,310000,上海,东部,2010,RF,TRAIN,0.491858,0.4985627697526697,-0.006704769752669704
653,530000,云南,西部,2010,RF,TRAIN,0.337123,0.3304559976238096,0.006667002376190445
654,150000,内蒙古,西部,2010,RF,TRAIN,0.390122,0.3899132052849205,0.0002087947150795078
655,110000,北京,东部,2010,RF,TRAIN,0.664182,0.6695611818690475,-0.0053791818690474
656,220000,吉林,中部,2010,RF,TRAIN,0.382553,0.3827911591722226,-0.0002381591722226406
657,510000,四川,西部,2010,RF,TRAIN,0.316314,0.3358290280666666,-0.01951502806666666
658,120000,天津,东部,2010,RF,TRAIN,0.499374,0.4994197781936506,-4.577819365059188e-05
659,640000,宁夏,西部,2010,RF,TRAIN,0.392527,0.3855911669582972,0.00693583304170281
660,340000,安徽,中部,2010,RF,TRAIN,0.347594,0.348507780697619,-0.0009137806976189378
661,370000,山东,东部,2010,RF,TRAIN,0.470067,0.448720682220634,0.02134631777936602
662,140000,山西,中部,2010,RF,TRAIN,0.398229,0.3917059838555557,0.006523016144444282
663,440000,广东,东部,2010,RF,TRAIN,0.528695,0.503389344611111,0.02530565538888907
664,450000,广西,西部,2010,RF,TRAIN,0.324743,0.3345618044646467,-0.009818804464646669
665,650000,新疆,西部,2010,RF,TRAIN,0.390484,0.3823603700476189,0.008123629952381084
666,320000,江苏,东部,2010,RF,TRAIN,0.515021,0.5093724094031747,0.005648590596825209
667,360000,江西,中部,2010,RF,TRAIN,0.348912,0.3490572024079363,-0.0001452024079363068
668,130000,河北,东部,2010,RF,TRAIN,0.423659,0.4004963427190474,0.02316265728095263
669,410000,河南,中部,2010,RF,TRAIN,0.314399,0.317947924392857,-0.003548924392857034
670,330000,浙江,东部,2010,RF,TRAIN,0.49977,0.5023061958047619,-0.002536195804761887
671,460000,海南,东部,2010,RF,TRAIN,0.383206,0.3977705268841275,-0.01456452688412752
672,420000,湖北,中部,2010,RF,TRAIN,0.38831,0.3834763569071429,0.004833643092857109
673,430000,湖南,中部,2010,RF,TRAIN,0.351233,0.3523783527007938,-0.001145352700793745
674,620000,甘肃,西部,2010,RF,TRAIN,0.336322,0.3292409723047621,0.00708102769523794
675,350000,福建,东部,2010,RF,TRAIN,0.425601,0.4337943642825394,-0.008193364282539417
676,540000,西藏,西部,2010,RF,TRAIN,0.319901,0.3108063212738094,0.009094678726190575
677,520000,贵州,西部,2010,RF,TRAIN,0.26812,0.2727414770928571,-0.00462147709285704
678,210000,辽宁,东部,2010,RF,TRAIN,0.41895,0.4209268576632031,-0.001976857663203158
679,500000,重庆,西部,2010,RF,TRAIN,0.39256,0.3885366248825397,0.004023375117460315
680,610000,陕西,西部,2010,RF,TRAIN,0.409684,0.3994928376630594,0.01019116233694056
681,630000,青海,西部,2010,RF,TRAIN,0.380195,0.3778551526071431,0.00233984739285692
682,230000,黑龙江,中部,2010,RF,TRAIN,0.341506,0.3492462459706349,-0.007740245970634885
683,310000,上海,东部,2011,RF,TRAIN,0.52444,0.518091793087663,0.006348206912337062
684,530000,云南,西部,2011,RF,TRAIN,0.342188,0.3377725184817461,0.004415481518253939
685,150000,内蒙古,西部,2011,RF,TRAIN,0.395885,0.406643555381746,-0.01075855538174603
686,110000,北京,东部,2011,RF,TRAIN,0.707105,0.6988673824404761,0.008237617559523902
687,220000,吉林,中部,2011,RF,TRAIN,0.418573,0.4085115222404763,0.01006147775952371
688,510000,四川,西部,2011,RF,TRAIN,0.346289,0.3607194295126987,-0.01443042951269868
689,120000,天津,东部,2011,RF,TRAIN,0.530708,0.5234205300007939,0.007287469999206042
690,640000,宁夏,西部,2011,RF,TRAIN,0.397901,0.3993125581595236,-0.001411558159523596
691,340000,安徽,中部,2011,RF,TRAIN,0.374981,0.376646728377056,-0.001665728377055975
692,370000,山东,东部,2011,RF,TRAIN,0.488759,0.4716455912285711,0.01711340877142892
693,140000,山西,中部,2011,RF,TRAIN,0.401151,0.3999451418738094,0.001205858126190618
694,440000,广东,东部,2011,RF,TRAIN,0.5261,0.5190484073126986,0.007051592687301378
695,450000,广西,西部,2011,RF,TRAIN,0.331927,0.3451029830158732,-0.01317598301587314
696,650000,新疆,西部,2011,RF,TRAIN,0.398319,0.3927265663174598,0.005592433682540143
697,320000,江苏,东部,2011,RF,TRAIN,0.53548,0.5254027889063493,0.01007721109365067
698,360000,江西,中部,2011,RF,TRAIN,0.361149,0.3768347133071429,-0.01568571330714286
699,130000,河北,东部,2011,RF,TRAIN,0.42148,0.403910235676984,0.01756976432301605
700,410000,河南,中部,2011,RF,TRAIN,0.321146,0.3414322432626986,-0.02028624326269862
701,330000,浙江,东部,2011,RF,TRAIN,0.509859,0.5171141533793652,-0.00725515337936522
702,460000,海南,东部,2011,RF,TRAIN,0.469869,0.4539020410896822,0.01596695891031774
703,420000,湖北,中部,2011,RF,TRAIN,0.408075,0.4058158336023808,0.00225916639761925
704,430000,湖南,中部,2011,RF,TRAIN,0.351698,0.3592890971087304,-0.007591097108730349
705,620000,甘肃,西部,2011,RF,TRAIN,0.361354,0.3441448491118327,0.01720915088816727
706,350000,福建,东部,2011,RF,TRAIN,0.435985,0.4532770184341265,-0.01729201843412653
707,540000,西藏,西部,2011,RF,TRAIN,0.306182,0.3110890808515873,-0.004907080851587309
708,520000,贵州,西部,2011,RF,TRAIN,0.269938,0.2925008819039681,-0.0225628819039681
709,210000,辽宁,东部,2011,RF,TRAIN,0.431516,0.4373759855968251,-0.005859985596825046
710,500000,重庆,西部,2011,RF,TRAIN,0.424435,0.4308301383285715,-0.00639513832857147
711,610000,陕西,西部,2011,RF,TRAIN,0.434556,0.4149292902793655,0.01962670972063452
712,630000,青海,西部,2011,RF,TRAIN,0.380392,0.3785715725420639,0.001820427457936147
713,230000,黑龙江,中部,2011,RF,TRAIN,0.351356,0.3703872929753967,-0.01903129297539669
714,310000,上海,东部,2012,RF,TRAIN,0.509711,0.5173039282314573,-0.007592928231457297
715,530000,云南,西部,2012,RF,TRAIN,0.342158,0.3485313786015873,-0.006373378601587321
716,150000,内蒙古,西部,2012,RF,TRAIN,0.424821,0.4255960724428576,-0.0007750724428576272
717,110000,北京,东部,2012,RF,TRAIN,0.699799,0.7067741665738094,-0.006975166573809477
718,220000,吉林,中部,2012,RF,TRAIN,0.437314,0.4313376169849208,0.00597638301507919
719,510000,四川,西部,2012,RF,TRAIN,0.381361,0.386289710097619,-0.004928710097619027
720,120000,天津,东部,2012,RF,TRAIN,0.534811,0.5333810704246035,0.00142992957539656
721,640000,宁夏,西部,2012,RF,TRAIN,0.397271,0.4139128753642854,-0.01664187536428546
722,340000,安徽,中部,2012,RF,TRAIN,0.396032,0.3993397710103174,-0.003307771010317373
723,370000,山东,东部,2012,RF,TRAIN,0.51803,0.4870009854380949,0.0310290145619051
724,140000,山西,中部,2012,RF,TRAIN,0.423134,0.4211489231147907,0.001985076885209325
725,440000,广东,东部,2012,RF,TRAIN,0.532101,0.5310572804301592,0.00104371956984084
726,450000,广西,西部,2012,RF,TRAIN,0.35927,0.3693780409158727,-0.01010804091587275
727,650000,新疆,西部,2012,RF,TRAIN,0.409927,0.4046526476230154,0.005274352376984537
728,320000,江苏,东部,2012,RF,TRAIN,0.552881,0.5420922909452384,0.01078870905476159
729,360000,江西,中部,2012,RF,TRAIN,0.395292,0.4037308579539682,-0.00843885795396826
730,130000,河北,东部,2012,RF,TRAIN,0.443302,0.4262477505499996,0.01705424945000039
731,410000,河南,中部,2012,RF,TRAIN,0.347414,0.3614097065880954,-0.0139957065880954
732,330000,浙江,东部,2012,RF,TRAIN,0.521526,0.5269872446587304,-0.005461244658730324
733,460000,海南,东部,2012,RF,TRAIN,0.467232,0.4661777419690475,0.001054258030952493
734,420000,湖北,中部,2012,RF,TRAIN,0.42698,0.4273998617698415,-0.0004198617698414897
735,430000,湖南,中部,2012,RF,TRAIN,0.374403,0.3757996568388894,-0.001396656838889454
736,620000,甘肃,西部,2012,RF,TRAIN,0.37114,0.3559890736943722,0.01515092630562781
737,350000,福建,东部,2012,RF,TRAIN,0.459472,0.474742036768254,-0.015270036768254
738,540000,西藏,西部,2012,RF,TRAIN,0.30096,0.3082824722206347,-0.007322472220634646
739,520000,贵州,西部,2012,RF,TRAIN,0.305635,0.3153258877111114,-0.009690887711111429
740,210000,辽宁,东部,2012,RF,TRAIN,0.451064,0.4563101891079362,-0.005246189107936172
741,500000,重庆,西部,2012,RF,TRAIN,0.460347,0.4610347112063487,-0.0006877112063486956
742,610000,陕西,西部,2012,RF,TRAIN,0.45579,0.4463574352523805,0.009432564747619443
743,630000,青海,西部,2012,RF,TRAIN,0.394275,0.3903857723801589,0.003889227619841062
744,230000,黑龙江,中部,2012,RF,TRAIN,0.369154,0.391009617831746,-0.02185561783174605
745,310000,上海,东部,2013,RF,TRAIN,0.499295,0.5161719059567096,-0.0168769059567096
746,530000,云南,西部,2013,RF,TRAIN,0.363584,0.3671183029738095,-0.003534302973809522
747,150000,内蒙古,西部,2013,RF,TRAIN,0.452539,0.4474104117246027,0.005128588275397361
748,110000,北京,东部,2013,RF,TRAIN,0.71665,0.7176099436690474,-0.0009599436690473917
749,220000,吉林,中部,2013,RF,TRAIN,0.453477,0.4460656417666666,0.007411358233333387
750,510000,四川,西部,2013,RF,TRAIN,0.399379,0.4054109170282827,-0.006031917028282763
751,120000,天津,东部,2013,RF,TRAIN,0.554772,0.5467328483777778,0.00803915162222224
752,640000,宁夏,西部,2013,RF,TRAIN,0.425273,0.4359418906005051,-0.01066889060050508
753,340000,安徽,中部,2013,RF,TRAIN,0.430476,0.4285951932214286,0.001880806778571442
754,370000,山东,东部,2013,RF,TRAIN,0.550434,0.5137123700944449,0.03672162990555505
755,140000,山西,中部,2013,RF,TRAIN,0.455473,0.4444162064563492,0.01105679354365086
756,440000,广东,东部,2013,RF,TRAIN,0.554137,0.548723262173016,0.005413737826983955
757,450000,广西,西部,2013,RF,TRAIN,0.385183,0.396476547456349,-0.01129354745634897
758,650000,新疆,西部,2013,RF,TRAIN,0.43343,0.4245016888468251,0.008928311153174884
759,320000,江苏,东部,2013,RF,TRAIN,0.579476,0.5700453209626982,0.00943067903730177
760,360000,江西,中部,2013,RF,TRAIN,0.400488,0.4146048676785713,-0.01411686767857129
761,130000,河北,东部,2013,RF,TRAIN,0.475631,0.4474473326476188,0.02818366735238126
762,410000,河南,中部,2013,RF,TRAIN,0.368835,0.3752217317968973,-0.006386731796897305
763,330000,浙江,东部,2013,RF,TRAIN,0.536391,0.5383724616452379,-0.001981461645237936
764,460000,海南,东部,2013,RF,TRAIN,0.478897,0.4769547269353532,0.001942273064646782
765,420000,湖北,中部,2013,RF,TRAIN,0.452791,0.4547323424666668,-0.001941342466666773
766,430000,湖南,中部,2013,RF,TRAIN,0.392934,0.399653699128572,-0.006719699128571954
767,620000,甘肃,西部,2013,RF,TRAIN,0.395874,0.3830731925682542,0.01280080743174583
768,350000,福建,东部,2013,RF,TRAIN,0.474724,0.4857116591047616,-0.01098765910476163
769,540000,西藏,西部,2013,RF,TRAIN,0.301734,0.3144545715539682,-0.01272057155396816
770,520000,贵州,西部,2013,RF,TRAIN,0.342552,0.3511314027238094,-0.008579402723809415
771,210000,辽宁,东部,2013,RF,TRAIN,0.47184,0.4737160769738089,-0.001876076973808871
772,500000,重庆,西部,2013,RF,TRAIN,0.471614,0.4716543513803027,-4.035138030272778e-05
773,610000,陕西,西部,2013,RF,TRAIN,0.471334,0.4569934629195523,0.01434053708044769
774,630000,青海,西部,2013,RF,TRAIN,0.435803,0.4196278430849208,0.01617515691507915
775,230000,黑龙江,中部,2013,RF,TRAIN,0.394048,0.402976387840476,-0.008928387840476004
776,310000,上海,东部,2014,RF,TRAIN,0.512259,0.525470650994156,-0.013211650994156
777,530000,云南,西部,2014,RF,TRAIN,0.394056,0.3957607932981238,-0.001704793298123786
778,150000,内蒙古,西部,2014,RF,TRAIN,0.485318,0.4739564275880945,0.01136157241190555
779,110000,北京,东部,2014,RF,TRAIN,0.753878,0.7424626261357135,0.01141537386428659
780,220000,吉林,中部,2014,RF,TRAIN,0.48598,0.4696516460251796,0.01632835397482041
781,510000,四川,西部,2014,RF,TRAIN,0.404679,0.4130296974968258,-0.00835069749682582
782,120000,天津,东部,2014,RF,TRAIN,0.553833,0.5493751670645742,0.004457832935425787
783,640000,宁夏,西部,2014,RF,TRAIN,0.450809,0.4554668274401869,-0.00465782744018689
784,340000,安徽,中部,2014,RF,TRAIN,0.445222,0.4468745041777776,-0.001652504177777625
785,370000,山东,东部,2014,RF,TRAIN,0.543577,0.5270135544777784,0.01656344552222155
786,140000,山西,中部,2014,RF,TRAIN,0.456001,0.4515225656904761,0.004478434309523882
787,440000,广东,东部,2014,RF,TRAIN,0.551331,0.5538338633436505,-0.002502863343650463
788,450000,广西,西部,2014,RF,TRAIN,0.405192,0.4116824975595236,-0.006490497559523578
789,650000,新疆,西部,2014,RF,TRAIN,0.452118,0.4382841988484131,0.01383380115158689
790,320000,江苏,东部,2014,RF,TRAIN,0.595037,0.5841188215928567,0.01091817840714338
791,360000,江西,中部,2014,RF,TRAIN,0.401411,0.4209541108769837,-0.01954311087698368
792,130000,河北,东部,2014,RF,TRAIN,0.488183,0.4684059526510821,0.01977704734891783
793,410000,河南,中部,2014,RF,TRAIN,0.389505,0.4016660237500004,-0.01216102375000039
794,330000,浙江,东部,2014,RF,TRAIN,0.555829,0.5578184015587295,-0.001989401558729509
795,460000,海南,东部,2014,RF,TRAIN,0.481688,0.479541688988311,0.002146311011688995
796,420000,湖北,中部,2014,RF,TRAIN,0.472876,0.4758223863468252,-0.002946386346825147
797,430000,湖南,中部,2014,RF,TRAIN,0.418207,0.4223597514999998,-0.004152751499999774
798,620000,甘肃,西部,2014,RF,TRAIN,0.408766,0.4026659730592351,0.006100026940764947
799,350000,福建,东部,2014,RF,TRAIN,0.490599,0.5044783524603178,-0.0138793524603178
800,540000,西藏,西部,2014,RF,TRAIN,0.374178,0.3658302850619051,0.008347714938094941
801,520000,贵州,西部,2014,RF,TRAIN,0.365249,0.3825887991571428,-0.01733979915714284
802,210000,辽宁,东部,2014,RF,TRAIN,0.487013,0.483931921442857,0.003081078557142958
803,500000,重庆,西部,2014,RF,TRAIN,0.473044,0.4754836237360746,-0.002439623736074592
804,610000,陕西,西部,2014,RF,TRAIN,0.479637,0.4743853435460315,0.005251656453968523
805,630000,青海,西部,2014,RF,TRAIN,0.43016,0.426512515346826,0.003647484653173938
806,230000,黑龙江,中部,2014,RF,TRAIN,0.40233,0.4139283360476183,-0.01159833604761829
807,310000,上海,东部,2015,RF,TRAIN,0.530903,0.5505302800687591,-0.01962728006875913
808,530000,云南,西部,2015,RF,TRAIN,0.401134,0.4079224768547623,-0.006788476854762304
809,150000,内蒙古,西部,2015,RF,TRAIN,0.5028,0.4941969499264069,0.008603050073593133
810,110000,北京,东部,2015,RF,TRAIN,0.766158,0.7707848412365074,-0.004626841236507362
811,220000,吉林,中部,2015,RF,TRAIN,0.45475,0.4626574566510097,-0.00790745665100967
812,510000,四川,西部,2015,RF,TRAIN,0.417983,0.4262270229325394,-0.008244022932539452
813,120000,天津,东部,2015,RF,TRAIN,0.55387,0.5484518528466811,0.005418147153318897
814,640000,宁夏,西部,2015,RF,TRAIN,0.47163,0.4693421685606777,0.002287831439322319
815,340000,安徽,中部,2015,RF,TRAIN,0.465285,0.4686625072785718,-0.003377507278571834
816,370000,山东,东部,2015,RF,TRAIN,0.5509,0.5377654720912706,0.01313452790872938
817,140000,山西,中部,2015,RF,TRAIN,0.451235,0.4549722764820341,-0.003737276482034146
818,440000,广东,东部,2015,RF,TRAIN,0.541074,0.5429648713681099,-0.001890871368109837
819,450000,广西,西部,2015,RF,TRAIN,0.423979,0.4297205644476191,-0.005741564447619085
820,650000,新疆,西部,2015,RF,TRAIN,0.472146,0.4554363610833334,0.01670963891666666
821,320000,江苏,东部,2015,RF,TRAIN,0.615843,0.5979209456690471,0.01792205433095295
822,360000,江西,中部,2015,RF,TRAIN,0.421779,0.4456974831015876,-0.02391848310158762
823,130000,河北,东部,2015,RF,TRAIN,0.512584,0.4928775756939397,0.01970642430606034
824,410000,河南,中部,2015,RF,TRAIN,0.414816,0.4208199620928571,-0.006003962092857085
825,330000,浙江,东部,2015,RF,TRAIN,0.565243,0.5651665456158722,7.645438412784422e-05
826,460000,海南,东部,2015,RF,TRAIN,0.494865,0.4916609836365079,0.003204016363492102
827,420000,湖北,中部,2015,RF,TRAIN,0.496589,0.4938098651063488,0.002779134893651225
828,430000,湖南,中部,2015,RF,TRAIN,0.434362,0.4395724663785711,-0.005210466378571088
829,620000,甘肃,西部,2015,RF,TRAIN,0.426775,0.4208374270222225,0.005937572977777472
830,350000,福建,东部,2015,RF,TRAIN,0.506608,0.5177602607611109,-0.01115226076111098
831,540000,西藏,西部,2015,RF,TRAIN,0.479145,0.4209124203349205,0.05823257966507944
832,520000,贵州,西部,2015,RF,TRAIN,0.394252,0.4012952680769842,-0.007043268076984188
833,210000,辽宁,东部,2015,RF,TRAIN,0.487913,0.4859783683746033,0.001934631625396699
834,500000,重庆,西部,2015,RF,TRAIN,0.497174,0.4936350160309522,0.003538983969047782
835,610000,陕西,西部,2015,RF,TRAIN,0.503439,0.4908483101930736,0.0125906898069264
836,630000,青海,西部,2015,RF,TRAIN,0.463007,0.4563532659595241,0.006653734040475923
837,230000,黑龙江,中部,2015,RF,TRAIN,0.411819,0.420017717139682,-0.00819871713968201
838,310000,上海,东部,2016,RF,TRAIN,0.552024,0.5648299967683986,-0.01280599676839866
839,530000,云南,西部,2016,RF,TRAIN,0.432435,0.4293671090518758,0.003067890948124263
840,150000,内蒙古,西部,2016,RF,TRAIN,0.508229,0.5062239685365081,0.002005031463491957
841,110000,北京,东部,2016,RF,TRAIN,0.778668,0.7781721189888888,0.0004958810111111989
842,220000,吉林,中部,2016,RF,TRAIN,0.458748,0.4624282769906204,-0.003680276990620401
843,510000,四川,西部,2016,RF,TRAIN,0.424258,0.4365033460809525,-0.01224534608095246
844,120000,天津,东部,2016,RF,TRAIN,0.546051,0.5485187329831895,-0.002467732983189586
845,640000,宁夏,西部,2016,RF,TRAIN,0.467957,0.4729486849543289,-0.00499168495432889
846,340000,安徽,中部,2016,RF,TRAIN,0.487232,0.4897485408301587,-0.002516540830158731
847,370000,山东,东部,2016,RF,TRAIN,0.563037,0.5548536438960321,0.00818335610396792
848,140000,山西,中部,2016,RF,TRAIN,0.476689,0.4729307562041117,0.003758243795888239
849,440000,广东,东部,2016,RF,TRAIN,0.550845,0.563304957309379,-0.01245995730937899
850,450000,广西,西部,2016,RF,TRAIN,0.431724,0.4408818381304469,-0.009157838130446905
851,650000,新疆,西部,2016,RF,TRAIN,0.480806,0.4706577377275613,0.01014826227243876
852,320000,江苏,东部,2016,RF,TRAIN,0.625346,0.608604096718254,0.01674190328174596
853,360000,江西,中部,2016,RF,TRAIN,0.449652,0.4627762851944442,-0.01312428519444425
854,130000,河北,东部,2016,RF,TRAIN,0.510421,0.4998822492309528,0.01053875076904726
855,410000,河南,中部,2016,RF,TRAIN,0.437887,0.4384071937396822,-0.000520193739682151
856,330000,浙江,东部,2016,RF,TRAIN,0.574848,0.5783335374071427,-0.003485537407142636
857,460000,海南,东部,2016,RF,TRAIN,0.499456,0.4952632154520202,0.004192784547979778
858,420000,湖北,中部,2016,RF,TRAIN,0.515551,0.512690105293651,0.002860894706348982
859,430000,湖南,中部,2016,RF,TRAIN,0.454899,0.4605093915142861,-0.005610391514286106
860,620000,甘肃,西部,2016,RF,TRAIN,0.43951,0.4362932069388889,0.003216793061111112
861,350000,福建,东部,2016,RF,TRAIN,0.524105,0.5363896293396824,-0.01228462933968233
862,540000,西藏,西部,2016,RF,TRAIN,0.342395,0.3753716537523805,-0.03297665375238046
863,520000,贵州,西部,2016,RF,TRAIN,0.430882,0.4248780970476191,0.006003902952380902
864,210000,辽宁,东部,2016,RF,TRAIN,0.472639,0.4870103545666666,-0.01437135456666666
865,500000,重庆,西部,2016,RF,TRAIN,0.503131,0.5080913039452376,-0.00496030394523761
866,610000,陕西,西部,2016,RF,TRAIN,0.49743,0.4933236591883121,0.00410634081168787
867,630000,青海,西部,2016,RF,TRAIN,0.456845,0.4624745517626979,-0.005629551762697915
868,230000,黑龙江,中部,2016,RF,TRAIN,0.40789,0.4337102527777779,-0.02582025277777789
869,310000,上海,东部,2017,RF,TRAIN,0.587104,0.5748846400863636,0.01221935991363632
870,530000,云南,西部,2017,RF,TRAIN,0.440793,0.4383938169987011,0.002399183001298877
871,150000,内蒙古,西部,2017,RF,TRAIN,0.50881,0.5094259942928574,-0.0006159942928574136
872,110000,北京,东部,2017,RF,TRAIN,0.815825,0.780017608484127,0.03580739151587298
873,220000,吉林,中部,2017,RF,TRAIN,0.456131,0.4673426918414146,-0.01121169184141457
874,510000,四川,西部,2017,RF,TRAIN,0.44983,0.4588143972952384,-0.008984397295238367
875,120000,天津,东部,2017,RF,TRAIN,0.59251,0.5804483369958879,0.01206166300411204
876,640000,宁夏,西部,2017,RF,TRAIN,0.503942,0.5024488223373017,0.001493177662698297
877,340000,安徽,中部,2017,RF,TRAIN,0.523465,0.5153087578769843,0.008156242123015689
878,370000,山东,东部,2017,RF,TRAIN,0.571386,0.5690239144809527,0.002362085519047263
879,140000,山西,中部,2017,RF,TRAIN,0.492633,0.4852944438777778,0.007338556122222173
880,440000,广东,东部,2017,RF,TRAIN,0.572343,0.574453757230808,-0.002110757230808002
881,450000,广西,西部,2017,RF,TRAIN,0.455427,0.4617061251341267,-0.006279125134126706
882,650000,新疆,西部,2017,RF,TRAIN,0.484046,0.4784593459307355,0.005586654069264452
883,320000,江苏,东部,2017,RF,TRAIN,0.631071,0.6209218357849203,0.01014916421507972
884,360000,江西,中部,2017,RF,TRAIN,0.481004,0.4921737888428568,-0.0111697888428568
885,130000,河北,东部,2017,RF,TRAIN,0.548186,0.5288185619603176,0.01936743803968233
886,410000,河南,中部,2017,RF,TRAIN,0.471023,0.4721419049454545,-0.001118904945454469
887,330000,浙江,东部,2017,RF,TRAIN,0.593708,0.5993381646063497,-0.005630164606349686
888,460000,海南,东部,2017,RF,TRAIN,0.511565,0.5112288619142858,0.0003361380857141993
889,420000,湖北,中部,2017,RF,TRAIN,0.51398,0.5169843528976192,-0.003004352897619245
890,430000,湖南,中部,2017,RF,TRAIN,0.459341,0.477076050154978,-0.017735050154978
891,620000,甘肃,西部,2017,RF,TRAIN,0.450083,0.4466354494925684,0.003447550507431618
892,350000,福建,东部,2017,RF,TRAIN,0.534499,0.5528441691642854,-0.01834516916428541
893,540000,西藏,西部,2017,RF,TRAIN,0.399187,0.3976131306063492,0.001573869393650784
894,520000,贵州,西部,2017,RF,TRAIN,0.437645,0.438686321209235,-0.001041321209234947
895,210000,辽宁,东部,2017,RF,TRAIN,0.495238,0.4957774447142851,-0.0005394447142850756
896,500000,重庆,西部,2017,RF,TRAIN,0.52428,0.5263969704475465,-0.002116970447546551
897,610000,陕西,西部,2017,RF,TRAIN,0.517211,0.5079909088476195,0.009220091152380427
898,630000,青海,西部,2017,RF,TRAIN,0.466649,0.4707632369090907,-0.004114236909090685
899,230000,黑龙江,中部,2017,RF,TRAIN,0.451933,0.454670698462049,-0.002737698462049076
900,310000,上海,东部,2018,RF,TRAIN,0.579515,0.5997196042649344,-0.02020460426493442
901,530000,云南,西部,2018,RF,TRAIN,0.442875,0.4462261236690473,-0.003351123669047273
902,150000,内蒙古,西部,2018,RF,TRAIN,0.514235,0.5145624357142863,-0.0003274357142862838
903,110000,北京,东部,2018,RF,TRAIN,0.768698,0.7743990399222217,-0.005701039922221707
904,220000,吉林,中部,2018,RF,TRAIN,0.465133,0.4768926999746029,-0.01175969997460291
905,510000,四川,西部,2018,RF,TRAIN,0.475265,0.4822551885063493,-0.006990188506349304
906,120000,天津,东部,2018,RF,TRAIN,0.52457,0.5501925912939395,-0.02562259129393951
907,640000,宁夏,西部,2018,RF,TRAIN,0.532364,0.5214056910952377,0.01095830890476224
908,340000,安徽,中部,2018,RF,TRAIN,0.537699,0.5385124192980518,-0.0008134192980517874
909,370000,山东,东部,2018,RF,TRAIN,0.57816,0.5733090988301589,0.004850901169841104
910,140000,山西,中部,2018,RF,TRAIN,0.526914,0.5182046179531744,0.008709382046825587
911,440000,广东,东部,2018,RF,TRAIN,0.592452,0.5936996240066379,-0.001247624006637915
912,450000,广西,西部,2018,RF,TRAIN,0.463532,0.4709826916103172,-0.007450691610317195
913,650000,新疆,西部,2018,RF,TRAIN,0.509686,0.5008662976444446,0.008819702355555403
914,320000,江苏,东部,2018,RF,TRAIN,0.629004,0.625727138668253,0.003276861331746983
915,360000,江西,中部,2018,RF,TRAIN,0.487213,0.5006342670595233,-0.01342126705952329
916,130000,河北,东部,2018,RF,TRAIN,0.570683,0.5524454027142857,0.01823759728571439
917,410000,河南,中部,2018,RF,TRAIN,0.504805,0.4974454193835497,0.007359580616450256
918,330000,浙江,东部,2018,RF,TRAIN,0.599335,0.6044480853396828,-0.005113085339682799
919,460000,海南,东部,2018,RF,TRAIN,0.52992,0.5325759759999277,-0.002655975999927729
920,420000,湖北,中部,2018,RF,TRAIN,0.540135,0.5423790700357143,-0.002244070035714252
921,430000,湖南,中部,2018,RF,TRAIN,0.493819,0.5027155477936507,-0.008896547793650678
922,620000,甘肃,西部,2018,RF,TRAIN,0.469899,0.4612694263166668,0.008629573683333225
923,350000,福建,东部,2018,RF,TRAIN,0.561814,0.574254590113492,-0.01244059011349197
924,540000,西藏,西部,2018,RF,TRAIN,0.365356,0.3887176456087301,-0.02336164560873011
925,520000,贵州,西部,2018,RF,TRAIN,0.452155,0.4561512821679647,-0.003996282167964715
926,210000,辽宁,东部,2018,RF,TRAIN,0.491053,0.5005452290293649,-0.009492229029364918
927,500000,重庆,西部,2018,RF,TRAIN,0.537998,0.5384860006134917,-0.0004880006134917458
928,610000,陕西,西部,2018,RF,TRAIN,0.52065,0.5232331788301591,-0.002583178830159127
929,630000,青海,西部,2018,RF,TRAIN,0.479832,0.479879261368254,-4.726136825405902e-05
930,230000,黑龙江,中部,2018,RF,TRAIN,0.451123,0.4661331631436507,-0.01501016314365072
931,310000,上海,东部,2019,RF,TRAIN,0.580014,0.6367125079958874,-0.05669850799588738
932,530000,云南,西部,2019,RF,TRAIN,0.45998,0.4638159310341267,-0.003835931034126661
933,150000,内蒙古,西部,2019,RF,TRAIN,0.516332,0.5159385071619055,0.0003934928380945335
934,110000,北京,东部,2019,RF,TRAIN,0.752702,0.7600896308579355,-0.007387630857935479
935,220000,吉林,中部,2019,RF,TRAIN,0.489024,0.4970189246484134,-0.007994924648413337
936,510000,四川,西部,2019,RF,TRAIN,0.502332,0.5063167124341275,-0.003984712434127458
937,120000,天津,东部,2019,RF,TRAIN,0.625394,0.5829488774095242,0.04244512259047584
938,640000,宁夏,西部,2019,RF,TRAIN,0.525372,0.5234547220879507,0.001917277912049209
939,340000,安徽,中部,2019,RF,TRAIN,0.572304,0.5599060554357151,0.01239794456428489
940,370000,山东,东部,2019,RF,TRAIN,0.588186,0.5802186394976188,0.007967360502381227
941,140000,山西,中部,2019,RF,TRAIN,0.563699,0.5414188760531746,0.02228012394682533
942,440000,广东,东部,2019,RF,TRAIN,0.612601,0.6038205649452377,0.008780435054762226
943,450000,广西,西部,2019,RF,TRAIN,0.479507,0.4870998778345596,-0.007592877834559586
944,650000,新疆,西部,2019,RF,TRAIN,0.529405,0.5139120549531743,0.01549294504682575
945,320000,江苏,东部,2019,RF,TRAIN,0.63879,0.6282370203547613,0.01055297964523871
946,360000,江西,中部,2019,RF,TRAIN,0.510065,0.5192968760841268,-0.009231876084126789
947,130000,河北,东部,2019,RF,TRAIN,0.587495,0.5713212611761902,0.01617373882380979
948,410000,河南,中部,2019,RF,TRAIN,0.503784,0.510889168780664,-0.007105168780664028
949,330000,浙江,东部,2019,RF,TRAIN,0.617281,0.6114003305809521,0.005880669419047857
950,460000,海南,东部,2019,RF,TRAIN,0.547691,0.54224335867684,0.005447641323160002
951,420000,湖北,中部,2019,RF,TRAIN,0.564303,0.5521596015253976,0.01214339847460244
952,430000,湖南,中部,2019,RF,TRAIN,0.544865,0.528266408765079,0.01659859123492102
953,620000,甘肃,西部,2019,RF,TRAIN,0.474349,0.4736182667000002,0.0007307332999998417
954,350000,福建,东部,2019,RF,TRAIN,0.596953,0.589168380928572,0.007784619071427912
955,540000,西藏,西部,2019,RF,TRAIN,0.38243,0.4134311870976195,-0.03100118709761951
956,520000,贵州,西部,2019,RF,TRAIN,0.479558,0.4852262432107508,-0.005668243210750767
957,210000,辽宁,东部,2019,RF,TRAIN,0.49813,0.5112066697936511,-0.01307666979365113
958,500000,重庆,西部,2019,RF,TRAIN,0.55797,0.543696947119047,0.01427305288095293
959,610000,陕西,西部,2019,RF,TRAIN,0.554226,0.5518800605769844,0.002345939423015642
960,630000,青海,西部,2019,RF,TRAIN,0.509949,0.5031952699539677,0.006753730046032302
961,230000,黑龙江,中部,2019,RF,TRAIN,0.492366,0.4903436817031748,0.002022318296825198
962,310000,上海,东部,2023,RF,VAL,0.635576,0.7669256852603169,-0.1313496852603169
963,530000,云南,西部,2023,RF,VAL,0.492518,0.5110672464325395,-0.01854924643253952
964,150000,内蒙古,西部,2023,RF,VAL,0.531873,0.5184344421801593,0.01343855781984071
965,110000,北京,东部,2023,RF,VAL,0.694676,0.7520183495103168,-0.0573423495103168
966,220000,吉林,中部,2023,RF,VAL,0.541202,0.5022469635658731,0.0389550364341269
967,510000,四川,西部,2023,RF,VAL,0.534815,0.5263291971595241,0.008485802840475953
968,120000,天津,东部,2023,RF,VAL,0.535202,0.5576285340809526,-0.02242653408095263
969,640000,宁夏,西部,2023,RF,VAL,0.552874,0.5281617256809531,0.02471227431904688
970,340000,安徽,中部,2023,RF,VAL,0.594185,0.5676250463023804,0.02655995369761954
971,370000,山东,东部,2023,RF,VAL,0.617045,0.5912579271698406,0.02578707283015935
972,140000,山西,中部,2023,RF,VAL,0.583314,0.5274118150992065,0.05590218490079346
973,440000,广东,东部,2023,RF,VAL,0.586699,0.5990834829391772,-0.01238448293917727
974,450000,广西,西部,2023,RF,VAL,0.515158,0.5210735538150798,-0.005915553815079799
975,650000,新疆,西部,2023,RF,VAL,0.549562,0.5191874706777779,0.03037452932222207
976,320000,江苏,东部,2023,RF,VAL,0.64272,0.6148013546296529,0.02791864537034705
977,360000,江西,中部,2023,RF,VAL,0.608596,0.5375051128706345,0.07109088712936551
978,130000,河北,东部,2023,RF,VAL,0.574037,0.5663302918246026,0.007706708175397425
979,410000,河南,中部,2023,RF,VAL,0.514993,0.5324255814960318,-0.01743258149603177
980,330000,浙江,东部,2023,RF,VAL,0.618958,0.5963431796987014,0.02261482030129858
981,460000,海南,东部,2023,RF,VAL,0.551463,0.5582097667706355,-0.006746766770635459
982,420000,湖北,中部,2023,RF,VAL,0.579412,0.5599514964158732,0.01946050358412688
983,430000,湖南,中部,2023,RF,VAL,0.575631,0.5360374065222223,0.03959359347777769
984,620000,甘肃,西部,2023,RF,VAL,0.527659,0.5114997060682533,0.01615929393174664
985,350000,福建,东部,2023,RF,VAL,0.613066,0.6165786074182533,-0.003512607418253322
986,540000,西藏,西部,2023,RF,VAL,0.469429,0.5046567494633482,-0.03522774946334817
987,520000,贵州,西部,2023,RF,VAL,0.503837,0.5267894009333334,-0.02295240093333339
988,210000,辽宁,东部,2023,RF,VAL,0.506274,0.5231534864968255,-0.01687948649682547
989,500000,重庆,西部,2023,RF,VAL,0.596489,0.5528744728634919,0.04361452713650815
990,610000,陕西,西部,2023,RF,VAL,0.572048,0.5488946346634925,0.02315336533650747
991,630000,青海,西部,2023,RF,VAL,0.585917,0.5120224120452381,0.07389458795476189
992,230000,黑龙江,中部,2023,RF,VAL,0.521684,0.4936238022261904,0.02806019777380964
993,310000,上海,东部,2024,RF,VAL,0.640153,0.7593601333865075,-0.1192071333865076
994,530000,云南,西部,2024,RF,VAL,0.496008,0.5118665493515873,-0.01585854935158726
995,150000,内蒙古,西部,2024,RF,VAL,0.538097,0.5180836950801594,0.02001330491984066
996,110000,北京,东部,2024,RF,VAL,0.696568,0.7506787602388881,-0.05411076023888817
997,220000,吉林,中部,2024,RF,VAL,0.547011,0.5055595639039685,0.04145143609603152
998,510000,四川,西部,2024,RF,VAL,0.536615,0.5264938258309528,0.01012117416904712
999,120000,天津,东部,2024,RF,VAL,0.534036,0.5583901987642859,-0.02435419876428591
1000,640000,宁夏,西部,2024,RF,VAL,0.559033,0.532958997071429,0.02607400292857098
1001,340000,安徽,中部,2024,RF,VAL,0.597529,0.5693307936293646,0.02819820637063541
1002,370000,山东,东部,2024,RF,VAL,0.618532,0.5934104887785708,0.02512151122142914
1003,140000,山西,中部,2024,RF,VAL,0.594264,0.5306606133896825,0.0636033866103175
1004,440000,广东,东部,2024,RF,VAL,0.58995,0.6084587928629867,-0.01850879286298668
1005,450000,广西,西部,2024,RF,VAL,0.515035,0.5224033725873019,-0.00736837258730183
1006,650000,新疆,西部,2024,RF,VAL,0.556275,0.5194624801000001,0.0368125198999999
1007,320000,江苏,东部,2024,RF,VAL,0.648149,0.6117930265201291,0.03635597347987085
1008,360000,江西,中部,2024,RF,VAL,0.611959,0.5395463423873013,0.07241265761269877
1009,130000,河北,东部,2024,RF,VAL,0.573678,0.5665126747412691,0.007165325258730926
1010,410000,河南,中部,2024,RF,VAL,0.513791,0.534874402623016,-0.021083402623016
1011,330000,浙江,东部,2024,RF,VAL,0.624323,0.5974425035225109,0.02688049647748902
1012,460000,海南,东部,2024,RF,VAL,0.549362,0.558726169337302,-0.009364169337301997
1013,420000,湖北,中部,2024,RF,VAL,0.582375,0.5612575306714288,0.02111746932857117
1014,430000,湖南,中部,2024,RF,VAL,0.580144,0.5363378957222225,0.04380610427777754
1015,620000,甘肃,西部,2024,RF,VAL,0.530509,0.5157987810555549,0.01471021894444513
1016,350000,福建,东部,2024,RF,VAL,0.615601,0.61645868358492,-0.0008576835849199993
1017,540000,西藏,西部,2024,RF,VAL,0.473639,0.5074780604871578,-0.03383906048715785
1018,520000,贵州,西部,2024,RF,VAL,0.509591,0.5274429831190477,-0.01785198311904768
1019,210000,辽宁,东部,2024,RF,VAL,0.513433,0.5233963020111113,-0.009963302011111286
1020,500000,重庆,西部,2024,RF,VAL,0.60204,0.5530566717301584,0.04898332826984164
1021,610000,陕西,西部,2024,RF,VAL,0.579652,0.5499929172539687,0.02965908274603124
1022,630000,青海,西部,2024,RF,VAL,0.587491,0.5119452354119051,0.07554576458809492
1023,230000,黑龙江,中部,2024,RF,VAL,0.525348,0.4974090404880953,0.02793895951190473
1024,310000,上海,东部,2020,RF,TEST,0.579822,0.756824338976984,-0.177002338976984
1025,530000,云南,西部,2020,RF,TEST,0.447013,0.4753007173212839,-0.02828771732128388
1026,150000,内蒙古,西部,2020,RF,TEST,0.514523,0.5170016319158736,-0.002478631915873608
1027,110000,北京,东部,2020,RF,TEST,0.696177,0.7555016662293644,-0.05932466622936439
1028,220000,吉林,中部,2020,RF,TEST,0.487747,0.499218438710318,-0.01147143871031797
1029,510000,四川,西部,2020,RF,TEST,0.502335,0.5147285858690477,-0.01239358586904771
1030,120000,天津,东部,2020,RF,TEST,0.529018,0.5738651114506497,-0.04484711145064968
1031,640000,宁夏,西部,2020,RF,TEST,0.511795,0.5302191760531749,-0.01842417605317492
1032,340000,安徽,中部,2020,RF,TEST,0.55174,0.5586927979134924,-0.006952797913492348
1033,370000,山东,东部,2020,RF,TEST,0.590034,0.5866746168499992,0.003359383150000728
1034,140000,山西,中部,2020,RF,TEST,0.569411,0.5339906820428573,0.03542031795714273
1035,440000,广东,东部,2020,RF,TEST,0.579013,0.603312189657936,-0.02429918965793598
1036,450000,广西,西部,2020,RF,TEST,0.482642,0.5016040050579366,-0.01896200505793655
1037,650000,新疆,西部,2020,RF,TEST,0.519253,0.5113377127642855,0.007915287235714441
1038,320000,江苏,东部,2020,RF,TEST,0.623059,0.6171036639619047,0.005955336038095282
1039,360000,江西,中部,2020,RF,TEST,0.519091,0.5249562130992061,-0.005865213099206179
1040,130000,河北,东部,2020,RF,TEST,0.575537,0.5636347845380948,0.01190221546190517
1041,410000,河南,中部,2020,RF,TEST,0.492978,0.5240835163116162,-0.03110551631161618
1042,330000,浙江,东部,2020,RF,TEST,0.596941,0.6098663953404759,-0.01292539534047588
1043,460000,海南,东部,2020,RF,TEST,0.525731,0.5414038740158728,-0.01567287401587281
1044,420000,湖北,中部,2020,RF,TEST,0.521526,0.5280063587857142,-0.00648035878571418
1045,430000,湖南,中部,2020,RF,TEST,0.556662,0.5276388582365077,0.0290231417634923
1046,620000,甘肃,西部,2020,RF,TEST,0.475761,0.4823434278114718,-0.00658242781147178
1047,350000,福建,东部,2020,RF,TEST,0.571164,0.5912793697857146,-0.0201153697857146
1048,540000,西藏,西部,2020,RF,TEST,0.421445,0.4582112865349209,-0.03676628653492092
1049,520000,贵州,西部,2020,RF,TEST,0.484676,0.5035147657785715,-0.01883876577857146
1050,210000,辽宁,东部,2020,RF,TEST,0.484983,0.5186627295746034,-0.03367972957460336
1051,500000,重庆,西部,2020,RF,TEST,0.512612,0.5391861133904758,-0.02657411339047588
1052,610000,陕西,西部,2020,RF,TEST,0.525287,0.5480789038000005,-0.02279190380000051
1053,630000,青海,西部,2020,RF,TEST,0.517589,0.5056796559436506,0.01190934405634936
1054,230000,黑龙江,中部,2020,RF,TEST,0.498029,0.4947512337833335,0.003277766216666478
1055,310000,上海,东部,2021,RF,TEST,0.614756,0.7544923370888892,-0.1397363370888892
1056,530000,云南,西部,2021,RF,TEST,0.456717,0.503521651524603,-0.04680465152460306
1057,150000,内蒙古,西部,2021,RF,TEST,0.525867,0.5158032558142863,0.01006374418571365
1058,110000,北京,东部,2021,RF,TEST,0.696985,0.747442507776984,-0.05045750777698399
1059,220000,吉林,中部,2021,RF,TEST,0.507618,0.503736913222222,0.003881086777777987
1060,510000,四川,西部,2021,RF,TEST,0.49883,0.5223558672134924,-0.02352586721349237
1061,120000,天津,东部,2021,RF,TEST,0.541368,0.5545205125177493,-0.01315251251774929
1062,640000,宁夏,西部,2021,RF,TEST,0.505012,0.5338753606095241,-0.0288633606095241
1063,340000,安徽,中部,2021,RF,TEST,0.56897,0.5609115300849208,0.008058469915079192
1064,370000,山东,东部,2021,RF,TEST,0.605397,0.5895304180507931,0.01586658194920687
1065,140000,山西,中部,2021,RF,TEST,0.584605,0.5317545914015877,0.05285040859841239
1066,440000,广东,东部,2021,RF,TEST,0.586034,0.5969055765558439,-0.01087157655584381
1067,450000,广西,西部,2021,RF,TEST,0.494129,0.5163165658587302,-0.02218756585873022
1068,650000,新疆,西部,2021,RF,TEST,0.518847,0.513975421361905,0.004871578638094953
1069,320000,江苏,东部,2021,RF,TEST,0.644028,0.6146445490439387,0.02938345095606132
1070,360000,江西,中部,2021,RF,TEST,0.564084,0.5258175722896824,0.03826642771031763
1071,130000,河北,东部,2021,RF,TEST,0.554711,0.5672605142222219,-0.01254951422222195
1072,410000,河南,中部,2021,RF,TEST,0.493128,0.5346345583293651,-0.04150655832936512
1073,330000,浙江,东部,2021,RF,TEST,0.593534,0.59851899734632,-0.004984997346319964
1074,460000,海南,东部,2021,RF,TEST,0.559285,0.5483644189793653,0.01092058102063476
1075,420000,湖北,中部,2021,RF,TEST,0.545311,0.5594872621658732,-0.0141762621658732
1076,430000,湖南,中部,2021,RF,TEST,0.555373,0.5325560898007938,0.02281691019920618
1077,620000,甘肃,西部,2021,RF,TEST,0.474559,0.495808297548412,-0.02124929754841204
1078,350000,福建,东部,2021,RF,TEST,0.592777,0.6162869870658729,-0.02350998706587293
1079,540000,西藏,西部,2021,RF,TEST,0.41731,0.496860468715729,-0.07955046871572902
1080,520000,贵州,西部,2021,RF,TEST,0.481293,0.5216809057531747,-0.04038790575317469
1081,210000,辽宁,东部,2021,RF,TEST,0.509504,0.5219998303603176,-0.01249583036031765
1082,500000,重庆,西部,2021,RF,TEST,0.566352,0.5511656150095238,0.0151863849904762
1083,610000,陕西,西部,2021,RF,TEST,0.533037,0.5570074679904765,-0.02397046799047653
1084,630000,青海,西部,2021,RF,TEST,0.528139,0.5052297349309524,0.02290926506904767
1085,230000,黑龙江,中部,2021,RF,TEST,0.497259,0.4943988554690475,0.002860144530952513
1086,310000,上海,东部,2022,RF,TEST,0.607718,0.7686259741984125,-0.1609079741984125
1087,530000,云南,西部,2022,RF,TEST,0.46771,0.5070013814738095,-0.03929138147380945
1088,150000,内蒙古,西部,2022,RF,TEST,0.52779,0.518757549453969,0.009032450546030968
1089,110000,北京,东部,2022,RF,TEST,0.685065,0.7488682460436507,-0.06380324604365062
1090,220000,吉林,中部,2022,RF,TEST,0.504623,0.5017357459801587,0.002887254019841357
1091,510000,四川,西部,2022,RF,TEST,0.512427,0.5207113967880954,-0.00828439678809545
1092,120000,天津,东部,2022,RF,TEST,0.533358,0.581724588648701,-0.04836658864870103
1093,640000,宁夏,西部,2022,RF,TEST,0.538823,0.5286170197952385,0.0102059802047616
1094,340000,安徽,中部,2022,RF,TEST,0.587257,0.55537245618254,0.03188454381745998
1095,370000,山东,东部,2022,RF,TEST,0.606987,0.5913044386222215,0.01568256137777857
1096,140000,山西,中部,2022,RF,TEST,0.595399,0.5320313786468257,0.06336762135317431
1097,440000,广东,东部,2022,RF,TEST,0.581336,0.5971230086367963,-0.01578700863679638
1098,450000,广西,西部,2022,RF,TEST,0.514367,0.5192634836293654,-0.004896483629365345
1099,650000,新疆,西部,2022,RF,TEST,0.534181,0.5196929309682539,0.01448806903174615
1100,320000,江苏,东部,2022,RF,TEST,0.637205,0.6131218619772719,0.0240831380227281
1101,360000,江西,中部,2022,RF,TEST,0.59208,0.5324487349896823,0.05963126501031779
1102,130000,河北,东部,2022,RF,TEST,0.56732,0.5637283228912693,0.003591677108730762
1103,410000,河南,中部,2022,RF,TEST,0.499545,0.5314000851674605,-0.0318550851674605
1104,330000,浙江,东部,2022,RF,TEST,0.601991,0.5972682311320344,0.004722768867965632
1105,460000,海南,东部,2022,RF,TEST,0.556857,0.5519718393119053,0.004885160688094747
1106,420000,湖北,中部,2022,RF,TEST,0.556958,0.5596370702015874,-0.002679070201587419
1107,430000,湖南,中部,2022,RF,TEST,0.5679,0.5343147433396824,0.03358525666031753
1108,620000,甘肃,西部,2022,RF,TEST,0.502832,0.5026541254753962,0.0001778745246037161
1109,350000,福建,东部,2022,RF,TEST,0.597754,0.6176243437373008,-0.01987034373730079
1110,540000,西藏,西部,2022,RF,TEST,0.435723,0.5033849075728719,-0.06766190757287188
1111,520000,贵州,西部,2022,RF,TEST,0.501379,0.5217388351793653,-0.02035983517936524
1112,210000,辽宁,东部,2022,RF,TEST,0.495944,0.5234490943349207,-0.02750509433492071
1113,500000,重庆,西部,2022,RF,TEST,0.585735,0.5590273236984127,0.02670767630158732
1114,610000,陕西,西部,2022,RF,TEST,0.56411,0.5498273301904769,0.01428266980952309
1115,630000,青海,西部,2022,RF,TEST,0.558508,0.5061474937047621,0.05236050629523792
1116,230000,黑龙江,中部,2022,RF,TEST,0.512927,0.4935066270380952,0.01942037296190485
1117,310000,上海,东部,2007,SVR,TRAIN,0.469494,0.4912861840790261,-0.02179218407902611
1118,530000,云南,西部,2007,SVR,TRAIN,0.285728,0.2948343400122008,-0.009106340012200786
1119,150000,内蒙古,西部,2007,SVR,TRAIN,0.35025,0.3514102266171361,-0.001160226617136051
1120,110000,北京,东部,2007,SVR,TRAIN,0.614172,0.6450678403553906,-0.0308958403553905
1121,220000,吉林,中部,2007,SVR,TRAIN,0.32063,0.3674882143216806,-0.04685821432168052
1122,510000,四川,西部,2007,SVR,TRAIN,0.310444,0.3108687155730852,-0.0004247155730851548
1123,120000,天津,东部,2007,SVR,TRAIN,0.445921,0.477353161625121,-0.03143216162512097
1124,640000,宁夏,西部,2007,SVR,TRAIN,0.320032,0.354464716265015,-0.03443271626501498
1125,340000,安徽,中部,2007,SVR,TRAIN,0.315404,0.3205762970939918,-0.005172297093991807
1126,370000,山东,东部,2007,SVR,TRAIN,0.414638,0.3691523369773771,0.04548566302262286
1127,140000,山西,中部,2007,SVR,TRAIN,0.359663,0.3464005850303871,0.01326241496961295
1128,440000,广东,东部,2007,SVR,TRAIN,0.388557,0.4688468565709353,-0.08028985657093529
1129,450000,广西,西部,2007,SVR,TRAIN,0.232654,0.304139927431869,-0.07148592743186902
1130,650000,新疆,西部,2007,SVR,TRAIN,0.362242,0.3302235014678715,0.03201849853212851
1131,320000,江苏,东部,2007,SVR,TRAIN,0.464326,0.4375597953278395,0.02676620467216051
1132,360000,江西,中部,2007,SVR,TRAIN,0.283623,0.3189842761719617,-0.03536127617196166
1133,130000,河北,东部,2007,SVR,TRAIN,0.357469,0.3276968922409625,0.02977210775903744
1134,410000,河南,中部,2007,SVR,TRAIN,0.302465,0.3018455521449093,0.0006194478550907156
1135,330000,浙江,东部,2007,SVR,TRAIN,0.451458,0.4610857813873384,-0.00962778138733833
1136,460000,海南,东部,2007,SVR,TRAIN,0.295896,0.3572275994737897,-0.06133159947378969
1137,420000,湖北,中部,2007,SVR,TRAIN,0.336287,0.3416674260012599,-0.005380426001259875
1138,430000,湖南,中部,2007,SVR,TRAIN,0.294648,0.3268910784370533,-0.03224307843705332
1139,620000,甘肃,西部,2007,SVR,TRAIN,0.304409,0.2945523259061327,0.009856674093867313
1140,350000,福建,东部,2007,SVR,TRAIN,0.364673,0.3967211760070687,-0.03204817600706866
1141,540000,西藏,西部,2007,SVR,TRAIN,0.28527,0.2752992057274257,0.009970794272574302
1142,520000,贵州,西部,2007,SVR,TRAIN,0.210248,0.2605332885494744,-0.05028528854947445
1143,210000,辽宁,东部,2007,SVR,TRAIN,0.354223,0.3697934442106721,-0.01557044421067205
1144,500000,重庆,西部,2007,SVR,TRAIN,0.362078,0.3562118998466954,0.005866100153304576
1145,610000,陕西,西部,2007,SVR,TRAIN,0.381037,0.3289649652665532,0.05207203473344685
1146,630000,青海,西部,2007,SVR,TRAIN,0.398443,0.3280062407234875,0.0704367592765125
1147,230000,黑龙江,中部,2007,SVR,TRAIN,0.283853,0.3616375283645242,-0.07778452836452421
1148,310000,上海,东部,2008,SVR,TRAIN,0.490255,0.4901593422690542,9.565773094577512e-05
1149,530000,云南,西部,2008,SVR,TRAIN,0.329365,0.3129638206467493,0.01640117935325069
1150,150000,内蒙古,西部,2008,SVR,TRAIN,0.360651,0.3705478728677852,-0.009896872867785234
1151,110000,北京,东部,2008,SVR,TRAIN,0.665325,0.6494828021455751,0.01584219785442498
1152,220000,吉林,中部,2008,SVR,TRAIN,0.34586,0.3752378199704219,-0.02937781997042194
1153,510000,四川,西部,2008,SVR,TRAIN,0.277484,0.3207389001411971,-0.04325490014119709
1154,120000,天津,东部,2008,SVR,TRAIN,0.477976,0.4888694593731924,-0.01089345937319236
1155,640000,宁夏,西部,2008,SVR,TRAIN,0.333485,0.3646606769891529,-0.03117567698915297
1156,340000,安徽,中部,2008,SVR,TRAIN,0.340996,0.3348268458361014,0.006169154163898571
1157,370000,山东,东部,2008,SVR,TRAIN,0.433038,0.3816433281074258,0.05139467189257413
1158,140000,山西,中部,2008,SVR,TRAIN,0.392037,0.3571151909668767,0.03492180903312331
1159,440000,广东,东部,2008,SVR,TRAIN,0.440156,0.4782924052667422,-0.03813640526674222
1160,450000,广西,西部,2008,SVR,TRAIN,0.261325,0.3159525711943257,-0.05462757119432576
1161,650000,新疆,西部,2008,SVR,TRAIN,0.351233,0.337415629525901,0.01381737047409903
1162,320000,江苏,东部,2008,SVR,TRAIN,0.499262,0.4536900026676649,0.04557199733233508
1163,360000,江西,中部,2008,SVR,TRAIN,0.324957,0.3290192964501446,-0.004062296450144609
1164,130000,河北,东部,2008,SVR,TRAIN,0.392356,0.3425064313670154,0.04984956863298456
1165,410000,河南,中部,2008,SVR,TRAIN,0.302791,0.3141411018402239,-0.01135010184022395
1166,330000,浙江,东部,2008,SVR,TRAIN,0.471665,0.4744142798029968,-0.002749279802996774
1167,460000,海南,东部,2008,SVR,TRAIN,0.304556,0.3743161335857471,-0.06976013358574712
1168,420000,湖北,中部,2008,SVR,TRAIN,0.350448,0.3526419544498817,-0.002193954449881685
1169,430000,湖南,中部,2008,SVR,TRAIN,0.311845,0.3421110611177477,-0.03026606111774771
1170,620000,甘肃,西部,2008,SVR,TRAIN,0.314645,0.3072148921743671,0.007430107825632859
1171,350000,福建,东部,2008,SVR,TRAIN,0.380228,0.4137586107023894,-0.03353061070238939
1172,540000,西藏,西部,2008,SVR,TRAIN,0.269376,0.2927505255259161,-0.02337452552591607
1173,520000,贵州,西部,2008,SVR,TRAIN,0.241062,0.2714976007127341,-0.0304356007127341
1174,210000,辽宁,东部,2008,SVR,TRAIN,0.391415,0.383807184174849,0.007607815825150965
1175,500000,重庆,西部,2008,SVR,TRAIN,0.391252,0.3695925649630334,0.0216594350369666
1176,610000,陕西,西部,2008,SVR,TRAIN,0.392737,0.3446183314376559,0.04811866856234415
1177,630000,青海,西部,2008,SVR,TRAIN,0.382635,0.3400235340360337,0.04261146596396631
1178,230000,黑龙江,中部,2008,SVR,TRAIN,0.297748,0.3772407655805414,-0.07949276558054141
1179,310000,上海,东部,2009,SVR,TRAIN,0.49423,0.484451271684415,0.009778728315584961
1180,530000,云南,西部,2009,SVR,TRAIN,0.32989,0.32486907085408,0.005020929145920006
1181,150000,内蒙古,西部,2009,SVR,TRAIN,0.377862,0.3785739682371094,-0.0007119682371094505
1182,110000,北京,东部,2009,SVR,TRAIN,0.695131,0.6565867799920414,0.03854422000795865
1183,220000,吉林,中部,2009,SVR,TRAIN,0.345124,0.3830562394473708,-0.03793223944737079
1184,510000,四川,西部,2009,SVR,TRAIN,0.307312,0.3309645975776375,-0.02365259757763755
1185,120000,天津,东部,2009,SVR,TRAIN,0.473766,0.4962855689255237,-0.02251956892552365
1186,640000,宁夏,西部,2009,SVR,TRAIN,0.365262,0.3733222859634145,-0.00806028596341457
1187,340000,安徽,中部,2009,SVR,TRAIN,0.334407,0.3444469617892327,-0.01003996178923272
1188,370000,山东,东部,2009,SVR,TRAIN,0.448545,0.3870075679791214,0.06153743202087864
1189,140000,山西,中部,2009,SVR,TRAIN,0.382254,0.3629715112058421,0.01928248879415784
1190,440000,广东,东部,2009,SVR,TRAIN,0.478639,0.4840171111374441,-0.005378111137444075
1191,450000,广西,西部,2009,SVR,TRAIN,0.315314,0.3331047687875811,-0.01779076878758112
1192,650000,新疆,西部,2009,SVR,TRAIN,0.35955,0.3487158030188789,0.01083419698112104
1193,320000,江苏,东部,2009,SVR,TRAIN,0.522323,0.4630394589253449,0.05928354107465506
1194,360000,江西,中部,2009,SVR,TRAIN,0.337338,0.3410227709911166,-0.003684770991116526
1195,130000,河北,东部,2009,SVR,TRAIN,0.408099,0.3525444236568013,0.05555457634319871
1196,410000,河南,中部,2009,SVR,TRAIN,0.309275,0.3227995203176964,-0.01352452031769641
1197,330000,浙江,东部,2009,SVR,TRAIN,0.480921,0.4782429788656677,0.002678021134332298
1198,460000,海南,东部,2009,SVR,TRAIN,0.370788,0.3879433383875597,-0.01715533838755967
1199,420000,湖北,中部,2009,SVR,TRAIN,0.376263,0.3540198384747041,0.02224316152529593
1200,430000,湖南,中部,2009,SVR,TRAIN,0.343712,0.3458572139212809,-0.002145213921280864
1201,620000,甘肃,西部,2009,SVR,TRAIN,0.314579,0.3193208967434232,-0.004741896743423235
1202,350000,福建,东部,2009,SVR,TRAIN,0.414075,0.4241813803333895,-0.01010638033338945
1203,540000,西藏,西部,2009,SVR,TRAIN,0.300686,0.2907593122491654,0.009926687750834606
1204,520000,贵州,西部,2009,SVR,TRAIN,0.256668,0.2891388615925798,-0.03247086159257984
1205,210000,辽宁,东部,2009,SVR,TRAIN,0.392881,0.3935807147156071,-0.0006997147156070915
1206,500000,重庆,西部,2009,SVR,TRAIN,0.368269,0.3776826661657938,-0.00941366616579381
1207,610000,陕西,西部,2009,SVR,TRAIN,0.40972,0.3587789416015721,0.05094105839842789
1208,630000,青海,西部,2009,SVR,TRAIN,0.396347,0.3525767199160851,0.04377028008391493
1209,230000,黑龙江,中部,2009,SVR,TRAIN,0.310882,0.3705718475468536,-0.05968984754685358
1210,310000,上海,东部,2010,SVR,TRAIN,0.491858,0.4896856574414541,0.002172342558545926
1211,530000,云南,西部,2010,SVR,TRAIN,0.337123,0.3267328149340213,0.01039018506597872
1212,150000,内蒙古,西部,2010,SVR,TRAIN,0.390122,0.3998046210953151,-0.009682621095315092
1213,110000,北京,东部,2010,SVR,TRAIN,0.664182,0.6745123412551043,-0.01033034125510424
1214,220000,吉林,中部,2010,SVR,TRAIN,0.382553,0.3898657594308989,-0.007312759430898874
1215,510000,四川,西部,2010,SVR,TRAIN,0.316314,0.3428247203502208,-0.02651072035022084
1216,120000,天津,东部,2010,SVR,TRAIN,0.499374,0.5116565052296449,-0.01228250522964491
1217,640000,宁夏,西部,2010,SVR,TRAIN,0.392527,0.3827000758787622,0.009826924121237812
1218,340000,安徽,中部,2010,SVR,TRAIN,0.347594,0.3603917783737161,-0.01279777837371604
1219,370000,山东,东部,2010,SVR,TRAIN,0.470067,0.4032867143793968,0.06678028562060323
1220,140000,山西,中部,2010,SVR,TRAIN,0.398229,0.3729480513096004,0.0252809486903996
1221,440000,广东,东部,2010,SVR,TRAIN,0.528695,0.494828141779172,0.03386685822082802
1222,450000,广西,西部,2010,SVR,TRAIN,0.324743,0.3400803811757852,-0.0153373811757852
1223,650000,新疆,西部,2010,SVR,TRAIN,0.390484,0.3579220162593858,0.0325619837406142
1224,320000,江苏,东部,2010,SVR,TRAIN,0.515021,0.4939022136495964,0.02111878635040354
1225,360000,江西,中部,2010,SVR,TRAIN,0.348912,0.3528169240000296,-0.003904924000029619
1226,130000,河北,东部,2010,SVR,TRAIN,0.423659,0.3595211398818591,0.06413786011814093
1227,410000,河南,中部,2010,SVR,TRAIN,0.314399,0.3335731294395095,-0.01917412943950947
1228,330000,浙江,东部,2010,SVR,TRAIN,0.49977,0.5013592110703006,-0.001589211070300578
1229,460000,海南,东部,2010,SVR,TRAIN,0.383206,0.4081311601814247,-0.02492516018142471
1230,420000,湖北,中部,2010,SVR,TRAIN,0.38831,0.3710341320421638,0.01727586795783614
1231,430000,湖南,中部,2010,SVR,TRAIN,0.351233,0.3496344119857469,0.001598588014253166
1232,620000,甘肃,西部,2010,SVR,TRAIN,0.336322,0.3253288805771185,0.0109931194228815
1233,350000,福建,东部,2010,SVR,TRAIN,0.425601,0.4413536367196208,-0.01575263671962079
1234,540000,西藏,西部,2010,SVR,TRAIN,0.319901,0.3004227212258351,0.01947827877416486
1235,520000,贵州,西部,2010,SVR,TRAIN,0.26812,0.3059209445315139,-0.03780094453151384
1236,210000,辽宁,东部,2010,SVR,TRAIN,0.41895,0.4124026789377711,0.006547321062228939
1237,500000,重庆,西部,2010,SVR,TRAIN,0.39256,0.39301857229847,-0.0004585722984700169
1238,610000,陕西,西部,2010,SVR,TRAIN,0.409684,0.3727681997228709,0.0369158002771291
1239,630000,青海,西部,2010,SVR,TRAIN,0.380195,0.3704950057954194,0.00969999420458062
1240,230000,黑龙江,中部,2010,SVR,TRAIN,0.341506,0.3876004173348512,-0.0460944173348512
1241,310000,上海,东部,2011,SVR,TRAIN,0.52444,0.4934021692911006,0.03103783070889943
1242,530000,云南,西部,2011,SVR,TRAIN,0.342188,0.3422370432249835,-4.904322498350266e-05
1243,150000,内蒙古,西部,2011,SVR,TRAIN,0.395885,0.417415467716939,-0.02153046771693906
1244,110000,北京,东部,2011,SVR,TRAIN,0.707105,0.6970260095157201,0.01007899048427985
1245,220000,吉林,中部,2011,SVR,TRAIN,0.418573,0.407193010368321,0.01137998963167897
1246,510000,四川,西部,2011,SVR,TRAIN,0.346289,0.3603796288161127,-0.01409062881611273
1247,120000,天津,东部,2011,SVR,TRAIN,0.530708,0.5169783268622503,0.01372967313774964
1248,640000,宁夏,西部,2011,SVR,TRAIN,0.397901,0.4029850294125072,-0.00508402941250724
1249,340000,安徽,中部,2011,SVR,TRAIN,0.374981,0.3807154188836616,-0.005734418883661552
1250,370000,山东,东部,2011,SVR,TRAIN,0.488759,0.4236574803601202,0.06510151963987981
1251,140000,山西,中部,2011,SVR,TRAIN,0.401151,0.3915541484234983,0.009596851576501642
1252,440000,广东,东部,2011,SVR,TRAIN,0.5261,0.5100922019451697,0.01600779805483032
1253,450000,广西,西部,2011,SVR,TRAIN,0.331927,0.3559725569223019,-0.02404555692230187
1254,650000,新疆,西部,2011,SVR,TRAIN,0.398319,0.3688916565858008,0.02942734341419917
1255,320000,江苏,东部,2011,SVR,TRAIN,0.53548,0.5137139621521892,0.02176603784781073
1256,360000,江西,中部,2011,SVR,TRAIN,0.361149,0.3700604829269515,-0.008911482926951486
1257,130000,河北,东部,2011,SVR,TRAIN,0.42148,0.3715049928387529,0.04997500716124709
1258,410000,河南,中部,2011,SVR,TRAIN,0.321146,0.3518554466157668,-0.03070944661576686
1259,330000,浙江,东部,2011,SVR,TRAIN,0.509859,0.5185644389380151,-0.00870543893801512
1260,460000,海南,东部,2011,SVR,TRAIN,0.469869,0.4249626880032596,0.04490631199674033
1261,420000,湖北,中部,2011,SVR,TRAIN,0.408075,0.3917709433179565,0.01630405668204354
1262,430000,湖南,中部,2011,SVR,TRAIN,0.351698,0.3647723399299827,-0.01307433992998269
1263,620000,甘肃,西部,2011,SVR,TRAIN,0.361354,0.3397930622465088,0.02156093775349116
1264,350000,福建,东部,2011,SVR,TRAIN,0.435985,0.4573400543170527,-0.0213550543170527
1265,540000,西藏,西部,2011,SVR,TRAIN,0.306182,0.3106793919873941,-0.004497391987394128
1266,520000,贵州,西部,2011,SVR,TRAIN,0.269938,0.323003446557467,-0.05306544655746703
1267,210000,辽宁,东部,2011,SVR,TRAIN,0.431516,0.441371816630705,-0.009855816630705005
1268,500000,重庆,西部,2011,SVR,TRAIN,0.424435,0.4168911304264665,0.007543869573533479
1269,610000,陕西,西部,2011,SVR,TRAIN,0.434556,0.3876492253681358,0.04690677463186416
1270,630000,青海,西部,2011,SVR,TRAIN,0.380392,0.3874325529101844,-0.007040552910184406
1271,230000,黑龙江,中部,2011,SVR,TRAIN,0.351356,0.4000430984944773,-0.04868709849447728
1272,310000,上海,东部,2012,SVR,TRAIN,0.509711,0.5004670223912657,0.0092439776087343
1273,530000,云南,西部,2012,SVR,TRAIN,0.342158,0.3545669014715565,-0.01240890147155643
1274,150000,内蒙古,西部,2012,SVR,TRAIN,0.424821,0.4298999507959882,-0.005078950795988191
1275,110000,北京,东部,2012,SVR,TRAIN,0.699799,0.7098381250739876,-0.01003912507398763
1276,220000,吉林,中部,2012,SVR,TRAIN,0.437314,0.4286240766488251,0.00868992335117491
1277,510000,四川,西部,2012,SVR,TRAIN,0.381361,0.3808907198603578,0.0004702801396421763
1278,120000,天津,东部,2012,SVR,TRAIN,0.534811,0.530391308930955,0.004419691069045051
1279,640000,宁夏,西部,2012,SVR,TRAIN,0.397271,0.4152040207518684,-0.01793302075186837
1280,340000,安徽,中部,2012,SVR,TRAIN,0.396032,0.398179141899115,-0.002147141899114968
1281,370000,山东,东部,2012,SVR,TRAIN,0.51803,0.4380307329560864,0.07999926704391358
1282,140000,山西,中部,2012,SVR,TRAIN,0.423134,0.4105894554528383,0.0125445445471617
1283,440000,广东,东部,2012,SVR,TRAIN,0.532101,0.5254605047334541,0.006640495266545976
1284,450000,广西,西部,2012,SVR,TRAIN,0.35927,0.3750840317182212,-0.01581403171822127
1285,650000,新疆,西部,2012,SVR,TRAIN,0.409927,0.3807362925038373,0.02919070749616265
1286,320000,江苏,东部,2012,SVR,TRAIN,0.552881,0.531604613945261,0.02127638605473892
1287,360000,江西,中部,2012,SVR,TRAIN,0.395292,0.3880512856204229,0.007240714379577073
1288,130000,河北,东部,2012,SVR,TRAIN,0.443302,0.3863750757057285,0.05692692429427149
1289,410000,河南,中部,2012,SVR,TRAIN,0.347414,0.3672754023146343,-0.01986140231463429
1290,330000,浙江,东部,2012,SVR,TRAIN,0.521526,0.5315060235089691,-0.009980023508969094
1291,460000,海南,东部,2012,SVR,TRAIN,0.467232,0.4413498092973208,0.02588219070267916
1292,420000,湖北,中部,2012,SVR,TRAIN,0.42698,0.4193505350100619,0.007629464989938106
1293,430000,湖南,中部,2012,SVR,TRAIN,0.374403,0.3844336024234885,-0.01003060242348847
1294,620000,甘肃,西部,2012,SVR,TRAIN,0.37114,0.3523577558938435,0.01878224410615648
1295,350000,福建,东部,2012,SVR,TRAIN,0.459472,0.4731992358732109,-0.0137272358732109
1296,540000,西藏,西部,2012,SVR,TRAIN,0.30096,0.3112903415681297,-0.01033034156812973
1297,520000,贵州,西部,2012,SVR,TRAIN,0.305635,0.3348303672024949,-0.02919536720249494
1298,210000,辽宁,东部,2012,SVR,TRAIN,0.451064,0.4731453375823617,-0.02208133758236164
1299,500000,重庆,西部,2012,SVR,TRAIN,0.460347,0.4482606398868211,0.01208636011317893
1300,610000,陕西,西部,2012,SVR,TRAIN,0.45579,0.4081866390841501,0.04760336091584988
1301,630000,青海,西部,2012,SVR,TRAIN,0.394275,0.4047401626437026,-0.01046516264370262
1302,230000,黑龙江,中部,2012,SVR,TRAIN,0.369154,0.4254577371630028,-0.05630373716300285
1303,310000,上海,东部,2013,SVR,TRAIN,0.499295,0.556402916394731,-0.05710791639473106
1304,530000,云南,西部,2013,SVR,TRAIN,0.363584,0.3739082853463946,-0.01032428534639462
1305,150000,内蒙古,西部,2013,SVR,TRAIN,0.452539,0.442511840946856,0.010027159053144
1306,110000,北京,东部,2013,SVR,TRAIN,0.71665,0.7245118606706207,-0.007861860670620668
1307,220000,吉林,中部,2013,SVR,TRAIN,0.453477,0.4433284792602223,0.01014852073977768
1308,510000,四川,西部,2013,SVR,TRAIN,0.399379,0.4017273121867453,-0.002348312186745305
1309,120000,天津,东部,2013,SVR,TRAIN,0.554772,0.5366380333631859,0.0181339666368141
1310,640000,宁夏,西部,2013,SVR,TRAIN,0.425273,0.4320928391879256,-0.006819839187925614
1311,340000,安徽,中部,2013,SVR,TRAIN,0.430476,0.41571487086394,0.01476112913606004
1312,370000,山东,东部,2013,SVR,TRAIN,0.550434,0.4587025756670441,0.09173142433295589
1313,140000,山西,中部,2013,SVR,TRAIN,0.455473,0.4298756381229041,0.02559736187709594
1314,440000,广东,东部,2013,SVR,TRAIN,0.554137,0.5438156813573913,0.01032131864260866
1315,450000,广西,西部,2013,SVR,TRAIN,0.385183,0.3998547942184214,-0.01467179421842141
1316,650000,新疆,西部,2013,SVR,TRAIN,0.43343,0.3953591527404253,0.03807084725957466
1317,320000,江苏,东部,2013,SVR,TRAIN,0.579476,0.5504287168811104,0.0290472831188896
1318,360000,江西,中部,2013,SVR,TRAIN,0.400488,0.4103698684303477,-0.009881868430347718
1319,130000,河北,东部,2013,SVR,TRAIN,0.475631,0.4044116290226289,0.07121937097737108
1320,410000,河南,中部,2013,SVR,TRAIN,0.368835,0.3819637317508567,-0.01312873175085671
1321,330000,浙江,东部,2013,SVR,TRAIN,0.536391,0.5481173485198985,-0.01172634851989851
1322,460000,海南,东部,2013,SVR,TRAIN,0.478897,0.4665923259482324,0.01230467405176761
1323,420000,湖北,中部,2013,SVR,TRAIN,0.452791,0.4346534937525394,0.01813750624746063
1324,430000,湖南,中部,2013,SVR,TRAIN,0.392934,0.3986373100347906,-0.005703310034790632
1325,620000,甘肃,西部,2013,SVR,TRAIN,0.395874,0.3710381664012601,0.02483583359873992
1326,350000,福建,东部,2013,SVR,TRAIN,0.474724,0.4902442758083367,-0.01552027580833676
1327,540000,西藏,西部,2013,SVR,TRAIN,0.301734,0.3201920670205716,-0.01845806702057157
1328,520000,贵州,西部,2013,SVR,TRAIN,0.342552,0.3526103796755296,-0.01005837967552953
1329,210000,辽宁,东部,2013,SVR,TRAIN,0.47184,0.4709140639300596,0.0009259360699403474
1330,500000,重庆,西部,2013,SVR,TRAIN,0.471614,0.4616914076480532,0.009922592351946813
1331,610000,陕西,西部,2013,SVR,TRAIN,0.471334,0.4255199950564257,0.04581400494357429
1332,630000,青海,西部,2013,SVR,TRAIN,0.435803,0.4093127265585704,0.02649027344142957
1333,230000,黑龙江,中部,2013,SVR,TRAIN,0.394048,0.4277567787227753,-0.03370877872277528
1334,310000,上海,东部,2014,SVR,TRAIN,0.512259,0.5575197012556571,-0.04526070125565707
1335,530000,云南,西部,2014,SVR,TRAIN,0.394056,0.38900229982906,0.005053700170940034
1336,150000,内蒙古,西部,2014,SVR,TRAIN,0.485318,0.4552516486291209,0.0300663513708791
1337,110000,北京,东部,2014,SVR,TRAIN,0.753878,0.7363400668655669,0.01753793313443319
1338,220000,吉林,中部,2014,SVR,TRAIN,0.48598,0.4522002694058727,0.03377973059412737
1339,510000,四川,西部,2014,SVR,TRAIN,0.404679,0.4193622176584535,-0.01468321765845348
1340,120000,天津,东部,2014,SVR,TRAIN,0.553833,0.543560793795908,0.01027220620409197
1341,640000,宁夏,西部,2014,SVR,TRAIN,0.450809,0.4496519239783789,0.001157076021621073
1342,340000,安徽,中部,2014,SVR,TRAIN,0.445222,0.4352400152539659,0.009981984746034067
1343,370000,山东,东部,2014,SVR,TRAIN,0.543577,0.4788478748173314,0.0647291251826686
1344,140000,山西,中部,2014,SVR,TRAIN,0.456001,0.4404806687705317,0.01552033122946828
1345,440000,广东,东部,2014,SVR,TRAIN,0.551331,0.556134858059438,-0.004803858059437949
1346,450000,广西,西部,2014,SVR,TRAIN,0.405192,0.416934262673067,-0.01174226267306699
1347,650000,新疆,西部,2014,SVR,TRAIN,0.452118,0.4116505117681554,0.04046748823184465
1348,320000,江苏,东部,2014,SVR,TRAIN,0.595037,0.5554585542457101,0.03957844575428993
1349,360000,江西,中部,2014,SVR,TRAIN,0.401411,0.4319576183933074,-0.03054661839330736
1350,130000,河北,东部,2014,SVR,TRAIN,0.488183,0.4248076297291115,0.06337537027088852
1351,410000,河南,中部,2014,SVR,TRAIN,0.389505,0.3992933067720276,-0.009788306772027577
1352,330000,浙江,东部,2014,SVR,TRAIN,0.555829,0.562954903759648,-0.007125903759647945
1353,460000,海南,东部,2014,SVR,TRAIN,0.481688,0.4756584084541891,0.006029591545810953
1354,420000,湖北,中部,2014,SVR,TRAIN,0.472876,0.4606044643785016,0.01227153562149846
1355,430000,湖南,中部,2014,SVR,TRAIN,0.418207,0.4146417079290335,0.003565292070966453
1356,620000,甘肃,西部,2014,SVR,TRAIN,0.408766,0.3903093443912239,0.01845665560877613
1357,350000,福建,东部,2014,SVR,TRAIN,0.490599,0.5089535883411093,-0.01835458834110926
1358,540000,西藏,西部,2014,SVR,TRAIN,0.374178,0.3274957961283991,0.04668220387160094
1359,520000,贵州,西部,2014,SVR,TRAIN,0.365249,0.3746840637336319,-0.009435063733631954
1360,210000,辽宁,东部,2014,SVR,TRAIN,0.487013,0.4721558026404777,0.01485719735952223
1361,500000,重庆,西部,2014,SVR,TRAIN,0.473044,0.4775736626533601,-0.004529662653360078
1362,610000,陕西,西部,2014,SVR,TRAIN,0.479637,0.4443553452308765,0.03528165476912348
1363,630000,青海,西部,2014,SVR,TRAIN,0.43016,0.4267933303746393,0.003366669625360696
1364,230000,黑龙江,中部,2014,SVR,TRAIN,0.40233,0.4388928945461503,-0.0365628945461503
1365,310000,上海,东部,2015,SVR,TRAIN,0.530903,0.5559558177258631,-0.0250528177258631
1366,530000,云南,西部,2015,SVR,TRAIN,0.401134,0.4112428995500167,-0.0101088995500167
1367,150000,内蒙古,西部,2015,SVR,TRAIN,0.5028,0.4727548323692592,0.03004516763074083
1368,110000,北京,东部,2015,SVR,TRAIN,0.766158,0.7745909039244081,-0.008432903924408097
1369,220000,吉林,中部,2015,SVR,TRAIN,0.45475,0.4685291720394179,-0.01377917203941792
1370,510000,四川,西部,2015,SVR,TRAIN,0.417983,0.4436822505978379,-0.02569925059783795
1371,120000,天津,东部,2015,SVR,TRAIN,0.55387,0.5497967846777906,0.004073215322209389
1372,640000,宁夏,西部,2015,SVR,TRAIN,0.47163,0.4733619184917162,-0.001731918491716167
1373,340000,安徽,中部,2015,SVR,TRAIN,0.465285,0.4568437585173936,0.008441241482606443
1374,370000,山东,东部,2015,SVR,TRAIN,0.5509,0.5042235815126218,0.04667641848737814
1375,140000,山西,中部,2015,SVR,TRAIN,0.451235,0.459235319892742,-0.008000319892742025
1376,440000,广东,东部,2015,SVR,TRAIN,0.541074,0.5538295647695094,-0.01275556476950934
1377,450000,广西,西部,2015,SVR,TRAIN,0.423979,0.4325319520683136,-0.008552952068313635
1378,650000,新疆,西部,2015,SVR,TRAIN,0.472146,0.4304898456801283,0.04165615431987174
1379,320000,江苏,东部,2015,SVR,TRAIN,0.615843,0.5705888793564374,0.0452541206435626
1380,360000,江西,中部,2015,SVR,TRAIN,0.421779,0.452882795651663,-0.03110379565166299
1381,130000,河北,东部,2015,SVR,TRAIN,0.512584,0.4471712454219633,0.06541275457803675
1382,410000,河南,中部,2015,SVR,TRAIN,0.414816,0.4187451465565968,-0.003929146556596763
1383,330000,浙江,东部,2015,SVR,TRAIN,0.565243,0.5750141501122483,-0.009771150112248272
1384,460000,海南,东部,2015,SVR,TRAIN,0.494865,0.4939977746257758,0.0008672253742242342
1385,420000,湖北,中部,2015,SVR,TRAIN,0.496589,0.4784295868436547,0.01815941315634534
1386,430000,湖南,中部,2015,SVR,TRAIN,0.434362,0.4304597792904978,0.003902220709502191
1387,620000,甘肃,西部,2015,SVR,TRAIN,0.426775,0.4166862526200585,0.01008874737994148
1388,350000,福建,东部,2015,SVR,TRAIN,0.506608,0.5312756941883366,-0.0246676941883367
1389,540000,西藏,西部,2015,SVR,TRAIN,0.479145,0.3400855265317179,0.1390594734682821
1390,520000,贵州,西部,2015,SVR,TRAIN,0.394252,0.3960071462613526,-0.001755146261352591
1391,210000,辽宁,东部,2015,SVR,TRAIN,0.487913,0.4800112264807153,0.007901773519284727
1392,500000,重庆,西部,2015,SVR,TRAIN,0.497174,0.4975398503725812,-0.000365850372581189
1393,610000,陕西,西部,2015,SVR,TRAIN,0.503439,0.4697111029329515,0.03372789706704848
1394,630000,青海,西部,2015,SVR,TRAIN,0.463007,0.4488564431907044,0.01415055680929561
1395,230000,黑龙江,中部,2015,SVR,TRAIN,0.411819,0.4486248867514681,-0.03680588675146806
1396,310000,上海,东部,2016,SVR,TRAIN,0.552024,0.5701002658200022,-0.01807626582000221
1397,530000,云南,西部,2016,SVR,TRAIN,0.432435,0.4302875997965139,0.002147400203486138
1398,150000,内蒙古,西部,2016,SVR,TRAIN,0.508229,0.4849160584471984,0.02331294155280161
1399,110000,北京,东部,2016,SVR,TRAIN,0.778668,0.7683125037280776,0.01035549627192245
1400,220000,吉林,中部,2016,SVR,TRAIN,0.458748,0.4774087574258693,-0.01866075742586931
1401,510000,四川,西部,2016,SVR,TRAIN,0.424258,0.461017530567391,-0.03675953056739101
1402,120000,天津,东部,2016,SVR,TRAIN,0.546051,0.556129058032115,-0.01007805803211503
1403,640000,宁夏,西部,2016,SVR,TRAIN,0.467957,0.4877444026979597,-0.0197874026979597
1404,340000,安徽,中部,2016,SVR,TRAIN,0.487232,0.4878591805092251,-0.000627180509225056
1405,370000,山东,东部,2016,SVR,TRAIN,0.563037,0.5320244584874626,0.03101254151253741
1406,140000,山西,中部,2016,SVR,TRAIN,0.476689,0.4743594460307896,0.002329553969210363
1407,440000,广东,东部,2016,SVR,TRAIN,0.550845,0.5770010285055865,-0.02615602850558651
1408,450000,广西,西部,2016,SVR,TRAIN,0.431724,0.4483825632635495,-0.01665856326354953
1409,650000,新疆,西部,2016,SVR,TRAIN,0.480806,0.4509209616461358,0.02988503835386419
1410,320000,江苏,东部,2016,SVR,TRAIN,0.625346,0.5881022149012481,0.03724378509875181
1411,360000,江西,中部,2016,SVR,TRAIN,0.449652,0.4715305848884025,-0.0218785848884025
1412,130000,河北,东部,2016,SVR,TRAIN,0.510421,0.4746677033868962,0.03575329661310378
1413,410000,河南,中部,2016,SVR,TRAIN,0.437887,0.4388005207143763,-0.0009135207143762258
1414,330000,浙江,东部,2016,SVR,TRAIN,0.574848,0.5909495065388305,-0.01610150653883047
1415,460000,海南,东部,2016,SVR,TRAIN,0.499456,0.5003153911223399,-0.0008593911223399031
1416,420000,湖北,中部,2016,SVR,TRAIN,0.515551,0.5017599088058318,0.01379109119416821
1417,430000,湖南,中部,2016,SVR,TRAIN,0.454899,0.4481509451919879,0.006748054808012049
1418,620000,甘肃,西部,2016,SVR,TRAIN,0.43951,0.4346989084846229,0.004811091515377119
1419,350000,福建,东部,2016,SVR,TRAIN,0.524105,0.5488845167642662,-0.02477951676426615
1420,540000,西藏,西部,2016,SVR,TRAIN,0.342395,0.3785153564601337,-0.03612035646013367
1421,520000,贵州,西部,2016,SVR,TRAIN,0.430882,0.4171316133973531,0.01375038660264694
1422,210000,辽宁,东部,2016,SVR,TRAIN,0.472639,0.4794992782556039,-0.006860278255603924
1423,500000,重庆,西部,2016,SVR,TRAIN,0.503131,0.5132215828779007,-0.01009058287790066
1424,610000,陕西,西部,2016,SVR,TRAIN,0.49743,0.4872425871223609,0.01018741287763908
1425,630000,青海,西部,2016,SVR,TRAIN,0.456845,0.4640348038736909,-0.007189803873690892
1426,230000,黑龙江,中部,2016,SVR,TRAIN,0.40789,0.4613029614363748,-0.05341296143637486
1427,310000,上海,东部,2017,SVR,TRAIN,0.587104,0.5704411824021008,0.01666281759789912
1428,530000,云南,西部,2017,SVR,TRAIN,0.440793,0.4456346682630367,-0.004841668263036669
1429,150000,内蒙古,西部,2017,SVR,TRAIN,0.50881,0.4968573723887932,0.01195262761120675
1430,110000,北京,东部,2017,SVR,TRAIN,0.815825,0.774300013452288,0.04152498654771197
1431,220000,吉林,中部,2017,SVR,TRAIN,0.456131,0.492019795309891,-0.03588879530989103
1432,510000,四川,西部,2017,SVR,TRAIN,0.44983,0.4797683418379037,-0.02993834183790373
1433,120000,天津,东部,2017,SVR,TRAIN,0.59251,0.5614484569494157,0.03106154305058428
1434,640000,宁夏,西部,2017,SVR,TRAIN,0.503942,0.5078761025760009,-0.003934102576000909
1435,340000,安徽,中部,2017,SVR,TRAIN,0.523465,0.5064642993320155,0.01700070066798443
1436,370000,山东,东部,2017,SVR,TRAIN,0.571386,0.5572541957941469,0.01413180420585303
1437,140000,山西,中部,2017,SVR,TRAIN,0.492633,0.4834870935547227,0.009145906445277241
1438,440000,广东,东部,2017,SVR,TRAIN,0.572343,0.5941551721916357,-0.02181217219163567
1439,450000,广西,西部,2017,SVR,TRAIN,0.455427,0.4690476990959096,-0.01362069909590957
1440,650000,新疆,西部,2017,SVR,TRAIN,0.484046,0.4640389854975371,0.02000701450246289
1441,320000,江苏,东部,2017,SVR,TRAIN,0.631071,0.6012019447582052,0.02986905524179484
1442,360000,江西,中部,2017,SVR,TRAIN,0.481004,0.4931421730840434,-0.01213817308404341
1443,130000,河北,东部,2017,SVR,TRAIN,0.548186,0.4989053630535715,0.04928063694642848
1444,410000,河南,中部,2017,SVR,TRAIN,0.471023,0.4634392313308516,0.007583768669148394
1445,330000,浙江,东部,2017,SVR,TRAIN,0.593708,0.6106666204072156,-0.01695862040721563
1446,460000,海南,东部,2017,SVR,TRAIN,0.511565,0.5116275635631493,-6.256356314926492e-05
1447,420000,湖北,中部,2017,SVR,TRAIN,0.51398,0.5188578934665624,-0.004877893466562422
1448,430000,湖南,中部,2017,SVR,TRAIN,0.459341,0.4691524723666017,-0.009811472366601737
1449,620000,甘肃,西部,2017,SVR,TRAIN,0.450083,0.4515194167321094,-0.001436416732109369
1450,350000,福建,东部,2017,SVR,TRAIN,0.534499,0.5700898599853729,-0.03559085998537292
1451,540000,西藏,西部,2017,SVR,TRAIN,0.399187,0.3834851425106935,0.01570185748930647
1452,520000,贵州,西部,2017,SVR,TRAIN,0.437645,0.4496089729516842,-0.01196397295168422
1453,210000,辽宁,东部,2017,SVR,TRAIN,0.495238,0.4768790443493628,0.01835895565063722
1454,500000,重庆,西部,2017,SVR,TRAIN,0.52428,0.5275099879250558,-0.003229987925055799
1455,610000,陕西,西部,2017,SVR,TRAIN,0.517211,0.5071599160478917,0.0100510839521083
1456,630000,青海,西部,2017,SVR,TRAIN,0.466649,0.4786866946639855,-0.01203769466398552
1457,230000,黑龙江,中部,2017,SVR,TRAIN,0.451933,0.4634190674518719,-0.01148606745187192
1458,310000,上海,东部,2018,SVR,TRAIN,0.579515,0.5695441591731911,0.00997084082680888
1459,530000,云南,西部,2018,SVR,TRAIN,0.442875,0.4583181054228554,-0.01544310542285543
1460,150000,内蒙古,西部,2018,SVR,TRAIN,0.514235,0.5092223328011601,0.00501266719883986
1461,110000,北京,东部,2018,SVR,TRAIN,0.768698,0.761237052501863,0.007460947498136972
1462,220000,吉林,中部,2018,SVR,TRAIN,0.465133,0.5019562255277535,-0.03682322552775352
1463,510000,四川,西部,2018,SVR,TRAIN,0.475265,0.4949889239706654,-0.01972392397066541
1464,120000,天津,东部,2018,SVR,TRAIN,0.52457,0.5823119629377087,-0.05774196293770872
1465,640000,宁夏,西部,2018,SVR,TRAIN,0.532364,0.5193723604074292,0.01299163959257077
1466,340000,安徽,中部,2018,SVR,TRAIN,0.537699,0.5299643427752344,0.007734657224765629
1467,370000,山东,东部,2018,SVR,TRAIN,0.57816,0.5759056707469848,0.002254329253015164
1468,140000,山西,中部,2018,SVR,TRAIN,0.526914,0.5004413857358684,0.02647261426413161
1469,440000,广东,东部,2018,SVR,TRAIN,0.592452,0.6031813367562218,-0.01072933675622179
1470,450000,广西,西部,2018,SVR,TRAIN,0.463532,0.4836594831840819,-0.02012748318408192
1471,650000,新疆,西部,2018,SVR,TRAIN,0.509686,0.4756092790231614,0.03407672097683856
1472,320000,江苏,东部,2018,SVR,TRAIN,0.629004,0.6084059779618872,0.02059802203811278
1473,360000,江西,中部,2018,SVR,TRAIN,0.487213,0.5141919626449809,-0.0269789626449809
1474,130000,河北,东部,2018,SVR,TRAIN,0.570683,0.5191110590101369,0.05157194098986317
1475,410000,河南,中部,2018,SVR,TRAIN,0.504805,0.4861803142165264,0.01862468578347354
1476,330000,浙江,东部,2018,SVR,TRAIN,0.599335,0.6092089967709563,-0.00987399677095635
1477,460000,海南,东部,2018,SVR,TRAIN,0.52992,0.5362481530448756,-0.006328153044875662
1478,420000,湖北,中部,2018,SVR,TRAIN,0.540135,0.5311673530147807,0.008967646985219346
1479,430000,湖南,中部,2018,SVR,TRAIN,0.493819,0.4888801017672371,0.004938898232762945
1480,620000,甘肃,西部,2018,SVR,TRAIN,0.469899,0.4656645366013319,0.00423446339866812
1481,350000,福建,东部,2018,SVR,TRAIN,0.561814,0.5946958282994979,-0.03288182829949782
1482,540000,西藏,西部,2018,SVR,TRAIN,0.365356,0.3792290277918867,-0.01387302779188671
1483,520000,贵州,西部,2018,SVR,TRAIN,0.452155,0.4681940511026952,-0.01603905110269521
1484,210000,辽宁,东部,2018,SVR,TRAIN,0.491053,0.4812129993970778,0.009840000602922172
1485,500000,重庆,西部,2018,SVR,TRAIN,0.537998,0.5440216700439443,-0.006023670043944329
1486,610000,陕西,西部,2018,SVR,TRAIN,0.52065,0.530821126952593,-0.01017112695259303
1487,630000,青海,西部,2018,SVR,TRAIN,0.479832,0.4878829257708038,-0.008050925770803852
1488,230000,黑龙江,中部,2018,SVR,TRAIN,0.451123,0.4631707181097652,-0.01204771810976518
1489,310000,上海,东部,2019,SVR,TRAIN,0.580014,0.583272220811321,-0.003258220811320989
1490,530000,云南,西部,2019,SVR,TRAIN,0.45998,0.4697144704616485,-0.009734470461648492
1491,150000,内蒙古,西部,2019,SVR,TRAIN,0.516332,0.5217486616838879,-0.00541666168388788
1492,110000,北京,东部,2019,SVR,TRAIN,0.752702,0.7626371603634459,-0.009935160363445883
1493,220000,吉林,中部,2019,SVR,TRAIN,0.489024,0.5075307602353315,-0.01850676023533149
1494,510000,四川,西部,2019,SVR,TRAIN,0.502332,0.513642709968679,-0.011310709968679
1495,120000,天津,东部,2019,SVR,TRAIN,0.625394,0.5857033597582679,0.03969064024173208
1496,640000,宁夏,西部,2019,SVR,TRAIN,0.525372,0.5312167600097474,-0.005844760009747429
1497,340000,安徽,中部,2019,SVR,TRAIN,0.572304,0.5494410542314435,0.02286294576855652
1498,370000,山东,东部,2019,SVR,TRAIN,0.588186,0.59761641338924,-0.00943041338924
1499,140000,山西,中部,2019,SVR,TRAIN,0.563699,0.511693015287347,0.05200598471265294
1500,440000,广东,东部,2019,SVR,TRAIN,0.612601,0.6108987070310664,0.001702292968933539
1501,450000,广西,西部,2019,SVR,TRAIN,0.479507,0.496147199715507,-0.01664019971550701
1502,650000,新疆,西部,2019,SVR,TRAIN,0.529405,0.4888259120681174,0.04057908793188258
1503,320000,江苏,东部,2019,SVR,TRAIN,0.63879,0.6170722623962301,0.02171773760376983
1504,360000,江西,中部,2019,SVR,TRAIN,0.510065,0.532250087141919,-0.02218508714191902
1505,130000,河北,东部,2019,SVR,TRAIN,0.587495,0.5427170167458205,0.04477798325417948
1506,410000,河南,中部,2019,SVR,TRAIN,0.503784,0.5135108706225039,-0.00972687062250388
1507,330000,浙江,东部,2019,SVR,TRAIN,0.617281,0.6089576417663884,0.008323358233611522
1508,460000,海南,东部,2019,SVR,TRAIN,0.547691,0.5579052011388149,-0.01021420113881488
1509,420000,湖北,中部,2019,SVR,TRAIN,0.564303,0.5544934624562186,0.009809537543781444
1510,430000,湖南,中部,2019,SVR,TRAIN,0.544865,0.5093841341603561,0.03548086583964394
1511,620000,甘肃,西部,2019,SVR,TRAIN,0.474349,0.4815871576630388,-0.007238157663038813
1512,350000,福建,东部,2019,SVR,TRAIN,0.596953,0.6059676204890799,-0.009014620489079972
1513,540000,西藏,西部,2019,SVR,TRAIN,0.38243,0.3926347008963428,-0.01020470089634279
1514,520000,贵州,西部,2019,SVR,TRAIN,0.479558,0.4858860859051841,-0.006328085905184133
1515,210000,辽宁,东部,2019,SVR,TRAIN,0.49813,0.5081390531577614,-0.01000905315776141
1516,500000,重庆,西部,2019,SVR,TRAIN,0.55797,0.5526918715134849,0.005278128486515099
1517,610000,陕西,西部,2019,SVR,TRAIN,0.554226,0.5500268570889975,0.00419914291100254
1518,630000,青海,西部,2019,SVR,TRAIN,0.509949,0.4993389273930868,0.01061007260691316
1519,230000,黑龙江,中部,2019,SVR,TRAIN,0.492366,0.4718855930093855,0.02048040699061454
1520,310000,上海,东部,2023,SVR,VAL,0.635576,0.6074537472334147,0.02812225276658531
1521,530000,云南,西部,2023,SVR,VAL,0.492518,0.5032405187636427,-0.01072251876364272
1522,150000,内蒙古,西部,2023,SVR,VAL,0.531873,0.5341908836414667,-0.002317883641466678
1523,110000,北京,东部,2023,SVR,VAL,0.694676,0.7165969131162154,-0.02192091311621547
1524,220000,吉林,中部,2023,SVR,VAL,0.541202,0.5058253360054712,0.03537666399452877
1525,510000,四川,西部,2023,SVR,VAL,0.534815,0.5449529024921936,-0.0101379024921936
1526,120000,天津,东部,2023,SVR,VAL,0.535202,0.5809597986785912,-0.0457577986785912
1527,640000,宁夏,西部,2023,SVR,VAL,0.552874,0.5471228838992671,0.005751116100732867
1528,340000,安徽,中部,2023,SVR,VAL,0.594185,0.5777845449594085,0.01640045504059151
1529,370000,山东,东部,2023,SVR,VAL,0.617045,0.6200320847218791,-0.002987084721879141
1530,140000,山西,中部,2023,SVR,VAL,0.583314,0.5291642680546814,0.05414973194531858
1531,440000,广东,东部,2023,SVR,VAL,0.586699,0.6470468307232022,-0.06034783072320227
1532,450000,广西,西部,2023,SVR,VAL,0.515158,0.5353142178178945,-0.02015621781789445
1533,650000,新疆,西部,2023,SVR,VAL,0.549562,0.5162565272919326,0.03330547270806739
1534,320000,江苏,东部,2023,SVR,VAL,0.64272,0.6146147773513285,0.02810522264867144
1535,360000,江西,中部,2023,SVR,VAL,0.608596,0.5633538374589776,0.04524216254102242
1536,130000,河北,东部,2023,SVR,VAL,0.574037,0.5749311599492488,-0.0008941599492487962
1537,410000,河南,中部,2023,SVR,VAL,0.514993,0.5528283502830299,-0.03783535028302987
1538,330000,浙江,东部,2023,SVR,VAL,0.618958,0.5841741669194477,0.03478383308055233
1539,460000,海南,东部,2023,SVR,VAL,0.551463,0.5838630488377466,-0.03240004883774661
1540,420000,湖北,中部,2023,SVR,VAL,0.579412,0.5668130207164499,0.01259897928355014
1541,430000,湖南,中部,2023,SVR,VAL,0.575631,0.5453404899010275,0.03029051009897255
1542,620000,甘肃,西部,2023,SVR,VAL,0.527659,0.5099746084357,0.01768439156430002
1543,350000,福建,东部,2023,SVR,VAL,0.613066,0.6240075972427662,-0.01094159724276622
1544,540000,西藏,西部,2023,SVR,VAL,0.469429,0.4412884809072994,0.02814051909270054
1545,520000,贵州,西部,2023,SVR,VAL,0.503837,0.5231877441292524,-0.01935074412925242
1546,210000,辽宁,东部,2023,SVR,VAL,0.506274,0.4888237962538723,0.01745020374612771
1547,500000,重庆,西部,2023,SVR,VAL,0.596489,0.5771197895910707,0.01936921040892936
1548,610000,陕西,西部,2023,SVR,VAL,0.572048,0.5719993200601919,4.867993980806062e-05
1549,630000,青海,西部,2023,SVR,VAL,0.585917,0.5117504926043813,0.0741665073956187
1550,230000,黑龙江,中部,2023,SVR,VAL,0.521684,0.4649367071266994,0.0567472928733006
1551,310000,上海,东部,2024,SVR,VAL,0.640153,0.5975751894063199,0.04257781059368004
1552,530000,云南,西部,2024,SVR,VAL,0.496008,0.5078788708212312,-0.01187087082123117
1553,150000,内蒙古,西部,2024,SVR,VAL,0.538097,0.5382865850097481,-0.0001895850097480833
1554,110000,北京,东部,2024,SVR,VAL,0.696568,0.7061105862407934,-0.009542586240793405
1555,220000,吉林,中部,2024,SVR,VAL,0.547011,0.5102400886299996,0.03677091137000044
1556,510000,四川,西部,2024,SVR,VAL,0.536615,0.5497939308727802,-0.01317893087278021
1557,120000,天津,东部,2024,SVR,VAL,0.534036,0.5807394537320311,-0.04670345373203111
1558,640000,宁夏,西部,2024,SVR,VAL,0.559033,0.5513829486712235,0.007650051328776497
1559,340000,安徽,中部,2024,SVR,VAL,0.597529,0.5806637434633175,0.01686525653668247
1560,370000,山东,东部,2024,SVR,VAL,0.618532,0.6220072887069339,-0.003475288706933921
1561,140000,山西,中部,2024,SVR,VAL,0.594264,0.533741041130025,0.06052295886997505
1562,440000,广东,东部,2024,SVR,VAL,0.58995,0.6425437359446766,-0.05259373594467665
1563,450000,广西,西部,2024,SVR,VAL,0.515035,0.5400195191417559,-0.02498451914175592
1564,650000,新疆,西部,2024,SVR,VAL,0.556275,0.5215554187327902,0.03471958126720975
1565,320000,江苏,东部,2024,SVR,VAL,0.648149,0.6098055385532715,0.03834346144672851
1566,360000,江西,中部,2024,SVR,VAL,0.611959,0.5667572557126489,0.04520174428735113
1567,130000,河北,东部,2024,SVR,VAL,0.573678,0.5791036777552536,-0.0054256777552536
1568,410000,河南,中部,2024,SVR,VAL,0.513791,0.5568994260881347,-0.0431084260881347
1569,330000,浙江,东部,2024,SVR,VAL,0.624323,0.5752089718245799,0.0491140281754201
1570,460000,海南,东部,2024,SVR,VAL,0.549362,0.5865797814084147,-0.0372177814084147
1571,420000,湖北,中部,2024,SVR,VAL,0.582375,0.5705668911704656,0.01180810882953442
1572,430000,湖南,中部,2024,SVR,VAL,0.580144,0.5492410428618423,0.03090295713815772
1573,620000,甘肃,西部,2024,SVR,VAL,0.530509,0.5146876386614577,0.01582136133854228
1574,350000,福建,东部,2024,SVR,VAL,0.615601,0.6237754882931197,-0.00817448829311973
1575,540000,西藏,西部,2024,SVR,VAL,0.473639,0.4559499636604664,0.01768903633953361
1576,520000,贵州,西部,2024,SVR,VAL,0.509591,0.5274992447420721,-0.01790824474207209
1577,210000,辽宁,东部,2024,SVR,VAL,0.513433,0.4926965694456961,0.02073643055430396
1578,500000,重庆,西部,2024,SVR,VAL,0.60204,0.5808850302122566,0.02115496978774345
1579,610000,陕西,西部,2024,SVR,VAL,0.579652,0.576258202011566,0.003393797988433978
1580,630000,青海,西部,2024,SVR,VAL,0.587491,0.5154569889949331,0.0720340110050669
1581,230000,黑龙江,中部,2024,SVR,VAL,0.525348,0.4714264541666817,0.05392154583331832
1582,310000,上海,东部,2020,SVR,TEST,0.579822,0.6184710633142425,-0.03864906331424256
1583,530000,云南,西部,2020,SVR,TEST,0.447013,0.4800353067144298,-0.03302230671442985
1584,150000,内蒙古,西部,2020,SVR,TEST,0.514523,0.5224094241617179,-0.00788642416171792
1585,110000,北京,东部,2020,SVR,TEST,0.696177,0.7848404909741729,-0.08866349097417281
1586,220000,吉林,中部,2020,SVR,TEST,0.487747,0.5038944956508595,-0.01614749565085954
1587,510000,四川,西部,2020,SVR,TEST,0.502335,0.5208870469738507,-0.01855204697385071
1588,120000,天津,东部,2020,SVR,TEST,0.529018,0.5933948581153289,-0.0643768581153289
1589,640000,宁夏,西部,2020,SVR,TEST,0.511795,0.5427898282663193,-0.03099482826631927
1590,340000,安徽,中部,2020,SVR,TEST,0.55174,0.5570894706237283,-0.005349470623728259
1591,370000,山东,东部,2020,SVR,TEST,0.590034,0.6047240929829745,-0.01469009298297452
1592,140000,山西,中部,2020,SVR,TEST,0.569411,0.5152328031707404,0.05417819682925962
1593,440000,广东,东部,2020,SVR,TEST,0.579013,0.6355517628838613,-0.05653876288386128
1594,450000,广西,西部,2020,SVR,TEST,0.482642,0.5041915804429483,-0.0215495804429483
1595,650000,新疆,西部,2020,SVR,TEST,0.519253,0.494748963029537,0.02450403697046299
1596,320000,江苏,东部,2020,SVR,TEST,0.623059,0.6198251108272511,0.003233889172748916
1597,360000,江西,中部,2020,SVR,TEST,0.519091,0.5404756635303362,-0.02138466353033619
1598,130000,河北,东部,2020,SVR,TEST,0.575537,0.5483453960500186,0.02719160394998132
1599,410000,河南,中部,2020,SVR,TEST,0.492978,0.524373516689319,-0.03139551668931895
1600,330000,浙江,东部,2020,SVR,TEST,0.596941,0.6173476766474667,-0.02040667664746665
1601,460000,海南,东部,2020,SVR,TEST,0.525731,0.5653952747480987,-0.03966427474809875
1602,420000,湖北,中部,2020,SVR,TEST,0.521526,0.5488096410462483,-0.02728364104624825
1603,430000,湖南,中部,2020,SVR,TEST,0.556662,0.5184360754452746,0.0382259245547254
1604,620000,甘肃,西部,2020,SVR,TEST,0.475761,0.489070054568009,-0.01330905456800902
1605,350000,福建,东部,2020,SVR,TEST,0.571164,0.6109331539949631,-0.03976915399496306
1606,540000,西藏,西部,2020,SVR,TEST,0.421445,0.4220205008534825,-0.0005755008534825135
1607,520000,贵州,西部,2020,SVR,TEST,0.484676,0.5003304352060252,-0.01565443520602516
1608,210000,辽宁,东部,2020,SVR,TEST,0.484983,0.4998426565184685,-0.01485965651846849
1609,500000,重庆,西部,2020,SVR,TEST,0.512612,0.5593149930816115,-0.04670299308161152
1610,610000,陕西,西部,2020,SVR,TEST,0.525287,0.5560530477706395,-0.03076604777063952
1611,630000,青海,西部,2020,SVR,TEST,0.517589,0.500665667772436,0.01692333222756393
1612,230000,黑龙江,中部,2020,SVR,TEST,0.498029,0.4627845716888319,0.03524442831116809
1613,310000,上海,东部,2021,SVR,TEST,0.614756,0.595891633956624,0.01886436604337594
1614,530000,云南,西部,2021,SVR,TEST,0.456717,0.491011891393662,-0.03429489139366199
1615,150000,内蒙古,西部,2021,SVR,TEST,0.525867,0.5258728988352412,-5.898835241269218e-06
1616,110000,北京,东部,2021,SVR,TEST,0.696985,0.7479638283716096,-0.05097882837160961
1617,220000,吉林,中部,2021,SVR,TEST,0.507618,0.5059093749284954,0.001708625071504599
1618,510000,四川,西部,2021,SVR,TEST,0.49883,0.5339468772191791,-0.03511687721917911
1619,120000,天津,东部,2021,SVR,TEST,0.541368,0.6047606180028666,-0.06339261800286666
1620,640000,宁夏,西部,2021,SVR,TEST,0.505012,0.5468838771379607,-0.0418718771379607
1621,340000,安徽,中部,2021,SVR,TEST,0.56897,0.5654980000216618,0.003471999978338136
1622,370000,山东,东部,2021,SVR,TEST,0.605397,0.6124105816014251,-0.007013581601425178
1623,140000,山西,中部,2021,SVR,TEST,0.584605,0.5227043869828557,0.06190061301714433
1624,440000,广东,东部,2021,SVR,TEST,0.586034,0.6406359762956809,-0.05460197629568087
1625,450000,广西,西部,2021,SVR,TEST,0.494129,0.5172393648378504,-0.02311036483785039
1626,650000,新疆,西部,2021,SVR,TEST,0.518847,0.5039241990205049,0.01492280097949505
1627,320000,江苏,东部,2021,SVR,TEST,0.644028,0.6142899800029978,0.02973801999700221
1628,360000,江西,中部,2021,SVR,TEST,0.564084,0.5499664330183386,0.01411756698166144
1629,130000,河北,东部,2021,SVR,TEST,0.554711,0.5613411108677614,-0.006630110867761441
1630,410000,河南,中部,2021,SVR,TEST,0.493128,0.5374096720939966,-0.04428167209399658
1631,330000,浙江,东部,2021,SVR,TEST,0.593534,0.6082041614161111,-0.0146701614161111
1632,460000,海南,东部,2021,SVR,TEST,0.559285,0.5756402515645933,-0.01635525156459328
1633,420000,湖北,中部,2021,SVR,TEST,0.545311,0.557705878259468,-0.01239487825946806
1634,430000,湖南,中部,2021,SVR,TEST,0.555373,0.5300544297499791,0.02531857025002093
1635,620000,甘肃,西部,2021,SVR,TEST,0.474559,0.4963833184626285,-0.0218243184626285
1636,350000,福建,东部,2021,SVR,TEST,0.592777,0.6171981858808526,-0.02442118588085262
1637,540000,西藏,西部,2021,SVR,TEST,0.41731,0.4517948311957277,-0.03448483119572771
1638,520000,贵州,西部,2021,SVR,TEST,0.481293,0.5094587327931365,-0.02816573279313644
1639,210000,辽宁,东部,2021,SVR,TEST,0.509504,0.4973434929074388,0.01216050709256111
1640,500000,重庆,西部,2021,SVR,TEST,0.566352,0.5656394155117531,0.000712584488246848
1641,610000,陕西,西部,2021,SVR,TEST,0.533037,0.567378397538608,-0.03434139753860799
1642,630000,青海,西部,2021,SVR,TEST,0.528139,0.5068347885497521,0.02130421145024797
1643,230000,黑龙江,中部,2021,SVR,TEST,0.497259,0.4601028924172964,0.0371561075827036
1644,310000,上海,东部,2022,SVR,TEST,0.607718,0.6144882584912507,-0.00677025849125068
1645,530000,云南,西部,2022,SVR,TEST,0.46771,0.4961957723411551,-0.02848577234115507
1646,150000,内蒙古,西部,2022,SVR,TEST,0.52779,0.5278002011623854,-1.020116238537039e-05
1647,110000,北京,东部,2022,SVR,TEST,0.685065,0.7238608705779341,-0.0387958705779341
1648,220000,吉林,中部,2022,SVR,TEST,0.504623,0.4996050650545462,0.005017934945453884
1649,510000,四川,西部,2022,SVR,TEST,0.512427,0.5402279361043496,-0.02780093610434964
1650,120000,天津,东部,2022,SVR,TEST,0.533358,0.6103740881568551,-0.07701608815685512
1651,640000,宁夏,西部,2022,SVR,TEST,0.538823,0.5435126775634278,-0.004689677563427752
1652,340000,安徽,中部,2022,SVR,TEST,0.587257,0.5686478500472263,0.01860914995277374
1653,370000,山东,东部,2022,SVR,TEST,0.606987,0.6167750403789417,-0.009788040378941654
1654,140000,山西,中部,2022,SVR,TEST,0.595399,0.523463979027729,0.071935020972271
1655,440000,广东,东部,2022,SVR,TEST,0.581336,0.6455517701649574,-0.06421577016495739
1656,450000,广西,西部,2022,SVR,TEST,0.514367,0.5263727304348639,-0.01200573043486386
1657,650000,新疆,西部,2022,SVR,TEST,0.534181,0.5082679439796011,0.02591305602039895
1658,320000,江苏,东部,2022,SVR,TEST,0.637205,0.6138020460573902,0.02340295394260983
1659,360000,江西,中部,2022,SVR,TEST,0.59208,0.5555567787927118,0.03652322120728824
1660,130000,河北,东部,2022,SVR,TEST,0.56732,0.566914100889042,0.0004058991109580079
1661,410000,河南,中部,2022,SVR,TEST,0.499545,0.5433179923843493,-0.04377299238434929
1662,330000,浙江,东部,2022,SVR,TEST,0.601991,0.5975448835155689,0.004446116484431162
1663,460000,海南,东部,2022,SVR,TEST,0.556857,0.5781215556889097,-0.02126455568890961
1664,420000,湖北,中部,2022,SVR,TEST,0.556958,0.5637754677268546,-0.006817467726854654
1665,430000,湖南,中部,2022,SVR,TEST,0.5679,0.5392629041423063,0.0286370958576937
1666,620000,甘肃,西部,2022,SVR,TEST,0.502832,0.5028166299151442,1.537008485574809e-05
1667,350000,福建,东部,2022,SVR,TEST,0.597754,0.620193845925822,-0.02243984592582204
1668,540000,西藏,西部,2022,SVR,TEST,0.435723,0.4330895856470948,0.002633414352905261
1669,520000,贵州,西部,2022,SVR,TEST,0.501379,0.515814272855645,-0.01443527285564494
1670,210000,辽宁,东部,2022,SVR,TEST,0.495944,0.4937458013323808,0.002198198667619222
1671,500000,重庆,西部,2022,SVR,TEST,0.585735,0.5747656991480299,0.01096930085197012
1672,610000,陕西,西部,2022,SVR,TEST,0.56411,0.5692501175919874,-0.005140117591987403
1673,630000,青海,西部,2022,SVR,TEST,0.558508,0.5060300147227196,0.05247798527728043
1674,230000,黑龙江,中部,2022,SVR,TEST,0.512927,0.4605116511941304,0.05241534880586962
1675,310000,上海,东部,2007,XGBOOST,TRAIN,0.469494,0.4706105589866638,-0.001116558986663796
1676,530000,云南,西部,2007,XGBOOST,TRAIN,0.285728,0.2866978645324707,-0.0009698645324707211
1677,150000,内蒙古,西部,2007,XGBOOST,TRAIN,0.35025,0.350468635559082,-0.0002186355590820255
1678,110000,北京,东部,2007,XGBOOST,TRAIN,0.614172,0.6147905588150024,-0.0006185588150023902
1679,220000,吉林,中部,2007,XGBOOST,TRAIN,0.32063,0.3215023577213287,-0.0008723577213287093
1680,510000,四川,西部,2007,XGBOOST,TRAIN,0.310444,0.3105061650276184,-6.216502761841047e-05
1681,120000,天津,东部,2007,XGBOOST,TRAIN,0.445921,0.4448601603507996,0.001060839649200451
1682,640000,宁夏,西部,2007,XGBOOST,TRAIN,0.320032,0.3200535774230957,-2.157742309571997e-05
1683,340000,安徽,中部,2007,XGBOOST,TRAIN,0.315404,0.3149268925189972,0.0004771074810028253
1684,370000,山东,东部,2007,XGBOOST,TRAIN,0.414638,0.4147309362888336,-9.29362888336116e-05
1685,140000,山西,中部,2007,XGBOOST,TRAIN,0.359663,0.3601184785366058,-0.0004554785366058245
1686,440000,广东,东部,2007,XGBOOST,TRAIN,0.388557,0.3900278508663177,-0.001470850866317763
1687,450000,广西,西部,2007,XGBOOST,TRAIN,0.232654,0.2329569458961487,-0.0003029458961486819
1688,650000,新疆,西部,2007,XGBOOST,TRAIN,0.362242,0.3613718450069427,0.0008701549930572594
1689,320000,江苏,东部,2007,XGBOOST,TRAIN,0.464326,0.4640401303768158,0.0002858696231842206
1690,360000,江西,中部,2007,XGBOOST,TRAIN,0.283623,0.2844273149967194,-0.0008043149967193464
1691,130000,河北,东部,2007,XGBOOST,TRAIN,0.357469,0.35743048787117,3.851212882993726e-05
1692,410000,河南,中部,2007,XGBOOST,TRAIN,0.302465,0.3020249009132385,0.0004400990867614585
1693,330000,浙江,东部,2007,XGBOOST,TRAIN,0.451458,0.4517613649368286,-0.0003033649368285873
1694,460000,海南,东部,2007,XGBOOST,TRAIN,0.295896,0.2965142726898193,-0.0006182726898193436
1695,420000,湖北,中部,2007,XGBOOST,TRAIN,0.336287,0.3369323313236237,-0.0006453313236236546
1696,430000,湖南,中部,2007,XGBOOST,TRAIN,0.294648,0.2946652472019196,-1.724720191953466e-05
1697,620000,甘肃,西部,2007,XGBOOST,TRAIN,0.304409,0.303741842508316,0.0006671574916839451
1698,350000,福建,东部,2007,XGBOOST,TRAIN,0.364673,0.365251213312149,-0.0005782133121490229
1699,540000,西藏,西部,2007,XGBOOST,TRAIN,0.28527,0.2850497364997864,0.0002202635002136466
1700,520000,贵州,西部,2007,XGBOOST,TRAIN,0.210248,0.2112002521753311,-0.0009522521753311253
1701,210000,辽宁,东部,2007,XGBOOST,TRAIN,0.354223,0.3553404211997986,-0.001117421199798574
1702,500000,重庆,西部,2007,XGBOOST,TRAIN,0.362078,0.3620293736457825,4.862635421754025e-05
1703,610000,陕西,西部,2007,XGBOOST,TRAIN,0.381037,0.3795078992843628,0.001529100715637222
1704,630000,青海,西部,2007,XGBOOST,TRAIN,0.398443,0.3984993100166321,-5.631001663208846e-05
1705,230000,黑龙江,中部,2007,XGBOOST,TRAIN,0.283853,0.2843769490718842,-0.0005239490718841333
1706,310000,上海,东部,2008,XGBOOST,TRAIN,0.490255,0.4904249012470245,-0.0001699012470245398
1707,530000,云南,西部,2008,XGBOOST,TRAIN,0.329365,0.3283804953098297,0.000984504690170307
1708,150000,内蒙古,西部,2008,XGBOOST,TRAIN,0.360651,0.360458105802536,0.0001928941974639886
1709,110000,北京,东部,2008,XGBOOST,TRAIN,0.665325,0.6652736663818359,5.133361816411774e-05
1710,220000,吉林,中部,2008,XGBOOST,TRAIN,0.34586,0.3451870679855347,0.0006729320144653328
1711,510000,四川,西部,2008,XGBOOST,TRAIN,0.277484,0.2785341441631317,-0.001050144163131705
1712,120000,天津,东部,2008,XGBOOST,TRAIN,0.477976,0.4793491661548615,-0.001373166154861438
1713,640000,宁夏,西部,2008,XGBOOST,TRAIN,0.333485,0.336243748664856,-0.002758748664855981
1714,340000,安徽,中部,2008,XGBOOST,TRAIN,0.340996,0.3412521481513977,-0.0002561481513976838
1715,370000,山东,东部,2008,XGBOOST,TRAIN,0.433038,0.4326812326908112,0.0003567673091888213
1716,140000,山西,中部,2008,XGBOOST,TRAIN,0.392037,0.3892319202423096,0.002805079757690454
1717,440000,广东,东部,2008,XGBOOST,TRAIN,0.440156,0.4401327669620514,2.32330379486001e-05
1718,450000,广西,西部,2008,XGBOOST,TRAIN,0.261325,0.2609313726425171,0.0003936273574828841
1719,650000,新疆,西部,2008,XGBOOST,TRAIN,0.351233,0.3506493866443634,0.0005836133556366141
1720,320000,江苏,东部,2008,XGBOOST,TRAIN,0.499262,0.4987534582614899,0.0005085417385101154
1721,360000,江西,中部,2008,XGBOOST,TRAIN,0.324957,0.3255798518657684,-0.0006228518657684368
1722,130000,河北,东部,2008,XGBOOST,TRAIN,0.392356,0.3920188546180725,0.0003371453819274728
1723,410000,河南,中部,2008,XGBOOST,TRAIN,0.302791,0.3028987646102905,-0.0001077646102905505
1724,330000,浙江,东部,2008,XGBOOST,TRAIN,0.471665,0.4718868732452393,-0.0002218732452392569
1725,460000,海南,东部,2008,XGBOOST,TRAIN,0.304556,0.3052895665168762,-0.0007335665168762273
1726,420000,湖北,中部,2008,XGBOOST,TRAIN,0.350448,0.3512473404407501,-0.0007993404407501403
1727,430000,湖南,中部,2008,XGBOOST,TRAIN,0.311845,0.3129846453666687,-0.001139645366668718
1728,620000,甘肃,西部,2008,XGBOOST,TRAIN,0.314645,0.3148901164531708,-0.0002451164531707684
1729,350000,福建,东部,2008,XGBOOST,TRAIN,0.380228,0.3810901939868927,-0.0008621939868926898
1730,540000,西藏,西部,2008,XGBOOST,TRAIN,0.269376,0.2700650691986084,-0.0006890691986083941
1731,520000,贵州,西部,2008,XGBOOST,TRAIN,0.241062,0.240981712937355,8.0287062644957e-05
1732,210000,辽宁,东部,2008,XGBOOST,TRAIN,0.391415,0.3897949159145355,0.00162008408546449
1733,500000,重庆,西部,2008,XGBOOST,TRAIN,0.391252,0.3884876668453217,0.002764333154678333
1734,610000,陕西,西部,2008,XGBOOST,TRAIN,0.392737,0.3916015923023224,0.001135407697677615
1735,630000,青海,西部,2008,XGBOOST,TRAIN,0.382635,0.3823311924934387,0.0003038075065612822
1736,230000,黑龙江,中部,2008,XGBOOST,TRAIN,0.297748,0.2983307242393494,-0.0005827242393493526
1737,310000,上海,东部,2009,XGBOOST,TRAIN,0.49423,0.4943475723266602,-0.0001175723266601536
1738,530000,云南,西部,2009,XGBOOST,TRAIN,0.32989,0.330183357000351,-0.0002933570003509356
1739,150000,内蒙古,西部,2009,XGBOOST,TRAIN,0.377862,0.3772470653057098,0.0006149346942901368
1740,110000,北京,东部,2009,XGBOOST,TRAIN,0.695131,0.6920105814933777,0.003120418506622369
1741,220000,吉林,中部,2009,XGBOOST,TRAIN,0.345124,0.3461597263813019,-0.001035726381301894
1742,510000,四川,西部,2009,XGBOOST,TRAIN,0.307312,0.306071013212204,0.001240986787795995
1743,120000,天津,东部,2009,XGBOOST,TRAIN,0.473766,0.4749778509140015,-0.001211850914001444
1744,640000,宁夏,西部,2009,XGBOOST,TRAIN,0.365262,0.3657469749450684,-0.0004849749450683838
1745,340000,安徽,中部,2009,XGBOOST,TRAIN,0.334407,0.3355989158153534,-0.001191915815353384
1746,370000,山东,东部,2009,XGBOOST,TRAIN,0.448545,0.4479765892028809,0.0005684107971191676
1747,140000,山西,中部,2009,XGBOOST,TRAIN,0.382254,0.3831202685832977,-0.0008662685832977468
1748,440000,广东,东部,2009,XGBOOST,TRAIN,0.478639,0.4790879786014557,-0.0004489786014557073
1749,450000,广西,西部,2009,XGBOOST,TRAIN,0.315314,0.3158024251461029,-0.0004884251461029221
1750,650000,新疆,西部,2009,XGBOOST,TRAIN,0.35955,0.359234094619751,0.0003159053802490042
1751,320000,江苏,东部,2009,XGBOOST,TRAIN,0.522323,0.522013783454895,0.0003092165451049622
1752,360000,江西,中部,2009,XGBOOST,TRAIN,0.337338,0.3373314440250397,6.555974960353872e-06
1753,130000,河北,东部,2009,XGBOOST,TRAIN,0.408099,0.4068406224250793,0.001258377574920644
1754,410000,河南,中部,2009,XGBOOST,TRAIN,0.309275,0.3088118135929108,0.0004631864070892555
1755,330000,浙江,东部,2009,XGBOOST,TRAIN,0.480921,0.4799618422985077,0.000959157701492297
1756,460000,海南,东部,2009,XGBOOST,TRAIN,0.370788,0.3705723285675049,0.0002156714324951237
1757,420000,湖北,中部,2009,XGBOOST,TRAIN,0.376263,0.373742550611496,0.002520449388504042
1758,430000,湖南,中部,2009,XGBOOST,TRAIN,0.343712,0.3437777459621429,-6.574596214292683e-05
1759,620000,甘肃,西部,2009,XGBOOST,TRAIN,0.314579,0.3147387504577637,-0.0001597504577636744
1760,350000,福建,东部,2009,XGBOOST,TRAIN,0.414075,0.4142054617404938,-0.000130461740493748
1761,540000,西藏,西部,2009,XGBOOST,TRAIN,0.300686,0.2997750043869019,0.0009109956130981534
1762,520000,贵州,西部,2009,XGBOOST,TRAIN,0.256668,0.2568766176700592,-0.0002086176700591968
1763,210000,辽宁,东部,2009,XGBOOST,TRAIN,0.392881,0.3928505480289459,3.045197105405739e-05
1764,500000,重庆,西部,2009,XGBOOST,TRAIN,0.368269,0.3689667880535126,-0.0006977880535125602
1765,610000,陕西,西部,2009,XGBOOST,TRAIN,0.40972,0.4088033437728882,0.0009166562271117895
1766,630000,青海,西部,2009,XGBOOST,TRAIN,0.396347,0.3957953155040741,0.0005516844959259082
1767,230000,黑龙江,中部,2009,XGBOOST,TRAIN,0.310882,0.3122023046016693,-0.00132030460166932
1768,310000,上海,东部,2010,XGBOOST,TRAIN,0.491858,0.4915637969970703,0.0002942030029297049
1769,530000,云南,西部,2010,XGBOOST,TRAIN,0.337123,0.3363864421844482,0.0007365578155517638
1770,150000,内蒙古,西部,2010,XGBOOST,TRAIN,0.390122,0.3889904320240021,0.001131567975997949
1771,110000,北京,东部,2010,XGBOOST,TRAIN,0.664182,0.6653974056243896,-0.001215405624389598
1772,220000,吉林,中部,2010,XGBOOST,TRAIN,0.382553,0.3837510943412781,-0.0011980943412781
1773,510000,四川,西部,2010,XGBOOST,TRAIN,0.316314,0.3174878060817719,-0.001173806081771867
1774,120000,天津,东部,2010,XGBOOST,TRAIN,0.499374,0.4977005422115326,0.001673457788467392
1775,640000,宁夏,西部,2010,XGBOOST,TRAIN,0.392527,0.3912658989429474,0.001261101057052627
1776,340000,安徽,中部,2010,XGBOOST,TRAIN,0.347594,0.3466834425926208,0.0009105574073791645
1777,370000,山东,东部,2010,XGBOOST,TRAIN,0.470067,0.4682263433933258,0.001840656606674207
1778,140000,山西,中部,2010,XGBOOST,TRAIN,0.398229,0.3958717584609985,0.002357241539001464
1779,440000,广东,东部,2010,XGBOOST,TRAIN,0.528695,0.5265251994132996,0.002169800586700465
1780,450000,广西,西部,2010,XGBOOST,TRAIN,0.324743,0.3240207135677338,0.0007222864322662392
1781,650000,新疆,西部,2010,XGBOOST,TRAIN,0.390484,0.3903164863586426,0.0001675136413574196
1782,320000,江苏,东部,2010,XGBOOST,TRAIN,0.515021,0.514540433883667,0.0004805661163329589
1783,360000,江西,中部,2010,XGBOOST,TRAIN,0.348912,0.3473737239837646,0.001538276016235351
1784,130000,河北,东部,2010,XGBOOST,TRAIN,0.423659,0.4235758185386658,8.318146133423632e-05
1785,410000,河南,中部,2010,XGBOOST,TRAIN,0.314399,0.3146643042564392,-0.000265304256439225
1786,330000,浙江,东部,2010,XGBOOST,TRAIN,0.49977,0.4998933970928192,-0.0001233970928192218
1787,460000,海南,东部,2010,XGBOOST,TRAIN,0.383206,0.3841228485107422,-0.0009168485107421964
1788,420000,湖北,中部,2010,XGBOOST,TRAIN,0.38831,0.3879729509353638,0.000337049064636219
1789,430000,湖南,中部,2010,XGBOOST,TRAIN,0.351233,0.351127564907074,0.0001054350929260428
1790,620000,甘肃,西部,2010,XGBOOST,TRAIN,0.336322,0.3357535898685455,0.0005684101314544776
1791,350000,福建,东部,2010,XGBOOST,TRAIN,0.425601,0.4250562787055969,0.0005447212944030833
1792,540000,西藏,西部,2010,XGBOOST,TRAIN,0.319901,0.3197341859340668,0.0001668140659332185
1793,520000,贵州,西部,2010,XGBOOST,TRAIN,0.26812,0.2681426405906677,-2.264059066769963e-05
1794,210000,辽宁,东部,2010,XGBOOST,TRAIN,0.41895,0.4190512001514435,-0.0001012001514434924
1795,500000,重庆,西部,2010,XGBOOST,TRAIN,0.39256,0.3934445381164551,-0.0008845381164550581
1796,610000,陕西,西部,2010,XGBOOST,TRAIN,0.409684,0.4087227880954742,0.0009612119045257494
1797,630000,青海,西部,2010,XGBOOST,TRAIN,0.380195,0.3801631331443787,3.186685562134306e-05
1798,230000,黑龙江,中部,2010,XGBOOST,TRAIN,0.341506,0.340950220823288,0.0005557791767120124
1799,310000,上海,东部,2011,XGBOOST,TRAIN,0.52444,0.5240045189857483,0.0004354810142517263
1800,530000,云南,西部,2011,XGBOOST,TRAIN,0.342188,0.3416942059993744,0.0004937940006256025
1801,150000,内蒙古,西部,2011,XGBOOST,TRAIN,0.395885,0.3972404599189758,-0.001355459918975843
1802,110000,北京,东部,2011,XGBOOST,TRAIN,0.707105,0.7066630125045776,0.0004419874954223468
1803,220000,吉林,中部,2011,XGBOOST,TRAIN,0.418573,0.4159331619739532,0.002639838026046726
1804,510000,四川,西部,2011,XGBOOST,TRAIN,0.346289,0.3481062948703766,-0.001817294870376573
1805,120000,天津,东部,2011,XGBOOST,TRAIN,0.530708,0.5305501818656921,0.0001578181343078189
1806,640000,宁夏,西部,2011,XGBOOST,TRAIN,0.397901,0.3995862305164337,-0.001685230516433711
1807,340000,安徽,中部,2011,XGBOOST,TRAIN,0.374981,0.3752961456775665,-0.0003151456775665196
1808,370000,山东,东部,2011,XGBOOST,TRAIN,0.488759,0.4908577501773834,-0.002098750177383424
1809,140000,山西,中部,2011,XGBOOST,TRAIN,0.401151,0.4008749723434448,0.0002760276565551556
1810,440000,广东,东部,2011,XGBOOST,TRAIN,0.5261,0.5256434679031372,0.000456532096862805
1811,450000,广西,西部,2011,XGBOOST,TRAIN,0.331927,0.3327609896659851,-0.0008339896659850798
1812,650000,新疆,西部,2011,XGBOOST,TRAIN,0.398319,0.3972798883914948,0.001039111608505228
1813,320000,江苏,东部,2011,XGBOOST,TRAIN,0.53548,0.5355721116065979,-9.211160659794437e-05
1814,360000,江西,中部,2011,XGBOOST,TRAIN,0.361149,0.3632115125656128,-0.002062512565612795
1815,130000,河北,东部,2011,XGBOOST,TRAIN,0.42148,0.4213525354862213,0.0001274645137787078
1816,410000,河南,中部,2011,XGBOOST,TRAIN,0.321146,0.3216812610626221,-0.0005352610626220833
1817,330000,浙江,东部,2011,XGBOOST,TRAIN,0.509859,0.5102117657661438,-0.0003527657661438477
1818,460000,海南,东部,2011,XGBOOST,TRAIN,0.469869,0.4679707884788513,0.001898211521148663
1819,420000,湖北,中部,2011,XGBOOST,TRAIN,0.408075,0.4079383909702301,0.0001366090297699185
1820,430000,湖南,中部,2011,XGBOOST,TRAIN,0.351698,0.3528828024864197,-0.001184802486419667
1821,620000,甘肃,西部,2011,XGBOOST,TRAIN,0.361354,0.3618717789649963,-0.0005177789649963294
1822,350000,福建,东部,2011,XGBOOST,TRAIN,0.435985,0.4387206435203552,-0.002735643520355213
1823,540000,西藏,西部,2011,XGBOOST,TRAIN,0.306182,0.3062557876110077,-7.378761100768072e-05
1824,520000,贵州,西部,2011,XGBOOST,TRAIN,0.269938,0.2726502418518066,-0.002712241851806629
1825,210000,辽宁,东部,2011,XGBOOST,TRAIN,0.431516,0.4314956963062286,2.030369377137298e-05
1826,500000,重庆,西部,2011,XGBOOST,TRAIN,0.424435,0.4245392680168152,-0.0001042680168151788
1827,610000,陕西,西部,2011,XGBOOST,TRAIN,0.434556,0.4339565336704254,0.0005994663295745828
1828,630000,青海,西部,2011,XGBOOST,TRAIN,0.380392,0.3805194199085236,-0.0001274199085235517
1829,230000,黑龙江,中部,2011,XGBOOST,TRAIN,0.351356,0.3525922894477844,-0.001236289447784422
1830,310000,上海,东部,2012,XGBOOST,TRAIN,0.509711,0.5099002122879028,-0.0001892122879028069
1831,530000,云南,西部,2012,XGBOOST,TRAIN,0.342158,0.3415249884128571,0.000633011587142962
1832,150000,内蒙古,西部,2012,XGBOOST,TRAIN,0.424821,0.4252222180366516,-0.0004012180366516072
1833,110000,北京,东部,2012,XGBOOST,TRAIN,0.699799,0.7008044123649597,-0.001005412364959768
1834,220000,吉林,中部,2012,XGBOOST,TRAIN,0.437314,0.4364452660083771,0.0008687339916229053
1835,510000,四川,西部,2012,XGBOOST,TRAIN,0.381361,0.3827655613422394,-0.001404561342239374
1836,120000,天津,东部,2012,XGBOOST,TRAIN,0.534811,0.5355686545372009,-0.0007576545372008914
1837,640000,宁夏,西部,2012,XGBOOST,TRAIN,0.397271,0.3999306857585907,-0.002659685758590713
1838,340000,安徽,中部,2012,XGBOOST,TRAIN,0.396032,0.3958200216293335,0.000211978370666499
1839,370000,山东,东部,2012,XGBOOST,TRAIN,0.51803,0.5160573124885559,0.001972687511444082
1840,140000,山西,中部,2012,XGBOOST,TRAIN,0.423134,0.4218218326568604,0.001312167343139659
1841,440000,广东,东部,2012,XGBOOST,TRAIN,0.532101,0.5322902202606201,-0.000189220260620071
1842,450000,广西,西部,2012,XGBOOST,TRAIN,0.35927,0.3593789339065552,-0.0001089339065551975
1843,650000,新疆,西部,2012,XGBOOST,TRAIN,0.409927,0.4105303287506104,-0.0006033287506103657
1844,320000,江苏,东部,2012,XGBOOST,TRAIN,0.552881,0.5511831641197205,0.001697835880279497
1845,360000,江西,中部,2012,XGBOOST,TRAIN,0.395292,0.3947315514087677,0.0005604485912322765
1846,130000,河北,东部,2012,XGBOOST,TRAIN,0.443302,0.4437538683414459,-0.000451868341445949
1847,410000,河南,中部,2012,XGBOOST,TRAIN,0.347414,0.3484826982021332,-0.001068698202133178
1848,330000,浙江,东部,2012,XGBOOST,TRAIN,0.521526,0.5226396918296814,-0.001113691829681351
1849,460000,海南,东部,2012,XGBOOST,TRAIN,0.467232,0.465312272310257,0.001919727689743023
1850,420000,湖北,中部,2012,XGBOOST,TRAIN,0.42698,0.4263135492801666,0.0006664507198334002
1851,430000,湖南,中部,2012,XGBOOST,TRAIN,0.374403,0.3748277127742767,-0.0004247127742767476
1852,620000,甘肃,西部,2012,XGBOOST,TRAIN,0.37114,0.3714562654495239,-0.0003162654495239003
1853,350000,福建,东部,2012,XGBOOST,TRAIN,0.459472,0.459363728761673,0.0001082712383270179
1854,540000,西藏,西部,2012,XGBOOST,TRAIN,0.30096,0.3009414374828339,1.856251716614299e-05
1855,520000,贵州,西部,2012,XGBOOST,TRAIN,0.305635,0.3055985271930695,3.647280693053201e-05
1856,210000,辽宁,东部,2012,XGBOOST,TRAIN,0.451064,0.4514203071594238,-0.0003563071594238076
1857,500000,重庆,西部,2012,XGBOOST,TRAIN,0.460347,0.4609795808792114,-0.0006325808792114196
1858,610000,陕西,西部,2012,XGBOOST,TRAIN,0.45579,0.4569439888000488,-0.001153988800048855
1859,630000,青海,西部,2012,XGBOOST,TRAIN,0.394275,0.3957435190677643,-0.001468519067764296
1860,230000,黑龙江,中部,2012,XGBOOST,TRAIN,0.369154,0.3707621991634369,-0.001608199163436907
1861,310000,上海,东部,2013,XGBOOST,TRAIN,0.499295,0.5003113746643066,-0.001016374664306652
1862,530000,云南,西部,2013,XGBOOST,TRAIN,0.363584,0.3635363578796387,4.764212036134641e-05
1863,150000,内蒙古,西部,2013,XGBOOST,TRAIN,0.452539,0.4525959491729736,-5.694917297360824e-05
1864,110000,北京,东部,2013,XGBOOST,TRAIN,0.71665,0.7146841287612915,0.001965871238708505
1865,220000,吉林,中部,2013,XGBOOST,TRAIN,0.453477,0.4531195759773254,0.0003574240226745795
1866,510000,四川,西部,2013,XGBOOST,TRAIN,0.399379,0.4005984961986542,-0.001219496198654191
1867,120000,天津,东部,2013,XGBOOST,TRAIN,0.554772,0.5524351000785828,0.002336899921417279
1868,640000,宁夏,西部,2013,XGBOOST,TRAIN,0.425273,0.4256340563297272,-0.0003610563297271607
1869,340000,安徽,中部,2013,XGBOOST,TRAIN,0.430476,0.4301040470600128,0.0003719529399872079
1870,370000,山东,东部,2013,XGBOOST,TRAIN,0.550434,0.5490646958351135,0.001369304164886453
1871,140000,山西,中部,2013,XGBOOST,TRAIN,0.455473,0.4524214565753937,0.00305154342460634
1872,440000,广东,东部,2013,XGBOOST,TRAIN,0.554137,0.5536096096038818,0.0005273903961181547
1873,450000,广西,西部,2013,XGBOOST,TRAIN,0.385183,0.385071724653244,0.0001112753467559791
1874,650000,新疆,西部,2013,XGBOOST,TRAIN,0.43343,0.4329884052276611,0.0004415947723388491
1875,320000,江苏,东部,2013,XGBOOST,TRAIN,0.579476,0.5798778533935547,-0.0004018533935546964
1876,360000,江西,中部,2013,XGBOOST,TRAIN,0.400488,0.4022527933120728,-0.001764793312072743
1877,130000,河北,东部,2013,XGBOOST,TRAIN,0.475631,0.4729046821594238,0.002726317840576198
1878,410000,河南,中部,2013,XGBOOST,TRAIN,0.368835,0.3682942092418671,0.0005407907581329585
1879,330000,浙江,东部,2013,XGBOOST,TRAIN,0.536391,0.5356823801994324,0.0007086198005675781
1880,460000,海南,东部,2013,XGBOOST,TRAIN,0.478897,0.4805692136287689,-0.001672213628768904
1881,420000,湖北,中部,2013,XGBOOST,TRAIN,0.452791,0.4530200362205505,-0.0002290362205505381
1882,430000,湖南,中部,2013,XGBOOST,TRAIN,0.392934,0.393805593252182,-0.0008715932521820013
1883,620000,甘肃,西部,2013,XGBOOST,TRAIN,0.395874,0.3948290348052979,0.001044965194702152
1884,350000,福建,东部,2013,XGBOOST,TRAIN,0.474724,0.4747025072574615,2.149274253843148e-05
1885,540000,西藏,西部,2013,XGBOOST,TRAIN,0.301734,0.3025780320167542,-0.0008440320167541482
1886,520000,贵州,西部,2013,XGBOOST,TRAIN,0.342552,0.3424838483333588,6.815166664125849e-05
1887,210000,辽宁,东部,2013,XGBOOST,TRAIN,0.47184,0.4714989960193634,0.0003410039806365783
1888,500000,重庆,西部,2013,XGBOOST,TRAIN,0.471614,0.4709363877773285,0.0006776122226714865
1889,610000,陕西,西部,2013,XGBOOST,TRAIN,0.471334,0.4708484411239624,0.0004855588760375729
1890,630000,青海,西部,2013,XGBOOST,TRAIN,0.435803,0.4342290759086609,0.001573924091339107
1891,230000,黑龙江,中部,2013,XGBOOST,TRAIN,0.394048,0.3944267928600311,-0.0003787928600311186
1892,310000,上海,东部,2014,XGBOOST,TRAIN,0.512259,0.5126650333404541,-0.0004060333404540817
1893,530000,云南,西部,2014,XGBOOST,TRAIN,0.394056,0.3929043412208557,0.001151658779144304
1894,150000,内蒙古,西部,2014,XGBOOST,TRAIN,0.485318,0.4828023612499237,0.002515638750076321
1895,110000,北京,东部,2014,XGBOOST,TRAIN,0.753878,0.7540820837020874,-0.0002040837020873543
1896,220000,吉林,中部,2014,XGBOOST,TRAIN,0.48598,0.4836001694202423,0.002379830579757714
1897,510000,四川,西部,2014,XGBOOST,TRAIN,0.404679,0.4069035947322845,-0.002224594732284535
1898,120000,天津,东部,2014,XGBOOST,TRAIN,0.553833,0.5537598133087158,7.318669128419941e-05
1899,640000,宁夏,西部,2014,XGBOOST,TRAIN,0.450809,0.4506056308746338,0.0002033691253662262
1900,340000,安徽,中部,2014,XGBOOST,TRAIN,0.445222,0.4457955062389374,-0.0005735062389373713
1901,370000,山东,东部,2014,XGBOOST,TRAIN,0.543577,0.5433756709098816,0.0002013290901183851
1902,140000,山西,中部,2014,XGBOOST,TRAIN,0.456001,0.4519178569316864,0.004083143068313588
1903,440000,广东,东部,2014,XGBOOST,TRAIN,0.551331,0.5528818964958191,-0.001550896495819076
1904,450000,广西,西部,2014,XGBOOST,TRAIN,0.405192,0.4044662117958069,0.0007257882041931119
1905,650000,新疆,西部,2014,XGBOOST,TRAIN,0.452118,0.450510710477829,0.00160728952217104
1906,320000,江苏,东部,2014,XGBOOST,TRAIN,0.595037,0.5956364870071411,-0.0005994870071410752
1907,360000,江西,中部,2014,XGBOOST,TRAIN,0.401411,0.4035322368144989,-0.002121236814498884
1908,130000,河北,东部,2014,XGBOOST,TRAIN,0.488183,0.4872968196868896,0.0008861803131103296
1909,410000,河南,中部,2014,XGBOOST,TRAIN,0.389505,0.3897170722484589,-0.0002120722484588722
1910,330000,浙江,东部,2014,XGBOOST,TRAIN,0.555829,0.5561695694923401,-0.0003405694923400704
1911,460000,海南,东部,2014,XGBOOST,TRAIN,0.481688,0.4805102050304413,0.001177794969558721
1912,420000,湖北,中部,2014,XGBOOST,TRAIN,0.472876,0.4736052751541138,-0.000729275154113751
1913,430000,湖南,中部,2014,XGBOOST,TRAIN,0.418207,0.4183770716190338,-0.0001700716190338181
1914,620000,甘肃,西部,2014,XGBOOST,TRAIN,0.408766,0.4081555604934692,0.0006104395065307799
1915,350000,福建,东部,2014,XGBOOST,TRAIN,0.490599,0.4921226501464844,-0.001523650146484368
1916,540000,西藏,西部,2014,XGBOOST,TRAIN,0.374178,0.3743722140789032,-0.0001942140789031876
1917,520000,贵州,西部,2014,XGBOOST,TRAIN,0.365249,0.3664236664772034,-0.001174666477203379
1918,210000,辽宁,东部,2014,XGBOOST,TRAIN,0.487013,0.4864613711833954,0.000551628816604588
1919,500000,重庆,西部,2014,XGBOOST,TRAIN,0.473044,0.4738808274269104,-0.0008368274269103804
1920,610000,陕西,西部,2014,XGBOOST,TRAIN,0.479637,0.4794282913208008,0.0002087086791991988
1921,630000,青海,西部,2014,XGBOOST,TRAIN,0.43016,0.4301783740520477,-1.837405204774267e-05
1922,230000,黑龙江,中部,2014,XGBOOST,TRAIN,0.40233,0.4020945727825165,0.0002354272174835415
1923,310000,上海,东部,2015,XGBOOST,TRAIN,0.530903,0.5310968160629272,-0.0001938160629272323
1924,530000,云南,西部,2015,XGBOOST,TRAIN,0.401134,0.4047166705131531,-0.003582670513153086
1925,150000,内蒙古,西部,2015,XGBOOST,TRAIN,0.5028,0.503359854221344,-0.0005598542213439694
1926,110000,北京,东部,2015,XGBOOST,TRAIN,0.766158,0.7671124935150146,-0.0009544935150146427
1927,220000,吉林,中部,2015,XGBOOST,TRAIN,0.45475,0.4559094309806824,-0.001159430980682385
1928,510000,四川,西部,2015,XGBOOST,TRAIN,0.417983,0.4188359677791595,-0.0008529677791595525
1929,120000,天津,东部,2015,XGBOOST,TRAIN,0.55387,0.5551928877830505,-0.001322887783050564
1930,640000,宁夏,西部,2015,XGBOOST,TRAIN,0.47163,0.4716129004955292,1.709950447081887e-05
1931,340000,安徽,中部,2015,XGBOOST,TRAIN,0.465285,0.464697390794754,0.0005876092052459758
1932,370000,山东,东部,2015,XGBOOST,TRAIN,0.5509,0.5475782155990601,0.003321784400939887
1933,140000,山西,中部,2015,XGBOOST,TRAIN,0.451235,0.4526230692863464,-0.001388069286346438
1934,440000,广东,东部,2015,XGBOOST,TRAIN,0.541074,0.5411385297775269,-6.452977752680056e-05
1935,450000,广西,西部,2015,XGBOOST,TRAIN,0.423979,0.4228708148002625,0.001108185199737544
1936,650000,新疆,西部,2015,XGBOOST,TRAIN,0.472146,0.4703545570373535,0.001791442962646494
1937,320000,江苏,东部,2015,XGBOOST,TRAIN,0.615843,0.6152413487434387,0.0006016512565613086
1938,360000,江西,中部,2015,XGBOOST,TRAIN,0.421779,0.4249407052993774,-0.003161705299377426
1939,130000,河北,东部,2015,XGBOOST,TRAIN,0.512584,0.5104197859764099,0.002164214023590127
1940,410000,河南,中部,2015,XGBOOST,TRAIN,0.414816,0.4160979688167572,-0.001281968816757184
1941,330000,浙江,东部,2015,XGBOOST,TRAIN,0.565243,0.5645326972007751,0.0007103027992249045
1942,460000,海南,东部,2015,XGBOOST,TRAIN,0.494865,0.4948662221431732,-1.222143173218448e-06
1943,420000,湖北,中部,2015,XGBOOST,TRAIN,0.496589,0.4975681304931641,-0.0009791304931640599
1944,430000,湖南,中部,2015,XGBOOST,TRAIN,0.434362,0.4337171316146851,0.0006448683853149673
1945,620000,甘肃,西部,2015,XGBOOST,TRAIN,0.426775,0.4272880852222443,-0.0005130852222442472
1946,350000,福建,东部,2015,XGBOOST,TRAIN,0.506608,0.5068766474723816,-0.0002686474723816445
1947,540000,西藏,西部,2015,XGBOOST,TRAIN,0.479145,0.4772352576255798,0.001909742374420154
1948,520000,贵州,西部,2015,XGBOOST,TRAIN,0.394252,0.394004613161087,0.0002473868389129552
1949,210000,辽宁,东部,2015,XGBOOST,TRAIN,0.487913,0.4863187372684479,0.00159426273155211
1950,500000,重庆,西部,2015,XGBOOST,TRAIN,0.497174,0.4965454638004303,0.000628536199569707
1951,610000,陕西,西部,2015,XGBOOST,TRAIN,0.503439,0.4995212554931641,0.003917744506835907
1952,630000,青海,西部,2015,XGBOOST,TRAIN,0.463007,0.4619622826576233,0.001044717342376711
1953,230000,黑龙江,中部,2015,XGBOOST,TRAIN,0.411819,0.410782128572464,0.001036871427536001
1954,310000,上海,东部,2016,XGBOOST,TRAIN,0.552024,0.5519245862960815,9.94137039184162e-05
1955,530000,云南,西部,2016,XGBOOST,TRAIN,0.432435,0.4319083392620087,0.0005266607379913468
1956,150000,内蒙古,西部,2016,XGBOOST,TRAIN,0.508229,0.5071057081222534,0.001123291877746624
1957,110000,北京,东部,2016,XGBOOST,TRAIN,0.778668,0.7782687544822693,0.0003992455177307397
1958,220000,吉林,中部,2016,XGBOOST,TRAIN,0.458748,0.458526998758316,0.0002210012416839491
1959,510000,四川,西部,2016,XGBOOST,TRAIN,0.424258,0.424505889415741,-0.0002478894157409428
1960,120000,天津,东部,2016,XGBOOST,TRAIN,0.546051,0.5468029379844666,-0.0007519379844665997
1961,640000,宁夏,西部,2016,XGBOOST,TRAIN,0.467957,0.4692482054233551,-0.001291205423355091
1962,340000,安徽,中部,2016,XGBOOST,TRAIN,0.487232,0.4877189695835114,-0.0004869695835113541
1963,370000,山东,东部,2016,XGBOOST,TRAIN,0.563037,0.5626144409179688,0.0004225590820312597
1964,140000,山西,中部,2016,XGBOOST,TRAIN,0.476689,0.4755831062793732,0.001105893720626805
1965,440000,广东,东部,2016,XGBOOST,TRAIN,0.550845,0.5524512529373169,-0.001606252937316865
1966,450000,广西,西部,2016,XGBOOST,TRAIN,0.431724,0.4345651268959045,-0.002841126895904544
1967,650000,新疆,西部,2016,XGBOOST,TRAIN,0.480806,0.4770519435405731,0.003754056459426891
1968,320000,江苏,东部,2016,XGBOOST,TRAIN,0.625346,0.6221424341201782,0.003203565879821735
1969,360000,江西,中部,2016,XGBOOST,TRAIN,0.449652,0.4510191977024078,-0.001367197702407841
1970,130000,河北,东部,2016,XGBOOST,TRAIN,0.510421,0.5091992020606995,0.001221797939300551
1971,410000,河南,中部,2016,XGBOOST,TRAIN,0.437887,0.4390741288661957,-0.001187128866195652
1972,330000,浙江,东部,2016,XGBOOST,TRAIN,0.574848,0.5755214095115662,-0.0006734095115661365
1973,460000,海南,东部,2016,XGBOOST,TRAIN,0.499456,0.4989482462406158,0.0005077537593841663
1974,420000,湖北,中部,2016,XGBOOST,TRAIN,0.515551,0.515263020992279,0.0002879790077209288
1975,430000,湖南,中部,2016,XGBOOST,TRAIN,0.454899,0.4562884569168091,-0.001389456916809084
1976,620000,甘肃,西部,2016,XGBOOST,TRAIN,0.43951,0.4397207796573639,-0.0002107796573638798
1977,350000,福建,东部,2016,XGBOOST,TRAIN,0.524105,0.523714005947113,0.0003909940528870059
1978,540000,西藏,西部,2016,XGBOOST,TRAIN,0.342395,0.3438532054424286,-0.001458205442428584
1979,520000,贵州,西部,2016,XGBOOST,TRAIN,0.430882,0.4294162392616272,0.00146576073837279
1980,210000,辽宁,东部,2016,XGBOOST,TRAIN,0.472639,0.474593847990036,-0.001954847990036035
1981,500000,重庆,西部,2016,XGBOOST,TRAIN,0.503131,0.5036324858665466,-0.000501485866546636
1982,610000,陕西,西部,2016,XGBOOST,TRAIN,0.49743,0.4981851875782013,-0.0007551875782013107
1983,630000,青海,西部,2016,XGBOOST,TRAIN,0.456845,0.4578714072704315,-0.001026407270431517
1984,230000,黑龙江,中部,2016,XGBOOST,TRAIN,0.40789,0.4118367731571198,-0.003946773157119776
1985,310000,上海,东部,2017,XGBOOST,TRAIN,0.587104,0.5867226719856262,0.0003813280143737385
1986,530000,云南,西部,2017,XGBOOST,TRAIN,0.440793,0.4398470818996429,0.000945918100357046
1987,150000,内蒙古,西部,2017,XGBOOST,TRAIN,0.50881,0.5091081261634827,-0.0002981261634826815
1988,110000,北京,东部,2017,XGBOOST,TRAIN,0.815825,0.813596785068512,0.002228214931488059
1989,220000,吉林,中部,2017,XGBOOST,TRAIN,0.456131,0.4575667679309845,-0.001435767930984488
1990,510000,四川,西部,2017,XGBOOST,TRAIN,0.44983,0.4496755301952362,0.0001544698047638016
1991,120000,天津,东部,2017,XGBOOST,TRAIN,0.59251,0.5920239090919495,0.0004860909080505182
1992,640000,宁夏,西部,2017,XGBOOST,TRAIN,0.503942,0.5046615600585938,-0.0007195600585937489
1993,340000,安徽,中部,2017,XGBOOST,TRAIN,0.523465,0.5209835171699524,0.002481482830047566
1994,370000,山东,东部,2017,XGBOOST,TRAIN,0.571386,0.5738505125045776,-0.002464512504577687
1995,140000,山西,中部,2017,XGBOOST,TRAIN,0.492633,0.4918420910835266,0.0007909089164733762
1996,440000,广东,东部,2017,XGBOOST,TRAIN,0.572343,0.5733381509780884,-0.0009951509780883327
1997,450000,广西,西部,2017,XGBOOST,TRAIN,0.455427,0.4551604092121124,0.0002665907878875995
1998,650000,新疆,西部,2017,XGBOOST,TRAIN,0.484046,0.4847186803817749,-0.0006726803817749261
1999,320000,江苏,东部,2017,XGBOOST,TRAIN,0.631071,0.6296414136886597,0.001429586311340381
2000,360000,江西,中部,2017,XGBOOST,TRAIN,0.481004,0.4823208749294281,-0.001316874929428113
2001,130000,河北,东部,2017,XGBOOST,TRAIN,0.548186,0.5474292635917664,0.0007567364082335937
2002,410000,河南,中部,2017,XGBOOST,TRAIN,0.471023,0.471323162317276,-0.000300162317275976
2003,330000,浙江,东部,2017,XGBOOST,TRAIN,0.593708,0.5955550074577332,-0.001847007457733141
2004,460000,海南,东部,2017,XGBOOST,TRAIN,0.511565,0.5130651593208313,-0.001500159320831251
2005,420000,湖北,中部,2017,XGBOOST,TRAIN,0.51398,0.5154000520706177,-0.001420052070617683
2006,430000,湖南,中部,2017,XGBOOST,TRAIN,0.459341,0.4623729586601257,-0.003031958660125733
2007,620000,甘肃,西部,2017,XGBOOST,TRAIN,0.450083,0.4504770338535309,-0.0003940338535308729
2008,350000,福建,东部,2017,XGBOOST,TRAIN,0.534499,0.534919023513794,-0.0004200235137939989
2009,540000,西藏,西部,2017,XGBOOST,TRAIN,0.399187,0.3986278772354126,0.0005591227645874164
2010,520000,贵州,西部,2017,XGBOOST,TRAIN,0.437645,0.4379847347736359,-0.000339734773635858
2011,210000,辽宁,东部,2017,XGBOOST,TRAIN,0.495238,0.4940423667430878,0.001195633256912243
2012,500000,重庆,西部,2017,XGBOOST,TRAIN,0.52428,0.5250775218009949,-0.0007975218009949048
2013,610000,陕西,西部,2017,XGBOOST,TRAIN,0.517211,0.5139186382293701,0.003292361770629859
2014,630000,青海,西部,2017,XGBOOST,TRAIN,0.466649,0.4682109951972961,-0.001561995197296162
2015,230000,黑龙江,中部,2017,XGBOOST,TRAIN,0.451933,0.4520188271999359,-8.582719993593946e-05
2016,310000,上海,东部,2018,XGBOOST,TRAIN,0.579515,0.579415500164032,9.949983596801992e-05
2017,530000,云南,西部,2018,XGBOOST,TRAIN,0.442875,0.444057285785675,-0.00118228578567503
2018,150000,内蒙古,西部,2018,XGBOOST,TRAIN,0.514235,0.5158070921897888,-0.001572092189788821
2019,110000,北京,东部,2018,XGBOOST,TRAIN,0.768698,0.7690849900245667,-0.000386990024566658
2020,220000,吉林,中部,2018,XGBOOST,TRAIN,0.465133,0.4653330147266388,-0.0002000147266387753
2021,510000,四川,西部,2018,XGBOOST,TRAIN,0.475265,0.4762798547744751,-0.001014854774475105
2022,120000,天津,东部,2018,XGBOOST,TRAIN,0.52457,0.5266067385673523,-0.002036738567352314
2023,640000,宁夏,西部,2018,XGBOOST,TRAIN,0.532364,0.5301905870437622,0.002173412956237741
2024,340000,安徽,中部,2018,XGBOOST,TRAIN,0.537699,0.5381252765655518,-0.0004262765655517198
2025,370000,山东,东部,2018,XGBOOST,TRAIN,0.57816,0.5767885446548462,0.001371455345153816
2026,140000,山西,中部,2018,XGBOOST,TRAIN,0.526914,0.5262050032615662,0.0007089967384338314
2027,440000,广东,东部,2018,XGBOOST,TRAIN,0.592452,0.5926101207733154,-0.000158120773315451
2028,450000,广西,西部,2018,XGBOOST,TRAIN,0.463532,0.465082198381424,-0.001550198381423951
2029,650000,新疆,西部,2018,XGBOOST,TRAIN,0.509686,0.5100128054618835,-0.0003268054618835725
2030,320000,江苏,东部,2018,XGBOOST,TRAIN,0.629004,0.6290879249572754,-8.392495727538307e-05
2031,360000,江西,中部,2018,XGBOOST,TRAIN,0.487213,0.4914881885051727,-0.004275188505172722
2032,130000,河北,东部,2018,XGBOOST,TRAIN,0.570683,0.5698263049125671,0.0008566950874329127
2033,410000,河南,中部,2018,XGBOOST,TRAIN,0.504805,0.5033344030380249,0.001470596961975046
2034,330000,浙江,东部,2018,XGBOOST,TRAIN,0.599335,0.6001311540603638,-0.0007961540603638184
2035,460000,海南,东部,2018,XGBOOST,TRAIN,0.52992,0.5305456519126892,-0.0006256519126892623
2036,420000,湖北,中部,2018,XGBOOST,TRAIN,0.540135,0.540136992931366,-1.992931365935036e-06
2037,430000,湖南,中部,2018,XGBOOST,TRAIN,0.493819,0.4954166114330292,-0.001597611433029167
2038,620000,甘肃,西部,2018,XGBOOST,TRAIN,0.469899,0.4697108268737793,0.0001881731262207142
2039,350000,福建,东部,2018,XGBOOST,TRAIN,0.561814,0.5645993947982788,-0.002785394798278773
2040,540000,西藏,西部,2018,XGBOOST,TRAIN,0.365356,0.365784078836441,-0.000428078836441026
2041,520000,贵州,西部,2018,XGBOOST,TRAIN,0.452155,0.4524244368076324,-0.0002694368076324727
2042,210000,辽宁,东部,2018,XGBOOST,TRAIN,0.491053,0.4914012551307678,-0.000348255130767805
2043,500000,重庆,西部,2018,XGBOOST,TRAIN,0.537998,0.5387940406799316,-0.0007960406799316644
2044,610000,陕西,西部,2018,XGBOOST,TRAIN,0.52065,0.5235783457756042,-0.002928345775604302
2045,630000,青海,西部,2018,XGBOOST,TRAIN,0.479832,0.479498565196991,0.000333434803009014
2046,230000,黑龙江,中部,2018,XGBOOST,TRAIN,0.451123,0.4526892304420471,-0.001566230442047123
2047,310000,上海,东部,2019,XGBOOST,TRAIN,0.580014,0.5802692174911499,-0.0002552174911498728
2048,530000,云南,西部,2019,XGBOOST,TRAIN,0.45998,0.4612733423709869,-0.001293342370986938
2049,150000,内蒙古,西部,2019,XGBOOST,TRAIN,0.516332,0.516330361366272,1.638633728040517e-06
2050,110000,北京,东部,2019,XGBOOST,TRAIN,0.752702,0.7529193758964539,-0.0002173758964538752
2051,220000,吉林,中部,2019,XGBOOST,TRAIN,0.489024,0.4881130456924438,0.0009109543075561666
2052,510000,四川,西部,2019,XGBOOST,TRAIN,0.502332,0.5017349123954773,0.0005970876045227058
2053,120000,天津,东部,2019,XGBOOST,TRAIN,0.625394,0.6241522431373596,0.001241756862640386
2054,640000,宁夏,西部,2019,XGBOOST,TRAIN,0.525372,0.5260812640190125,-0.000709264019012501
2055,340000,安徽,中部,2019,XGBOOST,TRAIN,0.572304,0.5715487599372864,0.000755240062713658
2056,370000,山东,东部,2019,XGBOOST,TRAIN,0.588186,0.5882293581962585,-4.33581962585583e-05
2057,140000,山西,中部,2019,XGBOOST,TRAIN,0.563699,0.5602753758430481,0.003423624156951854
2058,440000,广东,东部,2019,XGBOOST,TRAIN,0.612601,0.6120008230209351,0.0006001769790648925
2059,450000,广西,西部,2019,XGBOOST,TRAIN,0.479507,0.4806717038154602,-0.001164703815460189
2060,650000,新疆,西部,2019,XGBOOST,TRAIN,0.529405,0.5273593664169312,0.002045633583068862
2061,320000,江苏,东部,2019,XGBOOST,TRAIN,0.63879,0.6384681463241577,0.0003218536758422541
2062,360000,江西,中部,2019,XGBOOST,TRAIN,0.510065,0.5105603337287903,-0.0004953337287902926
2063,130000,河北,东部,2019,XGBOOST,TRAIN,0.587495,0.5871516466140747,0.0003433533859252824
2064,410000,河南,中部,2019,XGBOOST,TRAIN,0.503784,0.5051725506782532,-0.001388550678253164
2065,330000,浙江,东部,2019,XGBOOST,TRAIN,0.617281,0.6169190406799316,0.000361959320068328
2066,460000,海南,东部,2019,XGBOOST,TRAIN,0.547691,0.5464361906051636,0.001254809394836465
2067,420000,湖北,中部,2019,XGBOOST,TRAIN,0.564303,0.563420832157135,0.0008821678428649893
2068,430000,湖南,中部,2019,XGBOOST,TRAIN,0.544865,0.5428301692008972,0.002034830799102827
2069,620000,甘肃,西部,2019,XGBOOST,TRAIN,0.474349,0.4742689728736877,8.002712631227649e-05
2070,350000,福建,东部,2019,XGBOOST,TRAIN,0.596953,0.595912516117096,0.001040483882904009
2071,540000,西藏,西部,2019,XGBOOST,TRAIN,0.38243,0.3825511038303375,-0.0001211038303375322
2072,520000,贵州,西部,2019,XGBOOST,TRAIN,0.479558,0.4796114265918732,-5.342659187318466e-05
2073,210000,辽宁,东部,2019,XGBOOST,TRAIN,0.49813,0.4982514083385468,-0.0001214083385467357
2074,500000,重庆,西部,2019,XGBOOST,TRAIN,0.55797,0.555258572101593,0.002711427898406948
2075,610000,陕西,西部,2019,XGBOOST,TRAIN,0.554226,0.5541137456893921,0.0001122543106079066
2076,630000,青海,西部,2019,XGBOOST,TRAIN,0.509949,0.5083117485046387,0.001637251495361314
2077,230000,黑龙江,中部,2019,XGBOOST,TRAIN,0.492366,0.4917211830615997,0.0006448169384002944
2078,310000,上海,东部,2023,XGBOOST,VAL,0.635576,0.6839340925216675,-0.04835809252166745
2079,530000,云南,西部,2023,XGBOOST,VAL,0.492518,0.5136877298355103,-0.02116972983551024
2080,150000,内蒙古,西部,2023,XGBOOST,VAL,0.531873,0.5093492269515991,0.02252377304840092
2081,110000,北京,东部,2023,XGBOOST,VAL,0.694676,0.7507979869842529,-0.05612198698425297
2082,220000,吉林,中部,2023,XGBOOST,VAL,0.541202,0.4990862011909485,0.04211579880905147
2083,510000,四川,西部,2023,XGBOOST,VAL,0.534815,0.5153928399085999,0.01942216009140019
2084,120000,天津,东部,2023,XGBOOST,VAL,0.535202,0.5651993155479431,-0.02999731554794316
2085,640000,宁夏,西部,2023,XGBOOST,VAL,0.552874,0.5375041961669922,0.01536980383300779
2086,340000,安徽,中部,2023,XGBOOST,VAL,0.594185,0.5636517405509949,0.03053325944900509
2087,370000,山东,东部,2023,XGBOOST,VAL,0.617045,0.5800708532333374,0.03697414676666255
2088,140000,山西,中部,2023,XGBOOST,VAL,0.583314,0.5292764902114868,0.05403750978851318
2089,440000,广东,东部,2023,XGBOOST,VAL,0.586699,0.6133723258972168,-0.02667332589721683
2090,450000,广西,西部,2023,XGBOOST,VAL,0.515158,0.5217317938804626,-0.006573793880462642
2091,650000,新疆,西部,2023,XGBOOST,VAL,0.549562,0.5267311930656433,0.02283080693435668
2092,320000,江苏,东部,2023,XGBOOST,VAL,0.64272,0.6256605386734009,0.01705946132659908
2093,360000,江西,中部,2023,XGBOOST,VAL,0.608596,0.5419032573699951,0.06669274263000491
2094,130000,河北,东部,2023,XGBOOST,VAL,0.574037,0.5542343258857727,0.01980267411422731
2095,410000,河南,中部,2023,XGBOOST,VAL,0.514993,0.5350138545036316,-0.02002085450363156
2096,330000,浙江,东部,2023,XGBOOST,VAL,0.618958,0.607228696346283,0.01172930365371705
2097,460000,海南,东部,2023,XGBOOST,VAL,0.551463,0.5727182626724243,-0.02125526267242428
2098,420000,湖北,中部,2023,XGBOOST,VAL,0.579412,0.5446621179580688,0.03474988204193119
2099,430000,湖南,中部,2023,XGBOOST,VAL,0.575631,0.533055305480957,0.04257569451904297
2100,620000,甘肃,西部,2023,XGBOOST,VAL,0.527659,0.5116866230964661,0.01597237690353392
2101,350000,福建,东部,2023,XGBOOST,VAL,0.613066,0.6079786419868469,0.005087358013153076
2102,540000,西藏,西部,2023,XGBOOST,VAL,0.469429,0.4897207915782928,-0.02029179157829286
2103,520000,贵州,西部,2023,XGBOOST,VAL,0.503837,0.5246267318725586,-0.02078973187255861
2104,210000,辽宁,东部,2023,XGBOOST,VAL,0.506274,0.5180812478065491,-0.01180724780654907
2105,500000,重庆,西部,2023,XGBOOST,VAL,0.596489,0.5623830556869507,0.03410594431304936
2106,610000,陕西,西部,2023,XGBOOST,VAL,0.572048,0.5376907587051392,0.03435724129486084
2107,630000,青海,西部,2023,XGBOOST,VAL,0.585917,0.5231335759162903,0.06278342408370974
2108,230000,黑龙江,中部,2023,XGBOOST,VAL,0.521684,0.4895557165145874,0.03212828348541263
2109,310000,上海,东部,2024,XGBOOST,VAL,0.640153,0.6806074976921082,-0.04045449769210818
2110,530000,云南,西部,2024,XGBOOST,VAL,0.496008,0.5154900550842285,-0.01948205508422851
2111,150000,内蒙古,西部,2024,XGBOOST,VAL,0.538097,0.50730299949646,0.03079400050354009
2112,110000,北京,东部,2024,XGBOOST,VAL,0.696568,0.7482465505599976,-0.05167855055999759
2113,220000,吉林,中部,2024,XGBOOST,VAL,0.547011,0.4990057945251465,0.04800520547485354
2114,510000,四川,西部,2024,XGBOOST,VAL,0.536615,0.5147989988327026,0.02181600116729732
2115,120000,天津,东部,2024,XGBOOST,VAL,0.534036,0.5652066469192505,-0.03117064691925053
2116,640000,宁夏,西部,2024,XGBOOST,VAL,0.559033,0.5386658906936646,0.02036710930633545
2117,340000,安徽,中部,2024,XGBOOST,VAL,0.597529,0.5633851289749146,0.03414387102508543
2118,370000,山东,东部,2024,XGBOOST,VAL,0.618532,0.579218327999115,0.03931367200088498
2119,140000,山西,中部,2024,XGBOOST,VAL,0.594264,0.528432309627533,0.06583169037246706
2120,440000,广东,东部,2024,XGBOOST,VAL,0.58995,0.6150786876678467,-0.02512868766784671
2121,450000,广西,西部,2024,XGBOOST,VAL,0.515035,0.5217317938804626,-0.006696793880462626
2122,650000,新疆,西部,2024,XGBOOST,VAL,0.556275,0.5258414149284363,0.03043358507156368
2123,320000,江苏,东部,2024,XGBOOST,VAL,0.648149,0.6255463361740112,0.02260266382598874
2124,360000,江西,中部,2024,XGBOOST,VAL,0.611959,0.5508229732513428,0.06113602674865726
2125,130000,河北,东部,2024,XGBOOST,VAL,0.573678,0.5549910664558411,0.01868693354415896
2126,410000,河南,中部,2024,XGBOOST,VAL,0.513791,0.5352932810783386,-0.02150228107833863
2127,330000,浙江,东部,2024,XGBOOST,VAL,0.624323,0.6087289452552795,0.01559405474472042
2128,460000,海南,东部,2024,XGBOOST,VAL,0.549362,0.573108971118927,-0.02374697111892698
2129,420000,湖北,中部,2024,XGBOOST,VAL,0.582375,0.5449380874633789,0.03743691253662107
2130,430000,湖南,中部,2024,XGBOOST,VAL,0.580144,0.5352809429168701,0.04486305708312988
2131,620000,甘肃,西部,2024,XGBOOST,VAL,0.530509,0.5192343592643738,0.01127464073562623
2132,350000,福建,东部,2024,XGBOOST,VAL,0.615601,0.6079786419868469,0.00762235801315303
2133,540000,西藏,西部,2024,XGBOOST,VAL,0.473639,0.4895242750644684,-0.01588527506446841
2134,520000,贵州,西部,2024,XGBOOST,VAL,0.509591,0.5232340693473816,-0.01364306934738158
2135,210000,辽宁,东部,2024,XGBOOST,VAL,0.513433,0.5177305936813354,-0.004297593681335421
2136,500000,重庆,西部,2024,XGBOOST,VAL,0.60204,0.5603519082069397,0.04168809179306032
2137,610000,陕西,西部,2024,XGBOOST,VAL,0.579652,0.5383599996566772,0.0412920003433227
2138,630000,青海,西部,2024,XGBOOST,VAL,0.587491,0.523510754108429,0.06398024589157103
2139,230000,黑龙江,中部,2024,XGBOOST,VAL,0.525348,0.4947126805782318,0.03063531942176823
2140,310000,上海,东部,2020,XGBOOST,TEST,0.579822,0.6193006038665771,-0.0394786038665772
2141,530000,云南,西部,2020,XGBOOST,TEST,0.447013,0.4670549333095551,-0.02004193330955506
2142,150000,内蒙古,西部,2020,XGBOOST,TEST,0.514523,0.5092979669570923,0.005225033042907667
2143,110000,北京,东部,2020,XGBOOST,TEST,0.696177,0.7511149644851685,-0.05493796448516841
2144,220000,吉林,中部,2020,XGBOOST,TEST,0.487747,0.500427782535553,-0.01268078253555299
2145,510000,四川,西部,2020,XGBOOST,TEST,0.502335,0.5110689401626587,-0.008733940162658715
2146,120000,天津,东部,2020,XGBOOST,TEST,0.529018,0.5956729054450989,-0.06665490544509889
2147,640000,宁夏,西部,2020,XGBOOST,TEST,0.511795,0.5395232439041138,-0.02772824390411377
2148,340000,安徽,中部,2020,XGBOOST,TEST,0.55174,0.5701307058334351,-0.01839070583343505
2149,370000,山东,东部,2020,XGBOOST,TEST,0.590034,0.5884021520614624,0.001631847938537545
2150,140000,山西,中部,2020,XGBOOST,TEST,0.569411,0.5333896279335022,0.0360213720664978
2151,440000,广东,东部,2020,XGBOOST,TEST,0.579013,0.6045604944229126,-0.0255474944229126
2152,450000,广西,西部,2020,XGBOOST,TEST,0.482642,0.5029475688934326,-0.0203055688934326
2153,650000,新疆,西部,2020,XGBOOST,TEST,0.519253,0.5283145308494568,-0.009061530849456823
2154,320000,江苏,东部,2020,XGBOOST,TEST,0.623059,0.631065309047699,-0.008006309047698945
2155,360000,江西,中部,2020,XGBOOST,TEST,0.519091,0.5206170678138733,-0.001526067813873322
2156,130000,河北,东部,2020,XGBOOST,TEST,0.575537,0.5781682133674622,-0.002631213367462193
2157,410000,河南,中部,2020,XGBOOST,TEST,0.492978,0.5260286331176758,-0.03305063311767575
2158,330000,浙江,东部,2020,XGBOOST,TEST,0.596941,0.6163525581359863,-0.01941155813598627
2159,460000,海南,东部,2020,XGBOOST,TEST,0.525731,0.5433951616287231,-0.0176641616287232
2160,420000,湖北,中部,2020,XGBOOST,TEST,0.521526,0.5306813716888428,-0.009155371688842728
2161,430000,湖南,中部,2020,XGBOOST,TEST,0.556662,0.5215981006622314,0.03506389933776854
2162,620000,甘肃,西部,2020,XGBOOST,TEST,0.475761,0.4857322871685028,-0.009971287168502818
2163,350000,福建,东部,2020,XGBOOST,TEST,0.571164,0.5932050943374634,-0.02204109433746337
2164,540000,西藏,西部,2020,XGBOOST,TEST,0.421445,0.4445830285549164,-0.02313802855491637
2165,520000,贵州,西部,2020,XGBOOST,TEST,0.484676,0.5054992437362671,-0.02082324373626709
2166,210000,辽宁,东部,2020,XGBOOST,TEST,0.484983,0.5076532363891602,-0.02267023638916016
2167,500000,重庆,西部,2020,XGBOOST,TEST,0.512612,0.5401521921157837,-0.02754019211578373
2168,610000,陕西,西部,2020,XGBOOST,TEST,0.525287,0.5383152365684509,-0.01302823656845098
2169,630000,青海,西部,2020,XGBOOST,TEST,0.517589,0.4922955930233002,0.02529340697669979
2170,230000,黑龙江,中部,2020,XGBOOST,TEST,0.498029,0.4883691966533661,0.00965980334663391
2171,310000,上海,东部,2021,XGBOOST,TEST,0.614756,0.6463990807533264,-0.03164308075332645
2172,530000,云南,西部,2021,XGBOOST,TEST,0.456717,0.5007291436195374,-0.04401214361953737
2173,150000,内蒙古,西部,2021,XGBOOST,TEST,0.525867,0.5070726275444031,0.0187943724555969
2174,110000,北京,东部,2021,XGBOOST,TEST,0.696985,0.7503998875617981,-0.05341488756179813
2175,220000,吉林,中部,2021,XGBOOST,TEST,0.507618,0.5077648162841797,-0.0001468162841796739
2176,510000,四川,西部,2021,XGBOOST,TEST,0.49883,0.5160666704177856,-0.01723667041778565
2177,120000,天津,东部,2021,XGBOOST,TEST,0.541368,0.5641109347343445,-0.02274293473434452
2178,640000,宁夏,西部,2021,XGBOOST,TEST,0.505012,0.542360782623291,-0.037348782623291
2179,340000,安徽,中部,2021,XGBOOST,TEST,0.56897,0.5697081089019775,-0.0007381089019775633
2180,370000,山东,东部,2021,XGBOOST,TEST,0.605397,0.5905284881591797,0.01486851184082028
2181,140000,山西,中部,2021,XGBOOST,TEST,0.584605,0.5382813215255737,0.04632367847442631
2182,440000,广东,东部,2021,XGBOOST,TEST,0.586034,0.6085473895072937,-0.02251338950729365
2183,450000,广西,西部,2021,XGBOOST,TEST,0.494129,0.5267118811607361,-0.0325828811607361
2184,650000,新疆,西部,2021,XGBOOST,TEST,0.518847,0.5214449167251587,-0.002597916725158744
2185,320000,江苏,东部,2021,XGBOOST,TEST,0.644028,0.6221047639846802,0.02192323601531987
2186,360000,江西,中部,2021,XGBOOST,TEST,0.564084,0.5302519202232361,0.03383207977676395
2187,130000,河北,东部,2021,XGBOOST,TEST,0.554711,0.5704564452171326,-0.01574544521713261
2188,410000,河南,中部,2021,XGBOOST,TEST,0.493128,0.5493825674057007,-0.05625456740570067
2189,330000,浙江,东部,2021,XGBOOST,TEST,0.593534,0.6108843088150024,-0.01735030881500244
2190,460000,海南,东部,2021,XGBOOST,TEST,0.559285,0.543786346912384,0.015498653087616
2191,420000,湖北,中部,2021,XGBOOST,TEST,0.545311,0.5553691983222961,-0.01005819832229615
2192,430000,湖南,中部,2021,XGBOOST,TEST,0.555373,0.533185601234436,0.02218739876556397
2193,620000,甘肃,西部,2021,XGBOOST,TEST,0.474559,0.500380277633667,-0.02582127763366698
2194,350000,福建,东部,2021,XGBOOST,TEST,0.592777,0.611230194568634,-0.01845319456863403
2195,540000,西藏,西部,2021,XGBOOST,TEST,0.41731,0.4808347523212433,-0.06352475232124327
2196,520000,贵州,西部,2021,XGBOOST,TEST,0.481293,0.51401686668396,-0.03272386668395993
2197,210000,辽宁,东部,2021,XGBOOST,TEST,0.509504,0.5163111686706543,-0.00680716867065434
2198,500000,重庆,西部,2021,XGBOOST,TEST,0.566352,0.5581411719322205,0.008210828067779508
2199,610000,陕西,西部,2021,XGBOOST,TEST,0.533037,0.5637108087539673,-0.0306738087539673
2200,630000,青海,西部,2021,XGBOOST,TEST,0.528139,0.4998343884944916,0.02830461150550845
2201,230000,黑龙江,中部,2021,XGBOOST,TEST,0.497259,0.4933235943317413,0.003935405668258674
2202,310000,上海,东部,2022,XGBOOST,TEST,0.607718,0.659472644329071,-0.05175464432907106
2203,530000,云南,西部,2022,XGBOOST,TEST,0.46771,0.4982727468013763,-0.03056274680137633
2204,150000,内蒙古,西部,2022,XGBOOST,TEST,0.52779,0.5138540267944336,0.01393597320556639
2205,110000,北京,东部,2022,XGBOOST,TEST,0.685065,0.7503922581672668,-0.06532725816726681
2206,220000,吉林,中部,2022,XGBOOST,TEST,0.504623,0.4934765100479126,0.01114648995208745
2207,510000,四川,西部,2022,XGBOOST,TEST,0.512427,0.5118588805198669,0.0005681194801330225
2208,120000,天津,东部,2022,XGBOOST,TEST,0.533358,0.5721061825752258,-0.03874818257522583
2209,640000,宁夏,西部,2022,XGBOOST,TEST,0.538823,0.5340210795402527,0.004801920459747366
2210,340000,安徽,中部,2022,XGBOOST,TEST,0.587257,0.5593297481536865,0.02792725184631351
2211,370000,山东,东部,2022,XGBOOST,TEST,0.606987,0.5813459753990173,0.02564102460098272
2212,140000,山西,中部,2022,XGBOOST,TEST,0.595399,0.5413616299629211,0.05403737003707887
2213,440000,广东,东部,2022,XGBOOST,TEST,0.581336,0.6100476384162903,-0.02871163841629032
2214,450000,广西,西部,2022,XGBOOST,TEST,0.514367,0.515880823135376,-0.001513823135375958
2215,650000,新疆,西部,2022,XGBOOST,TEST,0.534181,0.5304384231567383,0.003742576843261736
2216,320000,江苏,东部,2022,XGBOOST,TEST,0.637205,0.6218990087509155,0.01530599124908449
2217,360000,江西,中部,2022,XGBOOST,TEST,0.59208,0.5298020839691162,0.06227791603088384
2218,130000,河北,东部,2022,XGBOOST,TEST,0.56732,0.5564182996749878,0.01090170032501225
2219,410000,河南,中部,2022,XGBOOST,TEST,0.499545,0.5384962558746338,-0.03895125587463377
2220,330000,浙江,东部,2022,XGBOOST,TEST,0.601991,0.6107878088951111,-0.00879680889511103
2221,460000,海南,东部,2022,XGBOOST,TEST,0.556857,0.5505533218383789,0.00630367816162114
2222,420000,湖北,中部,2022,XGBOOST,TEST,0.556958,0.5435040593147278,0.01345394068527217
2223,430000,湖南,中部,2022,XGBOOST,TEST,0.5679,0.5304039120674133,0.03749608793258663
2224,620000,甘肃,西部,2022,XGBOOST,TEST,0.502832,0.5086035132408142,-0.005771513240814263
2225,350000,福建,东部,2022,XGBOOST,TEST,0.597754,0.610023558139801,-0.01226955813980102
2226,540000,西藏,西部,2022,XGBOOST,TEST,0.435723,0.4854984283447266,-0.04977542834472654
2227,520000,贵州,西部,2022,XGBOOST,TEST,0.501379,0.5140448212623596,-0.0126658212623596
2228,210000,辽宁,东部,2022,XGBOOST,TEST,0.495944,0.5166708827018738,-0.02072688270187378
2229,500000,重庆,西部,2022,XGBOOST,TEST,0.585735,0.560495913028717,0.02523908697128296
2230,610000,陕西,西部,2022,XGBOOST,TEST,0.56411,0.5454748272895813,0.0186351727104187
2231,630000,青海,西部,2022,XGBOOST,TEST,0.558508,0.5122465491294861,0.04626145087051392
2232,230000,黑龙江,中部,2022,XGBOOST,TEST,0.512927,0.4912741184234619,0.02165288157653811
2233,310000,上海,东部,2007,GBDT,TRAIN,0.469494,0.475229868054214,-0.005735868054213944
2234,530000,云南,西部,2007,GBDT,TRAIN,0.285728,0.2899930136036554,-0.004265013603655388
2235,150000,内蒙古,西部,2007,GBDT,TRAIN,0.35025,0.3536986030713639,-0.003448603071363909
2236,110000,北京,东部,2007,GBDT,TRAIN,0.614172,0.6206415334795957,-0.006469533479595668
2237,220000,吉林,中部,2007,GBDT,TRAIN,0.32063,0.3278881036927584,-0.007258103692758366
2238,510000,四川,西部,2007,GBDT,TRAIN,0.310444,0.3127440342522439,-0.002300034252243899
2239,120000,天津,东部,2007,GBDT,TRAIN,0.445921,0.452435863453346,-0.006514863453346009
2240,640000,宁夏,西部,2007,GBDT,TRAIN,0.320032,0.32483387072536,-0.004801870725360036
2241,340000,安徽,中部,2007,GBDT,TRAIN,0.315404,0.3132434743132267,0.002160525686773274
2242,370000,山东,东部,2007,GBDT,TRAIN,0.414638,0.4113066840113603,0.003331315988639727
2243,140000,山西,中部,2007,GBDT,TRAIN,0.359663,0.3567942639606864,0.002868736039313591
2244,440000,广东,东部,2007,GBDT,TRAIN,0.388557,0.3984109109763341,-0.009853910976334146
2245,450000,广西,西部,2007,GBDT,TRAIN,0.232654,0.237151426398699,-0.004497426398698989
2246,650000,新疆,西部,2007,GBDT,TRAIN,0.362242,0.3596733799733718,0.002568620026628166
2247,320000,江苏,东部,2007,GBDT,TRAIN,0.464326,0.4593654706914533,0.00496052930854668
2248,360000,江西,中部,2007,GBDT,TRAIN,0.283623,0.2883946177678732,-0.004771617767873215
2249,130000,河北,东部,2007,GBDT,TRAIN,0.357469,0.3571715204333087,0.0002974795666912389
2250,410000,河南,中部,2007,GBDT,TRAIN,0.302465,0.3009495923296202,0.001515407670379776
2251,330000,浙江,东部,2007,GBDT,TRAIN,0.451458,0.4528964157636201,-0.001438415763620082
2252,460000,海南,东部,2007,GBDT,TRAIN,0.295896,0.2991354874048688,-0.00323948740486879
2253,420000,湖北,中部,2007,GBDT,TRAIN,0.336287,0.3440307988359395,-0.007743798835939508
2254,430000,湖南,中部,2007,GBDT,TRAIN,0.294648,0.2960104974766087,-0.001362497476608659
2255,620000,甘肃,西部,2007,GBDT,TRAIN,0.304409,0.299110445397465,0.005298554602534977
2256,350000,福建,东部,2007,GBDT,TRAIN,0.364673,0.3660181504596599,-0.001345150459659883
2257,540000,西藏,西部,2007,GBDT,TRAIN,0.28527,0.2851729451375082,9.705486249184103e-05
2258,520000,贵州,西部,2007,GBDT,TRAIN,0.210248,0.2127002267962822,-0.002452226796282209
2259,210000,辽宁,东部,2007,GBDT,TRAIN,0.354223,0.3598135087267771,-0.005590508726777077
2260,500000,重庆,西部,2007,GBDT,TRAIN,0.362078,0.3610123597508937,0.00106564024910627
2261,610000,陕西,西部,2007,GBDT,TRAIN,0.381037,0.3748030950006426,0.006233904999357442
2262,630000,青海,西部,2007,GBDT,TRAIN,0.398443,0.3939530500510413,0.004489949948958738
2263,230000,黑龙江,中部,2007,GBDT,TRAIN,0.283853,0.2848097698246008,-0.0009567698246008005
2264,310000,上海,东部,2008,GBDT,TRAIN,0.490255,0.493733186056493,-0.003478186056493027
2265,530000,云南,西部,2008,GBDT,TRAIN,0.329365,0.322853065971112,0.006511934028888
2266,150000,内蒙古,西部,2008,GBDT,TRAIN,0.360651,0.3565604969782492,0.004090503021750846
2267,110000,北京,东部,2008,GBDT,TRAIN,0.665325,0.6632836144215647,0.002041385578435362
2268,220000,吉林,中部,2008,GBDT,TRAIN,0.34586,0.3460899293495359,-0.0002299293495358623
2269,510000,四川,西部,2008,GBDT,TRAIN,0.277484,0.2855648628024881,-0.008080862802488098
2270,120000,天津,东部,2008,GBDT,TRAIN,0.477976,0.482369495457836,-0.004393495457836016
2271,640000,宁夏,西部,2008,GBDT,TRAIN,0.333485,0.34532136123712,-0.01183636123712006
2272,340000,安徽,中部,2008,GBDT,TRAIN,0.340996,0.3403929713207338,0.0006030286792662043
2273,370000,山东,东部,2008,GBDT,TRAIN,0.433038,0.4335028095398905,-0.0004648095398905316
2274,140000,山西,中部,2008,GBDT,TRAIN,0.392037,0.3835719801942922,0.008465019805707796
2275,440000,广东,东部,2008,GBDT,TRAIN,0.440156,0.4440020359498631,-0.003846035949863158
2276,450000,广西,西部,2008,GBDT,TRAIN,0.261325,0.2591716300392871,0.002153369960712914
2277,650000,新疆,西部,2008,GBDT,TRAIN,0.351233,0.3464889316669915,0.0047440683330085
2278,320000,江苏,东部,2008,GBDT,TRAIN,0.499262,0.4966963472181465,0.0025656527818535
2279,360000,江西,中部,2008,GBDT,TRAIN,0.324957,0.3269386409225089,-0.001981640922508909
2280,130000,河北,东部,2008,GBDT,TRAIN,0.392356,0.3895913535530379,0.00276464644696206
2281,410000,河南,中部,2008,GBDT,TRAIN,0.302791,0.3036146593935174,-0.000823659393517473
2282,330000,浙江,东部,2008,GBDT,TRAIN,0.471665,0.4703303393505605,0.001334660649439545
2283,460000,海南,东部,2008,GBDT,TRAIN,0.304556,0.3131524795969776,-0.008596479596977569
2284,420000,湖北,中部,2008,GBDT,TRAIN,0.350448,0.353493824728342,-0.003045824728342028
2285,430000,湖南,中部,2008,GBDT,TRAIN,0.311845,0.3191699367210181,-0.007324936721018138
2286,620000,甘肃,西部,2008,GBDT,TRAIN,0.314645,0.3166295399535803,-0.001984539953580333
2287,350000,福建,东部,2008,GBDT,TRAIN,0.380228,0.3866286999248221,-0.006400699924822117
2288,540000,西藏,西部,2008,GBDT,TRAIN,0.269376,0.2719386918285135,-0.002562691828513486
2289,520000,贵州,西部,2008,GBDT,TRAIN,0.241062,0.2386970387756976,0.002364961224302381
2290,210000,辽宁,东部,2008,GBDT,TRAIN,0.391415,0.383610556700112,0.007804443299887998
2291,500000,重庆,西部,2008,GBDT,TRAIN,0.391252,0.377301438172453,0.013950561827547
2292,610000,陕西,西部,2008,GBDT,TRAIN,0.392737,0.3859493463469343,0.006787653653065662
2293,630000,青海,西部,2008,GBDT,TRAIN,0.382635,0.3821984821881173,0.0004365178118826973
2294,230000,黑龙江,中部,2008,GBDT,TRAIN,0.297748,0.3025440827995857,-0.00479608279958571
2295,310000,上海,东部,2009,GBDT,TRAIN,0.49423,0.4952618645839471,-0.001031864583947106
2296,530000,云南,西部,2009,GBDT,TRAIN,0.32989,0.3341993968000327,-0.004309396800032728
2297,150000,内蒙古,西部,2009,GBDT,TRAIN,0.377862,0.3682189378372561,0.00964306216274391
2298,110000,北京,东部,2009,GBDT,TRAIN,0.695131,0.6845362599787947,0.01059474002120531
2299,220000,吉林,中部,2009,GBDT,TRAIN,0.345124,0.3493946848954198,-0.004270684895419818
2300,510000,四川,西部,2009,GBDT,TRAIN,0.307312,0.3019774876138789,0.005334512386121038
2301,120000,天津,东部,2009,GBDT,TRAIN,0.473766,0.4751504687709484,-0.001384468770948388
2302,640000,宁夏,西部,2009,GBDT,TRAIN,0.365262,0.3686001429557217,-0.003338142955721712
2303,340000,安徽,中部,2009,GBDT,TRAIN,0.334407,0.3410008182463669,-0.0065938182463669
2304,370000,山东,东部,2009,GBDT,TRAIN,0.448545,0.4418218853260308,0.006723114673969188
2305,140000,山西,中部,2009,GBDT,TRAIN,0.382254,0.3809014946085219,0.001352505391478132
2306,440000,广东,东部,2009,GBDT,TRAIN,0.478639,0.4822334054326846,-0.003594405432684578
2307,450000,广西,西部,2009,GBDT,TRAIN,0.315314,0.3206653558280444,-0.005351355828044413
2308,650000,新疆,西部,2009,GBDT,TRAIN,0.35955,0.3550578744771313,0.004492125522868706
2309,320000,江苏,东部,2009,GBDT,TRAIN,0.522323,0.5191097604399297,0.003213239560070247
2310,360000,江西,中部,2009,GBDT,TRAIN,0.337338,0.3354812896245011,0.001856710375498893
2311,130000,河北,东部,2009,GBDT,TRAIN,0.408099,0.4021379107453112,0.005961089254688745
2312,410000,河南,中部,2009,GBDT,TRAIN,0.309275,0.3060545715317988,0.003220428468201253
2313,330000,浙江,东部,2009,GBDT,TRAIN,0.480921,0.4766531645024842,0.004267835497515748
2314,460000,海南,东部,2009,GBDT,TRAIN,0.370788,0.3738187073450351,-0.003030707345035133
2315,420000,湖北,中部,2009,GBDT,TRAIN,0.376263,0.3700728123508891,0.00619018764911089
2316,430000,湖南,中部,2009,GBDT,TRAIN,0.343712,0.3403213707159581,0.003390629284041879
2317,620000,甘肃,西部,2009,GBDT,TRAIN,0.314579,0.3168938710410529,-0.002314871041052935
2318,350000,福建,东部,2009,GBDT,TRAIN,0.414075,0.4170707100439596,-0.002995710043959543
2319,540000,西藏,西部,2009,GBDT,TRAIN,0.300686,0.2996866420062028,0.0009993579937972452
2320,520000,贵州,西部,2009,GBDT,TRAIN,0.256668,0.2575435644671669,-0.0008755644671669116
2321,210000,辽宁,东部,2009,GBDT,TRAIN,0.392881,0.393797413313038,-0.0009164133130380447
2322,500000,重庆,西部,2009,GBDT,TRAIN,0.368269,0.368287389815015,-1.838981501495196e-05
2323,610000,陕西,西部,2009,GBDT,TRAIN,0.40972,0.4019097830773155,0.007810216922684521
2324,630000,青海,西部,2009,GBDT,TRAIN,0.396347,0.3938685976714291,0.002478402328570883
2325,230000,黑龙江,中部,2009,GBDT,TRAIN,0.310882,0.3230453257950591,-0.01216332579505908
2326,310000,上海,东部,2010,GBDT,TRAIN,0.491858,0.4935540049910381,-0.001696004991038114
2327,530000,云南,西部,2010,GBDT,TRAIN,0.337123,0.3293010574154345,0.007821942584565478
2328,150000,内蒙古,西部,2010,GBDT,TRAIN,0.390122,0.3846238854664827,0.005498114533517284
2329,110000,北京,东部,2010,GBDT,TRAIN,0.664182,0.6648993471197008,-0.0007173471197007286
2330,220000,吉林,中部,2010,GBDT,TRAIN,0.382553,0.3866898513091064,-0.00413685130910646
2331,510000,四川,西部,2010,GBDT,TRAIN,0.316314,0.322420886402825,-0.006106886402824974
2332,120000,天津,东部,2010,GBDT,TRAIN,0.499374,0.4942020116955063,0.005171988304493724
2333,640000,宁夏,西部,2010,GBDT,TRAIN,0.392527,0.385287588651421,0.007239411348578972
2334,340000,安徽,中部,2010,GBDT,TRAIN,0.347594,0.346530807217661,0.001063192782339017
2335,370000,山东,东部,2010,GBDT,TRAIN,0.470067,0.467446540810427,0.002620459189572988
2336,140000,山西,中部,2010,GBDT,TRAIN,0.398229,0.3942552595336842,0.003973740466315823
2337,440000,广东,东部,2010,GBDT,TRAIN,0.528695,0.5164812041108345,0.01221379588916549
2338,450000,广西,西部,2010,GBDT,TRAIN,0.324743,0.3239946105939892,0.0007483894060107965
2339,650000,新疆,西部,2010,GBDT,TRAIN,0.390484,0.3880877031294644,0.002396296870535608
2340,320000,江苏,东部,2010,GBDT,TRAIN,0.515021,0.512334791043072,0.002686208956927949
2341,360000,江西,中部,2010,GBDT,TRAIN,0.348912,0.3483085045719915,0.000603495428008527
2342,130000,河北,东部,2010,GBDT,TRAIN,0.423659,0.4134880682275384,0.01017093177246164
2343,410000,河南,中部,2010,GBDT,TRAIN,0.314399,0.3161289217592854,-0.00172992175928538
2344,330000,浙江,东部,2010,GBDT,TRAIN,0.49977,0.5033563280907771,-0.003586328090777136
2345,460000,海南,东部,2010,GBDT,TRAIN,0.383206,0.3869380361964582,-0.003732036196458177
2346,420000,湖北,中部,2010,GBDT,TRAIN,0.38831,0.3836090090867846,0.004700990913215408
2347,430000,湖南,中部,2010,GBDT,TRAIN,0.351233,0.3500989337732819,0.001134066226718078
2348,620000,甘肃,西部,2010,GBDT,TRAIN,0.336322,0.3345173733104334,0.001804626689566602
2349,350000,福建,东部,2010,GBDT,TRAIN,0.425601,0.4270193833487803,-0.00141838334878025
2350,540000,西藏,西部,2010,GBDT,TRAIN,0.319901,0.3198080006677831,9.299933221690315e-05
2351,520000,贵州,西部,2010,GBDT,TRAIN,0.26812,0.2690107505484577,-0.0008907505484577194
2352,210000,辽宁,东部,2010,GBDT,TRAIN,0.41895,0.4123195760525276,0.00663042394747243
2353,500000,重庆,西部,2010,GBDT,TRAIN,0.39256,0.3928876700200009,-0.000327670020000892
2354,610000,陕西,西部,2010,GBDT,TRAIN,0.409684,0.4027944225647551,0.006889577435244876
2355,630000,青海,西部,2010,GBDT,TRAIN,0.380195,0.3786510184332174,0.001543981566782593
2356,230000,黑龙江,中部,2010,GBDT,TRAIN,0.341506,0.3420985854237797,-0.0005925854237797124
2357,310000,上海,东部,2011,GBDT,TRAIN,0.52444,0.5222435914956011,0.00219640850439895
2358,530000,云南,西部,2011,GBDT,TRAIN,0.342188,0.3349149342011726,0.007273065798827416
2359,150000,内蒙古,西部,2011,GBDT,TRAIN,0.395885,0.4073851678390895,-0.01150016783908947
2360,110000,北京,东部,2011,GBDT,TRAIN,0.707105,0.7022823923636394,0.004822607636360554
2361,220000,吉林,中部,2011,GBDT,TRAIN,0.418573,0.4058008157333339,0.0127721842666661
2362,510000,四川,西部,2011,GBDT,TRAIN,0.346289,0.3586183028555044,-0.01232930285550438
2363,120000,天津,东部,2011,GBDT,TRAIN,0.530708,0.5312150202120405,-0.0005070202120405209
2364,640000,宁夏,西部,2011,GBDT,TRAIN,0.397901,0.4023647294025662,-0.00446372940256623
2365,340000,安徽,中部,2011,GBDT,TRAIN,0.374981,0.3746004124357744,0.0003805875642255985
2366,370000,山东,东部,2011,GBDT,TRAIN,0.488759,0.4867782594613564,0.001980740538643611
2367,140000,山西,中部,2011,GBDT,TRAIN,0.401151,0.3973528089253022,0.003798191074697754
2368,440000,广东,东部,2011,GBDT,TRAIN,0.5261,0.523374776123069,0.002725223876930971
2369,450000,广西,西部,2011,GBDT,TRAIN,0.331927,0.3398842919964584,-0.007957291996458393
2370,650000,新疆,西部,2011,GBDT,TRAIN,0.398319,0.3921220689851523,0.00619693101484764
2371,320000,江苏,东部,2011,GBDT,TRAIN,0.53548,0.5312376208941885,0.004242379105811489
2372,360000,江西,中部,2011,GBDT,TRAIN,0.361149,0.3686973045353593,-0.007548304535359318
2373,130000,河北,东部,2011,GBDT,TRAIN,0.42148,0.4146523022658999,0.006827697734100135
2374,410000,河南,中部,2011,GBDT,TRAIN,0.321146,0.324790351034131,-0.003644351034130966
2375,330000,浙江,东部,2011,GBDT,TRAIN,0.509859,0.5161330478855889,-0.00627404788558894
2376,460000,海南,东部,2011,GBDT,TRAIN,0.469869,0.4586174834648551,0.01125151653514489
2377,420000,湖北,中部,2011,GBDT,TRAIN,0.408075,0.4033991374887118,0.004675862511288265
2378,430000,湖南,中部,2011,GBDT,TRAIN,0.351698,0.3543157385514923,-0.002617738551492332
2379,620000,甘肃,西部,2011,GBDT,TRAIN,0.361354,0.3580032365209856,0.003350763479014363
2380,350000,福建,东部,2011,GBDT,TRAIN,0.435985,0.4472113686914747,-0.0112263686914747
2381,540000,西藏,西部,2011,GBDT,TRAIN,0.306182,0.3045241397672358,0.001657860232764208
2382,520000,贵州,西部,2011,GBDT,TRAIN,0.269938,0.280723990597138,-0.01078599059713803
2383,210000,辽宁,东部,2011,GBDT,TRAIN,0.431516,0.4316994533704616,-0.0001834533704615504
2384,500000,重庆,西部,2011,GBDT,TRAIN,0.424435,0.4271241511186071,-0.002689151118607069
2385,610000,陕西,西部,2011,GBDT,TRAIN,0.434556,0.4286985442592775,0.005857455740722495
2386,630000,青海,西部,2011,GBDT,TRAIN,0.380392,0.3797958528574207,0.000596147142579273
2387,230000,黑龙江,中部,2011,GBDT,TRAIN,0.351356,0.3638972328939054,-0.01254123289390535
2388,310000,上海,东部,2012,GBDT,TRAIN,0.509711,0.5106252398607362,-0.0009142398607361324
2389,530000,云南,西部,2012,GBDT,TRAIN,0.342158,0.3457349367845073,-0.003576936784507323
2390,150000,内蒙古,西部,2012,GBDT,TRAIN,0.424821,0.4289340055086133,-0.004113005508613321
2391,110000,北京,东部,2012,GBDT,TRAIN,0.699799,0.7039346294760864,-0.004135629476086478
2392,220000,吉林,中部,2012,GBDT,TRAIN,0.437314,0.4299285899160254,0.007385410083974531
2393,510000,四川,西部,2012,GBDT,TRAIN,0.381361,0.3878103348967949,-0.006449334896794889
2394,120000,天津,东部,2012,GBDT,TRAIN,0.534811,0.5321568972684769,0.002654102731523111
2395,640000,宁夏,西部,2012,GBDT,TRAIN,0.397271,0.4047792573069794,-0.007508257306979405
2396,340000,安徽,中部,2012,GBDT,TRAIN,0.396032,0.3920284777463812,0.004003522253618774
2397,370000,山东,东部,2012,GBDT,TRAIN,0.51803,0.5156286435935884,0.002401356406411592
2398,140000,山西,中部,2012,GBDT,TRAIN,0.423134,0.4186567209256747,0.004477279074325324
2399,440000,广东,东部,2012,GBDT,TRAIN,0.532101,0.5308688524025125,0.001232147597487576
2400,450000,广西,西部,2012,GBDT,TRAIN,0.35927,0.3637789633730167,-0.004508963373016706
2401,650000,新疆,西部,2012,GBDT,TRAIN,0.409927,0.4089327923192142,0.0009942076807857858
2402,320000,江苏,东部,2012,GBDT,TRAIN,0.552881,0.546114795407389,0.006766204592610903
2403,360000,江西,中部,2012,GBDT,TRAIN,0.395292,0.392992001389037,0.002299998610962972
2404,130000,河北,东部,2012,GBDT,TRAIN,0.443302,0.4424065656954361,0.0008954343045638469
2405,410000,河南,中部,2012,GBDT,TRAIN,0.347414,0.3539008693791047,-0.006486869379104698
2406,330000,浙江,东部,2012,GBDT,TRAIN,0.521526,0.5266703502387721,-0.005144350238772022
2407,460000,海南,东部,2012,GBDT,TRAIN,0.467232,0.4641156953972832,0.00311630460271678
2408,420000,湖北,中部,2012,GBDT,TRAIN,0.42698,0.4230936246205128,0.003886375379487272
2409,430000,湖南,中部,2012,GBDT,TRAIN,0.374403,0.3733020571812134,0.001100942818786588
2410,620000,甘肃,西部,2012,GBDT,TRAIN,0.37114,0.3712247467100042,-8.474671000419098e-05
2411,350000,福建,东部,2012,GBDT,TRAIN,0.459472,0.4584841030815258,0.0009878969184741737
2412,540000,西藏,西部,2012,GBDT,TRAIN,0.30096,0.3024823709448,-0.001522370944800011
2413,520000,贵州,西部,2012,GBDT,TRAIN,0.305635,0.3069188845600425,-0.00128388456004247
2414,210000,辽宁,东部,2012,GBDT,TRAIN,0.451064,0.4531246945571628,-0.002060694557162734
2415,500000,重庆,西部,2012,GBDT,TRAIN,0.460347,0.4592428019394632,0.001104198060536798
2416,610000,陕西,西部,2012,GBDT,TRAIN,0.45579,0.4568827841269269,-0.001092784126926927
2417,630000,青海,西部,2012,GBDT,TRAIN,0.394275,0.4015253691844534,-0.007250369184453376
2418,230000,黑龙江,中部,2012,GBDT,TRAIN,0.369154,0.3871820752476849,-0.0180280752476849
2419,310000,上海,东部,2013,GBDT,TRAIN,0.499295,0.504147534681702,-0.004852534681702048
2420,530000,云南,西部,2013,GBDT,TRAIN,0.363584,0.3696961214547385,-0.006112121454738439
2421,150000,内蒙古,西部,2013,GBDT,TRAIN,0.452539,0.4453365352959489,0.00720246470405117
2422,110000,北京,东部,2013,GBDT,TRAIN,0.71665,0.7139434610359525,0.002706538964047489
2423,220000,吉林,中部,2013,GBDT,TRAIN,0.453477,0.4439694695960755,0.009507530403924491
2424,510000,四川,西部,2013,GBDT,TRAIN,0.399379,0.4076615124712434,-0.008282512471243397
2425,120000,天津,东部,2013,GBDT,TRAIN,0.554772,0.5461163897860156,0.008655610213984422
2426,640000,宁夏,西部,2013,GBDT,TRAIN,0.425273,0.4333303407011411,-0.008057340701141058
2427,340000,安徽,中部,2013,GBDT,TRAIN,0.430476,0.4282549241683956,0.002221075831604413
2428,370000,山东,东部,2013,GBDT,TRAIN,0.550434,0.5388701079153633,0.01156389208463671
2429,140000,山西,中部,2013,GBDT,TRAIN,0.455473,0.4383257657424092,0.01714723425759085
2430,440000,广东,东部,2013,GBDT,TRAIN,0.554137,0.5521454496234585,0.001991550376541529
2431,450000,广西,西部,2013,GBDT,TRAIN,0.385183,0.3871435711993125,-0.001960571199312533
2432,650000,新疆,西部,2013,GBDT,TRAIN,0.43343,0.4273212910780094,0.006108708921990613
2433,320000,江苏,东部,2013,GBDT,TRAIN,0.579476,0.5804715683672259,-0.0009955683672259186
2434,360000,江西,中部,2013,GBDT,TRAIN,0.400488,0.4100687328979059,-0.009580732897905841
2435,130000,河北,东部,2013,GBDT,TRAIN,0.475631,0.4660467886578248,0.009584211342175186
2436,410000,河南,中部,2013,GBDT,TRAIN,0.368835,0.3680026243090952,0.0008323756909047741
2437,330000,浙江,东部,2013,GBDT,TRAIN,0.536391,0.5350478693609757,0.001343130639024248
2438,460000,海南,东部,2013,GBDT,TRAIN,0.478897,0.4795320240248424,-0.00063502402484239
2439,420000,湖北,中部,2013,GBDT,TRAIN,0.452791,0.4507061696995115,0.002084830300488449
2440,430000,湖南,中部,2013,GBDT,TRAIN,0.392934,0.3984253870052268,-0.005491387005226778
2441,620000,甘肃,西部,2013,GBDT,TRAIN,0.395874,0.3906684083098201,0.005205591690179923
2442,350000,福建,东部,2013,GBDT,TRAIN,0.474724,0.4775355493733685,-0.002811549373368527
2443,540000,西藏,西部,2013,GBDT,TRAIN,0.301734,0.3066957444080257,-0.004961744408025659
2444,520000,贵州,西部,2013,GBDT,TRAIN,0.342552,0.343875164205516,-0.001323164205515981
2445,210000,辽宁,东部,2013,GBDT,TRAIN,0.47184,0.4744587475835265,-0.002618747583526537
2446,500000,重庆,西部,2013,GBDT,TRAIN,0.471614,0.468903978930837,0.002710021069163016
2447,610000,陕西,西部,2013,GBDT,TRAIN,0.471334,0.4658868824437194,0.005447117556280578
2448,630000,青海,西部,2013,GBDT,TRAIN,0.435803,0.4308967161244016,0.004906283875598438
2449,230000,黑龙江,中部,2013,GBDT,TRAIN,0.394048,0.3994989842961194,-0.005450984296119343
2450,310000,上海,东部,2014,GBDT,TRAIN,0.512259,0.5133907411358534,-0.001131741135853348
2451,530000,云南,西部,2014,GBDT,TRAIN,0.394056,0.391785925001235,0.00227007499876497
2452,150000,内蒙古,西部,2014,GBDT,TRAIN,0.485318,0.4747008026175648,0.01061719738243522
2453,110000,北京,东部,2014,GBDT,TRAIN,0.753878,0.7539050120662244,-2.701206622435226e-05
2454,220000,吉林,中部,2014,GBDT,TRAIN,0.48598,0.4734792977463534,0.01250070225364663
2455,510000,四川,西部,2014,GBDT,TRAIN,0.404679,0.4166853919751108,-0.01200639197511078
2456,120000,天津,东部,2014,GBDT,TRAIN,0.553833,0.547496510592739,0.006336489407261059
2457,640000,宁夏,西部,2014,GBDT,TRAIN,0.450809,0.4554336074153276,-0.004624607415327553
2458,340000,安徽,中部,2014,GBDT,TRAIN,0.445222,0.4491321490901196,-0.003910149090119608
2459,370000,山东,东部,2014,GBDT,TRAIN,0.543577,0.5420637236431307,0.001513276356869264
2460,140000,山西,中部,2014,GBDT,TRAIN,0.456001,0.4454207446173935,0.01058025538260648
2461,440000,广东,东部,2014,GBDT,TRAIN,0.551331,0.5543556514264463,-0.003024651426446257
2462,450000,广西,西部,2014,GBDT,TRAIN,0.405192,0.4013764103670639,0.003815589632936101
2463,650000,新疆,西部,2014,GBDT,TRAIN,0.452118,0.4405717906231241,0.01154620937687595
2464,320000,江苏,东部,2014,GBDT,TRAIN,0.595037,0.5905527153613174,0.004484284638682667
2465,360000,江西,中部,2014,GBDT,TRAIN,0.401411,0.4203654156621205,-0.01895441566212047
2466,130000,河北,东部,2014,GBDT,TRAIN,0.488183,0.4782003986865057,0.009982601313494266
2467,410000,河南,中部,2014,GBDT,TRAIN,0.389505,0.3952885512054149,-0.005783551205414905
2468,330000,浙江,东部,2014,GBDT,TRAIN,0.555829,0.5544175794731219,0.001411420526878149
2469,460000,海南,东部,2014,GBDT,TRAIN,0.481688,0.476110375904331,0.005577624095669032
2470,420000,湖北,中部,2014,GBDT,TRAIN,0.472876,0.4750733015472061,-0.002197301547206043
2471,430000,湖南,中部,2014,GBDT,TRAIN,0.418207,0.4179111689932968,0.0002958310067031622
2472,620000,甘肃,西部,2014,GBDT,TRAIN,0.408766,0.4076796736716358,0.001086326328364251
2473,350000,福建,东部,2014,GBDT,TRAIN,0.490599,0.4986749869116214,-0.008075986911621369
2474,540000,西藏,西部,2014,GBDT,TRAIN,0.374178,0.3673332620029111,0.006844737997088901
2475,520000,贵州,西部,2014,GBDT,TRAIN,0.365249,0.3663741227069064,-0.001125122706906456
2476,210000,辽宁,东部,2014,GBDT,TRAIN,0.487013,0.4839577069355326,0.00305529306446739
2477,500000,重庆,西部,2014,GBDT,TRAIN,0.473044,0.4726231067720709,0.0004208932279290978
2478,610000,陕西,西部,2014,GBDT,TRAIN,0.479637,0.4766838142136902,0.002953185786309764
2479,630000,青海,西部,2014,GBDT,TRAIN,0.43016,0.4332584318842487,-0.003098431884248742
2480,230000,黑龙江,中部,2014,GBDT,TRAIN,0.40233,0.4045663622696844,-0.002236362269684378
2481,310000,上海,东部,2015,GBDT,TRAIN,0.530903,0.5334340198683092,-0.00253101986830917
2482,530000,云南,西部,2015,GBDT,TRAIN,0.401134,0.4088582220340088,-0.007724222034008799
2483,150000,内蒙古,西部,2015,GBDT,TRAIN,0.5028,0.4970451518592012,0.005754848140798796
2484,110000,北京,东部,2015,GBDT,TRAIN,0.766158,0.7714329453464981,-0.005274945346498083
2485,220000,吉林,中部,2015,GBDT,TRAIN,0.45475,0.4596436486986599,-0.004893648698659936
2486,510000,四川,西部,2015,GBDT,TRAIN,0.417983,0.4256294644391275,-0.007646464439127532
2487,120000,天津,东部,2015,GBDT,TRAIN,0.55387,0.5570986038645881,-0.00322860386458812
2488,640000,宁夏,西部,2015,GBDT,TRAIN,0.47163,0.4669780020423844,0.004651997957615617
2489,340000,安徽,中部,2015,GBDT,TRAIN,0.465285,0.4651139157755639,0.0001710842244361244
2490,370000,山东,东部,2015,GBDT,TRAIN,0.5509,0.5437612229676112,0.007138777032388743
2491,140000,山西,中部,2015,GBDT,TRAIN,0.451235,0.45195406304036,-0.0007190630403599574
2492,440000,广东,东部,2015,GBDT,TRAIN,0.541074,0.548570820056173,-0.007496820056172915
2493,450000,广西,西部,2015,GBDT,TRAIN,0.423979,0.4230716854054977,0.0009073145945022731
2494,650000,新疆,西部,2015,GBDT,TRAIN,0.472146,0.4609882646285051,0.01115773537149489
2495,320000,江苏,东部,2015,GBDT,TRAIN,0.615843,0.6033052784808673,0.01253772151913268
2496,360000,江西,中部,2015,GBDT,TRAIN,0.421779,0.4384582481312607,-0.0166792481312607
2497,130000,河北,东部,2015,GBDT,TRAIN,0.512584,0.5013388369319042,0.01124516306809586
2498,410000,河南,中部,2015,GBDT,TRAIN,0.414816,0.4203591165337467,-0.005543116533746728
2499,330000,浙江,东部,2015,GBDT,TRAIN,0.565243,0.5662404715700677,-0.0009974715700676873
2500,460000,海南,东部,2015,GBDT,TRAIN,0.494865,0.4963020268091026,-0.001437026809102626
2501,420000,湖北,中部,2015,GBDT,TRAIN,0.496589,0.491043160480128,0.005545839519871976
2502,430000,湖南,中部,2015,GBDT,TRAIN,0.434362,0.4361960469870849,-0.001834046987084836
2503,620000,甘肃,西部,2015,GBDT,TRAIN,0.426775,0.427312839462071,-0.000537839462070977
2504,350000,福建,东部,2015,GBDT,TRAIN,0.506608,0.5109095864174609,-0.004301586417460923
2505,540000,西藏,西部,2015,GBDT,TRAIN,0.479145,0.4733011423490424,0.005843857650957573
2506,520000,贵州,西部,2015,GBDT,TRAIN,0.394252,0.3935572582860746,0.0006947417139254175
2507,210000,辽宁,东部,2015,GBDT,TRAIN,0.487913,0.4820055565316348,0.005907443468365192
2508,500000,重庆,西部,2015,GBDT,TRAIN,0.497174,0.496723191842301,0.0004508081576990453
2509,610000,陕西,西部,2015,GBDT,TRAIN,0.503439,0.4894580483323279,0.0139809516676721
2510,630000,青海,西部,2015,GBDT,TRAIN,0.463007,0.4555938567098048,0.007413143290195157
2511,230000,黑龙江,中部,2015,GBDT,TRAIN,0.411819,0.4104792347354518,0.001339765264548209
2512,310000,上海,东部,2016,GBDT,TRAIN,0.552024,0.5521437217685431,-0.0001197217685431351
2513,530000,云南,西部,2016,GBDT,TRAIN,0.432435,0.4334576665961269,-0.001022666596126875
2514,150000,内蒙古,西部,2016,GBDT,TRAIN,0.508229,0.5073238495124044,0.0009051504875956518
2515,110000,北京,东部,2016,GBDT,TRAIN,0.778668,0.7786120417188739,5.595828112614498e-05
2516,220000,吉林,中部,2016,GBDT,TRAIN,0.458748,0.4595120022463031,-0.0007640022463031304
2517,510000,四川,西部,2016,GBDT,TRAIN,0.424258,0.4234514013163316,0.0008065986836683914
2518,120000,天津,东部,2016,GBDT,TRAIN,0.546051,0.5542363619940657,-0.00818536199406572
2519,640000,宁夏,西部,2016,GBDT,TRAIN,0.467957,0.4734826919096967,-0.005525691909696706
2520,340000,安徽,中部,2016,GBDT,TRAIN,0.487232,0.4889296247762281,-0.00169762477622809
2521,370000,山东,东部,2016,GBDT,TRAIN,0.563037,0.5573229241340653,0.005714075865934753
2522,140000,山西,中部,2016,GBDT,TRAIN,0.476689,0.4724940721577142,0.004194927842285812
2523,440000,广东,东部,2016,GBDT,TRAIN,0.550845,0.556209099330399,-0.005364099330398941
2524,450000,广西,西部,2016,GBDT,TRAIN,0.431724,0.4413499128745629,-0.009625912874562936
2525,650000,新疆,西部,2016,GBDT,TRAIN,0.480806,0.4677413962428021,0.01306460375719787
2526,320000,江苏,东部,2016,GBDT,TRAIN,0.625346,0.6173981104452317,0.007947889554768217
2527,360000,江西,中部,2016,GBDT,TRAIN,0.449652,0.4569871109934623,-0.007335110993462346
2528,130000,河北,东部,2016,GBDT,TRAIN,0.510421,0.5030610963272875,0.007359903672712553
2529,410000,河南,中部,2016,GBDT,TRAIN,0.437887,0.4424174053403726,-0.004530405340372579
2530,330000,浙江,东部,2016,GBDT,TRAIN,0.574848,0.5767943360226464,-0.001946336022646378
2531,460000,海南,东部,2016,GBDT,TRAIN,0.499456,0.4972148138389867,0.00224118616101332
2532,420000,湖北,中部,2016,GBDT,TRAIN,0.515551,0.5124546153882467,0.003096384611753322
2533,430000,湖南,中部,2016,GBDT,TRAIN,0.454899,0.4647903603073917,-0.009891360307391739
2534,620000,甘肃,西部,2016,GBDT,TRAIN,0.43951,0.4398629371545226,-0.0003529371545226145
2535,350000,福建,东部,2016,GBDT,TRAIN,0.524105,0.5261511941334945,-0.002046194133494494
2536,540000,西藏,西部,2016,GBDT,TRAIN,0.342395,0.3463975610239238,-0.004002561023923823
2537,520000,贵州,西部,2016,GBDT,TRAIN,0.430882,0.4231625728993582,0.007719427100641829
2538,210000,辽宁,东部,2016,GBDT,TRAIN,0.472639,0.4762452877033865,-0.003606287703386557
2539,500000,重庆,西部,2016,GBDT,TRAIN,0.503131,0.5089041609519508,-0.005773160951950795
2540,610000,陕西,西部,2016,GBDT,TRAIN,0.49743,0.4966819017883344,0.0007480982116656043
2541,630000,青海,西部,2016,GBDT,TRAIN,0.456845,0.4588129999372162,-0.001967999937216192
2542,230000,黑龙江,中部,2016,GBDT,TRAIN,0.40789,0.4225385189959414,-0.01464851899594138
2543,310000,上海,东部,2017,GBDT,TRAIN,0.587104,0.5832676791015915,0.003836320898408463
2544,530000,云南,西部,2017,GBDT,TRAIN,0.440793,0.4433481689357298,-0.002555168935729824
2545,150000,内蒙古,西部,2017,GBDT,TRAIN,0.50881,0.5096797120492363,-0.0008697120492363597
2546,110000,北京,东部,2017,GBDT,TRAIN,0.815825,0.8059149736456341,0.009910026354365886
2547,220000,吉林,中部,2017,GBDT,TRAIN,0.456131,0.4668128680708751,-0.01068186807087507
2548,510000,四川,西部,2017,GBDT,TRAIN,0.44983,0.4559045874706784,-0.006074587470678405
2549,120000,天津,东部,2017,GBDT,TRAIN,0.59251,0.5869261585721017,0.005583841427898251
2550,640000,宁夏,西部,2017,GBDT,TRAIN,0.503942,0.5034852716562754,0.0004567283437245662
2551,340000,安徽,中部,2017,GBDT,TRAIN,0.523465,0.5153449323393049,0.008120067660695063
2552,370000,山东,东部,2017,GBDT,TRAIN,0.571386,0.5794852293932223,-0.008099229393222385
2553,140000,山西,中部,2017,GBDT,TRAIN,0.492633,0.4833572916364444,0.009275708363555568
2554,440000,广东,东部,2017,GBDT,TRAIN,0.572343,0.5790920985861272,-0.006749098586127156
2555,450000,广西,西部,2017,GBDT,TRAIN,0.455427,0.4569699235852901,-0.001542923585290124
2556,650000,新疆,西部,2017,GBDT,TRAIN,0.484046,0.4876271394103276,-0.003581139410327616
2557,320000,江苏,东部,2017,GBDT,TRAIN,0.631071,0.6255651850057247,0.005505814994275382
2558,360000,江西,中部,2017,GBDT,TRAIN,0.481004,0.49123431005285,-0.01023031005285002
2559,130000,河北,东部,2017,GBDT,TRAIN,0.548186,0.5421038814607682,0.006082118539231796
2560,410000,河南,中部,2017,GBDT,TRAIN,0.471023,0.4753162454838779,-0.004293245483877828
2561,330000,浙江,东部,2017,GBDT,TRAIN,0.593708,0.5996616289469376,-0.005953628946937628
2562,460000,海南,东部,2017,GBDT,TRAIN,0.511565,0.5120797467756518,-0.0005147467756517754
2563,420000,湖北,中部,2017,GBDT,TRAIN,0.51398,0.5189886828966376,-0.005008682896637584
2564,430000,湖南,中部,2017,GBDT,TRAIN,0.459341,0.4720389888539698,-0.01269798885396983
2565,620000,甘肃,西部,2017,GBDT,TRAIN,0.450083,0.4533170987103614,-0.003234098710361344
2566,350000,福建,东部,2017,GBDT,TRAIN,0.534499,0.5432624906896073,-0.008763490689607356
2567,540000,西藏,西部,2017,GBDT,TRAIN,0.399187,0.4004977634652939,-0.001310763465293852
2568,520000,贵州,西部,2017,GBDT,TRAIN,0.437645,0.4389074496688211,-0.001262449668821108
2569,210000,辽宁,东部,2017,GBDT,TRAIN,0.495238,0.4903207676356526,0.004917232364347379
2570,500000,重庆,西部,2017,GBDT,TRAIN,0.52428,0.526671109555137,-0.002391109555136994
2571,610000,陕西,西部,2017,GBDT,TRAIN,0.517211,0.5084292749987713,0.008781725001228646
2572,630000,青海,西部,2017,GBDT,TRAIN,0.466649,0.4727780401964203,-0.006129040196420354
2573,230000,黑龙江,中部,2017,GBDT,TRAIN,0.451933,0.4567124939786003,-0.00477949397860028
2574,310000,上海,东部,2018,GBDT,TRAIN,0.579515,0.5799661034110442,-0.0004511034110441514
2575,530000,云南,西部,2018,GBDT,TRAIN,0.442875,0.4521744982795607,-0.00929949827956067
2576,150000,内蒙古,西部,2018,GBDT,TRAIN,0.514235,0.5180769299553862,-0.003841929955386236
2577,110000,北京,东部,2018,GBDT,TRAIN,0.768698,0.7684096977753462,0.0002883022246538136
2578,220000,吉林,中部,2018,GBDT,TRAIN,0.465133,0.465880683873917,-0.0007476838739169378
2579,510000,四川,西部,2018,GBDT,TRAIN,0.475265,0.4812298940257153,-0.005964894025715262
2580,120000,天津,东部,2018,GBDT,TRAIN,0.52457,0.5372163078155088,-0.01264630781550879
2581,640000,宁夏,西部,2018,GBDT,TRAIN,0.532364,0.5247507524851671,0.007613247514832833
2582,340000,安徽,中部,2018,GBDT,TRAIN,0.537699,0.5428172006118307,-0.005118200611830659
2583,370000,山东,东部,2018,GBDT,TRAIN,0.57816,0.5780757967734053,8.420322659474788e-05
2584,140000,山西,中部,2018,GBDT,TRAIN,0.526914,0.5129634793218836,0.01395052067811642
2585,440000,广东,东部,2018,GBDT,TRAIN,0.592452,0.5941630105428232,-0.001711010542823188
2586,450000,广西,西部,2018,GBDT,TRAIN,0.463532,0.4773523735246233,-0.01382037352462329
2587,650000,新疆,西部,2018,GBDT,TRAIN,0.509686,0.509929261033019,-0.0002432610330190821
2588,320000,江苏,东部,2018,GBDT,TRAIN,0.629004,0.6265334313532996,0.002470568646700366
2589,360000,江西,中部,2018,GBDT,TRAIN,0.487213,0.5003850702802043,-0.01317207028020428
2590,130000,河北,东部,2018,GBDT,TRAIN,0.570683,0.5595057788279838,0.01117722117201625
2591,410000,河南,中部,2018,GBDT,TRAIN,0.504805,0.501889763641539,0.002915236358460915
2592,330000,浙江,东部,2018,GBDT,TRAIN,0.599335,0.6016147944584321,-0.002279794458432183
2593,460000,海南,东部,2018,GBDT,TRAIN,0.52992,0.5352892167755307,-0.005369216775530705
2594,420000,湖北,中部,2018,GBDT,TRAIN,0.540135,0.5388520614224976,0.00128293857750239
2595,430000,湖南,中部,2018,GBDT,TRAIN,0.493819,0.5012460963017606,-0.007427096301760638
2596,620000,甘肃,西部,2018,GBDT,TRAIN,0.469899,0.4656193305965405,0.00427966940345953
2597,350000,福建,东部,2018,GBDT,TRAIN,0.561814,0.5695052803991811,-0.0076912803991811
2598,540000,西藏,西部,2018,GBDT,TRAIN,0.365356,0.3669351376722723,-0.001579137672272302
2599,520000,贵州,西部,2018,GBDT,TRAIN,0.452155,0.4503818032365216,0.001773196763478369
2600,210000,辽宁,东部,2018,GBDT,TRAIN,0.491053,0.4952027486665246,-0.004149748666524566
2601,500000,重庆,西部,2018,GBDT,TRAIN,0.537998,0.5391259941338754,-0.001127994133875432
2602,610000,陕西,西部,2018,GBDT,TRAIN,0.52065,0.5288343205825453,-0.008184320582545368
2603,630000,青海,西部,2018,GBDT,TRAIN,0.479832,0.4791014560383929,0.0007305439616070997
2604,230000,黑龙江,中部,2018,GBDT,TRAIN,0.451123,0.462561232207382,-0.01143823220738199
2605,310000,上海,东部,2019,GBDT,TRAIN,0.580014,0.5796931344903409,0.0003208655096591517
2606,530000,云南,西部,2019,GBDT,TRAIN,0.45998,0.4663623489110769,-0.006382348911076863
2607,150000,内蒙古,西部,2019,GBDT,TRAIN,0.516332,0.5178376617978732,-0.001505661797873148
2608,110000,北京,东部,2019,GBDT,TRAIN,0.752702,0.7550768594208096,-0.002374859420809616
2609,220000,吉林,中部,2019,GBDT,TRAIN,0.489024,0.4838613813977132,0.005162618602286784
2610,510000,四川,西部,2019,GBDT,TRAIN,0.502332,0.5002757945060133,0.002056205493986663
2611,120000,天津,东部,2019,GBDT,TRAIN,0.625394,0.6135059323126514,0.01188806768734862
2612,640000,宁夏,西部,2019,GBDT,TRAIN,0.525372,0.5293458445345317,-0.003973844534531756
2613,340000,安徽,中部,2019,GBDT,TRAIN,0.572304,0.5654914629244303,0.006812537075569725
2614,370000,山东,东部,2019,GBDT,TRAIN,0.588186,0.5830979412966202,0.005088058703379805
2615,140000,山西,中部,2019,GBDT,TRAIN,0.563699,0.5485480387209631,0.01515096127903681
2616,440000,广东,东部,2019,GBDT,TRAIN,0.612601,0.6119276562596707,0.0006733437403292353
2617,450000,广西,西部,2019,GBDT,TRAIN,0.479507,0.4830754037891573,-0.003568403789157237
2618,650000,新疆,西部,2019,GBDT,TRAIN,0.529405,0.519859774707519,0.00954522529248103
2619,320000,江苏,东部,2019,GBDT,TRAIN,0.63879,0.6359250577173466,0.002864942282653327
2620,360000,江西,中部,2019,GBDT,TRAIN,0.510065,0.516102900872783,-0.006037900872782997
2621,130000,河北,东部,2019,GBDT,TRAIN,0.587495,0.5834259520748285,0.004069047925171487
2622,410000,河南,中部,2019,GBDT,TRAIN,0.503784,0.5138317163857874,-0.01004771638578739
2623,330000,浙江,东部,2019,GBDT,TRAIN,0.617281,0.6151742920137144,0.002106707986285539
2624,460000,海南,东部,2019,GBDT,TRAIN,0.547691,0.544815414985677,0.002875585014323057
2625,420000,湖北,中部,2019,GBDT,TRAIN,0.564303,0.5593887985032261,0.004914201496773907
2626,430000,湖南,中部,2019,GBDT,TRAIN,0.544865,0.5340384661744619,0.01082653382553811
2627,620000,甘肃,西部,2019,GBDT,TRAIN,0.474349,0.4805777580673382,-0.006228758067338136
2628,350000,福建,东部,2019,GBDT,TRAIN,0.596953,0.592961414104096,0.003991585895903982
2629,540000,西藏,西部,2019,GBDT,TRAIN,0.38243,0.3831566678741885,-0.0007266678741885135
2630,520000,贵州,西部,2019,GBDT,TRAIN,0.479558,0.4801904429752746,-0.0006324429752746497
2631,210000,辽宁,东部,2019,GBDT,TRAIN,0.49813,0.4997648309278873,-0.001634830927887243
2632,500000,重庆,西部,2019,GBDT,TRAIN,0.55797,0.546003885638851,0.01196611436114892
2633,610000,陕西,西部,2019,GBDT,TRAIN,0.554226,0.5514388054008247,0.002787194599175313
2634,630000,青海,西部,2019,GBDT,TRAIN,0.509949,0.5041697438249823,0.005779256175017733
2635,230000,黑龙江,中部,2019,GBDT,TRAIN,0.492366,0.4872111271766226,0.005154872823377399
2636,310000,上海,东部,2023,GBDT,VAL,0.635576,0.7080164587737283,-0.07244045877372829
2637,530000,云南,西部,2023,GBDT,VAL,0.492518,0.5116554567004282,-0.01913745670042821
2638,150000,内蒙古,西部,2023,GBDT,VAL,0.531873,0.5063007765234111,0.02557222347658894
2639,110000,北京,东部,2023,GBDT,VAL,0.694676,0.7457470195732806,-0.05107101957328064
2640,220000,吉林,中部,2023,GBDT,VAL,0.541202,0.4873735755504955,0.05382842444950448
2641,510000,四川,西部,2023,GBDT,VAL,0.534815,0.5127245636779674,0.02209043632203267
2642,120000,天津,东部,2023,GBDT,VAL,0.535202,0.566889524245796,-0.03168752424579602
2643,640000,宁夏,西部,2023,GBDT,VAL,0.552874,0.5226304695869753,0.03024353041302463
2644,340000,安徽,中部,2023,GBDT,VAL,0.594185,0.5611087172692785,0.0330762827307215
2645,370000,山东,东部,2023,GBDT,VAL,0.617045,0.6187690441306595,-0.001724044130659519
2646,140000,山西,中部,2023,GBDT,VAL,0.583314,0.524534125507947,0.05877987449205302
2647,440000,广东,东部,2023,GBDT,VAL,0.586699,0.6405305717604659,-0.05383157176046593
2648,450000,广西,西部,2023,GBDT,VAL,0.515158,0.5386286138082045,-0.02347061380820448
2649,650000,新疆,西部,2023,GBDT,VAL,0.549562,0.5365581986563437,0.01300380134365631
2650,320000,江苏,东部,2023,GBDT,VAL,0.64272,0.644426449622065,-0.001706449622065009
2651,360000,江西,中部,2023,GBDT,VAL,0.608596,0.5464687704662551,0.06212722953374494
2652,130000,河北,东部,2023,GBDT,VAL,0.574037,0.5686359199160426,0.005401080083957455
2653,410000,河南,中部,2023,GBDT,VAL,0.514993,0.5432996442132464,-0.02830664421324636
2654,330000,浙江,东部,2023,GBDT,VAL,0.618958,0.6173845075333367,0.001573492466663273
2655,460000,海南,东部,2023,GBDT,VAL,0.551463,0.5747931842952769,-0.02333018429527689
2656,420000,湖北,中部,2023,GBDT,VAL,0.579412,0.5574349629414663,0.02197703705853371
2657,430000,湖南,中部,2023,GBDT,VAL,0.575631,0.5231906458421007,0.05244035415789927
2658,620000,甘肃,西部,2023,GBDT,VAL,0.527659,0.5043293331198857,0.02332966688011429
2659,350000,福建,东部,2023,GBDT,VAL,0.613066,0.6310489595514687,-0.01798295955146867
2660,540000,西藏,西部,2023,GBDT,VAL,0.469429,0.4361283603460775,0.03330063965392249
2661,520000,贵州,西部,2023,GBDT,VAL,0.503837,0.5305844473561784,-0.0267474473561784
2662,210000,辽宁,东部,2023,GBDT,VAL,0.506274,0.5183195204089417,-0.01204552040894169
2663,500000,重庆,西部,2023,GBDT,VAL,0.596489,0.537080115043167,0.05940888495683305
2664,610000,陕西,西部,2023,GBDT,VAL,0.572048,0.5384102599885602,0.03363774001143982
2665,630000,青海,西部,2023,GBDT,VAL,0.585917,0.5104410909426944,0.07547590905730561
2666,230000,黑龙江,中部,2023,GBDT,VAL,0.521684,0.4871280360032978,0.03455596399670219
2667,310000,上海,东部,2024,GBDT,VAL,0.640153,0.6898122124500297,-0.04965921245002969
2668,530000,云南,西部,2024,GBDT,VAL,0.496008,0.5164774271164443,-0.02046942711644428
2669,150000,内蒙古,西部,2024,GBDT,VAL,0.538097,0.5047890319802601,0.0333079680197399
2670,110000,北京,东部,2024,GBDT,VAL,0.696568,0.7409329110729401,-0.04436491107294016
2671,220000,吉林,中部,2024,GBDT,VAL,0.547011,0.4870550563654223,0.05995594363457768
2672,510000,四川,西部,2024,GBDT,VAL,0.536615,0.5127245636779674,0.02389043632203258
2673,120000,天津,东部,2024,GBDT,VAL,0.534036,0.566889524245796,-0.03285352424579602
2674,640000,宁夏,西部,2024,GBDT,VAL,0.559033,0.5323843076055436,0.02664869239445644
2675,340000,安徽,中部,2024,GBDT,VAL,0.597529,0.5610045512441814,0.03652444875581862
2676,370000,山东,东部,2024,GBDT,VAL,0.618532,0.6179574681626249,0.0005745318373751029
2677,140000,山西,中部,2024,GBDT,VAL,0.594264,0.5309577806550214,0.0633062193449786
2678,440000,广东,东部,2024,GBDT,VAL,0.58995,0.6415601902766638,-0.0516101902766638
2679,450000,广西,西部,2024,GBDT,VAL,0.515035,0.5386286138082045,-0.02359361380820446
2680,650000,新疆,西部,2024,GBDT,VAL,0.556275,0.5371810772827276,0.01909392271727239
2681,320000,江苏,东部,2024,GBDT,VAL,0.648149,0.6447319501550312,0.003417049844968822
2682,360000,江西,中部,2024,GBDT,VAL,0.611959,0.5539373736378339,0.05802162636216612
2683,130000,河北,东部,2024,GBDT,VAL,0.573678,0.5683229534888614,0.005355046511138606
2684,410000,河南,中部,2024,GBDT,VAL,0.513791,0.5448137099666779,-0.03102270996667789
2685,330000,浙江,东部,2024,GBDT,VAL,0.624323,0.6285671175962224,-0.004244117596222452
2686,460000,海南,东部,2024,GBDT,VAL,0.549362,0.5745976168745455,-0.02523561687454545
2687,420000,湖北,中部,2024,GBDT,VAL,0.582375,0.5574349629414663,0.02494003705853365
2688,430000,湖南,中部,2024,GBDT,VAL,0.580144,0.5251118304950282,0.05503216950497181
2689,620000,甘肃,西部,2024,GBDT,VAL,0.530509,0.5092660990898767,0.02124290091012326
2690,350000,福建,东部,2024,GBDT,VAL,0.615601,0.6327779444171358,-0.0171769444171358
2691,540000,西藏,西部,2024,GBDT,VAL,0.473639,0.4358699198295254,0.03776908017047453
2692,520000,贵州,西部,2024,GBDT,VAL,0.509591,0.5255327177499577,-0.01594171774995767
2693,210000,辽宁,东部,2024,GBDT,VAL,0.513433,0.5187271569837094,-0.005294156983709386
2694,500000,重庆,西部,2024,GBDT,VAL,0.60204,0.537080115043167,0.06495988495683302
2695,610000,陕西,西部,2024,GBDT,VAL,0.579652,0.5384102599885602,0.04124174001143976
2696,630000,青海,西部,2024,GBDT,VAL,0.587491,0.5104410909426944,0.07704990905730558
2697,230000,黑龙江,中部,2024,GBDT,VAL,0.525348,0.4948996602954679,0.03044833970453215
2698,310000,上海,东部,2020,GBDT,TEST,0.579822,0.7205568945878286,-0.1407348945878286
2699,530000,云南,西部,2020,GBDT,TEST,0.447013,0.4760139325686056,-0.02900093256860559
2700,150000,内蒙古,西部,2020,GBDT,TEST,0.514523,0.5031723230975752,0.01135067690242475
2701,110000,北京,东部,2020,GBDT,TEST,0.696177,0.7574442493510607,-0.06126724935106065
2702,220000,吉林,中部,2020,GBDT,TEST,0.487747,0.4915235218236145,-0.003776521823614487
2703,510000,四川,西部,2020,GBDT,TEST,0.502335,0.5021450026159361,0.0001899973840638891
2704,120000,天津,东部,2020,GBDT,TEST,0.529018,0.5714808261972266,-0.04246282619722663
2705,640000,宁夏,西部,2020,GBDT,TEST,0.511795,0.5446904068671594,-0.03289540686715942
2706,340000,安徽,中部,2020,GBDT,TEST,0.55174,0.5589863994637738,-0.007246399463773812
2707,370000,山东,东部,2020,GBDT,TEST,0.590034,0.6097781015360464,-0.01974410153604644
2708,140000,山西,中部,2020,GBDT,TEST,0.569411,0.5411374710251469,0.02827352897485313
2709,440000,广东,东部,2020,GBDT,TEST,0.579013,0.6028972983105969,-0.02388429831059691
2710,450000,广西,西部,2020,GBDT,TEST,0.482642,0.5016653992584085,-0.01902339925840846
2711,650000,新疆,西部,2020,GBDT,TEST,0.519253,0.5312832267314906,-0.01203022673149068
2712,320000,江苏,东部,2020,GBDT,TEST,0.623059,0.6242660379488713,-0.001207037948871226
2713,360000,江西,中部,2020,GBDT,TEST,0.519091,0.5251331505891131,-0.006042150589113171
2714,130000,河北,东部,2020,GBDT,TEST,0.575537,0.5641429724303487,0.01139402756965124
2715,410000,河南,中部,2020,GBDT,TEST,0.492978,0.5479718712391582,-0.05499387123915822
2716,330000,浙江,东部,2020,GBDT,TEST,0.596941,0.615976672252142,-0.01903567225214198
2717,460000,海南,东部,2020,GBDT,TEST,0.525731,0.5416249672230904,-0.01589396722309044
2718,420000,湖北,中部,2020,GBDT,TEST,0.521526,0.5378992328871007,-0.01637323288710069
2719,430000,湖南,中部,2020,GBDT,TEST,0.556662,0.5273877763653945,0.02927422363460552
2720,620000,甘肃,西部,2020,GBDT,TEST,0.475761,0.4882788793918585,-0.01251787939185856
2721,350000,福建,东部,2020,GBDT,TEST,0.571164,0.5932733583694437,-0.02210935836944372
2722,540000,西藏,西部,2020,GBDT,TEST,0.421445,0.4317912623266288,-0.01034626232662877
2723,520000,贵州,西部,2020,GBDT,TEST,0.484676,0.506088062149039,-0.02141206214903901
2724,210000,辽宁,东部,2020,GBDT,TEST,0.484983,0.5115497010839175,-0.02656670108391751
2725,500000,重庆,西部,2020,GBDT,TEST,0.512612,0.5327949624532924,-0.02018296245329243
2726,610000,陕西,西部,2020,GBDT,TEST,0.525287,0.530635035261791,-0.005348035261791062
2727,630000,青海,西部,2020,GBDT,TEST,0.517589,0.502366841361013,0.01522215863898702
2728,230000,黑龙江,中部,2020,GBDT,TEST,0.498029,0.4851229085195373,0.01290609148046268
2729,310000,上海,东部,2021,GBDT,TEST,0.614756,0.7053650186172149,-0.09060901861721493
2730,530000,云南,西部,2021,GBDT,TEST,0.456717,0.5061038257638191,-0.04938682576381909
2731,150000,内蒙古,西部,2021,GBDT,TEST,0.525867,0.507323736354599,0.01854326364540093
2732,110000,北京,东部,2021,GBDT,TEST,0.696985,0.7413037818665746,-0.04431878186657467
2733,220000,吉林,中部,2021,GBDT,TEST,0.507618,0.5008256621442988,0.006792337855701214
2734,510000,四川,西部,2021,GBDT,TEST,0.49883,0.516505888402751,-0.01767588840275103
2735,120000,天津,东部,2021,GBDT,TEST,0.541368,0.56974227290853,-0.02837427290853001
2736,640000,宁夏,西部,2021,GBDT,TEST,0.505012,0.5310843716817055,-0.02607237168170551
2737,340000,安徽,中部,2021,GBDT,TEST,0.56897,0.546938804204245,0.02203119579575497
2738,370000,山东,东部,2021,GBDT,TEST,0.605397,0.6271340888038747,-0.0217370888038747
2739,140000,山西,中部,2021,GBDT,TEST,0.584605,0.5285058290693426,0.05609917093065742
2740,440000,广东,东部,2021,GBDT,TEST,0.586034,0.6266105004574246,-0.04057650045742456
2741,450000,广西,西部,2021,GBDT,TEST,0.494129,0.5418123961060954,-0.04768339610609545
2742,650000,新疆,西部,2021,GBDT,TEST,0.518847,0.5144989368994259,0.004348063100574007
2743,320000,江苏,东部,2021,GBDT,TEST,0.644028,0.6379595431159799,0.006068456884020135
2744,360000,江西,中部,2021,GBDT,TEST,0.564084,0.5321029551771734,0.0319810448228266
2745,130000,河北,东部,2021,GBDT,TEST,0.554711,0.5693489053710139,-0.01463790537101395
2746,410000,河南,中部,2021,GBDT,TEST,0.493128,0.5606482433054587,-0.0675202433054587
2747,330000,浙江,东部,2021,GBDT,TEST,0.593534,0.6249020888992302,-0.03136808889923015
2748,460000,海南,东部,2021,GBDT,TEST,0.559285,0.5556806828128579,0.003604317187142159
2749,420000,湖北,中部,2021,GBDT,TEST,0.545311,0.5567803502025641,-0.01146935020256412
2750,430000,湖南,中部,2021,GBDT,TEST,0.555373,0.5441363097831,0.01123669021689999
2751,620000,甘肃,西部,2021,GBDT,TEST,0.474559,0.5105725043702387,-0.0360135043702387
2752,350000,福建,东部,2021,GBDT,TEST,0.592777,0.6362149296676942,-0.04343792966769422
2753,540000,西藏,西部,2021,GBDT,TEST,0.41731,0.4523245482307239,-0.03501454823072386
2754,520000,贵州,西部,2021,GBDT,TEST,0.481293,0.5126603504389894,-0.03136735043898936
2755,210000,辽宁,东部,2021,GBDT,TEST,0.509504,0.5147091067547912,-0.005205106754791244
2756,500000,重庆,西部,2021,GBDT,TEST,0.566352,0.5431517625864227,0.02320023741357724
2757,610000,陕西,西部,2021,GBDT,TEST,0.533037,0.5614007653372203,-0.02836376533722029
2758,630000,青海,西部,2021,GBDT,TEST,0.528139,0.5106343045338481,0.01750469546615196
2759,230000,黑龙江,中部,2021,GBDT,TEST,0.497259,0.4935257263097569,0.003733273690243122
2760,310000,上海,东部,2022,GBDT,TEST,0.607718,0.7307616030681543,-0.1230436030681543
2761,530000,云南,西部,2022,GBDT,TEST,0.46771,0.5107765883405542,-0.04306658834055416
2762,150000,内蒙古,西部,2022,GBDT,TEST,0.52779,0.5110335102536664,0.01675648974633359
2763,110000,北京,东部,2022,GBDT,TEST,0.685065,0.7420066884664961,-0.05694168846649605
2764,220000,吉林,中部,2022,GBDT,TEST,0.504623,0.4995059735719948,0.005117026428005211
2765,510000,四川,西部,2022,GBDT,TEST,0.512427,0.508290440850249,0.004136559149750973
2766,120000,天津,东部,2022,GBDT,TEST,0.533358,0.5801006442237819,-0.04674264422378194
2767,640000,宁夏,西部,2022,GBDT,TEST,0.538823,0.5276500725039678,0.01117292749603227
2768,340000,安徽,中部,2022,GBDT,TEST,0.587257,0.5584302204591799,0.02882677954082014
2769,370000,山东,东部,2022,GBDT,TEST,0.606987,0.6186944691297875,-0.01170746912978748
2770,140000,山西,中部,2022,GBDT,TEST,0.595399,0.5308169513961692,0.06458204860383077
2771,440000,广东,东部,2022,GBDT,TEST,0.581336,0.6271914146687037,-0.04585541466870369
2772,450000,广西,西部,2022,GBDT,TEST,0.514367,0.5334118399991982,-0.01904483999919815
2773,650000,新疆,西部,2022,GBDT,TEST,0.534181,0.5423798895012788,-0.008198889501278783
2774,320000,江苏,东部,2022,GBDT,TEST,0.637205,0.6343505496073103,0.002854450392689722
2775,360000,江西,中部,2022,GBDT,TEST,0.59208,0.5371234433515076,0.05495655664849242
2776,130000,河北,东部,2022,GBDT,TEST,0.56732,0.563635956426353,0.003684043573647044
2777,410000,河南,中部,2022,GBDT,TEST,0.499545,0.5427299478328904,-0.0431849478328904
2778,330000,浙江,东部,2022,GBDT,TEST,0.601991,0.6163356218921067,-0.01434462189210661
2779,460000,海南,东部,2022,GBDT,TEST,0.556857,0.5614117838907909,-0.004554783890790892
2780,420000,湖北,中部,2022,GBDT,TEST,0.556958,0.5580117155608743,-0.001053715560874302
2781,430000,湖南,中部,2022,GBDT,TEST,0.5679,0.5275180724599048,0.04038192754009517
2782,620000,甘肃,西部,2022,GBDT,TEST,0.502832,0.5188932890278473,-0.01606128902784731
2783,350000,福建,东部,2022,GBDT,TEST,0.597754,0.6365471597864536,-0.03879315978645359
2784,540000,西藏,西部,2022,GBDT,TEST,0.435723,0.4229426312388361,0.01278036876116395
2785,520000,贵州,西部,2022,GBDT,TEST,0.501379,0.5190647755148304,-0.01768577551483042
2786,210000,辽宁,东部,2022,GBDT,TEST,0.495944,0.5171114768913919,-0.02116747689139192
2787,500000,重庆,西部,2022,GBDT,TEST,0.585735,0.5429147885046839,0.04282021149531612
2788,610000,陕西,西部,2022,GBDT,TEST,0.56411,0.5515973180395967,0.01251268196040334
2789,630000,青海,西部,2022,GBDT,TEST,0.558508,0.5133604990086948,0.04514750099130516
2790,230000,黑龙江,中部,2022,GBDT,TEST,0.512927,0.4900434466801233,0.02288355331987668
2791,310000,上海,东部,2007,ELM,TRAIN,0.469494,0.499874280822958,-0.03038028082295802
2792,530000,云南,西部,2007,ELM,TRAIN,0.285728,0.3165008326299162,-0.03077283262991626
2793,150000,内蒙古,西部,2007,ELM,TRAIN,0.35025,0.346131428857947,0.004118571142052996
2794,110000,北京,东部,2007,ELM,TRAIN,0.614172,0.6353949027384302,-0.02122290273843019
2795,220000,吉林,中部,2007,ELM,TRAIN,0.32063,0.3471105289167682,-0.02648052891676822
2796,510000,四川,西部,2007,ELM,TRAIN,0.310444,0.327723785443255,-0.01727978544325504
2797,120000,天津,东部,2007,ELM,TRAIN,0.445921,0.4572019255586356,-0.01128092555863563
2798,640000,宁夏,西部,2007,ELM,TRAIN,0.320032,0.3289224185633228,-0.008890418563322844
2799,340000,安徽,中部,2007,ELM,TRAIN,0.315404,0.3364581176156707,-0.02105411761567066
2800,370000,山东,东部,2007,ELM,TRAIN,0.414638,0.3913786419432479,0.02325935805675211
2801,140000,山西,中部,2007,ELM,TRAIN,0.359663,0.3521759407163511,0.0074870592836489
2802,440000,广东,东部,2007,ELM,TRAIN,0.388557,0.4445181130701371,-0.05596111307013713
2803,450000,广西,西部,2007,ELM,TRAIN,0.232654,0.2938621047921284,-0.06120810479212843
2804,650000,新疆,西部,2007,ELM,TRAIN,0.362242,0.3132384491582003,0.04900355084179969
2805,320000,江苏,东部,2007,ELM,TRAIN,0.464326,0.4614837360339873,0.002842263966012726
2806,360000,江西,中部,2007,ELM,TRAIN,0.283623,0.3300648533144711,-0.04644185331447109
2807,130000,河北,东部,2007,ELM,TRAIN,0.357469,0.3470834395006197,0.01038556049938033
2808,410000,河南,中部,2007,ELM,TRAIN,0.302465,0.3063423133111831,-0.003877313311183128
2809,330000,浙江,东部,2007,ELM,TRAIN,0.451458,0.458429762172344,-0.006971762172343965
2810,460000,海南,东部,2007,ELM,TRAIN,0.295896,0.3333004088506896,-0.03740440885068963
2811,420000,湖北,中部,2007,ELM,TRAIN,0.336287,0.3447091276488203,-0.008422127648820277
2812,430000,湖南,中部,2007,ELM,TRAIN,0.294648,0.3314193199942416,-0.03677131999424155
2813,620000,甘肃,西部,2007,ELM,TRAIN,0.304409,0.3053268186032256,-0.0009178186032255953
2814,350000,福建,东部,2007,ELM,TRAIN,0.364673,0.4173115978499681,-0.05263859784996811
2815,540000,西藏,西部,2007,ELM,TRAIN,0.28527,0.2804535783086423,0.004816421691357764
2816,520000,贵州,西部,2007,ELM,TRAIN,0.210248,0.2413048254499815,-0.03105682544998153
2817,210000,辽宁,东部,2007,ELM,TRAIN,0.354223,0.3608737348402231,-0.006650734840223049
2818,500000,重庆,西部,2007,ELM,TRAIN,0.362078,0.3513641234085169,0.01071387659148315
2819,610000,陕西,西部,2007,ELM,TRAIN,0.381037,0.3476074799458455,0.0334295200541545
2820,630000,青海,西部,2007,ELM,TRAIN,0.398443,0.3624546551304079,0.03598834486959213
2821,230000,黑龙江,中部,2007,ELM,TRAIN,0.283853,0.3300220672190267,-0.04616906721902664
2822,310000,上海,东部,2008,ELM,TRAIN,0.490255,0.515115542665324,-0.024860542665324
2823,530000,云南,西部,2008,ELM,TRAIN,0.329365,0.3404936669438617,-0.01112866694386166
2824,150000,内蒙古,西部,2008,ELM,TRAIN,0.360651,0.3637717012705134,-0.003120701270513393
2825,110000,北京,东部,2008,ELM,TRAIN,0.665325,0.6538765950321086,0.01144840496789146
2826,220000,吉林,中部,2008,ELM,TRAIN,0.34586,0.3491774570965494,-0.003317457096549403
2827,510000,四川,西部,2008,ELM,TRAIN,0.277484,0.3134117907908852,-0.03592779079088521
2828,120000,天津,东部,2008,ELM,TRAIN,0.477976,0.4818453280187376,-0.003869328018737628
2829,640000,宁夏,西部,2008,ELM,TRAIN,0.333485,0.3605577028757792,-0.02707270287577918
2830,340000,安徽,中部,2008,ELM,TRAIN,0.340996,0.3324436422288504,0.008552357771149599
2831,370000,山东,东部,2008,ELM,TRAIN,0.433038,0.4108867236353825,0.02215127636461744
2832,140000,山西,中部,2008,ELM,TRAIN,0.392037,0.3636515239090277,0.02838547609097236
2833,440000,广东,东部,2008,ELM,TRAIN,0.440156,0.4583644486792087,-0.01820844867920868
2834,450000,广西,西部,2008,ELM,TRAIN,0.261325,0.311210007740334,-0.04988500774033405
2835,650000,新疆,西部,2008,ELM,TRAIN,0.351233,0.3279244554258982,0.02330854457410181
2836,320000,江苏,东部,2008,ELM,TRAIN,0.499262,0.4695872270273874,0.02967477297261256
2837,360000,江西,中部,2008,ELM,TRAIN,0.324957,0.3264793395464021,-0.001522339546402074
2838,130000,河北,东部,2008,ELM,TRAIN,0.392356,0.3612289351907372,0.03112706480926281
2839,410000,河南,中部,2008,ELM,TRAIN,0.302791,0.3155475964594094,-0.01275659645940941
2840,330000,浙江,东部,2008,ELM,TRAIN,0.471665,0.4683510857344176,0.003313914265582363
2841,460000,海南,东部,2008,ELM,TRAIN,0.304556,0.3442835596439287,-0.03972755964392871
2842,420000,湖北,中部,2008,ELM,TRAIN,0.350448,0.3514903914440117,-0.001042391444011748
2843,430000,湖南,中部,2008,ELM,TRAIN,0.311845,0.3487008745239828,-0.03685587452398281
2844,620000,甘肃,西部,2008,ELM,TRAIN,0.314645,0.30515855528138,0.009486444718620035
2845,350000,福建,东部,2008,ELM,TRAIN,0.380228,0.4383892345189306,-0.05816123451893063
2846,540000,西藏,西部,2008,ELM,TRAIN,0.269376,0.3088124879865356,-0.0394364879865356
2847,520000,贵州,西部,2008,ELM,TRAIN,0.241062,0.2469665884754466,-0.005904588475446587
2848,210000,辽宁,东部,2008,ELM,TRAIN,0.391415,0.3713228112929,0.0200921887071
2849,500000,重庆,西部,2008,ELM,TRAIN,0.391252,0.3585362576703641,0.03271574232963587
2850,610000,陕西,西部,2008,ELM,TRAIN,0.392737,0.3641468360306946,0.02859016396930536
2851,630000,青海,西部,2008,ELM,TRAIN,0.382635,0.36469116794248,0.01794383205751998
2852,230000,黑龙江,中部,2008,ELM,TRAIN,0.297748,0.3516486944243737,-0.05390069442437373
2853,310000,上海,东部,2009,ELM,TRAIN,0.49423,0.4591813509969048,0.03504864900309523
2854,530000,云南,西部,2009,ELM,TRAIN,0.32989,0.3571530506988609,-0.02726305069886087
2855,150000,内蒙古,西部,2009,ELM,TRAIN,0.377862,0.3743757109945385,0.00348628900546144
2856,110000,北京,东部,2009,ELM,TRAIN,0.695131,0.6579836345939809,0.03714736540601915
2857,220000,吉林,中部,2009,ELM,TRAIN,0.345124,0.3637326092138389,-0.01860860921383889
2858,510000,四川,西部,2009,ELM,TRAIN,0.307312,0.3097855680812887,-0.002473568081288735
2859,120000,天津,东部,2009,ELM,TRAIN,0.473766,0.4875723320081647,-0.01380633200816472
2860,640000,宁夏,西部,2009,ELM,TRAIN,0.365262,0.3644617578362653,0.0008002421637346435
2861,340000,安徽,中部,2009,ELM,TRAIN,0.334407,0.3233310150469197,0.01107598495308026
2862,370000,山东,东部,2009,ELM,TRAIN,0.448545,0.4120458295538159,0.03649917044618417
2863,140000,山西,中部,2009,ELM,TRAIN,0.382254,0.3687418218043584,0.01351217819564154
2864,440000,广东,东部,2009,ELM,TRAIN,0.478639,0.4710166765512336,0.007622323448766399
2865,450000,广西,西部,2009,ELM,TRAIN,0.315314,0.3277992026611166,-0.01248520266111658
2866,650000,新疆,西部,2009,ELM,TRAIN,0.35955,0.3384210635796323,0.02112893642036767
2867,320000,江苏,东部,2009,ELM,TRAIN,0.522323,0.4841491751509446,0.03817382484905535
2868,360000,江西,中部,2009,ELM,TRAIN,0.337338,0.333707160831208,0.003630839168791977
2869,130000,河北,东部,2009,ELM,TRAIN,0.408099,0.3685521624170324,0.03954683758296762
2870,410000,河南,中部,2009,ELM,TRAIN,0.309275,0.3222390688209105,-0.0129640688209105
2871,330000,浙江,东部,2009,ELM,TRAIN,0.480921,0.4704445264752266,0.01047647352477338
2872,460000,海南,东部,2009,ELM,TRAIN,0.370788,0.3671885348700118,0.003599465129988211
2873,420000,湖北,中部,2009,ELM,TRAIN,0.376263,0.3414423774585374,0.03482062254146256
2874,430000,湖南,中部,2009,ELM,TRAIN,0.343712,0.3380606386796919,0.005651361320308079
2875,620000,甘肃,西部,2009,ELM,TRAIN,0.314579,0.3239107049315201,-0.009331704931520135
2876,350000,福建,东部,2009,ELM,TRAIN,0.414075,0.4452625213027678,-0.03118752130276775
2877,540000,西藏,西部,2009,ELM,TRAIN,0.300686,0.3082801098390083,-0.007594109839008267
2878,520000,贵州,西部,2009,ELM,TRAIN,0.256668,0.2709566957886607,-0.01428869578866065
2879,210000,辽宁,东部,2009,ELM,TRAIN,0.392881,0.3916357445680829,0.001245255431917058
2880,500000,重庆,西部,2009,ELM,TRAIN,0.368269,0.3664271957765974,0.001841804223402632
2881,610000,陕西,西部,2009,ELM,TRAIN,0.40972,0.3756802985306294,0.03403970146937058
2882,630000,青海,西部,2009,ELM,TRAIN,0.396347,0.3753927831161807,0.02095421688381927
2883,230000,黑龙江,中部,2009,ELM,TRAIN,0.310882,0.3450362168338578,-0.03415421683385783
2884,310000,上海,东部,2010,ELM,TRAIN,0.491858,0.4829431809210079,0.008914819078992164
2885,530000,云南,西部,2010,ELM,TRAIN,0.337123,0.3253387553900096,0.01178424460999039
2886,150000,内蒙古,西部,2010,ELM,TRAIN,0.390122,0.3936801318356614,-0.003558131835661393
2887,110000,北京,东部,2010,ELM,TRAIN,0.664182,0.6581514262100566,0.006030573789943428
2888,220000,吉林,中部,2010,ELM,TRAIN,0.382553,0.3846687327801313,-0.002115732780131274
2889,510000,四川,西部,2010,ELM,TRAIN,0.316314,0.3229301821956307,-0.006616182195630704
2890,120000,天津,东部,2010,ELM,TRAIN,0.499374,0.5040683604093976,-0.004694360409397635
2891,640000,宁夏,西部,2010,ELM,TRAIN,0.392527,0.406376673605895,-0.01384967360589495
2892,340000,安徽,中部,2010,ELM,TRAIN,0.347594,0.3436172755804729,0.003976724419527067
2893,370000,山东,东部,2010,ELM,TRAIN,0.470067,0.4321806552858948,0.03788634471410524
2894,140000,山西,中部,2010,ELM,TRAIN,0.398229,0.3674026710450179,0.03082632895498205
2895,440000,广东,东部,2010,ELM,TRAIN,0.528695,0.4975084144482702,0.03118658555172982
2896,450000,广西,西部,2010,ELM,TRAIN,0.324743,0.3361447908727223,-0.01140179087272231
2897,650000,新疆,西部,2010,ELM,TRAIN,0.390484,0.3620096012063965,0.02847439879360347
2898,320000,江苏,东部,2010,ELM,TRAIN,0.515021,0.5137085432279433,0.001312456772056603
2899,360000,江西,中部,2010,ELM,TRAIN,0.348912,0.3468068854300587,0.00210511456994128
2900,130000,河北,东部,2010,ELM,TRAIN,0.423659,0.3747095850311513,0.04894941496884875
2901,410000,河南,中部,2010,ELM,TRAIN,0.314399,0.333101313762382,-0.01870231376238202
2902,330000,浙江,东部,2010,ELM,TRAIN,0.49977,0.5119079754045732,-0.01213797540457323
2903,460000,海南,东部,2010,ELM,TRAIN,0.383206,0.3982105940576697,-0.01500459405766974
2904,420000,湖北,中部,2010,ELM,TRAIN,0.38831,0.3502324338560159,0.03807756614398411
2905,430000,湖南,中部,2010,ELM,TRAIN,0.351233,0.3347965562890625,0.01643644371093755
2906,620000,甘肃,西部,2010,ELM,TRAIN,0.336322,0.3076608335242869,0.02866116647571315
2907,350000,福建,东部,2010,ELM,TRAIN,0.425601,0.45912868326554,-0.03352768326553995
2908,540000,西藏,西部,2010,ELM,TRAIN,0.319901,0.312489951368192,0.007411048631808026
2909,520000,贵州,西部,2010,ELM,TRAIN,0.26812,0.2893338845243441,-0.02121388452434408
2910,210000,辽宁,东部,2010,ELM,TRAIN,0.41895,0.4171665511645969,0.001783448835403045
2911,500000,重庆,西部,2010,ELM,TRAIN,0.39256,0.3961429137385012,-0.00358291373850117
2912,610000,陕西,西部,2010,ELM,TRAIN,0.409684,0.3839030746546701,0.02578092534532989
2913,630000,青海,西部,2010,ELM,TRAIN,0.380195,0.3762000262469514,0.003994973753048581
2914,230000,黑龙江,中部,2010,ELM,TRAIN,0.341506,0.370409048981232,-0.02890304898123203
2915,310000,上海,东部,2011,ELM,TRAIN,0.52444,0.4984813793668715,0.02595862063312848
2916,530000,云南,西部,2011,ELM,TRAIN,0.342188,0.3370106709886372,0.005177329011362752
2917,150000,内蒙古,西部,2011,ELM,TRAIN,0.395885,0.4134241998445998,-0.01753919984459984
2918,110000,北京,东部,2011,ELM,TRAIN,0.707105,0.6940076343853507,0.01309736561464925
2919,220000,吉林,中部,2011,ELM,TRAIN,0.418573,0.4034962028196057,0.01507679718039423
2920,510000,四川,西部,2011,ELM,TRAIN,0.346289,0.3460692052150768,0.0002197947849232329
2921,120000,天津,东部,2011,ELM,TRAIN,0.530708,0.52632531854628,0.004382681453720005
2922,640000,宁夏,西部,2011,ELM,TRAIN,0.397901,0.4053727343773715,-0.007471734377371475
2923,340000,安徽,中部,2011,ELM,TRAIN,0.374981,0.3808990905340895,-0.005918090534089537
2924,370000,山东,东部,2011,ELM,TRAIN,0.488759,0.459275322657715,0.02948367734228502
2925,140000,山西,中部,2011,ELM,TRAIN,0.401151,0.3933692016098986,0.007781798390101347
2926,440000,广东,东部,2011,ELM,TRAIN,0.5261,0.5092983041173996,0.01680169588260039
2927,450000,广西,西部,2011,ELM,TRAIN,0.331927,0.3649915501314268,-0.03306455013142678
2928,650000,新疆,西部,2011,ELM,TRAIN,0.398319,0.3815398639464009,0.01677913605359904
2929,320000,江苏,东部,2011,ELM,TRAIN,0.53548,0.5463213387663657,-0.01084133876636573
2930,360000,江西,中部,2011,ELM,TRAIN,0.361149,0.3787018032608928,-0.01755280326089276
2931,130000,河北,东部,2011,ELM,TRAIN,0.42148,0.387295922464537,0.03418407753546304
2932,410000,河南,中部,2011,ELM,TRAIN,0.321146,0.3473218746341716,-0.02617587463417159
2933,330000,浙江,东部,2011,ELM,TRAIN,0.509859,0.5330606284375089,-0.02320162843750895
2934,460000,海南,东部,2011,ELM,TRAIN,0.469869,0.4185821382977686,0.0512868617022314
2935,420000,湖北,中部,2011,ELM,TRAIN,0.408075,0.3709968673431935,0.03707813265680654
2936,430000,湖南,中部,2011,ELM,TRAIN,0.351698,0.3523676713461488,-0.0006696713461487591
2937,620000,甘肃,西部,2011,ELM,TRAIN,0.361354,0.3322184181157321,0.0291355818842679
2938,350000,福建,东部,2011,ELM,TRAIN,0.435985,0.4733007051564112,-0.03731570515641119
2939,540000,西藏,西部,2011,ELM,TRAIN,0.306182,0.3260709797136234,-0.01988897971362336
2940,520000,贵州,西部,2011,ELM,TRAIN,0.269938,0.3201494063742976,-0.05021140637429761
2941,210000,辽宁,东部,2011,ELM,TRAIN,0.431516,0.4383132868848296,-0.006797286884829556
2942,500000,重庆,西部,2011,ELM,TRAIN,0.424435,0.4207974076543045,0.003637592345695495
2943,610000,陕西,西部,2011,ELM,TRAIN,0.434556,0.4078724302252482,0.02668356977475178
2944,630000,青海,西部,2011,ELM,TRAIN,0.380392,0.3888786760183683,-0.008486676018368333
2945,230000,黑龙江,中部,2011,ELM,TRAIN,0.351356,0.3855237565495074,-0.03416775654950738
2946,310000,上海,东部,2012,ELM,TRAIN,0.509711,0.509945781055676,-0.0002347810556759811
2947,530000,云南,西部,2012,ELM,TRAIN,0.342158,0.3412452016959848,0.0009127983040152499
2948,150000,内蒙古,西部,2012,ELM,TRAIN,0.424821,0.4265526314020369,-0.001731631402036915
2949,110000,北京,东部,2012,ELM,TRAIN,0.699799,0.7180669638827821,-0.01826796388278218
2950,220000,吉林,中部,2012,ELM,TRAIN,0.437314,0.4453043676953136,-0.007990367695313638
2951,510000,四川,西部,2012,ELM,TRAIN,0.381361,0.3834424089861624,-0.002081408986162436
2952,120000,天津,东部,2012,ELM,TRAIN,0.534811,0.5439052036736798,-0.009094203673679746
2953,640000,宁夏,西部,2012,ELM,TRAIN,0.397271,0.4100200819882254,-0.01274908198822539
2954,340000,安徽,中部,2012,ELM,TRAIN,0.396032,0.4032023643086494,-0.007170364308649424
2955,370000,山东,东部,2012,ELM,TRAIN,0.51803,0.4741207509239408,0.04390924907605914
2956,140000,山西,中部,2012,ELM,TRAIN,0.423134,0.4240806286582043,-0.0009466286582042738
2957,440000,广东,东部,2012,ELM,TRAIN,0.532101,0.5178471109187733,0.01425388908122671
2958,450000,广西,西部,2012,ELM,TRAIN,0.35927,0.367098053132707,-0.007828053132707069
2959,650000,新疆,西部,2012,ELM,TRAIN,0.409927,0.3912711913418519,0.01865580865814809
2960,320000,江苏,东部,2012,ELM,TRAIN,0.552881,0.5561827988090198,-0.003301798809019818
2961,360000,江西,中部,2012,ELM,TRAIN,0.395292,0.4027117461104109,-0.007419746110410907
2962,130000,河北,东部,2012,ELM,TRAIN,0.443302,0.4010272356986138,0.04227476430138621
2963,410000,河南,中部,2012,ELM,TRAIN,0.347414,0.3706989952395493,-0.0232849952395493
2964,330000,浙江,东部,2012,ELM,TRAIN,0.521526,0.5311518926986438,-0.009625892698643779
2965,460000,海南,东部,2012,ELM,TRAIN,0.467232,0.4430896253297151,0.02414237467028491
2966,420000,湖北,中部,2012,ELM,TRAIN,0.42698,0.4230560550602331,0.003923944939766888
2967,430000,湖南,中部,2012,ELM,TRAIN,0.374403,0.3892058769101836,-0.01480287691018362
2968,620000,甘肃,西部,2012,ELM,TRAIN,0.37114,0.3489043662902994,0.02223563370970061
2969,350000,福建,东部,2012,ELM,TRAIN,0.459472,0.4747974239397763,-0.01532542393977632
2970,540000,西藏,西部,2012,ELM,TRAIN,0.30096,0.3108685669460866,-0.009908566946086605
2971,520000,贵州,西部,2012,ELM,TRAIN,0.305635,0.3319902384355925,-0.02635523843559251
2972,210000,辽宁,东部,2012,ELM,TRAIN,0.451064,0.4578258810370573,-0.006761881037057327
2973,500000,重庆,西部,2012,ELM,TRAIN,0.460347,0.4620156624764939,-0.001668662476493887
2974,610000,陕西,西部,2012,ELM,TRAIN,0.45579,0.4350066398909888,0.02078336010901116
2975,630000,青海,西部,2012,ELM,TRAIN,0.394275,0.3884003306166434,0.005874669383356623
2976,230000,黑龙江,中部,2012,ELM,TRAIN,0.369154,0.4091168210464344,-0.03996282104643445
2977,310000,上海,东部,2013,ELM,TRAIN,0.499295,0.5187903326006388,-0.01949533260063879
2978,530000,云南,西部,2013,ELM,TRAIN,0.363584,0.3649829560667591,-0.001398956066759049
2979,150000,内蒙古,西部,2013,ELM,TRAIN,0.452539,0.4440633860373465,0.008475613962653505
2980,110000,北京,东部,2013,ELM,TRAIN,0.71665,0.7193111145395094,-0.002661114539509346
2981,220000,吉林,中部,2013,ELM,TRAIN,0.453477,0.4409620801599636,0.01251491984003639
2982,510000,四川,西部,2013,ELM,TRAIN,0.399379,0.4034380218462678,-0.004059021846267774
2983,120000,天津,东部,2013,ELM,TRAIN,0.554772,0.549852738818148,0.004919261181852042
2984,640000,宁夏,西部,2013,ELM,TRAIN,0.425273,0.4300063645045461,-0.004733364504546089
2985,340000,安徽,中部,2013,ELM,TRAIN,0.430476,0.4203002764156405,0.01017572358435953
2986,370000,山东,东部,2013,ELM,TRAIN,0.550434,0.488366554492955,0.06206744550704502
2987,140000,山西,中部,2013,ELM,TRAIN,0.455473,0.4312149950165301,0.02425800498346992
2988,440000,广东,东部,2013,ELM,TRAIN,0.554137,0.5354457997909676,0.01869120020903237
2989,450000,广西,西部,2013,ELM,TRAIN,0.385183,0.377721398924389,0.007461601075611002
2990,650000,新疆,西部,2013,ELM,TRAIN,0.43343,0.3932682056710386,0.04016179432896139
2991,320000,江苏,东部,2013,ELM,TRAIN,0.579476,0.571737435111271,0.007738564888729038
2992,360000,江西,中部,2013,ELM,TRAIN,0.400488,0.4220797368173559,-0.02159173681735593
2993,130000,河北,东部,2013,ELM,TRAIN,0.475631,0.4227295620219265,0.05290143797807356
2994,410000,河南,中部,2013,ELM,TRAIN,0.368835,0.3803207521437684,-0.0114857521437684
2995,330000,浙江,东部,2013,ELM,TRAIN,0.536391,0.5531880548171554,-0.01679705481715543
2996,460000,海南,东部,2013,ELM,TRAIN,0.478897,0.4789857152065765,-8.871520657643961e-05
2997,420000,湖北,中部,2013,ELM,TRAIN,0.452791,0.4357561217211763,0.01703487827882366
2998,430000,湖南,中部,2013,ELM,TRAIN,0.392934,0.394729580342954,-0.001795580342953962
2999,620000,甘肃,西部,2013,ELM,TRAIN,0.395874,0.3751998936600223,0.02067410633997774
3000,350000,福建,东部,2013,ELM,TRAIN,0.474724,0.4847018467095615,-0.009977846709561478
3001,540000,西藏,西部,2013,ELM,TRAIN,0.301734,0.3232985900661018,-0.02156459006610184
3002,520000,贵州,西部,2013,ELM,TRAIN,0.342552,0.3411412150566352,0.001410784943364829
3003,210000,辽宁,东部,2013,ELM,TRAIN,0.47184,0.4714938851076844,0.0003461148923155632
3004,500000,重庆,西部,2013,ELM,TRAIN,0.471614,0.4663894560967493,0.005224543903250722
3005,610000,陕西,西部,2013,ELM,TRAIN,0.471334,0.4528778491922044,0.01845615080779556
3006,630000,青海,西部,2013,ELM,TRAIN,0.435803,0.4070261135677671,0.02877688643223286
3007,230000,黑龙江,中部,2013,ELM,TRAIN,0.394048,0.4040424681180972,-0.009994468118097233
3008,310000,上海,东部,2014,ELM,TRAIN,0.512259,0.523259096678184,-0.01100009667818402
3009,530000,云南,西部,2014,ELM,TRAIN,0.394056,0.3855983167869899,0.008457683213010159
3010,150000,内蒙古,西部,2014,ELM,TRAIN,0.485318,0.4598728342424064,0.02544516575759359
3011,110000,北京,东部,2014,ELM,TRAIN,0.753878,0.7275215579025347,0.02635644209746535
3012,220000,吉林,中部,2014,ELM,TRAIN,0.48598,0.4517724590796013,0.03420754092039874
3013,510000,四川,西部,2014,ELM,TRAIN,0.404679,0.4167887191724831,-0.0121097191724831
3014,120000,天津,东部,2014,ELM,TRAIN,0.553833,0.5563258295239939,-0.002492829523993878
3015,640000,宁夏,西部,2014,ELM,TRAIN,0.450809,0.447927287781561,0.002881712218439025
3016,340000,安徽,中部,2014,ELM,TRAIN,0.445222,0.4482629297710005,-0.003040929771000456
3017,370000,山东,东部,2014,ELM,TRAIN,0.543577,0.5040703851437291,0.03950661485627083
3018,140000,山西,中部,2014,ELM,TRAIN,0.456001,0.4406529836099787,0.01534801639002126
3019,440000,广东,东部,2014,ELM,TRAIN,0.551331,0.5478613507007184,0.003469649299281619
3020,450000,广西,西部,2014,ELM,TRAIN,0.405192,0.4046954090448808,0.0004965909551192249
3021,650000,新疆,西部,2014,ELM,TRAIN,0.452118,0.4141819014010671,0.03793609859893288
3022,320000,江苏,东部,2014,ELM,TRAIN,0.595037,0.5803598272706885,0.01467717272931157
3023,360000,江西,中部,2014,ELM,TRAIN,0.401411,0.4448041022230429,-0.04339310222304288
3024,130000,河北,东部,2014,ELM,TRAIN,0.488183,0.4496055866984592,0.03857741330154074
3025,410000,河南,中部,2014,ELM,TRAIN,0.389505,0.3988373951422257,-0.009332395142225725
3026,330000,浙江,东部,2014,ELM,TRAIN,0.555829,0.5609948615718039,-0.005165861571803876
3027,460000,海南,东部,2014,ELM,TRAIN,0.481688,0.4823131936105393,-0.0006251936105392542
3028,420000,湖北,中部,2014,ELM,TRAIN,0.472876,0.460706642628836,0.01216935737116404
3029,430000,湖南,中部,2014,ELM,TRAIN,0.418207,0.4158422075210711,0.002364792478928901
3030,620000,甘肃,西部,2014,ELM,TRAIN,0.408766,0.3983857711473096,0.01038022885269047
3031,350000,福建,东部,2014,ELM,TRAIN,0.490599,0.4946625440889316,-0.004063544088931614
3032,540000,西藏,西部,2014,ELM,TRAIN,0.374178,0.35031168589962,0.02386631410037998
3033,520000,贵州,西部,2014,ELM,TRAIN,0.365249,0.3736921177465213,-0.008443117746521345
3034,210000,辽宁,东部,2014,ELM,TRAIN,0.487013,0.4782404493245248,0.008772550675475166
3035,500000,重庆,西部,2014,ELM,TRAIN,0.473044,0.4788067459527007,-0.005762745952700654
3036,610000,陕西,西部,2014,ELM,TRAIN,0.479637,0.4621627476046736,0.01747425239532635
3037,630000,青海,西部,2014,ELM,TRAIN,0.43016,0.4322726885909854,-0.002112688590985401
3038,230000,黑龙江,中部,2014,ELM,TRAIN,0.40233,0.411145926636813,-0.008815926636812965
3039,310000,上海,东部,2015,ELM,TRAIN,0.530903,0.5350193094863116,-0.004116309486311587
3040,530000,云南,西部,2015,ELM,TRAIN,0.401134,0.4172195425356743,-0.01608554253567435
3041,150000,内蒙古,西部,2015,ELM,TRAIN,0.5028,0.4814292459860424,0.0213707540139576
3042,110000,北京,东部,2015,ELM,TRAIN,0.766158,0.776746632490875,-0.01058863249087505
3043,220000,吉林,中部,2015,ELM,TRAIN,0.45475,0.4613318613695493,-0.006581861369549358
3044,510000,四川,西部,2015,ELM,TRAIN,0.417983,0.4441500379791916,-0.02616703797919162
3045,120000,天津,东部,2015,ELM,TRAIN,0.55387,0.5569981784726517,-0.003128178472651677
3046,640000,宁夏,西部,2015,ELM,TRAIN,0.47163,0.4743412654932125,-0.002711265493212545
3047,340000,安徽,中部,2015,ELM,TRAIN,0.465285,0.4662533807830164,-0.0009683807830163649
3048,370000,山东,东部,2015,ELM,TRAIN,0.5509,0.5203272085575503,0.03057279144244962
3049,140000,山西,中部,2015,ELM,TRAIN,0.451235,0.4594212467839301,-0.008186246783930151
3050,440000,广东,东部,2015,ELM,TRAIN,0.541074,0.5583059779413426,-0.01723197794134257
3051,450000,广西,西部,2015,ELM,TRAIN,0.423979,0.4307599212298926,-0.0067809212298926
3052,650000,新疆,西部,2015,ELM,TRAIN,0.472146,0.4406378213441203,0.03150817865587968
3053,320000,江苏,东部,2015,ELM,TRAIN,0.615843,0.5852533099951924,0.0305896900048076
3054,360000,江西,中部,2015,ELM,TRAIN,0.421779,0.4641613225718447,-0.04238232257184471
3055,130000,河北,东部,2015,ELM,TRAIN,0.512584,0.4763214477563211,0.03626255224367891
3056,410000,河南,中部,2015,ELM,TRAIN,0.414816,0.4258771352109117,-0.01106113521091168
3057,330000,浙江,东部,2015,ELM,TRAIN,0.565243,0.5681712180307064,-0.002928218030706309
3058,460000,海南,东部,2015,ELM,TRAIN,0.494865,0.5087921869031234,-0.01392718690312345
3059,420000,湖北,中部,2015,ELM,TRAIN,0.496589,0.4931003441534111,0.003488655846588917
3060,430000,湖南,中部,2015,ELM,TRAIN,0.434362,0.4291957284453115,0.005166271554688517
3061,620000,甘肃,西部,2015,ELM,TRAIN,0.426775,0.4294706844666685,-0.002695684466668458
3062,350000,福建,东部,2015,ELM,TRAIN,0.506608,0.5131566830262424,-0.006548683026242452
3063,540000,西藏,西部,2015,ELM,TRAIN,0.479145,0.3702144231139767,0.1089305768860233
3064,520000,贵州,西部,2015,ELM,TRAIN,0.394252,0.3907285348972218,0.003523465102778178
3065,210000,辽宁,东部,2015,ELM,TRAIN,0.487913,0.462538754396543,0.02537424560345697
3066,500000,重庆,西部,2015,ELM,TRAIN,0.497174,0.4971854413006664,-1.144130066643712e-05
3067,610000,陕西,西部,2015,ELM,TRAIN,0.503439,0.4825983957777443,0.02084060422225564
3068,630000,青海,西部,2015,ELM,TRAIN,0.463007,0.44834790656626,0.01465909343374
3069,230000,黑龙江,中部,2015,ELM,TRAIN,0.411819,0.423577797004661,-0.01175879700466104
3070,310000,上海,东部,2016,ELM,TRAIN,0.552024,0.5711960147170969,-0.01917201471709695
3071,530000,云南,西部,2016,ELM,TRAIN,0.432435,0.443500851415608,-0.01106585141560801
3072,150000,内蒙古,西部,2016,ELM,TRAIN,0.508229,0.4950414806073563,0.01318751939264379
3073,110000,北京,东部,2016,ELM,TRAIN,0.778668,0.7718831358609859,0.006784864139014135
3074,220000,吉林,中部,2016,ELM,TRAIN,0.458748,0.4742482661956941,-0.01550026619569411
3075,510000,四川,西部,2016,ELM,TRAIN,0.424258,0.4531842385151962,-0.02892623851519616
3076,120000,天津,东部,2016,ELM,TRAIN,0.546051,0.5626539407825019,-0.01660294078250191
3077,640000,宁夏,西部,2016,ELM,TRAIN,0.467957,0.4842491137138795,-0.01629211371387945
3078,340000,安徽,中部,2016,ELM,TRAIN,0.487232,0.5028068995940704,-0.01557489959407043
3079,370000,山东,东部,2016,ELM,TRAIN,0.563037,0.5374229591694363,0.02561404083056373
3080,140000,山西,中部,2016,ELM,TRAIN,0.476689,0.4735259064169123,0.003163093583087695
3081,440000,广东,东部,2016,ELM,TRAIN,0.550845,0.5828347365161042,-0.03198973651610415
3082,450000,广西,西部,2016,ELM,TRAIN,0.431724,0.4569106668727639,-0.02518666687276394
3083,650000,新疆,西部,2016,ELM,TRAIN,0.480806,0.463810647942437,0.01699535205756303
3084,320000,江苏,东部,2016,ELM,TRAIN,0.625346,0.5922029360552243,0.03314306394477562
3085,360000,江西,中部,2016,ELM,TRAIN,0.449652,0.4816195436659392,-0.03196754366593918
3086,130000,河北,东部,2016,ELM,TRAIN,0.510421,0.5017703683081205,0.008650631691879518
3087,410000,河南,中部,2016,ELM,TRAIN,0.437887,0.4520213456352587,-0.01413434563525867
3088,330000,浙江,东部,2016,ELM,TRAIN,0.574848,0.5850619740887053,-0.01021397408870528
3089,460000,海南,东部,2016,ELM,TRAIN,0.499456,0.5080149504963491,-0.008558950496349138
3090,420000,湖北,中部,2016,ELM,TRAIN,0.515551,0.510101943130393,0.00544905686960695
3091,430000,湖南,中部,2016,ELM,TRAIN,0.454899,0.4455249135504888,0.00937408644951121
3092,620000,甘肃,西部,2016,ELM,TRAIN,0.43951,0.4370528366598322,0.002457163340167823
3093,350000,福建,东部,2016,ELM,TRAIN,0.524105,0.5235404237924907,0.0005645762075093819
3094,540000,西藏,西部,2016,ELM,TRAIN,0.342395,0.3782765480317954,-0.03588154803179544
3095,520000,贵州,西部,2016,ELM,TRAIN,0.430882,0.4104466508016149,0.02043534919838508
3096,210000,辽宁,东部,2016,ELM,TRAIN,0.472639,0.4733325923731696,-0.000693592373169627
3097,500000,重庆,西部,2016,ELM,TRAIN,0.503131,0.5094648679576906,-0.006333867957690642
3098,610000,陕西,西部,2016,ELM,TRAIN,0.49743,0.4962170413746735,0.001212958625326499
3099,630000,青海,西部,2016,ELM,TRAIN,0.456845,0.4575037666960535,-0.0006587666960535254
3100,230000,黑龙江,中部,2016,ELM,TRAIN,0.40789,0.4420968888050149,-0.03420688880501488
3101,310000,上海,东部,2017,ELM,TRAIN,0.587104,0.5739808595534877,0.0131231404465123
3102,530000,云南,西部,2017,ELM,TRAIN,0.440793,0.4570517173161985,-0.01625871731619855
3103,150000,内蒙古,西部,2017,ELM,TRAIN,0.50881,0.5074393718180165,0.001370628181983524
3104,110000,北京,东部,2017,ELM,TRAIN,0.815825,0.772394012155988,0.043430987844012
3105,220000,吉林,中部,2017,ELM,TRAIN,0.456131,0.4861110964872673,-0.02998009648726729
3106,510000,四川,西部,2017,ELM,TRAIN,0.44983,0.4634853119954987,-0.01365531199549869
3107,120000,天津,东部,2017,ELM,TRAIN,0.59251,0.5751832404487935,0.01732675955120644
3108,640000,宁夏,西部,2017,ELM,TRAIN,0.503942,0.5041994396512658,-0.0002574396512657895
3109,340000,安徽,中部,2017,ELM,TRAIN,0.523465,0.5125970736607769,0.01086792633922307
3110,370000,山东,东部,2017,ELM,TRAIN,0.571386,0.5639354709356337,0.007450529064366274
3111,140000,山西,中部,2017,ELM,TRAIN,0.492633,0.482621255910692,0.01001174408930794
3112,440000,广东,东部,2017,ELM,TRAIN,0.572343,0.5889339799595237,-0.01659097995952363
3113,450000,广西,西部,2017,ELM,TRAIN,0.455427,0.4763532483015458,-0.02092624830154577
3114,650000,新疆,西部,2017,ELM,TRAIN,0.484046,0.4836765134518266,0.00036948654817337
3115,320000,江苏,东部,2017,ELM,TRAIN,0.631071,0.5957648233982439,0.03530617660175617
3116,360000,江西,中部,2017,ELM,TRAIN,0.481004,0.502288361714767,-0.021284361714767
3117,130000,河北,东部,2017,ELM,TRAIN,0.548186,0.5208775950596549,0.02730840494034503
3118,410000,河南,中部,2017,ELM,TRAIN,0.471023,0.4774729631418742,-0.006449963141874127
3119,330000,浙江,东部,2017,ELM,TRAIN,0.593708,0.6076606682339007,-0.01395266823390073
3120,460000,海南,东部,2017,ELM,TRAIN,0.511565,0.5140637079583592,-0.002498707958359159
3121,420000,湖北,中部,2017,ELM,TRAIN,0.51398,0.5228811129790463,-0.008901112979046277
3122,430000,湖南,中部,2017,ELM,TRAIN,0.459341,0.4695944652132075,-0.01025346521320752
3123,620000,甘肃,西部,2017,ELM,TRAIN,0.450083,0.4501285818691405,-4.558186914044304e-05
3124,350000,福建,东部,2017,ELM,TRAIN,0.534499,0.5483443950311482,-0.01384539503114823
3125,540000,西藏,西部,2017,ELM,TRAIN,0.399187,0.4044804471479782,-0.005293447147978136
3126,520000,贵州,西部,2017,ELM,TRAIN,0.437645,0.433616344891595,0.004028655108404999
3127,210000,辽宁,东部,2017,ELM,TRAIN,0.495238,0.4870576392313301,0.008180360768669959
3128,500000,重庆,西部,2017,ELM,TRAIN,0.52428,0.5278882797248926,-0.003608279724892638
3129,610000,陕西,西部,2017,ELM,TRAIN,0.517211,0.5191308159444403,-0.001919815944440351
3130,630000,青海,西部,2017,ELM,TRAIN,0.466649,0.4615116853371898,0.0051373146628102
3131,230000,黑龙江,中部,2017,ELM,TRAIN,0.451933,0.4480291394380095,0.003903860561990491
3132,310000,上海,东部,2018,ELM,TRAIN,0.579515,0.5683403935526534,0.01117460644734658
3133,530000,云南,西部,2018,ELM,TRAIN,0.442875,0.4693156436463452,-0.02644064364634519
3134,150000,内蒙古,西部,2018,ELM,TRAIN,0.514235,0.5212436772942882,-0.007008677294288224
3135,110000,北京,东部,2018,ELM,TRAIN,0.768698,0.7685632941361311,0.0001347058638688781
3136,220000,吉林,中部,2018,ELM,TRAIN,0.465133,0.4918644797128029,-0.02673147971280287
3137,510000,四川,西部,2018,ELM,TRAIN,0.475265,0.4825288994697738,-0.007263899469773794
3138,120000,天津,东部,2018,ELM,TRAIN,0.52457,0.5757430611799106,-0.05117306117991061
3139,640000,宁夏,西部,2018,ELM,TRAIN,0.532364,0.5082030807851561,0.02416091921484387
3140,340000,安徽,中部,2018,ELM,TRAIN,0.537699,0.5281338481375559,0.00956515186244411
3141,370000,山东,东部,2018,ELM,TRAIN,0.57816,0.586040552862315,-0.007880552862315038
3142,140000,山西,中部,2018,ELM,TRAIN,0.526914,0.5134088151462823,0.01350518485371766
3143,440000,广东,东部,2018,ELM,TRAIN,0.592452,0.6092654666593099,-0.01681346665930994
3144,450000,广西,西部,2018,ELM,TRAIN,0.463532,0.4950142254890422,-0.03148222548904217
3145,650000,新疆,西部,2018,ELM,TRAIN,0.509686,0.4988603851757386,0.01082561482426136
3146,320000,江苏,东部,2018,ELM,TRAIN,0.629004,0.6017215759617667,0.02728242403823333
3147,360000,江西,中部,2018,ELM,TRAIN,0.487213,0.5227565878048237,-0.0355435878048237
3148,130000,河北,东部,2018,ELM,TRAIN,0.570683,0.5432897152669067,0.02739328473309333
3149,410000,河南,中部,2018,ELM,TRAIN,0.504805,0.5069889914992591,-0.002183991499259186
3150,330000,浙江,东部,2018,ELM,TRAIN,0.599335,0.6027824640994244,-0.003447464099424424
3151,460000,海南,东部,2018,ELM,TRAIN,0.52992,0.5273467637063041,0.00257323629369588
3152,420000,湖北,中部,2018,ELM,TRAIN,0.540135,0.5363465232193717,0.003788476780628325
3153,430000,湖南,中部,2018,ELM,TRAIN,0.493819,0.4887212280610528,0.005097771938947226
3154,620000,甘肃,西部,2018,ELM,TRAIN,0.469899,0.4649892122685444,0.004909787731455617
3155,350000,福建,东部,2018,ELM,TRAIN,0.561814,0.5752349931676115,-0.01342099316761147
3156,540000,西藏,西部,2018,ELM,TRAIN,0.365356,0.4000273230772739,-0.03467132307727389
3157,520000,贵州,西部,2018,ELM,TRAIN,0.452155,0.4553152288101202,-0.003160228810120236
3158,210000,辽宁,东部,2018,ELM,TRAIN,0.491053,0.5014894668672291,-0.01043646686722904
3159,500000,重庆,西部,2018,ELM,TRAIN,0.537998,0.5429407622856492,-0.004942762285649271
3160,610000,陕西,西部,2018,ELM,TRAIN,0.52065,0.5373747544352814,-0.01672475443528143
3161,630000,青海,西部,2018,ELM,TRAIN,0.479832,0.4726931731046639,0.007138826895336126
3162,230000,黑龙江,中部,2018,ELM,TRAIN,0.451123,0.4620306997204707,-0.01090769972047073
3163,310000,上海,东部,2019,ELM,TRAIN,0.580014,0.5988319688551074,-0.01881796885510734
3164,530000,云南,西部,2019,ELM,TRAIN,0.45998,0.4660570861849246,-0.006077086184924585
3165,150000,内蒙古,西部,2019,ELM,TRAIN,0.516332,0.537161617830433,-0.02082961783043302
3166,110000,北京,东部,2019,ELM,TRAIN,0.752702,0.7785325786440995,-0.02583057864409954
3167,220000,吉林,中部,2019,ELM,TRAIN,0.489024,0.4990562458517484,-0.01003224585174839
3168,510000,四川,西部,2019,ELM,TRAIN,0.502332,0.5016022556387908,0.0007297443612092058
3169,120000,天津,东部,2019,ELM,TRAIN,0.625394,0.611785427675161,0.01360857232483903
3170,640000,宁夏,西部,2019,ELM,TRAIN,0.525372,0.5237156835845157,0.001656316415484249
3171,340000,安徽,中部,2019,ELM,TRAIN,0.572304,0.5281409514072943,0.0441630485927057
3172,370000,山东,东部,2019,ELM,TRAIN,0.588186,0.6113770093066156,-0.02319100930661566
3173,140000,山西,中部,2019,ELM,TRAIN,0.563699,0.530157803865158,0.03354119613484197
3174,440000,广东,东部,2019,ELM,TRAIN,0.612601,0.6314116308451327,-0.01881063084513279
3175,450000,广西,西部,2019,ELM,TRAIN,0.479507,0.5072803707628615,-0.02777337076286146
3176,650000,新疆,西部,2019,ELM,TRAIN,0.529405,0.5134574263083658,0.01594757369163424
3177,320000,江苏,东部,2019,ELM,TRAIN,0.63879,0.6120430335776619,0.02674696642233809
3178,360000,江西,中部,2019,ELM,TRAIN,0.510065,0.5411214278845484,-0.03105642788454843
3179,130000,河北,东部,2019,ELM,TRAIN,0.587495,0.5709834053072618,0.01651159469273822
3180,410000,河南,中部,2019,ELM,TRAIN,0.503784,0.5384073492100282,-0.03462334921002819
3181,330000,浙江,东部,2019,ELM,TRAIN,0.617281,0.6139434481984152,0.003337551801584793
3182,460000,海南,东部,2019,ELM,TRAIN,0.547691,0.5567570622260405,-0.00906606222604045
3183,420000,湖北,中部,2019,ELM,TRAIN,0.564303,0.5553139751207792,0.00898902487922082
3184,430000,湖南,中部,2019,ELM,TRAIN,0.544865,0.5105255066395602,0.03433949336043984
3185,620000,甘肃,西部,2019,ELM,TRAIN,0.474349,0.4686660599351319,0.005682940064868136
3186,350000,福建,东部,2019,ELM,TRAIN,0.596953,0.582612322019572,0.01434067798042793
3187,540000,西藏,西部,2019,ELM,TRAIN,0.38243,0.4023904392870077,-0.01996043928700775
3188,520000,贵州,西部,2019,ELM,TRAIN,0.479558,0.4865724286664106,-0.00701442866641061
3189,210000,辽宁,东部,2019,ELM,TRAIN,0.49813,0.5113189337103993,-0.01318893371039925
3190,500000,重庆,西部,2019,ELM,TRAIN,0.55797,0.5503093247769038,0.007660675223096214
3191,610000,陕西,西部,2019,ELM,TRAIN,0.554226,0.5630336358599719,-0.008807635859971907
3192,630000,青海,西部,2019,ELM,TRAIN,0.509949,0.4831340108504224,0.02681498914957758
3193,230000,黑龙江,中部,2019,ELM,TRAIN,0.492366,0.4696886367150955,0.02267736328490449
3194,310000,上海,东部,2023,ELM,VAL,0.635576,0.6093067713481719,0.02626922865182812
3195,530000,云南,西部,2023,ELM,VAL,0.492518,0.5106739622048841,-0.01815596220488414
3196,150000,内蒙古,西部,2023,ELM,VAL,0.531873,0.5606939655992936,-0.02882096559929359
3197,110000,北京,东部,2023,ELM,VAL,0.694676,0.7604637082388506,-0.0657877082388506
3198,220000,吉林,中部,2023,ELM,VAL,0.541202,0.50795208027273,0.03324991972726998
3199,510000,四川,西部,2023,ELM,VAL,0.534815,0.510401438946989,0.02441356105301107
3200,120000,天津,东部,2023,ELM,VAL,0.535202,0.5774987063486068,-0.04229670634860683
3201,640000,宁夏,西部,2023,ELM,VAL,0.552874,0.5630433328157071,-0.01016933281570709
3202,340000,安徽,中部,2023,ELM,VAL,0.594185,0.5289531845411344,0.06523181545886558
3203,370000,山东,东部,2023,ELM,VAL,0.617045,0.6112186024010249,0.005826397598975075
3204,140000,山西,中部,2023,ELM,VAL,0.583314,0.563399142766672,0.01991485723332798
3205,440000,广东,东部,2023,ELM,VAL,0.586699,0.6617736427683684,-0.0750746427683684
3206,450000,广西,西部,2023,ELM,VAL,0.515158,0.5339940515067815,-0.01883605150678147
3207,650000,新疆,西部,2023,ELM,VAL,0.549562,0.5224789058071517,0.02708309419284827
3208,320000,江苏,东部,2023,ELM,VAL,0.64272,0.6040072806467391,0.03871271935326082
3209,360000,江西,中部,2023,ELM,VAL,0.608596,0.565055772384414,0.04354022761558607
3210,130000,河北,东部,2023,ELM,VAL,0.574037,0.5826785362385055,-0.008641536238505498
3211,410000,河南,中部,2023,ELM,VAL,0.514993,0.5440996803278395,-0.02910668032783947
3212,330000,浙江,东部,2023,ELM,VAL,0.618958,0.5888288225176295,0.03012917748237054
3213,460000,海南,东部,2023,ELM,VAL,0.551463,0.5931791663712078,-0.04171616637120779
3214,420000,湖北,中部,2023,ELM,VAL,0.579412,0.5625299352921975,0.01688206470780251
3215,430000,湖南,中部,2023,ELM,VAL,0.575631,0.5343322947198835,0.04129870528011648
3216,620000,甘肃,西部,2023,ELM,VAL,0.527659,0.5074133988383072,0.02024560116169283
3217,350000,福建,东部,2023,ELM,VAL,0.613066,0.6005260063377875,0.01253999366221248
3218,540000,西藏,西部,2023,ELM,VAL,0.469429,0.4338617546196916,0.03556724538030842
3219,520000,贵州,西部,2023,ELM,VAL,0.503837,0.5338351563719145,-0.0299981563719145
3220,210000,辽宁,东部,2023,ELM,VAL,0.506274,0.5140637008621611,-0.007789700862161131
3221,500000,重庆,西部,2023,ELM,VAL,0.596489,0.5773983291862996,0.01909067081370042
3222,610000,陕西,西部,2023,ELM,VAL,0.572048,0.5435375549599324,0.02851044504006761
3223,630000,青海,西部,2023,ELM,VAL,0.585917,0.5028778836369052,0.0830391163630948
3224,230000,黑龙江,中部,2023,ELM,VAL,0.521684,0.4879733152700789,0.03371068472992111
3225,310000,上海,东部,2024,ELM,VAL,0.640153,0.5983836856388973,0.04176931436110265
3226,530000,云南,西部,2024,ELM,VAL,0.496008,0.5144270303289766,-0.01841903032897663
3227,150000,内蒙古,西部,2024,ELM,VAL,0.538097,0.5614990007310878,-0.02340200073108778
3228,110000,北京,东部,2024,ELM,VAL,0.696568,0.7578756324019869,-0.06130763240198689
3229,220000,吉林,中部,2024,ELM,VAL,0.547011,0.5122836902187293,0.0347273097812707
3230,510000,四川,西部,2024,ELM,VAL,0.536615,0.5154566991564653,0.02115830084353465
3231,120000,天津,东部,2024,ELM,VAL,0.534036,0.5787547088325316,-0.0447187088325316
3232,640000,宁夏,西部,2024,ELM,VAL,0.559033,0.5666860954169577,-0.007653095416957689
3233,340000,安徽,中部,2024,ELM,VAL,0.597529,0.5289921125969186,0.06853688740308139
3234,370000,山东,东部,2024,ELM,VAL,0.618532,0.610111372235818,0.008420627764181954
3235,140000,山西,中部,2024,ELM,VAL,0.594264,0.5671217665767668,0.02714223342323319
3236,440000,广东,东部,2024,ELM,VAL,0.58995,0.6529675796950898,-0.06301757969508981
3237,450000,广西,西部,2024,ELM,VAL,0.515035,0.5390035639269353,-0.02396856392693525
3238,650000,新疆,西部,2024,ELM,VAL,0.556275,0.5243145318116105,0.03196046818838949
3239,320000,江苏,东部,2024,ELM,VAL,0.648149,0.5948540896845591,0.05329491031544087
3240,360000,江西,中部,2024,ELM,VAL,0.611959,0.5663577329166879,0.04560126708331214
3241,130000,河北,东部,2024,ELM,VAL,0.573678,0.587012140764948,-0.01333414076494799
3242,410000,河南,中部,2024,ELM,VAL,0.513791,0.5471620356165486,-0.03337103561654864
3243,330000,浙江,东部,2024,ELM,VAL,0.624323,0.5775973238487799,0.04672567615122003
3244,460000,海南,东部,2024,ELM,VAL,0.549362,0.5931223697231712,-0.04376036972317121
3245,420000,湖北,中部,2024,ELM,VAL,0.582375,0.5648897778087384,0.01748522219126158
3246,430000,湖南,中部,2024,ELM,VAL,0.580144,0.5385554640800883,0.04158853591991174
3247,620000,甘肃,西部,2024,ELM,VAL,0.530509,0.5123551393447691,0.01815386065523095
3248,350000,福建,东部,2024,ELM,VAL,0.615601,0.597793291222876,0.0178077087771239
3249,540000,西藏,西部,2024,ELM,VAL,0.473639,0.4389837247175309,0.03465527528246909
3250,520000,贵州,西部,2024,ELM,VAL,0.509591,0.5391350731489516,-0.02954407314895158
3251,210000,辽宁,东部,2024,ELM,VAL,0.513433,0.5202069119471858,-0.006773911947185796
3252,500000,重庆,西部,2024,ELM,VAL,0.60204,0.5823521024256622,0.01968789757433786
3253,610000,陕西,西部,2024,ELM,VAL,0.579652,0.5451145279141942,0.03453747208580571
3254,630000,青海,西部,2024,ELM,VAL,0.587491,0.5042679423860018,0.08322305761399817
3255,230000,黑龙江,中部,2024,ELM,VAL,0.525348,0.4916326824477411,0.03371531755225898
3256,310000,上海,东部,2020,ELM,TEST,0.579822,0.6228967327107624,-0.04307473271076245
3257,530000,云南,西部,2020,ELM,TEST,0.447013,0.4849916107144532,-0.03797861071445319
3258,150000,内蒙古,西部,2020,ELM,TEST,0.514523,0.5464843247843937,-0.03196132478439373
3259,110000,北京,东部,2020,ELM,TEST,0.696177,0.7609009696136466,-0.06472396961364657
3260,220000,吉林,中部,2020,ELM,TEST,0.487747,0.5084875413658811,-0.02074054136588116
3261,510000,四川,西部,2020,ELM,TEST,0.502335,0.494274492026902,0.008060507973097986
3262,120000,天津,东部,2020,ELM,TEST,0.529018,0.5941618434284709,-0.0651438434284709
3263,640000,宁夏,西部,2020,ELM,TEST,0.511795,0.5449332972905961,-0.03313829729059614
3264,340000,安徽,中部,2020,ELM,TEST,0.55174,0.5313511503291237,0.02038884967087629
3265,370000,山东,东部,2020,ELM,TEST,0.590034,0.6221183733374769,-0.03208437333747693
3266,140000,山西,中部,2020,ELM,TEST,0.569411,0.5343144595192709,0.03509654048072908
3267,440000,广东,东部,2020,ELM,TEST,0.579013,0.6613458872695639,-0.08233288726956389
3268,450000,广西,西部,2020,ELM,TEST,0.482642,0.5124428298738455,-0.02980082987384547
3269,650000,新疆,西部,2020,ELM,TEST,0.519253,0.5187753491793612,0.0004776508206387753
3270,320000,江苏,东部,2020,ELM,TEST,0.623059,0.6124440922373262,0.01061490776267382
3271,360000,江西,中部,2020,ELM,TEST,0.519091,0.5482733050557098,-0.02918230505570985
3272,130000,河北,东部,2020,ELM,TEST,0.575537,0.5693530949328597,0.006183905067140283
3273,410000,河南,中部,2020,ELM,TEST,0.492978,0.5464700924478471,-0.05349209244784703
3274,330000,浙江,东部,2020,ELM,TEST,0.596941,0.6174838848880742,-0.0205428848880741
3275,460000,海南,东部,2020,ELM,TEST,0.525731,0.5682958372914622,-0.04256483729146221
3276,420000,湖北,中部,2020,ELM,TEST,0.521526,0.5430283542051413,-0.02150235420514124
3277,430000,湖南,中部,2020,ELM,TEST,0.556662,0.5149163766740736,0.04174562332592635
3278,620000,甘肃,西部,2020,ELM,TEST,0.475761,0.47984904356183,-0.004088043561830013
3279,350000,福建,东部,2020,ELM,TEST,0.571164,0.5918246153509444,-0.02066061535094443
3280,540000,西藏,西部,2020,ELM,TEST,0.421445,0.4329243045969796,-0.0114793045969796
3281,520000,贵州,西部,2020,ELM,TEST,0.484676,0.5015398147635671,-0.01686381476356713
3282,210000,辽宁,东部,2020,ELM,TEST,0.484983,0.5075474789139204,-0.02256447891392038
3283,500000,重庆,西部,2020,ELM,TEST,0.512612,0.5497154877902086,-0.03710348779020867
3284,610000,陕西,西部,2020,ELM,TEST,0.525287,0.5437372500740683,-0.01845025007406831
3285,630000,青海,西部,2020,ELM,TEST,0.517589,0.4792374548311031,0.03835154516889683
3286,230000,黑龙江,中部,2020,ELM,TEST,0.498029,0.4606151778732203,0.03741382212677974
3287,310000,上海,东部,2021,ELM,TEST,0.614756,0.607624065212341,0.007131934787658945
3288,530000,云南,西部,2021,ELM,TEST,0.456717,0.5009667872668552,-0.04424978726685519
3289,150000,内蒙古,西部,2021,ELM,TEST,0.525867,0.5514020448519817,-0.02553504485198177
3290,110000,北京,东部,2021,ELM,TEST,0.696985,0.767176563324311,-0.07019156332431098
3291,220000,吉林,中部,2021,ELM,TEST,0.507618,0.5177356026685586,-0.01011760266855855
3292,510000,四川,西部,2021,ELM,TEST,0.49883,0.5188322008390798,-0.02000220083907978
3293,120000,天津,东部,2021,ELM,TEST,0.541368,0.5805380608590808,-0.03917006085908081
3294,640000,宁夏,西部,2021,ELM,TEST,0.505012,0.5572440754312286,-0.05223207543122854
3295,340000,安徽,中部,2021,ELM,TEST,0.56897,0.5270208476094376,0.04194915239056241
3296,370000,山东,东部,2021,ELM,TEST,0.605397,0.6142816013364458,-0.008884601336445863
3297,140000,山西,中部,2021,ELM,TEST,0.584605,0.5510961200769431,0.03350887992305696
3298,440000,广东,东部,2021,ELM,TEST,0.586034,0.6493538233373548,-0.06331982333735475
3299,450000,广西,西部,2021,ELM,TEST,0.494129,0.5274341832343219,-0.03330518323432191
3300,650000,新疆,西部,2021,ELM,TEST,0.518847,0.5230964054739531,-0.004249405473953138
3301,320000,江苏,东部,2021,ELM,TEST,0.644028,0.602996794340187,0.041031205659813
3302,360000,江西,中部,2021,ELM,TEST,0.564084,0.5587964291856466,0.005287570814353382
3303,130000,河北,东部,2021,ELM,TEST,0.554711,0.5836606424365236,-0.02894964243652365
3304,410000,河南,中部,2021,ELM,TEST,0.493128,0.541990338852216,-0.04886233885221603
3305,330000,浙江,东部,2021,ELM,TEST,0.593534,0.60057049573219,-0.007036495732190007
3306,460000,海南,东部,2021,ELM,TEST,0.559285,0.5818970324201282,-0.02261203242012821
3307,420000,湖北,中部,2021,ELM,TEST,0.545311,0.5563500856165363,-0.01103908561653633
3308,430000,湖南,中部,2021,ELM,TEST,0.555373,0.5235799669883465,0.03179303301165348
3309,620000,甘肃,西部,2021,ELM,TEST,0.474559,0.4953792790988605,-0.02082027909886047
3310,350000,福建,东部,2021,ELM,TEST,0.592777,0.5890413087961857,0.00373569120381434
3311,540000,西藏,西部,2021,ELM,TEST,0.41731,0.4403600898735779,-0.02305008987357793
3312,520000,贵州,西部,2021,ELM,TEST,0.481293,0.5082885449146857,-0.02699554491468564
3313,210000,辽宁,东部,2021,ELM,TEST,0.509504,0.5173605341661031,-0.007856534166103102
3314,500000,重庆,西部,2021,ELM,TEST,0.566352,0.5651287714765613,0.001223228523438702
3315,610000,陕西,西部,2021,ELM,TEST,0.533037,0.5727507785934318,-0.03971377859343184
3316,630000,青海,西部,2021,ELM,TEST,0.528139,0.4902611537213949,0.03787784627860513
3317,230000,黑龙江,中部,2021,ELM,TEST,0.497259,0.4847174433074503,0.01254155669254975
3318,310000,上海,东部,2022,ELM,TEST,0.607718,0.6324225571022545,-0.0247045571022545
3319,530000,云南,西部,2022,ELM,TEST,0.46771,0.5039460457722118,-0.03623604577221179
3320,150000,内蒙古,西部,2022,ELM,TEST,0.52779,0.5563825232753873,-0.0285925232753873
3321,110000,北京,东部,2022,ELM,TEST,0.685065,0.7629366551890783,-0.07787165518907824
3322,220000,吉林,中部,2022,ELM,TEST,0.504623,0.5028043773735145,0.001818622626485578
3323,510000,四川,西部,2022,ELM,TEST,0.512427,0.5124196447156875,7.355284312504651e-06
3324,120000,天津,东部,2022,ELM,TEST,0.533358,0.5745765245025711,-0.04121852450257113
3325,640000,宁夏,西部,2022,ELM,TEST,0.538823,0.5649434079348098,-0.02612040793480974
3326,340000,安徽,中部,2022,ELM,TEST,0.587257,0.5202478514091489,0.06700914859085116
3327,370000,山东,东部,2022,ELM,TEST,0.606987,0.6135685624084118,-0.00658156240841179
3328,140000,山西,中部,2022,ELM,TEST,0.595399,0.551879397189321,0.04351960281067901
3329,440000,广东,东部,2022,ELM,TEST,0.581336,0.6577373970518923,-0.0764013970518923
3330,450000,广西,西部,2022,ELM,TEST,0.514367,0.5334887029400746,-0.01912170294007454
3331,650000,新疆,西部,2022,ELM,TEST,0.534181,0.5097907724654696,0.02439022753453046
3332,320000,江苏,东部,2022,ELM,TEST,0.637205,0.5987621997851504,0.03844280021484958
3333,360000,江西,中部,2022,ELM,TEST,0.59208,0.5608334558811104,0.03124654411888961
3334,130000,河北,东部,2022,ELM,TEST,0.56732,0.579308512672216,-0.0119885126722159
3335,410000,河南,中部,2022,ELM,TEST,0.499545,0.539250103371164,-0.03970510337116395
3336,330000,浙江,东部,2022,ELM,TEST,0.601991,0.5890943871875547,0.01289661281244536
3337,460000,海南,东部,2022,ELM,TEST,0.556857,0.5818062092160738,-0.0249492092160738
3338,420000,湖北,中部,2022,ELM,TEST,0.556958,0.557315979484736,-0.0003579794847360374
3339,430000,湖南,中部,2022,ELM,TEST,0.5679,0.5272167261414956,0.04068327385850434
3340,620000,甘肃,西部,2022,ELM,TEST,0.502832,0.504998911190118,-0.002166911190118026
3341,350000,福建,东部,2022,ELM,TEST,0.597754,0.5943332327545514,0.003420767245448597
3342,540000,西藏,西部,2022,ELM,TEST,0.435723,0.4329354684762637,0.002787531523736286
3343,520000,贵州,西部,2022,ELM,TEST,0.501379,0.520264068003297,-0.01888506800329703
3344,210000,辽宁,东部,2022,ELM,TEST,0.495944,0.5201587172457001,-0.02421471724570007
3345,500000,重庆,西部,2022,ELM,TEST,0.585735,0.5726503980832565,0.01308460191674354
3346,610000,陕西,西部,2022,ELM,TEST,0.56411,0.5490435343124812,0.01506646568751879
3347,630000,青海,西部,2022,ELM,TEST,0.558508,0.4939768293109401,0.06453117068905989
3348,230000,黑龙江,中部,2022,ELM,TEST,0.512927,0.4897516020610985,0.02317539793890155
3349,310000,上海,东部,2007,CatBoost,TRAIN,0.469494,0.4788240091506539,-0.00933000915065385
3350,530000,云南,西部,2007,CatBoost,TRAIN,0.285728,0.2921342222345298,-0.006406222234529801
3351,150000,内蒙古,西部,2007,CatBoost,TRAIN,0.35025,0.3521671305541453,-0.00191713055414533
3352,110000,北京,东部,2007,CatBoost,TRAIN,0.614172,0.6192748059262899,-0.005102805926289866
3353,220000,吉林,中部,2007,CatBoost,TRAIN,0.32063,0.330547243401824,-0.009917243401823927
3354,510000,四川,西部,2007,CatBoost,TRAIN,0.310444,0.3139128318024268,-0.003468831802426797
3355,120000,天津,东部,2007,CatBoost,TRAIN,0.445921,0.4514331959642509,-0.005512195964250843
3356,640000,宁夏,西部,2007,CatBoost,TRAIN,0.320032,0.3249581626763639,-0.004926162676363921
3357,340000,安徽,中部,2007,CatBoost,TRAIN,0.315404,0.313488226586076,0.001915773413924016
3358,370000,山东,东部,2007,CatBoost,TRAIN,0.414638,0.4144556564843844,0.000182343515615635
3359,140000,山西,中部,2007,CatBoost,TRAIN,0.359663,0.3606733201093441,-0.001010320109344098
3360,440000,广东,东部,2007,CatBoost,TRAIN,0.388557,0.4020119605488941,-0.01345496054889411
3361,450000,广西,西部,2007,CatBoost,TRAIN,0.232654,0.2381081411060968,-0.005454141106096821
3362,650000,新疆,西部,2007,CatBoost,TRAIN,0.362242,0.3525630082978706,0.009678991702129436
3363,320000,江苏,东部,2007,CatBoost,TRAIN,0.464326,0.4583178292072507,0.00600817079274929
3364,360000,江西,中部,2007,CatBoost,TRAIN,0.283623,0.2930703453393903,-0.00944734533939029
3365,130000,河北,东部,2007,CatBoost,TRAIN,0.357469,0.3595778763168474,-0.002108876316847419
3366,410000,河南,中部,2007,CatBoost,TRAIN,0.302465,0.3020230200272693,0.000441979972730655
3367,330000,浙江,东部,2007,CatBoost,TRAIN,0.451458,0.4546721006254262,-0.003214100625426153
3368,460000,海南,东部,2007,CatBoost,TRAIN,0.295896,0.3016798240587314,-0.005783824058731457
3369,420000,湖北,中部,2007,CatBoost,TRAIN,0.336287,0.3406584741986174,-0.004371474198617387
3370,430000,湖南,中部,2007,CatBoost,TRAIN,0.294648,0.2955048481746966,-0.0008568481746965562
3371,620000,甘肃,西部,2007,CatBoost,TRAIN,0.304409,0.3015871327221972,0.002821867277802759
3372,350000,福建,东部,2007,CatBoost,TRAIN,0.364673,0.3689792743324931,-0.004306274332493032
3373,540000,西藏,西部,2007,CatBoost,TRAIN,0.28527,0.2816854430031974,0.003584556996802657
3374,520000,贵州,西部,2007,CatBoost,TRAIN,0.210248,0.2138940483413617,-0.00364604834136173
3375,210000,辽宁,东部,2007,CatBoost,TRAIN,0.354223,0.3609455269250857,-0.006722526925085681
3376,500000,重庆,西部,2007,CatBoost,TRAIN,0.362078,0.3653796174840988,-0.003301617484098796
3377,610000,陕西,西部,2007,CatBoost,TRAIN,0.381037,0.3720524868435813,0.008984513156418739
3378,630000,青海,西部,2007,CatBoost,TRAIN,0.398443,0.3917575354998659,0.006685464500134075
3379,230000,黑龙江,中部,2007,CatBoost,TRAIN,0.283853,0.2891298650163455,-0.005276865016345444
3380,310000,上海,东部,2008,CatBoost,TRAIN,0.490255,0.4855241028546571,0.004730897145342916
3381,530000,云南,西部,2008,CatBoost,TRAIN,0.329365,0.3242315892526851,0.005133410747314882
3382,150000,内蒙古,西部,2008,CatBoost,TRAIN,0.360651,0.3557769030364916,0.004874096963508434
3383,110000,北京,东部,2008,CatBoost,TRAIN,0.665325,0.6596910543781737,0.005633945621826397
3384,220000,吉林,中部,2008,CatBoost,TRAIN,0.34586,0.3437222336069717,0.002137766393028262
3385,510000,四川,西部,2008,CatBoost,TRAIN,0.277484,0.2901854150031542,-0.01270141500315419
3386,120000,天津,东部,2008,CatBoost,TRAIN,0.477976,0.4791433872361227,-0.001167387236122697
3387,640000,宁夏,西部,2008,CatBoost,TRAIN,0.333485,0.340147071570345,-0.006662071570344985
3388,340000,安徽,中部,2008,CatBoost,TRAIN,0.340996,0.3375384520562797,0.003457547943720274
3389,370000,山东,东部,2008,CatBoost,TRAIN,0.433038,0.4314824274735013,0.001555572526498683
3390,140000,山西,中部,2008,CatBoost,TRAIN,0.392037,0.3816183130482576,0.01041868695174242
3391,440000,广东,东部,2008,CatBoost,TRAIN,0.440156,0.4376038834506337,0.002552116549366268
3392,450000,广西,西部,2008,CatBoost,TRAIN,0.261325,0.2578348454176461,0.003490154582353855
3393,650000,新疆,西部,2008,CatBoost,TRAIN,0.351233,0.3496880098821273,0.001544990117872735
3394,320000,江苏,东部,2008,CatBoost,TRAIN,0.499262,0.4956339684460335,0.00362803155396646
3395,360000,江西,中部,2008,CatBoost,TRAIN,0.324957,0.3209592556023283,0.003997744397671699
3396,130000,河北,东部,2008,CatBoost,TRAIN,0.392356,0.3874885718439851,0.004867428156014875
3397,410000,河南,中部,2008,CatBoost,TRAIN,0.302791,0.30254219156881,0.0002488084311900174
3398,330000,浙江,东部,2008,CatBoost,TRAIN,0.471665,0.4672282629642587,0.004436737035741323
3399,460000,海南,东部,2008,CatBoost,TRAIN,0.304556,0.3165027425708237,-0.01194674257082368
3400,420000,湖北,中部,2008,CatBoost,TRAIN,0.350448,0.3516726934751949,-0.001224693475194938
3401,430000,湖南,中部,2008,CatBoost,TRAIN,0.311845,0.3197929195033685,-0.007947919503368539
3402,620000,甘肃,西部,2008,CatBoost,TRAIN,0.314645,0.3146711823819822,-2.618238198220935e-05
3403,350000,福建,东部,2008,CatBoost,TRAIN,0.380228,0.3884128524732643,-0.008184852473264281
3404,540000,西藏,西部,2008,CatBoost,TRAIN,0.269376,0.2784239796987783,-0.009047979698778297
3405,520000,贵州,西部,2008,CatBoost,TRAIN,0.241062,0.2369684395723348,0.004093560427665177
3406,210000,辽宁,东部,2008,CatBoost,TRAIN,0.391415,0.3875687966105427,0.003846203389457348
3407,500000,重庆,西部,2008,CatBoost,TRAIN,0.391252,0.3790980153920976,0.01215398460790235
3408,610000,陕西,西部,2008,CatBoost,TRAIN,0.392737,0.3826524859252262,0.01008451407477379
3409,630000,青海,西部,2008,CatBoost,TRAIN,0.382635,0.3845654693149738,-0.00193046931497376
3410,230000,黑龙江,中部,2008,CatBoost,TRAIN,0.297748,0.2969266627496946,0.0008213372503054206
3411,310000,上海,东部,2009,CatBoost,TRAIN,0.49423,0.4954276813839231,-0.001197681383923122
3412,530000,云南,西部,2009,CatBoost,TRAIN,0.32989,0.3298237685703924,6.623142960759942e-05
3413,150000,内蒙古,西部,2009,CatBoost,TRAIN,0.377862,0.3715046021815745,0.006357397818425481
3414,110000,北京,东部,2009,CatBoost,TRAIN,0.695131,0.674270925070174,0.020860074929826
3415,220000,吉林,中部,2009,CatBoost,TRAIN,0.345124,0.3501578975585473,-0.005033897558547329
3416,510000,四川,西部,2009,CatBoost,TRAIN,0.307312,0.3092365071739699,-0.001924507173969969
3417,120000,天津,东部,2009,CatBoost,TRAIN,0.473766,0.4807774738376336,-0.007011473837633564
3418,640000,宁夏,西部,2009,CatBoost,TRAIN,0.365262,0.3695865991500025,-0.004324599150002495
3419,340000,安徽,中部,2009,CatBoost,TRAIN,0.334407,0.3393430313298857,-0.004936031329885682
3420,370000,山东,东部,2009,CatBoost,TRAIN,0.448545,0.4439968101391926,0.004548189860807461
3421,140000,山西,中部,2009,CatBoost,TRAIN,0.382254,0.3816725839119975,0.0005814160880024954
3422,440000,广东,东部,2009,CatBoost,TRAIN,0.478639,0.4793221282239425,-0.0006831282239425085
3423,450000,广西,西部,2009,CatBoost,TRAIN,0.315314,0.316749353989784,-0.001435353989784005
3424,650000,新疆,西部,2009,CatBoost,TRAIN,0.35955,0.3569691917485127,0.002580808251487321
3425,320000,江苏,东部,2009,CatBoost,TRAIN,0.522323,0.5160144051849217,0.006308594815078283
3426,360000,江西,中部,2009,CatBoost,TRAIN,0.337338,0.3339703988801739,0.003367601119826091
3427,130000,河北,东部,2009,CatBoost,TRAIN,0.408099,0.4016601713820916,0.006438828617908343
3428,410000,河南,中部,2009,CatBoost,TRAIN,0.309275,0.3050052839350094,0.004269716064990658
3429,330000,浙江,东部,2009,CatBoost,TRAIN,0.480921,0.4795040185277832,0.00141698147221675
3430,460000,海南,东部,2009,CatBoost,TRAIN,0.370788,0.3671999748601289,0.003588025139871109
3431,420000,湖北,中部,2009,CatBoost,TRAIN,0.376263,0.3723267523134509,0.003936247686549099
3432,430000,湖南,中部,2009,CatBoost,TRAIN,0.343712,0.3424693091033303,0.001242690896669674
3433,620000,甘肃,西部,2009,CatBoost,TRAIN,0.314579,0.3175932678461453,-0.003014267846145335
3434,350000,福建,东部,2009,CatBoost,TRAIN,0.414075,0.4182482925940995,-0.004173292594099487
3435,540000,西藏,西部,2009,CatBoost,TRAIN,0.300686,0.2978559073155782,0.002830092684421803
3436,520000,贵州,西部,2009,CatBoost,TRAIN,0.256668,0.2612499958895417,-0.004581995889541668
3437,210000,辽宁,东部,2009,CatBoost,TRAIN,0.392881,0.3923973200149491,0.0004836799850508888
3438,500000,重庆,西部,2009,CatBoost,TRAIN,0.368269,0.368917830780763,-0.0006488307807629989
3439,610000,陕西,西部,2009,CatBoost,TRAIN,0.40972,0.4027202415809989,0.006999758419001023
3440,630000,青海,西部,2009,CatBoost,TRAIN,0.396347,0.3921012323934711,0.00424576760652895
3441,230000,黑龙江,中部,2009,CatBoost,TRAIN,0.310882,0.3168361696914458,-0.005954169691445799
3442,310000,上海,东部,2010,CatBoost,TRAIN,0.491858,0.4939830582630828,-0.002125058263082735
3443,530000,云南,西部,2010,CatBoost,TRAIN,0.337123,0.3312825089128708,0.005840491087129196
3444,150000,内蒙古,西部,2010,CatBoost,TRAIN,0.390122,0.384869379226871,0.005252620773128991
3445,110000,北京,东部,2010,CatBoost,TRAIN,0.664182,0.6696920187834653,-0.005510018783465243
3446,220000,吉林,中部,2010,CatBoost,TRAIN,0.382553,0.3851791218455782,-0.0026261218455782
3447,510000,四川,西部,2010,CatBoost,TRAIN,0.316314,0.3190095700491981,-0.002695570049198071
3448,120000,天津,东部,2010,CatBoost,TRAIN,0.499374,0.5000619542066939,-0.0006879542066938749
3449,640000,宁夏,西部,2010,CatBoost,TRAIN,0.392527,0.3862289246607591,0.006298075339240872
3450,340000,安徽,中部,2010,CatBoost,TRAIN,0.347594,0.3496585029215781,-0.00206450292157806
3451,370000,山东,东部,2010,CatBoost,TRAIN,0.470067,0.4665982873687962,0.003468712631203796
3452,140000,山西,中部,2010,CatBoost,TRAIN,0.398229,0.3867220928285336,0.01150690717146641
3453,440000,广东,东部,2010,CatBoost,TRAIN,0.528695,0.5160581911608974,0.01263680883910268
3454,450000,广西,西部,2010,CatBoost,TRAIN,0.324743,0.3287841022408421,-0.004041102240842143
3455,650000,新疆,西部,2010,CatBoost,TRAIN,0.390484,0.386407499677519,0.004076500322481025
3456,320000,江苏,东部,2010,CatBoost,TRAIN,0.515021,0.5154053568982943,-0.0003843568982943024
3457,360000,江西,中部,2010,CatBoost,TRAIN,0.348912,0.3460918476361463,0.00282015236385369
3458,130000,河北,东部,2010,CatBoost,TRAIN,0.423659,0.4161972631315802,0.007461736868419777
3459,410000,河南,中部,2010,CatBoost,TRAIN,0.314399,0.3160827457935131,-0.001683745793513158
3460,330000,浙江,东部,2010,CatBoost,TRAIN,0.49977,0.5012262115607405,-0.00145621156074055
3461,460000,海南,东部,2010,CatBoost,TRAIN,0.383206,0.391716949784166,-0.008510949784166
3462,420000,湖北,中部,2010,CatBoost,TRAIN,0.38831,0.380890715690711,0.007419284309288954
3463,430000,湖南,中部,2010,CatBoost,TRAIN,0.351233,0.3490801938495912,0.002152806150408804
3464,620000,甘肃,西部,2010,CatBoost,TRAIN,0.336322,0.3320216271750343,0.004300372824965704
3465,350000,福建,东部,2010,CatBoost,TRAIN,0.425601,0.4283402008559633,-0.002739200855963297
3466,540000,西藏,西部,2010,CatBoost,TRAIN,0.319901,0.315221322925211,0.004679677074789002
3467,520000,贵州,西部,2010,CatBoost,TRAIN,0.26812,0.2648134627168821,0.003306537283117916
3468,210000,辽宁,东部,2010,CatBoost,TRAIN,0.41895,0.4136044976783902,0.005345502321609741
3469,500000,重庆,西部,2010,CatBoost,TRAIN,0.39256,0.3965113343688246,-0.003951334368824555
3470,610000,陕西,西部,2010,CatBoost,TRAIN,0.409684,0.4032692587692062,0.00641474123079383
3471,630000,青海,西部,2010,CatBoost,TRAIN,0.380195,0.3825597700994317,-0.002364770099431646
3472,230000,黑龙江,中部,2010,CatBoost,TRAIN,0.341506,0.3477134649680391,-0.006207464968039145
3473,310000,上海,东部,2011,CatBoost,TRAIN,0.52444,0.5157191410683856,0.00872085893161445
3474,530000,云南,西部,2011,CatBoost,TRAIN,0.342188,0.3418040997586557,0.000383900241344326
3475,150000,内蒙古,西部,2011,CatBoost,TRAIN,0.395885,0.4037461431335908,-0.00786114313359082
3476,110000,北京,东部,2011,CatBoost,TRAIN,0.707105,0.7008934082357773,0.006211591764222701
3477,220000,吉林,中部,2011,CatBoost,TRAIN,0.418573,0.4116048061730764,0.006968193826923597
3478,510000,四川,西部,2011,CatBoost,TRAIN,0.346289,0.3548573590602705,-0.00856835906027048
3479,120000,天津,东部,2011,CatBoost,TRAIN,0.530708,0.5283800488845507,0.002327951115449256
3480,640000,宁夏,西部,2011,CatBoost,TRAIN,0.397901,0.4012620454749611,-0.003361045474961077
3481,340000,安徽,中部,2011,CatBoost,TRAIN,0.374981,0.3769744044439391,-0.00199340444393914
3482,370000,山东,东部,2011,CatBoost,TRAIN,0.488759,0.4865793748610074,0.002179625138992558
3483,140000,山西,中部,2011,CatBoost,TRAIN,0.401151,0.4030930843658529,-0.001942084365852914
3484,440000,广东,东部,2011,CatBoost,TRAIN,0.5261,0.5262308691419149,-0.0001308691419148467
3485,450000,广西,西部,2011,CatBoost,TRAIN,0.331927,0.3439532872389103,-0.01202628723891025
3486,650000,新疆,西部,2011,CatBoost,TRAIN,0.398319,0.396955857000087,0.00136314299991297
3487,320000,江苏,东部,2011,CatBoost,TRAIN,0.53548,0.534678205737323,0.0008017942626769026
3488,360000,江西,中部,2011,CatBoost,TRAIN,0.361149,0.368725235342118,-0.007576235342117987
3489,130000,河北,东部,2011,CatBoost,TRAIN,0.42148,0.4189265474560453,0.002553452543954726
3490,410000,河南,中部,2011,CatBoost,TRAIN,0.321146,0.3315220792182154,-0.01037607921821543
3491,330000,浙江,东部,2011,CatBoost,TRAIN,0.509859,0.5153069174208279,-0.005447917420827952
3492,460000,海南,东部,2011,CatBoost,TRAIN,0.469869,0.4527953612392895,0.01707363876071044
3493,420000,湖北,中部,2011,CatBoost,TRAIN,0.408075,0.3989925975017129,0.009082402498287123
3494,430000,湖南,中部,2011,CatBoost,TRAIN,0.351698,0.3529131907126833,-0.001215190712683278
3495,620000,甘肃,西部,2011,CatBoost,TRAIN,0.361354,0.3562211049068713,0.005132895093128698
3496,350000,福建,东部,2011,CatBoost,TRAIN,0.435985,0.4421947637496139,-0.006209763749613906
3497,540000,西藏,西部,2011,CatBoost,TRAIN,0.306182,0.3052483040340987,0.0009336959659013155
3498,520000,贵州,西部,2011,CatBoost,TRAIN,0.269938,0.2836045199594559,-0.01366651995945589
3499,210000,辽宁,东部,2011,CatBoost,TRAIN,0.431516,0.4293860572662498,0.002129942733750168
3500,500000,重庆,西部,2011,CatBoost,TRAIN,0.424435,0.4208905585471288,0.00354444145287125
3501,610000,陕西,西部,2011,CatBoost,TRAIN,0.434556,0.429168496151184,0.005387503848815978
3502,630000,青海,西部,2011,CatBoost,TRAIN,0.380392,0.3837349106045896,-0.003342910604589633
3503,230000,黑龙江,中部,2011,CatBoost,TRAIN,0.351356,0.3576346291931532,-0.006278629193153196
3504,310000,上海,东部,2012,CatBoost,TRAIN,0.509711,0.5114189994172474,-0.001707999417247419
3505,530000,云南,西部,2012,CatBoost,TRAIN,0.342158,0.343839794966342,-0.001681794966341965
3506,150000,内蒙古,西部,2012,CatBoost,TRAIN,0.424821,0.4301243263468698,-0.005303326346869752
3507,110000,北京,东部,2012,CatBoost,TRAIN,0.699799,0.7051371428804991,-0.005338142880499164
3508,220000,吉林,中部,2012,CatBoost,TRAIN,0.437314,0.4324686978314233,0.004845302168576704
3509,510000,四川,西部,2012,CatBoost,TRAIN,0.381361,0.3899689055766336,-0.008607905576633601
3510,120000,天津,东部,2012,CatBoost,TRAIN,0.534811,0.5319414113384128,0.002869588661587263
3511,640000,宁夏,西部,2012,CatBoost,TRAIN,0.397271,0.4044646050512442,-0.007193605051244223
3512,340000,安徽,中部,2012,CatBoost,TRAIN,0.396032,0.3951293313205869,0.0009026686794130767
3513,370000,山东,东部,2012,CatBoost,TRAIN,0.51803,0.5102648937753946,0.007765106224605356
3514,140000,山西,中部,2012,CatBoost,TRAIN,0.423134,0.4192900586048248,0.003843941395175188
3515,440000,广东,东部,2012,CatBoost,TRAIN,0.532101,0.5257193302315558,0.006381669768444231
3516,450000,广西,西部,2012,CatBoost,TRAIN,0.35927,0.3613599816729753,-0.002089981672975361
3517,650000,新疆,西部,2012,CatBoost,TRAIN,0.409927,0.4088894214439128,0.00103757855608716
3518,320000,江苏,东部,2012,CatBoost,TRAIN,0.552881,0.5433539760089388,0.009527023991061201
3519,360000,江西,中部,2012,CatBoost,TRAIN,0.395292,0.3949612189586368,0.0003307810413631929
3520,130000,河北,东部,2012,CatBoost,TRAIN,0.443302,0.4328869076776248,0.01041509232237514
3521,410000,河南,中部,2012,CatBoost,TRAIN,0.347414,0.3504090155227591,-0.002995015522759104
3522,330000,浙江,东部,2012,CatBoost,TRAIN,0.521526,0.5273708326090544,-0.005844832609054329
3523,460000,海南,东部,2012,CatBoost,TRAIN,0.467232,0.4633503223997257,0.003881677600274303
3524,420000,湖北,中部,2012,CatBoost,TRAIN,0.42698,0.421664277314558,0.005315722685442059
3525,430000,湖南,中部,2012,CatBoost,TRAIN,0.374403,0.3800636199221541,-0.005660619922154109
3526,620000,甘肃,西部,2012,CatBoost,TRAIN,0.37114,0.3678170566493278,0.003322943350672236
3527,350000,福建,东部,2012,CatBoost,TRAIN,0.459472,0.4615258622996881,-0.002053862299688125
3528,540000,西藏,西部,2012,CatBoost,TRAIN,0.30096,0.3021584022746349,-0.001198402274634913
3529,520000,贵州,西部,2012,CatBoost,TRAIN,0.305635,0.306667473476726,-0.00103247347672597
3530,210000,辽宁,东部,2012,CatBoost,TRAIN,0.451064,0.4544654150306807,-0.003401415030680643
3531,500000,重庆,西部,2012,CatBoost,TRAIN,0.460347,0.4563933210505227,0.003953678949477291
3532,610000,陕西,西部,2012,CatBoost,TRAIN,0.45579,0.4578798309592636,-0.002089830959263628
3533,630000,青海,西部,2012,CatBoost,TRAIN,0.394275,0.397282225857713,-0.003007225857713014
3534,230000,黑龙江,中部,2012,CatBoost,TRAIN,0.369154,0.3824929415569151,-0.01333894155691512
3535,310000,上海,东部,2013,CatBoost,TRAIN,0.499295,0.509220138394626,-0.009925138394625999
3536,530000,云南,西部,2013,CatBoost,TRAIN,0.363584,0.3673672947393284,-0.003783294739328369
3537,150000,内蒙古,西部,2013,CatBoost,TRAIN,0.452539,0.4489467642369093,0.003592235763090701
3538,110000,北京,东部,2013,CatBoost,TRAIN,0.71665,0.7171699142146707,-0.0005199142146706803
3539,220000,吉林,中部,2013,CatBoost,TRAIN,0.453477,0.4500755689464322,0.003401431053567772
3540,510000,四川,西部,2013,CatBoost,TRAIN,0.399379,0.4117181149726981,-0.01233911497269813
3541,120000,天津,东部,2013,CatBoost,TRAIN,0.554772,0.5448004615459601,0.009971538454039974
3542,640000,宁夏,西部,2013,CatBoost,TRAIN,0.425273,0.4267239881964692,-0.001450988196469216
3543,340000,安徽,中部,2013,CatBoost,TRAIN,0.430476,0.4293181684923936,0.001157831507606455
3544,370000,山东,东部,2013,CatBoost,TRAIN,0.550434,0.5362647197381628,0.01416928026183717
3545,140000,山西,中部,2013,CatBoost,TRAIN,0.455473,0.4385505164465965,0.01692248355340348
3546,440000,广东,东部,2013,CatBoost,TRAIN,0.554137,0.5517324677360307,0.002404532263969306
3547,450000,广西,西部,2013,CatBoost,TRAIN,0.385183,0.3859522488734297,-0.0007692488734297176
3548,650000,新疆,西部,2013,CatBoost,TRAIN,0.43343,0.4267203174194,0.006709682580600007
3549,320000,江苏,东部,2013,CatBoost,TRAIN,0.579476,0.5774083464125317,0.002067653587468299
3550,360000,江西,中部,2013,CatBoost,TRAIN,0.400488,0.4042058823162096,-0.003717882316209564
3551,130000,河北,东部,2013,CatBoost,TRAIN,0.475631,0.4649490285825019,0.01068197141749816
3552,410000,河南,中部,2013,CatBoost,TRAIN,0.368835,0.374026293614437,-0.005191293614436931
3553,330000,浙江,东部,2013,CatBoost,TRAIN,0.536391,0.5411036593895782,-0.004712659389578211
3554,460000,海南,东部,2013,CatBoost,TRAIN,0.478897,0.4754359270771605,0.003461072922839536
3555,420000,湖北,中部,2013,CatBoost,TRAIN,0.452791,0.4522830855607957,0.0005079144392043378
3556,430000,湖南,中部,2013,CatBoost,TRAIN,0.392934,0.3988902702452325,-0.005956270245232487
3557,620000,甘肃,西部,2013,CatBoost,TRAIN,0.395874,0.3878622542346039,0.008011745765396094
3558,350000,福建,东部,2013,CatBoost,TRAIN,0.474724,0.481730101725783,-0.007006101725782976
3559,540000,西藏,西部,2013,CatBoost,TRAIN,0.301734,0.3110064443802801,-0.009272444380280132
3560,520000,贵州,西部,2013,CatBoost,TRAIN,0.342552,0.3408693303822095,0.001682669617790566
3561,210000,辽宁,东部,2013,CatBoost,TRAIN,0.47184,0.4734229517795305,-0.00158295177953055
3562,500000,重庆,西部,2013,CatBoost,TRAIN,0.471614,0.4678714765253889,0.003742523474611126
3563,610000,陕西,西部,2013,CatBoost,TRAIN,0.471334,0.4732663393866472,-0.001932339386647219
3564,630000,青海,西部,2013,CatBoost,TRAIN,0.435803,0.4287074391448177,0.007095560855182259
3565,230000,黑龙江,中部,2013,CatBoost,TRAIN,0.394048,0.3960730513471485,-0.002025051347148532
3566,310000,上海,东部,2014,CatBoost,TRAIN,0.512259,0.515751002170282,-0.003492002170282005
3567,530000,云南,西部,2014,CatBoost,TRAIN,0.394056,0.3889958036199984,0.005060196380001603
3568,150000,内蒙古,西部,2014,CatBoost,TRAIN,0.485318,0.4734975143090014,0.01182048569099858
3569,110000,北京,东部,2014,CatBoost,TRAIN,0.753878,0.7496065407126119,0.004271459287388146
3570,220000,吉林,中部,2014,CatBoost,TRAIN,0.48598,0.4655166541830422,0.0204633458169578
3571,510000,四川,西部,2014,CatBoost,TRAIN,0.404679,0.4128327192710651,-0.008153719271065119
3572,120000,天津,东部,2014,CatBoost,TRAIN,0.553833,0.5530940402827733,0.000738959717226706
3573,640000,宁夏,西部,2014,CatBoost,TRAIN,0.450809,0.4551713482865065,-0.004362348286506446
3574,340000,安徽,中部,2014,CatBoost,TRAIN,0.445222,0.4427645546040755,0.002457445395924518
3575,370000,山东,东部,2014,CatBoost,TRAIN,0.543577,0.5451858209293252,-0.001608820929325239
3576,140000,山西,中部,2014,CatBoost,TRAIN,0.456001,0.4434001408643344,0.01260085913566561
3577,440000,广东,东部,2014,CatBoost,TRAIN,0.551331,0.5612559596721985,-0.00992495967219853
3578,450000,广西,西部,2014,CatBoost,TRAIN,0.405192,0.4066765253312624,-0.001484525331262421
3579,650000,新疆,西部,2014,CatBoost,TRAIN,0.452118,0.4494041848638807,0.002713815136119346
3580,320000,江苏,东部,2014,CatBoost,TRAIN,0.595037,0.5912076702263533,0.003829329773646695
3581,360000,江西,中部,2014,CatBoost,TRAIN,0.401411,0.4147115376942311,-0.01330053769423112
3582,130000,河北,东部,2014,CatBoost,TRAIN,0.488183,0.478745086674453,0.009437913325546943
3583,410000,河南,中部,2014,CatBoost,TRAIN,0.389505,0.3967091291946724,-0.007204129194672393
3584,330000,浙江,东部,2014,CatBoost,TRAIN,0.555829,0.55409434606266,0.001734653937340069
3585,460000,海南,东部,2014,CatBoost,TRAIN,0.481688,0.4838493397001991,-0.00216133970019905
3586,420000,湖北,中部,2014,CatBoost,TRAIN,0.472876,0.4746709272697894,-0.001794927269789415
3587,430000,湖南,中部,2014,CatBoost,TRAIN,0.418207,0.4202411365905714,-0.002034136590571445
3588,620000,甘肃,西部,2014,CatBoost,TRAIN,0.408766,0.4101699582230365,-0.001403958223036517
3589,350000,福建,东部,2014,CatBoost,TRAIN,0.490599,0.4936276311595535,-0.003028631159553485
3590,540000,西藏,西部,2014,CatBoost,TRAIN,0.374178,0.3712892972609188,0.002888702739081206
3591,520000,贵州,西部,2014,CatBoost,TRAIN,0.365249,0.3726205432909129,-0.007371543290912885
3592,210000,辽宁,东部,2014,CatBoost,TRAIN,0.487013,0.4831000280957159,0.003912971904284024
3593,500000,重庆,西部,2014,CatBoost,TRAIN,0.473044,0.4758321552448515,-0.002788155244851487
3594,610000,陕西,西部,2014,CatBoost,TRAIN,0.479637,0.4733717788264107,0.006265221173589242
3595,630000,青海,西部,2014,CatBoost,TRAIN,0.43016,0.4303933473723913,-0.0002333473723913349
3596,230000,黑龙江,中部,2014,CatBoost,TRAIN,0.40233,0.4066994745259331,-0.004369474525933115
3597,310000,上海,东部,2015,CatBoost,TRAIN,0.530903,0.5329967813986614,-0.002093781398661343
3598,530000,云南,西部,2015,CatBoost,TRAIN,0.401134,0.4075236981644184,-0.006389698164418367
3599,150000,内蒙古,西部,2015,CatBoost,TRAIN,0.5028,0.4956813457192583,0.00711865428074171
3600,110000,北京,东部,2015,CatBoost,TRAIN,0.766158,0.7713613287639958,-0.005203328763995763
3601,220000,吉林,中部,2015,CatBoost,TRAIN,0.45475,0.4597154389100889,-0.004965438910088882
3602,510000,四川,西部,2015,CatBoost,TRAIN,0.417983,0.4237095867125766,-0.005726586712576642
3603,120000,天津,东部,2015,CatBoost,TRAIN,0.55387,0.5562474866801805,-0.002377486680180563
3604,640000,宁夏,西部,2015,CatBoost,TRAIN,0.47163,0.4664925799801322,0.005137420019867833
3605,340000,安徽,中部,2015,CatBoost,TRAIN,0.465285,0.4623500275195849,0.002934972480415132
3606,370000,山东,东部,2015,CatBoost,TRAIN,0.5509,0.5429090653759869,0.007990934624013013
3607,140000,山西,中部,2015,CatBoost,TRAIN,0.451235,0.453777913382491,-0.002542913382490963
3608,440000,广东,东部,2015,CatBoost,TRAIN,0.541074,0.5492201915697849,-0.0081461915697848
3609,450000,广西,西部,2015,CatBoost,TRAIN,0.423979,0.4249325789014479,-0.0009535789014478713
3610,650000,新疆,西部,2015,CatBoost,TRAIN,0.472146,0.4658945743119848,0.006251425688015233
3611,320000,江苏,东部,2015,CatBoost,TRAIN,0.615843,0.600935239826806,0.01490776017319406
3612,360000,江西,中部,2015,CatBoost,TRAIN,0.421779,0.4337634298359516,-0.01198442983595155
3613,130000,河北,东部,2015,CatBoost,TRAIN,0.512584,0.4993176996974642,0.01326630030253584
3614,410000,河南,中部,2015,CatBoost,TRAIN,0.414816,0.418895442576792,-0.004079442576791992
3615,330000,浙江,东部,2015,CatBoost,TRAIN,0.565243,0.5620578020920955,0.003185197907904502
3616,460000,海南,东部,2015,CatBoost,TRAIN,0.494865,0.4989425303625417,-0.004077530362541715
3617,420000,湖北,中部,2015,CatBoost,TRAIN,0.496589,0.4945532656924162,0.002035734307583803
3618,430000,湖南,中部,2015,CatBoost,TRAIN,0.434362,0.4378560509832279,-0.003494050983227859
3619,620000,甘肃,西部,2015,CatBoost,TRAIN,0.426775,0.4203581094625086,0.006416890537491449
3620,350000,福建,东部,2015,CatBoost,TRAIN,0.506608,0.5116885151150223,-0.005080515115022388
3621,540000,西藏,西部,2015,CatBoost,TRAIN,0.479145,0.4638457716754632,0.01529922832453678
3622,520000,贵州,西部,2015,CatBoost,TRAIN,0.394252,0.393075820577084,0.001176179422915979
3623,210000,辽宁,东部,2015,CatBoost,TRAIN,0.487913,0.4814031748690507,0.006509825130949332
3624,500000,重庆,西部,2015,CatBoost,TRAIN,0.497174,0.5007045429311503,-0.003530542931150293
3625,610000,陕西,西部,2015,CatBoost,TRAIN,0.503439,0.4862712521655893,0.01716774783441072
3626,630000,青海,西部,2015,CatBoost,TRAIN,0.463007,0.4580715383753934,0.004935461624606619
3627,230000,黑龙江,中部,2015,CatBoost,TRAIN,0.411819,0.4115029060324648,0.0003160939675352359
3628,310000,上海,东部,2016,CatBoost,TRAIN,0.552024,0.5560515690672126,-0.004027569067212688
3629,530000,云南,西部,2016,CatBoost,TRAIN,0.432435,0.4319473334497543,0.0004876665502457356
3630,150000,内蒙古,西部,2016,CatBoost,TRAIN,0.508229,0.5061177064199089,0.0021112935800911
3631,110000,北京,东部,2016,CatBoost,TRAIN,0.778668,0.7793388683235725,-0.0006708683235724378
3632,220000,吉林,中部,2016,CatBoost,TRAIN,0.458748,0.4641195511108721,-0.005371551110872119
3633,510000,四川,西部,2016,CatBoost,TRAIN,0.424258,0.4309742041384976,-0.006716204138497606
3634,120000,天津,东部,2016,CatBoost,TRAIN,0.546051,0.5557679794606198,-0.00971697946061989
3635,640000,宁夏,西部,2016,CatBoost,TRAIN,0.467957,0.476485569787738,-0.008528569787737972
3636,340000,安徽,中部,2016,CatBoost,TRAIN,0.487232,0.4895234506990139,-0.002291450699013875
3637,370000,山东,东部,2016,CatBoost,TRAIN,0.563037,0.5581787062294059,0.004858293770594102
3638,140000,山西,中部,2016,CatBoost,TRAIN,0.476689,0.4761457645259649,0.0005432354740351197
3639,440000,广东,东部,2016,CatBoost,TRAIN,0.550845,0.5576487755988768,-0.006803775598876793
3640,450000,广西,西部,2016,CatBoost,TRAIN,0.431724,0.4409292949784434,-0.009205294978443357
3641,650000,新疆,西部,2016,CatBoost,TRAIN,0.480806,0.4720413970650336,0.008764602934966448
3642,320000,江苏,东部,2016,CatBoost,TRAIN,0.625346,0.6113108606526688,0.01403513934733114
3643,360000,江西,中部,2016,CatBoost,TRAIN,0.449652,0.4619711863454355,-0.01231918634543555
3644,130000,河北,东部,2016,CatBoost,TRAIN,0.510421,0.5016913518934147,0.008729648106585275
3645,410000,河南,中部,2016,CatBoost,TRAIN,0.437887,0.4431783936263962,-0.005291393626396135
3646,330000,浙江,东部,2016,CatBoost,TRAIN,0.574848,0.5846741682759256,-0.009826168275925529
3647,460000,海南,东部,2016,CatBoost,TRAIN,0.499456,0.5008184911637313,-0.001362491163731328
3648,420000,湖北,中部,2016,CatBoost,TRAIN,0.515551,0.5156807500692402,-0.0001297500692402087
3649,430000,湖南,中部,2016,CatBoost,TRAIN,0.454899,0.4622422227921132,-0.007343222792113191
3650,620000,甘肃,西部,2016,CatBoost,TRAIN,0.43951,0.4409132246538857,-0.001403224653885704
3651,350000,福建,东部,2016,CatBoost,TRAIN,0.524105,0.5278743181678146,-0.003769318167814562
3652,540000,西藏,西部,2016,CatBoost,TRAIN,0.342395,0.3489138867849346,-0.006518886784934619
3653,520000,贵州,西部,2016,CatBoost,TRAIN,0.430882,0.4249624580069926,0.005919541993007427
3654,210000,辽宁,东部,2016,CatBoost,TRAIN,0.472639,0.4831949045900228,-0.01055590459002287
3655,500000,重庆,西部,2016,CatBoost,TRAIN,0.503131,0.5075736980410014,-0.004442698041001392
3656,610000,陕西,西部,2016,CatBoost,TRAIN,0.49743,0.5007299911461291,-0.003299991146129166
3657,630000,青海,西部,2016,CatBoost,TRAIN,0.456845,0.4612999874651599,-0.004454987465159932
3658,230000,黑龙江,中部,2016,CatBoost,TRAIN,0.40789,0.4194514308168603,-0.01156143081686029
3659,310000,上海,东部,2017,CatBoost,TRAIN,0.587104,0.5765347051869403,0.01056929481305968
3660,530000,云南,西部,2017,CatBoost,TRAIN,0.440793,0.4418619960760959,-0.001068996076095896
3661,150000,内蒙古,西部,2017,CatBoost,TRAIN,0.50881,0.508896687857848,-8.668785784804456e-05
3662,110000,北京,东部,2017,CatBoost,TRAIN,0.815825,0.8014846900067394,0.01434030999326064
3663,220000,吉林,中部,2017,CatBoost,TRAIN,0.456131,0.4667549820240203,-0.01062398202402032
3664,510000,四川,西部,2017,CatBoost,TRAIN,0.44983,0.4521307470427562,-0.002300747042756235
3665,120000,天津,东部,2017,CatBoost,TRAIN,0.59251,0.5893267664543299,0.003183233545670072
3666,640000,宁夏,西部,2017,CatBoost,TRAIN,0.503942,0.5024881458606572,0.001453854139342847
3667,340000,安徽,中部,2017,CatBoost,TRAIN,0.523465,0.5165330951201423,0.00693190487985762
3668,370000,山东,东部,2017,CatBoost,TRAIN,0.571386,0.578043936507274,-0.006657936507274087
3669,140000,山西,中部,2017,CatBoost,TRAIN,0.492633,0.4903662456803016,0.002266754319698416
3670,440000,广东,东部,2017,CatBoost,TRAIN,0.572343,0.5752981439157063,-0.002955143915706282
3671,450000,广西,西部,2017,CatBoost,TRAIN,0.455427,0.4519523011420347,0.003474698857965364
3672,650000,新疆,西部,2017,CatBoost,TRAIN,0.484046,0.4888164205862569,-0.004770420586256929
3673,320000,江苏,东部,2017,CatBoost,TRAIN,0.631071,0.6204741586765022,0.01059684132349781
3674,360000,江西,中部,2017,CatBoost,TRAIN,0.481004,0.4851146354091724,-0.004110635409172392
3675,130000,河北,东部,2017,CatBoost,TRAIN,0.548186,0.5454996053182393,0.002686394681760684
3676,410000,河南,中部,2017,CatBoost,TRAIN,0.471023,0.4759658513721197,-0.004942851372119694
3677,330000,浙江,东部,2017,CatBoost,TRAIN,0.593708,0.5987622128195661,-0.005054212819566084
3678,460000,海南,东部,2017,CatBoost,TRAIN,0.511565,0.5125421444674725,-0.000977144467472435
3679,420000,湖北,中部,2017,CatBoost,TRAIN,0.51398,0.5178569837876065,-0.003876983787606481
3680,430000,湖南,中部,2017,CatBoost,TRAIN,0.459341,0.473461197347989,-0.01412019734798897
3681,620000,甘肃,西部,2017,CatBoost,TRAIN,0.450083,0.4540504655161106,-0.003967465516110602
3682,350000,福建,东部,2017,CatBoost,TRAIN,0.534499,0.5432286180626642,-0.008729618062664257
3683,540000,西藏,西部,2017,CatBoost,TRAIN,0.399187,0.3970325779930592,0.00215442200694077
3684,520000,贵州,西部,2017,CatBoost,TRAIN,0.437645,0.4368000905375873,0.000844909462412724
3685,210000,辽宁,东部,2017,CatBoost,TRAIN,0.495238,0.4890352344453729,0.006202765554627121
3686,500000,重庆,西部,2017,CatBoost,TRAIN,0.52428,0.5254052862731191,-0.001125286273119142
3687,610000,陕西,西部,2017,CatBoost,TRAIN,0.517211,0.5099284437318029,0.007282556268197071
3688,630000,青海,西部,2017,CatBoost,TRAIN,0.466649,0.4720415497557677,-0.00539254975576775
3689,230000,黑龙江,中部,2017,CatBoost,TRAIN,0.451933,0.4499899409542081,0.00194305904579184
3690,310000,上海,东部,2018,CatBoost,TRAIN,0.579515,0.5825846699535446,-0.003069669953544629
3691,530000,云南,西部,2018,CatBoost,TRAIN,0.442875,0.4527044812424622,-0.00982948124246219
3692,150000,内蒙古,西部,2018,CatBoost,TRAIN,0.514235,0.5153609182863893,-0.001125918286389305
3693,110000,北京,东部,2018,CatBoost,TRAIN,0.768698,0.7714984104693885,-0.002800410469388503
3694,220000,吉林,中部,2018,CatBoost,TRAIN,0.465133,0.4698241754897823,-0.004691175489782262
3695,510000,四川,西部,2018,CatBoost,TRAIN,0.475265,0.4789371694628303,-0.003672169462830277
3696,120000,天津,东部,2018,CatBoost,TRAIN,0.52457,0.5387472648969472,-0.01417726489694726
3697,640000,宁夏,西部,2018,CatBoost,TRAIN,0.532364,0.5264512181110077,0.005912781888992247
3698,340000,安徽,中部,2018,CatBoost,TRAIN,0.537699,0.5421413753763089,-0.004442375376308871
3699,370000,山东,东部,2018,CatBoost,TRAIN,0.57816,0.5787100561585109,-0.0005500561585108921
3700,140000,山西,中部,2018,CatBoost,TRAIN,0.526914,0.5171810966557737,0.009732903344226274
3701,440000,广东,东部,2018,CatBoost,TRAIN,0.592452,0.5942685992491341,-0.001816599249134132
3702,450000,广西,西部,2018,CatBoost,TRAIN,0.463532,0.4733827866349882,-0.009850786634988173
3703,650000,新疆,西部,2018,CatBoost,TRAIN,0.509686,0.5051646064016168,0.004521393598383217
3704,320000,江苏,东部,2018,CatBoost,TRAIN,0.629004,0.6308728535365765,-0.001868853536576509
3705,360000,江西,中部,2018,CatBoost,TRAIN,0.487213,0.4975332543117347,-0.01032025431173472
3706,130000,河北,东部,2018,CatBoost,TRAIN,0.570683,0.5627956916054779,0.007887308394522119
3707,410000,河南,中部,2018,CatBoost,TRAIN,0.504805,0.4982214118350206,0.006583588164979337
3708,330000,浙江,东部,2018,CatBoost,TRAIN,0.599335,0.6034731067017277,-0.004138106701727762
3709,460000,海南,东部,2018,CatBoost,TRAIN,0.52992,0.5288780314099152,0.001041968590084763
3710,420000,湖北,中部,2018,CatBoost,TRAIN,0.540135,0.540170077036493,-3.507703649296978e-05
3711,430000,湖南,中部,2018,CatBoost,TRAIN,0.493819,0.4992772236122642,-0.005458223612264168
3712,620000,甘肃,西部,2018,CatBoost,TRAIN,0.469899,0.4657057541922632,0.004193245807736778
3713,350000,福建,东部,2018,CatBoost,TRAIN,0.561814,0.5748800906240915,-0.01306609062409148
3714,540000,西藏,西部,2018,CatBoost,TRAIN,0.365356,0.3698524266444971,-0.00449642664449712
3715,520000,贵州,西部,2018,CatBoost,TRAIN,0.452155,0.4483888685997612,0.003766131400238737
3716,210000,辽宁,东部,2018,CatBoost,TRAIN,0.491053,0.494779827623024,-0.003726827623024009
3717,500000,重庆,西部,2018,CatBoost,TRAIN,0.537998,0.5404275034124765,-0.002429503412476497
3718,610000,陕西,西部,2018,CatBoost,TRAIN,0.52065,0.5271012265964599,-0.006451226596459914
3719,630000,青海,西部,2018,CatBoost,TRAIN,0.479832,0.4815791476395789,-0.001747147639578894
3720,230000,黑龙江,中部,2018,CatBoost,TRAIN,0.451123,0.4628783593103873,-0.01175535931038729
3721,310000,上海,东部,2019,CatBoost,TRAIN,0.580014,0.5833740397050673,-0.003360039705067264
3722,530000,云南,西部,2019,CatBoost,TRAIN,0.45998,0.4664747625585896,-0.006494762558589551
3723,150000,内蒙古,西部,2019,CatBoost,TRAIN,0.516332,0.5203136125018463,-0.003981612501846254
3724,110000,北京,东部,2019,CatBoost,TRAIN,0.752702,0.7563584821133555,-0.003656482113355564
3725,220000,吉林,中部,2019,CatBoost,TRAIN,0.489024,0.486794306689244,0.002229693310756009
3726,510000,四川,西部,2019,CatBoost,TRAIN,0.502332,0.5011568512868115,0.001175148713188467
3727,120000,天津,东部,2019,CatBoost,TRAIN,0.625394,0.6100294979530674,0.01536450204693263
3728,640000,宁夏,西部,2019,CatBoost,TRAIN,0.525372,0.5272176439755702,-0.001845643975570299
3729,340000,安徽,中部,2019,CatBoost,TRAIN,0.572304,0.5671906288181663,0.005113371181833748
3730,370000,山东,东部,2019,CatBoost,TRAIN,0.588186,0.5863497751383211,0.001836224861678892
3731,140000,山西,中部,2019,CatBoost,TRAIN,0.563699,0.5463487619595158,0.01735023804048419
3732,440000,广东,东部,2019,CatBoost,TRAIN,0.612601,0.6095722303828943,0.003028769617105631
3733,450000,广西,西部,2019,CatBoost,TRAIN,0.479507,0.4837598236423553,-0.004252823642355241
3734,650000,新疆,西部,2019,CatBoost,TRAIN,0.529405,0.5198361291458992,0.009568870854100853
3735,320000,江苏,东部,2019,CatBoost,TRAIN,0.63879,0.6368174027679787,0.001972597232021256
3736,360000,江西,中部,2019,CatBoost,TRAIN,0.510065,0.5178588025897022,-0.007793802589702192
3737,130000,河北,东部,2019,CatBoost,TRAIN,0.587495,0.5806052046923704,0.006889795307629565
3738,410000,河南,中部,2019,CatBoost,TRAIN,0.503784,0.5224122733566192,-0.01862827335661921
3739,330000,浙江,东部,2019,CatBoost,TRAIN,0.617281,0.6132858334995764,0.00399516650042353
3740,460000,海南,东部,2019,CatBoost,TRAIN,0.547691,0.543410513333736,0.004280486666264016
3741,420000,湖北,中部,2019,CatBoost,TRAIN,0.564303,0.5611068862308809,0.003196113769119102
3742,430000,湖南,中部,2019,CatBoost,TRAIN,0.544865,0.5321458349291586,0.01271916507084148
3743,620000,甘肃,西部,2019,CatBoost,TRAIN,0.474349,0.4763947349537455,-0.002045734953745493
3744,350000,福建,东部,2019,CatBoost,TRAIN,0.596953,0.5916041652924677,0.005348834707532224
3745,540000,西藏,西部,2019,CatBoost,TRAIN,0.38243,0.3817843199590978,0.0006456800409021524
3746,520000,贵州,西部,2019,CatBoost,TRAIN,0.479558,0.4788148868237497,0.0007431131762502541
3747,210000,辽宁,东部,2019,CatBoost,TRAIN,0.49813,0.497156865972984,0.0009731340270159872
3748,500000,重庆,西部,2019,CatBoost,TRAIN,0.55797,0.5465229601747148,0.01144703982528517
3749,610000,陕西,西部,2019,CatBoost,TRAIN,0.554226,0.5463606820426264,0.007865317957373552
3750,630000,青海,西部,2019,CatBoost,TRAIN,0.509949,0.5025225677691271,0.007426432230872915
3751,230000,黑龙江,中部,2019,CatBoost,TRAIN,0.492366,0.4841420539041338,0.008223946095866186
3752,310000,上海,东部,2023,CatBoost,VAL,0.635576,0.6926342383469023,-0.05705823834690227
3753,530000,云南,西部,2023,CatBoost,VAL,0.492518,0.5109602133095398,-0.01844221330953977
3754,150000,内蒙古,西部,2023,CatBoost,VAL,0.531873,0.5108302455082065,0.02104275449179349
3755,110000,北京,东部,2023,CatBoost,VAL,0.694676,0.7209033141727454,-0.02622731417274549
3756,220000,吉林,中部,2023,CatBoost,VAL,0.541202,0.4943523922980326,0.04684960770196739
3757,510000,四川,西部,2023,CatBoost,VAL,0.534815,0.5243464226367746,0.01046857736322548
3758,120000,天津,东部,2023,CatBoost,VAL,0.535202,0.573267565424264,-0.03806556542426409
3759,640000,宁夏,西部,2023,CatBoost,VAL,0.552874,0.5235080925472995,0.02936590745270051
3760,340000,安徽,中部,2023,CatBoost,VAL,0.594185,0.5580279270001343,0.0361570729998657
3761,370000,山东,东部,2023,CatBoost,VAL,0.617045,0.5819976788455815,0.03504732115441844
3762,140000,山西,中部,2023,CatBoost,VAL,0.583314,0.525042394033638,0.05827160596636205
3763,440000,广东,东部,2023,CatBoost,VAL,0.586699,0.623123002089112,-0.03642400208911201
3764,450000,广西,西部,2023,CatBoost,VAL,0.515158,0.5190172541946492,-0.003859254194649164
3765,650000,新疆,西部,2023,CatBoost,VAL,0.549562,0.5274945076389482,0.02206749236105177
3766,320000,江苏,东部,2023,CatBoost,VAL,0.64272,0.632404484513232,0.01031551548676801
3767,360000,江西,中部,2023,CatBoost,VAL,0.608596,0.5405235828896844,0.06807241711031564
3768,130000,河北,东部,2023,CatBoost,VAL,0.574037,0.5414508719396415,0.03258612806035854
3769,410000,河南,中部,2023,CatBoost,VAL,0.514993,0.5441555336720239,-0.02916253367202382
3770,330000,浙江,东部,2023,CatBoost,VAL,0.618958,0.6166120152881782,0.002345984711821791
3771,460000,海南,东部,2023,CatBoost,VAL,0.551463,0.5585233901123874,-0.007060390112387349
3772,420000,湖北,中部,2023,CatBoost,VAL,0.579412,0.5505526800708326,0.02885931992916746
3773,430000,湖南,中部,2023,CatBoost,VAL,0.575631,0.5332168232473442,0.0424141767526558
3774,620000,甘肃,西部,2023,CatBoost,VAL,0.527659,0.4987790952708695,0.02887990472913049
3775,350000,福建,东部,2023,CatBoost,VAL,0.613066,0.6053556727188781,0.007710327281121865
3776,540000,西藏,西部,2023,CatBoost,VAL,0.469429,0.437850264293994,0.031578735706006
3777,520000,贵州,西部,2023,CatBoost,VAL,0.503837,0.5207008880527263,-0.01686388805272632
3778,210000,辽宁,东部,2023,CatBoost,VAL,0.506274,0.509989874156616,-0.003715874156616006
3779,500000,重庆,西部,2023,CatBoost,VAL,0.596489,0.552796782504012,0.04369221749598806
3780,610000,陕西,西部,2023,CatBoost,VAL,0.572048,0.5416511680062797,0.03039683199372034
3781,630000,青海,西部,2023,CatBoost,VAL,0.585917,0.5121005723867368,0.07381642761326324
3782,230000,黑龙江,中部,2023,CatBoost,VAL,0.521684,0.4867011892631418,0.03498281073685822
3783,310000,上海,东部,2024,CatBoost,VAL,0.640153,0.6823089986552684,-0.04215599865526842
3784,530000,云南,西部,2024,CatBoost,VAL,0.496008,0.5118882006615454,-0.01588020066154539
3785,150000,内蒙古,西部,2024,CatBoost,VAL,0.538097,0.5090266227098776,0.02907037729012241
3786,110000,北京,东部,2024,CatBoost,VAL,0.696568,0.7103992700702728,-0.01383127007027285
3787,220000,吉林,中部,2024,CatBoost,VAL,0.547011,0.4942858549376419,0.05272514506235809
3788,510000,四川,西部,2024,CatBoost,VAL,0.536615,0.5249735815770706,0.01164141842292932
3789,120000,天津,东部,2024,CatBoost,VAL,0.534036,0.5728289916476583,-0.03879299164765837
3790,640000,宁夏,西部,2024,CatBoost,VAL,0.559033,0.5245359402123867,0.0344970597876133
3791,340000,安徽,中部,2024,CatBoost,VAL,0.597529,0.5628394038580817,0.03468959614191824
3792,370000,山东,东部,2024,CatBoost,VAL,0.618532,0.5814413704450422,0.03709062955495779
3793,140000,山西,中部,2024,CatBoost,VAL,0.594264,0.5254948067359682,0.06876919326403186
3794,440000,广东,东部,2024,CatBoost,VAL,0.58995,0.6266874287918144,-0.03673742879181441
3795,450000,广西,西部,2024,CatBoost,VAL,0.515035,0.5188213752160301,-0.003786375216030091
3796,650000,新疆,西部,2024,CatBoost,VAL,0.556275,0.5295483892976908,0.02672661070230919
3797,320000,江苏,东部,2024,CatBoost,VAL,0.648149,0.6297096864426788,0.0184393135573212
3798,360000,江西,中部,2024,CatBoost,VAL,0.611959,0.545667541681046,0.066291458318954
3799,130000,河北,东部,2024,CatBoost,VAL,0.573678,0.5414508719396415,0.03222712806035855
3800,410000,河南,中部,2024,CatBoost,VAL,0.513791,0.5474966699887357,-0.0337056699887357
3801,330000,浙江,东部,2024,CatBoost,VAL,0.624323,0.621551707903445,0.002771292096554911
3802,460000,海南,东部,2024,CatBoost,VAL,0.549362,0.5567832509773515,-0.007421250977351468
3803,420000,湖北,中部,2024,CatBoost,VAL,0.582375,0.5531984345234615,0.02917656547653846
3804,430000,湖南,中部,2024,CatBoost,VAL,0.580144,0.5416647541329691,0.03847924586703089
3805,620000,甘肃,西部,2024,CatBoost,VAL,0.530509,0.5130673910610999,0.01744160893890012
3806,350000,福建,东部,2024,CatBoost,VAL,0.615601,0.6053556727188781,0.01024532728112182
3807,540000,西藏,西部,2024,CatBoost,VAL,0.473639,0.4382710801079466,0.03536791989205335
3808,520000,贵州,西部,2024,CatBoost,VAL,0.509591,0.5210048240600782,-0.01141382406007818
3809,210000,辽宁,东部,2024,CatBoost,VAL,0.513433,0.5079747291720108,0.00545827082798922
3810,500000,重庆,西部,2024,CatBoost,VAL,0.60204,0.5501505170692419,0.05188948293075812
3811,610000,陕西,西部,2024,CatBoost,VAL,0.579652,0.542349660827703,0.03730233917229697
3812,630000,青海,西部,2024,CatBoost,VAL,0.587491,0.5113499268824936,0.0761410731175064
3813,230000,黑龙江,中部,2024,CatBoost,VAL,0.525348,0.4891492550511742,0.03619874494882586
3814,310000,上海,东部,2020,CatBoost,TEST,0.579822,0.6682194561167064,-0.08839745611670646
3815,530000,云南,西部,2020,CatBoost,TEST,0.447013,0.4820203929246446,-0.03500739292464461
3816,150000,内蒙古,西部,2020,CatBoost,TEST,0.514523,0.5074849098264493,0.007038090173550615
3817,110000,北京,东部,2020,CatBoost,TEST,0.696177,0.7206336823132736,-0.02445668231327358
3818,220000,吉林,中部,2020,CatBoost,TEST,0.487747,0.4922652286568073,-0.004518228656807344
3819,510000,四川,西部,2020,CatBoost,TEST,0.502335,0.5104019193262173,-0.008066919326217281
3820,120000,天津,东部,2020,CatBoost,TEST,0.529018,0.585850415246354,-0.05683241524635396
3821,640000,宁夏,西部,2020,CatBoost,TEST,0.511795,0.5329325197022396,-0.02113751970223965
3822,340000,安徽,中部,2020,CatBoost,TEST,0.55174,0.5629921389030984,-0.0112521389030984
3823,370000,山东,东部,2020,CatBoost,TEST,0.590034,0.5876966342901234,0.002337365709876527
3824,140000,山西,中部,2020,CatBoost,TEST,0.569411,0.5374967686886343,0.03191423131136573
3825,440000,广东,东部,2020,CatBoost,TEST,0.579013,0.6099400527177403,-0.03092705271774032
3826,450000,广西,西部,2020,CatBoost,TEST,0.482642,0.504475542420467,-0.02183354242046698
3827,650000,新疆,西部,2020,CatBoost,TEST,0.519253,0.517923729918385,0.001329270081614986
3828,320000,江苏,东部,2020,CatBoost,TEST,0.623059,0.6242128984145312,-0.001153898414531174
3829,360000,江西,中部,2020,CatBoost,TEST,0.519091,0.5276860251693369,-0.008595025169336967
3830,130000,河北,东部,2020,CatBoost,TEST,0.575537,0.5435303744102468,0.0320066255897532
3831,410000,河南,中部,2020,CatBoost,TEST,0.492978,0.5409425085764272,-0.0479645085764272
3832,330000,浙江,东部,2020,CatBoost,TEST,0.596941,0.6179213255626524,-0.02098032556265239
3833,460000,海南,东部,2020,CatBoost,TEST,0.525731,0.5480594379508534,-0.02232843795085349
3834,420000,湖北,中部,2020,CatBoost,TEST,0.521526,0.5340822280166978,-0.01255622801669776
3835,430000,湖南,中部,2020,CatBoost,TEST,0.556662,0.5294147080634709,0.02724729193652908
3836,620000,甘肃,西部,2020,CatBoost,TEST,0.475761,0.4857166300162325,-0.009955630016232508
3837,350000,福建,东部,2020,CatBoost,TEST,0.571164,0.6012798812565368,-0.03011588125653675
3838,540000,西藏,西部,2020,CatBoost,TEST,0.421445,0.4016232086011916,0.01982179139880841
3839,520000,贵州,西部,2020,CatBoost,TEST,0.484676,0.4887641880669156,-0.004088188066915577
3840,210000,辽宁,东部,2020,CatBoost,TEST,0.484983,0.5009023479755067,-0.0159193479755067
3841,500000,重庆,西部,2020,CatBoost,TEST,0.512612,0.5400243051488833,-0.02741230514888338
3842,610000,陕西,西部,2020,CatBoost,TEST,0.525287,0.5255770545112171,-0.0002900545112171082
3843,630000,青海,西部,2020,CatBoost,TEST,0.517589,0.4950188917422388,0.02257010825776118
3844,230000,黑龙江,中部,2020,CatBoost,TEST,0.498029,0.4823684128726877,0.01566058712731233
3845,310000,上海,东部,2021,CatBoost,TEST,0.614756,0.664513712611653,-0.04975771261165307
3846,530000,云南,西部,2021,CatBoost,TEST,0.456717,0.5072859011590695,-0.05056890115906948
3847,150000,内蒙古,西部,2021,CatBoost,TEST,0.525867,0.5061029136025863,0.01976408639741367
3848,110000,北京,东部,2021,CatBoost,TEST,0.696985,0.7069161751345718,-0.009931175134571868
3849,220000,吉林,中部,2021,CatBoost,TEST,0.507618,0.5034092741880183,0.004208725811981728
3850,510000,四川,西部,2021,CatBoost,TEST,0.49883,0.5288737042980572,-0.03004370429805725
3851,120000,天津,东部,2021,CatBoost,TEST,0.541368,0.5828683054668242,-0.04150030546682426
3852,640000,宁夏,西部,2021,CatBoost,TEST,0.505012,0.5370517898262339,-0.0320397898262339
3853,340000,安徽,中部,2021,CatBoost,TEST,0.56897,0.5555402187106334,0.01342978128936656
3854,370000,山东,东部,2021,CatBoost,TEST,0.605397,0.5896222779405853,0.01577472205941466
3855,140000,山西,中部,2021,CatBoost,TEST,0.584605,0.5300003285674592,0.05460467143254089
3856,440000,广东,东部,2021,CatBoost,TEST,0.586034,0.6199753538681331,-0.03394135386813302
3857,450000,广西,西部,2021,CatBoost,TEST,0.494129,0.5242103638347274,-0.03008136383472743
3858,650000,新疆,西部,2021,CatBoost,TEST,0.518847,0.514681172415696,0.004165827584303949
3859,320000,江苏,东部,2021,CatBoost,TEST,0.644028,0.6264596003181868,0.01756839968181323
3860,360000,江西,中部,2021,CatBoost,TEST,0.564084,0.541704131267314,0.02237986873268605
3861,130000,河北,东部,2021,CatBoost,TEST,0.554711,0.550633204196026,0.004077795803973938
3862,410000,河南,中部,2021,CatBoost,TEST,0.493128,0.5526257173488651,-0.05949771734886511
3863,330000,浙江,东部,2021,CatBoost,TEST,0.593534,0.6207701093907386,-0.02723610939073862
3864,460000,海南,东部,2021,CatBoost,TEST,0.559285,0.5605420669373811,-0.001257066937381035
3865,420000,湖北,中部,2021,CatBoost,TEST,0.545311,0.5427433753513372,0.002567624648662781
3866,430000,湖南,中部,2021,CatBoost,TEST,0.555373,0.5333938940282335,0.02197910597176655
3867,620000,甘肃,西部,2021,CatBoost,TEST,0.474559,0.5001114607268441,-0.02555246072684408
3868,350000,福建,东部,2021,CatBoost,TEST,0.592777,0.6092234039182104,-0.01644640391821039
3869,540000,西藏,西部,2021,CatBoost,TEST,0.41731,0.4217299633270578,-0.004419963327057741
3870,520000,贵州,西部,2021,CatBoost,TEST,0.481293,0.5058374483379298,-0.02454444833792974
3871,210000,辽宁,东部,2021,CatBoost,TEST,0.509504,0.5109311422955295,-0.001427142295529538
3872,500000,重庆,西部,2021,CatBoost,TEST,0.566352,0.5489957619892779,0.01735623801072206
3873,610000,陕西,西部,2021,CatBoost,TEST,0.533037,0.5560201921442459,-0.02298319214424593
3874,630000,青海,西部,2021,CatBoost,TEST,0.528139,0.4975371025769445,0.03060189742305552
3875,230000,黑龙江,中部,2021,CatBoost,TEST,0.497259,0.4819427958786398,0.01531620412136026
3876,310000,上海,东部,2022,CatBoost,TEST,0.607718,0.6918826965734268,-0.08416469657342684
3877,530000,云南,西部,2022,CatBoost,TEST,0.46771,0.5105921456002893,-0.0428821456002893
3878,150000,内蒙古,西部,2022,CatBoost,TEST,0.52779,0.5065655599333129,0.02122444006668711
3879,110000,北京,东部,2022,CatBoost,TEST,0.685065,0.7124022666987813,-0.02733726669878123
3880,220000,吉林,中部,2022,CatBoost,TEST,0.504623,0.4990543338101127,0.005568666189887328
3881,510000,四川,西部,2022,CatBoost,TEST,0.512427,0.5274506838703722,-0.01502368387037223
3882,120000,天津,东部,2022,CatBoost,TEST,0.533358,0.5803339083958386,-0.04697590839583865
3883,640000,宁夏,西部,2022,CatBoost,TEST,0.538823,0.5250826589531911,0.01374034104680899
3884,340000,安徽,中部,2022,CatBoost,TEST,0.587257,0.5513330192682024,0.03592398073179759
3885,370000,山东,东部,2022,CatBoost,TEST,0.606987,0.5881665584882412,0.01882044151175888
3886,140000,山西,中部,2022,CatBoost,TEST,0.595399,0.5219772387548184,0.07342176124518163
3887,440000,广东,东部,2022,CatBoost,TEST,0.581336,0.6220024387814143,-0.04066643878141429
3888,450000,广西,西部,2022,CatBoost,TEST,0.514367,0.52484205338749,-0.01047505338749
3889,650000,新疆,西部,2022,CatBoost,TEST,0.534181,0.5249424738989218,0.009238526101078226
3890,320000,江苏,东部,2022,CatBoost,TEST,0.637205,0.6248194796998572,0.01238552030014284
3891,360000,江西,中部,2022,CatBoost,TEST,0.59208,0.5370521408156954,0.05502785918430464
3892,130000,河北,东部,2022,CatBoost,TEST,0.56732,0.5373641241967716,0.02995587580322845
3893,410000,河南,中部,2022,CatBoost,TEST,0.499545,0.5479735101308298,-0.04842851013082983
3894,330000,浙江,东部,2022,CatBoost,TEST,0.601991,0.620429406100537,-0.01843840610053693
3895,460000,海南,东部,2022,CatBoost,TEST,0.556857,0.5676080863372541,-0.01075108633725408
3896,420000,湖北,中部,2022,CatBoost,TEST,0.556958,0.5407336514678741,0.01622434853212584
3897,430000,湖南,中部,2022,CatBoost,TEST,0.5679,0.5286759947593944,0.03922400524060554
3898,620000,甘肃,西部,2022,CatBoost,TEST,0.502832,0.5065721769973357,-0.003740176997335753
3899,350000,福建,东部,2022,CatBoost,TEST,0.597754,0.6083070375262496,-0.01055303752624959
3900,540000,西藏,西部,2022,CatBoost,TEST,0.435723,0.4151014013283712,0.02062159867162883
3901,520000,贵州,西部,2022,CatBoost,TEST,0.501379,0.5080976005925452,-0.006718600592545143
3902,210000,辽宁,东部,2022,CatBoost,TEST,0.495944,0.506202194979079,-0.01025819497907904
3903,500000,重庆,西部,2022,CatBoost,TEST,0.585735,0.5509573703028893,0.03477762969711073
3904,610000,陕西,西部,2022,CatBoost,TEST,0.56411,0.5554401192725835,0.008669880727416479
3905,630000,青海,西部,2022,CatBoost,TEST,0.558508,0.5009097982121988,0.05759820178780117
3906,230000,黑龙江,中部,2022,CatBoost,TEST,0.512927,0.4845490604266461,0.02837793957335388
3907,310000,上海,东部,2007,AdaBoost,TRAIN,0.469494,0.5182141944444445,-0.04872019444444448
3908,530000,云南,西部,2007,AdaBoost,TRAIN,0.285728,0.2939694047619049,-0.00824140476190488
3909,150000,内蒙古,西部,2007,AdaBoost,TRAIN,0.35025,0.3504703725490196,-0.0002203725490196318
3910,110000,北京,东部,2007,AdaBoost,TRAIN,0.614172,0.6614672142857143,-0.04729521428571426
3911,220000,吉林,中部,2007,AdaBoost,TRAIN,0.32063,0.351340681818182,-0.03071068181818193
3912,510000,四川,西部,2007,AdaBoost,TRAIN,0.310444,0.310344387755102,9.961224489801745e-05
3913,120000,天津,东部,2007,AdaBoost,TRAIN,0.445921,0.450449101694915,-0.004528101694915021
3914,640000,宁夏,西部,2007,AdaBoost,TRAIN,0.320032,0.351340681818182,-0.03130868181818197
3915,340000,安徽,中部,2007,AdaBoost,TRAIN,0.315404,0.3240216153846156,-0.008617615384615585
3916,370000,山东,东部,2007,AdaBoost,TRAIN,0.414638,0.3570336444444446,0.05760435555555543
3917,140000,山西,中部,2007,AdaBoost,TRAIN,0.359663,0.3509109740259741,0.008752025974025912
3918,440000,广东,东部,2007,AdaBoost,TRAIN,0.388557,0.4424251052631579,-0.05386810526315788
3919,450000,广西,西部,2007,AdaBoost,TRAIN,0.232654,0.2861173333333333,-0.05346333333333328
3920,650000,新疆,西部,2007,AdaBoost,TRAIN,0.362242,0.3418893116883115,0.02035268831168852
3921,320000,江苏,东部,2007,AdaBoost,TRAIN,0.464326,0.4499475471698115,0.01437845283018852
3922,360000,江西,中部,2007,AdaBoost,TRAIN,0.283623,0.33541878,-0.05179578000000001
3923,130000,河北,东部,2007,AdaBoost,TRAIN,0.357469,0.3462166527777777,0.01125234722222224
3924,410000,河南,中部,2007,AdaBoost,TRAIN,0.302465,0.2951752333333334,0.007289766666666586
3925,330000,浙江,东部,2007,AdaBoost,TRAIN,0.451458,0.4611855185185186,-0.009727518518518552
3926,460000,海南,东部,2007,AdaBoost,TRAIN,0.295896,0.3532618450704225,-0.05736584507042253
3927,420000,湖北,中部,2007,AdaBoost,TRAIN,0.336287,0.3509109740259741,-0.0146239740259741
3928,430000,湖南,中部,2007,AdaBoost,TRAIN,0.294648,0.3388324565217392,-0.04418445652173919
3929,620000,甘肃,西部,2007,AdaBoost,TRAIN,0.304409,0.2935455357142858,0.01086346428571422
3930,350000,福建,东部,2007,AdaBoost,TRAIN,0.364673,0.3692303214285716,-0.00455732142857157
3931,540000,西藏,西部,2007,AdaBoost,TRAIN,0.28527,0.2850054864864865,0.0002645135135134757
3932,520000,贵州,西部,2007,AdaBoost,TRAIN,0.210248,0.279184606060606,-0.06893660606060603
3933,210000,辽宁,东部,2007,AdaBoost,TRAIN,0.354223,0.3594789529411765,-0.005255952941176534
3934,500000,重庆,西部,2007,AdaBoost,TRAIN,0.362078,0.351340681818182,0.01073731818181806
3935,610000,陕西,西部,2007,AdaBoost,TRAIN,0.381037,0.3501667288135594,0.03087027118644059
3936,630000,青海,西部,2007,AdaBoost,TRAIN,0.398443,0.3452047499999999,0.05323825000000004
3937,230000,黑龙江,中部,2007,AdaBoost,TRAIN,0.283853,0.3484542388059702,-0.06460123880597013
3938,310000,上海,东部,2008,AdaBoost,TRAIN,0.490255,0.5386648170731707,-0.04840981707317071
3939,530000,云南,西部,2008,AdaBoost,TRAIN,0.329365,0.3059258571428571,0.02343914285714288
3940,150000,内蒙古,西部,2008,AdaBoost,TRAIN,0.360651,0.3594789529411765,0.001172047058823456
3941,110000,北京,东部,2008,AdaBoost,TRAIN,0.665325,0.6667882,-0.001463199999999998
3942,220000,吉林,中部,2008,AdaBoost,TRAIN,0.34586,0.3544940243902439,-0.00863402439024391
3943,510000,四川,西部,2008,AdaBoost,TRAIN,0.277484,0.3253646000000001,-0.04788060000000005
3944,120000,天津,东部,2008,AdaBoost,TRAIN,0.477976,0.4618577916666665,0.01611820833333349
3945,640000,宁夏,西部,2008,AdaBoost,TRAIN,0.333485,0.3542035000000001,-0.02071850000000014
3946,340000,安徽,中部,2008,AdaBoost,TRAIN,0.340996,0.3495474262295084,-0.00855142622950833
3947,370000,山东,东部,2008,AdaBoost,TRAIN,0.433038,0.3749099215686275,0.05812807843137247
3948,140000,山西,中部,2008,AdaBoost,TRAIN,0.392037,0.3531549175257733,0.0388820824742267
3949,440000,广东,东部,2008,AdaBoost,TRAIN,0.440156,0.4500667297297298,-0.009910729729729784
3950,450000,广西,西部,2008,AdaBoost,TRAIN,0.261325,0.2951752333333334,-0.03385023333333342
3951,650000,新疆,西部,2008,AdaBoost,TRAIN,0.351233,0.3430688627450981,0.008164137254901949
3952,320000,江苏,东部,2008,AdaBoost,TRAIN,0.499262,0.4538519734513274,0.04541002654867254
3953,360000,江西,中部,2008,AdaBoost,TRAIN,0.324957,0.3480441562500001,-0.02308715625000007
3954,130000,河北,东部,2008,AdaBoost,TRAIN,0.392356,0.351340681818182,0.04101531818181803
3955,410000,河南,中部,2008,AdaBoost,TRAIN,0.302791,0.3058665588235294,-0.003075558823529445
3956,330000,浙江,东部,2008,AdaBoost,TRAIN,0.471665,0.4766366896551728,-0.004971689655172806
3957,460000,海南,东部,2008,AdaBoost,TRAIN,0.304556,0.3544940243902439,-0.04993802439024392
3958,420000,湖北,中部,2008,AdaBoost,TRAIN,0.350448,0.3524918923076923,-0.002043892307692363
3959,430000,湖南,中部,2008,AdaBoost,TRAIN,0.311845,0.3489117500000001,-0.03706675000000009
3960,620000,甘肃,西部,2008,AdaBoost,TRAIN,0.314645,0.3059258571428571,0.00871914285714287
3961,350000,福建,东部,2008,AdaBoost,TRAIN,0.380228,0.4192303558282209,-0.03900235582822092
3962,540000,西藏,西部,2008,AdaBoost,TRAIN,0.269376,0.2861185405405406,-0.01674254054054058
3963,520000,贵州,西部,2008,AdaBoost,TRAIN,0.241062,0.2819419130434783,-0.04087991304347832
3964,210000,辽宁,东部,2008,AdaBoost,TRAIN,0.391415,0.3823662580645162,0.009048741935483773
3965,500000,重庆,西部,2008,AdaBoost,TRAIN,0.391252,0.3545381923076923,0.0367138076923077
3966,610000,陕西,西部,2008,AdaBoost,TRAIN,0.392737,0.3509109740259741,0.0418260259740259
3967,630000,青海,西部,2008,AdaBoost,TRAIN,0.382635,0.3494830178571429,0.03315198214285708
3968,230000,黑龙江,中部,2008,AdaBoost,TRAIN,0.297748,0.3522237638888888,-0.05447576388888881
3969,310000,上海,东部,2009,AdaBoost,TRAIN,0.49423,0.5477474571428572,-0.05351745714285722
3970,530000,云南,西部,2009,AdaBoost,TRAIN,0.32989,0.312823,0.017067
3971,150000,内蒙古,西部,2009,AdaBoost,TRAIN,0.377862,0.3692303214285716,0.00863167857142838
3972,110000,北京,东部,2009,AdaBoost,TRAIN,0.695131,0.6673667777777779,0.02776422222222219
3973,220000,吉林,中部,2009,AdaBoost,TRAIN,0.345124,0.3572188867924528,-0.01209488679245285
3974,510000,四川,西部,2009,AdaBoost,TRAIN,0.307312,0.331848593220339,-0.02453659322033908
3975,120000,天津,东部,2009,AdaBoost,TRAIN,0.473766,0.4766366896551728,-0.002870689655172787
3976,640000,宁夏,西部,2009,AdaBoost,TRAIN,0.365262,0.3559797536231885,0.009282246376811465
3977,340000,安徽,中部,2009,AdaBoost,TRAIN,0.334407,0.3524241578947369,-0.01801715789473685
3978,370000,山东,东部,2009,AdaBoost,TRAIN,0.448545,0.4111675999999998,0.03737740000000023
3979,140000,山西,中部,2009,AdaBoost,TRAIN,0.382254,0.3551335000000001,0.02712049999999988
3980,440000,广东,东部,2009,AdaBoost,TRAIN,0.478639,0.4590703043478261,0.0195686956521739
3981,450000,广西,西部,2009,AdaBoost,TRAIN,0.315314,0.3371881052631581,-0.02187410526315814
3982,650000,新疆,西部,2009,AdaBoost,TRAIN,0.35955,0.3452047499999999,0.01434525000000003
3983,320000,江苏,东部,2009,AdaBoost,TRAIN,0.522323,0.4624603684210526,0.05986263157894733
3984,360000,江西,中部,2009,AdaBoost,TRAIN,0.337338,0.3556989569892474,-0.01836095698924733
3985,130000,河北,东部,2009,AdaBoost,TRAIN,0.408099,0.3562242500000001,0.05187474999999991
3986,410000,河南,中部,2009,AdaBoost,TRAIN,0.309275,0.3256623770491803,-0.01638737704918025
3987,330000,浙江,东部,2009,AdaBoost,TRAIN,0.480921,0.4831807924528302,-0.002259792452830256
3988,460000,海南,东部,2009,AdaBoost,TRAIN,0.370788,0.3620533150684931,0.008734684931506864
3989,420000,湖北,中部,2009,AdaBoost,TRAIN,0.376263,0.3570336444444446,0.01922935555555544
3990,430000,湖南,中部,2009,AdaBoost,TRAIN,0.343712,0.3542035000000001,-0.0104915000000001
3991,620000,甘肃,西部,2009,AdaBoost,TRAIN,0.314579,0.3097928372093023,0.004786162790697712
3992,350000,福建,东部,2009,AdaBoost,TRAIN,0.414075,0.4316532499999999,-0.01757824999999985
3993,540000,西藏,西部,2009,AdaBoost,TRAIN,0.300686,0.2978249411764706,0.002861058823529383
3994,520000,贵州,西部,2009,AdaBoost,TRAIN,0.256668,0.2954848936170212,-0.03881689361702123
3995,210000,辽宁,东部,2009,AdaBoost,TRAIN,0.392881,0.4203627107438014,-0.02748171074380146
3996,500000,重庆,西部,2009,AdaBoost,TRAIN,0.368269,0.3594789529411765,0.00879004705882347
3997,610000,陕西,西部,2009,AdaBoost,TRAIN,0.40972,0.3556989569892474,0.05402104301075261
3998,630000,青海,西部,2009,AdaBoost,TRAIN,0.396347,0.3494830178571429,0.04686398214285709
3999,230000,黑龙江,中部,2009,AdaBoost,TRAIN,0.310882,0.3562242500000001,-0.04534225000000008
4000,310000,上海,东部,2010,AdaBoost,TRAIN,0.491858,0.5512562656250001,-0.05939826562500006
4001,530000,云南,西部,2010,AdaBoost,TRAIN,0.337123,0.3165790526315791,0.02054394736842091
4002,150000,内蒙古,西部,2010,AdaBoost,TRAIN,0.390122,0.4063132714285714,-0.01619127142857135
4003,110000,北京,东部,2010,AdaBoost,TRAIN,0.664182,0.6754020000000001,-0.01122000000000001
4004,220000,吉林,中部,2010,AdaBoost,TRAIN,0.382553,0.3758176470588236,0.006735352941176387
4005,510000,四川,西部,2010,AdaBoost,TRAIN,0.316314,0.3572671129032259,-0.0409531129032259
4006,120000,天津,东部,2010,AdaBoost,TRAIN,0.499374,0.4933369351851852,0.006037064814814808
4007,640000,宁夏,西部,2010,AdaBoost,TRAIN,0.392527,0.3657200967741935,0.02680690322580648
4008,340000,安徽,中部,2010,AdaBoost,TRAIN,0.347594,0.3594691951219513,-0.01187519512195129
4009,370000,山东,东部,2010,AdaBoost,TRAIN,0.470067,0.4251472,0.04491980000000001
4010,140000,山西,中部,2010,AdaBoost,TRAIN,0.398229,0.3708748,0.0273542
4011,440000,广东,东部,2010,AdaBoost,TRAIN,0.528695,0.4731017727272727,0.05559322727272731
4012,450000,广西,西部,2010,AdaBoost,TRAIN,0.324743,0.3524918923076923,-0.02774889230769234
4013,650000,新疆,西部,2010,AdaBoost,TRAIN,0.390484,0.3594691951219513,0.0310148048780487
4014,320000,江苏,东部,2010,AdaBoost,TRAIN,0.515021,0.4766366896551728,0.03838431034482714
4015,360000,江西,中部,2010,AdaBoost,TRAIN,0.348912,0.3632863548387097,-0.01437435483870975
4016,130000,河北,东部,2010,AdaBoost,TRAIN,0.423659,0.3690299411764704,0.05462905882352964
4017,410000,河南,中部,2010,AdaBoost,TRAIN,0.314399,0.3389269571428572,-0.02452795714285722
4018,330000,浙江,东部,2010,AdaBoost,TRAIN,0.49977,0.5025935583333333,-0.002823558333333309
4019,460000,海南,东部,2010,AdaBoost,TRAIN,0.383206,0.3961689813084112,-0.01296298130841123
4020,420000,湖北,中部,2010,AdaBoost,TRAIN,0.38831,0.3749435294117646,0.01336647058823537
4021,430000,湖南,中部,2010,AdaBoost,TRAIN,0.351233,0.3644963650793651,-0.01326336507936504
4022,620000,甘肃,西部,2010,AdaBoost,TRAIN,0.336322,0.3149307735849056,0.02139122641509439
4023,350000,福建,东部,2010,AdaBoost,TRAIN,0.425601,0.4500961221374047,-0.02449512213740473
4024,540000,西藏,西部,2010,AdaBoost,TRAIN,0.319901,0.3006984736842104,0.01920252631578956
4025,520000,贵州,西部,2010,AdaBoost,TRAIN,0.26812,0.29569376,-0.02757376
4026,210000,辽宁,东部,2010,AdaBoost,TRAIN,0.41895,0.4294864272727272,-0.01053642727272724
4027,500000,重庆,西部,2010,AdaBoost,TRAIN,0.39256,0.3770358307692307,0.01552416923076932
4028,610000,陕西,西部,2010,AdaBoost,TRAIN,0.409684,0.3600253978494625,0.04965860215053747
4029,630000,青海,西部,2010,AdaBoost,TRAIN,0.380195,0.3524918923076923,0.02770310769230766
4030,230000,黑龙江,中部,2010,AdaBoost,TRAIN,0.341506,0.3693992967032968,-0.02789329670329682
4031,310000,上海,东部,2011,AdaBoost,TRAIN,0.52444,0.5616116202531645,-0.03717162025316445
4032,530000,云南,西部,2011,AdaBoost,TRAIN,0.342188,0.3357882068965517,0.006399793103448292
4033,150000,内蒙古,西部,2011,AdaBoost,TRAIN,0.395885,0.4276497272727274,-0.03176472727272744
4034,110000,北京,东部,2011,AdaBoost,TRAIN,0.707105,0.6876677499999999,0.01943725000000007
4035,220000,吉林,中部,2011,AdaBoost,TRAIN,0.418573,0.4101587763157893,0.008414223684210687
4036,510000,四川,西部,2011,AdaBoost,TRAIN,0.346289,0.3739707031250001,-0.02768170312500007
4037,120000,天津,东部,2011,AdaBoost,TRAIN,0.530708,0.5086052388059703,0.02210276119402965
4038,640000,宁夏,西部,2011,AdaBoost,TRAIN,0.397901,0.4188118707482996,-0.02091087074829961
4039,340000,安徽,中部,2011,AdaBoost,TRAIN,0.374981,0.3920613465346535,-0.01708034653465346
4040,370000,山东,东部,2011,AdaBoost,TRAIN,0.488759,0.4529115806451613,0.03584741935483871
4041,140000,山西,中部,2011,AdaBoost,TRAIN,0.401151,0.4065937833333335,-0.005442783333333534
4042,440000,广东,东部,2011,AdaBoost,TRAIN,0.5261,0.4933369351851852,0.03276306481481484
4043,450000,广西,西部,2011,AdaBoost,TRAIN,0.331927,0.3657200967741935,-0.03379309677419351
4044,650000,新疆,西部,2011,AdaBoost,TRAIN,0.398319,0.3749099215686275,0.02340907843137247
4045,320000,江苏,东部,2011,AdaBoost,TRAIN,0.53548,0.4943558503937008,0.04112414960629912
4046,360000,江西,中部,2011,AdaBoost,TRAIN,0.361149,0.3920613465346535,-0.03091234653465347
4047,130000,河北,东部,2011,AdaBoost,TRAIN,0.42148,0.3935270232558141,0.0279529767441859
4048,410000,河南,中部,2011,AdaBoost,TRAIN,0.321146,0.3644963650793651,-0.04335036507936507
4049,330000,浙江,东部,2011,AdaBoost,TRAIN,0.509859,0.5209363529411764,-0.0110773529411764
4050,460000,海南,东部,2011,AdaBoost,TRAIN,0.469869,0.433526268041237,0.03634273195876297
4051,420000,湖北,中部,2011,AdaBoost,TRAIN,0.408075,0.4140189436619718,-0.005943943661971818
4052,430000,湖南,中部,2011,AdaBoost,TRAIN,0.351698,0.390595840909091,-0.03889784090909099
4053,620000,甘肃,西部,2011,AdaBoost,TRAIN,0.361354,0.3266207297297296,0.03473327027027046
4054,350000,福建,东部,2011,AdaBoost,TRAIN,0.435985,0.4627476703296703,-0.02676267032967028
4055,540000,西藏,西部,2011,AdaBoost,TRAIN,0.306182,0.3067972,-0.0006152000000000379
4056,520000,贵州,西部,2011,AdaBoost,TRAIN,0.269938,0.3058665588235294,-0.03592855882352941
4057,210000,辽宁,东部,2011,AdaBoost,TRAIN,0.431516,0.4523146410256413,-0.02079864102564133
4058,500000,重庆,西部,2011,AdaBoost,TRAIN,0.424435,0.432127462962963,-0.007692462962962998
4059,610000,陕西,西部,2011,AdaBoost,TRAIN,0.434556,0.403804688888889,0.03075131111111096
4060,630000,青海,西部,2011,AdaBoost,TRAIN,0.380392,0.3614543846153845,0.01893761538461547
4061,230000,黑龙江,中部,2011,AdaBoost,TRAIN,0.351356,0.4065937833333335,-0.05523778333333351
4062,310000,上海,东部,2012,AdaBoost,TRAIN,0.509711,0.5620525393258423,-0.05234153932584229
4063,530000,云南,西部,2012,AdaBoost,TRAIN,0.342158,0.3761955942028986,-0.03403759420289859
4064,150000,内蒙古,西部,2012,AdaBoost,TRAIN,0.424821,0.4433201621621622,-0.01849916216216224
4065,110000,北京,东部,2012,AdaBoost,TRAIN,0.699799,0.6895583076923077,0.0102406923076922
4066,220000,吉林,中部,2012,AdaBoost,TRAIN,0.437314,0.4285391874999999,0.008774812500000062
4067,510000,四川,西部,2012,AdaBoost,TRAIN,0.381361,0.3973453571428571,-0.01598435714285712
4068,120000,天津,东部,2012,AdaBoost,TRAIN,0.534811,0.516599296703297,0.01821170329670307
4069,640000,宁夏,西部,2012,AdaBoost,TRAIN,0.397271,0.4262989411764707,-0.02902794117647067
4070,340000,安徽,中部,2012,AdaBoost,TRAIN,0.396032,0.4033043023255813,-0.007272302325581348
4071,370000,山东,东部,2012,AdaBoost,TRAIN,0.51803,0.4627476703296703,0.0552823296703297
4072,140000,山西,中部,2012,AdaBoost,TRAIN,0.423134,0.4208646170212766,0.002269382978723422
4073,440000,广东,东部,2012,AdaBoost,TRAIN,0.532101,0.5069225825242721,0.02517841747572791
4074,450000,广西,西部,2012,AdaBoost,TRAIN,0.35927,0.3955034523809524,-0.03623345238095244
4075,650000,新疆,西部,2012,AdaBoost,TRAIN,0.409927,0.3989874367816094,0.01093956321839057
4076,320000,江苏,东部,2012,AdaBoost,TRAIN,0.552881,0.5123138499999998,0.04056715000000011
4077,360000,江西,中部,2012,AdaBoost,TRAIN,0.395292,0.4087022535211268,-0.01341025352112679
4078,130000,河北,东部,2012,AdaBoost,TRAIN,0.443302,0.4087022535211268,0.03459974647887321
4079,410000,河南,中部,2012,AdaBoost,TRAIN,0.347414,0.3894803764705881,-0.04206637647058814
4080,330000,浙江,东部,2012,AdaBoost,TRAIN,0.521526,0.5404485730337073,-0.01892257303370726
4081,460000,海南,东部,2012,AdaBoost,TRAIN,0.467232,0.4440076704545456,0.02322432954545434
4082,420000,湖北,中部,2012,AdaBoost,TRAIN,0.42698,0.4339280983606559,-0.006948098360655852
4083,430000,湖南,中部,2012,AdaBoost,TRAIN,0.374403,0.3981247692307691,-0.02372176923076913
4084,620000,甘肃,西部,2012,AdaBoost,TRAIN,0.37114,0.3475679696969698,0.02357203030303023
4085,350000,福建,东部,2012,AdaBoost,TRAIN,0.459472,0.4875957449664432,-0.02812374496644321
4086,540000,西藏,西部,2012,AdaBoost,TRAIN,0.30096,0.3084119523809524,-0.00745195238095242
4087,520000,贵州,西部,2012,AdaBoost,TRAIN,0.305635,0.3309202916666666,-0.02528529166666665
4088,210000,辽宁,东部,2012,AdaBoost,TRAIN,0.451064,0.4618577916666665,-0.0107937916666665
4089,500000,重庆,西部,2012,AdaBoost,TRAIN,0.460347,0.450449101694915,0.009897898305084973
4090,610000,陕西,西部,2012,AdaBoost,TRAIN,0.45579,0.4240500735294116,0.03173992647058838
4091,630000,青海,西部,2012,AdaBoost,TRAIN,0.394275,0.3956260317460318,-0.00135103174603185
4092,230000,黑龙江,中部,2012,AdaBoost,TRAIN,0.369154,0.4164802333333336,-0.04732623333333358
4093,310000,上海,东部,2013,AdaBoost,TRAIN,0.499295,0.562972075,-0.06367707500000003
4094,530000,云南,西部,2013,AdaBoost,TRAIN,0.363584,0.3939904411764705,-0.03040644117647051
4095,150000,内蒙古,西部,2013,AdaBoost,TRAIN,0.452539,0.4499475471698115,0.002591452830188523
4096,110000,北京,东部,2013,AdaBoost,TRAIN,0.71665,0.7044791,0.01217089999999998
4097,220000,吉林,中部,2013,AdaBoost,TRAIN,0.453477,0.4419208387096777,0.01155616129032233
4098,510000,四川,西部,2013,AdaBoost,TRAIN,0.399379,0.4054447727272725,-0.006065772727272545
4099,120000,天津,东部,2013,AdaBoost,TRAIN,0.554772,0.5209363529411764,0.03383564705882369
4100,640000,宁夏,西部,2013,AdaBoost,TRAIN,0.425273,0.4430136034482761,-0.01774060344827605
4101,340000,安徽,中部,2013,AdaBoost,TRAIN,0.430476,0.4280304322033899,0.002445567796610093
4102,370000,山东,东部,2013,AdaBoost,TRAIN,0.550434,0.4923238000000001,0.05811019999999989
4103,140000,山西,中部,2013,AdaBoost,TRAIN,0.455473,0.4347770588235295,0.02069594117647056
4104,440000,广东,东部,2013,AdaBoost,TRAIN,0.554137,0.5209363529411764,0.03320064705882364
4105,450000,广西,西部,2013,AdaBoost,TRAIN,0.385183,0.4054447727272725,-0.02026177272727253
4106,650000,新疆,西部,2013,AdaBoost,TRAIN,0.43343,0.407844716981132,0.02558528301886798
4107,320000,江苏,东部,2013,AdaBoost,TRAIN,0.579476,0.5458626721311474,0.03361332786885263
4108,360000,江西,中部,2013,AdaBoost,TRAIN,0.400488,0.4329457088607595,-0.03245770886075949
4109,130000,河北,东部,2013,AdaBoost,TRAIN,0.475631,0.4294864272727272,0.04614457272727279
4110,410000,河南,中部,2013,AdaBoost,TRAIN,0.368835,0.3921210243902439,-0.02328602439024385
4111,330000,浙江,东部,2013,AdaBoost,TRAIN,0.536391,0.5475139529411762,-0.01112295294117627
4112,460000,海南,东部,2013,AdaBoost,TRAIN,0.478897,0.4500961221374047,0.02880087786259528
4113,420000,湖北,中部,2013,AdaBoost,TRAIN,0.452791,0.4500961221374047,0.002694877862595257
4114,430000,湖南,中部,2013,AdaBoost,TRAIN,0.392934,0.4194777708333334,-0.02654377083333342
4115,620000,甘肃,西部,2013,AdaBoost,TRAIN,0.395874,0.3729952500000002,0.02287874999999984
4116,350000,福建,东部,2013,AdaBoost,TRAIN,0.474724,0.5010932605042019,-0.02636926050420191
4117,540000,西藏,西部,2013,AdaBoost,TRAIN,0.301734,0.3255213265306123,-0.02378732653061227
4118,520000,贵州,西部,2013,AdaBoost,TRAIN,0.342552,0.3712591153846153,-0.02870711538461529
4119,210000,辽宁,东部,2013,AdaBoost,TRAIN,0.47184,0.5006804782608691,-0.02884047826086916
4120,500000,重庆,西部,2013,AdaBoost,TRAIN,0.471614,0.4558130722891565,0.01580092771084346
4121,610000,陕西,西部,2013,AdaBoost,TRAIN,0.471334,0.4326209729729731,0.03871302702702684
4122,630000,青海,西部,2013,AdaBoost,TRAIN,0.435803,0.4101587763157893,0.02564422368421071
4123,230000,黑龙江,中部,2013,AdaBoost,TRAIN,0.394048,0.4347770588235295,-0.04072905882352945
4124,310000,上海,东部,2014,AdaBoost,TRAIN,0.512259,0.562972075,-0.050713075
4125,530000,云南,西部,2014,AdaBoost,TRAIN,0.394056,0.4033846164383564,-0.009328616438356363
4126,150000,内蒙古,西部,2014,AdaBoost,TRAIN,0.485318,0.4891323281249998,-0.003814328124999822
4127,110000,北京,东部,2014,AdaBoost,TRAIN,0.753878,0.7439553571428572,0.009922642857142838
4128,220000,吉林,中部,2014,AdaBoost,TRAIN,0.48598,0.4538519734513274,0.03212802654867258
4129,510000,四川,西部,2014,AdaBoost,TRAIN,0.404679,0.4267284516129031,-0.02204945161290311
4130,120000,天津,东部,2014,AdaBoost,TRAIN,0.553833,0.5227286595744679,0.03110434042553212
4131,640000,宁夏,西部,2014,AdaBoost,TRAIN,0.450809,0.4498560416666665,0.0009529583333334757
4132,340000,安徽,中部,2014,AdaBoost,TRAIN,0.445222,0.4478541724137931,-0.002632172413793044
4133,370000,山东,东部,2014,AdaBoost,TRAIN,0.543577,0.5015203571428573,0.04205664285714272
4134,140000,山西,中部,2014,AdaBoost,TRAIN,0.456001,0.4499475471698115,0.006053452830188488
4135,440000,广东,东部,2014,AdaBoost,TRAIN,0.551331,0.5461930299999996,0.00513797000000038
4136,450000,广西,西部,2014,AdaBoost,TRAIN,0.405192,0.4269253070866142,-0.02173330708661425
4137,650000,新疆,西部,2014,AdaBoost,TRAIN,0.452118,0.4291270081967217,0.02299099180327829
4138,320000,江苏,东部,2014,AdaBoost,TRAIN,0.595037,0.5618995344827588,0.03313746551724128
4139,360000,江西,中部,2014,AdaBoost,TRAIN,0.401411,0.4474280303030302,-0.04601703030303023
4140,130000,河北,东部,2014,AdaBoost,TRAIN,0.488183,0.447742945945946,0.04044005405405399
4141,410000,河南,中部,2014,AdaBoost,TRAIN,0.389505,0.4130522162162161,-0.02354721621621614
4142,330000,浙江,东部,2014,AdaBoost,TRAIN,0.555829,0.5666235714285714,-0.01079457142857143
4143,460000,海南,东部,2014,AdaBoost,TRAIN,0.481688,0.4575346760563378,0.02415332394366221
4144,420000,湖北,中部,2014,AdaBoost,TRAIN,0.472876,0.4598172446043169,0.01305875539568313
4145,430000,湖南,中部,2014,AdaBoost,TRAIN,0.418207,0.4401808974358974,-0.02197389743589745
4146,620000,甘肃,西部,2014,AdaBoost,TRAIN,0.408766,0.3999296941176468,0.00883630588235318
4147,350000,福建,东部,2014,AdaBoost,TRAIN,0.490599,0.5086052388059703,-0.0180062388059703
4148,540000,西藏,西部,2014,AdaBoost,TRAIN,0.374178,0.3714040649350654,0.002773935064934563
4149,520000,贵州,西部,2014,AdaBoost,TRAIN,0.365249,0.4033043023255813,-0.03805530232558135
4150,210000,辽宁,东部,2014,AdaBoost,TRAIN,0.487013,0.5057417032967033,-0.01872870329670334
4151,500000,重庆,西部,2014,AdaBoost,TRAIN,0.473044,0.4759479684210527,-0.002903968421052727
4152,610000,陕西,西部,2014,AdaBoost,TRAIN,0.479637,0.4496902972972975,0.02994670270270244
4153,630000,青海,西部,2014,AdaBoost,TRAIN,0.43016,0.4279213499999999,0.002238650000000064
4154,230000,黑龙江,中部,2014,AdaBoost,TRAIN,0.40233,0.4496902972972975,-0.04736029729729752
4155,310000,上海,东部,2015,AdaBoost,TRAIN,0.530903,0.5629761805555555,-0.03207318055555552
4156,530000,云南,西部,2015,AdaBoost,TRAIN,0.401134,0.4208646170212766,-0.0197306170212766
4157,150000,内蒙古,西部,2015,AdaBoost,TRAIN,0.5028,0.5007498771929826,0.00205012280701744
4158,110000,北京,东部,2015,AdaBoost,TRAIN,0.766158,0.7721497500000001,-0.005991750000000073
4159,220000,吉林,中部,2015,AdaBoost,TRAIN,0.45475,0.4570891470588237,-0.00233914705882371
4160,510000,四川,西部,2015,AdaBoost,TRAIN,0.417983,0.4483016744186047,-0.0303186744186047
4161,120000,天津,东部,2015,AdaBoost,TRAIN,0.55387,0.5506101797752807,0.003259820224719268
4162,640000,宁夏,西部,2015,AdaBoost,TRAIN,0.47163,0.4550646499999998,0.01656535000000015
4163,340000,安徽,中部,2015,AdaBoost,TRAIN,0.465285,0.4580290240963857,0.00725597590361432
4164,370000,山东,东部,2015,AdaBoost,TRAIN,0.5509,0.50700882278481,0.04389117721518998
4165,140000,山西,中部,2015,AdaBoost,TRAIN,0.451235,0.4533805785123967,-0.002145578512396717
4166,440000,广东,东部,2015,AdaBoost,TRAIN,0.541074,0.5520960657894737,-0.01102206578947362
4167,450000,广西,西部,2015,AdaBoost,TRAIN,0.423979,0.4440076704545456,-0.02002867045454565
4168,650000,新疆,西部,2015,AdaBoost,TRAIN,0.472146,0.4457256404494382,0.02642035955056177
4169,320000,江苏,东部,2015,AdaBoost,TRAIN,0.615843,0.5643748615384614,0.05146813846153864
4170,360000,江西,中部,2015,AdaBoost,TRAIN,0.421779,0.4550646499999998,-0.03328564999999983
4171,130000,河北,东部,2015,AdaBoost,TRAIN,0.512584,0.4563606785714285,0.05622332142857156
4172,410000,河南,中部,2015,AdaBoost,TRAIN,0.414816,0.4339280983606559,-0.01911209836065586
4173,330000,浙江,东部,2015,AdaBoost,TRAIN,0.565243,0.5692903010752685,-0.004047301075268406
4174,460000,海南,东部,2015,AdaBoost,TRAIN,0.494865,0.4731017727272727,0.02176322727272728
4175,420000,湖北,中部,2015,AdaBoost,TRAIN,0.496589,0.4880768888888886,0.008512111111111387
4176,430000,湖南,中部,2015,AdaBoost,TRAIN,0.434362,0.4547612459016397,-0.02039924590163966
4177,620000,甘肃,西部,2015,AdaBoost,TRAIN,0.426775,0.4109615510204082,0.01581344897959186
4178,350000,福建,东部,2015,AdaBoost,TRAIN,0.506608,0.5208001379310345,-0.01419213793103458
4179,540000,西藏,西部,2015,AdaBoost,TRAIN,0.479145,0.4065937833333335,0.07255121666666647
4180,520000,贵州,西部,2015,AdaBoost,TRAIN,0.394252,0.4111623947368426,-0.01691039473684264
4181,210000,辽宁,东部,2015,AdaBoost,TRAIN,0.487913,0.5082631230769232,-0.02035012307692324
4182,500000,重庆,西部,2015,AdaBoost,TRAIN,0.497174,0.4943558503937008,0.00281814960629917
4183,610000,陕西,西部,2015,AdaBoost,TRAIN,0.503439,0.4557653229166665,0.04767367708333342
4184,630000,青海,西部,2015,AdaBoost,TRAIN,0.463007,0.447742945945946,0.01526405405405401
4185,230000,黑龙江,中部,2015,AdaBoost,TRAIN,0.411819,0.4501674727272728,-0.03834847272727282
4186,310000,上海,东部,2016,AdaBoost,TRAIN,0.552024,0.5629761805555555,-0.01095218055555558
4187,530000,云南,西部,2016,AdaBoost,TRAIN,0.432435,0.4266703529411764,0.005764647058823569
4188,150000,内蒙古,西部,2016,AdaBoost,TRAIN,0.508229,0.5076736754385966,0.0005553245614033919
4189,110000,北京,东部,2016,AdaBoost,TRAIN,0.778668,0.7709902000000001,0.007677799999999957
4190,220000,吉林,中部,2016,AdaBoost,TRAIN,0.458748,0.4766366896551728,-0.01788868965517282
4191,510000,四川,西部,2016,AdaBoost,TRAIN,0.424258,0.4528628235294117,-0.02860482352941163
4192,120000,天津,东部,2016,AdaBoost,TRAIN,0.546051,0.5625275000000002,-0.01647650000000023
4193,640000,宁夏,西部,2016,AdaBoost,TRAIN,0.467957,0.4575346760563378,0.01042232394366222
4194,340000,安徽,中部,2016,AdaBoost,TRAIN,0.487232,0.4871400958904108,9.190410958920259e-05
4195,370000,山东,东部,2016,AdaBoost,TRAIN,0.563037,0.5261949999999997,0.03684200000000026
4196,140000,山西,中部,2016,AdaBoost,TRAIN,0.476689,0.4673657979797981,0.00932320202020187
4197,440000,广东,东部,2016,AdaBoost,TRAIN,0.550845,0.5636044705882352,-0.01275947058823512
4198,450000,广西,西部,2016,AdaBoost,TRAIN,0.431724,0.4500961221374047,-0.01837212213740474
4199,650000,新疆,西部,2016,AdaBoost,TRAIN,0.480806,0.4520288470588233,0.02877715294117666
4200,320000,江苏,东部,2016,AdaBoost,TRAIN,0.625346,0.5700096000000002,0.05533639999999973
4201,360000,江西,中部,2016,AdaBoost,TRAIN,0.449652,0.4853741359223303,-0.03572213592233031
4202,130000,河北,东部,2016,AdaBoost,TRAIN,0.510421,0.4744174050632912,0.03600359493670879
4203,410000,河南,中部,2016,AdaBoost,TRAIN,0.437887,0.4498844943820227,-0.01199749438202263
4204,330000,浙江,东部,2016,AdaBoost,TRAIN,0.574848,0.5703031016949153,0.004544898305084755
4205,460000,海南,东部,2016,AdaBoost,TRAIN,0.499456,0.4950445084745761,0.004411491525423916
4206,420000,湖北,中部,2016,AdaBoost,TRAIN,0.515551,0.5066754266666668,0.00887557333333322
4207,430000,湖南,中部,2016,AdaBoost,TRAIN,0.454899,0.4938575684210526,-0.03895856842105261
4208,620000,甘肃,西部,2016,AdaBoost,TRAIN,0.43951,0.4250751818181818,0.01443481818181824
4209,350000,福建,东部,2016,AdaBoost,TRAIN,0.524105,0.5587280649350648,-0.03462306493506473
4210,540000,西藏,西部,2016,AdaBoost,TRAIN,0.342395,0.403804688888889,-0.06140968888888904
4211,520000,贵州,西部,2016,AdaBoost,TRAIN,0.430882,0.4244597499999999,0.006422250000000074
4212,210000,辽宁,东部,2016,AdaBoost,TRAIN,0.472639,0.5133848813559325,-0.04074588135593255
4213,500000,重庆,西部,2016,AdaBoost,TRAIN,0.503131,0.5135708620689656,-0.01043986206896563
4214,610000,陕西,西部,2016,AdaBoost,TRAIN,0.49743,0.4712809866666664,0.02614901333333358
4215,630000,青海,西部,2016,AdaBoost,TRAIN,0.456845,0.4522013211009175,0.00464367889908246
4216,230000,黑龙江,中部,2016,AdaBoost,TRAIN,0.40789,0.4637686153846151,-0.05587861538461514
4217,310000,上海,东部,2017,AdaBoost,TRAIN,0.587104,0.5631781206896551,0.02392587931034484
4218,530000,云南,西部,2017,AdaBoost,TRAIN,0.440793,0.4349516138613863,0.005841386138613736
4219,150000,内蒙古,西部,2017,AdaBoost,TRAIN,0.50881,0.5131726410256408,-0.004362641025640768
4220,110000,北京,东部,2017,AdaBoost,TRAIN,0.815825,0.7724817500000001,0.04334324999999994
4221,220000,吉林,中部,2017,AdaBoost,TRAIN,0.456131,0.4981232045454547,-0.04199220454545466
4222,510000,四川,西部,2017,AdaBoost,TRAIN,0.44983,0.4900489453124999,-0.04021894531249992
4223,120000,天津,东部,2017,AdaBoost,TRAIN,0.59251,0.5636044705882352,0.02890552941176483
4224,640000,宁夏,西部,2017,AdaBoost,TRAIN,0.503942,0.5007167272727275,0.003225272727272466
4225,340000,安徽,中部,2017,AdaBoost,TRAIN,0.523465,0.5066754266666668,0.0167895733333332
4226,370000,山东,东部,2017,AdaBoost,TRAIN,0.571386,0.5605894999999997,0.01079650000000021
4227,140000,山西,中部,2017,AdaBoost,TRAIN,0.492633,0.4896449565217392,0.002988043478260816
4228,440000,广东,东部,2017,AdaBoost,TRAIN,0.572343,0.5684656666666665,0.00387733333333351
4229,450000,广西,西部,2017,AdaBoost,TRAIN,0.455427,0.4667930158730157,-0.01136601587301572
4230,650000,新疆,西部,2017,AdaBoost,TRAIN,0.484046,0.476125264516129,0.007920735483871011
4231,320000,江苏,东部,2017,AdaBoost,TRAIN,0.631071,0.571144063829787,0.05992693617021305
4232,360000,江西,中部,2017,AdaBoost,TRAIN,0.481004,0.5057417032967033,-0.02473770329670333
4233,130000,河北,东部,2017,AdaBoost,TRAIN,0.548186,0.5009517394366197,0.0472342605633802
4234,410000,河南,中部,2017,AdaBoost,TRAIN,0.471023,0.477231609375,-0.006208609374999952
4235,330000,浙江,东部,2017,AdaBoost,TRAIN,0.593708,0.5705273859649123,0.02318061403508775
4236,460000,海南,东部,2017,AdaBoost,TRAIN,0.511565,0.5049866741573035,0.006578325842696575
4237,420000,湖北,中部,2017,AdaBoost,TRAIN,0.51398,0.5135813974358973,0.0003986025641027346
4238,430000,湖南,中部,2017,AdaBoost,TRAIN,0.459341,0.5010932605042019,-0.04175226050420189
4239,620000,甘肃,西部,2017,AdaBoost,TRAIN,0.450083,0.4443250149253734,0.005757985074626659
4240,350000,福建,东部,2017,AdaBoost,TRAIN,0.534499,0.5626834729729727,-0.02818447297297277
4241,540000,西藏,西部,2017,AdaBoost,TRAIN,0.399187,0.4223897241379309,-0.0232027241379309
4242,520000,贵州,西部,2017,AdaBoost,TRAIN,0.437645,0.4409306440677965,-0.003285644067796467
4243,210000,辽宁,东部,2017,AdaBoost,TRAIN,0.495238,0.5159091818181819,-0.02067118181818189
4244,500000,重庆,西部,2017,AdaBoost,TRAIN,0.52428,0.5221002222222221,0.002179777777777892
4245,610000,陕西,西部,2017,AdaBoost,TRAIN,0.517211,0.4950445084745761,0.02216649152542388
4246,630000,青海,西部,2017,AdaBoost,TRAIN,0.466649,0.4627476703296703,0.00390132967032969
4247,230000,黑龙江,中部,2017,AdaBoost,TRAIN,0.451933,0.4947398585858584,-0.04280685858585842
4248,310000,上海,东部,2018,AdaBoost,TRAIN,0.579515,0.564807111111111,0.01470788888888896
4249,530000,云南,西部,2018,AdaBoost,TRAIN,0.442875,0.4628877978723405,-0.02001279787234045
4250,150000,内蒙古,西部,2018,AdaBoost,TRAIN,0.514235,0.5159091818181819,-0.001674181818181908
4251,110000,北京,东部,2018,AdaBoost,TRAIN,0.768698,0.7699600666666667,-0.001262066666666728
4252,220000,吉林,中部,2018,AdaBoost,TRAIN,0.465133,0.5009517394366197,-0.03581873943661973
4253,510000,四川,西部,2018,AdaBoost,TRAIN,0.475265,0.5010932605042019,-0.02582826050420189
4254,120000,天津,东部,2018,AdaBoost,TRAIN,0.52457,0.5636044705882352,-0.03903447058823517
4255,640000,宁夏,西部,2018,AdaBoost,TRAIN,0.532364,0.5176403125,0.01472368749999997
4256,340000,安徽,中部,2018,AdaBoost,TRAIN,0.537699,0.5206823623188406,0.01701663768115946
4257,370000,山东,东部,2018,AdaBoost,TRAIN,0.57816,0.562549037735849,0.01561096226415104
4258,140000,山西,中部,2018,AdaBoost,TRAIN,0.526914,0.5009517394366197,0.02596226056338025
4259,440000,广东,东部,2018,AdaBoost,TRAIN,0.592452,0.5705273859649123,0.02192461403508772
4260,450000,广西,西部,2018,AdaBoost,TRAIN,0.463532,0.5009515161290323,-0.03741951612903233
4261,650000,新疆,西部,2018,AdaBoost,TRAIN,0.509686,0.5009517394366197,0.008734260563380225
4262,320000,江苏,东部,2018,AdaBoost,TRAIN,0.629004,0.571144063829787,0.05785993617021301
4263,360000,江西,中部,2018,AdaBoost,TRAIN,0.487213,0.5135708620689656,-0.02635786206896562
4264,130000,河北,东部,2018,AdaBoost,TRAIN,0.570683,0.5176532083333335,0.05302979166666655
4265,410000,河南,中部,2018,AdaBoost,TRAIN,0.504805,0.5010932605042019,0.003711739495798061
4266,330000,浙江,东部,2018,AdaBoost,TRAIN,0.599335,0.5705273859649123,0.02880761403508769
4267,460000,海南,东部,2018,AdaBoost,TRAIN,0.52992,0.5283580555555556,0.001561944444444352
4268,420000,湖北,中部,2018,AdaBoost,TRAIN,0.540135,0.5273912656250002,0.01274373437499987
4269,430000,湖南,中部,2018,AdaBoost,TRAIN,0.493819,0.5118712898550726,-0.01805228985507257
4270,620000,甘肃,西部,2018,AdaBoost,TRAIN,0.469899,0.4496902972972975,0.02020870270270247
4271,350000,福建,东部,2018,AdaBoost,TRAIN,0.561814,0.5692051111111114,-0.007391111111111348
4272,540000,西藏,西部,2018,AdaBoost,TRAIN,0.365356,0.4245499999999998,-0.05919399999999975
4273,520000,贵州,西部,2018,AdaBoost,TRAIN,0.452155,0.4498844943820227,0.002270505617977314
4274,210000,辽宁,东部,2018,AdaBoost,TRAIN,0.491053,0.5287431971830985,-0.03769019718309846
4275,500000,重庆,西部,2018,AdaBoost,TRAIN,0.537998,0.5423140105263153,-0.004316010526315361
4276,610000,陕西,西部,2018,AdaBoost,TRAIN,0.52065,0.5126716282051281,0.00797837179487182
4277,630000,青海,西部,2018,AdaBoost,TRAIN,0.479832,0.4920519180327869,-0.01221991803278688
4278,230000,黑龙江,中部,2018,AdaBoost,TRAIN,0.451123,0.5009517394366197,-0.04982873943661975
4279,310000,上海,东部,2019,AdaBoost,TRAIN,0.580014,0.5692051111111114,0.01080888888888865
4280,530000,云南,西部,2019,AdaBoost,TRAIN,0.45998,0.5009186230769231,-0.04093862307692314
4281,150000,内蒙古,西部,2019,AdaBoost,TRAIN,0.516332,0.5176532083333335,-0.00132120833333349
4282,110000,北京,东部,2019,AdaBoost,TRAIN,0.752702,0.7681852857142857,-0.0154832857142857
4283,220000,吉林,中部,2019,AdaBoost,TRAIN,0.489024,0.5119655164835161,-0.02294151648351606
4284,510000,四川,西部,2019,AdaBoost,TRAIN,0.502332,0.5112416000000001,-0.008909600000000073
4285,120000,天津,东部,2019,AdaBoost,TRAIN,0.625394,0.5636044705882352,0.06178952941176485
4286,640000,宁夏,西部,2019,AdaBoost,TRAIN,0.525372,0.5244795833333332,0.0008924166666667288
4287,340000,安徽,中部,2019,AdaBoost,TRAIN,0.572304,0.5478636444444444,0.02444035555555568
4288,370000,山东,东部,2019,AdaBoost,TRAIN,0.588186,0.5638176612903225,0.02436833870967747
4289,140000,山西,中部,2019,AdaBoost,TRAIN,0.563699,0.5131726410256408,0.0505263589743592
4290,440000,广东,东部,2019,AdaBoost,TRAIN,0.612601,0.5705273859649123,0.04207361403508769
4291,450000,广西,西部,2019,AdaBoost,TRAIN,0.479507,0.5018347704918033,-0.02232777049180323
4292,650000,新疆,西部,2019,AdaBoost,TRAIN,0.529405,0.5018347704918033,0.02757022950819676
4293,320000,江苏,东部,2019,AdaBoost,TRAIN,0.63879,0.571144063829787,0.06764593617021297
4294,360000,江西,中部,2019,AdaBoost,TRAIN,0.510065,0.5185803492063493,-0.008515349206349332
4295,130000,河北,东部,2019,AdaBoost,TRAIN,0.587495,0.5389399367088608,0.04855506329113923
4296,410000,河南,中部,2019,AdaBoost,TRAIN,0.503784,0.5123138499999998,-0.008529849999999839
4297,330000,浙江,东部,2019,AdaBoost,TRAIN,0.617281,0.5703031016949153,0.0469778983050847
4298,460000,海南,东部,2019,AdaBoost,TRAIN,0.547691,0.547045440860215,0.0006455591397850347
4299,420000,湖北,中部,2019,AdaBoost,TRAIN,0.564303,0.5477474571428572,0.01655554285714278
4300,430000,湖南,中部,2019,AdaBoost,TRAIN,0.544865,0.5185803492063493,0.02628465079365072
4301,620000,甘肃,西部,2019,AdaBoost,TRAIN,0.474349,0.4594781327433627,0.01487086725663728
4302,350000,福建,东部,2019,AdaBoost,TRAIN,0.596953,0.5700096000000002,0.02694339999999973
4303,540000,西藏,西部,2019,AdaBoost,TRAIN,0.38243,0.4344989677419355,-0.05206896774193548
4304,520000,贵州,西部,2019,AdaBoost,TRAIN,0.479558,0.489890445205479,-0.01033244520547899
4305,210000,辽宁,东部,2019,AdaBoost,TRAIN,0.49813,0.5492417837837839,-0.05111178378378384
4306,500000,重庆,西部,2019,AdaBoost,TRAIN,0.55797,0.5478636444444444,0.01010635555555561
4307,610000,陕西,西部,2019,AdaBoost,TRAIN,0.554226,0.5292199189189186,0.02500608108108138
4308,630000,青海,西部,2019,AdaBoost,TRAIN,0.509949,0.5001560380952379,0.009792961904762087
4309,230000,黑龙江,中部,2019,AdaBoost,TRAIN,0.492366,0.5076736754385966,-0.01530767543859662
4310,310000,上海,东部,2023,AdaBoost,VAL,0.635576,0.7681852857142857,-0.1326092857142857
4311,530000,云南,西部,2023,AdaBoost,VAL,0.492518,0.5166135362318844,-0.02409553623188443
4312,150000,内蒙古,西部,2023,AdaBoost,VAL,0.531873,0.5273912656250002,0.004481734374999879
4313,110000,北京,东部,2023,AdaBoost,VAL,0.694676,0.7649364545454546,-0.0702604545454546
4314,220000,吉林,中部,2023,AdaBoost,VAL,0.541202,0.5203299883720929,0.02087201162790708
4315,510000,四川,西部,2023,AdaBoost,VAL,0.534815,0.5256067733333333,0.009208226666666763
4316,120000,天津,东部,2023,AdaBoost,VAL,0.535202,0.5626834729729727,-0.02748147297297276
4317,640000,宁夏,西部,2023,AdaBoost,VAL,0.552874,0.5508376777777774,0.002036322222222609
4318,340000,安徽,中部,2023,AdaBoost,VAL,0.594185,0.5629761805555555,0.03120881944444442
4319,370000,山东,东部,2023,AdaBoost,VAL,0.617045,0.5700096000000002,0.04703539999999973
4320,140000,山西,中部,2023,AdaBoost,VAL,0.583314,0.5206823623188406,0.06263163768115942
4321,440000,广东,东部,2023,AdaBoost,VAL,0.586699,0.570671955882353,0.01602704411764699
4322,450000,广西,西部,2023,AdaBoost,VAL,0.515158,0.5182141944444445,-0.003056194444444493
4323,650000,新疆,西部,2023,AdaBoost,VAL,0.549562,0.5167578904109588,0.03280410958904123
4324,320000,江苏,东部,2023,AdaBoost,VAL,0.64272,0.571144063829787,0.07157593617021296
4325,360000,江西,中部,2023,AdaBoost,VAL,0.608596,0.539430074829932,0.06916592517006803
4326,130000,河北,东部,2023,AdaBoost,VAL,0.574037,0.5612122812500002,0.0128247187499998
4327,410000,河南,中部,2023,AdaBoost,VAL,0.514993,0.5210826779661017,-0.006089677966101714
4328,330000,浙江,东部,2023,AdaBoost,VAL,0.618958,0.5705273859649123,0.04843061403508775
4329,460000,海南,东部,2023,AdaBoost,VAL,0.551463,0.562549037735849,-0.01108603773584893
4330,420000,湖北,中部,2023,AdaBoost,VAL,0.579412,0.5642937441860465,0.01511825581395354
4331,430000,湖南,中部,2023,AdaBoost,VAL,0.575631,0.5370258363636363,0.03860516363636368
4332,620000,甘肃,西部,2023,AdaBoost,VAL,0.527659,0.5118712898550726,0.01578771014492741
4333,350000,福建,东部,2023,AdaBoost,VAL,0.613066,0.571144063829787,0.041921936170213
4334,540000,西藏,西部,2023,AdaBoost,VAL,0.469429,0.5206823623188406,-0.05125336231884059
4335,520000,贵州,西部,2023,AdaBoost,VAL,0.503837,0.5168185593220339,-0.01298155932203393
4336,210000,辽宁,东部,2023,AdaBoost,VAL,0.506274,0.5605894999999997,-0.05431549999999974
4337,500000,重庆,西部,2023,AdaBoost,VAL,0.596489,0.5625275000000002,0.03396149999999987
4338,610000,陕西,西部,2023,AdaBoost,VAL,0.572048,0.5605894999999997,0.01145850000000026
4339,630000,青海,西部,2023,AdaBoost,VAL,0.585917,0.5159091818181819,0.07000781818181812
4340,230000,黑龙江,中部,2023,AdaBoost,VAL,0.521684,0.5176403125,0.004043687500000059
4341,310000,上海,东部,2024,AdaBoost,VAL,0.640153,0.7649364545454546,-0.1247834545454546
4342,530000,云南,西部,2024,AdaBoost,VAL,0.496008,0.5176532083333335,-0.0216452083333335
4343,150000,内蒙古,西部,2024,AdaBoost,VAL,0.538097,0.5273912656250002,0.01070573437499989
4344,110000,北京,东部,2024,AdaBoost,VAL,0.696568,0.7649364545454546,-0.0683684545454546
4345,220000,吉林,中部,2024,AdaBoost,VAL,0.547011,0.5210374687500001,0.0259735312499999
4346,510000,四川,西部,2024,AdaBoost,VAL,0.536615,0.5266486666666667,0.0099663333333333
4347,120000,天津,东部,2024,AdaBoost,VAL,0.534036,0.5626834729729727,-0.02864747297297277
4348,640000,宁夏,西部,2024,AdaBoost,VAL,0.559033,0.5605894999999997,-0.001556499999999739
4349,340000,安徽,中部,2024,AdaBoost,VAL,0.597529,0.5631218876404493,0.03440711235955063
4350,370000,山东,东部,2024,AdaBoost,VAL,0.618532,0.5705273859649123,0.04800461403508771
4351,140000,山西,中部,2024,AdaBoost,VAL,0.594264,0.539430074829932,0.05483392517006802
4352,440000,广东,东部,2024,AdaBoost,VAL,0.58995,0.571144063829787,0.01880593617021298
4353,450000,广西,西部,2024,AdaBoost,VAL,0.515035,0.5185110410958901,-0.003476041095890059
4354,650000,新疆,西部,2024,AdaBoost,VAL,0.556275,0.5176532083333335,0.03862179166666646
4355,320000,江苏,东部,2024,AdaBoost,VAL,0.648149,0.571144063829787,0.07700493617021298
4356,360000,江西,中部,2024,AdaBoost,VAL,0.611959,0.5423140105263153,0.06964498947368469
4357,130000,河北,东部,2024,AdaBoost,VAL,0.573678,0.5616116202531645,0.01206637974683555
4358,410000,河南,中部,2024,AdaBoost,VAL,0.513791,0.5230713690476189,-0.009280369047618864
4359,330000,浙江,东部,2024,AdaBoost,VAL,0.624323,0.5705273859649123,0.0537956140350877
4360,460000,海南,东部,2024,AdaBoost,VAL,0.549362,0.562549037735849,-0.01318703773584895
4361,420000,湖北,中部,2024,AdaBoost,VAL,0.582375,0.5649447349397587,0.01743026506024126
4362,430000,湖南,中部,2024,AdaBoost,VAL,0.580144,0.5389399367088608,0.04120406329113924
4363,620000,甘肃,西部,2024,AdaBoost,VAL,0.530509,0.516599296703297,0.01390970329670305
4364,350000,福建,东部,2024,AdaBoost,VAL,0.615601,0.571144063829787,0.04445693617021296
4365,540000,西藏,西部,2024,AdaBoost,VAL,0.473639,0.5220037951807226,-0.04836479518072262
4366,520000,贵州,西部,2024,AdaBoost,VAL,0.509591,0.5176532083333335,-0.008062208333333487
4367,210000,辽宁,东部,2024,AdaBoost,VAL,0.513433,0.5605894999999997,-0.04715649999999971
4368,500000,重庆,西部,2024,AdaBoost,VAL,0.60204,0.5625275000000002,0.03951249999999984
4369,610000,陕西,西部,2024,AdaBoost,VAL,0.579652,0.5605894999999997,0.0190625000000002
4370,630000,青海,西部,2024,AdaBoost,VAL,0.587491,0.5176403125,0.06985068750000001
4371,230000,黑龙江,中部,2024,AdaBoost,VAL,0.525348,0.5176532083333335,0.007694791666666534
4372,310000,上海,东部,2020,AdaBoost,TEST,0.579822,0.7509058,-0.1710838
4373,530000,云南,西部,2020,AdaBoost,TEST,0.447013,0.5015373838383839,-0.05452438383838387
4374,150000,内蒙古,西部,2020,AdaBoost,TEST,0.514523,0.5182141944444445,-0.003691194444444545
4375,110000,北京,东部,2020,AdaBoost,TEST,0.696177,0.767837125,-0.07166012499999996
4376,220000,吉林,中部,2020,AdaBoost,TEST,0.487747,0.5168185593220339,-0.02907155932203392
4377,510000,四川,西部,2020,AdaBoost,TEST,0.502335,0.5166217123287673,-0.01428671232876733
4378,120000,天津,东部,2020,AdaBoost,TEST,0.529018,0.5636044705882352,-0.03458647058823516
4379,640000,宁夏,西部,2020,AdaBoost,TEST,0.511795,0.5370258363636363,-0.02523083636363632
4380,340000,安徽,中部,2020,AdaBoost,TEST,0.55174,0.5492417837837839,0.002498216216216154
4381,370000,山东,东部,2020,AdaBoost,TEST,0.590034,0.5692051111111114,0.02082888888888856
4382,140000,山西,中部,2020,AdaBoost,TEST,0.569411,0.5166135362318844,0.05279746376811556
4383,440000,广东,东部,2020,AdaBoost,TEST,0.579013,0.5705273859649123,0.00848561403508774
4384,450000,广西,西部,2020,AdaBoost,TEST,0.482642,0.5079796538461537,-0.02533765384615372
4385,650000,新疆,西部,2020,AdaBoost,TEST,0.519253,0.5079796538461537,0.01127334615384623
4386,320000,江苏,东部,2020,AdaBoost,TEST,0.623059,0.570671955882353,0.05238704411764705
4387,360000,江西,中部,2020,AdaBoost,TEST,0.519091,0.5203299883720929,-0.001238988372092908
4388,130000,河北,东部,2020,AdaBoost,TEST,0.575537,0.5458626721311474,0.0296743278688526
4389,410000,河南,中部,2020,AdaBoost,TEST,0.492978,0.5167578904109588,-0.02377989041095874
4390,330000,浙江,东部,2020,AdaBoost,TEST,0.596941,0.5705273859649123,0.0264136140350878
4391,460000,海南,东部,2020,AdaBoost,TEST,0.525731,0.5458626721311474,-0.02013167213114742
4392,420000,湖北,中部,2020,AdaBoost,TEST,0.521526,0.5463433684210526,-0.02481736842105253
4393,430000,湖南,中部,2020,AdaBoost,TEST,0.556662,0.5197433185840707,0.03691868141592924
4394,620000,甘肃,西部,2020,AdaBoost,TEST,0.475761,0.4863034054054052,-0.01054240540540524
4395,350000,福建,东部,2020,AdaBoost,TEST,0.571164,0.5700096000000002,0.001154399999999778
4396,540000,西藏,西部,2020,AdaBoost,TEST,0.421445,0.50426465060241,-0.08281965060240998
4397,520000,贵州,西部,2020,AdaBoost,TEST,0.484676,0.5023650000000002,-0.01768900000000018
4398,210000,辽宁,东部,2020,AdaBoost,TEST,0.484983,0.5587267101449273,-0.07374371014492725
4399,500000,重庆,西部,2020,AdaBoost,TEST,0.512612,0.5492417837837839,-0.0366297837837839
4400,610000,陕西,西部,2020,AdaBoost,TEST,0.525287,0.5389399367088608,-0.01365293670886081
4401,630000,青海,西部,2020,AdaBoost,TEST,0.517589,0.5076736754385966,0.009915324561403316
4402,230000,黑龙江,中部,2020,AdaBoost,TEST,0.498029,0.5110230091743122,-0.0129940091743122
4403,310000,上海,东部,2021,AdaBoost,TEST,0.614756,0.7509058,-0.1361498
4404,530000,云南,西部,2021,AdaBoost,TEST,0.456717,0.5135708620689656,-0.05685386206896564
4405,150000,内蒙古,西部,2021,AdaBoost,TEST,0.525867,0.5244795833333332,0.001387416666666752
4406,110000,北京,东部,2021,AdaBoost,TEST,0.696985,0.7610568000000001,-0.06407180000000012
4407,220000,吉林,中部,2021,AdaBoost,TEST,0.507618,0.5191359438202244,-0.01151794382022442
4408,510000,四川,西部,2021,AdaBoost,TEST,0.49883,0.5197433185840707,-0.02091331858407075
4409,120000,天津,东部,2021,AdaBoost,TEST,0.541368,0.5636044705882352,-0.02223647058823519
4410,640000,宁夏,西部,2021,AdaBoost,TEST,0.505012,0.5437166095238096,-0.03870460952380961
4411,340000,安徽,中部,2021,AdaBoost,TEST,0.56897,0.5538234042553191,0.01514659574468091
4412,370000,山东,东部,2021,AdaBoost,TEST,0.605397,0.5700096000000002,0.03538739999999974
4413,140000,山西,中部,2021,AdaBoost,TEST,0.584605,0.5194184814814814,0.06518651851851864
4414,440000,广东,东部,2021,AdaBoost,TEST,0.586034,0.5705273859649123,0.0155066140350878
4415,450000,广西,西部,2021,AdaBoost,TEST,0.494129,0.5167578904109588,-0.02262889041095878
4416,650000,新疆,西部,2021,AdaBoost,TEST,0.518847,0.5142687011494256,0.004578298850574369
4417,320000,江苏,东部,2021,AdaBoost,TEST,0.644028,0.570671955882353,0.07335604411764707
4418,360000,江西,中部,2021,AdaBoost,TEST,0.564084,0.5210826779661017,0.04300132203389828
4419,130000,河北,东部,2021,AdaBoost,TEST,0.554711,0.5506101797752807,0.004100820224719248
4420,410000,河南,中部,2021,AdaBoost,TEST,0.493128,0.5206823623188406,-0.02755436231884056
4421,330000,浙江,东部,2021,AdaBoost,TEST,0.593534,0.5705273859649123,0.02300661403508775
4422,460000,海南,东部,2021,AdaBoost,TEST,0.559285,0.5506101797752807,0.008674820224719326
4423,420000,湖北,中部,2021,AdaBoost,TEST,0.545311,0.5620525393258423,-0.01674153932584233
4424,430000,湖南,中部,2021,AdaBoost,TEST,0.555373,0.5273912656250002,0.02798173437499984
4425,620000,甘肃,西部,2021,AdaBoost,TEST,0.474559,0.5006804782608691,-0.02612147826086914
4426,350000,福建,东部,2021,AdaBoost,TEST,0.592777,0.571144063829787,0.021632936170213
4427,540000,西藏,西部,2021,AdaBoost,TEST,0.41731,0.516599296703297,-0.09928929670329695
4428,520000,贵州,西部,2021,AdaBoost,TEST,0.481293,0.5086052388059703,-0.02731223880597028
4429,210000,辽宁,东部,2021,AdaBoost,TEST,0.509504,0.5605894999999997,-0.05108549999999978
4430,500000,重庆,西部,2021,AdaBoost,TEST,0.566352,0.5612122812500002,0.005139718749999744
4431,610000,陕西,西部,2021,AdaBoost,TEST,0.533037,0.5477474571428572,-0.01471045714285724
4432,630000,青海,西部,2021,AdaBoost,TEST,0.528139,0.5131726410256408,0.01496635897435927
4433,230000,黑龙江,中部,2021,AdaBoost,TEST,0.497259,0.5150087741935483,-0.01774977419354828
4434,310000,上海,东部,2022,AdaBoost,TEST,0.607718,0.7689962000000001,-0.1612782000000001
4435,530000,云南,西部,2022,AdaBoost,TEST,0.46771,0.516599296703297,-0.04888929670329695
4436,150000,内蒙古,西部,2022,AdaBoost,TEST,0.52779,0.5273912656250002,0.0003987343749998207
4437,110000,北京,东部,2022,AdaBoost,TEST,0.685065,0.7610568000000001,-0.07599180000000005
4438,220000,吉林,中部,2022,AdaBoost,TEST,0.504623,0.5191359438202244,-0.01451294382022439
4439,510000,四川,西部,2022,AdaBoost,TEST,0.512427,0.5187551408450705,-0.006328140845070496
4440,120000,天津,东部,2022,AdaBoost,TEST,0.533358,0.5631781206896551,-0.02982012068965512
4441,640000,宁夏,西部,2022,AdaBoost,TEST,0.538823,0.5483061953125002,-0.009483195312500192
4442,340000,安徽,中部,2022,AdaBoost,TEST,0.587257,0.5620525393258423,0.02520446067415771
4443,370000,山东,东部,2022,AdaBoost,TEST,0.606987,0.5700096000000002,0.03697739999999983
4444,140000,山西,中部,2022,AdaBoost,TEST,0.595399,0.5203299883720929,0.07506901162790713
4445,440000,广东,东部,2022,AdaBoost,TEST,0.581336,0.5705273859649123,0.0108086140350877
4446,450000,广西,西部,2022,AdaBoost,TEST,0.514367,0.5168185593220339,-0.002451559322033892
4447,650000,新疆,西部,2022,AdaBoost,TEST,0.534181,0.5159269066666666,0.01825409333333339
4448,320000,江苏,东部,2022,AdaBoost,TEST,0.637205,0.5705273859649123,0.06667761403508776
4449,360000,江西,中部,2022,AdaBoost,TEST,0.59208,0.5389399367088608,0.05314006329113929
4450,130000,河北,东部,2022,AdaBoost,TEST,0.56732,0.5508376777777774,0.01648232222222268
4451,410000,河南,中部,2022,AdaBoost,TEST,0.499545,0.5207366543209877,-0.02119165432098769
4452,330000,浙江,东部,2022,AdaBoost,TEST,0.601991,0.5705273859649123,0.03146361403508779
4453,460000,海南,东部,2022,AdaBoost,TEST,0.556857,0.5538234042553191,0.003033595744680984
4454,420000,湖北,中部,2022,AdaBoost,TEST,0.556958,0.5661635689655174,-0.009205568965517497
4455,430000,湖南,中部,2022,AdaBoost,TEST,0.5679,0.5358847102803739,0.03201528971962608
4456,620000,甘肃,西部,2022,AdaBoost,TEST,0.502832,0.5007498771929826,0.002082122807017361
4457,350000,福建,东部,2022,AdaBoost,TEST,0.597754,0.571144063829787,0.02660993617021301
4458,540000,西藏,西部,2022,AdaBoost,TEST,0.435723,0.5195521547619045,-0.0838291547619045
4459,520000,贵州,西部,2022,AdaBoost,TEST,0.501379,0.5119492386363637,-0.01057023863636364
4460,210000,辽宁,东部,2022,AdaBoost,TEST,0.495944,0.5605894999999997,-0.06464549999999974
4461,500000,重庆,西部,2022,AdaBoost,TEST,0.585735,0.5626834729729727,0.02305152702702729
4462,610000,陕西,西部,2022,AdaBoost,TEST,0.56411,0.5492417837837839,0.01486821621621615
4463,630000,青海,西部,2022,AdaBoost,TEST,0.558508,0.5150087741935483,0.04349922580645171
4464,230000,黑龙江,中部,2022,AdaBoost,TEST,0.512927,0.5159091818181819,-0.002982181818181884
