row_id,ADMINCODE,REGION,ZONE,YEAR,PCGDP,PCRS,FSR,TIG,RUUR,HBTP,IPR,URIR,GCR,WEI,SDEI,EPES,UGPR,UWPR,PCURA,REPC
1,310000,上海,东部,2007,63951,18765.988372093,95.0863554691797,55.1437645103931,4.2,69.98,64,2.406725,37.6,17.596030655268,0.0038652969632028,0.918558175351106,100.0,100.0,4.5,7368.240343
2,310000,上海,东部,2008,69154,21378.7949556282,90.9337990377498,56.4914115113951,4.2,69.98,64,2.418133,37.8,15.3919336309667,0.0030680543994937,0.966876387860844,100.0,100.0,4.63,7297.131148
3,310000,上海,东部,2009,72363,23408.1447963801,84.9698125198602,59.9991106819799,4.3,72.19,64,2.403802,38.0,14.6431293830674,0.0024068756987498,1.13591892027495,100.0,100.0,4.48,7611.111111
4,310000,上海,东部,2010,79396,26863.2218844985,87.0019891670628,57.8613929915045,4.4,74.4,64,2.378047,38.2,13.8567935965706,0.0019988389876865,1.43238194429727,100.0,100.0,4.04,7946.341463
5,310000,上海,东部,2011,85897,30500.0,87.6100927742357,58.541107562832,3.5,75.48,66,2.356167,38.2,10.7025592587595,0.0011999180397507,1.31855893411803,99.87,100.0,4.04,8106.349206
6,310000,上海,东部,2012,89613,32681.9508128387,89.4763887361915,61.0266784319616,3.1,46.12,68,2.35675,38.3,10.2904400720937,0.001071079903875,1.31882734786163,100.0,100.0,4.08,8131.51751
7,310000,上海,东部,2013,95746,34955.0653594771,90.745504691285,63.7214974939774,4.0,47.33,71,2.336422,38.4,9.60877603526963,0.0009300080589206,1.24607771479549,100.0,100.0,4.11,34289.411765
8,310000,上海,东部,2014,102827,37711.7957032833,93.1371155127309,65.3131405867874,4.1,48.44,71,2.30469,38.4,8.75194896675083,0.0007443667935638,1.57044667955738,100.0,100.0,4.11,33546.969697
9,310000,上海,东部,2015,109186,47216.0292921074,89.1455465181634,68.2590099304497,4.0,50.85,73,2.282353,38.5,8.33663108565478,0.0006352512366571,1.68535877872459,100.0,100.0,4.27,32595.390071
10,310000,上海,东部,2016,121369,51026.3477908391,92.5883155512261,70.9418810854218,4.1,53.37,74,2.260658,38.6,7.38645564961354,0.0002174858634188,1.94263861227298,100.0,100.0,4.37,36281.180812
11,310000,上海,东部,2017,133489,55553.5279805353,88.0046955199122,70.7313591495824,3.9,55.67,74,2.249632,39.1,7.38645564961354,4.19134396355353e-05,2.97656744775174,100.0,100.0,4.51,37665.427509
12,310000,上海,东部,2018,145767,60100.202020202,85.1118476352864,70.9386923175181,3.5,57.36,74,2.239802,36.2,7.38645564961354,3.08232301634464e-05,2.79457441382068,100.0,100.0,4.58,39160.594796
13,310000,上海,东部,2019,153299,62349.8589278517,87.600620103481,72.884046373027,3.6,60.32,74,2.217653,36.8,7.38645564961354,1.97432846507808e-05,2.25044258174314,100.0,100.0,4.72,41274.906367
14,310000,上海,东部,2020,156803,61049.8392282958,86.9687032143479,73.3949639789237,3.7,61.2,74,2.189482,37.3,7.38645564961354,1.38591957046759e-05,2.24484732989308,100.0,100.0,4.76,382.706767
15,310000,上海,东部,2021,175420,67570.5102450783,92.1827666453956,73.7412148479378,2.7,64.43,74,2.139846,37.7,7.38645564961354,1.32865402765433e-05,1.88948695625357,100.0,100.0,4.81,425.56391
16,310000,上海,东部,2022,180536,60275.5555555556,80.9964867454487,74.3197252343832,2.7,66.82,74,2.11518,38.1,7.38645564961354,1.49523199528667e-05,2.16980730331098,100.0,100.0,5.0,230.681818
17,310000,上海,东部,2023,190321,65885.8061921994,86.2425831378501,75.2024092149932,2.7,70.35,74,2.081441,37.8,7.38645564961354,1.35539521418421e-05,2.6453258854325,100.0,100.0,4.98,474.045802
18,310000,上海,东部,2024,217140,64001.2096774193,84.8030955438265,78.2347149000402,2.7,70.35,74,2.039589,37.8,7.38645564961354,1.35539521418421e-05,2.6453258854325,100.0,100.0,4.98,474.045802
19,530000,云南,西部,2007,11287,3151.30704474967,42.8736280192386,42.7462874699649,4.2,28.88,22,3.970932,31.0,16.4964351833616,0.0105112853035017,2.76422191293318,77.57,95.41,9.28,156.962435
20,530000,云南,西部,2008,13286,3884.437596302,41.7652900206769,42.1932652993385,4.2,28.88,22,3.845878,32.0,13.9389356114749,0.0083435827543795,3.9762215692676,76.1,95.22,12.09,165.703022
21,530000,云南,西部,2009,14427,4487.20192518049,35.7647745781985,44.4040520807983,4.3,31.79,22,3.818629,36.3,13.3230408858603,0.0075946093940131,4.20828339326142,77.68,96.23,10.0,180.344713
22,530000,云南,西部,2010,16866,5553.67231638418,38.114467213832,43.6608793453389,4.2,34.7,22,3.58863,37.3,11.8924928574199,0.0064729228342792,3.78042804892988,76.4,96.5,10.9,205.224626
23,530000,云南,西部,2011,20653,6722.72727272727,37.9287274713271,45.3119257384675,4.1,38.01,25,3.473114,38.7,15.4910690846468,0.0072581407314844,3.27211906062261,74.21,95.09,11.97,227.918089
24,530000,云南,西部,2012,23992,7769.1643273591,37.455285417588,45.0429830410727,4.0,41.78,28,3.435245,39.3,13.8780254834466,0.0060572746769513,2.83038408356799,66.46,94.32,11.92,258.968059
25,530000,云南,西部,2013,27665,8861.45227321698,39.3334814268731,46.3646641456474,4.0,44.84,33,3.340274,37.8,12.2087248060504,0.0051701688043351,2.57023661604634,71.53,97.92,12.29,295.763016
26,530000,云南,西部,2014,30217,9956.80206318504,38.2620020820283,47.4137746854013,4.0,47.71,35,3.258986,38.1,11.2197241074799,0.0045343512537655,2.45336842437325,76.18,97.85,17.12,318.537477
27,530000,云南,西部,2015,32117,13705.3399099292,38.3654831598,49.3917112299465,4.0,50.11,37,3.19983,37.3,11.5864304812834,0.0039017379679144,2.84499971354791,76.79,97.33,14.23,343.667794
28,530000,云南,西部,2016,35051,15443.0190292923,36.1095946091343,51.2926873969088,3.6,53.15,40,3.171951,37.8,11.0629238194148,0.0027594843912273,2.9913167532069,78.78,96.66,15.76,367.94129
29,530000,云南,西部,2017,39458,17461.751544854,33.0155768365666,53.17429406037,3.2,57.24,40,3.142973,38.9,11.0629238194148,0.0014070107108081,3.14162335877836,75.93,96.71,12.52,405.95002
30,530000,云南,西部,2018,44446,19556.2406974272,32.8286444675993,53.2288344204669,3.4,60.29,40,3.109955,39.8,11.0629238194148,0.0011848318534908,2.79521253392987,77.31,96.6,14.11,424.514563
31,530000,云南,西部,2019,49323,21766.8646584642,30.6282486643457,52.2123855699756,3.3,64.2,40,3.044698,39.7,11.0629238194148,0.0010153377138969,3.03038807460462,77.92,97.08,15.0,497.603306
32,530000,云南,西部,2020,52047,21172.8081321474,30.3510744161904,51.1347670805556,3.9,68.9,40,2.920106,40.5,11.0629238194148,0.0007191812898838,2.35115471421074,78.65,98.1,16.62,695.125053
33,530000,云南,西部,2021,57717,23589.552238806,34.3407653488807,50.7816181668237,3.8,70.42,40,2.881243,42.5,11.0629238194148,0.0006372967719132,2.05144128446452,78.53,99.02,18.1,756.750871
34,530000,云南,西部,2022,60868,24031.3232473897,29.0973299163108,50.5457678044271,3.8,72.72,40,2.783918,43.1,11.0629238194148,0.0006464468187182,2.19335232895359,71.75,99.01,17.4,731.421006
35,530000,云南,西部,2023,64107,25982.4523860475,31.9378075743528,51.8242169673996,3.8,77.02,40,2.662612,43.7,11.0629238194148,0.0006238945275156,2.28823431519388,76.69,98.94,19.1,931.045455
36,530000,云南,西部,2024,67612,26833.0827067669,31.9568882238176,53.945094358171,3.8,77.02,40,2.596676,43.7,11.0629238194148,0.0006238945275156,2.28823431519388,76.69,98.94,19.1,931.045455
37,150000,内蒙古,西部,2007,21334,8085.63194730342,45.4915874379799,44.1599411639474,4.0,33.28,31,3.073123,28.1,11.6907623526679,0.0281755017515338,5.70354149920078,75.6,81.45,12.23,281.585467
38,150000,内蒙古,西部,2008,25620,10077.7414075286,44.7334951222698,44.6046392413174,4.1,33.28,31,3.035995,30.6,11.2810777905934,0.0229238754325259,5.47790756030992,74.25,82.03,12.76,309.322034
39,150000,内蒙古,西部,2009,28982,11616.3547599674,44.1583110170019,45.7954449480589,4.0,35.69,31,3.138246,32.4,10.2974296894795,0.0196897609864587,5.08085777750099,75.51,87.89,13.62,359.075044
40,150000,内蒙古,西部,2010,33262,13689.3203883495,47.0631185396965,44.8981085135185,3.9,38.1,31,3.122837,33.4,11.2864791034037,0.0170014268466688,4.74994501869364,79.26,87.97,14.89,440.090909
41,150000,内蒙古,西部,2011,38276,16160.7287449393,45.3855701004613,43.3956079973779,3.8,40.81,35,2.998127,34.1,10.6140768230406,0.0149015129888666,3.93247714279023,82.23,91.39,15.77,492.931197
42,150000,内蒙古,西部,2012,42441,18557.224025974,45.3226658571683,42.6290102291287,3.7,44.5,39,2.967697,36.2,9.78252356711015,0.0132271898071651,3.84093356956675,84.39,94.43,17.67,538.04878
43,150000,内蒙古,西部,2013,46320,20831.7718940937,46.683050681944,43.3569748253221,3.7,48.07,44,2.894157,36.2,9.38520417120185,0.0119263719672764,3.58359645410848,87.93,96.23,19.69,604.056795
44,150000,内蒙古,西部,2014,49585,23101.6741527154,47.517512976871,44.4621736770246,3.6,51.5,46,2.84182,39.8,9.20506324949417,0.0107943610073859,3.67914267599317,92.28,97.79,21.1,660.251046
45,150000,内蒙古,西部,2015,52972,16817.6229508197,46.1908882284338,46.7155764923932,3.7,53.32,50,2.839087,39.2,8.5613560892733,0.0095057533400262,4.12065949362326,94.09,98.47,22.61,781.189189
46,150000,内蒙古,西部,2016,56560,18127.6683087028,44.6833499161258,47.5651410876549,3.7,55.25,52,2.840469,39.9,7.59255364666807,0.0041300138513195,3.53202399445123,94.9,98.98,23.45,796.973094
47,150000,内蒙古,西部,2017,61196,19081.792026305,37.5990357466892,49.4962444875521,3.6,59.44,52,2.834552,40.2,7.59255364666807,0.0025379075184083,3.1715721876497,96.01,99.1,23.89,916.376307
48,150000,内蒙古,西部,2018,66491,20034.2691990091,38.4490402487033,49.9027309674861,3.6,62.75,52,2.775121,40.6,7.59255364666807,0.0022508178033306,3.36792605133852,94.76,99.23,22.75,1024.071856
49,150000,内蒙古,西部,2019,71170,20565.6314699793,40.3788735735388,49.8829339143065,3.7,63.43,52,2.668455,40.5,7.59255364666807,0.0020473493100944,3.02847923213701,95.8,99.27,23.32,1125.432099
50,150000,内蒙古,西部,2020,71640,19163.9617145235,38.9210194756895,48.2158998725229,3.8,67.4,52,2.496107,40.5,7.59255364666807,0.0015870900451964,2.83425930142538,97.26,99.5,23.93,1382.330346
51,150000,内蒙古,西部,2021,88137,20048.75,44.8500544892043,42.1973920438439,3.8,69.42,52,2.42008,42.0,7.59255364666807,0.0010620806954549,2.74583601326063,97.86,99.58,25.52,1569.986894
52,150000,内蒙古,西部,2022,97433,19343.1903373594,47.971024338876,40.1100522042507,3.8,69.84,52,2.357059,41.9,7.59255364666807,0.0008666504196435,2.40433445997588,97.96,99.7,24.57,1369.893899
53,150000,内蒙古,西部,2023,102677,20588.4808013356,45.1072519396627,41.3615137856824,3.8,72.26,52,2.293766,42.2,7.59255364666807,0.000894140577415,2.60464816916902,97.76,99.13,23.93,2443.621399
54,150000,内蒙古,西部,2024,110011,21578.3082077052,45.4710134468046,44.984913318082,3.8,72.26,52,2.257375,42.2,7.59255364666807,0.000894140577415,2.60464816916902,97.76,99.13,23.93,2443.621399
55,110000,北京,东部,2007,63629,22883.0548926014,90.4904516520158,75.8985180566879,1.8,69.91,69,2.654448,36.2,10.3416622703947,0.0014550860869982,1.7932706880873,100.0,100.0,5.6,1581.538462
56,110000,北京,东部,2008,68541,26230.9429700734,93.7747857642309,77.6688591478951,1.8,69.91,69,2.677875,37.2,9.58757650405059,0.0010412169540594,1.81034966748159,100.0,100.0,6.21,1600.749064
57,110000,北京,东部,2009,71059,28547.8494623656,87.3862298813902,77.8837135393655,1.4,71.7,69,2.680406,47.7,10.9149749242301,0.0009208659860939,2.33037419644128,100.0,100.0,6.15,1573.835125
58,110000,北京,东部,2010,78307,32315.494393476,86.6268970897796,77.5735097567495,1.4,73.5,69,2.597995,46.7,9.11621224271585,0.0007691793638064,2.23933876024907,100.0,100.0,5.57,1613.818182
59,110000,北京,东部,2011,86246,35682.8063241107,92.6368855212111,78.4871544261379,1.4,73.96,70,2.646267,45.6,8.46301079772875,0.0005695569207856,2.9122743226212,100.0,100.0,5.26,1627.240143
60,110000,北京,东部,2012,92758,39092.8777670837,89.9498278299519,78.9515734807908,1.3,48.41,72,2.623235,46.2,7.37325687133043,0.0004930432542957,3.0808805772106,100.0,100.0,7.57,1660.0
61,110000,北京,东部,2013,100569,41751.0588235294,87.7194117393367,79.5212589781685,1.2,49.18,75,2.605929,47.1,6.84091489784524,0.0004116472514265,3.31052361716096,100.0,100.0,7.61,1679.238754
62,110000,北京,东部,2014,106732,44394.2883463842,89.0045019857802,79.9699031667103,1.3,51.03,75,2.572322,49.1,6.57393352525517,0.000344150745878,4.71548201305289,100.0,100.0,7.44,1725.59727
63,110000,北京,东部,2015,113692,56087.2943327239,82.330201997316,81.5965874466789,1.4,51.4,76,2.569838,48.4,6.12342659741476,0.0002873389267568,5.28539310176552,100.0,100.0,7.62,1775.601375
64,110000,北京,东部,2016,123391,59840.0911161731,79.31079155331,82.2659497359585,1.4,53.86,78,2.567234,48.4,6.15427569782406,5.54709110542432e-05,5.6718127855378,100.0,100.0,7.62,1880.068729
65,110000,北京,东部,2017,136172,63508.2041932543,79.5774947139217,82.6948432218987,1.4,55.58,78,2.574505,48.4,6.15427569782406,2.17514975069437e-05,6.71753219635638,100.0,100.0,7.44,2143.205575
66,110000,北京,东部,2018,150962,65795.1642335766,77.440597047687,83.0909804869208,1.4,57.39,78,2.566629,48.4,6.15427569782406,8.1556213375219e-06,5.34636609056098,100.0,100.0,7.57,2301.766784
67,110000,北京,东部,2019,161776,68823.7442922374,78.5225540921602,83.6882954202415,1.3,59.33,78,2.552855,48.5,6.15427569782406,5.36040242515891e-06,4.16849459854567,100.0,99.06,7.68,2446.570397
68,110000,北京,东部,2020,164158,62769.7578803106,77.0622721741159,83.7315994914212,2.6,58.0,78,2.509527,49.0,6.15427569782406,5.00788742269074e-06,3.32903327346975,100.0,98.39,7.67,2391.208791
69,110000,北京,东部,2021,187526,68055.2763819095,82.3346453632972,81.7266649774885,3.2,59.51,78,2.447767,49.3,6.15427569782406,3.41084062603543e-06,3.45920678628531,100.0,98.8,7.72,2449.81685
70,110000,北京,东部,2022,189988,63272.4358974359,76.5061620130805,83.7576942242465,3.2,61.32,78,2.41765,49.8,6.15427569782406,2.64799270116921e-06,2.98427531914609,100.0,99.81,8.04,2237.269373
71,110000,北京,东部,2023,200278,66266.6971637694,77.5424180649208,84.8469060138435,3.2,63.51,78,2.372986,49.8,6.15427569782406,2.51367094219242e-06,2.7683236631645,100.0,100.0,8.87,2745.864662
72,110000,北京,东部,2024,228167,64555.1992670637,75.8970425702199,85.2673690039344,3.2,63.51,78,2.319952,49.8,6.15427569782406,2.51367094219242e-06,2.7683236631645,100.0,100.0,8.87,2745.864662
73,220000,吉林,中部,2007,14966,7466.30036630037,36.2870009957455,45.2785334411685,3.9,36.65,32,2.572102,31.3,23.9830404627111,0.0097786927431806,3.4455055671223,82.38,88.03,9.56,255.121188
74,220000,吉林,中部,2008,17696,9324.06730065838,35.8268650645697,45.1568866734234,4.0,36.65,32,2.472905,31.5,22.2932136430389,0.0078184789128591,3.86486120055588,84.82,88.63,10.39,271.149335
75,220000,吉林,中部,2009,19858,10793.0656934307,32.9290634865908,45.8360933245014,4.0,39.42,32,2.517209,32.8,20.1874954000147,0.0066791786266283,3.34502876535448,85.48,88.75,10.94,293.119625
76,220000,吉林,中部,2010,23370,12759.0098289043,33.7059728633375,46.7405038608533,3.8,42.2,32,2.327551,34.1,17.8505576788082,0.0055580687933858,4.00335711288292,85.64,89.6,12.39,308.352849
77,220000,吉林,中部,2011,28270,15118.5321100917,38.6103717968516,47.8033770330722,3.7,44.47,35,2.232512,34.2,15.0184883510459,0.0053422284281022,4.65177541399075,88.28,92.71,11.9,334.724409
78,220000,吉林,中部,2012,32005,17690.5114899926,42.1353998057624,48.0202811707767,3.7,46.45,39,2.213934,33.9,13.7714911269878,0.0046496888684028,4.60707348656523,89.46,92.38,12.61,375.876121
79,220000,吉林,中部,2013,35139,20338.8305847076,42.1508228256236,48.8496908113154,3.7,48.43,42,2.180861,31.4,12.4845405657676,0.0040465002810806,4.62072055989304,91.43,93.84,13.61,408.382727
80,220000,吉林,中部,2014,37539,23016.2755488266,41.307131210847,49.0794160437465,3.4,51.23,45,2.153803,35.8,12.2581648522551,0.0037355139718055,4.81592722903973,91.98,93.79,14.62,427.256792
81,220000,吉林,中部,2015,38128,13668.9628779181,38.2129868515122,49.0077859852266,3.5,52.48,48,2.19857,36.1,12.6679976043122,0.0036224795368336,3.65857449255541,92.46,93.64,14.52,448.057814
82,220000,吉林,中部,2016,40259,14853.5255161667,35.2411679573017,51.7454684952527,3.5,55.32,51,2.188402,35.0,9.30977270547617,0.0013810300182219,3.40593794355412,93.0,93.4,14.98,482.813975
83,220000,吉林,中部,2017,42890,15804.829770388,32.5013688629312,53.3894891045596,3.5,56.55,51,2.186795,35.8,9.30977270547617,0.0011234206189342,3.08987256154515,92.99,94.85,14.3,520.235756
84,220000,吉林,中部,2018,44925,16400.1610305958,32.7447032528585,53.6849775187048,3.5,61.76,51,2.194646,37.6,9.30977270547617,0.0007961755140485,3.18741605292393,93.04,93.89,13.81,564.300412
85,220000,吉林,中部,2019,47554,17163.3986928105,28.3964082147343,53.7631749496879,3.1,63.3,51,2.162493,39.2,9.30977270547617,0.0008391035917726,3.76186626396367,91.8,94.7,14.13,584.451544
86,220000,吉林,中部,2020,50561,15863.6932055023,26.2896851837942,52.0814295039165,3.4,71.9,51,2.078546,40.4,9.30977270547617,0.000558093994778,3.18692954251945,92.93,95.6,15.71,770.982143
87,220000,吉林,中部,2021,55148,17616.4210526316,30.9448069161771,51.9735942509002,3.3,74.34,51,2.020519,41.1,9.30977270547617,0.0004732675975022,3.03691801646812,94.85,95.91,16.19,831.149425
88,220000,吉林,中部,2022,54279,16035.3492333901,21.0434692297991,52.72778336883,3.3,75.47,51,1.956049,42.7,9.30977270547617,0.0004298608998213,2.62289163478824,96.54,96.46,17.15,689.788732
89,220000,吉林,中部,2023,57739,17485.6776400171,24.3902106947139,53.9597374955658,3.3,78.53,51,1.925996,42.8,9.30977270547617,0.0004064680146624,3.45779865436763,96.83,96.35,17.51,1055.151515
90,220000,吉林,中部,2024,61689,18265.4294346137,25.4955670211195,57.0551207419993,3.3,78.53,51,1.891277,42.8,9.30977270547617,0.0004064680146624,3.45779865436763,96.83,96.35,17.51,1055.151515
91,510000,四川,西部,2007,12963,5051.80263319798,48.3682274760819,37.7557493301521,4.2,27.36,24,2.976287,34.2,23.9499720699482,0.0111597125571619,4.0451814249089,78.92,86.55,10.33,235.594192
92,510000,四川,西部,2008,15685,6076.18579503564,35.3245185378608,38.0269986359574,4.6,27.36,24,2.899631,35.3,20.5659208855302,0.0089995453191389,2.68411539491934,81.09,88.09,10.78,251.629368
93,510000,四川,西部,2009,17387,7035.67501527184,32.7118238124944,37.8912801431934,4.3,30.43,24,2.918753,36.4,18.5128888137218,0.0080003664397558,3.18794002317084,83.38,89.68,11.5,266.633446
94,510000,四川,西部,2010,21230,8557.86202610317,36.6763113025425,38.0654637499419,4.1,33.5,24,2.845185,37.9,14.8678068830988,0.0065661139751985,2.65360570035557,84.39,90.8,11.84,294.389027
95,510000,四川,西部,2011,26136,10281.25,43.7395720140666,38.8672218289954,4.2,36.95,28,2.734358,38.2,13.2940634367177,0.0042848524291122,2.47704773557622,87.09,91.83,12.14,316.847942
96,510000,四川,西部,2012,29627,11901.0513296228,44.4189037220762,39.915727518978,4.0,48.31,32,2.715285,38.7,11.8573805303816,0.0036133498311206,2.49385891370191,87.96,92.04,12.72,340.524017
97,510000,四川,西部,2013,32750,13566.4076951535,44.7539025640943,40.8843050003771,4.1,52.63,35,2.652189,38.4,11.6014782411947,0.003079794856324,2.57116724080561,89.68,91.76,13.24,366.367914
98,510000,四川,西部,2014,35563,15226.6863251014,45.0381881555658,42.5176437197357,4.2,56.46,37,2.592426,37.5,11.4663237722082,0.0027565391657696,2.48197263047313,90.89,91.12,13.32,389.45797
99,510000,四川,西部,2015,37150,16879.4533918985,44.7540583473713,44.4552105991695,4.1,59.58,40,2.557334,38.7,11.2585525014831,0.0023650385604113,2.25821639450964,92.46,93.05,13.63,412.287736
100,510000,四川,西部,2016,40297,18809.4776390741,42.3136040075466,47.6418667109254,4.2,62.84,44,2.529233,39.9,10.6470117838768,0.0009291307693468,2.07706685945243,91.78,93.07,13.73,443.722734
101,510000,四川,西部,2017,45835,20996.9839546387,41.1511071035888,50.3190863498579,4.0,67.87,44,2.513045,40.0,10.6470117838768,0.0005888389688986,2.27435834916662,91.22,94.91,13.72,471.45359
102,510000,四川,西部,2018,51658,23243.2399951929,40.2885397888231,52.2531531090553,3.5,71.8,44,2.491636,40.5,10.6470117838768,0.0004468312739935,2.33736801442184,93.7,95.7,14.63,513.362626
103,510000,四川,西部,2019,55619,25620.1652496707,39.338646350031,52.5588929293975,3.3,75.43,44,2.464485,41.8,10.6470117838768,0.0004059201359681,2.58026298369663,94.95,95.89,16.38,552.038627
104,510000,四川,西部,2020,58009,25014.2157448334,38.0486206237599,52.4502284460719,3.6,77.7,44,2.401469,42.5,10.6470117838768,0.0003362775661009,2.3576287623208,97.41,98.28,18.13,708.337935
105,510000,四川,西部,2021,64610,29046.1060678452,42.5577918077265,52.6479071143322,3.6,79.08,44,2.358122,43.1,10.6470117838768,0.0002510723265789,1.94860949259475,98.12,98.66,17.89,773.57689
106,510000,四川,西部,2022,67610,29052.9018390256,40.9625620873781,53.088136060286,3.6,81.67,44,2.315392,43.5,10.6470117838768,0.0002158621591162,1.99401409691926,96.55,97.18,18.28,841.886468
107,510000,四川,西部,2023,71835,31792.0650095602,43.4240256848656,54.4951266278526,3.6,84.68,44,2.26384,44.2,10.6470117838768,0.0001812651643276,1.99406414462188,97.96,99.01,19.88,968.289086
108,510000,四川,西部,2024,77333,33129.8421807748,41.911057593975,56.0461845216934,3.6,84.68,44,2.222034,44.2,10.6470117838768,0.0001812651643276,1.99406414462188,97.96,99.01,19.88,968.289086
109,120000,天津,东部,2007,37976,14803.5874439462,80.1447362567289,46.3471527510581,3.6,47.27,53,2.200438,34.8,13.6898807233551,0.0058844747979992,0.8764254890039,100.0,100.0,11.94,1989.393939
110,120000,天津,东部,2008,45242,17676.0204081633,77.8615221500023,46.4282957702995,3.6,47.27,53,2.300584,32.5,11.8147962334054,0.0046310589688175,1.26538514728253,100.0,100.0,14.39,1708.58209
111,120000,天津,东部,2009,47497,19794.7882736156,73.1125698224642,48.7126944094157,3.6,48.28,53,2.29487,30.3,10.4467913689225,0.0041456494325346,1.18831607784538,100.0,100.0,13.76,1903.333333
112,120000,天津,东部,2010,54053,22018.4757505774,77.627756311554,50.3498858113252,3.6,49.3,53,2.232692,32.1,9.98360367746091,0.0034432277332084,1.9682751808489,100.0,100.0,14.89,1916.917293
113,120000,天津,东部,2011,61458,25317.6733780761,81.0057172123162,51.9593220338983,3.6,49.4,56,2.023114,34.5,8.27697996918336,0.0028462249614791,1.79477044863694,100.0,100.0,17.05,1958.015267
114,120000,天津,东部,2012,66517,28457.1843251089,82.1207441174687,52.6495631980537,3.6,37.87,58,1.95586,34.9,9.15769103173726,0.0024825832135353,1.79590427442948,100.0,100.0,17.88,2032.283465
115,120000,天津,东部,2013,71345,31704.9645390071,81.5574236724319,54.1315583083637,3.6,39.22,61,1.887579,34.9,8.46723108170612,0.0021799022663744,1.90019653147446,100.0,100.0,18.74,2768.8
116,120000,天津,东部,2014,74960,33160.9517144857,82.8630360176101,55.131289588933,3.5,40.12,61,1.851769,34.9,8.39811664755747,0.0019660545457962,2.0081810933546,100.0,100.0,16.71,4379.116466
117,120000,天津,东部,2015,75868,27541.3481584434,82.5130323139512,57.2416011765247,3.5,41.17,63,1.845093,36.4,8.54892228503148,0.0017087182315363,2.26151252184943,100.0,100.0,16.02,4164.227642
118,120000,天津,东部,2016,79647,29023.562023562,73.6194494827582,60.4746802355975,3.5,42.15,65,1.848476,37.2,7.97529014045237,0.0002326351374899,1.77405708446977,100.0,100.0,15.39,3825.311203
119,120000,天津,东部,2017,87280,29860.9929078014,70.3833007366247,61.9849645800202,3.5,43.94,65,1.851522,36.8,7.97529014045237,0.0002015967101987,3.35776563271125,100.0,100.0,17.41,1737.931034
120,120000,天津,东部,2018,95689,30594.3600867679,67.8740380773147,62.5036481602047,3.5,43.75,65,1.863256,38.0,7.97529014045237,0.0001421847054157,2.14168782789157,100.0,100.0,11.67,1662.612613
121,120000,天津,东部,2019,101557,31137.1841155235,67.7898366289714,63.4833339262211,3.5,43.71,65,1.859337,37.5,7.97529014045237,0.0001266408167621,6.81411026208549,100.0,100.0,12.98,1808.294931
122,120000,天津,东部,2020,101068,27015.8615717376,61.024957557872,63.4344660194175,3.6,49.2,65,1.855085,37.6,7.97529014045237,7.28155339805825e-05,1.92679327907087,100.0,100.0,14.91,2716.981132
123,120000,天津,东部,2021,113660,29346.6860888565,67.9151797751027,62.1385901269358,3.7,50.02,65,1.841746,38.3,7.97529014045237,5.41915575928748e-05,1.49529745761368,100.0,100.0,15.44,2982.692308
124,120000,天津,东部,2022,117925,28614.0865737344,67.6485348904511,61.2235157015162,3.7,50.29,65,1.826556,38.4,7.97529014045237,4.0292086634185e-05,1.06453515420374,100.0,100.0,16.11,2584.729064
125,120000,天津,东部,2023,122752,31244.1348973607,61.8064150322215,62.6516821709595,3.7,53.16,65,1.794269,38.2,7.97529014045237,3.76404796472549e-05,1.03005103005103,99.48,100.0,16.41,3580.808081
126,120000,天津,东部,2024,132143,30266.1290322581,58.930366671454,63.9458952636163,3.7,53.16,65,1.76387,38.2,7.97529014045237,3.76404796472549e-05,1.03005103005103,99.48,100.0,16.41,3580.808081
127,640000,宁夏,西部,2007,14458,3926.22950819672,33.090758734753,41.3286235186873,4.3,33.45,28,3.143653,33.5,42.4031449407475,0.042137648131267,5.27599751912342,74.58,90.07,17.16,310.818713
128,640000,宁夏,西部,2008,18554,4779.93527508091,29.268968916546,41.0990168539326,4.4,33.45,28,3.20538,37.8,33.311095505618,0.0305477528089887,5.39416530605958,75.68,87.25,14.82,322.058824
129,640000,宁夏,西部,2009,20382,5428.8,25.8071977056157,43.6725349332912,4.4,35.12,28,3.135755,38.8,32.6328254519618,0.0248046104049893,5.2248126561199,87.13,97.2,16.57,300.0
130,640000,宁夏,西部,2010,24984,6611.37440758294,27.5411188635589,43.7042692625819,4.4,36.8,28,2.944976,38.8,25.8656232105364,0.0197747661767512,5.52257277635284,88.01,98.23,17.35,332.121212
131,640000,宁夏,西部,2011,30161,7955.24691358025,31.1626127976654,43.3274666114505,4.4,39.6,33,2.91536,37.5,20.41205093695,0.0212444352417434,4.99072119675313,88.38,95.45,17.9,371.826625
132,640000,宁夏,西部,2012,32609,8960.54628224583,30.5382016752279,44.5565462224308,4.2,42.9,40,2.878837,38.4,18.2768653214453,0.0190802440168934,4.09204498125781,79.67,92.3,17.56,395.962733
133,640000,宁夏,西部,2013,35135,10037.5375375375,33.4251149076403,45.4311122567341,4.1,47.59,44,2.826161,38.5,16.5519611633802,0.0167418481763113,3.56972508889082,89.08,96.51,18.81,440.764331
134,640000,宁夏,西部,2014,36815,10873.1563421829,33.9707131790694,46.21852136303,4.0,49.1,45,2.768728,38.0,15.0681110796718,0.0152431383645256,3.45844370033485,89.23,97.26,23.16,443.137255
135,640000,宁夏,西部,2015,37876,15201.7543859649,32.7978287029311,47.5226796929518,4.0,50.61,49,2.761926,37.9,12.4156780646662,0.0138636892300534,3.99564335215944,87.26,96.4,22.52,469.047619
136,640000,宁夏,西部,2016,40339,16267.6258992806,30.9005691329093,48.9214064859423,3.9,53.8,51,2.75609,40.4,12.2057237362479,0.0070647875170777,2.92457793294753,90.69,94.75,23.11,493.379791
137,640000,宁夏,西部,2017,45718,17782.9787234043,30.4192951529014,48.2361028653564,3.9,58.39,51,2.744645,40.4,12.2057237362479,0.0046276911539543,4.19659377321931,91.71,95.66,21.83,532.0
138,640000,宁夏,西部,2018,49614,18733.8028169014,30.7612081236875,49.6467437752835,3.9,59.6,51,2.724206,40.5,12.2057237362479,0.0037205857216113,5.10055952531958,93.85,98.4,22.94,559.479554
139,640000,宁夏,西部,2019,52537,19513.249651325,29.4502499495929,50.1907429638522,3.7,58.98,51,2.669778,41.3,12.2057237362479,0.0033346672002134,3.75723949968365,96.65,98.39,26.2,617.624521
140,640000,宁夏,西部,2020,55021,18052.7045769764,28.333648571969,50.2742461390693,3.9,57.3,51,2.571819,42.0,12.2057237362479,0.001809771756439,3.34243021967629,97.52,98.87,26.78,1426.086957
141,640000,宁夏,西部,2021,63461,18408.275862069,32.2160670639895,46.3013818055011,4.1,56.82,51,2.496642,42.0,12.2057237362479,0.0013142408787759,3.34129379714124,97.75,99.66,26.23,1651.626016
142,640000,宁夏,西部,2022,70263,18359.8901098901,28.9794376043077,44.2346119186616,4.1,57.37,51,2.446379,42.2,12.2057237362479,0.0010735415115777,3.66533362723179,98.48,99.99,28.0,1361.22449
143,640000,宁夏,西部,2023,72957,18541.8381344307,28.6808117027715,45.1476952022578,4.1,59.67,51,2.385494,42.4,12.2057237362479,0.0009990592662276,4.35827747262159,96.79,99.33,27.17,2175.210084
144,640000,宁夏,西部,2024,75484,19462.2770919067,29.190731845154,49.3603256523951,4.1,59.67,51,2.337576,42.4,12.2057237362479,0.0009990592662276,4.35827747262159,96.79,99.33,27.17,2175.210084
145,340000,安徽,中部,2007,12989,4007.68224910101,43.7117612535475,43.4861992545583,4.1,23.69,23,2.983701,36.1,22.0770373728216,0.0071988012491185,3.02694098068064,83.15,94.4,13.55,218.56
146,340000,安徽,中部,2008,15535,4963.65118174409,43.9928845932015,42.1330783697742,3.9,23.69,23,2.83418,36.0,17.7217184824065,0.005841747481009,3.32335638352771,87.6,95.11,14.15,246.328767
147,340000,安徽,中部,2009,17715,5754.03686184962,40.3339060282363,42.0020801310667,3.9,25.6,23,2.844895,37.2,16.5398952571171,0.004955498080941,2.76714349742287,88.62,95.25,14.91,276.084507
148,340000,安徽,中部,2010,21923,7219.23787141178,44.4193676790552,39.6473909040136,3.7,27.5,23,2.694945,37.5,13.9398330540838,0.0040159096741082,2.50114970957756,90.52,96.06,16.01,316.377025
149,340000,安徽,中部,2011,27303,8854.98995311453,44.3101553440973,38.2427893324491,3.7,29.65,27,2.693437,39.5,14.9380714649768,0.0032514783633918,2.48138807565267,93.35,96.55,18.0,355.717319
150,340000,安徽,中部,2012,30697,10275.6774841084,45.2591636981477,38.5743960483488,3.7,37.13,31,2.648735,38.8,13.866162896569,0.0028328889906606,2.41150615625813,94.61,98.02,18.47,401.246106
151,340000,安徽,中部,2013,34404,11764.6960587842,47.7063882713481,39.726972405752,3.4,39.13,36,2.575028,39.9,12.9340264282938,0.0024353867081228,2.49259142605565,96.14,98.4,19.61,443.273543
152,340000,安徽,中部,2014,37580,13268.3008170752,47.5641602881585,41.0400671412141,3.2,41.43,37,2.504942,41.2,12.0922125960825,0.0021891943498359,2.24609249372869,96.81,98.63,20.33,485.296053
153,340000,安徽,中部,2015,39692,18617.201796706,46.8466370554742,44.5500016784719,3.1,43.53,39,2.489234,41.2,11.7755715196885,0.0020145859209775,2.38270207539211,97.55,98.79,20.82,531.896844
154,340000,安徽,中部,2016,43686,20988.7286590419,48.394245828769,46.7562728782828,3.2,45.47,44,2.487713,41.7,9.14812013212862,0.0010339178263398,2.41972134457129,98.05,99.2,21.82,565.50035
155,340000,安徽,中部,2017,49092,23656.5956744263,45.3342381536507,48.5665280595224,2.9,48.88,44,2.480013,42.2,9.14812013212862,0.0006584400967778,3.20190334649191,98.57,99.43,22.19,618.671
156,340000,安徽,中部,2018,56063,26590.1909150757,46.387711783815,50.8028308571664,2.8,51.89,44,2.457345,42.5,9.14812013212862,0.000478376050031,3.18495469519107,98.56,99.75,22.95,670.834879
157,340000,安徽,中部,2019,60561,29036.7695338148,43.0548603802376,51.4567586272408,2.6,54.57,44,2.435132,42.7,9.14812013212862,0.0004098193809284,4.2222769343986,98.7,99.36,23.69,722.49809
158,340000,安徽,中部,2020,62411,29469.6150696151,43.031662159685,51.6535081381448,2.8,66.8,44,2.373165,42.0,9.14812013212862,0.0002853276933384,2.55339134204579,99.24,99.6,24.29,1054.127358
159,340000,安徽,中部,2021,69676,34122.0350073614,46.0830846852543,51.5940251660981,2.5,67.24,44,2.341008,44.1,9.14812013212862,0.0002008683149615,2.62743625717127,99.48,99.81,23.74,1129.774376
160,340000,安徽,中部,2022,72888,33761.8736739024,42.8309573759693,51.8843159364863,2.5,72.45,44,2.305645,45.3,9.14812013212862,0.0001593895224367,2.39493160918306,99.42,99.76,24.57,1253.256862
161,340000,安徽,中部,2023,76830,35758.3728148995,45.5732989956696,52.4588421826714,2.5,74.09,44,2.243946,46.1,9.14812013212862,0.0001549395756908,2.23969956858104,99.73,98.42,24.77,1450.424448
162,340000,安徽,中部,2024,82694,37413.6861015842,44.9265437485756,54.2261561435807,2.5,74.09,44,2.201049,46.1,9.14812013212862,0.0001549395756908,2.23969956858104,99.73,98.42,24.77,1450.424448
163,370000,山东,东部,2007,24329,9189.17476246397,74.0721091142207,34.0591862875857,3.2,34.06,35,2.740268,38.6,14.7131582306619,0.0080204770645432,1.5005415920596,97.07,98.79,18.66,818.323978
164,370000,山东,东部,2008,28861,11318.6789848147,72.3584480119497,34.3777438372033,3.7,34.06,35,2.755775,39.8,13.2409190517299,0.0062421143502224,2.16663092588348,98.5,99.39,19.6,810.557244
165,370000,山东,东部,2009,31282,13054.9102428722,67.2843340973844,35.6960542707036,3.4,37.08,35,2.763406,41.2,13.0914193251368,0.0053834019390131,2.33101873812227,99.17,99.47,20.94,848.447078
166,370000,山东,东部,2010,35599,15248.5398414685,66.3295561190148,37.6685091016287,3.4,40.1,35,2.697043,41.5,12.8637924681259,0.0045332743754145,2.72446761543342,99.3,99.57,22.23,910.284056
167,370000,山东,东部,2011,40581,17750.1293326436,69.0899967413491,39.3455506093706,3.4,43.39,38,2.582251,41.5,11.3485763434695,0.0046778565924909,2.27805688444984,99.48,99.74,23.62,961.297115
168,370000,山东,东部,2012,44348,20242.9954676555,68.7512278728838,41.0509971529868,3.3,48.87,40,2.576899,42.1,11.1529355895273,0.0040710193610864,2.61528456165785,99.48,99.85,24.7,1000.193257
169,370000,山东,东部,2013,48673,22875.8465011287,68.1729159191484,42.8231064774429,3.2,50.32,45,2.515393,42.6,10.4462416806247,0.0034745470943703,3.18158713072599,99.58,99.85,25.34,1039.197531
170,370000,山东,东部,2014,51933,25603.0791190865,70.0377996770378,44.3605883233415,3.3,51.14,48,2.45935,42.8,10.1314628516508,0.003131868564721,2.32217920084266,99.49,99.92,25.77,1082.146078
171,370000,山东,东部,2015,56205,21843.6042975877,67.022100579272,46.2500542605374,3.4,52.74,49,2.439675,42.3,10.1269696575075,0.002759510063521,2.6312695378551,99.37,99.95,25.82,1136.160188
172,370000,山东,东部,2016,59239,23545.6733179585,66.9336315176906,48.2743246117847,3.5,54.39,53,2.437437,42.3,8.6380089342693,0.0012419485215911,2.73300126439,99.51,99.78,24.65,1199.313052
173,370000,山东,东部,2017,62993,25443.9350144523,65.8713168582044,49.5996800614485,3.4,58.45,53,2.433457,42.1,8.6380089342693,0.0006606667608284,2.55810939255163,99.57,99.82,25.13,1241.611591
174,370000,山东,东部,2018,66284,27270.3185471867,64.2057784606612,51.2757149780417,3.4,60.56,53,2.426766,41.8,8.6380089342693,0.0005120864710445,2.84329410273875,99.2,99.4,25.28,1071.678682
175,370000,山东,东部,2019,69901,29267.0690678805,60.771469753514,52.8089537216209,3.3,62.53,53,2.381378,41.8,8.6380089342693,0.0003990615320277,2.85388127853881,99.14,99.73,25.28,1131.084587
176,370000,山东,东部,2020,71825,29435.5140186916,58.3960325881825,53.5414337167677,3.1,63.7,53,2.33168,41.6,8.6380089342693,0.0002655285432881,2.59526844657774,99.31,99.84,25.64,1291.640043
177,370000,山东,东部,2021,81510,34280.6293018682,62.1903909790355,53.1059955209761,2.9,66.27,53,2.263441,43.0,8.6380089342693,0.0001994565322315,2.2776944906413,99.33,99.88,26.5,1384.64685
178,370000,山东,东部,2022,86143,34167.3718390239,58.5729798006865,53.3452314480188,2.9,68.25,53,2.218453,43.8,8.6380089342693,0.0001665964426692,1.79822453154231,99.47,99.92,26.45,1285.238624
179,370000,山东,东部,2023,90771,37689.0249925911,59.3302675146681,53.8452264450351,2.9,72.96,53,2.169036,43.9,8.6380089342693,0.0001460865636204,1.66360137786983,99.66,99.92,26.48,1742.39037
180,370000,山东,东部,2024,97575,39741.2698412698,58.9690002684059,53.101887267186,2.9,72.96,53,2.140476,43.9,8.6380089342693,0.0001460865636204,1.66360137786983,99.66,99.92,26.48,1742.39037
181,140000,山西,中部,2007,17542,5756.85234305924,56.9462435233161,34.1970483186198,3.2,37.12,36,2.889811,32.6,17.6214704494912,0.023362423343891,4.28318348064614,79.5,92.96,8.55,399.894681
182,140000,山西,中部,2008,21234,7097.91849897391,56.8812641632827,34.0647930222899,3.3,37.12,36,2.906473,35.2,14.8014675342655,0.0181088190502561,4.88889902815166,82.64,93.27,9.54,421.955128
183,140000,山西,中部,2009,20906,8196.67347534286,51.5995389639495,36.557725670155,3.9,41.01,36,2.968356,36.5,14.8126643908445,0.0177458167776596,4.52135493372607,87.3,95.38,10.02,438.681794
184,140000,山西,中部,2010,25434,9284.27532176833,50.2065901747991,34.1861431507542,3.6,44.9,36,2.946988,38.0,13.2862004290255,0.0140298071631532,4.26487035042664,89.94,97.26,10.66,437.156704
185,140000,山西,中部,2011,30534,10958.4503088153,51.3327833830404,32.6562270524306,3.5,44.9,39,2.885944,38.3,10.6597885152005,0.0128423777353502,3.47653192884489,94.63,97.48,11.21,484.340045
186,140000,山西,中部,2012,32864,12702.3675310034,54.9520558370116,35.8500740385685,3.3,45.78,44,2.8641,38.6,11.4950655219933,0.011142590579555,3.19519036333196,95.18,97.64,11.79,549.797336
187,140000,山西,中部,2013,33848,14538.3309759547,56.1566665456598,38.4184797116925,3.1,47.56,49,2.800101,40.0,11.5147824345969,0.0104728376935397,3.23946497344998,96.1,98.14,12.88,598.919568
188,140000,山西,中部,2014,34248,16207.1995464853,59.0105274075611,41.1758869587505,3.4,48.64,51,2.732319,40.1,11.991450800764,0.0099894995328532,3.0875641756988,95.77,98.54,13.34,602.233251
189,140000,山西,中部,2015,33593,15189.2583120205,47.9802627542748,49.7659761413943,3.5,50.0,54,2.731965,40.1,12.2716366462776,0.0094674056300902,2.90566379489157,97.31,98.85,13.52,623.502898
190,140000,山西,中部,2016,33972,16218.5543540125,45.4086781029263,51.1325587624724,3.5,51.52,56,2.712954,40.5,11.6596631621242,0.0041510413178865,3.36963305588446,97.92,99.29,14.77,649.267643
191,140000,山西,中部,2017,41242,17260.6837606838,49.7015775658739,49.2243325531783,3.4,53.36,56,2.700408,40.6,11.6596631621242,0.0023556540530091,3.43066004333914,98.34,97.81,15.92,683.138334
192,140000,山西,中部,2018,45517,18627.3557966876,53.5188647754038,51.0267513049799,3.3,56.03,56,2.641277,41.3,11.6596631621242,0.001766501024558,3.97510685331858,98.3,99.7,16.81,721.337127
193,140000,山西,中部,2019,48469,19853.5887903918,49.8380303815096,51.1154608055844,2.7,58.58,56,2.57805,42.3,11.6596631621242,0.0013477502122441,4.80071156246551,96.43,99.28,17.22,774.741507
194,140000,山西,中部,2020,51051,18862.1776504298,44.9350110646524,50.2691246720043,3.1,64.1,56,2.507062,43.9,11.6596631621242,0.0008998856220143,5.09267502401744,98.7,99.6,18.41,1072.400612
195,140000,山西,中部,2021,65625,21444.8275862069,56.1657109114615,43.7482510144116,2.3,65.79,56,2.445323,43.7,11.6596631621242,0.0006427522037218,4.25611597465234,97.9,99.53,18.29,1228.829537
196,140000,山西,中部,2022,73506,20650.675093364,58.7763124308687,40.6505653946427,2.3,65.6,56,2.421859,44.0,11.6596631621242,0.0005022690051164,4.10414362290479,97.56,98.66,18.71,1244.302789
197,140000,山西,中部,2023,73984,21600.115406809,54.8311352257702,42.7251714127838,2.3,67.03,56,2.337897,42.9,11.6596631621242,0.000513654652855,3.80814452826442,97.32,98.35,17.46,1598.105437
198,140000,山西,中部,2024,73769,22260.3017991875,56.0572199149109,51.3075266624043,2.3,67.03,56,2.296356,42.9,11.6596631621242,0.000513654652855,3.80814452826442,97.32,98.35,17.46,1598.105437
199,440000,广东,东部,2007,33236,11109.0062111801,88.1702256952687,44.2830770006238,2.5,30.3,55,3.003517,38.5,21.7652933282088,0.0037898596838318,0.845368198837184,78.96,84.8,9.44,2632.724719
200,440000,广东,东部,2008,37543,13127.0595370464,87.6077457874275,44.3110052800497,2.6,30.3,55,2.928781,40.3,18.4543458241836,0.003095013649664,1.24623865642293,93.94,93.97,11.65,2624.613687
201,440000,广东,东部,2009,39418,14700.6910167818,84.2062398918413,45.8105598167476,2.6,32.75,55,2.953191,40.8,17.418832526283,0.0027125507098749,2.32559749167699,96.45,97.7,12.63,2683.576052
202,440000,广东,东部,2010,44669,16721.0037352744,83.3165484345776,45.3319867840834,2.5,35.2,55,2.850347,41.3,15.7358644976776,0.0022864493324569,4.41129273232329,95.75,98.37,12.69,2957.405834
203,440000,广东,东部,2011,50076,18870.8627742655,82.1589893331744,45.8963913718515,2.5,37.63,60,2.701091,41.1,14.8020454922295,0.0015972400174854,3.46552648829033,91.3,98.39,12.51,3156.062291
204,440000,广东,东部,2012,52308,20538.9910334209,84.3164326340781,47.2748418196138,2.5,33.54,63,2.69837,41.2,14.7094339887419,0.0014019158815388,3.18684977787884,94.93,97.62,13.42,3274.055693
205,440000,广东,东部,2013,56029,22585.536823425,84.1929615979075,48.4517642240262,2.4,35.55,66,2.668684,41.5,13.7987853460772,0.0012189736878313,3.65925573653549,96.89,97.47,13.11,3433.926585
206,440000,广东,东部,2014,59909,24781.1820001741,88.1175267463814,48.705499244569,2.4,37.84,68,2.625184,41.4,13.2762530620627,0.001070951843105,2.83022166282078,96.64,97.26,13.2,3644.937587
207,440000,广东,东部,2015,64516,25969.1728035623,73.0193797845305,50.3515208932137,2.5,40.16,72,2.601572,41.4,12.197159464971,0.0009076384540038,2.51274575531268,97.6,98.46,13.6,3724.234766
208,440000,广东,东部,2016,69671,27967.0809539805,77.2741369424123,52.5338594407228,2.5,42.29,74,2.596748,42.4,11.4194797670977,0.0003110881757283,2.21216725456992,97.43,98.06,13.05,3754.655415
209,440000,广东,东部,2017,76218,30144.6338851824,75.2808981292078,54.0113498609364,2.5,44.06,74,2.596641,43.5,11.4194797670977,0.0002043673287237,2.88100133799014,96.88,97.8,12.86,3983.023649
210,440000,广东,东部,2018,81625,32205.296404276,76.960136713361,54.7403977379604,2.4,45.56,74,2.58277,44.0,11.4194797670977,0.0001510827933707,3.60735342921409,96.66,97.3,13.39,4145.647802
211,440000,广东,东部,2019,86956,33980.6229481944,73.1566639784713,55.8105659112355,2.3,47.32,74,2.55702,43.3,11.4194797670977,0.0001114950054126,4.32099943056507,97.94,99.06,13.6,4238.992974
212,440000,广东,东部,2020,88521,31113.9100126743,74.1437995638752,56.275213312269,2.5,44.8,74,2.495011,43.5,11.4194797670977,0.0001051716754414,2.97037598410629,98.99,98.49,13.26,1886.055777
213,440000,广东,东部,2021,98561,33618.5745821507,77.3005549950376,55.4676694502463,2.5,46.43,74,2.459159,42.9,11.4194797670977,7.84961453501658e-05,2.704826708595,98.26,100.0,15.4,2145.431945
214,440000,广东,东部,2022,102217,33785.9682389192,71.5524888469698,55.2395269685963,2.5,48.06,74,2.411433,44.6,11.4194797670977,6.81009561930176e-05,2.5084335685164,98.61,99.74,15.02,1768.515038
215,440000,广东,东部,2023,106985,35169.1326932158,74.7598508773398,55.7923009113075,2.5,49.47,74,2.358882,44.5,11.4194797670977,5.88178063169439e-05,2.40000690882457,98.62,99.7,14.98,2447.038104
216,440000,广东,东部,2024,111146,35234.1158059468,75.36738989998,57.4942563145238,2.5,49.47,74,2.305698,44.5,11.4194797670977,5.88178063169439e-05,2.40000690882457,98.62,99.7,14.98,2447.038104
217,450000,广西,西部,2007,11542,4053.48154362416,42.4802726332231,39.9265726601885,3.8,23.03,25,3.33976,32.1,58.4145539563089,0.0177869511215021,1.43010730876118,81.51,91.89,11.28,132.598684
218,450000,广西,西部,2008,13471,4974.66777408638,39.9673119473291,39.7682560337082,3.8,23.03,25,3.337919,32.7,53.4986213092915,0.0143290888248598,2.15633215378804,84.04,92.87,11.83,148.119543
219,450000,广西,西部,2009,14708,5746.91103789127,38.2896992267946,41.7846448002924,3.7,25.02,25,3.337171,33.7,42.9511169846336,0.0125195068115677,3.07802345513066,92.19,94.43,13.98,164.227642
220,450000,广西,西部,2010,18070,7184.38177874186,38.4535687067579,40.3114915111548,3.7,27.0,25,3.186229,35.0,36.5546513259436,0.0105677938356484,3.18740380256925,92.35,94.65,14.31,181.561822
221,450000,广西,西部,2011,22234,8395.70354457572,37.2344103595675,39.3431004184507,3.5,28.32,29,3.057804,37.4,21.5962290896028,0.0050583015369081,2.11764520995725,91.08,93.91,14.34,207.689464
222,450000,广西,西部,2012,24181,9622.07072858969,39.0609768761536,41.3505431897802,3.4,36.03,34,2.999855,37.5,21.7256449272798,0.0044596411762624,2.01023036750937,93.26,95.3,14.74,238.635507
223,450000,广西,西部,2013,26416,10849.9260198689,41.063742921522,43.7678737829761,3.3,39.67,38,2.911459,37.7,18.0989524758202,0.003791651939205,2.00176397074177,93.58,95.91,15.53,263.303812
224,450000,广西,西部,2014,28603,12102.3060796646,40.8725813914058,44.3692135592223,3.2,42.41,39,2.841069,39.3,16.1397724429267,0.0034339628195881,2.41393877216729,92.99,94.4,15.75,298.862745
225,450000,广西,西部,2015,30890,11996.4664310954,37.268632963638,46.2325480814716,2.9,44.72,43,2.790324,37.6,14.8715349578992,0.0028463690548595,2.42724774997479,94.46,97.5,16.28,335.371703
226,450000,广西,西部,2016,33340,13073.5021618283,35.0377107864106,47.7476638993336,2.9,46.4,46,2.734241,37.6,11.9867714033977,0.0008556395269473,2.04201094175653,95.85,97.7,17.06,386.896552
227,450000,广西,西部,2017,36441,14342.7756266558,32.9044218761141,49.3184641413772,2.2,49.36,46,2.693333,39.1,11.9867714033977,0.0005913201841411,1.73391327377739,97.8,97.63,17.56,426.927835
228,450000,广西,西部,2018,39837,15491.2067919951,31.6613127360782,50.5094814497804,2.3,51.96,46,2.608444,39.9,11.9867714033977,0.000512538338479,1.49602503605901,98.15,97.8,19.42,454.259337
229,450000,广西,西部,2019,42778,16218.1854676837,30.9673968032596,50.8591097654576,2.6,55.92,46,2.540582,40.8,11.9867714033977,0.0004478012534668,1.706386644243,98.84,98.88,21.92,539.778062
230,450000,广西,西部,2020,44237,15154.6124726041,27.7845834675142,51.6620029022327,2.8,59.0,46,2.420452,41.3,11.9867714033977,0.0003969097098219,1.63023689733909,99.36,99.68,23.76,920.443671
231,450000,广西,西部,2021,50137,16216.5971808616,31.0021114123041,50.1560944262191,2.5,63.34,46,2.354703,40.2,11.9867714033977,0.0002947348378165,1.43803366548754,99.47,99.81,23.92,1046.531153
232,450000,广西,西部,2022,51936,15934.2183475332,28.6378475969403,50.0124111647019,2.5,67.7,46,2.277462,42.2,11.9867714033977,0.0002352393063495,1.54089715135102,99.44,99.91,24.4,947.229669
233,450000,广西,西部,2023,54005,15957.4298786553,29.2360568200257,50.7679469458577,2.5,72.01,46,2.213068,42.4,11.9867714033977,0.0002826956445019,1.15433091256554,99.21,99.89,24.48,1245.421077
234,450000,广西,西部,2024,57071,16261.1210851785,28.3303137070474,50.950107157567,2.5,72.01,46,2.157161,42.4,11.9867714033977,0.0002826956445019,1.15433091256554,99.21,99.89,24.48,1245.421077
235,650000,新疆,西部,2007,16887,4093.07875894988,35.9504496007043,37.6657142857143,3.9,46.47,38,3.20868,32.0,19.6048571428571,0.0165685714285714,2.84474627428787,92.77,99.12,13.32,359.529412
236,650000,新疆,西部,2008,19605,4887.37681839512,34.0828424709258,36.3017501508751,3.7,46.47,38,3.228848,31.9,18.0325890162945,0.0141219070609535,2.87626491466546,88.61,92.82,12.47,418.973561
237,650000,新疆,西部,2009,19755,5453.91384900417,28.8645863494962,39.7946660372905,3.8,50.08,38,3.12,36.3,18.2166627330658,0.013922586735898,2.70396685747377,89.34,99.03,12.55,452.38829
238,650000,新疆,西部,2010,24700,6343.70709382151,29.4647744730445,35.0751837617999,3.2,53.7,38,2.90006,36.4,15.6132233871871,0.0109790679452259,3.00310198892231,95.8,99.17,13.19,516.385542
239,650000,新疆,西部,2011,29624,7471.4606741573,31.535703811354,36.6105327617881,3.2,56.93,40,2.812916,36.6,12.7570422535211,0.0116824862216778,2.34932085498295,96.19,99.17,13.74,572.284345
240,650000,新疆,西部,2012,33103,8504.66045272969,33.4171547055774,38.8825926225748,3.4,58.91,44,2.765998,35.9,12.6568444912167,0.010740980598505,2.35729227556644,96.6,99.13,14.16,603.102625
241,650000,新疆,西部,2013,36988,9538.2932166302,36.7931479694306,42.7305006791697,3.4,60.65,49,2.687779,36.4,12.0010485427639,0.0098825155494125,2.24934140170583,96.37,98.08,15.69,667.09062
242,650000,新疆,西部,2014,40193,10479.5698924731,38.6504269408251,43.4831885153003,3.2,62.21,50,2.660935,36.8,11.0905067731664,0.0092071887311781,2.13575904442415,96.87,98.15,16.46,780.274859
243,650000,新疆,西部,2015,39520,11612.5786163522,34.978856045016,47.8268811312037,2.9,63.68,55,2.787798,37.5,10.7395588219493,0.008362612685212,1.87943346290412,97.63,98.81,17.69,851.636661
244,650000,新疆,西部,2016,40020,12377.2652388797,31.388872107775,48.9222079162686,2.5,65.43,55,2.795149,38.5,9.75069568467832,0.0042820949453835,1.57240379387422,97.89,98.86,18.35,898.33887
245,650000,新疆,西部,2017,45476,13104.0322580645,31.624845813458,49.3902275109992,2.6,68.54,55,2.786329,40.0,9.75069568467832,0.0030188442548768,1.17871837558548,98.32,98.75,19.78,931.517184
246,650000,新疆,西部,2018,51238,13607.5396825397,30.5523247114685,50.4324948865677,2.4,71.93,55,2.736033,39.6,9.75069568467832,0.0021476415757178,1.8819140340552,98.01,97.66,20.34,1031.406385
247,650000,新疆,西部,2019,53542,14166.4712778429,29.6798601822221,51.7088202631443,2.1,73.88,55,2.64167,39.9,9.75069568467832,0.0017547859470034,1.6529050002916,98.52,98.55,23.67,1096.924429
248,650000,新疆,西部,2020,53606,11885.3281853282,26.6975832977901,50.9597339265399,2.4,70.2,55,2.478515,40.9,9.75069568467832,0.0010492221409058,1.49263711875312,98.39,99.52,25.3,1930.461812
249,650000,新疆,西部,2021,62991,13943.6075704905,30.102977360603,46.9396012653572,2.0,71.89,55,2.416822,41.0,9.75069568467832,0.0008172098383972,1.73854500075322,98.8,99.43,21.73,2438.301716
250,650000,新疆,西部,2022,69717,12633.1658291457,27.6466629604705,44.2084610396448,2.0,69.42,55,2.320846,41.4,9.75069568467832,0.0005653255887422,1.82856892061913,98.63,99.49,23.86,2008.448118
251,650000,新疆,西部,2023,73774,14967.2825250192,28.8052829530407,45.3489770416033,2.0,76.03,55,2.260865,41.4,9.75069568467832,0.0004564491082772,1.75393618061631,98.54,99.64,24.47,2956.18508
252,650000,新疆,西部,2024,78660,15116.2790697674,31.4928141966843,47.8530834076001,2.0,76.03,55,2.204149,41.4,9.75069568467832,0.0004564491082772,1.75393618061631,98.54,99.64,24.47,2956.18508
253,320000,江苏,东部,2007,33798,10340.4117570892,87.6262863587237,37.6144741500054,3.2,32.01,43,2.450482,42.8,19.4547567376214,0.0046870911637499,1.89175007440127,97.41,99.47,19.28,3207.055894
254,320000,江苏,东部,2008,39967,12761.0152022675,84.1083421350027,38.4747378455672,3.3,32.01,43,2.487708,42.6,16.4709246901811,0.0036515810053157,2.93087892495435,98.23,99.88,20.28,3479.391035
255,320000,江苏,东部,2009,44272,14704.3533930858,80.3706912001912,39.6293191226426,3.2,34.06,43,2.511429,42.0,15.1524003748002,0.0031161793587203,3.67405460302288,98.39,99.65,20.42,3796.482122
256,320000,江苏,东部,2010,52787,17291.015376795,83.0242202984904,41.3711612486982,3.2,36.1,43,2.456491,42.1,13.4230944884363,0.0025384267794963,2.84672958816132,99.12,99.56,21.26,4748.194713
257,320000,江苏,东部,2011,61464,20015.3309235947,82.7570189593874,42.3823486052188,3.2,39.44,47,2.379933,42.1,12.1372585955544,0.0021576930007043,2.73831030647474,99.03,99.58,21.86,5271.751969
258,320000,江苏,东部,2012,66533,22673.7684729064,83.394496326663,43.4059130123888,3.1,42.06,50,2.374351,42.2,11.1394755120396,0.0018472344553917,2.75809763406648,99.43,99.7,22.35,5647.170439
259,320000,江苏,东部,2013,72768,25486.083984375,84.2275471983607,45.0762770979993,3.0,46.39,52,2.335996,42.4,10.0145747050518,0.0015867051730935,2.93878158151535,99.59,99.69,23.22,6177.09976
260,320000,江苏,东部,2014,78711,28327.6174375075,85.3724719532131,46.5433707899831,3.0,49.28,54,2.296163,42.6,9.27276513369479,0.0013954851497366,2.80650815289556,99.49,99.75,23.89,6461.021127
261,320000,江苏,东部,2015,85871,32122.7901383043,82.8750833541504,47.6194953681028,3.0,51.86,56,2.286584,42.8,8.71932008437196,0.0011719731278392,3.18397370653971,99.56,99.83,24.42,6793.155753
262,320000,江苏,东部,2016,92658,35332.8958358191,81.3590717654649,49.4753131508489,3.0,55.39,57,2.280586,42.9,7.97177537688637,0.0007472440527518,2.85625267983442,99.54,99.86,25.37,7178.456221
263,320000,江苏,东部,2017,102202,38962.6023981954,76.9372650298511,49.7270285944535,3.0,58.43,57,2.27696,43.0,7.97177537688637,0.0004462570077023,2.75020407625249,99.73,99.98,25.62,7515.883758
264,320000,江苏,东部,2018,110508,41999.2896045465,74.0319197759353,50.3569451418125,3.0,61.05,57,2.264332,43.1,7.97177537688637,0.0003398864470279,2.72780692009762,99.81,99.98,25.2,7945.499383
265,320000,江苏,东部,2019,116650,43972.8421301216,70.0069590529325,51.544444985039,3.0,63.94,57,2.251643,43.4,7.97177537688637,0.0002884747934252,2.96471561333116,99.77,100.0,25.41,8358.104631
266,320000,江苏,东部,2020,121333,42776.6898666981,66.2131849096045,52.1740103124571,3.2,63.1,57,2.194479,43.5,7.97177537688637,0.0001095248702188,2.46244029368018,99.92,100.0,25.6,2130.653043
267,320000,江苏,东部,2021,138255,48513.9329805997,68.666311056505,51.1044156180468,2.5,64.5,57,2.155313,43.7,7.97177537688637,7.54733696559573e-05,2.30918063853507,99.92,100.0,25.62,2347.563177
268,320000,江苏,东部,2022,143466,47918.9665296536,62.1344211975141,50.9782593560615,2.5,66.11,57,2.112547,44.1,7.97177537688637,6.12666302452385e-05,1.87365322785757,99.92,100.0,25.66,2488.613407
269,320000,江苏,东部,2023,150487,50364.2974431152,65.1489147292925,51.6577472543756,2.5,67.89,57,2.073308,44.0,7.97177537688637,5.49046888916272e-05,1.62193582587382,99.94,100.0,25.78,2868.75
270,320000,江苏,东部,2024,160694,52688.3650011729,65.635014198462,52.9770524348943,2.5,67.89,57,2.041494,44.0,7.97177537688637,5.49046888916272e-05,1.62193582587382,99.94,100.0,25.78,2868.75
271,360000,江西,中部,2007,13270,3935.21062271062,43.0744922988531,33.9016200498477,3.4,22.94,20,2.782033,39.1,24.4508100249238,0.0107484076433121,1.53359998232161,86.18,94.59,10.5,240.038023
272,360000,江西,中部,2008,15816,4868.18181818182,40.3819613741354,34.6240373799429,3.4,22.94,20,2.68666,41.8,20.0324478670935,0.0084076028957918,2.63125273744494,90.18,96.49,11.06,226.821705
273,360000,江西,中部,2009,17277,5605.59566787004,37.2062955637909,35.1926605504587,3.4,24.77,20,2.704849,44.4,19.2766710353866,0.007394495412844,2.76118973098562,92.22,98.0,12.1,259.769658
274,360000,江西,中部,2010,21099,6658.44912595249,40.4568285099259,33.5972802455452,3.3,26.6,20,2.613253,46.6,17.1221971182539,0.0059372069230113,2.5550367605004,92.36,97.43,13.77,286.738782
275,360000,江西,中部,2011,25928,7958.20295037997,41.5619821668113,33.890111787302,3.0,28.53,24,2.480303,46.8,16.7838059476024,0.0050420820924511,1.7265051684684,94.31,97.94,14.4,318.335393
276,360000,江西,中部,2012,28624,9214.0782122905,45.4418690920171,34.9414805156273,3.0,36.35,28,2.478712,46.0,15.7085190939825,0.0044324898303364,2.21613529322143,94.4,97.67,14.99,359.473237
277,360000,江西,中部,2013,31952,10491.7336907954,46.7175748494366,35.6477531782772,3.2,38.54,33,2.433711,45.1,14.4849722381505,0.0038999454553083,2.13727919776388,95.1,97.73,15.26,398.509426
278,360000,江西,中部,2014,34988,11813.8392857143,48.4670461276946,37.0332784436871,3.3,41.11,34,2.402787,44.6,13.2940808537255,0.0034108170898275,1.75470677621243,95.18,97.78,15.77,440.722348
279,360000,江西,中部,2015,37436,14313.9353400223,49.0813701827741,39.9191938453837,3.4,43.33,39,2.379029,44.1,13.3027429994816,0.0031470302546347,1.98139397853849,94.83,97.55,16.6,467.134175
280,360000,江西,中部,2016,40950,16010.8985765125,46.5948369212111,42.7547502256833,3.4,45.54,45,2.362251,43.6,12.0233187953406,0.0024912173846839,2.55295187768008,95.31,97.69,17.33,505.461576
281,360000,江西,中部,2017,44878,17996.0097539348,43.961130555398,44.1887505690027,3.3,50.64,45,2.355989,45.2,12.0233187953406,0.0015694579135907,2.80545518216873,97.38,98.11,17.9,543.043043
282,360000,江西,中部,2018,50347,20043.6516729448,41.870341877929,47.3576475249268,3.4,53.68,45,2.338797,45.9,12.0233187953406,0.0010978803953073,2.86809751002202,97.4,98.31,19.37,584.25974
283,360000,江西,中部,2019,54640,21809.7874224978,38.9457944510553,47.7932323359265,2.9,57.25,45,2.313624,45.5,12.0233187953406,0.0009206520373125,3.04189891651531,97.87,98.45,19.93,645.238095
284,360000,江西,中部,2020,57065,21977.6499225492,37.5713206913912,48.2127065394461,3.2,63.3,45,2.270538,46.4,12.0233187953406,0.0003975641920719,3.27041330040994,97.59,98.62,19.81,899.384787
285,360000,江西,中部,2021,66020,25306.6194376799,41.4852327895357,47.8178075486627,2.8,68.03,45,2.231,46.9,12.0233187953406,0.0002933504985282,3.38684766045078,98.76,99.17,23.85,960.137852
286,360000,江西,中部,2022,69019,25984.5406360424,40.4486443400873,48.9027289211823,2.8,69.45,45,2.191864,46.6,12.0233187953406,0.0002434820496062,3.26008667772432,98.82,99.37,25.92,1086.138614
287,360000,江西,中部,2023,71216,27072.203765227,40.8332977439916,49.8234477532678,2.8,75.46,45,2.132878,46.9,12.0233187953406,0.0001987571467169,3.32809280276743,99.36,99.5,26.87,1203.423423
288,360000,江西,中部,2024,75862,28480.00888494,39.8434617203619,52.3610847160295,2.8,75.46,45,2.09562,46.9,12.0233187953406,0.0001987571467169,3.32809280276743,99.36,99.5,26.87,1203.423423
289,130000,河北,东部,2007,17561,5838.68644678093,52.3758006172635,37.5745706786035,3.8,29.98,31,2.671138,36.5,18.3424532416131,0.0122810193451768,2.90711180433412,95.26,99.97,13.59,1036.981678
290,130000,河北,东部,2008,20385,7141.36500214623,50.3589896209218,37.0546686290942,4.0,29.98,31,2.744258,38.7,16.5278413532299,0.0094717642833501,4.05809732843697,97.11,99.97,14.49,1031.773399
291,130000,河北,东部,2009,21831,8195.76343474552,45.4559782585545,39.3332418713129,3.9,32.09,31,2.792645,40.0,16.0051349391451,0.0081891173261731,4.43859447348131,97.86,99.97,15.32,1228.329543
292,130000,河北,东部,2010,25308,9482.62440922991,47.2247042804868,39.214379346353,3.9,34.2,31,2.661955,42.7,14.58280566109,0.0068530738296785,4.08334042492837,99.07,99.97,17.35,1281.768094
293,130000,河北,东部,2011,29647,11111.0342920354,49.1257678684002,39.3103480525796,3.8,36.28,36,2.505357,42.1,13.0257146464528,0.0066033191954995,2.98185950658536,99.86,100.0,17.84,1421.143583
294,130000,河北,东部,2012,31844,12743.0459928394,51.0923067872061,40.0554652800347,3.7,39.01,42,2.478794,41.0,13.2498754197812,0.0058117213736323,3.13596964289216,99.79,99.96,17.84,1531.562661
295,130000,河北,东部,2013,33346,14430.1591657519,52.0598333628146,40.9705848406404,3.7,41.39,46,2.419134,41.2,12.8164108229319,0.0052956355422183,3.89742333737,98.35,99.85,18.22,1627.164731
296,130000,河北,东部,2014,34507,16141.6086303428,52.3083830414983,41.9189254588657,3.6,43.73,49,2.370018,41.9,12.2902625659985,0.0047201583567708,4.13550552669275,94.26,99.29,18.49,1702.615965
297,130000,河北,东部,2015,35994,12753.5738597686,47.0364103483725,44.6178556276138,3.6,46.07,50,2.366483,41.2,11.7646524031759,0.0041987393175343,5.01971701948976,98.81,99.56,18.65,1723.43662
298,130000,河北,东部,2016,38688,13818.8474576271,47.1089489596713,45.8637849835465,3.7,48.26,53,2.370081,40.8,10.142375000439,0.001937901461328,4.34413913146972,98.88,99.52,18.91,1765.961199
299,130000,河北,东部,2017,41451,15033.7427453098,48.7082742145867,48.0822955014229,3.7,52.53,53,2.371555,41.8,10.142375000439,0.0014134748439988,5.32369961350649,98.78,99.05,18.88,1876.059774
300,130000,河北,东部,2018,43808,16124.2930245085,45.4797371544392,50.0144639417011,3.3,55.84,53,2.350296,41.6,10.142375000439,0.0010561754876194,5.61141879394943,99.28,99.7,19.76,1594.067529
301,130000,河北,东部,2019,47036,17167.7185443803,44.999061263395,51.6498659180185,3.1,56.65,53,2.324725,42.3,10.142375000439,0.0008202157890824,6.04763005112504,99.46,99.98,19.95,1633.778502
302,130000,河北,东部,2020,48302,16509.2443729903,42.4088336312826,51.0037818836113,3.5,59.2,53,2.264286,42.9,10.142375000439,0.0004489945520883,5.64426302728978,99.72,100.0,21.06,1525.939597
303,130000,河北,东部,2021,54181,17315.1181525242,47.1012781116181,49.5354864581864,3.1,61.09,53,2.188844,42.9,10.142375000439,0.0004225550843996,3.97425015907172,99.79,100.0,20.99,1645.093296
304,130000,河北,东部,2022,56481,17364.2857142857,43.5896939920306,51.0855482518815,3.1,65.45,53,2.131688,43.8,10.142375000439,0.0003481947223016,3.42405251009065,99.55,100.0,21.2,1656.414763
305,130000,河北,东部,2023,59332,18795.6174759908,44.6232176893905,52.43616321645,3.1,72.24,53,2.109,43.7,10.142375000439,0.0003242756137911,3.33742443690071,99.6,100.0,20.08,2165.152616
306,130000,河北,东部,2024,64352,19866.3594470046,41.7399043382849,53.725574358942,3.1,72.24,53,2.071111,43.7,10.142375000439,0.0003242756137911,3.33742443690071,99.6,100.0,20.08,2165.152616
307,410000,河南,中部,2007,15811,5011.00427350427,46.0855015208942,32.134641977807,3.4,25.49,26,2.789605,34.3,19.9984485142838,0.0105494283112415,3.256691667424,68.87,88.63,10.81,363.53726
308,410000,河南,中部,2008,18879,6167.56814084208,44.2187753384671,30.7100288116194,3.4,25.49,26,2.761344,35.4,17.4331722664201,0.0081867849954048,3.32440688811848,66.91,85.56,9.9,376.923077
309,410000,河南,中部,2009,20280,7111.20480657742,38.7526843235505,32.2756894843856,3.5,27.9,26,2.761058,36.3,17.412022313748,0.0070642823627548,3.19985132977259,72.89,88.34,10.44,436.142132
310,410000,河南,中部,2010,23984,8510.57947900053,40.4351109732037,32.4625910395056,3.4,30.3,26,2.645056,36.6,15.8322224674465,0.005909070845288,2.8213129438489,73.43,91.03,10.25,465.784924
311,410000,河南,中部,2011,27901,9992.17841665786,40.523251161499,33.9978798344903,3.4,32.01,28,2.526971,36.6,14.392238218453,0.0052073240699578,2.250036480717,76.19,92.64,10.83,500.390625
312,410000,河南,中部,2012,30497,11451.5316827528,40.7544343240652,35.7096737437806,3.1,41.88,30,2.4919,36.9,13.9378977207987,0.0044054430130619,2.1862016618728,77.94,91.76,11.08,524.466546
313,410000,河南,中部,2013,33114,12980.8837355061,43.2697216743606,37.334703232435,3.1,45.66,35,2.424016,37.6,13.0429779498933,0.0039642772465028,2.00490477956258,81.98,92.16,11.57,565.697351
314,410000,河南,中部,2014,35982,14520.4769310524,45.4370684178487,38.8921989425825,3.0,48.68,37,2.375276,38.3,12.2294850584819,0.0034655298078369,1.98965281014615,83.76,92.99,11.67,591.0
315,410000,河南,中部,2015,38338,15952.7883723328,44.3579165655541,40.7740783786043,3.0,51.65,39,2.356583,37.7,11.6892954123196,0.0030856890149686,2.61451462272129,86.02,93.1,12.06,624.533074
316,410000,河南,中部,2016,41326,17666.700756801,42.3072175847293,42.7306810304775,3.0,54.72,43,2.328204,39.3,9.98911782316711,0.0009602651474684,2.62579590916775,88.93,93.42,12.97,633.446486
317,410000,河南,中部,2017,45723,19624.6820632821,41.4729682357294,44.0498472946956,2.8,58.48,43,2.323925,39.4,9.98911782316711,0.0003118802272843,2.94138411202212,93.96,95.88,13.9,676.723606
318,410000,河南,中部,2018,50714,21561.2327656123,40.8562628760009,47.2329526452913,3.0,63.35,43,2.304533,40.0,9.98911782316711,0.0002457150066385,3.89141361267904,96.3,96.65,14.57,701.740607
319,410000,河南,中部,2019,54356,23711.9482880517,39.7669995759514,48.4876521376527,3.2,66.41,43,2.255408,41.0,9.98911782316711,0.0001943489867418,3.46608054168024,97.05,97.38,15.19,777.135954
320,410000,河南,中部,2020,54691,22651.7452972538,40.1906163022635,49.1794970088132,3.2,67.1,43,2.157313,41.9,9.98911782316711,0.0001231123086506,2.62834930639845,96.83,98.19,15.32,962.58181
321,410000,河南,中部,2021,58587,24680.1578468077,44.4990898675325,49.7287821543824,3.4,72.99,43,2.115725,41.6,9.98911782316711,0.0001033210840448,2.15048818054248,97.65,99.32,16.37,1048.861524
322,410000,河南,中部,2022,58942,24715.3565640195,39.9215723107991,52.1266710294211,3.4,76.2,43,2.058298,40.3,9.98911782316711,0.0001011678097426,1.72061896822974,98.21,99.3,16.86,1192.569002
323,410000,河南,中部,2023,60073,26467.0402445237,40.8783863256772,53.4343270356015,3.4,79.21,43,2.006383,43.5,9.98911782316711,0.0001021436640488,1.61600862788101,99.28,99.45,17.64,1382.71755
324,410000,河南,中部,2024,64888,28165.9683188554,38.3815883270119,53.0781569429156,3.4,79.21,43,1.970323,43.5,9.98911782316711,0.0001021436640488,1.61600862788101,99.28,99.45,17.64,1382.71755
325,330000,浙江,东部,2007,36454,12165.4704170708,91.2945057256239,40.493025751073,3.3,34.32,54,2.29983,36.1,18.1384656652361,0.0042757510729613,1.73678180640805,97.78,99.58,14.6,2946.373527
326,330000,浙江,东部,2008,41061,14453.760552571,87.53995780094,40.868045441305,3.5,34.32,54,2.249824,37.7,16.4615261738534,0.0034813903009687,2.10633076456366,97.72,99.7,15.2,3056.153846
327,330000,浙江,东部,2009,43543,16342.4943138741,80.747357114591,42.9921563303363,3.3,36.56,54,2.23634,38.2,15.9858892776904,0.003071337540565,2.08868034748525,97.93,99.81,16.03,3194.101756
328,330000,浙江,东部,2010,51110,19069.2124105012,81.3144506652368,43.5625677465976,3.2,38.8,54,2.183107,38.3,14.4098336125314,0.0024755564801331,2.55838747085302,99.07,99.79,16.7,3661.004785
329,330000,浙江,东部,2011,57828,22500.5385996409,81.9967782146937,44.1019877695041,3.1,40.73,56,2.137071,38.4,13.1890327360398,0.0020781797405728,2.03274354016432,99.34,99.84,17.53,4038.095238
330,330000,浙江,东部,2012,61097,24977.308707124,82.6845079627476,45.7533505514449,3.0,38.94,59,2.141339,39.9,12.2435024896459,0.0018201172693005,1.86694474612435,99.49,99.88,17.88,4124.561404
331,330000,浙江,东部,2013,65105,27612.0331950208,80.2651744964031,46.7477889143047,3.0,41.84,61,2.119584,40.3,11.2260476876677,0.0015894103592913,2.07463528993948,99.8,99.97,17.83,4338.01534
332,330000,浙江,东部,2014,68569,30280.6451612903,79.8907660909727,46.7630267218009,3.0,44.62,63,2.085015,40.8,10.4504103838995,0.0014341574325084,2.33837315900356,99.81,99.93,18.4,4386.337209
333,330000,浙江,东部,2015,73276,31596.8253968254,72.3736755151234,48.5656561941909,2.9,49.2,65,2.069302,40.6,9.97115453126688,0.0012361030346352,2.52618876373387,99.91,99.95,18.12,4491.865079
334,330000,浙江,东部,2016,78384,34447.7931488801,76.0221156079641,50.3500232784526,2.9,51.86,66,2.065818,41.0,9.11789478139417,0.000282092521268,2.31422401803202,99.95,99.97,17.73,4724.94898
335,330000,浙江,东部,2017,85612,37473.7439222042,77.0801240850322,51.948262602785,2.7,55.42,66,2.054055,40.4,9.11789478139417,0.0002133461570021,2.5251250942855,99.97,100.0,17.28,5092.022941
336,330000,浙江,东部,2018,93230,40111.4299378288,76.4608269511781,52.9608915431669,2.6,57.88,66,2.035529,41.2,9.11789478139417,0.0001498203535001,2.25678571138868,100.0,100.0,18.05,5360.499734
337,330000,浙江,东部,2019,98770,43841.2549019608,70.1139855347094,54.5544491050559,2.5,59.86,66,2.014393,41.5,9.11789478139417,0.0001245557298837,2.68128116597682,100.0,100.0,19.02,5666.280353
338,330000,浙江,东部,2020,100738,43039.1156462585,71.8928070890626,55.9001439191456,2.8,56.0,66,1.963639,42.2,9.11789478139417,7.96115574339417e-05,2.18795656818432,100.0,100.0,19.08,1905.666667
339,330000,浙江,东部,2021,113839,47707.4923547401,75.0154113770917,54.9090501453253,2.6,56.56,66,1.943059,41.5,9.11789478139417,5.84812697863881e-05,1.84809420958928,100.0,100.0,18.03,2373.93736
340,330000,浙江,东部,2022,119022,50534.8943287213,66.8996270525838,54.9593520931174,2.6,58.03,66,1.897192,42.1,9.11789478139417,5.20108736033287e-05,1.85691533710885,99.97,100.0,19.6,3287.435751
341,330000,浙江,东部,2023,125043,54727.4784970575,69.6223374070779,56.0470096858753,2.6,61.28,66,1.86046,43.7,9.11789478139417,4.62731911058566e-05,1.5217245239855,100.0,100.0,21.7,3362.119438
342,330000,浙江,东部,2024,135565,56533.2833583208,69.286750643275,58.5388314290596,2.6,61.28,66,1.828893,43.7,9.11789478139417,4.62731911058566e-05,1.5217245239855,100.0,100.0,21.7,3362.119438
343,460000,海南,东部,2007,14683,4389.34911242604,44.1639477977162,42.8200972447326,3.5,25.31,35,2.736642,40.5,28.4918962722852,0.0020745542949756,2.16965742251223,65.37,77.15,12.5,105.156951
344,460000,海南,东部,2008,17357,5423.88758782201,40.4670782467805,43.2969417508646,3.7,25.31,35,2.692576,42.1,24.5392283176239,0.001491828846545,1.90239405536777,72.81,83.87,12.05,114.864865
345,460000,海南,东部,2009,18860,6221.06481481481,36.6703699131794,45.6582114423255,3.5,27.16,35,2.701645,41.9,23.1549713016108,0.0013577732518669,3.80817183063819,83.68,89.65,13.28,128.181818
346,460000,海南,东部,2010,23323,7638.66513233602,46.6147177211271,48.012868101955,3.0,29.0,35,2.736076,42.6,18.1583766394457,0.0014253897550111,2.56132383802938,82.44,89.43,13.81,136.46789
347,460000,海南,东部,2011,28014,9241.57303370787,43.6723163841808,46.9153340368536,1.7,31.36,39,2.639906,41.8,14.49995941229,0.0013231593473496,3.07781201848998,93.59,96.09,18.42,159.954751
348,460000,海南,东部,2012,30993,10441.7582417582,44.910987528382,48.695059869506,2.0,34.17,44,2.615916,41.2,13.3014268301427,0.0012224851222485,2.32869349655029,92.15,97.74,18.85,192.600897
349,460000,海南,东部,2013,34053,11857.6086956522,47.5696470425349,52.6781989152412,2.2,35.85,46,2.546126,42.1,11.6037100035303,0.001039827979075,2.29239395947269,94.59,98.38,18.72,219.362187
350,460000,海南,东部,2014,37166,13082.264957265,50.4946623747431,53.0385619020006,2.3,38.17,48,2.470191,41.3,11.4093940272543,0.0009452015076833,2.11686398603306,96.49,98.1,17.97,249.199085
351,460000,海南,东部,2015,39704,14914.2857142857,50.6442477590505,53.9874671951154,2.3,42.49,52,2.427335,37.7,10.4769428525521,0.0008649777730169,2.54471813656277,97.77,98.64,17.37,305.633803
352,460000,海南,东部,2016,43009,16168.2340647858,46.3145123794025,55.2906948315486,2.4,43.97,52,2.402516,40.3,10.7811353968021,0.0003276123416947,2.71053702196908,97.34,97.41,17.75,335.507246
353,460000,海南,东部,2017,46631,17792.1810699588,46.6844879048734,56.4402445803224,2.3,45.31,52,2.388544,40.1,10.7811353968021,0.0002156753752084,2.47373560392529,98.32,98.4,18.22,380.392157
354,460000,海南,东部,2018,50263,18866.5987780041,44.5024537338142,58.4763882949478,2.3,47.97,52,2.383945,40.6,10.7811353968021,0.0001649459343881,3.62088334417312,96.74,97.04,16.81,434.164589
355,460000,海南,东部,2019,53929,19839.1959798995,43.8039384482944,59.4301042995423,2.3,52.68,52,2.38318,41.7,10.7811353968021,0.0001294364823291,3.49617992037017,97.73,98.47,18.24,462.376238
356,460000,海南,东部,2020,55438,19984.1897233202,41.3727021080275,60.3284107649743,2.8,58.0,52,2.278825,40.6,10.7811353968021,0.0001059969099205,2.93237885685895,98.95,98.02,17.91,1364.925373
357,460000,海南,东部,2021,63991,25364.7058823529,46.7268955092144,61.6349687120432,3.1,60.2,52,2.224663,40.8,10.7811353968021,6.61121446472225e-05,2.56420661773285,99.42,95.73,25.96,1574.120603
358,460000,海南,东部,2022,67314,23129.5034079844,39.6892298449964,60.4258592661403,3.1,59.62,52,2.098551,42.4,10.7811353968021,5.22526706920576e-05,2.41874347396978,99.53,99.95,25.27,1164.89899
359,460000,海南,东部,2023,72958,25490.8916586769,40.0500675867957,60.8552283080835,3.1,58.42,52,2.060122,42.1,10.7811353968021,4.63502489670516e-05,1.97958167330677,99.82,99.85,25.37,1944.132653
360,460000,海南,东部,2024,75903,24294.8473282443,38.824191108185,60.6134304472195,3.1,58.42,52,2.000677,42.1,10.7811353968021,4.63502489670516e-05,1.97958167330677,99.82,99.85,25.37,1944.132653
361,420000,湖北,中部,2007,16593,7221.96876645026,46.2182834506353,42.2276064921599,4.2,27.44,33,2.66464,37.6,26.0895740313604,0.0074867215438982,2.19598694151081,89.72,97.56,12.76,276.591052
362,420000,湖北,中部,2008,20153,8947.11959376641,43.074508568243,41.0106544901065,4.2,27.44,33,2.598047,37.6,22.5156773211568,0.0058273537725592,2.47957922291975,90.9,97.88,13.03,313.290735
363,420000,湖北,中部,2009,23081,10364.3356643357,38.971840146921,41.2314946066206,4.2,30.02,33,2.604136,37.8,20.1451626352135,0.0048801934491096,3.54628584546515,91.2,97.45,13.84,336.969893
364,420000,湖北,中部,2010,28359,12245.8100558659,40.4265611257696,39.6594543628173,4.2,32.6,33,2.492706,37.7,16.6855653267106,0.0038984648947118,3.85024386343648,91.75,97.59,14.08,381.048247
365,420000,湖北,中部,2011,34719,14519.6180555556,47.4971537356054,38.6466090008775,4.1,36.34,37,2.411538,38.4,14.6954494170741,0.0033375955873135,3.14519992285535,93.89,98.25,14.78,404.24919
366,420000,湖北,中部,2012,39149,16748.6594014876,48.4880804513018,38.7921685280356,3.8,43.78,40,2.403053,38.9,12.8458804208774,0.0027550916519483,2.54349312062642,95.09,98.24,15.85,415.162722
367,420000,湖北,中部,2013,43835,19033.9772335288,50.1234087815813,41.9576010717945,3.5,49.69,43,2.338836,38.1,11.5869650878714,0.002361888249665,2.50980750975032,95.09,98.19,15.85,493.328279
368,420000,湖北,中部,2014,48635,21405.2613480055,52.0231448172431,43.3133513442697,3.1,54.59,45,2.290718,37.9,10.6827750061079,0.0020671267363262,2.1033004671524,94.71,98.75,16.57,552.349515
369,420000,湖北,中部,2015,52021,25381.0256410256,49.007148401067,45.0322963353546,2.6,58.64,47,2.283941,37.5,10.3409240706565,0.0018171631953598,2.3780173622661,94.49,98.83,16.15,595.209581
370,420000,湖北,中部,2016,56844,28210.5352591334,48.2962736922737,46.2312235780889,2.4,61.27,51,2.309312,37.6,8.23874913800858,0.0006530147213144,2.26748331771234,96.3,99.12,16.14,626.989336
371,420000,湖北,中部,2017,63169,31368.0555555556,47.7605620135093,48.3206660400161,2.6,63.74,51,2.308789,38.4,8.23874913800858,0.0004664965758023,2.05417819639302,97.13,99.27,15.74,660.911777
372,420000,湖北,中部,2018,71097,34811.8979212439,45.5629233963465,49.7356146780258,2.6,66.51,51,2.300374,38.4,8.23874913800858,0.0002874684688972,2.91116202621286,97.64,99.37,17.0,715.814558
373,420000,湖北,中部,2019,76712,38917.1587649739,42.5154418766883,50.4006251513351,2.4,68.04,51,2.294003,38.9,8.23874913800858,0.0002571044927249,3.53980635391037,97.92,99.16,17.45,789.345712
374,420000,湖北,中部,2020,73687,32279.0252393386,29.747432155852,53.3376739643526,3.4,71.2,51,2.251073,41.1,8.23874913800858,0.0002260228580729,2.59603358095816,98.4,99.56,18.89,957.082552
375,420000,湖北,中部,2021,86551,38698.2847341338,41.3846303161084,52.1526735234932,3.0,74.44,51,2.205926,42.8,8.23874913800858,0.0001838646309132,2.10621313969449,98.86,99.87,18.74,972.110793
376,420000,湖北,中部,2022,90358,40254.7912388775,38.0470716743179,53.0240777221819,3.0,77.06,51,2.162768,42.9,8.23874913800858,0.0001611627990754,1.96222809481126,99.5,99.93,19.67,1125.375303
377,420000,湖北,中部,2023,95538,44337.4443302501,39.7113904938881,54.682314402655,3.0,81.56,51,2.112901,43.4,8.23874913800858,0.0001413887276089,2.02536382670525,96.06,99.95,21.2,1374.801587
378,420000,湖北,中部,2024,102832,46633.8704148097,39.472694806855,54.9497608851416,3.0,81.56,51,2.080912,43.4,8.23874913800858,0.0001413887276089,2.02536382670525,96.06,99.95,21.2,1374.801587
379,430000,湖南,中部,2007,14626,5380.33044846577,44.6968747927459,41.5077271013947,4.3,27.03,27,3.064586,35.6,27.1469495449895,0.0097388401270798,2.19891969963818,83.27,93.71,11.41,201.849894
380,430000,湖南,中部,2008,17758,6618.49529780564,40.9416390025039,41.3499124467163,4.2,27.03,27,2.971714,35.8,22.1386879388719,0.0074287634646337,2.36287828146067,84.26,94.57,12.01,220.698998
381,430000,湖南,中部,2009,19979,7670.46518888542,38.3462116139773,42.9216773142929,4.1,30.02,27,2.972444,36.6,20.3775209820869,0.0063533446072904,3.33101102043032,85.6,94.82,12.59,238.279747
382,430000,湖南,中部,2010,24005,9060.27397260274,40.0258281282378,41.5196830676178,4.2,33.0,27,2.841663,36.6,17.2148989039636,0.0051450145431897,3.36061691483378,86.5,95.17,12.95,264.778523
383,430000,湖南,中部,2011,28766,10954.2622701717,43.0892761790068,40.2400211472376,4.2,36.12,30,2.767439,36.8,14.740206185567,0.0036241078509119,2.42163623763051,88.45,95.68,13.62,292.738818
384,430000,湖南,中部,2012,32203,12623.2169954477,43.2668123330906,41.0836885586027,4.2,43.23,33,2.763335,37.0,14.3448451469312,0.0030414198951299,2.65671279436756,91.33,96.42,13.49,311.032731
385,430000,湖南,中部,2013,35702,14408.3333333333,43.2941296854115,42.6511560742742,4.2,46.94,36,2.697087,37.6,13.0483920289486,0.0027236973990452,2.74297627955463,91.93,96.86,13.8,343.113426
386,430000,湖南,中部,2014,39181,16220.6927847527,45.099035751727,43.99006232299,4.1,52.77,39,2.641153,38.6,11.9762144869075,0.0024098480369996,2.74027480477859,91.24,97.05,13.76,367.121257
387,430000,湖南,中部,2015,43155,16993.8019652305,43.9091105866581,45.9903429039967,4.1,58.52,40,2.623306,39.7,11.0063913436539,0.0020866475580441,2.60093005069195,92.28,97.3,14.27,380.675883
388,430000,湖南,中部,2016,46606,18867.9245283019,42.5589510282119,48.6035619945873,4.2,62.41,44,2.622297,40.6,9.68308295655274,0.0010021553470432,2.69515203907142,93.28,96.81,14.59,404.275686
389,430000,湖南,中部,2017,51030,20795.5676164631,40.1465050026276,51.3475483399895,4.0,65.94,44,2.624304,41.2,9.68308295655274,0.0008155941362358,2.52249471932733,93.5,96.52,13.72,427.109635
390,430000,湖南,中部,2018,54763,22809.7965335343,38.2485183050988,53.2385348626606,3.6,69.93,44,2.603988,41.2,9.68308295655274,0.000631439290718,2.55213841363387,93.64,96.35,16.96,449.090285
391,430000,湖南,中部,2019,60104,24933.5843373494,37.4283395690044,52.2513354104993,2.7,73.19,44,2.587983,41.2,9.68308295655274,0.0004795195279502,3.02050428033386,96.65,97.71,17.69,470.725664
392,430000,湖南,中部,2020,62537,24106.9977426637,35.8040396852125,51.3995272322869,2.7,78.2,44,2.5142,41.5,9.68308295655274,0.0002464939604165,2.92248245594201,97.29,98.94,19.72,1130.948905
393,430000,湖南,中部,2021,68913,27449.1090305044,39.0449822833464,51.4900412350837,2.3,80.44,44,2.452364,42.2,9.68308295655274,0.0001857219420958,2.33763737913639,97.45,98.99,20.15,1241.491754
394,430000,湖南,中部,2022,71917,27957.2986069049,34.4961580851483,52.6874214127413,2.3,82.44,44,2.419984,42.3,9.68308295655274,0.0001463457713221,1.8522822942721,97.7,99.01,20.35,1268.676078
395,430000,湖南,中部,2023,75938,29560.7490864799,35.0742919408169,53.1238940353389,2.3,81.29,44,2.353759,42.0,9.68308295655274,0.000130566313891,1.77860208409873,98.59,99.86,21.49,1243.629949
396,430000,湖南,中部,2024,81225,31295.1521639394,36.1757585674487,54.0976122935883,2.3,81.29,44,2.307827,42.0,9.68308295655274,0.000130566313891,1.77860208409873,98.59,99.86,21.49,1243.629949
397,620000,甘肃,西部,2007,10501,3353.21821036107,28.2687239020345,39.4415162050017,3.3,28.6,25,4.163658,24.1,16.5732122163657,0.0195581473589772,4.97527171498801,64.46,91.76,9.83,213.673233
398,620000,甘肃,西部,2008,12048,4012.5441003528,27.3607798188821,40.7103558290198,3.2,28.6,25,3.884615,25.9,15.453983136374,0.0163427418042126,4.83772704273928,65.32,87.85,10.37,227.492625
399,620000,甘肃,西部,2009,12802,4630.13698630137,22.9956350097891,42.1197564483064,3.3,30.95,25,3.848316,27.3,15.0751155034727,0.0153076522963008,4.26469172256636,73.03,89.66,11.29,243.810096
400,620000,甘肃,西部,2010,15421,5607.421875,24.0763186207084,39.5770469356188,3.2,33.3,25,3.688284,27.1,12.9931282805487,0.0139919365063265,4.6514319955331,74.29,91.57,12.2,262.079511
401,620000,甘肃,西部,2011,18846,6947.10031347962,25.1289609432572,41.5765326247172,3.1,34.78,27,3.671576,27.9,12.2967053499139,0.0129523137287467,4.74475782139747,75.62,92.5,12.58,281.386633
402,620000,甘肃,西部,2012,21141,8095.6862745098,25.2675328710987,42.81211177245,2.7,43.56,31,3.646116,30.0,11.6469192115852,0.0106154159945115,3.49589232651634,77.81,92.77,12.56,306.534273
403,620000,甘肃,西部,2013,23647,9337.01221915649,26.2930698556472,44.5988860254385,2.3,44.95,35,3.555734,32.1,10.802061684263,0.0093440851276082,3.02300811388886,80.22,93.68,14.02,333.509934
404,620000,甘肃,西部,2014,25724,10542.4733306993,26.4675446293316,46.0143593519882,2.2,47.25,37,3.473634,30.8,10.1210419734904,0.0088303878252331,2.88059366749426,83.48,94.95,15.3,350.855578
405,620000,甘肃,西部,2015,25946,10848.5929449069,25.1447617051627,50.6024463898972,2.1,49.14,39,3.426615,30.2,10.2296922185279,0.0087026812677302,3.2231240133725,85.77,97.28,15.18,384.079602
406,620000,甘肃,西部,2016,27396,11842.0634920635,24.9829366704444,52.4573314610808,2.2,51.47,42,3.445487,31.5,9.60132601803732,0.002268417319301,3.02378072589785,88.15,97.93,15.42,398.969831
407,620000,甘肃,西部,2017,29103,12712.9262490087,24.6858771834259,53.9915765943817,2.7,55.83,42,3.437717,33.3,9.60132601803732,0.0017896329412406,3.0928084637639,90.56,98.81,16.51,426.987768
408,620000,甘肃,西部,2018,32178,13660.4373757455,23.0911158651514,54.4958724596192,2.8,61.71,42,3.402658,33.5,9.60132601803732,0.0015485988573684,3.38844662175954,90.91,97.9,17.91,467.035573
409,620000,甘肃,西部,2019,34707,14499.8007174173,21.522674359753,55.017606643497,3.0,68.43,42,3.356839,36.0,9.60132601803732,0.0012949772317997,2.69561696527989,92.66,98.04,19.31,498.706548
410,620000,甘肃,西部,2020,35848,14047.181127549,21.0056684440601,55.3103110348898,3.3,68.7,42,3.269722,36.3,9.60132601803732,0.0009554884907068,2.7388672719412,94.8,98.15,20.25,871.548117
411,620000,甘肃,西部,2021,40976,15412.4497991968,24.8442676612375,52.9020585790426,3.4,73.56,42,3.165136,36.3,9.60132601803732,0.000828321353479,2.03592754974507,96.87,99.46,22.2,981.153184
412,620000,甘肃,西部,2022,44646,14698.2343499197,21.3205517293219,51.1931951013362,3.4,75.8,42,3.088533,36.2,9.60132601803732,0.000689661373568,2.65928459348486,96.93,99.5,22.21,954.601227
413,620000,甘肃,西部,2023,47867,16114.8073022312,22.1941607582787,51.7692476272358,3.4,82.75,42,3.033508,36.8,9.60132601803732,0.0006549334951701,3.2363075045004,97.98,99.67,21.84,1238.559708
414,620000,甘肃,西部,2024,52825,16815.2969894223,21.9881842421708,53.4096240069523,3.4,82.75,42,2.966466,36.8,9.60132601803732,0.0006549334951701,3.2363075045004,97.98,99.67,21.84,1238.559708
415,350000,福建,东部,2007,25915,8893.41085271318,76.809716243521,41.3120871579308,3.9,25.47,51,2.609119,37.0,24.3413828600841,0.0047793171484944,1.06518492488799,97.34,98.86,10.98,1045.242165
416,350000,福建,东部,2008,30153,10625.7213520198,73.2517666912773,40.6950364990212,3.9,25.47,51,2.643118,38.9,21.6130006037432,0.0039243308512779,1.2331680905671,97.23,97.47,12.05,1226.19883
417,350000,福建,东部,2009,33999,12223.1314784506,66.044538255585,41.7149161304869,3.9,28.74,51,2.650051,39.7,19.8108406277933,0.0033797440832333,2.39619781558556,98.63,99.18,12.58,1397.873633
418,350000,福建,东部,2010,40773,14378.554021121,67.930906323558,40.1759706715547,3.8,32.0,51,2.629605,41.0,15.8974837527079,0.0027268788535244,2.34736798636061,98.92,99.5,12.58,1625.568182
419,350000,福建,东部,2011,47928,16586.1522198732,68.3069630330546,39.67585125323,3.7,34.98,57,2.543789,41.4,17.6461264559625,0.0021721537920603,1.72642822698778,98.67,99.11,13.46,1707.129338
420,350000,福建,东部,2012,52959,18892.2155688623,68.1177372962608,39.794558881069,3.6,37.17,61,2.523613,42.0,12.6921305353455,0.0018389654642979,1.86385426653883,98.6,99.13,14.13,2001.599488
421,350000,福建,东部,2013,58255,21300.6435006435,69.0644551616267,39.7852807081471,3.6,41.37,64,2.47032,42.8,11.5135221607018,0.0016041735173615,1.90954118873827,98.85,99.42,13.4,2276.296783
422,350000,福建,东部,2014,63709,23692.5221799747,71.437082287477,39.776923354489,3.5,43.3,66,2.428617,42.8,10.4473560766736,0.0014273056398619,1.86893277285511,98.83,99.49,13.61,2452.768512
423,350000,福建,东部,2015,67649,30805.7228915663,63.5808855502077,41.5775834747106,3.7,45.07,70,2.412456,43.0,9.57765804731632,0.0012599041742016,2.38830661888554,98.56,99.55,13.8,2601.09215
424,350000,福建,东部,2016,74024,34121.015936255,62.0954764466483,43.1639952177349,3.9,45.11,70,2.401093,43.3,8.00475524664465,0.0008159570947064,3.04883753566918,97.21,99.52,14.41,2688.461538
425,350000,福建,东部,2017,83758,37869.3726937269,59.9688310579294,45.319776375198,3.9,46.63,70,2.387573,43.7,8.00475524664465,0.0003531073446327,2.57570743891635,97.45,99.56,17.41,2792.09202
426,350000,福建,东部,2018,94719,41857.6998050682,62.2305589640552,45.1330910519595,3.7,48.84,70,2.36356,44.3,8.00475524664465,0.0002804501677531,2.566686462405,98.29,99.69,20.59,2980.590406
427,350000,福建,东部,2019,102722,46190.2344694223,60.1215455904276,46.4615631777653,3.5,50.9,70,2.331357,44.5,8.00475524664465,0.0002962675953183,3.53588962431542,98.42,99.86,21.37,3144.620015
428,350000,福建,东部,2020,105106,45801.7303532805,59.0295431452618,47.4890273936792,3.8,52.2,70,2.258621,44.6,8.00475524664465,0.0001806983026283,2.99879220106976,99.21,99.9,18.83,2266.307692
429,350000,福建,东部,2021,118750,50327.6809171244,65.0063788253739,47.1013454760411,3.3,53.45,70,2.201558,44.3,8.00475524664465,0.0001313397664936,2.68928972163728,99.34,99.92,20.97,2456.501182
430,350000,福建,东部,2022,123618,52529.6084049666,58.6730085992107,49.3811467571781,3.3,55.49,70,2.1538,44.1,8.00475524664465,0.0001159082084261,2.15454682827232,99.67,99.97,21.96,2217.825739
431,350000,福建,东部,2023,129865,55817.8340903658,61.3039923951128,49.9879496128238,3.3,57.87,70,2.101377,44.2,8.00475524664465,0.0001046819893625,2.05635740239172,99.77,99.97,23.33,2817.423617
432,350000,福建,东部,2024,137920,58122.5852611495,59.4404639942379,51.5229999480618,3.3,57.87,70,2.060053,44.2,8.00475524664465,0.0001046819893625,2.05635740239172,99.77,99.97,23.33,2817.423617
433,540000,西藏,西部,2007,11991,3896.1937716263,7.31379598358572,57.1345539087475,4.0,30.99,28,4.060791,24.4,9.69485614646905,0.0005521650682941,1.73221483821767,65.1,90.58,15.51,28.193833
434,540000,西藏,西部,2008,13703,4452.05479452055,6.53601639258131,57.7096936212958,3.9,30.99,28,4.004106,25.1,8.58864892014063,0.0005022601707684,1.50002627016235,74.8,86.59,13.46,26.754386
435,540000,西藏,西部,2009,15154,5290.54054054054,6.40035734796758,57.2358088400269,3.8,30.54,28,3.914464,29.6,7.75185102086605,0.0003814224814897,2.07389445472529,81.4,92.53,13.32,32.608696
436,540000,西藏,西部,2010,17209,6413.33333333333,6.65105981416957,57.1456424254241,4.0,30.1,28,3.700703,25.4,7.4575940729187,0.0007603821407681,2.13596109175377,79.83,97.42,13.25,32.758621
437,540000,西藏,西部,2011,20083,7686.08414239482,7.22322618089723,56.5985282093213,3.2,31.73,30,3.376177,24.1,7.57972199509403,0.0006868356500408,2.11710701613222,83.44,91.93,13.48,36.401674
438,540000,西藏,西部,2012,22762,8822.22222222222,9.56325800251839,57.5612503520135,2.6,27.15,33,3.222534,32.4,6.59391720642073,0.000591382709096,2.61448737490887,29.79,75.39,14.22,41.975309
439,540000,西藏,西部,2013,26209,10164.0378548896,9.36794471118297,57.4981888432746,2.5,35.26,37,3.112162,18.1,6.0432262738469,0.00050712388312,1.69671993769163,38.62,96.95,13.19,44.813278
440,540000,西藏,西部,2014,29275,11215.3846153846,10.4824084149438,57.6034904756837,2.5,37.51,39,2.991711,43.8,5.7997233159519,0.0004469511546238,2.46560551998718,57.13,89.07,14.44,49.166667
441,540000,西藏,西部,2015,31847,14457.5757575758,9.92645462047399,58.255033557047,2.5,43.25,45,3.087943,42.6,5.64046021093001,0.0005177372962607,4.11376369927468,79.98,88.06,24.98,54.468085
442,540000,西藏,西部,2016,35015,15855.8823529412,9.82317157646822,57.2975277067349,2.6,43.67,46,3.057181,32.6,5.23699914748508,0.0002983802216538,2.08126046927543,52.99,67.57,16.82,51.93133
443,540000,西藏,西部,2017,39158,17730.659025788,11.0485510779219,56.4269829503336,2.7,47.78,46,2.969119,34.8,5.23699914748508,0.0002223869532987,2.77298833489899,56.77,92.8,14.7,57.51073
444,540000,西藏,西部,2018,44051,20107.3446327684,11.688858668074,54.0751743735469,2.8,48.8,46,2.951703,37.3,5.23699914748508,0.0002324980625161,2.27992368116589,55.05,85.9,12.21,67.948718
445,540000,西藏,西部,2019,47491,21822.7146814404,10.1469546337561,54.42337142184,2.9,48.67,46,2.88858,37.6,5.23699914748508,0.0002002591589115,1.86995771911781,60.11,95.03,15.75,105.084746
446,540000,西藏,西部,2020,52280,21153.0054644809,9.9953865359217,54.5277763178641,2.9,50.9,46,2.81929,38.1,5.23699914748508,0.000299574289168,2.21310585638558,63.2,98.78,20.74,154.468085
447,540000,西藏,西部,2021,56831,23404.3715846994,10.6373426870119,55.7061820978752,2.6,53.69,46,2.746456,38.2,5.23699914748508,0.0001057590616286,1.35421137537555,68.09,98.9,21.48,206.465517
448,540000,西藏,西部,2022,58908,21472.5274725275,6.92755054030498,54.7297925774347,2.6,54.91,46,2.677412,40.8,5.23699914748508,0.0001255697144451,1.51138844109866,74.26,99.7,22.03,234.649123
449,540000,西藏,西部,2023,65642,26394.5205479452,8.42357832980897,54.1104191917081,2.6,59.04,46,2.604899,42.5,5.23699914748508,0.0001295607472729,2.21465137307673,86.93,100.0,21.78,364.125561
450,540000,西藏,西部,2024,75237,27913.5135135135,9.49461389597712,54.3021447430287,2.6,59.04,46,2.569469,42.5,5.23699914748508,0.0001295607472729,2.21465137307673,86.93,100.0,21.78,364.125561
451,520000,贵州,西部,2007,7778,2362.88546255507,35.8486296203168,43.1852502194908,4.0,20.59,20,4.211401,30.5,19.3545215100966,0.0482914837576821,3.42343474981142,62.08,82.52,6.21,116.001535
452,520000,贵州,西部,2008,9697,2989.98887652948,33.0084741741713,44.0633471251248,4.0,20.59,20,3.908545,29.8,15.9412184334427,0.03526893993437,3.83757674679016,67.82,88.69,6.22,123.342487
453,520000,贵州,西部,2009,10814,3526.43483177834,30.3497125201309,45.3911375009723,3.8,22.84,20,3.951852,27.4,15.3392796950761,0.0304794254155106,4.03054792424231,68.49,92.09,6.29,133.104839
454,520000,贵州,西部,2010,12882,4402.41448692153,32.7144678451467,46.3708785129453,3.6,25.1,20,3.734873,29.6,13.4593936711662,0.0254215534410267,3.32949224017457,69.72,94.1,6.65,181.198437
455,520000,贵州,西部,2011,16024,5382.15297450425,34.368275984707,47.3164043023007,3.6,27.73,24,3.648144,32.3,13.8768786950638,0.0196648621696702,2.46510180492576,71.56,91.55,6.63,209.289141
456,520000,贵州,西部,2012,18947,6318.09311402286,36.7985397433664,46.9105039897956,3.3,39.96,29,3.606901,32.8,13.5645634955949,0.0154415472694372,2.38525518202404,71.35,92.07,6.8,238.33698
457,520000,贵州,西部,2013,22089,7161.89427312775,39.1353571266374,47.6941214834882,3.3,47.61,33,3.486775,34.5,11.6748817900189,0.0123715995033299,2.15528147768486,74.86,92.86,9.58,274.335106
458,520000,贵州,西部,2014,25101,7987.21784063095,38.5759850965338,46.977575737755,3.3,51.94,35,3.380003,34.0,12.0910052217898,0.0100925532262811,2.40882917466411,76.3,94.47,10.33,324.396905
459,520000,贵州,西部,2015,28547,13282.6321467098,38.1616956466557,46.2223697941372,3.3,55.65,38,3.327467,35.9,10.7013566075325,0.0080922113651456,2.4492955958878,84.06,95.43,11.22,378.817967
460,520000,贵州,西部,2016,31589,15039.6487493348,36.6308805450502,46.3162714968963,3.2,59.15,43,3.305686,36.8,8.5410942641023,0.0029993894372646,2.98168150977393,85.66,96.03,12.11,416.666667
461,520000,贵州,西部,2017,35988,16958.7168025243,34.9882493734444,48.5270554338718,3.2,65.08,43,3.278836,37.0,8.5410942641023,0.0026379231775618,2.71847059741746,87.74,96.54,12.18,478.661298
462,520000,贵州,西部,2018,40271,18589.7435897436,34.3331981358655,50.0937915222885,3.2,68.23,43,3.251544,38.6,8.5410942641023,0.0021200792017299,2.67174054810644,87.25,96.68,13.51,510.160705
463,520000,贵州,西部,2019,43727,19359.1476091476,29.7116700343266,50.7910288443763,3.1,73.14,43,3.198587,39.4,8.5410942641023,0.0013936180997417,3.1692425622905,91.8,98.33,14.53,562.0782
464,520000,贵州,西部,2020,46355,20214.1005702436,31.131631675233,50.712749994401,3.8,71.7,43,3.100498,40.9,8.5410942641023,0.0009932588295894,2.54638905828034,94.55,98.9,21.23,887.991146
465,520000,贵州,西部,2021,50476,22947.8193146418,35.2305273156935,50.7600752366563,4.5,77.08,43,3.050016,41.8,8.5410942641023,0.000735407480497,2.83970869461772,90.19,98.44,22.1,954.803866
466,520000,贵州,西部,2022,51921,21829.356846473,32.238829947226,50.450765601887,4.5,80.31,43,2.997447,42.1,8.5410942641023,0.0006121816655339,2.0166251948265,93.26,98.88,26.69,942.766935
467,520000,贵州,西部,2023,54172,22993.7904269081,33.5021035833454,51.1994759315842,4.5,81.6,43,2.886684,41.9,8.5410942641023,0.0006426532398043,2.0769863146187,94.8,98.1,25.77,1095.184968
468,520000,贵州,西部,2024,58685,23863.9896373057,33.2640339015273,55.5779080694046,4.5,81.6,43,2.810166,41.9,8.5410942641023,0.0006426532398043,2.0769863146187,94.8,98.1,25.77,1095.184968
469,210000,辽宁,东部,2007,24022,9534.2019543974,61.3672432947151,40.367462738773,4.3,43.09,44,2.734509,37.5,21.4722799790132,0.0119877188550552,1.74178701793366,91.99,96.94,9.61,1512.884835
470,210000,辽宁,东部,2008,28185,11662.5724217845,62.9730244307918,38.3013256218229,3.9,43.09,44,2.756048,38.1,17.4679716915066,0.009318075088361,2.23736086150931,92.38,96.89,9.95,1631.612529
471,210000,辽宁,东部,2009,29611,13390.0023036167,59.3209786794612,38.851564877455,3.9,45.54,44,2.841594,38.3,16.9444509468855,0.0082039997815179,2.07687920101104,93.74,97.23,10.41,1649.38989
472,210000,辽宁,东部,2010,31888,15743.0857142857,62.7331952362774,37.7474579564345,3.6,48.0,44,2.771249,39.3,15.701229823766,0.0073559148838179,2.42316525962038,94.19,97.44,11.19,2168.27503
473,210000,辽宁,东部,2011,37353,18486.6407855675,67.6715695687238,37.8045723300051,3.7,50.72,48,2.666583,39.8,14.2004536866627,0.0068860096973995,1.89971453076795,95.46,98.36,11.27,2327.382465
474,210000,辽宁,东部,2012,40778,21266.7428571429,68.1215024821272,39.7364499176406,3.6,52.6,50,2.674981,40.2,13.3774637786717,0.0059315576571831,2.04602739004824,96.02,98.45,11.55,2484.630739
475,210000,辽宁,东部,2013,43956,24241.4662084765,64.3359589950398,41.810003748282,3.4,55.09,56,2.627399,40.2,12.2083628337012,0.0053465078505684,2.08930584790146,96.15,98.77,12.09,2696.584699
476,210000,辽宁,东部,2014,45915,27207.4346030289,62.8439382815437,44.8668461027579,3.4,58.19,59,2.598695,40.1,13.1270817000155,0.0049666178960036,2.08838123881752,96.19,98.72,12.75,3015.807799
477,210000,辽宁,东部,2015,46482,19282.6187183034,47.4693246400289,48.5490071894034,3.4,60.92,62,2.581571,40.3,12.8669539789117,0.0047935953449478,2.60598311767423,94.76,98.84,13.43,3302.741703
478,210000,辽宁,东部,2016,47069,19868.5001155535,48.0721883485856,52.3996567365453,3.8,64.96,63,2.552286,36.4,11.1904866985411,0.0020164276081892,1.90585629179438,96.07,98.96,13.01,3636.228656
479,210000,辽宁,东部,2017,50221,20167.9035250464,49.0380004180825,52.8363988383349,3.8,68.35,63,2.545501,40.7,11.1904866985411,0.0016088139031023,2.18325128806292,97.14,98.45,13.68,4012.234043
480,210000,辽宁,东部,2018,54657,21237.007690515,49.0111882976252,52.9167818634227,3.9,72.14,63,2.547898,39.9,11.1904866985411,0.0013661980817081,1.76498579918017,97.52,99.16,14.93,2399.84326
481,210000,辽宁,东部,2019,58019,22382.2772971709,46.1681192113614,53.1130181490467,4.2,72.12,63,2.469394,40.8,11.1904866985411,0.0010585267528454,2.25810213591084,97.95,99.16,15.06,1437.611698
482,210000,辽宁,东部,2020,58629,20648.4136310223,44.1582130202505,53.4520258762005,4.6,73.8,63,2.313811,41.7,11.1904866985411,0.0008252236979937,1.62848738894976,98.75,99.71,16.21,1343.375527
483,210000,辽宁,东部,2021,64992,22446.914164105,47.0401635593898,51.5939715990497,4.3,76.74,63,2.240256,41.8,11.1904866985411,0.0005923212245416,1.3673605807583,97.86,99.66,19.8,1460.173913
484,210000,辽宁,东部,2022,68422,21782.70192995,40.3273693070113,51.5661154301137,4.3,77.71,63,2.210317,40.9,11.1904866985411,0.0004527147272784,1.20116331253404,97.73,98.99,19.37,1147.837599
485,210000,辽宁,东部,2023,72107,23521.0425633668,41.9069535406508,52.3807159360994,4.3,79.92,63,2.136387,41.1,11.1904866985411,0.0004336398604407,1.32415077006379,97.0,97.22,19.98,1729.963899
486,210000,辽宁,东部,2024,78236,24618.2912154031,42.4012537263777,56.8603642139412,4.3,79.92,63,2.109655,41.1,11.1904866985411,0.0004336398604407,1.32415077006379,97.0,97.22,19.98,1729.963899
487,500000,重庆,西部,2007,16966,6076.34943181818,57.6139720714741,43.2640912235102,4.0,25.16,35,3.302809,31.8,28.1384283228876,0.0173182132601085,5.0260935202176,88.4,91.49,9.16,332.760989
488,500000,重庆,西部,2008,20865,7562.87425149701,56.8468814283324,45.6428510890753,4.0,25.16,35,3.176962,35.9,24.5975082634121,0.0132553606237816,5.20959439375597,90.87,93.2,9.49,387.957746
489,500000,重庆,西部,2009,23346,8670.86393844001,50.7062201549428,45.9075054125571,4.0,28.28,35,3.182357,38.5,22.1116490257397,0.0112175246572047,3.87356917861759,91.83,94.6,9.78,444.219653
490,500000,重庆,西部,2010,28084,10575.7365684575,55.707882787998,47.0125103839907,3.9,31.4,35,2.981034,40.6,15.8844680297075,0.0089196930058398,4.03793942798296,92.02,94.05,9.37,478.00738
491,500000,重庆,西部,2011,34864,12847.4864130435,57.906265562749,47.1971814352636,3.5,34.72,37,2.803482,40.2,12.9364641971421,0.0057758926111089,3.92220181772908,93.03,93.41,10.43,531.09434
492,500000,重庆,西部,2012,39180,14800.0,55.9188671069736,46.6357348603757,3.3,44.42,41,2.790725,42.9,11.4209082912189,0.0048708970798765,4.2243858243937,93.32,93.84,10.67,572.093023
493,500000,重庆,西部,2013,43527,16791.0993025573,55.2934414880416,46.8060118517609,3.4,49.64,44,2.714942,41.7,10.9410021799871,0.0042041511867112,3.740676881278,93.09,96.25,11.23,606.050955
494,500000,重庆,西部,2014,48311,18766.677620769,58.165652359437,46.8995746659555,3.5,53.69,46,2.649842,40.6,9.97155322146091,0.0036030306760212,3.19302503639098,94.27,96.78,11.68,639.265306
495,500000,重庆,西部,2015,52480,24975.8957654723,56.8256856540084,48.4074685951186,3.6,58.53,48,2.592956,40.3,9.338798665877,0.0030909260933262,3.71123417721519,95.34,96.87,12.05,660.524091
496,500000,重庆,西部,2016,58327,28065.5948553055,55.6725581674292,50.0510458858126,3.7,62.61,52,2.563858,40.8,11.2112855795373,0.0007174166343006,3.40345993437969,96.11,97.13,12.23,690.263158
497,500000,重庆,西部,2017,64171,31073.155216285,51.9426789782948,51.5052600628915,3.4,67.11,52,2.547318,40.3,11.2112855795373,0.0006099779231846,3.57333936000443,96.37,98.05,12.67,728.909091
498,500000,重庆,西部,2018,68460,33845.0837812204,49.8913223003997,52.6564700214926,3.0,70.96,52,2.531674,40.4,11.2112855795373,0.0004247572815533,3.5276759268435,97.39,98.28,13.52,753.125
499,500000,重庆,西部,2019,74337,36733.0614805521,44.0402419301604,53.6402070677546,2.6,74.19,52,2.507038,41.8,11.2112855795373,0.0003177185268027,3.56768598587365,97.36,97.89,14.38,798.617966
500,500000,重庆,西部,2020,78294,37252.726706139,42.8048917541046,52.9854560847237,4.5,73.5,52,2.445205,43.1,11.2112855795373,0.0002695536192065,3.67208492117819,96.16,94.69,14.65,841.836735
501,500000,重庆,西部,2021,87450,44386.6749688667,47.2682862260241,53.2034775423563,2.9,74.95,52,2.403425,42.6,11.2112855795373,0.0001802167587339,3.3867211575451,98.19,96.26,15.95,897.901364
502,500000,重庆,西部,2022,88953,44505.4466230937,42.9903715073466,54.2974723632686,2.9,78.06,52,2.356392,44.6,11.2112855795373,0.0001606237380188,3.59673559149521,98.82,98.57,16.64,947.052519
503,500000,重庆,西部,2023,94147,48980.2569727358,46.0126758864072,54.3093896993943,2.9,80.1,52,2.278338,42.3,11.2112855795373,0.0001187561783067,3.48473765967394,99.66,99.92,17.35,1000.774336
504,500000,重庆,西部,2024,100903,50753.605015674,46.1703494050277,57.0514891343513,2.9,80.1,52,2.240133,42.3,11.2112855795373,0.0001187561783067,3.48473765967394,99.66,99.92,17.35,1000.774336
505,610000,陕西,西部,2007,15342,4954.96224379719,45.0904674706111,39.6916470132704,4.0,32.82,34,3.745751,37.7,17.4853039529727,0.0163187722200711,4.62536884351547,86.17,95.7,11.58,463.033606
506,610000,陕西,西部,2008,19331,6232.11403980635,41.405090583261,38.9283624508902,3.9,32.82,34,3.739401,38.7,14.6121374237231,0.0123854105714842,4.11054797972727,89.55,96.65,12.67,483.975848
507,610000,陕西,西部,2009,21485,7243.62758250604,39.9247409917248,40.36985170922,3.9,34.76,34,3.717356,38.8,13.9061992047813,0.0100577658856185,4.31680458721574,89.64,98.06,12.86,522.459639
508,610000,陕西,西部,2010,26388,8721.55287817938,43.1853724710771,38.8717344492748,3.9,36.7,34,3.427072,38.3,11.7491772640475,0.0079084223784179,3.73530193840898,90.39,99.39,13.38,597.433366
509,610000,陕西,西部,2011,32467,10360.1593625498,51.1865320508665,36.9886078964444,3.6,39.36,38,3.252371,38.7,10.0052566303357,0.0075301229558689,3.27998061969217,92.09,95.72,13.72,662.563068
510,610000,陕西,西部,2012,37453,12098.2307895432,48.1584331187195,36.8770505713316,3.2,45.09,42,3.22498,40.4,9.10375890937889,0.0059664554813892,2.83230037908418,94.11,96.15,14.71,748.371849
511,610000,陕西,西部,2013,41906,13788.1177707676,47.7024995429828,37.8733008915211,3.3,49.19,45,3.150874,40.2,8.30969356319238,0.0050687187999044,2.99503147279588,93.75,96.52,14.74,613.517915
512,610000,陕西,西部,2014,45610,15465.6388816305,47.7072555205047,39.0208303404683,3.3,52.81,46,3.071861,40.5,8.37724464875736,0.0044878609395201,2.8393690851735,95.08,96.31,15.38,606.340378
513,610000,陕西,西部,2015,46654,17834.373374935,47.0731662728573,42.653697454578,3.4,55.86,50,3.040626,40.6,9.39292019576731,0.0041064205421592,3.44533667271472,94.73,97.12,15.67,633.199311
514,610000,陕西,西部,2016,49341,19826.2777490965,41.7825337121272,44.3310336137101,3.3,59.11,52,3.02682,40.1,8.74549769502988,0.001313675456006,2.88856943023714,94.66,95.61,15.42,702.664298
515,610000,陕西,西部,2017,55216,22057.3770491803,41.5189553897116,44.7914871818753,3.3,62.91,52,3.001461,39.9,8.74549769502988,0.0008652525205485,3.36258247658379,93.61,95.95,16.32,799.328039
516,610000,陕西,西部,2018,61115,24193.0806410583,42.3039204592603,45.5118432538771,3.2,65.66,52,2.971462,38.8,8.74549769502988,0.0006148217142332,3.3196038050407,96.19,95.49,16.47,842.370744
517,610000,陕西,西部,2019,65506,25745.9432048682,40.0086036247141,46.6115100103903,3.2,68.58,52,2.928606,39.3,8.74549769502988,0.0005555727866259,4.29271909515049,97.8,96.84,16.84,902.554028
518,610000,陕西,西部,2020,65867,24023.0088495575,38.0638818815848,48.1446600113016,3.6,68.9,52,2.843797,40.8,8.74549769502988,0.0003601892819663,3.20960757598241,98.62,97.88,16.73,961.882194
519,610000,陕西,西部,2021,76171,25485.3313100658,45.7294347543836,45.4585896546344,3.5,71.96,52,2.761139,41.8,8.74549769502988,0.0002692411118894,2.90399754828462,98.77,98.16,17.6,1072.94854
520,610000,陕西,西部,2022,83030,25678.7158746208,48.9806211525548,43.6260209146665,3.5,73.2,52,2.701923,42.6,8.74549769502988,0.0002046397183767,3.43160311079163,99.03,98.25,18.11,1101.966292
521,610000,陕西,西部,2023,85448,26415.2327935223,47.9102672025957,44.5964464676302,3.5,77.47,52,2.631415,43.0,8.74549769502988,0.0001814355607779,3.41473544545845,99.08,98.53,18.05,1322.512709
522,610000,陕西,西部,2024,89915,27665.0645079686,46.495069693,51.7682082681464,3.5,77.47,52,2.572724,43.0,8.74549769502988,0.0001814355607779,3.41473544545845,99.08,98.53,18.05,1322.512709
523,630000,青海,西部,2007,13100,3851.44927536232,20.0956768249468,50.4374392445494,3.8,32.63,34,3.832551,27.5,27.7017080960978,0.0185946396333842,6.72572643515238,89.41,100.0,10.53,104.229607
524,630000,青海,西部,2008,16220,4687.72563176895,19.6837183718372,49.3923514327127,3.8,32.63,34,3.806686,28.2,22.2956851376965,0.0150518452447318,5.37678767876788,94.78,100.0,11.16,112.5
525,630000,青海,西部,2009,16907,5394.97307001795,18.0256805341551,49.8776205171863,3.8,34.92,34,3.797814,29.0,23.5937001170586,0.0144407789720123,5.9537750385208,91.49,99.45,11.47,116.666667
526,630000,青海,西部,2010,20418,6234.45825932504,14.8264729620662,49.5892326516343,3.8,37.2,34,3.590367,29.4,19.759657402552,0.012532773990561,4.86279257465698,90.79,99.87,11.42,123.151125
527,630000,青海,西部,2011,24233,7278.16901408451,15.691442628712,48.4967892586106,3.8,41.46,37,3.388889,31.1,15.5370694687682,0.0114273204903677,4.31641291202828,92.1,99.86,11.22,133.881579
528,630000,青海,西部,2012,26839,8411.55866900175,16.0838617833571,48.0274779195289,3.4,45.39,42,3.277798,32.5,14.3892705266601,0.0100686947988223,3.79534963979121,92.65,99.9,11.17,149.66443
529,630000,青海,西部,2013,30005,9625.21891418564,18.2288994747771,48.3044417206561,3.3,51.11,48,3.149489,31.2,12.8132843051421,0.0091460923364267,5.43788933675339,84.76,99.08,10.9,155.172414
530,630000,青海,西部,2014,32218,10777.7777777778,18.6785213332047,49.629268820696,3.2,56.62,50,3.062886,31.6,12.4484494236077,0.0083509227688477,4.21023726649993,88.81,99.71,11.08,175.265018
531,630000,青海,西部,2015,34883,12038.1282495667,17.6304812693049,51.7652909000497,3.2,58.71,54,3.093659,29.8,11.7667826951765,0.0074987568373943,5.76572771192481,85.96,99.06,10.63,211.827957
532,630000,青海,西部,2016,38968,13228.5223367698,15.6420514165792,51.7801789035515,3.1,58.6,54,3.088296,31.1,12.0782038791958,0.0024887078203879,4.8144018887723,87.55,99.21,11.04,220.0
533,630000,青海,西部,2017,42211,14383.9590443686,16.0868769765558,50.7484483388098,3.1,64.08,54,3.082752,32.6,12.0782038791958,0.0020404851730152,3.98120801860903,94.19,98.93,14.4,245.977011
534,630000,青海,西部,2018,46854,15330.4940374787,16.5645884802389,50.4439592430859,3.0,64.92,54,3.032329,33.9,12.0782038791958,0.0016921397379912,3.85509551240417,94.69,99.0,16.19,260.956175
535,630000,青海,西部,2019,49976,16232.2033898305,15.1448486051715,50.501513039339,2.2,68.18,54,2.941995,35.2,12.0782038791958,0.0014688381897929,3.72276207697715,93.83,99.24,18.44,293.82716
536,630000,青海,西部,2020,50845,15092.7487352445,15.4172099087353,50.7874277360622,2.1,69.7,54,2.876843,35.9,12.0782038791958,0.0013323144394976,3.80321185405931,93.81,98.69,18.91,588.185654
537,630000,青海,西部,2021,57036,16430.9764309764,17.7274982205638,49.2363593394582,1.8,70.96,54,2.774552,34.8,12.0782038791958,0.0012052819709905,3.89157302159049,94.48,98.83,18.93,624.137931
538,630000,青海,西部,2022,60946,14702.5210084034,16.6624474710141,45.6213948610383,1.8,72.19,54,2.679579,36.5,12.0782038791958,0.0011315651477934,4.32180649081059,94.72,99.57,19.58,635.371179
539,630000,青海,西部,2023,63903,17429.2929292929,17.4229686757557,47.3585849280093,1.8,76.96,54,2.587934,36.6,12.0782038791958,0.0010318233265773,4.9860192258489,97.02,99.53,19.78,785.520362
540,630000,青海,西部,2024,66568,17340.6408094435,17.1154858795163,48.8331477169181,1.8,76.96,54,2.52414,36.6,12.0782038791958,0.0010318233265773,4.9860192258489,97.02,99.53,19.78,785.520362
541,230000,黑龙江,中部,2007,16023,6240.06276150628,37.0993960935592,30.2123630902829,4.3,35.4,30,2.655462,28.8,17.7877348481139,0.0084129082806914,3.73461807339527,74.45,81.84,8.73,232.728304
542,230000,黑龙江,中部,2008,18654,7655.6862745098,37.4946508461389,29.7917075495501,4.2,35.4,30,2.573266,31.4,15.5582966555465,0.0070925962266266,3.14530247033651,79.45,84.24,9.28,259.378664
543,230000,黑龙江,中部,2009,18871,8891.27025614218,34.1719300861674,33.3707351535553,4.3,38.5,30,2.621675,33.6,15.3081494410506,0.0067932787543808,3.14580293331345,83.78,86.56,9.39,284.439225
544,230000,黑龙江,中部,2010,21694,10537.9598225933,33.5325992890333,34.5485839461743,4.3,41.6,30,2.440563,34.9,14.2718727056077,0.0059001239724131,3.94981515752662,84.67,88.43,10.0,327.823529
545,230000,黑龙江,中部,2011,26093,12559.7567424643,35.7022705148027,33.4494212380473,4.1,43.1,32,2.262124,36.3,15.1646703573226,0.005253145445395,3.30233923151807,81.41,90.78,11.2,353.827461
546,230000,黑龙江,中部,2012,29352,14744.8979591837,36.675474220563,34.4641333357541,4.2,46.48,35,2.258157,36.0,14.7596180032317,0.0046687485248461,3.30630107960852,83.39,94.14,11.83,400.560399
547,230000,黑龙江,中部,2013,32068,17051.8276050191,37.9142699410539,34.6600163725515,4.4,49.33,40,2.225211,36.0,12.9199686052105,0.0041277396595522,3.43555405172772,85.58,95.46,13.15,435.305592
548,230000,黑龙江,中部,2014,33464,19443.7361419069,37.8924471932491,37.8561803661222,4.5,52.53,42,2.16292,36.0,12.2953298057646,0.0038797778289019,3.24877264706396,86.23,96.2,13.32,472.875595
549,230000,黑龙江,中部,2015,32759,12669.3114196656,28.9972293106107,43.2070145423439,4.5,55.77,44,2.181433,35.8,12.7112917023097,0.0039033361847733,3.86802166808434,86.61,97.2,13.14,520.286738
550,230000,黑龙江,中部,2016,34025,13843.777071903,27.1662558488316,45.8511979823455,4.2,57.92,48,2.175118,35.4,11.6296763345944,0.001837746952501,2.68348417681095,86.66,97.25,13.71,575.129918
551,230000,黑龙江,中部,2017,35887,14937.9229185054,26.7892387116792,47.3337123365549,4.2,63.8,48,2.167075,35.5,11.6296763345944,0.0014919191098838,4.16282417023624,87.77,98.53,13.89,615.984556
552,230000,黑龙江,中部,2018,38199,15855.1247370003,27.4250280643609,49.112987973378,4.0,66.29,48,2.114677,36.0,11.6296763345944,0.0011372747440937,3.29480942962527,89.5,98.48,14.86,680.921053
553,230000,黑龙江,中部,2019,41156,17041.1674347158,25.196944663937,49.6227223058977,3.5,70.0,48,2.065479,36.4,11.6296763345944,0.0009959835799297,4.211463097319,91.09,98.79,15.22,743.402778
554,230000,黑龙江,中部,2020,42432,15743.2986439609,21.1492620302014,49.4264086728182,3.4,79.5,48,1.92448,36.9,11.6296763345944,0.0010503616119236,4.04208896008926,90.82,98.99,15.59,1028.414299
555,230000,黑龙江,中部,2021,47199,17206.08,25.4761685547552,49.1869809263572,3.2,83.37,48,1.880821,37.4,11.6296763345944,0.0007423510250232,2.75308973301651,92.23,99.17,16.54,1092.723881
556,230000,黑龙江,中部,2022,50873,16130.0419490158,23.6731908899319,48.1280990430471,3.2,84.31,48,1.886311,38.0,11.6296763345944,0.0006480750402678,2.91911760659869,93.22,99.1,16.63,823.973257
557,230000,黑龙江,中部,2023,51563,17461.7896799477,24.1697308376786,50.833233651685,3.2,89.26,48,1.847135,39.7,11.6296763345944,0.0005999785946776,2.66288579124859,93.42,99.39,16.61,1193.942403
558,230000,黑龙江,中部,2024,54102,17978.5407725322,22.4966031608808,55.3878460147236,3.2,89.26,48,1.822831,39.7,11.6296763345944,0.0005999785946776,2.66288579124859,93.42,99.39,16.61,1193.942403
