path_en,文件路径,filename_en,文件名,file_type,文件类型,size_bytes,文件大小字节,sha256,license_status,许可证状态
source_snapshots/kaggriculture/STRATEGY.md,STRATEGY.md,md,10018,e5c1d1acbe6093f9519cc2d255060a10ca80676545de747845202963b701a36f,待核验/verify license
source_snapshots/kaggriculture/submission.tar.gz,submission.tar.gz,gz,93549,eed3112af51b988a27d9dfff713048eeef6882cb7b578f16e7c6810c08b09b1e,待核验/verify license
source_snapshots/kaggriculture/opponent_features.csv,opponent_features.csv,csv,1946,d67b9819d174c614589247f6b73d86117f994b418596ae00b474bee7790be7d4,待核验/verify license
source_snapshots/kaggriculture/meta_v13.py,meta_v13.py,py,42865,e852b9a2e846153985eac22bd8ee30d246fc2dd360435c35b972e7a939c24942,待核验/verify license
source_snapshots/kaggriculture/arena.py,arena.py,py,39068,07bb43fdfe17fcd7f13cf43c0b661dbe79094d6e3a53d245d89ed1bc5aa6aa10,待核验/verify license
source_snapshots/kaggriculture/fusion_candidate.py,fusion_candidate.py,py,28103,7cd139398fd2b39120aa68fda49ea5012c738bbb5f50059de4dafe61296f4f4d,待核验/verify license
source_snapshots/kaggriculture/submission_manifest.json,submission_manifest.json,json,493,dba86b59bdb981adea7940efa525e510c16a2ae21ff7b42d0d4778ba7c2f3161,待核验/verify license
source_snapshots/kaggriculture/main.py,main.py,py,43810,b22fc608d4d46f1738c2ea0e43f2ef692155a55e03ba35f0b82cde08508438f0,待核验/verify license
source_snapshots/kaggriculture/README.md,README.md,md,5104,067416c5ad950ef8a50e661dff0cc17ed4b930cdb857d7ba64868853982e9640,待核验/verify license
source_snapshots/kaggriculture/WHITEBOX_ARCHITECTURE.md,WHITEBOX_ARCHITECTURE.md,md,41704,ae139addf25eb6506ab0bf6b1d281a69cc707c4d88a2a2300b5cab0535ff0394,待核验/verify license
source_snapshots/kaggriculture/MODEL.md,MODEL.md,md,89415,dd14b7118e4636a4bd7dd3539f11581f253e7731f1be0fabc72f238147d6dfb0,待核验/verify license
source_snapshots/kaggriculture/c68_main.py,c68_main.py,py,31149,e5cbb6ed75e8582ed27dab18539f3b14e20f87d591181936c38cd1697ffbc248,待核验/verify license
source_snapshots/kaggriculture/frontier_baseline.py,frontier_baseline.py,py,18249,409a348fba336c96dfebb91bc16e29c7da7caa040530302d5de49dbffbe34994,待核验/verify license
source_snapshots/kaggriculture/HANDOFF.md,HANDOFF.md,md,18498,3e0922aaf7a2f78a1bfec31513fb7616b6b824a6ac882d3b76364e8d0ad2facf,待核验/verify license
source_snapshots/kaggriculture/submission.csv,submission.csv,csv,104,bf58833d98faf580a049f55164f16009c2def6f137e1d191133a324e2b2b3e86,待核验/verify license
source_snapshots/Research-on-Credit-Default-Risk-Assessment-Based-on-a-Stacking-Ensemble-Model/Model_Framework.pptx,Model_Framework.pptx,pptx,19911,30c12e7105bf54680df3304cc691b9a3452c9762cfaeb8d118a60010da5c97e0,待核验/verify license
source_snapshots/Research-on-Credit-Default-Risk-Assessment-Based-on-a-Stacking-Ensemble-Model/README.md,README.md,md,12582,ad22c024f8e7fa89c5d2c2f1e502b6abbd38438532267356157071cd2ceaeabd,待核验/verify license
source_snapshots/Research-on-Credit-Default-Risk-Assessment-Based-on-a-Stacking-Ensemble-Model/README.zh-CN.md,README.zh-CN.md,md,11728,5943ac1d09ccdcb6d88f07328feec80cac5362ed2a6e9a892584c4e8872e43ca,待核验/verify license
source_snapshots/Research-on-Credit-Default-Risk-Assessment-Based-on-a-Stacking-Ensemble-Model/思路.vsdx,思路.vsdx,vsdx,234920,d7b1925a680afc853f75d8a82211fcc7b7e467bbd7e6ce5e9db7c055414fd3c4,待核验/verify license
source_snapshots/the-data-of-photovoltaic-power-generation/README.md,README.md,md,13172,bf6c9c91b2514954b1b58dfe84262947a1765fb1c7610c0e8c9caa59cbd529bd,待核验/verify license
source_snapshots/the-data-of-photovoltaic-power-generation/README.zh-CN.md,README.zh-CN.md,md,11307,77b311e0f9ae02c441989b33c905c5ecd33503b28e55a66abc944b94f7a88060,待核验/verify license
source_snapshots/the-data-of-Spatiotemporal-Evolution-and-Influencing-Factors-of-Regional-Resilience-in-China/描述性统计.py,描述性统计.py,py,4797,6b3edc92a00b51c0161d47affe1662fa44593466ccee927c60e95ff0143246d7,待核验/verify license
source_snapshots/the-data-of-Spatiotemporal-Evolution-and-Influencing-Factors-of-Regional-Resilience-in-China/PANEL_ANALYSIS_DATA.xlsx,PANEL_ANALYSIS_DATA.xlsx,xlsx,244028,c57958aeecf7140c7e1333b9f5014139f1241d709316d5c514dc212826c62187,待核验/verify license
source_snapshots/the-data-of-Spatiotemporal-Evolution-and-Influencing-Factors-of-Regional-Resilience-in-China/稳健性-SHAP.py,稳健性-SHAP.py,py,13838,ae513e28ae9c7f6c30b84f0f2d2cad8f314ffcef1958ef457356295f2f0b7d0b,待核验/verify license
source_snapshots/the-data-of-Spatiotemporal-Evolution-and-Influencing-Factors-of-Regional-Resilience-in-China/SHAP_TOP6_DEPENDENCE_NATIONAL.xlsx,SHAP_TOP6_DEPENDENCE_NATIONAL.xlsx,xlsx,52218,372bb195d62e14dc60bcad4f8d630deed8ee19a22c5d50479e4d7dd11ae7a192,待核验/verify license
source_snapshots/the-data-of-Spatiotemporal-Evolution-and-Influencing-Factors-of-Regional-Resilience-in-China/SHAP_TOP6_DEPENDENCE_NATIONAL.png,SHAP_TOP6_DEPENDENCE_NATIONAL.png,png,887878,49a8ee0e5e94398da61cc8cd732f04b3c2bfd2e3be5dde06391a42962caa96eb,待核验/verify license
source_snapshots/the-data-of-Spatiotemporal-Evolution-and-Influencing-Factors-of-Regional-Resilience-in-China/Pearson相关性分析.py,Pearson相关性分析.py,py,10446,d5fce36fefcbe7670c7a10c943611753bb0142ec9c00a4eb2baeda560c9ba71a,待核验/verify license
source_snapshots/the-data-of-Spatiotemporal-Evolution-and-Influencing-Factors-of-Regional-Resilience-in-China/东部.png,东部.png,png,170042,b96c5a4907cfbd8ae4530c7fffa35428df15c82844a84aae1d6053ec0864bc29,待核验/verify license
source_snapshots/the-data-of-Spatiotemporal-Evolution-and-Influencing-Factors-of-Regional-Resilience-in-China/RESILIENCE_PANEL_EN.xlsx,RESILIENCE_PANEL_EN.xlsx,xlsx,109371,1524096895ca13049550c7304b725a44180fb090c1bdfa38b9827906454da26a,待核验/verify license
source_snapshots/the-data-of-Spatiotemporal-Evolution-and-Influencing-Factors-of-Regional-Resilience-in-China/中国省级数据库6.0版.xlsx,中国省级数据库6.0版.xlsx,xlsx,56865507,294cb3dae42e28e08996045319adb4394a1c1cab8171cf50493bff0247abac9c,待核验/verify license
source_snapshots/the-data-of-Spatiotemporal-Evolution-and-Influencing-Factors-of-Regional-Resilience-in-China/SPEARMAN_CRITIC_CRITERION_RESULTS.xlsx,SPEARMAN_CRITIC_CRITERION_RESULTS.xlsx,xlsx,299703,fdc49be3f09b300a9082269c1ff53cb9423a99616e33f1b787c2bf53985d8e29,待核验/verify license
source_snapshots/the-data-of-Spatiotemporal-Evolution-and-Influencing-Factors-of-Regional-Resilience-in-China/REGIONAL_RESILIENCE_MULTI_METHOD_RESULTS.xlsx,REGIONAL_RESILIENCE_MULTI_METHOD_RESULTS.xlsx,xlsx,261456,b203c6e77983ad674d131027f62fba522fbbfa074f7b9214420a3b30bd21ed3b,待核验/verify license
source_snapshots/the-data-of-Spatiotemporal-Evolution-and-Influencing-Factors-of-Regional-Resilience-in-China/DATA _PANEL_ANALYSIS.xlsx,DATA _PANEL_ANALYSIS.xlsx,xlsx,256383,cab1c328da0f047530cd942ee2e15054b2235741834b8ee4d1123faf5334b361,待核验/verify license
source_snapshots/the-data-of-Spatiotemporal-Evolution-and-Influencing-Factors-of-Regional-Resilience-in-China/SHAP_TOP6_DEPENDENCE_NATIONAL.pdf,SHAP_TOP6_DEPENDENCE_NATIONAL.pdf,pdf,64027,9cc2eee13fa8a036e499304a4d3bdd5b11975fd7d0455fae630f6ca616f66868,待核验/verify license
source_snapshots/the-data-of-Spatiotemporal-Evolution-and-Influencing-Factors-of-Regional-Resilience-in-China/稳健性3.py,稳健性3.py,py,16221,c3079c7f338ee35cb406887d45b9b1d5afe2f15565393c072619b7d701e0c005,待核验/verify license
source_snapshots/the-data-of-Spatiotemporal-Evolution-and-Influencing-Factors-of-Regional-Resilience-in-China/西部.png,西部.png,png,177471,c6caa4ccbc809a04c41b4f9011122bc4bd5663d5102e881908a37cd09d287277,待核验/verify license
source_snapshots/the-data-of-Spatiotemporal-Evolution-and-Influencing-Factors-of-Regional-Resilience-in-China/计算准则指标.py,计算准则指标.py,py,8835,f40496782c7e88684627747f5ca6e0676b1a33c9070c2d25755400cc136c5be6,待核验/verify license
source_snapshots/the-data-of-Spatiotemporal-Evolution-and-Influencing-Factors-of-Regional-Resilience-in-China/SPEARMAN_CRITIC_RESULTS.xlsx,SPEARMAN_CRITIC_RESULTS.xlsx,xlsx,242652,81548a497e4198a93ed6e64cdda600f16d1fcd69cafa1ad75e4b13316633ff08,待核验/verify license
source_snapshots/the-data-of-Spatiotemporal-Evolution-and-Influencing-Factors-of-Regional-Resilience-in-China/中部.png,中部.png,png,188865,82c15d03375599d5f8d634254ea4ccaed224b070168b1e5b524456158ed1baee,待核验/verify license
source_snapshots/the-data-of-Spatiotemporal-Evolution-and-Influencing-Factors-of-Regional-Resilience-in-China/全国.png,全国.png,png,179983,c6c04648fc80b3e2bfd9b9f9bad62edd8a6d5602183638dd071b933fbc3f677d,待核验/verify license
source_snapshots/the-data-of-Spatiotemporal-Evolution-and-Influencing-Factors-of-Regional-Resilience-in-China/相关性2.py,相关性2.py,py,16391,d11b86a562dc47c7d4733086c32940e6a96734f05576b462fa5265b7e82882f1,待核验/verify license
source_snapshots/the-data-of-Spatiotemporal-Evolution-and-Influencing-Factors-of-Regional-Resilience-in-China/requirements.txt,requirements.txt,txt,389,4948e06baab9219925813bd47180c16799882daa0aeb6ae259cdda6a4d2b2e14,待核验/verify license
source_snapshots/the-data-of-Spatiotemporal-Evolution-and-Influencing-Factors-of-Regional-Resilience-in-China/data for res.xlsx,data for res.xlsx,xlsx,239085,bc824540befa30a9104561e5e28c9a0ed5cca87917d74bf43aad3104b1a69f7d,待核验/verify license
source_snapshots/the-data-of-Spatiotemporal-Evolution-and-Influencing-Factors-of-Regional-Resilience-in-China/数据预处理-线性插值.py,数据预处理-线性插值.py,py,1374,ebc8968b4c32703f6f05c0cae08323c41fd7b0cf58ea689b1b4c8e147d4908eb,待核验/verify license
source_snapshots/the-data-of-Spatiotemporal-Evolution-and-Influencing-Factors-of-Regional-Resilience-in-China/PANEL_ANALYSIS_DATA - 副本 - 副本.xlsx,PANEL_ANALYSIS_DATA - 副本 - 副本.xlsx,xlsx,256383,cab1c328da0f047530cd942ee2e15054b2235741834b8ee4d1123faf5334b361,待核验/verify license
source_snapshots/the-data-of-Spatiotemporal-Evolution-and-Influencing-Factors-of-Regional-Resilience-in-China/稳健性-冷热点.py,稳健性-冷热点.py,py,26003,47f7692c0d959f3c88c0bf2b204b3e4122c6395c87df9ac744d4a4f1ce076d51,待核验/verify license
source_snapshots/the-data-of-Spatiotemporal-Evolution-and-Influencing-Factors-of-Regional-Resilience-in-China/异质性分析.py,异质性分析.py,py,13587,7b390f4eb8a15916654556a4576050866e38bed90f36987b3c20d143388bf3ea,待核验/verify license
source_snapshots/the-data-of-Spatiotemporal-Evolution-and-Influencing-Factors-of-Regional-Resilience-in-China/RESILIENCE_PANEL_EN_INTERPOLATED.xlsx,RESILIENCE_PANEL_EN_INTERPOLATED.xlsx,xlsx,110952,8a39dd989cb731f1a228896a3815a2cf6eccc1192781e651cad448f140504a35,待核验/verify license
source_snapshots/the-data-of-Spatiotemporal-Evolution-and-Influencing-Factors-of-Regional-Resilience-in-China/综合测度.py,综合测度.py,py,12369,22613e3da9726ff8c6b271db72019d51311b16a3fe32ed6c3c525c2c76974391,待核验/verify license
source_snapshots/the-data-of-Spatiotemporal-Evolution-and-Influencing-Factors-of-Regional-Resilience-in-China/参数搜索2.py,参数搜索2.py,py,42491,de4bf5eab78e45ecf6096bacc422f42877ea0dbf7c04545ad8eb503c17a98553,待核验/verify license
source_snapshots/the-data-of-Spatiotemporal-Evolution-and-Influencing-Factors-of-Regional-Resilience-in-China/DESCRIPTIVE_STATISTICS_RESULTS.xlsx,DESCRIPTIVE_STATISTICS_RESULTS.xlsx,xlsx,104197,756762420150bfe464f82413f71771b92e31b680035911d54b21fcbef58a1b14,待核验/verify license
source_snapshots/the-data-of-Spatiotemporal-Evolution-and-Influencing-Factors-of-Regional-Resilience-in-China/数据预处理-导入外生变量.py,数据预处理-导入外生变量.py,py,9830,4daac522011654f44cd09bbf2a3fc8ec85f05bf47ce59864653f6da6c4398758,待核验/verify license
source_snapshots/the-data-of-Spatiotemporal-Evolution-and-Influencing-Factors-of-Regional-Resilience-in-China/2007-20024各省份指标变化表.xlsx,2007-20024各省份指标变化表.xlsx,xlsx,32447,5091a6500c7d7a7e99606ab6bacfa126d4e235430a08b57cfa2a00a653a55379,待核验/verify license
source_snapshots/the-data-of-Spatiotemporal-Evolution-and-Influencing-Factors-of-Regional-Resilience-in-China/稳健性2-SHAP.py,稳健性2-SHAP.py,py,13810,a2e6973c97be56259ff07863a7c29a7de370efad1f092a734ead840e7696f689,待核验/verify license
source_snapshots/the-data-of-Spatiotemporal-Evolution-and-Influencing-Factors-of-Regional-Resilience-in-China/描述性分析-正态检验.py,描述性分析-正态检验.py,py,2559,4da596162f3b6fcf934cc083485e1b32f72c55cca9092ed3e6f7e96d77c7bf9d,待核验/verify license
source_snapshots/the-data-of-Spatiotemporal-Evolution-and-Influencing-Factors-of-Regional-Resilience-in-China/SHAP.py,SHAP.py,py,12051,aafc17185cf25114fd1d6ea85e3cfedfbe7fdea3755bfdc83a8b995648818c59,待核验/verify license
source_snapshots/the-data-of-Spatiotemporal-Evolution-and-Influencing-Factors-of-Regional-Resilience-in-China/PANEL_ANALYSIS_DATA - 副本.xlsx,PANEL_ANALYSIS_DATA - 副本.xlsx,xlsx,266995,1ec6c595204f74298e9781bddd3467e56052f42ac67eefbb0003bc9d52eeefca,待核验/verify license
source_snapshots/the-data-of-Spatiotemporal-Evolution-and-Influencing-Factors-of-Regional-Resilience-in-China/DESCRIPTIVE_STATISTICS_KS.xlsx,DESCRIPTIVE_STATISTICS_KS.xlsx,xlsx,10737,d44859c7a24c71a88f0c79ac1067106c3be7b98fc3aaf4b0f66f8821c4bd0b1c,待核验/verify license
source_snapshots/the-data-of-Spatiotemporal-Evolution-and-Influencing-Factors-of-Regional-Resilience-in-China/README.md,README.md,md,16678,2d5d7f72bb887162af7bed7bb43151b2b021aadac441b275131f12d3c5b1aa85,待核验/verify license
source_snapshots/the-data-of-Spatiotemporal-Evolution-and-Influencing-Factors-of-Regional-Resilience-in-China/数据预处理-线性插值2.py,数据预处理-线性插值2.py,py,2724,ad1ed8aa5ca5d7a70d639b809a5f6eea524c895d244bfdebc9f5449ccf6cd5f0,待核验/verify license
source_snapshots/the-data-of-Spatiotemporal-Evolution-and-Influencing-Factors-of-Regional-Resilience-in-China/CITATION.cff,CITATION.cff,cff,1034,7102f5058271305c8babc6de6fdca2b2d95434590d10ea86dba01c3947cbbc33,待核验/verify license
source_snapshots/the-data-of-Spatiotemporal-Evolution-and-Influencing-Factors-of-Regional-Resilience-in-China/粘贴的文本 (1)(94).txt,粘贴的文本 (1)(94).txt,txt,11805,a9c867eedbe189dd0c1a4a6045a90e9d92e76ebf5b23ba19f02ba111485d101b,待核验/verify license
source_snapshots/the-data-of-Spatiotemporal-Evolution-and-Influencing-Factors-of-Regional-Resilience-in-China/Spearman-CRITIC.py,Spearman-CRITIC.py,py,6031,c41e68094cfa253b5b9e6da72487313b32f3357acdeb46390756c78ed039a8ab,待核验/verify license
source_snapshots/the-data-of-Spatiotemporal-Evolution-and-Influencing-Factors-of-Regional-Resilience-in-China/数据预处理-整理测度指标.py,数据预处理-整理测度指标.py,py,8164,b2662c472c9365d5f8a9ae7d2af28ddb16d286ee7f3b95bf49efacf780564218,待核验/verify license
source_snapshots/the-data-of-Spatiotemporal-Evolution-and-Influencing-Factors-of-Regional-Resilience-in-China/简化模型的.py,简化模型的.py,py,12457,9182d3179e957e468ab58cc4dadc36b8e61c00ae54b64f762f796478b2ce90a4,待核验/verify license
source_snapshots/the-data-of-Spatiotemporal-Evolution-and-Influencing-Factors-of-Regional-Resilience-in-China/单因素.py,单因素.py,py,12402,b0bf1cd39d92e18b9040c38efbcd909da13b464cbd8a051ac61c1b914c725f21,待核验/verify license
source_snapshots/the-data-of-Spatiotemporal-Evolution-and-Influencing-Factors-of-Regional-Resilience-in-China/全国-中部-东部_数据汇总.xlsx,全国-中部-东部_数据汇总.xlsx,xlsx,19412,cb2f9f8c7048df27294a132d327f09ed94450a131df321c8743914c2545a216c,待核验/verify license
source_snapshots/the-data-of-Spatiotemporal-Evolution-and-Influencing-Factors-of-Regional-Resilience-in-China/MODEL_COMPARE_RESULTS.xlsx,MODEL_COMPARE_RESULTS.xlsx,xlsx,647075,184dbe1077bb0386bb625e2e220779a2d41bf6f5dec995645bb629171bbcb55d,待核验/verify license
source_snapshots/the-data-of-Spatiotemporal-Evolution-and-Influencing-Factors-of-Regional-Resilience-in-China/数据预处理-整理测度指标2.py,数据预处理-整理测度指标2.py,py,7811,ed1c1d77b8ef6916992d47358ae85be23d7460fc946be79ee10605d8eff17a10,待核验/verify license
source_snapshots/the-data-of-Spatiotemporal-Evolution-and-Influencing-Factors-of-Regional-Resilience-in-China/URIR_REPC_INTERPOLATED.xlsx,URIR_REPC_INTERPOLATED.xlsx,xlsx,25740,77b9c3816c591dd9abb872ec44798ef2b587c7901b47be1461358ba6acd6eac0,待核验/verify license
source_snapshots/the-data-of-Spatiotemporal-Evolution-and-Influencing-Factors-of-Regional-Resilience-in-China/参数搜索.py,参数搜索.py,py,27855,c20974f1a437db3a6baa1b7e7b5b80ffcf6d33411fba272abde5769ff8b91537,待核验/verify license
source_snapshots/the-data-of-Spatiotemporal-Evolution-and-Influencing-Factors-of-Regional-Resilience-in-China/KDE.m,KDE.m,m,1761,5e16967238ba36717154323a739963955f4c076767692b668eba1a146bf4a206,待核验/verify license
source_snapshots/the-data-of-Spatiotemporal-Evolution-and-Influencing-Factors-of-Regional-Resilience-in-China/稳健性-SHAP补.py,稳健性-SHAP补.py,py,19933,e327e1636645c406dd6a8779e60032c35759a91e7530faf3224fae5b6629c8d0,待核验/verify license
source_snapshots/DEI-CEI/数字经济.xlsx,数字经济.xlsx,xlsx,57642,a1e543fd49ac7fd6d206752d1df44ae04797eb8c14381da967a1fc792885bb1c,待核验/verify license
source_snapshots/DEI-CEI/数字经济综合指数_CRITIC_Spearman_EWM.xlsx,数字经济综合指数_CRITIC_Spearman_EWM.xlsx,xlsx,48182,ceaa1e54f99be28a73fafec0c5275f33280b8dd62761372502454517a5da6fc3,待核验/verify license
source_snapshots/DEI-CEI/LICENSE,LICENSE,,1073,e94e3accd19c242f866d4b48965274ab14d302aa8c9e2ec69bd14eb518618cf4,待核验/verify license
source_snapshots/DEI-CEI/碳排放综合指数_CRITIC_Spearman_EWM.xlsx,碳排放综合指数_CRITIC_Spearman_EWM.xlsx,xlsx,30376,643392052c60da93e5b0cdbb0a546ed882a675eccec4f94171e3897ea5f86d78,待核验/verify license
source_snapshots/DEI-CEI/README.md,README.md,md,11214,1de9d32e433af14bcda34bcfdc2493c4dc85a920d7333e575e00cb95ad732c7c,待核验/verify license
source_snapshots/DEI-CEI/README.zh-CN.md,README.zh-CN.md,md,9905,b0de83b2f631fb338d042537494539c200b5fb8634e04f3002cfe341f6e999b5,待核验/verify license
source_snapshots/DEI-CEI/耦合协调度计算结果.xlsx,耦合协调度计算结果.xlsx,xlsx,104173,efa887f8f16beb07cce1975ffa55170cced098fe6d4138cd4d786e20ac031b26,待核验/verify license
source_snapshots/DEI-CEI/碳排放.xlsx,碳排放.xlsx,xlsx,46277,090e9e745a2016537ab84aab8b8c315f791e576d6030f4cf8e7356d760d72a74,待核验/verify license
source_snapshots/yile-wang-research-collection/components.json,components.json,json,516,9928283696d86836422959a2c520df83a718d31ffbcab533a14ca8dca2c8d475,待核验/verify license
source_snapshots/yile-wang-research-collection/vite.config.ts,vite.config.ts,ts,1807,3c028e727dde6c92022197ba7241a424ccd1e3d335f1f46cc9bbf91a8a3a968c,待核验/verify license
source_snapshots/yile-wang-research-collection/next.config.ts,next.config.ts,ts,104,d063bebef3a4878ae82f9f9547c2c9675b8b6945ab23702932dcb63a011a9fc9,待核验/verify license
source_snapshots/yile-wang-research-collection/package-lock.json,package-lock.json,json,352832,2e1dbab4a6e469d07071695cd9ec8a1daf299f01aa65afda0574dd6ccbd9078b,待核验/verify license
source_snapshots/yile-wang-research-collection/README.md,README.md,md,956,3d3fbc5ede717daf9243638c637a92d22ec1888d4d271452010a145f28e18ab0,待核验/verify license
source_snapshots/yile-wang-research-collection/tsconfig.json,tsconfig.json,json,671,81aca06cd76be09d9b65c7dff6a031c38664263b506ea792a28f36b17be25f2a,待核验/verify license
source_snapshots/yile-wang-research-collection/package.json,package.json,json,1488,6695882ad6c3fde882c33a13c7d1514d96c9d5bc9a4e725eae94190fe218952a,待核验/verify license
source_snapshots/financial-stochastic-processes/README.md,README.md,md,13787,eb2b053e38890159cb850ef2be70bfef741370d258af2d331bb62e902eb7677d,待核验/verify license
source_snapshots/Digital-Economy-on-Regional-Green-Total-Factor-Productivity/空间基尼系数全套资料.zip,空间基尼系数全套资料.zip,zip,6724296,d4758fb72104a7b8fe83be677d0f228a33508f586062c8305dc0d6df1a18df42,待核验/verify license
source_snapshots/Digital-Economy-on-Regional-Green-Total-Factor-Productivity/三维核密度制作全套资料.zip,三维核密度制作全套资料.zip,zip,10537,bc5d85a6e4692b5f6e1c52a74e172e8210068641ac0d5d8229742216d7d21aff,待核验/verify license
source_snapshots/Digital-Economy-on-Regional-Green-Total-Factor-Productivity/README.md,README.md,md,11594,98330fbdebbf5459672207385ba6cfba4a1b7559dffbe66c29cd5266a60408e0,待核验/verify license
source_snapshots/kaggriculture/dynamic/opp_state_test.py,opp_state_test.py,py,7302,7a75d17645e6daf24f99792f2cec3fccdeb40437de9c99ecb738634ab6af5695,待核验/verify license
source_snapshots/kaggriculture/dynamic/wheat_denial.py,wheat_denial.py,py,5986,b7ab43cbadce7ecf7fb8c6f838988262d5b64109a84d4741a6a0f1afd4fa5700,待核验/verify license
source_snapshots/kaggriculture/dynamic/search3.py,search3.py,py,19149,e36da63cf1e2f4ccf738c713e07188f8e496825cb5201c0433e71dd0a7056ac2,待核验/verify license
source_snapshots/kaggriculture/dynamic/goose_test.py,goose_test.py,py,5298,2c3f010a0578daba6e1435d432ffbb2910ad62a081cd7b3312b444aa51b6ded8,待核验/verify license
source_snapshots/kaggriculture/dynamic/agent4.py,agent4.py,py,92952,74f9b5f8cbb24a7fdf69a743bd9a35717f157c3c573b4af897bc4de99c20bbd9,待核验/verify license
source_snapshots/kaggriculture/dynamic/best_genome.json,best_genome.json,json,1337,f06c39c5d1179d41fbf6d92991461477958557cd12a233d442e09916c4f2e73b,待核验/verify license
source_snapshots/kaggriculture/dynamic/endgame.py,endgame.py,py,7069,8e99b9a7a787f1d921ed3d839d7063bad19efe6aa81af7ef3992b5717d8c1d2a,待核验/verify license
source_snapshots/kaggriculture/dynamic/opp_predict_fit.py,opp_predict_fit.py,py,6836,cd4af8bc40d74997fe0ccaa9ffc540e8633f109d17ca765ac3caba087152077c,待核验/verify license
source_snapshots/kaggriculture/dynamic/attribute.py,attribute.py,py,7759,89873c8a904f7cef8a6a42180bb0c5933e71d996d3517d9afafbad01d116c4e4,待核验/verify license
source_snapshots/kaggriculture/dynamic/metric_test.py,metric_test.py,py,6642,0295c4b0ef47b137da7730d65fc8c5409ae6dcedc32a025ae8eea03d69dce091,待核验/verify license
source_snapshots/kaggriculture/dynamic/market_timing.py,market_timing.py,py,5682,1691ce5be4d8b4464f8d7900a69843a3969e7c96997973d5cb40d8df46df3cb2,待核验/verify license
source_snapshots/kaggriculture/dynamic/open_sweep.py,open_sweep.py,py,6644,983ef4d91c965682a645961bdfb4644e0b07ee74d73de4fc40bc78f052279373,待核验/verify license
source_snapshots/kaggriculture/dynamic/task_value.py,task_value.py,py,9817,406d555d1d571d3fc2c32a54931eaff05868fd845e620ab9fe2db817790b1752,待核验/verify license
source_snapshots/kaggriculture/dynamic/capped_denial.py,capped_denial.py,py,6314,4839f130d34d7cac4c6c005833dd2fadab872447f70843dc5ae8fde02067ffb5,待核验/verify license
source_snapshots/kaggriculture/dynamic/agent3.py,agent3.py,py,83088,eccd1704d15ae360289162a224077ac00074e21a294d1d62b8e4d429875b459e,待核验/verify license
source_snapshots/kaggriculture/dynamic/cd_confirm.py,cd_confirm.py,py,7284,a1c44e54e912f9f22dc4d852aad2daad822c25b9f428668506c9a65bdb28038c,待核验/verify license
source_snapshots/kaggriculture/dynamic/best_genome3.json,best_genome3.json,json,1630,6f2ea48279102be5b1f161b326d00bf2aeb1f2e92808313134b7d3265b9f9df7,待核验/verify license
source_snapshots/kaggriculture/dynamic/opening.py,opening.py,py,5199,5959d419d19fa21f04dcf36fb54c5c2e139f0e69b4b1fbc2c6c62ead83404227,待核验/verify license
source_snapshots/kaggriculture/dynamic/land_sweep.py,land_sweep.py,py,6841,37626095bc8dd4309c3b1e74299f99ec601e93f5c1655001a5d0b4232febbc38,待核验/verify license
source_snapshots/kaggriculture/dynamic/cap_sweep.py,cap_sweep.py,py,6553,8f55ebb8e57bfc7917847d0105da462b6ab8dfc3a94f0706998318038354cf5d,待核验/verify license
source_snapshots/kaggriculture/dynamic/triage_test.py,triage_test.py,py,5713,7907e39fd93b9a461d837c31f2c255ea526f5191300cd6793d303f41c1d8a612,待核验/verify license
source_snapshots/kaggriculture/dynamic/spatial.py,spatial.py,py,5124,904f3c1a1caee2e1baba6a56099ac7f28d7a9289c81a86ebc5389a6c6885eb78,待核验/verify license
source_snapshots/kaggriculture/dynamic/cycle_test.py,cycle_test.py,py,6047,3a00c00fa6d13bdff32d881f55aa084ff52692d8cf641b1059b2eaff5c85b808,待核验/verify license
source_snapshots/kaggriculture/dynamic/panic_scan.py,panic_scan.py,py,6993,843e92e26d75660ea05cbf50cb0cd1ada32d1b0f6322d4a9f2ab839bda240f33,待核验/verify license
source_snapshots/kaggriculture/dynamic/payback.py,payback.py,py,6201,2ffbf3d5d054190e58cf91a5e1e12099f4ef5a74cc4119b50d581af48da6ad47,待核验/verify license
source_snapshots/kaggriculture/dynamic/search2.py,search2.py,py,11278,5ef456e50d42408379a7a3673148e5cf3b1b457bebd1e3464560bf487475d94c,待核验/verify license
source_snapshots/kaggriculture/dynamic/coord_descent.py,coord_descent.py,py,7604,4ba1431256cd2636adada11af9f400b1cb811c2f965655e42021139ea38d6b34,待核验/verify license
source_snapshots/kaggriculture/dynamic/util_probe.py,util_probe.py,py,3481,fae3556f982d9c849f875fb3774e9a98d5cf3dc9b958c847037ba7545d51a796,待核验/verify license
source_snapshots/kaggriculture/dynamic/champ_check.py,champ_check.py,py,6884,9a377b388dbebfcdaf00ae42a7c434d3a77c5d1a1bf1b97b72b513b83217aea3,待核验/verify license
source_snapshots/kaggriculture/dynamic/seasonplan.py,seasonplan.py,py,5701,538337503874f3cb4cf8d5ba45ea1a4179bcbf3efe006dcc2308445f7063e70a,待核验/verify license
source_snapshots/kaggriculture/dynamic/revenue_audit.py,revenue_audit.py,py,5371,21be39262f32325c7501f7259986ef237f204972936f5d90197ad4a396ce8da4,待核验/verify license
source_snapshots/kaggriculture/dynamic/opportunity.py,opportunity.py,py,9842,01d6b043b7827367d0190b40b4b50fd4f6c68c0e8db67810df38ade82ce5f42a,待核验/verify license
source_snapshots/kaggriculture/dynamic/assign.py,assign.py,py,6644,e27b9b2edd5ba5bb2cc8112937168be54756c72d6ef28c881c9832ad281eb4b8,待核验/verify license
source_snapshots/kaggriculture/dynamic/zd_sweep.py,zd_sweep.py,py,6899,bd50e03611680678a130d1568b1efbd7b4507adfb1ff407113ce5707f5cad4c8,待核验/verify license
source_snapshots/kaggriculture/dynamic/denial_test.py,denial_test.py,py,5598,af07ef0cac9fe9cfc826908dc4af784bd80bbbcef56a8c6e878112695170091c,待核验/verify license
source_snapshots/kaggriculture/dynamic/agent2.py,agent2.py,py,75632,d6bf5ab3bfbcee986e5922048c756764c955947ff6d2d713561937db021614de,待核验/verify license
source_snapshots/kaggriculture/dynamic/search.py,search.py,py,8641,db26e81e5e7430571998db31126fd83570231239b667f3aa839e79802cd8c978,待核验/verify license
source_snapshots/kaggriculture/dynamic/sweep.py,sweep.py,py,5126,a12e9c70c804afa65a858f545abd424c5376a86ea2446eeba096cbb0c2c4dbe0,待核验/verify license
source_snapshots/kaggriculture/dynamic/router2.py,router2.py,py,7190,d1be96b054e85ffeb5b8bddebb4d4af14e85530c57301b716a6680d9857c8d45,待核验/verify license
source_snapshots/kaggriculture/dynamic/land_mult.py,land_mult.py,py,6865,7a5d00734be910e51d57f4efced1f6cca65adb278d1acb36359cc0e9a743ebf0,待核验/verify license
source_snapshots/kaggriculture/dynamic/prefix.py,prefix.py,py,5548,8c454a52e8c320469687680b8560405865400fb1f70d9227aabf84b66e4897db,待核验/verify license
source_snapshots/kaggriculture/dynamic/asg_sweep.py,asg_sweep.py,py,6287,ef98200ca12554e3b01faf2ef467654abe6b0fc561564f00c0447cbf9daed075,待核验/verify license
source_snapshots/kaggriculture/dynamic/shadow_price.py,shadow_price.py,py,6217,45dcf248cc670865fac8b9b613877dbb7909a8316311b16f0409a485b3f43013,待核验/verify license
source_snapshots/kaggriculture/dynamic/market_model.py,market_model.py,py,13830,c994f5aeb75c1aa4d1126ded8130da5ac63abd930acde640a41eb1035dbba489,待核验/verify license
source_snapshots/kaggriculture/dynamic/opp_theta.json,opp_theta.json,json,3103,f832535f7329ac9a691f5c078442521878c814f6e241d3e2fcb8deef53463354,待核验/verify license
source_snapshots/kaggriculture/dynamic/plan_test.py,plan_test.py,py,6096,e619db0a6afff4c01f1786a10fbee0a4a3deaf005463c0753c9d61e9a08d92af,待核验/verify license
source_snapshots/kaggriculture/dynamic/best_genome2.json,best_genome2.json,json,1453,26a82412475be7d9eb43e1f5c5f2332d2cf0721792ff9c3b1b51c84b6a515152,待核验/verify license
source_snapshots/kaggriculture/dynamic/mv_sweep.py,mv_sweep.py,py,6173,179834207cd28aba1fc2be53a0a729117ac41f2f5e52a2feadd914d44d015a76,待核验/verify license
source_snapshots/kaggriculture/dynamic/opp_predict.py,opp_predict.py,py,6057,4120ac5fb94016ba2d77fc3c748aef88ba40ff2f39b19a7fc400beaf90331c22,待核验/verify license
source_snapshots/kaggriculture/dynamic/enpv.py,enpv.py,py,16131,d0d7d8a3fda3fa5435b7f224ebf430381808ab587e8d4b7cc71a55f4aaff1776,待核验/verify license
source_snapshots/kaggriculture/dynamic/seed_test.py,seed_test.py,py,4988,d8c3c1c0a690a98ca4797a3e740bcfb35cd117bb6b1f67fd8f5b7b709c7867c2,待核验/verify license
source_snapshots/kaggriculture/dynamic/agent.py,agent.py,py,43799,059119a6cce437301ea7ad4c9d4f347c531b7d93a5b64c952ba2ba5b4370271b,待核验/verify license
source_snapshots/kaggriculture/dynamic/opp_state.py,opp_state.py,py,14044,2cfddeed0f772846b30211898c030226858f974f043c4f3819f2bd8b1258da4e,待核验/verify license
source_snapshots/kaggriculture/dynamic/opp_theta_tapefit.json,opp_theta_tapefit.json,json,3108,4fa4d0a2a81c7349f23c2c3900cb7822a252de38b1eca09892783ce796e5ed25,待核验/verify license
source_snapshots/kaggriculture/dynamic/oracle.py,oracle.py,py,8422,43b7e2d1e15757795477bcca52a857294f4c62a97af0c81f40e815c93fa18b9a,待核验/verify license
source_snapshots/kaggriculture/dynamic/mt_sweep.py,mt_sweep.py,py,7123,40b19b2a6e980ffc0b2e94ede226a813f2eed582ba2f8bde8fb469369b6ba11f,待核验/verify license
source_snapshots/kaggriculture/dynamic/season_plan.json,season_plan.json,json,3845,e1819e54b3c72adb1c349399cca81fa7bd0b50490ceac1f9bfea9419676e2648,待核验/verify license
source_snapshots/kaggriculture/search/agent_instance.py,agent_instance.py,py,1065,42d4a8edcc03916e62829e9f118690f0836c29779520c166ceffcc7b910218a7,待核验/verify license
source_snapshots/kaggriculture/search/make_sparring.py,make_sparring.py,py,2938,affb7cc7fc317974db102fad37ab2d827703d2a8f2dc46b8229213f94f00996f,待核验/verify license
source_snapshots/kaggriculture/search/validate.py,validate.py,py,2195,735aaa41d5fe7b714efac3a99034a49287bcfb22f26f67186a193ba0f932a069,待核验/verify license
source_snapshots/kaggriculture/search/build_submission.py,build_submission.py,py,2983,120e672f6cdad7e211249f8c073e0c378c7be03bc1e62308c320ab76e314f4a7,待核验/verify license
source_snapshots/kaggriculture/search/ga_search.py,ga_search.py,py,19237,cb0f4d2df8a023087a9ff55a6cb57311a475b12a064f72b19a1388f89fd9d57c,待核验/verify license
source_snapshots/kaggriculture/search/evaluate.py,evaluate.py,py,5460,a5c020e234cc1eb4862b2ec7f6a996fe03fd34e35540499503a22d2c21c015a3,待核验/verify license
source_snapshots/kaggriculture/archive/README.md,README.md,md,796,becb6eee82cfad59cbb3b8b5661ea6317f8533cd96ac594792b2135178053be6,待核验/verify license
source_snapshots/kaggriculture/scripts/audit_whitebox_runtime.py,audit_whitebox_runtime.py,py,4011,8cd7406ad8ba285a08b9fde1889d4c634fd4b81e33e1105b0078f25ff844022b,待核验/verify license
source_snapshots/kaggriculture/scripts/package_whitebox.py,package_whitebox.py,py,6454,de02ab6f1f78023c71ae87df8426c90adf8df7d155d209a2cf2ed278c68d6574,待核验/verify license
source_snapshots/kaggriculture/whitebox/test_horizon.py,test_horizon.py,py,607,bf4a9e554780c0bdf78a76e4fe1dc68dafa78fe012fc8833e30fc116d60fb047,待核验/verify license
source_snapshots/kaggriculture/whitebox/test_cashflow.py,test_cashflow.py,py,41582,adaa31acc82f63d162ec871d1a8572e37a6d2906bb307db933d70610f9f2c594,待核验/verify license
source_snapshots/kaggriculture/whitebox/strategy.py,strategy.py,py,29422,20d2899a79327ea490c6369b250ba0ab5bb688372cbae2d57d20fcaca1300ea4,待核验/verify license
source_snapshots/kaggriculture/whitebox/tasks.py,tasks.py,py,107688,403f5ab666ad7c5358bd38e92ffb14593c3ad1dd714babda92ba333f66863662,待核验/verify license
source_snapshots/kaggriculture/whitebox/test_terminal.py,test_terminal.py,py,15933,8b8b864b0a26c1d7b8f12ce3630a60352fc117e7abaff62ddf9f730efa1f86ec,待核验/verify license
source_snapshots/kaggriculture/whitebox/capital.py,capital.py,py,343177,1845dee30cceaad274a895c7308c6452b1a14d84634a8de6ea0932459eca7b47,待核验/verify license
source_snapshots/kaggriculture/whitebox/market.py,market.py,py,48292,148b3a0da195380ed89b9040cacbf71135b7f1e9bff337388b4715a35809715d,待核验/verify license
source_snapshots/kaggriculture/whitebox/test_state_projection.py,test_state_projection.py,py,6204,b69357355dfb15409b1bbd1c291374bb0b78f677467d9ad958af132d17631f21,待核验/verify license
source_snapshots/kaggriculture/whitebox/test_capital.py,test_capital.py,py,136794,43f8ab6fe958089081107b95c9920248f6d0a94abf2fee15bae9e9be669fa7cc,待核验/verify license
source_snapshots/kaggriculture/whitebox/horizon.py,horizon.py,py,5940,d0fee63ea02c6b62dbce095c8e8f9d3ddf97a136d77493612e97a4d9d6f66401,待核验/verify license
source_snapshots/kaggriculture/whitebox/test_market.py,test_market.py,py,20947,3a32db60a59027b16d35aaf0ffa7b9e71664271a42f66f99cccda3086293f44c,待核验/verify license
source_snapshots/kaggriculture/whitebox/hiring.py,hiring.py,py,8859,d22b0b58f897baa7cf60998a435fb2340a5a6e2a3a6dd1e553ec6b89904da346,待核验/verify license
source_snapshots/kaggriculture/whitebox/cashflow.py,cashflow.py,py,103880,a63ee15446ed8d05202aba4de7774919d6ce1dac0b557c53e636b602a2118e1d,待核验/verify license
source_snapshots/kaggriculture/whitebox/test_hiring.py,test_hiring.py,py,8991,53067fc28a39ea04b73a581377ea9ff5efdd1dfa69074e7832b8d6d2a7bcf085,待核验/verify license
source_snapshots/kaggriculture/whitebox/state.py,state.py,py,27961,7784432886757285e549f38c62cd414e6739b91523ecb880197abc8125293d94,待核验/verify license
source_snapshots/kaggriculture/whitebox/README.md,README.md,md,49119,87e07d757692a9ca7fcd0bac215ad804c2c439c0810020df0bbf6ea55895c0ee,待核验/verify license
source_snapshots/kaggriculture/whitebox/value.py,value.py,py,44192,e4deec7cdf744db42f277b9a16904d5b41d3b7197e92686fdec8abb6999d150c,待核验/verify license
source_snapshots/kaggriculture/whitebox/stackelberg.py,stackelberg.py,py,79776,52809c35f78ba5141d2c929241600ec25123625a7323844c66bb1bedce9ee04d,待核验/verify license
source_snapshots/kaggriculture/whitebox/__init__.py,__init__.py,py,385,e9e8ac1a2bc5ab12aa965d9705eea8a55476f4859c30dc6385d95f6211c006d7,待核验/verify license
source_snapshots/kaggriculture/whitebox/market_model.py,market_model.py,py,16192,00e5833daa5ca9e2eebabe133f186d989d3f95af4ee7335506a5932c7fe6d818,待核验/verify license
source_snapshots/kaggriculture/whitebox/opponent_model.py,opponent_model.py,py,5277,e3034c37a1586d115d90d49dfb39a0ea4771efb427e8a640063edfbb81b4d3fc,待核验/verify license
source_snapshots/kaggriculture/whitebox/terminal.py,terminal.py,py,59362,9e7cb2416e860dba891786bd51c4bfd77e75793dcb825f1327f3e7e707ff17cb,待核验/verify license
source_snapshots/kaggriculture/whitebox/paths.py,paths.py,py,3618,1b441e6d0ce5b59f5ae14d1d56b09b4191de197abf721e056439eaf3a1956b0c,待核验/verify license
source_snapshots/kaggriculture/whitebox/test_market_model.py,test_market_model.py,py,4629,5971b5114ca598e98bbfa02470ba86cd30029320e6182fc38c389e29d9b71ea7,待核验/verify license
source_snapshots/kaggriculture/whitebox/test_value_bundles.py,test_value_bundles.py,py,13911,da7674ee724ce1215ec0bafc39cd6ce1321faa962c71d0711409de07cc86d070,待核验/verify license
source_snapshots/kaggriculture/whitebox/econ.py,econ.py,py,7801,8da7d4e153f56b44f7cb6ec7d1d90a349eece3524a202e3955169906b67d8325,待核验/verify license
source_snapshots/kaggriculture/whitebox/test_stackelberg.py,test_stackelberg.py,py,66741,42c22f8a92b9185acd62099573ac028d7885199f423b8e05d978f340081c3992,待核验/verify license
source_snapshots/kaggriculture/whitebox/agent.py,agent.py,py,50571,93a00cb204bae2de86cb4c46f353446651c5127eaa2fbee44b2bd589813bd150,待核验/verify license
source_snapshots/kaggriculture/analysis/replay_intel.py,replay_intel.py,py,4278,3d0be55e9d0006a7fbafb1e61240e929322598e926724c70c27da068b253f2f4,待核验/verify license
source_snapshots/kaggriculture/analysis/portfolio_optimizer.py,portfolio_optimizer.py,py,14264,8e9a43d624abbdf25acd5e8d98891a753149f2c9d9519b8e63be1feb511df619,待核验/verify license
source_snapshots/kaggriculture/analysis/ref_schedule.py,ref_schedule.py,py,3286,57fe4a813849bdbc4d01444801761613df03b7b29f31879859d49b2809064254,待核验/verify license
source_snapshots/kaggriculture/analysis/animal_economics.py,animal_economics.py,py,3257,d33696fc58c06742144b30e1648b949029ce7c43ab12ae96f1233e7887e6b364,待核验/verify license
source_snapshots/kaggriculture/analysis/market_capacity.py,market_capacity.py,py,6810,c20a54fbd89cbc36e88fef641c6096bcce62d893403fbca44c71c3f41e66aed7,待核验/verify license
source_snapshots/kaggriculture/evolution/run.py,run.py,py,14123,407ce851b3d109f035ece3673b9447a05872757d4ac7b0fb0064c57c4e17a919,待核验/verify license
source_snapshots/kaggriculture/evolution/ops.py,ops.py,py,11338,21dbcfc5d8626bb24d7f31d1db1b4f97821b709f21a82b1a3f71a14f80296f99,待核验/verify license
source_snapshots/kaggriculture/models/adversary.json,adversary.json,json,35,d8b089ee0be7df3ed1f4b8b7f95157882bc276f7327a70a956b6bdc1b8794e96,待核验/verify license
source_snapshots/kaggriculture/models/counter_params.json,counter_params.json,json,2280,236f65387fa1dc50f37f9655e8b5219336f512f419dcdec5ac29acbdd42cd0f0,待核验/verify license
source_snapshots/kaggriculture/v3_compare/v3_tape.py,v3_tape.py,py,155305,ccc2e24f5bdb911479594c966585cb66b8a85c8e73f970b52840b7c2a511720c,待核验/verify license
source_snapshots/kaggriculture/v3_compare/v3_tree.py,v3_tree.py,py,196410,83532ddb5be5e76f2bc3ae67bd02b87da19c692f608b73753ad60f5d0a1bcbab,待核验/verify license
source_snapshots/kaggriculture/v3_compare/market_tapes.py,market_tapes.py,py,53144,6fc730c4ac0076534cdf524ab5e565297f2bb9c41a625e5f98cee1bc4dfa1d25,待核验/verify license
source_snapshots/kaggriculture/v3_compare/tree_block.py,tree_block.py,py,41105,caa2ba1e8f0fc64fcb062d776b3860550b94386b29607339ee800af2312b9e21,待核验/verify license
source_snapshots/kaggriculture/v3_compare/README.md,README.md,md,14438,8936ec64ae2d675101a6150a41910edb67b22957001d6640f936010a0eb670e9,待核验/verify license
source_snapshots/kaggriculture/v3_compare/flat_block.py,flat_block.py,py,3358,e42ba45aae33e4ffdae39baf0e7a557924715ebedf0e88962ecb2ef098135e4c,待核验/verify license
source_snapshots/kaggriculture/v3_compare/v3_flat.py,v3_flat.py,py,158663,e8af959dd46a94f7bb60f2e6f34df8bdc8fb8529e744672fdf593b57a57afafc,待核验/verify license
source_snapshots/kaggriculture/v3_compare/tree_block_readable.py,tree_block_readable.py,py,3190,766f52870ea6b021f50fba69c071cbb68c36d4ee5d56869f10c8b87f6dba7493,待核验/verify license
source_snapshots/kaggriculture/v3_compare/v3_flat_expanded.py,v3_flat_expanded.py,py,1467202,57edf69142897f977b4902dcb0444ff54b5305f16cba30c031aa07c9454b297f,待核验/verify license
source_snapshots/kaggriculture/opponents/kaggriculture-3000-socre.ipynb,kaggriculture-3000-socre.ipynb,ipynb,99668,f879b58b0d3f4a289d82bac798a5c13fb7a4370baad64e1c47b7c92260ac6d63,待核验/verify license
source_snapshots/kaggriculture/opponents/rank-top10-read-the-market-choose-the-farm.py,rank-top10-read-the-market-choose-the-farm.py,py,61980,d39dba50793d9777c990347443bf0c481c78adaea86055f6f6b0600dcfcd9f2e,待核验/verify license
source_snapshots/kaggriculture/opponents/kaggriculture-structured-economic-policy.py,kaggriculture-structured-economic-policy.py,py,121573,66ffa48155ba014ec81a64bd8256c360e16e98c4045883bc6da59bd074464c7b,待核验/verify license
source_snapshots/kaggriculture/opponents/kaggriculture-rank-your-agent.ipynb,kaggriculture-rank-your-agent.ipynb,ipynb,356543,290674e450162e1cfbfb3925d739d49bbf7398818f7fc53528c59b661eb9725f,待核验/verify license
source_snapshots/kaggriculture/opponents/kaggriculture-pure-architecture-2600-elo-v3.py,kaggriculture-pure-architecture-2600-elo-v3.py,py,22204,580931ce9a59d0fb7e6c61503ef61811c1b9ec49350b0259cad867c2326ad6c4,待核验/verify license
source_snapshots/kaggriculture/opponents/kaggriculture-ultimate-mega-ensemble-3000.py,kaggriculture-ultimate-mega-ensemble-3000.py,py,1238,bc2213715fe37d37b8698dbd6a7b0bab3a081242b8ad6ff56c7bec48447ef32e,待核验/verify license
source_snapshots/kaggriculture/opponents/ref-pipeline-highscore.py,ref-pipeline-highscore.py,py,133270,ed8c8420514acb5a96c0d44cfd42a8786e49c7cdc01a0de61d2e6b8997dda87a,待核验/verify license
source_snapshots/kaggriculture/opponents/v20-adaptive-r1-multi-route-agent.py,v20-adaptive-r1-multi-route-agent.py,py,148200,8ac34abce129cf5c9456776c90edf7d2233b3a280bbdcf7622628825ef3669a0,待核验/verify license
source_snapshots/kaggriculture/opponents/hamed_seyed_allaei.json,hamed_seyed_allaei.json,json,85982,b07a9958851adcb754632705c9d74827203064e528de00786dce13cc36c68e73,待核验/verify license
source_snapshots/kaggriculture/opponents/v111-8c4s-economic-core-premium-lead.ipynb,v111-8c4s-economic-core-premium-lead.ipynb,ipynb,375741,b2022324d441ef2c2dc7a7b8acd6b4790601e1b226def1996408c8d8fe4c7dc0,待核验/verify license
source_snapshots/kaggriculture/opponents/extract_agents.py,extract_agents.py,py,4564,fb7f60a73165deae26d4c28d7ca1c6a73dcabc44923c5dc1a132a36497511e30,待核验/verify license
source_snapshots/kaggriculture/opponents/nikhil_srivastava.json,nikhil_srivastava.json,json,79769,bf32d43f4ca73dd82146e1cb00880eab5c85a6da90abd6318e2d22fc4ce35eba,待核验/verify license
source_snapshots/kaggriculture/opponents/kaggriculture-frontier-the-soil-remembers-rain.py,kaggriculture-frontier-the-soil-remembers-rain.py,py,29465,34193f0ca7fdc77db52cfdadf61596d42cbc2ffd3d8b7903819b0ad78a064a2a,待核验/verify license
source_snapshots/kaggriculture/opponents/kaggriculture-x544-nah-i-d-win.ipynb,kaggriculture-x544-nah-i-d-win.ipynb,ipynb,712994,8648d830e57b7c5e8d08dac63349026a901db33e500da1667cd3df239b950c8a,待核验/verify license
source_snapshots/kaggriculture/opponents/kaggriculture-precomputed-schedule-policy.ipynb,kaggriculture-precomputed-schedule-policy.ipynb,ipynb,1814061,ecd317492cc22cd27cf0b208b09307d81b2583141735ef3c44e76665669d20b3,待核验/verify license
source_snapshots/kaggriculture/opponents/adaptive-farming-strategy-for-kaggriculture.py,adaptive-farming-strategy-for-kaggriculture.py,py,195484,efcd902a34fba9cb20dcd66ade56cb75dbf4d9c4f1a336be2b781db7a77fbd10,待核验/verify license
source_snapshots/kaggriculture/opponents/kaggriculture-breaking-the-tie-2883-score.py,kaggriculture-breaking-the-tie-2883-score.py,py,26585,df4e899ad535754cf2ddbd3c16e48085916b0cd2baa5182a1a2cfc6a856abae5,待核验/verify license
source_snapshots/kaggriculture/opponents/strong-barnyard-economist.py,strong-barnyard-economist.py,py,27244,997e6bfc5234534e246e945bc61c87858ebf997ab85b0a5c9427dd4ed710f1b6,待核验/verify license
source_snapshots/kaggriculture/opponents/kaggriculture-multi-route-farming-agent.ipynb,kaggriculture-multi-route-farming-agent.ipynb,ipynb,135370,1e69c1c7b47330031f72f9a853053257c7dc69a5a129fe17d7f78169ff34ded5,待核验/verify license
source_snapshots/kaggriculture/opponents/my-2026-08-04-high-score-pipeline.ipynb,my-2026-08-04-high-score-pipeline.ipynb,ipynb,160954,0e8459e8f767da43353a8f77aad3849d62d9872796dd406f03efa978f9b479c2,待核验/verify license
source_snapshots/kaggriculture/opponents/alfandi_hassan.json,alfandi_hassan.json,json,113013,5b1de19bc3e7b8cb70bba0a75c72539ff5d3b2a1835a02db3424f5f6e28ad744,待核验/verify license
source_snapshots/kaggriculture/opponents/kaggriculture-findings-from-zero-to-top-meta.py,kaggriculture-findings-from-zero-to-top-meta.py,py,187260,7ab8e44b203a4c074cbeb625b5b116d07bc1cf36e25839d79f0c96d8005f3dd8,待核验/verify license
source_snapshots/kaggriculture/opponents/v111-8c4s-economic-core-premium-lead.py,v111-8c4s-economic-core-premium-lead.py,py,18946,f029fa0cb66a9eb509afbe44e3f59b800332d0419db91607183410e4089c4d19,待核验/verify license
source_snapshots/kaggriculture/opponents/kaggriculture-ttv1.ipynb,kaggriculture-ttv1.ipynb,ipynb,95961,f96b05d0fd35e2327aa5ad6d15a29ef20eb73e840f765235a5c5361ea340817c,待核验/verify license
source_snapshots/kaggriculture/opponents/kaggriculture-3000-socre.py,kaggriculture-3000-socre.py,py,61980,d39dba50793d9777c990347443bf0c481c78adaea86055f6f6b0600dcfcd9f2e,待核验/verify license
source_snapshots/kaggriculture/opponents/kaggriculture-ttv1.py,kaggriculture-ttv1.py,py,61980,d39dba50793d9777c990347443bf0c481c78adaea86055f6f6b0600dcfcd9f2e,待核验/verify license
source_snapshots/kaggriculture/opponents/15-16-strict-future-v25-meta-reset.py,15-16-strict-future-v25-meta-reset.py,py,21330,9bdfbafb6755067182d88ce594fd46fb1d712713ffd6931e83d5d50e84bc6fb2,待核验/verify license
source_snapshots/kaggriculture/opponents/kaggriculture-multi-route-farming-agent.py,kaggriculture-multi-route-farming-agent.py,py,148200,8ac34abce129cf5c9456776c90edf7d2233b3a280bbdcf7622628825ef3669a0,待核验/verify license
source_snapshots/kaggriculture/opponents/kaggriculture-precomputed-schedule-policy.py,kaggriculture-precomputed-schedule-policy.py,py,213021,15f550d03b8d9ffcf9915a2dc0e4b0ee2894f8d4d59ab84ea49c6ffa7974e402,待核验/verify license
source_snapshots/kaggriculture/opponents/kaggriculture-rank-your-agent.py,kaggriculture-rank-your-agent.py,py,21723,742cea3a9a053403bf8e351b400a60a1d30bd9fd05c88d04ef24635416091d79,待核验/verify license
source_snapshots/kaggriculture/opponents/htdc-v12.py,htdc-v12.py,py,73761,24112b649e9b8ba73e1fd4bb347ca7267ace91d5192aaa7575b9ac7d6f795495,待核验/verify license
source_snapshots/kaggriculture/route/geom.py,geom.py,py,1680,e212e08334d040eebbb3a69407f9dffaf7c0c59a775ae41dd9d10a56d1b357bd,待核验/verify license
source_snapshots/kaggriculture/route/hybrid_search.py,hybrid_search.py,py,6814,ed01ddbda2d43803cae3aeceafd158598b8e55c2355632cf64de2068cd93472c,待核验/verify license
source_snapshots/kaggriculture/route/tournament.py,tournament.py,py,5401,1a168a48f519230bdc671411e123e87acfbcd44c731c298f068bf753a8b1fa99,待核验/verify license
source_snapshots/kaggriculture/route/bake.py,bake.py,py,6498,16983b21b8d90ed4e3ef3bf736142ba93bb95b2b39b8778fa796551858a27117,待核验/verify license
source_snapshots/kaggriculture/route/opponent.py,opponent.py,py,9955,7c6ddfa93ba9bcb14c3ab8efb8dd9c486b87867573dd5546e1aefb94457c4f31,待核验/verify license
source_snapshots/kaggriculture/route/hybrid.py,hybrid.py,py,6221,9a5da995c57e85de03546e75531664c3a4628706610d5498953e70e73315a492,待核验/verify license
source_snapshots/kaggriculture/route/overlay.py,overlay.py,py,6869,e0494c63ecc68bff46e3d79eb90a572a3bc4f656bf90c8a3a8b8304b45efa6b4,待核验/verify license
source_snapshots/kaggriculture/route/search.py,search.py,py,15672,5193441552d9281c7ccde8463e32b32d44a9ca73953334f750e0f0db1d1970f2,待核验/verify license
source_snapshots/kaggriculture/route/match.py,match.py,py,2300,24e9305b43def09cbb54357f960408d63733652b51fca9583265061558b6d977,待核验/verify license
source_snapshots/kaggriculture/route/__init__.py,__init__.py,py,0,e3b0c44298fc1c149afbf4c8996fb92427ae41e4649b934ca495991b7852b855,待核验/verify license
source_snapshots/kaggriculture/route/evaluate.py,evaluate.py,py,2649,19c65aa3fb725318e4a31025cc6cea1eec784cff0ca0ba40536ff8b007a98db6,待核验/verify license
source_snapshots/kaggriculture/route/router.py,router.py,py,51290,e4e9e3b0e211c5476bed8345b003a319d6803a53eead597e3c1ea5b147de4ecb,待核验/verify license
source_snapshots/kaggriculture/route/batch.py,batch.py,py,2715,9d4b7ac50406058970b501676e034f0e1e12bfc6e522c692b7a9c0f20401e859,待核验/verify license
source_snapshots/kaggriculture/route/agent.py,agent.py,py,35963,fd614287ba23350adccf07def6993ad299b38b07f02a8bd7ccbc03223d3e7c3e,待核验/verify license
source_snapshots/kaggriculture/scores/round3.csv,round3.csv,csv,275,22551dfa13c776be219ac59f7c47eed44275f8c0ccbff58810bf51f1035d43e5,待核验/verify license
source_snapshots/kaggriculture/scores/round2.csv,round2.csv,csv,274,88baccac1d93738167688347db2eb3ea308398c27085a1e3ce8399e6047b580a,待核验/verify license
source_snapshots/kaggriculture/scores/round4.csv,round4.csv,csv,275,0cfd01868c6b5fbc68110e1e6196f2aa63e04baace1aa8fd82caa9d9805dd415,待核验/verify license
source_snapshots/kaggriculture/scores/round9.csv,round9.csv,csv,276,8c9236bae29c84ffcfac090809f90e7763335968129153d96f2a63c277487605,待核验/verify license
source_snapshots/kaggriculture/scores/round8.csv,round8.csv,csv,278,bd1d5ca51e00f9dcd900b7536324b1b8f2996050508bdb2cd22e0c3041cf0807,待核验/verify license
source_snapshots/kaggriculture/scores/round5.csv,round5.csv,csv,277,a3637fe7e14dbe8a4ee5dbcd89ff8e8f9fac336e19979a6a147f815d3394a213,待核验/verify license
source_snapshots/kaggriculture/scores/round6.csv,round6.csv,csv,275,0dc2c953d92415ea391877981163747c8cc60712df89ff55a2fa2891c650dcb4,待核验/verify license
source_snapshots/kaggriculture/scores/round7.csv,round7.csv,csv,276,765b6c90f823819f0c873ea5a9b6d9e81a2290a2be9f1f7d11622ec99b0aaf36,待核验/verify license
source_snapshots/kaggriculture/scores/round10.csv,round10.csv,csv,276,ebdcc80cbc48820b63b1bb2c77fabb1d8739518804decfcb9da735a5479cc7d0,待核验/verify license
source_snapshots/kaggriculture/scores/round1.csv,round1.csv,csv,274,03bbc1bdc77256d2200a97afad5a934db2845cb28fa73938282cec723f622bf7,待核验/verify license
source_snapshots/kaggriculture/agent/main.py,main.py,py,41151,933ba7a49ed0de3bebc9131aa36373b2a85ea8ceab1c5c73baa809ba5e257d15,待核验/verify license
source_snapshots/kaggriculture/kaggriculture_agent/main.py,main.py,py,148452,cfabf0431449145124dca4f2a7487f91a5aaed1f37b8af8c04130ddb72a9ad88,待核验/verify license
source_snapshots/kaggriculture/submission/whitebox_v292_public_weed_priority3.py,whitebox_v292_public_weed_priority3.py,py,63212,c8d7d1283f4794b5dfe9298735c67ebefa592f6268e3895f377e98cc9963ef68,待核验/verify license
source_snapshots/kaggriculture/submission/whitebox_v203.py,whitebox_v203.py,py,958945,282567f13b5f6c3481071f038e606b2b9682524198ee8b4f926c4b34e28865ae,待核验/verify license
source_snapshots/kaggriculture/submission/whitebox_v218_certified_shed_cluster.py,whitebox_v218_certified_shed_cluster.py,py,1022594,445a234d2029565d46707928097391a951bdde5781a624b7fd2bf941e6640009,待核验/verify license
source_snapshots/kaggriculture/submission/whitebox_v204.py,whitebox_v204.py,py,1023215,abaf9e076003d57d0a86c497a7f75cd143174d0cf92b7f95a0f6da4bb57b86cd,待核验/verify license
source_snapshots/kaggriculture/submission/main.py,main.py,py,162800,1674c83ce8bb800df9ade778e66f276a921866a551b33d4e5789fb85a5e0fb10,待核验/verify license
source_snapshots/kaggriculture/submission/whitebox_v239_public_scenario_c06.py,whitebox_v239_public_scenario_c06.py,py,61796,5df46467fd85f74196910b9c68e88038227cdc29fa4b8592a54f935ae3ac23d0,待核验/verify license
source_snapshots/kaggriculture/submission/whitebox_v250_public_scenario_sale60.py,whitebox_v250_public_scenario_sale60.py,py,62499,0004b101376864c866bb91f71bb92c8765139118419433842a2af21c90868396,待核验/verify license
source_snapshots/kaggriculture/submission/whitebox_v202.py,whitebox_v202.py,py,955855,6a22323649a03ae1794bd6d574596b452c80c5dc1f986cf06b900d2318d679fc,待核验/verify license
source_snapshots/kaggriculture/submission_extract/main.py,main.py,py,148452,cfabf0431449145124dca4f2a7487f91a5aaed1f37b8af8c04130ddb72a9ad88,待核验/verify license
source_snapshots/kaggriculture/kaggle_working/main.py,main.py,py,428605,12166a9ef30310c1be136cf47f218f379b81122386c05115b7886a00ac88d7be,待核验/verify license
source_snapshots/kaggriculture/incoming/终局卖出策略.md,终局卖出策略.md,md,12719,2fe0ed4246d18bc442f573a56344c6743affa183533eab0bee8b2fb993a52f72,待核验/verify license
source_snapshots/kaggriculture/incoming/kaggriculture-precomputed-schedule-policy.ipynb,kaggriculture-precomputed-schedule-policy.ipynb,ipynb,1814061,ecd317492cc22cd27cf0b208b09307d81b2583141735ef3c44e76665669d20b3,待核验/verify license
source_snapshots/kaggriculture/incoming/README.md,README.md,md,798,fa4933ed2e8b75c006128a57647ac9afdacb71a23c3e07aa42777c53413a24ab,待核验/verify license
source_snapshots/kaggriculture/incoming/submission8.18.v3 (1).py,submission8.18.v3 (1).py,py,156495,7277c23ee8780441f10272431202b46725969208bf3a744b6cbe40972451cdab,待核验/verify license
source_snapshots/kaggriculture/incoming/终局雇佣和移动规划.txt,终局雇佣和移动规划.txt,txt,0,e3b0c44298fc1c149afbf4c8996fb92427ae41e4649b934ca495991b7852b855,待核验/verify license
source_snapshots/kaggriculture/incoming/kaggriculture-conomic-cut.md,kaggriculture-conomic-cut.md,md,4441,f50258453555bbc0a467d927caf5c93ff27e816769e2f05425f2b20b2f512599,待核验/verify license
source_snapshots/kaggriculture/incoming/8.21kaggriculture.py,8.21kaggriculture.py,py,1477118,1bd8c84494767dae8e69c181fa949c9b18e0c0baa51fa155a86174f7a7fe52ad,待核验/verify license
source_snapshots/kaggriculture/pbt/extract_tape.py,extract_tape.py,py,3769,acb0f83c892d0dfc4948d1c085efc1a46922be974a2316002612c53b41db7038,待核验/verify license
source_snapshots/kaggriculture/pbt/features.py,features.py,py,3349,d713e61c3d08db5b7500eab1451b0cf2332992a5181d67c69c2a3ecefe3a7121,待核验/verify license
source_snapshots/kaggriculture/pbt/state_run1_randomwalk.json,state_run1_randomwalk.json,json,8146,422ec172b5605daf91ac3f7ac83054ca0438859f5827d495c9efb00657303057,待核验/verify license
source_snapshots/kaggriculture/pbt/cluster.py,cluster.py,py,2828,67897343c161aba262a3e57a4afebcafb725436f0ed6a820d50a570c60779b1b,待核验/verify license
source_snapshots/kaggriculture/pbt/noop_probe.py,noop_probe.py,py,2956,572881cdde3e0100c9851f4c84d68532df8ceb6e2e1014862267afbdc1c1d60e,待核验/verify license
source_snapshots/kaggriculture/pbt/expand.py,expand.py,py,7660,237a63199c06155e8fc4bdb8e22e91c094cf59dc41ee3f487544a362161d81e5,待核验/verify license
source_snapshots/kaggriculture/pbt/build_pool.py,build_pool.py,py,8328,49480095ecc66a7ca24e4eafb5d366c2155518d6de0c3ea770582e1648e44538,待核验/verify license
source_snapshots/kaggriculture/pbt/agreement.py,agreement.py,py,2152,92b614f0970120ef0732457e91559b01f457b0066c8f37cb9f139c0e3d08f79d,待核验/verify license
source_snapshots/kaggriculture/pbt/counter.py,counter.py,py,5329,2ce050eb4c558b3d523ae8c12dd66c4fecc5531b6645911ad167a3c3035d6529,待核验/verify license
source_snapshots/kaggriculture/pbt/recover.py,recover.py,py,4142,8129105d13fc573fc696cca6074da28b7a4f1e0d0d053e8314980e6e68de9cba,待核验/verify license
source_snapshots/kaggriculture/pbt/adaptive.py,adaptive.py,py,3727,b69ad5b90db2e7c0eb70c693972379e05d4b4cfdddb1b7eff39bc9fdebcd2dee,待核验/verify license
source_snapshots/kaggriculture/pbt/flatroute.py,flatroute.py,py,7894,9e88ebfbbdb194e475225ca9e0d59f7a1843cb13ba610048cb87907c4a8e2d55,待核验/verify license
source_snapshots/kaggriculture/pbt/train.py,train.py,py,7765,7395dcb944765dcf36088677403288966e4534ec9c2232e4513ffd2548e9da98,待核验/verify license
source_snapshots/kaggriculture/pbt/treeify.py,treeify.py,py,3805,87aa1a74c08fe64ee1084495b078309143c6691514882da6fa3f60c722e5de9e,待核验/verify license
source_snapshots/kaggriculture/pbt/ladder_cache.json,ladder_cache.json,json,615933,fc404270edc538f4aa55b57099b6ec489940d260793d3917dd66f34d65650b7e,待核验/verify license
source_snapshots/kaggriculture/pbt/tapesel.py,tapesel.py,py,2066,9c97fc4a2430c643380a399c6c52bf68eb0025955c0f0f07c28156baee9e396d,待核验/verify license
source_snapshots/kaggriculture/pbt/__init__.py,__init__.py,py,0,e3b0c44298fc1c149afbf4c8996fb92427ae41e4649b934ca495991b7852b855,待核验/verify license
source_snapshots/kaggriculture/pbt/intervene.py,intervene.py,py,22779,3e6c9d55e3ac5990fcaf5507b1da2b2e1c433f6f9eaa3e9c059b78fcddcf43b4,待核验/verify license
source_snapshots/kaggriculture/pbt/treeroute.py,treeroute.py,py,8700,88116cf823765f8d6fcaa9769356f544ad3488c846a3934b4bc14f88fe2a33bf,待核验/verify license
source_snapshots/kaggriculture/pbt/pool.py,pool.py,py,2119,db7ff2cb54180312a7963384377396282dee9293ecb635803674b18889936724,待核验/verify license
source_snapshots/kaggriculture/pbt/flatify.py,flatify.py,py,3087,6627466bc60ef508b77e17be7a75e86c149287d2722b3f55c3e26b6625d7b571,待核验/verify license
source_snapshots/kaggriculture/pbt/adversary.py,adversary.py,py,2704,44992e57c62d96d87dc3b5ce6ef6156d428787ea8d0a79dfb855f242cf6fc0cc,待核验/verify license
source_snapshots/kaggriculture/pbt/variants.py,variants.py,py,3426,cd56c5d6ad0c15934597b59a6125d819e494cc5208c0b0335b79ff891c0d55f7,待核验/verify license
source_snapshots/kaggriculture/pbt/tape_edit.py,tape_edit.py,py,1280,33d8ab88afbcbd6d1bc2bb0670d8f3f5ae7700d8ae68bf6ed5837370f427007c,待核验/verify license
source_snapshots/kaggriculture/pool/README.md,README.md,md,1524,75f898e76f82c34cfb3989606e558368fca16e183b2f5dab0bc704f6322269ef,待核验/verify license
source_snapshots/kaggriculture/docs/WHITEBOX_V239_PUBLIC_SCENARIO.md,WHITEBOX_V239_PUBLIC_SCENARIO.md,md,1771,f35a0ae6c33326d6e12497f45ddded4af5711b32573f52c764d84f6b8b2f20e5,待核验/verify license
source_snapshots/kaggriculture/docs/V210_OPENING_ANIMAL_RETENTION_EXPERIMENT_2026-09-08.md,V210_OPENING_ANIMAL_RETENTION_EXPERIMENT_2026-09-08.md,md,834,760d83472b205ca48c4aa4723c48e7e196f5091cd8adca735fa94472c7d94ddd,待核验/verify license
source_snapshots/kaggriculture/docs/REFERENCE_GAP_ANALYSIS_2026-09-07.md,REFERENCE_GAP_ANALYSIS_2026-09-07.md,md,2050,f4ca3048c24ac8a81f7932687e6c19f24058991fc6351f5c3241902882b0d9b8,待核验/verify license
source_snapshots/kaggriculture/docs/V214_V215_CAPACITY_RESERVE_EXPERIMENT_2026-09-13.md,V214_V215_CAPACITY_RESERVE_EXPERIMENT_2026-09-13.md,md,3704,b473c640ddea9e50fb2797ccf58811fa6cd72186096e16d2b45bb4b401bb5ad5,待核验/verify license
source_snapshots/kaggriculture/docs/HANDOFF_HISTORY_2026-09-02.md,HANDOFF_HISTORY_2026-09-02.md,md,551061,bd60c4cddcc7d1f2b04eac9677ab26ef9ca402dca507372db56455fa3a1a1961,待核验/verify license
source_snapshots/kaggriculture/docs/WHITEBOX_V292_PUBLIC_WEED.md,WHITEBOX_V292_PUBLIC_WEED.md,md,1436,7319779ece882e64ce5cb532000e4200e41bb2dda78947d4695a6e47f9867aec,待核验/verify license
source_snapshots/kaggriculture/docs/KAGGLE_PUBLIC_AUDIT_2026-09-12.md,KAGGLE_PUBLIC_AUDIT_2026-09-12.md,md,16139,5f0225a554f9886261a8b27ea38d4dad183d12613a05bdcf7244964f4f1f5a93,待核验/verify license
source_snapshots/kaggriculture/docs/V207_LAND_FRONTIER_EXPERIMENT_2026-09-08.md,V207_LAND_FRONTIER_EXPERIMENT_2026-09-08.md,md,2141,00b0e28564e6c1b00b94e5c3393909ede7afd4af592834a6a5eb681cb208f461,待核验/verify license
source_snapshots/kaggriculture/docs/V209_OPENING_ASSET_CLASS_EXPERIMENT_2026-09-08.md,V209_OPENING_ASSET_CLASS_EXPERIMENT_2026-09-08.md,md,908,b81ca228890dce8daf3d0bfabfeb4ce461995efe203c0719853f2dddac2dccb2,待核验/verify license
source_snapshots/kaggriculture/docs/WHITEBOX_CLEANUP_2026-09-07.md,WHITEBOX_CLEANUP_2026-09-07.md,md,2670,c9bead6eaef09cc1e340ade309d13000935a7eb4dcada63fec046d71ef1ea794,待核验/verify license
source_snapshots/kaggriculture/docs/SESSION_2026-08-19.md,SESSION_2026-08-19.md,md,6223,97cf99be761276f8838637dacd4f25abb9ae3d30bc48abbe8275a8ea898fbf42,待核验/verify license
source_snapshots/kaggriculture/docs/V208_SINGLE_QUADRANT_ASSET_CLASS_EXPERIMENT_2026-09-08.md,V208_SINGLE_QUADRANT_ASSET_CLASS_EXPERIMENT_2026-09-08.md,md,1411,8902aa6f09c5f6486bee9ecbbc62482c0070edd7de126f9a012e07b6150c84ee,待核验/verify license
source_snapshots/kaggriculture/sim/debug_animals.py,debug_animals.py,py,1346,20bb2fdfd0fd0f4c805da22eb3bccd9ae41290ac0c80142ccea9e579221d4bb4,待核验/verify license
source_snapshots/kaggriculture/sim/diag_animal.py,diag_animal.py,py,2275,0cea7f2a6c95d9d4d192ef1e37015624fc88b4ab23c992c1546eb8078842e483,待核验/verify license
source_snapshots/kaggriculture/sim/debug_unit.py,debug_unit.py,py,2750,280b7c454b191ff9e4795b46c2a0d8c4f83cb54226971a5d4faf219e4dff21d7,待核验/verify license
source_snapshots/kaggriculture/sim/debug_trace.py,debug_trace.py,py,2016,19f27788912a6feec6f3b4958ca62f35e1a2755ed87e95075ed5304276b19b3d,待核验/verify license
source_snapshots/kaggriculture/sim/diag_sales.py,diag_sales.py,py,2414,5970110a7b58e13ae8f16e428207838f8c55c5e7a6f74d6fa4e5e7fc3cf02ee7,待核验/verify license
source_snapshots/kaggriculture/sim/debug_inv.py,debug_inv.py,py,1180,3085abdcbecd273cb4ddd6ddf48dca03dfb2c18de0790b08728fe63108f60e31,待核验/verify license
source_snapshots/kaggriculture/sim/diagnose.py,diagnose.py,py,1686,83bbc6577d6ac1eadc37d316cd5e13695913a5fbf02452e854780cff1795adb4,待核验/verify license
source_snapshots/kaggriculture/sim/diag_efficiency.py,diag_efficiency.py,py,2748,1511dfad0860daf50cbc33c21c3e69b3d3d34d40e36589525cf8569b02902575,待核验/verify license
source_snapshots/kaggriculture/sim/diag_actions.py,diag_actions.py,py,1881,105d4eba2012bb0d49f28aa9ce81b51b7fc6a6a5d14dfb77258afbaa131794bc,待核验/verify license
source_snapshots/kaggriculture/planner/terminal_sweep.py,terminal_sweep.py,py,4520,3ba83e49a310e8db8bc269a112a78b77d144759a6cce6ad8cd51b3da8fc92f8a,待核验/verify license
source_snapshots/kaggriculture/planner/daygate_sweep.py,daygate_sweep.py,py,5811,58953431b68201ae0362eb3c818aec7924bb5e35ab56d141720f96b7d492412a,待核验/verify license
source_snapshots/kaggriculture/planner/pred_sweep.py,pred_sweep.py,py,4668,e243465e45432897223b1d4dae7bedb7b6d4912dd1d6f4bd789eef59b1927acf,待核验/verify license
source_snapshots/kaggriculture/planner/adapt_sweep.py,adapt_sweep.py,py,6038,4f13ac879b77a61c01d06a26226e8791f0f7d02b65a0d45d96b89a1887b60501,待核验/verify license
source_snapshots/kaggriculture/planner/bc_play.py,bc_play.py,py,20792,609a5a4fb0faabe19767a4dd76d64fe56e794c89c14c5fa9ffb814e16b6eb79e,待核验/verify license
source_snapshots/kaggriculture/planner/analyze_top.py,analyze_top.py,py,8499,5f7b63aedec055dc450dceb0e5dbbd9e735d3495659bbf409353ab657f0d7d85,待核验/verify license
source_snapshots/kaggriculture/planner/bc_data.py,bc_data.py,py,9185,73be341223b1abc737c89e4e51880145c8baa35f2842d213db0327b31493bb60,待核验/verify license
source_snapshots/kaggriculture/planner/tape_sweep.py,tape_sweep.py,py,8018,4e2731dcc29621b417a3d5bd34488bbc0ccbe6e45e80a7e14f63121933c7932f,待核验/verify license
source_snapshots/kaggriculture/planner/role_gradient.py,role_gradient.py,py,6524,7af2e66dc80d9b618a54c00fdb6a95567e8aa18edac9ef21539095e8fde64a1a,待核验/verify license
source_snapshots/kaggriculture/planner/v2_sweep.py,v2_sweep.py,py,5578,81b9376eae57eb89388d07b21f76894e6cc55a7652fe98dbcb602cc6bf05987c,待核验/verify license
source_snapshots/kaggriculture/planner/day_pipeline.py,day_pipeline.py,py,10598,80db5a462055902f02adf048dc9498058502e044fe860cbe9872a3f5682794bd,待核验/verify license
source_snapshots/kaggriculture/planner/ladder_sweep.py,ladder_sweep.py,py,7610,f8d17d408b313604e8eff149493ca222f8b705bdd309222faff2695002bc4bbd,待核验/verify license
source_snapshots/kaggriculture/planner/winrate_check.py,winrate_check.py,py,4971,2259773960f1d4c77be620303350f8ca725e24f325d8342f2d1282d575c8a976,待核验/verify license
source_snapshots/kaggriculture/planner/replay_counterfactual.py,replay_counterfactual.py,py,8215,7a2801920b1920a1eee9d4e2e905e7039113d2910778e80795e69da84579d7b7,待核验/verify license
source_snapshots/kaggriculture/planner/scale_sweep.py,scale_sweep.py,py,5568,ea11f3cbadd3fa75ca1ca9d277b916101da8ce159a0e24897a3dc063ba615847,待核验/verify license
source_snapshots/kaggriculture/planner/fetch_top_replays.py,fetch_top_replays.py,py,3699,d05ab1654856b3849c7376e737530a9c60ac7f980691685fb8afe9710c5e2e10,待核验/verify license
source_snapshots/kaggriculture/planner/winrate_ladder.py,winrate_ladder.py,py,4061,34f90bf9e5809fa64782ccfe75c666be3b7795f62e06d10da67a97d9e3a4d16c,待核验/verify license
source_snapshots/kaggriculture/planner/genome_search.py,genome_search.py,py,10694,7aeca39ba4b7a100222746539678ed023b78fdfb444c252f4b5c74b7b3415c8d,待核验/verify license
source_snapshots/kaggriculture/planner/schedule_diff.py,schedule_diff.py,py,6159,1832aff99953a2282e7e1f824bbb4b6df6e215ba88ed59d1c6c1bef1f42d94b2,待核验/verify license
source_snapshots/kaggriculture/planner/watch_submission.py,watch_submission.py,py,2895,e1d12657767f7da9bf15da99f9e969d204594f01f9a49a5c79eb60cd086a8807,待核验/verify license
source_snapshots/kaggriculture/planner/frontrun_audit.py,frontrun_audit.py,py,6516,d3980e699dc568972c7f7b2b04c6019da131ce5d4bd8bb6ac177c1e3913c608f,待核验/verify license
source_snapshots/kaggriculture/planner/decompile.py,decompile.py,py,12210,75a96e365434de9a88e3644236871aa05baf139be583c6302b5c28c5ce071fd2,待核验/verify license
source_snapshots/kaggriculture/planner/__init__.py,__init__.py,py,0,e3b0c44298fc1c149afbf4c8996fb92427ae41e4649b934ca495991b7852b855,待核验/verify license
source_snapshots/kaggriculture/planner/bc_train.py,bc_train.py,py,5755,adc01379088cf02e515e9d64e416df89e877906a06dd2df121e2c24cf35221da,待核验/verify license
source_snapshots/kaggriculture/planner/intervene_sweep.py,intervene_sweep.py,py,15634,ceff1f99ff1d5562c394ea234067af19233bda1c9a68809cb95fc9784ed4120d,待核验/verify license
source_snapshots/kaggriculture/planner/route_v2.py,route_v2.py,py,37342,e7309ebb24b65e9bcbbbd87c10addc0b78e2167df4e9cccb1ffebeb5d1d5a8a1,待核验/verify license
source_snapshots/kaggriculture/planner/ladder_daygate.py,ladder_daygate.py,py,4903,0198085ac14cbba414aaa15616601bec629b2699cefaff87378187c7c265c56b,待核验/verify license
source_snapshots/kaggriculture/planner/autopilot.py,autopilot.py,py,11799,20e1ec9e10978c3090a456ac0df5a7c46e4a3177557de25a64611d4de718bed0,待核验/verify license
source_snapshots/kaggriculture/planner/spec_extract.py,spec_extract.py,py,6247,6a0faac6fce25c10d55ac018c43fd7dea4d765fa2e3f5d57384e69aa41eb200c,待核验/verify license
source_snapshots/kaggriculture/planner/portfolio_search.py,portfolio_search.py,py,8529,ea782344ae2424bf99c5bf7f24ea97caea9b6c110112e9839e2183e6af0aecda,待核验/verify license
source_snapshots/kaggriculture/planner/simulate.py,simulate.py,py,37231,db8d0fa3127aa28a96f8b4e7c31f73ce281a6f3c09be2ac79d6f569139d5b171,待核验/verify license
source_snapshots/kaggriculture/planner/tape_map_test.py,tape_map_test.py,py,7816,8cce63b846985df69f2d8ef8d7437d23389fdbcca3ca1ec703c9691661a7f657,待核验/verify license
source_snapshots/kaggriculture/planner/depth_items.py,depth_items.py,py,6117,d19b81acbea52c856dbc59acb66dbe924e5f832a4b9759acf919bd6d81e59194,待核验/verify license
source_snapshots/kaggriculture/dynamic/rl/handicap.py,handicap.py,py,5361,f250b212a4e6c892230001581b11a780b96123d93a0001d1816ee5bfcb2ba920,待核验/verify license
source_snapshots/kaggriculture/dynamic/rl/encode.py,encode.py,py,13194,7c6203bd3bf23b58f90914048ed2e4062a7c2fc5fb13fd6d1402f2594ad0869e,待核验/verify license
source_snapshots/kaggriculture/dynamic/rl/eval_distilled.py,eval_distilled.py,py,6408,dbb6dab079a0ac29088c59f9323881a3a264f998312bb187dddc9ca59e6cacc4,待核验/verify license
source_snapshots/kaggriculture/dynamic/rl/linear_policy.py,linear_policy.py,py,13510,f5a03e9344f0f8e1ff0e8629046b54e5a81645e8c9ce2087efd13ca348fb21f2,待核验/verify license
source_snapshots/kaggriculture/dynamic/rl/run_unattended.sh,run_unattended.sh,sh,2579,a425ff98aa940f46ad284b7a9c340dcc241f850fa12f2c22ffa7ea8ae92d43d0,待核验/verify license
source_snapshots/kaggriculture/dynamic/rl/train.py,train.py,py,29409,c7acbb79fa61b33b5917cc5a3a4eda86267f4d3897051312008bd1f699a500b7,待核验/verify license
source_snapshots/kaggriculture/dynamic/rl/grade_pool.py,grade_pool.py,py,6311,0388af815c8f6c0019c9f6c15fa3db89f8e20ac1646928e68d4f1520f3dfa866,待核验/verify license
source_snapshots/kaggriculture/dynamic/rl/agent_rl.py,agent_rl.py,py,94834,271b3f0d8cf7703f4eeccf13e0caf0ef49853fc176b99c7fef8c24a9d298f33b,待核验/verify license
source_snapshots/kaggriculture/dynamic/rl/net.py,net.py,py,14111,d4e0adaaeab634d7fa7cd3c3fc0080c1e5f846a362ad142cdc6251317c148134,待核验/verify license
source_snapshots/kaggriculture/dynamic/rl/policy_api.py,policy_api.py,py,5190,ca52a3b480e1e92af627f7ce6c290f5a14b221513712f9c8d3cf70d5820a4b0b,待核验/verify license
source_snapshots/kaggriculture/dynamic/rl/__init__.py,__init__.py,py,0,e3b0c44298fc1c149afbf4c8996fb92427ae41e4649b934ca495991b7852b855,待核验/verify license
source_snapshots/kaggriculture/dynamic/rl/status.py,status.py,py,3884,ef8f018b9de9249e0bbf9d9d3b8eb12c140611723a6e4630dc7cd1572024605e,待核验/verify license
source_snapshots/kaggriculture/dynamic/rl/distill.py,distill.py,py,12460,b9f3e13e4ff3301dbf6b3850fe30d5d12263df29a126f14128b90a72b82f5cde,待核验/verify license
source_snapshots/kaggriculture/dynamic/rl/fetch_external.py,fetch_external.py,py,7495,e88771d1e43988663cf33cff05f8645334233bc50b5a53f4fc90d985747cbd8b,待核验/verify license
source_snapshots/kaggriculture/dynamic/rl/dash.py,dash.py,py,13201,a8791d784d5a023238dcefb05c6832e57addc700de9755b6284fb5edfd78734f,待核验/verify license
source_snapshots/kaggriculture/dynamic/rl/evaluate.py,evaluate.py,py,8631,8a0e81f52cd605ef62653d8045934cb62b3d3da813302e4495aa0df560f2632b,待核验/verify license
source_snapshots/kaggriculture/dynamic/tape/v3_submit_check.py,v3_submit_check.py,py,4618,bb26b3d742226b3a2da099eed7c4506b95b3a561251768f51ff451652ca405db,待核验/verify license
source_snapshots/kaggriculture/dynamic/tape/v3_bench.py,v3_bench.py,py,14049,e98b4e737b558f4b94968e94f95943d8988d52a65816eb9ad0214e65af0057ff,待核验/verify license
source_snapshots/kaggriculture/dynamic/tape/tree_equiv.py,tree_equiv.py,py,10384,af696dce3b52e27fcb18226c1500a9f49bc1caa0d8c6a22333640917f23f750f,待核验/verify license
source_snapshots/kaggriculture/dynamic/tape/pipeline.py,pipeline.py,py,12246,f76fe757b7a8c6e0dc41b01b431db466b8a6b749f52bd07d2235ac42887ee42c,待核验/verify license
source_snapshots/kaggriculture/dynamic/tape/with_market.py,with_market.py,py,6368,87643f3b7ca7c74fc01b43a9a005dad99395dbc50847a00a2e2f91b7fe4955c7,待核验/verify license
source_snapshots/kaggriculture/dynamic/tape/tree_table.py,tree_table.py,py,10338,1227f1053e676ce6f36b4009f8ba28dd2a950786f2f1953c7fc7e6b307c21c2b,待核验/verify license
source_snapshots/kaggriculture/dynamic/tape/fidelity.py,fidelity.py,py,3933,cb5e27b8f85c652e1d4613c257fed5f6e1c9912fec8bf4418b8f4a6592ed4a4d,待核验/verify license
source_snapshots/kaggriculture/dynamic/tape/route_array.py,route_array.py,py,10608,486ad36df7ac13dfdc5b82094fea48d9347a2230ac011672fda8d6a80f520517,待核验/verify license
source_snapshots/kaggriculture/dynamic/tape/rebuild.py,rebuild.py,py,7686,c8513ff6d989491377bc80b6340b916d0de269597c83f5da56e5e476d1fe5c8a,待核验/verify license
source_snapshots/kaggriculture/dynamic/tape/__init__.py,__init__.py,py,0,e3b0c44298fc1c149afbf4c8996fb92427ae41e4649b934ca495991b7852b855,待核验/verify license
source_snapshots/kaggriculture/dynamic/tape/leaf_scan.py,leaf_scan.py,py,22215,58237078450f7607ee865ffd0f32daf5875902ea80f66e3b2fafa23f46e748e3,待核验/verify license
source_snapshots/kaggriculture/dynamic/tree/policy.py,policy.py,py,3102,756b5a3d139ac651d294f4af98566690f8b843419d68dbd08b483da0eabc0977,待核验/verify license
source_snapshots/kaggriculture/dynamic/tree/agent_tree.py,agent_tree.py,py,7723,c7f0a66f980cebb7b242e0bffb383d48ce08431687bbc6e5cdec13e6a3d7ed06,待核验/verify license
source_snapshots/kaggriculture/dynamic/tree/play.py,play.py,py,6930,9877b3471945f3da3d3d789b147851c93951b7da99c45c3081dbc5851b15ff14,待核验/verify license
source_snapshots/kaggriculture/dynamic/tree/perturn.py,perturn.py,py,7490,dbf93f94fe792224141338538dce4ef82a355e46479558992a2005610148b522,待核验/verify license
source_snapshots/kaggriculture/dynamic/tree/bake_overlay.py,bake_overlay.py,py,2789,9972e2b609bf0b17af3bea996576003ebffbcf5e3c47544d7641682be59613b9,待核验/verify license
source_snapshots/kaggriculture/dynamic/tree/extract.py,extract.py,py,7416,96d191fe8068f3eb570818149d833ebb17eb184a363583f0429b1607bed08fe2,待核验/verify license
source_snapshots/kaggriculture/dynamic/tree/targets.py,targets.py,py,4861,ddd36863613d14340abcbd5be8ffe54e137e9c7713cdea137b163e50d95c931e,待核验/verify license
source_snapshots/kaggriculture/dynamic/tree/__init__.py,__init__.py,py,0,e3b0c44298fc1c149afbf4c8996fb92427ae41e4649b934ca495991b7852b855,待核验/verify license
source_snapshots/kaggriculture/dynamic/tree/fit.py,fit.py,py,6991,ba30c10c6472a1e3540565007ddd7883ef7a1aec7e2dedd5c7be891fac72a8bf,待核验/verify license
source_snapshots/kaggriculture/dynamic/tree/head2head.py,head2head.py,py,4632,00cd37e919ae677fd0fb2012e6e70637c034c7257304ac3fb2f0ca04b6d75bee,待核验/verify license
source_snapshots/kaggriculture/search/checkpoints/best_genome.json,best_genome.json,json,2453,d492b46fa413630304f84fdf1512d18f0c8545af7a3219353fe860912d3f5955,待核验/verify license
source_snapshots/kaggriculture/search/checkpoints/best_genome_round1.json,best_genome_round1.json,json,1739,64d31eea8c33473ba090226c6180c96ad44c1390ea67a449032ecacd74521198,待核验/verify license
source_snapshots/kaggriculture/search/checkpoints/best_r3_gen15.json,best_r3_gen15.json,json,2000,a4fea69ad74ee738158ebd03db6e2d5be9bd586718a8256302aa54dd79d00003,待核验/verify license
source_snapshots/kaggriculture/search/checkpoints/best_genome_cropbug.json,best_genome_cropbug.json,json,1684,75fda2385911ac10c55ca0977cd11ddc76ef27a701120b161032fb6ab79055cc,待核验/verify license
source_snapshots/kaggriculture/search/checkpoints/best_genome_run8_final.json,best_genome_run8_final.json,json,2453,d492b46fa413630304f84fdf1512d18f0c8545af7a3219353fe860912d3f5955,待核验/verify license
source_snapshots/kaggriculture/whitebox/versions/v218_certified_shed_cluster.py,v218_certified_shed_cluster.py,py,2079,a66ef16e7d2813bca2c385e876c400fa984d4b8132f1daf2461e1452a72ea99d,待核验/verify license
source_snapshots/kaggriculture/whitebox/versions/v292_public_weed_priority3.py,v292_public_weed_priority3.py,py,631,0ec616d71ce0195c485d78ffba4bdbcc4550ee994ccbccd28bb073951813d271,待核验/verify license
source_snapshots/kaggriculture/whitebox/versions/v214_daily_capacity_reserve.py,v214_daily_capacity_reserve.py,py,2144,eb41e4df539854223cf263acd7cee8cbe6eb6ad5b8805990f823c901257c2180,待核验/verify license
source_snapshots/kaggriculture/whitebox/versions/v204_retained_land_commitment.py,v204_retained_land_commitment.py,py,2684,d3b41844df55b83b4fc4d6248c3beef48afab6715e8307dfb82b758c5631e1af,待核验/verify license
source_snapshots/kaggriculture/whitebox/versions/v239_public_scenario_c06.py,v239_public_scenario_c06.py,py,58007,7fe9fae5b121be142b1aa8084a00aa091490118e18549ae89aa9648ca0f38eb7,待核验/verify license
source_snapshots/kaggriculture/whitebox/versions/v250_public_scenario_sale60.py,v250_public_scenario_sale60.py,py,606,ac8e94d83b3b29e8d0109b56a2924d6520fe386ac6346e231a2524aa0b1c299a,待核验/verify license
source_snapshots/kaggriculture/whitebox/versions/v215_public_capacity_priority.py,v215_public_capacity_priority.py,py,2002,d65fc1a545dc522d3bfe376cbb9811a672299b2b251ee1869e74e8e4572b96e7,待核验/verify license
source_snapshots/kaggriculture/opponents/rungs/rung_06_t1_eps006.py,rung_06_t1_eps006.py,py,1626,f94c63a7a192807c6daaab20c19a8ee9886df16464fa70e05f7d2f2918ba731f,待核验/verify license
source_snapshots/kaggriculture/opponents/rungs/rung_02_t1_eps045.py,rung_02_t1_eps045.py,py,1626,be1b1311d0c62f0e89aa77180955c0e8107f727eeff6abb90f116c0b0d8ae563,待核验/verify license
source_snapshots/kaggriculture/opponents/rungs/rung_03_t1_eps030.py,rung_03_t1_eps030.py,py,1623,5fa00e844212bc00a18919bae8582c7ff266f42f2aa4179fa8f5eb5214702159,待核验/verify license
source_snapshots/kaggriculture/opponents/rungs/rung_04_t1_eps020.py,rung_04_t1_eps020.py,py,1623,0d85e175bda7af73fe16f3465b43456629be5613b6e7f15ee4f9d9429d60779c,待核验/verify license
source_snapshots/kaggriculture/opponents/rungs/rung_00_t1_eps075.py,rung_00_t1_eps075.py,py,1626,070af488f35ec3d3cd057fe7ae1285d0de635107a9e5742bfc3954e6eb99dc11,待核验/verify license
source_snapshots/kaggriculture/opponents/rungs/rung_01_t1_eps060.py,rung_01_t1_eps060.py,py,1623,b81976fcda242562952c4af3de90d3b8aa25ccf6ec78ae69b6ab788737eec6d8,待核验/verify license
source_snapshots/kaggriculture/opponents/rungs/rung_05_t1_eps012.py,rung_05_t1_eps012.py,py,1626,83f3908f367b9457659ed80e058d9ba5ce02d93a3c9b1965e67b78f4d3dbdc9a,待核验/verify license
source_snapshots/kaggriculture/route/checkpoints/best_route6.json,best_route6.json,json,2623,798cfc66dad8f2473da19a4755c611f93aab0f5a69df7e8f88329dcbf07faeca,待核验/verify license
source_snapshots/kaggriculture/route/checkpoints/tournament.json,tournament.json,json,76695,9d9dcac0a387740ed081d9e210fd0046cd8e48ba33fb4e4b0f8e794105c19b34,待核验/verify license
source_snapshots/kaggriculture/route/checkpoints/paired_matrix.json,paired_matrix.json,json,3605,4807caf428f0d65622da1c7a313b7872e963b1711d44d843128a22390b8ffd8c,待核验/verify license
source_snapshots/kaggriculture/route/checkpoints/best_route3.json,best_route3.json,json,1755,47104b6f255badf9ad9def936b13fa76a8a706197d25da4a5e86a71fd0783386,待核验/verify license
source_snapshots/kaggriculture/route/checkpoints/best_route4.json,best_route4.json,json,1843,d1bb07e290bd32cb4576d61356bae641748f05773b4c99a88d8e8090b6732eec,待核验/verify license
source_snapshots/kaggriculture/route/checkpoints/best_self1.json,best_self1.json,json,2723,4d308138754022f075ce79cf29ff1d72676da4b59f3d9746d026024942234e67,待核验/verify license
source_snapshots/kaggriculture/route/checkpoints/best_route2.json,best_route2.json,json,1532,650332931507114bb536168443f6025bc614d1a0e48a526e76408afbef619f6c,待核验/verify license
source_snapshots/kaggriculture/route/checkpoints/best_route1.json,best_route1.json,json,1426,acec6a46ad7b657ad1d2287604ff2a6e4b1964b306d02993485e22d0478e8077,待核验/verify license
source_snapshots/kaggriculture/route/checkpoints/best_hyb1.json,best_hyb1.json,json,801,a1ad8c3dc38a87a00ac9e2790bd32b6bbe3a29f8a368822056f47f96f16a9d1f,待核验/verify license
source_snapshots/kaggriculture/route/checkpoints/best_route5.json,best_route5.json,json,2195,0ee565636bab431722fb88d516638c1446a598271c1c7de6497d31df7b9e4dc3,待核验/verify license
source_snapshots/kaggriculture/incoming/参考代码/rank-top10-read-the-market-choose-the-farm.ipynb,rank-top10-read-the-market-choose-the-farm.ipynb,ipynb,101071,3f00e08b572c53c8f40d72ffcf3422c789c1a1f0abba1c8b0c3a760dd7c9043b,待核验/verify license
source_snapshots/kaggriculture/incoming/参考代码/v17-r1-rc2-high-score-10c-4s-market-storage.ipynb,v17-r1-rc2-high-score-10c-4s-market-storage.ipynb,ipynb,1006100,ac60494c9f598623812dee3ba6548e377e2f603f8da1572192d0f4df84ad860e,待核验/verify license
source_snapshots/kaggriculture/incoming/参考代码/15-16-strict-future-v25-meta-reset.ipynb,15-16-strict-future-v25-meta-reset.ipynb,ipynb,83735,e0403ed0136d127edd5f7ce938984ef598ca549ef6dac0ca57aa84611d771307,待核验/verify license
source_snapshots/kaggriculture/incoming/参考代码/v13-r3-top-meta-order-safe-premium-control.ipynb,v13-r3-top-meta-order-safe-premium-control.ipynb,ipynb,573489,854909c46bf3874239a7b4835ef1c29ff81ab0c28dda7ed8f1939f244bfc582f,待核验/verify license
source_snapshots/kaggriculture/incoming/参考代码/84-84-base-public-holdout-v14-clone-preemption.ipynb,84-84-base-public-holdout-v14-clone-preemption.ipynb,ipynb,144093,0b21367704b8e9b0bb31a7c75599a2ee82f4b2f438719d0b073efda50d2d4c6f,待核验/verify license
source_snapshots/kaggriculture/incoming/参考代码/kaggriculture-evaluation-agent-performance-analys.ipynb,kaggriculture-evaluation-agent-performance-analys.ipynb,ipynb,337997,94f984857add8ae808411a08c9034502bf9275b4081fa44f4d55ada4f6c49d72,待核验/verify license
source_snapshots/kaggriculture/incoming/参考代码/177-180-fresh-top-30-v21-1-conditional-memory.ipynb,177-180-fresh-top-30-v21-1-conditional-memory.ipynb,ipynb,598807,21001e1d85f4f8309a33b1f42c01b6a7ef7dab95c53b22838cde5eba1441dba9,待核验/verify license
source_snapshots/kaggriculture/incoming/参考代码/v111-8c4s-economic-core-premium-lead.ipynb,v111-8c4s-economic-core-premium-lead.ipynb,ipynb,375741,b2022324d441ef2c2dc7a7b8acd6b4790601e1b226def1996408c8d8fe4c7dc0,待核验/verify license
source_snapshots/kaggriculture/incoming/参考代码/kaggle-frontier-lab-strategy-improvement.ipynb,kaggle-frontier-lab-strategy-improvement.ipynb,ipynb,2106383,83712e914a424dca675fa3ccfb246663fdd784ad2cfd0be04cc9d14141a77b57,待核验/verify license
source_snapshots/kaggriculture/incoming/参考代码/41-49-future-unseen-v19-replication-to-control.ipynb,41-49-future-unseen-v19-replication-to-control.ipynb,ipynb,446118,89f373ec0a7fd079e34bdbb0abb1495fa1e8c54614979165955ec7eec66ac6bf,待核验/verify license
source_snapshots/kaggriculture/incoming/参考代码/kaggriculture-findings-from-zero-to-top-meta.ipynb,kaggriculture-findings-from-zero-to-top-meta.ipynb,ipynb,421754,fa94020584688c2c33d47b3fe3d5748d89d7fd230018f0225f547632616cf648,待核验/verify license
source_snapshots/kaggriculture/incoming/参考代码/best-market-agent-high-strategy.ipynb,best-market-agent-high-strategy.ipynb,ipynb,96130,aabfbf3aa75eb75217b8070a48525ffd66dd46c8614ab2bf2f6b0a9cb35fae9f,待核验/verify license
source_snapshots/kaggriculture/incoming/参考代码/read-the-town-build-the-farm-kaggriculture.ipynb,read-the-town-build-the-farm-kaggriculture.ipynb,ipynb,662149,1446f8bb0f0dbbd7c4b26f8ec957699e11de89be8b6756544df927fbdb7db491,待核验/verify license
source_snapshots/kaggriculture/planner/bc/bc_model.json,bc_model.json,json,457649,5dd6a80bc11c98ca79f9dac4fb27655c60651184b1645160632dbc3f63245d37,待核验/verify license
source_snapshots/kaggriculture/planner/tests/test_sim_fidelity.py,test_sim_fidelity.py,py,5809,ba169f92069444186c714d286a99cbe15a09656e3452e103aa88b4d077a95f21,待核验/verify license
source_snapshots/kaggriculture/planner/tests/test_agent_fidelity.py,test_agent_fidelity.py,py,3685,51f512bc7385c076bbf6c5163eb689410659892aa8eb2f6d9376c2d4dd577b6b,待核验/verify license
source_snapshots/kaggriculture/planner/tests/__init__.py,__init__.py,py,0,e3b0c44298fc1c149afbf4c8996fb92427ae41e4649b934ca495991b7852b855,待核验/verify license
source_snapshots/kaggriculture/planner/tests/test_tapemap_fidelity.py,test_tapemap_fidelity.py,py,4785,0408ce98d672b54cef7aa58e3ad07a3dbaebfaec6de8e9afd1f0998d48554fa2,待核验/verify license
source_snapshots/kaggriculture/planner/checkpoints/best_genome1.json,best_genome1.json,json,2577,e9072c9e6aef609e60cc2efa21387b6ae1e25d6bb8a53c1f2b1e8330133de522,待核验/verify license
source_snapshots/Research-on-Credit-Default-Risk-Assessment-Based-on-a-Stacking-Ensemble-Model/paper/credit-default-risk-stacking-ensemble.docx,credit-default-risk-stacking-ensemble.docx,docx,10586066,0e7e375b2a45e75d253ae425aaebc2b40d404b33196ce446c19869410b706dcb,待核验/verify license
source_snapshots/the-data-of-photovoltaic-power-generation/data of Photovoltaic Power Generation/数据集  基于光伏发电.xlsx,数据集  基于光伏发电.xlsx,xlsx,12253,ead5ceda884a8b1a8d3e28ab97efefc8fd8aba6ce9b8aec459fee2eab0fd1a67,待核验/verify license
source_snapshots/the-data-of-photovoltaic-power-generation/data of Photovoltaic Power Generation/指标频数.xlsx,指标频数.xlsx,xlsx,17434,669e38af408f2e2467fe22b1b5a0c8b0b9640e9d41152b765b166be5b638926d,待核验/verify license
source_snapshots/the-data-of-photovoltaic-power-generation/data of Photovoltaic Power Generation/导入数据.xlsx,导入数据.xlsx,xlsx,13554,89bc2204b39dcc9d8b2624b014a6b70ba118e20f70237f0215e6c24ce517572f,待核验/verify license
source_snapshots/the-data-of-photovoltaic-power-generation/data of Photovoltaic Power Generation/无光伏发电引入数据.xlsx,无光伏发电引入数据.xlsx,xlsx,10126,58a300bd1b930b536aad1663c4b0e69d009841feb3ec503fa19f49925db407b8,待核验/verify license
source_snapshots/the-data-of-photovoltaic-power-generation/data of Photovoltaic Power Generation/主成分分析数据集.xlsx,主成分分析数据集.xlsx,xlsx,10557,28d100d6b98f4b41e63a953b6a31689391aea0a288ebae25207e14a6b75ec0f1,待核验/verify license
source_snapshots/the-data-of-photovoltaic-power-generation/data of Photovoltaic Power Generation/解题数据.xlsx,解题数据.xlsx,xlsx,14080,f47a183fe6000d4fd4b23e5efcdcd4dd58061a1e8f7a22da67186859b12402c4,待核验/verify license
source_snapshots/the-data-of-photovoltaic-power-generation/data of Photovoltaic Power Generation/总表.xlsx,总表.xlsx,xlsx,12250,a64f2d8088c248dde1ab30bb25a35eedbd1b4d5230966c984a0bd00e6de7745f,待核验/verify license
source_snapshots/the-data-of-photovoltaic-power-generation/data of Photovoltaic Power Generation/data.xlsx,data.xlsx,xlsx,10568,4016b030b1f449fbd54765f76f8495d46eec2bb32de211011c5569d2064cab7b,待核验/verify license
source_snapshots/the-data-of-photovoltaic-power-generation/data of Photovoltaic Power Generation/数据.xlsx,数据.xlsx,xlsx,10877,dc7168067968c238dcb6115a2c0c69cdd7cd95a59d026c246b81b6b46d997063,待核验/verify license
source_snapshots/the-data-of-photovoltaic-power-generation/data of Photovoltaic Power Generation/初始数据.xlsx,初始数据.xlsx,xlsx,9745,15d31682f7371148c42e49957722dd6c5719d66f709b4f6414eab560f2d4e2c5,待核验/verify license
source_snapshots/the-data-of-photovoltaic-power-generation/data of Photovoltaic Power Generation/数据预处理后结果.xlsx,数据预处理后结果.xlsx,xlsx,15017,ccf6f53a55700ec1f72620f66854ad5a70c324e498570a5aa9229ab914a0000d,待核验/verify license
source_snapshots/the-data-of-photovoltaic-power-generation/data of Photovoltaic Power Generation/初步数据.xlsx,初步数据.xlsx,xlsx,16366,d6972a62c3e07f0dd8565e07afea5b3e974b5bdceffa004a35495396057409e4,待核验/verify license
source_snapshots/the-data-of-photovoltaic-power-generation/data of Photovoltaic Power Generation/降维结果.xlsx,降维结果.xlsx,xlsx,12382,ebc4e7a9d573f84f838c8004da3ebb195065a108c69ac56b365d830fbcc0c0fb,待核验/verify license
source_snapshots/the-data-of-photovoltaic-power-generation/paper/fenvs-14-1799258.pdf,fenvs-14-1799258.pdf,pdf,4379763,52dc1e987220c768695a8c3cbc84cda4157e3ca93b8ae8f10790a92092df1fd9,待核验/verify license
source_snapshots/the-data-of-photovoltaic-power-generation/code of Photovoltaic Power Generation/矩阵热力图.m,矩阵热力图.m,m,657,48b59fe37466bd8ea07bdc987969ce440bf2bcfcedb43c4b0c5709a692ad436f,待核验/verify license
source_snapshots/the-data-of-photovoltaic-power-generation/code of Photovoltaic Power Generation/风电数据预处理.py,风电数据预处理.py,py,1981,032faf359620ffd86a75174491535e94f2fb5bb182f14c5ecec79a4fcab347b2,待核验/verify license
source_snapshots/the-data-of-photovoltaic-power-generation/code of Photovoltaic Power Generation/优化二.py,优化二.py,py,3010,9c5cc195a78cf780e229eb938ac4918c38196fa0984fe9ee192b86eebf4792f5,待核验/verify license
source_snapshots/the-data-of-photovoltaic-power-generation/code of Photovoltaic Power Generation/优化算法一 可实现.py,优化算法一 可实现.py,py,2028,343e792af4826b4df664c72143e4571096a18e126801a3cc5cf2cce152b0bbed,待核验/verify license
source_snapshots/the-data-of-photovoltaic-power-generation/code of Photovoltaic Power Generation/水电、火电、核电数据预处理.py,水电、火电、核电数据预处理.py,py,2646,78766588dde594e3c7f0d089d792c921a98c55169c51630c61626449ebbdf193,待核验/verify license
source_snapshots/the-data-of-photovoltaic-power-generation/code of Photovoltaic Power Generation/优化 加入 粒子群代码内容.py,优化 加入 粒子群代码内容.py,py,2839,4252496358f9937ff5b72418d456bc4cf5989540f4c68e2bd0b9b45671e98220,待核验/verify license
source_snapshots/the-data-of-photovoltaic-power-generation/code of Photovoltaic Power Generation/14  相关性分析.m,14  相关性分析.m,m,3234,084dd43b56a60f84a96f9a6cd03b6af81b2e52a137ffd72390533da42e9ae9fe,待核验/verify license
source_snapshots/the-data-of-photovoltaic-power-generation/code of Photovoltaic Power Generation/折线图.m,折线图.m,m,2291,5cb68280fe7bb38eaa5636599130e59eb49a2f6d7a70be6d0825975021432adb,待核验/verify license
source_snapshots/the-data-of-photovoltaic-power-generation/code of Photovoltaic Power Generation/13 tsne降维.m,13 tsne降维.m,m,1386,223a447b986e3daa4c0dd158069687c58299467f58e5999f1500cd37158066a7,待核验/verify license
source_snapshots/the-data-of-photovoltaic-power-generation/code of Photovoltaic Power Generation/7 词云图.py,7 词云图.py,py,20932,09a2681c9fadbca89a44b9011d8292964faaf5e9ab075062e337fa2735f7e64d,待核验/verify license
source_snapshots/the-data-of-photovoltaic-power-generation/code of Photovoltaic Power Generation/11.5 箱型图示例代码.m,11.5 箱型图示例代码.m,m,134,37a4f155e3f0369c7ff29ad5e1a05a53f3647b1ff5398fbe60744cc02098b8b2,待核验/verify license
source_snapshots/the-data-of-photovoltaic-power-generation/code of Photovoltaic Power Generation/关系模型的构建.m,关系模型的构建.m,m,674,3a1a8a0b5dfd8acb6da118c8f65e4667378f9b07f0d2c0eadc611843cffa1f8f,待核验/verify license
source_snapshots/the-data-of-photovoltaic-power-generation/code of Photovoltaic Power Generation/初始数据折线图.py,初始数据折线图.py,py,1272,8094232c73d8beb1a3944377bf178cbd276ce9115600793ff1c6e48a61085318,待核验/verify license
source_snapshots/the-data-of-photovoltaic-power-generation/code of Photovoltaic Power Generation/15、三次多项式回归预测模型.py,15、三次多项式回归预测模型.py,py,1906,8465c2b5a8fc113d40da176f91a25c6bed1c6a8a5ad918e4cdfb9bd8134c28b0,待核验/verify license
source_snapshots/the-data-of-photovoltaic-power-generation/code of Photovoltaic Power Generation/16  中国地图.m,16  中国地图.m,m,119,b4dc2df217b9d08e0c12ea8032e44cda1c552f0cd590bf44b431e87558375607,待核验/verify license
source_snapshots/the-data-of-photovoltaic-power-generation/code of Photovoltaic Power Generation/26 散点图矩阵.py,26 散点图矩阵.py,py,856,763fe34e1fe66b175e7428d17d0327cd41f18ed1817b79c8701e19fa99632063,待核验/verify license
source_snapshots/the-data-of-photovoltaic-power-generation/code of Photovoltaic Power Generation/初始数据折线图.m,初始数据折线图.m,m,1020,0db2b3035c13a4c9a87c66739342184550b77853e886f3398b2db942a6617d0d,待核验/verify license
source_snapshots/the-data-of-photovoltaic-power-generation/code of Photovoltaic Power Generation/15.5 三次多项式回归预测模型.m,15.5 三次多项式回归预测模型.m,m,1631,feca2f97e30cdbcfa3e3c00702e61260639b6002bde3149b52904950196dbfa6,待核验/verify license
source_snapshots/the-data-of-photovoltaic-power-generation/code of Photovoltaic Power Generation/热力图.py,热力图.py,py,1055,8bab91cfd4fda66f1184529f935262634b86dd5711f3662a007bd9c8c7a1ce38,待核验/verify license
source_snapshots/the-data-of-photovoltaic-power-generation/code of Photovoltaic Power Generation/8 q-q图.py,8 q-q图.py,py,1355,c92aad22e72bb7ca3f78af2a90ad3c0fc731bdf9b7a268f67397526b718b1609,待核验/verify license
source_snapshots/the-data-of-photovoltaic-power-generation/code of Photovoltaic Power Generation/折线图代码 代码内容.m,折线图代码 代码内容.m,m,1398,7cb94db26aa326b65cda2c30ce14e5e4c8ce16ac29d71b848b63a55fd6847c54,待核验/verify license
source_snapshots/the-data-of-photovoltaic-power-generation/code of Photovoltaic Power Generation/9 ks检验代码.m,9 ks检验代码.m,m,802,78e050e648f9e6c5214c44a4c2d1341b41c19f580c9a85ad15491c5f5f374b95,待核验/verify license
source_snapshots/the-data-of-photovoltaic-power-generation/code of Photovoltaic Power Generation/11 箱型图示例代码.py,11 箱型图示例代码.py,py,226,09a82ec593c915e584baa1314f5d0394751600e01a60a3c0d408b212923a24bf,待核验/verify license
source_snapshots/the-data-of-photovoltaic-power-generation/code of Photovoltaic Power Generation/28 结果比对图.m,28 结果比对图.m,m,1025,49a9773dd6141632c43773ac1fef175d3781c491b309ba949b5fb9caf05851d6,待核验/verify license
source_snapshots/the-data-of-photovoltaic-power-generation/code of Photovoltaic Power Generation/12 因子载荷矩阵热力图.m,12 因子载荷矩阵热力图.m,m,490,c7b15f63b611d74c20b03ba2e268ff609b8f2e0bdd19e58adda51091df797e53,待核验/verify license
source_snapshots/the-data-of-photovoltaic-power-generation/code of Photovoltaic Power Generation/3.5 风电数据预处理.m,3.5 风电数据预处理.m,m,1245,3d4756aee373aff1c1f97d7d166e55c7dddc8c0040e34bf29117816ec953409b,待核验/verify license
source_snapshots/the-data-of-photovoltaic-power-generation/code of Photovoltaic Power Generation/折线图.py,折线图.py,py,957,7fa57fe210cd40190f5f255a0fa63cbc9dae806fa80b4fc94c644ca6f3fe2e57,待核验/verify license
source_snapshots/the-data-of-photovoltaic-power-generation/code of Photovoltaic Power Generation/4.5 风电 2000-2010年数据预处理   不太对.m,4.5 风电 2000-2010年数据预处理   不太对.m,m,1586,9953e8182b34fe6242d9bc2070d8ae8b1007057d4fc2fae393a70925b9228d70,待核验/verify license
source_snapshots/the-data-of-photovoltaic-power-generation/code of Photovoltaic Power Generation/10 箱型图 代码 代码内容.m,10 箱型图 代码 代码内容.m,m,964,a654714ba6090de2bda493a01d812807975bb2d770e0808c2167f55f92f6888d,待核验/verify license
source_snapshots/the-data-of-photovoltaic-power-generation/code of Photovoltaic Power Generation/电力生产量(亿千瓦小时)数据预处理.py,电力生产量(亿千瓦小时)数据预处理.py,py,2110,1ea121efe1b51d3870fa2bab6a9ec78b066102a6f45660d01d73dcbb654b7aec,待核验/verify license
source_snapshots/the-data-of-photovoltaic-power-generation/code of Photovoltaic Power Generation/4 风电2000-2010年数据 数据预处理  不太对.py,4 风电2000-2010年数据 数据预处理  不太对.py,py,1993,c4420b9174b4c376fd827fcc6e346eeec446f833f0384811b11d7fe67ce27325,待核验/verify license
source_snapshots/the-data-of-photovoltaic-power-generation/code of Photovoltaic Power Generation/17 中国地图 点点十个.m,17 中国地图 点点十个.m,m,1024,0197336b9c9075213a1238ddbb25f437341cc078c0720fb1f5ac482994e192f2,待核验/verify license
source_snapshots/the-data-of-photovoltaic-power-generation/code of Photovoltaic Power Generation/碳排放2027-2055年数据补充 数据预处理.py,碳排放2027-2055年数据补充 数据预处理.py,py,1224,c4a56907605dc0a8fadb437f6edce4813f4a8329f209991ce30d076d784ba4ef,待核验/verify license
source_snapshots/the-data-of-photovoltaic-power-generation/code of Photovoltaic Power Generation/27 基于光伏发电的线性回归i模型.m,27 基于光伏发电的线性回归i模型.m,m,1090,a40678a18cb7725a7a6e4db2447e4f6eddf881779e48a78a66bc6769b54b01ea,待核验/verify license
source_snapshots/the-data-of-photovoltaic-power-generation/data of Photovoltaic Power Generation/Data-of-Research-on-Photovoltaic-Power-Generation-Based-on-Multi-dimensional-Indicators-and-Models/README.md,README.md,md,102,214051b77108961ad45b15a52578206a53719534d358de3505dc8812f9aa86bc,待核验/verify license
source_snapshots/the-data-of-Spatiotemporal-Evolution-and-Influencing-Factors-of-Regional-Resilience-in-China/ML_SHAP_MULTI_TARGET/SHAP_Beeswarm_Bar_IR.png,SHAP_Beeswarm_Bar_IR.png,png,417783,e4e18d3fa75d8397191673b35860016b1849dc663ed6d1fc7470acd402eb9f2a,待核验/verify license
source_snapshots/the-data-of-Spatiotemporal-Evolution-and-Influencing-Factors-of-Regional-Resilience-in-China/ML_SHAP_MULTI_TARGET/SHAP_Beeswarm_Bar_ER.png,SHAP_Beeswarm_Bar_ER.png,png,332599,9a14bb7332087bbdbe015ba79518246cf569c46726d4275e2c8583bde5485896,待核验/verify license
source_snapshots/the-data-of-Spatiotemporal-Evolution-and-Influencing-Factors-of-Regional-Resilience-in-China/ML_SHAP_MULTI_TARGET/SHAP_Beeswarm_Bar_Factor.pdf,SHAP_Beeswarm_Bar_Factor.pdf,pdf,174451,26a46e3ec13d1abf26d7647d54e8fd2a86e7ccdfd04f7c1c991b972346a15004,待核验/verify license
source_snapshots/the-data-of-Spatiotemporal-Evolution-and-Influencing-Factors-of-Regional-Resilience-in-China/ML_SHAP_MULTI_TARGET/SHAP_Beeswarm_Bar_EWM.png,SHAP_Beeswarm_Bar_EWM.png,png,326569,0be8839a0bae0ec6ab09857812a4718f59fb94e4ded68f4bfb55f1e75ac7bd44,待核验/verify license
source_snapshots/the-data-of-Spatiotemporal-Evolution-and-Influencing-Factors-of-Regional-Resilience-in-China/ML_SHAP_MULTI_TARGET/SHAP_Beeswarm_Bar_CV.pdf,SHAP_Beeswarm_Bar_CV.pdf,pdf,180394,d7f3f87804fcc514c44ab2a41f05fc71a9ca286cadd241ce3afe2484c6bb3bd4,待核验/verify license
source_snapshots/the-data-of-Spatiotemporal-Evolution-and-Influencing-Factors-of-Regional-Resilience-in-China/ML_SHAP_MULTI_TARGET/ML_SHAP_Multi_Target_Metrics.xlsx,ML_SHAP_Multi_Target_Metrics.xlsx,xlsx,6269,66245a0df2855bf4013575b8015da998d7e14cebac2e9b55636b634b48c1b8ff,待核验/verify license
source_snapshots/the-data-of-Spatiotemporal-Evolution-and-Influencing-Factors-of-Regional-Resilience-in-China/ML_SHAP_MULTI_TARGET/SHAP_Beeswarm_Bar_PCA.png,SHAP_Beeswarm_Bar_PCA.png,png,312473,f8e35df48c92efe89602032834c38668a78622095079e0ef9073ce38f5f1d6bd,待核验/verify license
source_snapshots/the-data-of-Spatiotemporal-Evolution-and-Influencing-Factors-of-Regional-Resilience-in-China/ML_SHAP_MULTI_TARGET/SHAP_Beeswarm_Bar_Spearman_CRITIC.png,SHAP_Beeswarm_Bar_Spearman_CRITIC.png,png,364109,f4dedea7f0d1d0d643a2896527a3fa244877c8fc5dcd08b55a90c2b376081226,待核验/verify license
source_snapshots/the-data-of-Spatiotemporal-Evolution-and-Influencing-Factors-of-Regional-Resilience-in-China/ML_SHAP_MULTI_TARGET/SHAP_Beeswarm_Bar_EER.png,SHAP_Beeswarm_Bar_EER.png,png,359339,9671f12190299f52ce5ccd4d44fd088d6f451e4ac61246aa980f2ef9ae919bff,待核验/verify license
source_snapshots/the-data-of-Spatiotemporal-Evolution-and-Influencing-Factors-of-Regional-Resilience-in-China/ML_SHAP_MULTI_TARGET/SHAP_Beeswarm_Bar_SDR.png,SHAP_Beeswarm_Bar_SDR.png,png,373680,1fb8548cb74962807d130cfbfabb810a877c521b309ef18a1d7761e01f37d749,待核验/verify license
source_snapshots/the-data-of-Spatiotemporal-Evolution-and-Influencing-Factors-of-Regional-Resilience-in-China/ML_SHAP_MULTI_TARGET/SHAP_Beeswarm_Bar_DM.png,SHAP_Beeswarm_Bar_DM.png,png,335641,b50f981fccaecce063532a9c321a0d7909c77a6eafcf48f2cc27d7f40de9861b,待核验/verify license
source_snapshots/the-data-of-Spatiotemporal-Evolution-and-Influencing-Factors-of-Regional-Resilience-in-China/ML_SHAP_MULTI_TARGET/SHAP_Beeswarm_Bar_IR.pdf,SHAP_Beeswarm_Bar_IR.pdf,pdf,249799,b84c2932d12aa92ac1e3b19e3573e3f8886ce421136a526f2412230ff4350b7c,待核验/verify license
source_snapshots/the-data-of-Spatiotemporal-Evolution-and-Influencing-Factors-of-Regional-Resilience-in-China/ML_SHAP_MULTI_TARGET/SHAP_Beeswarm_Bar_Spearman_CRITIC.pdf,SHAP_Beeswarm_Bar_Spearman_CRITIC.pdf,pdf,194434,67689b4f8dab5ecb5c828e6f7381a529b243a48a40630656788dd5ff68abcbef,待核验/verify license
source_snapshots/the-data-of-Spatiotemporal-Evolution-and-Influencing-Factors-of-Regional-Resilience-in-China/ML_SHAP_MULTI_TARGET/SHAP_Beeswarm_Bar_Factor.png,SHAP_Beeswarm_Bar_Factor.png,png,316182,99af8a182ace629c29dba610b7e57b4f1a0abf3e6b2e78bb419f7e1ff9db8848,待核验/verify license
source_snapshots/the-data-of-Spatiotemporal-Evolution-and-Influencing-Factors-of-Regional-Resilience-in-China/ML_SHAP_MULTI_TARGET/SHAP_Beeswarm_Bar_PCA.pdf,SHAP_Beeswarm_Bar_PCA.pdf,pdf,167562,b6928874d51423875b37fdbce4b8545835ab4fcb923db60f11df602e3bd0f50e,待核验/verify license
source_snapshots/the-data-of-Spatiotemporal-Evolution-and-Influencing-Factors-of-Regional-Resilience-in-China/ML_SHAP_MULTI_TARGET/ML_SHAP_Multi_Target_Result.xlsx,ML_SHAP_Multi_Target_Result.xlsx,xlsx,456835,981628709feed1dd24c3a955809c801a32328b91ea374c40ed8383fd541e1776,待核验/verify license
source_snapshots/the-data-of-Spatiotemporal-Evolution-and-Influencing-Factors-of-Regional-Resilience-in-China/ML_SHAP_MULTI_TARGET/SHAP_Beeswarm_Bar_SDR.pdf,SHAP_Beeswarm_Bar_SDR.pdf,pdf,206528,22f6fe5a6893a55c5b36a6288f1e91a078505ff3f007380d8ff42d1d1b1fa477,待核验/verify license
source_snapshots/the-data-of-Spatiotemporal-Evolution-and-Influencing-Factors-of-Regional-Resilience-in-China/ML_SHAP_MULTI_TARGET/SHAP_Beeswarm_Bar_EER.pdf,SHAP_Beeswarm_Bar_EER.pdf,pdf,198632,9bbd743a081c9072bc72086a6659a8e2d8b455c1c9bd1ce2a5992e4965bf57a3,待核验/verify license
source_snapshots/the-data-of-Spatiotemporal-Evolution-and-Influencing-Factors-of-Regional-Resilience-in-China/ML_SHAP_MULTI_TARGET/SHAP_Beeswarm_Bar_EWM.pdf,SHAP_Beeswarm_Bar_EWM.pdf,pdf,175327,da553b8422cc28a2df212874685b8dc47da99e31a1107f1b285203e0bd4a5e7c,待核验/verify license
source_snapshots/the-data-of-Spatiotemporal-Evolution-and-Influencing-Factors-of-Regional-Resilience-in-China/ML_SHAP_MULTI_TARGET/SHAP_Beeswarm_Bar_DM.pdf,SHAP_Beeswarm_Bar_DM.pdf,pdf,181991,56fbed03fb1886e0901efe6b769ba320f3b654b43f8878f81ec1c37ade78b810,待核验/verify license
source_snapshots/the-data-of-Spatiotemporal-Evolution-and-Influencing-Factors-of-Regional-Resilience-in-China/ML_SHAP_MULTI_TARGET/SHAP_Beeswarm_Bar_CV.png,SHAP_Beeswarm_Bar_CV.png,png,333605,b1783294aa07b84fa51893bfb32513fa34046819ee6352c37612fd8350618083,待核验/verify license
source_snapshots/the-data-of-Spatiotemporal-Evolution-and-Influencing-Factors-of-Regional-Resilience-in-China/ML_SHAP_MULTI_TARGET/SHAP_Beeswarm_Bar_ER.pdf,SHAP_Beeswarm_Bar_ER.pdf,pdf,174538,4d3be697f95c7c7ccb668ed978420afabf0b719d6af0b9c24985da6b01b1aaed,待核验/verify license
source_snapshots/the-data-of-Spatiotemporal-Evolution-and-Influencing-Factors-of-Regional-Resilience-in-China/ML_SHAP_DROP_ONE/SHAP_DROP_ONE_RESULTS.xlsx,SHAP_DROP_ONE_RESULTS.xlsx,xlsx,33451,359134db8567a61e1c4f2914537708255c06da0484063296f04b9203c4ecb272,待核验/verify license
source_snapshots/the-data-of-Spatiotemporal-Evolution-and-Influencing-Factors-of-Regional-Resilience-in-China/ML_SHAP_DROP_ONE/SHAP_WITHOUT_INC.png,SHAP_WITHOUT_INC.png,png,239300,4989eba61a71f20651cf06c2677e0b3de35d8b052267e5edb3e3adda4dd767f2,待核验/verify license
source_snapshots/the-data-of-Spatiotemporal-Evolution-and-Influencing-Factors-of-Regional-Resilience-in-China/ML_SHAP_DROP_ONE/SHAP_WITHOUT_PRI.pdf,SHAP_WITHOUT_PRI.pdf,pdf,44582,84cd384c9a8b1b2270fa0d6989a4935639ad627f689bc8d851d31840acf26bc4,待核验/verify license
source_snapshots/the-data-of-Spatiotemporal-Evolution-and-Influencing-Factors-of-Regional-Resilience-in-China/ML_SHAP_DROP_ONE/SHAP_WITHOUT_INC.pdf,SHAP_WITHOUT_INC.pdf,pdf,44735,be55d193f19a6567cfcf98848c701deae579e1e7faaf919da6b7e3f001cd2441,待核验/verify license
source_snapshots/the-data-of-Spatiotemporal-Evolution-and-Influencing-Factors-of-Regional-Resilience-in-China/ML_SHAP_DROP_ONE/SHAP_WITHOUT_PRI.png,SHAP_WITHOUT_PRI.png,png,246348,5b2a7c55b7e7245cf8533434734657808e656726c309090d40f07d74c4b5fdc5,待核验/verify license
source_snapshots/the-data-of-Spatiotemporal-Evolution-and-Influencing-Factors-of-Regional-Resilience-in-China/DESCRIPTIVE_AND_PEARSON_RESULTS/PEARSON_CORRELATION_HEATMAP.png,PEARSON_CORRELATION_HEATMAP.png,png,3005675,2592ae77b6199854b9946d8eb03afbecfb7d3cab7ee697b62d8e12ac3495a9e3,待核验/verify license
source_snapshots/the-data-of-Spatiotemporal-Evolution-and-Influencing-Factors-of-Regional-Resilience-in-China/DESCRIPTIVE_AND_PEARSON_RESULTS/PEARSON_CORRELATION_HEATMAP.pdf,PEARSON_CORRELATION_HEATMAP.pdf,pdf,78191,6e235eeffb084a867164a72b71d92aa80d40c121d8e0404ba3b53b7a7ac7eb5e,待核验/verify license
source_snapshots/the-data-of-Spatiotemporal-Evolution-and-Influencing-Factors-of-Regional-Resilience-in-China/DESCRIPTIVE_AND_PEARSON_RESULTS/DESCRIPTIVE_AND_PEARSON_RESULTS.xlsx,DESCRIPTIVE_AND_PEARSON_RESULTS.xlsx,xlsx,90436,8be9063f61a2958ae5d13599735eb68ac0189c5b7130bc60dcb2dbc81d5e0ec6,待核验/verify license
source_snapshots/the-data-of-Spatiotemporal-Evolution-and-Influencing-Factors-of-Regional-Resilience-in-China/catboost_info/learn_error.tsv,learn_error.tsv,tsv,8826,44ea38fd7df6b9056530afee134e83d14eb6e746d28a5df3171a64ac91f2cd50,待核验/verify license
source_snapshots/the-data-of-Spatiotemporal-Evolution-and-Influencing-Factors-of-Regional-Resilience-in-China/catboost_info/catboost_training.json,catboost_training.json,json,50009,6a58ae2b9054d2c081ce2ad7a20162631d7a3d0f20b635321d44ac67b1cfd3e2,待核验/verify license
source_snapshots/the-data-of-Spatiotemporal-Evolution-and-Influencing-Factors-of-Regional-Resilience-in-China/catboost_info/time_left.tsv,time_left.tsv,tsv,5823,1c05ed3891884c7de1a96dd5cda86e5b814deeb804755a0e99c415feef2c3dbf,待核验/verify license
source_snapshots/the-data-of-Spatiotemporal-Evolution-and-Influencing-Factors-of-Regional-Resilience-in-China/LEAVE_ONE_INDICATOR_OUT_RESULTS/TABLE_A4_LEAVE_ONE_INDICATOR_OUT.xlsx,TABLE_A4_LEAVE_ONE_INDICATOR_OUT.xlsx,xlsx,64598,8ff79ff4075929a9c4e832ea6deff90004811a4c545ae89531d86787220e01cc,待核验/verify license
source_snapshots/the-data-of-Spatiotemporal-Evolution-and-Influencing-Factors-of-Regional-Resilience-in-China/resilience_output/INDICATOR_SYSTEM_EN.csv,INDICATOR_SYSTEM_EN.csv,csv,1215,057c3a6a3df96267b751743e7d93127e38780f98e8ff14565a61d34d4301ad82,待核验/verify license
source_snapshots/the-data-of-Spatiotemporal-Evolution-and-Influencing-Factors-of-Regional-Resilience-in-China/resilience_output/RESILIENCE_PANEL_EN.csv,RESILIENCE_PANEL_EN.csv,csv,158689,e0964f8e2562c06c194c636231b3e87411fad55692b3329951db7fbcb4660df5,待核验/verify license
source_snapshots/the-data-of-Spatiotemporal-Evolution-and-Influencing-Factors-of-Regional-Resilience-in-China/simple_model_output/SIMPLE_MODEL_RESULTS.xlsx,SIMPLE_MODEL_RESULTS.xlsx,xlsx,12920,1ef6e7d84a15b4cd77f29e53949b99c6d99785bece534c8d57c03aacb782cb97,待核验/verify license
source_snapshots/the-data-of-Spatiotemporal-Evolution-and-Influencing-Factors-of-Regional-Resilience-in-China/spatial_weight_sensitivity_output/SPATIAL_WEIGHT_SENSITIVITY.xlsx,SPATIAL_WEIGHT_SENSITIVITY.xlsx,xlsx,93798,a9fe77238005752e169198b1d0ebde5e7f802cb5c53c22df3e33ac301eb8ffb4,待核验/verify license
source_snapshots/the-data-of-Spatiotemporal-Evolution-and-Influencing-Factors-of-Regional-Resilience-in-China/spatial_weight_sensitivity_output/gadm41_CHN_1.json,gadm41_CHN_1.json,json,2408414,0cc2dacb44375c1e36cf32145303b1f403e838658fb44de944af94df910deacc,待核验/verify license
source_snapshots/the-data-of-Spatiotemporal-Evolution-and-Influencing-Factors-of-Regional-Resilience-in-China/ML_SHAP_BY_ZONE/SHAP_Beeswarm_Bar_Central.pdf,SHAP_Beeswarm_Bar_Central.pdf,pdf,59411,da9b86bcaab7385a9dfccbe91e2eec75eae76723118cb23e04195230c4dc3633,待核验/verify license
source_snapshots/the-data-of-Spatiotemporal-Evolution-and-Influencing-Factors-of-Regional-Resilience-in-China/ML_SHAP_BY_ZONE/SHAP_Beeswarm_Bar_Central.png,SHAP_Beeswarm_Bar_Central.png,png,280586,96b3f87d4312f6471598765a736fb16a9e23e0c15456acfebde5eab15b58f13e,待核验/verify license
source_snapshots/the-data-of-Spatiotemporal-Evolution-and-Influencing-Factors-of-Regional-Resilience-in-China/ML_SHAP_BY_ZONE/SHAP_Beeswarm_Bar_东部.pdf,SHAP_Beeswarm_Bar_东部.pdf,pdf,69104,2340d51a41acd8eeec7b9a953f92c609a915ba96a43921b3999f204390dcd87a,待核验/verify license
source_snapshots/the-data-of-Spatiotemporal-Evolution-and-Influencing-Factors-of-Regional-Resilience-in-China/ML_SHAP_BY_ZONE/SHAP_Beeswarm_Bar_东部.png,SHAP_Beeswarm_Bar_东部.png,png,307192,90fa9751611980e9649c5e21c943eaa690b885f05bab9c441fdabe1b1e36b2d3,待核验/verify license
source_snapshots/the-data-of-Spatiotemporal-Evolution-and-Influencing-Factors-of-Regional-Resilience-in-China/ML_SHAP_BY_ZONE/ML_SHAP_By_Zone_Metrics.xlsx,ML_SHAP_By_Zone_Metrics.xlsx,xlsx,5658,a52ffb47be8a18254d31beb32bf1894c5be654d1f0306ff57dd8904701878ca5,待核验/verify license
source_snapshots/the-data-of-Spatiotemporal-Evolution-and-Influencing-Factors-of-Regional-Resilience-in-China/ML_SHAP_BY_ZONE/SHAP_Beeswarm_Bar_西部.png,SHAP_Beeswarm_Bar_西部.png,png,348879,001c4142d786fa45381eb3239c34e799dcf3944215c19bc17b6b7dce50107996,待核验/verify license
source_snapshots/the-data-of-Spatiotemporal-Evolution-and-Influencing-Factors-of-Regional-Resilience-in-China/ML_SHAP_BY_ZONE/SHAP_Beeswarm_Bar_Western.png,SHAP_Beeswarm_Bar_Western.png,png,357128,9f1801b2e9983af1c8e67620a4bf774c2a1b4bbf9042eb774a57c01f7ce759a5,待核验/verify license
source_snapshots/the-data-of-Spatiotemporal-Evolution-and-Influencing-Factors-of-Regional-Resilience-in-China/ML_SHAP_BY_ZONE/SHAP_Beeswarm_Bar_Eastern.png,SHAP_Beeswarm_Bar_Eastern.png,png,310979,40bf6bcf08b069b349183d629d1f0ce607790af000f3d5b7411e189215a936d9,待核验/verify license
source_snapshots/the-data-of-Spatiotemporal-Evolution-and-Influencing-Factors-of-Regional-Resilience-in-China/ML_SHAP_BY_ZONE/SHAP_Beeswarm_Bar_Western.pdf,SHAP_Beeswarm_Bar_Western.pdf,pdf,74457,527726e125b7026f8db30ae33711374989dd3f865a7dc0dbe5eaa5c6f98d1413,待核验/verify license
source_snapshots/the-data-of-Spatiotemporal-Evolution-and-Influencing-Factors-of-Regional-Resilience-in-China/ML_SHAP_BY_ZONE/SHAP_Beeswarm_Bar_中部.png,SHAP_Beeswarm_Bar_中部.png,png,278177,6f722ed9a6e9abe641e9ece333e106d820142f55d350a517d0404480b782abc2,待核验/verify license
source_snapshots/the-data-of-Spatiotemporal-Evolution-and-Influencing-Factors-of-Regional-Resilience-in-China/ML_SHAP_BY_ZONE/SHAP_Beeswarm_Bar_西部.pdf,SHAP_Beeswarm_Bar_西部.pdf,pdf,74094,fd3349db8caa61a7830e50f0dfaa6f7356fe0dc036e3c0b647b26c5f9ba4cd75,待核验/verify license
source_snapshots/the-data-of-Spatiotemporal-Evolution-and-Influencing-Factors-of-Regional-Resilience-in-China/ML_SHAP_BY_ZONE/ML_SHAP_By_Zone_Result.xlsx,ML_SHAP_By_Zone_Result.xlsx,xlsx,85340,35ece8b902e0ca1553eda40ddf7fdca8eeab552ad9b4c767e6dea461e2ff3ab6,待核验/verify license
source_snapshots/the-data-of-Spatiotemporal-Evolution-and-Influencing-Factors-of-Regional-Resilience-in-China/ML_SHAP_BY_ZONE/SHAP_Beeswarm_Bar_Eastern.pdf,SHAP_Beeswarm_Bar_Eastern.pdf,pdf,68823,8f0e32f270f6d427082341cd9394808807af1d04d33cc75fd5af55b7144751f1,待核验/verify license
source_snapshots/the-data-of-Spatiotemporal-Evolution-and-Influencing-Factors-of-Regional-Resilience-in-China/ML_SHAP_BY_ZONE/SHAP_Beeswarm_Bar_中部.pdf,SHAP_Beeswarm_Bar_中部.pdf,pdf,59459,d9df99d8088ad753fef6c0f3166bf424432f56d9002baa23517b89c670a12be4,待核验/verify license
source_snapshots/the-data-of-Spatiotemporal-Evolution-and-Influencing-Factors-of-Regional-Resilience-in-China/ML_SHAP_OUTPUT_CORE/Feature_Importance.xlsx,Feature_Importance.xlsx,xlsx,5211,87a215d11ea64c6062c63536ae3fa8a109d0dc6233d087b58b12939a2dd4bb9f,待核验/verify license
source_snapshots/the-data-of-Spatiotemporal-Evolution-and-Influencing-Factors-of-Regional-Resilience-in-China/ML_SHAP_OUTPUT_CORE/SHAP_Values.xlsx,SHAP_Values.xlsx,xlsx,78430,011aee64d5a5f3e3b9367ab9bfde8b0eec93d8e624d662f7492f18b1cb5da28d,待核验/verify license
source_snapshots/the-data-of-Spatiotemporal-Evolution-and-Influencing-Factors-of-Regional-Resilience-in-China/ML_SHAP_OUTPUT_CORE/ML_SHAP_Core_Result.xlsx,ML_SHAP_Core_Result.xlsx,xlsx,79965,4777de21769cf8d03a96bbc0c233ecbef675dbe625d08b74f4b1b5d591b17980,待核验/verify license
source_snapshots/the-data-of-Spatiotemporal-Evolution-and-Influencing-Factors-of-Regional-Resilience-in-China/ML_SHAP_OUTPUT_CORE/SHAP_Beeswarm_Bar_Core.png,SHAP_Beeswarm_Bar_Core.png,png,343370,b7aab9e0a8ea9d5bc8cc3aa81db1a92e4d3465fcbb08282f983d4bef2dc00a6a,待核验/verify license
source_snapshots/the-data-of-Spatiotemporal-Evolution-and-Influencing-Factors-of-Regional-Resilience-in-China/ML_SHAP_OUTPUT_CORE/SHAP_Beeswarm_Bar_Core.pdf,SHAP_Beeswarm_Bar_Core.pdf,pdf,195074,d68836e580ef94f24a40c69b0c89d006afea6a7869a595506d3ac9883850e6c9,待核验/verify license
source_snapshots/the-data-of-Spatiotemporal-Evolution-and-Influencing-Factors-of-Regional-Resilience-in-China/two_indicators_output/URBAN_RURAL_INDICATORS.csv,URBAN_RURAL_INDICATORS.csv,csv,22695,2e29d4d0c7e29aca3f1b6e1742792afecde6de1983489222ffa2f6915790899f,待核验/verify license
source_snapshots/the-data-of-Spatiotemporal-Evolution-and-Influencing-Factors-of-Regional-Resilience-in-China/two_indicators_output/URBAN_RURAL_INDICATORS.xlsx,URBAN_RURAL_INDICATORS.xlsx,xlsx,25797,ebb900030f7dd6b9622e1a780c00e7a372805e7b27c9dfa9b781a243a8a2eb21,待核验/verify license
source_snapshots/the-data-of-Spatiotemporal-Evolution-and-Influencing-Factors-of-Regional-Resilience-in-China/ML_SHAP_NATIONAL/Feature_Importance.xlsx,Feature_Importance.xlsx,xlsx,5210,21bd0aecd79d6a5cbdc40be20773f2ddf88c18f275a4205fea4e7c56fa2054ff,待核验/verify license
source_snapshots/the-data-of-Spatiotemporal-Evolution-and-Influencing-Factors-of-Regional-Resilience-in-China/ML_SHAP_NATIONAL/ML_SHAP_National_Result.xlsx,ML_SHAP_National_Result.xlsx,xlsx,79961,77e1d70aebc839c98db3f0021f8f44b10060c9f31d3f0e6c1d1fe7f698bb3d0d,待核验/verify license
source_snapshots/the-data-of-Spatiotemporal-Evolution-and-Influencing-Factors-of-Regional-Resilience-in-China/ML_SHAP_NATIONAL/SHAP_Values.xlsx,SHAP_Values.xlsx,xlsx,78429,69860f957bbd87a4f241b4ec0c3d23ae227b3245c0f8e103bc36457ea1a5005e,待核验/verify license
source_snapshots/the-data-of-Spatiotemporal-Evolution-and-Influencing-Factors-of-Regional-Resilience-in-China/ML_SHAP_NATIONAL/SHAP_Beeswarm_Bar_National.pdf,SHAP_Beeswarm_Bar_National.pdf,pdf,193072,5e31e64b4770d8facadef3529c2f7fa47323d45fd0f5041e9b4f4fcdc4a39825,待核验/verify license
source_snapshots/the-data-of-Spatiotemporal-Evolution-and-Influencing-Factors-of-Regional-Resilience-in-China/ML_SHAP_NATIONAL/SHAP_Beeswarm_Bar_National.png,SHAP_Beeswarm_Bar_National.png,png,356661,9d865e9617822f876b5fcc95705caf78bec5ac52c8194dd56ecb3f5873ab88b0,待核验/verify license
source_snapshots/the-data-of-Spatiotemporal-Evolution-and-Influencing-Factors-of-Regional-Resilience-in-China/CORRELATION_RESULTS/TABLE_A3_SUBSYSTEM_CORRELATION.xlsx,TABLE_A3_SUBSYSTEM_CORRELATION.xlsx,xlsx,8604,81529fccba7f3a70f0ca7a2ef6a873a3ffc33a3f49ffff347195da15322a4eaa,待核验/verify license
source_snapshots/the-data-of-Spatiotemporal-Evolution-and-Influencing-Factors-of-Regional-Resilience-in-China/catboost_info/learn/events.out.tfevents,events.out.tfevents,tfevents,24370,56dc258f4c570f711f339a966a9368db3b39f5d0ace26928fde75794c3f72afa,待核验/verify license
source_snapshots/DEI-CEI/paper/sustainability-18-01283.pdf,sustainability-18-01283.pdf,pdf,11382401,a0351f2c1f5b96a529a1722f4985d772d825f1475dfdc6bd47f575d67ba8eedc,待核验/verify license
source_snapshots/yile-wang-research-collection/hooks/use-mobile.ts,use-mobile.ts,ts,585,82bff42ff087bd5dc90a5d17609cc428b8688de92d1333073a839af5ad3c9cbd,待核验/verify license
source_snapshots/yile-wang-research-collection/scripts/build-search-index.mjs,build-search-index.mjs,mjs,2782,c2f44d41a9121e58e617428256929b44aa6193010bc56e8cd664c7a81866d3d1,待核验/verify license
source_snapshots/yile-wang-research-collection/components/docx-reader.tsx,docx-reader.tsx,tsx,2390,a22454c561b6fe248a6f9eff8065861e36be286c9a9af6efb0aa767b0e0fd1ac,待核验/verify license
source_snapshots/yile-wang-research-collection/components/paper-collection.tsx,paper-collection.tsx,tsx,25517,f3bb37c0786a201db2fb5e32b94d4690edf036d9a2ce2aed96f2c72e57f9538c,待核验/verify license
source_snapshots/yile-wang-research-collection/app/globals.css,globals.css,css,6772,5989d0dedc07a208ccf8a9dfa0e8fe2b20afe7892c203fe76616b9afe9478f93,待核验/verify license
source_snapshots/yile-wang-research-collection/app/layout.tsx,layout.tsx,tsx,1025,9afd23746a4c898aaa0ee9e23369af88422c9879e73b03d133e759af79df9133,待核验/verify license
source_snapshots/yile-wang-research-collection/app/papers.ts,papers.ts,ts,10970,e0c5389a3ee9a18deb8ddc773ed8e95420d30f812742bc31af5bc114c1f0bdfc,待核验/verify license
source_snapshots/yile-wang-research-collection/app/page.tsx,page.tsx,tsx,131,961c201fdd0cd206c116eecf0269ceb5a7236ec019c8eea1e94462002511ce19,待核验/verify license
source_snapshots/yile-wang-research-collection/lib/utils.ts,utils.ts,ts,169,9304a861c8673bee09e0f12de31773abbde503b02e59dfd74763ddec2e37cf05,待核验/verify license
source_snapshots/yile-wang-research-collection/public/favicon.svg,favicon.svg,svg,422,1d1a871eab5f0fc42b2583033b761d023dbe59d41c2f11d5ca89a76c29643c06,待核验/verify license
source_snapshots/yile-wang-research-collection/public/og.png,og.png,png,968681,dd327a741f5ab1fbd6893dbd3406615f066f45cf94842e66c6130825de280054,待核验/verify license
source_snapshots/yile-wang-research-collection/docs/about.md,about.md,md,1160,413214864ffb0642d57bfe25c3306eca8fdbaac530a976d67188e9cf09d2e863,待核验/verify license
source_snapshots/yile-wang-research-collection/docs/reading-guide.md,reading-guide.md,md,1041,2d07d5345aa6700a6a210dde23c76ebf3dbd3b10b299dcceed55ce1bd5ff9029,待核验/verify license
source_snapshots/yile-wang-research-collection/docs/_sidebar.md,_sidebar.md,md,685,72d8e2cbfb805ce895c3ab6baece9a3c297a9b6bac3e8e0c0cf71f42f05f4a7c,待核验/verify license
source_snapshots/yile-wang-research-collection/docs/styles.css,styles.css,css,3763,8e2ddcfcb7934ab9f7aaf99ef0f3acea7d6a96f577e1adfe66ccbc24206d9482,待核验/verify license
source_snapshots/yile-wang-research-collection/docs/index.html,index.html,html,3308,d83e87261eb5d87f5224e69770b2b8650c9ab1514a37bf7f6925d313575630e0,待核验/verify license
source_snapshots/yile-wang-research-collection/docs/README.md,README.md,md,1616,6c20013e5a732f83f893e11257d6a2fe8ff9e1814f3a3678c9fdc4efb98c1e48,待核验/verify license
source_snapshots/yile-wang-research-collection/docs/_coverpage.md,_coverpage.md,md,297,64dc80311a05750931c76523aeb62a0731418a0063db8a011c9a855288300141,待核验/verify license
source_snapshots/yile-wang-research-collection/docs/SUMMARY.md,SUMMARY.md,md,655,4b25ddeb4e834212683f9d387cdea1e0cf196b5e08eaf4b975baf250186d4882,待核验/verify license
source_snapshots/yile-wang-research-collection/docs/_navbar.md,_navbar.md,md,183,3a547c754a8e08579dcae85bda0e726642f0c4dd0f8aa486d886cec84c18301a,待核验/verify license
source_snapshots/yile-wang-research-collection/components/ui/empty.tsx,empty.tsx,tsx,2415,bf54bac4881b79f6a53f55e70c18640f58a058add88aed763c71be35c4f64f59,待核验/verify license
source_snapshots/yile-wang-research-collection/components/ui/item.tsx,item.tsx,tsx,4888,9c5e45e6c4aae5b9c4c1304e1f1208d32681ab616a6e0de9de6e0d6b22690592,待核验/verify license
source_snapshots/yile-wang-research-collection/components/ui/avatar.tsx,avatar.tsx,tsx,3056,342f32b683937b826cdff2999d5e3057836d459aa43eadb0c3538b818d195b9a,待核验/verify license
source_snapshots/yile-wang-research-collection/components/ui/attachment.tsx,attachment.tsx,tsx,6132,dcb9e899f1322158f016d75c400fa8cce9b797ea49bec65528bac686cee2ec5c,待核验/verify license
source_snapshots/yile-wang-research-collection/components/ui/slider.tsx,slider.tsx,tsx,1879,af657e73d672f4dd205f19abf151d21a172cf36abfdca49fd7014a20e12367a9,待核验/verify license
source_snapshots/yile-wang-research-collection/components/ui/scroll-area.tsx,scroll-area.tsx,tsx,1632,730c4cc49f8f1b705eb1389cd32c774056a0a2a7a48a9b092cbe44c608be3a0b,待核验/verify license
source_snapshots/yile-wang-research-collection/components/ui/message-scroller.tsx,message-scroller.tsx,tsx,4070,9512c586d1b0885cf3ae4f1c3dd4281cbdfec7428fe98ff48a66b4ba2a7319f4,待核验/verify license
source_snapshots/yile-wang-research-collection/components/ui/tabs.tsx,tabs.tsx,tsx,3510,dd914d769bc223b5d5ea56839a7752e534eb475f8d2897d5675606c368bbca1f,待核验/verify license
source_snapshots/yile-wang-research-collection/components/ui/input-otp.tsx,input-otp.tsx,tsx,2558,867f568259caac95f682d128d72e681b3fe7c31701a396eacc9284401d917a6a,待核验/verify license
source_snapshots/yile-wang-research-collection/components/ui/badge.tsx,badge.tsx,tsx,1934,5706189b86e8670499fb33f37147dd6f65c39d59eef5211e34157f2952c35e32,待核验/verify license
source_snapshots/yile-wang-research-collection/components/ui/sheet.tsx,sheet.tsx,tsx,4446,adb432b6f9d7a4733caa45ba8bf510a8a7ff0f6d0dd3aa1f013959fb61268234,待核验/verify license
source_snapshots/yile-wang-research-collection/components/ui/separator.tsx,separator.tsx,tsx,551,92ad5065f03d7edc98f367e729f3ec84ece1d99ee8cd0d3a8137f266d4ab3d8a,待核验/verify license
source_snapshots/yile-wang-research-collection/components/ui/aspect-ratio.tsx,aspect-ratio.tsx,tsx,406,b7fb499905e441a0602392ce118828425ad059079060109694d01f9fac00ad20,待核验/verify license
source_snapshots/yile-wang-research-collection/components/ui/chart.tsx,chart.tsx,tsx,10581,56ab0e0b41f0cc7902414e046ea4f710bdbf0b756028672ea8c7e5137a278f2b,待核验/verify license
source_snapshots/yile-wang-research-collection/components/ui/drawer.tsx,drawer.tsx,tsx,11396,b7ac53d0e5d1fed25fc3f2ac5f5a36e247ca684c677ac376829fa8a7c039b79e,待核验/verify license
source_snapshots/yile-wang-research-collection/components/ui/switch.tsx,switch.tsx,tsx,1818,04b085443a1c6a72d408e6eb7dd45df881ca27814415b81b39f614806b52c8fc,待核验/verify license
source_snapshots/yile-wang-research-collection/components/ui/dialog.tsx,dialog.tsx,tsx,4087,8bc85def62538b4e62e8530c6b0ba167a192c38519c05f104bf6e10de73b811f,待核验/verify license
source_snapshots/yile-wang-research-collection/components/ui/direction.tsx,direction.tsx,tsx,105,2dea8a95accb1723db2454ccc858697d5b1f1454568cf4da5e8fcbd0cf7cc1ee,待核验/verify license
source_snapshots/yile-wang-research-collection/components/ui/hover-card.tsx,hover-card.tsx,tsx,1863,d8cb7270c5893213fc00b5f270f9bc461e2d7ce5b81f77b8778253a1aeda6a2c,待核验/verify license
source_snapshots/yile-wang-research-collection/components/ui/progress.tsx,progress.tsx,tsx,1751,0d8ddec9731940e104b851cf3ac67d2fa8589b289824317a9e8f326e090ba65a,待核验/verify license
source_snapshots/yile-wang-research-collection/components/ui/carousel.tsx,carousel.tsx,tsx,5727,7444126492d4e0b85b1270f0d83a0955350fa95b3d3fb7b88edc2a5c2b4e5d14,待核验/verify license
source_snapshots/yile-wang-research-collection/components/ui/spinner.tsx,spinner.tsx,tsx,360,8ddbb330e5564a1f53026da36c2322ed4b027687e91a88f63348ab10f26ae0cb,待核验/verify license
source_snapshots/yile-wang-research-collection/components/ui/popover.tsx,popover.tsx,tsx,2586,7376624438588e2d64b6e0c5cdf82cbc5fd4530bbcf1f0235c5f3ee08d12e877,待核验/verify license
source_snapshots/yile-wang-research-collection/components/ui/radio-group.tsx,radio-group.tsx,tsx,1843,43f2d6c2f5bdd4a26c57d93e6f141be20472f9bb8777d9a0d61cd8a5e281a999,待核验/verify license
source_snapshots/yile-wang-research-collection/components/ui/collapsible.tsx,collapsible.tsx,tsx,664,3fdf7ef1ca89c4d85de5ecbb25813d0f572003a53b021baf43c5f3523e48ec97,待核验/verify license
source_snapshots/yile-wang-research-collection/components/ui/tooltip.tsx,tooltip.tsx,tsx,2855,b86e51969931c3d62e88d0bdacd1cd8219105dc6d6b6a588a80011bf92e987cd,待核验/verify license
source_snapshots/yile-wang-research-collection/components/ui/native-select.tsx,native-select.tsx,tsx,2133,3aafb74b98c039dae4eb2c64c47ec6f5d61fdc888c057de47550346f702f434b,待核验/verify license
source_snapshots/yile-wang-research-collection/components/ui/dropdown-menu.tsx,dropdown-menu.tsx,tsx,8809,efc088f3d79f64cf96e222701ae23dcf385b53947b3cd57ffb7be6f5dadcbfe2,待核验/verify license
source_snapshots/yile-wang-research-collection/components/ui/sidebar.tsx,sidebar.tsx,tsx,21779,aa3322ca63f098aa1d2abf750f9d097da07362fce25939357f2cefc9b6a03988,待核验/verify license
source_snapshots/yile-wang-research-collection/components/ui/table.tsx,table.tsx,tsx,2418,88f2ba7877eea7f34a5da18b7fa096eb2c7bed602677ce54f5494b494c5afc2e,待核验/verify license
source_snapshots/yile-wang-research-collection/components/ui/accordion.tsx,accordion.tsx,tsx,2664,33e1c60ba503f4eb36f9a8b1f68b236174b11656d8efea6bac65abddda2f9019,待核验/verify license
source_snapshots/yile-wang-research-collection/components/ui/checkbox.tsx,checkbox.tsx,tsx,1538,56b2869e5478f38238e6a3d8aefabfbe8af565b38b2ffad06466487b3eacf154,待核验/verify license
source_snapshots/yile-wang-research-collection/components/ui/toggle-group.tsx,toggle-group.tsx,tsx,3201,9b006523be0fe3230cd75f7adf78a501829d594fd3506c56c55bb38211ff1850,待核验/verify license
source_snapshots/yile-wang-research-collection/components/ui/alert.tsx,alert.tsx,tsx,2060,e760c470414c9e617d7292094146d906352fee3b1526b790a611d4a118e79196,待核验/verify license
source_snapshots/yile-wang-research-collection/components/ui/button-group.tsx,button-group.tsx,tsx,2494,79ad8fb6644a775cc49131c1aa737ca26cae6a563beec0fa52ef6e8d85202fab,待核验/verify license
source_snapshots/yile-wang-research-collection/components/ui/alert-dialog.tsx,alert-dialog.tsx,tsx,5301,ed0f1fc432bca4c72f9dd8741ae2268a00d2d3429ff1149bf463c4271b13d8e9,待核验/verify license
source_snapshots/yile-wang-research-collection/components/ui/select.tsx,select.tsx,tsx,6700,45489c502a21fdd5271481d64ad8f762181c9653d8d26bdc6f75450b78c3c852,待核验/verify license
source_snapshots/yile-wang-research-collection/components/ui/bubble.tsx,bubble.tsx,tsx,4828,dfb9f52ae3b89e4a419b336c3893ab6fb658fc324fb402759d878d54e3b2db5a,待核验/verify license
source_snapshots/yile-wang-research-collection/components/ui/button.tsx,button.tsx,tsx,3247,081d2a1cb4f3aec636a6894d9eff4e90d476d5db85b82d0399c1f4d18517112e,待核验/verify license
source_snapshots/yile-wang-research-collection/components/ui/skeleton.tsx,skeleton.tsx,tsx,278,4c342102b2bbf5bd8c04fa151fe5c13c42faee2f9587a3586c27322020ca35d1,待核验/verify license
source_snapshots/yile-wang-research-collection/components/ui/menubar.tsx,menubar.tsx,tsx,8315,a3715f8e8b78261f5784929c532e100759c58e831c91e842438730797bc9a124,待核验/verify license
source_snapshots/yile-wang-research-collection/components/ui/kbd.tsx,kbd.tsx,tsx,842,bdfb38a4f7b9b604e196b5cee0d86f12311dae72946f0dbf5928c8ad0638178f,待核验/verify license
source_snapshots/yile-wang-research-collection/components/ui/field.tsx,field.tsx,tsx,6303,79023ca89aae39f9cffa83a9483c9c672099b4547cc821486283db61c6ae9327,待核验/verify license
source_snapshots/yile-wang-research-collection/components/ui/command.tsx,command.tsx,tsx,5029,9c1eae65aa105935a34c6b736f673b71a2ef939dde53dce29d986221edbf1f9f,待核验/verify license
source_snapshots/yile-wang-research-collection/components/ui/textarea.tsx,textarea.tsx,tsx,847,7ae7f0f5d907be24658652c771fee1685193102bf3200aafbf578d144d379fbf,待核验/verify license
source_snapshots/yile-wang-research-collection/components/ui/toggle.tsx,toggle.tsx,tsx,1770,6bf41d6f6ffe602c3e28274a82ac029e6ee1331ba3c670a6d814048e1823cc28,待核验/verify license
source_snapshots/yile-wang-research-collection/components/ui/combobox.tsx,combobox.tsx,tsx,9135,282041e2e8c52cc12e7bbc717bbd3f8c9c5ba18e7fa75b97053bc79687e1181e,待核验/verify license
source_snapshots/yile-wang-research-collection/components/ui/toast.tsx,toast.tsx,tsx,7353,9126b09f47f0b117bf748cf19aaa4987a1f72d0813d10bfc4b4b0128e6439e48,待核验/verify license
source_snapshots/yile-wang-research-collection/components/ui/resizable.tsx,resizable.tsx,tsx,1681,ea7b85817d4dc70866e0bcf15264e7e1bd7e1893eb4404261fbc23a4d6ff9029,待核验/verify license
source_snapshots/yile-wang-research-collection/components/ui/navigation-menu.tsx,navigation-menu.tsx,tsx,7436,c8e64bf5241145b512ae18f1062da8275691edf927736496a3860bec76ad6fa1,待核验/verify license
source_snapshots/yile-wang-research-collection/components/ui/input.tsx,input.tsx,tsx,1046,6763c86c34c1c07826386d376f5da8fe2e41585bff3615716d5da88915e088d8,待核验/verify license
source_snapshots/yile-wang-research-collection/components/ui/message.tsx,message.tsx,tsx,2246,2fedcc64ed8563a44f6697615e77574d96f819fe6e5e2fa8a555e30f8ed6bbd7,待核验/verify license
source_snapshots/yile-wang-research-collection/components/ui/label.tsx,label.tsx,tsx,524,e4a6fb662c44a44c468d16d79d02b3a3e5bf7b77bd50aef1e586c4d9613df0f6,待核验/verify license
source_snapshots/yile-wang-research-collection/components/ui/input-group.tsx,input-group.tsx,tsx,5289,2e65ddecb4401220be374cc6cfc42344538266cafeb2e590b3c760c7ed6b490a,待核验/verify license
source_snapshots/yile-wang-research-collection/components/ui/calendar.tsx,calendar.tsx,tsx,8503,e7bc682eff8f2215e6b0aab40d1afb7ee927c5f5bef348ccff207631b9261658,待核验/verify license
source_snapshots/yile-wang-research-collection/components/ui/breadcrumb.tsx,breadcrumb.tsx,tsx,2602,b28b76d6f8d0feafbbeff2220cf83f9a6b03d8c81f0145b3af4c7d19933ab2c0,待核验/verify license
source_snapshots/yile-wang-research-collection/components/ui/card.tsx,card.tsx,tsx,2645,625fce5e16577a45108a86d7afcd70b8931cb2032abe0d6a3faf1010f666d672,待核验/verify license
source_snapshots/yile-wang-research-collection/components/ui/pagination.tsx,pagination.tsx,tsx,2928,1f3c1713e8824cca7c3c0edacf9da7b0114bfda58640771b8fe0bc6179b370ce,待核验/verify license
source_snapshots/yile-wang-research-collection/components/ui/marker.tsx,marker.tsx,tsx,1962,cd1e872384cf5001e48b4dc3cc2bb011eba9700561d41c83a89e872b60baf175,待核验/verify license
source_snapshots/yile-wang-research-collection/components/ui/context-menu.tsx,context-menu.tsx,tsx,8166,05c3646b452f5e3b9eb952eeba3d90657606d2b0875cb77652cdb5eadba0eb5c,待核验/verify license
source_snapshots/yile-wang-research-collection/public/search/index.json,index.json,json,327609,87738c04f4391d46fe948abee63c304e4c84dfe321c433415d33cd653e0dce21,待核验/verify license
source_snapshots/yile-wang-research-collection/public/covers/digital-economy-carbon-emissions.jpg,digital-economy-carbon-emissions.jpg,jpg,288745,c82ba012d94c243c932da025b5ba8eb939ad51d4eff228337d63afe83afb3b80,待核验/verify license
source_snapshots/yile-wang-research-collection/public/covers/reciprocal-tariffs-apmcm.jpg,reciprocal-tariffs-apmcm.jpg,jpg,267762,39f478c7edbdf8e9120326305f7aff5484906c01581403e8c13555e3919109e6,待核验/verify license
source_snapshots/yile-wang-research-collection/public/covers/hybrid-pca-stacking.jpg,hybrid-pca-stacking.jpg,jpg,347270,138fb8e9608ff5bc906f6649afea56c228ab6d1e21d9caccc3c0f0bbc4b94cef,待核验/verify license
source_snapshots/yile-wang-research-collection/public/documents/digital-economy-carbon-emissions.pdf,digital-economy-carbon-emissions.pdf,pdf,8970237,a40f7d2e339cc8eb0fd562ee360cb6ba8de4bd7842c951acf85a7849da967018,待核验/verify license
source_snapshots/yile-wang-research-collection/public/documents/regional-resilience.docx,regional-resilience.docx,docx,2721020,d95d0917244c6aebd4f8f48cb1aaa0fde875a3b3b31659cab77b8320659619dc,待核验/verify license
source_snapshots/yile-wang-research-collection/public/documents/reciprocal-tariffs-apmcm.pdf,reciprocal-tariffs-apmcm.pdf,pdf,8873611,a6a8272c54912329404dc048753b45e99c2fcb409197cd223c6306c88566bcc3,待核验/verify license
source_snapshots/yile-wang-research-collection/public/documents/ipo-pricing-dml.docx,ipo-pricing-dml.docx,docx,568661,19d87343aad098565f91d2935bfe3c54f8365dcada6f22f6c8e4b3ae345845e6,待核验/verify license
source_snapshots/yile-wang-research-collection/public/documents/digital-economy-gtfp.docx,digital-economy-gtfp.docx,docx,4053954,b08e76ca14362f2afc3979777bb1976f2bab8068f25d1b9bbd35e24fb1c13021,待核验/verify license
source_snapshots/yile-wang-research-collection/public/documents/hybrid-pca-stacking.pdf,hybrid-pca-stacking.pdf,pdf,731452,af7a744d284c89268aa76fc6ced7954d68e201893be747e5a8ffaba3c043fffc,待核验/verify license
source_snapshots/yile-wang-research-collection/docs/papers/02-ipo-pricing-dml.md,02-ipo-pricing-dml.md,md,2448,37462d06977f24cbfb18f160ba3f1452e2beba94ed72e6cb34c6392ba7cf47f0,待核验/verify license
source_snapshots/yile-wang-research-collection/docs/papers/04-digital-economy-carbon.md,04-digital-economy-carbon.md,md,2123,05d84e1de4419fb82e64602c08e0b8b7fdadcaf88da1c1cb2e8c7188f9d1674c,待核验/verify license
source_snapshots/yile-wang-research-collection/docs/papers/01-modernization-pca-stacking.md,01-modernization-pca-stacking.md,md,2150,77618fa57e57427abdbb956c58049831533bceac8d518d88397314b5de0851e6,待核验/verify license
source_snapshots/yile-wang-research-collection/docs/papers/05-digital-economy-gtfp.md,05-digital-economy-gtfp.md,md,2519,dcb9ecec71afac8c13d9069fe824a54a5f63239a31f6d995f938290402b2ac69,待核验/verify license
source_snapshots/yile-wang-research-collection/docs/papers/03-reciprocal-tariffs.md,03-reciprocal-tariffs.md,md,2406,111aee23592fb9d6263f03610c9c4e410351e389b830afe553dddde1c9fcde4f,待核验/verify license
source_snapshots/yile-wang-research-collection/docs/papers/06-regional-resilience.md,06-regional-resilience.md,md,2282,f227013f2d950614f6773427174ed42789e17fd8598c7950cbcc8cde813915a5,待核验/verify license
source_snapshots/yile-wang-research-collection/docs/assets/cover.png,cover.png,png,968681,dd327a741f5ab1fbd6893dbd3406615f066f45cf94842e66c6130825de280054,待核验/verify license
source_snapshots/yile-wang-research-collection/docs/assets/covers/digital-economy-carbon-emissions.jpg,digital-economy-carbon-emissions.jpg,jpg,288745,c82ba012d94c243c932da025b5ba8eb939ad51d4eff228337d63afe83afb3b80,待核验/verify license
source_snapshots/yile-wang-research-collection/docs/assets/covers/reciprocal-tariffs-apmcm.jpg,reciprocal-tariffs-apmcm.jpg,jpg,267762,39f478c7edbdf8e9120326305f7aff5484906c01581403e8c13555e3919109e6,待核验/verify license
source_snapshots/yile-wang-research-collection/docs/assets/covers/hybrid-pca-stacking.jpg,hybrid-pca-stacking.jpg,jpg,347270,138fb8e9608ff5bc906f6649afea56c228ab6d1e21d9caccc3c0f0bbc4b94cef,待核验/verify license
source_snapshots/yile-wang-research-collection/docs/assets/papers/digital-economy-carbon-emissions.pdf,digital-economy-carbon-emissions.pdf,pdf,8970237,a40f7d2e339cc8eb0fd562ee360cb6ba8de4bd7842c951acf85a7849da967018,待核验/verify license
source_snapshots/yile-wang-research-collection/docs/assets/papers/regional-resilience.docx,regional-resilience.docx,docx,2721020,d95d0917244c6aebd4f8f48cb1aaa0fde875a3b3b31659cab77b8320659619dc,待核验/verify license
source_snapshots/yile-wang-research-collection/docs/assets/papers/reciprocal-tariffs-apmcm.pdf,reciprocal-tariffs-apmcm.pdf,pdf,8873611,a6a8272c54912329404dc048753b45e99c2fcb409197cd223c6306c88566bcc3,待核验/verify license
source_snapshots/yile-wang-research-collection/docs/assets/papers/ipo-pricing-dml.docx,ipo-pricing-dml.docx,docx,568661,19d87343aad098565f91d2935bfe3c54f8365dcada6f22f6c8e4b3ae345845e6,待核验/verify license
source_snapshots/yile-wang-research-collection/docs/assets/papers/digital-economy-gtfp.docx,digital-economy-gtfp.docx,docx,4053954,b08e76ca14362f2afc3979777bb1976f2bab8068f25d1b9bbd35e24fb1c13021,待核验/verify license
source_snapshots/yile-wang-research-collection/docs/assets/papers/hybrid-pca-stacking.pdf,hybrid-pca-stacking.pdf,pdf,731452,af7a744d284c89268aa76fc6ced7954d68e201893be747e5a8ffaba3c043fffc,待核验/verify license
source_snapshots/financial-stochastic-processes/notes/提取与使用说明.md,提取与使用说明.md,md,3893,584a21090d653a6baa4901a84f8d313ed72fd721e1a3d954c302acaab9130cea,待核验/verify license
source_snapshots/financial-stochastic-processes/solutions/第二章-随机过程基础.md,第二章-随机过程基础.md,md,8541,12fa11b9fb60eccdac18d36566bffffb92b0579ce3148d0dfa06ee7bfdf631e7,待核验/verify license
source_snapshots/financial-stochastic-processes/solutions/第三章-泊松过程.md,第三章-泊松过程.md,md,16103,7782a6eea7268bf120fe04126f55eeb72998d9920d01ed105eb665199d124d9c,待核验/verify license
source_snapshots/financial-stochastic-processes/solutions/第四章-马尔可夫链.md,第四章-马尔可夫链.md,md,15885,bca994c858bfbfda7b767ccf84cef4d2b8e66618b79bb395e88e331861a0433d,待核验/verify license
source_snapshots/financial-stochastic-processes/solutions/金融随机过程习题详解.md,金融随机过程习题详解.md,md,55266,d0c8679f4ce631d00224d816e2d4d6246e49f7a7663fcc57c8e2ae9ab68356ed,待核验/verify license
source_snapshots/financial-stochastic-processes/solutions/第五章-布朗运动.md,第五章-布朗运动.md,md,9564,a06fb97394deab06f7cdf072eb7de3bc4a461198adb7c181caf717e1d1817f18,待核验/verify license
source_snapshots/financial-stochastic-processes/solutions/第一章-随机变量与分布.md,第一章-随机变量与分布.md,md,6074,29ced870728ec2efdbd90a365c7c8e711a27e02f24dcd055e4775464db19497c,待核验/verify license
source_snapshots/financial-stochastic-processes/slides/第三章-泊松过程习题.ppt,第三章-泊松过程习题.ppt,ppt,199680,a394c4a2f708e79fb489c9355bae695902f47096a5f601943a6389ff58742d7e,待核验/verify license
source_snapshots/financial-stochastic-processes/slides/第五章-布朗运动习题.ppt,第五章-布朗运动习题.ppt,ppt,193024,71b6aa6d071291678cda4f7f8540ff15982aec3d4a53812361506009019f3301,待核验/verify license
source_snapshots/financial-stochastic-processes/slides/第二章-随机过程基础习题.ppt,第二章-随机过程基础习题.ppt,ppt,359936,31d963baa9bf8245a93ca089ca2de493a726a70e6ff62f775ba14c58b359f570,待核验/verify license
source_snapshots/financial-stochastic-processes/slides/第四章-马尔可夫链习题.ppt,第四章-马尔可夫链习题.ppt,ppt,331776,b0817ad332bdeab3f25378bf62bc6a028faf9c7e1bb8723b5309fbc2068bbcf1,待核验/verify license
source_snapshots/financial-stochastic-processes/slides/第一章-随机变量与分布习题.ppt,第一章-随机变量与分布习题.ppt,ppt,198144,4babd37392885945de1a5f5c75b9f4077aa2b17356a8852694fa8ff2d9c62e8a,待核验/verify license
source_snapshots/financial-stochastic-processes/slides/images/第二章/slide07.png,slide07.png,png,34067,e9be8f24b52d3bcfce5035c42297289c01734224f7f23b0a6a3e850a7ce5dfc9,待核验/verify license
source_snapshots/financial-stochastic-processes/slides/images/第二章/slide08.png,slide08.png,png,35561,eb9534a8225abcda279b84af7aae3319ea2cd577dd52eceef73f4fc9a0be73d5,待核验/verify license
source_snapshots/financial-stochastic-processes/slides/images/第二章/slide04.png,slide04.png,png,103077,b008c33d3ed145193c8a3c06ecf3ef98ea636d4c2153ce6c64e348089981814d,待核验/verify license
source_snapshots/financial-stochastic-processes/slides/images/第二章/slide03.png,slide03.png,png,50154,04674ae534010c638d2a0f5c6c67346f9903779bf67ae12b1f1197cec48a6b6c,待核验/verify license
source_snapshots/financial-stochastic-processes/slides/images/第二章/slide02.png,slide02.png,png,41155,7731664ac5674088ab28f8bc55da4b4e82cc0d28a891f44764f36f1e83c509de,待核验/verify license
source_snapshots/financial-stochastic-processes/slides/images/第二章/slide05.png,slide05.png,png,45139,e4f6ca74694c958515cb43a779b814929b57ed1bc5b7909a8eb249e3267b6225,待核验/verify license
source_snapshots/financial-stochastic-processes/slides/images/第二章/slide10.png,slide10.png,png,26924,d0ae85cfe01d44bde4f2d63ae7699a3d862fad2a4760f002cb16f939b76b57dc,待核验/verify license
source_snapshots/financial-stochastic-processes/slides/images/第二章/slide01.png,slide01.png,png,49686,3c056bd034dfda0c1a63248cbb13c85bb3e5b1fd965b73ac939f010fcde35c2d,待核验/verify license
source_snapshots/financial-stochastic-processes/slides/images/第二章/slide06.png,slide06.png,png,27097,40f46fc9ec445bb69771265deb48c94a232ccc4902e59b924593d1b3f19c159c,待核验/verify license
source_snapshots/financial-stochastic-processes/slides/images/第二章/slide09.png,slide09.png,png,26111,06693f4e05e7ab46f7a08baf656e2154ae0263a2ce930d5e9c0e3d3530a4fa43,待核验/verify license
source_snapshots/financial-stochastic-processes/slides/images/第一章/slide04.png,slide04.png,png,50538,1e09af2da89e94984625f63c683222aadef7aed205735210cc979f3ecc85dd91,待核验/verify license
source_snapshots/financial-stochastic-processes/slides/images/第一章/slide03.png,slide03.png,png,49734,7c3d0a3babddd4e56d2183ccd86cd2fc92c5358c603cb9d7187ac35f783d7394,待核验/verify license
source_snapshots/financial-stochastic-processes/slides/images/第一章/slide02.png,slide02.png,png,86351,519821d2ca49944dea392405aaac669823443ff88dbbc508642980f1c277b7b3,待核验/verify license
source_snapshots/financial-stochastic-processes/slides/images/第一章/slide01.png,slide01.png,png,62157,6d88d8c5e3d3e7c6fa5bd153a4dbf4131b8a7bd8a649c6f91651eead52fbe593,待核验/verify license
source_snapshots/financial-stochastic-processes/slides/images/第五章/slide04.png,slide04.png,png,65947,04c8b274a49a09a90263c4b61870455f28c397309b28795673e9c1a8d8abe858,待核验/verify license
source_snapshots/financial-stochastic-processes/slides/images/第五章/slide03.png,slide03.png,png,78790,a7a9e4ceaff35a18d46af65923f6f1b5a045db0a992ad4edfca6566008b4d98e,待核验/verify license
source_snapshots/financial-stochastic-processes/slides/images/第五章/slide02.png,slide02.png,png,45120,7ece99df615b79b8f65a18727d62a40b6db173ae6caff3354deadcac39990d22,待核验/verify license
source_snapshots/financial-stochastic-processes/slides/images/第五章/slide05.png,slide05.png,png,89248,b3b4c16bca6b6defb68cc8b49967619265f3341e3e7ddd202870160991df0b42,待核验/verify license
source_snapshots/financial-stochastic-processes/slides/images/第五章/slide01.png,slide01.png,png,62602,9c5d5032fadf28d7aa8a82cecd8b5674b1bedaa4b349a53ac0038c6d9c1846ee,待核验/verify license
source_snapshots/financial-stochastic-processes/slides/images/第三章/slide07.png,slide07.png,png,118705,9fcd71b2dca9b9ac547acf0adf89e7a99fa778b1a597a1cfe4adcdbb57372744,待核验/verify license
source_snapshots/financial-stochastic-processes/slides/images/第三章/slide08.png,slide08.png,png,167453,b8c83a0822f77cd3839a541279b4a2875486e823dcd7478aab44097d67544385,待核验/verify license
source_snapshots/financial-stochastic-processes/slides/images/第三章/slide04.png,slide04.png,png,67598,ce15a403ec10e681caa6a7d57de418a35266a31d8ceaea5d2e0dc223195d5352,待核验/verify license
source_snapshots/financial-stochastic-processes/slides/images/第三章/slide03.png,slide03.png,png,94219,9534e0e6de9af44b90dbf2821525684cac0ef7430b90a37e13330db9d7cba63f,待核验/verify license
source_snapshots/financial-stochastic-processes/slides/images/第三章/slide02.png,slide02.png,png,121030,f5ef4d1011bf9304bfde5aae18de1b8be6a4db06e9b9719a0e8e6e26e4bcbaa5,待核验/verify license
source_snapshots/financial-stochastic-processes/slides/images/第三章/slide05.png,slide05.png,png,100269,3261477bac6a6198f9add79c7adc59eb6f4d9eb85272078cf63d5cf51208211d,待核验/verify license
source_snapshots/financial-stochastic-processes/slides/images/第三章/slide10.png,slide10.png,png,51388,dca4845e97cbde9c174af4f2f7adf5a72bd6645b847628f4a667aa64f5160cd1,待核验/verify license
source_snapshots/financial-stochastic-processes/slides/images/第三章/slide01.png,slide01.png,png,149087,f575f5d051dcdc96a446a278363d6353da18e41ed3b177f825636b796c84ca72,待核验/verify license
source_snapshots/financial-stochastic-processes/slides/images/第三章/slide06.png,slide06.png,png,74617,0c4d7c43dee61146298153e42b7136b92a975e76b4b1ae66f4b23c4e9571ec28,待核验/verify license
source_snapshots/financial-stochastic-processes/slides/images/第三章/slide09.png,slide09.png,png,79795,ad9a417ea91dd9e9d6fd942955e5fc761534c7e24f60dccc23b32c174c2a8eea,待核验/verify license
source_snapshots/financial-stochastic-processes/slides/images/第四章/slide07.png,slide07.png,png,39984,e159024f09d59e39a491a4ccd7615b8fa4d7a49689760a058ff5e590e60dec7b,待核验/verify license
source_snapshots/financial-stochastic-processes/slides/images/第四章/slide08.png,slide08.png,png,82727,e0eb4c1354d229bca0536a78b0cf095c2cd510f776d2e74be48a836d8b521fca,待核验/verify license
source_snapshots/financial-stochastic-processes/slides/images/第四章/slide04.png,slide04.png,png,52940,270c3d118603ad6481083c9a2a2fbc9e4ef197133fba01fb24c2b1b80db2fc41,待核验/verify license
source_snapshots/financial-stochastic-processes/slides/images/第四章/slide03.png,slide03.png,png,51152,2cdb94c28fca0891ac18eb83b24d2d9d959ef4023adfe7a3e029c01ab97b6602,待核验/verify license
source_snapshots/financial-stochastic-processes/slides/images/第四章/slide02.png,slide02.png,png,85975,a12a238845ebe9a7ed47aae0f1a44fc9d54cc3aa247d00897b1351bed16fb2fa,待核验/verify license
source_snapshots/financial-stochastic-processes/slides/images/第四章/slide05.png,slide05.png,png,126356,9ef3cbcbd0b3a2ef7d9b97161ea3581996b9cfcf4ad774d8d7373424d3704920,待核验/verify license
source_snapshots/financial-stochastic-processes/slides/images/第四章/slide10.png,slide10.png,png,60226,4a735234afd2fb68dc946bb72aa2ab0e8e06edf0583f0af9c42ea4eeffe8733e,待核验/verify license
source_snapshots/financial-stochastic-processes/slides/images/第四章/slide01.png,slide01.png,png,96161,57648f631b5114b77a9f4b05e550b81b5387babd1e64b88f285e5327ade59805,待核验/verify license
source_snapshots/financial-stochastic-processes/slides/images/第四章/slide06.png,slide06.png,png,121230,2c45f95314bde3bfb9c9a34f02781f77ea95876cd0205dc34e13d4887dbe8515,待核验/verify license
source_snapshots/financial-stochastic-processes/slides/images/第四章/slide11.png,slide11.png,png,117332,f51dd596be4b3d4679122861e0d2d7da2a9786af13d2c8e26c78dc5bd037e920,待核验/verify license
source_snapshots/financial-stochastic-processes/slides/images/第四章/slide09.png,slide09.png,png,99336,5d663371594d9a637cdf6a3bc0d586833689c7e915d2dfc1b7f8e4d662ba6835,待核验/verify license
source_snapshots/financial-stochastic-processes/slides/images/第四章/slide12.png,slide12.png,png,135538,995fcd445266778e982eb7cc58d276e1be35601910644fed487af3080bedc1e6,待核验/verify license
source_snapshots/Digital-Economy-on-Regional-Green-Total-Factor-Productivity/Stata命令大全/实证Stata代码命令汇总 202401版.docx,实证Stata代码命令汇总 202401版.docx,docx,67136,23826a90e20b645372fbc5aa05d41eca3658b8dd69ef6c8853a46378a8a07ef5,待核验/verify license
source_snapshots/Digital-Economy-on-Regional-Green-Total-Factor-Productivity/Stata命令大全/2024代码 .do,2024代码 .do,do,66881,06bd63755eb68bd0ee8484490bbf09e3d6957e6ea99b7f4e96d91e63d6a6572d,待核验/verify license
source_snapshots/Digital-Economy-on-Regional-Green-Total-Factor-Productivity/Dagum基尼系数/空间基尼系数全套资料.zip,空间基尼系数全套资料.zip,zip,6724296,d4758fb72104a7b8fe83be677d0f228a33508f586062c8305dc0d6df1a18df42,待核验/verify license
source_snapshots/Digital-Economy-on-Regional-Green-Total-Factor-Productivity/工业机器人安装密度_20250520_153101/工业机器人安装密度(2006-2023年)(1)(1).xlsx,工业机器人安装密度(2006-2023年)(1)(1).xlsx,xlsx,28032,463b544325541f4ab1e389db05f09b3cab2b2157a75a73db5c0a5930ed7d6fab,待核验/verify license
source_snapshots/Digital-Economy-on-Regional-Green-Total-Factor-Productivity/工业机器人安装密度_20250520_153101/工业机器人安装密度(2006-2023年)(1).xlsx,工业机器人安装密度(2006-2023年)(1).xlsx,xlsx,28032,463b544325541f4ab1e389db05f09b3cab2b2157a75a73db5c0a5930ed7d6fab,待核验/verify license
source_snapshots/Digital-Economy-on-Regional-Green-Total-Factor-Productivity/04-Markov链/参考文献-中国经济高质量发展的分布动态、地区差异与收敛性研究_佟孟华.pdf,参考文献-中国经济高质量发展的分布动态、地区差异与收敛性研究_佟孟华.pdf,pdf,4013295,e6854e73cbd5167cb67af3121f35aa5aa797091ab545d8ea58c7aac7996fc983,待核验/verify license
source_snapshots/Digital-Economy-on-Regional-Green-Total-Factor-Productivity/04-Markov链/马尔科夫操作视频.mp4,马尔科夫操作视频.mp4,mp4,50902107,55abcdf08f1d5f5244733e8947a3d9651c0ab62bc6e2d254063af509ed573a00,待核验/verify license
source_snapshots/Digital-Economy-on-Regional-Green-Total-Factor-Productivity/04-Markov链/00-使用前请阅读！！.docx,00-使用前请阅读！！.docx,docx,476322,240f20ad67813e6d8a2ea5975ceb9266932f02d32bd8313e8a7f10e5f3156058,待核验/verify license
source_snapshots/Digital-Economy-on-Regional-Green-Total-Factor-Productivity/04-Markov链/马尔可夫要点分析.docx,马尔可夫要点分析.docx,docx,138934,3cbc6d80cb4b0f7c5ae0b49062e4bcfb8b62cb4ba9b3e89c58e208ff9001e219,待核验/verify license
source_snapshots/Digital-Economy-on-Regional-Green-Total-Factor-Productivity/2023城镇化率/城镇化率.xlsx,城镇化率.xlsx,xlsx,49074,e9a6b0dee46a958dc26d3281cc327f2cdbc60011490f9eabf9f98d48b4ae7eaa,待核验/verify license
source_snapshots/Digital-Economy-on-Regional-Green-Total-Factor-Productivity/2023城镇化率/城镇化率(1).xlsx,城镇化率(1).xlsx,xlsx,49074,e9a6b0dee46a958dc26d3281cc327f2cdbc60011490f9eabf9f98d48b4ae7eaa,待核验/verify license
source_snapshots/Digital-Economy-on-Regional-Green-Total-Factor-Productivity/绿色全要素生产率/绿色全要素生产率（ML累乘）.xlsx,绿色全要素生产率（ML累乘）.xlsx,xlsx,106331,fe448b0e5571c5697da8acd1eadcea31116463ae3f8e2e1873089f92b66b9fb8,待核验/verify license
source_snapshots/Digital-Economy-on-Regional-Green-Total-Factor-Productivity/绿色全要素生产率/绿色全要素生产率（ML累乘）(1).xlsx,绿色全要素生产率（ML累乘）(1).xlsx,xlsx,106331,fe448b0e5571c5697da8acd1eadcea31116463ae3f8e2e1873089f92b66b9fb8,待核验/verify license
source_snapshots/Digital-Economy-on-Regional-Green-Total-Factor-Productivity/全要素生产率/各省全要素生产率1990-2023.xls,各省全要素生产率1990-2023.xls,xls,283136,acffca3ed8b8fcf3b2c70bac4e15913c1a9e76bf2a6cfca04962833a114599b7,待核验/verify license
source_snapshots/Digital-Economy-on-Regional-Green-Total-Factor-Productivity/全要素生产率/各省全要素生产率1990-2023(1).xls,各省全要素生产率1990-2023(1).xls,xls,283136,acffca3ed8b8fcf3b2c70bac4e15913c1a9e76bf2a6cfca04962833a114599b7,待核验/verify license
source_snapshots/Digital-Economy-on-Regional-Green-Total-Factor-Productivity/2023数字经济专利/2000-2023省级数字专利数据(1).xlsx,2000-2023省级数字专利数据(1).xlsx,xlsx,43054,7476446f0f42211befc78a73fe5342fc0c9fe7b34fef8b175b52c7393ae1e4d4,待核验/verify license
source_snapshots/Digital-Economy-on-Regional-Green-Total-Factor-Productivity/2023数字经济专利/2000-2023省级数字专利数据.xlsx,2000-2023省级数字专利数据.xlsx,xlsx,43054,7476446f0f42211befc78a73fe5342fc0c9fe7b34fef8b175b52c7393ae1e4d4,待核验/verify license
source_snapshots/Digital-Economy-on-Regional-Green-Total-Factor-Productivity/熵值法/熵值法.do,熵值法.do,do,1548,147a18c068cb5cfd25c11c96066ef0f9743c471a52b7140c621553cdb317d27e,待核验/verify license
source_snapshots/Digital-Economy-on-Regional-Green-Total-Factor-Productivity/熵值法/中部六省数据.dta,中部六省数据.dta,dta,22951,7a5e88dc783330cf470046d386c442729e9bacadc2eacc52a43d852f3f9130e6,待核验/verify license
source_snapshots/Digital-Economy-on-Regional-Green-Total-Factor-Productivity/熵值法/中部六省数字经济发展水平测度与分析_魏艳艳.pdf,中部六省数字经济发展水平测度与分析_魏艳艳.pdf,pdf,1991879,f1b880ad75cf3c816a7070175a760667b524b6d20a08d2954f904bd7352cbeff,待核验/verify license
source_snapshots/Digital-Economy-on-Regional-Green-Total-Factor-Productivity/碳排放总量/省级碳排放（萌萌数据屋）.xlsx,省级碳排放（萌萌数据屋）.xlsx,xlsx,18927,4cb00b2da1ad891e5be803186e0f3ec9f37568b29b1837ba03b1fa195759ce66,待核验/verify license
source_snapshots/Digital-Economy-on-Regional-Green-Total-Factor-Productivity/碳排放总量/省级碳排放（萌萌数据屋）(1).xlsx,省级碳排放（萌萌数据屋）(1).xlsx,xlsx,18927,4cb00b2da1ad891e5be803186e0f3ec9f37568b29b1837ba03b1fa195759ce66,待核验/verify license
source_snapshots/Digital-Economy-on-Regional-Green-Total-Factor-Productivity/战略性新兴产业收入/战略性新兴产业业务收入.xlsx,战略性新兴产业业务收入.xlsx,xlsx,831353,3f238ebfe2bb9a418392567bf679b9a80a46eff7b1abcb5a546dcdab311de077,待核验/verify license
source_snapshots/Digital-Economy-on-Regional-Green-Total-Factor-Productivity/战略性新兴产业收入/战略性新兴产业业务收入(1).xlsx,战略性新兴产业业务收入(1).xlsx,xlsx,831353,3f238ebfe2bb9a418392567bf679b9a80a46eff7b1abcb5a546dcdab311de077,待核验/verify license
source_snapshots/Digital-Economy-on-Regional-Green-Total-Factor-Productivity/泰尔指数/00-23年各省泰尔.xlsx,00-23年各省泰尔.xlsx,xlsx,194238,91347bd0c7c2b281ccde8ea1d6541e637c56bafea67b193ae795635acc74bd61,待核验/verify license
source_snapshots/Digital-Economy-on-Regional-Green-Total-Factor-Productivity/泰尔指数/00-23年各省泰尔(1).xlsx,00-23年各省泰尔(1).xlsx,xlsx,194238,91347bd0c7c2b281ccde8ea1d6541e637c56bafea67b193ae795635acc74bd61,待核验/verify license
source_snapshots/Digital-Economy-on-Regional-Green-Total-Factor-Productivity/空间计量模型相关命令/空间计量模型相关命令.rar,空间计量模型相关命令.rar,rar,39099,e7aed12d03ca9f0cb7e1f613c3333d5af2da3eb65bb211673671b7526e30878f,待核验/verify license
source_snapshots/Digital-Economy-on-Regional-Green-Total-Factor-Productivity/空间计量模型相关命令/空间计量模型相关命令.do,空间计量模型相关命令.do,do,4403,affc719d623fd61d1743b87179469e210f773a8d9da5ca5303bf67e3d7e42d13,待核验/verify license
source_snapshots/Digital-Economy-on-Regional-Green-Total-Factor-Productivity/空间计量模型相关命令/空间计量模型相关命令word版本.docx,空间计量模型相关命令word版本.docx,docx,17872,7104a5ea1c141a478d00ff1b379157d31c5b8d387fec2f32b89608593f5ac2bd,待核验/verify license
source_snapshots/Digital-Economy-on-Regional-Green-Total-Factor-Productivity/数字服务贸易/各省数字贸易指数数据（1990-2022）(1).xlsx,各省数字贸易指数数据（1990-2022）(1).xlsx,xlsx,94099,59aad411ee7106747cb62bab28d646dfefa57ce984fb513821e97fae565ff435,待核验/verify license
source_snapshots/Digital-Economy-on-Regional-Green-Total-Factor-Productivity/数字服务贸易/各省数字贸易指数数据（1990-2022）.xlsx,各省数字贸易指数数据（1990-2022）.xlsx,xlsx,94099,59aad411ee7106747cb62bab28d646dfefa57ce984fb513821e97fae565ff435,待核验/verify license
source_snapshots/Digital-Economy-on-Regional-Green-Total-Factor-Productivity/2023市场化指数/使用说明.txt,使用说明.txt,txt,93,15a94ecd1c628675710b85dc6fcf582c400a3bd829121b816b95e0e381d891be,待核验/verify license
source_snapshots/Digital-Economy-on-Regional-Green-Total-Factor-Productivity/2023市场化指数/使用说明(1).txt,使用说明(1).txt,txt,93,15a94ecd1c628675710b85dc6fcf582c400a3bd829121b816b95e0e381d891be,待核验/verify license
source_snapshots/Digital-Economy-on-Regional-Green-Total-Factor-Productivity/2023市场化指数/公司资料(1).xlsx,公司资料(1).xlsx,xlsx,304310,fb441cede8a369151dd421c207c9442d1162ddb669f62b6cc0e46ce28a5a18e1,待核验/verify license
source_snapshots/Digital-Economy-on-Regional-Green-Total-Factor-Productivity/2023市场化指数/计算结果(1).xlsx,计算结果(1).xlsx,xlsx,5385529,33c8af85a50398106fca57d4e20d19fe6364ed93e14dea4f3d37594125501b02,待核验/verify license
source_snapshots/Digital-Economy-on-Regional-Green-Total-Factor-Productivity/2023市场化指数/1997-2023年市场化指数和各分项指数.xlsx,1997-2023年市场化指数和各分项指数.xlsx,xlsx,61996,609bca3f0034a3189af847dab674963a64b0bd054e17229b8ce04769c57ab472,待核验/verify license
source_snapshots/Digital-Economy-on-Regional-Green-Total-Factor-Productivity/2023市场化指数/1997-2023年市场化指数和各分项指数(1).xlsx,1997-2023年市场化指数和各分项指数(1).xlsx,xlsx,61996,609bca3f0034a3189af847dab674963a64b0bd054e17229b8ce04769c57ab472,待核验/verify license
source_snapshots/Digital-Economy-on-Regional-Green-Total-Factor-Productivity/2023市场化指数/公司资料.xlsx,公司资料.xlsx,xlsx,304310,fb441cede8a369151dd421c207c9442d1162ddb669f62b6cc0e46ce28a5a18e1,待核验/verify license
source_snapshots/Digital-Economy-on-Regional-Green-Total-Factor-Productivity/2023市场化指数/计算代码(1).do,计算代码(1).do,do,3763,27cd147c988c0d2233c5c515189f58af71a86574abac1dfac1da1ee3a210890c,待核验/verify license
source_snapshots/Digital-Economy-on-Regional-Green-Total-Factor-Productivity/2023市场化指数/计算结果.xlsx,计算结果.xlsx,xlsx,5385529,33c8af85a50398106fca57d4e20d19fe6364ed93e14dea4f3d37594125501b02,待核验/verify license
source_snapshots/Digital-Economy-on-Regional-Green-Total-Factor-Productivity/2023市场化指数/计算代码.do,计算代码.do,do,3763,27cd147c988c0d2233c5c515189f58af71a86574abac1dfac1da1ee3a210890c,待核验/verify license
source_snapshots/Digital-Economy-on-Regional-Green-Total-Factor-Productivity/docs/DATA_CATALOG.md,DATA_CATALOG.md,md,9132,7bf94749e2a2ec6f8757cb6b47789b9d85c1b4ada39fadad347cfd4def56e9fa,待核验/verify license
source_snapshots/Digital-Economy-on-Regional-Green-Total-Factor-Productivity/产业结构/00-23年各省能源消耗总量+人均能源消耗+能源消耗÷GDP.xlsx,00-23年各省能源消耗总量+人均能源消耗+能源消耗÷GDP.xlsx,xlsx,70701,fda38312e9b1032630850728c4203c4565acb613e524a7bd2bb607125b159be0,待核验/verify license
source_snapshots/Digital-Economy-on-Regional-Green-Total-Factor-Productivity/产业结构/00-23年各省能源消耗总量+人均能源消耗+能源消耗÷GDP(2).xlsx,00-23年各省能源消耗总量+人均能源消耗+能源消耗÷GDP(2).xlsx,xlsx,70701,fda38312e9b1032630850728c4203c4565acb613e524a7bd2bb607125b159be0,待核验/verify license
source_snapshots/Digital-Economy-on-Regional-Green-Total-Factor-Productivity/产业结构/00-23年各省能源消耗总量+人均能源消耗+能源消耗÷GDP(1)(1).xlsx,00-23年各省能源消耗总量+人均能源消耗+能源消耗÷GDP(1)(1).xlsx,xlsx,70701,fda38312e9b1032630850728c4203c4565acb613e524a7bd2bb607125b159be0,待核验/verify license
source_snapshots/Digital-Economy-on-Regional-Green-Total-Factor-Productivity/产业结构/07-23各省环境保护支出(1).xlsx,07-23各省环境保护支出(1).xlsx,xlsx,44183,7f25f58109db21bbb6b7381dd415bcbf18fe11dacc655ef609159ce05ef008b5,待核验/verify license
source_snapshots/Digital-Economy-on-Regional-Green-Total-Factor-Productivity/产业结构/00-23年各省能源消耗总量+人均能源消耗+能源消耗÷GDP(1).xlsx,00-23年各省能源消耗总量+人均能源消耗+能源消耗÷GDP(1).xlsx,xlsx,70701,fda38312e9b1032630850728c4203c4565acb613e524a7bd2bb607125b159be0,待核验/verify license
source_snapshots/Digital-Economy-on-Regional-Green-Total-Factor-Productivity/产业结构/07-23各省环境保护支出.xlsx,07-23各省环境保护支出.xlsx,xlsx,44183,7f25f58109db21bbb6b7381dd415bcbf18fe11dacc655ef609159ce05ef008b5,待核验/verify license
source_snapshots/Digital-Economy-on-Regional-Green-Total-Factor-Productivity/assets/research-cover.svg,research-cover.svg,svg,4325,b658392463e96bb40fea4fc838e7d501da346604cbec1da2065390dde1f84459,待核验/verify license
source_snapshots/Digital-Economy-on-Regional-Green-Total-Factor-Productivity/政府干预程度_20250521_164937/国内生产总值2010-2023.xls,国内生产总值2010-2023.xls,xls,60416,c2e71f5c1a44f60e43cdeebd65e175f94949e5dc88ecbcd055d70dafe4810e57,待核验/verify license
source_snapshots/Digital-Economy-on-Regional-Green-Total-Factor-Productivity/政府干预程度_20250521_164937/地方财政一般预算支出2010-2023.xls,地方财政一般预算支出2010-2023.xls,xls,60928,075412139948d52de6fe101f53e299ff656981251bae070ee0a125e1a6cc5aa6,待核验/verify license
source_snapshots/Digital-Economy-on-Regional-Green-Total-Factor-Productivity/政府干预程度_20250521_164937/地方财政一般预算支出2010-2023(1).xls,地方财政一般预算支出2010-2023(1).xls,xls,60928,075412139948d52de6fe101f53e299ff656981251bae070ee0a125e1a6cc5aa6,待核验/verify license
source_snapshots/Digital-Economy-on-Regional-Green-Total-Factor-Productivity/政府干预程度_20250521_164937/政府干预程度or支持力度2010-2023.xlsx,政府干预程度or支持力度2010-2023.xlsx,xlsx,36754,06a9d2074ea14c6804b7117ff995708706c10ca5d857de69eab3d6cc1b7f1888,待核验/verify license
source_snapshots/Digital-Economy-on-Regional-Green-Total-Factor-Productivity/政府干预程度_20250521_164937/政府干预程度or支持力度2010-2023(1).xlsx,政府干预程度or支持力度2010-2023(1).xlsx,xlsx,36754,06a9d2074ea14c6804b7117ff995708706c10ca5d857de69eab3d6cc1b7f1888,待核验/verify license
source_snapshots/Digital-Economy-on-Regional-Green-Total-Factor-Productivity/政府干预程度_20250521_164937/地方财政一般预算收入2010-2023.xls,地方财政一般预算收入2010-2023.xls,xls,60928,3ffd5fc254df8666c5987f8d39f23b3b7e64002d44a882795c3fd4090d26a00a,待核验/verify license
source_snapshots/Digital-Economy-on-Regional-Green-Total-Factor-Productivity/政府干预程度_20250521_164937/地方财政一般预算收入2010-2023(1).xls,地方财政一般预算收入2010-2023(1).xls,xls,60928,3ffd5fc254df8666c5987f8d39f23b3b7e64002d44a882795c3fd4090d26a00a,待核验/verify license
source_snapshots/Digital-Economy-on-Regional-Green-Total-Factor-Productivity/政府干预程度_20250521_164937/国内生产总值2010-2023(1).xls,国内生产总值2010-2023(1).xls,xls,60416,c2e71f5c1a44f60e43cdeebd65e175f94949e5dc88ecbcd055d70dafe4810e57,待核验/verify license
source_snapshots/Digital-Economy-on-Regional-Green-Total-Factor-Productivity/门槛效应绘图代码/门槛效应代码.do,门槛效应代码.do,do,1370,657e78216169f899c99d09199395897e77a7978157c93e3bc02e227182b26a1d,待核验/verify license
source_snapshots/Digital-Economy-on-Regional-Green-Total-Factor-Productivity/金融发展水平_20250521_174254/2000年-2023年金融发展水平.xlsx,2000年-2023年金融发展水平.xlsx,xlsx,104506,e65a4e45883759471d7a318d9948763aa89f30eaa6bede2da8095e6a5970e080,待核验/verify license
source_snapshots/Digital-Economy-on-Regional-Green-Total-Factor-Productivity/金融发展水平_20250521_174254/2000年-2023年金融发展水平(1).xlsx,2000年-2023年金融发展水平(1).xlsx,xlsx,104506,e65a4e45883759471d7a318d9948763aa89f30eaa6bede2da8095e6a5970e080,待核验/verify license
source_snapshots/Digital-Economy-on-Regional-Green-Total-Factor-Productivity/空间矩阵/省空间矩阵-00/31个省市的邻接矩阵、地理矩阵和经济地理空间矩阵0(1).xlsx,31个省市的邻接矩阵、地理矩阵和经济地理空间矩阵0(1).xlsx,xlsx,443335,d3d8a491df2340a268ea977c99443c44654048d3b35ba271b51ea260a402fb74,待核验/verify license
source_snapshots/Digital-Economy-on-Regional-Green-Total-Factor-Productivity/空间矩阵/省空间矩阵-00/31个省市的邻接矩阵、地理矩阵和经济地理空间矩阵0(1)(1).xlsx,31个省市的邻接矩阵、地理矩阵和经济地理空间矩阵0(1)(1).xlsx,xlsx,443335,d3d8a491df2340a268ea977c99443c44654048d3b35ba271b51ea260a402fb74,待核验/verify license
source_snapshots/Digital-Economy-on-Regional-Green-Total-Factor-Productivity/常用的控制变量/21常用控制变量数据/(1)2000-2023年税负水平(1).xls,(1)2000-2023年税负水平(1).xls,xls,69488,3d2293c7a74ad718a07ed61a7b8201da12a31014ab03a9f49cad558576d7a989,待核验/verify license
source_snapshots/Digital-Economy-on-Regional-Green-Total-Factor-Productivity/常用的控制变量/21常用控制变量数据/(2)2000-2023年财政支持力度(1).xls,(2)2000-2023年财政支持力度(1).xls,xls,128000,7f72ed7d89c3d31e55a0af4d2ae304b1d70f3a7869a1856576fd435b4065a375,待核验/verify license
source_snapshots/Digital-Economy-on-Regional-Green-Total-Factor-Productivity/常用的控制变量/21常用控制变量数据/(9)2000-2023年城乡居民收入差距(1).xls,(9)2000-2023年城乡居民收入差距(1).xls,xls,146432,d2a323e0a00a90bf2dbc79c10b3bf22dba457284fcb8105aa5bae8ef036cee5d,待核验/verify license
source_snapshots/Digital-Economy-on-Regional-Green-Total-Factor-Productivity/常用的控制变量/21常用控制变量数据/(8)2003-2023年金融发展水平(1).xls,(8)2003-2023年金融发展水平(1).xls,xls,117693,d275b08424bfb34bef075db9ea1c91fe2d6d4f44475b1cd11446ed7826a52c27,待核验/verify license
source_snapshots/Digital-Economy-on-Regional-Green-Total-Factor-Productivity/常用的控制变量/21常用控制变量数据/(6)(7)2000-2023年产业结构.xls,(6)(7)2000-2023年产业结构.xls,xls,149569,7b74f65d787b4d265c68242c0c074371eb5cdc64ca14fe243ac0ff7841eb56e0,待核验/verify license
source_snapshots/Digital-Economy-on-Regional-Green-Total-Factor-Productivity/常用的控制变量/21常用控制变量数据/(4)2000-2023年社会消费水平.xls,(4)2000-2023年社会消费水平.xls,xls,60807,80f67c8d7609d9f12e199e084efdd1be90a1484eb4345a36c8e2ac328965e34d,待核验/verify license
source_snapshots/Digital-Economy-on-Regional-Green-Total-Factor-Productivity/常用的控制变量/21常用控制变量数据/(10)2000-2023年人口密度.xls,(10)2000-2023年人口密度.xls,xls,63134,c3106a23eafadc587ca7c4643918b5284e9e17edd6b62261d3dde83f9b027d68,待核验/verify license
source_snapshots/Digital-Economy-on-Regional-Green-Total-Factor-Productivity/常用的控制变量/21常用控制变量数据/(6)(7)2000-2023年产业结构(1).xls,(6)(7)2000-2023年产业结构(1).xls,xls,149569,7b74f65d787b4d265c68242c0c074371eb5cdc64ca14fe243ac0ff7841eb56e0,待核验/verify license
source_snapshots/Digital-Economy-on-Regional-Green-Total-Factor-Productivity/常用的控制变量/21常用控制变量数据/(5)2000-2023年城镇化水平(1).xls,(5)2000-2023年城镇化水平(1).xls,xls,154112,5b3cb0257693395eec28fb76693361f3e7df72696e8f7d64fbef57bd4a611576,待核验/verify license
source_snapshots/Digital-Economy-on-Regional-Green-Total-Factor-Productivity/常用的控制变量/21常用控制变量数据/(8)2003-2023年金融发展水平.xls,(8)2003-2023年金融发展水平.xls,xls,117693,d275b08424bfb34bef075db9ea1c91fe2d6d4f44475b1cd11446ed7826a52c27,待核验/verify license
source_snapshots/Digital-Economy-on-Regional-Green-Total-Factor-Productivity/常用的控制变量/21常用控制变量数据/(3)2000-2023年经济发展水平.xls,(3)2000-2023年经济发展水平.xls,xls,44779,35774afa1ba8bf16049e28a451294e9745c06c944fc45fa5617097ef8427d368,待核验/verify license
source_snapshots/Digital-Economy-on-Regional-Green-Total-Factor-Productivity/常用的控制变量/21常用控制变量数据/衡量方式与合并数据.xlsx,衡量方式与合并数据.xlsx,xlsx,307092,67b0a0e9aadb2d751b8ace40c732aa15c4c6135b4de15be49543eef785f67ba3,待核验/verify license
source_snapshots/Digital-Economy-on-Regional-Green-Total-Factor-Productivity/常用的控制变量/21常用控制变量数据/(9)2000-2023年城乡居民收入差距.xls,(9)2000-2023年城乡居民收入差距.xls,xls,146432,d2a323e0a00a90bf2dbc79c10b3bf22dba457284fcb8105aa5bae8ef036cee5d,待核验/verify license
source_snapshots/Digital-Economy-on-Regional-Green-Total-Factor-Productivity/常用的控制变量/21常用控制变量数据/(10)2000-2023年人口密度(1).xls,(10)2000-2023年人口密度(1).xls,xls,63134,c3106a23eafadc587ca7c4643918b5284e9e17edd6b62261d3dde83f9b027d68,待核验/verify license
source_snapshots/Digital-Economy-on-Regional-Green-Total-Factor-Productivity/常用的控制变量/21常用控制变量数据/(2)2000-2023年财政支持力度.xls,(2)2000-2023年财政支持力度.xls,xls,128000,7f72ed7d89c3d31e55a0af4d2ae304b1d70f3a7869a1856576fd435b4065a375,待核验/verify license
source_snapshots/Digital-Economy-on-Regional-Green-Total-Factor-Productivity/常用的控制变量/21常用控制变量数据/(4)2000-2023年社会消费水平(1).xls,(4)2000-2023年社会消费水平(1).xls,xls,60807,80f67c8d7609d9f12e199e084efdd1be90a1484eb4345a36c8e2ac328965e34d,待核验/verify license
source_snapshots/Digital-Economy-on-Regional-Green-Total-Factor-Productivity/常用的控制变量/21常用控制变量数据/(3)2000-2023年经济发展水平(1).xls,(3)2000-2023年经济发展水平(1).xls,xls,44779,35774afa1ba8bf16049e28a451294e9745c06c944fc45fa5617097ef8427d368,待核验/verify license
source_snapshots/Digital-Economy-on-Regional-Green-Total-Factor-Productivity/常用的控制变量/21常用控制变量数据/(1)2000-2023年税负水平.xls,(1)2000-2023年税负水平.xls,xls,69488,3d2293c7a74ad718a07ed61a7b8201da12a31014ab03a9f49cad558576d7a989,待核验/verify license
source_snapshots/Digital-Economy-on-Regional-Green-Total-Factor-Productivity/常用的控制变量/21常用控制变量数据/衡量方式与合并数据(1).xlsx,衡量方式与合并数据(1).xlsx,xlsx,307092,67b0a0e9aadb2d751b8ace40c732aa15c4c6135b4de15be49543eef785f67ba3,待核验/verify license
source_snapshots/Digital-Economy-on-Regional-Green-Total-Factor-Productivity/常用的控制变量/21常用控制变量数据/(5)2000-2023年城镇化水平.xls,(5)2000-2023年城镇化水平.xls,xls,154112,5b3cb0257693395eec28fb76693361f3e7df72696e8f7d64fbef57bd4a611576,待核验/verify license
source_snapshots/Digital-Economy-on-Regional-Green-Total-Factor-Productivity/04-Markov链/3类/使用说明.txt,使用说明.txt,txt,56,b5b026d687fe02b4256223fdff154cc4fd8e28ecc3b2f4c5c46ea336fe3ab550,待核验/verify license
source_snapshots/Digital-Economy-on-Regional-Green-Total-Factor-Productivity/04-Markov链/3类/Markov.m,Markov.m,m,405,f0ce1a7418f0b7550b8b79e3822f29b113655da39811b9591ea1f45d8c8082d0,待核验/verify license
source_snapshots/Digital-Economy-on-Regional-Green-Total-Factor-Productivity/04-Markov链/3类/trantong_markov.m,trantong_markov.m,m,576,9e0ebfbfede3810c732bd29ca83714e28fb794e886561deeeca8f20b0efa1be7,待核验/verify license
source_snapshots/Digital-Economy-on-Regional-Green-Total-Factor-Productivity/04-Markov链/3类/data.xlsx,data.xlsx,xlsx,16840,c01e75937d5d69c9e5367bd245e6f07a30d6fdaca6cee1c9212d8f07b9edfd14,待核验/verify license
source_snapshots/Digital-Economy-on-Regional-Green-Total-Factor-Productivity/04-Markov链/3类/space_markov.m,space_markov.m,m,940,2cd78198cb4b5a85dda97be60c5086085f2ac8ed09c5910959659a0d712fd301,待核验/verify license
source_snapshots/Digital-Economy-on-Regional-Green-Total-Factor-Productivity/04-Markov链/3类/markov结果（3）.xlsx,markov结果（3）.xlsx,xlsx,10547,a9e16482a69be9ca2774d7b3e22a3cb44a9d50e65e4745036b171eba53b02e61,待核验/verify license
source_snapshots/Digital-Economy-on-Regional-Green-Total-Factor-Productivity/04-Markov链/5类/使用说明.txt,使用说明.txt,txt,56,b5b026d687fe02b4256223fdff154cc4fd8e28ecc3b2f4c5c46ea336fe3ab550,待核验/verify license
source_snapshots/Digital-Economy-on-Regional-Green-Total-Factor-Productivity/04-Markov链/5类/Markov.m,Markov.m,m,511,4a343ebbbec9b64d23e8a6c6da18f6de1a66ec8e8a9a6880b8af68eefe0db8ea,待核验/verify license
source_snapshots/Digital-Economy-on-Regional-Green-Total-Factor-Productivity/04-Markov链/5类/trantong_markov.m,trantong_markov.m,m,802,5bf4632557b5d024c61aaec249b50b26012035b63a7f2525f01496abab774337,待核验/verify license
source_snapshots/Digital-Economy-on-Regional-Green-Total-Factor-Productivity/04-Markov链/5类/data.xlsx,data.xlsx,xlsx,16840,c01e75937d5d69c9e5367bd245e6f07a30d6fdaca6cee1c9212d8f07b9edfd14,待核验/verify license
source_snapshots/Digital-Economy-on-Regional-Green-Total-Factor-Productivity/04-Markov链/5类/markov结果（5）.xlsx,markov结果（5）.xlsx,xlsx,11555,ba79dc1f85efb352cbe0d8b0ea525f6daea5092698524b9f49b765b469fba3a2,待核验/verify license
source_snapshots/Digital-Economy-on-Regional-Green-Total-Factor-Productivity/04-Markov链/5类/space_markov.m,space_markov.m,m,1346,15425977c282049a3cb9522890456ba1c420fc517c32c608e3abceae8a290e5e,待核验/verify license
source_snapshots/Digital-Economy-on-Regional-Green-Total-Factor-Productivity/04-Markov链/4类/Markov.m,Markov.m,m,481,12c1f3a20ff9b2fe8d7768b136ab22a12c0ff96c1ebacd01900f1d3783aa983e,待核验/verify license
source_snapshots/Digital-Economy-on-Regional-Green-Total-Factor-Productivity/04-Markov链/4类/trantong_markov.m,trantong_markov.m,m,685,ef5edf1ab2d1529ddba1d19c56c22f7919e91a6e34c4bac649afa3419d8cb96f,待核验/verify license
source_snapshots/Digital-Economy-on-Regional-Green-Total-Factor-Productivity/04-Markov链/4类/data.xlsx,data.xlsx,xlsx,16840,c01e75937d5d69c9e5367bd245e6f07a30d6fdaca6cee1c9212d8f07b9edfd14,待核验/verify license
source_snapshots/Digital-Economy-on-Regional-Green-Total-Factor-Productivity/04-Markov链/4类/space_markov.m,space_markov.m,m,1142,68247fd2221e9c481521b1587dc4bf37793159a30afadefdf57781f554065f62,待核验/verify license
source_snapshots/Digital-Economy-on-Regional-Green-Total-Factor-Productivity/04-Markov链/4类/markov结果（4）.xlsx,markov结果（4）.xlsx,xlsx,11012,789df13e81b028dc67e32d85bd17667059e954f00162ffa3ae8dd75c9da3b981,待核验/verify license
source_snapshots/Digital-Economy-on-Regional-Green-Total-Factor-Productivity/空间杜宾模型/更新空间杜宾实证代码/w2.dta,w2.dta,dta,26955,48be87668e968729ad7371274e955c2336b4cf7ca84ac38bd26713f0fbfff186,待核验/verify license
source_snapshots/Digital-Economy-on-Regional-Green-Total-Factor-Productivity/空间杜宾模型/更新空间杜宾实证代码/空间计量模型中权重矩阵的类型与选择_王守坤.pdf,空间计量模型中权重矩阵的类型与选择_王守坤.pdf,pdf,1080918,bb10b6bc893cab4cc4214fe03067113421205011ab03504600e557e582e87a10,待核验/verify license
source_snapshots/Digital-Economy-on-Regional-Green-Total-Factor-Productivity/空间杜宾模型/更新空间杜宾实证代码/示范样文 中国绿色物流效率影响因素研究.docx,示范样文 中国绿色物流效率影响因素研究.docx,docx,349247,497c56858bc7b781e252cdca21a939281748c75e723ce4448cf0446641b3fb3a,待核验/verify license
source_snapshots/Digital-Economy-on-Regional-Green-Total-Factor-Productivity/空间杜宾模型/更新空间杜宾实证代码/距离平方倒数矩阵w2.xlsx,距离平方倒数矩阵w2.xlsx,xlsx,18156,42819a85a9b15f2db8564e64f8d8ca015694f7bc257d12f7b6f9f31c2e942595,待核验/verify license
source_snapshots/Digital-Economy-on-Regional-Green-Total-Factor-Productivity/空间杜宾模型/更新空间杜宾实证代码/空间计量模型步骤及结果简答.docx,空间计量模型步骤及结果简答.docx,docx,71320,d1ddfc327071882e7c7a88019efd2fa028c70d93c5a34b0e68fc478373e7e426,待核验/verify license
source_snapshots/Digital-Economy-on-Regional-Green-Total-Factor-Productivity/空间杜宾模型/更新空间杜宾实证代码/空间杜宾完整思路do文件.do,空间杜宾完整思路do文件.do,do,7294,92b7e209fd3e64e9da6c40e096c7841a4f966a015454bd94540b984f4722245d,待核验/verify license
source_snapshots/Digital-Economy-on-Regional-Green-Total-Factor-Productivity/空间杜宾模型/更新空间杜宾实证代码/data1.dta,data1.dta,dta,40141,b040c01b324a82f65cbbfd3b9adaacd3498847f97a5f1251dd5b34457dd0e646,待核验/verify license
source_snapshots/Digital-Economy-on-Regional-Green-Total-Factor-Productivity/空间杜宾模型/更新空间杜宾实证代码/所有省级矩阵汇总(按需自取).xlsx,所有省级矩阵汇总(按需自取).xlsx,xlsx,538983,0eb9254837b100ecf173532c81318c5bd8fc32a51d3e82192e497054c4ac17b0,待核验/verify license
source_snapshots/Digital-Economy-on-Regional-Green-Total-Factor-Productivity/空间杜宾模型/更新空间杜宾实证代码/w02.dta,w02.dta,dta,28221,2dd7628022cae8df954770dbef34e61d91d2c40a7c8afe5e5763ad0b9f435729,待核验/verify license
source_snapshots/Digital-Economy-on-Regional-Green-Total-Factor-Productivity/空间杜宾模型/更新空间杜宾实证代码/距离平方倒数矩阵w02.xlsx,距离平方倒数矩阵w02.xlsx,xlsx,19007,77e9c880b6273c8df46224a6968b7e29a61b628267c75ce086aed1e365fac9fc,待核验/verify license
source_snapshots/Digital-Economy-on-Regional-Green-Total-Factor-Productivity/空间杜宾模型/更新空间杜宾实证代码/赠送的部分地级市矩阵/全国各地区-经纬度数据.xlsx,全国各地区-经纬度数据.xlsx,xlsx,170484,ad8f0b521eb0a7357d5d47a31b4d2cf1d08c72a1b7aae53111e974a5d0b88174,待核验/verify license
source_snapshots/Digital-Economy-on-Regional-Green-Total-Factor-Productivity/空间杜宾模型/更新空间杜宾实证代码/赠送的部分地级市矩阵/中国各城市空间权重矩阵.xlsx,中国各城市空间权重矩阵.xlsx,xlsx,9556149,32616bcba3afd53a30ff351db22bca41bc4f94187a9070c2a269097e05bf175c,待核验/verify license
source_snapshots/Digital-Economy-on-Regional-Green-Total-Factor-Productivity/产业结构/37、省从业一三值【2001-2023年】(1)/01-23分省份一二三产业数据(1).xlsx,01-23分省份一二三产业数据(1).xlsx,xlsx,122822,a609df64ba261a0f0526e2c3ce11534f1e087ffafd7cd7b0452505e3b74fcf3c,待核验/verify license
source_snapshots/Digital-Economy-on-Regional-Green-Total-Factor-Productivity/产业结构/37、省从业一三值【2001-2023年】(1)/01-23分省份一二三产业数据.xlsx,01-23分省份一二三产业数据.xlsx,xlsx,122822,a609df64ba261a0f0526e2c3ce11534f1e087ffafd7cd7b0452505e3b74fcf3c,待核验/verify license
source_snapshots/Digital-Economy-on-Regional-Green-Total-Factor-Productivity/产业结构/sj38-地级市产业结构2000-2023/数据说明.txt,数据说明.txt,txt,1277,bac12834ebb1d3069a7ad792ea48779ec034af541c4a115508e581c9b8c07a37,待核验/verify license
source_snapshots/Digital-Economy-on-Regional-Green-Total-Factor-Productivity/产业结构/sj38-地级市产业结构2000-2023/数据说明(1).txt,数据说明(1).txt,txt,1277,bac12834ebb1d3069a7ad792ea48779ec034af541c4a115508e581c9b8c07a37,待核验/verify license
source_snapshots/Digital-Economy-on-Regional-Green-Total-Factor-Productivity/产业结构/sj38-地级市产业结构2000-2023/2000-2023地级市产业结构 - 面板(1).xls,2000-2023地级市产业结构 - 面板(1).xls,xls,2316288,6929449f2eacd05aae4f3c29d1163b3853747ad2e066462789b3bed0fefd8ec7,待核验/verify license
source_snapshots/Digital-Economy-on-Regional-Green-Total-Factor-Productivity/产业结构/sj38-地级市产业结构2000-2023/计算公式.png,计算公式.png,png,38884,cebb6977f23c563eabe83e5f1de375a9ff51c9ad2a6bbe29dc5942e389011beb,待核验/verify license
source_snapshots/Digital-Economy-on-Regional-Green-Total-Factor-Productivity/产业结构/sj38-地级市产业结构2000-2023/计算公式(1).png,计算公式(1).png,png,38884,cebb6977f23c563eabe83e5f1de375a9ff51c9ad2a6bbe29dc5942e389011beb,待核验/verify license
source_snapshots/Digital-Economy-on-Regional-Green-Total-Factor-Productivity/产业结构/sj38-地级市产业结构2000-2023/2000-2023地级市产业结构 - 面板.xls,2000-2023地级市产业结构 - 面板.xls,xls,2316288,6929449f2eacd05aae4f3c29d1163b3853747ad2e066462789b3bed0fefd8ec7,待核验/verify license
source_snapshots/Digital-Economy-on-Regional-Green-Total-Factor-Productivity/产业结构/37、省从业一三值【2001-2023年】/01-23分省份一二三产业数据(1).xlsx,01-23分省份一二三产业数据(1).xlsx,xlsx,122822,a609df64ba261a0f0526e2c3ce11534f1e087ffafd7cd7b0452505e3b74fcf3c,待核验/verify license
source_snapshots/Digital-Economy-on-Regional-Green-Total-Factor-Productivity/产业结构/37、省从业一三值【2001-2023年】/01-23分省份一二三产业数据.xlsx,01-23分省份一二三产业数据.xlsx,xlsx,122822,a609df64ba261a0f0526e2c3ce11534f1e087ffafd7cd7b0452505e3b74fcf3c,待核验/verify license
