row_id,code,province,city,field_004,field_005
1,110000,北京市,北京市,116.407526,39.90403
2,110101,北京市,东城区,116.416357,39.928353
3,110102,北京市,西城区,116.365868,39.912289
4,110103,北京市,崇文区,116.416357,39.928353
5,110104,北京市,宣武区,116.365868,39.912289
6,110106,北京市,丰台区,116.287149,39.858427
7,110107,北京市,石景山区,116.222982,39.906611
8,110108,北京市,海淀区,116.329519,39.972134
9,110109,北京市,门头沟区,116.102009,39.940646
10,110111,北京市,房山区,116.143267,39.749144
11,110113,北京市,顺义区,116.654561,40.130347
12,110114,北京市,昌平区,116.231204,40.22066
13,110115,北京市,大兴区,116.341014,39.784747
14,110116,北京市,怀柔区,116.642349,40.315704
15,110117,北京市,平谷区,117.121383,40.140701
16,110118,北京市,密云区,116.843177,40.376834
17,110119,北京市,延庆区,115.974848,40.456951
18,110221,北京市,昌平县,116.231204,40.22066
19,110222,北京市,顺义县,116.654561,40.130347
20,110224,北京市,大兴县,116.341014,39.784747
21,110226,北京市,平谷县,117.121383,40.140701
22,110227,北京市,怀柔县,116.642349,40.315704
23,110228,北京市,密云县,116.843177,40.376834
24,110229,北京市,延庆县,115.974848,40.456951
25,120000,天津市,天津市,117.200983,39.084158
26,120103,天津市,河西区,117.223372,39.109563
27,120104,天津市,南开区,117.150738,39.138203
28,120105,天津市,河北区,117.196648,39.147869
29,120106,天津市,红桥区,117.151533,39.167345
30,120107,天津市,塘沽区,117.78067,39.246083
31,120108,天津市,汉沽区,117.78067,39.246083
32,120109,天津市,大港区,117.78067,39.246083
33,120110,天津市,东丽区,117.314324,39.086569
34,120111,天津市,西青区,117.013949,39.141591
35,120112,天津市,津南区,117.391976,38.984526
36,120113,天津市,北辰区,117.139343,39.217817
37,120114,天津市,武清区,117.044388,39.384119
38,120115,天津市,宝坻区,117.309863,39.717379
39,120116,天津市,滨海新区,117.78067,39.246083
40,120117,天津市,宁河区,117.826625,39.329858
41,120118,天津市,静海区,116.97413,38.947512
42,120119,天津市,蓟州区,117.408307,40.04606
43,120221,天津市,宁河县,117.826625,39.329858
44,120222,天津市,武清县,117.044388,39.384119
45,120223,天津市,静海县,116.97413,38.947512
46,120224,天津市,宝坻县,117.309863,39.717379
47,120225,天津市,蓟县,117.408307,40.04606
48,130000,河北省,河北省,114.468664,38.037057
49,130100,河北省,石家庄市,114.514859,38.042306
50,130102,河北省,长安区,114.53906,38.036654
51,130108,河北省,裕华区,114.531362,38.006453
52,130109,河北省,藁城区,114.847075,38.021567
53,130110,河北省,鹿泉区,114.313724,38.085958
54,130111,河北省,栾城区,114.648318,37.9002
55,130121,河北省,井陉县,114.14524,38.032148
56,130123,河北省,正定县,114.570941,38.146445
57,130125,河北省,行唐县,114.552737,38.438411
58,130126,河北省,灵寿县,114.37614,38.30611
59,130127,河北省,高邑县,114.611433,37.615159
60,130128,河北省,深泽县,115.20091,38.184072
61,130129,河北省,赞皇县,114.386155,37.665576
62,130130,河北省,无极县,114.976337,38.179141
63,130131,河北省,平山县,114.199134,38.247144
64,130132,河北省,元氏县,114.52558,37.766651
65,130133,河北省,赵县,114.776187,37.756498
66,130181,河北省,辛集市,115.218057,37.943315
67,130182,河北省,藁城市,114.847906,38.035778
68,130183,河北省,晋州市,115.044185,38.033629
69,130184,河北省,新乐市,114.684014,38.343296
70,130200,河北省,唐山市,118.180193,39.630867
71,130202,河北省,路南区,118.154354,39.625059
72,130203,河北省,路北区,118.200692,39.624437
73,130204,河北省,古冶区,118.447635,39.733578
74,130205,河北省,开平区,118.261842,39.671001
75,130207,河北省,丰南区,118.085169,39.576031
76,130208,河北省,丰润区,118.162216,39.832582
77,130209,河北省,曹妃甸区,118.460379,39.27307
78,130223,河北省,滦县,118.703598,39.740593
79,130224,河北省,滦南县,118.682379,39.518997
80,130225,河北省,乐亭县,118.912571,39.425608
81,130227,河北省,迁西县,118.314715,40.1415
82,130229,河北省,玉田县,117.738658,39.900401
83,130281,河北省,遵化市,117.965892,40.189202
84,130282,河北省,丰南市,118.085169,39.576031
85,130283,河北省,迁安市,118.701144,39.999175
86,130300,河北省,秦皇岛市,119.600492,39.935385
87,130302,河北省,海港区,119.564962,39.94756
88,130303,河北省,山海关区,119.775799,39.978849
89,130304,河北省,北戴河区,119.488914,39.834751
90,130306,河北省,抚宁区,119.235739,39.889241
91,130321,河北省,青龙满族自治县,118.949684,40.407578
92,130322,河北省,昌黎县,119.162694,39.712813
93,130324,河北省,卢龙县,118.892986,39.891947
94,130400,河北省,邯郸市,114.538961,36.625657
95,130402,河北省,邯山区,114.490431,36.580358
96,130403,河北省,丛台区,114.492897,36.63641
97,130404,河北省,复兴区,114.462058,36.639022
98,130423,河北省,临漳县,114.619544,36.3353
99,130424,河北省,成安县,114.670032,36.444407
100,130425,河北省,大名县,115.147814,36.285616
101,130426,河北省,涉县,113.691401,36.584995
102,130427,河北省,磁县,114.373947,36.374012
103,130430,河北省,邱县,115.186792,36.811133
104,130431,河北省,鸡泽县,114.878299,36.92035
105,130432,河北省,广平县,114.948607,36.483484
106,130433,河北省,馆陶县,115.282468,36.547557
107,130434,河北省,魏县,114.938976,36.359861
108,130435,河北省,曲周县,114.945131,36.78017
109,130481,河北省,武安市,114.203697,36.696506
110,130500,河北省,邢台市,114.504844,37.070589
111,130521,河北省,邢台县,114.507416,37.072954
112,130522,河北省,临城县,114.498762,37.444499
113,130523,河北省,内丘县,114.512128,37.286669
114,130524,河北省,柏乡县,114.693426,37.482423
115,130525,河北省,隆尧县,114.770419,37.350173
116,130526,河北省,任县,114.671936,37.120983
117,130527,河北省,南和县,114.683762,37.005041
118,130528,河北省,宁晋县,114.919301,37.619886
119,130529,河北省,巨鹿县,115.037478,37.221112
120,130530,河北省,新河县,115.242014,37.528712
121,130531,河北省,广宗县,115.142607,37.07466
122,130532,河北省,平乡县,115.030076,37.063148
123,130533,河北省,威县,115.266783,36.975321
124,130534,河北省,清河县,115.667576,37.040087
125,130535,河北省,临西县,115.501048,36.870813
126,130581,河北省,南宫市,115.408748,37.359264
127,130582,河北省,沙河市,114.503335,36.854922
128,130600,河北省,保定市,115.464806,38.873891
129,130602,河北省,竞秀区,115.458669,38.877561
130,130606,河北省,莲池区,115.497342,38.883209
131,130607,河北省,满城区,115.322351,38.948955
132,130608,河北省,清苑区,115.489968,38.765041
133,130609,河北省,徐水区,115.62441,39.026233
134,130623,河北省,涞水县,115.713905,39.394317
135,130624,河北省,阜平县,114.195104,38.849152
136,130626,河北省,定兴县,115.808175,39.263018
137,130627,河北省,唐县,114.982972,38.748204
138,130628,河北省,高阳县,115.778965,38.700088
139,130629,河北省,容城县,115.861657,39.042784
140,130630,河北省,涞源县,114.694284,39.360247
141,130631,河北省,望都县,115.154511,38.695736
142,130632,河北省,安新县,115.935553,38.935364
143,130633,河北省,易县,115.497509,39.349398
144,130634,河北省,曲阳县,114.74497,38.622242
145,130635,河北省,蠡县,115.583855,38.488056
146,130636,河北省,顺平县,115.13547,38.837487
147,130637,河北省,博野县,115.46438,38.457364
148,130638,河北省,雄县,116.10865,38.99455
149,130681,河北省,涿州市,115.974422,39.485283
150,130682,河北省,定州市,114.990159,38.516174
151,130683,河北省,安国市,115.326647,38.41844
152,130684,河北省,高碑店市,115.873758,39.326521
153,130700,河北省,张家口市,114.887543,40.824418
154,130702,河北省,桥东区,114.894341,40.788457
155,130703,河北省,桥西区,114.869407,40.819564
156,130705,河北省,宣化区,115.09951,40.608726
157,130706,河北省,下花园区,115.287352,40.502652
158,130708,河北省,万全区,114.74056,40.766898
159,130709,河北省,崇礼区,115.282669,40.974676
160,130722,河北省,张北县,114.720086,41.158557
161,130723,河北省,康保县,114.600404,41.852368
162,130724,河北省,沽源县,115.688692,41.669668
163,130725,河北省,尚义县,113.969619,41.076227
164,130726,河北省,蔚县,114.588903,39.840843
165,130727,河北省,阳原县,114.150388,40.103742
166,130728,河北省,怀安县,114.385791,40.674193
167,130730,河北省,怀来县,115.517862,40.415343
168,130731,河北省,涿鹿县,115.205345,40.379563
169,130732,河北省,赤城县,115.831499,40.912921
170,130800,河北省,承德市,117.96241,40.954071
171,130802,河北省,双桥区,117.943348,40.97465
172,130803,河北省,双滦区,117.799912,40.959196
173,130804,河北省,鹰手营子矿区,117.661156,40.546956
174,130821,河北省,承德县,118.173825,40.768238
175,130822,河北省,兴隆县,117.500558,40.417358
176,130823,河北省,平泉县,118.701951,41.018405
177,130824,河北省,滦平县,117.332801,40.941482
178,130825,河北省,隆化县,117.738938,41.313791
179,130826,河北省,丰宁满族自治县,116.645988,41.208949
180,130827,河北省,宽城满族自治县,118.485313,40.611391
181,130828,河北省,围场满族蒙古族自治县,117.760159,41.938529
182,130900,河北省,沧州市,116.838834,38.304477
183,130902,河北省,新华区,116.866284,38.314416
184,130903,河北省,运河区,116.832276,38.310143
185,130921,河北省,沧县,117.007478,38.219856
186,130922,河北省,青县,116.804306,38.583021
187,130923,河北省,东光县,116.537067,37.888248
188,130924,河北省,海兴县,117.496606,38.141582
189,130925,河北省,盐山县,117.230603,38.058088
190,130926,河北省,肃宁县,115.829758,38.422802
191,130927,河北省,南皮县,116.708104,38.038584
192,130928,河北省,吴桥县,116.391508,37.627661
193,130929,河北省,献县,116.122802,38.190144
194,130930,河北省,孟村回族自治县,117.104298,38.053409
195,130981,河北省,泊头市,116.578368,38.083437
196,130982,河北省,任丘市,116.082918,38.683592
197,130983,河北省,黄骅市,117.330048,38.371383
198,130984,河北省,河间市,116.099518,38.446624
199,131000,河北省,廊坊市,116.683752,39.538047
200,131002,河北省,安次区,116.694544,39.502569
201,131003,河北省,广阳区,116.71069,39.522786
202,131022,河北省,固安县,116.298657,39.438214
203,131023,河北省,永清县,116.499028,39.321794
204,131024,河北省,香河县,117.006093,39.761424
205,131025,河北省,大城县,116.653794,38.705449
206,131026,河北省,文安县,116.457858,38.873281
207,131028,河北省,大厂回族自治县,116.989574,39.886547
208,131081,河北省,霸州市,116.391386,39.125898
209,131082,河北省,三河市,117.078295,39.982718
210,131100,河北省,衡水市,115.670177,37.73892
211,131102,河北省,桃城区,115.675422,37.735369
212,131121,河北省,枣强县,115.72426,37.513417
213,131122,河北省,武邑县,115.887655,37.801658
214,131123,河北省,武强县,115.982461,38.041368
215,131124,河北省,饶阳县,115.725833,38.235892
216,131125,河北省,安平县,115.519216,38.23451
217,131126,河北省,故城县,115.965874,37.34741
218,131127,河北省,景县,116.270648,37.69229
219,131128,河北省,阜城县,116.144418,37.868872
220,131181,河北省,冀州市,115.579334,37.55082
221,131182,河北省,深州市,115.559574,38.001536
222,132100,河北省,邯郸地区,114.538961,36.625657
223,132200,河北省,邢台地区,114.504844,37.070589
224,132300,河北省,石家庄地区,114.514859,38.042306
225,132400,河北省,保定地区,115.464806,38.873891
226,132500,河北省,张家口地区,114.887543,40.824418
227,132600,河北省,承德地区,117.96241,40.954071
228,132900,河北省,沧州地区,116.838834,38.304477
229,133000,河北省,衡水地区,115.670177,37.73892
230,140000,山西省,山西省,112.562398,37.873531
231,140100,山西省,太原市,112.548879,37.87059
232,140103,山西省,北城区,112.532398,35.585543
233,140105,山西省,小店区,112.564306,37.742941
234,140106,山西省,迎泽区,112.5634,37.863451
235,140107,山西省,杏花岭区,112.570605,37.893955
236,140108,山西省,尖草坪区,112.486691,37.940387
237,140109,山西省,万柏林区,112.515748,37.859447
238,140110,山西省,晋源区,112.47794,37.715193
239,140121,山西省,清徐县,112.358667,37.607443
240,140122,山西省,阳曲县,112.672953,38.058489
241,140123,山西省,娄烦县,111.797083,38.067932
242,140181,山西省,古交市,112.175875,37.907109
243,140200,山西省,大同市,113.300129,40.076762
244,140211,山西省,南郊区,113.149693,40.005405
245,140212,山西省,新荣区,113.140005,40.255866
246,140221,山西省,阳高县,113.748945,40.36106
247,140222,山西省,天镇县,114.090867,40.420237
248,140223,山西省,广灵县,114.274025,39.761749
249,140224,山西省,灵丘县,114.23435,39.442406
250,140225,山西省,浑源县,113.699475,39.693407
251,140226,山西省,左云县,112.703008,40.013442
252,140227,山西省,大同县,113.61244,40.040295
253,140300,山西省,阳泉市,113.580519,37.856971
254,140321,山西省,平定县,113.657841,37.786653
255,140322,山西省,盂县,113.41233,38.085619
256,140400,山西省,长治市,113.116255,36.195386
257,140404,山西省,上党区,112.606903,37.693653
258,140405,山西省,屯留区,112.892151,36.315929
259,140406,山西省,潞城区,113.228852,36.334104
260,140421,山西省,长治县,113.051407,36.052858
261,140423,山西省,襄垣县,113.051491,36.535817
262,140424,山西省,屯留县,112.892151,36.315929
263,140425,山西省,平顺县,113.435961,36.200179
264,140426,山西省,黎城县,113.386544,36.503621
265,140427,山西省,壶关县,113.207049,36.115449
266,140428,山西省,长子县,112.8779,36.122334
267,140429,山西省,武乡县,112.864562,36.837625
268,140430,山西省,沁县,112.699226,36.756064
269,140431,山西省,沁源县,112.337446,36.5002
270,140481,山西省,潞城市,113.228852,36.334104
271,140500,山西省,晋城市,112.851831,35.490701
272,140521,山西省,沁水县,112.186739,35.690141
273,140522,山西省,阳城县,112.414738,35.486029
274,140524,山西省,陵川县,113.280688,35.775685
275,140525,山西省,泽州县,112.899137,35.617221
276,140581,山西省,高平市,112.92392,35.797997
277,140600,山西省,朔州市,112.432825,39.331595
278,140602,山西省,朔城区,112.43225,39.31894
279,140603,山西省,平鲁区,112.288331,39.512155
280,140621,山西省,山阴县,112.8166,39.526227
281,140622,山西省,应县,113.191099,39.554247
282,140623,山西省,右玉县,112.466989,39.989064
283,140624,山西省,怀仁县,113.099958,39.827916
284,140681,山西省,怀仁市,113.099958,39.827916
285,140700,山西省,晋中市,112.752694,37.687024
286,140702,山西省,榆次区,112.708241,37.697792
287,140721,山西省,榆社县,112.975287,37.070788
288,140722,山西省,左权县,113.379372,37.082681
289,140723,山西省,和顺县,113.570438,37.329664
290,140724,山西省,昔阳县,113.706875,37.61121
291,140725,山西省,寿阳县,113.176434,37.895325
292,140726,山西省,太谷县,112.551357,37.421308
293,140727,山西省,祁县,112.335297,37.358317
294,140728,山西省,平遥县,112.176273,37.189559
295,140729,山西省,灵石县,111.778685,36.84786
296,140781,山西省,介休市,111.916712,37.026945
297,140800,山西省,运城市,111.007528,35.026412
298,140802,山西省,盐湖区,110.998272,35.015101
299,140821,山西省,临猗县,110.774547,35.144277
300,140822,山西省,万荣县,110.838024,35.415254
301,140823,山西省,闻喜县,111.22472,35.356644
302,140824,山西省,稷山县,110.983333,35.604025
303,140825,山西省,新绛县,111.224778,35.616288
304,140826,山西省,绛县,111.568236,35.49119
305,140827,山西省,垣曲县,111.669917,35.29762
306,140828,山西省,夏县,111.220456,35.141363
307,140829,山西省,平陆县,111.194133,34.82926
308,140830,山西省,芮城县,110.694369,34.69358
309,140881,山西省,永济市,110.447549,34.86705
310,140882,山西省,河津市,110.712063,35.596383
311,140900,山西省,忻州市,112.734174,38.416663
312,140902,山西省,忻府区,112.746046,38.404243
313,140921,山西省,定襄县,112.957215,38.473548
314,140922,山西省,五台县,113.255309,38.728315
315,140923,山西省,代县,112.960282,39.066917
316,140924,山西省,繁峙县,113.265564,39.188811
317,140925,山西省,宁武县,112.304722,39.001524
318,140926,山西省,静乐县,111.93944,38.359036
319,140927,山西省,神池县,112.211297,39.090553
320,140928,山西省,五寨县,111.846905,38.910726
321,140929,山西省,岢岚县,111.57285,38.70418
322,140930,山西省,河曲县,111.138472,39.384482
323,140931,山西省,保德县,111.086564,39.022488
324,140932,山西省,偏关县,111.508831,39.436306
325,140981,山西省,原平市,112.711059,38.731402
326,141000,山西省,临汾市,111.518976,36.088005
327,141002,山西省,尧都区,111.579554,36.078841
328,141021,山西省,曲沃县,111.475861,35.641087
329,141022,山西省,翼城县,111.718951,35.738576
330,141023,山西省,襄汾县,111.441725,35.876293
331,141024,山西省,洪洞县,111.674966,36.253748
332,141025,山西省,古县,111.920466,36.266914
333,141026,山西省,安泽县,112.250144,36.147787
334,141027,山西省,浮山县,111.848883,35.968124
335,141028,山西省,吉县,110.681763,36.098188
336,141029,山西省,乡宁县,110.847021,35.970389
337,141030,山西省,大宁县,110.752903,36.465133
338,141031,山西省,隰县,110.940638,36.693331
339,141032,山西省,永和县,110.632007,36.759507
340,141033,山西省,蒲县,111.096439,36.411827
341,141034,山西省,汾西县,111.563951,36.652854
342,141081,山西省,侯马市,111.372002,35.619105
343,141082,山西省,霍州市,111.755398,36.568931
344,141100,山西省,吕梁市,111.144319,37.518314
345,141102,山西省,离石区,111.150733,37.517641
346,141121,山西省,文水县,112.028866,37.438102
347,141122,山西省,交城县,112.155841,37.55197
348,141123,山西省,兴县,111.127668,38.46239
349,141124,山西省,临县,110.992094,37.950758
350,141125,山西省,柳林县,110.889071,37.429832
351,141126,山西省,石楼县,110.834561,36.997412
352,141127,山西省,岚县,111.671917,38.279299
353,141128,山西省,方山县,111.244098,37.894631
354,141129,山西省,中阳县,111.179657,37.357058
355,141130,山西省,交口县,111.181151,36.982186
356,141181,山西省,孝义市,111.778818,37.146294
357,141182,山西省,汾阳市,111.769894,37.261564
358,142200,山西省,忻州地区,112.734174,38.416663
359,142300,山西省,吕梁地区,111.144319,37.518314
360,142302,山西省,离石市,111.150733,37.517641
361,142400,山西省,晋中地区,112.752694,37.687024
362,142401,山西省,榆次市,112.708241,37.697792
363,142600,山西省,临汾地区,111.518976,36.088005
364,142700,山西省,运城地区,111.007528,35.026412
365,150000,内蒙古自治区,内蒙古自治区,111.765617,40.817498
366,150100,内蒙古自治区,呼和浩特市,111.74918,40.842585
367,150102,内蒙古自治区,新城区,111.665544,40.858289
368,150103,内蒙古自治区,回民区,111.623692,40.808608
369,150104,内蒙古自治区,玉泉区,111.673881,40.753655
370,150105,内蒙古自治区,赛罕区,111.701857,40.792097
371,150121,内蒙古自治区,土默特左旗,111.163902,40.729573
372,150122,内蒙古自治区,托克托县,111.194313,40.277431
373,150123,内蒙古自治区,和林格尔县,111.821843,40.378787
374,150124,内蒙古自治区,清水河县,111.647609,39.921095
375,150125,内蒙古自治区,武川县,111.451303,41.096471
376,150200,内蒙古自治区,包头市,109.840347,40.657449
377,150202,内蒙古自治区,东河区,110.044142,40.575948
378,150203,内蒙古自治区,昆都仑区,109.838178,40.642236
379,150204,内蒙古自治区,青山区,109.901572,40.643246
380,150205,内蒙古自治区,石拐区,110.060686,40.676645
381,150205,内蒙古自治区,石拐矿区,110.060686,40.676645
382,150207,内蒙古自治区,九原区,109.968122,40.600581
383,150221,内蒙古自治区,土默特右旗,110.524263,40.569426
384,150222,内蒙古自治区,固阳县,110.060514,41.034106
385,150223,内蒙古自治区,达尔罕茂明安联合旗,110.432626,41.698992
386,150300,内蒙古自治区,乌海市,106.794249,39.655388
387,150302,内蒙古自治区,海勃湾区,106.822779,39.691156
388,150303,内蒙古自治区,海南区,106.891424,39.441364
389,150304,内蒙古自治区,乌达区,106.726099,39.505925
390,150400,内蒙古自治区,赤峰市,118.886856,42.257817
391,150402,内蒙古自治区,红山区,118.967296,42.271963
392,150403,内蒙古自治区,元宝山区,119.288611,42.038902
393,150404,内蒙古自治区,松山区,118.933235,42.284008
394,150421,内蒙古自治区,阿鲁科尔沁旗,120.0657,43.872299
395,150422,内蒙古自治区,巴林左旗,119.37949,43.971126
396,150423,内蒙古自治区,巴林右旗,118.66518,43.534414
397,150424,内蒙古自治区,林西县,118.05545,43.61812
398,150425,内蒙古自治区,克什克腾旗,117.545798,43.264989
399,150426,内蒙古自治区,翁牛特旗,119.00658,42.936188
400,150428,内蒙古自治区,喀喇沁旗,118.701938,41.927364
401,150429,内蒙古自治区,宁城县,118.557602,41.415477
402,150430,内蒙古自治区,敖汉旗,119.921604,42.290782
403,150500,内蒙古自治区,通辽市,122.243444,43.65289
404,150502,内蒙古自治区,科尔沁区,122.255675,43.623077
405,150521,内蒙古自治区,科尔沁左翼中旗,123.312265,44.126626
406,150522,内蒙古自治区,科尔沁左翼后旗,122.356749,42.935159
407,150523,内蒙古自治区,开鲁县,121.319309,43.601244
408,150524,内蒙古自治区,库伦旗,121.810701,42.735657
409,150525,内蒙古自治区,奈曼旗,120.662419,42.845455
410,150526,内蒙古自治区,扎鲁特旗,120.911676,44.556389
411,150581,内蒙古自治区,霍林郭勒市,119.663534,45.531726
412,150600,内蒙古自治区,鄂尔多斯市,109.781327,39.608266
413,150602,内蒙古自治区,东胜区,109.963339,39.822507
414,150621,内蒙古自治区,达拉特旗,110.033833,40.412438
415,150622,内蒙古自治区,准格尔旗,111.240171,39.864362
416,150623,内蒙古自治区,鄂托克前旗,107.477515,38.182362
417,150624,内蒙古自治区,鄂托克旗,107.976161,39.08965
418,150625,内蒙古自治区,杭锦旗,108.736208,39.833309
419,150626,内蒙古自治区,乌审旗,108.817607,38.604136
420,150627,内蒙古自治区,伊金霍洛旗,109.74774,39.56466
421,150700,内蒙古自治区,呼伦贝尔市,119.765744,49.211574
422,150702,内蒙古自治区,海拉尔区,119.736279,49.212189
423,150703,内蒙古自治区,扎赉诺尔区,117.670248,49.510375
424,150721,内蒙古自治区,阿荣旗,123.45905,48.126585
425,150722,内蒙古自治区,莫力达瓦达斡尔族自治旗,124.519023,48.477729
426,150723,内蒙古自治区,鄂伦春自治旗,123.726201,50.591842
427,150724,内蒙古自治区,鄂温克族自治旗,119.755213,49.146588
428,150725,内蒙古自治区,陈巴尔虎旗,119.424026,49.328916
429,150726,内蒙古自治区,新巴尔虎左旗,118.26982,48.218241
430,150727,内蒙古自治区,新巴尔虎右旗,116.82369,48.672101
431,150781,内蒙古自治区,满洲里市,117.37853,49.597841
432,150782,内蒙古自治区,牙克石市,120.735775,49.293222
433,150783,内蒙古自治区,扎兰屯市,122.737467,48.013733
434,150784,内蒙古自治区,额尔古纳市,120.180506,50.243102
435,150785,内蒙古自治区,根河市,121.520388,50.780345
436,150800,内蒙古自治区,巴彦淖尔市,107.387657,40.743213
437,150802,内蒙古自治区,临河区,107.363919,40.751187
438,150821,内蒙古自治区,五原县,108.267562,41.088422
439,150822,内蒙古自治区,磴口县,107.008248,40.330524
440,150823,内蒙古自治区,乌拉特前旗,108.652119,40.73703
441,150824,内蒙古自治区,乌拉特中旗,108.513645,41.587732
442,150825,内蒙古自治区,乌拉特后旗,107.074621,41.084283
443,150826,内蒙古自治区,杭锦后旗,107.150909,40.885896
444,150900,内蒙古自治区,乌兰察布市,113.132585,40.994785
445,150902,内蒙古自治区,集宁区,113.123779,40.990689
446,150921,内蒙古自治区,卓资县,112.577528,40.894692
447,150922,内蒙古自治区,化德县,114.010438,41.90456
448,150923,内蒙古自治区,商都县,113.577816,41.562113
449,150924,内蒙古自治区,兴和县,113.834173,40.872301
450,150925,内蒙古自治区,凉城县,112.503971,40.531555
451,150926,内蒙古自治区,察哈尔右翼前旗,113.214733,40.785631
452,150927,内蒙古自治区,察哈尔右翼中旗,112.635577,41.277462
453,150928,内蒙古自治区,察哈尔右翼后旗,113.191035,41.436069
454,150929,内蒙古自治区,四子王旗,111.706618,41.533462
455,150981,内蒙古自治区,丰镇市,113.109892,40.436983
456,152100,内蒙古自治区,呼伦贝尔盟,119.765744,49.211574
457,152101,内蒙古自治区,海拉尔市,119.736279,49.212189
458,152125,内蒙古自治区,额尔古纳右旗,120.180506,50.243102
459,152126,内蒙古自治区,额尔古纳左旗,120.180506,50.243102
460,152200,内蒙古自治区,兴安盟,122.067042,46.077561
461,152201,内蒙古自治区,乌兰浩特市,122.093123,46.072732
462,152202,内蒙古自治区,阿尔山市,119.943575,47.17744
463,152221,内蒙古自治区,科尔沁右翼前旗,121.95255,46.07981
464,152222,内蒙古自治区,科尔沁右翼中旗,121.47653,45.060837
465,152223,内蒙古自治区,扎赉特旗,122.899656,46.723237
466,152224,内蒙古自治区,突泉县,121.593799,45.38193
467,152500,内蒙古自治区,锡林郭勒盟,116.048222,43.933454
468,152501,内蒙古自治区,二连浩特市,111.977943,43.65317
469,152502,内蒙古自治区,锡林浩特市,116.086032,43.933411
470,152522,内蒙古自治区,阿巴嘎旗,114.950248,44.022995
471,152523,内蒙古自治区,苏尼特左旗,113.667248,43.85988
472,152524,内蒙古自治区,苏尼特右旗,112.641783,42.742892
473,152525,内蒙古自治区,东乌珠穆沁旗,116.974494,45.498221
474,152526,内蒙古自治区,西乌珠穆沁旗,117.608911,44.587882
475,152527,内蒙古自治区,太仆寺旗,115.282986,41.877136
476,152528,内蒙古自治区,镶黄旗,113.847287,42.232371
477,152529,内蒙古自治区,正镶白旗,115.029849,42.287471
478,152530,内蒙古自治区,正蓝旗,115.99247,42.241638
479,152531,内蒙古自治区,多伦县,116.485556,42.203591
480,152600,内蒙古自治区,乌兰察布盟,113.132585,40.994785
481,152601,内蒙古自治区,集宁市,113.123779,40.990689
482,152700,内蒙古自治区,伊克昭盟,111.687317,40.788501
483,152701,内蒙古自治区,东胜市,109.963339,39.822507
484,152800,内蒙古自治区,巴彦淖尔盟,107.387657,40.743213
485,152801,内蒙古自治区,临河市,107.363919,40.751187
486,152900,内蒙古自治区,阿拉善盟,105.728969,38.851892
487,152921,内蒙古自治区,阿拉善左旗,105.666293,38.833411
488,152922,内蒙古自治区,阿拉善右旗,101.666917,39.216186
489,152923,内蒙古自治区,额济纳旗,101.05559,41.954347
490,210000,辽宁省,辽宁省,123.42944,41.835441
491,210100,辽宁省,沈阳市,123.431474,41.805698
492,210102,辽宁省,和平区,123.39568,41.78945
493,210103,辽宁省,沈河区,123.458897,41.795655
494,210104,辽宁省,大东区,123.508858,41.81317
495,210105,辽宁省,皇姑区,123.44197,41.824796
496,210111,辽宁省,苏家屯区,123.344031,41.664757
497,210112,辽宁省,浑南区,123.449715,41.714914
498,210113,辽宁省,沈北新区,123.583197,41.912487
499,210113,辽宁省,新城子区,123.523148,42.048172
500,210114,辽宁省,于洪区,123.308136,41.793743
501,210115,辽宁省,辽中区,122.765409,41.516827
502,210121,辽宁省,新民县,122.833155,41.992853
503,210123,辽宁省,康平县,123.355701,42.741005
504,210124,辽宁省,法库县,123.440495,42.50073
505,210181,辽宁省,新民市,122.725537,41.932648
506,210200,辽宁省,大连市,121.614682,38.914003
507,210202,辽宁省,中山区,121.644927,38.918574
508,210203,辽宁省,西岗区,121.612325,38.914687
509,210204,辽宁省,沙河口区,121.5942,38.904808
510,210211,辽宁省,甘井子区,121.525461,38.953351
511,210212,辽宁省,旅顺口区,121.261953,38.851705
512,210213,辽宁省,金州区,121.782769,39.05046
513,210214,辽宁省,普兰店区,122.26177,39.741886
514,210224,辽宁省,长海县,122.588494,39.272728
515,210281,辽宁省,瓦房店市,121.979603,39.627114
516,210283,辽宁省,庄河市,122.967328,39.680811
517,210300,辽宁省,鞍山市,122.994329,41.108647
518,210304,辽宁省,立山区,123.029091,41.150401
519,210311,辽宁省,千山区,122.949298,41.068909
520,210321,辽宁省,台安县,122.436196,41.412768
521,210323,辽宁省,岫岩满族自治县,123.280935,40.29088
522,210381,辽宁省,海城市,122.685217,40.882377
523,210400,辽宁省,抚顺市,123.957208,41.880872
524,210402,辽宁省,新抚区,123.912861,41.86208
525,210403,辽宁省,东洲区,124.038685,41.853192
526,210404,辽宁省,望花区,123.784206,41.853646
527,210411,辽宁省,顺城区,123.94504,41.883375
528,210421,辽宁省,抚顺县,124.097979,41.922644
529,210422,辽宁省,新宾满族自治县,125.039978,41.734256
530,210423,辽宁省,清原满族自治县,124.924083,42.100539
531,210500,辽宁省,本溪市,123.766485,41.294175
532,210502,辽宁省,平山区,123.768926,41.299702
533,210503,辽宁省,溪湖区,123.767647,41.329219
534,210504,辽宁省,明山区,123.817212,41.30871
535,210505,辽宁省,南芬区,123.744802,41.100445
536,210521,辽宁省,本溪满族自治县,124.120436,41.301892
537,210522,辽宁省,桓仁满族自治县,125.361007,41.267128
538,210600,辽宁省,丹东市,124.354706,40.000499
539,210602,辽宁省,元宝区,124.395757,40.13652
540,210603,辽宁省,振兴区,124.360264,40.105194
541,210604,辽宁省,振安区,124.428162,40.158267
542,210621,辽宁省,凤城满族自治县,124.066919,40.452298
543,210623,辽宁省,东沟县,123.212231,42.566974
544,210624,辽宁省,宽甸满族自治县,124.78366,40.731317
545,210681,辽宁省,东港市,124.152705,39.863008
546,210682,辽宁省,凤城市,124.066919,40.452298
547,210700,辽宁省,锦州市,121.127003,41.095119
548,210702,辽宁省,古塔区,121.128279,41.117245
549,210703,辽宁省,凌河区,121.150877,41.11499
550,210711,辽宁省,太和区,121.103892,41.109147
551,210725,辽宁省,北镇满族自治县,121.795962,41.598764
552,210726,辽宁省,黑山县,122.123443,41.666028
553,210727,辽宁省,义县,121.23908,41.533087
554,210781,辽宁省,凌海市,121.35773,41.1734
555,210782,辽宁省,北镇市,121.795962,41.598764
556,210800,辽宁省,营口市,122.235417,40.667012
557,210802,辽宁省,站前区,122.258961,40.67267
558,210803,辽宁省,西市区,122.206414,40.666408
559,210804,辽宁省,鲅鱼圈区,122.107814,40.230636
560,210811,辽宁省,老边区,122.379967,40.680303
561,210821,辽宁省,营口县,122.235417,40.667012
562,210881,辽宁省,盖州市,122.348936,40.400611
563,210882,辽宁省,大石桥市,122.509131,40.644622
564,210900,辽宁省,阜新市,121.670323,42.021619
565,210903,辽宁省,新邱区,121.792535,42.087632
566,210904,辽宁省,太平区,121.678512,42.0106
567,210905,辽宁省,清河门区,121.416105,41.7831
568,210911,辽宁省,细河区,121.68054,42.025495
569,210921,辽宁省,阜新蒙古族自治县,121.757901,42.065175
570,210922,辽宁省,彰武县,122.538793,42.386544
571,211000,辽宁省,辽阳市,123.236944,41.267244
572,211002,辽宁省,白塔区,123.174325,41.270347
573,211003,辽宁省,文圣区,123.185386,41.262608
574,211004,辽宁省,宏伟区,123.196672,41.217649
575,211005,辽宁省,弓长岭区,123.419804,41.151847
576,211011,辽宁省,太子河区,123.181782,41.253277
577,211021,辽宁省,辽阳县,123.105695,41.205329
578,211081,辽宁省,灯塔市,123.339312,41.426372
579,211100,辽宁省,盘锦市,122.070714,41.119997
580,211102,辽宁省,双台子区,122.060112,41.190606
581,211103,辽宁省,兴隆台区,122.069897,41.158678
582,211122,辽宁省,盘山县,121.996499,41.242873
583,211200,辽宁省,铁岭市,123.726166,42.223769
584,211202,辽宁省,银州区,123.842305,42.28613
585,211221,辽宁省,铁岭县,123.729004,42.223383
586,211223,辽宁省,西丰县,124.727393,42.73803
587,211224,辽宁省,昌图县,124.1111,42.785791
588,211281,辽宁省,调兵山市,123.567117,42.467521
589,211282,辽宁省,开原市,124.038268,42.546307
590,211300,辽宁省,朝阳市,120.450372,41.573734
591,211302,辽宁省,双塔区,120.453744,41.565628
592,211303,辽宁省,龙城区,120.413376,41.576749
593,211321,辽宁省,朝阳县,120.389862,41.497767
594,211322,辽宁省,建平县,119.64328,41.403128
595,211324,辽宁省,喀喇沁左翼蒙古族自治县,119.741223,41.12815
596,211381,辽宁省,北票市,120.77073,41.800684
597,211382,辽宁省,凌源市,119.401574,41.245445
598,211400,辽宁省,葫芦岛市,120.836932,40.711052
599,211402,辽宁省,连山区,120.869231,40.774461
600,211403,辽宁省,龙港区,120.893786,40.735519
601,211404,辽宁省,南票区,120.749728,41.107108
602,211405,辽宁省,葫芦岛区,120.836932,40.711052
603,211421,辽宁省,绥中县,120.344229,40.325659
604,211422,辽宁省,建昌县,119.837124,40.824368
605,211481,辽宁省,兴城市,120.72831,40.614762
606,220000,吉林省,吉林省,125.32599,43.896536
607,220100,吉林省,长春市,125.323544,43.817071
608,220102,吉林省,南关区,125.350173,43.863989
609,220103,吉林省,宽城区,125.326578,43.943614
610,220104,吉林省,朝阳区,125.288319,43.833513
611,220105,吉林省,二道区,125.374217,43.865596
612,220105,吉林省,二道河子区,125.895928,43.88924
613,220106,吉林省,绿园区,125.256136,43.880975
614,220112,吉林省,双阳区,125.664662,43.525311
615,220113,吉林省,九台区,125.839574,44.151742
616,220122,吉林省,农安县,125.184742,44.432889
617,220182,吉林省,榆树市,126.533146,44.840288
618,220183,吉林省,德惠市,125.72862,44.521785
619,220200,吉林省,吉林市,126.549576,43.837883
620,220202,吉林省,昌邑区,126.57471,43.881818
621,220203,吉林省,龙潭区,126.562197,43.910803
622,220204,吉林省,船营区,126.540966,43.833445
623,220211,吉林省,丰满区,126.562274,43.821601
624,220221,吉林省,永吉县,126.497741,43.672582
625,220281,吉林省,蛟河市,127.344501,43.723713
626,220282,吉林省,桦甸市,126.74631,42.972097
627,220283,吉林省,舒兰市,126.965607,44.406106
628,220284,吉林省,磐石市,126.060427,42.946285
629,220300,吉林省,四平市,124.350398,43.166419
630,220302,吉林省,铁西区,124.345722,43.146155
631,220303,吉林省,铁东区,124.409622,43.162048
632,220322,吉林省,梨树县,124.33539,43.30706
633,220323,吉林省,伊通满族自治县,125.305394,43.345754
634,220381,吉林省,公主岭市,124.82283,43.504687
635,220382,吉林省,双辽市,123.502724,43.518302
636,220400,吉林省,辽源市,125.143532,42.887918
637,220402,吉林省,龙山区,125.136452,42.901534
638,220403,吉林省,西安区,125.149283,42.927265
639,220421,吉林省,东丰县,125.530991,42.676935
640,220422,吉林省,东辽县,124.991521,42.926331
641,220500,吉林省,通化市,125.939697,41.728401
642,220502,吉林省,东昌区,125.955102,41.728498
643,220503,吉林省,二道江区,126.042535,41.774053
644,220521,吉林省,通化县,125.759259,41.679808
645,220523,吉林省,辉南县,126.046912,42.684993
646,220524,吉林省,柳河县,125.744735,42.284606
647,220581,吉林省,梅河口市,125.683832,42.530341
648,220582,吉林省,集安市,126.194031,41.125307
649,220600,吉林省,白山市,126.423587,41.939994
650,220600,吉林省,浑江市,126.416094,41.945409
651,220602,吉林省,浑江区,126.416094,41.945409
652,220604,吉林省,临江区,126.918087,41.811979
653,220605,吉林省,江源区,126.591144,42.056773
654,220621,吉林省,抚松县,127.449764,42.221208
655,220622,吉林省,靖宇县,126.813625,42.38876
656,220623,吉林省,长白朝鲜族自治县,128.200789,41.420018
657,220624,吉林省,临江县,126.918087,41.811979
658,220681,吉林省,临江市,126.918087,41.811979
659,220700,吉林省,松原市,124.825117,45.141789
660,220702,吉林省,宁江区,124.817054,45.171792
661,220702,吉林省,扶余区,126.049774,44.988449
662,220721,吉林省,前郭尔罗斯蒙古族自治县,124.823242,45.11803
663,220722,吉林省,长岭县,123.967484,44.275895
664,220723,吉林省,乾安县,124.041139,45.003774
665,220781,吉林省,扶余市,126.049774,44.988449
666,220800,吉林省,白城市,122.839024,45.619641
667,220802,吉林省,洮北区,122.851029,45.621716
668,220821,吉林省,镇赉县,123.19989,45.847435
669,220822,吉林省,通榆县,123.088239,44.812911
670,220881,吉林省,洮南市,122.783779,45.339113
671,220882,吉林省,大安市,124.292626,45.506996
672,222300,吉林省,白城地区,122.839024,45.619641
673,222400,吉林省,延边朝鲜族自治州,129.508946,42.891253
674,222401,吉林省,延吉市,129.508946,42.891255
675,222402,吉林省,图们市,129.84371,42.968044
676,222403,吉林省,敦化市,128.232013,43.372413
677,222404,吉林省,珲春市,130.366036,42.862821
678,222405,吉林省,龙井市,129.427066,42.766311
679,222406,吉林省,和龙市,129.010106,42.546675
680,222423,吉林省,和龙县,129.010106,42.546675
681,222424,吉林省,汪清县,129.771607,43.312522
682,222426,吉林省,安图县,128.899807,43.111964
683,230000,黑龙江省,黑龙江省,126.661669,45.742347
684,230100,黑龙江省,哈尔滨市,126.534967,45.803775
685,230102,黑龙江省,道里区,126.616957,45.755777
686,230103,黑龙江省,南岗区,126.668788,45.75997
687,230104,黑龙江省,道外区,126.649451,45.792113
688,230109,黑龙江省,松北区,126.510275,45.802756
689,230110,黑龙江省,香坊区,126.662593,45.707716
690,230111,黑龙江省,呼兰区,126.587709,45.889427
691,230112,黑龙江省,阿城区,126.958098,45.54867
692,230113,黑龙江省,双城区,126.312745,45.383263
693,230123,黑龙江省,依兰县,129.567985,46.324534
694,230124,黑龙江省,方正县,128.829536,45.851695
695,230125,黑龙江省,宾县,127.466634,45.745918
696,230126,黑龙江省,巴彦县,127.403182,46.085379
697,230127,黑龙江省,木兰县,128.043466,45.950582
698,230128,黑龙江省,通河县,128.749352,45.972425
699,230129,黑龙江省,延寿县,128.331644,45.451897
700,230181,黑龙江省,阿城市,126.958098,45.54867
701,230183,黑龙江省,尚志市,128.009895,45.209586
702,230184,黑龙江省,五常市,127.167619,44.931992
703,230200,黑龙江省,齐齐哈尔市,123.918186,47.354348
704,230202,黑龙江省,龙沙区,123.957531,47.317309
705,230203,黑龙江省,建华区,123.955464,47.354364
706,230204,黑龙江省,铁锋区,123.978293,47.340518
707,230205,黑龙江省,昂昂溪区,123.822401,47.15516
708,230206,黑龙江省,富拉尔基区,123.62919,47.208843
709,230207,黑龙江省,碾子山区,122.887775,47.516872
710,230208,黑龙江省,梅里斯达斡尔族区,123.75291,47.309537
711,230221,黑龙江省,龙江县,123.205323,47.338665
712,230223,黑龙江省,依安县,125.306279,47.893548
713,230224,黑龙江省,泰来县,123.416631,46.393694
714,230225,黑龙江省,甘南县,123.507429,47.922406
715,230227,黑龙江省,富裕县,124.473924,47.77455
716,230229,黑龙江省,克山县,125.875705,48.037031
717,230230,黑龙江省,克东县,126.248721,48.04206
718,230231,黑龙江省,拜泉县,126.100213,47.595851
719,230281,黑龙江省,讷河市,124.884244,48.484099
720,230300,黑龙江省,鸡西市,130.969333,45.295075
721,230302,黑龙江省,鸡冠区,130.980894,45.304073
722,230303,黑龙江省,恒山区,130.904963,45.210668
723,230304,黑龙江省,滴道区,130.843613,45.348764
724,230305,黑龙江省,梨树区,130.69699,45.092046
725,230306,黑龙江省,城子河区,131.011304,45.33697
726,230307,黑龙江省,麻山区,130.478187,45.212088
727,230321,黑龙江省,鸡东县,131.12408,45.260412
728,230381,黑龙江省,虎林市,132.93721,45.762686
729,230382,黑龙江省,密山市,131.846636,45.529775
730,230400,黑龙江省,鹤岗市,130.297964,47.349916
731,230402,黑龙江省,向阳区,130.365346,46.80779
732,230403,黑龙江省,工农区,130.274684,47.318781
733,230405,黑龙江省,兴安区,130.239245,47.25285
734,230406,黑龙江省,东山区,130.317062,47.338535
735,230407,黑龙江省,兴山区,130.303574,47.357666
736,230421,黑龙江省,萝北县,130.828626,47.577495
737,230422,黑龙江省,绥滨县,131.852759,47.289116
738,230500,黑龙江省,双鸭山市,131.159133,46.646508
739,230502,黑龙江省,尖山区,131.158416,46.64635
740,230503,黑龙江省,岭东区,131.164724,46.592721
741,230505,黑龙江省,四方台区,131.334503,46.594316
742,230521,黑龙江省,集贤县,131.140483,46.728377
743,230522,黑龙江省,友谊县,131.808064,46.767299
744,230523,黑龙江省,宝清县,132.197243,46.326925
745,230524,黑龙江省,饶河县,134.013872,46.798164
746,230600,黑龙江省,大庆市,125.103784,46.589309
747,230602,黑龙江省,萨尔图区,125.114643,46.596356
748,230603,黑龙江省,龙凤区,125.135326,46.562247
749,230604,黑龙江省,让胡路区,124.870597,46.652358
750,230605,黑龙江省,红岗区,124.891039,46.398418
751,230606,黑龙江省,大同区,124.812364,46.039828
752,230621,黑龙江省,肇州县,125.268643,45.699066
753,230622,黑龙江省,肇源县,125.078223,45.51932
754,230623,黑龙江省,林甸县,124.863603,47.171717
755,230624,黑龙江省,杜尔伯特蒙古族自治县,124.442572,46.862817
756,230700,黑龙江省,伊春市,128.841147,47.727536
757,230702,黑龙江省,伊春区,128.907303,47.728171
758,230703,黑龙江省,南岔区,129.283467,47.138035
759,230704,黑龙江省,友好区,128.84075,47.853778
760,230705,黑龙江省,西林区,129.312851,47.480735
761,230706,黑龙江省,翠峦区,128.669859,47.726728
762,230707,黑龙江省,新青区,129.5336,48.290455
763,230708,黑龙江省,美溪区,129.129314,47.63509
764,230709,黑龙江省,金山屯区,129.429117,47.413074
765,230710,黑龙江省,五营区,129.245344,48.10791
766,230711,黑龙江省,乌马河区,128.799478,47.727687
767,230712,黑龙江省,汤旺河区,129.571108,48.454651
768,230713,黑龙江省,带岭区,129.020793,47.028397
769,230714,黑龙江省,乌伊岭区,129.43792,48.590323
770,230715,黑龙江省,红星区,129.390983,48.239432
771,230716,黑龙江省,上甘岭区,129.02426,47.974708
772,230722,黑龙江省,嘉荫县,130.403564,48.889109
773,230781,黑龙江省,铁力市,128.032422,46.98664
774,230800,黑龙江省,佳木斯市,130.318917,46.799922
775,230804,黑龙江省,前进区,130.375063,46.814103
776,230805,黑龙江省,东风区,130.403664,46.822572
777,230822,黑龙江省,桦南县,130.553343,46.239185
778,230826,黑龙江省,桦川县,130.719081,47.023001
779,230828,黑龙江省,汤原县,129.905072,46.730706
780,230881,黑龙江省,同江市,132.510919,47.642707
781,230882,黑龙江省,富锦市,132.037686,47.250108
782,230883,黑龙江省,抚远市,134.307884,48.364687
783,230900,黑龙江省,七台河市,131.003138,45.771726
784,230902,黑龙江省,新兴区,130.932143,45.81593
785,230903,黑龙江省,桃山区,131.020275,45.765594
786,230904,黑龙江省,茄子河区,131.068075,45.785215
787,230921,黑龙江省,勃利县,130.592093,45.755507
788,231000,黑龙江省,牡丹江市,129.633168,44.551653
789,231002,黑龙江省,东安区,129.626642,44.58136
790,231003,黑龙江省,阳明区,129.635615,44.596104
791,231004,黑龙江省,爱民区,129.591657,44.596053
792,231025,黑龙江省,林口县,130.284033,45.278046
793,231081,黑龙江省,绥芬河市,131.152546,44.412309
794,231083,黑龙江省,海林市,129.380482,44.594213
795,231084,黑龙江省,宁安市,129.482851,44.34072
796,231085,黑龙江省,穆棱市,130.524437,44.918813
797,231086,黑龙江省,东宁市,131.122915,44.087585
798,231100,黑龙江省,黑河市,127.52856,50.245329
799,231102,黑龙江省,爱辉区,127.500451,50.252106
800,231121,黑龙江省,嫩江县,125.221192,49.185766
801,231123,黑龙江省,逊克县,128.47875,49.564252
802,231124,黑龙江省,孙吴县,127.336304,49.425652
803,231181,黑龙江省,北安市,126.491199,48.241374
804,231182,黑龙江省,五大连池市,126.205516,48.517257
805,231200,黑龙江省,绥化市,126.968887,46.653845
806,231202,黑龙江省,北林区,126.985593,46.637344
807,231221,黑龙江省,望奎县,126.486076,46.832719
808,231222,黑龙江省,兰西县,126.288113,46.252447
809,231223,黑龙江省,青冈县,126.11386,46.689671
810,231224,黑龙江省,庆安县,127.507825,46.880102
811,231225,黑龙江省,明水县,125.906301,47.173426
812,231226,黑龙江省,绥棱县,127.114832,47.236015
813,231281,黑龙江省,安达市,125.352188,46.423508
814,231282,黑龙江省,肇东市,125.961814,46.051126
815,231283,黑龙江省,海伦市,126.973143,47.461971
816,232100,黑龙江省,松花江地区,127.386601,45.915739
817,232125,黑龙江省,五常县,126.613361,45.766868
818,232300,黑龙江省,绥化地区,126.968887,46.653845
819,232600,黑龙江省,黑河地区,127.52856,50.245329
820,232700,黑龙江省,大兴安岭地区,124.71108,52.335206
821,232701,黑龙江省,漠河市,122.538592,52.972272
822,232721,黑龙江省,呼玛县,126.665319,51.725637
823,232722,黑龙江省,塔河县,124.709996,52.334457
824,232723,黑龙江省,漠河县,122.538592,52.972272
825,310000,上海市,上海市,121.473701,31.230416
826,310101,上海市,黄浦区,121.46924,31.22986
827,310103,上海市,卢湾区,121.46924,31.22986
828,310104,上海市,徐汇区,121.437866,31.19919
829,310105,上海市,长宁区,121.424624,31.220367
830,310106,上海市,静安区,121.459384,31.247105
831,310108,上海市,闸北区,121.459384,31.247105
832,310109,上海市,虹口区,121.505133,31.2646
833,310110,上海市,杨浦区,121.526077,31.259541
834,310112,上海市,闵行区,121.381709,31.112813
835,310113,上海市,宝山区,121.489612,31.405457
836,310114,上海市,嘉定区,121.2653,31.375602
837,310115,上海市,浦东新区,121.544379,31.221517
838,310116,上海市,金山区,121.34197,30.741991
839,310117,上海市,松江区,121.227747,31.032243
840,310118,上海市,青浦区,121.124178,31.150681
841,310119,上海市,南汇区,121.544379,31.221517
842,310120,上海市,奉贤区,121.474042,30.917795
843,310151,上海市,崇明区,121.397417,31.623587
844,310222,上海市,嘉定县,121.2653,31.375602
845,310225,上海市,南汇县,121.754709,31.040142
846,310226,上海市,奉贤县,121.474042,30.917795
847,310227,上海市,松江县,121.227747,31.032243
848,310228,上海市,金山县,121.34197,30.741991
849,310229,上海市,青浦县,121.124178,31.150681
850,310230,上海市,崇明县,121.397417,31.623587
851,320000,江苏省,江苏省,118.763232,32.061707
852,320100,江苏省,南京市,118.796877,32.060255
853,320102,江苏省,玄武区,118.797861,32.048687
854,320103,江苏省,白下区,118.812805,32.03616
855,320104,江苏省,秦淮区,118.794744,32.039133
856,320105,江苏省,建邺区,118.731694,32.003552
857,320111,江苏省,浦口区,118.627895,32.059093
858,320113,江苏省,栖霞区,118.909246,32.096228
859,320114,江苏省,雨花台区,118.779073,31.991347
860,320115,江苏省,江宁区,118.839685,31.953702
861,320116,江苏省,六合区,118.821401,32.322247
862,320117,江苏省,溧水区,119.02828,31.651133
863,320118,江苏省,高淳区,118.892085,31.328471
864,320124,江苏省,溧水县,119.02828,31.651133
865,320200,江苏省,无锡市,120.31191,31.491169
866,320205,江苏省,锡山区,120.357858,31.589715
867,320206,江苏省,惠山区,120.2985,31.681012
868,320211,江苏省,滨湖区,120.27175,31.470483
869,320213,江苏省,梁溪区,120.296591,31.575719
870,320214,江苏省,新吴区,120.352778,31.550957
871,320222,江苏省,无锡县,120.31191,31.491169
872,320281,江苏省,江阴市,120.284939,31.920658
873,320282,江苏省,宜兴市,119.823308,31.340637
874,320283,江苏省,锡山市,120.357858,31.589715
875,320300,江苏省,徐州市,117.284124,34.205768
876,320302,江苏省,鼓楼区,117.185591,34.288511
877,320303,江苏省,云龙区,117.25156,34.253167
878,320305,江苏省,贾汪区,117.466687,34.435506
879,320311,江苏省,泉山区,117.193805,34.244258
880,320312,江苏省,铜山区,117.169421,34.1807
881,320321,江苏省,丰县,116.595391,34.693906
882,320322,江苏省,沛县,116.937532,34.721656
883,320324,江苏省,睢宁县,117.941563,33.912598
884,320381,江苏省,新沂市,118.354537,34.36958
885,320382,江苏省,邳州市,118.012531,34.338888
886,320400,江苏省,常州市,119.973987,31.810689
887,320402,江苏省,天宁区,119.974991,31.779619
888,320404,江苏省,钟楼区,119.902112,31.802192
889,320411,江苏省,新北区,119.972182,31.830641
890,320412,江苏省,武进区,119.942437,31.701188
891,320413,江苏省,金坛区,119.597897,31.723247
892,320481,江苏省,溧阳市,119.484211,31.416911
893,320483,江苏省,武进市,119.942437,31.701188
894,320500,江苏省,苏州市,120.585315,31.298886
895,320505,江苏省,虎丘区,120.566833,31.294845
896,320506,江苏省,吴中区,120.631898,31.264212
897,320507,江苏省,相城区,120.642663,31.369088
898,320508,江苏省,姑苏区,120.617296,31.336392
899,320509,江苏省,吴江区,120.645158,31.138677
900,320525,江苏省,吴江县,120.645158,31.138677
901,320581,江苏省,常熟市,120.752481,31.654376
902,320582,江苏省,张家港市,120.479033,31.899861
903,320583,江苏省,昆山市,120.980737,31.385598
904,320585,江苏省,太仓市,121.13055,31.457735
905,320600,江苏省,南通市,120.894291,31.980171
906,320602,江苏省,崇川区,120.857434,32.009875
907,320611,江苏省,港闸区,120.818527,32.032442
908,320612,江苏省,通州区,121.075087,32.064161
909,320621,江苏省,海安县,120.46737,32.533549
910,320623,江苏省,如东县,121.185201,32.331766
911,320624,江苏省,南通县,120.894291,31.980171
912,320681,江苏省,启东市,121.657441,31.808026
913,320682,江苏省,如皋市,120.574946,32.370557
914,320684,江苏省,海门市,121.181615,31.871173
915,320700,江苏省,连云港市,119.221611,34.596653
916,320703,江苏省,连云区,119.338788,34.760249
917,320704,江苏省,云台区,118.750197,31.744327
918,320706,江苏省,海州区,119.19371,34.606756
919,320707,江苏省,赣榆区,119.173331,34.841349
920,320722,江苏省,东海县,118.752842,34.542309
921,320723,江苏省,灌云县,119.239381,34.284381
922,320724,江苏省,灌南县,119.315651,34.087135
923,320800,江苏省,淮安市,119.015285,33.610353
924,320800,江苏省,淮阴市,119.034725,33.631893
925,320803,江苏省,淮安区,119.141099,33.502869
926,320804,江苏省,淮阴区,119.034725,33.631893
927,320826,江苏省,涟水县,119.260335,33.78096
928,320829,江苏省,洪泽县,118.855064,33.29845
929,320830,江苏省,盱眙县,118.54436,33.011971
930,320831,江苏省,金湖县,119.020585,33.025433
931,320900,江苏省,盐城市,120.163561,33.347382
932,320902,江苏省,亭湖区,120.197358,33.390536
933,320903,江苏省,盐都区,120.153898,33.338094
934,320904,江苏省,大丰区,120.500858,33.200331
935,320921,江苏省,响水县,119.578364,34.199479
936,320922,江苏省,滨海县,119.820831,33.990334
937,320923,江苏省,阜宁县,119.802527,33.759325
938,320924,江苏省,射阳县,120.258053,33.774806
939,320925,江苏省,建湖县,119.798581,33.464204
940,320981,江苏省,东台市,120.320331,32.86844
941,321000,江苏省,扬州市,119.412966,32.39421
942,321002,江苏省,广陵区,119.431849,32.39472
943,321003,江苏省,邗江区,119.398015,32.377528
944,321012,江苏省,江都区,119.569989,32.434672
945,321023,江苏省,宝应县,119.360729,33.240392
946,321081,江苏省,仪征市,119.184766,32.272258
947,321084,江苏省,高邮市,119.459161,32.781659
948,321100,江苏省,镇江市,119.425836,32.187849
949,321102,江苏省,京口区,119.47016,32.19828
950,321111,江苏省,润州区,119.411945,32.195333
951,321112,江苏省,丹徒区,119.433854,32.131962
952,321181,江苏省,丹阳市,119.606536,32.010117
953,321182,江苏省,扬中市,119.797635,32.234831
954,321183,江苏省,句容市,119.168695,31.944999
955,321200,江苏省,泰州市,119.923116,32.455778
956,321202,江苏省,海陵区,119.919425,32.491016
957,321203,江苏省,高港区,119.881717,32.318822
958,321204,江苏省,姜堰区,120.127934,32.509155
959,321281,江苏省,兴化市,119.852541,32.910459
960,321282,江苏省,靖江市,120.277138,31.982751
961,321283,江苏省,泰兴市,120.051744,32.171854
962,321300,江苏省,宿迁市,118.275198,33.963232
963,321302,江苏省,宿城区,118.242534,33.963029
964,321311,江苏省,宿豫区,118.330782,33.946822
965,321322,江苏省,沭阳县,118.804784,34.111022
966,321323,江苏省,泗阳县,118.703038,33.72314
967,321324,江苏省,泗洪县,118.223591,33.476051
968,330000,浙江省,浙江省,120.152791,30.267446
969,330100,浙江省,杭州市,120.209947,30.245853
970,330102,浙江省,上城区,120.184349,30.25446
971,330103,浙江省,下城区,120.180895,30.281714
972,330104,浙江省,江干区,120.213843,30.262661
973,330105,浙江省,拱墅区,120.141406,30.319037
974,330106,浙江省,西湖区,120.130203,30.259324
975,330108,浙江省,滨江区,120.146505,30.16245
976,330109,浙江省,萧山区,120.493286,30.28333
977,330110,浙江省,余杭区,120.245433,30.409974
978,330111,浙江省,富阳区,119.960076,30.048692
979,330112,浙江省,临安区,119.724733,30.233873
980,330122,浙江省,桐庐县,119.691434,29.793535
981,330123,浙江省,富阳县,119.923046,30.053477
982,330124,浙江省,临安县,119.718891,30.237881
983,330127,浙江省,淳安县,119.041864,29.608772
984,330181,浙江省,萧山市,120.493286,30.28333
985,330182,浙江省,建德市,119.281213,29.474884
986,330183,浙江省,富阳市,119.929883,30.045505
987,330184,浙江省,余杭市,120.245433,30.409974
988,330185,浙江省,临安市,119.724733,30.233873
989,330200,浙江省,宁波市,121.550357,29.874556
990,330203,浙江省,海曙区,121.551066,29.859772
991,330204,浙江省,江东区,121.59657,29.892912
992,330205,浙江省,江北区,121.555227,29.886757
993,330206,浙江省,北仑区,121.844618,29.899044
994,330211,浙江省,镇海区,121.71654,29.948998
995,330212,浙江省,鄞州区,121.546603,29.816511
996,330225,浙江省,象山县,121.869339,29.476705
997,330226,浙江省,宁海县,121.429477,29.287939
998,330281,浙江省,余姚市,121.154594,30.037858
999,330282,浙江省,慈溪市,121.266579,30.169665
1000,330283,浙江省,奉化市,121.406728,29.65656
1001,330300,浙江省,温州市,120.699366,27.994267
1002,330302,浙江省,鹿城区,120.655135,28.015455
1003,330303,浙江省,龙湾区,120.811213,27.932747
1004,330304,浙江省,瓯海区,120.708827,27.914241
1005,330305,浙江省,洞头区,121.157249,27.836154
1006,330324,浙江省,永嘉县,120.682144,28.150591
1007,330326,浙江省,平阳县,120.565793,27.661918
1008,330327,浙江省,苍南县,120.425766,27.51828
1009,330328,浙江省,文成县,120.091498,27.786996
1010,330329,浙江省,泰顺县,119.717649,27.556884
1011,330381,浙江省,瑞安市,120.655148,27.778657
1012,330382,浙江省,乐清市,120.967147,28.116083
1013,330400,浙江省,嘉兴市,120.755486,30.746129
1014,330402,浙江省,南湖区,120.783025,30.747842
1015,330411,浙江省,秀洲区,120.709018,30.765168
1016,330421,浙江省,嘉善县,120.92585,30.830898
1017,330424,浙江省,海盐县,120.946263,30.526436
1018,330481,浙江省,海宁市,120.680757,30.510659
1019,330482,浙江省,平湖市,121.015142,30.677233
1020,330483,浙江省,桐乡市,120.565099,30.630173
1021,330500,浙江省,湖州市,120.086823,30.894348
1022,330502,浙江省,吴兴区,120.185838,30.857151
1023,330503,浙江省,南浔区,120.418512,30.84969
1024,330521,浙江省,德清县,119.977401,30.54251
1025,330522,浙江省,长兴县,119.910952,31.026666
1026,330523,浙江省,安吉县,119.680353,30.638675
1027,330600,浙江省,绍兴市,120.580232,30.029752
1028,330602,浙江省,越城区,120.582633,29.988245
1029,330603,浙江省,柯桥区,120.495065,30.081942
1030,330604,浙江省,上虞区,120.868122,30.033121
1031,330624,浙江省,新昌县,120.903866,29.499832
1032,330681,浙江省,诸暨市,120.246863,29.708692
1033,330683,浙江省,嵊州市,120.831025,29.56141
1034,330700,浙江省,金华市,119.647444,29.079059
1035,330702,浙江省,婺城区,119.571633,29.086221
1036,330703,浙江省,金东区,119.692862,29.099122
1037,330721,浙江省,金华县,119.647444,29.079059
1038,330722,浙江省,永康县,120.261346,30.334969
1039,330723,浙江省,武义县,119.816318,28.892721
1040,330726,浙江省,浦江县,119.892222,29.452477
1041,330727,浙江省,磐安县,120.450178,29.054048
1042,330781,浙江省,兰溪市,119.460526,29.208919
1043,330782,浙江省,义乌市,120.075058,29.306841
1044,330783,浙江省,东阳市,120.241566,29.289648
1045,330800,浙江省,衢州市,118.859457,28.970079
1046,330802,浙江省,柯城区,118.871333,28.968504
1047,330803,浙江省,衢江区,118.95946,28.97978
1048,330822,浙江省,常山县,118.511249,28.901463
1049,330824,浙江省,开化县,118.415495,29.137337
1050,330825,浙江省,龙游县,119.172304,29.028319
1051,330881,浙江省,江山市,118.626926,28.737245
1052,330900,浙江省,舟山市,122.207215,29.985295
1053,330902,浙江省,定海区,122.106773,30.019858
1054,330903,浙江省,普陀区,122.323867,29.97176
1055,330921,浙江省,岱山县,122.226237,30.264139
1056,330922,浙江省,嵊泗县,122.451382,30.725686
1057,331000,浙江省,台州市,121.420757,28.656386
1058,331002,浙江省,椒江区,121.442676,28.673726
1059,331003,浙江省,黄岩区,121.261893,28.650117
1060,331004,浙江省,路桥区,121.365123,28.582655
1061,331021,浙江省,玉环县,121.23685,28.122504
1062,331022,浙江省,三门县,121.395777,29.104873
1063,331023,浙江省,天台县,121.006725,29.144079
1064,331024,浙江省,仙居县,120.735081,28.849213
1065,331081,浙江省,温岭市,121.385604,28.372506
1066,331082,浙江省,临海市,121.145047,28.858457
1067,331100,浙江省,丽水市,119.922796,28.46763
1068,331102,浙江省,莲都区,119.912612,28.445836
1069,331121,浙江省,青田县,120.282989,28.134088
1070,331122,浙江省,缙云县,120.091573,28.659279
1071,331123,浙江省,遂昌县,119.276104,28.592119
1072,331124,浙江省,松阳县,119.482015,28.449171
1073,331125,浙江省,云和县,119.573397,28.11579
1074,331126,浙江省,庆元县,119.06259,27.61922
1075,331127,浙江省,景宁畲族自治县,119.635697,27.973312
1076,331181,浙江省,龙泉市,119.141461,28.074623
1077,332500,浙江省,丽水地区,119.922796,28.46763
1078,332600,浙江省,台州地区,121.420757,28.656386
1079,332601,浙江省,椒江市,121.442676,28.673726
1080,332603,浙江省,黄岩市,121.261893,28.650117
1081,340000,安徽省,安徽省,117.284922,31.861184
1082,340100,安徽省,合肥市,117.227239,31.820586
1083,340102,安徽省,瑶海区,117.309229,31.858048
1084,340103,安徽省,庐阳区,117.264595,31.878641
1085,340104,安徽省,蜀山区,117.260536,31.851158
1086,340111,安徽省,包河区,117.309658,31.793093
1087,340121,安徽省,长丰县,117.167564,32.478018
1088,340122,安徽省,肥东县,117.469383,31.88794
1089,340123,安徽省,肥西县,117.157981,31.70681
1090,340124,安徽省,庐江县,117.2878,31.25555
1091,340181,安徽省,巢湖市,117.8618,31.598628
1092,340200,安徽省,芜湖市,118.432941,31.352859
1093,340202,安徽省,镜湖区,118.385146,31.340404
1094,340203,安徽省,弋江区,118.372655,31.311757
1095,340207,安徽省,鸠江区,118.391734,31.369373
1096,340208,安徽省,三山区,118.268101,31.219568
1097,340221,安徽省,芜湖县,118.576124,31.134809
1098,340222,安徽省,繁昌县,118.201349,31.080896
1099,340223,安徽省,南陵县,118.33436,30.914923
1100,340225,安徽省,无为县,117.902366,31.303168
1101,340300,安徽省,蚌埠市,117.389719,32.916287
1102,340302,安徽省,龙子湖区,117.39379,32.943014
1103,340303,安徽省,蚌山区,117.367614,32.944198
1104,340304,安徽省,禹会区,117.342451,32.929711
1105,340311,安徽省,淮上区,117.359331,32.965435
1106,340321,安徽省,怀远县,117.205234,32.970031
1107,340322,安徽省,五河县,117.879486,33.127823
1108,340323,安徽省,固镇县,117.316955,33.316899
1109,340400,安徽省,淮南市,116.999932,32.625478
1110,340402,安徽省,大通区,117.053273,32.631533
1111,340403,安徽省,田家庵区,117.017409,32.647155
1112,340404,安徽省,谢家集区,116.859048,32.599901
1113,340405,安徽省,八公山区,116.83349,32.631379
1114,340406,安徽省,潘集区,116.834716,32.77208
1115,340421,安徽省,凤台县,116.711051,32.709445
1116,340422,安徽省,寿县,116.787141,32.573306
1117,340500,安徽省,马鞍山市,118.506759,31.670452
1118,340503,安徽省,花山区,118.492562,31.71971
1119,340504,安徽省,雨山区,118.49856,31.682208
1120,340506,安徽省,博望区,118.844538,31.558471
1121,340521,安徽省,当涂县,118.497972,31.571213
1122,340522,安徽省,含山县,118.101421,31.735599
1123,340523,安徽省,和县,118.351405,31.741794
1124,340600,安徽省,淮北市,116.798265,33.955844
1125,340602,安徽省,杜集区,116.828134,33.991451
1126,340603,安徽省,相山区,116.794345,33.959893
1127,340604,安徽省,烈山区,116.813042,33.895139
1128,340621,安徽省,濉溪县,116.766299,33.915477
1129,340700,安徽省,铜陵市,117.812079,30.945429
1130,340705,安徽省,铜官区,117.816174,30.927608
1131,340711,安徽省,郊区,117.80707,30.908927
1132,340722,安徽省,枞阳县,117.250622,30.705963
1133,340800,安徽省,安庆市,117.063754,30.543494
1134,340802,安徽省,迎江区,117.09115,30.511548
1135,340803,安徽省,大观区,117.02167,30.553957
1136,340811,安徽省,宜秀区,117.070003,30.541323
1137,340822,安徽省,怀宁县,116.829475,30.733825
1138,340824,安徽省,潜山县,116.58127,30.631129
1139,340825,安徽省,太湖县,116.308795,30.45422
1140,340826,安徽省,宿松县,116.129105,30.153746
1141,340827,安徽省,望江县,116.694183,30.124428
1142,340828,安徽省,岳西县,116.359921,30.849442
1143,340881,安徽省,桐城市,116.97412,31.0358
1144,340882,安徽省,潜山市,116.58127,30.631129
1145,341000,安徽省,黄山市,118.337481,29.714655
1146,341002,安徽省,屯溪区,118.315329,29.696109
1147,341003,安徽省,黄山区,118.141568,30.272942
1148,341004,安徽省,徽州区,118.336751,29.827279
1149,341021,安徽省,歙县,118.415356,29.861308
1150,341022,安徽省,休宁县,118.199179,29.789095
1151,341023,安徽省,黟县,117.938373,29.924805
1152,341024,安徽省,祁门县,117.717396,29.854055
1153,341100,安徽省,滁州市,118.317106,32.301556
1154,341102,安徽省,琅琊区,118.305843,32.29453
1155,341103,安徽省,南谯区,118.296955,32.329842
1156,341122,安徽省,来安县,118.435749,32.452167
1157,341124,安徽省,全椒县,118.27309,32.085407
1158,341125,安徽省,定远县,117.698563,32.530982
1159,341126,安徽省,凤阳县,117.531623,32.874735
1160,341181,安徽省,天长市,119.004817,32.667571
1161,341182,安徽省,明光市,118.018276,32.781995
1162,341200,安徽省,阜阳市,115.814204,32.890124
1163,341202,安徽省,颍州区,115.806942,32.883468
1164,341203,安徽省,颍东区,115.856735,32.91248
1165,341204,安徽省,颍泉区,115.808327,32.924918
1166,341221,安徽省,临泉县,115.261473,33.040261
1167,341222,安徽省,太和县,115.621934,33.160326
1168,341225,安徽省,阜南县,115.595644,32.658297
1169,341226,安徽省,颍上县,116.256789,32.653255
1170,341282,安徽省,界首市,115.374564,33.257013
1171,341300,安徽省,宿州市,116.964356,33.646373
1172,341302,安徽省,埇桥区,116.977463,33.640061
1173,341321,安徽省,砀山县,116.367095,34.442561
1174,341322,安徽省,萧县,116.94729,34.188728
1175,341323,安徽省,灵璧县,117.552462,33.552998
1176,341324,安徽省,泗县,117.910629,33.482982
1177,341500,安徽省,六安市,116.521854,31.733699
1178,341502,安徽省,金安区,116.539679,31.749265
1179,341503,安徽省,裕安区,116.47992,31.737813
1180,341504,安徽省,叶集区,115.908504,31.849165
1181,341522,安徽省,霍邱县,116.277912,32.353038
1182,341523,安徽省,舒城县,116.948623,31.462027
1183,341524,安徽省,金寨县,115.934366,31.72717
1184,341525,安徽省,霍山县,116.332951,31.392786
1185,341600,安徽省,亳州市,115.778676,33.844582
1186,341602,安徽省,谯城区,115.779025,33.876235
1187,341621,安徽省,涡阳县,116.215665,33.492921
1188,341622,安徽省,蒙城县,116.564248,33.265831
1189,341623,安徽省,利辛县,116.208635,33.144724
1190,341700,安徽省,池州市,117.491568,30.6648
1191,341702,安徽省,贵池区,117.567379,30.687181
1192,341721,安徽省,东至县,117.027533,30.111182
1193,341722,安徽省,石台县,117.486306,30.210313
1194,341723,安徽省,青阳县,117.847362,30.63923
1195,341800,安徽省,宣城市,118.758816,30.940718
1196,341802,安徽省,宣州区,118.756328,30.946319
1197,341821,安徽省,郎溪县,119.179657,31.126412
1198,341822,安徽省,广德县,119.420935,30.877555
1199,341823,安徽省,泾县,118.419864,30.688578
1200,341824,安徽省,绩溪县,118.578519,30.067533
1201,341825,安徽省,旌德县,118.540487,30.28635
1202,341881,安徽省,宁国市,118.982915,30.633571
1203,342100,安徽省,阜阳地区,115.814204,32.890124
1204,342121,安徽省,阜阳县,115.814204,32.890124
1205,342400,安徽省,六安地区,116.521854,31.733699
1206,342421,安徽省,六安县,116.521854,31.733699
1207,342500,安徽省,宣城地区,118.758816,30.940718
1208,342600,安徽省,巢湖地区,117.8618,31.598628
1209,342900,安徽省,池州地区,117.491568,30.6648
1210,342901,安徽省,贵池市,117.567379,30.687181
1211,350000,福建省,福建省,119.295144,26.100779
1212,350100,福建省,福州市,119.296494,26.074507
1213,350103,福建省,台江区,119.314054,26.052842
1214,350104,福建省,仓山区,119.273546,26.046744
1215,350105,福建省,马尾区,119.455589,25.9895
1216,350111,福建省,晋安区,119.328515,26.082105
1217,350112,福建省,长乐区,119.523266,25.962888
1218,350121,福建省,闽侯县,119.131725,26.150047
1219,350122,福建省,连江县,119.539704,26.197364
1220,350123,福建省,罗源县,119.549776,26.489559
1221,350124,福建省,闽清县,118.863361,26.221198
1222,350125,福建省,永泰县,118.932592,25.866695
1223,350126,福建省,长乐县,119.5045,25.9605
1224,350128,福建省,平潭县,119.790168,25.49872
1225,350181,福建省,福清市,119.384334,25.721143
1226,350182,福建省,长乐市,119.523266,25.962888
1227,350200,福建省,厦门市,118.089425,24.479833
1228,350203,福建省,思明区,118.082658,24.445567
1229,350205,福建省,海沧区,118.032818,24.484503
1230,350206,福建省,湖里区,118.146769,24.512905
1231,350211,福建省,集美区,118.097337,24.57597
1232,350212,福建省,同安区,118.152149,24.722747
1233,350213,福建省,翔安区,118.248034,24.618544
1234,350300,福建省,莆田市,119.007777,25.454084
1235,350302,福建省,城厢区,118.993885,25.419319
1236,350303,福建省,涵江区,119.11629,25.45872
1237,350304,福建省,荔城区,119.015123,25.431979
1238,350305,福建省,秀屿区,119.105528,25.318672
1239,350321,福建省,莆田县,119.007777,25.454084
1240,350322,福建省,仙游县,118.691601,25.362094
1241,350400,福建省,三明市,117.638678,26.263406
1242,350402,福建省,梅列区,117.645856,26.271711
1243,350403,福建省,三元区,117.608045,26.23402
1244,350421,福建省,明溪县,117.201847,26.357379
1245,350423,福建省,清流县,116.816909,26.177797
1246,350424,福建省,宁化县,116.654365,26.261754
1247,350425,福建省,大田县,117.847115,25.692699
1248,350426,福建省,尤溪县,118.190467,26.170171
1249,350427,福建省,沙县,117.79245,26.3973
1250,350428,福建省,将乐县,117.471373,26.728953
1251,350429,福建省,泰宁县,117.17574,26.900259
1252,350430,福建省,建宁县,116.846084,26.830902
1253,350481,福建省,永安市,117.374461,25.976394
1254,350500,福建省,泉州市,118.675675,24.874132
1255,350502,福建省,鲤城区,118.586884,24.907581
1256,350503,福建省,丰泽区,118.668527,24.871018
1257,350504,福建省,洛江区,118.671193,24.939751
1258,350505,福建省,泉港区,118.916309,25.119815
1259,350521,福建省,惠安县,118.796605,25.030781
1260,350523,福建省,南安县,119.545351,25.480044
1261,350524,福建省,安溪县,118.186289,25.055955
1262,350526,福建省,德化县,118.241094,25.491494
1263,350527,福建省,金门县,118.317089,24.432706
1264,350581,福建省,石狮市,118.648066,24.732204
1265,350582,福建省,晋江市,118.552365,24.781681
1266,350583,福建省,南安市,118.386279,24.960385
1267,350600,福建省,漳州市,117.647481,24.512948
1268,350602,福建省,芗城区,117.653975,24.5109
1269,350603,福建省,龙文区,117.709755,24.503113
1270,350622,福建省,云霄县,117.339573,23.957936
1271,350623,福建省,漳浦县,117.613808,24.117102
1272,350624,福建省,诏安县,117.175185,23.711579
1273,350625,福建省,长泰县,117.759153,24.625449
1274,350626,福建省,东山县,117.430061,23.701262
1275,350627,福建省,南靖县,117.357321,24.514654
1276,350628,福建省,平和县,117.314891,24.363437
1277,350629,福建省,华安县,117.534103,25.004425
1278,350681,福建省,龙海市,117.818197,24.446706
1279,350700,福建省,南平市,118.177708,26.641768
1280,350702,福建省,延平区,118.181894,26.637457
1281,350703,福建省,建阳区,118.120464,27.331876
1282,350721,福建省,顺昌县,117.810357,26.793288
1283,350722,福建省,浦城县,118.541256,27.917263
1284,350723,福建省,光泽县,117.334106,27.540988
1285,350724,福建省,松溪县,118.785468,27.526232
1286,350725,福建省,政和县,118.857642,27.366104
1287,350781,福建省,邵武市,117.492534,27.340327
1288,350782,福建省,武夷山市,118.03531,27.756648
1289,350783,福建省,建瓯市,118.304988,27.022727
1290,350800,福建省,龙岩市,117.017536,25.075123
1291,350802,福建省,新罗区,117.037264,25.098292
1292,350821,福建省,长汀县,116.357581,25.833531
1293,350823,福建省,上杭县,116.420099,25.049518
1294,350824,福建省,武平县,116.100408,25.095298
1295,350825,福建省,连城县,116.754473,25.710539
1296,350881,福建省,漳平市,117.419998,25.290185
1297,350900,福建省,宁德市,119.547932,26.665617
1298,350902,福建省,蕉城区,119.526299,26.660611
1299,350921,福建省,霞浦县,120.005643,26.885204
1300,350922,福建省,古田县,118.746284,26.577837
1301,350923,福建省,屏南县,118.985895,26.908276
1302,350924,福建省,寿宁县,119.514987,27.454479
1303,350925,福建省,周宁县,119.339025,27.104591
1304,350926,福建省,柘荣县,119.900609,27.233933
1305,350981,福建省,福安市,119.652171,27.087184
1306,350982,福建省,福鼎市,120.216978,27.324479
1307,352100,福建省,南平地区,118.177708,26.641768
1308,352122,福建省,建阳县,119.306421,26.116149
1309,352200,福建省,宁德地区,119.547932,26.665617
1310,352600,福建省,龙岩地区,117.017536,25.075123
1311,360000,江西省,江西省,115.909228,28.675696
1312,360100,江西省,南昌市,115.858197,28.682892
1313,360102,江西省,东湖区,115.899262,28.685085
1314,360104,江西省,青云谱区,115.925749,28.621169
1315,360105,江西省,湾里区,115.730847,28.714796
1316,360111,江西省,青山湖区,115.962144,28.682985
1317,360112,江西省,新建区,115.815278,28.692864
1318,360121,江西省,南昌县,115.944304,28.545602
1319,360122,江西省,新建县,115.826244,28.681919
1320,360123,江西省,安义县,115.549247,28.844507
1321,360124,江西省,进贤县,116.26948,28.366913
1322,360200,江西省,景德镇市,117.178419,29.268835
1323,360202,江西省,昌江区,117.183748,29.273435
1324,360203,江西省,珠山区,117.202893,29.299923
1325,360222,江西省,浮梁县,117.215086,29.351681
1326,360281,江西省,乐平市,117.151796,28.97844
1327,360300,江西省,萍乡市,113.854556,27.622768
1328,360302,江西省,安源区,113.87073,27.615202
1329,360311,江西省,上栗区,113.795311,27.880302
1330,360313,江西省,湘东区,113.733047,27.640075
1331,360321,江西省,莲花县,113.961516,27.127658
1332,360322,江西省,上栗县,113.795311,27.880302
1333,360323,江西省,芦溪县,114.029828,27.630806
1334,360400,江西省,九江市,116.00193,29.705077
1335,360402,江西省,濂溪区,115.989197,29.671694
1336,360403,江西省,浔阳区,115.990301,29.727593
1337,360421,江西省,九江县,115.911323,29.608431
1338,360423,江西省,武宁县,115.100578,29.256323
1339,360424,江西省,修水县,114.546702,29.026022
1340,360425,江西省,永修县,115.832453,29.012297
1341,360426,江西省,德安县,115.767484,29.298738
1342,360427,江西省,星子县,115.892151,28.676493
1343,360428,江西省,都昌县,116.204099,29.273194
1344,360429,江西省,湖口县,116.251947,29.731101
1345,360430,江西省,彭泽县,116.549359,29.896061
1346,360481,江西省,瑞昌市,115.681337,29.675874
1347,360482,江西省,共青城市,115.808844,29.248317
1348,360483,江西省,庐山市,116.04506,29.448128
1349,360500,江西省,新余市,114.917346,27.817808
1350,360502,江西省,渝水区,114.944646,27.800387
1351,360521,江西省,分宜县,114.69205,27.814758
1352,360600,江西省,鹰潭市,117.069202,28.260189
1353,360602,江西省,月湖区,117.037137,28.239153
1354,360603,江西省,余江区,116.822763,28.206177
1355,360622,江西省,余江县,116.822763,28.206177
1356,360681,江西省,贵溪市,117.245497,28.292519
1357,360700,江西省,赣州市,114.935029,25.831829
1358,360702,江西省,章贡区,114.921171,25.817816
1359,360721,江西省,赣县,115.005392,25.862815
1360,360722,江西省,信丰县,114.92283,25.386704
1361,360723,江西省,大余县,114.362112,25.401314
1362,360724,江西省,上犹县,114.551138,25.785172
1363,360725,江西省,崇义县,114.308267,25.681784
1364,360726,江西省,安远县,115.393922,25.136927
1365,360727,江西省,龙南县,114.789873,24.911069
1366,360728,江西省,定南县,115.027845,24.78441
1367,360729,江西省,全南县,114.530125,24.742403
1368,360730,江西省,宁都县,116.013621,26.470996
1369,360731,江西省,于都县,115.415508,25.952069
1370,360732,江西省,兴国县,115.36319,26.337937
1371,360733,江西省,会昌县,115.786057,25.600272
1372,360734,江西省,寻乌县,115.646636,24.963371
1373,360735,江西省,石城县,116.346995,26.314775
1374,360781,江西省,瑞金市,116.027135,25.885555
1375,360800,江西省,吉安市,114.992509,27.113443
1376,360802,江西省,吉州区,114.994764,27.143801
1377,360803,江西省,青原区,115.014812,27.081977
1378,360821,江西省,吉安县,114.907733,27.03989
1379,360822,江西省,吉水县,115.135507,27.229632
1380,360823,江西省,峡江县,115.316566,27.582901
1381,360824,江西省,新干县,115.387052,27.740192
1382,360825,江西省,永丰县,115.44432,27.318852
1383,360826,江西省,泰和县,114.908869,26.78996
1384,360827,江西省,遂川县,114.520537,26.313737
1385,360828,江西省,万安县,114.786182,26.458254
1386,360829,江西省,安福县,114.619893,27.392874
1387,360830,江西省,永新县,114.243096,26.945002
1388,360881,江西省,井冈山市,114.289228,26.748081
1389,360900,江西省,宜春市,114.416778,27.815619
1390,360902,江西省,袁州区,114.424657,27.798846
1391,360921,江西省,奉新县,115.400491,28.688423
1392,360922,江西省,万载县,114.445523,28.106004
1393,360923,江西省,上高县,114.947831,28.238876
1394,360924,江西省,宜丰县,114.803515,28.393666
1395,360925,江西省,靖安县,115.362629,28.861479
1396,360926,江西省,铜鼓县,114.371172,28.52077
1397,360981,江西省,丰城市,115.771094,28.159142
1398,360982,江西省,樟树市,115.546385,28.054814
1399,360983,江西省,高安市,115.375616,28.417255
1400,361000,江西省,抚州市,116.358181,27.949217
1401,361002,江西省,临川区,116.371066,27.970596
1402,361021,江西省,南城县,116.63704,27.569678
1403,361022,江西省,黎川县,116.907681,27.282333
1404,361023,江西省,南丰县,116.525725,27.218445
1405,361024,江西省,崇仁县,116.061101,27.764394
1406,361025,江西省,乐安县,115.830481,27.428765
1407,361026,江西省,宜黄县,116.222128,27.546146
1408,361027,江西省,金溪县,116.755058,27.918959
1409,361028,江西省,资溪县,117.060264,27.706102
1410,361030,江西省,广昌县,116.325757,26.837267
1411,361100,江西省,上饶市,117.943433,28.454862
1412,361102,江西省,信州区,117.96646,28.431002
1413,361103,江西省,广丰区,118.19124,28.436286
1414,361121,江西省,上饶县,117.90785,28.448983
1415,361124,江西省,铅山县,117.709451,28.315217
1416,361125,江西省,横峰县,117.596452,28.407118
1417,361126,江西省,弋阳县,117.449588,28.378044
1418,361127,江西省,余干县,116.695647,28.702302
1419,361128,江西省,鄱阳县,116.699746,29.011699
1420,361129,江西省,万年县,117.058445,28.694582
1421,361130,江西省,婺源县,117.861798,29.248086
1422,361181,江西省,德兴市,117.578713,28.946464
1423,362100,江西省,赣州地区,114.935029,25.831829
1424,362200,江西省,宜春地区,114.416778,27.815619
1425,362300,江西省,上饶地区,117.943433,28.454862
1426,362400,江西省,吉安地区,114.992509,27.113443
1427,362500,江西省,抚州地区,116.358181,27.949217
1428,362501,江西省,临川市,116.371066,27.970596
1429,370000,山东省,山东省,117.020359,36.66853
1430,370100,山东省,济南市,117.119999,36.651216
1431,370102,山东省,历下区,117.076455,36.666412
1432,370104,山东省,槐荫区,116.901224,36.651441
1433,370105,山东省,天桥区,116.987492,36.678016
1434,370112,山东省,历城区,117.065237,36.680017
1435,370113,山东省,长清区,116.751937,36.553571
1436,370114,山东省,章丘区,117.526228,36.681259
1437,370115,山东省,济阳区,117.042516,36.726342
1438,370116,山东省,莱芜区,117.676723,36.213813
1439,370117,山东省,钢城区,117.811355,36.058572
1440,370124,山东省,平阴县,116.456187,36.289265
1441,370125,山东省,济阳县,117.173525,36.978537
1442,370126,山东省,商河县,117.157207,37.30905
1443,370200,山东省,青岛市,120.382639,36.067082
1444,370202,山东省,市南区,120.385649,36.080305
1445,370203,山东省,市北区,120.374731,36.087609
1446,370211,山东省,黄岛区,120.04619,35.872664
1447,370212,山东省,崂山区,120.468956,36.107538
1448,370213,山东省,李沧区,120.432697,36.145463
1449,370214,山东省,城阳区,120.39631,36.307064
1450,370215,山东省,即墨区,120.447128,36.389639
1451,370281,山东省,胶州市,120.033382,36.26468
1452,370282,山东省,即墨市,120.447128,36.389639
1453,370283,山东省,平度市,119.988454,36.776875
1454,370285,山东省,莱西市,120.51769,36.889084
1455,370300,山东省,淄博市,118.054927,36.813487
1456,370302,山东省,淄川区,117.966723,36.643452
1457,370303,山东省,张店区,118.017913,36.806674
1458,370304,山东省,博山区,117.861677,36.494721
1459,370305,山东省,临淄区,118.309118,36.826981
1460,370306,山东省,周村区,117.869886,36.803072
1461,370321,山东省,桓台县,118.097923,36.959804
1462,370322,山东省,高青县,117.826916,37.171063
1463,370323,山东省,沂源县,118.170856,36.185038
1464,370400,山东省,枣庄市,117.323725,34.810487
1465,370403,山东省,薛城区,117.263164,34.795063
1466,370404,山东省,峄城区,117.590816,34.773263
1467,370405,山东省,台儿庄区,117.733832,34.562528
1468,370406,山东省,山亭区,117.461517,35.099528
1469,370481,山东省,滕州市,117.165824,35.114156
1470,370500,山东省,东营市,118.674767,37.434751
1471,370502,山东省,东营区,118.582184,37.448963
1472,370503,山东省,河口区,118.525543,37.886162
1473,370522,山东省,利津县,118.255273,37.49026
1474,370523,山东省,广饶县,118.407107,37.053555
1475,370600,山东省,烟台市,121.447935,37.463822
1476,370602,山东省,芝罘区,121.400031,37.540687
1477,370611,山东省,福山区,121.267741,37.498246
1478,370612,山东省,牟平区,121.600512,37.386901
1479,370613,山东省,莱山区,121.445151,37.511361
1480,370634,山东省,长岛县,120.73658,37.921368
1481,370681,山东省,龙口市,120.477813,37.646108
1482,370682,山东省,莱阳市,120.711673,36.978941
1483,370683,山东省,莱州市,119.942327,37.177017
1484,370684,山东省,蓬莱市,120.758848,37.810661
1485,370685,山东省,招远市,120.434072,37.355469
1486,370686,山东省,栖霞市,120.849675,37.335123
1487,370687,山东省,海阳市,121.158434,36.776378
1488,370700,山东省,潍坊市,119.161755,36.706774
1489,370702,山东省,潍城区,119.024836,36.7281
1490,370703,山东省,寒亭区,119.219734,36.775491
1491,370704,山东省,坊子区,119.166485,36.654448
1492,370705,山东省,奎文区,119.132486,36.707676
1493,370724,山东省,临朐县,118.542982,36.512506
1494,370725,山东省,昌乐县,118.829996,36.706938
1495,370781,山东省,青州市,118.479636,36.6846
1496,370782,山东省,诸城市,119.410103,35.995654
1497,370783,山东省,寿光市,118.790652,36.85548
1498,370784,山东省,安丘市,119.218843,36.478494
1499,370785,山东省,高密市,119.755597,36.382595
1500,370786,山东省,昌邑市,119.398525,36.85882
1501,370800,山东省,济宁市,116.587098,35.414921
1502,370811,山东省,任城区,116.59505,35.406596
1503,370812,山东省,兖州区,116.783834,35.553144
1504,370826,山东省,微山县,117.128828,34.806554
1505,370827,山东省,鱼台县,116.650608,35.012749
1506,370828,山东省,金乡县,116.311532,35.06662
1507,370829,山东省,嘉祥县,116.342442,35.407829
1508,370830,山东省,汶上县,116.489043,35.732799
1509,370831,山东省,泗水县,117.251195,35.664323
1510,370832,山东省,梁山县,116.096044,35.802306
1511,370881,山东省,曲阜市,116.986503,35.580996
1512,370883,山东省,邹城市,117.003743,35.405185
1513,370900,山东省,泰安市,117.087614,36.200252
1514,370902,山东省,泰山区,117.135354,36.192084
1515,370911,山东省,岱岳区,117.041582,36.18799
1516,370921,山东省,宁阳县,116.805797,35.758787
1517,370923,山东省,东平县,116.470304,35.937102
1518,370982,山东省,新泰市,117.767953,35.909032
1519,370983,山东省,肥城市,116.768358,36.182572
1520,371000,山东省,威海市,122.120419,37.513068
1521,371002,山东省,环翠区,122.123444,37.501991
1522,371003,山东省,文登区,122.057941,37.193886
1523,371082,山东省,荣成市,122.486658,37.16516
1524,371083,山东省,乳山市,121.539765,36.919816
1525,371100,山东省,日照市,119.526888,35.416377
1526,371102,山东省,东港区,119.462249,35.42547
1527,371103,山东省,岚山区,119.318929,35.121884
1528,371121,山东省,五莲县,119.206763,35.751927
1529,371122,山东省,莒县,118.837064,35.579868
1530,371200,山东省,莱芜市,117.676723,36.213813
1531,371202,山东省,莱城区,117.659884,36.20318
1532,371300,山东省,临沂市,118.356448,35.104672
1533,371302,山东省,兰山区,118.347731,35.051734
1534,371311,山东省,罗庄区,118.284786,34.996741
1535,371312,山东省,河东区,118.402893,35.089917
1536,371321,山东省,沂南县,118.465213,35.549976
1537,371322,山东省,郯城县,118.367263,34.613557
1538,371323,山东省,沂水县,118.627918,35.79045
1539,371324,山东省,兰陵县,118.07065,34.857149
1540,371325,山东省,费县,117.977325,35.265961
1541,371326,山东省,平邑县,117.640352,35.505943
1542,371327,山东省,莒南县,118.835163,35.174846
1543,371328,山东省,蒙阴县,117.945085,35.710032
1544,371329,山东省,临沭县,118.650782,34.919852
1545,371400,山东省,德州市,116.357464,37.434092
1546,371402,山东省,德城区,116.299471,37.450805
1547,371403,山东省,陵城区,116.576092,37.335794
1548,371422,山东省,宁津县,116.800306,37.65219
1549,371423,山东省,庆云县,117.385257,37.77535
1550,371424,山东省,临邑县,116.8668,37.189798
1551,371425,山东省,齐河县,116.76281,36.783415
1552,371426,山东省,平原县,116.434056,37.165314
1553,371427,山东省,夏津县,116.001726,36.948371
1554,371428,山东省,武城县,116.069302,37.213311
1555,371481,山东省,乐陵市,117.231935,37.729907
1556,371482,山东省,禹城市,116.638327,36.933812
1557,371500,山东省,聊城市,115.985371,36.456703
1558,371502,山东省,东昌府区,115.988491,36.434645
1559,371521,山东省,阳谷县,115.79182,36.114392
1560,371522,山东省,莘县,115.671191,36.233598
1561,371523,山东省,茌平县,116.25527,36.580689
1562,371524,山东省,东阿县,116.24758,36.334917
1563,371525,山东省,冠县,115.44274,36.484009
1564,371526,山东省,高唐县,116.230158,36.846755
1565,371581,山东省,临清市,115.704881,36.838277
1566,371600,山东省,滨州市,117.970703,37.38199
1567,371602,山东省,滨城区,118.019326,37.430724
1568,371603,山东省,沾化区,118.098902,37.69926
1569,371621,山东省,惠民县,117.509921,37.489877
1570,371622,山东省,阳信县,117.578262,37.641106
1571,371623,山东省,无棣县,117.625696,37.77026
1572,371625,山东省,博兴县,118.131815,37.150226
1573,371626,山东省,邹平县,117.743109,36.862989
1574,371700,山东省,菏泽市,115.480656,35.23375
1575,371702,山东省,牡丹区,115.417827,35.252512
1576,371703,山东省,定陶区,115.569619,35.072701
1577,371721,山东省,曹县,115.542328,34.825508
1578,371722,山东省,单县,116.107428,34.778808
1579,371723,山东省,成武县,115.889765,34.952459
1580,371724,山东省,巨野县,116.065396,35.387374
1581,371725,山东省,郓城县,115.943613,35.599758
1582,371726,山东省,鄄城县,115.510193,35.563408
1583,371728,山东省,东明县,115.089905,35.289368
1584,372300,山东省,滨州地区,117.970703,37.38199
1585,372300,山东省,惠民地区,117.509921,37.489877
1586,372400,山东省,德州地区,116.357464,37.434092
1587,372500,山东省,聊城地区,115.985371,36.456703
1588,372800,山东省,临沂地区,118.356448,35.104672
1589,372900,山东省,菏泽地区,115.480656,35.23375
1590,410000,河南省,河南省,113.753602,34.765515
1591,410100,河南省,郑州市,113.625368,34.746599
1592,410102,河南省,中原区,113.61285,34.748257
1593,410103,河南省,二七区,113.640179,34.72393
1594,410104,河南省,管城回族区,113.677548,34.7545
1595,410105,河南省,金水区,113.660555,34.800156
1596,410106,河南省,上街区,113.308961,34.80278
1597,410108,河南省,惠济区,113.616901,34.867458
1598,410108,河南省,邙山区,113.516066,34.938389
1599,410122,河南省,中牟县,113.976181,34.71895
1600,410181,河南省,巩义市,113.022497,34.747834
1601,410182,河南省,荥阳市,113.440457,34.745585
1602,410183,河南省,新密市,113.390891,34.539443
1603,410184,河南省,新郑市,113.740529,34.395562
1604,410185,河南省,登封市,113.050492,34.453667
1605,410200,河南省,开封市,114.307581,34.797239
1606,410202,河南省,龙亭区,114.35473,34.815784
1607,410203,河南省,顺河回族区,114.364875,34.800459
1608,410205,河南省,禹王台区,114.34817,34.777104
1609,410212,河南省,祥符区,114.441327,34.756921
1610,410221,河南省,杞县,114.783041,34.549166
1611,410222,河南省,通许县,114.467467,34.480433
1612,410223,河南省,尉氏县,114.193081,34.411494
1613,410225,河南省,兰考县,114.821348,34.822211
1614,410300,河南省,洛阳市,112.45404,34.619682
1615,410302,河南省,老城区,112.469024,34.683646
1616,410303,河南省,西工区,112.428413,34.6599
1617,410304,河南省,瀍河回族区,112.500205,34.67985
1618,410305,河南省,涧西区,112.395756,34.658034
1619,410306,河南省,吉利区,112.589052,34.900889
1620,410311,河南省,洛龙区,112.464173,34.619404
1621,410322,河南省,孟津县,112.445252,34.825307
1622,410323,河南省,新安县,112.132488,34.728584
1623,410324,河南省,栾川县,111.615769,33.785698
1624,410325,河南省,嵩县,112.085634,34.134517
1625,410326,河南省,汝阳县,112.473139,34.15394
1626,410327,河南省,宜阳县,112.179238,34.514645
1627,410328,河南省,洛宁县,111.653039,34.389414
1628,410329,河南省,伊川县,112.425651,34.42146
1629,410381,河南省,偃师市,112.789535,34.72722
1630,410400,河南省,平顶山市,113.192661,33.766169
1631,410403,河南省,卫东区,113.335193,33.734707
1632,410404,河南省,石龙区,112.898818,33.898713
1633,410411,河南省,湛河区,113.320873,33.725681
1634,410421,河南省,宝丰县,113.054754,33.868441
1635,410422,河南省,叶县,113.357239,33.626731
1636,410423,河南省,鲁山县,112.908023,33.738518
1637,410425,河南省,郏县,113.212609,33.971787
1638,410481,河南省,舞钢市,113.524794,33.307776
1639,410482,河南省,汝州市,112.844517,34.16703
1640,410500,河南省,安阳市,114.392392,36.097577
1641,410502,河南省,文峰区,114.357082,36.090468
1642,410503,河南省,北关区,114.355822,36.107255
1643,410505,河南省,殷都区,114.30341,36.10989
1644,410506,河南省,龙安区,114.323522,36.095568
1645,410522,河南省,安阳县,114.130207,36.130585
1646,410523,河南省,汤阴县,114.357763,35.924515
1647,410526,河南省,滑县,114.518997,35.575002
1648,410527,河南省,内黄县,114.901492,35.971653
1649,410581,河南省,林州市,113.82013,36.083047
1650,410600,河南省,鹤壁市,114.297272,35.747225
1651,410602,河南省,鹤山区,114.163367,35.954582
1652,410603,河南省,山城区,114.184428,35.897703
1653,410611,河南省,淇滨区,114.298694,35.741296
1654,410621,河南省,浚县,114.550813,35.67624
1655,410622,河南省,淇县,114.197651,35.607762
1656,410700,河南省,新乡市,113.9268,35.303004
1657,410702,河南省,红旗区,113.875245,35.303851
1658,410703,河南省,卫滨区,113.86578,35.302117
1659,410704,河南省,凤泉区,113.915184,35.383978
1660,410704,河南省,北站区,113.623203,34.795419
1661,410711,河南省,牧野区,113.908772,35.315039
1662,410721,河南省,新乡县,113.805205,35.190836
1663,410724,河南省,获嘉县,113.657433,35.259808
1664,410725,河南省,原阳县,113.940115,35.065587
1665,410726,河南省,延津县,114.205197,35.141956
1666,410727,河南省,封丘县,114.418882,35.041198
1667,410728,河南省,长垣县,114.668936,35.201548
1668,410781,河南省,卫辉市,114.064907,35.398494
1669,410782,河南省,辉县市,113.805468,35.462313
1670,410800,河南省,焦作市,113.241823,35.215892
1671,410802,河南省,解放区,113.230817,35.240282
1672,410803,河南省,中站区,113.182946,35.23682
1673,410804,河南省,马村区,113.322332,35.256108
1674,410811,河南省,山阳区,113.254881,35.214507
1675,410821,河南省,修武县,113.447755,35.223514
1676,410822,河南省,博爱县,113.069211,35.166061
1677,410823,河南省,武陟县,113.401679,35.099378
1678,410825,河南省,温县,113.08053,34.940189
1679,410882,河南省,沁阳市,112.943069,35.090604
1680,410883,河南省,孟州市,112.789612,34.90797
1681,410900,河南省,濮阳市,115.029215,35.761829
1682,410902,河南省,华龙区,115.074151,35.777346
1683,410922,河南省,清丰县,115.104389,35.88518
1684,410923,河南省,南乐县,115.204752,36.069664
1685,410926,河南省,范县,115.504201,35.851907
1686,410927,河南省,台前县,115.871906,35.96939
1687,410928,河南省,濮阳县,115.029078,35.712193
1688,411000,河南省,许昌市,113.85264,34.035506
1689,411002,河南省,魏都区,113.822647,34.025342
1690,411024,河南省,鄢陵县,114.1774,34.102332
1691,411025,河南省,襄城县,113.488847,33.866442
1692,411081,河南省,禹州市,113.488478,34.140701
1693,411082,河南省,长葛市,113.819888,34.194136
1694,411100,河南省,漯河市,114.016539,33.581412
1695,411102,河南省,源汇区,113.91071,33.58219
1696,411103,河南省,郾城区,114.006944,33.587409
1697,411104,河南省,召陵区,114.093902,33.586565
1698,411121,河南省,舞阳县,113.609286,33.437877
1699,411122,河南省,临颍县,113.931203,33.827304
1700,411200,河南省,三门峡市,111.200135,34.772493
1701,411202,河南省,湖滨区,111.188398,34.770886
1702,411203,河南省,陕州区,111.103563,34.720548
1703,411221,河南省,渑池县,111.761504,34.767244
1704,411224,河南省,卢氏县,111.047858,34.054324
1705,411281,河南省,义马市,111.874393,34.747129
1706,411282,河南省,灵宝市,110.89422,34.516828
1707,411300,河南省,南阳市,112.528321,32.990833
1708,411302,河南省,宛城区,112.539559,33.003784
1709,411303,河南省,卧龙区,112.528789,32.989877
1710,411321,河南省,南召县,112.429133,33.489877
1711,411322,河南省,方城县,113.012494,33.254391
1712,411323,河南省,西峡县,111.47353,33.307294
1713,411324,河南省,镇平县,112.234698,33.034111
1714,411325,河南省,内乡县,111.849392,33.044865
1715,411326,河南省,淅川县,111.490964,33.13782
1716,411327,河南省,社旗县,112.948245,33.056109
1717,411328,河南省,唐河县,112.807637,32.681335
1718,411329,河南省,新野县,112.360026,32.520805
1719,411330,河南省,桐柏县,113.428287,32.380073
1720,411381,河南省,邓州市,112.087278,32.687938
1721,411400,河南省,商丘市,115.65637,34.414172
1722,411402,河南省,梁园区,115.613965,34.443893
1723,411403,河南省,睢阳区,115.653302,34.38839
1724,411421,河南省,民权县,115.179594,34.647758
1725,411422,河南省,睢县,115.071879,34.445656
1726,411423,河南省,宁陵县,115.31369,34.460232
1727,411424,河南省,柘城县,115.305843,34.091045
1728,411425,河南省,虞城县,115.840511,34.402512
1729,411426,河南省,夏邑县,116.131447,34.237554
1730,411481,河南省,永城市,116.4495,33.929291
1731,411500,河南省,信阳市,114.091023,32.146983
1732,411502,河南省,浉河区,114.058713,32.116803
1733,411503,河南省,平桥区,114.125656,32.101031
1734,411521,河南省,罗山县,114.513012,32.203073
1735,411522,河南省,光山县,114.919033,32.011103
1736,411523,河南省,新县,114.879239,31.643918
1737,411524,河南省,商城县,115.406862,31.798378
1738,411525,河南省,固始县,115.654482,32.168137
1739,411526,河南省,潢川县,115.051808,32.131383
1740,411527,河南省,淮滨县,115.419538,32.473258
1741,411528,河南省,息县,114.740456,32.342792
1742,411600,河南省,周口市,114.696951,33.626149
1743,411602,河南省,川汇区,114.650628,33.647598
1744,411621,河南省,扶沟县,114.394915,34.059862
1745,411622,河南省,西华县,114.425451,33.808682
1746,411623,河南省,商水县,114.611596,33.54248
1747,411624,河南省,沈丘县,115.098583,33.409369
1748,411625,河南省,郸城县,115.177189,33.644743
1749,411626,河南省,淮阳县,114.886154,33.731561
1750,411627,河南省,太康县,114.837887,34.063798
1751,411628,河南省,鹿邑县,115.484454,33.86
1752,411681,河南省,项城市,114.875333,33.465838
1753,411700,河南省,驻马店市,114.022298,33.011529
1754,411702,河南省,驿城区,113.993914,32.973054
1755,411721,河南省,西平县,114.021539,33.387685
1756,411722,河南省,上蔡县,114.264381,33.262439
1757,411723,河南省,平舆县,114.619159,32.96271
1758,411724,河南省,正阳县,114.392774,32.605697
1759,411725,河南省,确山县,114.02643,32.802065
1760,411726,河南省,泌阳县,113.327144,32.723975
1761,411727,河南省,汝南县,114.362379,33.006729
1762,411728,河南省,遂平县,114.013182,33.145649
1763,411729,河南省,新蔡县,114.920983,32.81148
1764,412300,河南省,商丘地区,115.65637,34.414172
1765,412322,河南省,商丘县,115.65637,34.414172
1766,412700,河南省,周口地区,114.696951,33.626149
1767,412800,河南省,驻马店地区,114.022298,33.011529
1768,412900,河南省,南阳地区,112.528321,32.990833
1769,412924,河南省,南阳县,112.528321,32.990833
1770,413000,河南省,信阳地区,114.091023,32.146983
1771,413023,河南省,信阳县,114.091023,32.146983
1772,419001,河南省,济源市,112.602344,35.06903
1773,420000,湖北省,湖北省,114.341861,30.546498
1774,420100,湖北省,武汉市,114.305392,30.593098
1775,420102,湖北省,江岸区,114.27876,30.592688
1776,420103,湖北省,江汉区,114.270871,30.60143
1777,420104,湖北省,硚口区,114.26583,30.571236
1778,420105,湖北省,汉阳区,114.218724,30.553905
1779,420106,湖北省,武昌区,114.316223,30.554235
1780,420111,湖北省,洪山区,114.343913,30.500317
1781,420112,湖北省,东西湖区,114.136886,30.62002
1782,420113,湖北省,汉南区,114.084445,30.308856
1783,420114,湖北省,蔡甸区,114.029328,30.582271
1784,420115,湖北省,江夏区,114.321551,30.375748
1785,420116,湖北省,黄陂区,114.375743,30.882557
1786,420117,湖北省,新洲区,114.801107,30.841544
1787,420200,湖北省,黄石市,115.03852,30.199652
1788,420202,湖北省,黄石港区,115.065978,30.223003
1789,420203,湖北省,西塞山区,115.109955,30.204924
1790,420203,湖北省,石灰窑区,114.171194,30.180914
1791,420204,湖北省,下陆区,114.961327,30.173913
1792,420205,湖北省,铁山区,114.901412,30.206592
1793,420222,湖北省,阳新县,115.215227,29.830258
1794,420281,湖北省,大冶市,114.979875,30.095643
1795,420300,湖北省,十堰市,110.79799,32.629397
1796,420302,湖北省,茅箭区,110.813621,32.591929
1797,420303,湖北省,张湾区,110.769133,32.652297
1798,420304,湖北省,郧阳区,110.812044,32.834802
1799,420322,湖北省,郧西县,110.425983,32.993182
1800,420323,湖北省,竹山县,110.228694,32.224875
1801,420324,湖北省,竹溪县,109.715304,32.318255
1802,420325,湖北省,房县,110.72667,32.040085
1803,420381,湖北省,丹江口市,111.513127,32.540157
1804,420400,湖北省,沙市市,112.255583,30.311056
1805,420500,湖北省,宜昌市,111.286471,30.691967
1806,420502,湖北省,西陵区,111.285646,30.710782
1807,420503,湖北省,伍家岗区,111.361037,30.644334
1808,420504,湖北省,点军区,111.26812,30.693247
1809,420505,湖北省,猇亭区,111.43462,30.530903
1810,420506,湖北省,夷陵区,111.32638,30.770006
1811,420521,湖北省,宜昌县,111.286471,30.691967
1812,420525,湖北省,远安县,111.640508,31.060869
1813,420526,湖北省,兴山县,110.746805,31.348196
1814,420527,湖北省,秭归县,110.977711,30.825897
1815,420528,湖北省,长阳土家族自治县,111.207242,30.472763
1816,420529,湖北省,五峰土家族自治县,110.674706,30.199688
1817,420581,湖北省,宜都市,111.450006,30.378327
1818,420582,湖北省,当阳市,111.788312,30.821266
1819,420583,湖北省,枝江市,111.76053,30.42594
1820,420600,湖北省,襄阳市,112.122414,32.008986
1821,420600,湖北省,襄樊市,112.122414,32.008986
1822,420602,湖北省,襄城区,112.133974,32.010351
1823,420606,湖北省,樊城区,112.135684,32.044833
1824,420607,湖北省,襄州区,112.211899,32.087298
1825,420621,湖北省,襄阳县,112.122414,32.008986
1826,420624,湖北省,南漳县,111.838905,31.774636
1827,420625,湖北省,谷城县,111.652982,32.263849
1828,420626,湖北省,保康县,111.261309,31.87831
1829,420682,湖北省,老河口市,111.683861,32.359068
1830,420683,湖北省,枣阳市,112.771959,32.128818
1831,420684,湖北省,宜城市,112.257788,31.719806
1832,420700,湖北省,鄂州市,114.894843,30.39194
1833,420702,湖北省,梁子湖区,114.684731,30.100141
1834,420703,湖北省,华容区,114.729878,30.53431
1835,420704,湖北省,鄂城区,114.891615,30.400572
1836,420800,湖北省,荆门市,112.199265,31.035423
1837,420802,湖北省,东宝区,112.201493,31.051852
1838,420804,湖北省,掇刀区,112.207833,30.973431
1839,420821,湖北省,京山县,113.119566,31.018457
1840,420822,湖北省,沙洋县,112.588581,30.709221
1841,420881,湖北省,钟祥市,112.588121,31.16782
1842,420882,湖北省,京山市,113.119566,31.018457
1843,420900,湖北省,孝感市,113.916902,30.924568
1844,420902,湖北省,孝南区,113.910958,30.916874
1845,420921,湖北省,孝昌县,113.99801,31.258159
1846,420922,湖北省,大悟县,114.127022,31.561165
1847,420923,湖北省,云梦县,113.753554,31.020983
1848,420981,湖北省,应城市,113.562806,30.940176
1849,420982,湖北省,安陆市,113.688941,31.25561
1850,420984,湖北省,汉川市,113.839149,30.661244
1851,421000,湖北省,荆州市,112.239741,30.335165
1852,421000,湖北省,荆沙市,112.24749,30.308525
1853,421002,湖北省,沙市区,112.255583,30.311056
1854,421003,湖北省,荆州区,112.190185,30.352832
1855,421022,湖北省,公安县,112.229648,30.058336
1856,421023,湖北省,监利县,112.897465,29.811574
1857,421024,湖北省,江陵县,112.424664,30.041822
1858,421081,湖北省,石首市,112.425454,29.720938
1859,421083,湖北省,洪湖市,113.47598,29.825458
1860,421087,湖北省,松滋市,111.756773,30.174522
1861,421100,湖北省,黄冈市,114.872316,30.453905
1862,421102,湖北省,黄州区,114.879398,30.43405
1863,421121,湖北省,团风县,114.872191,30.643569
1864,421122,湖北省,红安县,114.618236,31.288153
1865,421123,湖北省,罗田县,115.399492,30.7831
1866,421124,湖北省,英山县,115.681259,30.734959
1867,421125,湖北省,浠水县,115.265535,30.451867
1868,421126,湖北省,蕲春县,115.437008,30.225964
1869,421127,湖北省,黄梅县,115.944219,30.070454
1870,421181,湖北省,麻城市,115.008163,31.17274
1871,421182,湖北省,武穴市,115.561217,29.844107
1872,421200,湖北省,咸宁市,114.322492,29.841443
1873,421202,湖北省,咸安区,114.298711,29.852892
1874,421221,湖北省,嘉鱼县,113.939277,29.970737
1875,421222,湖北省,通城县,113.816966,29.245269
1876,421223,湖北省,崇阳县,114.039828,29.555605
1877,421224,湖北省,通山县,114.482606,29.605376
1878,421281,湖北省,赤壁市,113.900628,29.724692
1879,421300,湖北省,随州市,113.382458,31.690215
1880,421303,湖北省,曾都区,113.371121,31.71628
1881,421321,湖北省,随县,113.299528,31.853833
1882,421381,湖北省,广水市,113.82589,31.616854
1883,422100,湖北省,黄冈地区,114.872316,30.453905
1884,422103,湖北省,黄州市,114.879398,30.43405
1885,422200,湖北省,孝感地区,113.916902,30.924568
1886,422300,湖北省,咸宁地区,114.322492,29.841443
1887,422400,湖北省,荆州地区,112.239741,30.335165
1888,422600,湖北省,郧阳地区,110.812044,32.834802
1889,422700,湖北省,宜昌地区,111.286471,30.691967
1890,422800,湖北省,恩施土家族苗族自治州,109.488172,30.272156
1891,422801,湖北省,恩施市,109.488172,30.272156
1892,422802,湖北省,利川市,108.909996,30.210981
1893,422822,湖北省,建始县,109.718202,30.596727
1894,422823,湖北省,巴东县,110.340756,31.042324
1895,422825,湖北省,宣恩县,109.491485,29.986899
1896,422826,湖北省,咸丰县,109.139726,29.665203
1897,422827,湖北省,来凤县,109.407828,29.493485
1898,422828,湖北省,鹤峰县,110.033662,29.890171
1899,429004,湖北省,仙桃市,113.453974,30.364953
1900,429005,湖北省,潜江市,112.900287,30.401947
1901,429006,湖北省,天门市,113.166558,30.66372
1902,429021,湖北省,神农架林区,110.675757,31.744897
1903,430000,湖南省,湖南省,112.98381,28.112444
1904,430100,湖南省,长沙市,112.938814,28.228209
1905,430102,湖南省,芙蓉区,113.032539,28.185386
1906,430103,湖南省,天心区,112.9962,28.14447
1907,430104,湖南省,岳麓区,112.93142,28.235193
1908,430105,湖南省,开福区,112.9842,28.205628
1909,430111,湖南省,雨花区,113.038017,28.13771
1910,430112,湖南省,望城区,112.819549,28.347458
1911,430121,湖南省,长沙县,113.08081,28.24615
1912,430124,湖南省,宁乡县,112.553625,28.249986
1913,430181,湖南省,浏阳市,113.643076,28.162833
1914,430182,湖南省,宁乡市,112.551885,28.277483
1915,430200,湖南省,株洲市,113.134002,27.82755
1916,430202,湖南省,荷塘区,113.173487,27.855929
1917,430203,湖南省,芦淞区,113.152724,27.78507
1918,430204,湖南省,石峰区,113.117732,27.875445
1919,430211,湖南省,天元区,113.082216,27.826867
1920,430221,湖南省,株洲县,113.144006,27.699346
1921,430223,湖南省,攸县,113.396404,27.014607
1922,430224,湖南省,茶陵县,113.53928,26.777492
1923,430225,湖南省,炎陵县,113.772655,26.489902
1924,430281,湖南省,醴陵市,113.496894,27.64613
1925,430300,湖南省,湘潭市,112.944049,27.829738
1926,430302,湖南省,雨湖区,112.903317,27.854705
1927,430303,湖南省,湘江区,112.92935,28.2795
1928,430304,湖南省,岳塘区,112.925371,27.808646
1929,430305,湖南省,板塘区,113.150951,28.122343
1930,430321,湖南省,湘潭县,112.950781,27.778947
1931,430381,湖南省,湘乡市,112.550581,27.718313
1932,430382,湖南省,韶山市,112.52667,27.914958
1933,430400,湖南省,衡阳市,112.571997,26.89323
1934,430405,湖南省,珠晖区,112.620112,26.894657
1935,430407,湖南省,石鼓区,112.598089,26.943215
1936,430408,湖南省,蒸湘区,112.567064,26.911404
1937,430412,湖南省,南岳区,112.738604,27.232444
1938,430421,湖南省,衡阳县,112.370532,26.969635
1939,430422,湖南省,衡南县,112.677877,26.738248
1940,430423,湖南省,衡山县,112.868268,27.230291
1941,430424,湖南省,衡东县,112.953168,27.08117
1942,430426,湖南省,祁东县,112.090357,26.799896
1943,430481,湖南省,耒阳市,112.859795,26.422275
1944,430482,湖南省,常宁市,112.399995,26.420932
1945,430500,湖南省,邵阳市,111.467791,27.238892
1946,430502,湖南省,双清区,111.496341,27.232708
1947,430503,湖南省,大祥区,111.439091,27.221452
1948,430511,湖南省,北塔区,111.452197,27.246489
1949,430521,湖南省,邵东县,111.744258,27.258942
1950,430522,湖南省,新邵县,111.458657,27.320918
1951,430523,湖南省,邵阳县,111.273806,26.990637
1952,430524,湖南省,隆回县,111.032438,27.113978
1953,430525,湖南省,洞口县,110.575846,27.060321
1954,430527,湖南省,绥宁县,110.155655,26.581955
1955,430528,湖南省,新宁县,110.856623,26.433418
1956,430529,湖南省,城步苗族自治县,110.32224,26.390598
1957,430581,湖南省,武冈市,110.631884,26.726599
1958,430600,湖南省,岳阳市,113.128958,29.357104
1959,430602,湖南省,岳阳楼区,113.129702,29.371903
1960,430603,湖南省,云溪区,113.272313,29.472746
1961,430611,湖南省,君山区,113.006435,29.461106
1962,430621,湖南省,岳阳县,113.116418,29.144067
1963,430623,湖南省,华容县,112.540463,29.531057
1964,430624,湖南省,湘阴县,112.909426,28.689105
1965,430626,湖南省,平江县,113.581234,28.701868
1966,430681,湖南省,汨罗市,113.067259,28.80689
1967,430682,湖南省,临湘市,113.450423,29.476849
1968,430700,湖南省,常德市,111.698497,29.031673
1969,430702,湖南省,武陵区,111.683153,29.055163
1970,430703,湖南省,鼎城区,111.680783,29.018593
1971,430721,湖南省,安乡县,112.171131,29.411309
1972,430722,湖南省,汉寿县,111.970514,28.906107
1973,430723,湖南省,澧县,111.758702,29.633237
1974,430724,湖南省,临澧县,111.647518,29.440793
1975,430725,湖南省,桃源县,111.488925,28.902503
1976,430726,湖南省,石门县,111.380014,29.584293
1977,430781,湖南省,津市市,111.877499,29.60548
1978,430800,湖南省,张家界市,110.479191,29.117096
1979,430802,湖南省,永定区,110.537138,29.119856
1980,430811,湖南省,武陵源区,110.550434,29.34573
1981,430821,湖南省,慈利县,111.139711,29.429972
1982,430822,湖南省,桑植县,110.204911,29.414264
1983,430900,湖南省,益阳市,112.35518,28.55386
1984,430902,湖南省,资阳区,112.324322,28.590966
1985,430903,湖南省,赫山区,112.374024,28.579343
1986,430921,湖南省,南县,112.396241,29.361338
1987,430922,湖南省,桃江县,112.155822,28.518085
1988,430923,湖南省,安化县,111.212846,28.374107
1989,430981,湖南省,沅江市,112.354661,28.845837
1990,431000,湖南省,郴州市,113.014717,25.770509
1991,431002,湖南省,北湖区,113.011035,25.784054
1992,431003,湖南省,苏仙区,113.042441,25.80037
1993,431021,湖南省,桂阳县,112.734176,25.754167
1994,431022,湖南省,宜章县,112.948811,25.400222
1995,431023,湖南省,永兴县,113.116528,26.127151
1996,431024,湖南省,嘉禾县,112.369021,25.58752
1997,431025,湖南省,临武县,112.563456,25.27556
1998,431026,湖南省,汝城县,113.684727,25.532816
1999,431027,湖南省,桂东县,113.944614,26.077616
2000,431028,湖南省,安仁县,113.269396,26.709056
2001,431081,湖南省,资兴市,113.236146,25.976243
2002,431100,湖南省,永州市,111.613445,26.420394
2003,431102,湖南省,零陵区,111.631109,26.221936
2004,431103,湖南省,冷水滩区,111.592143,26.461077
2005,431121,湖南省,祁阳县,111.840657,26.58012
2006,431122,湖南省,东安县,111.314117,26.394404
2007,431123,湖南省,双牌县,111.659967,25.96191
2008,431124,湖南省,道县,111.600796,25.526438
2009,431125,湖南省,江永县,111.343911,25.273539
2010,431126,湖南省,宁远县,111.94580500000001,25.570976
2011,431127,湖南省,蓝山县,112.196731,25.369898
2012,431128,湖南省,新田县,112.203287,25.904305
2013,431129,湖南省,江华瑶族自治县,111.579305,25.18559
2014,431200,湖南省,怀化市,109.998488,27.554978
2015,431202,湖南省,鹤城区,110.040315,27.578926
2016,431221,湖南省,中方县,109.944712,27.440139
2017,431222,湖南省,沅陵县,110.393844,28.452686
2018,431223,湖南省,辰溪县,110.183917,28.006336
2019,431224,湖南省,溆浦县,110.594972,27.908316
2020,431225,湖南省,会同县,109.735661,26.887239
2021,431226,湖南省,麻阳苗族自治县,109.802587,27.865548
2022,431227,湖南省,新晃侗族自治县,109.174932,27.352673
2023,431228,湖南省,芷江侗族自治县,109.684629,27.443499
2024,431229,湖南省,靖州苗族侗族自治县,109.696311,26.575052
2025,431230,湖南省,通道侗族自治县,109.784412,26.158054
2026,431281,湖南省,洪江市,109.836669,27.208609
2027,431300,湖南省,娄底市,111.993497,27.700062
2028,431302,湖南省,娄星区,112.001937,27.729907
2029,431321,湖南省,双峰县,112.175246,27.456658
2030,431322,湖南省,新化县,111.327412,27.726515
2031,431381,湖南省,冷水江市,111.435623,27.68585
2032,431382,湖南省,涟源市,111.664316,27.692542
2033,432300,湖南省,益阳地区,112.35518,28.55386
2034,432321,湖南省,益阳县,112.35518,28.55386
2035,432500,湖南省,娄底地区,111.993497,27.700062
2036,432800,湖南省,郴州地区,113.014717,25.770509
2037,432900,湖南省,零陵地区,111.631109,26.221936
2038,432902,湖南省,冷水滩市,111.592143,26.461077
2039,433000,湖南省,怀化地区,109.998488,27.554978
2040,433100,湖南省,湘西土家族苗族自治州,109.739172,28.311947
2041,433101,湖南省,吉首市,109.926773,28.297201
2042,433122,湖南省,泸溪县,110.21961,28.216641
2043,433123,湖南省,凤凰县,109.581072,27.958062
2044,433124,湖南省,花垣县,109.482078,28.57203
2045,433125,湖南省,保靖县,109.660577,28.699774
2046,433126,湖南省,古丈县,109.950728,28.616935
2047,433127,湖南省,永顺县,109.851254,29.00144
2048,433130,湖南省,龙山县,109.443939,29.457663
2049,440000,广东省,广东省,113.26653,23.132191
2050,440100,广东省,广州市,113.264434,23.129162
2051,440103,广东省,荔湾区,113.244261,23.125981
2052,440104,广东省,越秀区,113.266841,23.128524
2053,440105,广东省,海珠区,113.317388,23.083801
2054,440106,广东省,天河区,113.3612,23.12468
2055,440111,广东省,白云区,113.273289,23.15729
2056,440112,广东省,黄埔区,113.459749,23.106402
2057,440113,广东省,番禺区,113.384129,22.937244
2058,440114,广东省,花都区,113.220218,23.404165
2059,440115,广东省,南沙区,113.525165,22.801624
2060,440117,广东省,从化区,113.586605,23.548852
2061,440118,广东省,增城区,113.81086,23.261141
2062,440181,广东省,番禺市,113.384129,22.937244
2063,440182,广东省,花都市,113.220218,23.404165
2064,440183,广东省,增城市,113.77629,23.180122
2065,440200,广东省,韶关市,113.597522,24.810403
2066,440203,广东省,武江区,113.587774,24.792924
2067,440204,广东省,浈江区,113.611098,24.804381
2068,440205,广东省,曲江区,113.604549,24.682728
2069,440222,广东省,始兴县,114.061789,24.952977
2070,440224,广东省,仁化县,113.749027,25.085621
2071,440229,广东省,翁源县,114.130342,24.350347
2072,440232,广东省,乳源瑶族自治县,113.275883,24.776078
2073,440233,广东省,新丰县,114.206867,24.05976
2074,440281,广东省,乐昌市,113.347519,25.130136
2075,440282,广东省,南雄市,114.311982,25.117753
2076,440300,广东省,深圳市,114.057868,22.543099
2077,440303,广东省,罗湖区,114.131764,22.548171
2078,440304,广东省,福田区,114.055036,22.52153
2079,440305,广东省,南山区,113.923552,22.528499
2080,440306,广东省,宝安区,113.88402,22.555259
2081,440307,广东省,龙岗区,114.246899,22.720968
2082,440308,广东省,盐田区,114.236875,22.556499
2083,440400,广东省,珠海市,113.576726,22.270715
2084,440402,广东省,香洲区,113.543785,22.265811
2085,440403,广东省,斗门区,113.296467,22.2092
2086,440404,广东省,金湾区,113.363393,22.146874
2087,440500,广东省,汕头市,116.681972,23.354091
2088,440503,广东省,安平区,113.386482,23.365501
2089,440505,广东省,金沙区,113.206627,23.152111
2090,440507,广东省,龙湖区,116.716534,23.371476
2091,440511,广东省,金平区,116.703426,23.365613
2092,440512,广东省,濠江区,116.726973,23.286079
2093,440513,广东省,潮阳区,116.601515,23.264936
2094,440514,广东省,潮南区,116.433017,23.250425
2095,440515,广东省,澄海区,116.756092,23.46596
2096,440523,广东省,南澳县,117.023374,23.421724
2097,440525,广东省,揭阳县,116.372831,23.549993
2098,440582,广东省,潮阳市,116.601515,23.264936
2099,440583,广东省,澄海市,116.756092,23.46596
2100,440600,广东省,佛山市,113.121416,23.021548
2101,440604,广东省,禅城区,113.12244,23.009505
2102,440605,广东省,南海区,113.147759,23.025412
2103,440606,广东省,顺德区,113.293359,22.80524
2104,440607,广东省,三水区,112.896668,23.156065
2105,440608,广东省,高明区,112.892578,22.900182
2106,440624,广东省,高明县,112.892578,22.900182
2107,440681,广东省,顺德市,113.293359,22.80524
2108,440682,广东省,南海市,113.147759,23.025412
2109,440683,广东省,三水市,112.896668,23.156065
2110,440684,广东省,高明市,112.892578,22.900182
2111,440700,广东省,江门市,113.081901,22.578738
2112,440703,广东省,蓬江区,113.078521,22.595149
2113,440704,广东省,江海区,113.111612,22.560474
2114,440705,广东省,新会区,113.034187,22.4583
2115,440721,广东省,新会县,113.034187,22.4583
2116,440781,广东省,台山市,112.79597,22.251596
2117,440782,广东省,新会市,113.034187,22.4583
2118,440783,广东省,开平市,112.698545,22.376395
2119,440784,广东省,鹤山市,112.964446,22.765392
2120,440785,广东省,恩平市,112.305145,22.183206
2121,440800,广东省,湛江市,110.359377,21.270707
2122,440802,广东省,赤坎区,110.3659,21.266119
2123,440803,广东省,霞山区,110.39807,21.19172
2124,440804,广东省,坡头区,110.455332,21.244721
2125,440811,广东省,麻章区,110.334387,21.263443
2126,440823,广东省,遂溪县,110.250124,21.377246
2127,440825,广东省,徐闻县,110.17675,20.325489
2128,440881,广东省,廉江市,110.286209,21.6097
2129,440882,广东省,雷州市,110.096749,20.914278
2130,440883,广东省,吴川市,110.778411,21.441808
2131,440900,广东省,茂名市,110.925456,21.662999
2132,440902,广东省,茂南区,110.918026,21.641337
2133,440904,广东省,电白区,111.013556,21.514164
2134,440981,广东省,高州市,110.853302,21.917982
2135,440982,广东省,化州市,110.639569,21.664044
2136,440983,广东省,信宜市,110.947044,22.354385
2137,441200,广东省,肇庆市,112.465091,23.047191
2138,441202,广东省,端州区,112.484848,23.052101
2139,441203,广东省,鼎湖区,112.567588,23.158447
2140,441204,广东省,高要区,112.457771,23.025668
2141,441223,广东省,广宁县,112.44069,23.634676
2142,441224,广东省,怀集县,112.184652,23.911899
2143,441225,广东省,封开县,111.512343,23.424033
2144,441226,广东省,德庆县,111.785937,23.143722
2145,441227,广东省,云浮县,112.044491,22.915094
2146,441284,广东省,四会市,112.733773,23.326504
2147,441300,广东省,惠州市,114.416196,23.111847
2148,441302,广东省,惠城区,114.382485,23.084109
2149,441303,广东省,惠阳区,114.456696,22.788734
2150,441322,广东省,博罗县,114.289496,23.172899
2151,441323,广东省,惠东县,114.720079,22.984975
2152,441324,广东省,龙门县,114.254913,23.727732
2153,441381,广东省,惠阳市,114.456696,22.788734
2154,441400,广东省,梅州市,116.122238,24.288615
2155,441402,广东省,梅江区,116.116616,24.310384
2156,441403,广东省,梅县区,116.082183,24.265312
2157,441421,广东省,梅县,116.082183,24.265312
2158,441422,广东省,大埔县,116.695195,24.347783
2159,441423,广东省,丰顺县,116.182299,23.739526
2160,441424,广东省,五华县,115.776983,23.930769
2161,441426,广东省,平远县,115.891638,24.567262
2162,441427,广东省,蕉岭县,116.171356,24.6587
2163,441481,广东省,兴宁市,115.723805,24.126159
2164,441500,广东省,汕尾市,115.375278,22.786211
2165,441502,广东省,城区,115.365029,22.778699
2166,441521,广东省,海丰县,115.323436,22.966586
2167,441523,广东省,陆河县,115.660143,23.301617
2168,441581,广东省,陆丰市,115.65226,22.917576
2169,441600,广东省,河源市,114.700447,23.743538
2170,441602,广东省,源城区,114.702517,23.733969
2171,441621,广东省,紫金县,115.184061,23.635271
2172,441622,广东省,龙川县,115.259872,24.100066
2173,441623,广东省,连平县,114.488714,24.369588
2174,441624,广东省,和平县,114.938684,24.44218
2175,441625,广东省,东源县,114.74638,23.788393
2176,441700,广东省,阳江市,111.982232,21.857958
2177,441702,广东省,江城区,111.955059,21.861787
2178,441704,广东省,阳东区,112.006338,21.868358
2179,441721,广东省,阳西县,111.617849,21.752396
2180,441781,广东省,阳春市,111.791539,22.170438
2181,441800,广东省,清远市,113.056031,23.681763
2182,441802,广东省,清城区,113.062692,23.697899
2183,441803,广东省,清新区,113.017749,23.734673
2184,441821,广东省,佛冈县,113.531607,23.879192
2185,441823,广东省,阳山县,112.641363,24.465359
2186,441825,广东省,连山壮族瑶族自治县,112.093617,24.570491
2187,441826,广东省,连南瑶族自治县,112.287012,24.726017
2188,441881,广东省,英德市,113.402376,24.205024
2189,441882,广东省,连州市,112.377361,24.780966
2190,441900,广东省,东莞市,113.751765,23.020536
2191,442000,广东省,中山市,113.392782,22.517645
2192,445100,广东省,潮州市,116.622603,23.65695
2193,445102,广东省,湘桥区,116.628632,23.674536
2194,445103,广东省,潮安区,116.678204,23.462613
2195,445122,广东省,饶平县,117.0039,23.663824
2196,445200,广东省,揭阳市,116.372831,23.549993
2197,445202,广东省,榕城区,116.367035,23.525229
2198,445203,广东省,揭东区,116.412015,23.566127
2199,445222,广东省,揭西县,115.841838,23.431294
2200,445224,广东省,惠来县,116.29515,23.033267
2201,445281,广东省,普宁市,116.166004,23.297642
2202,445300,广东省,云浮市,112.044491,22.915094
2203,445302,广东省,云城区,112.043832,22.928097
2204,445303,广东省,云安区,112.003209,23.07102
2205,445321,广东省,新兴县,112.225335,22.69569
2206,445322,广东省,郁南县,111.535249,23.234627
2207,445381,广东省,罗定市,111.569667,22.768939
2208,450000,广西壮族自治区,广西壮族自治区,108.327546,22.815478
2209,450100,广西壮族自治区,南宁市,108.366543,22.817002
2210,450102,广西壮族自治区,兴宁区,108.368871,22.854021
2211,450103,广西壮族自治区,青秀区,108.494024,22.785879
2212,450105,广西壮族自治区,江南区,108.273158,22.781632
2213,450107,广西壮族自治区,西乡塘区,108.306886,22.83277
2214,450108,广西壮族自治区,良庆区,108.322102,22.75909
2215,450109,广西壮族自治区,邕宁区,108.487369,22.75839
2216,450110,广西壮族自治区,武鸣区,108.274712,23.158693
2217,450123,广西壮族自治区,隆安县,107.696153,23.166028
2218,450124,广西壮族自治区,马山县,108.176979,23.708192
2219,450125,广西壮族自治区,上林县,108.604921,23.431936
2220,450126,广西壮族自治区,宾阳县,108.810326,23.217832
2221,450127,广西壮族自治区,横县,109.261384,22.679932
2222,450200,广西壮族自治区,柳州市,109.415953,24.325502
2223,450203,广西壮族自治区,鱼峰区,109.452442,24.318517
2224,450204,广西壮族自治区,柳南区,109.385519,24.336229
2225,450205,广西壮族自治区,柳北区,109.40205,24.362691
2226,450206,广西壮族自治区,柳江区,109.32638,24.254892
2227,450222,广西壮族自治区,柳城县,109.24473,24.651518
2228,450223,广西壮族自治区,鹿寨县,109.750638,24.472897
2229,450224,广西壮族自治区,融安县,109.397538,25.22455
2230,450225,广西壮族自治区,融水苗族自治县,109.256334,25.065934
2231,450226,广西壮族自治区,三江侗族自治县,109.607675,25.783198
2232,450300,广西壮族自治区,桂林市,110.290194,25.273566
2233,450302,广西壮族自治区,秀峰区,110.264183,25.273625
2234,450303,广西壮族自治区,叠彩区,110.301723,25.314001
2235,450304,广西壮族自治区,象山区,110.281082,25.261687
2236,450305,广西壮族自治区,七星区,110.317826,25.252701
2237,450311,广西壮族自治区,雁山区,110.28669,25.101935
2238,450312,广西壮族自治区,临桂区,110.212463,25.238628
2239,450321,广西壮族自治区,阳朔县,110.496593,24.778481
2240,450323,广西壮族自治区,灵川县,110.325636,25.409747
2241,450324,广西壮族自治区,全州县,111.072926,25.928617
2242,450325,广西壮族自治区,兴安县,110.67167,25.611705
2243,450326,广西壮族自治区,永福县,109.983076,24.979856
2244,450327,广西壮族自治区,灌阳县,111.160851,25.489383
2245,450328,广西壮族自治区,龙胜各族自治县,110.011238,25.797931
2246,450329,广西壮族自治区,资源县,110.6527,26.042443
2247,450330,广西壮族自治区,平乐县,110.643305,24.633362
2248,450331,广西壮族自治区,荔浦县,110.395287,24.487824
2249,450332,广西壮族自治区,恭城瑶族自治县,110.82841,24.831682
2250,450381,广西壮族自治区,荔浦市,110.395287,24.487824
2251,450400,广西壮族自治区,梧州市,111.279115,23.476962
2252,450403,广西壮族自治区,万秀区,111.320542,23.472962
2253,450405,广西壮族自治区,长洲区,111.274777,23.485695
2254,450406,广西壮族自治区,龙圩区,111.246035,23.40996
2255,450421,广西壮族自治区,苍梧县,111.544008,23.845097
2256,450422,广西壮族自治区,藤县,110.914849,23.374984
2257,450423,广西壮族自治区,蒙山县,110.525003,24.19357
2258,450481,广西壮族自治区,岑溪市,110.994913,22.91835
2259,450500,广西壮族自治区,北海市,109.119927,21.481254
2260,450502,广西壮族自治区,海城区,109.11721,21.475005
2261,450503,广西壮族自治区,银海区,109.13999,21.449219
2262,450512,广西壮族自治区,铁山港区,109.421581,21.529128
2263,450521,广西壮族自治区,合浦县,109.207336,21.660936
2264,450600,广西壮族自治区,防城港市,108.353846,21.68686
2265,450602,广西壮族自治区,港口区,108.380144,21.643384
2266,450603,广西壮族自治区,防城区,108.353499,21.769212
2267,450621,广西壮族自治区,上思县,107.983626,22.153672
2268,450681,广西壮族自治区,东兴市,107.971826,21.547822
2269,450700,广西壮族自治区,钦州市,108.654146,21.979933
2270,450702,广西壮族自治区,钦南区,108.65721,21.93886
2271,450703,广西壮族自治区,钦北区,108.44911,22.132761
2272,450721,广西壮族自治区,灵山县,109.291007,22.416537
2273,450722,广西壮族自治区,浦北县,109.556953,22.271651
2274,450800,广西壮族自治区,贵港市,109.598926,23.11153
2275,450802,广西壮族自治区,港北区,109.57224,23.111531
2276,450803,广西壮族自治区,港南区,109.599557,23.075573
2277,450804,广西壮族自治区,覃塘区,109.452662,23.127149
2278,450821,广西壮族自治区,平南县,110.392168,23.539127
2279,450881,广西壮族自治区,桂平市,110.079379,23.394326
2280,450900,广西壮族自治区,玉林市,110.164756,22.636379
2281,450902,广西壮族自治区,玉州区,110.151088,22.628062
2282,450903,广西壮族自治区,福绵区,110.059439,22.585557
2283,450921,广西壮族自治区,容县,110.557874,22.857823
2284,450922,广西壮族自治区,陆川县,110.264052,22.321048
2285,450923,广西壮族自治区,博白县,109.975985,22.273048
2286,450924,广西壮族自治区,兴业县,109.876855,22.820746
2287,450981,广西壮族自治区,北流市,110.354215,22.708311
2288,451000,广西壮族自治区,百色市,106.618201,23.902333
2289,451002,广西壮族自治区,右江区,106.618645,23.901383
2290,451021,广西壮族自治区,田阳县,106.915418,23.735682
2291,451022,广西壮族自治区,田东县,107.126081,23.597194
2292,451023,广西壮族自治区,平果县,107.58981,23.329376
2293,451024,广西壮族自治区,德保县,106.615374,23.32345
2294,451026,广西壮族自治区,那坡县,105.83253,23.387441
2295,451027,广西壮族自治区,凌云县,106.56131,24.347557
2296,451028,广西壮族自治区,乐业县,106.556519,24.776827
2297,451029,广西壮族自治区,田林县,106.228538,24.294488
2298,451030,广西壮族自治区,西林县,105.093837,24.48981
2299,451031,广西壮族自治区,隆林各族自治县,105.34404,24.770896
2300,451081,广西壮族自治区,靖西市,106.417549,23.134766
2301,451100,广西壮族自治区,贺州市,111.566694,24.403582
2302,451102,广西壮族自治区,八步区,111.552077,24.411811
2303,451121,广西壮族自治区,昭平县,110.811287,24.16948
2304,451122,广西壮族自治区,钟山县,111.303111,24.526022
2305,451123,广西壮族自治区,富川瑶族自治县,111.277389,24.814444
2306,451200,广西壮族自治区,河池市,108.085261,24.692931
2307,451202,广西壮族自治区,金城江区,108.037277,24.689703
2308,451221,广西壮族自治区,南丹县,107.540722,24.974486
2309,451222,广西壮族自治区,天峨县,107.173802,24.999108
2310,451223,广西壮族自治区,凤山县,107.042191,24.546876
2311,451224,广西壮族自治区,东兰县,107.374294,24.510842
2312,451225,广西壮族自治区,罗城仫佬族自治县,108.904761,24.777421
2313,451226,广西壮族自治区,环江毛南族自治县,108.258028,24.825664
2314,451227,广西壮族自治区,巴马瑶族自治县,107.258588,24.142299
2315,451228,广西壮族自治区,都安瑶族自治县,108.105312,23.932675
2316,451229,广西壮族自治区,大化瑶族自治县,107.99815,23.736457
2317,451300,广西壮族自治区,来宾市,109.221465,23.750306
2318,451302,广西壮族自治区,兴宾区,109.233247,23.736153
2319,451321,广西壮族自治区,忻城县,108.665666,24.066235
2320,451322,广西壮族自治区,象州县,109.683985,23.958528
2321,451323,广西壮族自治区,武宣县,109.663207,23.59411
2322,451324,广西壮族自治区,金秀瑶族自治县,110.189462,24.130374
2323,451381,广西壮族自治区,合山市,108.886082,23.806536
2324,451400,广西壮族自治区,崇左市,107.364711,22.376532
2325,451402,广西壮族自治区,江州区,107.353437,22.405325
2326,451421,广西壮族自治区,扶绥县,107.904187,22.635013
2327,451422,广西壮族自治区,宁明县,107.076457,22.140192
2328,451423,广西壮族自治区,龙州县,106.854451,22.342797
2329,451424,广西壮族自治区,大新县,107.200654,22.829288
2330,451425,广西壮族自治区,天等县,107.143433,23.081394
2331,451481,广西壮族自治区,凭祥市,106.766293,22.094485
2332,452100,广西壮族自治区,南宁地区,108.366543,22.817002
2333,452129,广西壮族自治区,崇左县,107.364711,22.376532
2334,452200,广西壮族自治区,柳州地区,109.415953,24.325502
2335,452226,广西壮族自治区,来宾县,109.221465,23.750306
2336,452300,广西壮族自治区,桂林地区,110.290194,25.273566
2337,452400,广西壮族自治区,贺州地区,111.566694,24.403582
2338,452400,广西壮族自治区,梧州地区,111.279115,23.476962
2339,452500,广西壮族自治区,玉林地区,110.164756,22.636379
2340,452526,广西壮族自治区,北流县,108.30661,22.798359
2341,452600,广西壮族自治区,百色地区,106.618201,23.902333
2342,452700,广西壮族自治区,河池地区,108.085261,24.692931
2343,452722,广西壮族自治区,宜山县,108.344648,22.820921
2344,452800,广西壮族自治区,钦州地区,108.654146,21.979933
2345,452822,广西壮族自治区,防城各族自治县,108.353499,21.769212
2346,460000,海南省,海南省,110.349228,20.017377
2347,460004,海南省,琼山市,110.353972,20.00317
2348,460021,海南省,琼山县,110.353972,20.00317
2349,460022,海南省,文昌县,110.753975,19.612986
2350,460023,海南省,琼海县,110.466258,19.252511
2351,460024,海南省,万宁县,110.388793,18.796216
2352,460032,海南省,东方黎族自治县,108.653789,19.10198
2353,460100,海南省,海口市,110.198293,20.044001
2354,460105,海南省,秀英区,110.293561,20.007969
2355,460107,海南省,琼山区,110.353972,20.00317
2356,460108,海南省,美兰区,110.366357,20.029083
2357,460200,海南省,三亚市,109.511909,18.252847
2358,460202,海南省,海棠区,109.760778,18.407516
2359,460203,海南省,吉阳区,109.57833,18.281397
2360,460204,海南省,天涯区,109.506357,18.24734
2361,460205,海南省,崖州区,109.174313,18.352212
2362,460300,海南省,三沙市,112.338695,16.831839
2363,460400,海南省,儋州市,109.580811,19.521134
2364,469001,海南省,五指山市,109.516925,18.775146
2365,469002,海南省,琼海市,110.474581,19.25914
2366,469005,海南省,文昌市,110.797717,19.543422
2367,469006,海南省,万宁市,110.391073,18.795143
2368,469007,海南省,东方市,108.651815,19.095351
2369,469021,海南省,定安县,110.358891,19.681434
2370,469022,海南省,屯昌县,110.103415,19.351766
2371,469023,海南省,澄迈县,110.006755,19.738521
2372,469024,海南省,临高县,109.690508,19.912026
2373,469025,海南省,白沙黎族自治县,109.451484,19.224823
2374,469026,海南省,昌江黎族自治县,109.055724,19.298062
2375,469027,海南省,乐东黎族自治县,109.173055,18.75026
2376,469028,海南省,陵水黎族自治县,110.037504,18.506048
2377,469029,海南省,保亭黎族苗族自治县,109.702392,18.638189
2378,469030,海南省,琼中黎族苗族自治县,109.838389,19.033369
2379,500000,重庆市,重庆市,106.551556,29.563009
2380,500101,重庆市,万州区,108.408661,30.807667
2381,500102,重庆市,涪陵区,107.389298,29.703113
2382,500103,重庆市,渝中区,106.568892,29.55275
2383,500104,重庆市,大渡口区,106.482347,29.484527
2384,500106,重庆市,沙坪坝区,106.456878,29.541145
2385,500107,重庆市,九龙坡区,106.53192,29.51419
2386,500108,重庆市,南岸区,106.644428,29.500297
2387,500109,重庆市,北碚区,106.445122,29.822616
2388,500110,重庆市,綦江区,106.651362,29.028067
2389,500110,重庆市,万盛区,106.651362,29.028067
2390,500111,重庆市,大足区,105.721733,29.707032
2391,500112,重庆市,渝北区,106.631187,29.718143
2392,500113,重庆市,巴南区,106.53384,29.375528
2393,500114,重庆市,黔江区,108.770678,29.53361
2394,500115,重庆市,长寿区,107.081283,29.857996
2395,500116,重庆市,江津区,106.259281,29.290069
2396,500117,重庆市,合川区,106.27613,29.972084
2397,500118,重庆市,永川区,105.927376,29.356117
2398,500119,重庆市,南川区,107.099266,29.157891
2399,500120,重庆市,璧山区,106.227305,29.592024
2400,500151,重庆市,铜梁区,106.056404,29.844811
2401,500152,重庆市,潼南区,105.840556,30.191013
2402,500153,重庆市,荣昌区,105.594623,29.405002
2403,500154,重庆市,开州区,108.393143,31.1607
2404,500155,重庆市,梁平区,107.769568,30.654233
2405,500156,重庆市,武隆区,107.760025,29.325601
2406,500221,重庆市,长寿县,107.081283,29.857996
2407,500222,重庆市,綦江县,106.651362,29.028067
2408,500223,重庆市,潼南县,105.840556,30.191013
2409,500224,重庆市,铜梁县,106.056404,29.844811
2410,500225,重庆市,大足县,105.721733,29.707032
2411,500226,重庆市,荣昌县,105.594623,29.405002
2412,500227,重庆市,璧山县,106.227305,29.592024
2413,500228,重庆市,梁平县,107.798158,30.672071
2414,500229,重庆市,城口县,108.664214,31.947633
2415,500230,重庆市,丰都县,107.730895,29.8635
2416,500231,重庆市,垫江县,107.33339,30.327717
2417,500232,重庆市,武隆县,107.7508,29.320892
2418,500233,重庆市,忠县,108.039002,30.29956
2419,500234,重庆市,开县,108.393143,31.1607
2420,500235,重庆市,云阳县,108.697324,30.930613
2421,500236,重庆市,奉节县,109.463987,31.018498
2422,500237,重庆市,巫山县,109.879153,31.074834
2423,500238,重庆市,巫溪县,109.570062,31.398604
2424,500239,重庆市,黔江土家族苗族自治县,108.770678,29.53361
2425,500240,重庆市,石柱土家族自治县,108.114069,29.999285
2426,500241,重庆市,秀山土家族苗族自治县,109.007094,28.447997
2427,500242,重庆市,酉阳土家族苗族自治县,108.767747,28.841244
2428,500243,重庆市,彭水苗族土家族自治县,108.165538,29.293902
2429,500381,重庆市,江津市,106.259281,29.290069
2430,500382,重庆市,合川市,106.27613,29.972084
2431,500383,重庆市,永川市,105.927376,29.356117
2432,500384,重庆市,南川市,107.099266,29.157891
2433,510000,四川省,四川省,104.075931,30.651651
2434,510100,四川省,成都市,104.066541,30.572269
2435,510104,四川省,锦江区,104.080989,30.657689
2436,510105,四川省,青羊区,104.062499,30.674406
2437,510106,四川省,金牛区,104.117422,30.763102
2438,510107,四川省,武侯区,104.04339,30.641982
2439,510108,四川省,成华区,104.101255,30.660122
2440,510112,四川省,龙泉驿区,104.274632,30.556507
2441,510113,四川省,青白江区,104.250877,30.878681
2442,510114,四川省,新都区,104.158705,30.823499
2443,510115,四川省,温江区,103.837104,30.69046
2444,510116,四川省,双流区,103.951908,30.333027
2445,510117,四川省,郫都区,103.901092,30.795854
2446,510121,四川省,金堂县,104.412005,30.862017
2447,510124,四川省,郫县,103.886629,30.808481
2448,510129,四川省,大邑县,103.511875,30.572269
2449,510131,四川省,蒲江县,103.506498,30.196789
2450,510132,四川省,新津县,103.811345,30.410222
2451,510181,四川省,都江堰市,103.650219,30.975943
2452,510182,四川省,彭州市,103.958013,30.990165
2453,510183,四川省,邛崃市,103.464156,30.410275
2454,510184,四川省,崇州市,103.673001,30.630122
2455,510185,四川省,简阳市,104.546773,30.410754
2456,510300,四川省,自贡市,104.778442,29.33903
2457,510302,四川省,自流井区,104.777191,29.33743
2458,510303,四川省,贡井区,104.715117,29.345546
2459,510304,四川省,大安区,104.773968,29.363634
2460,510311,四川省,沿滩区,104.874073,29.272581
2461,510321,四川省,荣县,104.417388,29.44541
2462,510322,四川省,富顺县,104.975048,29.18143
2463,510400,四川省,攀枝花市,101.718637,26.582347
2464,510411,四川省,仁和区,101.738528,26.497765
2465,510421,四川省,米易县,102.110339,26.890689
2466,510422,四川省,盐边县,101.855071,26.683213
2467,510500,四川省,泸州市,105.442258,28.87181
2468,510502,四川省,江阳区,105.435009,28.878818
2469,510503,四川省,纳溪区,105.371151,28.773428
2470,510504,四川省,龙马潭区,105.437765,28.913221
2471,510521,四川省,泸县,105.381893,29.151534
2472,510522,四川省,合江县,105.831067,28.811203
2473,510524,四川省,叙永县,105.444765,28.155801
2474,510525,四川省,古蔺县,105.812602,28.038802
2475,510600,四川省,德阳市,104.397894,31.126855
2476,510603,四川省,旌阳区,104.416943,31.142498
2477,510604,四川省,罗江区,104.510249,31.317045
2478,510623,四川省,中江县,104.678749,31.033051
2479,510626,四川省,罗江县,104.510249,31.317045
2480,510681,四川省,广汉市,104.282331,30.976165
2481,510682,四川省,什邡市,104.167501,31.12678
2482,510683,四川省,绵竹市,104.22075,31.338077
2483,510700,四川省,绵阳市,104.679114,31.46745
2484,510703,四川省,涪城区,104.750215,31.47083
2485,510704,四川省,游仙区,104.766393,31.473779
2486,510705,四川省,安州区,104.567187,31.534886
2487,510722,四川省,三台县,105.094586,31.095979
2488,510723,四川省,盐亭县,105.389453,31.208363
2489,510725,四川省,梓潼县,105.170845,31.642718
2490,510726,四川省,北川羌族自治县,104.46797,31.617203
2491,510726,四川省,北川县,104.46797,31.617203
2492,510727,四川省,平武县,104.555583,32.409675
2493,510781,四川省,江油市,104.745877,31.778025
2494,510800,四川省,广元市,105.843357,32.435435
2495,510802,四川省,利州区,105.845218,32.433898
2496,510811,四川省,昭化区,105.964121,32.322788
2497,510812,四川省,朝天区,105.890445,32.643982
2498,510821,四川省,旺苍县,106.289905,32.228917
2499,510822,四川省,青川县,105.238842,32.575485
2500,510823,四川省,剑阁县,105.524766,32.287723
2501,510824,四川省,苍溪县,105.934801,31.732432
2502,510900,四川省,遂宁市,105.592898,30.532847
2503,510903,四川省,船山区,105.568297,30.525475
2504,510904,四川省,安居区,105.456342,30.355379
2505,510921,四川省,蓬溪县,105.70757,30.757575
2506,510922,四川省,射洪县,105.388405,30.870986
2507,510923,四川省,大英县,105.236904,30.594337
2508,511000,四川省,内江市,105.058433,29.580228
2509,511011,四川省,东兴区,105.07549,29.592756
2510,511024,四川省,威远县,104.668879,29.52744
2511,511025,四川省,资中县,104.851944,29.764059
2512,511100,四川省,乐山市,103.765568,29.552106
2513,511102,四川省,市中区,103.76133,29.555375
2514,511111,四川省,沙湾区,103.549991,29.413091
2515,511112,四川省,五通桥区,103.818009,29.406932
2516,511113,四川省,金口河区,103.078621,29.244345
2517,511123,四川省,犍为县,103.949326,29.208171
2518,511124,四川省,井研县,104.069726,29.651287
2519,511126,四川省,夹江县,103.571657,29.73763
2520,511129,四川省,沐川县,103.902335,28.956647
2521,511132,四川省,峨边彝族自治县,103.262048,29.230425
2522,511133,四川省,马边彝族自治县,103.546348,28.835521
2523,511181,四川省,峨眉山市,103.484504,29.601199
2524,511203,四川省,天城区,103.89528,30.798276
2525,511300,四川省,南充市,106.110698,30.837793
2526,511302,四川省,顺庆区,106.092399,30.796486
2527,511303,四川省,高坪区,106.118808,30.781623
2528,511304,四川省,嘉陵区,106.071793,30.758748
2529,511321,四川省,南部县,106.036584,31.347467
2530,511322,四川省,营山县,106.56542,31.076461
2531,511323,四川省,蓬安县,106.412151,31.029097
2532,511324,四川省,仪陇县,106.303042,31.271562
2533,511325,四川省,西充县,105.900878,30.995669
2534,511381,四川省,阆中市,106.005047,31.558357
2535,511400,四川省,眉山市,103.848538,30.075439
2536,511402,四川省,东坡区,103.831752,30.042345
2537,511403,四川省,彭山区,103.87295,30.193056
2538,511421,四川省,仁寿县,104.134082,29.99563
2539,511423,四川省,洪雅县,103.372863,29.90489
2540,511424,四川省,丹棱县,103.512733,30.014448
2541,511425,四川省,青神县,103.846688,29.831358
2542,511500,四川省,宜宾市,104.643215,28.751768
2543,511502,四川省,翠屏区,104.644534,28.758563
2544,511521,四川省,宜宾县,104.533213,28.690045
2545,511524,四川省,长宁县,104.914158,28.577349
2546,511525,四川省,高县,104.518187,28.435036
2547,511526,四川省,珙县,104.713083,28.443674
2548,511529,四川省,屏山县,104.156008,28.708446
2549,511600,四川省,广安市,106.633212,30.455961
2550,511602,四川省,广安区,106.641608,30.474003
2551,511603,四川省,前锋区,106.893277,30.4963
2552,511621,四川省,岳池县,106.440114,30.537863
2553,511622,四川省,武胜县,106.295764,30.348772
2554,511623,四川省,邻水县,106.93038,30.334769
2555,511681,四川省,华蓥市,106.783088,30.390435
2556,511700,四川省,达州市,107.468023,31.209571
2557,511702,四川省,通川区,107.504517,31.214724
2558,511703,四川省,达川区,107.511845,31.196118
2559,511722,四川省,宣汉县,107.727191,31.353835
2560,511723,四川省,开江县,107.868736,31.082987
2561,511724,四川省,大竹县,107.204744,30.736266
2562,511725,四川省,渠县,106.972996,30.836659
2563,511781,四川省,万源市,108.034657,32.081631
2564,511800,四川省,雅安市,103.013261,29.980537
2565,511802,四川省,雨城区,103.033083,30.005447
2566,511803,四川省,名山区,103.109185,30.069954
2567,511822,四川省,荥经县,102.846738,29.792931
2568,511823,四川省,汉源县,102.645453,29.347187
2569,511824,四川省,石棉县,102.359462,29.227874
2570,511825,四川省,天全县,102.758317,30.066713
2571,511826,四川省,芦山县,102.92826,30.144084
2572,511827,四川省,宝兴县,102.814531,30.368126
2573,511900,四川省,巴中市,106.747477,31.867903
2574,511902,四川省,巴州区,106.768878,31.851478
2575,511903,四川省,恩阳区,106.655347,31.786691
2576,511921,四川省,通江县,107.245033,31.911705
2577,511922,四川省,南江县,106.828697,32.346589
2578,511923,四川省,平昌县,107.104008,31.560874
2579,512000,四川省,资阳市,104.627636,30.128901
2580,512002,四川省,雁江区,104.677096,30.10821
2581,512021,四川省,安岳县,105.335613,30.097246
2582,512022,四川省,乐至县,105.019916,30.275487
2583,512500,四川省,宜宾地区,104.643215,28.751768
2584,512900,四川省,南充地区,106.110698,30.837793
2585,512921,四川省,南充县,106.110698,30.837793
2586,513000,四川省,达川地区,107.511845,31.196118
2587,513001,四川省,达川市,107.511845,31.196118
2588,513027,四川省,巴中县,106.747477,31.867903
2589,513032,四川省,白沙工农区,104.160392,30.469654
2590,513100,四川省,雅安地区,103.013261,29.980537
2591,513200,四川省,阿坝藏族羌族自治州,102.224653,31.899413
2592,513201,四川省,马尔康市,102.206504,31.905813
2593,513201,四川省,马尔康区,102.206504,31.905813
2594,513221,四川省,汶川县,103.590387,31.476822
2595,513222,四川省,理县,103.166853,31.436473
2596,513223,四川省,茂县,103.853522,31.681154
2597,513224,四川省,松潘县,103.604698,32.655325
2598,513225,四川省,九寨沟县,104.243841,33.252056
2599,513226,四川省,金川县,102.063829,31.476277
2600,513227,四川省,小金县,102.364373,30.999031
2601,513228,四川省,黑水县,102.990108,32.061895
2602,513230,四川省,壤塘县,100.978526,32.265796
2603,513231,四川省,阿坝县,101.706655,32.902459
2604,513232,四川省,若尔盖县,102.961798,33.575892
2605,513233,四川省,红原县,102.544405,32.790891
2606,513300,四川省,甘孜藏族自治州,101.96231,30.04952
2607,513301,四川省,康定市,101.957146,29.998436
2608,513322,四川省,泸定县,102.234618,29.91416
2609,513323,四川省,丹巴县,101.890358,30.878577
2610,513324,四川省,九龙县,101.507294,29.000348
2611,513325,四川省,雅江县,101.014425,30.031533
2612,513326,四川省,道孚县,101.125237,30.979545
2613,513327,四川省,炉霍县,100.676372,31.39179
2614,513328,四川省,甘孜县,99.992671,31.622934
2615,513329,四川省,新龙县,100.311369,30.939169
2616,513330,四川省,德格县,98.580915,31.806118
2617,513331,四川省,白玉县,98.824182,31.209913
2618,513332,四川省,石渠县,98.1029,32.97896
2619,513333,四川省,色达县,100.332743,32.268129
2620,513334,四川省,理塘县,100.269818,29.996049
2621,513335,四川省,巴塘县,99.110712,30.004677
2622,513336,四川省,乡城县,99.798435,28.931172
2623,513337,四川省,稻城县,100.298403,29.037007
2624,513338,四川省,得荣县,99.286335,28.713037
2625,513400,四川省,凉山彝族自治州,102.267335,27.88161
2626,513401,四川省,西昌市,102.264449,27.894504
2627,513422,四川省,木里藏族自治县,101.280206,27.928835
2628,513423,四川省,盐源县,101.509188,27.422645
2629,513424,四川省,德昌县,102.17567,27.402839
2630,513425,四川省,会理县,102.244683,26.655026
2631,513426,四川省,会东县,102.577961,26.634669
2632,513427,四川省,宁南县,102.759634,27.066384
2633,513428,四川省,普格县,102.540901,27.376413
2634,513429,四川省,布拖县,102.811631,27.706192
2635,513430,四川省,金阳县,103.248772,27.696861
2636,513431,四川省,昭觉县,102.842611,28.014088
2637,513432,四川省,喜德县,102.412518,28.306726
2638,513433,四川省,冕宁县,102.17701,28.549657
2639,513434,四川省,越西县,102.50768,28.639801
2640,513435,四川省,甘洛县,102.771749,28.966069
2641,513436,四川省,美姑县,103.13218,28.32864
2642,513437,四川省,雷波县,103.571696,28.262683
2643,513600,四川省,广安地区,106.633212,30.455961
2644,513700,四川省,巴中地区,106.747477,31.867903
2645,513800,四川省,眉山地区,103.848538,30.075439
2646,513821,四川省,眉山县,103.848538,30.075439
2647,513900,四川省,资阳地区,104.627636,30.128901
2648,520000,贵州省,贵州省,106.70741,26.598194
2649,520100,贵州省,贵阳市,106.630153,26.647661
2650,520102,贵州省,南明区,106.68876,26.570062
2651,520103,贵州省,云岩区,106.724426,26.604594
2652,520111,贵州省,花溪区,106.67026,26.409818
2653,520112,贵州省,乌当区,106.750625,26.630845
2654,520115,贵州省,观山湖区,106.622453,26.60145
2655,520121,贵州省,开阳县,106.96509,27.057764
2656,520122,贵州省,息烽县,106.740408,27.090479
2657,520123,贵州省,修文县,106.592108,26.838926
2658,520181,贵州省,清镇市,106.470715,26.556079
2659,520200,贵州省,六盘水市,104.830359,26.592666
2660,520201,贵州省,钟山区,104.843555,26.574979
2661,520202,贵州省,盘县特区,104.795408,26.310294
2662,520203,贵州省,六枝特区,105.480029,26.201228
2663,520221,贵州省,水城县,104.957831,26.547904
2664,520222,贵州省,盘县,104.795408,26.310294
2665,520300,贵州省,遵义市,106.927389,27.725654
2666,520302,贵州省,红花岗区,106.893709,27.644755
2667,520303,贵州省,汇川区,106.93427,27.750125
2668,520322,贵州省,桐梓县,106.825644,28.133583
2669,520323,贵州省,绥阳县,107.191222,27.946222
2670,520324,贵州省,正安县,107.453945,28.553285
2671,520325,贵州省,道真仡佬族苗族自治县,107.613133,28.862425
2672,520326,贵州省,务川仡佬族苗族自治县,107.898957,28.563086
2673,520327,贵州省,凤冈县,107.716356,27.954695
2674,520328,贵州省,湄潭县,107.465407,27.749055
2675,520329,贵州省,余庆县,107.905278,27.21542
2676,520330,贵州省,习水县,106.197138,28.33127
2677,520381,贵州省,赤水市,105.697472,28.590337
2678,520382,贵州省,仁怀市,106.400342,27.79165
2679,520400,贵州省,安顺市,105.947593,26.253072
2680,520402,贵州省,西秀区,105.965535,26.245433
2681,520403,贵州省,平坝区,106.255557,26.405502
2682,520422,贵州省,普定县,105.743196,26.301446
2683,520423,贵州省,镇宁布依族苗族自治县,105.770402,26.057362
2684,520424,贵州省,关岭布依族苗族自治县,105.618745,25.943856
2685,520425,贵州省,紫云苗族布依族自治县,106.08434,25.751052
2686,520500,贵州省,毕节市,105.283992,27.302589
2687,520502,贵州省,七星关区,105.305138,27.298494
2688,520521,贵州省,大方县,105.611656,27.137097
2689,520522,贵州省,黔西县,106.033544,27.007713
2690,520523,贵州省,金沙县,106.220228,27.459214
2691,520524,贵州省,织金县,105.770542,26.66345
2692,520525,贵州省,纳雍县,105.382715,26.777645
2693,520526,贵州省,威宁彝族回族苗族自治县,104.278733,26.856193
2694,520527,贵州省,赫章县,104.727418,27.123079
2695,520600,贵州省,铜仁市,109.189598,27.731514
2696,520602,贵州省,碧江区,109.181122,27.690653
2697,520603,贵州省,万山区,109.213644,27.517896
2698,520621,贵州省,江口县,108.839557,27.69965
2699,520622,贵州省,玉屏侗族自治县,108.91468,27.243012
2700,520623,贵州省,石阡县,108.223612,27.513829
2701,520624,贵州省,思南县,108.253873,27.93756
2702,520625,贵州省,印江土家族苗族自治县,108.409752,27.994247
2703,520626,贵州省,德江县,108.119807,28.263964
2704,520627,贵州省,沿河土家族自治县,108.50387,28.563928
2705,520628,贵州省,松桃苗族自治县,109.202886,28.154071
2706,522100,贵州省,遵义地区,106.927389,27.725654
2707,522200,贵州省,铜仁地区,109.189598,27.731514
2708,522300,贵州省,黔西南布依族苗族自治州,104.906396,25.087825
2709,522301,贵州省,兴义市,104.895467,25.09204
2710,522322,贵州省,兴仁县,105.186238,25.435183
2711,522323,贵州省,普安县,104.953063,25.784135
2712,522324,贵州省,晴隆县,105.218991,25.834784
2713,522325,贵州省,贞丰县,105.649864,25.38576
2714,522326,贵州省,望谟县,106.09385,25.171024
2715,522327,贵州省,册亨县,105.811593,24.983663
2716,522328,贵州省,安龙县,105.442701,25.099014
2717,522400,贵州省,毕节地区,105.283992,27.302589
2718,522421,贵州省,毕节县,105.283992,27.302589
2719,522500,贵州省,安顺地区,105.947593,26.253072
2720,522525,贵州省,清镇县,106.470715,26.556079
2721,522600,贵州省,黔东南苗族侗族自治州,107.982859,26.583442
2722,522601,贵州省,凯里市,107.981212,26.566867
2723,522622,贵州省,黄平县,107.916412,26.905396
2724,522623,贵州省,施秉县,108.12438,27.03292
2725,522624,贵州省,三穗县,108.675267,26.952968
2726,522625,贵州省,镇远县,108.429691,27.04911
2727,522626,贵州省,岑巩县,108.81606,27.173887
2728,522627,贵州省,天柱县,109.207757,26.909678
2729,522628,贵州省,锦屏县,109.200534,26.676233
2730,522629,贵州省,剑河县,108.441501,26.728274
2731,522630,贵州省,台江县,108.321245,26.667525
2732,522631,贵州省,黎平县,109.136658,26.230424
2733,522632,贵州省,榕江县,108.521881,25.931893
2734,522633,贵州省,从江县,108.905329,25.753009
2735,522634,贵州省,雷山县,108.07754,26.378443
2736,522635,贵州省,麻江县,107.589359,26.491105
2737,522636,贵州省,丹寨县,107.788728,26.19832
2738,522700,贵州省,黔南布依族苗族自治州,107.522097,26.254092
2739,522701,贵州省,都匀市,107.518847,26.259427
2740,522702,贵州省,福泉市,107.520386,26.686335
2741,522722,贵州省,荔波县,107.88645,25.410654
2742,522723,贵州省,贵定县,107.232889,26.557071
2743,522724,贵州省,福泉县,107.520386,26.686335
2744,522725,贵州省,瓮安县,107.471555,27.078472
2745,522726,贵州省,独山县,107.545048,25.822132
2746,522727,贵州省,平塘县,107.323077,25.831955
2747,522728,贵州省,罗甸县,106.751418,25.424845
2748,522729,贵州省,长顺县,106.447376,26.022116
2749,522730,贵州省,龙里县,106.979524,26.453154
2750,522731,贵州省,惠水县,106.657089,26.132061
2751,522732,贵州省,三都水族自治县,107.869749,25.983202
2752,530000,云南省,云南省,102.710002,25.045806
2753,530100,云南省,昆明市,102.832891,24.880095
2754,530102,云南省,五华区,102.706959,25.043652
2755,530103,云南省,盘龙区,102.751907,25.116106
2756,530111,云南省,官渡区,102.743812,25.015105
2757,530112,云南省,西山区,102.664376,25.038297
2758,530113,云南省,东川区,103.187825,26.082873
2759,530114,云南省,呈贡区,102.821468,24.885532
2760,530121,云南省,呈贡县,102.798899,24.891351
2761,530122,云南省,晋宁县,102.594463,24.661568
2762,530124,云南省,富民县,102.4976,25.221935
2763,530125,云南省,宜良县,103.141296,24.919715
2764,530126,云南省,石林彝族自治县,103.290785,24.771798
2765,530127,云南省,嵩明县,103.036908,25.338644
2766,530128,云南省,禄劝彝族苗族自治县,102.471518,25.551332
2767,530129,云南省,寻甸回族彝族自治县,103.256604,25.558175
2768,530181,云南省,安宁市,102.478494,24.919493
2769,530200,云南省,东川市,103.187825,26.082873
2770,530300,云南省,曲靖市,103.796167,25.489999
2771,530302,云南省,麒麟区,103.805012,25.495241
2772,530304,云南省,马龙区,103.578454,25.42813
2773,530321,云南省,马龙县,103.578454,25.42813
2774,530322,云南省,陆良县,103.666663,25.030051
2775,530323,云南省,师宗县,103.985478,24.822403
2776,530324,云南省,罗平县,104.308675,24.884626
2777,530325,云南省,富源县,104.255015,25.674238
2778,530326,云南省,会泽县,103.297361,26.417947
2779,530381,云南省,宣威市,104.104497,26.219759
2780,530400,云南省,玉溪市,102.546543,24.352036
2781,530402,云南省,红塔区,102.540179,24.341098
2782,530403,云南省,江川区,102.75376,24.287586
2783,530422,云南省,澄江县,102.908248,24.673734
2784,530423,云南省,通海县,102.760039,24.112205
2785,530424,云南省,华宁县,102.928835,24.192761
2786,530425,云南省,易门县,102.162531,24.671651
2787,530426,云南省,峨山彝族自治县,102.405819,24.168957
2788,530427,云南省,新平彝族傣族自治县,101.990157,24.070051
2789,530428,云南省,元江哈尼族彝族傣族自治县,101.998103,23.596503
2790,530500,云南省,保山市,99.161761,25.112046
2791,530502,云南省,隆阳区,99.165607,25.121154
2792,530521,云南省,施甸县,99.189221,24.723064
2793,530523,云南省,龙陵县,98.68923,24.586766
2794,530524,云南省,昌宁县,99.605142,24.827839
2795,530581,云南省,腾冲市,98.485333,25.033111
2796,530600,云南省,昭通市,103.717465,27.338257
2797,530602,云南省,昭阳区,103.706539,27.320075
2798,530621,云南省,鲁甸县,103.558042,27.186659
2799,530622,云南省,巧家县,102.930164,26.908461
2800,530623,云南省,盐津县,104.234442,28.10871
2801,530624,云南省,大关县,103.891146,27.747978
2802,530625,云南省,永善县,103.638067,28.229113
2803,530626,云南省,绥江县,103.968978,28.5921
2804,530627,云南省,镇雄县,104.873579,27.441668
2805,530628,云南省,彝良县,104.048289,27.625419
2806,530629,云南省,威信县,105.049027,27.846901
2807,530630,云南省,水富县,104.416031,28.62988
2808,530681,云南省,水富市,104.416031,28.62988
2809,530700,云南省,丽江市,100.22775,26.855047
2810,530702,云南省,古城区,100.225766,26.87719
2811,530721,云南省,玉龙纳西族自治县,100.236955,26.82146
2812,530722,云南省,永胜县,100.750795,26.684225
2813,530723,云南省,华坪县,101.266195,26.629211
2814,530724,云南省,宁蒗彝族自治县,100.852001,27.282071
2815,530800,云南省,普洱市,100.966512,22.825065
2816,530800,云南省,思茅市,100.977165,22.78691
2817,530802,云南省,思茅区,100.977165,22.78691
2818,530821,云南省,宁洱哈尼族彝族自治县,101.045317,23.06175
2819,530821,云南省,普洱哈尼族彝族自治县,101.048363,23.063202
2820,530822,云南省,墨江哈尼族自治县,101.692461,23.431894
2821,530823,云南省,景东彝族自治县,100.833877,24.446731
2822,530824,云南省,景谷傣族彝族自治县,100.702871,23.497028
2823,530825,云南省,镇沅彝族哈尼族拉祜族自治县,101.108595,24.004442
2824,530826,云南省,江城哈尼族彝族自治县,101.86212,22.585868
2825,530827,云南省,孟连傣族拉祜族佤族自治县,99.584157,22.3291
2826,530828,云南省,澜沧拉祜族自治县,99.931975,22.555905
2827,530829,云南省,西盟佤族自治县,99.590124,22.644508
2828,530900,云南省,临沧市,100.079583,23.877573
2829,530902,云南省,临翔区,100.082523,23.895137
2830,530921,云南省,凤庆县,99.92846,24.580424
2831,530922,云南省,云县,100.123248,24.437061
2832,530923,云南省,永德县,99.25934,24.018357
2833,530924,云南省,镇康县,98.825285,23.762584
2834,530925,云南省,双江拉祜族佤族布朗族傣族自治县,99.827698,23.473499
2835,530926,云南省,耿马傣族佤族自治县,99.397127,23.538092
2836,530927,云南省,沧源佤族自治县,99.246197,23.146712
2837,532100,云南省,昭通地区,103.717465,27.338257
2838,532200,云南省,曲靖地区,103.796167,25.489999
2839,532224,云南省,宣威县,102.760106,25.004236
2840,532300,云南省,楚雄彝族自治州,101.528069,25.045532
2841,532301,云南省,楚雄市,101.528069,25.045532
2842,532322,云南省,双柏县,101.641937,24.688875
2843,532323,云南省,牟定县,101.546566,25.313122
2844,532324,云南省,南华县,101.273577,25.192293
2845,532325,云南省,姚安县,101.241728,25.504173
2846,532326,云南省,大姚县,101.336617,25.729513
2847,532327,云南省,永仁县,101.666133,26.049464
2848,532328,云南省,元谋县,101.87452,25.704338
2849,532329,云南省,武定县,102.404338,25.530389
2850,532331,云南省,禄丰县,102.079027,25.150111
2851,532400,云南省,玉溪地区,102.546543,24.352036
2852,532500,云南省,红河哈尼族彝族自治州,103.374799,23.36313
2853,532501,云南省,个旧市,103.160034,23.359121
2854,532502,云南省,开远市,103.267143,23.714316
2855,532503,云南省,蒙自市,103.364905,23.396201
2856,532504,云南省,弥勒市,103.414874,24.411912
2857,532523,云南省,屏边苗族自治县,103.687612,22.98356
2858,532524,云南省,建水县,102.826557,23.6347
2859,532525,云南省,石屏县,102.494984,23.705936
2860,532527,云南省,泸西县,103.766196,24.532025
2861,532528,云南省,元阳县,102.835223,23.219932
2862,532529,云南省,红河县,102.4206,23.369161
2863,532530,云南省,金平苗族瑶族傣族自治县,103.226448,22.779543
2864,532531,云南省,绿春县,102.392463,22.993718
2865,532532,云南省,河口瑶族自治县,103.93935,22.529404
2866,532600,云南省,文山壮族苗族自治州,104.216248,23.400733
2867,532601,云南省,文山市,104.216248,23.400733
2868,532621,云南省,文山县,104.216248,23.400733
2869,532622,云南省,砚山县,104.337242,23.605865
2870,532623,云南省,西畴县,104.672597,23.437782
2871,532624,云南省,麻栗坡县,104.702799,23.125714
2872,532625,云南省,马关县,104.394158,23.012915
2873,532626,云南省,丘北县,104.19582,24.041919
2874,532627,云南省,广南县,105.054981,24.045941
2875,532628,云南省,富宁县,105.630999,23.625283
2876,532700,云南省,思茅地区,100.977165,22.78691
2877,532721,云南省,思茅县,100.977165,22.78691
2878,532800,云南省,西双版纳傣族自治州,100.797777,22.007351
2879,532801,云南省,景洪市,100.771679,22.000143
2880,532822,云南省,勐海县,100.452548,21.957354
2881,532823,云南省,勐腊县,101.564636,21.459233
2882,532900,云南省,大理白族自治州,100.267638,25.606486
2883,532901,云南省,大理市,100.267638,25.606486
2884,532922,云南省,漾濞彝族自治县,99.958015,25.670148
2885,532923,云南省,祥云县,100.550946,25.48385
2886,532924,云南省,宾川县,100.575412,25.827182
2887,532925,云南省,弥渡县,100.490991,25.343804
2888,532926,云南省,南涧彝族自治县,100.509036,25.04351
2889,532927,云南省,巍山彝族回族自治县,100.307175,25.227212
2890,532928,云南省,永平县,99.541236,25.464681
2891,532929,云南省,云龙县,99.371121,25.885596
2892,532930,云南省,洱源县,99.951054,26.11116
2893,532931,云南省,剑川县,99.905559,26.537033
2894,532932,云南省,鹤庆县,100.176498,26.560231
2895,533000,云南省,保山地区,99.161761,25.112046
2896,533100,云南省,德宏傣族景颇族自治州,98.584895,24.433353
2897,533102,云南省,瑞丽市,97.855477,24.017836
2898,533103,云南省,芒市,98.588086,24.43369
2899,533122,云南省,梁河县,98.296657,24.804232
2900,533123,云南省,盈江县,97.943613,24.691283
2901,533124,云南省,陇川县,97.792105,24.182965
2902,533125,云南省,瑞丽县,97.855477,24.017836
2903,533200,云南省,丽江地区,100.22775,26.855047
2904,533221,云南省,丽江纳西族自治县,100.22775,26.855047
2905,533300,云南省,怒江傈僳族自治州,98.853097,25.852547
2906,533301,云南省,泸水市,98.857977,25.82288
2907,533323,云南省,福贡县,98.869132,26.901832
2908,533324,云南省,贡山独龙族怒族自治县,98.665965,27.740999
2909,533325,云南省,兰坪白族普米族自治县,99.416677,26.453571
2910,533400,云南省,迪庆藏族自治州,99.702234,27.818882
2911,533401,云南省,香格里拉市,99.700836,27.829743
2912,533422,云南省,德钦县,98.911561,28.486162
2913,533423,云南省,维西傈僳族自治县,99.287173,27.177162
2914,533500,云南省,临沧地区,100.079583,23.877573
2915,533521,云南省,临沧县,100.079583,23.877573
2916,540000,西藏自治区,西藏自治区,91.117212,29.646922
2917,540100,西藏自治区,拉萨市,91.140856,29.645554
2918,540104,西藏自治区,达孜区,91.349867,29.66941
2919,540121,西藏自治区,林周县,91.265288,29.893545
2920,540122,西藏自治区,当雄县,91.101162,30.473119
2921,540123,西藏自治区,尼木县,90.164524,29.431832
2922,540124,西藏自治区,曲水县,90.743853,29.353059
2923,540126,西藏自治区,达孜县,91.349867,29.66941
2924,540127,西藏自治区,墨竹工卡县,91.730866,29.834132
2925,540200,西藏自治区,日喀则市,88.880583,29.266869
2926,540202,西藏自治区,桑珠孜区,88.88727,29.270389
2927,540221,西藏自治区,南木林县,89.099243,29.682331
2928,540222,西藏自治区,江孜县,89.605574,28.911659
2929,540223,西藏自治区,定日县,87.12612,28.658743
2930,540224,西藏自治区,萨迦县,88.021674,28.899664
2931,540225,西藏自治区,拉孜县,87.637041,29.08166
2932,540226,西藏自治区,昂仁县,87.236051,29.294802
2933,540227,西藏自治区,谢通门县,88.26162,29.432641
2934,540228,西藏自治区,白朗县,89.097806,28.814286
2935,540229,西藏自治区,仁布县,89.841984,29.230933
2936,540230,西藏自治区,康马县,89.681663,28.555627
2937,540231,西藏自治区,定结县,87.765872,28.364159
2938,540232,西藏自治区,仲巴县,84.03153,29.770279
2939,540233,西藏自治区,亚东县,88.907094,27.484806
2940,540234,西藏自治区,吉隆县,85.297535,28.852394
2941,540235,西藏自治区,聂拉木县,85.982237,28.155186
2942,540236,西藏自治区,萨嘎县,85.232941,29.328818
2943,540237,西藏自治区,岗巴县,88.520031,28.274601
2944,540300,西藏自治区,昌都市,97.17202,31.140969
2945,540302,西藏自治区,卡若区,97.180437,31.138507
2946,540321,西藏自治区,江达县,98.21843,31.499202
2947,540322,西藏自治区,贡觉县,98.27097,30.860099
2948,540323,西藏自治区,类乌齐县,96.600246,31.211601
2949,540324,西藏自治区,丁青县,95.595761,31.412405
2950,540325,西藏自治区,察雅县,97.568752,30.653943
2951,540326,西藏自治区,八宿县,96.917836,30.053209
2952,540327,西藏自治区,左贡县,97.841022,29.671069
2953,540328,西藏自治区,芒康县,98.593113,29.679908
2954,540329,西藏自治区,洛隆县,95.824567,30.741571
2955,540330,西藏自治区,边坝县,94.7078,30.933652
2956,540400,西藏自治区,林芝市,94.36149,29.649128
2957,540402,西藏自治区,巴宜区,94.360994,29.653727
2958,540421,西藏自治区,工布江达县,93.246077,29.88528
2959,540423,西藏自治区,墨脱县,95.332241,29.325734
2960,540424,西藏自治区,波密县,95.768158,29.858766
2961,540425,西藏自治区,察隅县,97.465014,28.660234
2962,540426,西藏自治区,朗县,93.074702,29.046337
2963,540500,西藏自治区,山南市,91.773134,29.237137
2964,540502,西藏自治区,乃东区,91.761539,29.224904
2965,540521,西藏自治区,扎囊县,91.33725,29.245114
2966,540522,西藏自治区,贡嘎县,90.98414,29.289455
2967,540523,西藏自治区,桑日县,92.015818,29.259189
2968,540524,西藏自治区,琼结县,91.683881,29.024625
2969,540525,西藏自治区,曲松县,92.203739,29.062826
2970,540526,西藏自治区,措美县,91.433509,28.438202
2971,540527,西藏自治区,洛扎县,90.859992,28.385713
2972,540528,西藏自治区,加查县,92.593993,29.14029
2973,540531,西藏自治区,浪卡子县,90.397977,28.968031
2974,540621,西藏自治区,嘉黎县,93.232528,30.640815
2975,540622,西藏自治区,比如县,93.679639,31.48025
2976,540623,西藏自治区,聂荣县,92.303346,32.107772
2977,540624,西藏自治区,安多县,91.68233,32.265176
2978,540625,西藏自治区,申扎县,88.709853,30.930505
2979,540626,西藏自治区,索县,93.785631,31.886918
2980,540627,西藏自治区,班戈县,90.009957,31.392411
2981,540628,西藏自治区,巴青县,94.053463,31.918563
2982,540629,西藏自治区,尼玛县,87.236772,31.784701
2983,540630,西藏自治区,双湖县,88.837642,33.188515
2984,542100,西藏自治区,昌都地区,97.17202,31.140969
2985,542200,西藏自治区,山南地区,91.773134,29.237137
2986,542300,西藏自治区,日喀则地区,88.880583,29.266869
2987,542400,西藏自治区,那曲地区,92.051239,31.476202
2988,542421,西藏自治区,那曲县,92.0535,31.469643
2989,542500,西藏自治区,阿里地区,80.105804,32.501111
2990,542521,西藏自治区,普兰县,81.176237,30.294402
2991,542522,西藏自治区,札达县,79.802706,31.479217
2992,542523,西藏自治区,噶尔县,80.096419,32.491488
2993,542524,西藏自治区,日土县,79.732427,33.381359
2994,542525,西藏自治区,革吉县,81.145433,32.387233
2995,542526,西藏自治区,改则县,84.06259,32.302713
2996,542527,西藏自治区,措勤县,85.159494,31.016769
2997,542600,西藏自治区,林芝地区,94.36149,29.649128
2998,610000,陕西省,陕西省,108.954239,34.265472
2999,610100,陕西省,西安市,108.940174,34.341568
3000,610103,陕西省,碑林区,108.934235,34.230769
3001,610104,陕西省,莲湖区,108.944041,34.264995
3002,610111,陕西省,灞桥区,109.064671,34.273409
3003,610112,陕西省,未央区,108.94685,34.292873
3004,610113,陕西省,雁塔区,108.926593,34.213389
3005,610114,陕西省,阎良区,109.226102,34.662234
3006,610115,陕西省,临潼区,109.214238,34.367275
3007,610117,陕西省,高陵区,109.088297,34.53483
3008,610118,陕西省,鄠邑区,108.605011,34.108626
3009,610122,陕西省,蓝田县,109.323479,34.151624
3010,610124,陕西省,周至县,108.222154,34.163621
3011,610125,陕西省,户县,109.117987,34.521118
3012,610200,陕西省,铜川市,108.945233,34.896756
3013,610202,陕西省,王益区,109.075578,35.068964
3014,610203,陕西省,印台区,109.099975,35.114492
3015,610204,陕西省,耀州区,108.980514,34.908916
3016,610222,陕西省,宜君县,109.116932,35.398577
3017,610300,陕西省,宝鸡市,107.237974,34.361979
3018,610302,陕西省,渭滨区,107.149968,34.371184
3019,610303,陕西省,金台区,107.146806,34.376069
3020,610304,陕西省,陈仓区,107.363567,34.354701
3021,610321,陕西省,宝鸡县,107.237974,34.361979
3022,610322,陕西省,凤翔县,107.400737,34.521218
3023,610323,陕西省,岐山县,107.621054,34.443459
3024,610324,陕西省,扶风县,107.900219,34.375411
3025,610326,陕西省,眉县,107.749767,34.274247
3026,610327,陕西省,陇县,106.864397,34.89305
3027,610328,陕西省,千阳县,107.132442,34.642381
3028,610329,陕西省,麟游县,107.793525,34.677902
3029,610330,陕西省,凤县,106.515756,33.908469
3030,610331,陕西省,太白县,107.319116,34.058401
3031,610400,陕西省,咸阳市,108.708991,34.329605
3032,610402,陕西省,秦都区,108.706272,34.329567
3033,610403,陕西省,杨陵区,108.084732,34.272117
3034,610404,陕西省,渭城区,108.737213,34.361988
3035,610422,陕西省,三原县,108.940509,34.617382
3036,610423,陕西省,泾阳县,108.842623,34.527114
3037,610424,陕西省,乾县,108.239473,34.527551
3038,610425,陕西省,礼泉县,108.425018,34.481764
3039,610426,陕西省,永寿县,108.142311,34.691979
3040,610427,陕西省,彬县,108.077658,35.043911
3041,610428,陕西省,长武县,107.798757,35.205886
3042,610429,陕西省,旬邑县,108.333986,35.111978
3043,610430,陕西省,淳化县,108.580681,34.79925
3044,610431,陕西省,武功县,108.200398,34.260204
3045,610481,陕西省,兴平市,108.490475,34.299221
3046,610500,陕西省,渭南市,109.509786,34.499995
3047,610502,陕西省,临渭区,109.492726,34.498192
3048,610503,陕西省,华州区,109.761417,34.511949
3049,610522,陕西省,潼关县,110.24635,34.544296
3050,610523,陕西省,大荔县,109.941658,34.797184
3051,610524,陕西省,合阳县,110.149466,35.237986
3052,610525,陕西省,澄城县,109.93235,35.190245
3053,610526,陕西省,蒲城县,109.586506,34.955855
3054,610527,陕西省,白水县,109.590671,35.177452
3055,610528,陕西省,富平县,109.180331,34.751086
3056,610581,陕西省,韩城市,110.442847,35.476788
3057,610582,陕西省,华阴市,110.092301,34.566096
3058,610600,陕西省,延安市,109.489727,36.585455
3059,610602,陕西省,宝塔区,109.493106,36.591266
3060,610621,陕西省,延长县,110.012334,36.579313
3061,610622,陕西省,延川县,110.193514,36.878117
3062,610623,陕西省,子长县,109.675234,37.142668
3063,610625,陕西省,志丹县,108.768432,36.822194
3064,610626,陕西省,吴起县,108.175933,36.927216
3065,610626,陕西省,吴旗县,108.950435,34.259287
3066,610627,陕西省,甘泉县,109.35102,36.276526
3067,610628,陕西省,富县,109.379711,35.98801
3068,610629,陕西省,洛川县,109.432369,35.761975
3069,610630,陕西省,宜川县,110.168963,36.050178
3070,610631,陕西省,黄龙县,109.840373,35.584467
3071,610632,陕西省,黄陵县,109.262961,35.579428
3072,610700,陕西省,汉中市,107.023323,33.06748
3073,610702,陕西省,汉台区,107.031856,33.067771
3074,610703,陕西省,南郑区,106.93623,32.999334
3075,610721,陕西省,南郑县,106.93623,32.999334
3076,610722,陕西省,城固县,107.33393,33.157131
3077,610723,陕西省,洋县,107.545837,33.222739
3078,610724,陕西省,西乡县,107.766614,32.983101
3079,610725,陕西省,勉县,106.673221,33.153553
3080,610726,陕西省,宁强县,106.257171,32.829694
3081,610727,陕西省,略阳县,106.156718,33.327281
3082,610728,陕西省,镇巴县,107.895035,32.536704
3083,610729,陕西省,留坝县,106.920808,33.617571
3084,610730,陕西省,佛坪县,107.990539,33.524359
3085,610800,陕西省,榆林市,109.734589,38.28539
3086,610802,陕西省,榆阳区,109.720309,38.277029
3087,610803,陕西省,横山区,109.294346,37.962209
3088,610822,陕西省,府谷县,111.067366,39.028116
3089,610824,陕西省,靖边县,108.793988,37.599438
3090,610825,陕西省,定边县,107.601267,37.594612
3091,610826,陕西省,绥德县,110.263362,37.50294
3092,610827,陕西省,米脂县,110.183754,37.755417
3093,610828,陕西省,佳县,110.491345,38.019511
3094,610829,陕西省,吴堡县,110.739673,37.452068
3095,610830,陕西省,清涧县,110.121209,37.088878
3096,610831,陕西省,子洲县,110.03525,37.610683
3097,610900,陕西省,安康市,109.029022,32.684714
3098,610902,陕西省,汉滨区,109.026836,32.695173
3099,610921,陕西省,汉阴县,108.508745,32.893026
3100,610922,陕西省,石泉县,108.247887,33.038408
3101,610923,陕西省,宁陕县,108.314283,33.310527
3102,610924,陕西省,紫阳县,108.534229,32.520246
3103,610925,陕西省,岚皋县,108.902049,32.307001
3104,610926,陕西省,平利县,109.361864,32.388854
3105,610927,陕西省,镇坪县,109.526873,31.883672
3106,610928,陕西省,旬阳县,109.365265,32.834086
3107,610929,陕西省,白河县,110.112629,32.809026
3108,611000,陕西省,商洛市,109.940477,33.870422
3109,611002,陕西省,商州区,109.941241,33.862703
3110,611021,陕西省,洛南县,110.148509,34.090838
3111,611022,陕西省,丹凤县,110.331676,33.698185
3112,611023,陕西省,商南县,110.881807,33.530995
3113,611024,陕西省,山阳县,109.88229,33.532172
3114,611025,陕西省,镇安县,109.152893,33.423357
3115,611026,陕西省,柞水县,109.114207,33.68611
3116,612100,陕西省,渭南地区,109.509786,34.499995
3117,612300,陕西省,汉中地区,107.023323,33.06748
3118,612400,陕西省,安康地区,109.029022,32.684714
3119,612500,陕西省,商洛地区,109.940477,33.870422
3120,612501,陕西省,商州市,109.941241,33.862703
3121,612600,陕西省,延安地区,109.489727,36.585455
3122,612700,陕西省,榆林地区,109.734589,38.28539
3123,620000,甘肃省,甘肃省,103.826308,36.059421
3124,620100,甘肃省,兰州市,103.834303,36.061089
3125,620102,甘肃省,城关区,103.825255,36.057054
3126,620103,甘肃省,七里河区,103.785866,36.065915
3127,620104,甘肃省,西固区,103.627964,36.088431
3128,620105,甘肃省,安宁区,103.71909,36.103927
3129,620111,甘肃省,红古区,102.859323,36.345669
3130,620121,甘肃省,永登县,103.26038,36.736513
3131,620122,甘肃省,皋兰县,103.947377,36.332663
3132,620123,甘肃省,榆中县,104.112527,35.843056
3133,620200,甘肃省,嘉峪关市,98.289152,39.77313
3134,620300,甘肃省,金昌市,102.188043,38.520089
3135,620302,甘肃省,金川区,102.194089,38.521085
3136,620321,甘肃省,永昌县,101.984649,38.24317
3137,620400,甘肃省,白银市,104.138559,36.544756
3138,620402,甘肃省,白银区,104.148556,36.535398
3139,620403,甘肃省,平川区,104.825208,36.728304
3140,620421,甘肃省,靖远县,104.676774,36.571366
3141,620422,甘肃省,会宁县,105.053358,35.692823
3142,620423,甘肃省,景泰县,104.063091,37.183804
3143,620500,甘肃省,天水市,105.724947,34.580863
3144,620502,甘肃省,秦州区,105.724199,34.580892
3145,620503,甘肃省,麦积区,105.889557,34.570384
3146,620521,甘肃省,清水县,106.137293,34.749865
3147,620522,甘肃省,秦安县,105.674983,34.858916
3148,620523,甘肃省,甘谷县,105.340864,34.745465
3149,620524,甘肃省,武山县,104.890782,34.72138
3150,620525,甘肃省,张家川回族自治县,106.204518,34.988037
3151,620600,甘肃省,武威市,102.638011,37.928264
3152,620602,甘肃省,凉州区,102.72989,37.820619
3153,620621,甘肃省,民勤县,103.093792,38.62435
3154,620622,甘肃省,古浪县,102.897533,37.47012
3155,620623,甘肃省,天祝藏族自治县,103.141757,36.97174
3156,620700,甘肃省,张掖市,100.449818,38.925875
3157,620702,甘肃省,甘州区,100.478058,38.929763
3158,620721,甘肃省,肃南裕固族自治县,99.615601,38.836932
3159,620722,甘肃省,民乐县,100.81286,38.430794
3160,620723,甘肃省,临泽县,100.164445,39.152642
3161,620724,甘肃省,高台县,99.819317,39.377733
3162,620725,甘肃省,山丹县,101.088575,38.784758
3163,620800,甘肃省,平凉市,106.66524,35.543051
3164,620802,甘肃省,崆峒区,106.674767,35.542491
3165,620821,甘肃省,泾川县,107.36785,35.332666
3166,620822,甘肃省,灵台县,107.621124,35.065399
3167,620823,甘肃省,崇信县,107.035409,35.302123
3168,620824,甘肃省,华亭县,106.653158,35.218292
3169,620825,甘肃省,庄浪县,106.036687,35.202385
3170,620826,甘肃省,静宁县,105.732556,35.521977
3171,620881,甘肃省,华亭市,106.653158,35.218292
3172,620900,甘肃省,酒泉市,98.494483,39.73241
3173,620902,甘肃省,肃州区,98.50785,39.745071
3174,620921,甘肃省,金塔县,98.90327,39.983599
3175,620922,甘肃省,瓜州县,95.782306,40.520545
3176,620923,甘肃省,肃北蒙古族自治县,94.876579,39.51245
3177,620924,甘肃省,阿克塞哈萨克族自治县,94.340204,39.633943
3178,620982,甘肃省,敦煌市,94.661967,40.142128
3179,621000,甘肃省,庆阳市,107.643631,35.709077
3180,621002,甘肃省,西峰区,107.651077,35.730652
3181,621021,甘肃省,庆城县,107.881802,36.016299
3182,621022,甘肃省,环县,107.308501,36.568435
3183,621023,甘肃省,华池县,107.990035,36.461355
3184,621024,甘肃省,合水县,108.01953,35.819243
3185,621025,甘肃省,正宁县,108.359976,35.49189
3186,621026,甘肃省,宁县,107.928369,35.502177
3187,621027,甘肃省,镇原县,107.200832,35.677462
3188,621100,甘肃省,定西市,104.626282,35.580662
3189,621102,甘肃省,安定区,104.610668,35.580629
3190,621121,甘肃省,通渭县,105.242061,35.210831
3191,621122,甘肃省,陇西县,104.634984,35.00394
3192,621123,甘肃省,渭源县,104.215467,35.136755
3193,621124,甘肃省,临洮县,103.859565,35.394989
3194,621125,甘肃省,漳县,104.471572,34.848444
3195,621126,甘肃省,岷县,104.03688,34.438076
3196,621200,甘肃省,陇南市,104.921841,33.400684
3197,621202,甘肃省,武都区,104.926337,33.392211
3198,621221,甘肃省,成县,105.742203,33.750477
3199,621222,甘肃省,文县,104.683434,32.943815
3200,621223,甘肃省,宕昌县,104.393385,34.047261
3201,621224,甘肃省,康县,105.609169,33.329136
3202,621225,甘肃省,西和县,105.298756,34.014215
3203,621226,甘肃省,礼县,105.17864,34.189345
3204,621227,甘肃省,徽县,106.08778,33.768826
3205,621228,甘肃省,两当县,106.304967,33.908917
3206,622100,甘肃省,酒泉地区,98.494483,39.73241
3207,622200,甘肃省,张掖地区,100.449818,38.925875
3208,622300,甘肃省,武威地区,102.638011,37.928264
3209,622400,甘肃省,定西地区,104.626282,35.580662
3210,622421,甘肃省,定西县,104.626282,35.580662
3211,622600,甘肃省,陇南地区,104.921841,33.400684
3212,622700,甘肃省,平凉地区,106.66524,35.543051
3213,622800,甘肃省,庆阳地区,107.643631,35.709077
3214,622801,甘肃省,西峰市,107.651077,35.730652
3215,622821,甘肃省,庆阳县,107.643631,35.709077
3216,622900,甘肃省,临夏回族自治州,103.210538,35.601182
3217,622901,甘肃省,临夏市,103.210538,35.601182
3218,622921,甘肃省,临夏县,102.995502,35.491637
3219,622922,甘肃省,康乐县,103.708354,35.370505
3220,622923,甘肃省,永靖县,103.285854,35.958306
3221,622924,甘肃省,广河县,103.575834,35.488052
3222,622925,甘肃省,和政县,103.350997,35.424603
3223,622926,甘肃省,东乡族自治县,103.389346,35.663752
3224,622927,甘肃省,积石山保安族东乡族撒拉族自治县,102.875843,35.717661
3225,623000,甘肃省,甘南藏族自治州,102.911027,34.983385
3226,623001,甘肃省,合作市,102.910882,35.000399
3227,623021,甘肃省,临潭县,103.353919,34.692747
3228,623022,甘肃省,卓尼县,103.507109,34.589588
3229,623023,甘肃省,舟曲县,104.371586,33.785259
3230,623024,甘肃省,迭部县,103.22187,34.055939
3231,623025,甘肃省,玛曲县,102.072698,33.997712
3232,623026,甘肃省,碌曲县,102.487327,34.590944
3233,623027,甘肃省,夏河县,102.521807,35.202503
3234,630000,青海省,青海省,101.780199,36.620901
3235,630100,青海省,西宁市,101.778228,36.617144
3236,630102,青海省,城东区,101.803717,36.599745
3237,630103,青海省,城中区,101.784554,36.621181
3238,630104,青海省,城西区,101.765843,36.628305
3239,630105,青海省,城北区,101.766228,36.650038
3240,630121,青海省,大通回族土族自治县,101.685643,36.926955
3241,630122,青海省,湟中县,101.571667,36.500879
3242,630123,青海省,湟源县,101.256464,36.682427
3243,630200,青海省,海东市,102.104287,36.502039
3244,630202,青海省,乐都区,102.401725,36.482058
3245,630203,青海省,平安区,102.108835,36.500563
3246,630222,青海省,民和回族土族自治县,102.830892,36.320321
3247,630223,青海省,互助土族自治县,101.959271,36.844249
3248,630224,青海省,化隆回族自治县,102.264143,36.094908
3249,630225,青海省,循化撒拉族自治县,102.485646,35.848586
3250,632100,青海省,海东地区,102.104287,36.502039
3251,632200,青海省,海北藏族自治州,100.900997,36.954413
3252,632221,青海省,门源回族自治县,101.622364,37.376449
3253,632222,青海省,祁连县,100.253211,38.177112
3254,632223,青海省,海晏县,100.99443,36.896467
3255,632224,青海省,刚察县,100.145833,37.32547
3256,632300,青海省,黄南藏族自治州,102.015248,35.519548
3257,632321,青海省,同仁县,102.018323,35.516063
3258,632322,青海省,尖扎县,102.031183,35.938299
3259,632323,青海省,泽库县,101.466689,35.035313
3260,632324,青海省,河南蒙古族自治县,101.616308,34.734773
3261,632500,青海省,海南藏族自治州,100.620373,36.286437
3262,632521,青海省,共和县,100.620031,36.284107
3263,632522,青海省,同德县,100.578052,35.254791
3264,632523,青海省,贵德县,101.435256,36.04068
3265,632524,青海省,兴海县,99.987966,35.588613
3266,632525,青海省,贵南县,100.747503,35.586715
3267,632600,青海省,果洛藏族自治州,100.244808,34.471431
3268,632621,青海省,玛沁县,100.238888,34.477433
3269,632622,青海省,班玛县,100.737138,32.932723
3270,632623,青海省,甘德县,99.900905,33.969219
3271,632624,青海省,达日县,99.651392,33.748921
3272,632625,青海省,久治县,101.482831,33.429471
3273,632626,青海省,玛多县,98.209206,34.915946
3274,632700,青海省,玉树藏族自治州,97.091934,33.011674
3275,632701,青海省,玉树市,97.091934,33.011674
3276,632722,青海省,杂多县,95.300723,32.893185
3277,632723,青海省,称多县,97.110832,33.369218
3278,632724,青海省,治多县,95.61308,33.852751
3279,632725,青海省,囊谦县,96.48065,32.203246
3280,632726,青海省,曲麻莱县,95.797367,34.126429
3281,632800,青海省,海西蒙古族藏族自治州,97.369751,37.377139
3282,632801,青海省,格尔木市,94.928484,36.406404
3283,632802,青海省,德令哈市,97.360985,37.369436
3284,632821,青海省,乌兰县,98.480195,36.929749
3285,632822,青海省,都兰县,98.095844,36.302496
3286,632823,青海省,天峻县,99.022984,37.300851
3287,640000,宁夏回族自治区,宁夏回族自治区,106.258754,38.471317
3288,640100,宁夏回族自治区,银川市,106.230909,38.487193
3289,640104,宁夏回族自治区,兴庆区,106.28865,38.47361
3290,640105,宁夏回族自治区,西夏区,106.156394,38.49604
3291,640106,宁夏回族自治区,金凤区,106.242542,38.473305
3292,640121,宁夏回族自治区,永宁县,106.253145,38.277373
3293,640122,宁夏回族自治区,贺兰县,106.349828,38.554344
3294,640181,宁夏回族自治区,灵武市,106.340054,38.102655
3295,640200,宁夏回族自治区,石嘴山市,106.383303,38.983236
3296,640202,宁夏回族自治区,大武口区,106.367861,39.01906
3297,640205,宁夏回族自治区,惠农区,106.781176,39.239302
3298,640205,宁夏回族自治区,石嘴山区,106.383303,38.983236
3299,640221,宁夏回族自治区,平罗县,106.523474,38.913544
3300,640300,宁夏回族自治区,吴忠市,106.198393,37.99746
3301,640302,宁夏回族自治区,利通区,106.212566,37.983458
3302,640303,宁夏回族自治区,红寺堡区,106.062114,37.425702
3303,640321,宁夏回族自治区,中卫县,105.196902,37.499972
3304,640323,宁夏回族自治区,盐池县,107.407359,37.783205
3305,640324,宁夏回族自治区,同心县,105.914458,36.980575
3306,640381,宁夏回族自治区,青铜峡市,106.078818,38.021302
3307,640400,宁夏回族自治区,固原市,106.24261,36.015855
3308,640402,宁夏回族自治区,原州区,106.287782,36.00374
3309,640422,宁夏回族自治区,西吉县,105.729085,35.963913
3310,640423,宁夏回族自治区,隆德县,106.111595,35.625915
3311,640424,宁夏回族自治区,泾源县,106.330646,35.49816
3312,640425,宁夏回族自治区,彭阳县,106.63834,35.849565
3313,640500,宁夏回族自治区,中卫市,105.196902,37.499972
3314,640502,宁夏回族自治区,沙坡头区,105.190536,37.514564
3315,640521,宁夏回族自治区,中宁县,105.685285,37.491505
3316,640522,宁夏回族自治区,海原县,105.643487,36.565033
3317,642200,宁夏回族自治区,固原地区,106.24261,36.015855
3318,642221,宁夏回族自治区,固原县,106.24261,36.015855
3319,650000,新疆维吾尔自治区,新疆维吾尔自治区,87.627704,43.793026
3320,650100,新疆维吾尔自治区,乌鲁木齐市,87.616848,43.825592
3321,650102,新疆维吾尔自治区,天山区,87.631676,43.794399
3322,650103,新疆维吾尔自治区,沙依巴克区,87.598195,43.800939
3323,650104,新疆维吾尔自治区,新市区,87.573916,43.843752
3324,650105,新疆维吾尔自治区,水磨沟区,87.642482,43.832459
3325,650107,新疆维吾尔自治区,达坂城区,88.311099,43.363668
3326,650107,新疆维吾尔自治区,南山矿区,87.491659,43.453808
3327,650109,新疆维吾尔自治区,米东区,87.655755,43.973579
3328,650121,新疆维吾尔自治区,乌鲁木齐县,87.409417,43.47136
3329,650200,新疆维吾尔自治区,克拉玛依市,84.889207,45.579888
3330,650202,新疆维吾尔自治区,独山子区,84.886974,44.328096
3331,650203,新疆维吾尔自治区,克拉玛依区,84.867844,45.602526
3332,650204,新疆维吾尔自治区,白碱滩区,85.119186,45.685473
3333,650205,新疆维吾尔自治区,乌尔禾区,85.693742,46.089148
3334,650400,新疆维吾尔自治区,吐鲁番市,89.189655,42.951384
3335,650402,新疆维吾尔自治区,高昌区,89.182342,42.947635
3336,650421,新疆维吾尔自治区,鄯善县,90.21333,42.868744
3337,650422,新疆维吾尔自治区,托克逊县,88.638816,42.792454
3338,650500,新疆维吾尔自治区,哈密市,93.514916,42.818501
3339,650502,新疆维吾尔自治区,伊州区,93.514797,42.827255
3340,650521,新疆维吾尔自治区,巴里坤哈萨克自治县,93.016624,43.598762
3341,650522,新疆维吾尔自治区,伊吾县,94.697074,43.254978
3342,652200,新疆维吾尔自治区,哈密地区,93.514916,42.818501
3343,652300,新疆维吾尔自治区,昌吉回族自治州,87.308224,44.011182
3344,652301,新疆维吾尔自治区,昌吉市,87.308224,44.011182
3345,652302,新疆维吾尔自治区,阜康市,87.946894,44.168576
3346,652323,新疆维吾尔自治区,呼图壁县,86.898902,44.191428
3347,652324,新疆维吾尔自治区,玛纳斯县,86.213997,44.303893
3348,652325,新疆维吾尔自治区,奇台县,89.593967,44.022066
3349,652326,新疆维吾尔自治区,阜康县,87.946894,44.168576
3350,652327,新疆维吾尔自治区,吉木萨尔县,89.180437,44.000497
3351,652328,新疆维吾尔自治区,木垒哈萨克自治县,90.286028,43.834689
3352,652700,新疆维吾尔自治区,博尔塔拉蒙古自治州,82.066159,44.905588
3353,652701,新疆维吾尔自治区,博乐市,82.051005,44.85387
3354,652702,新疆维吾尔自治区,阿拉山口市,82.559396,45.172228
3355,652722,新疆维吾尔自治区,精河县,82.894195,44.600408
3356,652723,新疆维吾尔自治区,温泉县,81.024816,44.968857
3357,652800,新疆维吾尔自治区,巴音郭楞蒙古自治州,86.145298,41.764115
3358,652801,新疆维吾尔自治区,库尔勒市,86.174633,41.725892
3359,652822,新疆维吾尔自治区,轮台县,84.252156,41.777702
3360,652823,新疆维吾尔自治区,尉犁县,86.261321,41.343933
3361,652824,新疆维吾尔自治区,若羌县,88.167152,39.023242
3362,652825,新疆维吾尔自治区,且末县,85.529702,38.145486
3363,652826,新疆维吾尔自治区,焉耆回族自治县,86.574067,42.059759
3364,652827,新疆维吾尔自治区,和静县,86.384065,42.323625
3365,652828,新疆维吾尔自治区,和硕县,86.863963,42.268371
3366,652829,新疆维吾尔自治区,博湖县,86.631998,41.980152
3367,652900,新疆维吾尔自治区,阿克苏地区,80.260605,41.168779
3368,652901,新疆维吾尔自治区,阿克苏市,80.260605,41.168779
3369,652922,新疆维吾尔自治区,温宿县,80.238959,41.276688
3370,652923,新疆维吾尔自治区,库车县,82.962016,41.717906
3371,652924,新疆维吾尔自治区,沙雅县,82.781819,41.221667
3372,652925,新疆维吾尔自治区,新和县,82.60922,41.548118
3373,652926,新疆维吾尔自治区,拜城县,81.874156,41.79691
3374,652927,新疆维吾尔自治区,乌什县,79.224445,41.214652
3375,652928,新疆维吾尔自治区,阿瓦提县,80.373137,40.644529
3376,652929,新疆维吾尔自治区,柯坪县,79.047291,40.50834
3377,653000,新疆维吾尔自治区,克孜勒苏柯尔克孜自治州,76.167819,39.714526
3378,653001,新疆维吾尔自治区,阿图什市,76.1684,39.71616
3379,653022,新疆维吾尔自治区,阿克陶县,75.947396,39.147785
3380,653023,新疆维吾尔自治区,阿合奇县,78.446253,40.936936
3381,653024,新疆维吾尔自治区,乌恰县,75.259228,39.71931
3382,653100,新疆维吾尔自治区,喀什地区,75.989755,39.4704
3383,653101,新疆维吾尔自治区,喀什市,75.989755,39.4704
3384,653121,新疆维吾尔自治区,疏附县,75.862814,39.375044
3385,653122,新疆维吾尔自治区,疏勒县,76.048139,39.401385
3386,653123,新疆维吾尔自治区,英吉沙县,76.175729,38.930382
3387,653124,新疆维吾尔自治区,泽普县,77.260103,38.184955
3388,653125,新疆维吾尔自治区,莎车县,77.245761,38.414217
3389,653126,新疆维吾尔自治区,叶城县,77.413836,37.882989
3390,653127,新疆维吾尔自治区,麦盖提县,77.648006,38.902232
3391,653128,新疆维吾尔自治区,岳普湖县,76.773163,39.2242
3392,653129,新疆维吾尔自治区,伽师县,76.72372,39.488182
3393,653130,新疆维吾尔自治区,巴楚县,78.549297,39.785155
3394,653131,新疆维吾尔自治区,塔什库尔干塔吉克自治县,75.229889,37.772094
3395,653200,新疆维吾尔自治区,和田地区,79.922211,37.114157
3396,653201,新疆维吾尔自治区,和田市,79.913534,37.112149
3397,653221,新疆维吾尔自治区,和田县,79.81907,37.120031
3398,653222,新疆维吾尔自治区,墨玉县,79.728841,37.27734
3399,653223,新疆维吾尔自治区,皮山县,78.283669,37.62145
3400,653224,新疆维吾尔自治区,洛浦县,80.188986,37.073667
3401,653225,新疆维吾尔自治区,策勒县,80.806159,36.998335
3402,653226,新疆维吾尔自治区,于田县,81.677418,36.857081
3403,653227,新疆维吾尔自治区,民丰县,82.695862,37.06408
3404,654000,新疆维吾尔自治区,伊犁哈萨克自治州,81.324136,43.916823
3405,654002,新疆维吾尔自治区,伊宁市,81.27795,43.908558
3406,654003,新疆维吾尔自治区,奎屯市,84.903267,44.426529
3407,654004,新疆维吾尔自治区,霍尔果斯市,80.420759,44.201669
3408,654021,新疆维吾尔自治区,伊宁县,81.527453,43.977138
3409,654022,新疆维吾尔自治区,察布查尔锡伯自治县,81.151337,43.840726
3410,654023,新疆维吾尔自治区,霍城县,80.874181,44.053592
3411,654024,新疆维吾尔自治区,巩留县,82.231718,43.482628
3412,654025,新疆维吾尔自治区,新源县,83.26077,43.42993
3413,654026,新疆维吾尔自治区,昭苏县,81.130975,43.157293
3414,654027,新疆维吾尔自治区,特克斯县,81.836206,43.217184
3415,654028,新疆维吾尔自治区,尼勒克县,82.51181,43.800247
3416,654100,新疆维吾尔自治区,伊犁地区,81.324136,43.916823
3417,654200,新疆维吾尔自治区,塔城地区,82.980316,46.745364
3418,654201,新疆维吾尔自治区,塔城市,82.978928,46.748523
3419,654202,新疆维吾尔自治区,乌苏市,84.713736,44.418887
3420,654221,新疆维吾尔自治区,额敏县,83.628303,46.524673
3421,654222,新疆维吾尔自治区,乌苏县,84.713736,44.418887
3422,654223,新疆维吾尔自治区,沙湾县,85.619416,44.326388
3423,654224,新疆维吾尔自治区,托里县,83.606951,45.947638
3424,654225,新疆维吾尔自治区,裕民县,82.982668,46.201104
3425,654226,新疆维吾尔自治区,和布克赛尔蒙古自治县,85.728328,46.793235
3426,654300,新疆维吾尔自治区,阿勒泰地区,88.141253,47.844924
3427,654301,新疆维吾尔自治区,阿勒泰市,88.131842,47.827309
3428,654321,新疆维吾尔自治区,布尔津县,86.874897,47.70185
3429,654322,新疆维吾尔自治区,富蕴县,89.530734,46.995158
3430,654323,新疆维吾尔自治区,福海县,87.486703,47.111919
3431,654324,新疆维吾尔自治区,哈巴河县,86.418621,48.060846
3432,654325,新疆维吾尔自治区,青河县,90.382961,46.674205
3433,654326,新疆维吾尔自治区,吉木乃县,85.874096,47.443101
3434,659001,新疆维吾尔自治区,石河子市,86.08046,44.305428
3435,659002,新疆维吾尔自治区,阿拉尔市,81.280527,40.547653
3436,659003,新疆维吾尔自治区,图木舒克市,79.074089,39.868968
3437,659004,新疆维吾尔自治区,五家渠市,87.54324,44.166756
3438,659005,新疆维吾尔自治区,北屯市,87.832595,47.326883
3439,659006,新疆维吾尔自治区,铁门关市,85.669533,41.8633
3440,659007,新疆维吾尔自治区,双河市,82.353656,44.840524
3441,659008,新疆维吾尔自治区,可克达拉市,81.044542,43.944798
3442,659009,新疆维吾尔自治区,昆玉市,79.291083,37.209642
3443,710000,台湾省,台湾省,121.508903,25.044319
3444,810000,香港特别行政区,香港特别行政区,114.163825,22.276284
3445,820000,澳门特别行政区,澳门特别行政区,113.543028,22.186835
