row_id,region,year,ols,fe,re,dgmm,sgmm,sfa1,sfa2,sfa3,sfa3d,tfe,field_013
1,上海市,1990,3.972,3.81316,2.947383,4.177074,4.387273,2.913343,3.003706,4.09537,4.577492,4.0004,3.408294
2,上海市,1991,3.23682,3.834852,3.137383,3.250057,3.807663,3.612257,2.954632,3.700168,3.849256,3.675925,3.482557
3,上海市,1992,3.29708,2.595958,2.623357,3.064836,3.649607,3.124217,3.330614,2.403936,2.517488,3.177168,2.380032
4,上海市,1993,2.96192,3.435979,3.226926,2.718068,2.796292,3.102348,2.420039,2.310567,2.76457,2.160397,2.817559
5,上海市,1994,2.73857,1.962268,2.988247,2.484979,2.467781,3.092613,2.075152,2.138441,3.058217,2.805529,2.483774
6,上海市,1995,2.53633,2.592513,2.790829,2.536155,2.09004,2.921703,2.421665,2.573592,2.691303,2.840363,2.106019
7,上海市,1996,2.38031,2.665189,2.286219,2.155635,2.088701,1.969162,2.438178,2.433489,2.280364,1.743317,2.536676
8,上海市,1997,2.17206,2.493046,1.944558,2.209223,2.259311,2.296127,2.47543,2.397106,1.802223,2.076488,1.999858
9,上海市,1998,1.955,2.274858,1.739989,1.758796,1.973592,2.030013,1.48451,1.549592,1.803605,2.247175,1.414169
10,上海市,1999,1.95579,2.297485,2.181448,1.665472,1.370578,1.705409,1.921993,2.166819,1.999599,1.619119,2.328797
11,上海市,2000,1.8105,1.590868,2.06636,1.649945,1.707428,1.319873,1.285473,1.746553,1.77496,1.343083,1.733717
12,上海市,2001,1.89929,2.120952,1.836894,1.942039,2.114855,1.521119,2.143401,2.208452,1.524918,2.151473,1.492383
13,上海市,2002,1.66409,1.905301,1.664174,1.582517,1.932709,1.726861,1.917582,1.781942,1.201341,1.192138,1.874765
14,上海市,2003,1.73891,1.556466,1.708343,1.409928,1.926194,1.507725,1.308897,1.263181,1.642195,1.693493,1.776056
15,上海市,2004,1.63875,1.402508,1.186357,1.776044,1.843332,1.742729,1.676785,1.279143,1.945327,1.696778,1.922516
16,上海市,2005,1.5916,1.850235,1.130211,1.526185,1.453943,1.271975,1.706927,1.658129,1.222317,1.223017,1.126168
17,上海市,2006,1.3775,1.074905,1.475371,1.104548,1.64968,1.44384,1.627089,1.414169,1.468263,1.566286,1.022449
18,上海市,2007,1.42852,1.100845,1.019505,1.035376,1.528572,1.636297,1.495602,1.24154,1.31178,1.699323,1.495459
19,上海市,2008,1.30071,1.263644,1.131673,0.972557,1.261419,1.012645,1.07292,1.240816,1.347813,1.487809,1.205762
20,上海市,2009,1.20931,1.069453,0.912545,1.144467,1.309441,1.020658,1.212805,1.042728,1.283211,0.97104,1.12617
21,上海市,2010,1.22717,1.144824,1.193371,1.42409,1.232346,1.006081,1.273971,1.093602,1.107162,1.428447,1.043448
22,上海市,2011,1.16339,1.297979,0.845084,1.212284,0.921786,0.896529,0.842455,0.83309,1.158675,0.950359,1.360697
23,上海市,2012,1.22609,1.131452,1.160878,1.175015,1.112092,1.263465,1.295123,1.299463,0.950211,1.432715,0.952197
24,上海市,2013,1.11258,1.088033,1.121477,0.815196,1.24959,1.206121,1.046522,1.135773,0.80664,0.794824,1.085718
25,上海市,2014,1.06603,1.120695,0.862119,0.90379,0.908012,0.920218,1.187311,0.953009,0.88506,1.259257,1.142453
26,上海市,2015,1.14157,0.941511,1.365935,1.168478,0.876578,0.944091,0.802308,1.196229,1.308594,1.175236,1.137039
27,上海市,2016,1.09125,1.073484,1.289781,0.947238,1.057389,0.825149,1.095255,0.94643,0.992699,0.956251,1.028929
28,上海市,2017,0.99878,0.840347,0.82959,0.709966,0.790318,1.024882,0.748718,1.108251,0.989056,0.791416,1.02683
29,上海市,2018,0.95605,0.730291,0.83537,0.933777,0.821431,0.769862,1.03247,1.105589,0.917734,0.886156,0.868306
30,上海市,2019,1.02115,0.910645,1.070292,1.119685,1.08805,0.927034,0.962274,1.024514,0.924492,1.208158,0.737049
31,上海市,2020,0.93813,1.006083,0.864482,0.739243,0.739064,0.993643,0.801403,0.830456,0.757151,0.759919,0.8069
32,上海市,2021,0.85854,0.727533,0.653716,0.945979,0.914969,0.875991,0.861362,0.7338,0.690779,0.945172,0.98627
33,上海市,2022,0.90321,0.897424,0.963793,0.710622,0.981125,0.723637,1.075023,0.685106,0.828157,0.83055,0.785462
34,上海市,2023,0.94788,1.067315,1.27387,0.475265,1.047281,0.571283,1.288684,0.636412,0.965535,0.715928,0.584654
35,云南省,1990,0.6195,0.61118,0.687868,0.692917,0.537776,0.606013,0.493413,0.507655,0.606243,0.520938,0.699075
36,云南省,1991,0.56364,0.638707,0.513348,0.64281,0.560857,0.622553,0.618433,0.518669,0.441107,0.61017,0.554747
37,云南省,1992,0.63417,0.447265,0.55359,0.49505,0.453677,0.507847,0.451096,0.491562,0.473406,0.51956,0.754824
38,云南省,1993,0.51192,0.572412,0.493217,0.513259,0.52208,0.529723,0.445864,0.497553,0.512553,0.603117,0.588522
39,云南省,1994,0.55714,0.499339,0.614161,0.509151,0.582426,0.421707,0.526066,0.656337,0.577612,0.574665,0.431095
40,云南省,1995,0.36333,0.388686,0.379992,0.307038,0.334277,0.333042,0.39717,0.414828,0.433296,0.425928,0.298652
41,云南省,1996,0.59719,0.667531,0.679982,0.453905,0.522271,0.577027,0.65582,0.483119,0.691669,0.45197,0.650893
42,云南省,1997,0.30382,0.261921,0.219768,0.297237,0.308412,0.323706,0.323946,0.233878,0.257956,0.284665,0.221646
43,云南省,1998,0.3475,0.377163,0.319665,0.373702,0.410905,0.352824,0.352059,0.306544,0.259829,0.40777,0.255492
44,云南省,1999,0.35132,0.305835,0.347206,0.30764,0.292467,0.314052,0.351832,0.25658,0.284468,0.362832,0.41488
45,云南省,2000,0.351,0.352664,0.288933,0.417343,0.360273,0.319178,0.405703,0.249621,0.351365,0.27152,0.320537
46,云南省,2001,0.4181,0.492445,0.321674,0.328552,0.460026,0.441889,0.48693,0.475341,0.357137,0.453671,0.337821
47,云南省,2002,0.36273,0.352545,0.306671,0.305318,0.266844,0.25878,0.292246,0.296232,0.385532,0.261076,0.343586
48,云南省,2003,0.26413,0.307294,0.283588,0.263346,0.259045,0.30829,0.202754,0.232226,0.187078,0.186058,0.264761
49,云南省,2004,0.20875,0.212574,0.177648,0.183147,0.242833,0.183506,0.16948,0.236986,0.214255,0.184076,0.184963
50,云南省,2005,0.2074,0.195609,0.205007,0.223376,0.230065,0.235629,0.176881,0.186193,0.237664,0.181232,0.215804
51,云南省,2006,0.28789,0.29024,0.235018,0.327956,0.275849,0.279194,0.207818,0.257614,0.288504,0.328989,0.239385
52,云南省,2007,0.23482,0.252335,0.235057,0.200476,0.257301,0.188561,0.251278,0.266567,0.276915,0.235294,0.247619
53,云南省,2008,0.34964,0.325881,0.340912,0.391988,0.272473,0.361342,0.385593,0.313403,0.254858,0.31921,0.328902
54,云南省,2009,0.34172,0.328954,0.342852,0.376255,0.283542,0.34524,0.26798,0.284181,0.399342,0.349447,0.262953
55,云南省,2010,0.252,0.224653,0.284921,0.231739,0.250138,0.207295,0.1915,0.204125,0.300142,0.236804,0.25676
56,云南省,2011,0.17968,0.143598,0.139009,0.210917,0.126218,0.195291,0.133597,0.185464,0.214475,0.151613,0.190156
57,云南省,2012,0.17016,0.175853,0.152475,0.190595,0.125037,0.161597,0.139587,0.1892,0.135842,0.191066,0.136205
58,云南省,2013,0.20939,0.221729,0.205181,0.192818,0.227978,0.170072,0.203897,0.200932,0.149911,0.167358,0.239157
59,云南省,2014,0.19912,0.156537,0.146505,0.211196,0.154195,0.167653,0.176542,0.168072,0.184907,0.231447,0.238854
60,云南省,2015,0.24643,0.212932,0.183974,0.22325,0.244386,0.174151,0.290382,0.293211,0.266685,0.271715,0.210357
61,云南省,2016,0.16917,0.197218,0.164153,0.119418,0.125361,0.12335,0.141195,0.19171,0.167756,0.145235,0.192431
62,云南省,2017,0.14932,0.143332,0.138386,0.1582,0.122014,0.148579,0.145873,0.157543,0.150834,0.176925,0.173077
63,云南省,2018,0.2175,0.174459,0.184829,0.167816,0.156161,0.243661,0.197277,0.19657,0.24959,0.205973,0.169252
64,云南省,2019,0.17141,0.202322,0.17326,0.182966,0.195882,0.133724,0.129682,0.176131,0.159207,0.147275,0.161513
65,云南省,2020,0.21775,0.206723,0.17067,0.245051,0.1758,0.202113,0.215764,0.258387,0.206024,0.19557,0.245727
66,云南省,2021,0.17183,0.188697,0.151986,0.160454,0.196033,0.193873,0.202107,0.156718,0.12597,0.161817,0.185044
67,云南省,2022,0.20452,0.151556,0.217235,0.174304,0.153816,0.161478,0.214572,0.172248,0.149816,0.242197,0.235239
68,云南省,2023,0.23721,0.114415,0.282484,0.188154,0.111599,0.129083,0.227037,0.187778,0.173662,0.322577,0.285434
69,内蒙古自治区,1990,0.514,0.556477,0.531142,0.500153,0.516858,0.534617,0.538801,0.452305,0.374721,0.609697,0.589054
70,内蒙古自治区,1991,0.52227,0.396348,0.519437,0.546569,0.549875,0.517907,0.601538,0.534557,0.462389,0.611294,0.479948
71,内蒙古自治区,1992,0.82083,0.698923,0.861415,0.727685,0.605085,0.968657,0.763325,0.690066,0.729844,0.843595,0.717104
72,内蒙古自治区,1993,0.73769,0.85137,0.539408,0.872793,0.827956,0.545066,0.70592,0.521297,0.585764,0.545479,0.804682
73,内蒙古自治区,1994,0.67321,0.5799,0.714576,0.540941,0.709796,0.531711,0.759783,0.677092,0.472919,0.581206,0.525639
74,内蒙古自治区,1995,0.54767,0.648224,0.391346,0.593299,0.633897,0.535197,0.421731,0.549403,0.496488,0.614,0.638541
75,内蒙古自治区,1996,0.31656,0.275397,0.2301,0.333607,0.357852,0.285961,0.364329,0.367324,0.298443,0.314755,0.314363
76,内蒙古自治区,1997,0.45971,0.419224,0.396952,0.359665,0.456594,0.446935,0.340444,0.432845,0.459807,0.354654,0.529526
77,内蒙古自治区,1998,0.54278,0.581093,0.616536,0.582982,0.508751,0.385014,0.501581,0.497613,0.568837,0.442869,0.516643
78,内蒙古自治区,1999,0.46579,0.330277,0.483768,0.383438,0.396941,0.344325,0.491841,0.435117,0.454503,0.406159,0.547917
79,内蒙古自治区,2000,0.356,0.258994,0.37024,0.401803,0.378271,0.403398,0.419599,0.35579,0.383583,0.302404,0.255669
80,内蒙古自治区,2001,0.45762,0.530257,0.392298,0.393076,0.393671,0.376854,0.365056,0.413633,0.486719,0.377151,0.472986
81,内蒙古自治区,2002,0.29023,0.336013,0.203173,0.219592,0.25742,0.332931,0.337644,0.243204,0.339687,0.305734,0.248394
82,内蒙古自治区,2003,0.43326,0.451293,0.495473,0.31187,0.441064,0.478316,0.36634,0.480127,0.343147,0.406368,0.501348
83,内蒙古自治区,2004,0.36979,0.32994,0.33245,0.39719,0.427121,0.348485,0.296899,0.340297,0.405066,0.365968,0.26608
84,内蒙古自治区,2005,0.3506,0.30722,0.264082,0.363737,0.388468,0.350824,0.374059,0.291815,0.266516,0.396045,0.400739
85,内蒙古自治区,2006,0.35731,0.384878,0.296244,0.337992,0.330003,0.307803,0.331993,0.292135,0.285657,0.389652,0.419129
86,内蒙古自治区,2007,0.32,0.327702,0.336141,0.345344,0.326739,0.371814,0.288928,0.249427,0.325776,0.228099,0.237427
87,内蒙古自治区,2008,0.31946,0.263021,0.269484,0.357982,0.344743,0.32708,0.283553,0.258827,0.286112,0.32969,0.292179
88,内蒙古自治区,2009,0.18,0.192782,0.16281,0.210393,0.133666,0.185688,0.213251,0.162952,0.205943,0.186349,0.146986
89,内蒙古自治区,2010,0.2005,0.15338,0.185092,0.217954,0.215086,0.177844,0.218866,0.192632,0.162239,0.238816,0.229741
90,内蒙古自治区,2011,0.17742,0.191015,0.175524,0.15159,0.126629,0.132653,0.191107,0.191082,0.126588,0.154156,0.161815
91,内蒙古自治区,2012,0.22734,0.25127,0.258151,0.182255,0.181682,0.256217,0.219062,0.215831,0.229758,0.161305,0.23837
92,内蒙古自治区,2013,0.16955,0.151668,0.185772,0.125957,0.190214,0.140953,0.141596,0.165971,0.135746,0.146543,0.123773
93,内蒙古自治区,2014,0.22441,0.186955,0.230285,0.161128,0.230146,0.161788,0.211015,0.192972,0.19917,0.244149,0.231723
94,内蒙古自治区,2015,0.26714,0.259268,0.280986,0.301653,0.231998,0.241893,0.214358,0.274145,0.200881,0.275342,0.202783
95,内蒙古自治区,2016,0.16917,0.166163,0.134489,0.127919,0.168176,0.125382,0.138441,0.130583,0.156848,0.19667,0.15795
96,内蒙古自治区,2017,0.2673,0.226454,0.240228,0.279716,0.261558,0.248672,0.257514,0.210261,0.212089,0.230231,0.269045
97,内蒙古自治区,2018,0.13645,0.157634,0.11787,0.14109,0.118473,0.11732,0.162642,0.163069,0.153448,0.097677,0.140726
98,内蒙古自治区,2019,0.12923,0.093398,0.130258,0.096966,0.098504,0.152191,0.116318,0.151886,0.139846,0.105255,0.123479
99,内蒙古自治区,2020,0.16638,0.195043,0.133779,0.170759,0.129134,0.188325,0.197284,0.134682,0.138532,0.160778,0.165239
100,内蒙古自治区,2021,0.13524,0.122981,0.154769,0.141365,0.146947,0.157285,0.13446,0.115671,0.14785,0.143407,0.104553
101,内蒙古自治区,2022,0.1875,0.214116,0.209419,0.14886,0.174568,0.170078,0.141801,0.185199,0.217914,0.135887,0.142541
102,内蒙古自治区,2023,0.23976,0.305251,0.264069,0.156355,0.202189,0.182871,0.149142,0.254727,0.287978,0.128367,0.180529
103,北京市,1990,3.501,3.384697,2.898478,3.51896,3.514759,3.560692,3.624095,3.727445,2.725984,4.04292,4.124213
104,北京市,1991,3.53136,3.987051,4.019081,3.631867,2.605617,3.332054,3.656551,2.941238,3.332795,3.592986,3.423622
105,北京市,1992,3.06667,2.197114,2.578116,2.538863,2.284115,2.355415,2.583728,2.387983,2.9831,2.597068,3.374836
106,北京市,1993,2.99385,3.484418,2.757272,2.511388,2.682306,3.111624,2.456032,2.565247,2.234457,2.991122,3.397536
107,北京市,1994,2.67893,2.520926,2.015814,2.81459,2.103388,2.094869,3.074178,3.086073,2.40675,2.348751,2.444335
108,北京市,1995,2.33833,2.218119,2.776116,2.475944,2.647344,1.777273,1.792566,2.238603,2.172966,2.778922,2.799195
109,北京市,1996,2.48875,2.165038,2.280243,2.786156,2.065414,2.229746,2.191892,2.099012,1.747924,1.853696,2.63041
110,北京市,1997,2.27265,1.701463,2.210217,1.601898,1.713621,1.976362,2.699996,2.587545,2.016611,2.430119,1.814368
111,北京市,1998,2.17611,2.022913,2.520894,2.350831,2.483378,1.950405,1.908993,1.781125,1.968075,2.263721,2.296472
112,北京市,1999,1.84605,1.74524,1.46968,1.930528,2.170792,1.971326,2.012992,1.328069,2.005829,1.697686,1.425448
113,北京市,2000,1.9685,2.290094,1.752083,1.714839,1.749504,1.735449,2.223952,1.734012,2.111905,1.990626,1.888717
114,北京市,2001,1.89024,1.436751,1.725334,1.780169,1.433027,1.915889,1.374279,1.665753,2.218686,1.9956,1.917987
115,北京市,2002,1.66568,1.877757,1.861183,1.59534,1.845259,1.477393,1.728545,1.61901,1.703676,1.955094,1.312008
116,北京市,2003,1.65522,1.409616,1.872133,1.76423,1.473425,1.948836,1.484366,1.523412,1.743986,1.530083,1.825655
117,北京市,2004,1.63313,1.432153,1.156889,1.366632,1.374716,1.31558,1.352603,1.242155,1.486225,1.771957,1.775517
118,北京市,2005,1.4256,1.214355,1.037167,1.008498,1.055614,1.144044,1.559065,1.10782,1.040859,1.460812,1.158072
119,北京市,2006,1.50865,1.302376,1.751638,1.43728,1.435469,1.49829,1.407574,1.418195,1.794348,1.53928,1.266681
120,北京市,2007,1.45648,1.233654,1.279868,1.651518,1.57916,1.161092,1.699058,1.322587,1.568703,1.161587,1.739606
121,北京市,2008,1.40232,1.49012,1.056046,1.404845,1.073841,1.580149,1.447784,1.595813,1.175664,1.387583,1.601969
122,北京市,2009,1.36397,1.043148,1.017055,0.99339,1.353177,1.343547,1.05781,1.062598,1.073291,1.133783,1.43717
123,北京市,2010,1.26883,0.902128,0.894667,0.904741,1.270203,1.120227,1.003,1.030191,0.910159,1.183897,1.488963
124,北京市,2011,1.23387,0.907845,0.911633,1.198076,0.998017,1.377975,1.428662,1.236845,1.060685,0.997498,1.181518
125,北京市,2012,1.23625,0.986453,1.458145,1.196962,1.307903,1.476762,0.923269,1.237041,0.892758,1.384167,0.970333
126,北京市,2013,1.14833,1.091892,1.157198,1.058786,1.102916,1.244081,1.101722,0.974349,0.845472,1.16062,1.082143
127,北京市,2014,1.15985,0.864926,1.109411,1.35247,1.094866,0.828935,0.850868,1.13393,1.225895,0.946997,1.297736
128,北京市,2015,1.12243,1.338845,0.827129,1.263945,0.855156,0.929652,1.182008,0.915274,1.177406,0.884743,1.163588
129,北京市,2016,0.98847,1.005642,0.779044,0.734682,0.952818,1.080044,1.004634,1.043095,0.830445,0.721664,0.886066
130,北京市,2017,0.99338,1.047616,0.963875,0.711159,0.815702,0.923822,0.707593,1.096123,0.778361,1.056756,0.763848
131,北京市,2018,0.95618,1.016251,0.750165,0.675831,0.944461,0.882587,0.81858,0.808281,1.146541,0.938256,0.726298
132,北京市,2019,0.9059,0.662863,1.001705,1.060244,0.910997,0.781481,0.648378,0.99915,0.746604,0.885378,0.865893
133,北京市,2020,0.983,1.052075,0.732237,1.140152,0.928945,1.094364,1.143386,1.158839,1.05123,1.147751,0.998512
134,北京市,2021,0.96329,0.930252,0.744741,0.895612,0.819454,0.913154,1.06074,1.062271,0.876568,0.780402,0.986894
135,北京市,2022,0.85131,0.970459,0.638712,0.900226,0.654657,0.697461,0.629058,1.008445,0.8307,0.831168,0.689033
136,北京市,2023,0.73933,1.010666,0.532683,0.90484,0.48986,0.481768,0.197376,0.954619,0.784832,0.881934,0.391172
137,吉林省,1990,1.8725,1.623027,2.069843,2.014604,1.81155,1.753933,1.883192,1.491708,1.77631,1.682217,1.96017
138,吉林省,1991,1.42818,1.399547,1.185005,1.44672,1.493564,1.081462,1.146844,1.2559,1.527198,1.430253,1.264312
139,吉林省,1992,1.3325,1.298561,1.136076,0.94914,1.015285,1.074874,1.36985,1.364893,1.155198,1.59856,1.27992
140,吉林省,1993,1.515,1.416843,1.711329,1.420343,1.684665,1.62814,1.459687,1.537331,1.769626,1.654229,1.771353
141,吉林省,1994,1.15393,1.26601,1.117926,0.888548,1.366287,1.010403,1.249509,1.02792,1.276557,1.0136,1.132016
142,吉林省,1995,1.07133,1.169317,0.963332,0.805525,0.799493,0.958436,1.218298,0.819505,1.021227,1.256556,1.179634
143,吉林省,1996,0.9925,1.178504,1.036597,0.916296,1.186623,1.00435,0.943292,0.853649,1.014474,1.028041,1.136333
144,吉林省,1997,1.05029,1.130337,1.196337,1.117093,0.968812,0.917747,1.201547,1.249409,1.099679,0.797782,0.968245
145,吉林省,1998,1.03083,1.009299,0.789721,1.028761,1.207631,0.973519,1.215321,1.20691,0.955242,0.87192,0.926544
146,吉林省,1999,1.04316,0.769423,0.751001,0.789942,1.097799,0.980934,1.137553,1.243903,1.05771,1.117911,0.824783
147,吉林省,2000,0.888,1.036598,0.706173,1.058816,0.861973,0.885167,0.692773,0.903611,1.054145,0.753752,0.716101
148,吉林省,2001,0.78452,0.875105,0.612854,0.731216,0.699725,0.565854,0.858614,0.775016,0.933654,0.656733,0.896993
149,吉林省,2002,0.89886,0.787459,0.754147,0.800924,0.660207,0.908122,0.995914,0.868348,0.870199,1.024804,1.056561
150,吉林省,2003,0.79413,0.704219,0.707022,0.939575,0.586854,0.873765,0.817454,0.891451,0.632024,0.721642,0.605349
151,吉林省,2004,0.63938,0.620155,0.73218,0.65261,0.642271,0.508738,0.76351,0.608806,0.5935,0.58671,0.702526
152,吉林省,2005,0.6506,0.720579,0.595585,0.662987,0.482244,0.723031,0.72903,0.566725,0.534969,0.688504,0.548365
153,吉林省,2006,0.70577,0.835807,0.599198,0.68593,0.735263,0.625149,0.509897,0.578477,0.726871,0.720138,0.640027
154,吉林省,2007,0.68611,0.709693,0.537033,0.70159,0.754626,0.578186,0.70596,0.553664,0.52434,0.776547,0.820959
155,吉林省,2008,0.69875,0.526732,0.628414,0.750702,0.509976,0.613516,0.637805,0.623075,0.725442,0.599164,0.685879
156,吉林省,2009,0.63828,0.749572,0.745302,0.729594,0.636648,0.522703,0.763927,0.49453,0.480405,0.737419,0.732096
157,吉林省,2010,0.63667,0.558026,0.548839,0.662541,0.528039,0.741163,0.545624,0.616956,0.698806,0.565297,0.594838
158,吉林省,2011,0.55032,0.533054,0.499572,0.475286,0.633537,0.401439,0.563751,0.407795,0.612179,0.419357,0.396684
159,吉林省,2012,0.5275,0.538931,0.430741,0.382675,0.468504,0.431738,0.373296,0.499859,0.586902,0.438785,0.617476
160,吉林省,2013,0.54455,0.559275,0.526994,0.506835,0.541528,0.639633,0.458746,0.583551,0.401074,0.417514,0.472572
161,吉林省,2014,0.54588,0.485333,0.427961,0.615668,0.393046,0.568138,0.407261,0.60665,0.440603,0.596884,0.503352
162,吉林省,2015,0.45186,0.501331,0.500283,0.54048,0.492944,0.327791,0.483351,0.495746,0.405939,0.421208,0.505655
163,吉林省,2016,0.44542,0.456174,0.427382,0.384341,0.504368,0.359371,0.472543,0.46053,0.478507,0.314273,0.482449
164,吉林省,2017,0.47392,0.358245,0.348866,0.529221,0.425475,0.522358,0.501691,0.502373,0.51452,0.363648,0.510283
165,吉林省,2018,0.40053,0.317769,0.361086,0.338513,0.335332,0.463485,0.281846,0.454365,0.307568,0.31958,0.294367
166,吉林省,2019,0.40205,0.386636,0.287909,0.333276,0.307095,0.307935,0.407861,0.348168,0.418837,0.431172,0.306475
167,吉林省,2020,0.47513,0.467461,0.429024,0.363646,0.34907,0.458999,0.358173,0.380703,0.346523,0.512693,0.348908
168,吉林省,2021,0.44317,0.444217,0.371213,0.509859,0.366609,0.346187,0.472332,0.420153,0.406295,0.331913,0.374856
169,吉林省,2022,0.38905,0.447323,0.408909,0.461201,0.272948,0.315452,0.355928,0.35699,0.403956,0.314269,0.326306
170,吉林省,2023,0.33493,0.450429,0.446605,0.412543,0.179287,0.284717,0.239524,0.293827,0.401617,0.296625,0.277756
171,四川省,1990,1.5775,1.169511,1.497016,1.789579,1.681789,1.614445,1.106916,1.140958,1.641783,1.737033,1.17508
172,四川省,1991,1.78136,2.077391,1.580159,1.740375,1.270113,1.503026,2.025589,1.968283,1.903494,1.868722,1.406298
173,四川省,1992,1.5475,1.377879,1.145429,1.359463,1.312713,1.383465,1.098849,1.253073,1.517401,1.459215,1.762603
174,四川省,1993,1.29462,1.158939,1.432453,0.93356,1.500174,1.161619,0.915422,1.242481,1.337777,1.390844,1.325647
175,四川省,1994,1.08214,0.762575,1.133328,0.975541,1.006198,0.847047,0.987001,0.92652,1.060511,0.911597,0.943196
176,四川省,1995,1.20733,0.899523,0.988287,1.272106,1.13336,1.266021,1.079959,0.942263,1.385028,0.873022,1.30101
177,四川省,1996,1.02688,1.219044,1.05153,0.737389,0.787192,0.962141,0.840908,0.955887,1.049528,0.802914,1.200581
178,四川省,1997,1.11206,1.325619,0.860078,1.281014,0.791119,0.804697,1.170342,0.911955,1.219439,1.064263,0.899367
179,四川省,1998,0.90861,0.841138,0.999935,0.735157,0.918678,0.747042,0.954414,1.056615,0.913299,1.036761,0.791246
180,四川省,1999,0.98711,0.748847,1.169443,0.942083,0.88566,0.768649,1.020913,1.001339,0.751552,1.065985,1.136168
181,四川省,2000,0.82925,0.667737,0.977976,0.809083,0.667571,0.772703,0.67957,0.649999,0.654751,0.703362,0.660323
182,四川省,2001,0.77881,0.85585,0.773927,0.786139,0.906208,0.803662,0.546631,0.866083,0.82511,0.861979,0.807501
183,四川省,2002,0.89136,1.067319,0.637192,0.949231,0.633234,0.799108,0.855567,0.774925,1.05771,0.983112,1.06764
184,四川省,2003,0.77391,0.549192,0.846792,0.823157,0.79015,0.762978,0.69533,0.836259,0.897902,0.774114,0.748219
185,四川省,2004,0.66583,0.547168,0.756466,0.617054,0.47159,0.531947,0.555465,0.514343,0.714339,0.74243,0.500247
186,四川省,2005,0.7678,0.776653,0.559104,0.794865,0.649029,0.852742,0.583444,0.62502,0.674036,0.813469,0.614954
187,四川省,2006,0.71385,0.666647,0.711362,0.750259,0.73207,0.543337,0.804283,0.632817,0.637215,0.738781,0.824435
188,四川省,2007,0.60796,0.675866,0.711846,0.576452,0.552164,0.541488,0.44523,0.493781,0.571455,0.513437,0.505199
189,四川省,2008,0.55071,0.489656,0.449603,0.625936,0.580761,0.537508,0.54725,0.612785,0.528999,0.539485,0.418311
190,四川省,2009,0.57138,0.613198,0.557654,0.42474,0.48934,0.477456,0.426397,0.607267,0.537313,0.451715,0.625374
191,四川省,2010,0.52667,0.452312,0.57383,0.442843,0.564403,0.449268,0.498896,0.619134,0.612619,0.419359,0.558072
192,四川省,2011,0.4921,0.486654,0.555499,0.516057,0.524969,0.505266,0.350004,0.483904,0.474637,0.490532,0.514419
193,四川省,2012,0.48672,0.488846,0.3641,0.420165,0.504367,0.495641,0.431301,0.509371,0.423222,0.571394,0.524941
194,四川省,2013,0.49227,0.538424,0.586548,0.363041,0.3982,0.571588,0.412357,0.492883,0.521903,0.406745,0.561364
195,四川省,2014,0.51309,0.558029,0.537147,0.600595,0.487562,0.572196,0.371055,0.569138,0.585921,0.59567,0.375586
196,四川省,2015,0.565,0.441559,0.522184,0.492742,0.442649,0.445553,0.49329,0.465667,0.490138,0.603623,0.464503
197,四川省,2016,0.43861,0.500275,0.410373,0.338397,0.358924,0.315703,0.392123,0.413079,0.347187,0.378776,0.317125
198,四川省,2017,0.515,0.540575,0.486546,0.385297,0.529085,0.370434,0.399027,0.493133,0.417227,0.432868,0.536841
199,四川省,2018,0.47395,0.44551,0.496924,0.517526,0.374608,0.540622,0.498611,0.342242,0.341986,0.392395,0.465155
200,四川省,2019,0.39321,0.323553,0.326219,0.281696,0.402662,0.325495,0.411088,0.346882,0.354231,0.440909,0.382007
201,四川省,2020,0.37613,0.404368,0.432209,0.348367,0.433525,0.407904,0.317149,0.364409,0.433164,0.417266,0.417544
202,四川省,2021,0.48415,0.369752,0.578366,0.487506,0.514802,0.348909,0.519929,0.513437,0.484417,0.437847,0.455209
203,四川省,2022,0.43214,0.364305,0.506696,0.380511,0.492155,0.39975,0.323502,0.507509,0.42815,0.42019,0.378652
204,四川省,2023,0.38013,0.358858,0.435026,0.273516,0.469508,0.450591,0.127075,0.501581,0.371883,0.402533,0.302095
205,天津市,1990,1.5475,1.620852,1.342379,1.797189,1.542269,1.637147,1.17415,1.484501,1.755422,1.787285,1.56378
206,天津市,1991,1.68364,1.862135,1.312748,1.857438,1.445385,1.763693,1.344232,1.774468,1.545662,1.505743,1.293117
207,天津市,1992,1.5375,1.21012,1.552491,1.426631,1.617804,1.756425,1.263764,1.807577,1.550292,1.159275,1.255015
208,天津市,1993,1.53808,1.520112,1.797274,1.828789,1.192271,1.346863,1.73389,1.182627,1.165432,1.3213,1.765343
209,天津市,1994,1.18464,1.004838,0.831916,0.855277,1.061878,0.991084,1.174064,1.277851,1.01916,1.240748,1.380097
210,天津市,1995,1.31933,1.186569,1.184233,1.188785,1.458034,0.970462,1.321061,1.519489,1.346366,1.063554,1.104427
211,天津市,1996,1.21656,1.433415,1.126367,0.914113,0.938055,0.919685,0.939393,1.139044,0.947727,1.283072,1.238437
212,天津市,1997,1.10206,0.836419,1.023504,1.041887,0.96374,1.235959,1.249603,0.855606,0.809771,0.792182,1.208441
213,天津市,1998,1.02222,0.935875,0.900455,0.726493,0.787765,0.873315,0.939749,1.092827,0.88365,1.155305,0.910043
214,天津市,1999,0.86184,0.992601,0.871003,0.990739,0.833315,0.786879,0.966763,0.688896,0.640504,0.866375,0.946397
215,天津市,2000,0.99325,0.871567,0.709141,1.117486,1.182951,1.029514,0.969273,0.957682,0.84611,1.088523,0.788343
216,天津市,2001,0.925,1.08275,0.807738,0.936775,1.082518,0.723424,1.099659,0.675574,0.807137,0.891756,0.970852
217,天津市,2002,0.69318,0.681308,0.737525,0.63702,0.662779,0.552598,0.656048,0.765176,0.656513,0.721845,0.543475
218,天津市,2003,0.69761,0.710912,0.700009,0.731373,0.621618,0.785731,0.652509,0.679639,0.79323,0.518826,0.643984
219,天津市,2004,0.71104,0.790522,0.612271,0.595789,0.66806,0.532094,0.791944,0.760595,0.576804,0.766745,0.742783
220,天津市,2005,0.6002,0.550545,0.516268,0.495357,0.67265,0.685939,0.46767,0.627677,0.54497,0.676461,0.611064
221,天津市,2006,0.73962,0.850025,0.720592,0.68796,0.61513,0.752329,0.761411,0.604118,0.524417,0.867798,0.616085
222,天津市,2007,0.62833,0.689193,0.714798,0.658122,0.443132,0.625575,0.678587,0.547284,0.735344,0.675464,0.483006
223,天津市,2008,0.65768,0.6376,0.605532,0.612187,0.482605,0.742973,0.766097,0.601263,0.486321,0.499534,0.511733
224,天津市,2009,0.64414,0.7455,0.496547,0.714884,0.502434,0.663005,0.555666,0.57003,0.540767,0.690844,0.58853
225,天津市,2010,0.66267,0.532513,0.507305,0.786095,0.643264,0.52904,0.552472,0.47445,0.632887,0.721194,0.772915
226,天津市,2011,0.51177,0.611253,0.393994,0.476707,0.437674,0.594098,0.451835,0.365253,0.517603,0.590398,0.520438
227,天津市,2012,0.55922,0.560757,0.447666,0.453303,0.613799,0.630956,0.475459,0.503213,0.661813,0.607927,0.489216
228,天津市,2013,0.48606,0.412476,0.396018,0.370928,0.575778,0.527089,0.369494,0.403348,0.516712,0.451108,0.53824
229,天津市,2014,0.51294,0.581921,0.602013,0.417385,0.43223,0.54165,0.54737,0.391938,0.521292,0.50774,0.429768
230,天津市,2015,0.52871,0.543661,0.493449,0.580168,0.565803,0.60349,0.602454,0.373589,0.601153,0.372125,0.468631
231,天津市,2016,0.4275,0.337447,0.318881,0.320843,0.446998,0.3073,0.367612,0.365632,0.387973,0.343778,0.431835
232,天津市,2017,0.52351,0.460462,0.536576,0.432658,0.595157,0.375627,0.521326,0.413147,0.524006,0.598251,0.419701
233,天津市,2018,0.45118,0.535172,0.317241,0.347006,0.474903,0.45917,0.476874,0.515036,0.384788,0.469651,0.429811
234,天津市,2019,0.43962,0.479594,0.429706,0.343682,0.50102,0.490641,0.477769,0.417327,0.496013,0.46917,0.424105
235,天津市,2020,0.39963,0.315648,0.386633,0.472053,0.448587,0.390306,0.328887,0.31809,0.373046,0.426132,0.284533
236,天津市,2021,0.45829,0.352157,0.392867,0.329302,0.53338,0.503219,0.486556,0.355686,0.37416,0.472798,0.510277
237,天津市,2022,0.38333,0.325937,0.364956,0.392728,0.272412,0.430981,0.431698,0.372968,0.447691,0.420842,0.405612
238,天津市,2023,0.30837,0.299717,0.337045,0.456154,0.011444,0.358743,0.37684,0.39025,0.521222,0.368886,0.300947
239,宁夏回族自治区,1990,0.7715,0.890249,0.641117,0.864821,0.654348,0.810245,0.840765,0.756363,0.676112,0.734522,0.681427
240,宁夏回族自治区,1991,0.84727,0.985667,0.99552,0.913521,0.961714,1.001307,0.633582,0.912022,0.856068,0.862659,0.898991
241,宁夏回族自治区,1992,0.50542,0.584692,0.580022,0.597464,0.468997,0.56215,0.419279,0.531941,0.574255,0.413234,0.550177
242,宁夏回族自治区,1993,0.41769,0.36277,0.448831,0.393554,0.451224,0.365414,0.377355,0.439441,0.332921,0.31476,0.427541
243,宁夏回族自治区,1994,0.4975,0.562891,0.379015,0.570304,0.493231,0.579692,0.537643,0.438914,0.458232,0.469172,0.365876
244,宁夏回族自治区,1995,0.34133,0.388485,0.338971,0.26582,0.380777,0.301469,0.361967,0.384167,0.26653,0.335257,0.245828
245,宁夏回族自治区,1996,0.35031,0.419756,0.339839,0.37315,0.372947,0.296193,0.383001,0.358524,0.353291,0.285586,0.273601
246,宁夏回族自治区,1997,0.29441,0.321027,0.272078,0.262986,0.221492,0.333642,0.290555,0.308405,0.245116,0.324504,0.347939
247,宁夏回族自治区,1998,0.32028,0.269245,0.253423,0.345782,0.251345,0.37608,0.319372,0.379164,0.249788,0.380827,0.280865
248,宁夏回族自治区,1999,0.40947,0.380414,0.318788,0.383161,0.324709,0.415534,0.344187,0.426009,0.419826,0.473311,0.457534
249,宁夏回族自治区,2000,0.47,0.355964,0.35681,0.448164,0.471518,0.484124,0.455369,0.470127,0.431695,0.512554,0.34467
250,宁夏回族自治区,2001,0.42286,0.352117,0.499631,0.356815,0.317354,0.478044,0.377692,0.358367,0.391718,0.465642,0.419115
251,宁夏回族自治区,2002,0.2775,0.219064,0.262715,0.311821,0.321703,0.321745,0.233003,0.203158,0.282154,0.235559,0.204953
252,宁夏回族自治区,2003,0.27478,0.224492,0.214867,0.31056,0.193156,0.292446,0.196929,0.2867,0.251682,0.261349,0.322227
253,宁夏回族自治区,2004,0.40583,0.433093,0.32577,0.465316,0.320101,0.462986,0.42216,0.482471,0.308819,0.286741,0.425585
254,宁夏回族自治区,2005,0.203,0.157163,0.169361,0.169556,0.239619,0.237285,0.228625,0.220663,0.146065,0.24225,0.168275
255,宁夏回族自治区,2006,0.32115,0.328968,0.362718,0.297189,0.338361,0.301374,0.372298,0.368858,0.279003,0.382237,0.274179
256,宁夏回族自治区,2007,0.24019,0.247816,0.168298,0.180408,0.27488,0.247439,0.22905,0.221117,0.193673,0.287638,0.173596
257,宁夏回族自治区,2008,0.2825,0.20629,0.308479,0.225791,0.270482,0.313578,0.2398,0.240775,0.284831,0.237811,0.318092
258,宁夏回族自治区,2009,0.17586,0.15896,0.156779,0.135774,0.183463,0.202822,0.150068,0.136974,0.155339,0.191602,0.206254
259,宁夏回族自治区,2010,0.28533,0.286494,0.246727,0.219375,0.237782,0.203828,0.337943,0.300253,0.213403,0.238222,0.301754
260,宁夏回族自治区,2011,0.17339,0.138356,0.125626,0.194405,0.195801,0.134866,0.181436,0.196793,0.170171,0.152293,0.18745
261,宁夏回族自治区,2012,0.23484,0.189296,0.232958,0.183021,0.278748,0.210824,0.215007,0.208412,0.241918,0.236608,0.175663
262,宁夏回族自治区,2013,0.21803,0.170598,0.156236,0.208009,0.211332,0.241954,0.207894,0.211659,0.219181,0.174976,0.163394
263,宁夏回族自治区,2014,0.17662,0.160452,0.131254,0.176196,0.160798,0.186028,0.145904,0.14542,0.195756,0.168852,0.147842
264,宁夏回族自治区,2015,0.20971,0.188334,0.248962,0.21399,0.170772,0.17578,0.147548,0.224107,0.152854,0.168629,0.244074
265,宁夏回族自治区,2016,0.16292,0.177161,0.134196,0.177329,0.125057,0.154089,0.160068,0.145084,0.156987,0.192493,0.147621
266,宁夏回族自治区,2017,0.23473,0.171961,0.250964,0.269212,0.254633,0.232005,0.170883,0.228604,0.2438,0.241932,0.254079
267,宁夏回族自治区,2018,0.24329,0.231025,0.249906,0.181827,0.256485,0.219126,0.213523,0.258285,0.230621,0.217532,0.205375
268,宁夏回族自治区,2019,0.22141,0.225094,0.167494,0.230815,0.215554,0.183604,0.23128,0.201031,0.203447,0.234026,0.191863
269,宁夏回族自治区,2020,0.18325,0.168526,0.192328,0.172651,0.14968,0.183431,0.132459,0.219816,0.185035,0.173519,0.182068
270,宁夏回族自治区,2021,0.1472,0.123211,0.123681,0.124287,0.114739,0.149178,0.162583,0.128523,0.144497,0.117544,0.1258
271,宁夏回族自治区,2022,0.16595,0.19651,0.147473,0.154911,0.181251,0.138178,0.17684,0.173012,0.164095,0.159334,0.119734
272,宁夏回族自治区,2023,0.1847,0.269809,0.171265,0.185535,0.247763,0.127178,0.191097,0.217501,0.183693,0.201124,0.113668
273,安徽省,1990,1.5,1.36377,1.709265,1.43937,1.05561,1.559595,1.590165,1.108995,1.70331,1.686885,1.34673
274,安徽省,1991,1.60046,1.784315,1.48295,1.692593,1.643299,1.305491,1.828584,1.768215,1.30237,1.353233,1.336828
275,安徽省,1992,1.55292,1.706454,1.747078,1.502898,1.100941,1.333241,1.509389,1.102354,1.425749,1.791367,1.7841
276,安徽省,1993,1.20346,0.901273,0.929939,1.08752,1.137958,1.294829,1.36907,1.288583,0.921756,1.02843,1.113732
277,安徽省,1994,1.41536,1.246547,1.063259,1.461271,1.494235,1.667305,1.059536,1.238706,1.206776,1.054625,1.027011
278,安徽省,1995,1.22967,1.117079,1.384482,1.261491,1.308944,0.902133,1.389708,1.39716,1.13754,1.097884,0.897706
279,安徽省,1996,1.01719,0.962982,0.718623,0.958028,0.888758,0.741622,1.034562,0.994718,0.843005,0.745873,0.716589
280,安徽省,1997,1.15,0.931351,0.884465,0.924807,1.135453,1.15015,1.139236,1.156521,1.228396,1.052883,1.151116
281,安徽省,1998,0.83333,0.982958,0.683358,0.830275,0.909708,0.955366,0.60355,0.668266,0.917391,0.834875,0.803975
282,安徽省,1999,0.87026,0.629609,0.744153,0.647737,0.646301,0.722022,0.681651,0.830422,0.908528,0.907919,0.744876
283,安徽省,2000,0.97725,0.805518,1.130903,0.99574,0.725931,1.144555,0.865238,0.980055,1.004418,0.750489,1.023992
284,安徽省,2001,0.94119,0.824868,1.009135,1.080128,1.025718,0.773536,0.880747,1.1222,0.852022,0.908004,1.110585
285,安徽省,2002,0.73068,0.86219,0.665827,0.605436,0.521225,0.761583,0.574097,0.689486,0.70483,0.569362,0.585159
286,安徽省,2003,0.66478,0.579039,0.679634,0.655749,0.546146,0.724554,0.48569,0.706718,0.713006,0.647499,0.680525
287,安徽省,2004,0.63688,0.597561,0.609999,0.667795,0.490241,0.74208,0.702562,0.649638,0.761938,0.734291,0.507507
288,安徽省,2005,0.733,0.612502,0.704977,0.696475,0.681302,0.716405,0.73204,0.562482,0.624677,0.85533,0.716002
289,安徽省,2006,0.59923,0.532752,0.69168,0.632386,0.493023,0.640566,0.639044,0.508142,0.702706,0.648506,0.453822
290,安徽省,2007,0.63648,0.745548,0.455803,0.663194,0.684402,0.594683,0.4598,0.745421,0.610659,0.493266,0.55948
291,安徽省,2008,0.59911,0.522158,0.577845,0.604517,0.440757,0.635473,0.580601,0.702243,0.659108,0.560536,0.577168
292,安徽省,2009,0.60052,0.669108,0.627432,0.457924,0.578538,0.474234,0.678008,0.513532,0.479159,0.656455,0.482714
293,安徽省,2010,0.5385,0.483175,0.624132,0.602727,0.484429,0.428226,0.575156,0.554316,0.41486,0.404467,0.421129
294,安徽省,2011,0.55161,0.491647,0.478877,0.47324,0.632011,0.542258,0.606923,0.515951,0.538115,0.499508,0.637267
295,安徽省,2012,0.55453,0.448438,0.650581,0.410797,0.614842,0.531668,0.634023,0.473653,0.452181,0.541644,0.60323
296,安徽省,2013,0.57591,0.536574,0.477112,0.454041,0.452296,0.633419,0.585815,0.577619,0.612675,0.680172,0.626946
297,安徽省,2014,0.46427,0.455992,0.534151,0.353139,0.450003,0.531212,0.365363,0.478792,0.543626,0.338528,0.343333
298,安徽省,2015,0.54886,0.647821,0.657536,0.644386,0.420858,0.413212,0.468016,0.469388,0.518247,0.601234,0.466682
299,安徽省,2016,0.47847,0.52209,0.506903,0.438309,0.565999,0.548884,0.554267,0.481845,0.454367,0.57063,0.516348
300,安徽省,2017,0.4496,0.366312,0.376005,0.487509,0.477794,0.459796,0.428518,0.39844,0.410665,0.53785,0.385618
301,安徽省,2018,0.51816,0.429491,0.49611,0.455026,0.458896,0.507702,0.588855,0.392069,0.537211,0.578161,0.440756
302,安徽省,2019,0.40256,0.408365,0.287684,0.481873,0.360681,0.406835,0.312366,0.334901,0.448505,0.477473,0.315574
303,安徽省,2020,0.43213,0.333492,0.460736,0.45597,0.369108,0.441118,0.396103,0.367155,0.385875,0.41554,0.3995
304,安徽省,2021,0.45244,0.517758,0.463153,0.341768,0.34332,0.408987,0.383008,0.520748,0.424148,0.403752,0.435341
305,安徽省,2022,0.39786,0.375199,0.45452,0.370894,0.280589,0.370679,0.460523,0.424883,0.454066,0.350409,0.2881
306,安徽省,2023,0.34328,0.23264,0.445887,0.40002,0.217858,0.332371,0.538038,0.329018,0.483984,0.297066,0.140859
307,山东省,1990,2.552,2.046372,2.121911,2.925128,2.113133,2.4342,2.18219,2.53309,2.360906,2.356313,2.290981
308,山东省,1991,2.625,2.212586,3.050303,3.049016,2.739923,2.268551,2.524961,2.018205,2.834554,3.08658,2.931889
309,山东省,1992,2.49042,2.962999,1.988598,2.307073,1.857353,2.180111,1.75938,2.218737,2.871003,2.663127,2.270787
310,山东省,1993,2.155,2.175128,1.579529,2.176054,1.584852,2.202216,2.555119,2.113581,1.729129,1.580585,2.434331
311,山东省,1994,1.82357,1.901875,1.556126,1.74379,1.821711,2.004761,1.330459,1.985413,2.11899,1.286037,2.060891
312,山东省,1995,1.88133,1.940369,1.476583,2.158604,1.773627,1.488379,1.524726,2.120206,1.939955,1.447912,1.576519
313,山东省,1996,1.60125,1.430156,1.335635,1.172019,1.914951,1.587687,1.165966,1.398308,1.231986,1.630329,1.1484
314,山东省,1997,1.50147,1.540885,1.539939,1.304538,1.576184,1.373396,1.76573,1.635147,1.608571,1.286731,1.269494
315,山东省,1998,1.52333,1.547417,1.21041,1.348729,1.155037,1.187986,1.618831,1.669847,1.176668,1.162547,1.165898
316,山东省,1999,1.36053,1.35454,1.177304,1.27484,0.99464,1.066761,1.094829,1.534047,1.10204,1.36439,1.372349
317,山东省,2000,1.34225,1.317955,1.361659,1.391511,1.105746,1.13,0.986916,1.598177,1.298694,1.451455,1.298519
318,山东省,2001,1.28929,1.085643,1.035748,1.46138,1.084612,1.304577,1.508284,0.969027,1.296699,0.902745,1.00777
319,山东省,2002,1.31341,1.321762,0.997429,1.142521,1.292657,1.301286,1.441598,1.234421,1.534942,1.208901,1.009723
320,山东省,2003,1.08913,1.101905,1.256693,0.767172,0.838739,1.231904,0.785992,1.078206,1.038529,0.827608,0.915381
321,山东省,2004,1.11,1.200287,1.171183,0.934676,0.821456,1.224363,0.88215,0.937784,1.002108,1.161371,0.894238
322,山东省,2005,1.053,0.784548,0.886247,1.242456,0.993516,0.843895,1.156963,0.821572,0.777767,1.137956,0.92048
323,山东省,2006,1.01096,1.172868,0.969644,1.185272,0.875705,0.968562,1.019141,0.884774,1.155883,0.847702,0.945927
324,山东省,2007,1.01852,0.927036,1.187675,0.825887,1.095101,0.74689,1.054575,1.158952,1.184762,0.935581,1.187909
325,山东省,2008,0.95821,1.012219,1.127559,0.974714,0.967375,0.943055,1.082006,0.784729,0.802131,1.109066,1.067259
326,山东省,2009,0.9869,0.757226,0.83908,1.004849,0.822865,0.883668,0.698763,0.903563,1.108414,0.958129,1.083554
327,山东省,2010,0.87183,0.92988,0.916619,0.793743,0.870612,0.684659,0.729367,0.832827,0.935302,1.009992,0.872591
328,山东省,2011,0.87484,0.743762,0.994508,0.948842,0.660433,0.893237,0.961973,0.797529,0.728522,0.716283,0.69848
329,山东省,2012,0.91766,0.737704,1.065885,0.985333,0.810198,0.984828,0.993298,0.880252,0.917794,0.720571,0.984149
330,山东省,2013,0.83955,0.75978,0.608872,0.654509,0.99701,0.953899,0.843869,0.804637,0.72938,0.965938,0.763692
331,山东省,2014,0.78765,0.678408,0.908622,0.698895,0.821752,0.773548,0.611789,0.827628,0.655086,0.852084,0.71397
332,山东省,2015,0.786,0.697811,0.88135,0.801854,0.786134,0.694549,0.865724,0.930797,0.809171,0.706339,0.637572
333,山东省,2016,0.82167,0.781011,0.63353,0.918164,0.733839,0.608954,0.678179,0.854,0.975417,0.594854,0.87501
334,山东省,2017,0.76851,0.913855,0.542294,0.57554,0.650778,0.57292,0.770328,0.623872,0.743445,0.738972,0.630443
335,山东省,2018,0.70934,0.516876,0.511074,0.523246,0.735417,0.651254,0.620908,0.710832,0.780191,0.652091,0.506754
336,山东省,2019,0.67692,0.484704,0.556275,0.539034,0.662863,0.609671,0.47828,0.687645,0.756536,0.714553,0.771604
337,山东省,2020,0.67688,0.800452,0.806118,0.577476,0.721488,0.686162,0.745937,0.653645,0.705825,0.486091,0.645218
338,山东省,2021,0.70451,0.574156,0.78031,0.79898,0.556121,0.838313,0.635829,0.736673,0.691232,0.836538,0.780148
339,山东省,2022,0.65905,0.764944,0.578974,0.76526,0.67043,0.586289,0.752679,0.772042,0.527693,0.580153,0.557772
340,山东省,2023,0.61359,0.955732,0.377638,0.73154,0.784739,0.334265,0.869529,0.807411,0.364154,0.323768,0.335396
341,山西省,1990,1.862,2.068794,2.107505,2.18137,1.600873,1.636772,1.899799,2.153422,2.171855,1.801727,2.012803
342,山西省,1991,1.81318,1.332072,1.84426,1.507625,1.444163,1.587858,1.802956,1.830135,1.34937,1.756049,2.118739
343,山西省,1992,1.43375,1.369303,1.339897,1.433306,1.344843,1.65525,1.477823,1.320183,1.578229,1.184263,1.608366
344,山西省,1993,1.23154,1.32745,1.304408,1.365788,0.881757,1.010083,1.026893,1.120527,0.962693,1.354643,1.307031
345,山西省,1994,1.35607,1.499815,1.249769,1.264753,1.068042,1.603052,1.129078,1.387993,1.09938,1.348165,1.282409
346,山西省,1995,1.11033,1.330146,1.058847,0.77891,0.814585,1.103671,1.172767,1.313502,0.932991,0.9992,0.820392
347,山西省,1996,1.07688,1.127251,1.101988,1.275418,0.833512,1.145989,1.163973,1.254236,1.133896,0.883662,0.851604
348,山西省,1997,1.02529,1.035701,1.222499,0.777316,1.193022,0.936339,0.940092,0.80058,0.783314,0.761537,0.722822
349,山西省,1998,0.84639,0.962158,0.634639,0.81393,0.848158,0.811171,0.735842,0.649451,0.879026,0.861379,0.867473
350,山西省,1999,1.03263,0.959202,0.732012,1.008303,0.744424,0.839447,0.783964,0.932405,0.748545,1.229307,0.925558
351,山西省,2000,0.913,0.794347,0.807275,0.741301,1.027317,1.042482,1.00399,1.024861,0.79704,0.823626,1.003086
352,山西省,2001,0.72643,0.71477,0.704854,0.605297,0.819557,0.550582,0.798789,0.604186,0.662474,0.550401,0.645163
353,山西省,2002,0.90818,0.82195,0.787185,0.800817,0.981581,0.898592,0.915529,0.898219,0.987802,1.076305,1.004631
354,山西省,2003,0.73913,0.741621,0.755228,0.713741,0.739766,0.587032,0.656998,0.557311,0.771984,0.587978,0.583026
355,山西省,2004,0.70292,0.833737,0.596228,0.628316,0.530688,0.818076,0.677106,0.716821,0.649404,0.573306,0.521431
356,山西省,2005,0.7136,0.706186,0.523675,0.623615,0.550657,0.796849,0.642882,0.741373,0.582126,0.669835,0.5647
357,山西省,2006,0.57789,0.481476,0.476258,0.671248,0.531943,0.536705,0.635067,0.601422,0.564923,0.447699,0.667469
358,山西省,2007,0.6287,0.488333,0.502548,0.466712,0.462569,0.729787,0.63772,0.619795,0.653343,0.470321,0.521391
359,山西省,2008,0.71107,0.553284,0.529357,0.712202,0.846352,0.632597,0.600876,0.527394,0.564128,0.501867,0.585475
360,山西省,2009,0.65121,0.656176,0.623361,0.509107,0.461595,0.77971,0.763338,0.644565,0.489356,0.694962,0.599495
361,山西省,2010,0.55,0.63255,0.571659,0.520597,0.562309,0.650205,0.617557,0.523908,0.391809,0.490485,0.470168
362,山西省,2011,0.56387,0.51531,0.398115,0.539692,0.545145,0.669501,0.595064,0.65687,0.545771,0.654728,0.474881
363,山西省,2012,0.58453,0.608,0.443548,0.42406,0.687794,0.420938,0.655043,0.472161,0.492695,0.420319,0.598548
364,山西省,2013,0.46955,0.447866,0.493928,0.331593,0.529323,0.445598,0.471062,0.46215,0.423112,0.455614,0.418468
365,山西省,2014,0.52824,0.478269,0.474366,0.549047,0.437241,0.417665,0.4591,0.560484,0.544584,0.425166,0.548382
366,山西省,2015,0.52786,0.59888,0.471915,0.535785,0.473593,0.508659,0.456712,0.577333,0.569083,0.452754,0.518356
367,山西省,2016,0.55278,0.655578,0.409929,0.491624,0.388332,0.530717,0.493913,0.527052,0.405457,0.626508,0.646966
368,山西省,2017,0.50919,0.468581,0.540188,0.579157,0.555342,0.460088,0.609779,0.542948,0.460709,0.550092,0.610044
369,山西省,2018,0.40329,0.306609,0.36123,0.421623,0.304907,0.371469,0.402353,0.439206,0.370171,0.366602,0.441359
370,山西省,2019,0.45487,0.35435,0.324633,0.465252,0.488041,0.414407,0.453503,0.493759,0.470483,0.381478,0.486627
371,山西省,2020,0.461,0.496645,0.408206,0.366578,0.393284,0.459566,0.534977,0.547912,0.506353,0.470054,0.514665
372,山西省,2021,0.38585,0.457218,0.391985,0.353855,0.429834,0.41891,0.455574,0.338699,0.307387,0.432589,0.338676
373,山西省,2022,0.36702,0.280755,0.291263,0.278355,0.296548,0.277555,0.412124,0.259266,0.344294,0.410469,0.310245
374,山西省,2023,0.34819,0.104292,0.190541,0.202855,0.163262,0.1362,0.368674,0.179833,0.381201,0.388349,0.281814
375,广东省,1990,3.659,2.952923,3.105247,3.296174,3.943524,3.000709,3.497565,3.15168,3.85289,4.05988,3.812239
376,广东省,1991,3.60318,4.201743,3.635394,2.610541,3.752894,4.034123,3.213894,2.890328,4.31654,3.586715,2.64751
377,广东省,1992,3.11875,3.65293,3.219205,2.255293,3.573121,2.976691,2.305006,2.689329,3.725565,2.54883,2.425046
378,广东省,1993,2.88923,3.149695,2.02798,3.417902,2.856323,2.383096,3.181043,3.057269,2.292663,2.504097,3.367052
379,广东省,1994,2.56786,2.042628,2.810442,2.821946,2.965541,2.827159,2.427934,2.307682,1.848215,2.040316,3.076241
380,广东省,1995,2.437,1.776256,2.010354,2.206509,2.365523,2.002824,2.790048,2.740333,1.928422,2.92362,2.749521
381,广东省,1996,2.49688,2.810532,2.149085,2.635601,2.448436,2.359447,1.931982,1.953505,2.342568,2.12524,2.904814
382,广东省,1997,2.14471,2.141017,2.457254,1.551845,2.409041,1.905443,1.784846,2.455581,2.120664,1.859503,1.512382
383,广东省,1998,2.16083,1.83781,1.637566,2.031594,1.62043,2.124855,2.226522,2.513092,2.16738,2.176175,2.555747
384,广东省,1999,1.92816,1.592215,1.696702,1.84328,1.920156,1.950717,2.211829,1.723908,1.462296,2.110755,1.45441
385,广东省,2000,1.82425,1.4895,2.173922,2.005234,1.41228,1.361109,1.431307,1.911796,1.385974,1.984675,2.134354
386,广东省,2001,1.82476,1.49459,1.766242,1.630753,2.039153,1.722393,1.759034,1.61559,1.654639,1.514115,2.053478
387,广东省,2002,1.72591,1.385732,1.715191,1.814983,1.275965,1.37303,1.819005,1.600608,1.56968,1.533677,1.968831
388,广东省,2003,1.60326,1.217308,1.439231,1.279082,1.414429,1.124431,1.569176,1.629506,1.184104,1.44146,1.338659
389,广东省,2004,1.49021,1.394298,1.732277,1.144867,1.753334,1.333125,1.24571,1.60175,1.283978,1.110384,1.201972
390,广东省,2005,1.5574,1.747122,1.215738,1.610959,1.422685,1.228539,1.366603,1.11759,1.821784,1.434677,1.848291
391,广东省,2006,1.51981,1.794301,1.723629,1.392722,1.493637,1.787537,1.266775,1.53683,1.534049,1.618124,1.311822
392,广东省,2007,1.48093,1.091531,1.579881,1.655512,1.109332,1.685131,1.525058,1.637578,1.212923,1.230798,1.2042
393,广东省,2008,1.40536,1.684826,1.356746,1.137904,1.489383,1.108995,1.681931,1.280421,1.14233,1.162413,1.378346
394,广东省,2009,1.28466,1.081281,1.315512,1.378422,1.432917,1.241247,1.460036,1.470622,0.996918,1.000592,1.39281
395,广东省,2010,1.30867,1.355504,1.350217,1.144848,0.968505,1.525487,1.525866,1.364089,0.960732,0.992833,1.127482
396,广东省,2011,1.15484,1.102686,1.337742,0.890196,1.169517,1.275912,1.263128,1.054668,1.23204,1.267517,0.919159
397,广东省,2012,1.13734,0.799746,0.846377,1.320627,0.879212,1.207439,0.989569,1.237965,0.905508,1.299518,0.840998
398,广东省,2013,1.20924,1.227526,1.41884,1.022342,1.425019,1.432698,1.310734,1.074085,1.005098,1.312136,1.418405
399,广东省,2014,1.03662,1.042931,1.058708,1.022955,1.008204,0.943105,0.924684,1.157332,1.207256,1.100888,0.924674
400,广东省,2015,1.13686,0.983256,0.940965,1.183798,0.841274,1.059949,0.830224,1.263594,0.986508,0.878029,1.330941
401,广东省,2016,0.99236,0.870866,0.943467,0.819373,1.073883,1.066669,1.183956,0.763652,0.805748,0.944906,0.744102
402,广东省,2017,0.9777,1.12255,1.009302,1.102722,1.015433,0.824712,1.057259,0.763136,0.808648,0.798089,1.066918
403,广东省,2018,0.95026,0.876019,0.853479,0.952838,0.984834,0.668786,0.770872,0.725877,1.067706,0.773239,1.077874
404,广东省,2019,1.00051,1.044856,0.814898,0.70258,1.162526,1.137673,0.794637,0.773777,0.767133,0.783962,1.157574
405,广东省,2020,0.92325,0.815045,0.785446,0.828091,0.852372,0.820077,1.073943,0.883301,0.81871,0.934061,0.935141
406,广东省,2021,0.86354,0.743428,0.947956,0.643784,0.701313,0.951747,0.972446,0.610288,0.809031,0.799178,0.955322
407,广东省,2022,0.89631,0.675325,0.88153,0.717962,0.689513,0.650927,0.74573,1.067586,0.628708,0.747845,0.979084
408,广东省,2023,0.92908,0.607222,0.815104,0.79214,0.677713,0.350107,0.519014,1.524884,0.448385,0.696512,1.002846
409,广西壮族自治区,1990,2.642,2.158461,2.741709,2.756214,2.814549,2.376505,2.220997,2.30171,2.268104,2.612568,2.599358
410,广西壮族自治区,1991,2.63136,3.071933,2.277235,1.935105,2.610787,1.959814,2.39162,2.319047,2.322494,2.07962,2.435801
411,广西壮族自治区,1992,2.12625,1.57553,1.498794,2.384547,2.234497,2.221506,2.363369,2.092825,2.419332,1.622711,2.406617
412,广西壮族自治区,1993,2.24308,2.508276,2.080992,2.676866,2.263085,2.329458,2.277822,2.310257,2.529406,2.324142,2.36214
413,广西壮族自治区,1994,1.95429,1.469467,1.481134,1.378768,1.767359,1.734429,1.664465,2.035623,2.26236,2.09777,1.888094
414,广西壮族自治区,1995,1.99967,1.785683,2.292458,1.56394,2.112148,1.85925,1.700277,2.393741,1.98221,2.28094,1.529025
415,广西壮族自治区,1996,1.66344,1.329453,1.321086,1.654788,1.3738,1.426581,1.582229,1.862901,1.855948,1.831728,1.346836
416,广西壮族自治区,1997,1.49735,1.451519,1.067208,1.485763,1.320546,1.63198,1.677979,1.636517,1.555181,1.270983,1.786941
417,广西壮族自治区,1998,1.6375,1.960612,1.473308,1.566891,1.751683,1.487112,1.707307,1.323215,1.595678,1.633865,1.419647
418,广西壮族自治区,1999,1.47053,1.154231,1.626196,1.193626,1.553699,1.519686,1.700075,1.269976,1.133893,1.098659,1.344855
419,广西壮族自治区,2000,1.33225,0.974448,0.936705,1.507041,1.314225,1.574413,1.048348,1.048521,1.460173,1.357096,1.091033
420,广西壮族自治区,2001,1.38119,1.514848,1.386508,1.161125,1.310307,1.272242,1.166291,1.476119,1.64903,1.608534,1.176857
421,广西壮族自治区,2002,1.21705,1.044529,1.058975,1.459992,1.144181,1.41389,1.418941,1.121191,1.222132,1.31066,1.124659
422,广西壮族自治区,2003,1.13652,1.178232,0.864189,1.01313,1.058682,0.796747,0.849539,1.132771,0.815739,0.960429,0.811806
423,广西壮族自治区,2004,1.18167,1.155647,0.899568,1.38183,1.182754,0.932312,1.276023,0.82725,0.917895,0.853707,1.11417
424,广西壮族自治区,2005,1.0916,0.805426,0.925895,0.998879,1.072202,1.247022,1.298993,1.252818,0.801125,1.236248,0.783998
425,广西壮族自治区,2006,1.08577,0.912274,1.182945,1.190578,1.094162,1.144531,1.209764,0.975998,0.838279,1.12528,1.272521
426,广西壮族自治区,2007,1.04296,0.738355,0.752383,0.960913,1.144464,1.163988,1.159577,1.069058,0.794081,1.049482,0.936602
427,广西壮族自治区,2008,0.93036,1.075874,0.738499,0.970781,0.707164,0.937632,0.850942,0.896864,0.956146,0.840847,0.837321
428,广西壮族自治区,2009,0.98293,1.100509,0.941982,0.693232,0.856015,0.78605,0.955596,0.712055,0.992839,0.858286,1.164744
429,广西壮族自治区,2010,0.884,0.966256,0.691403,0.967653,0.951706,0.740491,0.671999,0.625854,0.789845,0.708164,0.702692
430,广西壮族自治区,2011,0.86403,0.704186,1.011704,0.917887,0.702398,0.865916,0.646417,0.648957,0.61526,0.844842,0.647843
431,广西壮族自治区,2012,0.78313,0.749709,0.741768,0.566333,0.600445,0.924471,0.729622,0.720311,0.811905,0.868078,0.821036
432,广西壮族自治区,2013,0.88773,0.949548,1.023185,0.626256,0.659457,0.627303,1.023283,0.785079,0.775669,0.945314,0.985333
433,广西壮族自治区,2014,0.76015,0.535782,0.776923,0.625548,0.612519,0.545071,0.610132,0.669249,0.764214,0.647258,0.570262
434,广西壮族自治区,2015,0.82514,0.841893,0.774809,0.756384,0.954765,0.739782,0.766137,0.920893,0.624229,0.951448,0.635773
435,广西壮族自治区,2016,0.75167,0.901016,0.809816,0.526618,0.728456,0.880315,0.572605,0.575348,0.870829,0.773774,0.698614
436,广西壮族自治区,2017,0.74324,0.599805,0.723287,0.877532,0.64463,0.854566,0.816148,0.889989,0.826434,0.676842,0.73176
437,广西壮族自治区,2018,0.71158,0.510814,0.586462,0.631697,0.610151,0.567612,0.808261,0.618754,0.726956,0.756131,0.774504
438,广西壮族自治区,2019,0.64205,0.573486,0.625826,0.509872,0.452421,0.669852,0.642757,0.549095,0.550989,0.617422,0.674449
439,广西壮族自治区,2020,0.66713,0.545615,0.628192,0.513133,0.518343,0.736866,0.493766,0.714978,0.482732,0.55813,0.774299
440,广西壮族自治区,2021,0.66976,0.655504,0.481675,0.477114,0.523133,0.789555,0.568268,0.496383,0.621627,0.523843,0.761479
441,广西壮族自治区,2022,0.60571,0.700763,0.586271,0.455043,0.649604,0.616356,0.558541,0.649665,0.715391,0.493493,0.440845
442,广西壮族自治区,2023,0.54166,0.746022,0.690867,0.432972,0.776075,0.443157,0.548814,0.802947,0.809155,0.463143,0.120211
443,新疆维吾尔自治区,1990,0.773,0.915101,0.831787,0.756396,0.851506,0.720181,0.655628,0.65586,0.927422,0.797535,0.849048
444,新疆维吾尔自治区,1991,0.83955,0.700995,0.907783,0.667338,0.834684,0.925691,0.665088,1.000267,0.953706,0.7298,0.765833
445,新疆维吾尔自治区,1992,0.43167,0.367634,0.448873,0.488587,0.475248,0.424782,0.481127,0.459617,0.430778,0.481788,0.451852
446,新疆维吾尔自治区,1993,0.67385,0.774667,0.766493,0.492076,0.585013,0.762679,0.53058,0.570202,0.542823,0.713643,0.618867
447,新疆维吾尔自治区,1994,0.69036,0.65693,0.663488,0.67588,0.75338,0.541164,0.554605,0.801815,0.803078,0.827855,0.725206
448,新疆维吾尔自治区,1995,0.39,0.38734,0.274786,0.354327,0.401384,0.353519,0.395421,0.39259,0.39273,0.419823,0.467828
449,新疆维吾尔自治区,1996,0.35344,0.372043,0.261353,0.403032,0.31093,0.339032,0.422747,0.316475,0.316981,0.275053,0.367501
450,新疆维吾尔自治区,1997,0.52324,0.485201,0.539874,0.424244,0.392578,0.48258,0.548246,0.515339,0.4148,0.605613,0.519426
451,新疆维吾尔自治区,1998,0.35917,0.319325,0.256032,0.277791,0.312235,0.412489,0.405298,0.344466,0.400349,0.360259,0.354178
452,新疆维吾尔自治区,1999,0.41553,0.482999,0.481582,0.391721,0.458043,0.470936,0.314437,0.382691,0.378486,0.337694,0.332599
453,新疆维吾尔自治区,2000,0.4125,0.451246,0.491118,0.460037,0.388439,0.456332,0.311916,0.449175,0.49241,0.483801,0.420366
454,新疆维吾尔自治区,2001,0.29048,0.23453,0.327936,0.261013,0.290926,0.288399,0.233246,0.315968,0.233644,0.297142,0.248653
455,新疆维吾尔自治区,2002,0.22727,0.222107,0.160566,0.20195,0.245866,0.186957,0.221171,0.242496,0.228775,0.16435,0.18123
456,新疆维吾尔自治区,2003,0.32239,0.327195,0.247938,0.314937,0.356071,0.27684,0.242644,0.375308,0.272701,0.263206,0.369544
457,新疆维吾尔自治区,2004,0.39938,0.336777,0.448802,0.418198,0.388812,0.426221,0.373955,0.423338,0.466578,0.341314,0.301979
458,新疆维吾尔自治区,2005,0.3056,0.333938,0.344808,0.321366,0.291518,0.265466,0.309304,0.303556,0.237558,0.242625,0.276204
459,新疆维吾尔自治区,2006,0.19404,0.20614,0.188648,0.153571,0.208682,0.184637,0.221089,0.2096,0.213358,0.193677,0.180316
460,新疆维吾尔自治区,2007,0.24,0.279528,0.248537,0.218875,0.268966,0.195142,0.200736,0.280394,0.183718,0.189094,0.197479
461,新疆维吾尔自治区,2008,0.35571,0.320847,0.380674,0.412045,0.335541,0.267899,0.279883,0.375182,0.291728,0.3139,0.3432
462,新疆维吾尔自治区,2009,0.28172,0.331257,0.27101,0.32225,0.262696,0.222959,0.220573,0.30256,0.205425,0.245939,0.283212
463,新疆维吾尔自治区,2010,0.31283,0.29666,0.22004,0.287991,0.349804,0.294051,0.223294,0.268292,0.305594,0.28099,0.276241
464,新疆维吾尔自治区,2011,0.17839,0.200104,0.145052,0.192135,0.131562,0.205812,0.134343,0.137643,0.164011,0.196179,0.199924
465,新疆维吾尔自治区,2012,0.19703,0.197488,0.154285,0.182636,0.161256,0.16017,0.22591,0.216484,0.172109,0.16747,0.185052
466,新疆维吾尔自治区,2013,0.25152,0.267828,0.255449,0.253834,0.18021,0.286435,0.26516,0.257124,0.263656,0.232684,0.234337
467,新疆维吾尔自治区,2014,0.18132,0.166769,0.18593,0.189494,0.154651,0.183424,0.186546,0.192149,0.152113,0.169527,0.196057
468,新疆维吾尔自治区,2015,0.27157,0.259877,0.305249,0.260896,0.208662,0.257808,0.198024,0.228633,0.254872,0.192921,0.262769
469,新疆维吾尔自治区,2016,0.20153,0.157494,0.239127,0.203912,0.19125,0.204156,0.19464,0.230006,0.196772,0.22025,0.163574
470,新疆维吾尔自治区,2017,0.17784,0.20536,0.141632,0.130448,0.203861,0.168,0.143385,0.196372,0.152516,0.161964,0.203982
471,新疆维吾尔自治区,2018,0.15737,0.187583,0.113561,0.127873,0.114307,0.142975,0.123981,0.181511,0.135359,0.180366,0.159655
472,新疆维吾尔自治区,2019,0.19872,0.143232,0.233287,0.19958,0.177513,0.221994,0.193788,0.160715,0.202845,0.168582,0.166273
473,新疆维吾尔自治区,2020,0.13713,0.164166,0.153241,0.117182,0.157872,0.096196,0.133711,0.140129,0.126388,0.155433,0.101686
474,新疆维吾尔自治区,2021,0.20073,0.234258,0.182206,0.146729,0.203747,0.151719,0.195794,0.200957,0.180179,0.171642,0.173571
475,新疆维吾尔自治区,2022,0.19417,0.141008,0.21039,0.195883,0.164168,0.207539,0.170692,0.155386,0.156021,0.196703,0.152726
476,新疆维吾尔自治区,2023,0.18761,0.047758,0.238574,0.245037,0.124589,0.263359,0.14559,0.109815,0.131863,0.221764,0.131881
477,江苏省,1990,3.8875,2.765956,4.293044,4.466932,3.138768,3.037382,4.204565,4.413712,3.059501,3.959535,3.421505
478,江苏省,1991,3.23773,3.072732,3.781179,2.789075,3.690523,2.508591,2.550778,2.629164,2.284087,3.58044,2.509368
479,江苏省,1992,3.30833,3.138152,2.801364,3.008003,3.128624,2.760705,2.946964,3.202533,3.417045,2.740755,2.417366
480,江苏省,1993,2.76,2.436914,2.608807,2.86085,2.907467,3.118441,2.997029,3.23461,1.94166,2.52184,1.989546
481,江苏省,1994,2.63286,2.350509,2.036936,2.164366,2.280949,2.085144,2.485101,2.600526,2.582569,1.910533,2.435919
482,江苏省,1995,2.616,2.900412,3.106814,2.755694,2.132616,2.410958,2.584163,3.0101,2.025909,2.087673,2.75784
483,江苏省,1996,2.27219,1.773465,2.000457,2.244081,2.098479,2.056557,2.592567,2.04297,1.902548,2.569004,2.013113
484,江苏省,1997,2.24294,2.566396,1.6443,1.6275,1.824027,2.671971,1.644681,1.841051,2.567741,2.156206,2.228766
485,江苏省,1998,2.08222,1.870169,1.533223,2.127302,2.154746,1.830002,2.12143,1.762018,2.007762,1.983545,2.228519
486,江苏省,1999,1.87158,1.746913,2.113836,1.68487,1.623576,2.134592,1.759097,1.708808,1.864093,1.383471,1.93074
487,江苏省,2000,1.85175,2.155363,1.436365,1.707999,1.927005,2.16114,1.58532,1.987409,2.168399,1.79305,1.919339
488,江苏省,2001,1.68571,1.754542,1.654967,1.29596,1.747495,1.20505,1.406813,1.19888,1.469049,1.662316,1.7612
489,江苏省,2002,1.69205,1.523027,1.566648,1.631368,1.861419,1.866596,1.989726,1.88438,1.414719,1.638052,1.870167
490,江苏省,2003,1.72087,1.707809,1.637597,1.55133,1.720767,2.041537,1.2509,1.648284,2.060312,1.898395,1.893267
491,江苏省,2004,1.54229,1.555016,1.10149,1.464314,1.696783,1.614641,1.239031,1.682641,1.249935,1.419063,1.186254
492,江苏省,2005,1.4144,1.321191,1.355222,1.687294,1.097419,1.448077,1.557254,1.517566,1.663433,1.346099,1.173301
493,江苏省,2006,1.51481,1.583898,1.088723,1.106416,1.176642,1.507734,1.700175,1.743014,1.389518,1.214694,1.637462
494,江苏省,2007,1.35315,1.620909,1.065523,1.334014,1.225113,1.011356,1.023237,1.287683,1.562521,1.115481,1.125034
495,江苏省,2008,1.37589,1.317844,1.055255,1.628246,1.253645,1.238524,0.966702,1.536047,1.563125,1.043697,1.113029
496,江苏省,2009,1.36621,1.076872,1.639148,1.32406,1.39058,1.368857,1.441307,1.284453,1.362587,1.345509,1.272717
497,江苏省,2010,1.219,1.158172,1.052009,1.225497,0.893369,1.443454,1.249536,0.859322,1.449976,1.426754,1.358332
498,江苏省,2011,1.27242,1.301786,1.230404,1.293974,1.233241,1.51129,1.027478,0.98825,1.054759,1.413785,1.498655
499,江苏省,2012,1.18828,1.210229,0.886101,1.346441,1.228944,1.174758,1.357112,1.023942,0.925314,1.087634,1.307988
500,江苏省,2013,1.11303,0.952052,0.96168,1.240004,0.95163,0.99654,0.830242,0.950283,0.81289,1.28851,1.019246
501,江苏省,2014,1.11794,1.067522,1.151423,1.281485,1.146862,0.963095,1.301809,1.297751,1.199562,1.265129,0.891066
502,江苏省,2015,1.02586,1.187604,1.121426,1.046856,1.193923,0.756539,0.895665,0.893911,0.931581,0.797994,0.900528
503,江苏省,2016,1.0625,0.91103,0.789788,1.097934,0.765096,0.940089,1.102609,0.745057,0.855674,1.120449,1.022986
504,江苏省,2017,1.05378,1.116157,1.022729,1.21104,1.020263,0.909848,1.03803,1.238144,0.883461,1.149057,1.065903
505,江苏省,2018,0.96513,0.869169,1.019315,0.705396,0.950906,0.877498,1.031716,0.827581,0.771498,0.940174,1.151808
506,江苏省,2019,0.98372,0.776901,1.097701,0.888386,1.118546,1.149838,0.996083,0.745757,1.059159,0.746898,0.689822
507,江苏省,2020,0.93488,0.985966,1.119373,0.768944,0.816352,0.955788,1.054717,0.821933,0.795046,0.814931,0.704082
508,江苏省,2021,0.88085,1.026274,0.978074,0.802934,0.898542,0.638919,0.687797,0.82011,0.913463,0.674505,0.692985
509,江苏省,2022,0.91821,0.695015,0.859476,1.05759,0.781409,0.71224,1.022018,0.990707,0.795449,0.876775,0.907195
510,江苏省,2023,0.95557,0.363756,0.740878,1.312246,0.664276,0.785561,1.356239,1.161304,0.677435,1.079045,1.121405
511,江西省,1990,1.874,1.852655,1.691154,1.424802,2.11599,1.587259,1.370719,2.040655,1.909587,2.130513,1.549086
512,江西省,1991,1.42455,1.167856,1.526514,1.696448,1.006683,1.57455,1.555119,1.662458,1.343845,1.550047,1.261178
513,江西省,1992,1.53625,1.590464,1.084255,1.419495,1.11968,1.165015,1.698816,1.255439,1.713656,1.294168,1.560968
514,江西省,1993,1.52308,1.812035,1.742537,1.736902,1.69092,1.261961,1.147166,1.593245,1.482213,1.073008,1.254665
515,江西省,1994,1.08429,0.96496,1.287026,1.122475,0.819091,1.21607,1.139964,0.765604,1.08936,1.082735,1.09154
516,江西省,1995,1.169,0.892987,1.009677,1.007281,1.301226,0.864709,1.184688,0.968926,1.014213,0.894998,0.992306
517,江西省,1996,0.99313,0.795404,0.81183,1.13686,0.868885,0.744079,0.914936,1.015719,0.954939,1.128548,0.840005
518,江西省,1997,1.02206,1.184106,1.202514,1.001076,0.891021,1.175746,0.954174,1.218581,0.871683,0.846766,0.882487
519,江西省,1998,1.10611,1.165642,1.111675,0.879756,0.891017,0.922508,1.179181,1.278321,0.980578,1.299183,0.828101
520,江西省,1999,0.96974,0.968496,1.082886,1.080064,0.726032,0.966178,0.718022,0.854154,1.154094,0.961717,0.852176
521,江西省,2000,0.94375,1.106349,0.736134,0.665957,1.056188,1.028848,0.775734,0.971543,0.892108,0.957416,0.883454
522,江西省,2001,0.88048,0.639736,0.650865,0.873353,0.837711,0.683989,0.641242,0.908237,0.97636,1.020569,1.054537
523,江西省,2002,0.74023,0.597756,0.747585,0.792598,0.620096,0.584113,0.858671,0.6832,0.615069,0.638712,0.527604
524,江西省,2003,0.76935,0.601622,0.865747,0.86267,0.872825,0.596906,0.683627,0.569902,0.613193,0.710893,0.566109
525,江西省,2004,0.72375,0.556535,0.809247,0.605547,0.555883,0.789018,0.627585,0.559415,0.577466,0.810216,0.715731
526,江西省,2005,0.6196,0.546537,0.679026,0.439823,0.650667,0.443696,0.700613,0.600039,0.624755,0.60626,0.444433
527,江西省,2006,0.73173,0.812836,0.784921,0.796357,0.803353,0.677905,0.585414,0.527,0.569601,0.689356,0.512665
528,江西省,2007,0.6687,0.513444,0.801007,0.668356,0.704526,0.678628,0.559765,0.564079,0.722327,0.728272,0.493497
529,江西省,2008,0.61607,0.631214,0.647706,0.557649,0.613829,0.503965,0.702937,0.734578,0.550016,0.432987,0.582896
530,江西省,2009,0.58724,0.423242,0.700966,0.442903,0.618793,0.519186,0.583847,0.504317,0.664921,0.659754,0.455952
531,江西省,2010,0.5915,0.446713,0.573264,0.703335,0.540874,0.65925,0.629208,0.583503,0.604004,0.662823,0.458312
532,江西省,2011,0.64113,0.676064,0.643463,0.709044,0.654817,0.643174,0.696567,0.617837,0.472672,0.690227,0.748441
533,江西省,2012,0.61516,0.490544,0.605424,0.69258,0.713802,0.669499,0.493964,0.444579,0.703173,0.5339,0.687055
534,江西省,2013,0.53546,0.417799,0.503055,0.428567,0.460754,0.551749,0.55478,0.556584,0.387841,0.547364,0.385292
535,江西省,2014,0.55794,0.397354,0.552668,0.461685,0.639339,0.408167,0.610705,0.451849,0.623823,0.535674,0.438285
536,江西省,2015,0.55686,0.461584,0.58779,0.419703,0.425383,0.553488,0.431536,0.398921,0.647925,0.658567,0.605192
537,江西省,2016,0.55417,0.532926,0.65359,0.620556,0.622463,0.548659,0.445761,0.509119,0.628287,0.642945,0.459166
538,江西省,2017,0.42595,0.338755,0.360474,0.423446,0.344888,0.345983,0.341932,0.318135,0.442025,0.306255,0.415481
539,江西省,2018,0.47013,0.501734,0.345124,0.517568,0.557055,0.360474,0.453959,0.553924,0.487593,0.533675,0.447608
540,江西省,2019,0.48731,0.400811,0.402117,0.463235,0.540824,0.506839,0.343986,0.434879,0.479584,0.350949,0.430137
541,江西省,2020,0.45938,0.416483,0.415068,0.533578,0.391865,0.366581,0.390097,0.508092,0.46836,0.476092,0.34121
542,江西省,2021,0.42902,0.399704,0.510122,0.427162,0.367395,0.510998,0.342554,0.325132,0.397117,0.364816,0.384551
543,江西省,2022,0.41845,0.45728,0.442513,0.496933,0.497238,0.443116,0.437508,0.485358,0.340545,0.349679,0.354592
544,江西省,2023,0.40788,0.514856,0.374904,0.566704,0.627081,0.375234,0.532462,0.645584,0.283973,0.334542,0.324633
545,河北省,1990,2.5355,1.847492,2.308623,2.848229,2.365951,2.0498,2.662884,1.951524,1.80591,1.819906,2.807356
546,河北省,1991,2.29409,1.649084,2.500605,2.727743,2.315655,2.681976,2.02972,1.93034,2.305355,2.513842,2.588538
547,河北省,1992,2.37917,1.666392,2.84822,2.781127,2.396606,2.518396,1.808786,2.588153,2.193544,2.23675,2.48416
548,河北省,1993,2.20692,2.07731,1.784165,2.470849,2.183927,1.768871,2.222438,2.081173,1.887096,2.328061,2.100616
549,河北省,1994,2.08643,1.632005,1.471308,2.195883,1.510616,1.71469,2.420884,1.722159,1.972176,1.586187,1.569474
550,河北省,1995,1.93433,2.295376,2.2175,2.164847,2.09525,2.171076,2.14709,1.589248,1.914796,2.096256,2.251583
551,河北省,1996,1.80688,1.849861,1.873838,1.740743,1.833906,1.394618,1.522057,1.485992,1.972493,2.065656,1.780296
552,河北省,1997,1.48029,1.663125,1.571732,1.473973,1.340673,1.06741,1.201362,1.151758,1.666367,1.131196,1.060897
553,河北省,1998,1.43167,1.603997,1.120494,1.100322,1.280841,1.468561,1.087552,1.587361,1.089098,1.672903,1.654978
554,河北省,1999,1.45053,1.671195,1.12745,1.323895,1.375302,1.475736,1.133673,1.499858,1.524677,1.51081,1.238024
555,河北省,2000,1.3585,1.258963,0.979669,1.091473,1.626288,1.124417,0.992588,1.299419,1.240188,1.345689,1.319402
556,河北省,2001,1.31881,1.271254,1.308233,1.036004,1.316608,1.538484,1.414002,1.034936,1.046937,1.546489,1.471423
557,河北省,2002,1.29341,1.38678,0.996313,0.950513,1.493823,0.963654,1.219374,1.045475,1.002224,1.453999,0.932069
558,河北省,2003,1.1237,1.342435,1.261641,1.080715,1.118561,1.121213,0.880315,1.245786,0.973817,1.007753,1.244471
559,河北省,2004,1.08333,0.859571,0.806975,1.082531,1.269872,1.11358,0.794527,0.953008,1.211816,1.010381,1.05209
560,河北省,2005,1.1798,1.134319,1.013495,1.158139,0.943958,0.834473,0.922143,1.177204,1.051544,1.21989,1.203667
561,河北省,2006,1.13481,0.926957,1.143728,1.112827,1.046225,0.850346,1.356459,1.316479,0.960467,0.990982,0.990392
562,河北省,2007,0.99444,0.83948,0.981675,1.01847,0.905938,1.052947,0.928313,0.722633,1.082751,0.770605,0.734636
563,河北省,2008,1.06125,0.858381,0.980033,0.752023,1.178518,0.965175,0.976976,0.986188,1.085447,1.053705,0.933348
564,河北省,2009,0.99172,1.126569,0.80166,0.950855,0.977354,1.032841,0.884459,0.968518,0.970471,0.849045,0.969737
565,河北省,2010,0.91367,0.952333,1.009474,0.874489,0.890085,0.936335,0.807828,0.845891,0.685917,0.6517,0.997386
566,河北省,2011,0.87645,1.051199,0.677681,0.701477,0.942466,0.865786,1.012977,1.010523,0.843576,0.953799,0.650161
567,河北省,2012,0.81188,0.670812,0.896099,0.605967,0.969281,0.862163,0.814059,0.903268,0.575538,0.701249,0.857827
568,河北省,2013,0.79303,0.68931,0.828486,0.733791,0.869121,0.677065,0.926322,0.888265,0.716978,0.903103,0.630943
569,河北省,2014,0.81515,0.639018,0.863444,0.813688,0.965493,0.868115,0.912981,0.916079,0.592742,0.602981,0.874294
570,河北省,2015,0.85257,0.764995,0.754457,0.928723,0.958801,0.822663,0.604763,0.654365,0.946729,0.886435,0.673497
571,河北省,2016,0.77292,0.717445,0.788105,0.665536,0.900479,0.815196,0.777137,0.616316,0.686899,0.825375,0.668921
572,河北省,2017,0.75027,0.655113,0.68042,0.867507,0.692717,0.791212,0.63097,0.780701,0.540525,0.860912,0.854918
573,河北省,2018,0.72263,0.847756,0.836548,0.600442,0.746009,0.704812,0.704357,0.843644,0.701784,0.742504,0.683718
574,河北省,2019,0.73308,0.839725,0.639082,0.7727,0.834212,0.823187,0.525829,0.52511,0.718452,0.645452,0.634002
575,河北省,2020,0.653,0.653934,0.731693,0.743774,0.650617,0.762639,0.620735,0.631856,0.657708,0.652941,0.651792
576,河北省,2021,0.72646,0.512207,0.857306,0.695174,0.646857,0.867709,0.768809,0.782626,0.820307,0.750385,0.767668
577,河北省,2022,0.70643,0.676003,0.749542,0.520666,0.541287,0.628227,0.637785,0.675636,0.745078,0.677239,0.498908
578,河北省,2023,0.6864,0.839799,0.641778,0.346158,0.435717,0.388745,0.506761,0.568646,0.669849,0.604093,0.230148
579,河南省,1990,1.9765,1.75865,1.762919,1.535009,2.243011,1.456661,1.658738,2.306141,1.87133,2.120804,1.405133
580,河南省,1991,1.69727,1.956311,1.532722,1.295325,1.21041,1.907565,1.572422,1.884346,1.482772,1.799839,1.262754
581,河南省,1992,1.46667,1.19045,1.092828,1.157875,1.661367,1.682076,1.411286,1.19199,1.456972,1.249806,1.07756
582,河南省,1993,1.29192,1.379709,1.080823,1.427239,1.302866,1.471009,0.91171,1.30448,1.20061,1.07227,1.498747
583,河南省,1994,1.33071,1.049162,1.581421,1.078836,0.985354,1.004835,1.564547,1.573569,1.47994,0.949065,1.527753
584,河南省,1995,1.01567,0.752944,0.784014,0.78247,1.139284,0.823056,1.166798,1.170018,1.002514,0.747612,1.191235
585,河南省,1996,1.04188,1.091718,1.078278,1.126746,0.912787,0.949794,0.754026,1.136394,0.861651,0.967756,1.191467
586,河南省,1997,0.99559,1.108627,0.964117,0.923239,1.19139,0.900549,0.752874,1.022837,1.03804,0.751739,0.787779
587,河南省,1998,0.94222,0.809369,1.018806,0.769795,0.858129,0.674593,0.718623,0.786256,0.697518,1.08707,1.045273
588,河南省,1999,0.81211,0.739836,0.575685,0.741574,0.969353,0.864762,0.679228,0.672374,0.963806,0.858915,0.944348
589,河南省,2000,0.77825,0.915269,0.852121,0.758576,0.713002,0.907813,0.894373,0.73996,0.930554,0.916101,0.631425
590,河南省,2001,0.7431,0.709908,0.583582,0.763753,0.772343,0.64248,0.69168,0.828997,0.744269,0.601974,0.885576
591,河南省,2002,0.84796,0.920735,0.597986,1.013993,0.934133,0.693559,0.721092,0.950515,0.724671,0.716022,0.916402
592,河南省,2003,0.69978,0.5232,0.636264,0.703835,0.820664,0.780496,0.700875,0.621295,0.691421,0.514662,0.617754
593,河南省,2004,0.82813,0.806163,0.720195,0.938216,0.865159,0.634716,0.982678,0.626303,0.845035,0.862484,0.795017
594,河南省,2005,0.646,0.455856,0.765755,0.561923,0.725225,0.651575,0.606859,0.57704,0.466483,0.732971,0.621232
595,河南省,2006,0.59981,0.719068,0.673069,0.524592,0.665547,0.498938,0.511432,0.440223,0.699766,0.692328,0.684897
596,河南省,2007,0.70852,0.674928,0.61182,0.839553,0.50482,0.781376,0.652114,0.507852,0.778932,0.722038,0.588085
597,河南省,2008,0.54679,0.565683,0.40817,0.412227,0.473987,0.496493,0.529518,0.543932,0.586176,0.480127,0.646498
598,河南省,2009,0.66069,0.698422,0.724162,0.561025,0.482654,0.638497,0.781557,0.503664,0.534881,0.516818,0.745615
599,河南省,2010,0.66667,0.559134,0.497607,0.519367,0.55962,0.59176,0.68904,0.695067,0.685094,0.532214,0.652374
600,河南省,2011,0.60387,0.526974,0.573237,0.573472,0.586582,0.622494,0.59212,0.567766,0.450856,0.616142,0.598436
601,河南省,2012,0.47813,0.552904,0.535605,0.456456,0.47256,0.521348,0.450805,0.511814,0.468897,0.344723,0.353942
602,河南省,2013,0.49273,0.530972,0.376207,0.378769,0.498842,0.494254,0.391018,0.430072,0.353921,0.422459,0.511258
603,河南省,2014,0.51544,0.383658,0.385272,0.492705,0.516291,0.605989,0.540089,0.616473,0.520972,0.589695,0.557712
604,河南省,2015,0.46043,0.534042,0.403575,0.410763,0.494445,0.483708,0.38769,0.378067,0.339677,0.369577,0.336353
605,河南省,2016,0.43625,0.388686,0.386941,0.425139,0.476581,0.357747,0.307033,0.319854,0.380737,0.355766,0.43707
606,河南省,2017,0.46568,0.522884,0.398041,0.479213,0.348433,0.339431,0.425963,0.409623,0.389575,0.409795,0.555198
607,河南省,2018,0.50368,0.430423,0.454031,0.358769,0.384679,0.570629,0.532485,0.602547,0.367176,0.447292,0.415927
608,河南省,2019,0.50487,0.403721,0.461503,0.421053,0.552618,0.537426,0.448554,0.528364,0.374842,0.373045,0.429146
609,河南省,2020,0.4,0.337328,0.410112,0.437704,0.408956,0.44258,0.448876,0.35194,0.426056,0.39842,0.395476
610,河南省,2021,0.40122,0.351938,0.314942,0.341667,0.286323,0.479955,0.412807,0.429362,0.392449,0.373761,0.443669
611,河南省,2022,0.3706,0.351795,0.323403,0.310025,0.359069,0.314417,0.435516,0.43025,0.410434,0.346729,0.362071
612,河南省,2023,0.33998,0.351652,0.331864,0.278383,0.431815,0.148879,0.458225,0.431138,0.428419,0.319697,0.280473
613,浙江省,1990,2.595,2.070654,2.914341,2.710867,2.706611,2.961336,2.701758,2.740112,2.710244,2.633795,2.622273
614,浙江省,1991,2.44364,2.05241,1.862686,2.108736,2.47814,2.908587,2.162496,2.617598,1.837956,2.458444,2.809961
615,浙江省,1992,2.19167,2.477658,2.033998,2.430975,2.430997,1.588893,1.612146,1.883058,2.312779,1.841504,1.908547
616,浙江省,1993,2.20346,1.702791,2.02042,1.696159,1.777841,2.028309,2.390844,1.674631,2.441039,2.032253,1.58852
617,浙江省,1994,2.11464,2.271465,2.138983,1.712015,1.59203,2.106163,1.685455,1.525377,1.725528,2.015974,1.928491
618,浙江省,1995,1.86233,1.870862,1.934517,1.551286,1.894589,1.55935,1.759197,1.354754,2.030204,1.413585,1.600657
619,浙江省,1996,1.68719,1.42758,1.620105,1.48869,1.875546,1.420849,1.266909,1.482481,1.507891,1.735104,1.275194
620,浙江省,1997,1.50529,1.689241,1.551145,1.38609,1.48425,1.603725,1.168966,1.061067,1.364444,1.311578,1.412703
621,浙江省,1998,1.52972,1.31293,1.20923,1.090829,1.674893,1.321251,1.608212,1.554381,1.703529,1.398961,1.501958
622,浙江省,1999,1.56079,1.304242,1.704226,1.225578,1.608736,1.095908,1.587385,1.610344,1.109986,1.128747,1.55311
623,浙江省,2000,1.46,1.26985,1.254578,1.65326,1.695615,1.69982,1.156743,1.177388,1.695732,1.362647,1.299838
624,浙江省,2001,1.33833,1.484359,1.020372,1.454581,1.248999,1.354005,0.957069,1.372554,1.329058,1.171108,1.049855
625,浙江省,2002,1.24955,1.451284,1.246933,0.967823,0.916716,1.466616,1.476812,1.290018,1.304537,1.204212,1.39418
626,浙江省,2003,1.09587,0.969801,1.028288,1.040101,1.237982,0.887227,1.085711,0.922098,1.109031,0.962799,0.796621
627,浙江省,2004,1.08813,1.204424,0.985025,1.179985,0.86136,1.010629,0.884428,1.132684,0.863514,0.968812,1.161595
628,浙江省,2005,1.0778,0.836049,1.277753,1.145367,0.790308,1.003981,1.134406,0.995219,0.874602,1.192316,0.906947
629,浙江省,2006,1.09173,0.981881,1.173152,0.878898,0.912436,1.057986,1.028443,0.963223,1.070071,1.038826,0.835174
630,浙江省,2007,1.10722,0.862293,1.218077,1.051651,1.301861,1.048683,0.854045,1.052802,1.320041,1.03843,0.914997
631,浙江省,2008,1.06893,1.2507,1.162514,1.073964,1.274548,0.789479,0.876287,1.142535,1.054402,1.204352,1.164769
632,浙江省,2009,0.89862,1.070527,0.972389,0.732745,1.048915,0.976442,1.040639,0.983505,0.651626,0.70424,0.959206
633,浙江省,2010,0.8525,0.937895,0.921885,0.744233,0.667687,0.899413,0.826601,0.799304,0.912073,0.916207,0.93694
634,浙江省,2011,0.84387,0.775636,0.744564,0.642692,0.771931,0.875786,0.746952,0.768817,0.85323,0.625089,0.951827
635,浙江省,2012,0.89578,0.710068,0.760733,1.047186,1.056547,0.678554,1.053062,0.693442,0.682272,1.066418,1.007503
636,浙江省,2013,0.82,0.68283,0.937432,0.954915,0.832497,0.649407,0.691317,0.661346,0.63122,0.772916,0.843731
637,浙江省,2014,0.77162,0.59616,0.719372,0.59028,0.907029,0.779434,0.683723,0.859783,0.602001,0.65765,0.733654
638,浙江省,2015,0.78843,0.5895,0.928785,0.644486,0.749331,0.641955,0.757822,0.766495,0.865364,0.699266,0.723163
639,浙江省,2016,0.79139,0.678909,0.572443,0.753434,0.765898,0.791998,0.560224,0.653292,0.623084,0.764418,0.944689
640,浙江省,2017,0.73149,0.588012,0.577757,0.693851,0.836622,0.748866,0.788081,0.721845,0.802506,0.644249,0.59235
641,浙江省,2018,0.70895,0.655705,0.586157,0.526861,0.795226,0.629758,0.537162,0.540834,0.635458,0.839209,0.810539
642,浙江省,2019,0.7191,0.559886,0.702844,0.82873,0.679092,0.820468,0.717334,0.647682,0.600516,0.639275,0.793552
643,浙江省,2020,0.69738,0.747705,0.716874,0.761715,0.504941,0.812825,0.785363,0.760906,0.517362,0.581346,0.604443
644,浙江省,2021,0.66951,0.553519,0.71842,0.726039,0.64638,0.57025,0.645952,0.793084,0.52639,0.719136,0.745508
645,浙江省,2022,0.61583,0.708762,0.715253,0.435166,0.597962,0.656663,0.434402,0.470459,0.588022,0.463119,0.473009
646,浙江省,2023,0.56215,0.864005,0.712086,0.144293,0.549544,0.743076,0.222852,0.147834,0.649654,0.207102,0.20051
647,海南省,1990,2.7745,2.169576,3.303236,2.221181,2.197598,2.208363,2.254475,3.24253,2.452713,2.523325,2.056099
648,海南省,1991,2.38955,2.079645,2.361492,1.9784,2.240103,2.22242,2.757583,2.517505,2.060576,2.740497,2.78934
649,海南省,1992,2.36125,2.407908,2.672038,2.466184,2.528474,2.130296,1.937264,2.684198,2.76722,2.47289,2.549961
650,海南省,1993,1.96846,2.153714,2.096077,1.742798,1.905471,1.912636,1.807225,2.345206,1.72579,1.487645,1.432332
651,海南省,1994,1.9725,1.632875,1.637412,2.11667,2.34473,2.152195,2.048165,2.30601,1.448703,1.752172,2.108267
652,海南省,1995,1.75267,1.765794,1.714021,1.864224,1.599081,2.044626,1.977359,1.670555,1.86128,1.572808,1.414385
653,海南省,1996,1.5675,1.349586,1.611594,1.271321,1.365465,1.31822,1.254564,1.167944,1.522795,1.633178,1.629667
654,海南省,1997,1.49265,1.222105,1.124486,1.38334,1.323664,1.655569,1.737784,1.586848,1.709141,1.74374,1.339352
655,海南省,1998,1.63306,1.159829,1.420383,1.874275,1.151043,1.385436,1.632795,1.660753,1.340412,1.879288,1.631064
656,海南省,1999,1.41079,1.266663,1.381007,1.372006,1.565426,1.555663,1.068602,1.362596,1.495281,1.122325,1.553589
657,海南省,2000,1.26325,1.368567,1.301097,0.926872,1.104005,1.404557,1.002907,1.456654,1.140791,1.169479,0.943054
658,海南省,2001,1.26357,1.42824,1.010895,1.266376,1.378088,0.961325,0.888606,1.338185,1.122607,0.940514,1.20642
659,海南省,2002,1.25205,1.105405,1.311755,1.098695,1.247675,1.182582,0.909498,1.181505,1.289857,1.319217,1.114358
660,海南省,2003,1.2087,1.068765,0.924266,1.286331,1.396334,0.933621,1.305597,1.011002,1.392599,0.896587,1.215912
661,海南省,2004,1.16563,1.200128,1.349666,1.322367,0.955265,1.195302,0.987238,1.1829,1.366334,0.963098,1.115363
662,海南省,2005,1.0142,1.088105,0.831735,1.117182,1.094981,0.956502,0.995742,0.844676,1.122446,0.911117,1.018429
663,海南省,2006,0.99769,0.884354,1.157193,0.740627,0.995637,0.991397,1.136311,1.177686,0.892465,0.962843,1.165683
664,海南省,2007,0.97333,0.849058,0.93766,0.845203,1.007585,0.704382,0.828326,0.738088,1.140016,1.037495,1.013006
665,海南省,2008,0.97196,0.80883,1.10904,0.944098,0.758093,1.03588,0.975959,0.874981,0.86983,1.135672,1.11458
666,海南省,2009,0.97276,0.753849,0.868761,0.791544,0.804569,0.894967,1.00273,1.118498,1.166474,0.768295,1.09449
667,海南省,2010,0.9645,1.027916,0.951556,0.81071,1.12669,0.768504,1.006822,0.870095,0.723597,1.098672,0.832373
668,海南省,2011,0.8579,1.01387,0.711922,0.910767,0.977855,0.801607,0.632875,0.613461,0.861669,0.748417,0.682342
669,海南省,2012,0.92594,1.097107,0.755806,0.652333,1.070227,0.878734,1.073014,0.875484,1.003504,0.797881,0.703796
670,海南省,2013,0.85364,0.92821,0.921893,0.886484,0.98332,1.009151,0.74099,0.648669,0.903096,0.983798,0.64272
671,海南省,2014,0.83485,0.788535,0.860592,0.676657,0.645909,0.652287,0.889118,0.732642,0.597446,0.81965,0.75565
672,海南省,2015,0.81114,0.584639,0.811005,0.843686,0.919439,0.874112,0.573924,0.822621,0.93249,0.595055,0.813844
673,海南省,2016,0.78014,0.927921,0.700838,0.603609,0.873108,0.915548,0.709646,0.749152,0.659725,0.878218,0.713351
674,海南省,2017,0.77743,0.553796,0.914796,0.641078,0.859513,0.755508,0.799208,0.931449,0.813147,0.648977,0.564696
675,海南省,2018,0.75053,0.674475,0.851277,0.870077,0.799235,0.532603,0.615671,0.657859,0.745497,0.722494,0.822967
676,海南省,2019,0.72321,0.863001,0.795301,0.641852,0.729757,0.657357,0.803495,0.534738,0.554633,0.847553,0.66255
677,海南省,2020,0.63363,0.530794,0.634088,0.452402,0.451743,0.758417,0.734973,0.647723,0.518571,0.589981,0.491452
678,海南省,2021,0.62732,0.524067,0.498579,0.72548,0.463932,0.663871,0.593147,0.504695,0.687734,0.747423,0.675476
679,海南省,2022,0.61452,0.708688,0.661074,0.439004,0.513785,0.66808,0.466559,0.522843,0.704834,0.733883,0.503381
680,海南省,2023,0.60172,0.893309,0.823569,0.152528,0.563638,0.672289,0.339971,0.540991,0.721934,0.720343,0.331286
681,湖北省,1990,2.8235,2.722645,2.947678,2.709769,2.124176,2.517263,2.273002,3.14233,2.172881,3.302027,2.602392
682,湖北省,1991,2.34955,1.977189,2.146826,1.967133,2.6739,1.912976,1.890773,2.324992,2.817739,1.791364,1.943191
683,湖北省,1992,2.29917,2.216719,2.179472,2.215546,2.539798,2.261438,1.871016,1.779348,1.857451,1.661976,2.269255
684,湖北省,1993,1.96923,1.584522,1.884909,1.684185,1.59364,1.908992,1.540017,2.083131,2.124091,2.110425,1.98148
685,湖北省,1994,1.96964,2.30074,1.996371,2.194931,1.903384,1.791213,1.731769,1.748491,1.935174,2.152524,1.981993
686,湖北省,1995,1.785,1.657908,1.75021,1.885728,1.825573,1.400208,1.985955,2.094287,1.963197,1.367435,1.849439
687,湖北省,1996,1.575,1.708056,1.539799,1.382299,1.227555,1.798934,1.166225,1.479224,1.242833,1.542146,1.236706
688,湖北省,1997,1.66529,1.833922,1.222442,1.183907,1.98115,1.658833,1.625227,1.961533,1.201859,1.653037,1.226273
689,湖北省,1998,1.39944,1.638343,1.594219,1.277972,1.5553,1.302686,1.266987,1.173154,1.004801,1.24899,1.404608
690,湖北省,1999,1.53395,1.655819,1.678337,1.628546,1.751645,1.507947,1.212171,1.153973,1.11906,1.74396,1.602146
691,湖北省,2000,1.38375,1.526221,1.277049,1.345199,0.983099,1.203406,1.086548,1.576091,1.480197,1.364101,1.606215
692,湖北省,2001,1.26452,1.059317,0.936721,0.898697,1.479544,1.273325,1.067878,1.312664,1.481832,1.263411,0.894259
693,湖北省,2002,1.34705,1.606324,1.336134,1.337171,1.116768,1.143628,1.264889,1.054197,1.184066,0.967205,1.265751
694,湖北省,2003,1.22913,0.964166,0.942681,1.337158,1.161159,1.290832,0.946983,1.392899,1.100563,1.362515,0.892336
695,湖北省,2004,1.11042,1.275936,1.329125,1.186203,1.042337,0.912652,1.061192,0.819144,0.86416,1.272538,1.108985
696,湖北省,2005,1.1586,1.274634,0.949786,0.811588,1.028883,1.12909,1.338728,0.870271,0.856634,0.920867,0.984567
697,湖北省,2006,1.04423,0.883158,0.883628,1.069627,1.025205,1.111145,1.06475,0.860603,1.033914,0.995789,0.907719
698,湖北省,2007,1.04611,1.190432,1.032752,0.869601,0.817055,1.004633,0.997979,1.167648,0.745574,1.248439,1.177816
699,湖北省,2008,1.01036,1.072191,0.858318,0.919819,0.991292,0.920759,0.997445,0.913858,1.159587,0.874747,1.06825
700,湖北省,2009,0.94759,0.864521,0.804444,0.927156,0.755994,0.765327,1.126471,0.978998,0.797071,1.034499,0.840376
701,湖北省,2010,0.96633,0.863283,0.713212,1.075828,0.689382,0.734365,0.944455,0.701249,0.904961,1.08496,1.046761
702,湖北省,2011,0.81807,0.905074,0.867378,0.909975,0.935768,0.65914,0.7537,0.803291,0.678102,0.678585,0.897417
703,湖北省,2012,0.79172,0.86219,0.758617,0.897817,0.654562,0.828463,0.880787,0.760161,0.802106,0.915766,0.929518
704,湖北省,2013,0.86242,0.980714,0.819027,0.72899,0.87273,0.9892,0.698451,0.856439,0.900638,0.87267,1.022024
705,湖北省,2014,0.83088,0.898009,0.734176,0.832569,0.705577,0.798328,0.653763,0.944397,0.920335,0.816325,0.817289
706,湖北省,2015,0.719,0.635754,0.789728,0.6906,0.851167,0.718173,0.657094,0.608073,0.816051,0.827152,0.505996
707,湖北省,2016,0.71222,0.764577,0.761999,0.722734,0.806307,0.659104,0.536317,0.674075,0.540135,0.646512,0.679275
708,湖北省,2017,0.69811,0.578285,0.520349,0.668529,0.526988,0.715833,0.733921,0.715484,0.554696,0.648787,0.787591
709,湖北省,2018,0.70566,0.59995,0.719567,0.69206,0.810921,0.549877,0.54517,0.749275,0.543646,0.611961,0.540252
710,湖北省,2019,0.70641,0.804064,0.548958,0.565481,0.715904,0.626918,0.53981,0.749028,0.546556,0.510092,0.595878
711,湖北省,2020,0.66375,0.588049,0.597767,0.481398,0.775008,0.777537,0.698477,0.573122,0.578505,0.55826,0.701803
712,湖北省,2021,0.68183,0.587198,0.773835,0.546172,0.603528,0.685129,0.679122,0.76701,0.817772,0.736034,0.582562
713,湖北省,2022,0.62702,0.538814,0.546834,0.483398,0.709058,0.456555,0.493424,0.499312,0.710819,0.500296,0.540281
714,湖北省,2023,0.57221,0.49043,0.319833,0.420624,0.814588,0.227981,0.307726,0.231614,0.603866,0.264558,0.498
715,湖南省,1990,2.6895,1.93765,2.070027,2.264156,2.211576,3.021949,2.524607,2.615297,2.421034,2.848772,2.73662
716,湖南省,1991,2.47091,2.583212,2.940579,2.140079,2.534535,1.881152,2.085447,2.709599,1.823432,2.073364,2.636435
717,湖南省,1992,2.24917,1.739776,2.692095,1.853516,2.483935,2.588566,2.103848,2.629546,1.842495,1.878077,2.321523
718,湖南省,1993,1.94346,2.089241,1.817778,2.196695,1.645801,1.413791,2.325955,1.575157,1.494775,2.128888,1.58227
719,湖南省,1994,1.78857,1.553696,1.791522,1.862403,1.770864,1.303224,1.527046,1.935645,2.06072,1.937827,2.002108
720,湖南省,1995,1.879,1.373417,2.227367,1.855137,1.512557,1.65803,1.987869,1.497225,1.813141,1.890161,2.046306
721,湖南省,1996,1.61531,1.342648,1.742826,1.90741,1.172152,1.388572,1.884957,1.738998,1.420571,1.675306,1.900303
722,湖南省,1997,1.70647,1.300416,1.318061,1.875514,1.726334,1.551097,1.695242,1.995257,1.689884,1.99867,1.895036
723,湖南省,1998,1.60139,1.460034,1.263432,1.43406,1.647717,1.641824,1.576247,1.314676,1.504297,1.386915,1.486153
724,湖南省,1999,1.56553,1.509386,1.165785,1.336036,1.338572,1.204297,1.138685,1.485418,1.458726,1.448346,1.753186
725,湖南省,2000,1.4925,1.694913,1.607467,1.470172,1.584751,1.045705,1.082451,1.09748,1.619004,1.776971,1.32728
726,湖南省,2001,1.42143,1.337863,1.066583,1.049939,1.298618,1.122474,1.235236,1.243708,1.351509,1.431578,1.321787
727,湖南省,2002,1.24614,1.004448,1.201836,1.243307,1.277937,1.201063,1.494815,0.948073,0.88366,1.432346,1.382688
728,湖南省,2003,1.25435,1.082678,1.044458,1.102559,1.397331,0.998624,1.065042,0.989104,1.488221,1.399087,1.107138
729,湖南省,2004,1.22083,1.016588,1.10815,0.862006,1.395241,1.244725,1.005564,0.959575,1.247362,0.99902,1.178397
730,湖南省,2005,1.1914,1.237376,0.850469,1.121644,1.023305,1.059417,1.423377,1.282911,0.940408,0.972087,1.245716
731,湖南省,2006,1.14885,0.929658,0.811556,0.871595,1.152419,1.323574,1.291429,0.918146,1.053618,0.825285,1.027999
732,湖南省,2007,1.06037,0.852813,1.248872,0.906892,1.096232,1.090495,0.908917,0.934419,0.890626,1.184571,1.144341
733,湖南省,2008,1.02018,0.984422,1.040562,0.874293,0.808839,0.967426,0.832711,0.880925,0.778539,0.881088,0.73713
734,湖南省,2009,1.00397,0.816787,1.058562,1.05825,0.79741,0.974038,1.146328,0.920075,0.79226,0.748336,0.87328
735,湖南省,2010,0.996,0.784709,0.710347,0.852705,0.908432,1.125968,1.023988,0.896888,1.181694,0.761093,0.973889
736,湖南省,2011,0.88258,0.71948,0.977732,0.907267,0.846598,0.688396,0.932597,0.937513,0.68017,0.97805,1.023644
737,湖南省,2012,0.80453,0.826519,0.582786,0.573051,0.851757,0.770097,0.606166,0.893729,0.598692,0.607759,0.584114
738,湖南省,2013,0.79455,0.852443,0.858832,0.62197,0.858689,0.633062,0.951142,0.57564,0.819986,0.780633,0.94465
739,湖南省,2014,0.82074,0.912345,0.73148,0.597429,0.913043,0.887904,0.944026,0.73835,0.706267,0.695696,0.647634
740,湖南省,2015,0.73029,0.756036,0.638803,0.61945,0.539616,0.8662,0.799583,0.716717,0.666006,0.638569,0.619706
741,湖南省,2016,0.78097,0.614516,0.562581,0.702164,0.837491,0.643802,0.927365,0.557965,0.873369,0.865051,0.844309
742,湖南省,2017,0.74365,0.770041,0.696554,0.565709,0.779181,0.771387,0.562191,0.537175,0.584694,0.646714,0.830358
743,湖南省,2018,0.71816,0.7007,0.542231,0.647549,0.628898,0.59847,0.836762,0.796466,0.857373,0.651836,0.603432
744,湖南省,2019,0.6909,0.658031,0.703575,0.525178,0.686489,0.69536,0.6832,0.581549,0.518111,0.646908,0.656663
745,湖南省,2020,0.65525,0.752483,0.696799,0.494006,0.516652,0.559931,0.516134,0.741468,0.460313,0.745118,0.501122
746,湖南省,2021,0.65537,0.681423,0.747701,0.528448,0.688908,0.658944,0.462243,0.647036,0.578046,0.650543,0.593388
747,湖南省,2022,0.69024,0.795893,0.809767,0.577702,0.539883,0.802153,0.730286,0.695981,0.574789,0.539939,0.519149
748,湖南省,2023,0.72511,0.910363,0.871833,0.626956,0.390858,0.945362,0.998329,0.744926,0.571532,0.429335,0.44491
749,甘肃省,1990,2.7705,2.54005,3.007489,2.888773,2.714868,2.879741,2.0958,2.900575,2.058066,3.044475,2.867052
750,甘肃省,1991,2.6,2.787044,2.3244,2.31426,2.312544,1.97691,2.013856,2.338856,2.118324,2.902146,1.964222
751,甘肃省,1992,2.40958,2.730829,2.602928,2.669071,2.43151,1.827066,2.301899,2.581218,2.234382,2.798851,2.069856
752,甘肃省,1993,1.95192,1.904862,2.019772,1.801723,2.259546,2.067008,1.618554,1.5972,2.266105,2.04706,1.366893
753,甘肃省,1994,2.14286,2.142793,1.502143,1.825736,2.136707,2.325707,2.411743,2.329178,2.444014,1.709893,1.60245
754,甘肃省,1995,1.81533,1.702183,1.324921,1.652479,1.586928,1.994652,2.034244,1.751488,1.988625,1.643711,1.348811
755,甘肃省,1996,1.63344,1.224245,1.187444,1.425648,1.786916,1.701977,1.249809,1.680269,1.822737,1.896732,1.162485
756,甘肃省,1997,1.51735,1.483577,1.083997,1.081979,1.763984,1.223093,1.662685,1.470087,1.47555,1.330096,1.431835
757,甘肃省,1998,1.50583,1.439802,1.084712,1.64327,1.260939,1.307108,1.170258,1.330163,1.41345,1.795179,1.513091
758,甘肃省,1999,1.49763,1.521864,1.491417,1.647156,1.40078,1.177738,1.754326,1.257442,1.540195,1.167075,1.200532
759,甘肃省,2000,1.35175,1.098378,1.322647,1.277444,1.516407,1.324161,1.505282,1.410916,1.169791,1.288488,1.349276
760,甘肃省,2001,1.3131,1.049649,1.367575,1.368009,1.232011,1.490442,1.070527,1.146017,1.182219,1.454883,1.298454
761,甘肃省,2002,1.19159,1.279542,1.011613,0.992512,0.998827,1.045848,0.911865,1.347296,0.967894,1.184763,1.290088
762,甘肃省,2003,1.10652,1.117919,1.013275,1.173976,1.0261,1.278774,0.782621,0.977734,0.782355,0.786472,1.138224
763,甘肃省,2004,1.11875,1.026386,1.327956,0.789457,0.859099,1.243267,0.895347,1.242417,0.904398,0.821722,0.89886
764,甘肃省,2005,1.1016,0.89819,1.071361,1.015918,0.808222,1.299106,1.278605,0.798891,1.253004,1.095167,0.801282
765,甘肃省,2006,1.09539,1.061735,0.860852,1.115102,1.280483,0.895006,1.101377,0.933137,1.312841,0.954606,1.189314
766,甘肃省,2007,0.96667,0.796311,0.965207,1.043101,1.135988,0.811246,0.716977,0.7398,1.003961,1.069143,0.985575
767,甘肃省,2008,0.99054,0.70649,0.797094,0.791438,0.839816,0.804602,1.047145,1.02042,0.809367,1.096603,1.045917
768,甘肃省,2009,0.92052,0.937685,1.07162,0.735355,0.812448,0.678909,0.703818,0.700431,0.951833,1.014971,0.826026
769,甘肃省,2010,0.96533,1.139112,0.690898,1.150938,1.120153,1.021583,0.827464,1.077814,0.779661,0.884033,0.901032
770,甘肃省,2011,0.88274,0.712646,0.859755,0.831313,0.990331,0.836177,0.742483,0.769557,0.814744,0.771605,0.698858
771,甘肃省,2012,0.88172,0.784774,0.968524,0.844316,0.9661,0.809242,0.694274,1.020308,0.771381,0.859112,1.004384
772,甘肃省,2013,0.88515,0.657633,0.994141,0.714238,0.620031,0.877026,0.851357,0.619934,0.941572,0.81935,0.798575
773,甘肃省,2014,0.81441,0.615288,0.856468,0.708815,0.940279,0.912093,0.706551,0.696681,0.670082,0.596492,0.787325
774,甘肃省,2015,0.81986,0.648802,0.882428,0.621821,0.682252,0.925766,0.919871,0.891078,0.973039,0.660944,0.862563
775,甘肃省,2016,0.77736,0.701296,0.564862,0.887381,0.831512,0.805089,0.645466,0.884753,0.922891,0.681543,0.545078
776,甘肃省,2017,0.74041,0.628996,0.737836,0.702504,0.60055,0.68734,0.633009,0.597388,0.672303,0.859595,0.823219
777,甘肃省,2018,0.77224,0.730992,0.665298,0.849028,0.806293,0.781712,0.832332,0.872203,0.663367,0.841399,0.803821
778,甘肃省,2019,0.68962,0.680829,0.766217,0.673933,0.553871,0.61073,0.735502,0.587683,0.772755,0.570801,0.642121
779,甘肃省,2020,0.7485,0.738193,0.766868,0.577595,0.619653,0.752302,0.593396,0.69338,0.626562,0.871202,0.877931
780,甘肃省,2021,0.65915,0.46185,0.767793,0.785432,0.673034,0.583107,0.539656,0.629966,0.597654,0.568131,0.642035
781,甘肃省,2022,0.60726,0.628528,0.727172,0.47364,0.486538,0.480405,0.726826,0.666598,0.434265,0.539388,0.56391
782,甘肃省,2023,0.55537,0.795206,0.686551,0.161848,0.300042,0.377703,0.913996,0.70323,0.270876,0.510645,0.485785
783,福建省,1990,2.516,2.846678,2.390703,2.433224,2.374072,3.008029,2.552331,2.530794,2.616841,2.395307,2.832362
784,福建省,1991,2.34591,2.422714,1.780873,2.567386,1.920948,1.752324,2.682993,2.689069,2.044084,2.064728,2.454032
785,福建省,1992,2.29625,2.360109,1.770363,2.197672,2.604361,1.814589,2.143458,1.774932,2.539584,2.672077,2.44112
786,福建省,1993,2.26346,2.309523,2.201737,1.599385,2.292185,1.802621,2.590804,1.817266,2.440419,2.464276,2.029895
787,福建省,1994,1.86036,1.50049,1.760567,2.042579,1.960667,2.174906,2.185324,2.009502,1.569453,1.310175,1.743582
788,福建省,1995,1.74567,1.384611,1.569686,1.712255,1.85526,2.003258,1.440664,2.0447,1.319637,1.803623,1.532469
789,福建省,1996,1.7025,1.941514,2.041587,1.28406,1.808174,1.447244,1.546551,1.892686,1.907209,1.824552,1.971853
790,福建省,1997,1.565,1.826449,1.835401,1.875919,1.678854,1.644502,1.845198,1.20084,1.166708,1.425386,1.651545
791,福建省,1998,1.66056,1.339886,1.793367,1.819803,1.461804,1.935909,1.281982,1.726829,1.295516,1.878869,1.364147
792,福建省,1999,1.56921,1.560722,1.201168,1.33725,1.290205,1.476659,1.501923,1.881249,1.196241,1.488397,1.259229
793,福建省,2000,1.4085,1.003655,1.236719,1.244804,1.329694,1.209268,1.280608,1.123377,1.514983,1.552012,1.186281
794,福建省,2001,1.23571,0.955256,1.157407,0.877147,1.143073,0.890283,1.402918,1.331556,1.069226,1.184753,1.281275
795,福建省,2002,1.25909,1.013556,1.163652,1.450032,1.238631,1.017623,1.29568,1.285079,1.070278,1.004163,1.018542
796,福建省,2003,1.15391,1.355617,0.834533,0.925588,1.277797,0.909122,0.829387,1.325488,1.14954,1.335608,1.363441
797,福建省,2004,1.06688,0.969171,1.116623,0.850737,1.03186,0.749384,0.829741,0.885624,1.242792,0.947225,0.963143
798,福建省,2005,1.1584,1.060955,1.228599,1.073906,0.855328,1.091862,1.036629,1.211918,1.166173,1.081865,1.277043
799,福建省,2006,1.0025,1.184053,1.112785,1.085697,1.124975,0.702341,1.129406,0.990721,1.162038,0.920766,1.149978
800,福建省,2007,0.94185,0.821653,0.741482,1.022418,0.798907,0.877891,1.05511,0.799491,1.065366,0.694635,0.841149
801,福建省,2008,1.00804,0.923684,0.967795,0.764888,0.991141,0.873423,0.709093,1.038892,1.171277,1.187698,0.928744
802,福建省,2009,1.02207,1.000268,0.754164,1.100727,1.206103,0.857465,0.796672,0.959856,1.189198,1.179631,0.809049
803,福建省,2010,0.84733,0.71936,0.931075,0.635652,0.95769,0.955978,0.612444,0.729206,0.999234,0.632627,0.824701
804,福建省,2011,0.87597,1.031584,0.815754,1.035639,0.721482,0.829752,1.008949,1.018024,0.816297,0.810647,0.636014
805,福建省,2012,0.93531,0.878848,1.041377,0.891512,0.906,0.807128,0.747016,0.751328,0.938259,0.934359,1.101593
806,福建省,2013,0.8297,0.697642,0.87918,0.938595,0.674892,0.796708,0.958682,0.638834,0.637481,0.849261,0.623633
807,福建省,2014,0.76485,0.875741,0.843839,0.563138,0.801467,0.602666,0.633337,0.740056,0.808801,0.610292,0.646943
808,福建省,2015,0.71857,0.598879,0.782337,0.631566,0.810986,0.633377,0.690532,0.532727,0.676477,0.764739,0.708777
809,福建省,2016,0.8025,0.603488,0.627266,0.604435,0.747922,0.650707,0.760008,0.691691,0.861949,0.93102,0.647008
810,福建省,2017,0.78595,0.92652,0.617219,0.821408,0.93827,0.785011,0.855895,0.91503,0.871818,0.674129,0.788595
811,福建省,2018,0.78882,0.874071,0.846486,0.703348,0.81465,0.8994,0.891962,0.657478,0.820645,0.924106,0.743317
812,福建省,2019,0.73308,0.768683,0.854936,0.705323,0.71107,0.688762,0.683081,0.870192,0.728488,0.779737,0.551809
813,福建省,2020,0.67863,0.739918,0.629445,0.678007,0.803105,0.72433,0.482821,0.57183,0.590221,0.642705,0.491386
814,福建省,2021,0.71732,0.601693,0.608514,0.560856,0.608694,0.532536,0.549572,0.586844,0.502947,0.627674,0.563445
815,福建省,2022,0.61441,0.676269,0.584084,0.495167,0.632628,0.736573,0.693055,0.479267,0.522674,0.521783,0.653192
816,福建省,2023,0.5115,0.750845,0.559654,0.429478,0.656562,0.94061,0.836538,0.37169,0.542401,0.415892,0.742939
817,西藏自治区,1990,0.641,0.665339,0.666473,0.470815,0.636282,0.635032,0.667166,0.516755,0.555177,0.633654,0.512781
818,西藏自治区,1991,0.65,0.536874,0.557882,0.664203,0.551603,0.533845,0.476047,0.657254,0.522496,0.671684,0.630338
819,西藏自治区,1992,0.5825,0.468144,0.496552,0.600202,0.509291,0.498119,0.590591,0.625343,0.678682,0.691532,0.643167
820,西藏自治区,1993,0.58346,0.514024,0.563554,0.4214,0.686385,0.498096,0.634107,0.64923,0.512163,0.44056,0.552153
821,西藏自治区,1994,0.63857,0.554209,0.464056,0.473545,0.676419,0.743067,0.46359,0.634503,0.594101,0.65101,0.448072
822,西藏自治区,1995,0.643,0.682454,0.748452,0.600099,0.69617,0.534185,0.710194,0.647212,0.74768,0.658432,0.677426
823,西藏自治区,1996,0.41063,0.336721,0.342539,0.387987,0.341353,0.386517,0.447306,0.403607,0.425863,0.327572,0.397797
824,西藏自治区,1997,0.44029,0.319596,0.459271,0.369825,0.441188,0.481391,0.320323,0.467583,0.426033,0.456545,0.469054
825,西藏自治区,1998,0.3775,0.312793,0.415812,0.328327,0.385881,0.277557,0.283019,0.283216,0.2669,0.411947,0.285684
826,西藏自治区,1999,0.32,0.229747,0.253619,0.360186,0.268099,0.274752,0.283837,0.312467,0.277792,0.364221,0.23463
827,西藏自治区,2000,0.2565,0.259288,0.221711,0.243739,0.278215,0.188987,0.239138,0.211443,0.266498,0.279157,0.261432
828,西藏自治区,2001,0.31119,0.300952,0.312668,0.337159,0.281879,0.350534,0.331732,0.26327,0.366171,0.319651,0.261593
829,西藏自治区,2002,0.40068,0.288162,0.449437,0.286972,0.417106,0.391258,0.371825,0.312039,0.351911,0.295114,0.407878
830,西藏自治区,2003,0.22565,0.188785,0.174253,0.268993,0.210833,0.243284,0.191188,0.269972,0.217165,0.162305,0.196787
831,西藏自治区,2004,0.36021,0.285436,0.259292,0.291657,0.414189,0.320319,0.423597,0.388718,0.319195,0.261349,0.261248
832,西藏自治区,2005,0.3506,0.292411,0.378087,0.325676,0.249669,0.37354,0.307283,0.302421,0.320431,0.352395,0.386589
833,西藏自治区,2006,0.32212,0.300234,0.231469,0.331511,0.332738,0.242759,0.352159,0.317161,0.347604,0.32617,0.286405
834,西藏自治区,2007,0.26907,0.297838,0.263076,0.225425,0.251705,0.221219,0.29719,0.278831,0.18864,0.231829,0.206183
835,西藏自治区,2008,0.18161,0.164394,0.204918,0.190784,0.176711,0.127966,0.19757,0.15899,0.169746,0.184952,0.177276
836,西藏自治区,2009,0.23948,0.2667,0.274761,0.188071,0.267955,0.279874,0.209667,0.220399,0.179121,0.269421,0.229473
837,西藏自治区,2010,0.32783,0.237282,0.351971,0.26163,0.244911,0.297171,0.235728,0.286405,0.385941,0.308153,0.248212
838,西藏自治区,2011,0.17452,0.137866,0.13496,0.17556,0.156989,0.134997,0.183938,0.125973,0.198046,0.15282,0.189713
839,西藏自治区,2012,0.26188,0.262957,0.252584,0.309971,0.24975,0.21221,0.243908,0.306663,0.244282,0.224665,0.248697
840,西藏自治区,2013,0.23788,0.196907,0.261503,0.276767,0.257844,0.201526,0.178378,0.194326,0.232546,0.266601,0.180472
841,西藏自治区,2014,0.17515,0.145559,0.138797,0.17391,0.184619,0.207863,0.14429,0.150795,0.174215,0.152651,0.15238
842,西藏自治区,2015,0.18057,0.140916,0.131299,0.204002,0.174056,0.165894,0.157369,0.168469,0.174249,0.175981,0.134542
843,西藏自治区,2016,0.26583,0.309831,0.222236,0.201427,0.242328,0.251638,0.306027,0.284484,0.204614,0.271415,0.24736
844,西藏自治区,2017,0.18743,0.222945,0.20064,0.185425,0.146459,0.189149,0.220574,0.204601,0.156971,0.222489,0.145265
845,西藏自治区,2018,0.235,0.251821,0.189969,0.251831,0.270356,0.226987,0.245834,0.264394,0.184268,0.256098,0.211535
846,西藏自治区,2019,0.19744,0.173902,0.149933,0.190929,0.148073,0.226143,0.141883,0.19884,0.236872,0.216955,0.170338
847,西藏自治区,2020,0.13475,0.121267,0.109944,0.147871,0.100079,0.14575,0.149795,0.122191,0.13444,0.125332,0.115556
848,西藏自治区,2021,0.20183,0.170792,0.154706,0.164487,0.215374,0.194107,0.240041,0.214827,0.206582,0.229227,0.177545
849,西藏自治区,2022,0.14024,0.153134,0.151422,0.115326,0.155218,0.141259,0.120195,0.114889,0.127567,0.101823,0.132554
850,西藏自治区,2023,0.07865,0.135476,0.148138,0.066165,0.095062,0.088411,0.000349,0.014951,0.048552,0.025581,0.087563
851,贵州省,1990,2.5305,2.13602,2.912681,2.381454,2.55082,2.210063,1.792075,2.510155,2.21396,2.124051,2.682305
852,贵州省,1991,2.51091,2.546463,2.538403,2.847547,2.071399,2.537324,2.354354,2.569589,2.434527,1.845669,2.731342
853,贵州省,1992,2.11917,2.343121,2.002231,2.538084,2.170959,1.920792,1.912654,2.106049,2.325065,2.25331,1.603828
854,贵州省,1993,2.04885,1.729001,1.885348,1.824989,1.636639,2.193781,2.032619,1.805627,2.296224,1.822571,1.680853
855,贵州省,1994,2.00393,1.551782,1.464451,1.417018,1.765221,1.688631,1.724962,1.503267,2.000061,1.523868,2.251314
856,贵州省,1995,1.955,2.074822,1.898383,1.515516,2.073062,1.883838,1.994061,1.906242,1.579249,2.323869,1.512564
857,贵州省,1996,1.79156,1.407864,1.943864,1.452743,1.876143,1.850613,1.77431,1.343457,1.572168,1.76125,1.983027
858,贵州省,1997,1.53353,1.389883,1.544126,1.334124,1.816143,1.153521,1.672451,1.66141,1.459306,1.642348,1.177459
859,贵州省,1998,1.62278,1.571677,1.262748,1.690415,1.912022,1.801219,1.897725,1.649895,1.449319,1.272696,1.336098
860,贵州省,1999,1.46526,1.250675,1.51939,1.695075,1.675162,1.653754,1.069642,1.36375,1.555494,1.372131,1.743282
861,贵州省,2000,1.32775,1.224663,1.576889,1.438776,0.968726,1.111128,1.325174,1.052401,0.978074,1.195333,1.520672
862,贵州省,2001,1.32524,1.458252,1.542126,1.094302,1.565875,1.27969,1.058309,1.021268,1.266901,1.382886,0.957299
863,贵州省,2002,1.27909,1.057552,1.104163,1.334923,1.487851,1.373577,0.93137,1.205236,1.50746,1.100594,1.32762
864,贵州省,2003,1.26304,1.030252,1.320688,1.494849,0.896217,1.013857,1.056498,1.187488,1.429196,0.974362,0.973831
865,贵州省,2004,1.17833,1.348626,1.212764,1.150371,1.039325,0.894814,1.262666,1.183577,1.270938,1.125096,0.928338
866,贵州省,2005,1.1486,0.986601,1.00012,1.161614,1.332342,1.148198,1.042757,1.176879,0.958426,1.275003,1.252525
867,贵州省,2006,1.03115,0.813962,0.946527,1.217009,1.153521,0.801578,0.736564,1.199696,0.752196,1.197758,0.889886
868,贵州省,2007,0.94444,1.084873,0.910406,1.006626,1.12148,0.848337,1.011235,0.841575,0.884018,1.110676,0.927236
869,贵州省,2008,0.9325,0.808878,1.05075,0.94867,0.947327,0.714127,1.016155,0.800766,1.056737,0.78413,0.807312
870,贵州省,2009,1.02983,0.737738,0.7316,0.993938,0.768087,0.75713,1.083575,1.153191,1.112925,0.909173,1.147918
871,贵州省,2010,0.88933,0.659734,0.734642,0.669152,0.700154,0.854898,0.650378,0.721489,0.660303,0.896795,0.841193
872,贵州省,2011,0.83081,0.659386,0.797192,0.608856,0.852332,0.687725,0.98134,0.666323,0.894205,0.788152,0.927911
873,贵州省,2012,0.92969,0.791397,0.749765,0.912703,0.985125,1.082092,0.776884,0.899045,0.889618,1.03161,0.671207
874,贵州省,2013,0.90212,0.700434,0.863384,0.984322,1.070745,0.727137,0.839676,0.687479,1.020344,0.667479,0.721516
875,贵州省,2014,0.79529,0.696224,0.898475,0.603787,0.628266,0.685019,0.622055,0.807995,0.814492,0.559792,0.826398
876,贵州省,2015,0.73086,0.658868,0.821483,0.697764,0.693021,0.745737,0.734826,0.713872,0.512009,0.833572,0.687948
877,贵州省,2016,0.70681,0.692543,0.746437,0.608998,0.758424,0.579531,0.748168,0.716977,0.77755,0.723451,0.738287
878,贵州省,2017,0.70581,0.723266,0.541781,0.704936,0.689239,0.649798,0.762946,0.789577,0.516054,0.675821,0.515821
879,贵州省,2018,0.76263,0.754937,0.584519,0.546624,0.814766,0.849526,0.620355,0.767063,0.55197,0.638651,0.703238
880,贵州省,2019,0.73205,0.662997,0.584836,0.76268,0.569045,0.852678,0.685332,0.727285,0.577376,0.63572,0.853249
881,贵州省,2020,0.63113,0.660012,0.591781,0.503751,0.697185,0.671814,0.58309,0.566858,0.523872,0.685604,0.678188
882,贵州省,2021,0.71171,0.807766,0.546135,0.534136,0.655212,0.779718,0.730062,0.836526,0.688157,0.574113,0.625085
883,贵州省,2022,0.61798,0.466838,0.45923,0.458069,0.669367,0.677592,0.716512,0.642578,0.453057,0.581509,0.444893
884,贵州省,2023,0.52425,0.12591,0.372325,0.382002,0.683522,0.575466,0.702962,0.44863,0.217957,0.588905,0.264701
885,辽宁省,1990,2.9505,2.842689,2.98331,2.375831,3.411929,3.435621,2.647838,2.145309,3.337665,2.877652,3.209406
886,辽宁省,1991,2.59091,3.070331,2.269429,1.914112,2.820749,2.638115,2.849223,3.049811,2.891662,2.42693,1.967044
887,辽宁省,1992,2.23833,2.058416,2.629862,1.829748,1.997041,2.158648,2.422906,1.990527,1.594678,2.293105,2.515774
888,辽宁省,1993,1.975,1.554898,1.496023,1.419176,2.341047,2.31237,1.446293,1.779001,2.254403,1.980096,1.46229
889,辽宁省,1994,1.99536,1.633359,2.019102,2.010602,1.506634,1.541992,2.119468,1.774291,1.545065,1.605005,1.872643
890,辽宁省,1995,1.695,1.333321,1.415393,1.990964,1.578706,2.001473,1.921232,1.752274,1.61286,1.501024,1.942368
891,辽宁省,1996,1.85125,2.00022,1.418298,2.10165,1.782587,2.111406,1.339731,1.432516,1.874335,2.049648,2.017881
892,辽宁省,1997,1.47059,1.657809,1.50147,1.407764,1.611867,1.4925,1.11422,1.693147,1.476985,1.295779,1.382838
893,辽宁省,1998,1.63194,1.813171,1.95316,1.897788,1.957582,1.699311,1.475131,1.591586,1.239249,1.271235,1.416576
894,辽宁省,1999,1.47947,1.482433,1.695196,1.55327,1.094041,1.338451,1.447221,1.710923,1.522334,1.649821,1.449367
895,辽宁省,2000,1.321,0.941371,1.056866,1.375755,1.367156,1.285095,1.469282,1.356786,1.567221,1.485874,1.200049
896,辽宁省,2001,1.37548,1.156266,1.305781,1.04063,1.282164,1.078428,1.36069,1.609733,1.506146,0.971636,1.21764
897,辽宁省,2002,1.18977,1.116352,1.135472,0.924644,0.923276,1.224943,1.276115,1.017779,1.301754,1.142432,1.416841
898,辽宁省,2003,1.18652,1.209837,1.136095,1.342312,1.190497,1.07576,1.415817,0.893938,1.115556,1.051187,1.410537
899,辽宁省,2004,1.07896,1.1402,1.116689,0.984873,1.096275,1.024007,1.148896,1.013897,1.054908,0.881379,0.912798
900,辽宁省,2005,1.155,1.301061,1.189153,1.249306,0.931842,1.343715,1.010267,1.288206,1.134164,0.833529,0.811422
901,辽宁省,2006,1.09,1.01443,0.94709,0.865972,0.930326,0.914009,1.082108,1.089063,0.999617,0.905616,1.005318
902,辽宁省,2007,1.04852,0.81667,1.043329,1.110214,0.750331,0.80327,1.129905,1.158184,0.965434,1.257583,0.895886
903,辽宁省,2008,0.92339,1.011512,1.088948,0.914805,0.648037,0.775983,1.105071,0.965223,0.672193,1.072013,0.648693
904,辽宁省,2009,1.0181,0.898394,1.028875,1.052942,0.982592,0.740212,0.977644,0.795403,0.954441,0.808211,0.91559
905,辽宁省,2010,0.887,0.714949,0.889989,0.823713,0.693066,0.888614,0.709361,1.019615,0.816883,0.910905,0.734959
906,辽宁省,2011,0.91839,0.836908,0.670276,0.942256,0.959228,1.069655,0.959494,0.916091,0.894013,0.733957,0.967383
907,辽宁省,2012,0.85375,0.891844,0.663133,0.721222,0.847219,0.844751,0.841362,0.647826,0.73828,0.879713,0.844453
908,辽宁省,2013,0.81955,0.832141,0.81789,0.825003,0.664766,0.691999,0.778084,0.613806,0.640696,0.817488,0.957589
909,辽宁省,2014,0.84529,0.752506,0.62594,0.866359,1.009907,0.728179,0.897905,0.754628,0.779006,0.962257,0.894642
910,辽宁省,2015,0.80757,0.815614,0.856227,0.646121,0.569192,0.858852,0.731046,0.821712,0.854709,0.959911,0.829408
911,辽宁省,2016,0.78347,0.705564,0.600743,0.662911,0.807462,0.644907,0.566654,0.690513,0.723395,0.910951,0.662527
912,辽宁省,2017,0.7746,0.724223,0.730528,0.55801,0.716586,0.923557,0.732713,0.602689,0.616051,0.62925,0.906935
913,辽宁省,2018,0.69618,0.652707,0.754434,0.730986,0.724853,0.822541,0.682574,0.533709,0.504775,0.626057,0.744047
914,辽宁省,2019,0.68782,0.712761,0.56695,0.719481,0.685723,0.765744,0.822283,0.770738,0.490932,0.807089,0.797171
915,辽宁省,2020,0.64925,0.736938,0.58263,0.736366,0.662839,0.682401,0.527438,0.750851,0.635239,0.488314,0.7565
916,辽宁省,2021,0.61061,0.730015,0.669155,0.667879,0.560113,0.604034,0.687901,0.444628,0.629344,0.569626,0.468832
917,辽宁省,2022,0.62952,0.455624,0.737972,0.699439,0.592842,0.444211,0.642725,0.592174,0.636971,0.656247,0.696329
918,辽宁省,2023,0.64843,0.181233,0.806789,0.730999,0.625571,0.284388,0.597549,0.73972,0.644598,0.742868,0.923826
919,重庆市,1990,2.9815,2.798376,2.576225,2.993337,3.109257,3.106962,3.546345,2.220949,2.677596,3.134958,2.832127
920,重庆市,1991,2.52,2.065392,2.759299,2.5578,2.338409,2.465114,2.295166,2.605352,2.243606,1.828336,2.405214
921,重庆市,1992,2.16667,2.349837,2.40396,1.552287,2.45271,1.826804,2.247809,1.55493,2.397525,1.620559,2.036147
922,重庆市,1993,2.06654,1.802248,2.059057,2.213386,1.738516,2.172944,2.143682,2.008654,1.740542,1.794912,1.996586
923,重庆市,1994,1.87536,1.46636,1.400029,1.606112,1.819378,1.981427,1.778476,1.701436,1.659972,2.215809,2.089429
924,重庆市,1995,1.943,1.573752,1.517736,2.2491,1.969755,2.326004,2.056918,1.780701,1.393131,1.972417,1.56021
925,重庆市,1996,1.61844,1.642634,1.160129,1.694699,1.817393,1.917105,1.911246,1.668011,1.701448,1.769341,1.535088
926,重庆市,1997,1.54029,1.470149,1.482795,1.692167,1.701316,1.5388,1.679845,1.82052,1.478867,1.285329,1.810508
927,重庆市,1998,1.61806,1.313279,1.416009,1.143399,1.253168,1.562896,1.875553,1.786981,1.807158,1.527186,1.646874
928,重庆市,1999,1.40553,1.550984,1.327927,1.46394,1.27082,1.646166,1.347253,1.119361,1.365117,1.303429,1.567611
929,重庆市,2000,1.4945,1.371562,1.425663,1.758115,1.511582,1.212712,1.132966,1.773224,1.309705,1.163618,1.209424
930,重庆市,2001,1.23119,1.38797,1.215271,1.195904,1.122316,1.414896,1.185673,1.323382,1.21484,1.030161,1.08389
931,重庆市,2002,1.33182,1.215457,1.545641,1.456423,1.471366,1.575288,0.950412,1.544216,1.328568,1.444223,1.448432
932,重庆市,2003,1.29087,0.906371,1.42006,1.195797,1.02823,1.297673,1.376816,0.974091,1.279213,1.326976,1.006982
933,重庆市,2004,1.14042,1.040516,1.318676,1.11957,0.906346,0.891053,0.881599,1.083191,1.0961,1.034107,1.213575
934,重庆市,2005,1.0602,0.983367,0.903916,1.181922,1.147847,1.0963,1.172231,0.946398,1.115988,0.879075,0.945603
935,重庆市,2006,1.04865,0.971914,0.774735,0.774452,0.996945,0.808177,0.797648,0.942163,0.904716,0.925689,0.943715
936,重庆市,2007,1.10222,1.116474,1.27052,0.776152,1.283295,0.968346,1.122525,1.074005,0.878394,0.938266,0.858962
937,重庆市,2008,0.98304,0.771123,0.987322,1.112305,0.709526,0.800486,0.999522,0.877232,1.147006,0.785888,1.150978
938,重庆市,2009,0.89328,0.640675,0.755229,0.833864,0.727002,1.062972,0.890096,1.013922,1.027875,0.651145,0.691842
939,重庆市,2010,0.86617,0.912957,0.879376,0.648655,0.717723,0.710084,0.993693,0.981341,1.028313,0.800659,0.791651
940,重庆市,2011,0.90403,0.9828,0.835027,0.636131,0.973181,0.993477,1.083076,0.793957,0.755418,0.744353,0.931343
941,重庆市,2012,0.93719,0.988012,0.812345,0.735599,1.114063,0.933439,0.834135,0.902287,0.768644,1.016249,0.896889
942,重庆市,2013,0.76091,0.745577,0.723016,0.813161,0.636325,0.6597,0.740684,0.602252,0.653872,0.597595,0.790272
943,重庆市,2014,0.75779,0.609509,0.783794,0.80671,0.885831,0.884406,0.560533,0.666351,0.762076,0.639389,0.56414
944,重庆市,2015,0.84286,0.881957,0.598302,0.676907,0.971485,0.745726,1.003447,0.974553,0.841719,0.975472,0.782846
945,重庆市,2016,0.69542,0.571063,0.72984,0.658622,0.698261,0.685424,0.597878,0.510137,0.519949,0.729131,0.581264
946,重庆市,2017,0.74216,0.556057,0.554863,0.726436,0.563301,0.711429,0.646149,0.799405,0.788606,0.69499,0.538943
947,重庆市,2018,0.71079,0.817613,0.725844,0.561936,0.850509,0.594582,0.693439,0.577154,0.737962,0.663948,0.599373
948,重庆市,2019,0.72128,0.796065,0.61353,0.727009,0.817472,0.520917,0.757584,0.625077,0.841549,0.755759,0.797009
949,重庆市,2020,0.68238,0.524931,0.773813,0.540243,0.702935,0.494224,0.593966,0.584591,0.743147,0.818516,0.644285
950,重庆市,2021,0.71293,0.529398,0.84464,0.83955,0.507397,0.651081,0.762354,0.74446,0.634092,0.631197,0.560125
951,重庆市,2022,0.70524,0.764443,0.686493,0.507257,0.705492,0.789309,0.814825,0.713581,0.555939,0.844826,0.804486
952,重庆市,2023,0.69755,0.999488,0.528346,0.174964,0.903587,0.927537,0.867296,0.682702,0.477786,1.058455,1.048847
953,陕西省,1990,2.601,2.328389,1.865437,2.269216,2.979446,2.13719,2.447359,1.984849,1.82689,2.605396,3.075839
954,陕西省,1991,2.53046,2.588984,2.71075,2.186364,2.573574,2.321212,2.222853,2.22594,2.403477,1.869652,2.129555
955,陕西省,1992,2.45625,1.840321,2.660807,2.46858,2.92844,2.028838,2.576213,2.085135,2.329213,2.183483,1.97792
956,陕西省,1993,2.09462,1.470064,1.6772,2.450113,2.398208,1.974573,1.914373,1.53041,2.343958,2.397077,2.327285
957,陕西省,1994,1.84071,1.390494,1.697341,1.440267,1.449378,1.546126,2.022871,1.305821,1.638401,2.125988,2.105206
958,陕西省,1995,1.723,2.010207,1.452799,1.998215,1.582196,1.476077,1.430969,1.35066,1.257928,1.450387,1.822486
959,陕西省,1996,1.86469,2.059231,2.056751,1.325924,1.334632,1.808225,1.873769,1.826872,1.708054,1.852027,1.879419
960,陕西省,1997,1.47059,1.734985,1.640617,1.207015,1.587162,1.552559,1.67647,1.569838,1.25575,1.3295,1.623706
961,陕西省,1998,1.49389,1.306525,1.766972,1.272958,1.633,1.148905,1.591903,1.728579,1.440288,1.560755,1.25778
962,陕西省,1999,1.50132,1.505114,1.632606,1.429703,1.55763,1.310424,1.383973,1.526763,1.632816,1.707146,1.399902
963,陕西省,2000,1.32175,0.958467,1.142217,1.42782,1.536336,1.132528,1.553453,0.949188,1.018303,1.170899,1.213631
964,陕西省,2001,1.25405,1.059909,1.043556,1.096101,1.397925,1.041286,0.967937,1.474723,1.389836,1.100603,1.388921
965,陕西省,2002,1.18864,1.162165,1.298739,0.948793,1.384155,0.930345,1.177142,1.42609,1.103553,0.888339,1.1765
966,陕西省,2003,1.23022,1.379061,1.275575,0.8877,1.259656,1.433596,1.112534,1.41411,1.245521,0.899362,1.432637
967,陕西省,2004,1.12417,1.299537,0.964468,1.240192,1.194607,1.074535,1.023633,1.077874,1.298829,0.873174,1.008929
968,陕西省,2005,1.1926,1.118241,0.856633,0.843109,1.014426,0.930383,1.061426,1.389892,1.0417,0.878135,1.075558
969,陕西省,2006,1.05019,0.782698,1.104939,1.019264,0.835543,0.988514,1.1713,0.874957,1.169683,0.813752,0.747884
970,陕西省,2007,1.09333,1.103512,1.123837,1.262034,0.835416,0.784466,1.109318,0.90142,1.029821,0.803578,0.838193
971,陕西省,2008,1.00482,1.116517,0.865844,1.161915,1.182694,0.836664,1.181418,0.939477,0.768949,0.966176,1.119622
972,陕西省,2009,0.97948,0.771676,0.85216,1.059683,0.889978,1.058576,0.697509,0.946132,0.708039,0.960432,0.863914
973,陕西省,2010,0.95017,0.951573,0.917861,0.712217,1.035635,0.688586,0.891076,0.697708,0.795784,1.029496,0.731258
974,陕西省,2011,0.86097,0.728697,0.892919,0.711435,0.898575,0.721302,0.813486,0.66744,0.657022,0.847365,0.825866
975,陕西省,2012,0.91266,0.974571,0.718023,0.984409,1.042381,0.845758,0.727661,0.82537,0.780777,0.722239,0.681334
976,陕西省,2013,0.77273,0.920125,0.716581,0.723149,0.872247,0.638829,0.650257,0.762712,0.80206,0.876968,0.632183
977,陕西省,2014,0.86427,0.894583,0.730235,0.878776,0.662909,0.734038,0.852658,0.745273,0.908317,0.840489,0.738039
978,陕西省,2015,0.82629,0.789326,0.818073,0.937231,0.965523,0.960888,0.919871,0.866336,0.779039,0.865716,0.94128
979,陕西省,2016,0.82861,0.625129,0.843675,0.94252,0.927746,0.96747,0.929892,0.719292,0.722483,0.9314,0.765603
980,陕西省,2017,0.73324,0.591302,0.766848,0.580516,0.526688,0.658746,0.843552,0.7349,0.700064,0.833507,0.788376
981,陕西省,2018,0.71013,0.521983,0.554798,0.828596,0.74654,0.662503,0.823235,0.699501,0.692428,0.607255,0.69419
982,陕西省,2019,0.70846,0.775001,0.792833,0.5049,0.496504,0.577807,0.521393,0.538211,0.653854,0.750091,0.723573
983,陕西省,2020,0.74563,0.661638,0.699381,0.798497,0.536805,0.864627,0.527709,0.655703,0.562619,0.696861,0.761686
984,陕西省,2021,0.61488,0.707417,0.461964,0.70612,0.647399,0.685171,0.707325,0.437566,0.703248,0.465912,0.481419
985,陕西省,2022,0.7031,0.546818,0.658406,0.679513,0.496484,0.641869,0.531153,0.831874,0.601533,0.533269,0.756453
986,陕西省,2023,0.79132,0.386219,0.854848,0.652906,0.345569,0.598567,0.354981,1.226182,0.499818,0.600626,1.031487
987,青海省,1990,0.6705,0.563528,0.784867,0.585816,0.606212,0.504504,0.525055,0.631128,0.76954,0.649634,0.601204
988,青海省,1991,0.89182,1.005792,0.660793,1.004901,1.044961,1.020222,0.641832,0.783096,0.833734,1.065731,0.977522
989,青海省,1992,0.63333,0.515799,0.583895,0.509339,0.479528,0.45403,0.513614,0.649831,0.583863,0.515552,0.6712
990,青海省,1993,0.71692,0.811607,0.784866,0.508098,0.511575,0.647575,0.83224,0.803871,0.743628,0.629595,0.604466
991,青海省,1994,0.50607,0.416426,0.463769,0.464113,0.523956,0.554244,0.362767,0.471739,0.35512,0.359649,0.530104
992,青海省,1995,0.44133,0.465094,0.529538,0.488317,0.310884,0.346248,0.518778,0.398197,0.343004,0.338039,0.424995
993,青海省,1996,0.40125,0.380903,0.373255,0.365804,0.447647,0.410663,0.314997,0.427339,0.406217,0.414876,0.415414
994,青海省,1997,0.31941,0.361878,0.265361,0.263394,0.342087,0.320003,0.284641,0.370342,0.348705,0.301892,0.350558
995,青海省,1998,0.39611,0.427396,0.464076,0.361939,0.420099,0.292746,0.322668,0.398931,0.290092,0.386533,0.319523
996,青海省,1999,0.27263,0.258534,0.274977,0.320223,0.300487,0.320929,0.271086,0.246274,0.220189,0.301733,0.302368
997,青海省,2000,0.36875,0.323272,0.333357,0.388781,0.420209,0.314131,0.269014,0.287065,0.382132,0.294078,0.388467
998,青海省,2001,0.35405,0.280328,0.391078,0.402184,0.321493,0.390653,0.409131,0.248694,0.422928,0.317298,0.254507
999,青海省,2002,0.31909,0.368643,0.308082,0.363799,0.353735,0.290848,0.376732,0.318223,0.367759,0.298934,0.229308
1000,青海省,2003,0.2213,0.213634,0.172223,0.213654,0.225951,0.226064,0.181861,0.238915,0.156398,0.242111,0.177849
1001,青海省,2004,0.39646,0.43206,0.342044,0.457861,0.369043,0.309035,0.468827,0.383022,0.461378,0.406025,0.395395
1002,青海省,2005,0.2224,0.250309,0.261709,0.181094,0.163996,0.197078,0.236004,0.16118,0.185728,0.201114,0.196693
1003,青海省,2006,0.19962,0.145631,0.155069,0.198647,0.23009,0.225763,0.213548,0.155542,0.225094,0.140465,0.230282
1004,青海省,2007,0.2637,0.256951,0.259205,0.283809,0.196776,0.291253,0.201082,0.278983,0.262881,0.218903,0.187794
1005,青海省,2008,0.28214,0.309858,0.316471,0.228556,0.331916,0.319005,0.32528,0.22774,0.314934,0.261947,0.318288
1006,青海省,2009,0.31431,0.294411,0.274006,0.222148,0.341737,0.339621,0.262854,0.303796,0.357025,0.287751,0.368576
1007,青海省,2010,0.22567,0.182531,0.179085,0.26798,0.177801,0.267883,0.259427,0.246492,0.257096,0.198262,0.197858
1008,青海省,2011,0.24145,0.241145,0.239163,0.192968,0.241252,0.226866,0.284508,0.192792,0.28726,0.236732,0.208982
1009,青海省,2012,0.19688,0.161516,0.140801,0.140614,0.155242,0.19593,0.230096,0.183194,0.173075,0.176496,0.177812
1010,青海省,2013,0.15576,0.149134,0.111219,0.158591,0.173036,0.140464,0.11513,0.180358,0.119069,0.137037,0.170949
1011,青海省,2014,0.15706,0.111991,0.121226,0.186321,0.130979,0.169583,0.156505,0.147423,0.159167,0.182845,0.179212
1012,青海省,2015,0.19329,0.168882,0.160031,0.138315,0.187574,0.223456,0.171155,0.155993,0.177375,0.208244,0.220649
1013,青海省,2016,0.19111,0.199088,0.201311,0.16829,0.183073,0.15337,0.181114,0.220984,0.171516,0.213876,0.172734
1014,青海省,2017,0.16905,0.177098,0.166425,0.17938,0.125796,0.201479,0.195022,0.196505,0.138448,0.141091,0.136464
1015,青海省,2018,0.24474,0.176291,0.173005,0.25148,0.235356,0.233117,0.256254,0.284448,0.263423,0.264296,0.197632
1016,青海省,2019,0.15859,0.166161,0.189499,0.143334,0.133403,0.114884,0.130937,0.14436,0.118673,0.116069,0.116042
1017,青海省,2020,0.14663,0.15038,0.107825,0.141203,0.123848,0.159941,0.159817,0.119285,0.128106,0.153151,0.13059
1018,青海省,2021,0.18671,0.140434,0.207775,0.220964,0.1897,0.187689,0.147002,0.185396,0.222956,0.160603,0.158567
1019,青海省,2022,0.12119,0.101259,0.142023,0.106293,0.093887,0.105662,0.132698,0.113671,0.127969,0.129761,0.124463
1020,青海省,2023,0.05567,0.062084,0.076271,-0.008378,0.001926,0.023635,0.118394,0.041946,0.032982,0.098919,0.090359
1021,黑龙江省,1990,2.7895,2.912015,3.032493,2.755552,3.170546,3.090236,2.244962,2.674656,2.938069,2.865235,2.942978
1022,黑龙江省,1991,2.35409,1.792264,2.53578,2.214941,2.666597,2.020822,2.324571,2.089326,2.570197,2.43832,1.689531
1023,黑龙江省,1992,2.15667,2.245392,1.970202,1.543138,2.363297,1.761997,1.995564,1.681273,1.948355,2.47814,2.026081
1024,黑龙江省,1993,2.30539,1.929238,2.105877,2.750347,2.75867,2.332058,1.894796,2.762612,2.663457,2.697508,1.853138
1025,黑龙江省,1994,1.79857,1.449468,1.976468,1.852222,1.566627,2.055461,1.63679,1.742959,1.801053,1.272237,1.318245
1026,黑龙江省,1995,1.67967,1.187222,2.014643,1.411861,1.555792,1.30747,1.4751,1.265831,1.871384,1.847449,1.671924
1027,黑龙江省,1996,1.605,1.247069,1.398196,1.633216,1.529324,1.591133,1.690739,1.481913,1.39184,1.550912,1.778501
1028,黑龙江省,1997,1.53559,1.552403,1.714392,1.573563,1.526559,1.33246,1.268135,1.288021,1.640054,1.100786,1.091573
1029,黑龙江省,1998,1.48861,1.059578,1.274504,1.40248,1.251728,1.681758,1.206996,1.274638,1.6796,1.745173,1.496218
1030,黑龙江省,1999,1.57553,1.238868,1.14599,1.3037,1.557407,1.674768,1.56924,1.604232,1.296453,1.684458,1.379704
1031,黑龙江省,2000,1.31175,1.123829,1.285213,1.360783,1.025723,1.527271,1.431395,1.468858,1.289857,1.387438,1.356218
1032,黑龙江省,2001,1.36119,1.550096,1.385229,1.3731,0.969467,1.133191,1.461265,1.3027,1.292028,1.260299,1.574924
1033,黑龙江省,2002,1.32591,1.469889,1.317304,1.242324,1.096142,1.587166,1.33645,1.090613,1.19414,1.551632,1.421162
1034,黑龙江省,2003,1.09174,0.920642,0.898348,1.082383,1.179853,0.924539,0.995055,0.908141,1.27883,0.860454,1.108443
1035,黑龙江省,2004,1.22479,1.211503,1.436314,1.127103,1.293821,1.367921,1.345789,0.934137,1.243323,1.246201,1.144237
1036,黑龙江省,2005,1.1762,1.100112,1.01719,1.370873,0.849146,1.308005,1.284963,1.146395,1.227271,0.879409,1.183634
1037,黑龙江省,2006,1.12519,0.91324,0.919541,0.875906,1.031025,1.031835,0.978546,1.215207,1.274561,0.955806,0.869593
1038,黑龙江省,2007,0.93519,0.886929,0.744501,1.080176,0.684799,0.786463,1.120352,0.967589,1.024598,0.686959,0.900957
1039,黑龙江省,2008,1.04286,1.245359,0.982382,1.167437,0.895428,1.061086,1.093748,0.819498,1.20158,1.241261,0.739208
1040,黑龙江省,2009,1.00172,0.87761,0.810104,0.887317,0.765998,0.92358,1.10967,0.890623,1.016419,1.103549,0.943684
1041,黑龙江省,2010,0.95767,0.67709,1.109955,1.072664,0.800916,0.862168,1.130995,0.925384,1.063135,0.950944,0.904325
1042,黑龙江省,2011,0.88645,0.707034,0.932211,0.963015,1.054683,0.782046,0.729701,0.871533,0.884351,0.628814,1.047574
1043,黑龙江省,2012,0.91938,1.032219,1.036421,0.703791,1.094038,1.024119,1.055157,0.858338,0.962255,0.927585,0.845954
1044,黑龙江省,2013,0.8103,0.833129,0.590792,0.855421,0.588839,0.785248,0.736484,0.838421,0.766466,0.844757,0.803156
1045,黑龙江省,2014,0.74235,0.642262,0.6973,0.614824,0.583163,0.621015,0.737335,0.764148,0.65313,0.703855,0.683314
1046,黑龙江省,2015,0.85186,0.758195,0.732554,0.966381,0.846533,0.657327,0.772549,0.751261,1.020065,0.920116,0.901401
1047,黑龙江省,2016,0.81278,0.661284,0.706719,0.627993,0.957249,0.938921,0.924389,0.801415,0.576333,0.628578,0.576633
1048,黑龙江省,2017,0.73216,0.515347,0.585137,0.767086,0.686482,0.84523,0.774335,0.690773,0.615529,0.776707,0.71407
1049,黑龙江省,2018,0.70382,0.653599,0.537814,0.64744,0.647736,0.653366,0.675044,0.779293,0.50964,0.571752,0.501061
1050,黑龙江省,2019,0.76859,0.766715,0.580378,0.69954,0.565429,0.712445,0.611167,0.745863,0.788035,0.704928,0.844834
1051,黑龙江省,2020,0.64663,0.693732,0.539971,0.732413,0.555638,0.760703,0.666425,0.465835,0.496104,0.5545,0.572658
1052,黑龙江省,2021,0.67402,0.525981,0.543398,0.716029,0.671463,0.742094,0.607221,0.715308,0.738117,0.627186,0.545184
1053,黑龙江省,2022,0.64964,0.682417,0.750409,0.489506,0.626568,0.464469,0.627627,0.552944,0.459538,0.483776,0.589415
1054,黑龙江省,2023,0.62526,0.838853,0.95742,0.262983,0.581673,0.186844,0.648033,0.39058,0.180959,0.340366,0.633646
