row_id,stock_code,field_002,province,city,date,date_2,field_007
1,000001.SZ,平安银行,广东省,深圳市,1987-12-22,1991-04-03,
2,000002.SZ,万科A,广东省,深圳市,1984-05-30,1991-01-29,
3,000004.SZ,ST国华,广东省,深圳市,1986-05-05,1991-01-14,
4,000005.SZ,ST星源,广东省,深圳市,1989-05-08,1990-12-10,
5,000006.SZ,深振业A,广东省,深圳市,1989-05-25,1992-04-27,
6,000007.SZ,全新好,广东省,深圳市,1983-03-11,1992-04-13,
7,000008.SZ,神州高铁,北京,北京市,1989-10-11,1992-05-07,
8,000009.SZ,中国宝安,广东省,深圳市,1990-10-08,1991-06-25,
9,000010.SZ,美丽生态,广东省,深圳市,1989-01-09,1995-10-27,更多数据请关注公众号
10,000011.SZ,深物业A,广东省,深圳市,1983-01-17,1992-03-30,【众鲤数据网】
11,000012.SZ,南玻A,广东省,深圳市,1984-09-10,1992-02-28,官网https://zldatas.com
12,000014.SZ,沙河股份,广东省,深圳市,1987-07-27,1992-06-02,
13,000016.SZ,深康佳A,广东省,深圳市,1980-10-01,1992-03-27,
14,000017.SZ,深中华A,广东省,深圳市,1984-08-24,1992-03-31,
15,000019.SZ,深粮控股,广东省,深圳市,1981-07-30,1992-10-12,
16,000020.SZ,深华发A,广东省,深圳市,1981-12-08,1992-04-28,
17,000021.SZ,深科技,广东省,深圳市,1985-07-04,1994-02-02,
18,000023.SZ,深天地A,广东省,深圳市,1984-11-16,1993-04-29,
19,000025.SZ,特力A,广东省,深圳市,1986-11-10,1993-06-21,
20,000026.SZ,飞亚达,广东省,深圳市,1990-03-30,1993-06-03,
21,000027.SZ,深圳能源,广东省,深圳市,1993-08-21,1993-09-03,
22,000028.SZ,国药一致,广东省,深圳市,1986-08-02,1993-08-09,
23,000029.SZ,深深房A,广东省,深圳市,1986-07-19,1993-09-15,
24,000030.SZ,富奥股份,吉林省,长春市,1988-10-06,1993-09-29,
25,000031.SZ,大悦城,广东省,深圳市,1993-10-08,1993-10-08,
26,000032.SZ,深桑达A,广东省,深圳市,1993-12-04,1993-10-28,
27,000034.SZ,神州数码,广东省,深圳市,1982-06-01,1994-05-09,
28,000035.SZ,中国天楹,江苏省,海安市,1984-12-31,1994-04-08,
29,000036.SZ,华联控股,广东省,深圳市,1989-09-11,1994-06-17,
30,000037.SZ,深南电A,广东省,深圳市,1990-04-06,1994-07-01,
31,000038.SZ,*ST大通,广东省,深圳市,1987-06-24,1994-08-08,
32,000039.SZ,中集集团,广东省,深圳市,1980-01-14,1994-04-08,
33,000040.SZ,东旭蓝天,广东省,深圳市,1982-03-23,1994-08-08,
34,000042.SZ,中洲控股,广东省,深圳市,1984-09-17,1994-09-21,
35,000045.SZ,深纺织A,广东省,深圳市,1982-04-30,1994-08-15,
36,000046.SZ,泛海控股,北京,北京市,1989-05-09,1994-09-12,
37,000048.SZ,京基智农,广东省,深圳市,1979-01-01,1994-11-01,
38,000049.SZ,德赛电池,广东省,深圳市,1985-09-04,1995-03-20,
39,000050.SZ,深天马A,广东省,深圳市,1983-11-08,1995-03-15,
40,000055.SZ,方大集团,广东省,深圳市,1994-04-20,1996-04-15,
41,000056.SZ,皇庭国际,广东省,深圳市,1985-01-19,1996-07-08,
42,000058.SZ,深赛格,广东省,深圳市,1996-07-16,1996-12-26,
43,000059.SZ,华锦股份,辽宁省,盘锦市,1997-01-23,1997-01-30,
44,000060.SZ,中金岭南,广东省,深圳市,1984-09-01,1997-01-23,
45,000061.SZ,农产品,广东省,深圳市,1989-01-14,1997-01-10,
46,000062.SZ,深圳华强,广东省,深圳市,1994-01-19,1997-01-30,
47,000063.SZ,中兴通讯,广东省,深圳市,1997-11-11,1997-11-18,
48,000065.SZ,北方国际,北京,北京市,1986-04-05,1998-06-05,
49,000066.SZ,中国长城,广东省,深圳市,1997-06-19,1997-06-26,
50,000068.SZ,华控赛格,广东省,深圳市,1997-06-06,1997-06-11,
51,000069.SZ,华侨城A,广东省,深圳市,1997-09-02,1997-09-10,
52,000070.SZ,特发信息,广东省,深圳市,1999-07-29,2000-05-11,
53,000078.SZ,海王生物,广东省,深圳市,1992-12-13,1998-12-18,
54,000088.SZ,盐田港,广东省,深圳市,1997-07-21,1997-07-28,
55,000089.SZ,深圳机场,广东省,深圳市,1998-04-10,1998-04-20,
56,000090.SZ,天健集团,广东省,深圳市,1993-12-06,1999-07-21,
57,000096.SZ,广聚能源,广东省,深圳市,1999-02-18,2000-07-24,
58,000099.SZ,中信海直,广东省,深圳市,1999-02-11,2000-07-31,
59,000100.SZ,TCL科技,广东省,惠州市,1982-03-11,2004-01-30,
60,000150.SZ,*ST宜康,广东省,汕头市,1993-02-19,2000-08-07,
61,000151.SZ,中成股份,北京,北京市,1999-03-01,2000-09-06,
62,000153.SZ,丰原药业,安徽省,无为市,1997-08-30,2000-09-20,
63,000155.SZ,川能动力,四川省,成都市,1997-10-20,2000-09-26,
64,000156.SZ,华数传媒,浙江省,杭州市,1994-06-30,2000-09-06,
65,000157.SZ,中联重科,湖南省,长沙市,1999-08-31,2000-10-12,
66,000158.SZ,常山北明,河北省,石家庄市,1998-12-29,2000-07-24,
67,000159.SZ,国际实业,新疆维吾尔自治区,乌鲁木齐市,1999-03-28,2000-09-26,
68,000166.SZ,申万宏源,新疆维吾尔自治区,乌鲁木齐市,1996-09-16,2015-01-26,
69,000301.SZ,东方盛虹,江苏省,苏州市,1998-07-16,2000-05-29,
70,000333.SZ,美的集团,广东省,佛山市,2000-04-07,2013-09-18,
71,000338.SZ,潍柴动力,山东省,潍坊市,2002-12-23,2007-04-30,
72,000400.SZ,许继电气,河南省,许昌市,1996-12-26,1997-04-18,
73,000401.SZ,冀东水泥,河北省,唐山市,1994-05-08,1996-06-14,
74,000402.SZ,金融街,北京,北京市,1996-06-18,1996-06-26,
75,000403.SZ,派林生物,山西省,太原市,1995-05-22,1996-06-28,
76,000404.SZ,长虹华意,江西省,景德镇市,1996-06-13,1996-06-19,
77,000407.SZ,胜利股份,山东省,济南市,1994-05-11,1996-07-03,
78,000408.SZ,藏格矿业,青海省,格尔木市,1996-06-25,1996-06-28,
79,000409.SZ,云鼎科技,山东省,济南市,1993-03-02,1996-06-27,
80,000410.SZ,*ST沈机,辽宁省,沈阳市,1993-05-20,1996-07-18,
81,000411.SZ,英特集团,浙江省,杭州市,1995-12-14,1996-07-16,
82,000413.SZ,东旭光电,河北省,石家庄市,1992-12-26,1996-09-25,
83,000415.SZ,渤海租赁,新疆维吾尔自治区,乌鲁木齐市,1993-08-30,1996-07-16,
84,000416.SZ,民生控股,山东省,青岛市,1979-12-28,1996-07-19,
85,000417.SZ,合肥百货,安徽省,合肥市,1996-07-29,1996-08-12,
86,000419.SZ,通程控股,湖南省,长沙市,1996-08-10,1996-08-16,
87,000420.SZ,吉林化纤,吉林省,吉林市,1988-11-09,1996-08-02,
88,000421.SZ,南京公用,江苏省,南京市,1992-07-10,1996-08-06,
89,000422.SZ,湖北宜化,湖北省,宜昌市,1993-09-06,1996-08-15,
90,000423.SZ,东阿阿胶,山东省,聊城市,1994-06-04,1996-07-29,
91,000425.SZ,徐工机械,江苏省,徐州市,1993-12-15,1996-08-28,
92,000426.SZ,兴业矿业,内蒙古自治区,赤峰市,1996-08-23,1996-08-28,
93,000428.SZ,华天酒店,湖南省,长沙市,1996-08-03,1996-08-08,
94,000429.SZ,粤高速A,广东省,广州市,1997-01-02,1998-02-20,
95,000430.SZ,张家界,湖南省,张家界市,1992-12-17,1996-08-29,
96,000488.SZ,晨鸣纸业,山东省,寿光市,1993-05-05,2000-11-20,
97,000498.SZ,山东路桥,山东省,济南市,1994-01-10,1997-06-09,
98,000501.SZ,武商集团,湖北省,武汉市,1991-11-02,1992-11-20,
99,000503.SZ,国新健康,山东省,青岛市,1987-08-28,1992-11-30,
100,000504.SZ,南华生物,湖南省,长沙市,1991-10-18,1992-12-08,
101,000505.SZ,京粮控股,海南省,海口市,1988-03-22,1992-12-21,
102,000506.SZ,中润资源,山东省,济南市,1988-05-11,1993-03-12,
103,000507.SZ,珠海港,广东省,珠海市,1986-06-20,1993-03-26,
104,000509.SZ,华塑控股,四川省,南充市,1990-10-18,1993-05-07,
105,000510.SZ,新金路,四川省,德阳市,1992-04-18,1993-05-07,
106,000513.SZ,丽珠集团,广东省,珠海市,1985-01-26,1993-10-28,
107,000514.SZ,渝开发,重庆,重庆市,1992-09-08,1993-07-12,
108,000516.SZ,国际医学,陕西省,西安市,1996-12-31,1993-08-09,
109,000517.SZ,荣安地产,浙江省,宁波市,1989-05-19,1993-08-06,
110,000518.SZ,四环生物,江苏省,江阴市,1992-05-18,1993-09-08,
111,000519.SZ,中兵红箭,湖南省,湘潭市,1998-03-10,1993-10-08,
112,000520.SZ,长航凤凰,湖北省,武汉市,1992-06-15,1993-10-25,
113,000521.SZ,长虹美菱,安徽省,合肥市,1996-11-18,1993-10-18,
114,000523.SZ,广州浪奇,广东省,广州市,1978-06-20,1993-11-08,
115,000524.SZ,岭南控股,广东省,广州市,1993-01-14,1993-11-18,
116,000525.SZ,ST红太阳,江苏省,南京市,1991-06-13,1993-10-28,
117,000526.SZ,学大教育,福建省,厦门市,1992-07-02,1993-11-01,
118,000528.SZ,柳工,广西壮族自治区,柳州市,1993-11-08,1993-11-18,
119,000529.SZ,广弘控股,广东省,广州市,1985-11-05,1993-11-18,
120,000530.SZ,冰山冷热,辽宁省,大连市,1993-12-18,1993-12-08,
121,000531.SZ,穗恒运A,广东省,广州市,1992-11-30,1994-01-06,
122,000532.SZ,华金资本,广东省,珠海市,1992-10-28,1994-01-03,
123,000533.SZ,顺钠股份,广东省,佛山市,1992-10-28,1994-01-03,
124,000534.SZ,万泽股份,广东省,汕头市,1992-11-04,1994-01-10,
125,000536.SZ,华映科技,福建省,福州市,1995-05-25,1993-11-26,
126,000537.SZ,广宇发展,天津,天津市,1986-03-05,1993-12-10,
127,000538.SZ,云南白药,云南省,昆明市,1993-11-30,1993-12-15,
128,000539.SZ,粤电力A,广东省,广州市,1996-02-05,1993-11-26,
129,000540.SZ,中天金融,贵州省,贵阳市,1994-01-08,1994-02-02,
130,000541.SZ,佛山照明,广东省,佛山市,1992-10-20,1993-11-23,
131,000543.SZ,皖能电力,安徽省,合肥市,1993-12-13,1993-12-20,
132,000544.SZ,中原环保,河南省,郑州市,1996-10-25,1993-12-08,
133,000545.SZ,金浦钛业,吉林省,吉林市,1989-11-15,1993-12-15,
134,000546.SZ,金圆股份,吉林省,长春市,1998-03-04,1993-12-15,
135,000547.SZ,航天发展,福建省,福州市,1993-11-20,1993-11-30,
136,000548.SZ,湖南投资,湖南省,长沙市,1992-11-08,1993-12-20,
137,000550.SZ,江铃汽车,江西省,南昌市,1997-01-08,1993-12-01,
138,000551.SZ,创元科技,江苏省,苏州市,1993-12-22,1994-01-06,
139,000552.SZ,靖远煤电,甘肃省,白银市,1996-12-28,1994-01-06,
140,000553.SZ,安道麦A,湖北省,荆州市,1998-03-27,1993-12-03,
141,000554.SZ,泰山石油,山东省,泰安市,1993-03-17,1993-12-15,
142,000555.SZ,神州信息,广东省,深圳市,1996-11-18,1994-04-08,
143,000557.SZ,西部创业,宁夏回族自治区,银川市,1994-02-18,1994-06-17,
144,000558.SZ,莱茵体育,浙江省,杭州市,1988-03-31,1994-05-09,
145,000559.SZ,万向钱潮,浙江省,杭州市,1994-01-08,1994-01-10,
146,000560.SZ,我爱我家,云南省,昆明市,1992-11-30,1994-02-02,
147,000561.SZ,烽火电子,陕西省,宝鸡市,1992-08-15,1994-05-09,
148,000563.SZ,陕国投A,陕西省,西安市,1985-01-05,1994-01-10,
149,000564.SZ,ST大集,陕西省,西安市,1996-12-05,1994-01-10,
150,000565.SZ,渝三峡A,重庆,重庆市,1992-06-22,1994-04-08,
151,000566.SZ,海南海药,海南省,海口市,1992-12-30,1994-05-25,
152,000567.SZ,海德股份,海南省,海口市,1987-03-02,1994-05-25,
153,000568.SZ,泸州老窖,四川省,泸州市,1995-05-03,1994-05-09,
154,000570.SZ,苏常柴A,江苏省,常州市,1994-05-05,1994-07-01,
155,000571.SZ,ST大洲,海南省,海口市,1992-12-30,1994-05-25,
156,000572.SZ,海马汽车,海南省,海口市,1993-01-26,1994-08-08,
157,000573.SZ,粤宏远A,广东省,东莞市,1992-05-08,1994-08-15,
158,000576.SZ,甘化科工,广东省,江门市,1993-04-15,1994-09-07,
159,000581.SZ,威孚高科,江苏省,无锡市,1988-10-27,1998-09-24,
160,000582.SZ,北部湾港,广西壮族自治区,北海市,1996-08-07,1995-11-02,
161,000584.SZ,哈工智能,江苏省,江阴市,1991-10-10,1995-11-28,
162,000586.SZ,汇源通信,四川省,成都市,1994-03-04,1995-12-20,
163,000587.SZ,*ST金洲,黑龙江省,伊春市,1996-02-05,1996-04-25,
164,000589.SZ,贵州轮胎,贵州省,贵阳市,1996-01-29,1996-03-08,
165,000590.SZ,启迪药业,湖南省,衡阳市,1993-11-12,1996-01-19,
166,000591.SZ,太阳能,重庆,重庆市,1993-04-12,1996-02-08,
167,000592.SZ,平潭发展,福建省,福州市,1993-09-08,1996-03-27,
168,000593.SZ,德龙汇能,四川省,成都市,1994-01-01,1996-03-12,
169,000595.SZ,宝塔实业,宁夏回族自治区,银川市,1996-04-13,1996-04-19,
170,000596.SZ,古井贡酒,安徽省,亳州市,1999-03-05,1996-09-27,
171,000597.SZ,东北制药,辽宁省,沈阳市,1993-06-10,1996-05-23,
172,000598.SZ,兴蓉环境,四川省,成都市,1996-05-26,1996-05-29,
173,000599.SZ,青岛双星,山东省,青岛市,1996-04-24,1996-04-30,
174,000600.SZ,建投能源,河北省,石家庄市,1994-01-18,1996-06-06,
175,000601.SZ,韶能股份,广东省,韶关市,1993-06-14,1996-08-30,
176,000603.SZ,盛达资源,北京,北京市,1995-06-22,1996-08-23,
177,000605.SZ,渤海股份,北京,北京市,1996-09-10,1996-09-13,
178,000606.SZ,*ST顺利,青海省,西宁市,1996-09-24,1996-10-04,
179,000607.SZ,华媒控股,浙江省,杭州市,1993-12-18,1996-08-30,
180,000608.SZ,阳光股份,广西壮族自治区,南宁市,1996-06-07,1996-09-19,
181,000609.SZ,中迪投资,北京,北京市,1993-08-02,1996-10-10,
182,000610.SZ,西安旅游,陕西省,西安市,1996-12-31,1996-09-26,
183,000612.SZ,焦作万方,河南省,焦作市,1996-11-27,1996-09-26,
184,000615.SZ,奥园美谷,湖北省,襄阳市,1993-06-08,1996-10-16,
185,000616.SZ,ST海投,辽宁省,大连市,1993-05-27,1996-11-08,
186,000617.SZ,中油资本,新疆维吾尔自治区,克拉玛依市,1996-10-11,1996-10-22,
187,000619.SZ,海螺新材,安徽省,芜湖市,1996-10-16,1996-10-23,
188,000620.SZ,新华联,北京,北京市,1993-06-25,1996-10-29,
189,000622.SZ,恒立实业,湖南省,岳阳市,1993-05-08,1996-11-07,
190,000623.SZ,吉林敖东,吉林省,敦化市,1993-03-20,1996-10-28,
191,000625.SZ,长安汽车,重庆,重庆市,1996-10-31,1997-06-10,
192,000626.SZ,远大控股,江苏省,连云港市,1994-06-27,1996-11-28,
193,000627.SZ,天茂集团,湖北省,荆门市,1993-11-18,1996-11-12,
194,000628.SZ,高新发展,四川省,成都市,1992-11-01,1996-11-18,
195,000629.SZ,钒钛股份,四川省,攀枝花市,1993-03-27,1996-11-15,
196,000630.SZ,铜陵有色,安徽省,铜陵市,1996-11-12,1996-11-20,
197,000631.SZ,顺发恒业,浙江省,杭州市,1993-07-02,1996-11-22,
198,000632.SZ,三木集团,福建省,福州市,1992-10-24,1996-11-21,
199,000633.SZ,合金投资,新疆维吾尔自治区,和田市,1990-03-12,1996-11-12,
200,000635.SZ,英力特,宁夏回族自治区,石嘴山市,1996-11-12,1996-11-20,
201,000636.SZ,风华高科,广东省,肇庆市,1994-03-23,1996-11-29,
202,000637.SZ,茂化实华,广东省,茂名市,1988-10-04,1996-11-14,
203,000638.SZ,万方发展,吉林省,白山市,1996-11-20,1996-11-26,
204,000639.SZ,西王食品,山东省,邹平市,2011-01-31,1996-11-26,
205,000650.SZ,仁和药业,江西省,南昌市,1996-12-04,1996-12-10,
206,000651.SZ,格力电器,广东省,珠海市,1989-12-13,1996-11-18,
207,000652.SZ,泰达股份,天津,天津市,1981-08-20,1996-11-28,
208,000655.SZ,金岭矿业,山东省,淄博市,1996-09-28,1996-11-28,
209,000656.SZ,金科股份,重庆,重庆市,1994-03-29,1996-11-28,
210,000657.SZ,中钨高新,海南省,海口市,1993-03-18,1996-12-05,
211,000659.SZ,珠海中富,广东省,珠海市,1985-12-18,1996-12-03,
212,000661.SZ,长春高新,吉林省,长春市,1993-06-10,1996-12-18,
213,000663.SZ,永安林业,福建省,永安市,1994-01-06,1996-12-06,
214,000665.SZ,湖北广电,湖北省,武汉市,1991-02-05,1996-12-10,
215,000666.SZ,经纬纺机,北京,北京市,1996-03-29,1996-12-10,
216,000667.SZ,美好置业,云南省,昆明市,1996-10-17,1996-12-05,
217,000668.SZ,荣丰控股,山东省,青岛市,1992-08-08,1996-12-10,
218,000669.SZ,ST金鸿,吉林省,吉林市,1985-02-11,1996-12-10,
219,000670.SZ,盈方微,湖北省,荆州市,1993-02-22,1996-12-17,
220,000671.SZ,阳光城,福建省,福州市,1991-08-12,1996-12-18,
221,000672.SZ,上峰水泥,甘肃省,白银市,1997-03-06,1996-12-18,
222,000676.SZ,智度股份,广东省,广州市,1996-12-16,1996-12-24,
223,000677.SZ,恒天海龙,山东省,潍坊市,1989-07-21,1996-12-26,
224,000678.SZ,襄阳轴承,湖北省,襄阳市,1993-05-06,1997-01-06,
225,000679.SZ,大连友谊,辽宁省,大连市,1992-07-28,1997-01-24,
226,000680.SZ,山推股份,山东省,济宁市,1993-12-14,1997-01-22,
227,000681.SZ,视觉中国,江苏省,常州市,1994-05-28,1997-01-21,
228,000682.SZ,东方电子,山东省,烟台市,1994-02-09,1997-01-21,
229,000683.SZ,远兴能源,内蒙古自治区,鄂尔多斯市,1997-01-23,1997-01-31,
230,000685.SZ,中山公用,广东省,中山市,1992-12-26,1997-01-23,
231,000686.SZ,东北证券,吉林省,长春市,1992-07-17,1997-02-27,
232,000688.SZ,国城矿业,重庆,重庆市,1978-11-10,1997-01-20,
233,000690.SZ,宝新能源,广东省,梅州市,1997-01-20,1997-01-28,
234,000691.SZ,亚太实业,甘肃省,兰州市,1988-02-12,1997-02-28,
235,000692.SZ,惠天热电,辽宁省,沈阳市,1993-12-28,1997-02-27,
236,000695.SZ,滨海能源,天津,天津市,1997-04-29,1997-02-18,
237,000697.SZ,炼石航空,陕西省,咸阳市,1993-06-08,1997-03-25,
238,000698.SZ,沈阳化工,辽宁省,沈阳市,1996-05-20,1997-02-20,
239,000700.SZ,模塑科技,江苏省,江阴市,1988-06-27,1997-02-28,
240,000701.SZ,厦门信达,福建省,厦门市,1996-11-28,1997-02-26,
241,000702.SZ,正虹科技,湖南省,汨罗市,1997-03-12,1997-03-18,
242,000703.SZ,恒逸石化,广西壮族自治区,钦州市,1996-08-13,1997-03-28,
243,000705.SZ,浙江震元,浙江省,绍兴市,1993-04-02,1997-04-10,
244,000707.SZ,双环科技,湖北省,应城市,1993-12-27,1997-04-15,
245,000708.SZ,中信特钢,湖北省,黄石市,1993-05-18,1997-03-26,
246,000709.SZ,河钢股份,河北省,石家庄市,1997-01-18,1997-04-16,
247,000710.SZ,贝瑞基因,四川省,成都市,1997-04-14,1997-04-22,
248,000711.SZ,京蓝科技,黑龙江省,哈尔滨市,1993-03-31,1997-04-11,
249,000712.SZ,锦龙股份,广东省,东莞市,1997-04-09,1997-04-15,
250,000713.SZ,丰乐种业,安徽省,合肥市,1997-04-16,1997-04-22,
251,000715.SZ,中兴商业,辽宁省,沈阳市,1997-04-25,1997-05-08,
252,000716.SZ,黑芝麻,广西壮族自治区,玉林市,1993-05-31,1997-04-18,
253,000717.SZ,中南股份,广东省,韶关市,1997-04-29,1997-05-08,
254,000718.SZ,苏宁环球,吉林省,吉林市,1993-05-10,1997-04-08,
255,000719.SZ,中原传媒,河南省,焦作市,1996-12-19,1997-03-31,
256,000720.SZ,新能泰山,山东省,泰安市,1994-03-28,1997-05-09,
257,000721.SZ,西安饮食,陕西省,西安市,1996-12-31,1997-04-30,
258,000722.SZ,湖南发展,湖南省,长沙市,1993-08-12,1997-05-22,
259,000723.SZ,美锦能源,山西省,太原市,1997-01-08,1997-05-15,
260,000725.SZ,京东方A,北京,北京市,1993-04-09,2001-01-12,
261,000726.SZ,鲁泰A,山东省,淄博市,1988-10-18,2000-12-25,
262,000727.SZ,冠捷科技,江苏省,南京市,1993-01-08,1997-05-20,
263,000728.SZ,国元证券,安徽省,合肥市,1997-06-06,1997-06-16,
264,000729.SZ,燕京啤酒,北京,北京市,1997-07-08,1997-07-16,
265,000731.SZ,四川美丰,四川省,射洪市,1997-06-09,1997-06-17,
266,000732.SZ,ST泰禾,福建省,三明市,1992-12-29,1997-07-04,
267,000733.SZ,振华科技,贵州省,贵阳市,1997-06-26,1997-07-03,
268,000735.SZ,罗牛山,海南省,海口市,1987-12-19,1997-06-11,
269,000736.SZ,中交地产,重庆,重庆市,1993-02-03,1997-04-25,
270,000737.SZ,北方铜业,山西省,运城市,1996-04-02,1997-04-28,
271,000738.SZ,航发控制,江苏省,无锡市,1997-06-20,1997-06-26,
272,000739.SZ,普洛药业,浙江省,东阳市,1997-05-06,1997-05-09,
273,000750.SZ,国海证券,广西壮族自治区,桂林市,1993-06-28,1997-07-09,
274,000751.SZ,锌业股份,辽宁省,葫芦岛市,1992-09-11,1997-06-26,
275,000752.SZ,*ST西发,西藏自治区,拉萨市,1997-06-20,1997-06-25,
276,000753.SZ,漳州发展,福建省,漳州市,1994-12-14,1997-06-26,
277,000755.SZ,山西路桥,山西省,临汾市,1996-02-06,1997-06-27,
278,000756.SZ,新华制药,山东省,淄博市,1998-11-20,1997-08-06,
279,000757.SZ,浩物股份,四川省,内江市,1997-06-23,1997-06-27,
280,000758.SZ,中色股份,北京,北京市,1983-09-16,1997-04-16,
281,000759.SZ,中百集团,湖北省,武汉市,1990-01-09,1997-05-19,
282,000761.SZ,本钢板材,辽宁省,本溪市,1997-06-27,1998-01-15,
283,000762.SZ,西藏矿业,西藏自治区,拉萨市,1997-06-27,1997-07-08,
284,000766.SZ,通化金马,吉林省,通化市,1993-02-26,1997-04-30,
285,000767.SZ,晋控电力,山西省,太原市,1993-02-08,1997-06-09,
286,000768.SZ,中航西飞,陕西省,西安市,1997-06-18,1997-06-26,
287,000776.SZ,广发证券,广东省,广州市,1994-01-21,1997-06-11,
288,000777.SZ,中核科技,江苏省,苏州市,1997-07-02,1997-07-10,
289,000778.SZ,新兴铸管,河北省,武安市,1997-05-24,1997-06-06,
290,000779.SZ,甘咨询,甘肃省,兰州市,1997-05-23,1997-05-28,
291,000782.SZ,美达股份,广东省,江门市,1992-11-08,1997-06-19,
292,000783.SZ,长江证券,湖北省,武汉市,1997-07-24,1997-07-31,
293,000785.SZ,居然之家,湖北省,武汉市,1990-04-25,1997-07-11,
294,000786.SZ,北新建材,北京,北京市,1997-05-30,1997-06-06,
295,000788.SZ,北大医药,重庆,重庆市,1993-05-18,1997-06-16,
296,000789.SZ,万年青,江西省,上饶市,1997-09-05,1997-09-23,
297,000790.SZ,华神科技,四川省,成都市,1988-01-27,1998-03-27,
298,000791.SZ,甘肃能源,甘肃省,兰州市,1997-09-23,1997-10-14,
299,000792.SZ,盐湖股份,青海省,格尔木市,1997-08-25,1997-09-04,
300,000793.SZ,华闻集团,海南省,海口市,1991-09-13,1997-07-29,
301,000795.SZ,英洛华,浙江省,东阳市,1997-08-04,1997-08-08,
302,000796.SZ,ST凯撒,海南省,三亚市,1996-05-28,1997-07-03,
303,000797.SZ,中国武夷,福建省,福州市,1992-01-31,1997-07-15,
304,000798.SZ,中水渔业,北京,北京市,1998-01-19,1998-02-12,
305,000799.SZ,酒鬼酒,湖南省,吉首市,1997-07-14,1997-07-18,
306,000800.SZ,一汽解放,吉林省,长春市,1997-06-10,1997-06-18,
307,000801.SZ,四川九洲,四川省,绵阳市,1991-11-28,1998-05-06,
308,000802.SZ,北京文化,北京,北京市,1997-11-18,1998-01-08,
309,000803.SZ,山高环能,四川省,南充市,1988-03-21,1998-03-03,
310,000806.SZ,*ST银河,广西壮族自治区,北海市,1993-06-20,1998-04-16,
311,000807.SZ,云铝股份,云南省,昆明市,1998-03-20,1998-04-08,
312,000809.SZ,ST新城,辽宁省,铁岭市,1996-11-05,1998-06-16,
313,000810.SZ,创维数字,四川省,遂宁市,2002-04-16,1998-06-02,
314,000811.SZ,冰轮环境,山东省,烟台市,1989-05-18,1998-05-28,
315,000812.SZ,陕西金叶,陕西省,西安市,1994-01-06,1998-06-23,
316,000813.SZ,德展健康,新疆维吾尔自治区,乌鲁木齐市,1981-01-01,1998-05-19,
317,000815.SZ,美利云,宁夏回族自治区,中卫市,1998-05-28,1998-06-09,
318,000816.SZ,智慧农业,江苏省,盐城市,1991-01-09,1997-08-18,
319,000818.SZ,航锦科技,辽宁省,葫芦岛市,1997-09-16,1997-10-17,
320,000819.SZ,岳阳兴长,湖南省,岳阳市,1990-02-14,1997-06-25,
321,000820.SZ,神雾节能,江西省,南昌市,1993-04-02,1998-06-30,
322,000821.SZ,京山轻机,湖北省,京山市,1993-03-30,1998-06-26,
323,000822.SZ,山东海化,山东省,潍坊市,1998-06-04,1998-07-03,
324,000823.SZ,超声电子,广东省,汕头市,1997-09-05,1997-10-08,
325,000825.SZ,太钢不锈,山西省,太原市,1998-06-11,1998-10-21,
326,000826.SZ,启迪环境,湖北省,宜昌市,1993-10-11,1998-02-25,
327,000828.SZ,东莞控股,广东省,东莞市,1997-12-16,1997-06-17,
328,000829.SZ,天音控股,江西省,赣州市,1997-11-07,1997-12-02,
329,000830.SZ,鲁西化工,山东省,聊城市,1998-06-11,1998-08-07,
330,000831.SZ,中国稀土,江西省,赣州市,1998-06-17,1998-09-11,
331,000833.SZ,粤桂股份,广西壮族自治区,贵港市,1994-10-05,1998-11-11,
332,000836.SZ,富通信息,天津,天津市,1997-09-16,1997-09-29,
333,000837.SZ,秦川机床,陕西省,宝鸡市,1998-07-10,1998-09-28,
334,000838.SZ,财信发展,重庆,重庆市,1996-10-29,1997-06-26,
335,000839.SZ,ST国安,北京,北京市,1997-10-14,1997-10-31,
336,000848.SZ,承德露露,河北省,承德市,1997-10-17,1997-11-13,
337,000850.SZ,华茂股份,安徽省,安庆市,1998-07-10,1998-10-07,
338,000851.SZ,高鸿股份,贵州省,贵阳市,1994-01-20,1998-06-09,
339,000852.SZ,石化机械,湖北省,武汉市,1998-09-28,1998-11-26,
340,000856.SZ,冀东装备,河北省,唐山市,1998-06-16,1998-08-13,
341,000858.SZ,五粮液,四川省,宜宾市,1998-04-21,1998-04-27,
342,000859.SZ,国风新材,安徽省,合肥市,1998-09-23,1998-11-19,
343,000860.SZ,顺鑫农业,北京,北京市,1998-09-21,1998-11-04,
344,000861.SZ,海印股份,广东省,广州市,1981-07-10,1998-10-28,
345,000862.SZ,银星能源,宁夏回族自治区,银川市,1998-06-28,1998-09-15,
346,000863.SZ,三湘印象,上海,上海市,1994-01-20,1997-09-25,
347,000868.SZ,安凯客车,安徽省,合肥市,1997-07-22,1997-07-25,
348,000869.SZ,张裕A,山东省,烟台市,1997-09-18,2000-10-26,
349,000875.SZ,吉电股份,吉林省,长春市,1997-11-20,2002-09-26,
350,000876.SZ,新希望,四川省,绵阳市,1998-03-04,1998-03-11,
351,000877.SZ,天山股份,新疆维吾尔自治区,乌鲁木齐市,1998-11-18,1999-01-07,
352,000878.SZ,云南铜业,云南省,昆明市,1998-05-15,1998-06-02,
353,000880.SZ,潍柴重机,山东省,潍坊市,1993-06-28,1998-04-02,
354,000881.SZ,中广核技,辽宁省,大连市,1993-04-17,1998-09-02,
355,000882.SZ,华联股份,北京,北京市,1998-05-29,1998-06-16,
356,000883.SZ,湖北能源,湖北省,武汉市,1993-03-09,1998-05-19,
357,000885.SZ,城发环境,河南省,郑州市,1998-12-31,1999-03-19,
358,000886.SZ,海南高速,海南省,海口市,1993-08-17,1998-01-23,
359,000887.SZ,中鼎股份,安徽省,宁国市,1998-10-23,1998-12-03,
360,000888.SZ,峨眉山A,四川省,峨眉山市,1997-10-09,1997-10-21,
361,000889.SZ,ST中嘉,河北省,秦皇岛市,1997-05-16,1997-12-18,
362,000890.SZ,法尔胜,江苏省,江阴市,1993-06-30,1999-01-19,
363,000892.SZ,欢瑞世纪,重庆,重庆市,1997-11-16,1999-01-15,
364,000893.SZ,亚钾国际,广东省,广州市,1998-10-27,1998-12-24,
365,000895.SZ,双汇发展,河南省,漯河市,1998-10-15,1998-12-10,
366,000897.SZ,津滨发展,天津,天津市,1998-12-31,1999-04-22,
367,000898.SZ,鞍钢股份,辽宁省,鞍山市,1998-09-14,1997-12-25,
368,000899.SZ,赣能股份,江西省,南昌市,1997-11-04,1997-11-26,
369,000900.SZ,现代投资,湖南省,长沙市,1993-05-27,1999-01-28,
370,000901.SZ,航天科技,黑龙江省,哈尔滨市,1999-01-27,1999-04-01,
371,000902.SZ,新洋丰,湖北省,荆门市,1986-10-20,1999-04-08,
372,000903.SZ,云内动力,云南省,昆明市,1999-03-08,1999-04-15,
373,000905.SZ,厦门港务,福建省,厦门市,1999-04-21,1999-04-29,
374,000906.SZ,浙商中拓,浙江省,杭州市,1999-04-12,1999-07-07,
375,000908.SZ,景峰医药,湖南省,常德市,1998-12-18,1999-02-03,
376,000909.SZ,数源科技,浙江省,杭州市,1999-03-31,1999-05-07,
377,000910.SZ,大亚圣象,江苏省,丹阳市,1999-04-20,1999-06-30,
378,000911.SZ,南宁糖业,广西壮族自治区,南宁市,1999-05-14,1999-05-27,
379,000912.SZ,泸天化,四川省,泸州市,1999-04-29,1999-06-03,
380,000913.SZ,钱江摩托,浙江省,温岭市,1999-03-28,1999-05-14,
381,000915.SZ,华特达因,山东省,临沂市,1993-06-26,1999-06-09,
382,000917.SZ,电广传媒,湖南省,长沙市,1999-01-26,1999-03-25,
383,000918.SZ,嘉凯城,浙江省,杭州市,1998-08-14,1999-07-20,
384,000919.SZ,金陵药业,江苏省,南京市,1998-09-08,1999-11-18,
385,000920.SZ,沃顿科技,贵州省,贵阳市,1999-05-11,1999-06-16,
386,000921.SZ,海信家电,广东省,佛山市,1997-04-21,1999-07-13,
387,000922.SZ,佳电股份,黑龙江省,佳木斯市,1996-12-31,1999-06-18,
388,000923.SZ,河钢资源,河北省,张家口市,1999-06-29,1999-07-14,
389,000925.SZ,众合科技,浙江省,杭州市,1999-06-07,1999-06-11,
390,000926.SZ,福星股份,湖北省,汉川市,1993-06-08,1999-06-18,
391,000927.SZ,中国铁物,天津,天津市,1997-08-28,1999-07-27,
392,000928.SZ,中钢国际,吉林省,吉林市,1999-04-15,1999-03-12,
393,000929.SZ,兰州黄河,甘肃省,兰州市,1996-12-31,1999-06-23,
394,000930.SZ,中粮科技,安徽省,蚌埠市,1998-08-28,1999-07-12,
395,000931.SZ,中关村,北京,北京市,1999-06-08,1999-07-12,
396,000932.SZ,华菱钢铁,湖南省,长沙市,1999-04-29,1999-08-03,
397,000933.SZ,神火股份,河南省,永城市,1998-08-31,1999-08-31,
398,000935.SZ,四川双马,四川省,江油市,1998-10-20,1999-08-24,
399,000936.SZ,华西股份,江苏省,江阴市,1991-11-08,1999-08-10,
400,000937.SZ,冀中能源,河北省,邢台市,1999-08-26,1999-09-09,
401,000938.SZ,紫光股份,北京,北京市,1999-03-18,1999-11-04,
402,000948.SZ,南天信息,云南省,昆明市,1998-12-21,1999-10-14,
403,000949.SZ,新乡化纤,河南省,新乡市,1997-01-09,1999-10-21,
404,000950.SZ,重药控股,重庆,重庆市,1999-05-28,1999-09-16,
405,000951.SZ,中国重汽,山东省,济南市,1998-09-28,1999-11-25,
406,000952.SZ,广济药业,湖北省,武穴市,1993-05-28,1999-11-12,
407,000953.SZ,河化股份,广西壮族自治区,河池市,1993-07-03,1999-12-02,
408,000955.SZ,欣龙控股,海南省,澄迈县,1993-07-16,1999-12-09,
409,000957.SZ,中通客车,山东省,聊城市,1994-11-07,2000-01-13,
410,000958.SZ,电投产融,河北省,石家庄市,1998-09-14,1999-12-23,
411,000959.SZ,首钢股份,北京,北京市,1999-10-15,1999-12-16,
412,000960.SZ,锡业股份,云南省,昆明市,1998-11-22,2000-02-21,
413,000961.SZ,中南建设,江苏省,南通市,1998-07-28,2000-03-01,
414,000962.SZ,东方钽业,宁夏回族自治区,石嘴山市,1999-04-30,2000-01-20,
415,000963.SZ,华东医药,浙江省,杭州市,1993-03-31,2000-01-27,
416,000965.SZ,天保基建,天津,天津市,1998-09-30,2000-04-06,
417,000966.SZ,长源电力,湖北省,武汉市,1995-04-07,2000-03-16,
418,000967.SZ,盈峰环境,浙江省,绍兴市,1993-11-18,2000-03-30,
419,000968.SZ,蓝焰控股,山西省,太原市,1998-12-22,2000-06-22,
420,000969.SZ,安泰科技,北京,北京市,1998-12-30,2000-05-29,
421,000970.SZ,中科三环,北京,北京市,1999-07-23,2000-04-20,
422,000971.SZ,ST高升,湖北省,仙桃市,1993-03-26,2000-04-27,
423,000972.SZ,ST中基,新疆维吾尔自治区,五家渠市,1994-06-30,2000-09-26,
424,000973.SZ,佛塑科技,广东省,佛山市,1988-06-28,2000-05-25,
425,000975.SZ,银泰黄金,内蒙古自治区,锡林郭勒盟,1999-06-18,2000-06-08,
426,000976.SZ,华铁股份,广东省,开平市,1999-08-19,2000-06-01,
427,000977.SZ,浪潮信息,山东省,济南市,1998-10-28,2000-06-08,
428,000978.SZ,桂林旅游,广西壮族自治区,桂林市,1998-04-29,2000-05-18,
429,000980.SZ,众泰汽车,浙江省,永康市,1998-08-31,2000-06-16,
430,000981.SZ,山子股份,甘肃省,兰州市,1998-08-31,2000-06-22,
431,000982.SZ,中银绒业,宁夏回族自治区,灵武市,1998-09-15,2000-07-06,
432,000983.SZ,山西焦煤,山西省,太原市,1999-04-26,2000-07-26,
433,000985.SZ,大庆华科,黑龙江省,大庆市,1998-12-07,2000-07-26,
434,000987.SZ,越秀资本,广东省,广州市,1992-12-24,2000-07-18,
435,000988.SZ,华工科技,湖北省,武汉市,1999-07-28,2000-06-08,
436,000989.SZ,九芝堂,湖南省,长沙市,1999-05-12,2000-06-28,
437,000990.SZ,诚志股份,江西省,南昌市,1998-10-09,2000-07-06,
438,000993.SZ,闽东电力,福建省,宁德市,1998-12-30,2000-07-31,
439,000995.SZ,*ST皇台,甘肃省,武威市,1998-09-29,2000-08-07,
440,000996.SZ,中国中期,北京,北京市,1994-08-28,2000-07-18,
441,000997.SZ,新大陆,福建省,福州市,1999-06-28,2000-08-07,
442,000998.SZ,隆平高科,湖南省,长沙市,1999-06-30,2000-12-11,
443,000999.SZ,华润三九,广东省,深圳市,1999-04-21,2000-03-09,
444,001201.SZ,东瑞股份,广东省,河源市,2002-03-27,2021-04-28,
445,001202.SZ,炬申股份,广东省,佛山市,2011-11-10,2021-04-29,
446,001203.SZ,大中矿业,内蒙古自治区,巴彦淖尔市,1999-10-29,2021-05-10,
447,001205.SZ,盛航股份,江苏省,南京市,1994-11-07,2021-05-13,
448,001206.SZ,依依股份,天津,天津市,1990-05-10,2021-05-18,
449,001207.SZ,联科科技,山东省,青州市,2001-04-23,2021-06-23,
450,001208.SZ,华菱线缆,湖南省,湘潭市,2003-07-01,2021-06-24,
451,001209.SZ,洪兴股份,广东省,汕头市,2004-05-20,2021-07-23,
452,001210.SZ,金房节能,北京,北京市,1992-11-08,2021-07-29,
453,001211.SZ,双枪科技,浙江省,杭州市,2002-09-20,2021-08-05,
454,001212.SZ,中旗新材,广东省,佛山市,2007-03-27,2021-08-23,
455,001213.SZ,中铁特货,北京,北京市,2003-11-04,2021-09-08,
456,001215.SZ,千味央厨,河南省,郑州市,2012-04-25,2021-09-06,
457,001216.SZ,华瓷股份,湖南省,醴陵市,1994-08-01,2021-10-19,
458,001217.SZ,华尔泰,安徽省,池州市,2000-01-05,2021-09-29,
459,001218.SZ,丽臣实业,湖南省,长沙市,1981-06-19,2021-10-15,
460,001219.SZ,青岛食品,山东省,青岛市,1997-01-27,2021-10-21,
461,001222.SZ,源飞宠物,浙江省,温州市,2004-09-27,2022-08-18,
462,001223.SZ,欧克科技,江西省,九江市,2011-08-23,2022-12-12,
463,001225.SZ,和泰机电,浙江省,杭州市,1995-06-23,2023-02-22,
464,001226.SZ,拓山重工,安徽省,广德市,2011-05-23,2022-06-22,
465,001227.SZ,兰州银行,甘肃省,兰州市,1998-08-10,2022-01-17,
466,001228.SZ,永泰运,浙江省,宁波市,2002-12-27,2022-04-29,
467,001229.SZ,魅视科技,广东省,广州市,2010-08-04,2022-08-08,
468,001230.SZ,劲旅环境,安徽省,合肥市,2002-07-24,2022-07-15,
469,001231.SZ,农心科技,陕西省,西安市,2006-06-07,2022-08-19,
470,001234.SZ,泰慕士,江苏省,如皋市,1992-08-26,2022-01-11,
471,001236.SZ,弘业期货,江苏省,南京市,1995-07-31,2022-08-05,
472,001238.SZ,浙江正特,浙江省,临海市,1996-09-12,2022-09-19,
473,001255.SZ,博菲电气,浙江省,海宁市,2007-03-07,2022-09-30,
474,001256.SZ,炜冈科技,浙江省,温州市,2007-04-24,2022-12-05,
475,001258.SZ,立新能源,新疆维吾尔自治区,乌鲁木齐市,2013-08-28,2022-07-27,
476,001259.SZ,利仁科技,北京,北京市,1998-10-05,2022-08-31,
477,001260.SZ,坤泰股份,山东省,烟台市,2009-12-16,2023-02-16,
478,001266.SZ,宏英智能,上海,上海市,2005-11-01,2022-02-28,
479,001267.SZ,汇绿生态,湖北省,武汉市,1990-01-29,2021-11-17,
480,001268.SZ,联合精密,广东省,清远市,2003-08-29,2022-06-30,
481,001269.SZ,欧晶科技,内蒙古自治区,呼和浩特市,2011-04-22,2022-09-30,
482,001270.SZ,铖昌科技,浙江省,杭州市,2010-11-23,2022-06-06,
483,001278.SZ,一彬科技,浙江省,慈溪市,2006-08-03,2023-03-08,
484,001283.SZ,豪鹏科技,广东省,深圳市,2002-10-08,2022-09-05,
485,001288.SZ,运机集团,四川省,自贡市,2003-09-28,2021-11-01,
486,001289.SZ,龙源电力,北京,北京市,1993-01-27,2022-01-24,
487,001296.SZ,长江材料,重庆,重庆市,1979-08-10,2021-12-24,
488,001298.SZ,好上好,广东省,深圳市,2014-12-23,2022-10-31,
489,001299.SZ,美能能源,陕西省,西安市,2008-09-22,2022-10-31,
490,001300.SZ,三柏硕,山东省,青岛市,2004-06-18,2022-10-19,
491,001301.SZ,尚太科技,河北省,石家庄市,2008-09-27,2022-12-28,
492,001308.SZ,康冠科技,广东省,深圳市,1995-09-28,2022-03-18,
493,001309.SZ,德明利,广东省,深圳市,2008-11-20,2022-07-01,
494,001311.SZ,多利科技,安徽省,滁州市,2010-06-07,2023-02-27,
495,001313.SZ,粤海饲料,广东省,湛江市,1994-01-13,2022-02-16,
496,001314.SZ,亿道信息,广东省,深圳市,2008-12-25,2023-02-14,
497,001316.SZ,润贝航科,广东省,深圳市,2005-03-14,2022-06-24,
498,001317.SZ,三羊马,重庆,重庆市,2005-09-06,2021-11-30,
499,001318.SZ,阳光乳业,江西省,南昌市,2008-12-30,2022-05-20,
500,001319.SZ,铭科精技,广东省,东莞市,2005-12-31,2022-05-12,
501,001322.SZ,箭牌家居,广东省,佛山市,2013-04-07,2022-10-26,
502,001323.SZ,慕思股份,广东省,东莞市,2007-04-30,2022-06-23,
503,001330.SZ,博纳影业,新疆维吾尔自治区,乌鲁木齐市,2003-08-01,2022-08-18,
504,001331.SZ,胜通能源,山东省,龙口市,2012-11-13,2022-09-08,
505,001332.SZ,锡装股份,江苏省,无锡市,1990-03-01,2022-09-20,
506,001333.SZ,光华股份,浙江省,海宁市,2014-10-11,2022-12-08,
507,001336.SZ,楚环科技,浙江省,杭州市,2005-06-01,2022-07-25,
508,001337.SZ,四川黄金,四川省,凉山彝族自治州,2006-08-16,2023-03-03,
509,001338.SZ,永顺泰,广东省,广州市,2017-12-20,2022-11-16,
510,001339.SZ,智微智能,广东省,深圳市,2011-09-07,2022-08-15,
511,001366.SZ,播恩集团,江西省,赣州市,2006-05-18,2023-03-07,
512,001696.SZ,宗申动力,重庆,重庆市,1989-03-14,1997-03-06,
513,001872.SZ,招商港口,广东省,深圳市,1990-07-19,1993-05-05,
514,001896.SZ,豫能控股,河南省,郑州市,1997-11-25,1998-01-22,
515,001914.SZ,招商积余,广东省,深圳市,1985-05-29,1994-09-28,
516,001965.SZ,招商公路,天津,天津市,1993-12-18,2017-12-25,
517,001979.SZ,招商蛇口,广东省,深圳市,1992-02-19,2015-12-30,
518,002001.SZ,新和成,浙江省,绍兴市,1999-04-05,2004-06-25,
519,002002.SZ,鸿达兴业,江苏省,扬州市,1995-12-06,2004-06-25,
520,002003.SZ,伟星股份,浙江省,临海市,1988-05-11,2004-06-25,
521,002004.SZ,华邦健康,重庆,重庆市,1992-03-11,2004-06-25,
522,002005.SZ,ST德豪,安徽省,蚌埠市,1996-05-14,2004-06-25,
523,002006.SZ,精功科技,浙江省,绍兴市,2000-09-10,2004-06-25,
524,002007.SZ,华兰生物,河南省,新乡市,1992-03-30,2004-06-25,
525,002008.SZ,大族激光,广东省,深圳市,1999-03-04,2004-06-25,
526,002009.SZ,天奇股份,江苏省,无锡市,1997-11-18,2004-06-29,
527,002010.SZ,传化智联,浙江省,杭州市,2001-07-06,2004-06-29,
528,002011.SZ,盾安环境,浙江省,诸暨市,2001-12-19,2004-07-05,
529,002012.SZ,凯恩股份,浙江省,丽水市,1998-01-23,2004-07-05,
530,002013.SZ,中航机电,北京,北京市,2000-12-05,2004-07-05,
531,002014.SZ,永新股份,安徽省,黄山市,1992-05-21,2004-07-08,
532,002015.SZ,协鑫能科,江苏省,江阴市,1992-05-05,2004-07-08,
533,002016.SZ,世荣兆业,广东省,珠海市,2000-12-28,2004-07-08,
534,002017.SZ,东信和平,广东省,珠海市,1998-10-20,2004-07-13,
535,002019.SZ,亿帆医药,浙江省,杭州市,2000-11-10,2004-07-13,
536,002020.SZ,京新药业,浙江省,绍兴市,1999-02-13,2004-07-15,
537,002021.SZ,ST中捷,浙江省,玉环市,1994-08-31,2004-07-15,
538,002022.SZ,*ST科华,上海,上海市,1981-11-22,2004-07-21,
539,002023.SZ,海特高新,四川省,成都市,1992-11-23,2004-07-21,
540,002024.SZ,ST易购,江苏省,南京市,1996-05-15,2004-07-21,
541,002025.SZ,航天电器,贵州省,贵阳市,2001-12-30,2004-07-26,
542,002026.SZ,山东威达,山东省,威海市,1998-07-08,2004-07-27,
543,002027.SZ,分众传媒,广东省,广州市,1997-08-26,2004-08-04,
544,002028.SZ,思源电气,上海,上海市,1993-12-02,2004-08-05,
545,002029.SZ,七匹狼,福建省,晋江市,2001-07-23,2004-08-06,
546,002030.SZ,达安基因,广东省,广州市,1988-08-17,2004-08-09,
547,002031.SZ,巨轮智能,广东省,揭阳市,2001-12-30,2004-08-16,
548,002032.SZ,苏泊尔,浙江省,玉环市,1998-07-17,2004-08-17,
549,002033.SZ,丽江股份,云南省,丽江市,2001-10-18,2004-08-25,
550,002034.SZ,旺能环境,浙江省,湖州市,1998-07-07,2004-08-26,
551,002035.SZ,华帝股份,广东省,中山市,1992-04-08,2004-09-01,
552,002036.SZ,联创电子,江西省,南昌市,1998-04-22,2004-09-03,
553,002037.SZ,保利联合,贵州省,贵阳市,2002-07-18,2004-09-08,
554,002038.SZ,双鹭药业,北京,北京市,1994-12-24,2004-09-09,
555,002039.SZ,黔源电力,贵州省,贵阳市,1993-10-12,2005-03-03,
556,002040.SZ,南京港,江苏省,南京市,2001-09-21,2005-03-25,
557,002041.SZ,登海种业,山东省,莱州市,2000-12-08,2005-04-18,
558,002042.SZ,华孚时尚,安徽省,淮北市,2000-10-31,2005-04-27,
559,002043.SZ,兔宝宝,浙江省,湖州市,2001-12-27,2005-05-10,
560,002044.SZ,美年健康,江苏省,南通市,1991-01-22,2005-05-18,
561,002045.SZ,国光电器,广东省,广州市,1995-12-08,2005-05-23,
562,002046.SZ,国机精工,河南省,洛阳市,2001-12-09,2005-05-26,
563,002047.SZ,宝鹰股份,广东省,深圳市,1993-04-30,2005-05-31,
564,002048.SZ,宁波华翔,浙江省,宁波市,1988-09-26,2005-06-03,
565,002049.SZ,紫光国微,河北省,唐山市,2001-09-17,2005-06-06,
566,002050.SZ,三花智控,浙江省,绍兴市,1994-09-10,2005-06-07,
567,002051.SZ,中工国际,北京,北京市,2001-05-22,2006-06-19,
568,002052.SZ,*ST同洲,广东省,深圳市,1994-02-03,2006-06-27,
569,002053.SZ,云南能投,云南省,昆明市,2002-07-25,2006-06-27,
570,002054.SZ,德美化工,广东省,佛山市,2002-06-21,2006-07-25,
571,002055.SZ,得润电子,广东省,深圳市,1992-04-10,2006-07-25,
572,002056.SZ,横店东磁,浙江省,东阳市,1999-03-30,2006-08-02,
573,002057.SZ,中钢天源,安徽省,马鞍山市,2002-03-27,2006-08-02,
574,002058.SZ,威尔泰,上海,上海市,1992-10-24,2006-08-02,
575,002059.SZ,云南旅游,云南省,昆明市,2000-12-29,2006-08-10,
576,002060.SZ,粤水电,广东省,广州市,2001-12-27,2006-08-10,
577,002061.SZ,浙江交科,浙江省,江山市,1998-11-23,2006-08-16,
578,002062.SZ,宏润建设,浙江省,宁波市,1994-12-29,2006-08-16,
579,002063.SZ,远光软件,广东省,珠海市,1998-12-29,2006-08-23,
580,002064.SZ,华峰化学,浙江省,瑞安市,1999-12-15,2006-08-23,
581,002065.SZ,东华软件,北京,北京市,2001-01-20,2006-08-23,
582,002066.SZ,瑞泰科技,北京,北京市,2001-12-30,2006-08-23,
583,002067.SZ,景兴纸业,浙江省,平湖市,1996-11-01,2006-09-15,
584,002068.SZ,黑猫股份,江西省,景德镇市,2001-07-12,2006-09-15,
585,002069.SZ,ST獐子岛,辽宁省,大连市,1992-09-21,2006-09-28,
586,002072.SZ,凯瑞德,湖北省,荆门市,2000-06-12,2006-10-18,
587,002073.SZ,软控股份,山东省,青岛市,2000-12-31,2006-10-18,
588,002074.SZ,国轩高科,安徽省,合肥市,1995-01-23,2006-10-18,
589,002075.SZ,沙钢股份,江苏省,张家港市,1999-09-28,2006-10-25,
590,002076.SZ,*ST雪莱,广东省,佛山市,1992-10-22,2006-10-25,
591,002077.SZ,大港股份,江苏省,镇江市,2000-04-20,2006-11-16,
592,002078.SZ,太阳纸业,山东省,济宁市,2000-04-26,2006-11-16,
593,002079.SZ,苏州固锝,江苏省,苏州市,1990-11-12,2006-11-16,
594,002080.SZ,中材科技,江苏省,南京市,2001-12-28,2006-11-20,
595,002081.SZ,金螳螂,江苏省,苏州市,1993-01-06,2006-11-20,
596,002082.SZ,万邦德,浙江省,湖州市,1999-03-31,2006-11-20,
597,002083.SZ,孚日股份,山东省,高密市,1999-08-11,2006-11-24,
598,002084.SZ,海鸥住工,广东省,广州市,1998-01-08,2006-11-24,
599,002085.SZ,万丰奥威,浙江省,绍兴市,2001-09-30,2006-11-28,
600,002086.SZ,ST东洋,山东省,烟台市,2001-12-19,2006-11-28,
601,002087.SZ,新野纺织,河南省,南阳市,1996-12-20,2006-11-30,
602,002088.SZ,鲁阳节能,山东省,淄博市,1992-10-14,2006-11-30,
603,002089.SZ,*ST新海,江苏省,苏州市,1997-01-01,2006-11-30,
604,002090.SZ,金智科技,江苏省,南京市,1995-11-10,2006-12-08,
605,002091.SZ,江苏国泰,江苏省,张家港市,1998-05-07,2006-12-08,
606,002092.SZ,中泰化学,新疆维吾尔自治区,乌鲁木齐市,2001-12-18,2006-12-08,
607,002093.SZ,国脉科技,福建省,福州市,2000-12-29,2006-12-15,
608,002094.SZ,青岛金王,山东省,青岛市,1997-03-03,2006-12-15,
609,002095.SZ,生意宝,浙江省,杭州市,2000-08-07,2006-12-15,
610,002096.SZ,南岭民爆,湖南省,永州市,2001-08-10,2006-12-22,
611,002097.SZ,山河智能,湖南省,长沙市,1999-07-29,2006-12-22,
612,002098.SZ,浔兴股份,福建省,晋江市,1992-02-17,2006-12-22,
613,002099.SZ,海翔药业,浙江省,台州市,1998-05-07,2006-12-26,
614,002100.SZ,天康生物,新疆维吾尔自治区,乌鲁木齐市,2000-12-28,2006-12-26,
615,002101.SZ,广东鸿图,广东省,肇庆市,2000-12-22,2006-12-29,
616,002102.SZ,ST冠福,福建省,泉州市,2002-09-28,2006-12-29,
617,002103.SZ,广博股份,浙江省,宁波市,1996-10-30,2007-01-10,
618,002104.SZ,恒宝股份,江苏省,丹阳市,1996-09-24,2007-01-10,
619,002105.SZ,信隆健康,广东省,深圳市,1991-10-28,2007-01-12,
620,002106.SZ,莱宝高科,广东省,深圳市,1992-07-21,2007-01-12,
621,002107.SZ,沃华医药,山东省,潍坊市,2002-02-09,2007-01-24,
622,002108.SZ,沧州明珠,河北省,沧州市,1995-01-02,2007-01-24,
623,002109.SZ,兴化股份,陕西省,兴平市,1997-08-29,2007-01-26,
624,002110.SZ,三钢闽光,福建省,三明市,2001-12-26,2007-01-26,
625,002111.SZ,威海广泰,山东省,威海市,1996-09-19,2007-01-26,
626,002112.SZ,三变科技,浙江省,台州市,2001-12-29,2007-02-08,
627,002113.SZ,ST天润,湖南省,岳阳市,1989-04-02,2007-02-08,
628,002114.SZ,罗平锌电,云南省,曲靖市,2000-12-21,2007-02-15,
629,002115.SZ,三维通信,浙江省,杭州市,1993-05-13,2007-02-15,
630,002116.SZ,中国海诚,上海,上海市,1993-02-17,2007-02-15,
631,002117.SZ,东港股份,山东省,济南市,1996-03-25,2007-03-02,
632,002118.SZ,紫鑫药业,吉林省,通化市,1998-05-25,2007-03-02,
633,002119.SZ,康强电子,浙江省,宁波市,1992-06-29,2007-03-02,
634,002120.SZ,韵达股份,浙江省,慈溪市,1996-04-05,2007-03-06,
635,002121.SZ,科陆电子,广东省,深圳市,1996-08-12,2007-03-06,
636,002122.SZ,天马股份,浙江省,衢州市,2002-11-18,2007-03-28,
637,002123.SZ,梦网科技,辽宁省,鞍山市,1998-11-19,2007-03-28,
638,002124.SZ,天邦食品,浙江省,余姚市,1996-09-25,2007-04-03,
639,002125.SZ,湘潭电化,湖南省,湘潭市,2000-09-30,2007-04-03,
640,002126.SZ,银轮股份,浙江省,台州市,1999-03-10,2007-04-18,
641,002127.SZ,南极电商,江苏省,苏州市,1999-07-12,2007-04-18,
642,002128.SZ,电投能源,内蒙古自治区,霍林郭勒市,2001-12-18,2007-04-18,
643,002129.SZ,TCL中环,天津,天津市,1988-12-21,2007-04-20,
644,002130.SZ,沃尔核材,广东省,深圳市,1998-06-19,2007-04-20,
645,002131.SZ,利欧股份,浙江省,温岭市,2001-05-21,2007-04-27,
646,002132.SZ,恒星科技,河南省,巩义市,1995-07-12,2007-04-27,
647,002133.SZ,广宇集团,浙江省,杭州市,2000-12-04,2007-04-27,
648,002134.SZ,天津普林,天津,天津市,1988-04-27,2007-05-16,
649,002135.SZ,东南网架,浙江省,杭州市,2001-12-29,2007-05-30,
650,002136.SZ,安纳达,安徽省,铜陵市,1994-03-11,2007-05-30,
651,002137.SZ,实益达,广东省,深圳市,1998-06-05,2007-06-13,
652,002138.SZ,顺络电子,广东省,深圳市,2000-09-08,2007-06-13,
653,002139.SZ,拓邦股份,广东省,深圳市,1996-02-09,2007-06-29,
654,002140.SZ,东华科技,安徽省,合肥市,2001-07-18,2007-07-12,
655,002141.SZ,贤丰控股,广东省,珠海市,2002-10-10,2007-07-20,
656,002142.SZ,宁波银行,浙江省,宁波市,1997-04-10,2007-07-19,
657,002144.SZ,宏达高科,浙江省,海宁市,1997-07-24,2007-08-03,
658,002145.SZ,中核钛白,甘肃省,白银市,2001-02-23,2007-08-03,
659,002146.SZ,荣盛发展,河北省,廊坊市,1996-12-30,2007-08-08,
660,002148.SZ,北纬科技,北京,北京市,1997-11-12,2007-08-10,
661,002149.SZ,西部材料,陕西省,西安市,2000-12-28,2007-08-10,
662,002150.SZ,通润装备,江苏省,常熟市,2002-10-28,2007-08-10,
663,002151.SZ,北斗星通,北京,北京市,2000-09-25,2007-08-13,
664,002152.SZ,广电运通,广东省,广州市,1999-07-08,2007-08-13,
665,002153.SZ,石基信息,北京,北京市,1998-02-06,2007-08-13,
666,002154.SZ,报喜鸟,浙江省,温州市,2001-06-20,2007-08-16,
667,002155.SZ,湖南黄金,湖南省,长沙市,2000-12-26,2007-08-16,
668,002156.SZ,通富微电,江苏省,南通市,1994-02-04,2007-08-16,
669,002157.SZ,正邦科技,江西省,南昌市,1996-09-26,2007-08-17,
670,002158.SZ,汉钟精机,上海,上海市,1998-01-07,2007-08-17,
671,002159.SZ,三特索道,湖北省,武汉市,1989-09-05,2007-08-17,
672,002160.SZ,常铝股份,江苏省,常熟市,2002-12-27,2007-08-21,
673,002161.SZ,远望谷,广东省,深圳市,1999-12-21,2007-08-21,
674,002162.SZ,悦心健康,上海,上海市,1993-06-08,2007-08-23,
675,002163.SZ,海南发展,广东省,深圳市,1995-06-22,2007-08-23,
676,002164.SZ,宁波东力,浙江省,宁波市,1998-06-08,2007-08-23,
677,002165.SZ,红宝丽,江苏省,南京市,1994-06-23,2007-09-13,
678,002166.SZ,莱茵生物,广西壮族自治区,桂林市,2000-11-28,2007-09-13,
679,002167.SZ,东方锆业,广东省,汕头市,1995-11-10,2007-09-13,
680,002168.SZ,惠程科技,广东省,深圳市,1999-07-02,2007-09-19,
681,002169.SZ,智光电气,广东省,广州市,1999-04-09,2007-09-19,
682,002170.SZ,芭田股份,广东省,深圳市,1989-07-21,2007-09-19,
683,002171.SZ,楚江新材,安徽省,芜湖市,2005-12-21,2007-09-21,
684,002172.SZ,澳洋健康,江苏省,张家港市,2001-10-22,2007-09-21,
685,002173.SZ,创新医疗,浙江省,诸暨市,2003-09-30,2007-09-25,
686,002174.SZ,游族网络,福建省,晋江市,1995-09-22,2007-09-25,
687,002175.SZ,东方智造,广西壮族自治区,桂林市,1989-06-26,2007-10-12,
688,002176.SZ,江特电机,江西省,宜春市,1995-05-11,2007-10-12,
689,002177.SZ,*ST御银,广东省,广州市,2001-04-26,2007-11-01,
690,002178.SZ,延华智能,上海,上海市,2001-12-04,2007-11-01,
691,002179.SZ,中航光电,河南省,洛阳市,2002-12-31,2007-11-01,
692,002180.SZ,纳思达,广东省,珠海市,1991-11-27,2007-11-13,
693,002181.SZ,粤传媒,广东省,广州市,1992-12-28,2007-11-16,
694,002182.SZ,云海金属,江苏省,南京市,1993-11-30,2007-11-13,
695,002183.SZ,怡亚通,广东省,深圳市,1997-11-10,2007-11-13,
696,002184.SZ,海得控制,上海,上海市,1994-03-15,2007-11-16,
697,002185.SZ,华天科技,甘肃省,天水市,2003-12-25,2007-11-20,
698,002186.SZ,全聚德,北京,北京市,1994-06-16,2007-11-20,
699,002187.SZ,广百股份,广东省,广州市,1990-08-27,2007-11-22,
700,002188.SZ,中天服务,浙江省,嘉兴市,2002-11-20,2007-11-22,
701,002189.SZ,中光学,河南省,南阳市,1995-04-05,2007-12-03,
702,002190.SZ,成飞集成,四川省,成都市,2000-12-06,2007-12-03,
703,002191.SZ,劲嘉股份,广东省,深圳市,1996-10-14,2007-12-05,
704,002192.SZ,融捷股份,广东省,广州市,1998-08-21,2007-12-05,
705,002193.SZ,如意集团,山东省,济宁市,1993-12-28,2007-12-07,
706,002194.SZ,武汉凡谷,湖北省,武汉市,1989-10-20,2007-12-07,
707,002195.SZ,二三四五,上海,上海市,1989-04-07,2007-12-12,
708,002196.SZ,方正电机,浙江省,丽水市,2001-12-20,2007-12-12,
709,002197.SZ,证通电子,广东省,深圳市,1993-09-04,2007-12-18,
710,002198.SZ,嘉应制药,广东省,梅州市,2003-03-07,2007-12-18,
711,002199.SZ,东晶电子,浙江省,金华市,1999-04-23,2007-12-21,
712,002200.SZ,ST交投,云南省,昆明市,2001-08-07,2007-12-21,
713,002201.SZ,正威新材,江苏省,如皋市,1994-06-30,2007-12-26,
714,002202.SZ,金风科技,新疆维吾尔自治区,乌鲁木齐市,2001-03-26,2007-12-26,
715,002203.SZ,海亮股份,浙江省,诸暨市,2001-10-29,2008-01-16,
716,002204.SZ,大连重工,辽宁省,大连市,1993-02-18,2008-01-16,
717,002205.SZ,国统股份,新疆维吾尔自治区,乌鲁木齐市,2001-08-30,2008-01-23,
718,002206.SZ,海利得,浙江省,海宁市,2001-05-21,2008-01-23,
719,002207.SZ,准油股份,新疆维吾尔自治区,克拉玛依市,2001-06-29,2008-01-28,
720,002208.SZ,合肥城建,安徽省,合肥市,1999-09-07,2008-01-28,
721,002209.SZ,达意隆,广东省,广州市,1998-12-18,2008-01-30,
722,002210.SZ,飞马国际,广东省,深圳市,1998-07-09,2008-01-30,
723,002211.SZ,ST宏达,上海,上海市,2002-04-24,2008-02-01,
724,002212.SZ,天融信,广东省,汕头市,1985-08-30,2008-02-01,
725,002213.SZ,大为股份,广东省,深圳市,2000-10-25,2008-02-01,
726,002214.SZ,大立科技,浙江省,杭州市,2001-07-19,2008-02-18,
727,002215.SZ,诺普信,广东省,深圳市,1999-09-18,2008-02-18,
728,002216.SZ,三全食品,河南省,郑州市,2001-06-28,2008-02-20,
729,002217.SZ,合力泰,福建省,莆田市,2003-04-30,2008-02-20,
730,002218.SZ,拓日新能,广东省,深圳市,2002-08-15,2008-02-28,
731,002219.SZ,新里程,甘肃省,陇南市,2001-09-30,2008-03-06,
732,002221.SZ,东华能源,江苏省,张家港市,1996-04-22,2008-03-06,
733,002222.SZ,福晶科技,福建省,福州市,2001-10-31,2008-03-19,
734,002223.SZ,鱼跃医疗,江苏省,丹阳市,1998-10-22,2008-04-18,
735,002224.SZ,三力士,浙江省,绍兴市,2002-11-11,2008-04-25,
736,002225.SZ,濮耐股份,河南省,濮阳市,2002-01-28,2008-04-25,
737,002226.SZ,江南化工,安徽省,宁国市,1998-12-03,2008-05-06,
738,002227.SZ,奥特迅,广东省,深圳市,1998-02-20,2008-05-06,
739,002228.SZ,合兴包装,福建省,厦门市,1993-05-17,2008-05-08,
740,002229.SZ,鸿博股份,福建省,福州市,1999-06-15,2008-05-08,
741,002230.SZ,科大讯飞,安徽省,合肥市,1999-12-30,2008-05-12,
742,002231.SZ,奥维通信,辽宁省,沈阳市,2000-12-21,2008-05-12,
743,002232.SZ,启明信息,吉林省,长春市,2000-10-25,2008-05-09,
744,002233.SZ,塔牌集团,广东省,梅州市,1995-06-29,2008-05-16,
745,002234.SZ,民和股份,山东省,烟台市,1997-05-26,2008-05-16,
746,002235.SZ,安妮股份,福建省,厦门市,1998-09-14,2008-05-16,
747,002236.SZ,大华股份,浙江省,杭州市,2001-03-12,2008-05-20,
748,002237.SZ,恒邦股份,山东省,烟台市,1994-02-18,2008-05-20,
749,002238.SZ,天威视讯,广东省,深圳市,1995-07-18,2008-05-26,
750,002239.SZ,奥特佳,江苏省,南通市,2002-06-13,2008-05-22,
751,002240.SZ,盛新锂能,四川省,成都市,2001-12-29,2008-05-23,
752,002241.SZ,歌尔股份,山东省,潍坊市,2001-06-25,2008-05-22,
753,002242.SZ,九阳股份,山东省,济南市,2002-07-08,2008-05-28,
754,002243.SZ,力合科创,广东省,深圳市,1995-07-14,2008-05-28,
755,002244.SZ,滨江集团,浙江省,杭州市,1996-08-22,2008-05-29,
756,002245.SZ,蔚蓝锂芯,江苏省,张家港市,2002-09-30,2008-06-05,
757,002246.SZ,北化股份,四川省,泸州市,2002-08-23,2008-06-05,
758,002247.SZ,聚力文化,浙江省,杭州市,2000-01-18,2008-06-12,
759,002248.SZ,华东数控,山东省,威海市,2002-03-04,2008-06-12,
760,002249.SZ,大洋电机,广东省,中山市,2000-10-23,2008-06-19,
761,002250.SZ,联化科技,浙江省,台州市,1998-09-14,2008-06-19,
762,002251.SZ,步步高,湖南省,湘潭市,2003-12-11,2008-06-19,
763,002252.SZ,上海莱士,上海,上海市,1988-10-29,2008-06-23,
764,002253.SZ,川大智胜,四川省,成都市,1994-06-04,2008-06-23,
765,002254.SZ,泰和新材,山东省,烟台市,1993-05-20,2008-06-25,
766,002255.SZ,海陆重工,江苏省,张家港市,2000-01-18,2008-06-25,
767,002256.SZ,兆新股份,广东省,深圳市,1995-12-20,2008-06-25,
768,002258.SZ,利尔化学,四川省,绵阳市,2000-07-26,2008-07-08,
769,002259.SZ,ST升达,四川省,成都市,1995-03-09,2008-07-16,
770,002261.SZ,拓维信息,湖南省,长沙市,1996-05-20,2008-07-23,
771,002262.SZ,恩华药业,江苏省,徐州市,1999-03-29,2008-07-23,
772,002263.SZ,大东南,浙江省,诸暨市,2000-06-08,2008-07-28,
773,002264.SZ,新华都,福建省,厦门市,2004-05-17,2008-07-31,
774,002265.SZ,西仪股份,云南省,昆明市,1997-03-18,2008-08-06,
775,002266.SZ,浙富控股,浙江省,杭州市,2004-03-26,2008-08-06,
776,002267.SZ,陕天然气,陕西省,西安市,1995-01-20,2008-08-13,
777,002268.SZ,电科网安,四川省,成都市,1998-04-23,2008-08-11,
778,002269.SZ,美邦服饰,上海,上海市,2000-12-06,2008-08-28,
779,002270.SZ,华明装备,山东省,济南市,2002-08-19,2008-09-05,
780,002271.SZ,东方雨虹,北京,北京市,1998-03-30,2008-09-10,
781,002272.SZ,川润股份,四川省,自贡市,1997-09-12,2008-09-19,
782,002273.SZ,水晶光电,浙江省,台州市,2002-08-02,2008-09-19,
783,002274.SZ,华昌化工,江苏省,张家港市,1979-12-15,2008-09-25,
784,002275.SZ,桂林三金,广西壮族自治区,桂林市,1994-02-23,2009-07-10,
785,002276.SZ,万马股份,浙江省,杭州市,1996-12-30,2009-07-10,
786,002277.SZ,友阿股份,湖南省,长沙市,2004-06-07,2009-07-17,
787,002278.SZ,神开股份,上海,上海市,1993-07-15,2009-08-11,
788,002279.SZ,久其软件,北京,北京市,1999-08-16,2009-08-11,
789,002280.SZ,联络互动,浙江省,杭州市,2002-07-04,2009-08-21,
790,002281.SZ,光迅科技,湖北省,武汉市,2001-01-22,2009-08-21,
791,002282.SZ,博深股份,河北省,石家庄市,1998-12-14,2009-08-21,
792,002283.SZ,天润工业,山东省,威海市,1995-12-19,2009-08-21,
793,002284.SZ,亚太股份,浙江省,杭州市,2000-12-07,2009-08-28,
794,002285.SZ,世联行,广东省,深圳市,1993-04-13,2009-08-28,
795,002286.SZ,保龄宝,山东省,禹城市,1997-10-16,2009-08-28,
796,002287.SZ,奇正藏药,西藏自治区,林芝市,2007-10-09,2009-08-28,
797,002288.SZ,超华科技,广东省,梅州市,1999-10-29,2009-09-03,
798,002289.SZ,宇顺电子,广东省,深圳市,2004-01-02,2009-09-03,
799,002290.SZ,禾盛新材,江苏省,苏州市,2002-11-15,2009-09-03,
800,002291.SZ,遥望科技,广东省,佛山市,2002-07-25,2009-09-03,
801,002292.SZ,奥飞娱乐,广东省,汕头市,1997-07-31,2009-09-10,
802,002293.SZ,罗莱生活,江苏省,南通市,2002-05-23,2009-09-10,
803,002294.SZ,信立泰,广东省,深圳市,1998-11-03,2009-09-10,
804,002295.SZ,精艺股份,广东省,佛山市,1999-07-28,2009-09-29,
805,002296.SZ,辉煌科技,河南省,郑州市,2001-11-15,2009-09-29,
806,002297.SZ,博云新材,湖南省,长沙市,1994-08-12,2009-09-29,
807,002298.SZ,中电兴发,安徽省,芜湖市,1998-05-15,2009-09-29,
808,002299.SZ,圣农发展,福建省,南平市,1999-12-21,2009-10-21,
809,002300.SZ,太阳电缆,福建省,南平市,1994-07-11,2009-10-21,
810,002301.SZ,齐心集团,广东省,深圳市,2000-01-12,2009-10-21,
811,002302.SZ,西部建设,新疆维吾尔自治区,乌鲁木齐市,2001-10-18,2009-11-03,
812,002303.SZ,美盈森,广东省,深圳市,2000-05-17,2009-11-03,
813,002304.SZ,洋河股份,江苏省,宿迁市,2002-12-27,2009-11-06,
814,002305.SZ,南国置业,湖北省,武汉市,1998-07-27,2009-11-06,
815,002306.SZ,中科云网,北京,北京市,1999-09-14,2009-11-11,
816,002307.SZ,北新路桥,新疆维吾尔自治区,乌鲁木齐市,2001-08-07,2009-11-11,
817,002308.SZ,威创股份,广东省,广州市,2002-08-23,2009-11-27,
818,002309.SZ,ST中利,江苏省,常熟市,1988-09-05,2009-11-27,
819,002310.SZ,东方园林,北京,北京市,1992-07-02,2009-11-27,
820,002311.SZ,海大集团,广东省,广州市,2004-01-08,2009-11-27,
821,002312.SZ,川发龙蟒,四川省,成都市,1997-05-20,2009-12-03,
822,002313.SZ,*ST日海,广东省,深圳市,2003-11-14,2009-12-03,
823,002314.SZ,南山控股,广东省,深圳市,2001-04-30,2009-12-03,
824,002315.SZ,焦点科技,江苏省,南京市,1996-01-09,2009-12-09,
825,002316.SZ,*ST亚联,吉林省,辽源市,1999-03-04,2009-12-09,
826,002317.SZ,众生药业,广东省,东莞市,2001-12-31,2009-12-11,
827,002318.SZ,久立特材,浙江省,湖州市,2004-01-08,2009-12-11,
828,002319.SZ,乐通股份,广东省,珠海市,1996-11-13,2009-12-11,
829,002320.SZ,海峡股份,海南省,海口市,2002-12-06,2009-12-16,
830,002321.SZ,ST华英,河南省,信阳市,2002-01-30,2009-12-16,
831,002322.SZ,理工能科,浙江省,宁波市,2000-12-12,2009-12-18,
832,002323.SZ,雅博股份,山东省,枣庄市,2002-10-21,2009-12-18,
833,002324.SZ,普利特,上海,上海市,1999-10-28,2009-12-18,
834,002325.SZ,洪涛股份,广东省,深圳市,1985-01-14,2009-12-22,
835,002326.SZ,永太科技,浙江省,临海市,1999-10-11,2009-12-22,
836,002327.SZ,富安娜,广东省,深圳市,1994-08-11,2009-12-30,
837,002328.SZ,新朋股份,上海,上海市,1997-10-30,2009-12-30,
838,002329.SZ,皇氏集团,广西壮族自治区,南宁市,2001-05-31,2010-01-06,
839,002330.SZ,得利斯,山东省,诸城市,2003-06-20,2010-01-06,
840,002331.SZ,皖通科技,安徽省,合肥市,1999-05-12,2010-01-06,
841,002332.SZ,仙琚制药,浙江省,台州市,2000-06-26,2010-01-12,
842,002333.SZ,罗普斯金,江苏省,苏州市,1993-07-28,2010-01-12,
843,002334.SZ,英威腾,广东省,深圳市,2002-04-15,2010-01-13,
844,002335.SZ,科华数据,福建省,厦门市,1999-03-26,2010-01-13,
845,002336.SZ,人人乐,广东省,深圳市,1996-04-01,2010-01-13,
846,002337.SZ,赛象科技,天津,天津市,1995-02-16,2010-01-15,
847,002338.SZ,奥普光电,吉林省,长春市,2001-06-26,2010-01-15,
848,002339.SZ,积成电子,山东省,济南市,2000-08-10,2010-01-22,
849,002340.SZ,格林美,广东省,深圳市,2001-12-28,2010-01-22,
850,002341.SZ,新纶新材,广东省,深圳市,2002-12-25,2010-01-22,
851,002342.SZ,巨力索具,河北省,保定市,2004-12-07,2010-01-26,
852,002343.SZ,慈文传媒,江西省,南昌市,1998-08-28,2010-01-26,
853,002344.SZ,海宁皮城,浙江省,海宁市,1999-02-25,2010-01-26,
854,002345.SZ,潮宏基,广东省,汕头市,1996-03-07,2010-01-28,
855,002346.SZ,柘中股份,上海,上海市,2002-06-04,2010-01-28,
856,002347.SZ,泰尔股份,安徽省,马鞍山市,2001-12-18,2010-01-28,
857,002348.SZ,高乐股份,广东省,普宁市,1989-10-14,2010-02-03,
858,002349.SZ,精华制药,江苏省,南通市,1994-01-03,2010-02-03,
859,002350.SZ,北京科锐,北京,北京市,1993-07-17,2010-02-03,
860,002351.SZ,漫步者,广东省,深圳市,2001-01-16,2010-02-05,
861,002352.SZ,顺丰控股,广东省,深圳市,2003-05-22,2010-02-05,
862,002353.SZ,杰瑞股份,山东省,烟台市,1999-12-10,2010-02-05,
863,002354.SZ,天娱数科,辽宁省,大连市,2003-08-29,2010-02-09,
864,002355.SZ,兴民智通,山东省,龙口市,1999-12-28,2010-02-09,
865,002356.SZ,赫美集团,广东省,深圳市,1994-11-02,2010-02-09,
866,002357.SZ,富临运业,四川省,绵阳市,2002-03-18,2010-02-10,
867,002358.SZ,ST森源,河南省,长葛市,2000-10-30,2010-02-10,
868,002360.SZ,同德化工,山西省,忻州市,2001-06-10,2010-03-03,
869,002361.SZ,神剑股份,安徽省,芜湖市,2002-04-18,2010-03-03,
870,002362.SZ,汉王科技,北京,北京市,1998-09-11,2010-03-03,
871,002363.SZ,隆基机械,山东省,龙口市,1994-04-11,2010-03-05,
872,002364.SZ,中恒电气,浙江省,杭州市,2001-07-11,2010-03-05,
873,002365.SZ,永安药业,湖北省,潜江市,2001-06-18,2010-03-05,
874,002366.SZ,*ST海核,四川省,眉山市,1997-11-18,2010-03-12,
875,002367.SZ,康力电梯,江苏省,苏州市,1997-10-03,2010-03-12,
876,002368.SZ,太极股份,北京,北京市,1987-10-10,2010-03-12,
877,002369.SZ,卓翼科技,广东省,深圳市,2004-02-26,2010-03-16,
878,002370.SZ,亚太药业,浙江省,绍兴市,2001-12-31,2010-03-16,
879,002371.SZ,北方华创,北京,北京市,2001-09-28,2010-03-16,
880,002372.SZ,伟星新材,浙江省,临海市,1999-10-12,2010-03-18,
881,002373.SZ,千方科技,北京,北京市,2002-12-20,2010-03-18,
882,002374.SZ,中锐股份,山东省,烟台市,1995-02-16,2010-03-18,
883,002375.SZ,亚厦股份,浙江省,绍兴市,1995-07-07,2010-03-23,
884,002376.SZ,新北洋,山东省,威海市,2002-12-06,2010-03-23,
885,002377.SZ,国创高新,湖北省,武汉市,2002-03-25,2010-03-23,
886,002378.SZ,章源钨业,江西省,赣州市,2000-02-28,2010-03-31,
887,002379.SZ,宏创控股,山东省,滨州市,2000-08-11,2010-03-31,
888,002380.SZ,科远智慧,江苏省,南京市,1993-05-27,2010-03-31,
889,002381.SZ,双箭股份,浙江省,桐乡市,2001-11-13,2010-04-02,
890,002382.SZ,蓝帆医疗,山东省,淄博市,2002-12-02,2010-04-02,
891,002383.SZ,合众思壮,北京,北京市,1998-09-30,2010-04-02,
892,002384.SZ,东山精密,江苏省,苏州市,1998-10-28,2010-04-09,
893,002385.SZ,大北农,北京,北京市,1994-10-18,2010-04-09,
894,002386.SZ,天原股份,四川省,宜宾市,1994-01-01,2010-04-09,
895,002387.SZ,维信诺,江苏省,昆山市,1998-01-07,2010-04-13,
896,002388.SZ,新亚制程,广东省,珠海市,2003-01-10,2010-04-13,
897,002389.SZ,航天彩虹,浙江省,台州市,2001-11-30,2010-04-13,
898,002390.SZ,信邦制药,贵州省,黔南布依族苗族自治州,1995-01-27,2010-04-16,
899,002391.SZ,长青股份,江苏省,扬州市,2001-01-04,2010-04-16,
900,002392.SZ,北京利尔,北京,北京市,2000-11-08,2010-04-23,
901,002393.SZ,力生制药,天津,天津市,1981-06-17,2010-04-23,
902,002394.SZ,联发股份,江苏省,海安市,2002-11-11,2010-04-23,
903,002395.SZ,双象股份,江苏省,无锡市,2002-12-02,2010-04-29,
904,002396.SZ,星网锐捷,福建省,福州市,1996-11-11,2010-06-23,
905,002397.SZ,梦洁股份,湖南省,长沙市,1981-04-09,2010-04-29,
906,002398.SZ,垒知集团,福建省,厦门市,2004-04-09,2010-05-06,
907,002399.SZ,海普瑞,广东省,深圳市,1998-04-21,2010-05-06,
908,002400.SZ,省广集团,广东省,广州市,1981-05-11,2010-05-06,
909,002401.SZ,中远海科,上海,上海市,1993-05-19,2010-05-06,
910,002402.SZ,和而泰,广东省,深圳市,2000-01-12,2010-05-11,
911,002403.SZ,爱仕达,浙江省,温岭市,1993-05-13,2010-05-11,
912,002404.SZ,嘉欣丝绸,浙江省,嘉兴市,1999-03-29,2010-05-11,
913,002405.SZ,四维图新,北京,北京市,2002-12-03,2010-05-18,
914,002406.SZ,远东传动,河南省,许昌市,2004-06-16,2010-05-18,
915,002407.SZ,多氟多,河南省,焦作市,1999-12-21,2010-05-18,
916,002408.SZ,齐翔腾达,山东省,淄博市,2002-01-04,2010-05-18,
917,002409.SZ,雅克科技,江苏省,宜兴市,1997-10-29,2010-05-25,
918,002410.SZ,广联达,北京,北京市,1998-08-13,2010-05-25,
919,002411.SZ,*ST必康,陕西省,延安市,2002-12-30,2010-05-25,
920,002412.SZ,汉森制药,湖南省,益阳市,1998-01-21,2010-05-25,
921,002413.SZ,雷科防务,江苏省,常州市,2002-12-11,2010-05-28,
922,002414.SZ,高德红外,湖北省,武汉市,2004-07-13,2010-07-16,
923,002415.SZ,海康威视,浙江省,杭州市,2001-11-30,2010-05-28,
924,002416.SZ,爱施德,广东省,深圳市,1998-06-08,2010-05-28,
925,002417.SZ,*ST深南,广东省,深圳市,2004-10-09,2010-06-01,
926,002418.SZ,康盛股份,浙江省,杭州市,2002-11-26,2010-06-01,
927,002419.SZ,天虹股份,广东省,深圳市,1984-05-02,2010-06-01,
928,002420.SZ,毅昌科技,广东省,广州市,1997-09-12,2010-06-01,
929,002421.SZ,达实智能,广东省,深圳市,1995-03-17,2010-06-03,
930,002422.SZ,科伦药业,四川省,成都市,2002-05-29,2010-06-03,
931,002423.SZ,中粮资本,河南省,济源市,2004-12-29,2010-06-03,
932,002424.SZ,贵州百灵,贵州省,安顺市,1999-03-25,2010-06-03,
933,002425.SZ,凯撒文化,广东省,汕头市,1994-12-29,2010-06-08,
934,002426.SZ,胜利精密,江苏省,苏州市,2003-12-05,2010-06-08,
935,002427.SZ,*ST尤夫,浙江省,湖州市,2003-10-30,2010-06-08,
936,002428.SZ,云南锗业,云南省,临沧市,1998-08-19,2010-06-08,
937,002429.SZ,兆驰股份,广东省,深圳市,2005-04-04,2010-06-10,
938,002430.SZ,杭氧股份,浙江省,杭州市,2002-12-18,2010-06-10,
939,002431.SZ,棕榈股份,河南省,郑州市,1993-09-21,2010-06-10,
940,002432.SZ,九安医疗,天津,天津市,1995-08-22,2010-06-10,
941,002433.SZ,ST太安,广东省,汕头市,2000-03-25,2010-06-18,
942,002434.SZ,万里扬,浙江省,金华市,2003-10-22,2010-06-18,
943,002435.SZ,长江健康,江苏省,张家港市,1999-09-09,2010-06-18,
944,002436.SZ,兴森科技,广东省,深圳市,1999-03-18,2010-06-18,
945,002437.SZ,誉衡药业,黑龙江省,哈尔滨市,2000-03-27,2010-06-23,
946,002438.SZ,江苏神通,江苏省,启东市,2001-01-04,2010-06-23,
947,002439.SZ,启明星辰,北京,北京市,1996-06-24,2010-06-23,
948,002440.SZ,闰土股份,浙江省,绍兴市,1998-05-14,2010-07-06,
949,002441.SZ,众业达,广东省,汕头市,2000-04-14,2010-07-06,
950,002442.SZ,龙星化工,河北省,沙河市,2004-08-04,2010-07-06,
951,002443.SZ,金洲管道,浙江省,湖州市,2002-07-31,2010-07-06,
952,002444.SZ,巨星科技,浙江省,杭州市,2001-08-09,2010-07-13,
953,002445.SZ,中南文化,江苏省,江阴市,2003-05-28,2010-07-13,
954,002446.SZ,盛路通信,广东省,佛山市,1998-12-23,2010-07-13,
955,002448.SZ,中原内配,河南省,孟州市,1996-12-29,2010-07-16,
956,002449.SZ,国星光电,广东省,佛山市,1981-08-31,2010-07-16,
957,002451.SZ,摩恩电气,上海,上海市,1997-10-05,2010-07-20,
958,002452.SZ,长高电新,湖南省,长沙市,1998-04-23,2010-07-20,
959,002453.SZ,华软科技,江苏省,苏州市,1999-01-13,2010-07-20,
960,002454.SZ,松芝股份,上海,上海市,2002-06-04,2010-07-20,
961,002455.SZ,百川股份,江苏省,江阴市,2002-07-01,2010-08-03,
962,002456.SZ,欧菲光,广东省,深圳市,2001-03-12,2010-08-03,
963,002457.SZ,青龙管业,宁夏回族自治区,青铜峡市,1999-03-01,2010-08-03,
964,002458.SZ,益生股份,山东省,烟台市,1997-04-22,2010-08-10,
965,002459.SZ,晶澳科技,河北省,邢台市,2000-10-20,2010-08-10,
966,002460.SZ,赣锋锂业,江西省,新余市,2000-03-02,2010-08-10,
967,002461.SZ,珠江啤酒,广东省,广州市,2002-12-25,2010-08-18,
968,002462.SZ,嘉事堂,北京,北京市,1997-04-22,2010-08-18,
969,002463.SZ,沪电股份,江苏省,昆山市,1992-04-14,2010-08-18,
970,002465.SZ,海格通信,广东省,广州市,2000-07-20,2010-08-31,
971,002466.SZ,天齐锂业,四川省,射洪市,1995-10-16,2010-08-31,
972,002467.SZ,二六三,北京,北京市,1999-12-16,2010-09-08,
973,002468.SZ,申通快递,浙江省,玉环市,2001-11-01,2010-09-08,
974,002469.SZ,三维化学,山东省,淄博市,1994-11-18,2010-09-08,
975,002470.SZ,ST金正,山东省,临沂市,1998-08-26,2010-09-08,
976,002471.SZ,中超控股,江苏省,宜兴市,1996-08-05,2010-09-10,
977,002472.SZ,双环传动,浙江省,玉环市,2005-08-25,2010-09-10,
978,002474.SZ,榕基软件,福建省,福州市,1993-10-22,2010-09-15,
979,002475.SZ,立讯精密,广东省,深圳市,2004-05-24,2010-09-15,
980,002476.SZ,宝莫股份,山东省,东营市,1996-05-03,2010-09-15,
981,002478.SZ,常宝股份,江苏省,常州市,1989-07-31,2010-09-21,
982,002479.SZ,富春环保,浙江省,杭州市,2003-12-15,2010-09-21,
983,002480.SZ,新筑股份,四川省,成都市,2001-03-28,2010-09-21,
984,002481.SZ,双塔食品,山东省,招远市,1992-09-10,2010-09-21,
985,002482.SZ,ST广田,广东省,深圳市,1995-07-14,2010-09-29,
986,002483.SZ,润邦股份,江苏省,南通市,2003-09-25,2010-09-29,
987,002484.SZ,江海股份,江苏省,南通市,1958-10-01,2010-09-29,
988,002485.SZ,*ST雪发,山东省,诸城市,2003-12-17,2010-10-15,
989,002486.SZ,嘉麟杰,上海,上海市,2001-01-20,2010-10-15,
990,002487.SZ,大金重工,辽宁省,阜新市,2003-09-22,2010-10-15,
991,002488.SZ,金固股份,浙江省,杭州市,1996-06-24,2010-10-21,
992,002489.SZ,浙江永强,浙江省,临海市,2001-06-18,2010-10-21,
993,002490.SZ,山东墨龙,山东省,寿光市,2001-12-30,2010-10-21,
994,002491.SZ,通鼎互联,江苏省,苏州市,2001-02-07,2010-10-21,
995,002492.SZ,恒基达鑫,广东省,珠海市,2000-11-07,2010-11-02,
996,002493.SZ,荣盛石化,浙江省,杭州市,1995-09-15,2010-11-02,
997,002494.SZ,华斯股份,河北省,沧州市,2000-10-27,2010-11-02,
998,002495.SZ,佳隆股份,广东省,普宁市,2002-05-30,2010-11-02,
999,002496.SZ,辉丰股份,江苏省,盐城市,1989-05-26,2010-11-09,
1000,002497.SZ,雅化集团,四川省,雅安市,2001-12-25,2010-11-09,
1001,002498.SZ,汉缆股份,山东省,青岛市,1989-11-08,2010-11-09,
1002,002499.SZ,*ST科林,江苏省,苏州市,1999-04-16,2010-11-09,
1003,002500.SZ,山西证券,山西省,太原市,1988-07-28,2010-11-15,
1004,002501.SZ,利源精制,吉林省,辽源市,2001-11-13,2010-11-17,
1005,002502.SZ,鼎龙文化,广东省,汕头市,1997-08-26,2010-11-17,
1006,002503.SZ,搜于特,广东省,东莞市,2005-12-05,2010-11-17,
1007,002504.SZ,ST弘高,北京,北京市,1998-08-31,2010-11-18,
1008,002505.SZ,鹏都农牧,湖南省,长沙市,1997-01-21,2010-11-18,
1009,002506.SZ,协鑫集成,上海,上海市,2003-06-26,2010-11-18,
1010,002507.SZ,涪陵榨菜,重庆,重庆市,1988-04-30,2010-11-23,
1011,002508.SZ,老板电器,浙江省,杭州市,2000-11-07,2010-11-23,
1012,002510.SZ,天汽模,天津,天津市,1996-12-03,2010-11-25,
1013,002511.SZ,中顺洁柔,广东省,中山市,1999-05-28,2010-11-25,
1014,002512.SZ,达华智能,福建省,福州市,1993-08-10,2010-12-03,
1015,002513.SZ,蓝丰生化,江苏省,新沂市,1990-10-11,2010-12-03,
1016,002514.SZ,宝馨科技,江苏省,靖江市,2001-10-08,2010-12-03,
1017,002515.SZ,金字火腿,浙江省,金华市,1994-11-15,2010-12-03,
1018,002516.SZ,旷达科技,江苏省,常州市,2000-12-06,2010-12-07,
1019,002517.SZ,恺英网络,福建省,晋江市,2000-01-03,2010-12-07,
1020,002518.SZ,科士达,广东省,深圳市,1993-03-17,2010-12-07,
1021,002519.SZ,银河电子,江苏省,张家港市,2000-06-15,2010-12-07,
1022,002520.SZ,日发精机,浙江省,绍兴市,2000-12-28,2010-12-10,
1023,002521.SZ,齐峰新材,山东省,淄博市,2001-06-25,2010-12-10,
1024,002522.SZ,浙江众成,浙江省,嘉兴市,2001-10-23,2010-12-10,
1025,002523.SZ,天桥起重,湖南省,株洲市,1999-11-26,2010-12-10,
1026,002524.SZ,光正眼科,新疆维吾尔自治区,乌鲁木齐市,2001-12-10,2010-12-17,
1027,002526.SZ,山东矿机,山东省,潍坊市,1999-12-03,2010-12-17,
1028,002527.SZ,新时达,上海,上海市,1995-03-10,2010-12-24,
1029,002528.SZ,英飞拓,广东省,深圳市,2000-10-18,2010-12-24,
1030,002529.SZ,海源复材,江西省,新余市,2003-07-07,2010-12-24,
1031,002530.SZ,金财互联,江苏省,盐城市,1988-07-30,2010-12-31,
1032,002531.SZ,天顺风能,江苏省,太仓市,2005-01-18,2010-12-31,
1033,002532.SZ,天山铝业,浙江省,温岭市,1997-11-03,2010-12-31,
1034,002533.SZ,金杯电工,湖南省,长沙市,2004-05-24,2010-12-31,
1035,002534.SZ,西子洁能,浙江省,杭州市,1955-10-01,2011-01-10,
1036,002535.SZ,ST林重,河南省,林州市,2002-05-08,2011-01-11,
1037,002536.SZ,飞龙股份,河南省,南阳市,2001-01-09,2011-01-11,
1038,002537.SZ,海联金汇,山东省,青岛市,2004-12-03,2011-01-10,
1039,002538.SZ,司尔特,安徽省,宁国市,1997-11-05,2011-01-18,
1040,002539.SZ,云图控股,四川省,成都市,1995-08-31,2011-01-18,
1041,002540.SZ,亚太科技,江苏省,无锡市,2001-10-19,2011-01-18,
1042,002541.SZ,鸿路钢构,安徽省,合肥市,2002-09-19,2011-01-18,
1043,002542.SZ,中化岩土,北京,北京市,2001-12-06,2011-01-28,
1044,002543.SZ,万和电气,广东省,佛山市,2003-12-29,2011-01-28,
1045,002544.SZ,普天科技,广东省,广州市,1994-11-19,2011-01-28,
1046,002545.SZ,东方铁塔,山东省,胶州市,1996-08-01,2011-02-11,
1047,002546.SZ,新联电子,江苏省,南京市,2003-09-25,2011-02-11,
1048,002547.SZ,春兴精工,江苏省,苏州市,2001-09-25,2011-02-18,
1049,002548.SZ,金新农,广东省,深圳市,1999-11-06,2011-02-18,
1050,002549.SZ,凯美特气,湖南省,岳阳市,1991-06-11,2011-02-18,
1051,002550.SZ,千红制药,江苏省,常州市,2003-04-30,2011-02-18,
1052,002551.SZ,尚荣医疗,广东省,深圳市,1998-03-13,2011-02-25,
1053,002552.SZ,宝鼎科技,浙江省,杭州市,1999-03-25,2011-02-25,
1054,002553.SZ,南方精工,江苏省,常州市,1998-05-08,2011-02-25,
1055,002554.SZ,惠博普,湖南省,长沙市,1998-10-07,2011-02-25,
1056,002555.SZ,三七互娱,安徽省,芜湖市,1995-05-26,2011-03-02,
1057,002556.SZ,辉隆股份,安徽省,合肥市,1990-07-04,2011-03-02,
1058,002557.SZ,洽洽食品,安徽省,合肥市,2001-08-09,2011-03-02,
1059,002558.SZ,巨人网络,重庆,重庆市,1997-07-22,2011-03-02,
1060,002559.SZ,亚威股份,江苏省,扬州市,2000-02-12,2011-03-03,
1061,002560.SZ,通达股份,河南省,洛阳市,2002-03-26,2011-03-03,
1062,002561.SZ,徐家汇,上海,上海市,1993-01-04,2011-03-03,
1063,002562.SZ,兄弟科技,浙江省,海宁市,2001-03-19,2011-03-10,
1064,002563.SZ,森马服饰,浙江省,温州市,2002-02-05,2011-03-11,
1065,002564.SZ,天沃科技,江苏省,张家港市,2001-03-31,2011-03-10,
1066,002565.SZ,顺灏股份,上海,上海市,2004-12-21,2011-03-18,
1067,002566.SZ,益盛药业,吉林省,集安市,1997-06-11,2011-03-18,
1068,002567.SZ,唐人神,湖南省,株洲市,1992-09-11,2011-03-25,
1069,002568.SZ,百润股份,上海,上海市,1997-06-19,2011-03-25,
1070,002569.SZ,ST步森,浙江省,诸暨市,2005-06-30,2011-04-12,
1071,002570.SZ,贝因美,浙江省,杭州市,1999-04-27,2011-04-12,
1072,002571.SZ,德力股份,安徽省,滁州市,2002-10-16,2011-04-12,
1073,002572.SZ,索菲亚,广东省,广州市,2003-07-15,2011-04-12,
1074,002573.SZ,清新环境,北京,北京市,2001-09-03,2011-04-22,
1075,002574.SZ,明牌珠宝,浙江省,绍兴市,2002-10-15,2011-04-22,
1076,002575.SZ,群兴玩具,广东省,汕头市,1996-09-02,2011-04-22,
1077,002576.SZ,通达动力,江苏省,南通市,1988-06-24,2011-04-28,
1078,002577.SZ,雷柏科技,广东省,深圳市,2002-08-05,2011-04-28,
1079,002578.SZ,闽发铝业,福建省,南安市,1997-09-15,2011-04-28,
1080,002579.SZ,中京电子,广东省,惠州市,2000-12-22,2011-05-06,
1081,002580.SZ,圣阳股份,山东省,曲阜市,1998-08-20,2011-05-06,
1082,002581.SZ,未名医药,山东省,淄博市,2000-01-18,2011-05-20,
1083,002582.SZ,好想你,河南省,新郑市,1997-09-24,2011-05-20,
1084,002583.SZ,海能达,广东省,深圳市,1993-05-11,2011-05-27,
1085,002584.SZ,西陇科学,广东省,汕头市,1994-07-19,2011-06-02,
1086,002585.SZ,双星新材,江苏省,宿迁市,1997-12-24,2011-06-02,
1087,002586.SZ,ST围海,浙江省,宁波市,1988-06-25,2011-06-02,
1088,002587.SZ,奥拓电子,广东省,深圳市,1993-05-12,2011-06-10,
1089,002588.SZ,史丹利,山东省,临沂市,1998-07-15,2011-06-10,
1090,002589.SZ,瑞康医药,山东省,烟台市,2004-09-21,2011-06-10,
1091,002590.SZ,万安科技,浙江省,诸暨市,1999-09-22,2011-06-10,
1092,002591.SZ,恒大高新,江西省,南昌市,1994-09-01,2011-06-21,
1093,002592.SZ,ST八菱,广西壮族自治区,南宁市,2001-07-17,2011-11-11,
1094,002593.SZ,日上集团,福建省,厦门市,1995-08-01,2011-06-28,
1095,002594.SZ,比亚迪,广东省,深圳市,1995-02-10,2011-06-30,
1096,002595.SZ,豪迈科技,山东省,高密市,1995-03-31,2011-06-28,
1097,002596.SZ,海南瑞泽,海南省,三亚市,2002-04-27,2011-07-07,
1098,002597.SZ,金禾实业,安徽省,滁州市,2006-12-25,2011-07-07,
1099,002598.SZ,山东章鼓,山东省,济南市,1991-05-24,2011-07-07,
1100,002599.SZ,盛通股份,北京,北京市,2000-11-30,2011-07-15,
1101,002600.SZ,领益智造,广东省,江门市,1975-07-01,2011-07-15,
1102,002601.SZ,龙佰集团,河南省,焦作市,1998-08-20,2011-07-15,
1103,002602.SZ,世纪华通,浙江省,绍兴市,2005-10-31,2011-07-28,
1104,002603.SZ,以岭药业,河北省,石家庄市,2001-08-28,2011-07-28,
1105,002605.SZ,姚记科技,上海,上海市,1989-09-13,2011-08-05,
1106,002606.SZ,大连电瓷,辽宁省,大连市,2003-11-25,2011-08-05,
1107,002607.SZ,中公教育,安徽省,芜湖市,1999-08-25,2011-08-10,
1108,002608.SZ,江苏国信,江苏省,南京市,2003-06-16,2011-08-10,
1109,002609.SZ,捷顺科技,广东省,深圳市,1992-06-17,2011-08-15,
1110,002610.SZ,爱康科技,江苏省,江阴市,2006-03-09,2011-08-15,
1111,002611.SZ,东方精工,广东省,佛山市,1996-12-09,2011-08-30,
1112,002612.SZ,朗姿股份,北京,北京市,2006-11-09,2011-08-30,
1113,002613.SZ,北玻股份,河南省,洛阳市,1995-05-18,2011-08-30,
1114,002614.SZ,奥佳华,福建省,厦门市,1996-08-01,2011-09-09,
1115,002615.SZ,哈尔斯,浙江省,永康市,1995-05-23,2011-09-09,
1116,002616.SZ,长青集团,广东省,中山市,1993-08-06,2011-09-20,
1117,002617.SZ,露笑科技,浙江省,诸暨市,1989-05-24,2011-09-20,
1118,002620.SZ,瑞和股份,广东省,深圳市,1992-08-18,2011-09-29,
1119,002621.SZ,美吉姆,辽宁省,大连市,2003-08-29,2011-09-29,
1120,002622.SZ,皓宸医疗,吉林省,吉林市,1998-11-06,2011-10-18,
1121,002623.SZ,亚玛顿,江苏省,常州市,2006-09-11,2011-10-13,
1122,002624.SZ,完美世界,浙江省,湖州市,1999-08-27,2011-10-28,
1123,002625.SZ,光启技术,广东省,深圳市,2001-07-18,2011-11-03,
1124,002626.SZ,金达威,福建省,厦门市,1997-11-24,2011-10-28,
1125,002627.SZ,三峡旅游,湖北省,宜昌市,1998-08-10,2011-11-03,
1126,002628.SZ,成都路桥,四川省,成都市,1988-05-28,2011-11-03,
1127,002629.SZ,仁智股份,浙江省,温州市,2006-09-27,2011-11-03,
1128,002630.SZ,华西能源,四川省,自贡市,2004-05-18,2011-11-11,
1129,002631.SZ,德尔未来,江苏省,苏州市,2004-12-02,2011-11-11,
1130,002632.SZ,道明光学,浙江省,永康市,2007-11-22,2011-11-22,
1131,002633.SZ,申科股份,浙江省,诸暨市,1996-12-05,2011-11-22,
1132,002634.SZ,棒杰股份,浙江省,义乌市,1993-08-03,2011-12-05,
1133,002635.SZ,安洁科技,江苏省,苏州市,1999-12-16,2011-11-25,
1134,002636.SZ,金安国纪,上海,上海市,2000-10-19,2011-11-25,
1135,002637.SZ,赞宇科技,浙江省,杭州市,2000-09-19,2011-11-25,
1136,002638.SZ,勤上股份,广东省,东莞市,1994-11-07,2011-11-25,
1137,002639.SZ,雪人股份,福建省,福州市,2000-03-09,2011-12-05,
1138,002640.SZ,跨境通,山西省,太原市,2003-03-07,2011-12-08,
1139,002641.SZ,公元股份,浙江省,台州市,1993-03-19,2011-12-08,
1140,002642.SZ,荣联科技,北京,北京市,2001-03-12,2011-12-20,
1141,002643.SZ,万润股份,山东省,烟台市,1995-07-05,2011-12-20,
1142,002644.SZ,佛慈制药,甘肃省,兰州市,2000-06-28,2011-12-22,
1143,002645.SZ,华宏科技,江苏省,江阴市,2004-08-19,2011-12-20,
1144,002646.SZ,天佑德酒,青海省,海东市,2005-01-27,2011-12-22,
1145,002647.SZ,仁东控股,浙江省,诸暨市,1998-07-24,2011-12-28,
1146,002648.SZ,卫星化学,浙江省,嘉兴市,2005-08-03,2011-12-28,
1147,002649.SZ,博彦科技,北京,北京市,1995-04-17,2012-01-06,
1148,002650.SZ,加加食品,湖南省,宁乡市,1996-08-03,2012-01-06,
1149,002651.SZ,利君股份,四川省,成都市,1999-11-23,2012-01-06,
1150,002652.SZ,扬子新材,江苏省,苏州市,2002-11-27,2012-01-19,
1151,002653.SZ,海思科,西藏自治区,山南市,2005-08-26,2012-01-17,
1152,002654.SZ,万润科技,广东省,深圳市,2002-12-13,2012-02-17,
1153,002655.SZ,共达电声,山东省,潍坊市,2001-04-10,2012-02-17,
1154,002656.SZ,ST摩登,广东省,广州市,2002-07-18,2012-02-28,
1155,002657.SZ,中科金财,北京,北京市,2003-12-10,2012-02-28,
1156,002658.SZ,雪迪龙,北京,北京市,2001-09-24,2012-03-09,
1157,002659.SZ,凯文教育,北京,北京市,1999-03-26,2012-03-09,
1158,002660.SZ,茂硕电源,广东省,深圳市,2006-03-27,2012-03-16,
1159,002661.SZ,克明食品,湖南省,益阳市,1997-06-16,2012-03-16,
1160,002662.SZ,京威股份,北京,北京市,2002-07-03,2012-03-09,
1161,002663.SZ,普邦股份,广东省,广州市,1995-07-19,2012-03-16,
1162,002664.SZ,信质集团,浙江省,台州市,1990-07-14,2012-03-16,
1163,002665.SZ,首航高科,甘肃省,酒泉市,2001-07-06,2012-03-27,
1164,002666.SZ,德联集团,广东省,佛山市,1992-01-24,2012-03-27,
1165,002667.SZ,鞍重股份,辽宁省,鞍山市,1994-10-13,2012-03-29,
1166,002668.SZ,奥马电器,广东省,中山市,2002-11-01,2012-04-16,
1167,002669.SZ,康达新材,上海,上海市,1988-07-14,2012-04-16,
1168,002670.SZ,国盛金控,广东省,佛山市,1995-08-17,2012-04-16,
1169,002671.SZ,龙泉股份,山东省,淄博市,2000-08-22,2012-04-26,
1170,002672.SZ,东江环保,广东省,深圳市,1999-09-16,2012-04-26,
1171,002673.SZ,西部证券,陕西省,西安市,2001-01-09,2012-05-03,
1172,002674.SZ,兴业科技,福建省,晋江市,1992-12-14,2012-05-07,
1173,002675.SZ,东诚药业,山东省,烟台市,1998-12-31,2012-05-25,
1174,002676.SZ,顺威股份,广东省,佛山市,1992-05-08,2012-05-25,
1175,002677.SZ,浙江美大,浙江省,海宁市,2001-12-29,2012-05-25,
1176,002678.SZ,珠江钢琴,广东省,广州市,1987-10-10,2012-05-30,
1177,002679.SZ,福建金森,福建省,三明市,1996-04-18,2012-06-05,
1178,002681.SZ,奋达科技,广东省,深圳市,1993-04-14,2012-06-05,
1179,002682.SZ,龙洲股份,福建省,龙岩市,2003-08-29,2012-06-12,
1180,002683.SZ,广东宏大,广东省,广州市,1988-05-14,2012-06-12,
1181,002685.SZ,华东重机,江苏省,无锡市,2004-01-09,2012-06-12,
1182,002686.SZ,亿利达,浙江省,台州市,1995-07-03,2012-07-03,
1183,002687.SZ,乔治白,浙江省,温州市,2001-07-31,2012-07-13,
1184,002688.SZ,金河生物,内蒙古自治区,呼和浩特市,1990-03-14,2012-07-13,
1185,002689.SZ,远大智能,辽宁省,沈阳市,2001-09-24,2012-07-17,
1186,002690.SZ,美亚光电,安徽省,合肥市,2000-03-03,2012-07-31,
1187,002691.SZ,冀凯股份,河北省,石家庄市,2003-05-16,2012-07-31,
1188,002692.SZ,ST远程,江苏省,宜兴市,2001-02-20,2012-08-08,
1189,002693.SZ,双成药业,海南省,海口市,2000-05-22,2012-08-08,
1190,002694.SZ,顾地科技,湖北省,鄂州市,1999-10-18,2012-08-16,
1191,002695.SZ,煌上煌,江西省,南昌市,1999-04-01,2012-09-05,
1192,002696.SZ,百洋股份,广西壮族自治区,南宁市,2000-04-19,2012-09-05,
1193,002697.SZ,红旗连锁,四川省,成都市,2000-06-22,2012-09-05,
1194,002698.SZ,博实股份,黑龙江省,哈尔滨市,1997-09-12,2012-09-11,
1195,002699.SZ,ST美盛,浙江省,绍兴市,2002-06-03,2012-09-11,
1196,002700.SZ,ST浩源,新疆维吾尔自治区,阿克苏市,2006-02-21,2012-09-21,
1197,002701.SZ,奥瑞金,北京,北京市,1997-05-14,2012-10-11,
1198,002702.SZ,海欣食品,福建省,福州市,2005-04-22,2012-10-11,
1199,002703.SZ,浙江世宝,浙江省,义乌市,1993-06-02,2012-11-02,
1200,002705.SZ,新宝股份,广东省,佛山市,1995-12-11,2014-01-21,
1201,002706.SZ,良信股份,上海,上海市,1999-01-07,2014-01-21,
1202,002707.SZ,众信旅游,北京,北京市,1992-08-11,2014-01-23,
1203,002708.SZ,光洋股份,江苏省,常州市,1995-04-22,2014-01-21,
1204,002709.SZ,天赐材料,广东省,广州市,2000-06-06,2014-01-23,
1205,002712.SZ,思美传媒,浙江省,杭州市,2000-08-09,2014-01-23,
1206,002713.SZ,东易日盛,北京,北京市,1996-11-28,2014-02-19,
1207,002714.SZ,牧原股份,河南省,南阳市,2000-07-13,2014-01-28,
1208,002715.SZ,登云股份,广东省,肇庆市,1971-05-10,2014-02-19,
1209,002716.SZ,金贵银业,湖南省,郴州市,2004-11-08,2014-01-28,
1210,002717.SZ,岭南股份,广东省,东莞市,1998-07-20,2014-02-19,
1211,002718.SZ,友邦吊顶,浙江省,嘉兴市,2007-12-23,2014-01-28,
1212,002719.SZ,麦趣尔,新疆维吾尔自治区,昌吉市,2002-12-30,2014-01-28,
1213,002721.SZ,金一文化,北京,北京市,2007-11-26,2014-01-27,
1214,002722.SZ,物产金轮,江苏省,南通市,2004-12-14,2014-01-28,
1215,002723.SZ,小崧股份,广东省,江门市,2007-11-29,2014-01-29,
1216,002724.SZ,海洋王,广东省,深圳市,1995-08-11,2014-11-04,
1217,002725.SZ,跃岭股份,浙江省,温岭市,1998-05-21,2014-01-29,
1218,002726.SZ,龙大美食,山东省,莱阳市,2003-07-09,2014-06-26,
1219,002727.SZ,一心堂,云南省,昆明市,2000-11-08,2014-07-02,
1220,002728.SZ,特一药业,广东省,台山市,2002-05-23,2014-07-31,
1221,002729.SZ,好利科技,福建省,厦门市,1992-05-23,2014-09-12,
1222,002730.SZ,电光科技,浙江省,乐清市,1998-09-02,2014-10-09,
1223,002731.SZ,萃华珠宝,辽宁省,沈阳市,1985-01-05,2014-11-04,
1224,002732.SZ,燕塘乳业,广东省,广州市,2002-12-30,2014-12-05,
1225,002733.SZ,雄韬股份,广东省,深圳市,1994-11-03,2014-12-03,
1226,002734.SZ,利民股份,江苏省,新沂市,1996-12-17,2015-01-27,
1227,002735.SZ,王子新材,广东省,深圳市,1997-05-28,2014-12-03,
1228,002736.SZ,国信证券,广东省,深圳市,1994-06-30,2014-12-29,
1229,002737.SZ,葵花药业,黑龙江省,哈尔滨市,2005-09-07,2014-12-30,
1230,002738.SZ,中矿资源,北京,北京市,1999-06-02,2014-12-30,
1231,002739.SZ,万达电影,北京,北京市,2005-01-20,2015-01-22,
1232,002740.SZ,ST爱迪尔,福建省,龙岩市,2001-08-16,2015-01-22,
1233,002741.SZ,光华科技,广东省,汕头市,1980-08-30,2015-02-16,
1234,002742.SZ,ST三圣,重庆,重庆市,2002-05-10,2015-02-17,
1235,002743.SZ,富煌钢构,安徽省,巢湖市,2004-12-16,2015-02-17,
1236,002745.SZ,木林森,广东省,中山市,1997-03-03,2015-02-17,
1237,002746.SZ,仙坛股份,山东省,烟台市,2001-06-14,2015-02-16,
1238,002747.SZ,埃斯顿,江苏省,南京市,2002-02-26,2015-03-20,
1239,002748.SZ,世龙实业,江西省,乐平市,2003-12-02,2015-03-19,
1240,002749.SZ,国光股份,四川省,简阳市,1985-12-30,2015-03-20,
1241,002750.SZ,龙津药业,云南省,昆明市,1996-09-16,2015-03-24,
1242,002751.SZ,*ST易尚,广东省,深圳市,2004-04-28,2015-04-24,
1243,002752.SZ,昇兴股份,福建省,福州市,1992-12-04,2015-04-22,
1244,002753.SZ,永东股份,山西省,运城市,2000-05-20,2015-05-19,
1245,002755.SZ,奥赛康,北京,北京市,1996-12-24,2015-05-15,
1246,002756.SZ,永兴材料,浙江省,湖州市,2000-07-19,2015-05-15,
1247,002757.SZ,南兴股份,广东省,东莞市,1996-05-03,2015-05-27,
1248,002758.SZ,浙农股份,浙江省,绍兴市,1999-08-16,2015-05-27,
1249,002759.SZ,天际股份,广东省,汕头市,1996-03-30,2015-05-28,
1250,002760.SZ,凤形股份,江西省,南昌市,1997-12-29,2015-06-11,
1251,002761.SZ,浙江建投,浙江省,杭州市,2006-12-21,2015-06-10,
1252,002762.SZ,金发拉比,广东省,汕头市,1996-08-02,2015-06-10,
1253,002763.SZ,汇洁股份,广东省,深圳市,2007-08-29,2015-06-10,
1254,002765.SZ,蓝黛科技,重庆,重庆市,1996-05-08,2015-06-12,
1255,002766.SZ,索菱股份,广东省,深圳市,1997-10-17,2015-06-11,
1256,002767.SZ,先锋电子,浙江省,杭州市,1991-10-20,2015-06-12,
1257,002768.SZ,国恩股份,山东省,青岛市,2000-12-22,2015-06-30,
1258,002769.SZ,普路通,广东省,深圳市,2005-12-19,2015-06-29,
1259,002771.SZ,真视通,北京,北京市,2000-05-22,2015-06-29,
1260,002772.SZ,众兴菌业,甘肃省,天水市,2005-11-18,2015-06-26,
1261,002773.SZ,康弘药业,四川省,成都市,1996-10-03,2015-06-26,
1262,002774.SZ,快意电梯,广东省,东莞市,1998-09-16,2017-03-24,
1263,002775.SZ,文科园林,广东省,深圳市,1996-12-05,2015-06-29,
1264,002776.SZ,ST柏龙,广东省,普宁市,2006-11-29,2015-06-26,
1265,002777.SZ,久远银海,四川省,成都市,2008-11-24,2015-12-31,
1266,002778.SZ,中晟高科,江苏省,宜兴市,1992-04-11,2016-01-06,
1267,002779.SZ,中坚科技,浙江省,永康市,1997-12-10,2015-12-09,
1268,002780.SZ,三夫户外,北京,北京市,2001-06-22,2015-12-09,
1269,002781.SZ,*ST奇信,江西省,新余市,1995-05-12,2015-12-22,
1270,002782.SZ,可立克,广东省,深圳市,2004-03-01,2015-12-22,
1271,002783.SZ,凯龙股份,湖北省,荆门市,1994-06-30,2015-12-09,
1272,002785.SZ,万里石,福建省,厦门市,1996-12-18,2015-12-23,
1273,002786.SZ,银宝山新,广东省,深圳市,2000-10-27,2015-12-23,
1274,002787.SZ,华源控股,江苏省,苏州市,1998-06-23,2015-12-31,
1275,002788.SZ,鹭燕医药,福建省,厦门市,2008-09-03,2016-02-18,
1276,002789.SZ,建艺集团,广东省,深圳市,1994-01-03,2016-03-11,
1277,002790.SZ,瑞尔特,福建省,厦门市,1999-04-19,2016-03-08,
1278,002791.SZ,坚朗五金,广东省,东莞市,2003-06-26,2016-03-29,
1279,002792.SZ,通宇通讯,广东省,中山市,1996-12-16,2016-03-28,
1280,002793.SZ,罗欣药业,浙江省,温岭市,1998-05-11,2016-04-15,
1281,002795.SZ,永和智控,浙江省,玉环市,2003-08-28,2016-04-28,
1282,002796.SZ,世嘉科技,江苏省,苏州市,1990-04-20,2016-05-10,
1283,002797.SZ,第一创业,广东省,深圳市,1998-01-12,2016-05-11,
1284,002798.SZ,帝欧家居,四川省,简阳市,1994-03-14,2016-05-25,
1285,002799.SZ,环球印务,陕西省,西安市,2001-06-28,2016-06-08,
1286,002800.SZ,天顺股份,新疆维吾尔自治区,乌鲁木齐市,2008-12-10,2016-05-30,
1287,002801.SZ,微光股份,浙江省,杭州市,2009-11-25,2016-06-22,
1288,002802.SZ,洪汇新材,江苏省,无锡市,2001-03-28,2016-06-29,
1289,002803.SZ,吉宏股份,福建省,厦门市,2003-12-24,2016-07-12,
1290,002805.SZ,丰元股份,山东省,枣庄市,2000-08-23,2016-07-07,
1291,002806.SZ,华锋股份,广东省,肇庆市,1995-08-30,2016-07-26,
1292,002807.SZ,江阴银行,江苏省,江阴市,2001-12-03,2016-09-02,
1293,002808.SZ,恒久科技,江苏省,苏州市,2002-03-27,2016-08-12,
1294,002809.SZ,红墙股份,广东省,惠州市,2005-03-31,2016-08-23,
1295,002810.SZ,山东赫达,山东省,淄博市,1992-12-07,2016-08-26,
1296,002811.SZ,郑中设计,广东省,深圳市,1994-12-26,2016-09-08,
1297,002812.SZ,恩捷股份,云南省,玉溪市,2006-04-05,2016-09-14,
1298,002813.SZ,路畅科技,广东省,深圳市,2006-08-17,2016-10-12,
1299,002815.SZ,崇达技术,广东省,深圳市,1995-05-04,2016-10-12,
1300,002816.SZ,和科达,广东省,深圳市,2009-01-05,2016-10-25,
1301,002817.SZ,黄山胶囊,安徽省,宣城市,1996-08-12,2016-10-25,
1302,002818.SZ,富森美,四川省,成都市,2000-12-07,2016-11-09,
1303,002819.SZ,东方中科,北京,北京市,2000-08-10,2016-11-11,
1304,002820.SZ,桂发祥,天津,天津市,1994-09-20,2016-11-18,
1305,002821.SZ,凯莱英,天津,天津市,1998-10-07,2016-11-18,
1306,002822.SZ,中装建设,广东省,深圳市,1994-04-29,2016-11-29,
1307,002823.SZ,凯中精密,广东省,深圳市,2009-05-05,2016-11-24,
1308,002824.SZ,和胜股份,广东省,中山市,2005-04-20,2017-01-12,
1309,002825.SZ,纳尔股份,上海,上海市,2005-11-09,2016-11-29,
1310,002826.SZ,易明医药,西藏自治区,拉萨市,2007-12-29,2016-12-09,
1311,002827.SZ,高争民爆,西藏自治区,拉萨市,2007-06-08,2016-12-09,
1312,002828.SZ,贝肯能源,新疆维吾尔自治区,克拉玛依市,2009-11-26,2016-12-08,
1313,002829.SZ,星网宇达,北京,北京市,2005-05-20,2016-12-13,
1314,002830.SZ,名雕股份,广东省,深圳市,1999-08-24,2016-12-13,
1315,002831.SZ,裕同科技,广东省,深圳市,2002-01-15,2016-12-16,
1316,002832.SZ,比音勒芬,广东省,广州市,2003-01-02,2016-12-23,
1317,002833.SZ,弘亚数控,广东省,广州市,2006-11-17,2016-12-28,
1318,002835.SZ,同为股份,广东省,深圳市,2004-12-22,2016-12-28,
1319,002836.SZ,新宏泽,广东省,潮州市,2006-03-22,2016-12-29,
1320,002837.SZ,英维克,广东省,深圳市,2005-08-15,2016-12-29,
1321,002838.SZ,道恩股份,山东省,龙口市,2002-12-06,2017-01-06,
1322,002839.SZ,张家港行,江苏省,张家港市,2001-11-27,2017-01-24,
1323,002840.SZ,华统股份,浙江省,义乌市,2001-08-08,2017-01-10,
1324,002841.SZ,视源股份,广东省,广州市,2005-12-28,2017-01-19,
1325,002842.SZ,翔鹭钨业,广东省,潮州市,1997-04-17,2017-01-19,
1326,002843.SZ,泰嘉股份,湖南省,长沙市,2003-10-23,2017-01-20,
1327,002845.SZ,同兴达,广东省,深圳市,2004-04-30,2017-01-25,
1328,002846.SZ,英联股份,广东省,汕头市,2006-01-11,2017-02-07,
1329,002847.SZ,盐津铺子,湖南省,浏阳市,2005-08-04,2017-02-08,
1330,002848.SZ,高斯贝尔,湖南省,郴州市,2001-08-23,2017-02-13,
1331,002849.SZ,威星智能,浙江省,杭州市,2005-08-29,2017-02-17,
1332,002850.SZ,科达利,广东省,深圳市,1996-09-20,2017-03-02,
1333,002851.SZ,麦格米特,广东省,深圳市,2003-07-29,2017-03-06,
1334,002852.SZ,道道全,湖南省,岳阳市,1999-07-28,2017-03-10,
1335,002853.SZ,皮阿诺,广东省,中山市,2005-06-14,2017-03-10,
1336,002855.SZ,捷荣技术,广东省,东莞市,2007-09-25,2017-03-21,
1337,002856.SZ,美芝股份,广东省,深圳市,1984-11-22,2017-03-20,
1338,002857.SZ,三晖电气,河南省,郑州市,1996-07-16,2017-03-23,
1339,002858.SZ,力盛体育,上海,上海市,2002-10-16,2017-03-24,
1340,002859.SZ,洁美科技,浙江省,湖州市,2001-04-09,2017-04-07,
1341,002860.SZ,星帅尔,浙江省,杭州市,2002-05-15,2017-04-12,
1342,002861.SZ,瀛通通讯,湖北省,咸宁市,2010-10-23,2017-04-13,
1343,002862.SZ,实丰文化,广东省,汕头市,1992-09-04,2017-04-11,
1344,002863.SZ,今飞凯达,浙江省,金华市,2005-02-01,2017-04-18,
1345,002864.SZ,盘龙药业,陕西省,商洛市,1997-09-22,2017-11-16,
1346,002865.SZ,钧达股份,海南省,海口市,2003-04-03,2017-04-25,
1347,002866.SZ,传艺科技,江苏省,高邮市,2007-11-05,2017-04-26,
1348,002867.SZ,周大生,广东省,深圳市,2007-10-15,2017-04-27,
1349,002868.SZ,绿康生化,福建省,南平市,2003-06-13,2017-05-03,
1350,002869.SZ,金溢科技,广东省,深圳市,2004-05-20,2017-05-15,
1351,002870.SZ,香山股份,广东省,中山市,1999-06-22,2017-05-15,
1352,002871.SZ,伟隆股份,山东省,青岛市,1995-06-08,2017-05-11,
1353,002872.SZ,ST天圣,重庆,重庆市,2001-10-16,2017-05-19,
1354,002873.SZ,新天药业,贵州省,贵阳市,1995-08-11,2017-05-19,
1355,002875.SZ,安奈儿,广东省,深圳市,2001-09-20,2017-06-01,
1356,002876.SZ,三利谱,广东省,深圳市,2007-04-16,2017-05-25,
1357,002877.SZ,智能自控,江苏省,无锡市,2001-11-12,2017-06-05,
1358,002878.SZ,元隆雅图,北京,北京市,1998-05-26,2017-06-06,
1359,002879.SZ,长缆科技,湖南省,长沙市,1997-12-23,2017-07-07,
1360,002880.SZ,卫光生物,广东省,深圳市,1986-04-07,2017-06-16,
1361,002881.SZ,美格智能,广东省,深圳市,2007-04-05,2017-06-22,
1362,002882.SZ,金龙羽,广东省,深圳市,1996-04-12,2017-07-17,
1363,002883.SZ,中设股份,江苏省,无锡市,1987-08-20,2017-06-20,
1364,002884.SZ,凌霄泵业,广东省,阳春市,1993-05-15,2017-07-11,
1365,002885.SZ,京泉华,广东省,深圳市,1996-06-25,2017-06-27,
1366,002886.SZ,沃特股份,广东省,深圳市,2001-12-28,2017-06-27,
1367,002887.SZ,绿茵生态,天津,天津市,1998-11-26,2017-08-01,
1368,002888.SZ,惠威科技,广东省,广州市,1997-06-24,2017-07-21,
1369,002889.SZ,东方嘉盛,广东省,深圳市,2001-07-09,2017-07-31,
1370,002890.SZ,弘宇股份,山东省,莱州市,1999-01-20,2017-08-02,
1371,002891.SZ,中宠股份,山东省,烟台市,2002-01-18,2017-08-21,
1372,002892.SZ,科力尔,湖南省,祁阳市,2010-09-08,2017-08-17,
1373,002893.SZ,华通热力,北京,北京市,2002-12-12,2017-09-15,
1374,002895.SZ,川恒股份,贵州省,福泉市,2002-11-25,2017-08-25,
1375,002896.SZ,中大力德,浙江省,慈溪市,2006-08-28,2017-08-29,
1376,002897.SZ,意华股份,浙江省,乐清市,1995-12-23,2017-09-07,
1377,002898.SZ,赛隆药业,广东省,珠海市,2002-04-03,2017-09-12,
1378,002899.SZ,英派斯,山东省,青岛市,2004-06-23,2017-09-15,
1379,002900.SZ,哈三联,黑龙江省,哈尔滨市,1996-06-21,2017-09-22,
1380,002901.SZ,大博医疗,福建省,厦门市,2004-08-12,2017-09-22,
1381,002902.SZ,铭普光磁,广东省,东莞市,2008-06-25,2017-09-29,
1382,002903.SZ,宇环数控,湖南省,浏阳市,2004-08-04,2017-10-13,
1383,002905.SZ,金逸影视,广东省,广州市,2004-03-01,2017-10-16,
1384,002906.SZ,华阳集团,广东省,惠州市,1993-01-16,2017-10-13,
1385,002907.SZ,华森制药,重庆,重庆市,1996-11-04,2017-10-20,
1386,002908.SZ,德生科技,广东省,广州市,1999-08-13,2017-10-20,
1387,002909.SZ,集泰股份,广东省,广州市,2006-08-10,2017-10-26,
1388,002910.SZ,庄园牧场,甘肃省,兰州市,2000-04-25,2017-10-31,
1389,002911.SZ,佛燃能源,广东省,佛山市,1993-02-26,2017-11-22,
1390,002912.SZ,中新赛克,广东省,深圳市,2003-02-08,2017-11-21,
1391,002913.SZ,奥士康,湖南省,益阳市,2008-05-21,2017-12-01,
1392,002915.SZ,中欣氟材,浙江省,绍兴市,2000-08-29,2017-12-05,
1393,002916.SZ,深南电路,广东省,深圳市,1984-07-03,2017-12-13,
1394,002917.SZ,金奥博,广东省,深圳市,1994-01-19,2017-12-08,
1395,002918.SZ,蒙娜丽莎,广东省,佛山市,1998-10-20,2017-12-19,
1396,002919.SZ,名臣健康,广东省,汕头市,1994-12-14,2017-12-18,
1397,002920.SZ,德赛西威,广东省,惠州市,1986-07-24,2017-12-26,
1398,002921.SZ,联诚精密,山东省,济宁市,1998-05-05,2017-12-27,
1399,002922.SZ,伊戈尔,广东省,佛山市,1999-10-15,2017-12-29,
1400,002923.SZ,润都股份,广东省,珠海市,1999-12-30,2018-01-05,
1401,002925.SZ,盈趣科技,福建省,厦门市,2011-05-24,2018-01-15,
1402,002926.SZ,华西证券,四川省,成都市,2000-07-13,2018-02-05,
1403,002927.SZ,泰永长征,贵州省,遵义市,2008-11-07,2018-02-23,
1404,002928.SZ,华夏航空,贵州省,贵阳市,2006-04-18,2018-03-02,
1405,002929.SZ,润建股份,广西壮族自治区,南宁市,2003-01-03,2018-03-01,
1406,002930.SZ,宏川智慧,广东省,东莞市,2012-11-06,2018-03-28,
1407,002931.SZ,锋龙股份,浙江省,绍兴市,2003-06-17,2018-04-03,
1408,002932.SZ,明德生物,湖北省,武汉市,2008-01-28,2018-07-10,
1409,002933.SZ,新兴装备,北京,北京市,1997-06-16,2018-08-28,
1410,002935.SZ,天奥电子,四川省,成都市,2004-01-04,2018-09-03,
1411,002936.SZ,郑州银行,河南省,郑州市,1996-11-16,2018-09-19,
1412,002937.SZ,兴瑞科技,浙江省,慈溪市,2001-12-27,2018-09-26,
1413,002938.SZ,鹏鼎控股,广东省,深圳市,1999-04-29,2018-09-18,
1414,002939.SZ,长城证券,广东省,深圳市,1996-05-02,2018-10-26,
1415,002940.SZ,昂利康,浙江省,嵊州市,2001-12-30,2018-10-23,
1416,002941.SZ,新疆交建,新疆维吾尔自治区,乌鲁木齐市,1999-01-27,2018-11-28,
1417,002942.SZ,新农股份,浙江省,台州市,2005-12-28,2018-12-05,
1418,002943.SZ,宇晶股份,湖南省,益阳市,1998-06-11,2018-11-29,
1419,002945.SZ,华林证券,西藏自治区,拉萨市,1997-06-18,2019-01-17,
1420,002946.SZ,新乳业,四川省,成都市,2006-07-05,2019-01-25,
1421,002947.SZ,恒铭达,江苏省,昆山市,2011-07-27,2019-02-01,
1422,002948.SZ,青岛银行,山东省,青岛市,1996-11-15,2019-01-16,
1423,002949.SZ,华阳国际,广东省,深圳市,1993-08-09,2019-02-26,
1424,002950.SZ,奥美医疗,湖北省,枝江市,2002-07-24,2019-03-11,
1425,002951.SZ,金时科技,四川省,成都市,2008-12-24,2019-03-15,
1426,002952.SZ,亚世光电,辽宁省,鞍山市,2012-07-09,2019-03-28,
1427,002953.SZ,日丰股份,广东省,中山市,2009-12-17,2019-05-09,
1428,002955.SZ,鸿合科技,北京,北京市,2010-05-28,2019-05-23,
1429,002956.SZ,西麦食品,广西壮族自治区,桂林市,2001-08-01,2019-06-19,
1430,002957.SZ,科瑞技术,广东省,深圳市,2001-05-23,2019-07-26,
1431,002958.SZ,青农商行,山东省,青岛市,2012-06-26,2019-03-26,
1432,002959.SZ,小熊电器,广东省,佛山市,2006-03-16,2019-08-23,
1433,002960.SZ,青鸟消防,河北省,张家口市,2001-06-15,2019-08-09,
1434,002961.SZ,瑞达期货,福建省,厦门市,1993-03-24,2019-09-05,
1435,002962.SZ,五方光电,湖北省,荆州市,2012-06-11,2019-09-17,
1436,002963.SZ,豪尔赛,北京,北京市,2000-06-07,2019-10-28,
1437,002965.SZ,祥鑫科技,广东省,东莞市,2004-05-20,2019-10-25,
1438,002966.SZ,苏州银行,江苏省,苏州市,2004-12-24,2019-08-02,
1439,002967.SZ,广电计量,广东省,广州市,2002-05-24,2019-11-08,
1440,002968.SZ,新大正,重庆,重庆市,1998-12-10,2019-12-03,
1441,002969.SZ,嘉美包装,安徽省,滁州市,2011-01-26,2019-12-02,
1442,002970.SZ,锐明技术,广东省,深圳市,2002-09-03,2019-12-17,
1443,002971.SZ,和远气体,湖北省,宜昌市,2003-11-20,2020-01-13,
1444,002972.SZ,科安达,广东省,深圳市,1998-07-30,2019-12-27,
1445,002973.SZ,侨银股份,广东省,广州市,2001-11-27,2020-01-06,
1446,002975.SZ,博杰股份,广东省,珠海市,2005-05-30,2020-02-05,
1447,002976.SZ,瑞玛精密,江苏省,苏州市,2012-03-22,2020-03-06,
1448,002977.SZ,天箭科技,四川省,成都市,2005-03-17,2020-03-17,
1449,002978.SZ,安宁股份,四川省,攀枝花市,1994-04-05,2020-04-17,
1450,002979.SZ,雷赛智能,广东省,深圳市,2007-01-09,2020-04-08,
1451,002980.SZ,华盛昌,广东省,深圳市,1991-03-26,2020-04-15,
1452,002981.SZ,朝阳科技,广东省,东莞市,2005-03-30,2020-04-17,
1453,002982.SZ,湘佳股份,湖南省,常德市,2003-04-08,2020-04-24,
1454,002983.SZ,芯瑞达,安徽省,合肥市,2012-05-15,2020-04-28,
1455,002984.SZ,森麒麟,山东省,青岛市,2007-12-04,2020-09-11,
1456,002985.SZ,北摩高科,北京,北京市,2003-05-12,2020-04-29,
1457,002986.SZ,宇新股份,湖南省,长沙市,2009-10-12,2020-06-02,
1458,002987.SZ,京北方,北京,北京市,2009-12-16,2020-05-07,
1459,002988.SZ,豪美新材,广东省,清远市,2004-08-20,2020-05-18,
1460,002989.SZ,中天精装,广东省,深圳市,2000-09-28,2020-06-10,
1461,002990.SZ,盛视科技,广东省,深圳市,1997-01-16,2020-05-25,
1462,002991.SZ,甘源食品,江西省,萍乡市,2006-02-14,2020-07-31,
1463,002992.SZ,宝明科技,广东省,深圳市,2006-08-10,2020-08-03,
1464,002993.SZ,奥海科技,广东省,东莞市,2012-02-21,2020-08-17,
1465,002995.SZ,天地在线,北京,北京市,2005-12-30,2020-08-05,
1466,002996.SZ,顺博合金,重庆,重庆市,2003-03-21,2020-08-28,
1467,002997.SZ,瑞鹄模具,安徽省,芜湖市,2002-03-15,2020-09-03,
1468,002998.SZ,优彩资源,江苏省,江阴市,2003-08-12,2020-09-25,
1469,002999.SZ,天禾股份,广东省,广州市,2009-03-26,2020-09-03,
1470,003000.SZ,劲仔食品,湖南省,岳阳市,2010-08-12,2020-09-14,
1471,003001.SZ,中岩大地,北京,北京市,2008-12-19,2020-10-13,
1472,003002.SZ,壶化股份,山西省,长治市,1994-09-27,2020-09-22,
1473,003003.SZ,天元股份,广东省,东莞市,2010-01-28,2020-09-21,
1474,003004.SZ,声迅股份,北京,北京市,1994-01-28,2020-11-26,
1475,003005.SZ,竞业达,北京,北京市,1997-10-17,2020-09-22,
1476,003006.SZ,百亚股份,重庆,重庆市,2010-11-29,2020-09-21,
1477,003007.SZ,直真科技,北京,北京市,2008-11-28,2020-09-23,
1478,003008.SZ,开普检测,河南省,许昌市,2005-01-27,2020-09-23,
1479,003009.SZ,中天火箭,陕西省,西安市,2002-08-02,2020-09-25,
1480,003010.SZ,若羽臣,广东省,广州市,2011-05-10,2020-09-25,
1481,003011.SZ,海象新材,浙江省,海宁市,2013-12-09,2020-09-30,
1482,003012.SZ,东鹏控股,广东省,清远市,2011-11-04,2020-10-19,
1483,003013.SZ,地铁设计,广东省,广州市,1993-08-06,2020-10-22,
1484,003015.SZ,日久光电,江苏省,昆山市,2010-01-12,2020-10-21,
1485,003016.SZ,欣贺股份,福建省,厦门市,2006-06-07,2020-10-26,
1486,003017.SZ,大洋生物,浙江省,建德市,1976-01-01,2020-10-26,
1487,003018.SZ,金富科技,广东省,东莞市,2001-01-20,2020-11-06,
1488,003019.SZ,宸展光电,福建省,厦门市,2015-04-14,2020-11-17,
1489,003020.SZ,立方制药,安徽省,合肥市,2002-07-16,2020-12-15,
1490,003021.SZ,兆威机电,广东省,深圳市,2001-04-19,2020-12-04,
1491,003022.SZ,联泓新科,山东省,滕州市,2009-05-21,2020-12-08,
1492,003023.SZ,彩虹集团,四川省,成都市,1994-03-02,2020-12-11,
1493,003025.SZ,思进智能,浙江省,宁波市,1993-01-15,2020-12-11,
1494,003026.SZ,中晶科技,浙江省,湖州市,2010-01-25,2020-12-18,
1495,003027.SZ,同兴环保,安徽省,马鞍山市,2006-06-19,2020-12-18,
1496,003028.SZ,振邦智能,广东省,深圳市,1999-07-15,2020-12-28,
1497,003029.SZ,吉大正元,吉林省,长春市,1999-02-12,2020-12-24,
1498,003030.SZ,祖名股份,浙江省,杭州市,2000-02-18,2021-01-06,
1499,003031.SZ,中瓷电子,河北省,石家庄市,2009-08-06,2021-01-04,
1500,003032.SZ,传智教育,江苏省,宿迁市,2012-09-04,2021-01-12,
1501,003033.SZ,征和工业,山东省,平度市,1999-10-09,2021-01-11,
1502,003035.SZ,南网能源,广东省,广州市,2010-12-29,2021-01-19,
1503,003036.SZ,泰坦股份,浙江省,绍兴市,1998-08-12,2021-01-28,
1504,003037.SZ,三和管桩,广东省,中山市,2003-11-07,2021-02-04,
1505,003038.SZ,鑫铂股份,安徽省,天长市,2013-08-29,2021-02-10,
1506,003039.SZ,顺控发展,广东省,佛山市,1992-09-23,2021-03-08,
1507,003040.SZ,楚天龙,广东省,东莞市,2002-10-16,2021-03-22,
1508,003041.SZ,真爱美家,浙江省,义乌市,2010-12-14,2021-04-06,
1509,003042.SZ,中农联合,山东省,济南市,2006-12-19,2021-04-06,
1510,003043.SZ,华亚智能,江苏省,苏州市,1998-12-21,2021-04-06,
1511,003816.SZ,中国广核,广东省,深圳市,2014-03-25,2019-08-26,
1512,300001.SZ,特锐德,山东省,青岛市,2004-03-16,2009-10-30,
1513,300002.SZ,神州泰岳,北京,北京市,2001-05-18,2009-10-30,
1514,300003.SZ,乐普医疗,北京,北京市,1999-06-11,2009-10-30,
1515,300004.SZ,南风股份,广东省,佛山市,1999-05-24,2009-10-30,
1516,300005.SZ,探路者,北京,北京市,1999-01-11,2009-10-30,
1517,300006.SZ,莱美药业,重庆,重庆市,1999-09-06,2009-10-30,
1518,300007.SZ,汉威科技,河南省,郑州市,1998-09-11,2009-10-30,
1519,300008.SZ,天海防务,上海,上海市,2001-10-29,2009-10-30,
1520,300009.SZ,安科生物,安徽省,合肥市,2000-09-28,2009-10-30,
1521,300010.SZ,豆神教育,北京,北京市,1999-01-08,2009-10-30,
1522,300011.SZ,鼎汉技术,北京,北京市,2002-06-10,2009-10-30,
1523,300012.SZ,华测检测,广东省,深圳市,2003-12-23,2009-10-30,
1524,300013.SZ,新宁物流,河南省,郑州市,1997-02-24,2009-10-30,
1525,300014.SZ,亿纬锂能,广东省,惠州市,2001-12-24,2009-10-30,
1526,300015.SZ,爱尔眼科,湖南省,长沙市,2003-01-24,2009-10-30,
1527,300016.SZ,北陆药业,北京,北京市,1992-09-05,2009-10-30,
1528,300017.SZ,网宿科技,上海,上海市,2000-01-26,2009-10-30,
1529,300018.SZ,中元股份,湖北省,武汉市,2001-11-16,2009-10-30,
1530,300019.SZ,硅宝科技,四川省,成都市,1998-10-19,2009-10-30,
1531,300020.SZ,银江技术,浙江省,杭州市,1992-11-13,2009-10-30,
1532,300021.SZ,大禹节水,甘肃省,酒泉市,2005-01-19,2009-10-30,
1533,300022.SZ,吉峰科技,四川省,成都市,1994-12-08,2009-10-30,
1534,300024.SZ,机器人,辽宁省,沈阳市,2000-04-30,2009-10-30,
1535,300025.SZ,华星创业,浙江省,杭州市,2003-06-05,2009-10-30,
1536,300026.SZ,红日药业,天津,天津市,2000-09-30,2009-10-30,
1537,300027.SZ,华谊兄弟,浙江省,东阳市,2004-11-19,2009-10-30,
1538,300029.SZ,ST天龙,江苏省,常州市,2001-12-28,2009-12-25,
1539,300030.SZ,阳普医疗,广东省,珠海市,1996-08-19,2009-12-25,
1540,300031.SZ,宝通科技,江苏省,无锡市,2000-12-27,2009-12-25,
1541,300032.SZ,金龙机电,浙江省,乐清市,1993-11-11,2009-12-25,
1542,300033.SZ,同花顺,浙江省,杭州市,2001-08-24,2009-12-25,
1543,300034.SZ,钢研高纳,北京,北京市,2002-11-08,2009-12-25,
1544,300035.SZ,中科电气,湖南省,岳阳市,2004-04-06,2009-12-25,
1545,300036.SZ,超图软件,北京,北京市,1997-06-18,2009-12-25,
1546,300037.SZ,新宙邦,广东省,深圳市,2002-02-19,2010-01-08,
1547,300039.SZ,上海凯宝,上海,上海市,2000-04-12,2010-01-08,
1548,300040.SZ,九洲集团,黑龙江省,哈尔滨市,1997-08-08,2010-01-08,
1549,300041.SZ,回天新材,湖北省,襄阳市,1998-09-03,2010-01-08,
1550,300042.SZ,朗科科技,广东省,深圳市,1999-05-14,2010-01-08,
1551,300043.SZ,星辉娱乐,广东省,汕头市,2000-05-31,2010-01-20,
1552,300044.SZ,赛为智能,广东省,深圳市,1997-02-27,2010-01-20,
1553,300045.SZ,华力创通,北京,北京市,2001-06-01,2010-01-20,
1554,300046.SZ,台基股份,湖北省,襄阳市,2004-01-02,2010-01-20,
1555,300047.SZ,天源迪科,广东省,深圳市,1993-01-18,2010-01-20,
1556,300048.SZ,合康新能,北京,北京市,2003-06-11,2010-01-20,
1557,300049.SZ,福瑞股份,内蒙古自治区,乌兰察布市,2001-12-26,2010-01-20,
1558,300050.SZ,世纪鼎利,广东省,珠海市,2001-10-19,2010-01-20,
1559,300051.SZ,三五互联,福建省,厦门市,2004-04-01,2010-02-11,
1560,300052.SZ,中青宝,广东省,深圳市,2003-07-22,2010-02-11,
1561,300053.SZ,欧比特,广东省,珠海市,2000-03-20,2010-02-11,
1562,300054.SZ,鼎龙股份,湖北省,武汉市,2000-07-11,2010-02-11,
1563,300055.SZ,万邦达,北京,北京市,1998-04-17,2010-02-26,
1564,300056.SZ,中创环保,福建省,厦门市,2001-03-23,2010-02-26,
1565,300057.SZ,万顺新材,广东省,汕头市,1998-03-06,2010-02-26,
1566,300058.SZ,蓝色光标,北京,北京市,2002-11-04,2010-02-26,
1567,300059.SZ,东方财富,上海,上海市,2005-01-20,2010-03-19,
1568,300061.SZ,旗天科技,上海,上海市,1996-12-05,2010-03-19,
1569,300062.SZ,中能电气,福建省,福州市,2002-12-02,2010-03-19,
1570,300063.SZ,天龙集团,广东省,肇庆市,2001-01-02,2010-03-26,
1571,300065.SZ,海兰信,北京,北京市,2001-02-14,2010-03-26,
1572,300066.SZ,三川智慧,江西省,鹰潭市,2004-05-13,2010-03-26,
1573,300067.SZ,安诺其,上海,上海市,1999-10-19,2010-04-21,
1574,300068.SZ,南都电源,浙江省,杭州市,1997-12-08,2010-04-21,
1575,300069.SZ,金利华电,山西省,长治市,2003-04-15,2010-04-21,
1576,300070.SZ,碧水源,北京,北京市,2001-07-17,2010-04-21,
1577,300071.SZ,福石控股,北京,北京市,2003-01-23,2010-04-21,
1578,300072.SZ,海新能科,北京,北京市,1997-06-03,2010-04-27,
1579,300073.SZ,当升科技,北京,北京市,1998-06-03,2010-04-27,
1580,300074.SZ,华平股份,上海,上海市,2003-09-22,2010-04-27,
1581,300075.SZ,数字政通,北京,北京市,2001-11-06,2010-04-27,
1582,300076.SZ,GQY视讯,浙江省,慈溪市,1992-06-10,2010-04-30,
1583,300077.SZ,国民技术,广东省,深圳市,2000-03-20,2010-04-30,
1584,300078.SZ,思创医惠,浙江省,杭州市,2003-11-21,2010-04-30,
1585,300079.SZ,数码视讯,北京,北京市,2000-03-14,2010-04-30,
1586,300080.SZ,易成新能,河南省,开封市,1997-11-04,2010-06-25,
1587,300081.SZ,恒信东方,北京,北京市,2001-11-03,2010-05-20,
1588,300082.SZ,奥克股份,辽宁省,辽阳市,2000-01-01,2010-05-20,
1589,300083.SZ,创世纪,广东省,东莞市,2003-04-11,2010-05-20,
1590,300084.SZ,海默科技,甘肃省,兰州市,2000-12-18,2010-05-20,
1591,300085.SZ,银之杰,广东省,深圳市,1998-10-28,2010-05-26,
1592,300086.SZ,康芝药业,海南省,海口市,1994-01-20,2010-05-26,
1593,300087.SZ,荃银高科,安徽省,合肥市,2002-07-24,2010-05-26,
1594,300088.SZ,长信科技,安徽省,芜湖市,2006-01-19,2010-05-26,
1595,300089.SZ,*ST文化,广东省,潮州市,1996-02-01,2010-06-25,
1596,300091.SZ,金通灵,江苏省,南通市,1993-04-09,2010-06-25,
1597,300092.SZ,科新机电,四川省,什邡市,1997-03-11,2010-07-08,
1598,300093.SZ,金刚光伏,甘肃省,酒泉市,1994-06-18,2010-07-08,
1599,300094.SZ,国联水产,广东省,湛江市,2001-03-08,2010-07-08,
1600,300095.SZ,华伍股份,江西省,丰城市,2001-01-18,2010-07-28,
1601,300096.SZ,易联众,福建省,厦门市,2000-07-14,2010-07-28,
1602,300097.SZ,智云股份,辽宁省,大连市,1999-06-04,2010-07-28,
1603,300098.SZ,高新兴,广东省,广州市,1997-11-14,2010-07-28,
1604,300099.SZ,精准信息,山东省,泰安市,1998-10-29,2010-08-06,
1605,300100.SZ,双林股份,浙江省,宁波市,2000-11-23,2010-08-06,
1606,300101.SZ,振芯科技,四川省,成都市,2003-06-12,2010-08-06,
1607,300102.SZ,乾照光电,福建省,厦门市,2006-02-21,2010-08-12,
1608,300103.SZ,达刚控股,陕西省,西安市,2002-05-16,2010-08-12,
1609,300105.SZ,龙源技术,山东省,烟台市,1998-12-26,2010-08-20,
1610,300106.SZ,西部牧业,新疆维吾尔自治区,石河子市,2003-06-18,2010-08-20,
1611,300107.SZ,建新股份,河北省,黄骅市,2003-06-27,2010-08-20,
1612,300108.SZ,*ST吉药,吉林省,梅河口市,2000-01-27,2010-08-25,
1613,300109.SZ,新开源,河南省,焦作市,2003-03-13,2010-08-25,
1614,300110.SZ,华仁药业,山东省,青岛市,1998-05-20,2010-08-25,
1615,300111.SZ,向日葵,浙江省,绍兴市,2005-03-21,2010-08-27,
1616,300112.SZ,万讯自控,广东省,深圳市,1994-06-06,2010-08-27,
1617,300113.SZ,顺网科技,浙江省,杭州市,2005-07-11,2010-08-27,
1618,300114.SZ,中航电测,陕西省,汉中市,2002-12-25,2010-08-27,
1619,300115.SZ,长盈精密,广东省,深圳市,2001-07-17,2010-09-02,
1620,300116.SZ,保力新,陕西省,西安市,2005-04-30,2010-09-02,
1621,300117.SZ,嘉寓股份,北京,北京市,1987-01-05,2010-09-02,
1622,300118.SZ,东方日升,浙江省,宁波市,2002-12-02,2010-09-02,
1623,300119.SZ,瑞普生物,天津,天津市,2001-08-02,2010-09-17,
1624,300120.SZ,经纬辉开,天津,天津市,1999-03-01,2010-09-17,
1625,300121.SZ,阳谷华泰,山东省,聊城市,2000-03-23,2010-09-17,
1626,300122.SZ,智飞生物,重庆,重庆市,1995-07-20,2010-09-28,
1627,300123.SZ,亚光科技,湖南省,沅江市,2003-06-03,2010-09-28,
1628,300124.SZ,汇川技术,广东省,深圳市,2003-04-10,2010-09-28,
1629,300125.SZ,聆达股份,辽宁省,大连市,2005-12-12,2010-10-13,
1630,300126.SZ,锐奇股份,上海,上海市,2000-04-29,2010-10-13,
1631,300127.SZ,银河磁体,四川省,成都市,2001-03-23,2010-10-13,
1632,300128.SZ,锦富技术,江苏省,苏州市,2004-03-29,2010-10-13,
1633,300129.SZ,泰胜风能,上海,上海市,2001-04-13,2010-10-19,
1634,300130.SZ,新国都,广东省,深圳市,2001-07-31,2010-10-19,
1635,300131.SZ,英唐智控,广东省,深圳市,2001-07-06,2010-10-19,
1636,300132.SZ,青松股份,福建省,南平市,2001-01-15,2010-10-26,
1637,300133.SZ,华策影视,浙江省,杭州市,2005-10-25,2010-10-26,
1638,300134.SZ,大富科技,安徽省,蚌埠市,2001-06-04,2010-10-26,
1639,300135.SZ,宝利国际,江苏省,江阴市,2002-11-07,2010-10-26,
1640,300136.SZ,信维通信,广东省,深圳市,2006-04-27,2010-11-05,
1641,300137.SZ,先河环保,河北省,石家庄市,1996-07-06,2010-11-05,
1642,300138.SZ,晨光生物,河北省,邯郸市,2000-04-12,2010-11-05,
1643,300139.SZ,晓程科技,北京,北京市,2000-11-06,2010-11-12,
1644,300140.SZ,中环装备,陕西省,西安市,2001-03-28,2010-11-12,
1645,300141.SZ,和顺电气,江苏省,苏州市,1998-12-22,2010-11-12,
1646,300142.SZ,沃森生物,云南省,昆明市,2001-01-16,2010-11-12,
1647,300143.SZ,盈康生命,山东省,青岛市,1998-08-06,2010-12-09,
1648,300144.SZ,宋城演艺,浙江省,杭州市,1994-09-21,2010-12-09,
1649,300145.SZ,中金环境,浙江省,杭州市,1991-08-31,2010-12-09,
1650,300146.SZ,汤臣倍健,广东省,珠海市,2005-04-01,2010-12-15,
1651,300147.SZ,香雪制药,广东省,广州市,1986-04-30,2010-12-15,
1652,300148.SZ,天舟文化,湖南省,长沙市,2003-08-18,2010-12-15,
1653,300149.SZ,睿智医药,广东省,江门市,2000-01-26,2010-12-22,
1654,300150.SZ,世纪瑞尔,北京,北京市,1999-05-03,2010-12-22,
1655,300151.SZ,昌红科技,广东省,深圳市,2001-04-11,2010-12-22,
1656,300152.SZ,新动力,河北省,保定市,2003-06-17,2010-12-29,
1657,300153.SZ,科泰电源,上海,上海市,2002-06-19,2010-12-29,
1658,300154.SZ,瑞凌股份,广东省,深圳市,2003-06-25,2010-12-29,
1659,300155.SZ,安居宝,广东省,广州市,2004-12-29,2011-01-07,
1660,300157.SZ,恒泰艾普,北京,北京市,2005-03-29,2011-01-07,
1661,300158.SZ,振东制药,山西省,长治市,1995-11-15,2011-01-07,
1662,300159.SZ,ST新研,新疆维吾尔自治区,乌鲁木齐市,2005-05-12,2011-01-07,
1663,300160.SZ,秀强股份,江苏省,宿迁市,2001-09-28,2011-01-13,
1664,300161.SZ,华中数控,湖北省,武汉市,1994-10-18,2011-01-13,
1665,300162.SZ,雷曼光电,广东省,深圳市,2004-07-21,2011-01-13,
1666,300163.SZ,先锋新材,浙江省,宁波市,2003-03-07,2011-01-13,
1667,300164.SZ,通源石油,陕西省,西安市,1995-06-15,2011-01-13,
1668,300165.SZ,天瑞仪器,江苏省,昆山市,2006-07-04,2011-01-25,
1669,300166.SZ,东方国信,北京,北京市,1997-07-28,2011-01-25,
1670,300167.SZ,迪威迅,广东省,深圳市,2001-09-21,2011-01-25,
1671,300168.SZ,万达信息,上海,上海市,1995-11-09,2011-01-25,
1672,300169.SZ,天晟新材,江苏省,常州市,1998-07-27,2011-01-25,
1673,300170.SZ,汉得信息,上海,上海市,2002-07-15,2011-02-01,
1674,300171.SZ,东富龙,上海,上海市,1993-12-25,2011-02-01,
1675,300172.SZ,中电环保,江苏省,南京市,2001-01-18,2011-02-01,
1676,300173.SZ,福能东方,广东省,佛山市,1997-04-18,2011-02-01,
1677,300174.SZ,元力股份,福建省,南平市,1999-05-21,2011-02-01,
1678,300175.SZ,朗源股份,山东省,龙口市,2002-03-26,2011-02-15,
1679,300176.SZ,派生科技,广东省,肇庆市,2003-07-22,2011-02-15,
1680,300177.SZ,中海达,广东省,广州市,2006-06-21,2011-02-15,
1681,300179.SZ,四方达,河南省,郑州市,1997-03-05,2011-02-15,
1682,300180.SZ,华峰超纤,上海,上海市,2002-10-24,2011-02-22,
1683,300181.SZ,佐力药业,浙江省,湖州市,2000-01-28,2011-02-22,
1684,300182.SZ,捷成股份,北京,北京市,2006-08-23,2011-02-22,
1685,300183.SZ,东软载波,山东省,青岛市,1993-06-30,2011-02-22,
1686,300184.SZ,力源信息,湖北省,武汉市,2001-08-09,2011-02-22,
1687,300185.SZ,通裕重工,山东省,禹城市,2002-05-25,2011-03-08,
1688,300187.SZ,永清环保,湖南省,浏阳市,2004-01-19,2011-03-08,
1689,300188.SZ,美亚柏科,福建省,厦门市,1999-09-22,2011-03-16,
1690,300189.SZ,神农科技,海南省,海口市,2000-12-29,2011-03-16,
1691,300190.SZ,维尔利,江苏省,常州市,2003-02-12,2011-03-16,
1692,300191.SZ,潜能恒信,北京,北京市,2003-11-10,2011-03-16,
1693,300192.SZ,科德教育,江苏省,苏州市,2003-01-14,2011-03-22,
1694,300193.SZ,佳士科技,广东省,深圳市,2005-09-12,2011-03-22,
1695,300194.SZ,福安药业,重庆,重庆市,2004-02-25,2011-03-22,
1696,300195.SZ,长荣股份,天津,天津市,1995-09-13,2011-03-29,
1697,300196.SZ,长海股份,江苏省,常州市,2002-10-28,2011-03-29,
1698,300197.SZ,节能铁汉,广东省,深圳市,2001-08-07,2011-03-29,
1699,300198.SZ,纳川股份,福建省,泉州市,2003-06-11,2011-04-07,
1700,300199.SZ,翰宇药业,广东省,深圳市,2003-04-02,2011-04-07,
1701,300200.SZ,高盟新材,北京,北京市,1999-07-22,2011-04-07,
1702,300201.SZ,*ST海伦,江苏省,徐州市,2005-03-21,2011-04-07,
1703,300203.SZ,聚光科技,浙江省,杭州市,2002-01-04,2011-04-15,
1704,300204.SZ,舒泰神,北京,北京市,2002-08-16,2011-04-15,
1705,300205.SZ,天喻信息,湖北省,武汉市,1999-08-06,2011-04-21,
1706,300206.SZ,理邦仪器,广东省,深圳市,1995-08-02,2011-04-21,
1707,300207.SZ,欣旺达,广东省,深圳市,1997-12-09,2011-04-21,
1708,300208.SZ,青岛中程,山东省,青岛市,1998-03-10,2011-04-26,
1709,300209.SZ,有棵树,湖南省,长沙市,2000-05-25,2011-04-26,
1710,300210.SZ,森远股份,辽宁省,鞍山市,2004-10-25,2011-04-26,
1711,300211.SZ,亿通科技,江苏省,常熟市,2001-08-15,2011-05-05,
1712,300212.SZ,易华录,北京,北京市,2001-04-30,2011-05-05,
1713,300213.SZ,佳讯飞鸿,北京,北京市,1995-01-26,2011-05-05,
1714,300214.SZ,日科化学,山东省,潍坊市,2003-12-26,2011-05-11,
1715,300215.SZ,电科院,江苏省,苏州市,1997-04-14,2011-05-11,
1716,300217.SZ,东方电热,江苏省,镇江市,2000-02-02,2011-05-18,
1717,300218.SZ,安利股份,安徽省,合肥市,1994-07-12,2011-05-18,
1718,300219.SZ,鸿利智汇,广东省,广州市,2004-05-31,2011-05-18,
1719,300220.SZ,金运激光,湖北省,武汉市,2005-03-11,2011-05-25,
1720,300221.SZ,银禧科技,广东省,东莞市,1997-08-08,2011-05-25,
1721,300222.SZ,科大智能,上海,上海市,2002-11-27,2011-05-25,
1722,300223.SZ,北京君正,北京,北京市,2005-07-15,2011-05-31,
1723,300224.SZ,正海磁材,山东省,烟台市,2000-04-06,2011-05-31,
1724,300225.SZ,金力泰,上海,上海市,1993-12-30,2011-05-31,
1725,300226.SZ,上海钢联,上海,上海市,2000-04-30,2011-06-08,
1726,300227.SZ,光韵达,广东省,深圳市,2005-10-25,2011-06-08,
1727,300228.SZ,富瑞特装,江苏省,张家港市,2003-08-05,2011-06-08,
1728,300229.SZ,拓尔思,北京,北京市,1993-02-18,2011-06-15,
1729,300230.SZ,永利股份,上海,上海市,2002-01-10,2011-06-15,
1730,300231.SZ,银信科技,北京,北京市,2004-05-31,2011-06-15,
1731,300232.SZ,洲明科技,广东省,深圳市,2004-10-26,2011-06-22,
1732,300233.SZ,金城医药,山东省,淄博市,2004-01-12,2011-06-22,
1733,300234.SZ,开尔新材,浙江省,金华市,2003-04-29,2011-06-22,
1734,300235.SZ,方直科技,广东省,深圳市,1993-02-19,2011-06-29,
1735,300236.SZ,上海新阳,上海,上海市,2004-05-12,2011-06-29,
1736,300237.SZ,美晨生态,山东省,诸城市,2004-11-08,2011-06-29,
1737,300238.SZ,冠昊生物,广东省,广州市,1999-10-22,2011-07-06,
1738,300239.SZ,东宝生物,内蒙古自治区,包头市,1997-03-12,2011-07-06,
1739,300240.SZ,飞力达,江苏省,昆山市,1993-04-22,2011-07-06,
1740,300241.SZ,瑞丰光电,广东省,深圳市,2000-01-24,2011-07-12,
1741,300242.SZ,佳云科技,广东省,东莞市,2002-05-22,2011-07-12,
1742,300243.SZ,瑞丰高材,山东省,淄博市,2001-10-26,2011-07-12,
1743,300244.SZ,迪安诊断,浙江省,杭州市,2001-09-05,2011-07-19,
1744,300245.SZ,天玑科技,上海,上海市,2001-10-24,2011-07-19,
1745,300246.SZ,宝莱特,广东省,珠海市,1993-06-28,2011-07-19,
1746,300247.SZ,融捷健康,安徽省,合肥市,1995-04-21,2011-07-29,
1747,300248.SZ,新开普,河南省,郑州市,2000-04-25,2011-07-29,
1748,300249.SZ,依米康,四川省,成都市,2002-09-12,2011-08-03,
1749,300250.SZ,初灵信息,浙江省,杭州市,1999-12-10,2011-08-03,
1750,300251.SZ,光线传媒,北京,北京市,2000-04-24,2011-08-03,
1751,300252.SZ,金信诺,广东省,深圳市,2002-04-02,2011-08-18,
1752,300253.SZ,卫宁健康,上海,上海市,2004-04-07,2011-08-18,
1753,300254.SZ,仟源医药,山西省,大同市,2005-03-23,2011-08-19,
1754,300255.SZ,常山药业,河北省,石家庄市,2000-09-28,2011-08-19,
1755,300256.SZ,ST星星,江西省,萍乡市,2003-09-25,2011-08-19,
1756,300257.SZ,开山股份,上海,上海市,2002-07-11,2011-08-19,
1757,300258.SZ,精锻科技,江苏省,泰州市,1992-12-09,2011-08-26,
1758,300259.SZ,新天科技,河南省,郑州市,2000-11-02,2011-08-31,
1759,300260.SZ,新莱应材,江苏省,昆山市,2000-07-12,2011-09-06,
1760,300261.SZ,雅本化学,江苏省,太仓市,2006-01-13,2011-09-06,
1761,300262.SZ,巴安水务,上海,上海市,1999-03-22,2011-09-16,
1762,300263.SZ,隆华科技,河南省,洛阳市,1995-07-05,2011-09-16,
1763,300264.SZ,佳创视讯,广东省,深圳市,2000-10-22,2011-09-16,
1764,300265.SZ,通光线缆,江苏省,南通市,2002-01-29,2011-09-16,
1765,300266.SZ,兴源环境,浙江省,杭州市,1992-07-15,2011-09-27,
1766,300267.SZ,尔康制药,湖南省,浏阳市,2003-10-22,2011-09-27,
1767,300268.SZ,佳沃食品,湖南省,常德市,2003-05-08,2011-09-27,
1768,300269.SZ,联建光电,广东省,深圳市,2003-04-14,2011-10-12,
1769,300270.SZ,中威电子,浙江省,杭州市,2000-03-14,2011-10-12,
1770,300271.SZ,华宇软件,北京,北京市,2001-06-18,2011-10-26,
1771,300272.SZ,开能健康,上海,上海市,2001-02-27,2011-11-02,
1772,300273.SZ,*ST和佳,广东省,珠海市,1996-04-01,2011-10-26,
1773,300274.SZ,阳光电源,安徽省,合肥市,2007-07-11,2011-11-02,
1774,300275.SZ,梅安森,重庆,重庆市,2003-05-21,2011-11-02,
1775,300276.SZ,三丰智能,湖北省,大冶市,1999-09-23,2011-11-15,
1776,300277.SZ,海联讯,广东省,深圳市,2000-01-04,2011-11-23,
1777,300278.SZ,华昌达,湖北省,十堰市,2003-02-27,2011-12-16,
1778,300279.SZ,和晶科技,江苏省,无锡市,1998-08-14,2011-12-29,
1779,300280.SZ,紫天科技,福建省,福州市,2002-03-21,2011-12-29,
1780,300281.SZ,金明精机,广东省,汕头市,1987-12-01,2011-12-29,
1781,300282.SZ,ST三盛,北京,北京市,2003-09-03,2011-12-29,
1782,300283.SZ,温州宏丰,浙江省,乐清市,1997-09-11,2012-01-10,
1783,300284.SZ,苏交科,江苏省,南京市,2002-08-29,2012-01-10,
1784,300285.SZ,国瓷材料,山东省,东营市,2005-04-21,2012-01-13,
1785,300286.SZ,安科瑞,上海,上海市,2003-06-23,2012-01-13,
1786,300287.SZ,飞利信,北京,北京市,2002-10-16,2012-02-01,
1787,300288.SZ,朗玛信息,贵州省,贵阳市,1998-09-24,2012-02-16,
1788,300289.SZ,利德曼,北京,北京市,1997-11-05,2012-02-16,
1789,300290.SZ,荣科科技,辽宁省,沈阳市,2005-11-18,2012-02-16,
1790,300291.SZ,百纳千成,北京,北京市,2002-06-19,2012-02-09,
1791,300292.SZ,吴通控股,江苏省,苏州市,1999-06-22,2012-02-29,
1792,300293.SZ,蓝英装备,辽宁省,沈阳市,2004-09-29,2012-03-08,
1793,300294.SZ,博雅生物,江西省,抚州市,1993-11-06,2012-03-08,
1794,300295.SZ,三六五网,江苏省,南京市,2006-01-17,2012-03-15,
1795,300296.SZ,利亚德,北京,北京市,1995-08-21,2012-03-15,
1796,300297.SZ,*ST蓝盾,四川省,绵阳市,1999-10-29,2012-03-15,
1797,300298.SZ,三诺生物,湖南省,长沙市,2002-08-07,2012-03-19,
1798,300299.SZ,富春股份,福建省,福州市,2001-03-02,2012-03-19,
1799,300300.SZ,海峡创新,福建省,福州市,2002-11-08,2012-03-19,
1800,300301.SZ,*ST长方,广东省,深圳市,2005-05-30,2012-03-21,
1801,300302.SZ,同有科技,北京,北京市,1998-11-03,2012-03-21,
1802,300303.SZ,聚飞光电,广东省,深圳市,2005-09-15,2012-03-19,
1803,300304.SZ,云意电气,江苏省,徐州市,2007-04-27,2012-03-21,
1804,300305.SZ,裕兴股份,江苏省,常州市,2004-12-10,2012-03-29,
1805,300306.SZ,远方信息,浙江省,杭州市,2003-05-21,2012-03-29,
1806,300307.SZ,慈星股份,浙江省,慈溪市,2003-08-10,2012-03-29,
1807,300308.SZ,中际旭创,山东省,龙口市,2005-06-27,2012-04-10,
1808,300309.SZ,*ST吉艾,北京,北京市,2006-05-15,2012-04-10,
1809,300310.SZ,宜通世纪,广东省,广州市,2001-10-09,2012-04-25,
1810,300311.SZ,任子行,广东省,深圳市,2000-05-31,2012-04-25,
1811,300313.SZ,ST天山,新疆维吾尔自治区,昌吉市,2003-06-18,2012-04-25,
1812,300314.SZ,戴维医疗,浙江省,宁波市,1992-09-18,2012-05-08,
1813,300315.SZ,掌趣科技,北京,北京市,2004-08-02,2012-05-11,
1814,300316.SZ,晶盛机电,浙江省,绍兴市,2006-12-14,2012-05-11,
1815,300317.SZ,珈伟新能,广东省,深圳市,1993-07-17,2012-05-11,
1816,300318.SZ,博晖创新,北京,北京市,2001-07-12,2012-05-23,
1817,300319.SZ,麦捷科技,广东省,深圳市,2001-03-14,2012-05-23,
1818,300320.SZ,海达股份,江苏省,江阴市,1998-04-10,2012-06-01,
1819,300321.SZ,同大股份,山东省,昌邑市,2002-03-19,2012-05-23,
1820,300322.SZ,硕贝德,广东省,惠州市,2004-02-17,2012-06-08,
1821,300323.SZ,华灿光电,湖北省,武汉市,2005-11-08,2012-06-01,
1822,300324.SZ,旋极信息,北京,北京市,1997-11-28,2012-06-08,
1823,300326.SZ,凯利泰,上海,上海市,2005-03-31,2012-06-13,
1824,300327.SZ,中颖电子,上海,上海市,1994-07-13,2012-06-13,
1825,300328.SZ,宜安科技,广东省,东莞市,1993-05-27,2012-06-19,
1826,300329.SZ,海伦钢琴,浙江省,宁波市,2001-06-15,2012-06-19,
1827,300330.SZ,*ST计通,上海,上海市,1997-04-25,2012-06-19,
1828,300331.SZ,苏大维格,江苏省,苏州市,2001-10-25,2012-06-28,
1829,300332.SZ,天壕环境,北京,北京市,2007-05-30,2012-06-28,
1830,300333.SZ,兆日科技,广东省,深圳市,2003-04-16,2012-06-28,
1831,300334.SZ,津膜科技,天津,天津市,2003-05-21,2012-07-05,
1832,300335.SZ,迪森股份,广东省,广州市,1996-07-16,2012-07-10,
1833,300336.SZ,*ST新文,上海,上海市,2004-12-30,2012-07-10,
1834,300337.SZ,银邦股份,江苏省,无锡市,1998-08-25,2012-07-18,
1835,300338.SZ,ST开元,湖南省,长沙市,2000-03-29,2012-07-26,
1836,300339.SZ,润和软件,江苏省,南京市,2006-06-29,2012-07-18,
1837,300340.SZ,科恒股份,广东省,江门市,2000-09-12,2012-07-26,
1838,300341.SZ,麦克奥迪,福建省,厦门市,2002-11-04,2012-07-26,
1839,300342.SZ,天银机电,江苏省,常熟市,2002-08-02,2012-07-26,
1840,300343.SZ,联创股份,山东省,淄博市,2003-01-29,2012-08-01,
1841,300344.SZ,立方数科,安徽省,六安市,1999-08-25,2012-08-01,
1842,300345.SZ,华民股份,湖南省,宁乡市,1995-07-31,2012-08-01,
1843,300346.SZ,南大光电,江苏省,苏州市,2000-12-28,2012-08-07,
1844,300347.SZ,泰格医药,浙江省,杭州市,2004-12-15,2012-08-17,
1845,300348.SZ,长亮科技,广东省,深圳市,2002-04-28,2012-08-17,
1846,300349.SZ,金卡智能,浙江省,乐清市,2004-07-28,2012-08-17,
1847,300350.SZ,华鹏飞,广东省,深圳市,2000-11-15,2012-08-21,
1848,300351.SZ,永贵电器,浙江省,台州市,1990-03-19,2012-09-20,
1849,300352.SZ,北信源,北京,北京市,1996-05-28,2012-09-12,
1850,300353.SZ,东土科技,北京,北京市,2000-03-27,2012-09-27,
1851,300354.SZ,东华测试,江苏省,靖江市,1993-03-08,2012-09-20,
1852,300355.SZ,蒙草生态,内蒙古自治区,呼和浩特市,2001-06-12,2012-09-27,
1853,300356.SZ,*ST光一,江苏省,南京市,2000-04-18,2012-10-09,
1854,300357.SZ,我武生物,浙江省,湖州市,2002-09-19,2014-01-21,
1855,300358.SZ,楚天科技,湖南省,宁乡市,2002-11-08,2014-01-21,
1856,300359.SZ,全通教育,广东省,中山市,2005-06-09,2014-01-21,
1857,300360.SZ,炬华科技,浙江省,杭州市,2006-04-06,2014-01-21,
1858,300363.SZ,博腾股份,重庆,重庆市,2005-07-07,2014-01-29,
1859,300364.SZ,中文在线,北京,北京市,2000-12-19,2015-01-21,
1860,300365.SZ,恒华科技,北京,北京市,2000-11-23,2014-01-23,
1861,300366.SZ,创意信息,四川省,成都市,1996-12-09,2014-01-27,
1862,300368.SZ,汇金股份,河北省,石家庄市,2005-03-21,2014-01-23,
1863,300369.SZ,绿盟科技,北京,北京市,2000-04-25,2014-01-29,
1864,300370.SZ,*ST安控,四川省,宜宾市,1998-09-17,2014-01-23,
1865,300371.SZ,汇中股份,河北省,唐山市,1998-05-18,2014-01-23,
1866,300373.SZ,扬杰科技,江苏省,扬州市,2006-08-02,2014-01-23,
1867,300374.SZ,中铁装配,北京,北京市,2006-08-31,2015-03-19,
1868,300375.SZ,鹏翎股份,天津,天津市,1988-10-24,2014-01-27,
1869,300376.SZ,易事特,广东省,东莞市,2001-06-21,2014-01-27,
1870,300377.SZ,赢时胜,广东省,深圳市,2001-09-03,2014-01-27,
1871,300378.SZ,鼎捷软件,上海,上海市,2001-12-26,2014-01-27,
1872,300379.SZ,东方通,北京,北京市,1997-08-11,2014-01-28,
1873,300380.SZ,安硕信息,上海,上海市,2001-09-25,2014-01-28,
1874,300381.SZ,溢多利,广东省,珠海市,1991-09-03,2014-01-28,
1875,300382.SZ,斯莱克,江苏省,苏州市,2004-01-06,2014-01-29,
1876,300383.SZ,光环新网,北京,北京市,1999-01-27,2014-01-29,
1877,300384.SZ,三联虹普,北京,北京市,1999-10-12,2014-08-01,
1878,300385.SZ,雪浪环境,江苏省,无锡市,2001-02-12,2014-06-26,
1879,300386.SZ,飞天诚信,北京,北京市,1998-06-16,2014-06-26,
1880,300387.SZ,富邦股份,湖北省,应城市,2007-01-22,2014-07-02,
1881,300388.SZ,节能国祯,安徽省,合肥市,1997-02-25,2014-08-01,
1882,300389.SZ,艾比森,广东省,深圳市,2001-08-23,2014-08-01,
1883,300390.SZ,天华超净,江苏省,苏州市,1997-11-13,2014-07-31,
1884,300391.SZ,长药控股,山东省,寿光市,2001-12-24,2014-08-01,
1885,300392.SZ,*ST腾信,北京,北京市,2001-12-06,2014-09-10,
1886,300393.SZ,中来股份,江苏省,常熟市,2008-03-07,2014-09-12,
1887,300394.SZ,天孚通信,江苏省,苏州市,2005-07-20,2015-02-17,
1888,300395.SZ,菲利华,湖北省,荆州市,1999-01-22,2014-09-10,
1889,300396.SZ,迪瑞医疗,吉林省,长春市,1994-12-26,2014-09-10,
1890,300397.SZ,天和防务,陕西省,西安市,2004-05-08,2014-09-10,
1891,300398.SZ,飞凯材料,上海,上海市,2002-04-26,2014-10-09,
1892,300399.SZ,天利科技,江西省,上饶市,2006-01-18,2014-10-09,
1893,300400.SZ,劲拓股份,广东省,深圳市,2004-07-27,2014-10-10,
1894,300401.SZ,花园生物,浙江省,东阳市,2000-12-18,2014-10-09,
1895,300402.SZ,宝色股份,江苏省,南京市,1994-05-05,2014-10-10,
1896,300403.SZ,汉宇集团,广东省,江门市,2002-11-26,2014-10-30,
1897,300404.SZ,博济医药,广东省,广州市,2002-09-29,2015-04-24,
1898,300405.SZ,科隆股份,辽宁省,辽阳市,2002-03-21,2014-10-30,
1899,300406.SZ,九强生物,北京,北京市,2001-03-29,2014-10-30,
1900,300407.SZ,凯发电气,天津,天津市,2000-01-25,2014-12-03,
1901,300408.SZ,三环集团,广东省,潮州市,1992-12-10,2014-12-03,
1902,300409.SZ,道氏技术,广东省,恩平市,2007-09-21,2014-12-03,
1903,300410.SZ,正业科技,广东省,东莞市,1997-11-14,2014-12-31,
1904,300411.SZ,金盾股份,浙江省,绍兴市,2005-12-28,2014-12-31,
1905,300412.SZ,迦南科技,浙江省,温州市,2008-12-15,2014-12-31,
1906,300413.SZ,芒果超媒,湖南省,长沙市,2005-12-28,2015-01-21,
1907,300414.SZ,中光防雷,四川省,成都市,2004-02-18,2015-05-13,
1908,300415.SZ,伊之密,广东省,佛山市,2004-02-06,2015-01-23,
1909,300416.SZ,苏试试验,江苏省,苏州市,2007-12-29,2015-01-22,
1910,300417.SZ,南华仪器,广东省,佛山市,1996-04-24,2015-01-23,
1911,300418.SZ,昆仑万维,北京,北京市,2008-03-27,2015-01-21,
1912,300419.SZ,浩丰科技,北京,北京市,2005-12-28,2015-01-22,
1913,300420.SZ,五洋停车,江苏省,徐州市,2001-06-22,2015-02-17,
1914,300421.SZ,力星股份,江苏省,如皋市,2000-12-12,2015-02-17,
1915,300422.SZ,博世科,广西壮族自治区,南宁市,1999-04-13,2015-02-17,
1916,300423.SZ,昇辉科技,山东省,莱阳市,2003-12-11,2015-02-17,
1917,300424.SZ,航新科技,广东省,广州市,2005-11-23,2015-04-22,
1918,300425.SZ,中建环能,四川省,成都市,2002-05-24,2015-02-16,
1919,300426.SZ,唐德影视,浙江省,东阳市,2006-10-30,2015-02-17,
1920,300427.SZ,红相股份,福建省,厦门市,2005-07-29,2015-02-17,
1921,300428.SZ,立中集团,河北省,保定市,1998-07-28,2015-03-19,
1922,300429.SZ,强力新材,江苏省,常州市,1997-11-22,2015-03-24,
1923,300430.SZ,诚益通,北京,北京市,2003-07-22,2015-03-19,
1924,300432.SZ,富临精工,四川省,绵阳市,1997-11-10,2015-03-19,
1925,300433.SZ,蓝思科技,湖南省,浏阳市,2006-12-21,2015-03-18,
1926,300434.SZ,金石亚药,四川省,成都市,2004-07-15,2015-04-24,
1927,300435.SZ,中泰股份,浙江省,杭州市,2006-01-18,2015-03-26,
1928,300436.SZ,广生堂,福建省,宁德市,2001-06-28,2015-04-22,
1929,300437.SZ,清水源,河南省,济源市,1995-06-08,2015-04-23,
1930,300438.SZ,鹏辉能源,广东省,广州市,2001-01-18,2015-04-24,
1931,300439.SZ,美康生物,浙江省,宁波市,2003-07-22,2015-04-22,
1932,300440.SZ,运达科技,四川省,成都市,2006-03-10,2015-04-23,
1933,300441.SZ,鲍斯股份,浙江省,宁波市,2008-05-28,2015-04-23,
1934,300442.SZ,润泽科技,上海,上海市,2007-06-27,2015-04-24,
1935,300443.SZ,金雷股份,山东省,济南市,2006-03-24,2015-04-22,
1936,300444.SZ,双杰电气,北京,北京市,2002-12-13,2015-04-23,
1937,300445.SZ,康斯特,北京,北京市,2004-09-20,2015-04-24,
1938,300446.SZ,乐凯新材,河北省,保定市,2005-02-03,2015-04-23,
1939,300447.SZ,全信股份,江苏省,南京市,2001-09-29,2015-04-22,
1940,300448.SZ,浩云科技,广东省,广州市,2001-03-08,2015-04-24,
1941,300449.SZ,汉邦高科,北京,北京市,2004-10-09,2015-04-22,
1942,300450.SZ,先导智能,江苏省,无锡市,2002-04-30,2015-05-18,
1943,300451.SZ,创业慧康,浙江省,杭州市,1997-12-10,2015-05-14,
1944,300452.SZ,山河药辅,安徽省,淮南市,2001-04-27,2015-05-15,
1945,300453.SZ,三鑫医疗,江西省,南昌市,1997-03-07,2015-05-15,
1946,300454.SZ,深信服,广东省,深圳市,2000-12-25,2018-05-16,
1947,300455.SZ,康拓红外,北京,北京市,2007-09-04,2015-05-15,
1948,300456.SZ,赛微电子,北京,北京市,2008-05-15,2015-05-14,
1949,300457.SZ,赢合科技,广东省,深圳市,2006-06-26,2015-05-14,
1950,300458.SZ,全志科技,广东省,珠海市,2007-09-19,2015-05-15,
1951,300459.SZ,汤姆猫,浙江省,绍兴市,2007-06-12,2015-05-15,
1952,300460.SZ,惠伦晶体,广东省,东莞市,2002-06-25,2015-05-15,
1953,300461.SZ,田中精机,浙江省,嘉兴市,2003-07-09,2015-05-19,
1954,300462.SZ,华铭智能,上海,上海市,2001-08-09,2015-05-27,
1955,300463.SZ,迈克生物,四川省,成都市,1994-10-20,2015-05-28,
1956,300464.SZ,星徽股份,广东省,佛山市,1994-11-11,2015-06-10,
1957,300465.SZ,高伟达,北京,北京市,2003-04-11,2015-05-28,
1958,300466.SZ,赛摩智能,江苏省,徐州市,1996-12-02,2015-05-28,
1959,300467.SZ,迅游科技,四川省,成都市,2008-08-07,2015-05-27,
1960,300468.SZ,四方精创,广东省,深圳市,2003-11-21,2015-05-27,
1961,300469.SZ,信息发展,上海,上海市,1997-10-29,2015-06-11,
1962,300470.SZ,中密控股,四川省,成都市,1993-09-29,2015-06-12,
1963,300471.SZ,厚普股份,四川省,成都市,2005-01-07,2015-06-11,
1964,300472.SZ,新元科技,江西省,抚州市,2003-09-24,2015-06-11,
1965,300473.SZ,德尔股份,辽宁省,阜新市,2004-11-12,2015-06-12,
1966,300474.SZ,景嘉微,湖南省,长沙市,2006-04-05,2016-03-31,
1967,300475.SZ,香农芯创,安徽省,宁国市,1998-09-16,2015-06-10,
1968,300476.SZ,胜宏科技,广东省,惠州市,2006-07-28,2015-06-11,
1969,300477.SZ,合纵科技,北京,北京市,1997-04-15,2015-06-10,
1970,300478.SZ,杭州高新,浙江省,杭州市,2004-11-26,2015-06-10,
1971,300479.SZ,神思电子,山东省,济南市,2004-12-27,2015-06-12,
1972,300480.SZ,光力科技,河南省,郑州市,1994-01-22,2015-07-02,
1973,300481.SZ,濮阳惠成,河南省,濮阳市,2002-12-27,2015-06-30,
1974,300482.SZ,万孚生物,广东省,广州市,1992-11-13,2015-06-30,
1975,300483.SZ,首华燃气,上海,上海市,2003-01-08,2015-06-30,
1976,300484.SZ,蓝海华腾,广东省,深圳市,2006-02-05,2016-03-22,
1977,300485.SZ,赛升药业,北京,北京市,1999-05-20,2015-06-26,
1978,300486.SZ,东杰智能,山西省,太原市,1995-12-14,2015-06-30,
1979,300487.SZ,蓝晓科技,陕西省,西安市,2001-04-05,2015-07-02,
1980,300488.SZ,恒锋工具,浙江省,嘉兴市,1997-07-17,2015-07-01,
1981,300489.SZ,光智科技,黑龙江省,哈尔滨市,2006-07-19,2015-07-01,
1982,300490.SZ,华自科技,湖南省,长沙市,2009-09-25,2015-12-31,
1983,300491.SZ,通合科技,河北省,石家庄市,1998-12-21,2015-12-31,
1984,300492.SZ,华图山鼎,四川省,成都市,2003-02-13,2015-12-23,
1985,300493.SZ,润欣科技,上海,上海市,2000-10-09,2015-12-10,
1986,300494.SZ,盛天网络,湖北省,武汉市,2009-11-24,2015-12-31,
1987,300495.SZ,*ST美尚,广东省,深圳市,2001-12-28,2015-12-22,
1988,300496.SZ,中科创达,北京,北京市,2008-03-07,2015-12-10,
1989,300497.SZ,富祥药业,江西省,景德镇市,2002-03-20,2015-12-22,
1990,300498.SZ,温氏股份,广东省,云浮市,1993-07-26,2015-11-02,
1991,300499.SZ,高澜股份,广东省,广州市,2001-06-29,2016-02-02,
1992,300500.SZ,启迪设计,江苏省,苏州市,1988-03-03,2016-02-04,
1993,300501.SZ,海顺新材,上海,上海市,2005-01-18,2016-02-04,
1994,300502.SZ,新易盛,四川省,成都市,2008-04-15,2016-03-03,
1995,300503.SZ,昊志机电,广东省,广州市,2006-12-14,2016-03-09,
1996,300504.SZ,天邑股份,四川省,成都市,2001-01-15,2018-03-30,
1997,300505.SZ,川金诺,云南省,昆明市,2005-06-02,2016-03-15,
1998,300506.SZ,名家汇,广东省,深圳市,2001-05-08,2016-03-24,
1999,300507.SZ,苏奥传感,江苏省,扬州市,1993-11-19,2016-04-29,
2000,300508.SZ,维宏股份,上海,上海市,2007-06-04,2016-04-19,
2001,300509.SZ,新美星,江苏省,张家港市,2003-10-28,2016-04-25,
2002,300510.SZ,金冠股份,吉林省,长春市,2006-10-19,2016-05-06,
2003,300511.SZ,雪榕生物,上海,上海市,1997-12-08,2016-05-04,
2004,300512.SZ,中亚股份,浙江省,杭州市,1999-02-08,2016-05-26,
2005,300513.SZ,恒实科技,北京,北京市,2000-06-27,2016-05-30,
2006,300514.SZ,友讯达,广东省,深圳市,2002-09-04,2017-04-26,
2007,300515.SZ,三德科技,湖南省,长沙市,2004-04-07,2016-06-08,
2008,300516.SZ,久之洋,湖北省,武汉市,2001-04-27,2016-06-02,
2009,300517.SZ,海波重科,湖北省,武汉市,1997-04-11,2016-07-19,
2010,300518.SZ,盛讯达,广东省,深圳市,2006-12-28,2016-06-24,
2011,300519.SZ,新光药业,浙江省,嵊州市,1998-11-18,2016-06-24,
2012,300520.SZ,科大国创,安徽省,合肥市,2000-11-06,2016-07-08,
2013,300521.SZ,爱司凯,广东省,广州市,2006-12-18,2016-07-05,
2014,300522.SZ,世名科技,江苏省,昆山市,2001-12-11,2016-07-05,
2015,300523.SZ,辰安科技,北京,北京市,2005-11-21,2016-07-26,
2016,300525.SZ,博思软件,福建省,福州市,2001-09-05,2016-07-26,
2017,300526.SZ,*ST中潜,广东省,惠州市,2003-04-10,2016-08-02,
2018,300527.SZ,中船应急,湖北省,武汉市,2007-12-27,2016-08-05,
2019,300528.SZ,幸福蓝海,江苏省,南京市,2005-11-18,2016-08-08,
2020,300529.SZ,健帆生物,广东省,珠海市,1989-12-19,2016-08-02,
2021,300530.SZ,达志科技,湖南省,衡阳市,2002-12-12,2016-08-09,
2022,300531.SZ,优博讯,广东省,深圳市,2006-01-26,2016-08-09,
2023,300532.SZ,今天国际,广东省,深圳市,2000-10-19,2016-08-18,
2024,300533.SZ,冰川网络,广东省,深圳市,2008-01-21,2016-08-18,
2025,300534.SZ,陇神戎发,甘肃省,兰州市,2002-06-03,2016-09-13,
2026,300535.SZ,达威股份,四川省,成都市,2003-11-13,2016-08-12,
2027,300536.SZ,农尚环境,湖北省,武汉市,2000-04-28,2016-09-20,
2028,300537.SZ,广信材料,江苏省,江阴市,2006-05-12,2016-08-30,
2029,300538.SZ,同益股份,广东省,深圳市,2002-12-25,2016-08-26,
2030,300539.SZ,横河精密,浙江省,慈溪市,2001-07-09,2016-08-30,
2031,300540.SZ,蜀道装备,四川省,成都市,2008-04-28,2016-08-23,
2032,300541.SZ,先进数通,北京,北京市,2000-10-31,2016-09-13,
2033,300542.SZ,新晨科技,北京,北京市,1998-01-24,2016-09-20,
2034,300543.SZ,朗科智能,广东省,深圳市,2001-11-20,2016-09-08,
2035,300545.SZ,联得装备,广东省,深圳市,2002-06-07,2016-09-28,
2036,300546.SZ,雄帝科技,广东省,深圳市,1995-04-03,2016-09-28,
2037,300547.SZ,川环科技,四川省,达州市,2002-06-21,2016-09-30,
2038,300548.SZ,博创科技,浙江省,嘉兴市,2003-07-08,2016-10-12,
2039,300549.SZ,优德精密,江苏省,昆山市,1998-09-15,2016-09-30,
2040,300550.SZ,和仁科技,浙江省,杭州市,2010-10-26,2016-10-18,
2041,300551.SZ,古鳌科技,上海,上海市,1996-07-08,2016-10-18,
2042,300552.SZ,万集科技,北京,北京市,1994-11-02,2016-10-21,
2043,300553.SZ,集智股份,浙江省,杭州市,2004-06-02,2016-10-21,
2044,300554.SZ,三超新材,江苏省,南京市,1999-01-29,2017-04-21,
2045,300555.SZ,ST路通,江苏省,无锡市,2007-02-16,2016-10-18,
2046,300556.SZ,丝路视觉,广东省,深圳市,2000-03-23,2016-11-04,
2047,300557.SZ,理工光科,湖北省,武汉市,2000-08-29,2016-11-01,
2048,300558.SZ,贝达药业,浙江省,杭州市,2003-01-07,2016-11-07,
2049,300559.SZ,佳发教育,四川省,成都市,2002-10-31,2016-11-01,
2050,300560.SZ,中富通,福建省,福州市,2001-11-07,2016-11-01,
2051,300561.SZ,汇金科技,广东省,珠海市,2005-01-26,2016-11-17,
2052,300562.SZ,乐心医疗,广东省,中山市,2002-07-18,2016-11-16,
2053,300563.SZ,神宇股份,江苏省,江阴市,2003-08-06,2016-11-14,
2054,300564.SZ,筑博设计,西藏自治区,拉萨市,1996-03-25,2019-11-08,
2055,300565.SZ,科信技术,广东省,深圳市,2001-08-28,2016-11-22,
2056,300566.SZ,激智科技,浙江省,宁波市,2007-03-09,2016-11-15,
2057,300567.SZ,精测电子,湖北省,武汉市,2006-04-20,2016-11-22,
2058,300568.SZ,星源材质,广东省,深圳市,2003-09-17,2016-12-01,
2059,300569.SZ,天能重工,山东省,胶州市,2006-03-03,2016-11-25,
2060,300570.SZ,太辰光,广东省,深圳市,2000-12-12,2016-12-06,
2061,300571.SZ,平治信息,浙江省,杭州市,2002-11-25,2016-12-13,
2062,300572.SZ,安车检测,广东省,深圳市,2006-08-06,2016-12-06,
2063,300573.SZ,兴齐眼药,辽宁省,沈阳市,1977-03-24,2016-12-08,
2064,300575.SZ,中旗股份,江苏省,南京市,2003-08-07,2016-12-20,
2065,300576.SZ,容大感光,广东省,深圳市,1996-06-25,2016-12-20,
2066,300577.SZ,开润股份,安徽省,滁州市,2009-11-13,2016-12-21,
2067,300578.SZ,会畅通讯,上海,上海市,2006-02-08,2017-01-25,
2068,300579.SZ,数字认证,北京,北京市,2001-02-28,2016-12-23,
2069,300580.SZ,贝斯特,江苏省,无锡市,1997-04-16,2017-01-11,
2070,300581.SZ,晨曦航空,陕西省,西安市,2000-02-24,2016-12-20,
2071,300582.SZ,英飞特,浙江省,杭州市,2007-09-05,2016-12-28,
2072,300583.SZ,赛托生物,山东省,菏泽市,2010-01-19,2017-01-06,
2073,300584.SZ,海辰药业,江苏省,南京市,2003-01-15,2017-01-12,
2074,300585.SZ,奥联电子,江苏省,南京市,2001-06-21,2016-12-29,
2075,300586.SZ,美联新材,广东省,汕头市,2000-06-20,2017-01-04,
2076,300587.SZ,天铁股份,浙江省,台州市,2003-12-26,2017-01-05,
2077,300588.SZ,熙菱信息,新疆维吾尔自治区,乌鲁木齐市,1999-07-29,2017-01-05,
2078,300589.SZ,江龙船艇,广东省,中山市,2003-01-21,2017-01-13,
2079,300590.SZ,移为通信,上海,上海市,2009-06-11,2017-01-11,
2080,300591.SZ,万里马,广东省,东莞市,2002-04-19,2017-01-10,
2081,300592.SZ,华凯易佰,湖南省,长沙市,2009-02-23,2017-01-20,
2082,300593.SZ,新雷能,北京,北京市,1997-06-11,2017-01-13,
2083,300594.SZ,朗进科技,山东省,济南市,2000-04-07,2019-06-21,
2084,300595.SZ,欧普康视,安徽省,合肥市,2000-10-26,2017-01-17,
2085,300596.SZ,利安隆,天津,天津市,2003-08-08,2017-01-19,
2086,300597.SZ,吉大通信,吉林省,长春市,1985-04-10,2017-01-23,
2087,300598.SZ,诚迈科技,江苏省,南京市,2006-09-01,2017-01-20,
2088,300599.SZ,雄塑科技,广东省,佛山市,2004-11-01,2017-01-23,
2089,300600.SZ,国瑞科技,江苏省,常熟市,1993-02-09,2017-01-25,
2090,300601.SZ,康泰生物,广东省,深圳市,1992-09-08,2017-02-07,
2091,300602.SZ,飞荣达,广东省,深圳市,1993-11-10,2017-01-26,
2092,300603.SZ,立昂技术,新疆维吾尔自治区,乌鲁木齐市,1996-01-08,2017-01-26,
2093,300604.SZ,长川科技,浙江省,杭州市,2008-04-10,2017-04-17,
2094,300605.SZ,恒锋信息,福建省,福州市,1995-10-27,2017-02-08,
2095,300606.SZ,金太阳,广东省,东莞市,2004-09-21,2017-02-08,
2096,300607.SZ,拓斯达,广东省,东莞市,2007-06-01,2017-02-09,
2097,300608.SZ,思特奇,北京,北京市,1995-12-25,2017-02-13,
2098,300609.SZ,汇纳科技,上海,上海市,2004-07-14,2017-02-15,
2099,300610.SZ,晨化股份,江苏省,扬州市,1995-05-12,2017-02-13,
2100,300611.SZ,美力科技,浙江省,绍兴市,2002-05-16,2017-02-20,
2101,300612.SZ,宣亚国际,北京,北京市,2007-01-19,2017-02-15,
2102,300613.SZ,富瀚微,上海,上海市,2004-04-16,2017-02-20,
2103,300614.SZ,百川畅银,河南省,郑州市,2009-04-02,2021-05-25,
2104,300615.SZ,欣天科技,广东省,深圳市,2005-05-10,2017-02-15,
2105,300616.SZ,尚品宅配,广东省,广州市,2004-04-19,2017-03-07,
2106,300617.SZ,安靠智电,江苏省,溧阳市,2004-05-20,2017-02-28,
2107,300618.SZ,寒锐钴业,江苏省,南京市,1997-05-12,2017-03-06,
2108,300619.SZ,金银河,广东省,佛山市,2002-01-29,2017-03-01,
2109,300620.SZ,光库科技,广东省,珠海市,2000-11-09,2017-03-10,
2110,300621.SZ,维业股份,广东省,深圳市,1994-10-18,2017-03-16,
2111,300622.SZ,博士眼镜,广东省,深圳市,1997-04-23,2017-03-15,
2112,300623.SZ,捷捷微电,江苏省,启东市,1995-03-29,2017-03-14,
2113,300624.SZ,万兴科技,西藏自治区,拉萨市,2003-09-28,2018-01-18,
2114,300625.SZ,三雄极光,广东省,广州市,2010-05-19,2017-03-17,
2115,300626.SZ,华瑞股份,浙江省,宁波市,1996-02-12,2017-03-20,
2116,300627.SZ,华测导航,上海,上海市,2003-09-12,2017-03-21,
2117,300628.SZ,亿联网络,福建省,厦门市,2001-11-05,2017-03-17,
2118,300629.SZ,新劲刚,广东省,佛山市,1998-12-09,2017-03-24,
2119,300630.SZ,普利制药,海南省,海口市,1992-07-14,2017-03-28,
2120,300631.SZ,久吾高科,江苏省,南京市,1997-12-22,2017-03-23,
2121,300632.SZ,光莆股份,福建省,厦门市,1994-12-07,2017-04-06,
2122,300633.SZ,开立医疗,广东省,深圳市,2002-09-27,2017-04-06,
2123,300634.SZ,彩讯股份,广东省,深圳市,2004-01-06,2018-03-23,
2124,300635.SZ,中达安,广东省,广州市,2000-08-08,2017-03-31,
2125,300636.SZ,同和药业,江西省,高安市,2004-04-20,2017-03-31,
2126,300637.SZ,扬帆新材,浙江省,绍兴市,2002-12-24,2017-04-12,
2127,300638.SZ,广和通,广东省,深圳市,1999-11-11,2017-04-13,
2128,300639.SZ,凯普生物,广东省,潮州市,2003-06-13,2017-04-12,
2129,300640.SZ,德艺文创,福建省,福州市,1995-07-08,2017-04-17,
2130,300641.SZ,正丹股份,江苏省,镇江市,2007-01-23,2017-04-18,
2131,300642.SZ,透景生命,上海,上海市,2003-11-06,2017-04-21,
2132,300643.SZ,万通智控,浙江省,杭州市,1993-12-25,2017-05-05,
2133,300644.SZ,南京聚隆,江苏省,南京市,1999-04-27,2018-02-06,
2134,300645.SZ,正元智慧,浙江省,杭州市,2000-03-13,2017-04-21,
2135,300647.SZ,超频三,广东省,深圳市,2005-04-27,2017-05-03,
2136,300648.SZ,星云股份,福建省,福州市,2005-01-24,2017-04-25,
2137,300649.SZ,杭州园林,浙江省,杭州市,2001-11-13,2017-05-05,
2138,300650.SZ,太龙股份,福建省,漳州市,2007-09-11,2017-05-03,
2139,300651.SZ,金陵体育,江苏省,张家港市,2004-03-25,2017-05-09,
2140,300652.SZ,雷迪克,浙江省,杭州市,2002-11-20,2017-05-16,
2141,300653.SZ,正海生物,山东省,烟台市,2003-10-22,2017-05-16,
2142,300654.SZ,世纪天鸿,山东省,淄博市,2004-04-27,2017-09-26,
2143,300655.SZ,晶瑞电材,江苏省,苏州市,2001-11-29,2017-05-23,
2144,300656.SZ,民德电子,广东省,深圳市,2004-02-23,2017-05-19,
2145,300657.SZ,弘信电子,福建省,厦门市,2003-09-08,2017-05-23,
2146,300658.SZ,延江股份,福建省,厦门市,2000-04-03,2017-06-02,
2147,300659.SZ,中孚信息,山东省,济南市,2002-03-12,2017-05-26,
2148,300660.SZ,江苏雷利,江苏省,常州市,2006-04-29,2017-06-02,
2149,300661.SZ,圣邦股份,北京,北京市,2007-01-26,2017-06-06,
2150,300662.SZ,科锐国际,北京,北京市,2005-12-05,2017-06-08,
2151,300663.SZ,科蓝软件,北京,北京市,1999-12-01,2017-06-08,
2152,300664.SZ,鹏鹞环保,江苏省,宜兴市,1997-07-15,2018-01-05,
2153,300665.SZ,飞鹿股份,湖南省,株洲市,1998-05-21,2017-06-13,
2154,300666.SZ,江丰电子,浙江省,余姚市,2005-04-14,2017-06-15,
2155,300667.SZ,必创科技,北京,北京市,2005-01-13,2017-06-19,
2156,300668.SZ,杰恩设计,广东省,深圳市,2004-10-11,2017-06-19,
2157,300669.SZ,沪宁股份,浙江省,杭州市,2004-04-14,2017-06-29,
2158,300670.SZ,大烨智能,江苏省,南京市,2011-12-21,2017-07-03,
2159,300671.SZ,富满微,广东省,深圳市,2001-11-05,2017-07-05,
2160,300672.SZ,国科微,湖南省,长沙市,2008-09-24,2017-07-12,
2161,300673.SZ,佩蒂股份,浙江省,温州市,2002-10-21,2017-07-11,
2162,300674.SZ,宇信科技,北京,北京市,2006-10-19,2018-11-07,
2163,300675.SZ,建科院,广东省,深圳市,2007-08-20,2017-07-19,
2164,300676.SZ,华大基因,广东省,深圳市,2010-07-09,2017-07-14,
2165,300677.SZ,英科医疗,山东省,淄博市,2009-07-20,2017-07-21,
2166,300678.SZ,中科信息,四川省,成都市,2001-06-26,2017-07-28,
2167,300679.SZ,电连技术,广东省,深圳市,2006-11-20,2017-07-31,
2168,300680.SZ,隆盛科技,江苏省,无锡市,2004-06-16,2017-07-25,
2169,300681.SZ,英搏尔,广东省,珠海市,2005-01-14,2017-07-25,
2170,300682.SZ,朗新科技,江苏省,无锡市,2003-05-07,2017-08-01,
2171,300683.SZ,海特生物,湖北省,武汉市,1992-04-08,2017-08-08,
2172,300684.SZ,中石科技,北京,北京市,1997-04-10,2017-12-27,
2173,300685.SZ,艾德生物,福建省,厦门市,2008-02-21,2017-08-02,
2174,300686.SZ,智动力,广东省,深圳市,2004-07-26,2017-08-04,
2175,300687.SZ,赛意信息,广东省,广州市,2005-01-10,2017-08-03,
2176,300688.SZ,创业黑马,北京,北京市,2011-11-16,2017-08-10,
2177,300689.SZ,澄天伟业,广东省,深圳市,2006-08-01,2017-08-09,
2178,300690.SZ,双一科技,山东省,德州市,2000-03-06,2017-08-08,
2179,300691.SZ,联合光电,广东省,中山市,2005-08-18,2017-08-11,
2180,300692.SZ,中环环保,安徽省,合肥市,2011-12-14,2017-08-21,
2181,300693.SZ,盛弘股份,广东省,深圳市,2007-09-28,2017-08-22,
2182,300694.SZ,蠡湖股份,江苏省,无锡市,1994-04-11,2018-10-15,
2183,300695.SZ,兆丰股份,浙江省,杭州市,2002-11-28,2017-09-08,
2184,300696.SZ,爱乐达,四川省,成都市,2004-03-01,2017-08-22,
2185,300697.SZ,电工合金,江苏省,江阴市,1985-06-12,2017-09-07,
2186,300698.SZ,万马科技,浙江省,杭州市,1997-01-28,2017-08-31,
2187,300699.SZ,光威复材,山东省,威海市,1992-02-05,2017-09-01,
2188,300700.SZ,岱勒新材,湖南省,长沙市,2009-04-08,2017-09-12,
2189,300701.SZ,森霸传感,河南省,南阳市,2005-08-18,2017-09-15,
2190,300702.SZ,天宇股份,浙江省,台州市,2003-02-14,2017-09-19,
2191,300703.SZ,创源股份,浙江省,宁波市,2001-06-14,2017-09-19,
2192,300705.SZ,九典制药,湖南省,浏阳市,2001-01-19,2017-10-10,
2193,300706.SZ,阿石创,福建省,福州市,2002-10-29,2017-09-26,
2194,300707.SZ,威唐工业,江苏省,无锡市,2008-04-02,2017-10-10,
2195,300708.SZ,聚灿光电,江苏省,苏州市,2010-04-08,2017-10-16,
2196,300709.SZ,精研科技,江苏省,常州市,2004-11-29,2017-10-19,
2197,300710.SZ,万隆光电,浙江省,杭州市,2001-05-13,2017-10-19,
2198,300711.SZ,广哈通信,广东省,广州市,1995-04-08,2017-11-01,
2199,300712.SZ,永福股份,福建省,福州市,1994-03-01,2017-10-31,
2200,300713.SZ,英可瑞,广东省,深圳市,2002-04-24,2017-11-01,
2201,300715.SZ,凯伦股份,江苏省,苏州市,2011-07-13,2017-10-26,
2202,300716.SZ,国立科技,广东省,东莞市,2002-04-22,2017-11-09,
2203,300717.SZ,华信新材,江苏省,新沂市,2000-06-06,2017-11-06,
2204,300718.SZ,长盛轴承,浙江省,嘉兴市,1995-06-14,2017-11-06,
2205,300719.SZ,安达维尔,北京,北京市,2001-12-03,2017-11-09,
2206,300720.SZ,海川智能,广东省,佛山市,2004-08-26,2017-11-06,
2207,300721.SZ,怡达股份,江苏省,江阴市,1996-06-20,2017-11-15,
2208,300722.SZ,新余国科,江西省,新余市,2008-05-05,2017-11-10,
2209,300723.SZ,一品红,广东省,广州市,2002-02-04,2017-11-16,
2210,300724.SZ,捷佳伟创,广东省,深圳市,2007-06-18,2018-08-10,
2211,300725.SZ,药石科技,江苏省,南京市,2006-12-26,2017-11-10,
2212,300726.SZ,宏达电子,湖南省,株洲市,1993-11-18,2017-11-21,
2213,300727.SZ,润禾材料,浙江省,宁波市,2000-12-06,2017-11-27,
2214,300729.SZ,乐歌股份,浙江省,宁波市,2002-03-26,2017-12-01,
2215,300730.SZ,科创信息,湖南省,长沙市,1998-01-13,2017-12-05,
2216,300731.SZ,科创新源,广东省,深圳市,2008-01-10,2017-12-08,
2217,300732.SZ,设研院,河南省,郑州市,2007-08-22,2017-12-12,
2218,300733.SZ,西菱动力,四川省,成都市,1999-09-30,2018-01-16,
2219,300735.SZ,光弘科技,广东省,惠州市,1995-03-24,2017-12-29,
2220,300736.SZ,百邦科技,北京,北京市,2007-11-26,2018-01-09,
2221,300737.SZ,科顺股份,广东省,佛山市,1996-10-10,2018-01-25,
2222,300738.SZ,奥飞数据,广东省,广州市,2004-09-28,2018-01-19,
2223,300739.SZ,明阳电路,广东省,深圳市,2001-07-31,2018-02-01,
2224,300740.SZ,水羊股份,湖南省,长沙市,2012-11-01,2018-02-08,
2225,300741.SZ,华宝股份,西藏自治区,拉萨市,1996-06-27,2018-03-01,
2226,300742.SZ,越博动力,江苏省,南京市,2012-04-19,2018-05-08,
2227,300743.SZ,天地数码,浙江省,杭州市,2002-04-27,2018-04-27,
2228,300745.SZ,欣锐科技,广东省,深圳市,2005-01-11,2018-05-23,
2229,300746.SZ,汉嘉设计,浙江省,杭州市,1998-06-16,2018-05-25,
2230,300747.SZ,锐科激光,湖北省,武汉市,2007-04-06,2018-06-25,
2231,300748.SZ,金力永磁,江西省,赣州市,2008-08-19,2018-09-21,
2232,300749.SZ,顶固集创,广东省,中山市,2002-12-04,2018-09-25,
2233,300750.SZ,宁德时代,福建省,宁德市,2011-12-16,2018-06-11,
2234,300751.SZ,迈为股份,江苏省,苏州市,2010-09-08,2018-11-09,
2235,300752.SZ,隆利科技,广东省,深圳市,2007-08-16,2018-11-30,
2236,300753.SZ,爱朋医疗,江苏省,南通市,2001-10-30,2018-12-13,
2237,300755.SZ,华致酒行,云南省,香格里拉市,2005-05-26,2019-01-29,
2238,300756.SZ,金马游乐,广东省,中山市,2007-11-20,2018-12-28,
2239,300757.SZ,罗博特科,江苏省,苏州市,2011-04-14,2019-01-08,
2240,300758.SZ,七彩化学,辽宁省,海城市,2006-06-12,2019-02-22,
2241,300759.SZ,康龙化成,北京,北京市,2004-07-01,2019-01-28,
2242,300760.SZ,迈瑞医疗,广东省,深圳市,1999-01-25,2018-10-16,
2243,300761.SZ,立华股份,江苏省,常州市,1997-06-19,2019-02-18,
2244,300762.SZ,上海瀚讯,上海,上海市,2006-03-20,2019-03-14,
2245,300763.SZ,锦浪科技,浙江省,宁波市,2005-09-09,2019-03-19,
2246,300765.SZ,新诺威,河北省,石家庄市,2006-04-05,2019-03-22,
2247,300766.SZ,每日互动,浙江省,杭州市,2010-12-07,2019-03-25,
2248,300767.SZ,震安科技,云南省,昆明市,2010-01-04,2019-03-29,
2249,300768.SZ,迪普科技,浙江省,杭州市,2008-05-28,2019-04-12,
2250,300769.SZ,德方纳米,广东省,深圳市,2007-01-25,2019-04-15,
2251,300770.SZ,新媒股份,广东省,广州市,2010-07-12,2019-04-19,
2252,300771.SZ,智莱科技,广东省,深圳市,1999-11-05,2019-04-22,
2253,300772.SZ,运达股份,浙江省,杭州市,2001-11-30,2019-04-26,
2254,300773.SZ,拉卡拉,北京,北京市,2005-01-06,2019-04-25,
2255,300774.SZ,倍杰特,北京,北京市,2004-10-12,2021-08-04,
2256,300775.SZ,三角防务,陕西省,西安市,2002-08-05,2019-05-21,
2257,300776.SZ,帝尔激光,湖北省,武汉市,2008-04-25,2019-05-17,
2258,300777.SZ,中简科技,江苏省,常州市,2008-04-28,2019-05-16,
2259,300778.SZ,新城市,广东省,深圳市,1993-03-22,2019-05-10,
2260,300779.SZ,惠城环保,山东省,青岛市,2006-02-27,2019-05-22,
2261,300780.SZ,德恩精工,四川省,眉山市,2003-10-10,2019-05-31,
2262,300781.SZ,因赛集团,广东省,广州市,2002-09-09,2019-06-06,
2263,300782.SZ,卓胜微,江苏省,无锡市,2012-08-10,2019-06-18,
2264,300783.SZ,三只松鼠,安徽省,芜湖市,2012-02-16,2019-07-12,
2265,300785.SZ,值得买,北京,北京市,2011-11-10,2019-07-15,
2266,300786.SZ,国林科技,山东省,青岛市,1994-12-13,2019-07-23,
2267,300787.SZ,海能实业,江西省,吉安市,2009-07-15,2019-08-15,
2268,300788.SZ,中信出版,北京,北京市,1993-02-16,2019-07-05,
2269,300789.SZ,唐源电气,四川省,成都市,2010-11-05,2019-08-28,
2270,300790.SZ,宇瞳光学,广东省,东莞市,2011-09-06,2019-09-20,
2271,300791.SZ,仙乐健康,广东省,汕头市,1993-08-16,2019-09-25,
2272,300792.SZ,壹网壹创,浙江省,杭州市,2012-04-06,2019-09-27,
2273,300793.SZ,佳禾智能,广东省,东莞市,2013-10-17,2019-10-18,
2274,300795.SZ,米奥会展,浙江省,杭州市,2010-06-30,2019-10-22,
2275,300796.SZ,贝斯美,浙江省,绍兴市,2003-03-31,2019-11-15,
2276,300797.SZ,钢研纳克,北京,北京市,2001-03-21,2019-11-01,
2277,300798.SZ,锦鸡股份,江苏省,泰兴市,1999-01-20,2019-11-22,
2278,300799.SZ,左江科技,北京,北京市,2007-08-22,2019-10-29,
2279,300800.SZ,力合科技,湖南省,长沙市,1997-05-29,2019-11-06,
2280,300801.SZ,泰和科技,山东省,枣庄市,2006-03-14,2019-11-28,
2281,300802.SZ,矩子科技,上海,上海市,2007-11-07,2019-11-14,
2282,300803.SZ,指南针,北京,北京市,2001-04-28,2019-11-18,
2283,300805.SZ,电声股份,广东省,广州市,2010-02-10,2019-11-21,
2284,300806.SZ,斯迪克,江苏省,宿迁市,2006-06-21,2019-11-25,
2285,300807.SZ,天迈科技,河南省,郑州市,2004-04-13,2019-12-19,
2286,300808.SZ,久量股份,广东省,广州市,2002-11-18,2019-11-29,
2287,300809.SZ,华辰装备,江苏省,昆山市,2007-09-04,2019-12-04,
2288,300810.SZ,中科海讯,北京,北京市,2005-07-18,2019-12-06,
2289,300811.SZ,铂科新材,广东省,深圳市,2009-09-17,2019-12-30,
2290,300812.SZ,易天股份,广东省,深圳市,2007-02-14,2020-01-09,
2291,300813.SZ,泰林生物,浙江省,杭州市,2002-01-08,2020-01-14,
2292,300814.SZ,中富电路,广东省,深圳市,2004-03-12,2021-08-12,
2293,300815.SZ,玉禾田,安徽省,安庆市,2010-04-13,2020-01-23,
2294,300816.SZ,艾可蓝,安徽省,池州市,2009-01-21,2020-02-10,
2295,300817.SZ,双飞股份,浙江省,嘉兴市,2000-08-15,2020-02-18,
2296,300818.SZ,耐普矿机,江西省,上饶市,2005-10-14,2020-02-12,
2297,300819.SZ,聚杰微纤,江苏省,苏州市,2000-05-26,2020-03-12,
2298,300820.SZ,英杰电气,四川省,德阳市,1996-01-16,2020-02-13,
2299,300821.SZ,东岳硅材,山东省,淄博市,2006-12-28,2020-03-12,
2300,300822.SZ,贝仕达克,广东省,深圳市,2010-05-14,2020-03-13,
2301,300823.SZ,建科机械,天津,天津市,2002-05-15,2020-03-19,
2302,300824.SZ,北鼎股份,广东省,深圳市,2003-05-09,2020-06-19,
2303,300825.SZ,阿尔特,北京,北京市,2007-05-23,2020-03-27,
2304,300826.SZ,测绘股份,江苏省,南京市,1991-04-08,2020-04-03,
2305,300827.SZ,上能电气,江苏省,无锡市,2012-03-30,2020-04-10,
2306,300828.SZ,锐新科技,天津,天津市,2004-11-25,2020-04-21,
2307,300829.SZ,金丹科技,河南省,周口市,2006-08-10,2020-04-22,
2308,300830.SZ,金现代,山东省,济南市,2001-12-05,2020-05-06,
2309,300831.SZ,派瑞股份,陕西省,西安市,2010-12-10,2020-05-07,
2310,300832.SZ,新产业,广东省,深圳市,1995-12-15,2020-05-12,
2311,300833.SZ,浩洋股份,广东省,广州市,2005-03-17,2020-05-20,
2312,300834.SZ,星辉环材,广东省,汕头市,2006-06-27,2022-01-13,
2313,300835.SZ,龙磁科技,安徽省,合肥市,1998-01-19,2020-05-25,
2314,300836.SZ,佰奥智能,江苏省,昆山市,2006-01-06,2020-05-28,
2315,300837.SZ,浙矿股份,浙江省,湖州市,2003-09-04,2020-06-05,
2316,300838.SZ,浙江力诺,浙江省,瑞安市,2003-01-09,2020-06-08,
2317,300839.SZ,博汇股份,浙江省,宁波市,2005-10-12,2020-06-30,
2318,300840.SZ,酷特智能,山东省,青岛市,2007-12-28,2020-07-08,
2319,300841.SZ,康华生物,四川省,成都市,2004-04-02,2020-06-16,
2320,300842.SZ,帝科股份,江苏省,宜兴市,2010-07-15,2020-06-18,
2321,300843.SZ,胜蓝股份,广东省,东莞市,2007-12-14,2020-07-02,
2322,300844.SZ,山水比德,广东省,广州市,2007-04-09,2021-08-13,
2323,300845.SZ,捷安高科,河南省,郑州市,2002-06-03,2020-07-03,
2324,300846.SZ,首都在线,北京,北京市,2005-07-13,2020-07-01,
2325,300847.SZ,中船汉光,河北省,邯郸市,2000-06-15,2020-07-09,
2326,300848.SZ,美瑞新材,山东省,烟台市,2009-09-04,2020-07-20,
2327,300849.SZ,锦盛新材,浙江省,绍兴市,1998-06-11,2020-07-10,
2328,300850.SZ,新强联,河南省,洛阳市,2005-08-03,2020-07-13,
2329,300851.SZ,交大思诺,北京,北京市,2001-06-06,2020-07-17,
2330,300852.SZ,四会富仕,广东省,四会市,2009-08-28,2020-07-13,
2331,300853.SZ,申昊科技,浙江省,杭州市,2002-09-05,2020-07-24,
2332,300854.SZ,中兰环保,广东省,深圳市,2001-11-12,2021-09-16,
2333,300855.SZ,图南股份,江苏省,丹阳市,1991-05-28,2020-07-23,
2334,300856.SZ,科思股份,江苏省,南京市,2000-04-20,2020-07-22,
2335,300857.SZ,协创数据,广东省,深圳市,2005-11-18,2020-07-27,
2336,300858.SZ,科拓生物,北京,北京市,2003-09-05,2020-07-27,
2337,300859.SZ,西域旅游,新疆维吾尔自治区,阜康市,2001-01-18,2020-08-06,
2338,300860.SZ,锋尚文化,北京,北京市,2002-07-30,2020-08-24,
2339,300861.SZ,美畅股份,陕西省,咸阳市,2015-07-07,2020-08-24,
2340,300862.SZ,蓝盾光电,安徽省,铜陵市,2001-12-28,2020-08-24,
2341,300863.SZ,卡倍亿,浙江省,宁波市,2004-03-05,2020-08-24,
2342,300864.SZ,南大环境,江苏省,南京市,2012-08-03,2020-08-24,
2343,300865.SZ,大宏立,四川省,成都市,2004-05-10,2020-08-24,
2344,300866.SZ,安克创新,湖南省,长沙市,2011-12-06,2020-08-24,
2345,300867.SZ,圣元环保,福建省,厦门市,1997-10-09,2020-08-24,
2346,300868.SZ,杰美特,广东省,深圳市,2006-05-30,2020-08-24,
2347,300869.SZ,康泰医学,河北省,秦皇岛市,1996-07-09,2020-08-24,
2348,300870.SZ,欧陆通,广东省,深圳市,1996-05-29,2020-08-24,
2349,300871.SZ,回盛生物,湖北省,武汉市,2002-01-25,2020-08-24,
2350,300872.SZ,天阳科技,西藏自治区,拉萨市,2003-07-09,2020-08-24,
2351,300873.SZ,海晨股份,江苏省,苏州市,2011-08-18,2020-08-24,
2352,300875.SZ,捷强装备,天津,天津市,2005-11-01,2020-08-24,
2353,300876.SZ,蒙泰高新,广东省,揭阳市,2013-09-06,2020-08-24,
2354,300877.SZ,金春股份,安徽省,滁州市,2011-07-21,2020-08-24,
2355,300878.SZ,维康药业,浙江省,丽水市,2000-03-31,2020-08-24,
2356,300879.SZ,大叶股份,浙江省,余姚市,2006-02-17,2020-09-01,
2357,300880.SZ,迦南智能,浙江省,慈溪市,1999-01-29,2020-09-01,
2358,300881.SZ,盛德鑫泰,江苏省,常州市,2001-10-15,2020-09-01,
2359,300882.SZ,万胜智能,浙江省,台州市,1997-07-21,2020-09-10,
2360,300883.SZ,龙利得,安徽省,明光市,2010-04-02,2020-09-10,
2361,300884.SZ,狄耐克,福建省,厦门市,2005-04-29,2020-11-12,
2362,300885.SZ,海昌新材,江苏省,扬州市,2001-01-11,2020-09-10,
2363,300886.SZ,华业香料,安徽省,潜山市,2002-07-12,2020-09-16,
2364,300887.SZ,谱尼测试,北京,北京市,2002-06-10,2020-09-16,
2365,300888.SZ,稳健医疗,广东省,深圳市,2000-08-24,2020-09-17,
2366,300889.SZ,爱克股份,广东省,深圳市,2009-09-18,2020-09-16,
2367,300890.SZ,翔丰华,广东省,深圳市,2009-06-12,2020-09-17,
2368,300891.SZ,惠云钛业,广东省,云浮市,2003-09-28,2020-09-17,
2369,300892.SZ,品渥食品,上海,上海市,1997-09-09,2020-09-24,
2370,300893.SZ,松原股份,浙江省,余姚市,2001-07-06,2020-09-24,
2371,300894.SZ,火星人,浙江省,海宁市,2010-04-08,2020-12-31,
2372,300895.SZ,铜牛信息,北京,北京市,2005-09-21,2020-09-24,
2373,300896.SZ,爱美客,北京,北京市,2004-06-09,2020-09-28,
2374,300897.SZ,山科智能,浙江省,杭州市,1999-11-08,2020-09-28,
2375,300898.SZ,熊猫乳品,浙江省,温州市,1996-01-03,2020-10-16,
2376,300899.SZ,上海凯鑫,上海,上海市,2011-07-25,2020-10-16,
2377,300900.SZ,广联航空,黑龙江省,哈尔滨市,2011-02-25,2020-10-29,
2378,300901.SZ,中胤时尚,浙江省,温州市,2011-10-21,2020-10-29,
2379,300902.SZ,国安达,福建省,厦门市,2008-01-10,2020-10-29,
2380,300903.SZ,科翔股份,广东省,惠州市,2001-11-02,2020-11-05,
2381,300905.SZ,宝丽迪,江苏省,苏州市,2002-12-13,2020-11-05,
2382,300906.SZ,日月明,江西省,南昌市,2006-03-17,2020-11-05,
2383,300907.SZ,康平科技,江苏省,苏州市,2004-04-19,2020-11-18,
2384,300908.SZ,仲景食品,河南省,南阳市,2002-09-29,2020-11-23,
2385,300909.SZ,汇创达,广东省,深圳市,2004-02-02,2020-11-18,
2386,300910.SZ,瑞丰新材,河南省,新乡市,1996-11-11,2020-11-27,
2387,300911.SZ,亿田智能,浙江省,嵊州市,2003-09-25,2020-12-03,
2388,300912.SZ,凯龙高科,江苏省,无锡市,2001-12-12,2020-12-07,
2389,300913.SZ,兆龙互连,浙江省,湖州市,1995-08-21,2020-12-07,
2390,300915.SZ,海融科技,上海,上海市,2003-10-14,2020-12-02,
2391,300916.SZ,朗特智能,广东省,深圳市,2003-08-29,2020-12-02,
2392,300917.SZ,特发服务,广东省,深圳市,1993-05-31,2020-12-21,
2393,300918.SZ,南山智尚,山东省,龙口市,2007-04-29,2020-12-22,
2394,300919.SZ,中伟股份,贵州省,铜仁市,2014-09-15,2020-12-23,
2395,300920.SZ,润阳科技,浙江省,湖州市,2012-10-31,2020-12-25,
2396,300921.SZ,南凌科技,广东省,深圳市,1996-12-30,2020-12-22,
2397,300922.SZ,天秦装备,河北省,秦皇岛市,1996-03-21,2020-12-25,
2398,300923.SZ,研奥股份,吉林省,长春市,1986-06-27,2020-12-24,
2399,300925.SZ,法本信息,广东省,深圳市,2006-11-08,2020-12-30,
2400,300926.SZ,博俊科技,江苏省,昆山市,2011-03-29,2021-01-07,
2401,300927.SZ,江天化学,江苏省,南通市,1999-11-04,2021-01-07,
2402,300928.SZ,华安鑫创,北京,北京市,2013-01-25,2021-01-06,
2403,300929.SZ,华骐环保,安徽省,马鞍山市,2002-04-27,2021-01-20,
2404,300930.SZ,屹通新材,浙江省,建德市,2000-07-28,2021-01-21,
2405,300931.SZ,通用电梯,江苏省,苏州市,2003-08-21,2021-01-21,
2406,300932.SZ,三友联众,广东省,东莞市,2008-05-16,2021-01-22,
2407,300933.SZ,中辰股份,江苏省,宜兴市,2003-06-18,2021-01-22,
2408,300935.SZ,盈建科,北京,北京市,2010-12-03,2021-01-20,
2409,300936.SZ,中英科技,江苏省,常州市,2006-03-28,2021-01-26,
2410,300937.SZ,药易购,四川省,成都市,2007-04-28,2021-01-27,
2411,300938.SZ,信测标准,广东省,深圳市,2000-07-20,2021-01-27,
2412,300939.SZ,秋田微,广东省,深圳市,2004-11-05,2021-01-28,
2413,300940.SZ,南极光,广东省,深圳市,2009-01-04,2021-02-03,
2414,300941.SZ,创识科技,福建省,福州市,1995-08-18,2021-02-09,
2415,300942.SZ,易瑞生物,广东省,深圳市,2007-07-24,2021-02-09,
2416,300943.SZ,春晖智控,浙江省,绍兴市,1993-05-08,2021-02-10,
2417,300945.SZ,曼卡龙,浙江省,杭州市,2009-12-03,2021-02-10,
2418,300946.SZ,恒而达,福建省,莆田市,1995-11-20,2021-02-08,
2419,300947.SZ,德必集团,上海,上海市,2011-04-13,2021-02-10,
2420,300948.SZ,冠中生态,山东省,青岛市,2000-08-30,2021-02-25,
2421,300949.SZ,奥雅股份,广东省,深圳市,2001-12-14,2021-02-26,
2422,300950.SZ,德固特,山东省,胶州市,2004-04-05,2021-03-03,
2423,300951.SZ,博硕科技,广东省,深圳市,2016-08-26,2021-02-26,
2424,300952.SZ,恒辉安防,江苏省,南通市,2004-04-15,2021-03-11,
2425,300953.SZ,震裕科技,浙江省,宁波市,1994-10-18,2021-03-18,
2426,300955.SZ,嘉亨家化,福建省,泉州市,2005-07-15,2021-03-24,
2427,300956.SZ,英力股份,安徽省,六安市,2015-04-14,2021-03-26,
2428,300957.SZ,贝泰妮,云南省,昆明市,2010-05-13,2021-03-25,
2429,300958.SZ,建工修复,北京,北京市,2007-11-09,2021-03-29,
2430,300959.SZ,线上线下,江苏省,无锡市,2012-09-14,2021-03-22,
2431,300960.SZ,通业科技,广东省,深圳市,2000-12-29,2021-03-29,
2432,300961.SZ,深水海纳,广东省,深圳市,2001-05-31,2021-03-30,
2433,300962.SZ,中金辐照,广东省,深圳市,2003-08-29,2021-04-09,
2434,300963.SZ,中洲特材,上海,上海市,2002-07-08,2021-04-09,
2435,300964.SZ,本川智能,江苏省,南京市,2006-08-23,2021-08-05,
2436,300965.SZ,恒宇信通,北京,北京市,2002-10-14,2021-04-02,
2437,300966.SZ,共同药业,湖北省,宜城市,2006-05-15,2021-04-09,
2438,300967.SZ,晓鸣股份,宁夏回族自治区,银川市,2011-07-05,2021-04-13,
2439,300968.SZ,格林精密,广东省,惠州市,2002-04-29,2021-04-15,
2440,300969.SZ,恒帅股份,浙江省,宁波市,2001-02-21,2021-04-12,
2441,300970.SZ,华绿生物,江苏省,宿迁市,2010-06-08,2021-04-12,
2442,300971.SZ,博亚精工,湖北省,襄阳市,1999-11-16,2021-04-15,
2443,300972.SZ,万辰生物,福建省,漳州市,2011-12-21,2021-04-19,
2444,300973.SZ,立高食品,广东省,广州市,2000-05-11,2021-04-15,
2445,300975.SZ,商络电子,江苏省,南京市,1999-08-31,2021-04-21,
2446,300976.SZ,达瑞电子,广东省,东莞市,2003-09-16,2021-04-19,
2447,300977.SZ,深圳瑞捷,广东省,深圳市,2010-04-12,2021-04-20,
2448,300978.SZ,东箭科技,广东省,佛山市,2003-07-04,2021-04-26,
2449,300979.SZ,华利集团,广东省,中山市,2004-09-02,2021-04-26,
2450,300980.SZ,祥源新材,湖北省,汉川市,2003-04-29,2021-04-21,
2451,300981.SZ,中红医疗,河北省,唐山市,2010-12-22,2021-04-27,
2452,300982.SZ,苏文电能,江苏省,常州市,2007-04-03,2021-04-27,
2453,300983.SZ,尤安设计,上海,上海市,2004-01-06,2021-04-20,
2454,300984.SZ,金沃股份,浙江省,衢州市,2011-06-14,2021-06-18,
2455,300985.SZ,致远新能,吉林省,长春市,2014-03-14,2021-04-29,
2456,300986.SZ,志特新材,江西省,抚州市,2011-12-08,2021-04-30,
2457,300987.SZ,川网传媒,四川省,成都市,2009-12-23,2021-05-11,
2458,300988.SZ,津荣天宇,天津,天津市,2004-06-09,2021-05-12,
2459,300989.SZ,蕾奥规划,广东省,深圳市,2008-05-07,2021-05-07,
2460,300990.SZ,同飞股份,河北省,三河市,2001-01-11,2021-05-12,
2461,300991.SZ,创益通,广东省,深圳市,2003-09-25,2021-05-20,
2462,300992.SZ,泰福泵业,浙江省,温岭市,1993-05-21,2021-05-25,
2463,300993.SZ,玉马遮阳,山东省,寿光市,2014-07-04,2021-05-24,
2464,300994.SZ,久祺股份,浙江省,杭州市,2000-10-06,2021-08-12,
2465,300995.SZ,奇德新材,广东省,江门市,2007-08-16,2021-05-26,
2466,300996.SZ,普联软件,山东省,济南市,2001-09-28,2021-06-03,
2467,300997.SZ,欢乐家,广东省,湛江市,2001-12-12,2021-06-02,
2468,300998.SZ,宁波方正,浙江省,宁波市,2004-03-16,2021-06-02,
2469,300999.SZ,金龙鱼,上海,上海市,2005-06-17,2020-10-15,
2470,301000.SZ,肇民科技,上海,上海市,2011-10-27,2021-05-28,
2471,301001.SZ,凯淳股份,上海,上海市,2008-12-02,2021-05-28,
2472,301002.SZ,崧盛股份,广东省,深圳市,2011-07-08,2021-06-07,
2473,301003.SZ,江苏博云,江苏省,张家港市,2006-06-27,2021-06-01,
2474,301004.SZ,嘉益股份,浙江省,金华市,2004-05-12,2021-06-25,
2475,301005.SZ,超捷股份,上海,上海市,2001-12-28,2021-06-01,
2476,301006.SZ,迈拓股份,江苏省,南京市,2006-12-14,2021-06-07,
2477,301007.SZ,德迈仕,辽宁省,大连市,2001-11-30,2021-06-16,
2478,301008.SZ,宏昌科技,浙江省,金华市,1996-05-03,2021-06-11,
2479,301009.SZ,可靠股份,浙江省,杭州市,2001-08-07,2021-06-17,
2480,301010.SZ,晶雪节能,江苏省,常州市,1993-02-27,2021-06-18,
2481,301011.SZ,华立科技,广东省,广州市,2010-08-20,2021-06-17,
2482,301012.SZ,扬电科技,江苏省,泰州市,1993-12-31,2021-06-22,
2483,301013.SZ,利和兴,广东省,深圳市,2006-01-09,2021-06-29,
2484,301015.SZ,百洋医药,山东省,青岛市,2005-03-08,2021-06-30,
2485,301016.SZ,雷尔伟,江苏省,南京市,1994-04-24,2021-06-30,
2486,301017.SZ,漱玉平民,山东省,济南市,1999-01-21,2021-07-05,
2487,301018.SZ,申菱环境,广东省,佛山市,2000-07-03,2021-07-07,
2488,301019.SZ,宁波色母,浙江省,宁波市,1999-10-21,2021-06-28,
2489,301020.SZ,密封科技,山东省,烟台市,1991-04-13,2021-07-06,
2490,301021.SZ,英诺激光,广东省,深圳市,2011-11-30,2021-07-06,
2491,301022.SZ,海泰科,山东省,青岛市,2003-11-19,2021-07-02,
2492,301023.SZ,江南奕帆,江苏省,无锡市,2011-06-28,2021-07-07,
2493,301024.SZ,霍普股份,上海,上海市,2008-06-24,2021-07-28,
2494,301025.SZ,读客文化,上海,上海市,2009-05-27,2021-07-19,
2495,301026.SZ,浩通科技,江苏省,徐州市,2005-06-07,2021-07-16,
2496,301027.SZ,华蓝集团,广西壮族自治区,南宁市,2012-05-09,2021-07-15,
2497,301028.SZ,东亚机械,福建省,厦门市,1991-01-18,2021-07-20,
2498,301029.SZ,怡合达,广东省,东莞市,2010-12-06,2021-07-23,
2499,301030.SZ,仕净科技,江苏省,苏州市,2005-04-11,2021-07-22,
2500,301031.SZ,中熔电气,陕西省,西安市,2007-04-20,2021-07-15,
2501,301032.SZ,新柴股份,浙江省,绍兴市,2007-06-15,2021-07-22,
2502,301033.SZ,迈普医学,广东省,广州市,2008-09-02,2021-07-26,
2503,301035.SZ,润丰股份,山东省,潍坊市,2005-06-23,2021-07-28,
2504,301036.SZ,双乐股份,江苏省,兴化市,1994-11-28,2021-07-29,
2505,301037.SZ,保立佳,上海,上海市,2001-08-24,2021-07-30,
2506,301038.SZ,深水规院,广东省,深圳市,2008-04-03,2021-08-04,
2507,301039.SZ,中集车辆,广东省,深圳市,1996-08-29,2021-07-08,
2508,301040.SZ,中环海陆,江苏省,张家港市,2000-01-28,2021-08-03,
2509,301041.SZ,金百泽,广东省,深圳市,1997-05-28,2021-08-11,
2510,301042.SZ,安联锐视,广东省,珠海市,2007-08-06,2021-08-05,
2511,301043.SZ,绿岛风,广东省,台山市,2009-09-07,2021-08-11,
2512,301045.SZ,天禄科技,江苏省,苏州市,2010-11-09,2021-08-13,
2513,301046.SZ,能辉科技,上海,上海市,2009-02-24,2021-08-17,
2514,301047.SZ,义翘神州,北京,北京市,2016-12-22,2021-08-16,
2515,301048.SZ,金鹰重工,湖北省,襄阳市,2001-05-08,2021-08-18,
2516,301049.SZ,超越科技,安徽省,滁州市,2009-07-28,2021-08-24,
2517,301050.SZ,雷电微力,四川省,成都市,2007-09-11,2021-08-24,
2518,301051.SZ,信濠光电,广东省,深圳市,2013-11-26,2021-08-27,
2519,301052.SZ,果麦文化,浙江省,杭州市,2012-06-06,2021-08-30,
2520,301053.SZ,远信工业,浙江省,绍兴市,2010-06-04,2021-09-01,
2521,301055.SZ,张小泉,浙江省,杭州市,2008-09-10,2021-09-06,
2522,301056.SZ,森赫股份,浙江省,湖州市,2007-12-07,2021-09-07,
2523,301057.SZ,汇隆新材,浙江省,湖州市,2004-06-14,2021-09-09,
2524,301058.SZ,中粮科工,江苏省,无锡市,1993-03-31,2021-09-09,
2525,301059.SZ,金三江,广东省,四会市,2003-12-03,2021-09-13,
2526,301060.SZ,兰卫医学,上海,上海市,2007-12-24,2021-09-13,
2527,301061.SZ,匠心家居,江苏省,常州市,2002-05-31,2021-09-13,
2528,301062.SZ,上海艾录,上海,上海市,2006-08-14,2021-09-14,
2529,301063.SZ,海锅股份,江苏省,张家港市,2001-06-08,2021-09-24,
2530,301065.SZ,本立科技,浙江省,临海市,2011-05-13,2021-09-14,
2531,301066.SZ,万事利,浙江省,杭州市,2007-09-13,2021-09-22,
2532,301067.SZ,显盈科技,广东省,深圳市,2011-07-04,2021-09-22,
2533,301068.SZ,大地海洋,浙江省,杭州市,2003-06-20,2021-09-28,
2534,301069.SZ,凯盛新材,山东省,淄博市,2005-12-20,2021-09-27,
2535,301070.SZ,开勒股份,上海,上海市,2010-02-08,2021-09-23,
2536,301071.SZ,力量钻石,河南省,商丘市,2010-11-09,2021-09-24,
2537,301072.SZ,中捷精工,江苏省,无锡市,1998-08-11,2021-09-29,
2538,301073.SZ,君亭酒店,浙江省,杭州市,2007-08-08,2021-09-30,
2539,301075.SZ,多瑞医药,西藏自治区,昌都市,2016-12-22,2021-09-29,
2540,301076.SZ,新瀚新材,江苏省,南京市,2008-07-25,2021-10-11,
2541,301077.SZ,星华新材,浙江省,杭州市,2003-04-03,2021-09-30,
2542,301078.SZ,孩子王,江苏省,南京市,2012-06-01,2021-10-14,
2543,301079.SZ,邵阳液压,湖南省,邵阳市,2004-06-15,2021-10-19,
2544,301080.SZ,百普赛斯,北京,北京市,2010-07-22,2021-10-18,
2545,301081.SZ,严牌股份,浙江省,台州市,2014-05-28,2021-10-20,
2546,301082.SZ,久盛电气,浙江省,湖州市,2004-05-19,2021-10-27,
2547,301083.SZ,百胜智能,江西省,南昌市,1999-01-20,2021-10-21,
2548,301085.SZ,亚康股份,北京,北京市,2007-06-01,2021-10-18,
2549,301086.SZ,鸿富瀚,广东省,深圳市,2008-02-13,2021-10-20,
2550,301087.SZ,可孚医疗,湖南省,长沙市,2009-11-19,2021-10-25,
2551,301088.SZ,戎美股份,江苏省,常熟市,2012-03-13,2021-10-28,
2552,301089.SZ,拓新药业,河南省,新乡市,2005-02-03,2021-10-27,
2553,301090.SZ,华润材料,江苏省,常州市,2003-07-14,2021-10-26,
2554,301091.SZ,深城交,广东省,深圳市,2008-01-14,2021-10-29,
2555,301092.SZ,争光股份,浙江省,杭州市,1996-02-09,2021-11-02,
2556,301093.SZ,华兰股份,江苏省,江阴市,1992-06-04,2021-11-01,
2557,301095.SZ,广立微,浙江省,杭州市,2003-08-12,2022-08-05,
2558,301096.SZ,百诚医药,浙江省,杭州市,2011-06-28,2021-12-20,
2559,301097.SZ,天益医疗,浙江省,宁波市,1998-03-12,2022-04-07,
2560,301098.SZ,金埔园林,江苏省,南京市,1998-06-26,2021-11-12,
2561,301099.SZ,雅创电子,上海,上海市,2008-01-14,2021-11-22,
2562,301100.SZ,风光股份,辽宁省,营口市,2003-11-17,2021-12-17,
2563,301101.SZ,明月镜片,江苏省,丹阳市,2002-09-17,2021-12-16,
2564,301102.SZ,兆讯传媒,天津,天津市,2007-09-30,2022-03-28,
2565,301103.SZ,何氏眼科,辽宁省,沈阳市,2009-10-15,2022-03-22,
2566,301105.SZ,鸿铭股份,广东省,东莞市,2002-11-12,2022-12-30,
2567,301106.SZ,骏成科技,江苏省,句容市,2009-07-16,2022-01-28,
2568,301107.SZ,瑜欣电子,重庆,重庆市,2003-05-29,2022-05-24,
2569,301108.SZ,洁雅股份,安徽省,铜陵市,1999-08-31,2021-12-03,
2570,301109.SZ,军信股份,湖南省,长沙市,2011-09-22,2022-04-13,
2571,301110.SZ,青木股份,广东省,广州市,2009-08-05,2022-03-11,
2572,301111.SZ,粤万年青,广东省,汕头市,1981-03-16,2021-12-07,
2573,301112.SZ,信邦智能,广东省,广州市,2005-07-18,2022-06-29,
2574,301113.SZ,雅艺科技,浙江省,金华市,2005-06-09,2021-12-22,
2575,301115.SZ,建科股份,江苏省,常州市,2003-03-19,2022-08-31,
2576,301116.SZ,益客食品,江苏省,宿迁市,2008-08-07,2022-01-18,
2577,301117.SZ,佳缘科技,四川省,成都市,1994-08-30,2022-01-17,
2578,301118.SZ,恒光股份,湖南省,洪江市,2008-12-18,2021-11-18,
2579,301119.SZ,正强股份,浙江省,杭州市,1997-08-12,2021-11-22,
2580,301120.SZ,新特电气,北京,北京市,1985-03-16,2022-04-19,
2581,301121.SZ,紫建电子,重庆,重庆市,2011-07-08,2022-08-08,
2582,301122.SZ,采纳股份,江苏省,江阴市,2004-07-23,2022-01-26,
2583,301123.SZ,奕东电子,广东省,东莞市,1997-05-14,2022-01-25,
2584,301125.SZ,腾亚精工,江苏省,南京市,2000-08-15,2022-06-08,
2585,301126.SZ,达嘉维康,湖南省,长沙市,2002-10-24,2021-12-07,
2586,301127.SZ,天源环保,湖北省,武汉市,2009-10-21,2021-12-30,
2587,301128.SZ,强瑞技术,广东省,深圳市,2005-08-30,2021-11-10,
2588,301129.SZ,瑞纳智能,安徽省,合肥市,2008-04-09,2021-11-02,
2589,301130.SZ,西点药业,吉林省,磐石市,1990-03-21,2022-02-23,
2590,301131.SZ,聚赛龙,广东省,广州市,1998-01-21,2022-03-14,
2591,301132.SZ,满坤科技,江西省,吉安市,2008-04-09,2022-08-10,
2592,301133.SZ,金钟股份,广东省,广州市,2004-05-31,2021-11-26,
2593,301135.SZ,瑞德智能,广东省,佛山市,1997-02-04,2022-04-12,
2594,301136.SZ,招标股份,福建省,福州市,2016-12-08,2022-01-11,
2595,301137.SZ,哈焊华通,江苏省,常州市,1997-05-30,2022-03-22,
2596,301138.SZ,华研精机,广东省,广州市,2002-05-13,2021-12-15,
2597,301139.SZ,元道通信,新疆维吾尔自治区,乌鲁木齐市,2008-09-12,2022-07-08,
2598,301148.SZ,嘉戎技术,福建省,厦门市,2005-02-28,2022-04-21,
2599,301149.SZ,隆华新材,山东省,淄博市,2011-03-28,2021-11-10,
2600,301150.SZ,中一科技,湖北省,孝感市,2007-09-13,2022-04-21,
2601,301151.SZ,冠龙节能,上海,上海市,1991-07-29,2022-04-11,
2602,301152.SZ,天力锂能,河南省,新乡市,2009-03-05,2022-08-29,
2603,301153.SZ,中科江南,北京,北京市,2011-11-08,2022-05-18,
2604,301155.SZ,海力风电,江苏省,南通市,2009-08-18,2021-11-24,
2605,301156.SZ,美农生物,上海,上海市,1997-10-14,2022-06-17,
2606,301158.SZ,德石股份,山东省,德州市,2004-06-30,2022-01-17,
2607,301159.SZ,三维天地,北京,北京市,1995-07-03,2022-01-07,
2608,301160.SZ,翔楼新材,江苏省,苏州市,2005-12-08,2022-06-06,
2609,301161.SZ,唯万密封,上海,上海市,2008-11-19,2022-09-14,
2610,301162.SZ,国能日新,北京,北京市,2008-02-02,2022-04-29,
2611,301163.SZ,宏德股份,江苏省,南通市,1994-06-13,2022-04-19,
2612,301165.SZ,锐捷网络,福建省,福州市,2003-10-28,2022-11-21,
2613,301166.SZ,优宁维,上海,上海市,2004-10-22,2021-12-28,
2614,301167.SZ,建研设计,安徽省,合肥市,1992-07-11,2021-12-06,
2615,301168.SZ,通灵股份,江苏省,扬中市,1984-07-09,2021-12-10,
2616,301169.SZ,零点有数,北京,北京市,2012-02-13,2021-11-03,
2617,301171.SZ,易点天下,陕西省,西安市,2005-04-06,2022-08-19,
2618,301175.SZ,中科环保,北京,北京市,2012-05-24,2022-07-08,
2619,301176.SZ,逸豪新材,江西省,赣州市,2003-10-22,2022-09-28,
2620,301177.SZ,迪阿股份,广东省,深圳市,2010-04-08,2021-12-15,
2621,301178.SZ,天亿马,广东省,汕头市,1998-07-07,2021-11-12,
2622,301179.SZ,泽宇智能,江苏省,南通市,2011-11-18,2021-12-08,
2623,301180.SZ,万祥科技,江苏省,苏州市,1994-04-15,2021-11-16,
2624,301181.SZ,标榜股份,江苏省,江阴市,2009-07-29,2022-02-21,
2625,301182.SZ,凯旺科技,河南省,周口市,2009-11-04,2021-12-23,
2626,301183.SZ,东田微,湖北省,当阳市,2009-07-24,2022-05-24,
2627,301185.SZ,鸥玛软件,山东省,济南市,2005-02-25,2021-11-19,
2628,301186.SZ,超达装备,江苏省,如皋市,2005-05-19,2021-12-23,
2629,301187.SZ,欧圣电气,江苏省,苏州市,2009-09-25,2022-04-22,
2630,301188.SZ,力诺特玻,山东省,济南市,2002-03-01,2021-11-11,
2631,301189.SZ,奥尼电子,广东省,深圳市,2005-08-09,2021-12-28,
2632,301190.SZ,善水科技,江西省,九江市,2012-05-07,2021-12-24,
2633,301191.SZ,菲菱科思,广东省,深圳市,1999-04-16,2022-05-26,
2634,301192.SZ,泰祥股份,湖北省,十堰市,1997-07-29,2022-08-11,
2635,301193.SZ,家联科技,浙江省,宁波市,2009-08-07,2021-12-09,
2636,301195.SZ,北路智控,江苏省,南京市,2007-08-13,2022-08-01,
2637,301196.SZ,唯科科技,福建省,厦门市,2005-04-04,2022-01-11,
2638,301197.SZ,工大科雅,河北省,石家庄市,2002-11-22,2022-08-08,
2639,301198.SZ,喜悦智行,浙江省,慈溪市,2005-02-03,2021-12-02,
2640,301199.SZ,迈赫股份,山东省,诸城市,2010-01-23,2021-12-07,
2641,301200.SZ,大族数控,广东省,深圳市,2002-04-22,2022-02-28,
2642,301201.SZ,诚达药业,浙江省,嘉兴市,1980-06-30,2022-01-20,
2643,301205.SZ,联特科技,湖北省,武汉市,2011-10-28,2022-09-13,
2644,301206.SZ,三元生物,山东省,滨州市,2007-01-26,2022-02-10,
2645,301207.SZ,华兰疫苗,河南省,新乡市,2005-11-09,2022-02-18,
2646,301208.SZ,中亦科技,北京,北京市,2005-11-04,2022-07-07,
2647,301209.SZ,联合化学,山东省,龙口市,2007-03-12,2022-08-25,
2648,301211.SZ,亨迪药业,湖北省,荆门市,1995-12-29,2021-12-22,
2649,301212.SZ,联盛化学,浙江省,临海市,2007-10-19,2022-04-19,
2650,301213.SZ,观想科技,四川省,成都市,2009-02-11,2021-12-06,
2651,301215.SZ,中汽股份,江苏省,盐城市,2011-03-30,2022-03-08,
2652,301216.SZ,万凯新材,浙江省,海宁市,2008-03-31,2022-03-29,
2653,301217.SZ,铜冠铜箔,安徽省,池州市,2010-10-18,2022-01-27,
2654,301218.SZ,华是科技,浙江省,杭州市,1998-06-02,2022-03-07,
2655,301219.SZ,腾远钴业,江西省,赣州市,2004-03-26,2022-03-17,
2656,301220.SZ,亚香股份,江苏省,昆山市,2001-07-02,2022-06-22,
2657,301221.SZ,光庭信息,湖北省,武汉市,2011-01-17,2021-12-22,
2658,301222.SZ,浙江恒威,浙江省,嘉兴市,1999-01-14,2022-03-09,
2659,301223.SZ,中荣股份,广东省,中山市,1990-04-25,2022-10-26,
2660,301226.SZ,祥明智能,江苏省,常州市,1995-12-22,2022-03-25,
2661,301227.SZ,森鹰窗业,黑龙江省,哈尔滨市,1999-12-22,2022-09-26,
2662,301228.SZ,实朴检测,上海,上海市,2008-01-30,2022-01-28,
2663,301229.SZ,纽泰格,江苏省,淮安市,2010-11-08,2022-02-22,
2664,301230.SZ,泓博医药,上海,上海市,2007-12-14,2022-11-01,
2665,301231.SZ,荣信文化,陕西省,西安市,2006-04-28,2022-09-08,
2666,301233.SZ,盛帮股份,四川省,成都市,2004-06-08,2022-07-06,
2667,301234.SZ,五洲医疗,安徽省,安庆市,2011-04-15,2022-07-05,
2668,301235.SZ,华康医疗,湖北省,武汉市,2008-11-12,2022-01-28,
2669,301236.SZ,软通动力,北京,北京市,2005-11-04,2022-03-15,
2670,301237.SZ,和顺科技,浙江省,杭州市,2003-06-16,2022-03-23,
2671,301238.SZ,瑞泰新材,江苏省,张家港市,2017-04-21,2022-06-17,
2672,301239.SZ,普瑞眼科,四川省,成都市,2006-03-23,2022-07-05,
2673,301248.SZ,杰创智能,广东省,广州市,2008-12-25,2022-04-20,
2674,301255.SZ,通力科技,浙江省,瑞安市,2008-11-04,2022-12-27,
2675,301256.SZ,华融化学,四川省,彭州市,2000-09-07,2022-03-22,
2676,301257.SZ,普蕊斯,上海,上海市,2013-02-22,2022-05-17,
2677,301258.SZ,富士莱,江苏省,常熟市,2000-11-27,2022-03-29,
2678,301259.SZ,艾布鲁,湖南省,长沙市,2013-02-04,2022-04-26,
2679,301260.SZ,格力博,江苏省,常州市,2002-07-02,2023-02-08,
2680,301263.SZ,泰恩康,广东省,汕头市,1999-01-22,2022-03-29,
2681,301265.SZ,华新环保,北京,北京市,2006-10-26,2022-12-16,
2682,301266.SZ,宇邦新材,江苏省,苏州市,2002-08-23,2022-06-08,
2683,301267.SZ,华厦眼科,福建省,厦门市,2004-08-12,2022-11-07,
2684,301268.SZ,铭利达,广东省,深圳市,2004-07-27,2022-04-07,
2685,301269.SZ,华大九天,北京,北京市,2009-05-26,2022-07-29,
2686,301270.SZ,汉仪股份,北京,北京市,1993-09-04,2022-08-31,
2687,301273.SZ,瑞晨环保,上海,上海市,2010-10-26,2022-10-25,
2688,301276.SZ,嘉曼服饰,北京,北京市,1992-09-16,2022-09-09,
2689,301277.SZ,新天地,河南省,长葛市,2005-09-15,2022-11-16,
2690,301278.SZ,快可电子,江苏省,苏州市,2005-03-23,2022-08-04,
2691,301279.SZ,金道科技,浙江省,绍兴市,2003-08-28,2022-04-13,
2692,301280.SZ,珠城科技,浙江省,乐清市,2000-07-03,2022-12-26,
2693,301282.SZ,金禄电子,广东省,清远市,2006-10-19,2022-08-26,
2694,301283.SZ,聚胶股份,广东省,广州市,2012-10-19,2022-09-02,
2695,301285.SZ,鸿日达,江苏省,昆山市,2003-06-27,2022-09-28,
2696,301286.SZ,侨源股份,四川省,都江堰市,2002-09-10,2022-06-14,
2697,301288.SZ,清研环境,广东省,深圳市,2014-07-10,2022-04-22,
2698,301289.SZ,国缆检测,上海,上海市,2004-02-16,2022-06-22,
2699,301290.SZ,东星医疗,江苏省,常州市,2001-02-21,2022-11-30,
2700,301296.SZ,新巨丰,山东省,新泰市,2007-10-18,2022-09-02,
2701,301297.SZ,富乐德,安徽省,铜陵市,2017-12-26,2022-12-30,
2702,301298.SZ,东利机械,河北省,保定市,1998-09-25,2022-06-06,
2703,301299.SZ,卓创资讯,山东省,淄博市,2004-04-22,2022-10-19,
2704,301300.SZ,远翔新材,福建省,邵武市,2006-10-26,2022-08-19,
2705,301301.SZ,川宁生物,新疆维吾尔自治区,伊宁市,2010-12-10,2022-12-27,
2706,301302.SZ,华如科技,北京,北京市,2011-11-23,2022-06-23,
2707,301303.SZ,真兰仪表,上海,上海市,2011-11-29,2023-02-20,
2708,301306.SZ,西测测试,陕西省,西安市,2010-06-01,2022-07-26,
2709,301308.SZ,江波龙,广东省,深圳市,1999-04-27,2022-08-05,
2710,301309.SZ,万得凯,浙江省,玉环市,2016-10-31,2022-09-19,
2711,301311.SZ,昆船智能,云南省,昆明市,1998-03-26,2022-11-30,
2712,301312.SZ,智立方,广东省,深圳市,2011-07-07,2022-07-11,
2713,301313.SZ,凡拓数创,广东省,广州市,2002-09-24,2022-09-30,
2714,301316.SZ,慧博云通,浙江省,杭州市,2009-03-30,2022-10-13,
2715,301317.SZ,鑫磊股份,浙江省,温岭市,2006-12-31,2023-01-19,
2716,301318.SZ,维海德,广东省,深圳市,2008-05-29,2022-08-10,
2717,301319.SZ,唯特偶,广东省,深圳市,1998-01-19,2022-09-29,
2718,301321.SZ,翰博高新,安徽省,合肥市,2009-12-02,2022-08-18,
2719,301322.SZ,C绿通,广东省,东莞市,2004-05-11,2023-03-06,
2720,301326.SZ,捷邦科技,广东省,东莞市,2007-06-28,2022-09-21,
2721,301327.SZ,华宝新能,广东省,深圳市,2011-07-25,2022-09-19,
2722,301328.SZ,维峰电子,广东省,东莞市,2002-11-29,2022-09-08,
2723,301330.SZ,熵基科技,广东省,东莞市,2007-12-14,2022-08-17,
2724,301331.SZ,恩威医药,西藏自治区,昌都市,2005-05-19,2022-09-21,
2725,301333.SZ,诺思格,北京,北京市,2008-08-22,2022-08-02,
2726,301335.SZ,天元宠物,浙江省,杭州市,2003-06-11,2022-11-18,
2727,301336.SZ,趣睡科技,四川省,成都市,2014-10-22,2022-08-12,
2728,301338.SZ,凯格精机,广东省,东莞市,2005-05-08,2022-08-16,
2729,301339.SZ,通行宝,江苏省,南京市,2016-11-02,2022-09-09,
2730,301349.SZ,信德新材,辽宁省,辽阳市,2000-11-07,2022-09-09,
2731,301356.SZ,天振股份,浙江省,湖州市,2003-01-16,2022-11-14,
2732,301358.SZ,湖南裕能,湖南省,湘潭市,2016-06-23,2023-02-09,
2733,301359.SZ,东南电子,浙江省,乐清市,1995-08-25,2022-11-09,
2734,301361.SZ,众智科技,河南省,郑州市,2003-05-08,2022-11-16,
2735,301363.SZ,美好医疗,广东省,深圳市,2010-07-15,2022-10-12,
2736,301365.SZ,矩阵股份,广东省,深圳市,2010-03-03,2022-11-22,
2737,301366.SZ,一博科技,广东省,深圳市,2003-03-24,2022-09-26,
2738,301367.SZ,怡和嘉业,北京,北京市,2001-07-27,2022-11-01,
2739,301368.SZ,丰立智能,浙江省,台州市,1995-04-23,2022-12-15,
2740,301369.SZ,联动科技,广东省,佛山市,1998-12-07,2022-09-22,
2741,301373.SZ,凌玮科技,广东省,广州市,2007-06-14,2023-02-08,
2742,301377.SZ,鼎泰高科,广东省,东莞市,2013-08-08,2022-11-22,
2743,301379.SZ,天山电子,广西壮族自治区,钦州市,2005-08-26,2022-11-01,
2744,301380.SZ,挖金客,北京,北京市,2011-02-24,2022-10-25,
2745,301388.SZ,欣灵电气,浙江省,乐清市,1999-03-31,2022-11-09,
2746,301389.SZ,隆扬电子,江苏省,昆山市,2000-03-13,2022-10-31,
2747,301391.SZ,卡莱特,广东省,深圳市,2012-01-06,2022-12-01,
2748,301396.SZ,宏景科技,广东省,广州市,1997-03-07,2022-11-11,
2749,301398.SZ,星源卓镁,浙江省,宁波市,2003-07-16,2022-12-15,
2750,301408.SZ,华人健康,安徽省,合肥市,2001-06-29,2023-03-01,
2751,301419.SZ,阿莱德,上海,上海市,2004-06-01,2023-02-09,
2752,430047.BJ,诺思兰德,北京,北京市,2004-06-03,2020-11-24,
2753,430090.BJ,同辉信息,北京,北京市,2008-07-31,2021-08-09,
2754,430139.BJ,华岭股份,上海,上海市,2001-04-28,2022-10-28,
2755,430198.BJ,微创光电,湖北省,武汉市,2001-08-15,2020-07-27,
2756,430300.BJ,辰光医疗,上海,上海市,2004-08-03,2022-12-07,
2757,430418.BJ,苏轴股份,江苏省,苏州市,1980-11-29,2020-07-27,
2758,430425.BJ,乐创技术,四川省,成都市,2007-10-18,2023-01-30,
2759,430476.BJ,海能技术,山东省,济南市,2006-11-29,2022-10-14,
2760,430478.BJ,峆一药业,安徽省,天长市,2007-10-25,2023-02-23,
2761,430489.BJ,佳先股份,安徽省,蚌埠市,2006-04-25,2020-07-27,
2762,430510.BJ,丰光精密,山东省,胶州市,2001-07-19,2020-12-28,
2763,430564.BJ,天润科技,陕西省,西安市,1999-04-09,2022-06-17,
2764,430685.BJ,新芝生物,浙江省,宁波市,2001-11-21,2022-10-10,
2765,430718.BJ,合肥高科,安徽省,合肥市,2009-07-14,2022-12-22,
2766,600000.SH,浦发银行,上海,上海市,1992-10-19,1999-11-10,
2767,600004.SH,白云机场,广东省,广州市,2000-09-19,2003-04-28,
2768,600006.SH,东风汽车,湖北省,襄阳市,1999-07-21,1999-07-27,
2769,600007.SH,中国国贸,北京,北京市,1997-10-15,1999-03-12,
2770,600008.SH,首创环保,北京,北京市,1999-08-31,2000-04-27,
2771,600009.SH,上海机场,上海,上海市,1998-02-11,1998-02-18,
2772,600010.SH,包钢股份,内蒙古自治区,包头市,1999-06-29,2001-03-09,
2773,600011.SH,华能国际,北京,北京市,1994-06-30,2001-12-06,
2774,600012.SH,皖通高速,安徽省,合肥市,1996-08-15,2003-01-07,
2775,600015.SH,华夏银行,北京,北京市,1992-10-14,2003-09-12,
2776,600016.SH,民生银行,北京,北京市,1996-02-07,2000-12-19,
2777,600017.SH,日照港,山东省,日照市,2002-07-15,2006-10-17,
2778,600018.SH,上港集团,上海,上海市,1988-10-21,2006-10-26,
2779,600019.SH,宝钢股份,上海,上海市,2000-02-03,2000-12-12,
2780,600020.SH,中原高速,河南省,郑州市,2000-12-28,2003-08-08,
2781,600021.SH,上海电力,上海,上海市,1998-06-04,2003-10-29,
2782,600022.SH,山东钢铁,山东省,济南市,2000-12-29,2004-06-29,
2783,600023.SH,浙能电力,浙江省,杭州市,1992-03-14,2013-12-19,
2784,600025.SH,华能水电,云南省,昆明市,2001-02-08,2017-12-15,
2785,600026.SH,中远海能,上海,上海市,1996-07-26,2002-05-23,
2786,600027.SH,华电国际,山东省,济南市,1994-06-28,2005-02-03,
2787,600028.SH,中国石化,北京,北京市,2000-02-25,2001-08-08,
2788,600029.SH,南方航空,广东省,广州市,1995-03-25,2003-07-25,
2789,600030.SH,中信证券,广东省,深圳市,1995-10-25,2003-01-06,
2790,600031.SH,三一重工,北京,北京市,1994-11-22,2003-07-03,
2791,600032.SH,浙江新能,浙江省,杭州市,2002-08-01,2021-05-25,
2792,600033.SH,福建高速,福建省,福州市,1999-06-28,2001-02-09,
2793,600035.SH,楚天高速,湖北省,武汉市,2000-11-22,2004-03-10,
2794,600036.SH,招商银行,广东省,深圳市,1987-03-31,2002-04-09,
2795,600037.SH,歌华有线,北京,北京市,1999-09-29,2001-02-08,
2796,600038.SH,中直股份,黑龙江省,哈尔滨市,1999-07-30,2000-12-18,
2797,600039.SH,四川路桥,四川省,成都市,1999-12-28,2003-03-25,
2798,600048.SH,保利发展,广东省,广州市,1992-09-14,2006-07-31,
2799,600050.SH,中国联通,北京,北京市,2001-12-31,2002-10-09,
2800,600051.SH,宁波联合,浙江省,宁波市,1994-03-31,1997-04-10,
2801,600052.SH,东望时代,浙江省,东阳市,1993-07-13,1997-04-15,
2802,600053.SH,九鼎投资,江西省,南昌市,1997-04-14,1997-04-18,
2803,600054.SH,黄山旅游,安徽省,黄山市,1996-11-18,1997-05-06,
2804,600055.SH,万东医疗,北京,北京市,1997-05-12,1997-05-19,
2805,600056.SH,中国医药,北京,北京市,1997-05-08,1997-05-15,
2806,600057.SH,厦门象屿,福建省,厦门市,1997-05-23,1997-06-04,
2807,600058.SH,五矿发展,北京,北京市,1997-05-21,1997-05-28,
2808,600059.SH,古越龙山,浙江省,绍兴市,1997-05-08,1997-05-16,
2809,600060.SH,海信视像,山东省,青岛市,1997-04-17,1997-04-22,
2810,600061.SH,国投资本,上海,上海市,1997-05-13,1997-05-19,
2811,600062.SH,华润双鹤,北京,北京市,1997-05-16,1997-05-22,
2812,600063.SH,皖维高新,安徽省,巢湖市,1997-05-23,1997-05-28,
2813,600064.SH,南京高科,江苏省,南京市,1992-07-08,1997-05-06,
2814,600066.SH,宇通客车,河南省,郑州市,1997-01-08,1997-05-08,
2815,600067.SH,冠城大通,福建省,福州市,1988-04-03,1997-05-08,
2816,600070.SH,浙江富润,浙江省,诸暨市,1994-05-19,1997-06-04,
2817,600071.SH,凤凰光学,江西省,上饶市,1997-05-23,1997-05-28,
2818,600072.SH,中船科技,上海,上海市,1997-05-28,1997-06-03,
2819,600073.SH,上海梅林,上海,上海市,1997-06-27,1997-07-04,
2820,600075.SH,新疆天业,新疆维吾尔自治区,石河子市,1997-06-09,1997-06-17,
2821,600076.SH,康欣新材,山东省,潍坊市,1993-09-01,1997-05-26,
2822,600077.SH,宋都股份,浙江省,杭州市,1999-03-22,1997-05-20,
2823,600078.SH,ST澄星,江苏省,江阴市,1994-06-28,1997-06-27,
2824,600079.SH,人福医药,湖北省,武汉市,1993-03-30,1997-06-06,
2825,600080.SH,金花股份,陕西省,西安市,1996-02-14,1997-06-12,
2826,600081.SH,东风科技,上海,上海市,1998-04-29,1997-07-03,
2827,600082.SH,海泰发展,天津,天津市,1993-01-05,1997-06-20,
2828,600083.SH,博信股份,江苏省,苏州市,1993-05-08,1997-06-06,
2829,600084.SH,中葡股份,新疆维吾尔自治区,乌鲁木齐市,1997-07-07,1997-07-11,
2830,600085.SH,同仁堂,北京,北京市,1997-06-18,1997-06-25,
2831,600088.SH,中视传媒,上海,上海市,2002-05-31,1997-06-16,
2832,600089.SH,特变电工,新疆维吾尔自治区,昌吉市,1993-02-26,1997-06-18,
2833,600094.SH,大名城,上海,上海市,1996-07-18,1997-07-03,
2834,600095.SH,湘财股份,黑龙江省,哈尔滨市,1994-03-25,1997-07-08,
2835,600096.SH,云天化,云南省,昆明市,1997-07-02,1997-07-09,
2836,600097.SH,开创国际,上海,上海市,1993-10-11,1997-06-19,
2837,600098.SH,广州发展,广东省,广州市,1992-11-13,1997-07-18,
2838,600099.SH,林海股份,江苏省,泰州市,1997-06-28,1997-07-04,
2839,600100.SH,同方股份,北京,北京市,1997-06-25,1997-06-27,
2840,600101.SH,明星电力,四川省,遂宁市,1988-04-29,1997-06-27,
2841,600103.SH,青山纸业,福建省,福州市,1993-04-01,1997-07-03,
2842,600104.SH,上汽集团,上海,上海市,1984-04-16,1997-11-25,
2843,600105.SH,永鼎股份,江苏省,苏州市,1994-06-30,1997-09-29,
2844,600106.SH,重庆路桥,重庆,重庆市,1997-06-13,1997-06-18,
2845,600107.SH,美尔雅,湖北省,黄石市,1993-12-31,1997-11-06,
2846,600108.SH,亚盛集团,甘肃省,兰州市,1995-12-06,1997-08-18,
2847,600109.SH,国金证券,四川省,成都市,1996-12-20,1997-08-07,
2848,600110.SH,诺德股份,吉林省,长春市,1989-08-23,1997-10-07,
2849,600111.SH,北方稀土,内蒙古自治区,包头市,1997-09-12,1997-09-24,
2850,600112.SH,ST天成,贵州省,遵义市,1997-11-13,1997-11-27,
2851,600113.SH,浙江东日,浙江省,温州市,1997-10-06,1997-10-21,
2852,600114.SH,东睦股份,浙江省,宁波市,1994-07-11,2004-05-11,
2853,600115.SH,中国东航,上海,上海市,1995-04-14,1997-11-05,
2854,600116.SH,三峡水利,重庆,重庆市,1994-04-28,1997-08-04,
2855,600117.SH,西宁特钢,青海省,西宁市,1997-10-08,1997-10-15,
2856,600118.SH,中国卫星,北京,北京市,1997-08-21,1997-09-08,
2857,600119.SH,长江投资,上海,上海市,1997-11-28,1998-01-15,
2858,600120.SH,浙江东方,浙江省,杭州市,1994-10-26,1997-12-01,
2859,600121.SH,郑州煤电,河南省,郑州市,1997-11-13,1998-01-07,
2860,600122.SH,ST宏图,江苏省,南京市,1998-04-17,1998-04-20,
2861,600123.SH,兰花科创,山西省,晋城市,1998-12-08,1998-12-17,
2862,600125.SH,铁龙物流,辽宁省,大连市,1993-02-16,1998-05-11,
2863,600126.SH,杭钢股份,浙江省,杭州市,1998-02-25,1998-03-11,
2864,600127.SH,金健米业,湖南省,常德市,1998-04-27,1998-05-06,
2865,600128.SH,弘业股份,江苏省,南京市,1994-06-30,1997-09-01,
2866,600129.SH,太极集团,重庆,重庆市,1979-11-26,1997-11-18,
2867,600130.SH,波导股份,浙江省,宁波市,1995-07-27,2000-07-06,
2868,600131.SH,国网信通,四川省,阿坝藏族羌族自治州,1997-01-05,1998-04-02,
2869,600132.SH,重庆啤酒,重庆,重庆市,1993-12-20,1997-10-30,
2870,600133.SH,东湖高新,湖北省,武汉市,1993-03-19,1998-02-12,
2871,600135.SH,乐凯胶片,河北省,保定市,1998-01-16,1998-01-22,
2872,600136.SH,ST明诚,湖北省,武汉市,1992-10-31,1998-03-03,
2873,600137.SH,浪莎股份,四川省,宜宾市,1996-12-26,1998-04-16,
2874,600138.SH,中青旅,北京,北京市,1997-11-25,1997-12-03,
2875,600139.SH,*ST西源,四川省,绵阳市,1997-12-02,1998-02-25,
2876,600141.SH,兴发集团,湖北省,宜昌市,1994-08-17,1999-06-16,
2877,600143.SH,金发科技,广东省,广州市,1993-05-26,2004-06-23,
2878,600148.SH,长春一东,吉林省,长春市,1998-05-07,1998-05-20,
2879,600149.SH,廊坊发展,河北省,廊坊市,1993-08-17,1999-10-14,
2880,600150.SH,中国船舶,上海,上海市,1998-05-12,1998-05-20,
2881,600151.SH,航天机电,上海,上海市,1998-05-28,1998-06-05,
2882,600152.SH,维科技术,浙江省,宁波市,1993-07-28,1998-06-09,
2883,600153.SH,建发股份,福建省,厦门市,1998-06-10,1998-06-16,
2884,600155.SH,华创阳安,北京,北京市,1998-07-21,1998-09-18,
2885,600156.SH,华升股份,湖南省,长沙市,1998-05-19,1998-05-27,
2886,600157.SH,永泰能源,山西省,晋中市,1992-07-30,1998-05-13,
2887,600158.SH,中体产业,天津,天津市,1998-03-13,1998-03-27,
2888,600159.SH,大龙地产,北京,北京市,1998-05-08,1998-05-26,
2889,600160.SH,巨化股份,浙江省,衢州市,1998-06-17,1998-06-26,
2890,600161.SH,天坛生物,北京,北京市,1998-06-08,1998-06-16,
2891,600162.SH,香江控股,广东省,深圳市,1994-01-30,1998-06-09,
2892,600163.SH,中闽能源,福建省,福州市,1998-05-26,1998-06-02,
2893,600165.SH,宁科生物,宁夏回族自治区,石嘴山市,1998-05-14,1998-05-29,
2894,600166.SH,福田汽车,北京,北京市,1996-08-28,1998-06-02,
2895,600167.SH,联美控股,辽宁省,沈阳市,1999-01-25,1999-01-28,
2896,600168.SH,武汉控股,湖北省,武汉市,1998-04-17,1998-04-27,
2897,600169.SH,太原重工,山西省,太原市,1998-07-06,1998-09-04,
2898,600170.SH,上海建工,上海,上海市,1998-06-15,1998-06-23,
2899,600171.SH,上海贝岭,上海,上海市,1988-09-10,1998-09-24,
2900,600172.SH,黄河旋风,河南省,长葛市,1998-11-03,1998-11-26,
2901,600173.SH,卧龙地产,浙江省,绍兴市,1993-07-17,1999-04-15,
2902,600176.SH,中国巨石,浙江省,桐乡市,1999-04-16,1999-04-22,
2903,600177.SH,雅戈尔,浙江省,宁波市,1993-06-25,1998-11-19,
2904,600178.SH,东安动力,黑龙江省,哈尔滨市,1998-10-08,1998-10-14,
2905,600179.SH,安通控股,黑龙江省,齐齐哈尔市,1998-10-30,1998-11-04,
2906,600180.SH,瑞茂通,山东省,烟台市,1998-06-25,1998-07-03,
2907,600182.SH,S*ST佳通,黑龙江省,牡丹江市,1993-06-08,1999-05-07,
2908,600183.SH,生益科技,广东省,东莞市,1985-06-27,1998-10-28,
2909,600184.SH,光电股份,湖北省,襄阳市,2000-08-31,2003-11-06,
2910,600185.SH,格力地产,广东省,珠海市,1999-06-09,1999-06-11,
2911,600186.SH,莲花健康,河南省,项城市,1998-07-02,1998-08-25,
2912,600187.SH,国中水务,黑龙江省,哈尔滨市,1998-11-03,1998-11-11,
2913,600188.SH,兖矿能源,山东省,邹城市,1997-09-25,1998-07-01,
2914,600189.SH,泉阳泉,吉林省,长春市,1998-09-29,1998-10-07,
2915,600190.SH,锦州港,辽宁省,锦州市,1993-02-09,1999-06-09,
2916,600191.SH,华资实业,内蒙古自治区,包头市,1998-11-30,1998-12-10,
2917,600192.SH,长城电工,甘肃省,兰州市,1998-12-10,1998-12-24,
2918,600193.SH,创兴资源,上海,上海市,1996-08-25,1999-05-27,
2919,600195.SH,中牧股份,北京,北京市,1998-12-25,1999-01-07,
2920,600196.SH,复星医药,上海,上海市,1995-05-31,1998-08-07,
2921,600197.SH,伊力特,新疆维吾尔自治区,可克达拉市,1999-05-27,1999-09-16,
2922,600198.SH,大唐电信,北京,北京市,1998-09-21,1998-10-21,
2923,600199.SH,金种子酒,安徽省,阜阳市,1998-07-23,1998-08-12,
2924,600200.SH,江苏吴中,江苏省,苏州市,1994-06-28,1999-04-01,
2925,600201.SH,生物股份,内蒙古自治区,呼和浩特市,1993-03-13,1999-01-15,
2926,600202.SH,哈空调,黑龙江省,哈尔滨市,1993-06-25,1999-06-03,
2927,600203.SH,福日电子,福建省,福州市,1999-05-07,1999-05-14,
2928,600206.SH,有研新材,北京,北京市,1999-03-12,1999-03-19,
2929,600207.SH,安彩高科,河南省,安阳市,1998-09-21,1999-07-14,
2930,600208.SH,新湖中宝,浙江省,衢州市,1993-02-23,1999-06-23,
2931,600210.SH,紫江企业,上海,上海市,1988-11-23,1999-08-24,
2932,600211.SH,西藏药业,西藏自治区,拉萨市,1999-07-14,1999-07-21,
2933,600212.SH,绿能慧充,山东省,临沂市,1992-12-14,1999-08-17,
2934,600213.SH,亚星客车,江苏省,扬州市,1998-09-28,1999-08-31,
2935,600215.SH,派斯林,吉林省,长春市,1993-06-26,1999-09-09,
2936,600216.SH,浙江医药,浙江省,绍兴市,1997-05-16,1999-10-21,
2937,600217.SH,中再资环,陕西省,铜川市,1996-11-06,1999-12-16,
2938,600218.SH,全柴动力,安徽省,滁州市,1998-11-24,1998-12-03,
2939,600219.SH,南山铝业,山东省,龙口市,1993-03-18,1999-12-23,
2940,600220.SH,江苏阳光,江苏省,江阴市,1994-02-18,1999-09-27,
2941,600221.SH,海航控股,海南省,海口市,1995-12-29,1999-11-25,
2942,600222.SH,太龙药业,河南省,郑州市,1998-08-31,1999-11-05,
2943,600223.SH,鲁商发展,山东省,淄博市,1993-04-21,2000-01-13,
2944,600225.SH,卓朗科技,天津,天津市,2001-12-21,2000-01-27,
2945,600226.SH,ST瀚叶,浙江省,湖州市,1999-05-11,1999-11-16,
2946,600227.SH,圣济堂,贵州省,清镇市,1998-08-28,2000-02-21,
2947,600228.SH,返利科技,江西省,赣州市,1999-01-15,1999-01-19,
2948,600229.SH,城市传媒,山东省,青岛市,1994-06-14,2000-03-09,
2949,600230.SH,沧州大化,河北省,沧州市,1998-09-24,2000-04-06,
2950,600231.SH,凌钢股份,辽宁省,凌源市,1994-05-04,2000-05-11,
2951,600232.SH,金鹰股份,浙江省,舟山市,1994-09-23,2000-06-02,
2952,600233.SH,圆通速递,辽宁省,大连市,1992-12-22,2000-06-08,
2953,600234.SH,科新发展,山西省,太原市,1993-03-31,2000-06-15,
2954,600235.SH,民丰特纸,浙江省,嘉兴市,1998-11-12,2000-06-15,
2955,600236.SH,桂冠电力,广西壮族自治区,南宁市,1992-09-04,2000-03-23,
2956,600237.SH,铜峰电子,安徽省,铜陵市,1996-08-08,2000-06-09,
2957,600238.SH,海南椰岛,海南省,海口市,1992-03-03,2000-01-20,
2958,600239.SH,ST云城,云南省,昆明市,1997-04-21,1999-12-02,
2959,600241.SH,ST时万,辽宁省,大连市,1999-03-29,2000-11-28,
2960,600242.SH,*ST中昌,广东省,阳江市,1993-06-03,2000-12-07,
2961,600243.SH,青海华鼎,青海省,西宁市,1998-08-18,2000-11-20,
2962,600246.SH,万通发展,北京,北京市,1998-12-30,2000-09-22,
2963,600248.SH,陕西建工,陕西省,西安市,1998-11-30,2000-06-22,
2964,600249.SH,两面针,广西壮族自治区,柳州市,1996-12-05,2004-01-30,
2965,600250.SH,南纺股份,江苏省,南京市,1992-06-30,2001-03-06,
2966,600251.SH,冠农股份,新疆维吾尔自治区,铁门关市,1999-12-30,2003-06-09,
2967,600252.SH,中恒集团,广西壮族自治区,梧州市,1993-07-28,2000-11-30,
2968,600255.SH,鑫科材料,安徽省,芜湖市,1998-09-28,2000-11-22,
2969,600256.SH,广汇能源,新疆维吾尔自治区,乌鲁木齐市,1999-04-10,2000-05-26,
2970,600257.SH,大湖股份,湖南省,常德市,1999-01-18,2000-06-12,
2971,600258.SH,首旅酒店,北京,北京市,1999-02-12,2000-06-01,
2972,600259.SH,广晟有色,海南省,海口市,1993-06-18,2000-05-25,
2973,600261.SH,阳光照明,浙江省,绍兴市,1997-07-16,2000-07-20,
2974,600262.SH,北方股份,内蒙古自治区,包头市,1988-04-26,2000-06-30,
2975,600265.SH,ST景谷,云南省,普洱市,1999-03-09,2000-08-25,
2976,600266.SH,城建发展,北京,北京市,1998-12-30,1999-02-03,
2977,600267.SH,海正药业,浙江省,台州市,1998-02-11,2000-07-25,
2978,600268.SH,国电南自,江苏省,南京市,1999-09-22,1999-11-18,
2979,600269.SH,赣粤高速,江西省,南昌市,1998-03-31,2000-05-18,
2980,600271.SH,航天信息,北京,北京市,2000-11-01,2003-07-11,
2981,600272.SH,开开实业,上海,上海市,1997-08-04,2001-02-28,
2982,600273.SH,嘉化能源,浙江省,平湖市,1998-04-03,2003-06-27,
2983,600276.SH,恒瑞医药,江苏省,连云港市,1997-04-28,2000-10-18,
2984,600277.SH,亿利洁能,内蒙古自治区,鄂尔多斯市,1999-01-27,2000-07-25,
2985,600278.SH,东方创业,上海,上海市,1998-11-18,2000-07-12,
2986,600279.SH,重庆港,重庆,重庆市,1999-01-08,2000-07-31,
2987,600280.SH,中央商场,江苏省,南京市,1991-06-22,2000-09-26,
2988,600281.SH,华阳新材,山西省,太原市,1999-02-26,2000-11-09,
2989,600282.SH,南钢股份,江苏省,南京市,1999-03-18,2000-09-19,
2990,600283.SH,钱江水利,浙江省,杭州市,1998-12-30,2000-10-18,
2991,600284.SH,浦东建设,上海,上海市,1998-01-09,2004-03-16,
2992,600285.SH,羚锐制药,河南省,信阳市,1999-04-18,2000-10-18,
2993,600287.SH,江苏舜天,江苏省,南京市,1981-10-21,2000-09-01,
2994,600288.SH,大恒科技,北京,北京市,1998-12-14,2000-11-29,
2995,600289.SH,ST信通,黑龙江省,哈尔滨市,1995-01-18,2000-07-20,
2996,600290.SH,ST华仪,浙江省,乐清市,1998-12-31,2000-11-06,
2997,600292.SH,远达环保,重庆,重庆市,1994-06-30,2000-11-01,
2998,600293.SH,三峡新材,湖北省,当阳市,1993-03-26,2000-09-19,
2999,600295.SH,鄂尔多斯,内蒙古自治区,鄂尔多斯市,1995-10-15,2001-04-26,
3000,600297.SH,广汇汽车,辽宁省,大连市,1999-07-30,2000-11-16,
3001,600298.SH,安琪酵母,湖北省,宜昌市,1998-03-25,2000-08-18,
3002,600299.SH,安迪苏,北京,北京市,1999-05-31,2000-04-20,
3003,600300.SH,维维股份,江苏省,徐州市,1994-05-12,2000-06-30,
3004,600301.SH,南化股份,广西壮族自治区,南宁市,1998-06-15,2000-07-12,
3005,600302.SH,标准股份,陕西省,西安市,1999-05-28,2000-12-13,
3006,600303.SH,ST曙光,辽宁省,丹东市,1995-12-11,2000-12-26,
3007,600305.SH,恒顺醋业,江苏省,镇江市,1993-02-05,2001-02-06,
3008,600306.SH,ST商城,辽宁省,沈阳市,1999-07-26,2000-12-26,
3009,600307.SH,酒钢宏兴,甘肃省,嘉峪关市,1999-04-21,2000-12-20,
3010,600308.SH,华泰股份,山东省,东营市,1993-06-06,2000-09-28,
3011,600309.SH,万华化学,山东省,烟台市,1998-12-16,2001-01-05,
3012,600310.SH,桂东电力,广西壮族自治区,贺州市,1998-12-04,2001-02-28,
3013,600311.SH,*ST荣华,甘肃省,武威市,1998-11-12,2001-06-26,
3014,600312.SH,平高电气,河南省,平顶山市,1999-07-12,2001-02-21,
3015,600313.SH,农发种业,北京,北京市,1999-08-13,2001-01-19,
3016,600315.SH,上海家化,上海,上海市,1995-12-01,2001-03-15,
3017,600316.SH,洪都航空,江西省,南昌市,1999-12-16,2000-12-15,
3018,600318.SH,新力金融,安徽省,巢湖市,2007-06-27,2000-12-08,
3019,600319.SH,亚星化学,山东省,潍坊市,1994-08-11,2001-03-26,
3020,600320.SH,振华重工,上海,上海市,1992-02-14,2000-12-21,
3021,600321.SH,正源股份,四川省,成都市,1993-05-22,2001-05-24,
3022,600322.SH,天房发展,天津,天津市,1993-02-25,2001-09-10,
3023,600323.SH,瀚蓝环境,广东省,佛山市,1992-12-17,2000-12-25,
3024,600325.SH,华发股份,广东省,珠海市,1992-08-18,2004-02-25,
3025,600326.SH,西藏天路,西藏自治区,拉萨市,1999-03-29,2001-01-16,
3026,600327.SH,大东方,江苏省,无锡市,1998-01-20,2002-06-25,
3027,600328.SH,中盐化工,内蒙古自治区,阿拉善盟,1998-12-31,2000-12-22,
3028,600329.SH,达仁堂,天津,天津市,1981-12-29,2001-06-06,
3029,600330.SH,天通股份,浙江省,海宁市,1999-02-10,2001-01-18,
3030,600331.SH,宏达股份,四川省,什邡市,1994-06-30,2001-12-20,
3031,600332.SH,白云山,广东省,广州市,1997-09-01,2001-02-06,
3032,600333.SH,长春燃气,吉林省,长春市,1993-06-08,2000-12-11,
3033,600335.SH,国机汽车,天津,天津市,1999-03-26,2001-03-05,
3034,600336.SH,澳柯玛,山东省,青岛市,1998-12-28,2000-12-29,
3035,600337.SH,美克家居,江西省,赣州市,1995-08-16,2000-11-27,
3036,600338.SH,西藏珠峰,西藏自治区,拉萨市,1998-11-30,2000-12-27,
3037,600339.SH,中油工程,新疆维吾尔自治区,克拉玛依市,1999-04-28,2000-12-25,
3038,600340.SH,华夏幸福,河北省,廊坊市,1993-05-28,2003-12-30,
3039,600343.SH,航天动力,陕西省,西安市,1999-12-24,2003-04-08,
3040,600345.SH,长江通信,湖北省,武汉市,1996-01-02,2000-12-22,
3041,600346.SH,恒力石化,辽宁省,瓦房店市,1999-03-09,2001-08-20,
3042,600348.SH,华阳股份,山西省,阳泉市,1999-12-30,2003-08-21,
3043,600350.SH,山东高速,山东省,济南市,1999-11-16,2002-03-18,
3044,600351.SH,亚宝药业,山西省,运城市,1999-01-26,2002-09-26,
3045,600352.SH,浙江龙盛,浙江省,绍兴市,1998-03-23,2003-08-01,
3046,600353.SH,旭光电子,四川省,成都市,1994-02-28,2002-11-20,
3047,600354.SH,敦煌种业,甘肃省,酒泉市,1998-12-28,2004-01-15,
3048,600355.SH,精伦电子,湖北省,武汉市,1994-12-14,2002-06-13,
3049,600356.SH,恒丰纸业,黑龙江省,牡丹江市,1994-03-06,2001-04-19,
3050,600358.SH,国旅联合,江西省,南昌市,1998-12-29,2000-09-22,
3051,600359.SH,新农开发,新疆维吾尔自治区,阿拉尔市,1999-04-23,1999-04-29,
3052,600360.SH,华微电子,吉林省,吉林市,1999-10-21,2001-03-16,
3053,600361.SH,创新新材,北京,北京市,1996-06-07,2001-11-29,
3054,600362.SH,江西铜业,江西省,贵溪市,1997-01-24,2002-01-11,
3055,600363.SH,联创光电,江西省,南昌市,1999-06-30,2001-03-29,
3056,600365.SH,ST通葡,吉林省,通化市,1999-01-27,2001-01-15,
3057,600366.SH,宁波韵升,浙江省,宁波市,1994-06-30,2000-10-30,
3058,600367.SH,红星发展,贵州省,安顺市,1999-05-02,2001-03-20,
3059,600368.SH,五洲交通,广西壮族自治区,南宁市,1992-12-31,2000-12-21,
3060,600369.SH,西南证券,重庆,重庆市,1990-06-07,2001-01-09,
3061,600370.SH,三房巷,江苏省,江阴市,1994-06-13,2003-03-06,
3062,600371.SH,万向德农,黑龙江省,哈尔滨市,1995-09-13,2002-09-16,
3063,600372.SH,中航电子,北京,北京市,1999-11-26,2001-07-06,
3064,600373.SH,中文传媒,江西省,上饶市,1998-11-30,2002-03-04,
3065,600375.SH,汉马科技,安徽省,马鞍山市,1999-12-12,2003-04-01,
3066,600376.SH,首开股份,北京,北京市,1993-12-29,2001-03-12,
3067,600377.SH,宁沪高速,江苏省,南京市,1992-08-01,2001-01-16,
3068,600378.SH,昊华科技,四川省,成都市,1999-08-05,2001-01-11,
3069,600379.SH,宝光股份,陕西省,宝鸡市,1997-12-31,2002-01-16,
3070,600380.SH,健康元,广东省,深圳市,1992-12-18,2001-06-08,
3071,600381.SH,青海春天,青海省,西宁市,1998-08-28,2001-05-08,
3072,600382.SH,ST广珠,广东省,兴宁市,1994-04-21,2001-01-18,
3073,600383.SH,金地集团,广东省,深圳市,1988-01-20,2001-04-12,
3074,600386.SH,北巴传媒,北京,北京市,1999-06-18,2001-02-16,
3075,600387.SH,海越能源,浙江省,诸暨市,1993-07-26,2004-02-18,
3076,600388.SH,ST龙净,福建省,龙岩市,1998-02-23,2000-12-29,
3077,600389.SH,江山股份,江苏省,南通市,1990-10-18,2001-01-10,
3078,600390.SH,五矿资本,湖南省,长沙市,1999-08-31,2001-01-15,
3079,600391.SH,航发科技,四川省,成都市,1999-12-28,2001-12-12,
3080,600392.SH,盛和资源,四川省,成都市,1998-07-01,2003-05-29,
3081,600393.SH,粤泰股份,广东省,广州市,1983-06-15,2001-03-19,
3082,600395.SH,盘江股份,贵州省,盘州市,1999-10-29,2001-05-31,
3083,600396.SH,金山股份,辽宁省,沈阳市,1998-06-04,2001-03-28,
3084,600397.SH,安源煤业,江西省,萍乡市,1999-12-30,2002-07-02,
3085,600398.SH,海澜之家,江苏省,江阴市,1997-01-08,2000-12-28,
3086,600399.SH,抚顺特钢,辽宁省,抚顺市,1999-06-07,2000-12-29,
3087,600400.SH,红豆股份,江苏省,无锡市,1995-06-16,2001-01-08,
3088,600403.SH,大有能源,河南省,义马市,1998-01-15,2003-10-09,
3089,600405.SH,动力源,北京,北京市,1995-01-21,2004-04-01,
3090,600406.SH,国电南瑞,江苏省,南京市,2001-02-28,2003-10-16,
3091,600408.SH,安泰集团,山西省,介休市,1993-07-29,2003-02-12,
3092,600409.SH,三友化工,河北省,唐山市,1999-12-28,2003-06-18,
3093,600410.SH,华胜天成,北京,北京市,1998-11-30,2004-04-27,
3094,600415.SH,小商品城,浙江省,义乌市,1993-12-28,2002-05-09,
3095,600416.SH,湘电股份,湖南省,湘潭市,1999-12-26,2002-07-18,
3096,600418.SH,江淮汽车,安徽省,合肥市,1999-09-30,2001-08-24,
3097,600419.SH,天润乳业,新疆维吾尔自治区,乌鲁木齐市,1999-12-30,2001-06-28,
3098,600420.SH,国药现代,上海,上海市,1996-11-27,2004-06-16,
3099,600421.SH,华嵘控股,湖北省,武汉市,1997-11-20,2004-06-07,
3100,600422.SH,昆药集团,云南省,昆明市,1995-12-14,2000-12-06,
3101,600423.SH,柳化股份,广西壮族自治区,柳州市,2001-03-06,2003-07-17,
3102,600425.SH,青松建化,新疆维吾尔自治区,阿拉尔市,2000-11-17,2003-07-24,
3103,600426.SH,华鲁恒升,山东省,德州市,2000-04-26,2002-06-20,
3104,600428.SH,中远海特,广东省,广州市,1999-12-08,2002-04-18,
3105,600429.SH,三元股份,北京,北京市,1997-03-13,2003-09-15,
3106,600433.SH,冠豪高新,广东省,湛江市,1993-07-15,2003-06-19,
3107,600435.SH,北方导航,北京,北京市,2000-09-11,2003-07-04,
3108,600436.SH,片仔癀,福建省,漳州市,1999-12-28,2003-06-16,
3109,600438.SH,通威股份,四川省,成都市,1995-12-08,2004-03-02,
3110,600439.SH,瑞贝卡,河南省,许昌市,1999-10-24,2003-07-10,
3111,600444.SH,国机通用,安徽省,合肥市,1993-12-30,2004-02-19,
3112,600446.SH,金证股份,广东省,深圳市,1998-08-21,2003-12-24,
3113,600448.SH,华纺股份,山东省,滨州市,1999-09-03,2001-09-03,
3114,600449.SH,宁夏建材,宁夏回族自治区,银川市,1998-12-04,2003-08-29,
3115,600452.SH,涪陵电力,重庆,重庆市,1999-12-29,2004-03-03,
3116,600455.SH,博通股份,陕西省,西安市,1994-08-31,2004-03-29,
3117,600456.SH,宝钛股份,陕西省,宝鸡市,1999-07-21,2002-04-12,
3118,600458.SH,时代新材,湖南省,株洲市,1994-05-24,2002-12-19,
3119,600459.SH,贵研铂业,云南省,昆明市,2000-09-25,2003-05-16,
3120,600460.SH,士兰微,浙江省,杭州市,1997-09-25,2003-03-11,
3121,600461.SH,洪城环境,江西省,南昌市,2001-01-22,2004-06-01,
3122,600462.SH,ST九有,湖北省,武汉市,1998-10-30,2003-09-03,
3123,600463.SH,空港股份,北京,北京市,2000-03-28,2004-03-18,
3124,600466.SH,蓝光发展,四川省,成都市,1993-05-18,2001-02-12,
3125,600467.SH,好当家,山东省,荣成市,1993-01-07,2004-04-05,
3126,600468.SH,百利电气,天津,天津市,1999-09-23,2001-06-15,
3127,600469.SH,风神股份,河南省,焦作市,1998-12-01,2003-10-21,
3128,600470.SH,六国化工,安徽省,铜陵市,2000-12-28,2004-03-05,
3129,600475.SH,华光环能,江苏省,无锡市,2000-12-26,2003-07-21,
3130,600476.SH,湘邮科技,湖南省,长沙市,2000-10-17,2003-12-10,
3131,600477.SH,杭萧钢构,浙江省,杭州市,2000-12-28,2003-11-10,
3132,600478.SH,科力远,湖南省,长沙市,1998-01-24,2003-09-18,
3133,600479.SH,千金药业,湖南省,株洲市,1993-08-13,2004-03-12,
3134,600480.SH,凌云股份,河北省,涿州市,1995-04-10,2003-08-15,
3135,600481.SH,双良节能,江苏省,江阴市,1995-10-05,2003-04-22,
3136,600482.SH,中国动力,河北省,涿州市,2000-06-13,2004-07-14,
3137,600483.SH,福能股份,福建省,南平市,1994-01-11,2004-05-31,
3138,600486.SH,扬农化工,江苏省,扬州市,1999-12-10,2002-04-25,
3139,600487.SH,亨通光电,江苏省,苏州市,1993-06-05,2003-08-22,
3140,600488.SH,津药药业,天津,天津市,1999-12-01,2001-06-18,
3141,600489.SH,中金黄金,北京,北京市,2007-09-24,2003-08-14,
3142,600490.SH,鹏欣资源,上海,上海市,2000-09-29,2003-06-26,
3143,600491.SH,龙元建设,浙江省,宁波市,1995-07-11,2004-05-24,
3144,600493.SH,凤竹纺织,福建省,晋江市,1991-04-11,2004-04-21,
3145,600495.SH,晋西车轴,山西省,太原市,2000-12-27,2004-05-26,
3146,600496.SH,精工钢构,安徽省,六安市,1999-06-28,2002-06-05,
3147,600497.SH,驰宏锌锗,云南省,曲靖市,2000-07-18,2004-04-20,
3148,600498.SH,烽火通信,湖北省,武汉市,1999-12-25,2001-08-23,
3149,600499.SH,科达制造,广东省,佛山市,1996-12-11,2002-10-10,
3150,600500.SH,中化国际,上海,上海市,1998-12-14,2000-03-01,
3151,600501.SH,航天晨光,江苏省,南京市,1999-09-30,2001-06-15,
3152,600502.SH,安徽建工,安徽省,蚌埠市,1998-06-15,2003-04-15,
3153,600503.SH,华丽家族,上海,上海市,1996-10-18,2002-07-09,
3154,600505.SH,西昌电力,四川省,西昌市,1994-06-18,2002-05-30,
3155,600506.SH,香梨股份,新疆维吾尔自治区,库尔勒市,1999-11-18,2001-12-26,
3156,600507.SH,方大特钢,江西省,南昌市,1999-09-16,2003-09-30,
3157,600508.SH,上海能源,上海,上海市,1999-12-29,2001-08-29,
3158,600509.SH,天富能源,新疆维吾尔自治区,石河子市,1999-03-28,2002-02-28,
3159,600510.SH,黑牡丹,江苏省,常州市,1993-05-28,2002-06-18,
3160,600511.SH,国药股份,北京,北京市,1999-12-21,2002-11-27,
3161,600512.SH,腾达建设,浙江省,台州市,1995-08-21,2002-12-26,
3162,600513.SH,联环药业,江苏省,扬州市,2000-02-22,2003-03-19,
3163,600515.SH,海南机场,海南省,海口市,1993-05-12,2002-08-06,
3164,600516.SH,方大炭素,甘肃省,兰州市,1999-01-18,2002-08-30,
3165,600517.SH,国网英大,上海,上海市,1997-11-14,2003-10-10,
3166,600518.SH,ST康美,广东省,普宁市,1997-06-18,2001-03-19,
3167,600519.SH,贵州茅台,贵州省,仁怀市,1999-11-20,2001-08-27,
3168,600520.SH,文一科技,安徽省,铜陵市,2000-04-28,2002-01-08,
3169,600521.SH,华海药业,浙江省,临海市,2001-02-28,2003-03-04,
3170,600522.SH,中天科技,江苏省,南通市,1996-02-09,2002-10-24,
3171,600523.SH,贵航股份,贵州省,贵阳市,1999-12-29,2001-12-27,
3172,600525.SH,长园集团,广东省,深圳市,1986-06-27,2002-12-02,
3173,600526.SH,菲达环保,浙江省,诸暨市,2000-04-30,2002-07-22,
3174,600527.SH,江南高纤,江苏省,苏州市,1996-11-25,2003-11-27,
3175,600528.SH,中铁工业,北京,北京市,1999-09-24,2001-05-28,
3176,600529.SH,山东药玻,山东省,淄博市,1993-11-08,2002-06-03,
3177,600530.SH,交大昂立,上海,上海市,1997-12-24,2001-07-02,
3178,600531.SH,豫光金铅,河南省,济源市,2000-01-06,2002-07-30,
3179,600532.SH,*ST未来,上海,上海市,1999-12-30,2002-10-31,
3180,600533.SH,栖霞建设,江苏省,南京市,1999-12-23,2002-03-28,
3181,600535.SH,天士力,天津,天津市,1998-04-30,2002-08-23,
3182,600536.SH,中国软件,北京,北京市,1994-03-01,2002-05-17,
3183,600537.SH,亿晶光电,浙江省,慈溪市,1998-01-21,2003-01-23,
3184,600538.SH,国发股份,广西壮族自治区,北海市,1993-01-22,2003-01-14,
3185,600539.SH,狮头股份,山西省,太原市,1999-02-28,2001-08-24,
3186,600540.SH,新赛股份,新疆维吾尔自治区,双河市,1999-12-22,2004-01-07,
3187,600543.SH,莫高股份,甘肃省,兰州市,1995-12-29,2004-03-24,
3188,600545.SH,卓郎智能,新疆维吾尔自治区,乌鲁木齐市,1993-02-25,2003-12-03,
3189,600546.SH,山煤国际,山西省,太原市,2000-11-20,2003-07-31,
3190,600547.SH,山东黄金,山东省,济南市,2000-01-31,2003-08-28,
3191,600548.SH,深高速,广东省,深圳市,1996-12-30,2001-12-25,
3192,600549.SH,厦门钨业,福建省,厦门市,1997-12-30,2002-11-07,
3193,600550.SH,保变电气,河北省,保定市,1999-09-28,2001-02-28,
3194,600551.SH,时代出版,安徽省,合肥市,1999-12-12,2002-09-05,
3195,600552.SH,凯盛科技,安徽省,蚌埠市,2000-09-30,2002-11-08,
3196,600556.SH,天下秀,广西壮族自治区,北海市,1993-11-28,2001-08-07,
3197,600557.SH,康缘药业,江苏省,连云港市,1996-05-08,2002-09-18,
3198,600558.SH,大西洋,四川省,自贡市,1999-09-20,2001-02-27,
3199,600559.SH,老白干酒,河北省,衡水市,1999-12-30,2002-10-29,
3200,600560.SH,金自天正,北京,北京市,1999-12-28,2002-09-19,
3201,600561.SH,江西长运,江西省,南昌市,1995-03-10,2002-07-16,
3202,600562.SH,国睿科技,江苏省,南京市,1994-06-28,2003-01-28,
3203,600563.SH,法拉电子,福建省,厦门市,1998-12-12,2002-12-10,
3204,600565.SH,迪马股份,重庆,重庆市,1997-10-09,2002-07-23,
3205,600566.SH,济川药业,湖北省,荆州市,1997-01-22,2001-08-22,
3206,600567.SH,山鹰国际,安徽省,马鞍山市,1999-10-20,2001-12-18,
3207,600568.SH,ST中珠,湖北省,潜江市,1994-06-27,2001-05-18,
3208,600569.SH,安阳钢铁,河南省,安阳市,1996-12-23,2001-08-20,
3209,600570.SH,恒生电子,浙江省,杭州市,2000-12-13,2003-12-16,
3210,600571.SH,信雅达,浙江省,杭州市,1996-07-22,2002-11-01,
3211,600572.SH,康恩贝,浙江省,兰溪市,1993-01-09,2004-04-12,
3212,600573.SH,惠泉啤酒,福建省,泉州市,1997-02-04,2003-02-26,
3213,600575.SH,淮河能源,安徽省,芜湖市,2000-11-29,2003-03-28,
3214,600576.SH,祥源文旅,浙江省,杭州市,1992-09-24,2003-02-20,
3215,600577.SH,精达股份,安徽省,铜陵市,2000-07-12,2002-09-11,
3216,600578.SH,京能电力,北京,北京市,2000-03-10,2002-05-10,
3217,600579.SH,克劳斯,山东省,青岛市,1999-06-30,2002-08-09,
3218,600580.SH,卧龙电驱,浙江省,绍兴市,1998-10-21,2002-06-06,
3219,600581.SH,八一钢铁,新疆维吾尔自治区,乌鲁木齐市,2000-07-27,2002-08-16,
3220,600582.SH,天地科技,北京,北京市,2000-03-24,2002-05-15,
3221,600583.SH,海油工程,天津,天津市,2000-04-20,2002-02-05,
3222,600584.SH,长电科技,江苏省,江阴市,1998-11-06,2003-06-03,
3223,600585.SH,海螺水泥,安徽省,芜湖市,1997-09-01,2002-02-07,
3224,600586.SH,金晶科技,山东省,淄博市,1999-12-31,2002-08-15,
3225,600587.SH,新华医疗,山东省,淄博市,1993-04-18,2002-09-27,
3226,600588.SH,用友网络,北京,北京市,1995-01-18,2001-05-18,
3227,600589.SH,ST榕泰,广东省,揭阳市,1997-12-25,2001-06-12,
3228,600590.SH,泰豪科技,江西省,南昌市,1996-03-20,2002-07-03,
3229,600592.SH,龙溪股份,福建省,漳州市,1997-12-24,2002-08-05,
3230,600593.SH,大连圣亚,辽宁省,大连市,1994-01-18,2002-07-11,
3231,600594.SH,益佰制药,贵州省,贵阳市,1995-06-12,2004-03-23,
3232,600595.SH,中孚实业,河南省,巩义市,1997-01-28,2002-06-26,
3233,600596.SH,新安股份,浙江省,建德市,1993-05-12,2001-09-06,
3234,600597.SH,光明乳业,上海,上海市,1996-10-07,2002-08-28,
3235,600598.SH,北大荒,黑龙江省,哈尔滨市,1998-11-27,2002-03-29,
3236,600599.SH,ST熊猫,湖南省,浏阳市,1999-12-12,2001-08-28,
3237,600600.SH,青岛啤酒,山东省,青岛市,1995-12-27,1993-08-27,
3238,600601.SH,*ST方科,上海,上海市,1993-11-15,1990-12-19,
3239,600602.SH,云赛智联,上海,上海市,1993-05-28,1990-12-19,
3240,600603.SH,广汇物流,四川省,成都市,1988-08-27,1992-01-13,
3241,600604.SH,市北高新,上海,上海市,1993-11-10,1992-03-27,
3242,600605.SH,汇通能源,上海,上海市,1991-01-03,1992-03-27,
3243,600606.SH,绿地控股,上海,上海市,1992-07-08,1992-03-27,
3244,600608.SH,ST沪科,上海,上海市,1992-03-26,1992-03-27,
3245,600609.SH,金杯汽车,辽宁省,沈阳市,1984-05-14,1992-07-24,
3246,600610.SH,中毅达,贵州省,福泉市,1992-06-22,1992-08-05,
3247,600611.SH,大众交通,上海,上海市,1994-06-06,1992-08-07,
3248,600612.SH,老凤祥,上海,上海市,1992-11-11,1992-08-14,
3249,600613.SH,神奇制药,上海,上海市,1992-07-22,1992-08-20,
3250,600615.SH,丰华股份,重庆,重庆市,1992-06-06,1992-09-10,
3251,600616.SH,金枫酒业,上海,上海市,1992-06-19,1992-09-29,
3252,600617.SH,国新能源,山西省,太原市,1993-11-04,1992-10-13,
3253,600618.SH,氯碱化工,上海,上海市,1992-07-04,1992-11-13,
3254,600619.SH,海立股份,上海,上海市,1993-03-26,1992-11-16,
3255,600620.SH,天宸股份,上海,上海市,1989-07-13,1992-11-17,
3256,600621.SH,华鑫股份,上海,上海市,1992-11-05,1992-12-02,
3257,600622.SH,光大嘉宝,上海,上海市,1994-08-17,1992-12-03,
3258,600623.SH,华谊集团,上海,上海市,1992-08-05,1992-12-04,
3259,600624.SH,复旦复华,上海,上海市,1990-11-17,1993-01-05,
3260,600626.SH,申达股份,上海,上海市,1986-12-11,1993-01-07,
3261,600628.SH,新世界,上海,上海市,1996-11-08,1993-01-19,
3262,600629.SH,华建集团,上海,上海市,1992-06-12,1993-02-09,
3263,600630.SH,龙头股份,上海,上海市,1991-11-18,1993-02-09,
3264,600633.SH,浙数文化,浙江省,杭州市,1992-07-01,1993-03-04,
3265,600635.SH,大众公用,上海,上海市,1992-01-01,1993-03-04,
3266,600636.SH,国新文化,上海,上海市,1992-09-09,1993-03-16,
3267,600637.SH,东方明珠,上海,上海市,1990-06-16,1993-03-16,
3268,600638.SH,新黄浦,上海,上海市,1996-09-23,1993-03-26,
3269,600639.SH,浦东金桥,上海,上海市,1993-10-07,1993-03-26,
3270,600640.SH,国脉文化,上海,上海市,1992-04-01,1993-04-07,
3271,600641.SH,万业企业,上海,上海市,1991-10-28,1993-04-07,
3272,600642.SH,申能股份,上海,上海市,1993-02-22,1993-04-16,
3273,600643.SH,爱建集团,上海,上海市,1983-11-28,1993-04-26,
3274,600644.SH,乐山电力,四川省,乐山市,1988-05-17,1993-04-26,
3275,600645.SH,中源协和,天津,天津市,1995-06-14,1993-05-04,
3276,600647.SH,同达创业,上海,上海市,1991-07-27,1993-05-04,
3277,600648.SH,外高桥,上海,上海市,1994-12-31,1993-05-04,
3278,600649.SH,城投控股,上海,上海市,1992-09-09,1993-05-18,
3279,600650.SH,锦江在线,上海,上海市,1993-02-24,1993-06-07,
3280,600651.SH,飞乐音响,上海,上海市,1989-06-09,1990-12-19,
3281,600653.SH,申华控股,辽宁省,沈阳市,1992-03-20,1990-12-19,
3282,600654.SH,*ST中安,湖北省,武汉市,1991-12-31,1990-12-19,
3283,600655.SH,豫园股份,上海,上海市,1987-11-25,1992-09-02,
3284,600657.SH,信达地产,北京,北京市,1984-07-20,1993-05-24,
3285,600658.SH,电子城,北京,北京市,1986-12-24,1993-05-24,
3286,600660.SH,福耀玻璃,福建省,福清市,1992-06-21,1993-06-10,
3287,600661.SH,昂立教育,上海,上海市,1983-08-04,1993-06-14,
3288,600662.SH,外服控股,上海,上海市,1992-02-01,1993-06-14,
3289,600663.SH,陆家嘴,上海,上海市,1994-12-31,1993-06-28,
3290,600664.SH,哈药股份,黑龙江省,哈尔滨市,1991-12-28,1993-06-29,
3291,600665.SH,天地源,陕西省,西安市,1992-12-21,1993-07-09,
3292,600666.SH,*ST瑞德,黑龙江省,哈尔滨市,1992-11-25,1993-07-12,
3293,600667.SH,太极实业,江苏省,无锡市,1993-07-26,1993-07-28,
3294,600668.SH,尖峰集团,浙江省,金华市,1989-08-08,1993-07-28,
3295,600671.SH,ST目药,浙江省,杭州市,1993-08-12,1993-08-23,
3296,600673.SH,东阳光,广东省,韶关市,1996-10-24,1993-09-17,
3297,600674.SH,川投能源,四川省,成都市,1988-04-18,1993-09-24,
3298,600675.SH,中华企业,上海,上海市,1993-10-05,1993-09-24,
3299,600676.SH,交运股份,上海,上海市,1993-09-24,1993-09-28,
3300,600678.SH,四川金顶,四川省,峨眉山市,1988-09-07,1993-10-08,
3301,600679.SH,上海凤凰,上海,上海市,1993-12-29,1993-10-08,
3302,600681.SH,百川能源,湖北省,武汉市,1992-03-18,1993-10-18,
3303,600682.SH,南京新百,江苏省,南京市,1991-05-14,1993-10-18,
3304,600683.SH,京投发展,浙江省,宁波市,1992-09-08,1993-10-25,
3305,600684.SH,珠江股份,广东省,广州市,1992-12-23,1993-10-28,
3306,600685.SH,中船防务,广东省,广州市,1994-10-21,1993-10-28,
3307,600686.SH,金龙汽车,福建省,厦门市,1996-10-18,1993-11-08,
3308,600688.SH,上海石化,上海,上海市,1993-06-21,1993-11-08,
3309,600689.SH,上海三毛,上海,上海市,1994-01-11,1993-11-08,
3310,600690.SH,海尔智家,山东省,青岛市,1994-03-31,1993-11-19,
3311,600691.SH,阳煤化工,山西省,阳泉市,1988-01-01,1993-11-19,
3312,600692.SH,亚通股份,上海,上海市,1993-10-14,1993-11-19,
3313,600693.SH,东百集团,福建省,福州市,1981-10-31,1993-11-22,
3314,600694.SH,大商股份,辽宁省,大连市,1992-12-10,1993-11-22,
3315,600696.SH,岩石股份,上海,上海市,1989-03-11,1993-12-06,
3316,600697.SH,欧亚集团,吉林省,长春市,1992-08-20,1993-12-06,
3317,600698.SH,湖南天雁,湖南省,衡阳市,1993-11-25,1993-12-06,
3318,600699.SH,均胜电子,浙江省,宁波市,1992-08-07,1993-12-06,
3319,600702.SH,舍得酒业,四川省,射洪市,1996-11-09,1996-05-24,
3320,600703.SH,三安光电,湖北省,荆州市,1993-03-27,1996-05-28,
3321,600704.SH,物产中大,浙江省,杭州市,1992-12-31,1996-06-06,
3322,600705.SH,中航产融,黑龙江省,哈尔滨市,1992-07-24,1996-05-16,
3323,600706.SH,曲江文旅,陕西省,西安市,1992-10-30,1996-05-16,
3324,600707.SH,彩虹股份,陕西省,咸阳市,1992-07-29,1996-05-20,
3325,600708.SH,光明地产,上海,上海市,1993-01-04,1996-06-06,
3326,600710.SH,苏美达,江苏省,南京市,1996-06-24,1996-07-01,
3327,600711.SH,盛屯矿业,福建省,厦门市,1997-01-14,1996-05-31,
3328,600712.SH,南宁百货,广西壮族自治区,南宁市,1996-11-11,1996-06-26,
3329,600713.SH,南京医药,江苏省,南京市,1994-01-25,1996-07-01,
3330,600714.SH,金瑞矿业,青海省,西宁市,1996-05-25,1996-06-06,
3331,600715.SH,文投控股,辽宁省,沈阳市,1993-04-16,1996-07-01,
3332,600716.SH,凤凰股份,江苏省,南京市,1996-06-24,1996-07-02,
3333,600717.SH,天津港,天津,天津市,1982-09-29,1996-06-14,
3334,600718.SH,东软集团,辽宁省,沈阳市,1991-06-17,1996-06-18,
3335,600719.SH,ST热电,辽宁省,大连市,1993-09-01,1996-07-16,
3336,600720.SH,祁连山,甘肃省,兰州市,1996-07-17,1996-07-16,
3337,600721.SH,百花医药,新疆维吾尔自治区,五家渠市,1996-06-21,1996-06-26,
3338,600722.SH,金牛化工,河北省,黄骅市,1996-06-17,1996-06-26,
3339,600724.SH,宁波富达,浙江省,余姚市,1993-03-22,1996-07-16,
3340,600725.SH,云维股份,云南省,昆明市,1996-06-26,1996-07-02,
3341,600726.SH,*ST华源,黑龙江省,哈尔滨市,1996-10-28,1996-07-01,
3342,600727.SH,鲁北化工,山东省,滨州市,1996-06-19,1996-07-02,
3343,600728.SH,佳都科技,广东省,广州市,2001-09-30,1996-07-16,
3344,600729.SH,重庆百货,重庆,重庆市,1992-08-11,1996-07-02,
3345,600730.SH,中国高科,北京,北京市,1992-06-26,1996-07-26,
3346,600731.SH,湖南海利,湖南省,长沙市,1994-04-15,1996-08-02,
3347,600732.SH,爱旭股份,上海,上海市,1996-08-12,1996-08-16,
3348,600733.SH,北汽蓝谷,北京,北京市,1992-10-06,1996-08-16,
3349,600734.SH,ST实达,福建省,福州市,1988-05-30,1996-08-08,
3350,600735.SH,新华锦,山东省,青岛市,1993-11-28,1996-07-26,
3351,600736.SH,苏州高新,江苏省,苏州市,1994-06-28,1996-08-15,
3352,600737.SH,中粮糖业,新疆维吾尔自治区,昌吉市,1993-09-18,1996-07-31,
3353,600738.SH,丽尚国潮,甘肃省,兰州市,1996-12-02,1996-08-02,
3354,600739.SH,辽宁成大,辽宁省,大连市,1993-09-02,1996-08-19,
3355,600740.SH,山西焦化,山西省,临汾市,1996-08-02,1996-08-08,
3356,600741.SH,华域汽车,上海,上海市,1992-10-28,1996-08-26,
3357,600742.SH,一汽富维,吉林省,长春市,1993-06-28,1996-08-26,
3358,600743.SH,华远地产,北京,北京市,1992-02-08,1996-09-09,
3359,600744.SH,华银电力,湖南省,长沙市,1993-03-22,1996-09-05,
3360,600745.SH,闻泰科技,湖北省,黄石市,1993-01-11,1996-08-28,
3361,600746.SH,江苏索普,江苏省,镇江市,1996-09-13,1996-09-18,
3362,600748.SH,上实发展,上海,上海市,1996-09-19,1996-09-25,
3363,600749.SH,西藏旅游,西藏自治区,拉萨市,1996-06-27,1996-10-15,
3364,600750.SH,江中药业,江西省,南昌市,1996-09-18,1996-09-23,
3365,600751.SH,海航科技,天津,天津市,1982-03-06,1996-09-09,
3366,600753.SH,东方银星,福建省,福州市,1996-10-11,1996-09-27,
3367,600754.SH,锦江酒店,上海,上海市,1994-12-13,1996-10-11,
3368,600755.SH,厦门国贸,福建省,厦门市,1996-12-24,1996-10-03,
3369,600756.SH,浪潮软件,山东省,泰安市,1994-11-07,1996-09-23,
3370,600757.SH,长江传媒,湖北省,武汉市,1996-09-26,1996-10-03,
3371,600758.SH,辽宁能源,辽宁省,沈阳市,1993-12-28,1996-10-29,
3372,600759.SH,ST洲际,海南省,海口市,1984-08-20,1996-10-08,
3373,600760.SH,中航沈飞,山东省,威海市,1996-06-04,1996-10-11,
3374,600761.SH,安徽合力,安徽省,合肥市,1993-09-30,1996-10-09,
3375,600763.SH,通策医疗,浙江省,杭州市,1995-08-30,1996-10-30,
3376,600764.SH,中国海防,北京,北京市,1993-11-18,1996-11-04,
3377,600765.SH,中航重机,贵州省,贵阳市,1996-11-14,1996-11-06,
3378,600766.SH,园城黄金,山东省,烟台市,1994-06-17,1996-10-28,
3379,600767.SH,*ST运盛,四川省,成都市,1995-03-30,1996-11-15,
3380,600768.SH,宁波富邦,浙江省,宁波市,1981-12-20,1996-11-11,
3381,600769.SH,祥龙电业,湖北省,武汉市,1993-07-19,1996-11-01,
3382,600770.SH,综艺股份,江苏省,南通市,1992-10-23,1996-11-20,
3383,600771.SH,广誉远,山西省,晋中市,1996-11-25,1996-11-05,
3384,600773.SH,西藏城投,西藏自治区,拉萨市,1996-10-25,1996-11-08,
3385,600774.SH,汉商集团,湖北省,武汉市,1990-04-20,1996-11-08,
3386,600775.SH,南京熊猫,江苏省,南京市,1992-04-29,1996-11-18,
3387,600776.SH,东方通信,浙江省,杭州市,1996-08-01,1996-11-26,
3388,600777.SH,新潮能源,山东省,烟台市,1996-06-06,1996-11-21,
3389,600778.SH,友好集团,新疆维吾尔自治区,乌鲁木齐市,1993-08-25,1996-12-03,
3390,600779.SH,水井坊,四川省,成都市,1993-12-21,1996-12-06,
3391,600780.SH,通宝能源,山西省,太原市,1992-08-28,1996-12-05,
3392,600781.SH,*ST辅仁,河南省,周口市,1993-08-13,1996-12-18,
3393,600782.SH,新钢股份,江西省,新余市,2003-10-10,1996-12-25,
3394,600783.SH,鲁信创投,山东省,淄博市,1993-11-20,1996-12-25,
3395,600784.SH,鲁银投资,山东省,济南市,1993-09-11,1996-12-25,
3396,600785.SH,新华百货,宁夏回族自治区,银川市,1997-01-03,1997-01-08,
3397,600787.SH,中储股份,天津,天津市,1997-01-08,1997-01-21,
3398,600789.SH,鲁抗医药,山东省,济宁市,1993-02-15,1997-02-26,
3399,600790.SH,轻纺城,浙江省,绍兴市,1993-04-26,1997-02-28,
3400,600791.SH,京能置业,北京,北京市,1997-04-01,1997-01-30,
3401,600792.SH,云煤能源,云南省,安宁市,1997-01-20,1997-01-23,
3402,600793.SH,宜宾纸业,四川省,宜宾市,1996-08-22,1997-02-20,
3403,600794.SH,保税科技,江苏省,张家港市,1994-06-28,1997-03-06,
3404,600795.SH,国电电力,辽宁省,大连市,1992-12-31,1997-03-18,
3405,600796.SH,钱江生化,浙江省,海宁市,1993-10-28,1997-04-08,
3406,600797.SH,浙大网新,浙江省,杭州市,1994-01-08,1997-04-18,
3407,600798.SH,宁波海运,浙江省,宁波市,1997-04-18,1997-04-23,
3408,600800.SH,渤海化学,天津,天津市,1979-05-30,1993-12-06,
3409,600801.SH,华新水泥,湖北省,大冶市,1993-11-30,1994-01-03,
3410,600802.SH,福建水泥,福建省,福州市,1993-11-27,1994-01-03,
3411,600803.SH,新奥股份,河北省,石家庄市,1992-12-29,1994-01-03,
3412,600804.SH,ST鹏博士,山东省,青岛市,1985-01-17,1994-01-03,
3413,600805.SH,悦达投资,江苏省,盐城市,1991-04-12,1994-01-03,
3414,600807.SH,济南高新,山东省,济南市,1993-01-16,1994-01-03,
3415,600808.SH,马钢股份,安徽省,马鞍山市,1993-09-01,1994-01-06,
3416,600809.SH,山西汾酒,山西省,汾阳市,1985-12-25,1994-01-06,
3417,600810.SH,神马股份,河南省,舞钢市,1997-09-10,1994-01-06,
3418,600811.SH,东方集团,黑龙江省,哈尔滨市,1989-08-16,1994-01-06,
3419,600812.SH,华北制药,河北省,石家庄市,1992-12-20,1994-01-14,
3420,600814.SH,杭州解百,浙江省,杭州市,1992-10-30,1994-01-14,
3421,600815.SH,厦工股份,福建省,厦门市,1997-02-26,1994-01-28,
3422,600816.SH,ST安信,上海,上海市,1995-09-15,1994-01-28,
3423,600817.SH,宇通重工,河南省,新郑市,1992-06-06,1994-01-28,
3424,600818.SH,中路股份,上海,上海市,1995-01-12,1994-01-28,
3425,600819.SH,耀皮玻璃,上海,上海市,1993-11-23,1994-01-28,
3426,600820.SH,隧道股份,上海,上海市,1993-11-26,1994-01-28,
3427,600821.SH,金开新能,天津,天津市,1997-03-27,1994-01-28,
3428,600822.SH,上海物贸,上海,上海市,1994-09-16,1994-02-04,
3429,600823.SH,世茂股份,上海,上海市,1992-07-01,1994-02-04,
3430,600824.SH,益民集团,上海,上海市,1993-12-10,1994-02-04,
3431,600825.SH,新华传媒,上海,上海市,1992-11-11,1994-02-04,
3432,600826.SH,兰生股份,上海,上海市,1982-08-07,1994-02-04,
3433,600827.SH,百联股份,上海,上海市,1994-06-02,1994-02-04,
3434,600828.SH,茂业商业,四川省,成都市,1993-12-31,1994-02-24,
3435,600829.SH,人民同泰,黑龙江省,哈尔滨市,1994-02-19,1994-02-24,
3436,600830.SH,香溢融通,浙江省,宁波市,1998-01-08,1994-02-24,
3437,600831.SH,广电网络,陕西省,西安市,1996-12-31,1994-02-24,
3438,600833.SH,第一医药,上海,上海市,1992-09-23,1994-02-24,
3439,600834.SH,申通地铁,上海,上海市,1992-06-12,1994-02-24,
3440,600835.SH,上海机电,上海,上海市,1994-02-24,1994-02-24,
3441,600836.SH,上海易连,上海,上海市,1994-01-05,1994-02-24,
3442,600837.SH,海通证券,上海,上海市,1993-02-02,1994-02-24,
3443,600838.SH,上海九百,上海,上海市,1993-12-21,1994-02-24,
3444,600839.SH,四川长虹,四川省,绵阳市,1993-04-08,1994-03-11,
3445,600841.SH,动力新科,上海,上海市,1993-12-27,1994-03-11,
3446,600843.SH,上工申贝,上海,上海市,1994-04-19,1994-03-11,
3447,600844.SH,丹化科技,江苏省,丹阳市,1994-02-17,1994-03-11,
3448,600845.SH,宝信软件,上海,上海市,1994-08-15,1994-03-11,
3449,600846.SH,同济科技,上海,上海市,1993-06-11,1994-03-11,
3450,600847.SH,万里股份,重庆,重庆市,1992-07-18,1994-03-24,
3451,600848.SH,上海临港,上海,上海市,1994-11-24,1994-03-24,
3452,600850.SH,电科数字,上海,上海市,1993-09-13,1994-03-24,
3453,600851.SH,海欣股份,上海,上海市,1993-11-15,1994-04-04,
3454,600853.SH,龙建股份,黑龙江省,哈尔滨市,1993-01-18,1994-04-04,
3455,600854.SH,春兰股份,江苏省,泰州市,1988-12-03,1994-04-25,
3456,600855.SH,航天长峰,北京,北京市,1992-12-24,1994-04-25,
3457,600857.SH,宁波中百,浙江省,宁波市,1994-04-21,1994-04-25,
3458,600858.SH,银座股份,山东省,济南市,1993-02-27,1994-05-06,
3459,600859.SH,王府井,北京,北京市,1993-04-28,1994-05-06,
3460,600860.SH,京城股份,北京,北京市,1993-07-13,1994-05-06,
3461,600861.SH,北京城乡,北京,北京市,1992-11-03,1994-05-20,
3462,600862.SH,中航高科,江苏省,南通市,1988-12-21,1994-05-20,
3463,600863.SH,内蒙华电,内蒙古自治区,呼和浩特市,1994-05-12,1994-05-20,
3464,600864.SH,哈投股份,黑龙江省,哈尔滨市,1994-08-12,1994-08-09,
3465,600865.SH,百大集团,浙江省,杭州市,1992-09-30,1994-08-09,
3466,600866.SH,星湖科技,广东省,肇庆市,1992-04-18,1994-08-18,
3467,600867.SH,通化东宝,吉林省,通化市,1992-12-28,1994-08-24,
3468,600868.SH,梅雁吉祥,广东省,梅州市,1993-01-01,1994-09-12,
3469,600869.SH,远东股份,青海省,西宁市,1995-01-25,1995-02-06,
3470,600871.SH,石化油服,北京,北京市,1994-11-21,1995-04-11,
3471,600872.SH,中炬高新,广东省,中山市,1993-01-16,1995-01-24,
3472,600873.SH,梅花生物,西藏自治区,拉萨市,1995-02-09,1995-02-17,
3473,600874.SH,创业环保,天津,天津市,1993-06-08,1995-06-30,
3474,600875.SH,东方电气,四川省,成都市,1993-12-28,1995-10-10,
3475,600876.SH,凯盛新能,河南省,洛阳市,1996-08-07,1995-10-31,
3476,600877.SH,声光电科,重庆,重庆市,1987-11-14,1995-10-13,
3477,600879.SH,航天电子,湖北省,武汉市,1990-07-18,1995-11-15,
3478,600880.SH,博瑞传播,四川省,成都市,1966-10-19,1995-11-15,
3479,600881.SH,亚泰集团,吉林省,长春市,1993-11-09,1995-11-15,
3480,600882.SH,妙可蓝多,上海,上海市,1988-11-29,1995-12-06,
3481,600883.SH,博闻科技,云南省,保山市,1990-05-26,1995-12-08,
3482,600884.SH,杉杉股份,浙江省,宁波市,1992-12-14,1996-01-30,
3483,600885.SH,宏发股份,湖北省,武汉市,1990-12-21,1996-02-05,
3484,600886.SH,国投电力,北京,北京市,1996-06-18,1996-01-18,
3485,600887.SH,伊利股份,内蒙古自治区,呼和浩特市,1993-06-04,1996-03-12,
3486,600888.SH,新疆众和,新疆维吾尔自治区,乌鲁木齐市,1996-02-13,1996-02-15,
3487,600889.SH,南京化纤,江苏省,南京市,1992-09-28,1996-03-08,
3488,600892.SH,大晟文化,广东省,深圳市,1993-09-01,1996-03-15,
3489,600893.SH,航发动力,陕西省,西安市,1993-12-23,1996-04-08,
3490,600894.SH,广日股份,广东省,广州市,1988-10-24,1996-03-28,
3491,600895.SH,张江高科,上海,上海市,1996-04-18,1996-04-22,
3492,600897.SH,厦门空港,福建省,厦门市,2003-09-06,1996-05-31,
3493,600898.SH,国美通讯,山东省,济南市,2004-12-30,1996-04-18,
3494,600900.SH,长江电力,北京,北京市,2002-11-04,2003-11-18,
3495,600901.SH,江苏金租,江苏省,南京市,1988-04-23,2018-03-01,
3496,600903.SH,贵州燃气,贵州省,贵阳市,2003-12-31,2017-11-07,
3497,600905.SH,三峡能源,北京,北京市,1985-09-05,2021-06-10,
3498,600906.SH,财达证券,河北省,石家庄市,2002-04-25,2021-05-07,
3499,600908.SH,无锡银行,江苏省,无锡市,2005-06-21,2016-09-23,
3500,600909.SH,华安证券,安徽省,合肥市,2001-01-08,2016-12-06,
3501,600916.SH,中国黄金,北京,北京市,2010-12-16,2021-02-05,
3502,600917.SH,重庆燃气,重庆,重庆市,1995-04-24,2014-09-30,
3503,600918.SH,中泰证券,山东省,济南市,2001-05-15,2020-06-03,
3504,600919.SH,江苏银行,江苏省,南京市,2007-01-22,2016-08-02,
3505,600926.SH,杭州银行,浙江省,杭州市,1996-09-25,2016-10-27,
3506,600927.SH,永安期货,浙江省,杭州市,1992-09-07,2021-12-23,
3507,600928.SH,西安银行,陕西省,西安市,1997-06-06,2019-03-01,
3508,600929.SH,雪天盐业,湖南省,长沙市,2011-12-16,2018-03-26,
3509,600933.SH,爱柯迪,浙江省,宁波市,2003-12-08,2017-11-17,
3510,600935.SH,华塑股份,安徽省,滁州市,2009-03-30,2021-11-26,
3511,600936.SH,广西广电,广西壮族自治区,南宁市,2000-03-16,2016-08-15,
3512,600938.SH,中国海油,北京,北京市,1999-08-20,2022-04-21,
3513,600939.SH,重庆建工,重庆,重庆市,1998-04-21,2017-02-21,
3514,600941.SH,中国移动,北京,北京市,1997-09-03,2022-01-05,
3515,600955.SH,维远股份,山东省,东营市,2010-12-23,2021-09-15,
3516,600956.SH,新天绿能,河北省,石家庄市,2010-02-09,2020-06-29,
3517,600958.SH,东方证券,上海,上海市,1997-12-10,2015-03-23,
3518,600959.SH,江苏有线,江苏省,南京市,2008-07-10,2015-04-28,
3519,600960.SH,渤海汽车,山东省,滨州市,1999-12-31,2004-04-07,
3520,600961.SH,株冶集团,湖南省,株洲市,1993-12-20,2004-08-30,
3521,600962.SH,国投中鲁,北京,北京市,1991-09-18,2004-06-22,
3522,600963.SH,岳阳林纸,湖南省,岳阳市,2000-09-28,2004-05-25,
3523,600965.SH,福成股份,河北省,三河市,1998-03-18,2004-07-13,
3524,600966.SH,博汇纸业,山东省,淄博市,1994-04-29,2004-06-08,
3525,600967.SH,内蒙一机,内蒙古自治区,包头市,2000-12-29,2004-05-18,
3526,600968.SH,海油发展,北京,北京市,2005-02-22,2019-06-26,
3527,600969.SH,郴电国际,湖南省,郴州市,2000-12-26,2004-04-08,
3528,600970.SH,中材国际,江苏省,南京市,2001-12-28,2005-04-12,
3529,600971.SH,恒源煤电,安徽省,淮北市,2000-12-29,2004-08-17,
3530,600973.SH,宝胜股份,江苏省,扬州市,2000-06-30,2004-08-02,
3531,600975.SH,新五丰,湖南省,长沙市,2001-06-26,2004-06-09,
3532,600976.SH,健民集团,湖北省,武汉市,1993-05-28,2004-04-19,
3533,600977.SH,中国电影,北京,北京市,2010-12-09,2016-08-09,
3534,600979.SH,广安爱众,四川省,广安市,1999-03-23,2004-09-06,
3535,600980.SH,北矿科技,北京,北京市,2000-09-06,2004-05-12,
3536,600981.SH,汇鸿集团,江苏省,南京市,1992-10-13,2004-06-30,
3537,600982.SH,宁波能源,浙江省,宁波市,1995-08-23,2004-07-06,
3538,600983.SH,惠而浦,安徽省,合肥市,2000-03-30,2004-07-27,
3539,600984.SH,建设机械,陕西省,西安市,2001-12-08,2004-07-07,
3540,600985.SH,淮北矿业,安徽省,淮北市,1999-03-18,2004-04-28,
3541,600986.SH,浙文互联,浙江省,杭州市,1993-12-17,2004-04-26,
3542,600987.SH,航民股份,浙江省,杭州市,1998-01-06,2004-08-09,
3543,600988.SH,赤峰黄金,内蒙古自治区,赤峰市,1998-06-22,2004-04-14,
3544,600989.SH,宝丰能源,宁夏回族自治区,灵武市,2005-11-02,2019-05-16,
3545,600990.SH,四创电子,安徽省,合肥市,2000-08-18,2004-05-10,
3546,600992.SH,贵绳股份,贵州省,遵义市,2000-10-19,2004-05-14,
3547,600993.SH,马应龙,湖北省,武汉市,1994-05-09,2004-05-17,
3548,600995.SH,南网储能,云南省,文山市,1997-12-29,2004-06-15,
3549,600996.SH,贵广网络,贵州省,贵阳市,2008-03-26,2016-12-26,
3550,600997.SH,开滦股份,河北省,唐山市,2001-06-30,2004-06-02,
3551,600998.SH,九州通,湖北省,武汉市,1999-03-09,2010-11-02,
3552,600999.SH,招商证券,广东省,深圳市,1993-08-01,2009-11-17,
3553,601000.SH,唐山港,河北省,唐山市,2003-01-03,2010-07-05,
3554,601001.SH,晋控煤业,山西省,大同市,2001-07-25,2006-06-23,
3555,601002.SH,晋亿实业,浙江省,嘉兴市,1995-11-17,2007-01-26,
3556,601003.SH,柳钢股份,广西壮族自治区,柳州市,2000-04-14,2007-02-27,
3557,601005.SH,重庆钢铁,重庆,重庆市,1997-08-11,2007-02-28,
3558,601006.SH,大秦铁路,山西省,大同市,2004-10-28,2006-08-01,
3559,601007.SH,金陵饭店,江苏省,南京市,2002-12-30,2007-04-06,
3560,601008.SH,连云港,江苏省,连云港市,2001-10-15,2007-04-26,
3561,601009.SH,南京银行,江苏省,南京市,1996-02-06,2007-07-19,
3562,601010.SH,文峰股份,江苏省,南通市,1995-09-27,2011-06-03,
3563,601011.SH,宝泰隆,黑龙江省,七台河市,2003-06-24,2011-03-09,
3564,601012.SH,隆基绿能,陕西省,西安市,2000-02-14,2012-04-11,
3565,601015.SH,陕西黑猫,陕西省,韩城市,2003-11-18,2014-11-05,
3566,601016.SH,节能风电,北京,北京市,2006-01-06,2014-09-29,
3567,601018.SH,宁波港,浙江省,宁波市,2008-03-31,2010-09-28,
3568,601019.SH,山东出版,山东省,济南市,2011-12-28,2017-11-22,
3569,601020.SH,华钰矿业,西藏自治区,拉萨市,2002-10-22,2016-03-16,
3570,601021.SH,春秋航空,上海,上海市,2004-11-01,2015-01-21,
3571,601022.SH,宁波远洋,浙江省,宁波市,1992-07-14,2022-12-08,
3572,601028.SH,玉龙股份,山东省,济南市,1999-12-22,2011-11-07,
3573,601038.SH,一拖股份,河南省,洛阳市,1998-12-28,2012-08-08,
3574,601058.SH,赛轮轮胎,山东省,青岛市,2002-11-18,2011-06-30,
3575,601059.SH,信达证券,北京,北京市,2007-09-04,2023-02-01,
3576,601066.SH,中信建投,北京,北京市,2005-11-02,2018-06-20,
3577,601068.SH,中铝国际,北京,北京市,2003-12-16,2018-08-31,
3578,601069.SH,西部黄金,新疆维吾尔自治区,乌鲁木齐市,2002-05-14,2015-01-22,
3579,601077.SH,渝农商行,重庆,重庆市,2008-06-27,2019-10-29,
3580,601086.SH,国芳集团,甘肃省,兰州市,1996-04-22,2017-09-29,
3581,601088.SH,中国神华,北京,北京市,2004-11-08,2007-10-09,
3582,601089.SH,福元医药,北京,北京市,1999-02-03,2022-06-30,
3583,601098.SH,中南传媒,湖南省,长沙市,2008-12-25,2010-10-28,
3584,601099.SH,太平洋,云南省,昆明市,2004-01-06,2007-12-28,
3585,601100.SH,恒立液压,江苏省,常州市,2005-06-02,2011-10-28,
3586,601101.SH,昊华能源,北京,北京市,2002-12-31,2010-03-31,
3587,601106.SH,中国一重,黑龙江省,齐齐哈尔市,2008-12-25,2010-02-09,
3588,601107.SH,四川成渝,四川省,成都市,1997-08-19,2009-07-27,
3589,601108.SH,财通证券,浙江省,杭州市,2003-06-11,2017-10-24,
3590,601111.SH,中国国航,北京,北京市,2006-03-27,2006-08-18,
3591,601113.SH,华鼎股份,浙江省,义乌市,2002-09-23,2011-05-09,
3592,601116.SH,三江购物,浙江省,宁波市,1995-09-22,2011-03-02,
3593,601117.SH,中国化学,北京,北京市,2008-09-23,2010-01-07,
3594,601118.SH,海南橡胶,海南省,海口市,2005-03-29,2011-01-07,
3595,601126.SH,四方股份,北京,北京市,1994-04-08,2010-12-31,
3596,601127.SH,赛力斯,重庆,重庆市,2007-05-11,2016-06-15,
3597,601128.SH,常熟银行,江苏省,常熟市,2001-12-03,2016-09-30,
3598,601136.SH,首创证券,北京,北京市,2000-02-03,2022-12-22,
3599,601137.SH,博威合金,浙江省,宁波市,1994-01-22,2011-01-27,
3600,601138.SH,工业富联,广东省,深圳市,2015-03-06,2018-06-08,
3601,601139.SH,深圳燃气,广东省,深圳市,1996-04-30,2009-12-25,
3602,601155.SH,新城控股,江苏省,常州市,1996-06-30,2015-12-04,
3603,601156.SH,东航物流,上海,上海市,2004-08-23,2021-06-09,
3604,601158.SH,重庆水务,重庆,重庆市,2001-01-11,2010-03-29,
3605,601162.SH,天风证券,湖北省,武汉市,2000-03-29,2018-10-19,
3606,601163.SH,三角轮胎,山东省,威海市,2001-02-22,2016-09-09,
3607,601166.SH,兴业银行,福建省,福州市,1988-08-22,2007-02-05,
3608,601168.SH,西部矿业,青海省,西宁市,2000-12-28,2007-07-12,
3609,601169.SH,北京银行,北京,北京市,1996-01-29,2007-09-19,
3610,601177.SH,杭齿前进,浙江省,杭州市,1997-03-14,2010-10-11,
3611,601179.SH,中国西电,陕西省,西安市,2008-04-30,2010-01-28,
3612,601186.SH,中国铁建,北京,北京市,2007-11-05,2008-03-10,
3613,601187.SH,厦门银行,福建省,厦门市,1996-11-26,2020-10-27,
3614,601188.SH,龙江交通,黑龙江省,哈尔滨市,2010-03-01,2010-03-19,
3615,601198.SH,东兴证券,北京,北京市,2008-05-28,2015-02-26,
3616,601199.SH,江南水务,江苏省,江阴市,2003-07-15,2011-03-17,
3617,601200.SH,上海环境,上海,上海市,2004-06-28,2017-03-31,
3618,601208.SH,东材科技,四川省,绵阳市,1994-12-26,2011-05-20,
3619,601211.SH,国泰君安,上海,上海市,1999-08-18,2015-06-26,
3620,601212.SH,白银有色,甘肃省,白银市,2007-07-06,2017-02-15,
3621,601216.SH,君正集团,内蒙古自治区,乌海市,2003-02-16,2011-02-22,
3622,601218.SH,吉鑫科技,江苏省,江阴市,2003-12-19,2011-05-06,
3623,601222.SH,林洋能源,江苏省,启东市,1995-11-06,2011-08-08,
3624,601225.SH,陕西煤业,陕西省,西安市,2008-12-23,2014-01-28,
3625,601226.SH,华电重工,北京,北京市,2008-12-26,2014-12-11,
3626,601228.SH,广州港,广东省,广州市,2010-12-28,2017-03-29,
3627,601229.SH,上海银行,上海,上海市,1996-01-30,2016-11-16,
3628,601231.SH,环旭电子,上海,上海市,2003-01-02,2012-02-20,
3629,601233.SH,桐昆股份,浙江省,桐乡市,1999-09-27,2011-05-18,
3630,601236.SH,红塔证券,云南省,昆明市,2002-01-31,2019-07-05,
3631,601238.SH,广汽集团,广东省,广州市,1997-06-06,2012-03-29,
3632,601258.SH,庞大集团,河北省,滦州市,2003-03-03,2011-04-28,
3633,601279.SH,英利汽车,吉林省,长春市,2006-12-21,2021-04-15,
3634,601288.SH,农业银行,北京,北京市,1986-12-18,2010-07-15,
3635,601298.SH,青岛港,山东省,青岛市,2013-11-15,2019-01-21,
3636,601311.SH,骆驼股份,湖北省,襄阳市,1994-07-02,2011-06-02,
3637,601318.SH,中国平安,广东省,深圳市,1988-03-21,2007-03-01,
3638,601319.SH,中国人保,北京,北京市,1996-08-22,2018-11-16,
3639,601326.SH,秦港股份,河北省,秦皇岛市,2008-03-31,2017-08-16,
3640,601328.SH,交通银行,上海,上海市,1987-03-30,2007-05-15,
3641,601330.SH,绿色动力,广东省,深圳市,2000-03-29,2018-06-11,
3642,601333.SH,广深铁路,广东省,深圳市,1996-03-06,2006-12-22,
3643,601336.SH,新华保险,北京,北京市,1996-09-28,2011-12-16,
3644,601339.SH,百隆东方,浙江省,宁波市,2004-04-29,2012-06-12,
3645,601360.SH,三六零,天津,天津市,1992-06-20,2012-01-16,
3646,601366.SH,利群股份,山东省,青岛市,1998-01-22,2017-04-12,
3647,601368.SH,绿城水务,广西壮族自治区,南宁市,2006-09-14,2015-06-12,
3648,601369.SH,陕鼓动力,陕西省,西安市,1999-06-30,2010-04-28,
3649,601375.SH,中原证券,河南省,郑州市,2002-11-08,2017-01-03,
3650,601377.SH,兴业证券,福建省,福州市,2000-05-19,2010-10-13,
3651,601388.SH,怡球资源,江苏省,太仓市,2001-03-15,2012-04-23,
3652,601390.SH,中国中铁,北京,北京市,2007-09-12,2007-12-03,
3653,601398.SH,工商银行,北京,北京市,1985-11-22,2006-10-27,
3654,601399.SH,国机重装,四川省,德阳市,2001-12-30,2020-06-08,
3655,601456.SH,国联证券,江苏省,无锡市,1999-01-08,2020-07-31,
3656,601500.SH,通用股份,江苏省,无锡市,2002-08-19,2016-09-19,
3657,601512.SH,中新集团,江苏省,苏州市,1994-08-13,2019-12-20,
3658,601515.SH,东风股份,广东省,汕头市,1983-12-30,2012-02-16,
3659,601518.SH,吉林高速,吉林省,长春市,2010-03-01,2010-03-19,
3660,601519.SH,大智慧,上海,上海市,2000-12-14,2011-01-28,
3661,601528.SH,瑞丰银行,浙江省,绍兴市,2005-01-28,2021-06-25,
3662,601555.SH,东吴证券,江苏省,苏州市,1993-04-10,2011-12-12,
3663,601566.SH,九牧王,福建省,晋江市,2004-03-11,2011-05-30,
3664,601567.SH,三星医疗,浙江省,宁波市,2007-02-01,2011-06-15,
3665,601568.SH,北元集团,陕西省,神木市,2003-05-06,2020-10-20,
3666,601577.SH,长沙银行,湖南省,长沙市,1997-08-18,2018-09-26,
3667,601579.SH,会稽山,浙江省,绍兴市,1993-10-18,2014-08-25,
3668,601588.SH,北辰实业,北京,北京市,1998-10-09,2006-10-16,
3669,601595.SH,上海电影,上海,上海市,1994-10-07,2016-08-17,
3670,601598.SH,中国外运,北京,北京市,2002-11-20,2019-01-18,
3671,601599.SH,浙文影业,浙江省,杭州市,2002-12-13,2011-05-27,
3672,601600.SH,中国铝业,北京,北京市,2001-09-10,2007-04-30,
3673,601601.SH,中国太保,上海,上海市,1991-05-13,2007-12-25,
3674,601606.SH,长城军工,安徽省,合肥市,2000-11-16,2018-08-06,
3675,601607.SH,上海医药,上海,上海市,1994-01-18,1994-03-24,
3676,601608.SH,中信重工,河南省,洛阳市,2008-01-26,2012-07-06,
3677,601609.SH,金田股份,浙江省,宁波市,1992-06-20,2020-04-22,
3678,601611.SH,中国核建,上海,上海市,2010-12-21,2016-06-06,
3679,601615.SH,明阳智能,广东省,中山市,2006-06-02,2019-01-23,
3680,601616.SH,广电电气,上海,上海市,1995-12-12,2011-02-01,
3681,601618.SH,中国中冶,北京,北京市,2008-12-01,2009-09-21,
3682,601619.SH,嘉泽新能,宁夏回族自治区,吴忠市,2010-04-16,2017-07-20,
3683,601628.SH,中国人寿,北京,北京市,2003-06-30,2007-01-09,
3684,601633.SH,长城汽车,河北省,保定市,2001-06-12,2011-09-28,
3685,601636.SH,旗滨集团,湖南省,醴陵市,2005-07-08,2011-08-12,
3686,601658.SH,邮储银行,北京,北京市,2007-03-06,2019-12-10,
3687,601665.SH,齐鲁银行,山东省,济南市,1996-06-05,2021-06-18,
3688,601666.SH,平煤股份,河南省,平顶山市,1998-03-17,2006-11-23,
3689,601668.SH,中国建筑,北京,北京市,2007-12-10,2009-07-29,
3690,601669.SH,中国电建,北京,北京市,2009-11-30,2011-10-18,
3691,601677.SH,明泰铝业,河南省,巩义市,1997-04-18,2011-09-19,
3692,601678.SH,滨化股份,山东省,滨州市,1998-05-21,2010-02-23,
3693,601686.SH,友发集团,天津,天津市,2011-12-26,2020-12-04,
3694,601688.SH,华泰证券,江苏省,南京市,1991-04-09,2010-02-26,
3695,601689.SH,拓普集团,浙江省,宁波市,2004-04-22,2015-03-19,
3696,601696.SH,中银证券,上海,上海市,2002-02-28,2020-02-26,
3697,601698.SH,中国卫通,北京,北京市,2001-11-27,2019-06-28,
3698,601699.SH,潞安环能,山西省,长治市,2001-07-19,2006-09-22,
3699,601700.SH,风范股份,江苏省,常熟市,1993-07-15,2011-01-18,
3700,601702.SH,华峰铝业,上海,上海市,2008-07-10,2020-09-07,
3701,601717.SH,郑煤机,河南省,郑州市,2002-11-06,2010-08-03,
3702,601718.SH,际华集团,北京,北京市,2006-08-04,2010-08-16,
3703,601727.SH,上海电气,上海,上海市,2004-03-01,2008-12-05,
3704,601728.SH,中国电信,北京,北京市,2002-09-10,2021-08-20,
3705,601766.SH,中国中车,北京,北京市,2007-12-28,2008-08-18,
3706,601777.SH,力帆科技,重庆,重庆市,1997-12-01,2010-11-25,
3707,601778.SH,晶科科技,江西省,上饶市,2011-07-28,2020-05-19,
3708,601788.SH,光大证券,上海,上海市,1996-04-23,2009-08-18,
3709,601789.SH,宁波建工,浙江省,宁波市,2004-12-20,2011-08-16,
3710,601798.SH,蓝科高新,甘肃省,兰州市,2001-04-30,2011-06-22,
3711,601799.SH,星宇股份,江苏省,常州市,2000-05-18,2011-02-01,
3712,601800.SH,中国交建,北京,北京市,2006-10-08,2012-03-09,
3713,601801.SH,皖新传媒,安徽省,合肥市,1990-03-29,2010-01-18,
3714,601808.SH,中海油服,天津,天津市,2001-12-25,2007-09-28,
3715,601811.SH,新华文轩,四川省,成都市,2005-06-11,2016-08-08,
3716,601816.SH,京沪高铁,北京,北京市,2008-01-09,2020-01-16,
3717,601818.SH,光大银行,北京,北京市,1992-06-18,2010-08-18,
3718,601825.SH,沪农商行,上海,上海市,2005-08-23,2021-08-19,
3719,601827.SH,三峰环境,重庆,重庆市,2009-12-04,2020-06-05,
3720,601828.SH,美凯龙,上海,上海市,2007-06-18,2018-01-17,
3721,601838.SH,成都银行,四川省,成都市,1997-05-08,2018-01-31,
3722,601857.SH,中国石油,北京,北京市,1999-11-05,2007-11-05,
3723,601858.SH,中国科传,北京,北京市,1999-04-15,2017-01-18,
3724,601860.SH,紫金银行,江苏省,南京市,2011-03-25,2019-01-03,
3725,601865.SH,福莱特,浙江省,嘉兴市,1998-06-24,2019-02-15,
3726,601866.SH,中远海发,上海,上海市,2004-03-03,2007-12-12,
3727,601868.SH,中国能建,北京,北京市,2014-12-19,2021-09-28,
3728,601869.SH,长飞光纤,湖北省,武汉市,1988-05-31,2018-07-20,
3729,601872.SH,招商轮船,上海,上海市,2004-12-31,2006-12-01,
3730,601877.SH,正泰电器,浙江省,乐清市,1997-08-05,2010-01-21,
3731,601878.SH,浙商证券,浙江省,杭州市,2002-05-09,2017-06-26,
3732,601880.SH,辽港股份,辽宁省,大连市,2005-11-16,2010-12-06,
3733,601881.SH,中国银河,北京,北京市,2007-01-26,2017-01-23,
3734,601882.SH,海天精工,浙江省,宁波市,2002-04-10,2016-11-07,
3735,601886.SH,江河集团,北京,北京市,1999-02-04,2011-08-18,
3736,601888.SH,中国中免,北京,北京市,2008-03-28,2009-10-15,
3737,601890.SH,亚星锚链,江苏省,靖江市,2000-03-16,2010-12-28,
3738,601898.SH,中煤能源,北京,北京市,2006-08-22,2008-02-01,
3739,601899.SH,紫金矿业,福建省,龙岩市,2000-09-06,2008-04-25,
3740,601900.SH,南方传媒,广东省,广州市,2009-12-28,2016-02-15,
3741,601901.SH,方正证券,湖南省,长沙市,1994-10-26,2011-08-10,
3742,601908.SH,京运通,北京,北京市,2002-08-08,2011-09-08,
3743,601916.SH,浙商银行,浙江省,杭州市,1993-04-16,2019-11-26,
3744,601918.SH,新集能源,安徽省,淮南市,1997-12-01,2007-12-19,
3745,601919.SH,中远海控,天津,天津市,2007-01-05,2007-06-26,
3746,601921.SH,浙版传媒,浙江省,杭州市,2016-05-25,2021-07-23,
3747,601928.SH,凤凰传媒,江苏省,南京市,1985-02-05,2011-11-30,
3748,601929.SH,吉视传媒,吉林省,长春市,2001-05-09,2012-02-23,
3749,601933.SH,永辉超市,福建省,福州市,2001-04-13,2010-12-15,
3750,601939.SH,建设银行,北京,北京市,2004-09-17,2007-09-25,
3751,601949.SH,中国出版,北京,北京市,2011-12-19,2017-08-21,
3752,601952.SH,苏垦农发,江苏省,南京市,1992-05-06,2017-05-15,
3753,601956.SH,东贝集团,湖北省,黄石市,2002-01-18,2020-12-25,
3754,601958.SH,金钼股份,陕西省,西安市,2007-05-16,2008-04-17,
3755,601963.SH,重庆银行,重庆,重庆市,1996-09-02,2021-02-05,
3756,601965.SH,中国汽研,重庆,重庆市,2001-01-11,2012-06-11,
3757,601966.SH,玲珑轮胎,山东省,招远市,1994-06-06,2016-07-06,
3758,601968.SH,宝钢包装,上海,上海市,2004-03-26,2015-06-11,
3759,601969.SH,海南矿业,海南省,昌江黎族自治县,2007-08-22,2014-12-09,
3760,601975.SH,招商南油,江苏省,南京市,1993-09-08,2019-01-08,
3761,601985.SH,中国核电,北京,北京市,2008-01-21,2015-06-10,
3762,601988.SH,中国银行,北京,北京市,1983-10-31,2006-07-05,
3763,601989.SH,中国重工,北京,北京市,2008-03-18,2009-12-16,
3764,601990.SH,南京证券,江苏省,南京市,1990-11-23,2018-06-13,
3765,601991.SH,大唐发电,北京,北京市,1994-12-13,2006-12-20,
3766,601992.SH,金隅集团,北京,北京市,2005-12-22,2011-03-01,
3767,601995.SH,中金公司,北京,北京市,1995-07-31,2020-11-02,
3768,601996.SH,丰林集团,广西壮族自治区,南宁市,2000-08-08,2011-09-29,
3769,601997.SH,贵阳银行,贵州省,贵阳市,1997-04-09,2016-08-16,
3770,601998.SH,中信银行,北京,北京市,1987-04-20,2007-04-27,
3771,601999.SH,出版传媒,辽宁省,沈阳市,2006-08-29,2007-12-21,
3772,603000.SH,人民网,北京,北京市,2005-02-06,2012-04-27,
3773,603001.SH,奥康国际,浙江省,温州市,2001-11-12,2012-04-26,
3774,603002.SH,宏昌电子,广东省,广州市,1995-09-28,2012-05-18,
3775,603003.SH,龙宇股份,上海,上海市,1997-12-17,2012-08-17,
3776,603005.SH,晶方科技,江苏省,苏州市,2005-06-10,2014-02-10,
3777,603006.SH,联明股份,上海,上海市,2003-01-30,2014-06-30,
3778,603007.SH,ST花王,江苏省,丹阳市,2003-04-15,2016-08-26,
3779,603008.SH,喜临门,浙江省,绍兴市,1996-11-06,2012-07-17,
3780,603009.SH,北特科技,上海,上海市,2002-06-21,2014-07-18,
3781,603010.SH,万盛股份,浙江省,临海市,2000-07-17,2014-10-10,
3782,603011.SH,合锻智能,安徽省,合肥市,1997-09-07,2014-11-07,
3783,603012.SH,创力集团,上海,上海市,2003-09-27,2015-03-20,
3784,603013.SH,亚普股份,江苏省,扬州市,1993-07-04,2018-05-09,
3785,603015.SH,弘讯科技,浙江省,宁波市,2001-09-05,2015-03-03,
3786,603016.SH,新宏泰,江苏省,无锡市,2008-11-03,2016-07-01,
3787,603017.SH,中衡设计,江苏省,苏州市,1995-04-14,2014-12-31,
3788,603018.SH,华设集团,江苏省,南京市,2005-08-12,2014-10-13,
3789,603019.SH,中科曙光,天津,天津市,2006-03-07,2014-11-06,
3790,603020.SH,爱普股份,上海,上海市,1995-06-28,2015-03-25,
3791,603021.SH,山东华鹏,山东省,荣成市,2001-12-29,2015-04-23,
3792,603022.SH,新通联,上海,上海市,1999-07-27,2015-05-18,
3793,603023.SH,威帝股份,黑龙江省,哈尔滨市,2000-07-28,2015-05-27,
3794,603025.SH,大豪科技,北京,北京市,2000-09-25,2015-04-22,
3795,603026.SH,胜华新材,山东省,东营市,2002-12-31,2015-05-29,
3796,603027.SH,千禾味业,四川省,眉山市,1996-01-31,2016-03-07,
3797,603028.SH,赛福天,江苏省,无锡市,2005-06-23,2016-03-31,
3798,603029.SH,天鹅股份,山东省,济南市,2002-07-08,2016-04-27,
3799,603030.SH,全筑股份,上海,上海市,1998-10-14,2015-03-20,
3800,603031.SH,安孚科技,安徽省,合肥市,1999-05-07,2016-08-22,
3801,603032.SH,德新科技,新疆维吾尔自治区,乌鲁木齐市,2003-05-28,2017-01-05,
3802,603033.SH,三维股份,浙江省,台州市,1997-08-29,2016-12-07,
3803,603035.SH,常熟汽饰,江苏省,常熟市,1996-07-25,2017-01-05,
3804,603036.SH,如通股份,江苏省,南通市,1989-10-12,2016-12-09,
3805,603037.SH,凯众股份,上海,上海市,2000-07-31,2017-01-20,
3806,603038.SH,华立股份,广东省,东莞市,1995-05-25,2017-01-16,
3807,603039.SH,ST泛微,上海,上海市,2001-03-14,2017-01-13,
3808,603040.SH,新坐标,浙江省,杭州市,2002-07-31,2017-02-09,
3809,603041.SH,美思德,江苏省,南京市,2000-11-24,2017-03-30,
3810,603042.SH,华脉科技,江苏省,南京市,1998-12-16,2017-06-02,
3811,603043.SH,广州酒家,广东省,广州市,1992-05-11,2017-06-27,
3812,603045.SH,福达合金,浙江省,温州市,1999-04-05,2018-05-17,
3813,603048.SH,浙江黎明,浙江省,舟山市,1997-05-15,2021-11-16,
3814,603050.SH,科林电气,河北省,石家庄市,2000-02-12,2017-04-14,
3815,603051.SH,鹿山新材,广东省,广州市,1998-11-12,2022-03-25,
3816,603052.SH,可川科技,江苏省,昆山市,2012-03-15,2022-10-11,
3817,603053.SH,成都燃气,四川省,成都市,1986-04-11,2019-12-17,
3818,603055.SH,台华新材,浙江省,嘉兴市,2001-02-21,2017-09-21,
3819,603056.SH,德邦股份,上海,上海市,2009-08-06,2018-01-16,
3820,603057.SH,紫燕食品,上海,上海市,2000-06-09,2022-09-26,
3821,603058.SH,永吉股份,贵州省,贵阳市,1997-03-12,2016-12-23,
3822,603059.SH,倍加洁,江苏省,扬州市,1997-01-08,2018-03-02,
3823,603060.SH,国检集团,北京,北京市,1984-10-18,2016-11-09,
3824,603061.SH,金海通,天津,天津市,2012-12-24,2023-03-03,
3825,603063.SH,禾望电气,广东省,深圳市,2007-04-20,2017-07-28,
3826,603066.SH,音飞储存,江苏省,南京市,2002-06-17,2015-06-11,
3827,603067.SH,振华股份,湖北省,黄石市,2003-06-19,2016-09-13,
3828,603068.SH,博通集成,上海,上海市,2004-12-01,2019-04-15,
3829,603069.SH,海汽集团,海南省,海口市,1985-11-28,2016-07-12,
3830,603070.SH,万控智造,浙江省,乐清市,2016-10-14,2022-03-10,
3831,603071.SH,物产环能,浙江省,杭州市,2000-06-29,2021-12-16,
3832,603076.SH,乐惠国际,浙江省,宁波市,1998-09-15,2017-11-13,
3833,603077.SH,和邦生物,四川省,乐山市,2002-08-01,2012-07-31,
3834,603078.SH,江化微,江苏省,江阴市,2001-08-17,2017-04-10,
3835,603079.SH,圣达生物,浙江省,台州市,1999-02-08,2017-08-23,
3836,603080.SH,新疆火炬,新疆维吾尔自治区,喀什市,2003-04-23,2018-01-03,
3837,603081.SH,大丰实业,浙江省,余姚市,2002-03-08,2017-04-20,
3838,603083.SH,剑桥科技,上海,上海市,2006-03-14,2017-11-10,
3839,603085.SH,天成自控,浙江省,台州市,2000-01-21,2015-06-30,
3840,603086.SH,先达股份,山东省,滨州市,2002-09-20,2017-05-11,
3841,603087.SH,甘李药业,北京,北京市,1998-06-17,2020-06-29,
3842,603088.SH,宁波精达,浙江省,宁波市,2002-08-15,2014-11-11,
3843,603089.SH,正裕工业,浙江省,玉环市,1998-08-20,2017-01-26,
3844,603090.SH,宏盛股份,江苏省,无锡市,2000-12-25,2016-08-31,
3845,603093.SH,南华期货,浙江省,杭州市,1996-05-28,2019-08-30,
3846,603095.SH,越剑智能,浙江省,绍兴市,2000-04-07,2020-04-15,
3847,603096.SH,新经典,天津,天津市,2009-08-13,2017-04-25,
3848,603097.SH,江苏华辰,江苏省,徐州市,2007-09-04,2022-05-12,
3849,603098.SH,森特股份,北京,北京市,2001-12-05,2016-12-16,
3850,603099.SH,长白山,吉林省,延边朝鲜族自治州,2010-12-08,2014-08-22,
3851,603100.SH,川仪股份,重庆,重庆市,1999-11-01,2014-08-05,
3852,603101.SH,汇嘉时代,新疆维吾尔自治区,乌鲁木齐市,2008-04-07,2016-05-06,
3853,603102.SH,百合股份,山东省,荣成市,2005-11-16,2022-01-25,
3854,603103.SH,横店影视,浙江省,东阳市,2008-09-04,2017-10-12,
3855,603105.SH,芯能科技,浙江省,海宁市,2008-07-09,2018-07-09,
3856,603106.SH,恒银科技,天津,天津市,2004-05-12,2017-09-20,
3857,603108.SH,润达医疗,上海,上海市,1999-01-06,2015-05-27,
3858,603109.SH,神驰机电,重庆,重庆市,1993-04-07,2019-12-31,
3859,603110.SH,东方材料,安徽省,合肥市,1994-12-18,2017-10-13,
3860,603111.SH,康尼机电,江苏省,南京市,2000-10-27,2014-08-01,
3861,603112.SH,华翔股份,山西省,临汾市,2008-12-29,2020-09-17,
3862,603113.SH,金能科技,山东省,德州市,2004-11-18,2017-05-11,
3863,603115.SH,海星股份,江苏省,南通市,1998-01-08,2019-08-09,
3864,603116.SH,红蜻蜓,浙江省,温州市,2007-09-19,2015-06-29,
3865,603117.SH,ST万林,江苏省,靖江市,2007-11-12,2015-06-29,
3866,603118.SH,共进股份,广东省,深圳市,1998-11-24,2015-02-25,
3867,603121.SH,华培动力,上海,上海市,2006-06-22,2019-01-11,
3868,603122.SH,合富中国,上海,上海市,2000-10-24,2022-02-16,
3869,603123.SH,翠微股份,北京,北京市,2003-01-23,2012-05-03,
3870,603126.SH,中材节能,天津,天津市,1998-06-01,2014-07-31,
3871,603127.SH,昭衍新药,北京,北京市,1998-02-25,2017-08-25,
3872,603128.SH,华贸物流,上海,上海市,1984-12-26,2012-05-29,
3873,603129.SH,春风动力,浙江省,杭州市,2003-12-09,2017-08-18,
3874,603130.SH,云中马,浙江省,丽水市,2010-09-16,2022-11-18,
3875,603131.SH,上海沪工,上海,上海市,1995-12-06,2016-06-07,
3876,603132.SH,金徽股份,甘肃省,陇南市,2011-03-16,2022-02-22,
3877,603133.SH,碳元科技,江苏省,常州市,2010-08-13,2017-03-20,
3878,603136.SH,天目湖,江苏省,溧阳市,1992-09-15,2017-09-27,
3879,603138.SH,海量数据,北京,北京市,2007-07-30,2017-03-06,
3880,603139.SH,康惠制药,陕西省,咸阳市,2009-12-24,2017-04-21,
3881,603150.SH,万朗磁塑,安徽省,合肥市,1999-10-27,2022-01-24,
3882,603151.SH,邦基科技,山东省,淄博市,2007-04-23,2022-10-19,
3883,603155.SH,新亚强,江苏省,宿迁市,2009-11-13,2020-09-01,
3884,603156.SH,养元饮品,河北省,衡水市,1997-09-24,2018-02-12,
3885,603158.SH,腾龙股份,江苏省,常州市,2005-05-26,2015-03-20,
3886,603159.SH,上海亚虹,上海,上海市,1997-04-07,2016-08-12,
3887,603160.SH,汇顶科技,广东省,深圳市,2002-05-31,2016-10-17,
3888,603161.SH,科华控股,江苏省,溧阳市,2002-06-13,2018-01-05,
3889,603163.SH,圣晖集成,江苏省,苏州市,2003-09-03,2022-10-13,
3890,603165.SH,荣晟环保,浙江省,平湖市,1998-11-09,2017-01-17,
3891,603166.SH,福达股份,广西壮族自治区,桂林市,2000-12-28,2014-11-27,
3892,603167.SH,渤海轮渡,山东省,烟台市,1998-10-15,2012-09-06,
3893,603168.SH,莎普爱思,浙江省,平湖市,2000-07-17,2014-07-02,
3894,603169.SH,兰石重装,甘肃省,兰州市,2001-10-22,2014-10-09,
3895,603170.SH,宝立食品,上海,上海市,2001-12-20,2022-07-15,
3896,603171.SH,税友股份,浙江省,杭州市,1999-12-22,2021-06-30,
3897,603173.SH,福斯达,浙江省,杭州市,2000-07-04,2023-01-30,
3898,603176.SH,汇通集团,河北省,高碑店市,2005-04-08,2021-12-31,
3899,603177.SH,德创环保,浙江省,绍兴市,2005-09-06,2017-02-07,
3900,603178.SH,圣龙股份,浙江省,宁波市,2007-04-17,2017-03-28,
3901,603179.SH,新泉股份,江苏省,丹阳市,2001-04-28,2017-03-17,
3902,603180.SH,金牌厨柜,福建省,厦门市,1999-01-26,2017-05-12,
3903,603181.SH,皇马科技,浙江省,绍兴市,2003-05-30,2017-08-24,
3904,603182.SH,嘉华股份,山东省,聊城市,2000-12-08,2022-09-09,
3905,603183.SH,建研院,江苏省,苏州市,1990-03-28,2017-09-05,
3906,603185.SH,上机数控,江苏省,无锡市,2002-09-28,2018-12-28,
3907,603186.SH,华正新材,浙江省,杭州市,2003-03-06,2017-01-03,
3908,603187.SH,海容冷链,山东省,青岛市,2006-08-08,2018-11-29,
3909,603188.SH,亚邦股份,江苏省,常州市,2006-02-24,2014-09-09,
3910,603189.SH,网达软件,上海,上海市,2009-12-09,2016-09-14,
3911,603190.SH,亚通精工,山东省,莱州市,2002-04-18,2023-02-17,
3912,603191.SH,望变电气,重庆,重庆市,1994-08-16,2022-04-28,
3913,603192.SH,汇得科技,上海,上海市,2007-06-25,2018-08-28,
3914,603195.SH,公牛集团,浙江省,慈溪市,2008-01-18,2020-02-06,
3915,603196.SH,日播时尚,上海,上海市,2002-04-25,2017-05-31,
3916,603197.SH,保隆科技,上海,上海市,1997-05-20,2017-05-19,
3917,603198.SH,迎驾贡酒,安徽省,六安市,2003-11-28,2015-05-28,
3918,603199.SH,九华旅游,安徽省,池州市,2000-12-27,2015-03-26,
3919,603200.SH,上海洗霸,上海,上海市,1994-07-04,2017-06-01,
3920,603201.SH,常润股份,江苏省,常熟市,2002-08-05,2022-07-29,
3921,603203.SH,快克智能,江苏省,常州市,2006-06-28,2016-11-08,
3922,603206.SH,嘉环科技,江苏省,南京市,1998-11-19,2022-05-06,
3923,603208.SH,江山欧派,浙江省,江山市,2006-07-31,2017-02-10,
3924,603209.SH,兴通股份,福建省,泉州市,1997-12-18,2022-03-24,
3925,603211.SH,晋拓股份,上海,上海市,2004-07-01,2022-07-25,
3926,603212.SH,赛伍技术,江苏省,苏州市,2008-11-04,2020-04-30,
3927,603213.SH,镇洋发展,浙江省,宁波市,2004-12-21,2021-11-11,
3928,603214.SH,爱婴室,上海,上海市,2005-08-22,2018-03-30,
3929,603215.SH,比依股份,浙江省,余姚市,2001-03-20,2022-02-18,
3930,603216.SH,梦天家居,浙江省,嘉兴市,2003-09-22,2021-12-15,
3931,603217.SH,元利科技,山东省,潍坊市,2003-02-17,2019-06-20,
3932,603218.SH,日月股份,浙江省,宁波市,2007-12-13,2016-12-28,
3933,603219.SH,富佳股份,浙江省,余姚市,2002-08-08,2021-11-22,
3934,603220.SH,中贝通信,湖北省,武汉市,1999-12-29,2018-11-15,
3935,603221.SH,爱丽家居,江苏省,张家港市,1999-11-01,2020-03-23,
3936,603222.SH,济民医疗,浙江省,台州市,1996-12-24,2015-02-17,
3937,603223.SH,恒通股份,山东省,龙口市,2007-05-22,2015-06-30,
3938,603225.SH,新凤鸣,浙江省,桐乡市,2000-02-22,2017-04-18,
3939,603226.SH,菲林格尔,上海,上海市,1995-03-13,2017-06-15,
3940,603227.SH,雪峰科技,新疆维吾尔自治区,乌鲁木齐市,1984-06-27,2015-05-15,
3941,603228.SH,景旺电子,广东省,深圳市,1993-03-09,2017-01-06,
3942,603229.SH,奥翔药业,浙江省,临海市,2010-04-22,2017-05-09,
3943,603230.SH,内蒙新华,内蒙古自治区,呼和浩特市,1999-05-28,2021-12-24,
3944,603232.SH,格尔软件,上海,上海市,1998-03-03,2017-04-21,
3945,603233.SH,大参林,广东省,广州市,1999-02-12,2017-07-31,
3946,603235.SH,天新药业,江西省,乐平市,2004-09-24,2022-07-12,
3947,603236.SH,移远通信,上海,上海市,2010-10-25,2019-07-16,
3948,603237.SH,五芳斋,浙江省,嘉兴市,1998-04-27,2022-08-31,
3949,603238.SH,诺邦股份,浙江省,杭州市,2002-11-27,2017-02-22,
3950,603239.SH,浙江仙通,浙江省,台州市,1996-11-25,2016-12-30,
3951,603255.SH,鼎际得,辽宁省,营口市,2004-05-12,2022-08-18,
3952,603256.SH,宏和科技,上海,上海市,1998-08-13,2019-07-19,
3953,603258.SH,电魂网络,浙江省,杭州市,2008-09-01,2016-10-26,
3954,603259.SH,药明康德,江苏省,无锡市,2000-12-01,2018-05-08,
3955,603260.SH,合盛硅业,浙江省,平湖市,2005-08-23,2017-10-30,
3956,603261.SH,立航科技,四川省,成都市,2003-07-03,2022-03-15,
3957,603266.SH,天龙股份,浙江省,慈溪市,2000-07-03,2017-01-10,
3958,603267.SH,鸿远电子,北京,北京市,2001-12-06,2019-05-15,
3959,603268.SH,松发股份,广东省,潮州市,2002-07-11,2015-03-19,
3960,603269.SH,海鸥股份,江苏省,常州市,1993-11-12,2017-05-17,
3961,603272.SH,联翔股份,浙江省,嘉兴市,2004-07-04,2022-05-20,
3962,603277.SH,银都股份,浙江省,杭州市,2003-04-10,2017-09-11,
3963,603278.SH,大业股份,山东省,诸城市,2003-11-24,2017-11-13,
3964,603279.SH,景津装备,山东省,德州市,2010-12-28,2019-07-29,
3965,603280.SH,南方路机,福建省,泉州市,1997-05-09,2022-11-08,
3966,603281.SH,江瀚新材,湖北省,荆州市,1998-07-21,2023-01-31,
3967,603283.SH,赛腾股份,江苏省,苏州市,2007-06-19,2017-12-25,
3968,603286.SH,日盈电子,江苏省,常州市,1998-08-12,2017-06-27,
3969,603288.SH,海天味业,广东省,佛山市,2000-04-08,2014-02-11,
3970,603289.SH,泰瑞机器,浙江省,杭州市,2006-08-08,2017-10-31,
3971,603290.SH,斯达半导,浙江省,嘉兴市,2005-04-27,2020-02-04,
3972,603297.SH,永新光学,浙江省,宁波市,1997-02-21,2018-09-10,
3973,603298.SH,杭叉集团,浙江省,杭州市,2003-05-06,2016-12-27,
3974,603299.SH,苏盐井神,江苏省,淮安市,2001-04-06,2015-12-31,
3975,603300.SH,华铁应急,浙江省,杭州市,2008-11-21,2015-05-29,
3976,603301.SH,振德医疗,浙江省,绍兴市,1994-08-18,2018-04-12,
3977,603303.SH,得邦照明,浙江省,东阳市,1996-12-30,2017-03-30,
3978,603305.SH,旭升集团,浙江省,宁波市,2003-08-25,2017-07-10,
3979,603306.SH,华懋科技,福建省,厦门市,2002-05-16,2014-09-26,
3980,603307.SH,扬州金泉,江苏省,扬州市,1998-02-12,2023-02-16,
3981,603308.SH,应流股份,安徽省,合肥市,2006-04-25,2014-01-22,
3982,603309.SH,维力医疗,广东省,广州市,2004-04-30,2015-03-02,
3983,603311.SH,金海高科,浙江省,诸暨市,1995-07-05,2015-05-18,
3984,603313.SH,梦百合,江苏省,如皋市,2003-05-30,2016-10-13,
3985,603315.SH,福鞍股份,辽宁省,鞍山市,2004-07-14,2015-04-24,
3986,603316.SH,诚邦股份,浙江省,杭州市,1996-04-08,2017-06-19,
3987,603317.SH,天味食品,四川省,成都市,2007-03-02,2019-04-16,
3988,603318.SH,水发燃气,辽宁省,大连市,2002-12-04,2015-04-24,
3989,603319.SH,湘油泵,湖南省,衡阳市,1994-07-04,2016-11-30,
3990,603320.SH,迪贝电气,浙江省,嵊州市,1993-12-27,2017-05-02,
3991,603321.SH,梅轮电梯,浙江省,绍兴市,2000-05-23,2017-09-15,
3992,603322.SH,超讯通信,广东省,广州市,1998-08-28,2016-07-28,
3993,603323.SH,苏农银行,江苏省,苏州市,2004-08-25,2016-11-29,
3994,603324.SH,盛剑环境,上海,上海市,2012-06-15,2021-04-07,
3995,603326.SH,我乐家居,江苏省,南京市,2006-06-19,2017-06-16,
3996,603327.SH,福蓉科技,四川省,崇州市,2011-04-26,2019-05-23,
3997,603328.SH,依顿电子,广东省,中山市,2000-03-02,2014-07-01,
3998,603329.SH,上海雅仕,上海,上海市,2003-05-22,2017-12-29,
3999,603330.SH,天洋新材,上海,上海市,2002-01-11,2017-02-13,
4000,603331.SH,百达精工,浙江省,台州市,2000-08-07,2017-07-05,
4001,603332.SH,苏州龙杰,江苏省,张家港市,2003-06-11,2019-01-17,
4002,603333.SH,尚纬股份,四川省,乐山市,2003-07-07,2012-05-07,
4003,603335.SH,迪生力,广东省,台山市,2001-10-26,2017-06-20,
4004,603336.SH,宏辉果蔬,广东省,汕头市,1992-12-10,2016-11-24,
4005,603337.SH,杰克股份,浙江省,台州市,2003-08-27,2017-01-19,
4006,603338.SH,浙江鼎力,浙江省,湖州市,2005-05-16,2015-03-25,
4007,603339.SH,四方科技,江苏省,南通市,1990-05-19,2016-05-19,
4008,603345.SH,安井食品,福建省,厦门市,2001-12-24,2017-02-22,
4009,603348.SH,文灿股份,广东省,佛山市,1998-09-04,2018-04-26,
4010,603351.SH,威尔药业,江苏省,南京市,2000-02-18,2019-01-30,
4011,603353.SH,和顺石油,湖南省,长沙市,2005-07-18,2020-04-07,
4012,603355.SH,莱克电气,江苏省,苏州市,2001-12-26,2015-05-13,
4013,603356.SH,华菱精工,安徽省,宣城市,2005-09-07,2018-01-24,
4014,603357.SH,设计总院,安徽省,合肥市,1994-03-11,2017-08-01,
4015,603358.SH,华达科技,江苏省,靖江市,2002-11-25,2017-01-25,
4016,603359.SH,东珠生态,江苏省,无锡市,2001-07-05,2017-09-01,
4017,603360.SH,百傲化学,辽宁省,大连市,2003-09-22,2017-02-06,
4018,603363.SH,傲农生物,福建省,漳州市,2011-04-26,2017-09-26,
4019,603365.SH,水星家纺,上海,上海市,2000-12-07,2017-11-20,
4020,603366.SH,日出东方,江苏省,连云港市,1997-04-01,2012-05-21,
4021,603367.SH,辰欣药业,山东省,济宁市,1998-11-06,2017-09-29,
4022,603368.SH,柳药集团,广西壮族自治区,柳州市,1981-12-23,2014-12-04,
4023,603369.SH,今世缘,江苏省,淮安市,1997-12-23,2014-07-03,
4024,603377.SH,东方时尚,北京,北京市,2005-08-12,2016-02-05,
4025,603378.SH,亚士创能,上海,上海市,2009-02-13,2017-09-28,
4026,603379.SH,三美股份,浙江省,金华市,2001-05-11,2019-04-02,
4027,603380.SH,易德龙,江苏省,苏州市,2001-05-31,2017-06-22,
4028,603383.SH,顶点软件,福建省,福州市,2000-10-25,2017-05-22,
4029,603385.SH,惠达卫浴,河北省,唐山市,1997-12-11,2017-04-05,
4030,603386.SH,骏亚科技,广东省,惠州市,2005-11-22,2017-09-12,
4031,603387.SH,基蛋生物,江苏省,南京市,2002-03-08,2017-07-17,
4032,603388.SH,元成股份,浙江省,杭州市,1999-12-23,2017-03-24,
4033,603389.SH,亚振家居,江苏省,南通市,2000-08-15,2016-12-15,
4034,603390.SH,通达电气,广东省,广州市,1994-01-11,2019-11-25,
4035,603392.SH,万泰生物,北京,北京市,1991-04-24,2020-04-29,
4036,603393.SH,新天然气,新疆维吾尔自治区,乌鲁木齐市,2002-06-13,2016-09-12,
4037,603396.SH,金辰股份,辽宁省,营口市,2004-08-30,2017-10-18,
4038,603398.SH,沐邦高科,江西省,南昌市,2003-08-18,2015-12-09,
4039,603399.SH,吉翔股份,辽宁省,凌海市,2003-06-18,2012-08-24,
4040,603408.SH,建霖家居,福建省,厦门市,1990-06-30,2020-07-30,
4041,603416.SH,信捷电气,江苏省,无锡市,2008-04-22,2016-12-21,
4042,603421.SH,鼎信通讯,山东省,青岛市,2008-03-26,2016-10-11,
4043,603429.SH,集友股份,安徽省,安庆市,1998-09-15,2017-01-24,
4044,603439.SH,贵州三力,贵州省,安顺市,1995-09-22,2020-04-28,
4045,603444.SH,吉比特,福建省,厦门市,2004-03-26,2017-01-04,
4046,603456.SH,九洲药业,浙江省,台州市,1998-07-13,2014-10-10,
4047,603458.SH,勘设股份,贵州省,贵阳市,2010-04-30,2017-08-09,
4048,603466.SH,风语筑,上海,上海市,2003-08-12,2017-10-20,
4049,603477.SH,巨星农牧,四川省,乐山市,2013-12-24,2017-12-18,
4050,603486.SH,科沃斯,江苏省,苏州市,1998-03-11,2018-05-28,
4051,603488.SH,展鹏科技,江苏省,无锡市,2001-02-08,2017-05-16,
4052,603489.SH,八方股份,江苏省,苏州市,2003-07-28,2019-11-11,
4053,603496.SH,恒为科技,上海,上海市,2003-03-31,2017-06-07,
4054,603499.SH,翔港科技,上海,上海市,2006-08-30,2017-10-16,
4055,603500.SH,祥和实业,浙江省,台州市,1997-10-05,2017-09-04,
4056,603501.SH,韦尔股份,上海,上海市,2007-05-15,2017-05-04,
4057,603505.SH,金石资源,浙江省,杭州市,2001-05-15,2017-05-03,
4058,603506.SH,南都物业,浙江省,杭州市,1994-04-13,2018-02-01,
4059,603507.SH,振江股份,江苏省,江阴市,2004-03-01,2017-11-06,
4060,603508.SH,思维列控,河南省,郑州市,1998-04-29,2015-12-24,
4061,603511.SH,爱慕股份,北京,北京市,1981-10-13,2021-05-31,
4062,603515.SH,欧普照明,上海,上海市,2008-10-21,2016-08-19,
4063,603516.SH,淳中科技,北京,北京市,2011-05-16,2018-02-02,
4064,603517.SH,绝味食品,湖南省,长沙市,2008-12-17,2017-03-17,
4065,603518.SH,锦泓集团,江苏省,南京市,2003-03-14,2014-12-03,
4066,603519.SH,立霸股份,江苏省,宜兴市,1994-01-19,2015-03-19,
4067,603520.SH,司太立,浙江省,台州市,1997-09-15,2016-03-09,
4068,603527.SH,众源新材,安徽省,芜湖市,2005-04-06,2017-09-07,
4069,603528.SH,多伦科技,江苏省,南京市,1995-12-25,2016-05-03,
4070,603529.SH,爱玛科技,天津,天津市,1999-09-27,2021-06-15,
4071,603530.SH,神马电力,江苏省,南通市,1996-08-29,2019-08-05,
4072,603533.SH,掌阅科技,北京,北京市,2008-09-08,2017-09-21,
4073,603535.SH,嘉诚国际,广东省,广州市,2000-10-24,2017-08-08,
4074,603536.SH,惠发食品,山东省,诸城市,2005-02-02,2017-06-13,
4075,603538.SH,美诺华,浙江省,宁波市,2004-02-19,2017-04-07,
4076,603551.SH,奥普家居,浙江省,杭州市,2004-09-09,2020-01-15,
4077,603555.SH,贵人鸟,福建省,晋江市,2004-07-13,2014-01-24,
4078,603556.SH,海兴电力,浙江省,杭州市,2001-07-06,2016-11-10,
4079,603557.SH,ST起步,浙江省,丽水市,2009-12-28,2017-08-18,
4080,603558.SH,健盛集团,浙江省,杭州市,1993-12-06,2015-01-27,
4081,603559.SH,中通国脉,吉林省,长春市,1986-06-26,2016-12-02,
4082,603565.SH,中谷物流,上海,上海市,2010-03-05,2020-09-25,
4083,603566.SH,普莱柯,河南省,洛阳市,2002-06-22,2015-05-18,
4084,603567.SH,珍宝岛,黑龙江省,虎林市,1996-10-28,2015-04-24,
4085,603568.SH,伟明环保,浙江省,温州市,2001-12-29,2015-05-28,
4086,603569.SH,长久物流,北京,北京市,2003-09-10,2016-08-10,
4087,603577.SH,汇金通,山东省,胶州市,2004-04-06,2016-12-22,
4088,603578.SH,三星新材,浙江省,湖州市,1999-06-24,2017-03-06,
4089,603579.SH,荣泰健康,上海,上海市,2002-11-15,2017-01-11,
4090,603580.SH,艾艾精工,上海,上海市,1997-04-08,2017-05-25,
4091,603583.SH,捷昌驱动,浙江省,绍兴市,2010-04-30,2018-09-21,
4092,603585.SH,苏利股份,江苏省,江阴市,1994-12-22,2016-12-14,
4093,603586.SH,金麒麟,山东省,乐陵市,1999-08-10,2017-04-06,
4094,603587.SH,地素时尚,上海,上海市,2002-05-23,2018-06-22,
4095,603588.SH,高能环境,北京,北京市,1992-08-28,2014-12-29,
4096,603589.SH,口子窖,安徽省,淮北市,2002-12-26,2015-06-29,
4097,603590.SH,康辰药业,北京,北京市,2003-09-03,2018-08-27,
4098,603595.SH,东尼电子,浙江省,湖州市,2008-01-25,2017-07-12,
4099,603596.SH,伯特利,安徽省,芜湖市,2004-06-25,2018-04-27,
4100,603598.SH,引力传媒,北京,北京市,2005-08-10,2015-05-27,
4101,603599.SH,广信股份,安徽省,广德市,2000-03-15,2015-05-13,
4102,603600.SH,永艺股份,浙江省,湖州市,2001-04-27,2015-01-23,
4103,603601.SH,再升科技,重庆,重庆市,2007-06-28,2015-01-22,
4104,603602.SH,纵横通信,浙江省,杭州市,2006-12-28,2017-08-10,
4105,603603.SH,*ST博天,北京,北京市,1995-01-18,2017-02-17,
4106,603605.SH,珀莱雅,浙江省,杭州市,2006-05-24,2017-11-15,
4107,603606.SH,东方电缆,浙江省,宁波市,1998-10-22,2014-10-15,
4108,603607.SH,京华激光,浙江省,绍兴市,1992-10-08,2017-10-25,
4109,603608.SH,天创时尚,广东省,广州市,2004-04-09,2016-02-18,
4110,603609.SH,禾丰股份,辽宁省,沈阳市,2003-03-27,2014-08-08,
4111,603610.SH,麒盛科技,浙江省,嘉兴市,2005-10-19,2019-10-29,
4112,603611.SH,诺力股份,浙江省,湖州市,2000-03-03,2015-01-28,
4113,603612.SH,索通发展,山东省,德州市,2003-08-27,2017-07-18,
4114,603613.SH,国联股份,北京,北京市,2002-09-06,2019-07-30,
4115,603615.SH,茶花股份,福建省,福州市,1997-03-03,2017-02-13,
4116,603616.SH,韩建河山,北京,北京市,2004-07-07,2015-06-11,
4117,603617.SH,君禾股份,浙江省,宁波市,2003-04-30,2017-07-03,
4118,603618.SH,杭电股份,浙江省,杭州市,2002-04-17,2015-02-17,
4119,603619.SH,中曼石油,上海,上海市,2003-06-13,2017-11-17,
4120,603626.SH,科森科技,江苏省,昆山市,2010-12-01,2017-02-09,
4121,603628.SH,清源股份,福建省,厦门市,2007-08-31,2017-01-12,
4122,603629.SH,利通电子,江苏省,宜兴市,1980-11-25,2018-12-24,
4123,603630.SH,拉芳家化,广东省,汕头市,2001-12-14,2017-03-13,
4124,603633.SH,徕木股份,上海,上海市,2003-03-12,2016-11-17,
4125,603636.SH,南威软件,福建省,泉州市,2002-10-18,2014-12-30,
4126,603637.SH,镇海股份,浙江省,宁波市,1994-06-30,2017-02-08,
4127,603638.SH,艾迪精密,山东省,烟台市,2003-08-06,2017-01-20,
4128,603639.SH,海利尔,山东省,青岛市,1999-12-01,2017-01-12,
4129,603648.SH,畅联股份,上海,上海市,2001-05-22,2017-09-13,
4130,603650.SH,彤程新材,上海,上海市,2008-06-04,2018-06-27,
4131,603655.SH,朗博科技,江苏省,常州市,2005-02-05,2017-12-29,
4132,603656.SH,泰禾智能,安徽省,合肥市,2004-12-10,2017-03-21,
4133,603657.SH,春光科技,浙江省,金华市,2000-07-11,2018-07-30,
4134,603658.SH,安图生物,河南省,郑州市,1999-09-15,2016-09-01,
4135,603659.SH,璞泰来,上海,上海市,2012-11-06,2017-11-03,
4136,603660.SH,苏州科达,江苏省,苏州市,2004-06-10,2016-12-01,
4137,603661.SH,恒林股份,浙江省,湖州市,1998-04-03,2017-11-21,
4138,603662.SH,柯力传感,浙江省,宁波市,2002-12-30,2019-08-06,
4139,603663.SH,三祥新材,福建省,宁德市,1991-08-24,2016-08-01,
4140,603665.SH,康隆达,浙江省,绍兴市,2006-12-29,2017-03-13,
4141,603666.SH,亿嘉和,江苏省,南京市,1999-04-06,2018-06-12,
4142,603667.SH,五洲新春,浙江省,绍兴市,1999-11-12,2016-10-25,
4143,603668.SH,天马科技,福建省,福清市,2005-12-13,2017-01-17,
4144,603669.SH,灵康药业,西藏自治区,山南市,2003-12-24,2015-05-28,
4145,603676.SH,卫信康,西藏自治区,拉萨市,2006-03-17,2017-07-21,
4146,603677.SH,奇精机械,浙江省,宁波市,1996-11-29,2017-02-06,
4147,603678.SH,火炬电子,福建省,泉州市,2007-12-20,2015-01-26,
4148,603679.SH,华体科技,四川省,成都市,2004-05-21,2017-06-21,
4149,603680.SH,今创集团,江苏省,常州市,2003-03-26,2018-02-27,
4150,603681.SH,永冠新材,上海,上海市,2002-01-28,2019-03-26,
4151,603682.SH,锦和商管,上海,上海市,2007-05-09,2020-04-21,
4152,603683.SH,晶华新材,上海,上海市,2006-04-19,2017-10-20,
4153,603685.SH,晨丰科技,浙江省,海宁市,2001-01-08,2017-11-27,
4154,603686.SH,福龙马,福建省,龙岩市,2007-12-21,2015-01-26,
4155,603687.SH,大胜达,浙江省,杭州市,2004-11-22,2019-07-26,
4156,603688.SH,石英股份,江苏省,连云港市,1999-04-23,2014-10-31,
4157,603689.SH,皖天然气,安徽省,合肥市,2003-02-14,2017-01-10,
4158,603690.SH,至纯科技,上海,上海市,2000-11-13,2017-01-13,
4159,603693.SH,江苏新能,江苏省,南京市,2002-10-17,2018-07-03,
4160,603696.SH,安记食品,福建省,泉州市,1995-09-28,2015-12-09,
4161,603697.SH,有友食品,重庆,重庆市,2007-05-25,2019-05-08,
4162,603698.SH,航天工程,北京,北京市,2007-06-22,2015-01-28,
4163,603699.SH,纽威股份,江苏省,苏州市,2002-11-14,2014-01-17,
4164,603700.SH,宁水集团,浙江省,宁波市,1958-01-01,2019-01-22,
4165,603701.SH,德宏股份,浙江省,湖州市,2000-01-31,2016-04-12,
4166,603703.SH,盛洋科技,浙江省,绍兴市,2003-06-10,2015-04-23,
4167,603706.SH,东方环宇,新疆维吾尔自治区,昌吉市,2001-03-18,2018-07-09,
4168,603707.SH,健友股份,江苏省,南京市,2000-10-16,2017-07-19,
4169,603708.SH,家家悦,山东省,威海市,1981-06-16,2016-12-13,
4170,603709.SH,中源家居,浙江省,湖州市,2001-11-16,2018-02-08,
4171,603711.SH,香飘飘,浙江省,湖州市,2005-08-12,2017-11-30,
4172,603712.SH,七一二,天津,天津市,2004-10-28,2018-02-26,
4173,603713.SH,密尔克卫,上海,上海市,1997-03-28,2018-07-13,
4174,603716.SH,塞力医疗,湖北省,武汉市,2004-02-23,2016-10-31,
4175,603717.SH,天域生态,重庆,重庆市,2000-06-21,2017-03-27,
4176,603718.SH,海利生物,上海,上海市,1981-07-18,2015-05-15,
4177,603719.SH,良品铺子,湖北省,武汉市,2010-08-04,2020-02-24,
4178,603721.SH,中广天择,湖南省,长沙市,2007-04-13,2017-08-11,
4179,603722.SH,阿科力,江苏省,无锡市,1999-07-08,2017-10-25,
4180,603725.SH,天安新材,广东省,佛山市,2000-05-15,2017-09-06,
4181,603726.SH,朗迪集团,浙江省,余姚市,1998-03-09,2016-04-21,
4182,603727.SH,博迈科,天津,天津市,2002-08-15,2016-11-22,
4183,603728.SH,鸣志电器,上海,上海市,1998-07-07,2017-05-09,
4184,603729.SH,龙韵股份,上海,上海市,2003-06-10,2015-03-24,
4185,603730.SH,岱美股份,上海,上海市,2001-02-20,2017-07-28,
4186,603733.SH,仙鹤股份,浙江省,衢州市,2001-12-19,2018-04-20,
4187,603737.SH,三棵树,福建省,莆田市,2003-07-17,2016-06-03,
4188,603738.SH,泰晶科技,湖北省,随州市,2005-11-04,2016-09-28,
4189,603739.SH,蔚蓝生物,山东省,青岛市,2005-02-23,2019-01-16,
4190,603755.SH,日辰股份,山东省,青岛市,2001-03-23,2019-08-28,
4191,603757.SH,大元泵业,浙江省,温岭市,1998-01-07,2017-07-11,
4192,603758.SH,秦安股份,重庆,重庆市,1995-09-05,2017-05-17,
4193,603759.SH,海天股份,四川省,成都市,2008-03-07,2021-03-26,
4194,603766.SH,隆鑫通用,重庆,重庆市,2007-06-08,2012-08-10,
4195,603767.SH,中马传动,浙江省,温岭市,2005-12-15,2017-06-13,
4196,603768.SH,常青股份,安徽省,合肥市,1988-09-02,2017-03-24,
4197,603773.SH,沃格光电,江西省,新余市,2009-12-14,2018-04-17,
4198,603776.SH,永安行,江苏省,常州市,2010-08-24,2017-08-17,
4199,603777.SH,来伊份,上海,上海市,2002-07-02,2016-10-12,
4200,603778.SH,乾景园林,北京,北京市,2002-11-05,2015-12-31,
4201,603779.SH,威龙股份,山东省,龙口市,2007-12-17,2016-05-16,
4202,603786.SH,科博达,上海,上海市,2003-09-12,2019-10-15,
4203,603787.SH,新日股份,江苏省,无锡市,2007-07-16,2017-04-27,
4204,603788.SH,宁波高发,浙江省,宁波市,1999-01-20,2015-01-20,
4205,603789.SH,星光农机,浙江省,湖州市,2004-02-25,2015-04-27,
4206,603790.SH,雅运股份,上海,上海市,1999-08-11,2018-09-12,
4207,603797.SH,联泰环保,广东省,汕头市,2006-04-14,2017-04-13,
4208,603798.SH,康普顿,山东省,青岛市,2003-12-19,2016-04-06,
4209,603799.SH,华友钴业,浙江省,桐乡市,2002-05-22,2015-01-29,
4210,603800.SH,道森股份,江苏省,苏州市,2001-10-29,2015-12-10,
4211,603801.SH,志邦家居,安徽省,合肥市,2005-04-04,2017-06-30,
4212,603803.SH,瑞斯康达,北京,北京市,1999-06-08,2017-04-20,
4213,603806.SH,福斯特,浙江省,杭州市,2003-05-12,2014-09-05,
4214,603808.SH,歌力思,广东省,深圳市,1999-06-08,2015-04-22,
4215,603809.SH,豪能股份,四川省,成都市,2006-09-25,2017-11-28,
4216,603810.SH,丰山集团,江苏省,盐城市,1996-09-12,2018-09-17,
4217,603811.SH,诚意药业,浙江省,温州市,2001-06-22,2017-03-15,
4218,603813.SH,原尚股份,广东省,广州市,2005-08-15,2017-09-18,
4219,603815.SH,交建股份,安徽省,合肥市,1993-02-23,2019-10-21,
4220,603816.SH,顾家家居,浙江省,杭州市,2006-10-31,2016-10-14,
4221,603817.SH,海峡环保,福建省,福州市,2002-07-05,2017-02-20,
4222,603818.SH,曲美家居,北京,北京市,1993-04-10,2015-04-22,
4223,603819.SH,神力股份,江苏省,常州市,1991-12-16,2016-11-25,
4224,603822.SH,嘉澳环保,浙江省,桐乡市,2003-01-22,2016-04-28,
4225,603823.SH,百合花,浙江省,杭州市,1995-08-11,2016-12-20,
4226,603825.SH,华扬联众,北京,北京市,1994-06-28,2017-08-02,
4227,603826.SH,坤彩科技,福建省,福清市,2005-11-25,2017-04-14,
4228,603828.SH,柯利达,江苏省,苏州市,2000-08-28,2015-02-26,
4229,603829.SH,洛凯股份,江苏省,常州市,2010-09-30,2017-10-17,
4230,603833.SH,欧派家居,广东省,广州市,1994-07-01,2017-03-28,
4231,603836.SH,海程邦达,山东省,青岛市,2009-12-30,2021-05-26,
4232,603838.SH,四通股份,广东省,潮州市,1997-08-29,2015-07-01,
4233,603839.SH,安正时尚,浙江省,海宁市,2008-06-05,2017-02-14,
4234,603843.SH,正平股份,青海省,西宁市,1996-03-18,2016-09-05,
4235,603848.SH,好太太,广东省,广州市,2005-01-05,2017-12-01,
4236,603855.SH,华荣股份,上海,上海市,2010-12-15,2017-05-24,
4237,603856.SH,东宏股份,山东省,曲阜市,2008-01-21,2017-11-06,
4238,603858.SH,步长制药,山东省,菏泽市,2001-05-10,2016-11-18,
4239,603859.SH,能科科技,北京,北京市,2006-12-26,2016-10-21,
4240,603860.SH,中公高科,北京,北京市,2007-09-29,2017-08-02,
4241,603861.SH,白云电器,广东省,广州市,1989-07-05,2016-03-22,
4242,603863.SH,松炀资源,广东省,汕头市,2008-09-28,2019-06-21,
4243,603866.SH,桃李面包,辽宁省,沈阳市,1997-01-23,2015-12-22,
4244,603867.SH,新化股份,浙江省,建德市,1997-09-24,2019-06-27,
4245,603868.SH,飞科电器,上海,上海市,2006-06-10,2016-04-18,
4246,603869.SH,新智认知,广西壮族自治区,北海市,1986-05-10,2015-03-26,
4247,603871.SH,嘉友国际,北京,北京市,2005-06-22,2018-02-06,
4248,603876.SH,鼎胜新材,江苏省,镇江市,2003-08-12,2018-04-18,
4249,603877.SH,太平鸟,浙江省,宁波市,2001-09-10,2017-01-09,
4250,603878.SH,武进不锈,江苏省,常州市,2001-03-30,2016-12-19,
4251,603879.SH,永悦科技,江苏省,盐城市,2011-10-10,2017-06-14,
4252,603880.SH,南卫股份,江苏省,常州市,1990-07-04,2017-08-07,
4253,603881.SH,数据港,上海,上海市,2009-11-18,2017-02-08,
4254,603882.SH,金域医学,广东省,广州市,2006-05-26,2017-09-08,
4255,603883.SH,老百姓,湖南省,长沙市,2005-12-01,2015-04-23,
4256,603885.SH,吉祥航空,上海,上海市,2006-03-23,2015-05-27,
4257,603886.SH,元祖股份,上海,上海市,2002-08-20,2016-12-28,
4258,603887.SH,城地香江,上海,上海市,1997-04-26,2016-10-10,
4259,603888.SH,新华网,北京,北京市,2000-07-04,2016-10-28,
4260,603889.SH,新澳股份,浙江省,桐乡市,1995-09-08,2014-12-31,
4261,603890.SH,春秋电子,江苏省,昆山市,2011-08-23,2017-12-12,
4262,603893.SH,瑞芯微,福建省,福州市,2001-11-25,2020-02-07,
4263,603895.SH,天永智能,上海,上海市,1996-07-12,2018-01-22,
4264,603896.SH,寿仙谷,浙江省,金华市,1997-03-03,2017-05-10,
4265,603897.SH,长城科技,浙江省,湖州市,2007-08-16,2018-04-10,
4266,603898.SH,好莱客,广东省,广州市,2007-04-09,2015-02-17,
4267,603899.SH,晨光股份,上海,上海市,2008-07-18,2015-01-27,
4268,603900.SH,莱绅通灵,江苏省,南京市,1999-11-22,2016-11-23,
4269,603901.SH,永创智能,浙江省,杭州市,2002-11-07,2015-05-29,
4270,603903.SH,中持股份,北京,北京市,2009-12-31,2017-03-14,
4271,603906.SH,龙蟠科技,江苏省,南京市,2003-03-11,2017-04-10,
4272,603908.SH,牧高笛,浙江省,衢州市,2006-10-31,2017-03-07,
4273,603909.SH,建发合诚,福建省,厦门市,1995-10-11,2016-06-28,
4274,603912.SH,佳力图,江苏省,南京市,2003-08-26,2017-11-01,
4275,603915.SH,国茂股份,江苏省,常州市,2013-03-21,2019-06-14,
4276,603916.SH,苏博特,江苏省,南京市,2004-12-15,2017-11-10,
4277,603917.SH,合力科技,浙江省,宁波市,2000-11-15,2017-12-04,
4278,603918.SH,金桥信息,上海,上海市,1994-08-17,2015-05-28,
4279,603919.SH,金徽酒,甘肃省,陇南市,2009-12-23,2016-03-10,
4280,603920.SH,世运电路,广东省,鹤山市,2005-05-11,2017-04-26,
4281,603922.SH,金鸿顺,江苏省,张家港市,2003-09-23,2017-10-23,
4282,603926.SH,铁流股份,浙江省,杭州市,2009-11-26,2017-05-10,
4283,603927.SH,中科软,北京,北京市,1996-05-30,2019-09-09,
4284,603928.SH,兴业股份,江苏省,苏州市,1996-04-05,2016-12-12,
4285,603929.SH,亚翔集成,江苏省,苏州市,2002-02-28,2016-12-30,
4286,603931.SH,格林达,浙江省,杭州市,2001-10-17,2020-08-19,
4287,603933.SH,睿能科技,福建省,福州市,2007-09-12,2017-07-06,
4288,603936.SH,博敏电子,广东省,梅州市,2005-03-25,2015-12-09,
4289,603937.SH,丽岛新材,江苏省,常州市,2004-03-30,2017-11-02,
4290,603938.SH,三孚股份,河北省,唐山市,2006-10-20,2017-06-28,
4291,603939.SH,益丰药房,湖南省,常德市,2008-06-20,2015-02-17,
4292,603948.SH,建业股份,浙江省,建德市,1999-01-21,2020-03-02,
4293,603949.SH,雪龙集团,浙江省,宁波市,2002-02-04,2020-03-10,
4294,603950.SH,长源东谷,湖北省,襄阳市,2001-12-19,2020-05-26,
4295,603955.SH,大千生态,江苏省,南京市,1988-10-26,2017-03-10,
4296,603956.SH,威派格,上海,上海市,2011-07-29,2019-02-22,
4297,603958.SH,哈森股份,江苏省,昆山市,2006-08-21,2016-06-29,
4298,603959.SH,百利科技,湖南省,岳阳市,1992-11-11,2016-05-17,
4299,603960.SH,克来机电,上海,上海市,2003-05-30,2017-03-14,
4300,603963.SH,大理药业,云南省,大理市,2004-03-22,2017-09-22,
4301,603966.SH,法兰泰克,江苏省,苏州市,2007-06-19,2017-01-25,
4302,603967.SH,中创物流,山东省,青岛市,2006-11-14,2019-04-29,
4303,603968.SH,醋化股份,江苏省,南通市,1959-06-01,2015-05-18,
4304,603969.SH,银龙股份,天津,天津市,1998-03-17,2015-02-27,
4305,603970.SH,中农立华,北京,北京市,2009-04-08,2017-11-16,
4306,603976.SH,正川股份,重庆,重庆市,1989-10-27,2017-08-22,
4307,603977.SH,国泰集团,江西省,南昌市,2006-12-08,2016-11-11,
4308,603978.SH,深圳新星,广东省,深圳市,1992-07-23,2017-08-07,
4309,603979.SH,金诚信,北京,北京市,2008-01-07,2015-06-30,
4310,603980.SH,吉华集团,浙江省,杭州市,2003-08-15,2017-06-15,
4311,603982.SH,泉峰汽车,江苏省,南京市,2012-03-19,2019-05-22,
4312,603983.SH,丸美股份,广东省,广州市,2002-04-02,2019-07-25,
4313,603985.SH,恒润股份,江苏省,江阴市,2003-07-30,2017-05-05,
4314,603986.SH,兆易创新,北京,北京市,2005-04-06,2016-08-18,
4315,603987.SH,康德莱,上海,上海市,1998-07-01,2016-11-21,
4316,603988.SH,中电电机,江苏省,无锡市,2003-04-08,2014-11-04,
4317,603989.SH,艾华集团,湖南省,益阳市,1993-12-29,2015-05-15,
4318,603990.SH,麦迪科技,江苏省,苏州市,2009-08-14,2016-12-08,
4319,603991.SH,至正股份,广东省,深圳市,2004-12-27,2017-03-08,
4320,603992.SH,松霖科技,福建省,厦门市,2004-05-11,2019-08-26,
4321,603993.SH,洛阳钼业,河南省,洛阳市,1999-12-22,2012-10-09,
4322,603995.SH,甬金股份,浙江省,兰溪市,2003-08-27,2019-12-24,
4323,603997.SH,继峰股份,浙江省,宁波市,2003-07-11,2015-03-02,
4324,603998.SH,方盛制药,湖南省,长沙市,1997-10-13,2014-12-05,
4325,603999.SH,读者传媒,甘肃省,兰州市,2009-12-28,2015-12-10,
4326,605001.SH,威奥股份,山东省,青岛市,2007-10-08,2020-05-22,
4327,605003.SH,众望布艺,浙江省,杭州市,1994-10-18,2020-09-08,
4328,605005.SH,合兴股份,浙江省,乐清市,2006-11-14,2021-01-19,
4329,605006.SH,山东玻纤,山东省,临沂市,2008-02-20,2020-09-03,
4330,605007.SH,五洲特纸,浙江省,衢州市,2008-01-09,2020-11-10,
4331,605008.SH,长鸿高科,浙江省,宁波市,2012-06-15,2020-08-21,
4332,605009.SH,豪悦护理,浙江省,杭州市,2008-03-11,2020-09-11,
4333,605011.SH,杭州热电,浙江省,杭州市,1997-05-26,2021-06-30,
4334,605016.SH,百龙创园,山东省,禹城市,2005-12-30,2021-04-21,
4335,605018.SH,长华集团,浙江省,慈溪市,1993-11-11,2020-09-29,
4336,605020.SH,永和股份,浙江省,衢州市,2004-07-02,2021-07-09,
4337,605028.SH,世茂能源,浙江省,余姚市,2003-12-10,2021-07-12,
4338,605033.SH,美邦股份,陕西省,渭南市,1998-08-05,2021-09-16,
4339,605050.SH,福然德,上海,上海市,2004-07-08,2020-09-24,
4340,605055.SH,迎丰股份,浙江省,绍兴市,2008-08-02,2021-01-29,
4341,605056.SH,咸亨国际,浙江省,杭州市,2008-04-11,2021-07-20,
4342,605058.SH,澳弘电子,江苏省,常州市,2005-06-22,2020-10-21,
4343,605060.SH,联德股份,浙江省,杭州市,2001-02-12,2021-03-01,
4344,605066.SH,天正电气,浙江省,乐清市,1999-10-29,2020-08-07,
4345,605068.SH,明新旭腾,浙江省,嘉兴市,2005-12-07,2020-11-23,
4346,605069.SH,正和生态,北京,北京市,1997-12-22,2021-08-16,
4347,605077.SH,华康股份,浙江省,衢州市,2001-07-10,2021-02-09,
4348,605080.SH,浙江自然,浙江省,台州市,2000-09-04,2021-05-06,
4349,605081.SH,太和水,上海,上海市,2010-12-07,2021-02-09,
4350,605086.SH,龙高股份,福建省,龙岩市,2003-04-25,2021-04-16,
4351,605088.SH,冠盛股份,浙江省,温州市,1999-04-13,2020-08-17,
4352,605089.SH,味知香,江苏省,苏州市,2008-12-10,2021-04-27,
4353,605090.SH,九丰能源,江西省,赣州市,2008-02-27,2021-05-25,
4354,605098.SH,行动教育,上海,上海市,2006-03-27,2021-04-21,
4355,605099.SH,共创草坪,江苏省,淮安市,2004-01-16,2020-09-30,
4356,605100.SH,华丰股份,山东省,潍坊市,2004-04-08,2020-08-11,
4357,605108.SH,同庆楼,安徽省,合肥市,2005-01-31,2020-07-16,
4358,605111.SH,新洁能,江苏省,无锡市,2013-01-05,2020-09-28,
4359,605116.SH,奥锐特,浙江省,台州市,1998-03-05,2020-09-21,
4360,605117.SH,德业股份,浙江省,宁波市,2000-08-04,2021-04-20,
4361,605118.SH,力鼎光电,福建省,厦门市,2002-09-27,2020-07-30,
4362,605122.SH,四方新材,重庆,重庆市,2003-08-18,2021-03-10,
4363,605123.SH,派克新材,江苏省,无锡市,2006-06-29,2020-08-25,
4364,605128.SH,上海沿浦,上海,上海市,1999-04-19,2020-09-15,
4365,605133.SH,嵘泰股份,江苏省,扬州市,2000-06-15,2021-02-24,
4366,605136.SH,丽人丽妆,上海,上海市,2010-05-27,2020-09-29,
4367,605138.SH,盛泰集团,浙江省,嵊州市,2007-05-25,2021-10-27,
4368,605151.SH,西上海,上海,上海市,2002-07-15,2020-12-15,
4369,605155.SH,西大门,浙江省,绍兴市,1997-12-22,2020-12-31,
4370,605158.SH,华达新材,浙江省,杭州市,2003-07-25,2020-08-05,
4371,605162.SH,新中港,浙江省,嵊州市,1997-10-17,2021-07-07,
4372,605166.SH,聚合顺,浙江省,杭州市,2013-11-01,2020-06-18,
4373,605167.SH,利柏特,江苏省,张家港市,2006-10-20,2021-07-26,
4374,605168.SH,三人行,陕西省,西安市,2003-08-13,2020-05-28,
4375,605169.SH,洪通燃气,新疆维吾尔自治区,库尔勒市,2000-01-13,2020-10-30,
4376,605177.SH,东亚药业,浙江省,台州市,1998-02-06,2020-11-25,
4377,605178.SH,时空科技,北京,北京市,2004-02-20,2020-08-21,
4378,605179.SH,一鸣食品,浙江省,温州市,2005-09-13,2020-12-28,
4379,605180.SH,华生科技,浙江省,海宁市,2006-09-30,2021-04-30,
4380,605183.SH,确成股份,江苏省,无锡市,2003-01-28,2020-12-07,
4381,605186.SH,健麾信息,上海,上海市,2014-07-11,2020-12-22,
4382,605188.SH,国光连锁,江西省,吉安市,2005-11-09,2020-07-28,
4383,605189.SH,富春染织,安徽省,芜湖市,2002-07-15,2021-05-28,
4384,605196.SH,华通线缆,河北省,唐山市,2002-06-21,2021-05-11,
4385,605198.SH,安德利,山东省,烟台市,1996-03-30,2020-09-18,
4386,605199.SH,葫芦娃,海南省,海口市,2005-06-22,2020-07-10,
4387,605208.SH,永茂泰,上海,上海市,2002-08-12,2021-03-08,
4388,605218.SH,伟时电子,江苏省,昆山市,2003-09-01,2020-09-28,
4389,605222.SH,起帆电缆,上海,上海市,1994-07-11,2020-07-31,
4390,605228.SH,神通科技,浙江省,余姚市,2005-03-04,2021-01-20,
4391,605255.SH,天普股份,浙江省,宁波市,2009-11-13,2020-08-25,
4392,605258.SH,协和电子,江苏省,常州市,2000-02-17,2020-12-03,
4393,605259.SH,绿田机械,浙江省,台州市,2002-06-07,2021-06-15,
4394,605266.SH,健之佳,云南省,昆明市,2004-09-27,2020-12-01,
4395,605268.SH,王力安防,浙江省,永康市,2005-03-29,2021-02-24,
4396,605277.SH,新亚电子,浙江省,乐清市,1987-04-07,2021-01-06,
4397,605286.SH,同力日升,江苏省,丹阳市,2003-09-30,2021-03-22,
4398,605287.SH,德才股份,山东省,青岛市,1999-08-26,2021-07-06,
4399,605288.SH,凯迪股份,江苏省,常州市,1992-08-27,2020-06-01,
4400,605289.SH,罗曼股份,上海,上海市,1999-03-04,2021-04-26,
4401,605296.SH,神农集团,云南省,昆明市,1999-08-09,2021-05-28,
4402,605298.SH,必得科技,江苏省,江阴市,2002-09-26,2021-03-01,
4403,605299.SH,舒华体育,福建省,晋江市,1996-10-10,2020-12-15,
4404,605300.SH,佳禾食品,江苏省,苏州市,2001-05-15,2021-04-30,
4405,605303.SH,园林股份,浙江省,杭州市,1992-09-28,2021-03-01,
4406,605305.SH,中际联合,北京,北京市,2005-07-21,2021-05-06,
4407,605318.SH,法狮龙,浙江省,嘉兴市,2007-03-26,2020-08-03,
4408,605319.SH,无锡振华,江苏省,无锡市,1989-09-21,2021-06-07,
4409,605333.SH,沪光股份,江苏省,昆山市,1997-03-31,2020-08-18,
4410,605336.SH,帅丰电器,浙江省,嵊州市,1998-12-15,2020-10-19,
4411,605337.SH,李子园,浙江省,金华市,1994-10-22,2021-02-08,
4412,605338.SH,巴比食品,上海,上海市,2010-07-08,2020-10-12,
4413,605339.SH,南侨食品,上海,上海市,2010-08-02,2021-05-18,
4414,605358.SH,立昂微,浙江省,杭州市,2002-03-19,2020-09-11,
4415,605365.SH,立达信,福建省,厦门市,2015-04-07,2021-07-20,
4416,605366.SH,宏柏新材,江西省,乐平市,2005-12-31,2020-08-12,
4417,605368.SH,蓝天燃气,河南省,驻马店市,2002-12-31,2021-01-29,
4418,605369.SH,拱东医疗,浙江省,台州市,2009-08-17,2020-09-16,
4419,605376.SH,博迁新材,江苏省,宿迁市,2010-11-05,2020-12-08,
4420,605377.SH,华旺科技,浙江省,杭州市,2009-12-30,2020-12-28,
4421,605378.SH,野马电池,浙江省,宁波市,1996-11-06,2021-04-12,
4422,605388.SH,均瑶健康,湖北省,宜昌市,1998-08-05,2020-08-18,
4423,605389.SH,长龄液压,江苏省,江阴市,2006-12-04,2021-03-22,
4424,605398.SH,新炬网络,上海,上海市,2014-11-04,2021-01-21,
4425,605399.SH,晨光新材,江西省,九江市,2006-09-29,2020-08-04,
4426,605488.SH,福莱新材,浙江省,嘉兴市,2009-06-08,2021-05-13,
4427,605499.SH,东鹏饮料,广东省,深圳市,1994-06-30,2021-05-27,
4428,605500.SH,森林包装,浙江省,温岭市,1998-09-03,2020-12-22,
4429,605507.SH,国邦医药,浙江省,绍兴市,1996-03-29,2021-08-02,
4430,605555.SH,德昌股份,浙江省,余姚市,2002-01-21,2021-10-21,
4431,605566.SH,福莱蒽特,浙江省,杭州市,1998-07-24,2021-10-25,
4432,605567.SH,春雪食品,山东省,莱阳市,2012-11-16,2021-10-13,
4433,605577.SH,龙版传媒,黑龙江省,哈尔滨市,2014-07-14,2021-08-24,
4434,605580.SH,恒盛能源,浙江省,衢州市,2007-03-05,2021-08-19,
4435,605588.SH,冠石科技,江苏省,南京市,2002-01-18,2021-08-12,
4436,605589.SH,圣泉集团,山东省,济南市,1994-01-24,2021-08-10,
4437,605598.SH,上海港湾,上海,上海市,2000-01-28,2021-09-17,
4438,605599.SH,菜百股份,北京,北京市,1994-12-09,2021-09-09,
4439,688001.SH,华兴源创,江苏省,苏州市,2005-06-15,2019-07-22,
4440,688002.SH,睿创微纳,山东省,烟台市,2009-12-11,2019-07-22,
4441,688003.SH,天准科技,江苏省,苏州市,2009-08-20,2019-07-22,
4442,688004.SH,博汇科技,北京,北京市,1993-04-01,2020-06-12,
4443,688005.SH,容百科技,浙江省,余姚市,2014-09-18,2019-07-22,
4444,688006.SH,杭可科技,浙江省,杭州市,2011-11-21,2019-07-22,
4445,688007.SH,光峰科技,广东省,深圳市,2006-10-24,2019-07-22,
4446,688008.SH,澜起科技,上海,上海市,2004-05-27,2019-07-22,
4447,688009.SH,中国通号,北京,北京市,2010-12-29,2019-07-22,
4448,688010.SH,福光股份,福建省,福州市,2004-02-03,2019-07-22,
4449,688011.SH,新光光电,黑龙江省,哈尔滨市,2007-11-30,2019-07-22,
4450,688012.SH,中微公司,上海,上海市,2004-05-31,2019-07-22,
4451,688013.SH,天臣医疗,江苏省,苏州市,2003-08-18,2020-09-28,
4452,688015.SH,交控科技,北京,北京市,2009-12-04,2019-07-22,
4453,688016.SH,心脉医疗,上海,上海市,2012-08-17,2019-07-22,
4454,688017.SH,绿的谐波,江苏省,苏州市,2011-01-13,2020-08-28,
4455,688018.SH,乐鑫科技,上海,上海市,2008-04-29,2019-07-22,
4456,688019.SH,安集科技,上海,上海市,2006-02-07,2019-07-22,
4457,688020.SH,方邦股份,广东省,广州市,2010-12-15,2019-07-22,
4458,688021.SH,奥福环保,山东省,德州市,2009-07-15,2019-11-06,
4459,688022.SH,瀚川智能,江苏省,苏州市,2012-11-16,2019-07-22,
4460,688023.SH,安恒信息,浙江省,杭州市,2007-05-15,2019-11-05,
4461,688025.SH,杰普特,广东省,深圳市,2006-04-18,2019-10-31,
4462,688026.SH,洁特生物,广东省,广州市,2001-04-11,2020-01-22,
4463,688027.SH,国盾量子,安徽省,合肥市,2009-05-27,2020-07-09,
4464,688028.SH,沃尔德,北京,北京市,2006-08-31,2019-07-22,
4465,688029.SH,南微医学,江苏省,南京市,2000-05-10,2019-07-22,
4466,688030.SH,山石网科,江苏省,苏州市,2011-07-20,2019-09-30,
4467,688031.SH,星环科技-U,上海,上海市,2013-06-05,2022-10-18,
4468,688032.SH,禾迈股份,浙江省,杭州市,2012-09-04,2021-12-20,
4469,688033.SH,天宜上佳,北京,北京市,2009-11-03,2019-07-22,
4470,688035.SH,德邦科技,山东省,烟台市,2003-01-23,2022-09-19,
4471,688036.SH,传音控股,广东省,深圳市,2013-08-21,2019-09-30,
4472,688037.SH,芯源微,辽宁省,沈阳市,2002-12-17,2019-12-16,
4473,688038.SH,中科通达,湖北省,武汉市,2007-06-08,2021-07-13,
4474,688039.SH,当虹科技,浙江省,杭州市,2010-05-12,2019-12-11,
4475,688041.SH,海光信息,天津,天津市,2014-10-24,2022-08-12,
4476,688045.SH,必易微,广东省,深圳市,2014-05-29,2022-05-26,
4477,688046.SH,药康生物,江苏省,南京市,2017-12-29,2022-04-25,
4478,688047.SH,龙芯中科,北京,北京市,2008-03-05,2022-06-24,
4479,688048.SH,长光华芯,江苏省,苏州市,2012-03-06,2022-04-01,
4480,688049.SH,炬芯科技,广东省,珠海市,2014-06-05,2021-11-29,
4481,688050.SH,爱博医疗,北京,北京市,2010-04-21,2020-07-29,
4482,688051.SH,佳华科技,北京,北京市,2007-09-14,2020-03-20,
4483,688052.SH,纳芯微,江苏省,苏州市,2013-05-17,2022-04-22,
4484,688053.SH,思科瑞,四川省,成都市,2014-12-19,2022-07-08,
4485,688055.SH,龙腾光电,江苏省,昆山市,2005-07-12,2020-08-17,
4486,688056.SH,莱伯泰科,北京,北京市,2002-01-08,2020-09-02,
4487,688057.SH,金达莱,江西省,南昌市,2004-10-29,2020-11-11,
4488,688058.SH,宝兰德,北京,北京市,2008-03-27,2019-11-01,
4489,688059.SH,华锐精密,湖南省,株洲市,2007-03-07,2021-02-08,
4490,688060.SH,云涌科技,江苏省,泰州市,2010-03-12,2020-07-10,
4491,688061.SH,灿瑞科技,上海,上海市,2005-09-13,2022-10-18,
4492,688062.SH,迈威生物-U,上海,上海市,2017-05-12,2022-01-18,
4493,688063.SH,派能科技,上海,上海市,2009-10-28,2020-12-30,
4494,688065.SH,凯赛生物,上海,上海市,2000-11-24,2020-08-12,
4495,688066.SH,航天宏图,北京,北京市,2008-01-24,2019-07-22,
4496,688067.SH,爱威科技,湖南省,长沙市,2000-03-16,2021-06-16,
4497,688068.SH,热景生物,北京,北京市,2005-06-23,2019-09-30,
4498,688069.SH,德林海,江苏省,无锡市,2009-12-10,2020-07-22,
4499,688070.SH,纵横股份,四川省,成都市,2010-04-08,2021-02-10,
4500,688071.SH,华依科技,上海,上海市,1998-11-28,2021-07-29,
4501,688072.SH,拓荆科技-U,辽宁省,沈阳市,2010-04-28,2022-04-20,
4502,688073.SH,毕得医药,上海,上海市,2007-04-27,2022-10-11,
4503,688075.SH,安旭生物,浙江省,杭州市,2008-07-04,2021-11-18,
4504,688076.SH,诺泰生物,江苏省,连云港市,2009-04-03,2021-05-20,
4505,688077.SH,大地熊,安徽省,合肥市,2003-11-04,2020-07-22,
4506,688078.SH,龙软科技,北京,北京市,2002-02-22,2019-12-30,
4507,688079.SH,美迪凯,浙江省,杭州市,2010-08-25,2021-03-02,
4508,688080.SH,映翰通,北京,北京市,2001-05-29,2020-02-12,
4509,688081.SH,兴图新科,湖北省,武汉市,2004-06-17,2020-01-06,
4510,688082.SH,盛美上海,上海,上海市,2005-05-17,2021-11-18,
4511,688083.SH,中望软件,广东省,广州市,1998-08-24,2021-03-11,
4512,688084.SH,晶品特装,北京,北京市,2009-07-09,2022-12-08,
4513,688085.SH,三友医疗,上海,上海市,2005-04-19,2020-04-09,
4514,688086.SH,*ST紫晶,广东省,梅州市,2010-04-15,2020-02-26,
4515,688087.SH,英科再生,山东省,淄博市,2005-03-14,2021-07-09,
4516,688088.SH,虹软科技,浙江省,杭州市,2003-02-25,2019-07-22,
4517,688089.SH,嘉必优,湖北省,武汉市,2004-09-22,2019-12-19,
4518,688090.SH,瑞松科技,广东省,广州市,2012-08-08,2020-02-17,
4519,688091.SH,上海谊众,上海,上海市,2009-09-10,2021-09-09,
4520,688092.SH,爱科科技,浙江省,杭州市,2005-03-11,2021-03-19,
4521,688093.SH,世华科技,江苏省,苏州市,2010-04-14,2020-09-30,
4522,688095.SH,福昕软件,福建省,福州市,2001-09-29,2020-09-08,
4523,688096.SH,京源环保,江苏省,南通市,1999-03-30,2020-04-09,
4524,688097.SH,博众精工,江苏省,苏州市,2006-09-22,2021-05-12,
4525,688098.SH,申联生物,上海,上海市,2001-06-28,2019-10-28,
4526,688099.SH,晶晨股份,上海,上海市,2003-07-11,2019-08-08,
4527,688100.SH,威胜信息,湖南省,长沙市,2004-05-08,2020-01-21,
4528,688101.SH,三达膜,陕西省,延安市,2005-04-26,2019-11-15,
4529,688102.SH,斯瑞新材,陕西省,西安市,1995-07-11,2022-03-16,
4530,688103.SH,国力股份,江苏省,昆山市,2000-10-12,2021-09-10,
4531,688105.SH,诺唯赞,江苏省,南京市,2012-03-16,2021-11-15,
4532,688106.SH,金宏气体,江苏省,苏州市,1999-10-28,2020-06-16,
4533,688107.SH,安路科技-U,上海,上海市,2011-11-18,2021-11-12,
4534,688108.SH,赛诺医疗,天津,天津市,2007-09-21,2019-10-30,
4535,688109.SH,品茗科技,浙江省,杭州市,2011-07-11,2021-03-30,
4536,688110.SH,东芯股份,上海,上海市,2014-11-26,2021-12-10,
4537,688111.SH,金山办公,北京,北京市,2011-12-20,2019-11-18,
4538,688112.SH,鼎阳科技,广东省,深圳市,2007-06-13,2021-12-01,
4539,688113.SH,联测科技,江苏省,启东市,2002-06-26,2021-05-06,
4540,688114.SH,华大智造,广东省,深圳市,2016-04-13,2022-09-09,
4541,688115.SH,思林杰,广东省,广州市,2005-04-21,2022-03-14,
4542,688116.SH,天奈科技,江苏省,镇江市,2011-01-06,2019-09-25,
4543,688117.SH,圣诺生物,四川省,成都市,2001-07-23,2021-06-03,
4544,688118.SH,普元信息,上海,上海市,2003-03-26,2019-12-04,
4545,688119.SH,中钢洛耐,河南省,洛阳市,2006-08-25,2022-06-06,
4546,688120.SH,华海清科,天津,天津市,2013-04-10,2022-06-08,
4547,688121.SH,卓然股份,上海,上海市,2002-07-29,2021-09-06,
4548,688122.SH,西部超导,陕西省,西安市,2003-02-28,2019-07-22,
4549,688123.SH,聚辰股份,上海,上海市,2009-11-13,2019-12-23,
4550,688125.SH,安达智能,广东省,东莞市,2008-04-25,2022-04-15,
4551,688126.SH,沪硅产业-U,上海,上海市,2015-12-09,2020-04-20,
4552,688127.SH,蓝特光学,浙江省,嘉兴市,2003-09-04,2020-09-21,
4553,688128.SH,中国电研,广东省,广州市,2002-09-06,2019-11-05,
4554,688129.SH,东来技术,上海,上海市,2005-04-20,2020-10-23,
4555,688130.SH,晶华微,浙江省,杭州市,2005-02-24,2022-07-29,
4556,688131.SH,皓元医药,上海,上海市,2006-09-30,2021-06-08,
4557,688132.SH,邦彦技术,广东省,深圳市,2000-04-06,2022-09-23,
4558,688133.SH,泰坦科技,上海,上海市,2007-10-18,2020-10-30,
4559,688135.SH,利扬芯片,广东省,东莞市,2010-02-10,2020-11-11,
4560,688136.SH,科兴制药,山东省,济南市,1997-08-22,2020-12-14,
4561,688137.SH,近岸蛋白,江苏省,苏州市,2009-09-07,2022-09-29,
4562,688138.SH,清溢光电,广东省,深圳市,1997-08-25,2019-11-20,
4563,688139.SH,海尔生物,山东省,青岛市,2005-10-28,2019-10-25,
4564,688141.SH,杰华特,浙江省,杭州市,2013-03-18,2022-12-23,
4565,688143.SH,长盈通,湖北省,武汉市,2010-05-18,2022-12-12,
4566,688147.SH,微导纳米,江苏省,无锡市,2015-12-25,2022-12-23,
4567,688148.SH,芳源股份,广东省,江门市,2002-06-07,2021-08-06,
4568,688150.SH,莱特光电,陕西省,西安市,2010-02-21,2022-03-18,
4569,688151.SH,华强科技,湖北省,宜昌市,2001-11-12,2021-12-06,
4570,688152.SH,麒麟信安,湖南省,长沙市,2015-04-02,2022-10-28,
4571,688153.SH,唯捷创芯-U,天津,天津市,2010-06-02,2022-04-12,
4572,688155.SH,先惠技术,上海,上海市,2007-03-28,2020-08-11,
4573,688156.SH,路德环境,湖北省,武汉市,2006-08-09,2020-09-22,
4574,688157.SH,松井股份,湖南省,宁乡市,2009-03-20,2020-06-09,
4575,688158.SH,优刻得-W,上海,上海市,2012-03-16,2020-01-20,
4576,688159.SH,有方科技,广东省,深圳市,2006-10-18,2020-01-23,
4577,688160.SH,步科股份,上海,上海市,2008-12-09,2020-11-12,
4578,688161.SH,威高骨科,山东省,威海市,2005-04-06,2021-06-30,
4579,688162.SH,巨一科技,安徽省,合肥市,2005-01-18,2021-11-10,
4580,688163.SH,赛伦生物,上海,上海市,1999-11-09,2022-03-11,
4581,688165.SH,埃夫特-U,安徽省,芜湖市,2007-08-02,2020-07-15,
4582,688166.SH,博瑞医药,江苏省,苏州市,2001-10-26,2019-11-08,
4583,688167.SH,炬光科技,陕西省,西安市,2007-09-21,2021-12-24,
4584,688168.SH,安博通,北京,北京市,2007-05-25,2019-09-06,
4585,688169.SH,石头科技,北京,北京市,2014-07-04,2020-02-21,
4586,688170.SH,德龙激光,江苏省,苏州市,2005-04-04,2022-04-29,
4587,688171.SH,纬德信息,广东省,广州市,2012-04-24,2022-01-27,
4588,688172.SH,燕东微,北京,北京市,1987-10-06,2022-12-16,
4589,688173.SH,希荻微,广东省,佛山市,2012-09-11,2022-01-21,
4590,688175.SH,高凌信息,广东省,珠海市,1999-12-29,2022-03-15,
4591,688176.SH,亚虹医药-U,江苏省,泰州市,2010-03-16,2022-01-07,
4592,688177.SH,百奥泰,广东省,广州市,2003-07-28,2020-02-21,
4593,688178.SH,万德斯,江苏省,南京市,2007-08-14,2020-01-14,
4594,688179.SH,阿拉丁,上海,上海市,2009-03-16,2020-10-26,
4595,688180.SH,君实生物-U,上海,上海市,2012-12-27,2020-07-15,
4596,688181.SH,八亿时空,北京,北京市,2004-07-09,2020-01-06,
4597,688182.SH,灿勤科技,江苏省,张家港市,2004-04-09,2021-11-16,
4598,688183.SH,生益电子,广东省,东莞市,1985-08-02,2021-02-25,
4599,688184.SH,帕瓦股份,浙江省,诸暨市,2014-07-15,2022-09-19,
4600,688185.SH,康希诺,天津,天津市,2009-01-13,2020-08-13,
4601,688186.SH,广大特材,江苏省,张家港市,2006-07-17,2020-02-11,
4602,688187.SH,时代电气,湖南省,株洲市,2005-09-26,2021-09-07,
4603,688188.SH,柏楚电子,上海,上海市,2007-09-11,2019-08-08,
4604,688189.SH,南新制药,湖南省,浏阳市,2006-12-27,2020-03-26,
4605,688190.SH,云路股份,山东省,青岛市,2015-12-21,2021-11-26,
4606,688191.SH,智洋创新,山东省,淄博市,2006-03-27,2021-04-08,
4607,688192.SH,迪哲医药-U,江苏省,无锡市,2017-10-27,2021-12-10,
4608,688193.SH,仁度生物,上海,上海市,2007-06-13,2022-03-30,
4609,688195.SH,腾景科技,福建省,福州市,2013-10-12,2021-03-26,
4610,688196.SH,卓越新能,福建省,龙岩市,2001-11-01,2019-11-21,
4611,688197.SH,首药控股-U,北京,北京市,2016-04-19,2022-03-23,
4612,688198.SH,佰仁医疗,北京,北京市,2005-07-11,2019-12-09,
4613,688199.SH,久日新材,天津,天津市,1998-10-30,2019-11-05,
4614,688200.SH,华峰测控,北京,北京市,1993-02-01,2020-02-18,
4615,688201.SH,信安世纪,北京,北京市,2001-08-31,2021-04-21,
4616,688202.SH,美迪西,上海,上海市,2004-02-02,2019-11-05,
4617,688203.SH,海正生材,浙江省,台州市,2004-08-26,2022-08-16,
4618,688205.SH,德科立,江苏省,无锡市,2000-01-31,2022-08-09,
4619,688206.SH,概伦电子,上海,上海市,2010-03-18,2021-12-28,
4620,688207.SH,格灵深瞳-U,北京,北京市,2013-08-16,2022-03-17,
4621,688208.SH,道通科技,广东省,深圳市,2004-09-28,2020-02-13,
4622,688209.SH,英集芯,广东省,深圳市,2014-11-20,2022-04-19,
4623,688210.SH,统联精密,广东省,深圳市,2016-06-12,2021-12-27,
4624,688211.SH,中科微至,江苏省,无锡市,2016-05-24,2021-10-26,
4625,688212.SH,澳华内镜,上海,上海市,1994-10-27,2021-11-15,
4626,688213.SH,思特威-W,上海,上海市,2017-04-13,2022-05-20,
4627,688215.SH,瑞晟智能,浙江省,宁波市,2009-12-09,2020-08-28,
4628,688216.SH,气派科技,广东省,深圳市,2006-11-07,2021-06-23,
4629,688217.SH,睿昂基因,上海,上海市,2012-02-17,2021-05-17,
4630,688218.SH,江苏北人,江苏省,苏州市,2011-12-26,2019-12-11,
4631,688219.SH,会通股份,安徽省,合肥市,2008-07-31,2020-11-18,
4632,688220.SH,翱捷科技-U,上海,上海市,2015-04-30,2022-01-14,
4633,688221.SH,前沿生物-U,江苏省,南京市,2013-01-15,2020-10-28,
4634,688222.SH,成都先导,四川省,成都市,2012-02-22,2020-04-16,
4635,688223.SH,晶科能源,江西省,上饶市,2006-12-13,2022-01-26,
4636,688225.SH,亚信安全,江苏省,南京市,2014-11-25,2022-02-09,
4637,688226.SH,威腾电气,江苏省,扬中市,2004-01-07,2021-07-07,
4638,688227.SH,品高股份,广东省,广州市,2003-01-01,2021-12-30,
4639,688228.SH,开普云,广东省,东莞市,2000-04-17,2020-03-27,
4640,688229.SH,博睿数据,北京,北京市,2008-02-29,2020-08-17,
4641,688230.SH,芯导科技,上海,上海市,2009-11-26,2021-12-01,
4642,688231.SH,隆达股份,江苏省,无锡市,2004-09-30,2022-07-22,
4643,688232.SH,新点软件,江苏省,张家港市,1998-10-06,2021-11-17,
4644,688233.SH,神工股份,辽宁省,锦州市,2013-07-24,2020-02-21,
4645,688234.SH,天岳先进,山东省,济南市,2010-11-02,2022-01-12,
4646,688235.SH,百济神州-U,北京,北京市,2018-06-28,2021-12-15,
4647,688236.SH,春立医疗,北京,北京市,1998-02-12,2021-12-30,
4648,688237.SH,超卓航科,湖北省,襄阳市,2006-11-15,2022-07-01,
4649,688238.SH,和元生物,上海,上海市,2013-03-05,2022-03-22,
4650,688239.SH,航宇科技,贵州省,贵阳市,2006-09-04,2021-07-05,
4651,688244.SH,永信至诚,北京,北京市,2010-09-02,2022-10-19,
4652,688246.SH,嘉和美康,北京,北京市,2006-03-03,2021-12-14,
4653,688247.SH,宣泰医药,上海,上海市,2012-08-13,2022-08-25,
4654,688248.SH,南网科技,广东省,广州市,1988-02-22,2021-12-22,
4655,688251.SH,井松智能,安徽省,合肥市,2007-03-13,2022-06-06,
4656,688252.SH,天德钰,广东省,深圳市,2010-11-03,2022-09-27,
4657,688253.SH,英诺特,北京,北京市,2006-02-06,2022-07-28,
4658,688255.SH,凯尔达,浙江省,杭州市,2009-03-17,2021-10-25,
4659,688256.SH,寒武纪-U,北京,北京市,2016-03-15,2020-07-20,
4660,688257.SH,新锐股份,江苏省,苏州市,2005-08-25,2021-10-27,
4661,688258.SH,卓易信息,江苏省,宜兴市,2008-05-12,2019-12-09,
4662,688259.SH,创耀科技,江苏省,苏州市,2006-08-02,2022-01-12,
4663,688260.SH,昀冢科技,江苏省,昆山市,2013-12-04,2021-04-06,
4664,688261.SH,东微半导,江苏省,苏州市,2008-09-12,2022-02-10,
4665,688262.SH,国芯科技,江苏省,苏州市,2001-06-25,2022-01-06,
4666,688265.SH,南模生物,上海,上海市,2000-09-20,2021-12-28,
4667,688266.SH,泽璟制药-U,江苏省,昆山市,2009-03-18,2020-01-23,
4668,688267.SH,中触媒,辽宁省,大连市,2008-08-08,2022-02-16,
4669,688268.SH,华特气体,广东省,佛山市,1999-02-05,2019-12-26,
4670,688269.SH,凯立新材,陕西省,西安市,2002-03-15,2021-06-09,
4671,688270.SH,臻镭科技,浙江省,杭州市,2015-09-11,2022-01-27,
4672,688271.SH,联影医疗,上海,上海市,2011-03-21,2022-08-22,
4673,688272.SH,富吉瑞,北京,北京市,2011-01-20,2021-10-18,
4674,688273.SH,麦澜德,江苏省,南京市,2013-01-16,2022-08-11,
4675,688275.SH,万润新能,湖北省,十堰市,2010-12-24,2022-09-29,
4676,688276.SH,百克生物,吉林省,长春市,2004-03-04,2021-06-25,
4677,688277.SH,天智航-U,北京,北京市,2010-10-22,2020-07-07,
4678,688278.SH,特宝生物,福建省,厦门市,1996-08-07,2020-01-17,
4679,688279.SH,峰岹科技,广东省,深圳市,2010-05-21,2022-04-20,
4680,688280.SH,精进电动-UW,北京,北京市,2008-02-25,2021-10-27,
4681,688281.SH,华秦科技,陕西省,西安市,1992-12-28,2022-03-07,
4682,688282.SH,理工导航,北京,北京市,2012-02-24,2022-03-18,
4683,688283.SH,坤恒顺维,四川省,成都市,2010-07-14,2022-02-15,
4684,688285.SH,高铁电气,陕西省,宝鸡市,1989-09-25,2021-10-20,
4685,688286.SH,敏芯股份,江苏省,苏州市,2007-09-25,2020-08-10,
4686,688287.SH,观典防务,北京,北京市,2004-08-04,2022-05-25,
4687,688288.SH,鸿泉物联,浙江省,杭州市,2009-06-11,2019-11-06,
4688,688289.SH,圣湘生物,湖南省,长沙市,2008-04-23,2020-08-28,
4689,688290.SH,景业智能,浙江省,杭州市,2015-05-20,2022-04-29,
4690,688291.SH,金橙子,北京,北京市,2004-01-14,2022-10-26,
4691,688292.SH,浩瀚深度,北京,北京市,1994-06-28,2022-08-18,
4692,688293.SH,奥浦迈,上海,上海市,2013-11-27,2022-09-02,
4693,688295.SH,中复神鹰,江苏省,连云港市,2006-03-02,2022-04-06,
4694,688296.SH,和达科技,浙江省,嘉兴市,2000-10-11,2021-07-27,
4695,688297.SH,中无人机,四川省,成都市,2007-08-01,2022-06-29,
4696,688298.SH,东方生物,浙江省,湖州市,2005-12-01,2020-02-05,
4697,688299.SH,长阳科技,浙江省,宁波市,2010-11-16,2019-11-06,
4698,688300.SH,联瑞新材,江苏省,连云港市,2002-04-28,2019-11-15,
4699,688301.SH,奕瑞科技,上海,上海市,2011-03-07,2020-09-18,
4700,688302.SH,海创药业-U,四川省,成都市,2013-02-05,2022-04-12,
4701,688303.SH,大全能源,新疆维吾尔自治区,石河子市,2011-02-22,2021-07-22,
4702,688305.SH,科德数控,辽宁省,大连市,2008-01-28,2021-07-09,
4703,688306.SH,均普智能,浙江省,宁波市,2017-01-10,2022-03-22,
4704,688307.SH,中润光学,浙江省,嘉兴市,2012-08-27,2023-02-16,
4705,688308.SH,欧科亿,湖南省,株洲市,1996-01-23,2020-12-10,
4706,688309.SH,*ST恒誉,山东省,济南市,2006-04-11,2020-07-14,
4707,688310.SH,迈得医疗,浙江省,玉环市,2003-03-10,2019-12-03,
4708,688311.SH,盟升电子,四川省,成都市,2013-09-06,2020-07-31,
4709,688312.SH,燕麦科技,广东省,深圳市,2012-03-12,2020-06-08,
4710,688313.SH,仕佳光子,河南省,鹤壁市,2010-10-26,2020-08-12,
4711,688314.SH,康拓医疗,陕西省,西安市,2005-03-14,2021-05-18,
4712,688315.SH,诺禾致源,北京,北京市,2011-03-15,2021-04-13,
4713,688316.SH,青云科技-U,北京,北京市,2012-04-17,2021-03-16,
4714,688317.SH,之江生物,上海,上海市,2005-04-18,2021-01-18,
4715,688318.SH,财富趋势,广东省,深圳市,2007-01-25,2020-04-27,
4716,688319.SH,欧林生物,四川省,成都市,2009-12-11,2021-06-08,
4717,688320.SH,禾川科技,浙江省,衢州市,2011-11-22,2022-04-28,
4718,688321.SH,微芯生物,广东省,深圳市,2001-03-21,2019-08-12,
4719,688322.SH,奥比中光-UW,广东省,深圳市,2013-01-18,2022-07-07,
4720,688323.SH,瑞华泰,广东省,深圳市,2004-12-17,2021-04-28,
4721,688325.SH,赛微微电,广东省,东莞市,2009-11-02,2022-04-22,
4722,688326.SH,经纬恒润-W,北京,北京市,2003-09-18,2022-04-19,
4723,688327.SH,云从科技-UW,广东省,广州市,2015-03-27,2022-05-27,
4724,688328.SH,深科达,广东省,深圳市,2004-06-14,2021-03-09,
4725,688329.SH,艾隆科技,江苏省,苏州市,2006-01-20,2021-03-29,
4726,688330.SH,宏力达,上海,上海市,2011-12-13,2020-10-15,
4727,688331.SH,荣昌生物,山东省,烟台市,2008-07-04,2022-03-31,
4728,688332.SH,中科蓝讯,广东省,深圳市,2016-12-19,2022-07-15,
4729,688333.SH,铂力特,陕西省,西安市,2011-07-06,2019-07-22,
4730,688335.SH,复洁环保,上海,上海市,2011-11-18,2020-08-17,
4731,688336.SH,三生国健,上海,上海市,2002-01-25,2020-07-22,
4732,688337.SH,普源精电-U,江苏省,苏州市,2009-04-27,2022-04-08,
4733,688338.SH,赛科希德,北京,北京市,2003-05-28,2020-08-06,
4734,688339.SH,亿华通-U,北京,北京市,2012-07-12,2020-08-10,
4735,688345.SH,博力威,广东省,东莞市,2010-04-08,2021-06-11,
4736,688348.SH,昱能科技,浙江省,嘉兴市,2010-03-24,2022-06-08,
4737,688349.SH,三一重能,北京,北京市,2008-04-17,2022-06-22,
4738,688350.SH,富淼科技,江苏省,张家港市,2010-12-16,2021-01-28,
4739,688351.SH,微电生理-U,上海,上海市,2010-08-31,2022-08-31,
4740,688353.SH,华盛锂电,江苏省,张家港市,1997-08-04,2022-07-13,
4741,688355.SH,明志科技,江苏省,苏州市,2003-01-14,2021-05-12,
4742,688356.SH,键凯科技,北京,北京市,2001-10-09,2020-08-26,
4743,688357.SH,建龙微纳,河南省,洛阳市,1998-07-27,2019-12-04,
4744,688358.SH,祥生医疗,江苏省,无锡市,1996-01-30,2019-12-03,
4745,688359.SH,三孚新科,广东省,广州市,2009-04-13,2021-05-21,
4746,688360.SH,德马科技,浙江省,湖州市,2001-04-29,2020-06-02,
4747,688362.SH,甬矽电子,浙江省,余姚市,2017-11-13,2022-11-16,
4748,688363.SH,华熙生物,山东省,济南市,2000-01-03,2019-11-06,
4749,688365.SH,光云科技,浙江省,杭州市,2013-08-29,2020-04-29,
4750,688366.SH,昊海生科,上海,上海市,2007-01-24,2019-10-30,
4751,688367.SH,工大高科,安徽省,合肥市,2000-12-26,2021-06-28,
4752,688368.SH,晶丰明源,上海,上海市,2008-10-31,2019-10-14,
4753,688369.SH,致远互联,北京,北京市,2002-04-02,2019-10-31,
4754,688370.SH,丛麟科技,上海,上海市,2017-07-31,2022-08-25,
4755,688371.SH,菲沃泰,江苏省,无锡市,2016-08-16,2022-08-02,
4756,688372.SH,伟测科技,上海,上海市,2016-05-06,2022-10-26,
4757,688373.SH,盟科药业-U,上海,上海市,2012-08-07,2022-08-05,
4758,688375.SH,国博电子,江苏省,南京市,2000-11-27,2022-07-22,
4759,688376.SH,美埃科技,江苏省,南京市,2001-06-21,2022-11-18,
4760,688377.SH,迪威尔,江苏省,南京市,2009-08-19,2020-07-08,
4761,688378.SH,奥来德,吉林省,长春市,2005-06-10,2020-09-03,
4762,688379.SH,华光新材,浙江省,杭州市,1997-11-19,2020-08-19,
4763,688380.SH,中微半导,广东省,深圳市,2001-06-22,2022-08-05,
4764,688381.SH,帝奥微,江苏省,南通市,2010-02-05,2022-08-23,
4765,688382.SH,益方生物-U,上海,上海市,2013-01-11,2022-07-25,
4766,688383.SH,新益昌,广东省,深圳市,2006-06-28,2021-04-28,
4767,688385.SH,复旦微电,上海,上海市,1998-07-10,2021-08-04,
4768,688386.SH,泛亚微透,江苏省,常州市,1995-11-08,2020-10-16,
4769,688387.SH,信科移动-U,湖北省,武汉市,1998-12-29,2022-09-26,
4770,688388.SH,嘉元科技,广东省,梅州市,2001-09-29,2019-07-22,
4771,688389.SH,普门科技,广东省,深圳市,2008-01-16,2019-11-05,
4772,688390.SH,固德威,江苏省,苏州市,2010-11-05,2020-09-04,
4773,688391.SH,钜泉科技,上海,上海市,2005-05-19,2022-09-13,
4774,688392.SH,骄成超声,上海,上海市,2007-02-13,2022-09-27,
4775,688393.SH,安必平,广东省,广州市,2005-07-06,2020-08-20,
4776,688395.SH,正弦电气,广东省,深圳市,2003-04-03,2021-04-29,
4777,688396.SH,华润微,江苏省,无锡市,2004-03-19,2020-02-27,
4778,688398.SH,赛特新材,福建省,龙岩市,2007-10-23,2020-02-11,
4779,688399.SH,硕世生物,江苏省,泰州市,2010-04-12,2019-12-05,
4780,688400.SH,凌云光,北京,北京市,2002-08-13,2022-07-06,
4781,688401.SH,路维光电,广东省,深圳市,2012-03-26,2022-08-17,
4782,688403.SH,汇成股份,安徽省,合肥市,2015-12-18,2022-08-18,
4783,688408.SH,中信博,江苏省,昆山市,2009-11-20,2020-08-28,
4784,688409.SH,富创精密,辽宁省,沈阳市,2008-06-24,2022-10-10,
4785,688410.SH,山外山,重庆,重庆市,2001-03-26,2022-12-26,
4786,688416.SH,恒烁股份,安徽省,合肥市,2015-02-13,2022-08-29,
4787,688418.SH,震有科技,广东省,深圳市,2005-04-04,2020-07-22,
4788,688419.SH,耐科装备,安徽省,铜陵市,2005-10-08,2022-11-07,
4789,688420.SH,美腾科技,天津,天津市,2015-01-21,2022-12-09,
4790,688425.SH,铁建重工,湖南省,长沙市,2006-11-23,2021-06-22,
4791,688426.SH,康为世纪,江苏省,泰州市,2010-09-03,2022-10-25,
4792,688428.SH,诺诚健华-U,北京,北京市,2019-10-15,2022-09-21,
4793,688432.SH,有研硅,北京,北京市,2001-06-21,2022-11-10,
4794,688435.SH,英方软件,上海,上海市,2011-08-12,2023-01-19,
4795,688439.SH,振华风光,贵州省,贵阳市,2005-08-31,2022-08-26,
4796,688448.SH,磁谷科技,江苏省,南京市,2006-09-22,2022-09-21,
4797,688455.SH,科捷智能,山东省,青岛市,2015-03-24,2022-09-15,
4798,688456.SH,有研粉材,北京,北京市,2004-03-04,2021-03-17,
4799,688459.SH,哈铁科技,黑龙江省,哈尔滨市,1996-10-31,2022-10-12,
4800,688466.SH,金科环境,北京,北京市,2004-07-08,2020-05-08,
4801,688468.SH,科美诊断,北京,北京市,2007-05-10,2021-04-09,
4802,688475.SH,萤石网络,浙江省,杭州市,2015-03-25,2022-12-28,
4803,688480.SH,赛恩斯,湖南省,长沙市,2009-07-09,2022-11-25,
4804,688485.SH,九州一轨,北京,北京市,2010-07-23,2023-01-18,
4805,688486.SH,龙迅股份,安徽省,合肥市,2006-11-29,2023-02-21,
4806,688488.SH,艾迪药业,江苏省,扬州市,2009-12-15,2020-07-20,
4807,688489.SH,三未信安,北京,北京市,2008-08-18,2022-12-02,
4808,688496.SH,清越科技,江苏省,昆山市,2010-12-30,2022-12-28,
4809,688498.SH,源杰科技,陕西省,西安市,2013-01-28,2022-12-21,
4810,688499.SH,利元亨,广东省,惠州市,2014-11-19,2021-07-01,
4811,688500.SH,慧辰股份,北京,北京市,2008-11-14,2020-07-16,
4812,688501.SH,青达环保,山东省,胶州市,2006-10-09,2021-07-16,
4813,688503.SH,聚和材料,江苏省,常州市,2015-08-24,2022-12-09,
4814,688505.SH,复旦张江,上海,上海市,1996-11-11,2020-06-19,
4815,688506.SH,百利天恒-U,四川省,成都市,2006-08-17,2023-01-06,
4816,688508.SH,芯朋微,江苏省,无锡市,2005-12-23,2020-07-22,
4817,688509.SH,正元地信,北京,北京市,1999-03-31,2021-07-30,
4818,688510.SH,航亚科技,江苏省,无锡市,2013-01-30,2020-12-16,
4819,688511.SH,天微电子,四川省,成都市,2001-08-27,2021-07-30,
4820,688513.SH,苑东生物,四川省,成都市,2009-06-01,2020-09-02,
4821,688515.SH,裕太微-U,江苏省,苏州市,2017-01-25,2023-02-10,
4822,688516.SH,奥特维,江苏省,无锡市,2010-02-01,2020-05-21,
4823,688517.SH,金冠电气,河南省,南阳市,2005-03-28,2021-06-18,
4824,688518.SH,联赢激光,广东省,深圳市,2005-09-22,2020-06-22,
4825,688519.SH,南亚新材,上海,上海市,2000-06-27,2020-08-18,
4826,688520.SH,神州细胞-U,北京,北京市,2007-04-23,2020-06-22,
4827,688521.SH,芯原股份-U,上海,上海市,2001-08-21,2020-08-18,
4828,688522.SH,纳睿雷达,广东省,珠海市,2014-05-22,2023-03-01,
4829,688525.SH,佰维存储,广东省,深圳市,2010-09-06,2022-12-30,
4830,688526.SH,科前生物,湖北省,武汉市,2001-01-11,2020-09-22,
4831,688528.SH,秦川物联,四川省,成都市,2001-12-30,2020-07-01,
4832,688529.SH,豪森股份,辽宁省,大连市,2002-09-04,2020-11-09,
4833,688533.SH,上声电子,江苏省,苏州市,1992-06-27,2021-04-19,
4834,688536.SH,思瑞浦,江苏省,苏州市,2012-04-23,2020-09-21,
4835,688538.SH,和辉光电-U,上海,上海市,2012-10-29,2021-05-28,
4836,688550.SH,瑞联新材,陕西省,西安市,1999-04-15,2020-09-02,
4837,688551.SH,科威尔,安徽省,合肥市,2011-06-03,2020-09-10,
4838,688553.SH,汇宇制药-W,四川省,内江市,2010-10-12,2021-10-26,
4839,688555.SH,*ST泽达,天津,天津市,2013-01-15,2020-06-23,
4840,688556.SH,高测股份,山东省,青岛市,2006-10-20,2020-08-07,
4841,688557.SH,兰剑智能,山东省,济南市,2001-02-23,2020-12-02,
4842,688558.SH,国盛智科,江苏省,南通市,1999-08-31,2020-06-30,
4843,688559.SH,海目星,广东省,深圳市,2008-04-03,2020-09-09,
4844,688560.SH,明冠新材,江西省,宜春市,2007-11-30,2020-12-24,
4845,688561.SH,奇安信-U,北京,北京市,2014-06-16,2020-07-22,
4846,688565.SH,力源科技,浙江省,嘉兴市,1999-05-18,2021-05-13,
4847,688566.SH,吉贝尔,江苏省,镇江市,2001-11-13,2020-05-18,
4848,688567.SH,孚能科技,江西省,赣州市,2009-12-18,2020-07-17,
4849,688568.SH,中科星图,北京,北京市,2006-01-20,2020-07-08,
4850,688569.SH,铁科轨道,北京,北京市,2006-10-30,2020-08-31,
4851,688571.SH,杭华股份,浙江省,杭州市,1988-12-05,2020-12-11,
4852,688575.SH,亚辉龙,广东省,深圳市,2008-09-17,2021-05-17,
4853,688577.SH,浙海德曼,浙江省,玉环市,1993-03-17,2020-09-16,
4854,688578.SH,艾力斯-U,上海,上海市,2004-03-22,2020-12-02,
4855,688579.SH,山大地纬,山东省,济南市,1992-11-19,2020-07-17,
4856,688580.SH,伟思医疗,江苏省,南京市,2001-01-10,2020-07-21,
4857,688585.SH,上纬新材,上海,上海市,2000-10-25,2020-09-28,
4858,688586.SH,江航装备,安徽省,合肥市,2007-12-28,2020-07-31,
4859,688588.SH,凌志软件,江苏省,苏州市,2003-01-03,2020-05-11,
4860,688589.SH,力合微,广东省,深圳市,2002-08-12,2020-07-22,
4861,688590.SH,新致软件,上海,上海市,1994-06-04,2020-12-07,
4862,688595.SH,芯海科技,广东省,深圳市,2003-09-27,2020-09-28,
4863,688596.SH,正帆科技,上海,上海市,2009-10-10,2020-08-20,
4864,688597.SH,煜邦电力,北京,北京市,1996-05-17,2021-06-17,
4865,688598.SH,金博股份,湖南省,益阳市,2005-06-06,2020-05-18,
4866,688599.SH,天合光能,江苏省,常州市,1997-12-26,2020-06-10,
4867,688600.SH,皖仪科技,安徽省,合肥市,2003-06-26,2020-07-03,
4868,688601.SH,力芯微,江苏省,无锡市,2002-05-28,2021-06-28,
4869,688606.SH,奥泰生物,浙江省,杭州市,2009-04-17,2021-03-25,
4870,688607.SH,康众医疗,江苏省,苏州市,2007-05-23,2021-02-01,
4871,688608.SH,恒玄科技,上海,上海市,2015-06-08,2020-12-16,
4872,688609.SH,九联科技,广东省,惠州市,2001-11-07,2021-03-23,
4873,688611.SH,杭州柯林,浙江省,杭州市,2002-12-12,2021-04-12,
4874,688613.SH,奥精医疗,北京,北京市,2004-12-22,2021-05-21,
4875,688616.SH,西力科技,浙江省,杭州市,1999-12-30,2021-03-18,
4876,688617.SH,惠泰医疗,广东省,深圳市,2002-06-17,2021-01-07,
4877,688618.SH,三旺通信,广东省,深圳市,2001-09-06,2020-12-30,
4878,688619.SH,罗普特,福建省,厦门市,2006-03-17,2021-02-23,
4879,688621.SH,阳光诺和,北京,北京市,2009-03-09,2021-06-21,
4880,688622.SH,禾信仪器,广东省,广州市,2004-06-24,2021-09-13,
4881,688625.SH,呈和科技,广东省,广州市,2002-01-31,2021-06-07,
4882,688626.SH,翔宇医疗,河南省,安阳市,2002-03-20,2021-03-31,
4883,688628.SH,优利德,广东省,东莞市,2003-12-05,2021-02-01,
4884,688630.SH,芯碁微装,安徽省,合肥市,2015-06-30,2021-04-01,
4885,688633.SH,星球石墨,江苏省,如皋市,2001-10-24,2021-03-24,
4886,688636.SH,智明达,四川省,成都市,2002-03-28,2021-04-08,
4887,688639.SH,华恒生物,安徽省,合肥市,2005-04-13,2021-04-22,
4888,688655.SH,迅捷兴,广东省,深圳市,2005-08-19,2021-05-11,
4889,688656.SH,浩欧博,江苏省,苏州市,2009-06-08,2021-01-13,
4890,688658.SH,悦康药业,北京,北京市,2001-08-14,2020-12-24,
4891,688659.SH,元琛科技,安徽省,合肥市,2005-05-16,2021-03-31,
4892,688660.SH,电气风电,上海,上海市,2006-09-07,2021-05-19,
4893,688661.SH,和林微纳,江苏省,苏州市,2012-06-18,2021-03-29,
4894,688662.SH,富信科技,广东省,佛山市,2003-06-06,2021-04-01,
4895,688663.SH,新风光,山东省,济宁市,2004-08-10,2021-04-13,
4896,688665.SH,四方光电,湖北省,武汉市,2003-05-22,2021-02-09,
4897,688667.SH,菱电电控,湖北省,武汉市,2005-01-07,2021-03-12,
4898,688668.SH,鼎通科技,广东省,东莞市,2003-06-11,2020-12-21,
4899,688669.SH,聚石化学,广东省,清远市,2007-06-08,2021-01-25,
4900,688670.SH,金迪克,江苏省,泰州市,2008-12-29,2021-08-02,
4901,688676.SH,金盘科技,海南省,海口市,1997-06-03,2021-03-09,
4902,688677.SH,海泰新光,山东省,青岛市,2003-06-11,2021-02-26,
4903,688678.SH,福立旺,江苏省,昆山市,2006-05-18,2020-12-23,
4904,688679.SH,通源环境,安徽省,合肥市,1999-04-15,2020-12-25,
4905,688680.SH,海优新材,上海,上海市,2005-09-22,2021-01-22,
4906,688681.SH,科汇股份,山东省,淄博市,1993-10-15,2021-06-16,
4907,688682.SH,霍莱沃,上海,上海市,2007-07-10,2021-04-20,
4908,688683.SH,莱尔科技,广东省,佛山市,2004-04-02,2021-04-12,
4909,688685.SH,迈信林,江苏省,苏州市,2010-03-15,2021-05-13,
4910,688686.SH,奥普特,广东省,东莞市,2006-03-24,2020-12-31,
4911,688687.SH,凯因科技,北京,北京市,2008-08-20,2021-02-08,
4912,688689.SH,银河微电,江苏省,常州市,2006-10-08,2021-01-27,
4913,688690.SH,纳微科技,江苏省,苏州市,2007-10-22,2021-06-23,
4914,688696.SH,极米科技,四川省,成都市,2013-11-18,2021-03-03,
4915,688697.SH,纽威数控,江苏省,苏州市,1997-04-29,2021-09-17,
4916,688698.SH,伟创电气,江苏省,苏州市,2013-10-17,2020-12-29,
4917,688699.SH,明微电子,广东省,深圳市,2003-10-30,2020-12-18,
4918,688700.SH,东威科技,江苏省,昆山市,2005-12-29,2021-06-15,
4919,688701.SH,卓锦股份,浙江省,杭州市,2003-09-02,2021-09-16,
4920,688707.SH,振华新材,贵州省,贵阳市,2004-04-26,2021-09-14,
4921,688711.SH,宏微科技,江苏省,常州市,2006-08-18,2021-09-01,
4922,688718.SH,唯赛勃,上海,上海市,2001-08-28,2021-07-28,
4923,688722.SH,同益中,北京,北京市,1999-02-10,2021-10-19,
4924,688728.SH,格科微,上海,上海市,2004-07-06,2021-08-18,
4925,688733.SH,壹石通,安徽省,蚌埠市,2006-01-06,2021-08-17,
4926,688737.SH,中自科技,四川省,成都市,2005-07-15,2021-10-22,
4927,688739.SH,成大生物,辽宁省,沈阳市,2002-06-17,2021-10-28,
4928,688766.SH,普冉股份,上海,上海市,2016-01-04,2021-08-23,
4929,688767.SH,博拓生物,浙江省,杭州市,2008-11-28,2021-09-08,
4930,688768.SH,容知日新,安徽省,合肥市,2007-08-07,2021-07-26,
4931,688772.SH,珠海冠宇,广东省,珠海市,2007-05-11,2021-10-15,
4932,688776.SH,国光电气,四川省,成都市,1981-10-08,2021-08-31,
4933,688777.SH,中控技术,浙江省,杭州市,1999-12-07,2020-11-24,
4934,688778.SH,厦钨新能,福建省,厦门市,2016-12-20,2021-08-05,
4935,688779.SH,长远锂科,湖南省,长沙市,2002-06-18,2021-08-11,
4936,688786.SH,悦安新材,江西省,赣州市,2004-11-10,2021-08-26,
4937,688787.SH,海天瑞声,北京,北京市,2005-05-11,2021-08-13,
4938,688788.SH,科思科技,广东省,深圳市,2004-02-27,2020-10-22,
4939,688789.SH,宏华数科,浙江省,杭州市,1992-10-10,2021-07-08,
4940,688793.SH,倍轻松,广东省,深圳市,2000-07-05,2021-07-15,
4941,688798.SH,艾为电子,上海,上海市,2008-06-18,2021-08-16,
4942,688799.SH,华纳药厂,湖南省,浏阳市,2001-04-30,2021-07-13,
4943,688800.SH,瑞可达,江苏省,苏州市,2006-01-11,2021-07-22,
4944,688819.SH,天能股份,浙江省,湖州市,2003-03-13,2021-01-18,
4945,688981.SH,中芯国际,上海,上海市,2004-02-26,2020-07-16,
4946,689009.SH,九号公司-WD,北京,北京市,2014-12-10,2020-10-29,
4947,830799.BJ,艾融软件,上海,上海市,2009-03-24,2020-07-27,
4948,830832.BJ,齐鲁华信,山东省,淄博市,2004-03-30,2021-02-23,
4949,830839.BJ,万通液压,山东省,日照市,2004-06-07,2020-11-09,
4950,830879.BJ,基康仪器,北京,北京市,1998-03-25,2022-12-20,
4951,830946.BJ,森萱医药,江苏省,泰兴市,2003-04-22,2020-07-27,
4952,830964.BJ,润农节水,河北省,唐山市,2011-06-08,2020-07-27,
4953,830974.BJ,凯大催化,浙江省,杭州市,2005-03-18,2023-03-08,
4954,831010.BJ,凯添燃气,宁夏回族自治区,银川市,2008-09-02,2020-07-27,
4955,831039.BJ,国义招标,广东省,广州市,1995-12-30,2021-08-18,
4956,831087.BJ,秋乐种业,河南省,郑州市,2000-12-12,2022-12-07,
4957,831152.BJ,昆工科技,云南省,昆明市,2000-08-01,2022-09-01,
4958,831167.BJ,鑫汇科,广东省,深圳市,2003-03-10,2022-05-27,
4959,831195.BJ,三祥科技,山东省,青岛市,2003-04-16,2022-12-30,
4960,831278.BJ,泰德股份,山东省,青岛市,2001-12-17,2022-06-20,
4961,831305.BJ,海希通讯,上海,上海市,2001-06-29,2021-11-05,
4962,831370.BJ,新安洁,重庆,重庆市,2011-07-15,2020-07-27,
4963,831445.BJ,龙竹科技,福建省,南平市,2010-04-08,2020-07-27,
4964,831526.BJ,凯华材料,天津,天津市,2000-06-19,2022-12-22,
4965,831641.BJ,格利尔,江苏省,徐州市,2006-05-26,2022-12-02,
4966,831689.BJ,克莱特,山东省,威海市,2001-09-19,2022-03-21,
4967,831726.BJ,朱老六,吉林省,长春市,2002-11-14,2021-05-27,
4968,831768.BJ,拾比佰,广东省,珠海市,1995-12-20,2021-06-28,
4969,831832.BJ,科达自控,山西省,太原市,2000-11-20,2021-11-15,
4970,831834.BJ,三维股份,江苏省,镇江市,2004-04-15,2022-08-22,
4971,831855.BJ,浙江大农,浙江省,台州市,2007-12-25,2022-12-29,
4972,831856.BJ,浩淼科技,安徽省,明光市,2006-08-01,2020-12-25,
4973,831906.BJ,舜宇精工,浙江省,余姚市,2002-04-05,2023-02-22,
4974,831961.BJ,创远信科,上海,上海市,2005-08-09,2020-07-27,
4975,832000.BJ,安徽凤凰,安徽省,蚌埠市,2006-12-19,2020-12-23,
4976,832023.BJ,田野股份,广西壮族自治区,北海市,2007-01-23,2023-02-02,
4977,832089.BJ,禾昌聚合,江苏省,苏州市,1999-06-09,2021-11-09,
4978,832110.BJ,雷特科技,广东省,珠海市,2003-09-25,2022-12-06,
4979,832145.BJ,恒合股份,北京,北京市,2000-06-21,2021-11-15,
4980,832149.BJ,利尔达,浙江省,杭州市,2001-12-19,2023-02-17,
4981,832171.BJ,志晟信息,河北省,廊坊市,2004-03-15,2021-11-15,
4982,832225.BJ,利通科技,河南省,漯河市,2003-04-16,2021-02-25,
4983,832278.BJ,鹿得医疗,江苏省,南通市,2005-01-07,2020-07-27,
4984,832419.BJ,路斯股份,山东省,寿光市,2011-08-10,2022-03-11,
4985,832491.BJ,奥迪威,广东省,广州市,1999-06-23,2022-06-14,
4986,832566.BJ,梓橦宫,四川省,内江市,2005-04-26,2021-08-13,
4987,832662.BJ,方盛股份,江苏省,无锡市,2007-01-16,2022-11-28,
4988,832735.BJ,德源药业,江苏省,连云港市,2004-10-29,2021-02-19,
4989,832802.BJ,保丽洁,江苏省,张家港市,2004-02-16,2023-02-06,
4990,832876.BJ,慧为智能,广东省,深圳市,2011-05-25,2022-11-09,
4991,832885.BJ,星辰科技,广西壮族自治区,桂林市,2008-10-28,2021-07-08,
4992,833075.BJ,柏星龙,广东省,深圳市,2008-02-01,2022-12-14,
4993,833171.BJ,国航远洋,福建省,福州市,2001-04-16,2022-12-15,
4994,833230.BJ,欧康医药,四川省,邛崃市,2010-01-22,2022-12-09,
4995,833266.BJ,生物谷,云南省,昆明市,1999-06-13,2020-07-27,
4996,833346.BJ,威贸电子,上海,上海市,1998-06-23,2022-02-23,
4997,833427.BJ,华维设计,江西省,南昌市,2000-10-12,2021-02-05,
4998,833429.BJ,康比特,北京,北京市,2001-05-16,2022-12-15,
4999,833454.BJ,同心传动,河南省,许昌市,2001-09-30,2021-11-15,
5000,833509.BJ,同惠电子,江苏省,常州市,1994-04-29,2021-01-11,
5001,833523.BJ,德瑞锂电,广东省,惠州市,2012-05-07,2021-06-03,
5002,833533.BJ,骏创科技,江苏省,苏州市,2005-06-23,2022-05-24,
5003,833580.BJ,科创新材,河南省,洛阳市,2002-09-11,2022-05-13,
5004,833781.BJ,瑞奇智造,四川省,成都市,2001-08-21,2022-12-26,
5005,833819.BJ,颖泰生物,北京,北京市,2005-07-01,2020-07-27,
5006,833873.BJ,中设咨询,重庆,重庆市,2004-04-21,2021-11-15,
5007,833914.BJ,远航精密,江苏省,宜兴市,2006-06-05,2022-11-11,
5008,833943.BJ,优机股份,四川省,成都市,2001-12-13,2022-06-24,
5009,834014.BJ,特瑞斯,江苏省,常州市,1997-01-12,2022-12-13,
5010,834021.BJ,流金科技,北京,北京市,2011-07-22,2020-07-27,
5011,834033.BJ,康普化学,重庆,重庆市,2006-11-02,2022-12-21,
5012,834062.BJ,科润智控,浙江省,江山市,2004-02-16,2022-07-13,
5013,834407.BJ,驰诚股份,河南省,郑州市,2004-12-27,2023-02-16,
5014,834415.BJ,恒拓开源,河南省,郑州市,2007-06-27,2020-07-27,
5015,834475.BJ,三友科技,浙江省,台州市,2002-02-21,2020-07-27,
5016,834599.BJ,同力股份,陕西省,西安市,2005-02-01,2021-02-22,
5017,834639.BJ,晨光电缆,浙江省,平湖市,2000-08-15,2022-07-12,
5018,834682.BJ,球冠电缆,浙江省,宁波市,2006-12-22,2020-07-27,
5019,834765.BJ,美之高,广东省,深圳市,2002-07-08,2021-07-05,
5020,834770.BJ,艾能聚,浙江省,嘉兴市,2010-08-06,2023-02-28,
5021,834950.BJ,迅安科技,江苏省,常州市,2001-05-17,2023-01-11,
5022,835174.BJ,五新隧装,湖南省,长沙市,2010-08-04,2021-08-20,
5023,835179.BJ,凯德石英,北京,北京市,1997-01-15,2022-03-04,
5024,835184.BJ,国源科技,北京,北京市,2005-10-24,2020-07-27,
5025,835185.BJ,贝特瑞,广东省,深圳市,2000-08-07,2020-07-27,
5026,835207.BJ,众诚科技,河南省,郑州市,2005-03-22,2022-09-23,
5027,835237.BJ,力佳科技,广东省,深圳市,2004-07-20,2022-11-25,
5028,835305.BJ,云创数据,江苏省,南京市,2011-03-18,2021-08-26,
5029,835368.BJ,连城数控,辽宁省,大连市,2007-09-25,2020-07-27,
5030,835508.BJ,殷图网联,北京,北京市,2004-11-24,2020-07-27,
5031,835640.BJ,富士达,陕西省,西安市,2002-12-31,2020-07-27,
5032,835670.BJ,数字人,山东省,济南市,2002-04-18,2020-12-08,
5033,835892.BJ,中科美菱,安徽省,合肥市,2002-10-29,2022-10-18,
5034,835985.BJ,海泰新能,河北省,唐山市,2006-04-17,2022-08-08,
5035,836077.BJ,吉林碳谷,吉林省,吉林市,2008-12-24,2021-08-31,
5036,836149.BJ,旭杰科技,江苏省,苏州市,2006-03-23,2020-07-27,
5037,836239.BJ,长虹能源,四川省,绵阳市,2006-10-30,2021-02-09,
5038,836247.BJ,华密新材,河北省,邢台市,1998-06-23,2022-12-23,
5039,836260.BJ,中寰股份,四川省,成都市,2009-09-14,2021-11-15,
5040,836263.BJ,中航泰达,北京,北京市,2011-12-19,2020-07-27,
5041,836270.BJ,天铭科技,浙江省,杭州市,2000-04-13,2022-09-02,
5042,836395.BJ,朗鸿科技,浙江省,杭州市,2008-01-07,2022-09-01,
5043,836414.BJ,欧普泰,上海,上海市,1999-12-02,2022-12-12,
5044,836422.BJ,润普食品,江苏省,连云港市,2004-11-04,2023-03-01,
5045,836433.BJ,大唐药业,内蒙古自治区,呼和浩特市,1992-08-08,2020-07-27,
5046,836675.BJ,秉扬科技,四川省,攀枝花市,2003-04-30,2020-12-28,
5047,836720.BJ,吉冈精密,江苏省,无锡市,2002-11-19,2021-11-24,
5048,836807.BJ,奔朗新材,广东省,佛山市,2000-09-07,2022-12-20,
5049,836826.BJ,盖世食品,辽宁省,大连市,2002-10-09,2021-01-12,
5050,836871.BJ,派特尔,广东省,珠海市,2008-12-31,2022-07-22,
5051,836892.BJ,广咨国际,广东省,广州市,2003-01-24,2021-10-28,
5052,836942.BJ,恒立钻具,湖北省,武汉市,2001-09-27,2022-12-08,
5053,836957.BJ,汉维科技,广东省,东莞市,2008-07-02,2022-12-14,
5054,837046.BJ,亿能电力,江苏省,无锡市,2008-10-16,2022-10-13,
5055,837092.BJ,汉鑫科技,山东省,烟台市,2001-04-25,2021-11-15,
5056,837212.BJ,智新电子,山东省,潍坊市,2006-04-18,2021-06-08,
5057,837242.BJ,建邦科技,山东省,胶州市,2004-01-06,2020-07-27,
5058,837344.BJ,三元基因,北京,北京市,1992-09-24,2021-01-08,
5059,837821.BJ,则成电子,广东省,深圳市,2003-01-23,2022-07-06,
5060,838030.BJ,德众汽车,湖南省,怀化市,2010-02-25,2020-11-27,
5061,838163.BJ,方大新材,河北省,石家庄市,2003-05-22,2020-07-27,
5062,838171.BJ,邦德股份,山东省,威海市,2008-09-28,2022-06-02,
5063,838227.BJ,美登科技,浙江省,杭州市,2013-12-27,2022-12-28,
5064,838262.BJ,太湖雪,江苏省,苏州市,2006-05-18,2022-12-30,
5065,838275.BJ,驱动力,广东省,广州市,2012-05-21,2021-01-25,
5066,838402.BJ,硅烷科技,河南省,许昌市,2012-05-29,2022-09-28,
5067,838670.BJ,恒进感应,湖北省,十堰市,2002-01-25,2022-07-05,
5068,838810.BJ,春光药装,辽宁省,锦州市,2011-07-18,2022-12-16,
5069,838924.BJ,广脉科技,浙江省,杭州市,2012-03-22,2021-11-03,
5070,838971.BJ,天马新材,河南省,郑州市,2000-09-30,2022-09-27,
5071,839167.BJ,同享科技,江苏省,苏州市,2010-11-10,2020-07-27,
5072,839273.BJ,一致魔芋,湖北省,宜昌市,2007-04-02,2023-02-21,
5073,839371.BJ,欧福蛋业,江苏省,苏州市,2004-01-18,2023-01-18,
5074,839680.BJ,广道数字,广东省,深圳市,2003-10-24,2021-11-15,
5075,839725.BJ,惠丰钻石,河南省,商丘市,2011-06-10,2022-07-18,
5076,839729.BJ,永顺生物,广东省,广州市,2002-12-24,2020-07-27,
5077,839790.BJ,联迪信息,江苏省,南京市,1999-02-04,2022-09-02,
5078,839946.BJ,华阳变速,湖北省,十堰市,1994-06-30,2021-07-20,
5079,870199.BJ,倍益康,四川省,成都市,2006-03-03,2022-12-01,
5080,870204.BJ,沪江材料,江苏省,南京市,1995-07-31,2022-01-18,
5081,870299.BJ,灿能电力,江苏省,南京市,2010-01-18,2022-06-10,
5082,870357.BJ,雅葆轩,安徽省,芜湖市,2011-07-25,2022-11-18,
5083,870436.BJ,大地电气,江苏省,南通市,2002-11-08,2021-11-15,
5084,870508.BJ,丰安股份,浙江省,金华市,1999-01-27,2022-12-16,
5085,870866.BJ,绿亨科技,广东省,广州市,2004-09-02,2022-12-09,
5086,871245.BJ,威博液压,江苏省,淮安市,2003-01-20,2022-01-06,
5087,871396.BJ,常辅股份,江苏省,常州市,1979-01-15,2020-11-18,
5088,871553.BJ,凯腾精工,北京,北京市,2003-09-27,2021-08-06,
5089,871634.BJ,新威凌,湖南省,长沙市,2002-11-28,2022-11-24,
5090,871642.BJ,通易航天,江苏省,启东市,2008-03-20,2021-08-16,
5091,871753.BJ,天纺标,天津,天津市,2014-04-15,2022-10-31,
5092,871857.BJ,泓禧科技,重庆,重庆市,2010-08-27,2022-02-28,
5093,871970.BJ,大禹生物,山西省,运城市,2014-07-23,2022-05-18,
5094,871981.BJ,晶赛科技,安徽省,铜陵市,2005-01-20,2021-11-15,
5095,872190.BJ,雷神科技,山东省,青岛市,2014-04-02,2022-12-23,
5096,872351.BJ,华光源海,湖南省,长沙市,2005-01-07,2022-12-29,
5097,872374.BJ,云里物里,广东省,深圳市,2007-06-26,2022-11-29,
5098,872392.BJ,佳合科技,江苏省,昆山市,2001-03-17,2022-12-30,
5099,872808.BJ,曙光数创,北京,北京市,2002-01-14,2022-11-18,
5100,872925.BJ,锦好医疗,广东省,惠州市,2011-08-31,2021-10-25,
5101,873001.BJ,纬达光电,广东省,佛山市,2004-01-17,2022-12-27,
5102,873122.BJ,中纺标,北京,北京市,2004-09-23,2022-09-27,
5103,873152.BJ,天宏锂电,浙江省,湖州市,2015-03-20,2023-01-19,
5104,873167.BJ,新赣江,江西省,吉安市,2004-04-20,2023-02-09,
5105,873169.BJ,七丰精工,浙江省,嘉兴市,2001-01-03,2022-04-15,
5106,873223.BJ,荣亿精密,浙江省,嘉兴市,2002-03-07,2022-06-09,
5107,873305.BJ,九菱科技,湖北省,荆州市,2002-11-18,2022-12-21,
5108,873339.BJ,恒太照明,江苏省,南通市,2013-11-20,2022-11-17,
5109,873527.BJ,夜光明,浙江省,台州市,2005-08-12,2022-10-27,
5110,数据来源：Wind,,,,,,
