row_id,urb,gov,inno,edu,openpc,fin,dig,pri,inc,soc
1,0.01282164532134271,0.00616017628182733,0.01071129415006434,-0.01467896008211396,0.01524992797590436,-0.001489598279354886,-0.01827230529776517,0.03889646830360186,0.02126409397030063,0.002243282288162565
2,0.009938634951405387,0.002252841622221008,0.009210728671942118,-0.02199783105696741,0.01211415478022299,-0.004405475299038402,-0.02136049678934598,0.04111671705892497,0.03272176869433062,0.002301670597731435
3,0.01222533305089315,-0.0005930395305094851,0.01326123581598876,-0.0195390022700448,0.01178377497094771,0.001239337688910171,-0.02003865139083773,0.03791783956216302,0.04655684123139255,0.0005583344914663545
4,0.006374273833506442,-0.002825108277857502,0.0139529745540303,-0.02138938044181352,0.00834669909812072,-0.003957085617411983,-0.02396739506092232,0.03619001119339664,0.05649033504948355,-6.939157109819947e-05
5,0.007487163224066874,-0.005942344161422078,0.013782283247897,-0.008741653596993677,0.007840158612889316,-0.001285930249633154,-0.02232891824805244,0.03892292721444506,0.09074846364902621,-0.001478457178562237
6,0.003270099893609265,-0.0072924228420349,0.01413208239695372,-0.002252570614591525,0.007199663725995164,-0.003006690283220325,-0.02625061515795792,0.03727869825806392,0.09345879765519376,-0.006214688569464948
7,0.005316042456669104,-0.007380433173641316,0.01620651680131121,-0.0009787628281347042,0.008539119875557383,-0.003577493639452438,-0.01138790326607164,0.04154859944340869,0.1043964846420714,-0.003185938128295551
8,0.003408559415850679,-0.007268674715905282,0.01564684351703946,-0.00893559908155058,0.008349598192607383,-0.004024292589548553,-0.01075803381299021,0.03480258167803696,0.1024339084330529,-0.003697618546399844
9,0.01789356339851174,-0.005748886405461053,0.01222737038163001,-0.01269559933684405,0.01069938381759475,0.006262256354014211,-0.006801859905549911,0.04025512285071291,0.1122613429968694,-0.00616642860433385
10,0.01475382329968103,-0.003411028904818897,0.01908025263677725,-0.01344924203647486,0.01223831093437899,0.02363433473984672,-0.002479336348907566,0.04787292380886891,0.1484763809686662,0.00973739100388853
11,0.01378168560636999,0.000815041366553546,0.02035353569827974,-0.01313320834837236,0.01236593758782561,0.02348088596625087,-0.00320673364643433,0.04773626908392438,0.1498589971292557,0.009404565528671176
12,0.01418143416864696,-0.0005560295822958994,0.01932581863718681,-0.01347346057007444,0.01255059154265961,0.02733837660727795,0.006910464537464118,0.04849293743199969,0.1477382374147735,0.003196050802370594
13,0.01634722096241259,-0.001643256472582921,0.01894546942007862,-0.01492149040176227,0.01512517604431041,0.02725768165864732,0.008096163156580365,0.04869946260210786,0.15017742163917,0.008542439901410365
14,-0.0001653252536349906,-0.005730090001028009,0.01077225897599758,-0.01816431672839998,0.008746112734126694,0.02296652694072231,0.0739770214917458,0.05437028748589837,0.1345852849957251,0.003192640864773213
15,0.00534741957150397,-0.001622069830748428,0.01840861751236944,-0.0169822387626805,0.009079968319600326,0.02311058798673264,0.1012330049998721,0.05959652442225797,0.1423833632139444,0.005482028918758354
16,0.005128143007162071,-0.0007320113539076907,0.007286481122224063,-0.01735561367807775,0.009751315714056158,0.02330470972740725,0.1015990589063136,0.06019715635942167,0.1412593963543068,0.004279812410898602
17,0.005732803567599325,-0.003195881853620862,0.02062562092256049,-0.007540085553418236,0.009660562812555902,0.02693658732393791,0.1148124124065068,0.06569017021164442,0.1454975696735693,0.006279285809191573
18,0.00764492211949617,0.003190266750353894,0.02064436579391957,-0.007465618786872773,0.009615178768309182,0.02782571630868945,0.1140148109571244,0.06477794958926428,0.1510827427373446,0.006274260699243738
19,-0.04873714626103105,-0.006444456565290645,-0.007912113207561418,0.001271218819879993,-0.01036031248382655,-0.008660158547945232,-0.00579983794818165,-0.07981549373320707,-0.1581550976441853,0.004051532971906041
20,-0.04583811601069991,-0.008667573098892961,-0.005920737081729314,0.001400106862276406,-0.00929755696739172,0.002729499768369532,-0.005293445439749892,-0.06388688316113741,-0.1494737609749847,0.00997519005715844
21,-0.04490475356548203,-0.01148761590443739,-0.0064534707717351,-5.633706444783521e-05,-0.009498780471475784,0.0008861569830359873,-0.003504242657727473,-0.05702041918703218,-0.1454709798264145,0.008141136556367787
22,-0.0418223208748585,-0.009497890846717197,-0.004043132575300468,0.001327821341102597,-0.000651487899973584,0.0001410378435532712,-0.008986777431355168,-0.05433488040895583,-0.1441220156913901,0.00046225187128059
23,-0.04162703611864194,-0.009457156500234879,-0.007164828850687525,0.001276526367936689,-0.0004671685678452725,0.001488081808449899,-0.008434680153171843,-0.0474308308509763,-0.1320137341147621,0.000602162944102283
24,-0.04596704611803429,-0.006606167817517017,-0.004985390013970078,0.0008280746638094095,-0.0009261518426471982,-0.002774817851441616,-0.01015067751897324,-0.05069369515135536,-0.09916233694568892,-0.003236446267749576
25,-0.04109887839431096,-0.006644671403435504,-0.00532106473107965,0.00095329334733298,-0.001408108118415771,0.000702465905554817,-0.00352267374127761,-0.05018266214138038,-0.07941587217565552,-0.001824399677629489
26,-0.03386804697568814,-0.006178373379618176,-0.005300651236059516,-0.002402735568908795,-0.00209776910832777,0.001103141858328332,-0.008032662642104409,-0.03025385208120586,-0.06280184064711762,-7.670415528101705e-05
27,-0.03742273061564114,-0.01140477184221128,-0.005502122692864087,0.001612437263889323,-0.004980532740117787,0.002436075294633027,-0.008032970025482767,-0.01686894159008901,-0.04288890497172672,-1.46883055578059e-05
28,-0.03113495712870838,-0.01110932674524011,-0.003702796118486828,0.006415533091773139,-0.004022283360855459,0.004011145834684605,-0.008300307292787088,-0.003231499233817021,-0.03723904741762493,0.002632337395156563
29,-0.02788668895648891,-0.01180385951190916,-0.00440965691816646,0.005606119238463927,-0.003742622088532259,0.003437491036086842,-0.008332075235254907,0.01612086129534175,-0.02839418878113566,0.0006608557429604719
30,-0.03167581632119455,-0.01407260995515487,-0.006518486337209977,0.005592581846682196,-0.002470709614019529,0.0007034254870482007,-0.01000825659263039,0.01659790430284534,-0.007730690085189224,0.002188176029104259
31,-0.0350707386177047,-0.01451512223309659,-0.00937113186885543,0.003100485225738993,-0.001562300677172551,0.000360592535094424,-0.01105714384983629,0.01327038946865113,0.02398563515525281,0.001767070063159443
32,-0.03294383834659772,-0.01561375511959041,-0.007935359970874401,0.002954684713563349,-0.00374279044165527,-0.0003389451803598801,-0.01106615170083763,0.01196078635444566,0.02409038575358043,0.00193202604642792
33,-0.03428390617136132,-0.01135222893810633,-0.007835311846026583,0.001593679156231606,-0.002464783119083387,-0.0005568015329328714,-0.01195554419030368,0.01121629137423468,0.03627236456282537,0.004228091292496186
34,-0.0285234723106244,-0.006615618120012926,-0.009758014210769429,0.00397674182410496,-0.001269687128270205,-0.0003306267880361035,-0.009287722646973993,0.0122698301655027,0.04861841845144861,0.004656588767773675
35,-0.0206720365242781,-0.00295942741352124,-0.007506995096952638,0.004975482709901412,0.002811994269973739,0.001511642142673114,-0.008304223356128893,0.01483800710073567,0.0597322099049369,0.0001789304129572672
36,-0.02161586329055873,-0.003298835438582685,-0.00722833015415281,0.004990212267234797,0.001019420966510681,0.001550284926871357,-0.008980469545903789,0.01562144976659285,0.06988609794861195,0.000274336292191916
37,-0.005825103606949016,-0.002245933028367662,-0.001174375241989051,-0.003843403183119046,-0.004105639076666112,-0.01417797077359017,0.0007091725086955352,-0.05970581844771594,-0.1429606269114792,0.001770792053832271
38,-0.002975107079497924,-0.008271319112144652,-0.003143547920004619,-0.005089544792825956,-0.003242448282712042,-0.01097043957294982,-8.130259641686856e-05,-0.05495747890535996,-0.1252603513036727,0.0009263969515361694
39,0.002365688715342215,-0.01416328712785287,-0.004225441967522781,-0.006303203047591037,-0.004477915490462916,-0.003024378606006992,-0.0009497251354359376,-0.04879298786201031,-0.1112332346528832,0.003052894918740042
40,-0.000366885555871672,-0.01566825051755572,-0.00521336454041881,-0.004414989104014753,-0.003360324316165372,-0.003721916486540909,-0.002665489339416905,-0.05603118088431728,-0.07934187610868378,0.0002482771768162665
41,0.002489139205811516,-0.01445698715971463,-0.006386154423958554,-0.007066959793034724,-0.004747124521860754,-0.003912514843078387,-0.002822161297009149,-0.05659628945035443,-0.05085073292155963,-0.000309896931994847
42,0.008590283962000705,-0.009870198641299859,-0.002593712977139886,-0.007823197930717382,-0.004645551246719788,-0.002665494499426732,-0.002936938902175276,-0.03731665941985172,-0.04426618793753048,0.0007580500160523403
43,0.01077213903730859,-0.008641761496725757,-0.003785937795337435,-0.007989765516099798,-0.003838935381266352,-0.001567462561974527,0.01012376755545092,-0.02867684538726304,-0.03278101003949022,0.003040271834722604
44,0.01441190335453432,-0.007790120517509526,-0.001938214451021978,-0.00920349675735847,-0.00393860063167341,0.002609301962161836,-0.002602915352723307,-0.02115959780855608,0.000133708387689981,0.002860579530204357
45,0.01336237620372321,-0.00888135674193853,-0.005937473814870531,-0.01100017373718459,-0.005050417117890527,0.001384699313759996,-0.006205500319835476,-0.01313262915606334,0.02628009160333638,0.003336262870040511
46,0.015355841931905,-0.008505346477063715,-0.005946588505060652,-0.01365742737437498,-0.0050382769411382,0.0002058618616958202,-0.00815538335107048,0.0055322212882102,0.02940322876598073,0.002155507448709794
47,0.01580943739274981,-0.0144237236707382,-0.008995527701913923,-0.01523861955780216,-0.005064667659158983,-0.0005803987287430344,-0.011198989268309,0.01518229893538401,0.04352727071364156,0.00298818081487681
48,0.01417186890411731,-0.01478535692869745,-0.01263168766602948,-0.01513225870238012,-0.004199116096984676,-0.000850393877232186,-0.009664753040922685,0.01620648774252684,0.05789057387824552,0.001974264133670255
49,0.0136755765766816,-0.01516143524345359,-0.01342070232474325,-0.01514556541319916,-0.003957871115324525,-0.001455646848700438,-0.01043842109847338,0.01899180225259278,0.06990659929466646,0.0009726216871075096
50,0.01386121386009113,-0.01524490012576904,-0.01311841490966041,-0.01623712119610542,-0.004073700452788256,-0.003551880179680096,-0.0127310033981719,0.01956144485685553,0.07474100784703257,0.001288426731866555
51,0.01521377329549654,-0.01452598770902073,-0.02110638545836388,-0.01705686096399616,-0.002315101390810505,-0.003359041039564945,-0.01125848337007456,0.01873938181338477,0.09245290480362875,0.0001687072373524152
52,0.01642679257797105,-0.01190548108591466,-0.02272894598153683,-0.01543901121482245,-0.0002252215850511006,-0.003014422896294057,-0.01044511761038364,0.01678853076666045,0.0993339519391783,0.001075580550848686
53,0.01761907704102916,-0.0168215616505906,-0.0205302990232879,-0.01178397270609157,0.002444084903096406,-0.001848759574503591,-0.008450389876752102,0.01810717894063896,0.1024673912547601,0.001999829272021831
54,0.01792653393726198,-0.01509179165998574,-0.02016668123627894,-0.01115246359679076,0.002234343141951551,-0.001552194989532208,-0.008447106947134684,0.01876110973551204,0.1080580283185622,0.001998325611765547
55,0.0165724591793698,0.006889902989755779,0.01801633777750835,0.006741094853670425,0.01893577045006045,0.01054333830694373,0.09489512825537778,0.02862983131899079,0.04212154332983519,0.00256320557760711
56,0.03006891289274879,0.00608287024689653,0.02094291928017165,0.00766144816672965,0.0187459947225398,0.012076560794383,0.1045791203665586,0.03140854829313188,0.05387668252685622,0.002866758048170319
57,0.03187413414794182,0.007451246935406198,0.02180876129477286,0.01178601374789193,0.0206845865064727,0.01312473080703151,0.1195468731403998,0.05530502882922249,0.08376830979409969,0.003677369461513704
58,0.03080606804581938,0.005347855729263726,0.01555078999108796,0.007389512533651187,0.01505858228755788,0.009141512526877463,0.1104433100798096,0.05039571476141909,0.09270828148279256,0.001863459497517553
59,0.03133829275811245,0.003052677697261576,0.02091413663308863,0.009366834414301708,0.01772397254335825,0.01042718459562009,0.1276630893424868,0.06082113868864751,0.1139032591378771,0.003555160996246316
60,0.03115891100870781,0.0008878739882016984,0.02185918370726025,0.007919000984882966,0.01630891449631221,0.008767784144216799,0.1240868937939218,0.06170859238420885,0.1240330941299983,0.004413573163977502
61,0.03193236032915625,-0.0003783559154145774,0.02077793560097689,0.009768377799487093,0.01434094851257183,0.02646307236720444,0.1239618136852598,0.06698085617055669,0.134946371804514,0.004507408913113673
62,0.03473164142361335,0.000501721857852241,0.0242350296856775,0.01036225822113032,0.020953905771001,0.03110748180643096,0.132422172565573,0.07014582690786242,0.1402333485886796,0.006791620617902809
63,0.03477294415728625,-0.001049814307146484,0.02081970977359241,0.01139015452638203,0.02014415110001907,0.03369066384729558,0.1622739815712317,0.0706197563027158,0.1510147188900542,0.007550789979160331
64,0.03560287880755931,-0.0005935858641152579,0.01003602126099986,0.00660537373652363,0.02039992038289515,0.03495522710433788,0.1370668456396144,0.06846888249232916,0.1479110485203447,0.005918891187860125
65,0.04087544874214112,0.01196233502914344,0.0239926952236819,0.0130305510990461,0.02260756290813627,0.03738387655515539,0.1644584918822941,0.07610360418081197,0.1834269244447698,0.009925396780672738
66,0.03806875439694613,0.005541258614200881,0.02357585213747926,0.007576535452309265,0.01974371623065091,0.03485034487766911,0.1610192504115421,0.073960774678797,0.171419839805927,0.006205150506420422
67,0.03640460654535965,0.003311846931818194,0.02389337082102664,0.01372824765214987,0.01975001554433651,0.03310476890500181,0.1562406077424333,0.07278126522404085,0.1710192951884139,0.007674043798367667
68,0.02846149259861905,-0.002329560976697915,0.02164222526255279,0.005364404091568071,0.01514671935431439,0.02728522934268662,0.1392332377049579,0.06879322762795279,0.1584592857126362,0.002709683447757561
69,0.02948658517969133,0.00399339354242902,0.02352520863733966,0.005914474409528033,0.01402650486605941,0.02800504837075331,0.1359825922996477,0.068443006241425,0.1613762440438739,0.004524725051344762
70,0.02801203486145739,0.0021449525236159,0.0213937000997205,0.006324412860628667,0.01043859052033579,0.02899082456931493,0.1362620793751527,0.06832040098142493,0.1581196060113373,0.005444574433333215
71,0.02947971302250343,0.002503206968546918,0.02238364074859553,0.01216515405858002,0.01401290285771103,0.03325535028553046,0.1449482689253151,0.06960564290970116,0.1636507352504135,0.006103132374533811
72,0.02944913357285061,0.003824545990961482,0.02199198879095716,0.01214210994451429,0.01403217862704512,0.03314507415881918,0.1416396532837005,0.06970878566009313,0.1657929193168304,0.006380477464246822
73,-0.002224891344789912,-0.002477456229751279,-0.01085334249171355,-0.0006167773814462293,-0.004294333293136754,0.002319755446506117,0.001802605305136788,-0.0598203565029839,-0.1453735258925774,0.003022942110025962
74,-0.002544068730050935,-0.0108746647832592,-0.00601889757778537,-0.001539050281696543,-0.002838302908556071,0.001178560461972426,0.001052877098798971,-0.05683092262343764,-0.1382351606761624,0.005029105381729918
75,-0.002717560384958475,-0.01564394587171303,-0.009755445928126577,-0.002503299784890864,-0.003375218748131188,-0.000503600097321516,0.01105200500810324,-0.051141387046505,-0.1319770569341003,0.003090083925902107
76,-0.001157655615796142,-0.01602297189455969,-0.004256025483184512,-0.007211607529764868,-0.002453757768954335,-0.001996805678448952,0.0120936483580795,-0.0443897104936303,-0.1116205413672964,0.00316550387275495
77,-0.001360834640911903,-0.0159203793859475,-0.005666770441931365,-0.00225768351331203,0.0003251025725267496,-0.001680942674531201,0.01903775309113595,-0.04798998643455916,-0.0688940092151471,0.002264589607031282
78,-0.0034094664356546,-0.01865197632240345,-0.003106812177150646,0.001489089964900148,-0.002348578407006107,0.000138756611111909,0.0005925094437190417,-0.03690798560573863,-0.0513085694260746,0.0004567789129322943
79,-0.000102233856541775,-0.01365625552294312,-0.00780784889478954,5.891070820419463e-06,-3.311497816584793e-05,0.004193097650669041,0.01222330319385456,-0.03369243068885717,-0.04488355671507926,0.002209813174686808
80,0.0006022564094155361,-0.01364681132446707,-0.008261255011132049,-0.005852428793344445,-0.0004130360130593966,0.003832344707614848,0.006997535824649074,-0.02076911171030552,-0.03816368811484538,0.002641026778741068
81,0.008276498339432658,-0.01007591076807901,-0.007747357477859811,-0.0005242015572636201,-0.000537569015912485,0.002845563302928481,0.002423473500785749,-0.01115931022916212,-0.03398854466465395,0.004156879863886315
82,0.009644337810468511,-0.009602891237954108,-0.01012688749644441,-0.008422353310041384,-0.002264753694541999,0.001190124223804889,0.003041623718231028,-0.003582589255145926,-0.01415522698867955,0.003241163573816322
83,0.009647261715541595,-0.008544266968538926,-0.008904239947394324,-0.009844494089671047,-0.002229908864879162,-0.0003078858285893408,-0.003508940884734745,0.01639667770345565,0.01391263196798941,0.005756886350455225
84,0.00843253368635025,-0.00979957249656555,-0.008018899398320904,-0.01023067375860344,-0.002408357131791965,-0.0005133591115229234,-0.005804693111331572,0.01874752228929777,0.01924130179614314,-0.003032383571806969
85,0.01076213808626772,-0.01270752548203185,-0.008304409138764512,-0.01553869604459187,-0.002383848017803605,-0.002381311577747918,-0.005483070346791144,0.02627762525022901,0.02478649761806315,-0.005534034842784438
86,0.01106732465545725,-0.01210697944820101,-0.009531261203865734,-0.01586595481331247,-0.002264359990475661,-0.002518276721831246,-0.01274242264685983,0.02680368526637848,0.03987760271072019,-0.007931298204701431
87,0.01522000494648471,-0.01203049264440942,-0.009792188773585927,-0.01070338303504218,0.000984261125818342,-7.750939426921539e-05,-0.01015403601436992,0.03127397083610637,0.06008064284548422,-0.00459623452608432
88,0.01537822248570608,-0.01189457680008795,-0.0113611598108349,-0.01454643921254654,0.0005886908121837166,0.001493850111352929,-0.006723379483175255,0.02708659886473479,0.05579273673223691,-0.005201948924794606
89,0.01995313890289727,-0.004983056151075546,-0.008219878344137847,-0.01382405370791605,0.001929441921494168,0.002554805315692046,-0.00341440086835064,0.03067887100668188,0.07043280760852738,-0.001325978709675534
90,0.02074242621475982,-0.004868058363169175,-0.007869365216607437,-0.01401237280431822,0.00305765337623024,0.002553381561947335,-0.003118936918815139,0.03036621970335351,0.07897853540833914,0.0003492566052212666
91,-0.04686361180349709,0.006445986397308165,-0.006425881651613729,-0.0004683820122259292,-0.01097882036773937,-0.007807606724881954,-0.01180483705012487,-0.05598190711803629,-0.1489372552839403,0.00779598537045535
92,-0.04709438833826271,-0.01213888005379931,-0.009473945821733077,-0.00818770831149413,-0.009689321656380295,-0.01048498246134204,-0.01348403817459075,-0.0554517757471641,-0.1491555625120756,0.00433294673433503
93,-0.03972563463865116,-0.01134198976644709,-0.005218851616248535,-0.006850615892955835,-0.002481341291763844,-0.008326031942698812,-0.01036041046183261,-0.04905853727287118,-0.1446698978385844,-0.002832571285555385
94,-0.03768884578788767,-0.0134215962702451,-0.004622298347136496,-0.006368914186024727,-0.0006689683559967662,-0.006536532717547023,-0.009481875611799943,-0.04845083470377896,-0.135208011135374,-0.003454210163555812
95,-0.02557882239727631,-0.00665743130851764,-0.004415468429481715,-0.002919650400952468,-0.003382784295139596,-0.003630205966173229,-0.01110906460556267,-0.04359481695032034,-0.1118538425735202,-0.0005708844334130646
96,-0.02834918546341534,-0.005478823698002449,-0.001338384617872799,0.002564590556294851,0.001310860770551354,-0.002286092650170915,-0.01283856202324831,-0.04806505811044826,-0.06455435665832208,-0.00140579043585445
97,-0.02620099492850203,-0.006917643227589115,-0.004289803875902127,-0.0005696525780838192,-0.002157273144411871,2.644487691214926e-05,0.0051265742757399,-0.03044232986652982,-0.06126412877294751,0.0006830798762253024
98,-0.02912516893351304,-0.007147722365656525,-0.007640709552804634,-0.001140394704836984,-0.00246115598752915,-0.001163291291990508,0.00370327248180619,-0.02471509892852635,-0.0432757256249263,0.001144309285215609
99,-0.02421090678529534,-0.01118975340172848,-0.00787780512020469,0.001537433800912798,-0.00278866171959184,0.0004046575441392986,0.003002098104985143,-0.01548971057534011,-0.03926448824560112,0.003452442241784888
100,-0.0170433371764858,-0.009426677897333185,-0.008519223576427119,0.001485540200978143,-0.004021949715279899,0.0001473888643333893,-0.001022087982432729,-0.0008010914923146039,-0.02918491819645857,-0.003694575890963257
101,-0.02015128734636012,-0.00308754089196727,-0.008727657123271716,0.002714583337078,-0.003345089529360001,-0.000808772374133236,-0.005433039762414783,0.01275206274105328,-0.0001408723066969373,-0.005847109013013867
102,-0.01829813097024056,-0.00334023801018576,-0.00654896014247887,0.002435695532785311,0.001609157773687031,0.002312991288123567,-0.005903934402295955,0.01660208908415216,0.01942577341464667,-0.001940497776638462
103,-0.01067872831965916,-0.003573274852174537,-0.005209857692025643,0.002828542774673217,0.001483227930948345,0.003450326342217186,-0.00547114533630295,0.01923487841329214,0.03865365583847701,0.001076878458015184
104,-0.005844483119852568,-0.007754397676714446,-0.006945748928023411,0.002247170773049494,0.002183219340434945,0.001679998047149448,-0.007930086713887763,0.01965178998190693,0.04706292269058307,-0.003018473701931501
105,0.002301312295027657,-0.004111827643336884,0.00457920413095409,0.002727519822878444,0.001399812107152217,0.002873170580289485,-0.008242053638458318,0.0204973708513808,0.06537433881083075,-0.007106481640934088
106,0.002182449233733094,-0.004091068850481538,-0.003081153334117395,0.0036133676891609,0.001276878245534699,0.002387195509468901,-0.00844676037596557,0.02054781555051457,0.06711287693082585,-0.005652970831430135
107,0.006085176380248478,-0.004823193789558207,-0.002837965138543707,0.003244581516813852,0.003089830133141402,0.002850074066037117,-0.007586069515945285,0.02116055990582455,0.08931123645829551,-0.005132980108998306
108,0.006079673445339356,-0.007062446306974908,-0.002776958766644767,0.003182197278811066,0.002334079494463439,0.002262927789233847,-0.007099434443822317,0.02112615190782031,0.1051110771204481,-0.00542339251631787
109,0.02282235776560081,0.006931745120447277,0.007204279026690304,0.002793946298105874,0.013639592427377,0.002069612050781466,-0.008132531884723083,-0.02074912072508893,-0.06820164293347011,-0.0005365926467135035
110,0.02718422071129383,0.00826045067209148,0.006878671066347798,0.003428701363628689,0.01638740140420936,0.002018360946948136,-0.008001145048413602,-0.008460756327257225,-0.04246350060936877,0.001118363588540094
111,0.0300207825760644,0.002487756059953499,0.007060291638061152,0.00153005479861411,0.0113097403548401,0.003670520892978524,-0.0100339873549824,0.001118966138788899,-0.03757666428619047,0.0003264904168280847
112,0.02846628960859059,0.001856599308098,0.01044383490168888,0.004822128796902496,0.01407201273518241,0.003289828926241257,-0.01235556516750639,0.001339698640963364,-0.0100120254815512,0.0001303246669715877
113,0.02774496582428175,-0.002203528125979669,0.01058673891885338,0.007176114829020335,0.01698139347611595,0.003766506632269491,-0.01339532380900318,0.01658597896052077,0.02695613578080456,-8.148492478940357e-06
114,0.02925433263766037,-0.002124024816567312,0.01073243487150894,0.008275883754128558,0.01776256761727202,0.008638150014688787,-0.0134551287408924,0.01708743489113616,0.03373255444754696,-0.0002648765687320714
115,0.03000828795453915,0.0005900556230433313,0.01272004806430945,0.005796167784586403,0.0176214630870436,0.01097101413045843,-0.01177250132652558,0.0186338104171123,0.05603885609384104,-0.0001674359835322964
116,0.02808926501081645,-0.007458670631109197,0.01387401388612022,0.006988261539313078,0.01352012463223811,0.009013675860548201,-0.01039755117321192,0.02279416867775441,0.07355691797277282,-0.001580211628826504
117,0.02692619977476699,-0.01038622668138425,0.01477903061671915,0.004712255311033824,0.0112674280157827,0.005670862131047542,-0.01488257678912432,0.02828011148863427,0.07669695336749759,-0.00191362180487719
118,0.02325755813599216,-0.007770201905918718,0.01170208599018427,-0.006887626299055455,0.01110132293261206,0.008949259099241793,-0.01471245712347528,0.03475166068088792,0.09547528339499844,-0.001990378567294488
119,0.02281786140480365,-0.00995384406740453,0.01199717034720581,-0.00843185080617615,0.01143479195466789,0.007768588615089,-0.004656089908390462,0.04636328851060823,0.1097680137093953,0.009851432879698252
120,0.02050241115499118,-0.01359391601093166,0.00954139124168301,-0.004269030531208937,0.007389054768491533,-0.001981701303092628,-0.01231493930003459,0.03910463611856974,0.09400069901779153,-0.007088263709521133
121,0.02351026334553393,-0.0005490358079830037,0.009413246216866785,-0.005732060548676996,0.01084965496325618,0.005246275590070903,-0.007213590693516982,0.04786984161344705,0.1174564374941754,0.009941391348964844
122,0.01873113951591894,-0.01146158342665651,0.01126722184564041,-0.007866890634762378,0.008013519120992857,-0.00155164138285017,-0.01582653872530633,0.0365839161859772,0.1041524107836266,-0.00826058342752518
123,0.01864278112744962,-0.003130725242484709,0.009180264805217213,0.00103015832578587,0.008094864288720499,-0.0007732849861516694,-0.01293382319804937,0.03840644449987671,0.107254241784615,-0.006298706471317462
124,0.01541865345965664,0.006977888069447111,-0.002958964748532131,0.006121780086984087,0.006449093454009314,-0.004556756542293773,-0.01122538690035767,0.03950815717412892,0.1109566539104156,-0.006946571624622342
125,0.01951910513597613,-0.004312134608835692,0.002775028354694441,0.001227623866417279,0.008185932798509037,-0.002790266136775546,-0.01168359228796852,0.04290200851106017,0.113559105310349,-0.005834790742482453
126,0.02080291277973967,-0.00599213972793715,-6.183778841291126e-05,0.001006189086311323,0.005716916672345662,-0.002471741130558241,-0.01160627778837189,0.04316792948116725,0.1259537159410496,-0.006837799276240824
127,-0.01703445442693806,-0.0183214105076654,-0.005705141078952222,-0.002791209718421912,-0.01102755709252131,-0.0001180481485440138,-0.01200436064858943,-0.05053033027276863,-0.1449700241310614,-0.009297740586078407
128,-0.01724507137488786,-0.01412919078831721,-0.010164060203406,0.0003649040805960229,-0.00534691091399677,0.0005509564859128918,-0.01003328709875261,-0.04673563882538397,-0.1449508879711612,-0.005209952921982094
129,-0.008805548691624976,-0.006237131076095711,-0.004279249086624772,-0.0009723055155634985,-0.008200643996604997,0.001048740381477875,-0.00858444356778492,-0.04057908200668574,-0.1358519523602904,-0.004609197650467718
130,-0.01105283110417481,-0.004933548532831167,-0.003894362498956968,-0.003605944063592543,-0.005111054722119321,0.001209006089866304,-0.008062983399143138,-0.02474884605360218,-0.1204841947539304,-0.003545984497193649
131,-0.00856409865030524,-0.005969424448460091,-0.00513598006324912,-0.004820157280109421,-0.005861208204496407,0.0004012002796187047,-0.0105492480391653,-0.0302017020084015,-0.08372477506501239,-0.002763151288908798
132,-0.00370189974358528,0.002709415712821119,-0.004059583966563877,-0.009051005212143816,-0.005535961396112328,0.005073764366523295,-0.004913804090464715,-0.02828255601136157,-0.05547006322628101,-0.001913973627506778
133,-0.001096485021727851,-0.002199978377569846,-0.008005515121085244,-0.010848560008275,-0.005081454185135432,0.00533206968405868,-0.00790708525492795,-0.01387703573450343,-0.0444282547986054,-0.0004387560330004396
134,-0.0003204467370817405,-0.003274984139577389,-0.008273592727765289,-0.01130416525057528,-0.001899202902946235,0.003282199636436104,-0.007736076265060286,-0.001337510485256993,-0.03492381175020819,-0.0004636521566518294
135,0.002323476449929193,-0.002083751857266604,-0.007131460303148588,-0.008906376719341354,-0.004882740982636728,0.001896751270855541,-0.008751653907496363,0.02575525374945365,-0.03761653442440419,-0.0003131116818709335
136,0.007554866288073947,-0.004479928420160577,-0.008457985914452768,-0.01189352254614951,-0.006317983431043041,0.0009710222581323321,-0.009455120892723667,0.02431607467109972,-0.01725029177916473,6.870020409755395e-06
137,0.01064618338717306,-0.002423777751151437,-0.003955064256944642,-0.01260204032090311,-0.002102348708126665,0.001303996746356114,-0.007688893200790036,0.02920095563463469,-0.0007894068682143535,-0.0002920609326423998
138,0.01448173734554042,-0.004094701489724127,0.0006514250790215668,-0.01356071389021292,-0.006197730577720321,0.001152796148735911,-0.01292846277847002,0.02772770860593095,0.02148902076430993,0.0005742699011885043
139,0.01632758483753331,-0.002544399254924171,-0.000728096448838187,-0.01360449473918133,-0.00626779381103305,0.001181690898345158,-0.01118008420565304,0.02895367177049109,0.02850665179692075,0.000756984956541797
140,0.01664067300494155,-0.007548028283394861,-0.006564372401415464,-0.0100571751763578,-0.01258582859183346,-0.00152557155545823,-0.01294612970627446,0.02725068472975844,0.0406628109330451,0.001260547141529913
141,0.01520983994263553,-0.01258437193160979,-0.0008496854389521225,-0.008023330440355504,-0.00565963450667681,8.518362314344154e-05,-0.01024967507666047,0.03019346560230105,0.05967430540777881,0.003563910115793537
142,0.01543777834133379,-0.01369094019347885,-0.008869925202769722,-0.01027765286872698,-0.004414489371728402,0.001213393515336565,-0.009561882971893237,0.03069437845161527,0.07550477101202159,0.002568624283454332
143,0.01478390576001183,-0.008557996253785395,-0.00927895465711091,-0.01219286339748218,-0.004662422506217399,0.0001895096118671875,-0.009732975923317094,0.03037027794073083,0.08955539311751869,0.002840753927260933
144,0.01446570176711044,-0.01029890197510707,-0.008961140721230545,-0.01220637882703329,-0.004365531724056387,-0.000128908639577596,-0.0101004635262253,0.02965907758181316,0.1041150576435293,0.00173816782058641
145,-0.03523010745924863,0.007314668463366459,-0.009346773028921139,0.001843265855310321,-0.009814573244118541,-0.01421180302581335,-0.009742878092081946,-0.06861429711016623,-0.1543274077250312,0.008859697639680966
146,-0.03429629139129429,0.006158745424929554,-0.01097832628558015,0.005564337429222143,-0.002665520182723534,-0.006442382262077792,-0.01027010582200407,-0.05763237627871591,-0.1481874945752988,0.001097228848921578
147,-0.01734866618449556,-0.003276477985655791,-0.01008952024197616,-0.0008329389201677054,-0.008950178232151502,-0.007268507159971198,-0.01031499695426842,-0.05766485825636687,-0.1413836179884482,0.002268977510616475
148,-0.02341972892392647,-0.004080301286747306,-0.002864885354317254,-0.0008509319948994734,-0.004030199482376789,-0.01337035867400163,-0.01044511856973707,-0.05103757303274725,-0.126698416484408,-0.001252433893717641
149,-0.01887264082610834,-0.003209590404632779,1.976889442844437e-05,0.001562269442971352,-0.004386653135207383,-0.01281096287799698,-0.01147337458333909,-0.05565911601699519,-0.08671492184995956,-0.002119083602867917
150,-0.02031789128833723,-0.003459419609640954,0.001220809388563603,0.001647958009076854,-0.002796058008954668,-0.005914045522518025,-0.01052024235323583,-0.05205940325789049,-0.06572047853006434,-0.002456749175146961
151,-0.02420884635102278,-0.0008004856422318943,0.002286876273427691,0.003626068377119506,-0.000277377497156313,1.346833492395943e-05,-0.0099253148973906,-0.03241599249123411,-0.04749458332333828,-0.0004347949966454479
152,-0.01286584679013926,0.0002132511616740786,0.003945681996096758,0.002219511184880951,-0.002372708722111271,4.956019238763786e-05,-0.004505233045937652,-0.02801483092537668,-0.03968903003040815,8.409078751877291e-05
153,-0.009661003052687744,-0.00535126797251483,0.003959274212701675,0.002132517764529423,-0.002342505610438518,0.0005071921587067614,-0.002934584747139774,-0.005352819524898924,-0.02801520437729399,0.000849091499135755
154,-0.01368448512975048,0.001434728367124095,0.007018604423270142,0.002503547716798317,-0.002123443520238005,-0.0003123788057420963,-0.006208662431780891,0.01683059962203919,-0.009987138139785124,0.001061036523933384
155,-0.01489818922053734,0.002029692875698777,0.01044943264980202,0.004666659145304449,-0.002487221236415025,0.001091270209597016,-0.007456175375575714,0.01801502220978614,0.02408012289671692,0.002927453844374054
156,-0.003055966531081583,0.003358019771052443,0.008812285153187972,0.004981376298403244,0.0004590371230453635,0.001808955644852268,-0.009615189719851133,0.02935586822783548,0.0303253870184696,0.004017666463875811
157,-0.0008874425076581612,0.003589124324598363,0.01539387489032027,0.004831050726437965,0.001235499762647829,0.002964110568325511,-0.009076428207796338,0.03353151863505863,0.05316696538732842,0.005742880191612062
158,0.002567775362697248,0.0005965455567231345,0.01179992678991329,0.005174865610715416,0.0001016259014833768,0.002802274330163223,-0.008466932367336638,0.03333504579637059,0.05760060126448211,0.002680837582482661
159,0.006941186556939226,0.01028045970536782,0.01306963614346222,0.006456269039327375,0.001215942539029261,0.00321266949152903,-0.00937796664181103,0.03361811406818863,0.07509752909041963,0.003034591106129382
160,0.006999474581178139,0.003550746163006284,0.01846158762940289,0.006439153932521431,0.001117784537222003,0.002548163398568434,0.0002886240434343112,0.03304382091357658,0.09700062409696429,0.002146963702534995
161,0.01074486304217297,0.004175447222582247,0.01913155966747955,0.007210934432217181,0.001246516187271081,0.002300126193564195,-0.001299750353301292,0.03132529112824597,0.1142853916080919,0.001747470486059785
162,0.01014512608854631,0.01161265978764956,0.01845870562712678,0.007148527135718213,0.001319442801490566,0.00227125279934757,0.0001543374839417817,0.03233005715456608,0.118137788567133,0.002746657990006588
163,-0.009430125053410763,0.02396318087039105,-0.001263643637323745,0.003095935944067968,0.01243799565751583,-0.002508116479742964,-0.004809501443551331,-0.04322675457166374,-0.1261732265108255,-0.0001321968745546709
164,-0.008331154169814448,0.02398141293626783,-0.001151364766387176,0.001628199426374518,0.01001339331431006,-0.0025151181459185,-0.001030650515216115,-0.04367002035154666,-0.1118665078885146,0.001389451058725302
165,-0.004425257950315081,0.02249538539635517,-0.003157319879677223,0.002678754090645901,0.00899574026092496,-0.0005480017059612658,-0.0007645728029537294,-0.04370361971830687,-0.08636398903819044,0.001467686882314696
166,-0.005789732103005613,0.01740268647348992,-0.002627785750700481,0.0007484425606400368,0.006697209746001567,-0.002013622327264859,-0.004832762712283286,-0.05123633059879812,-0.06090084598905441,0.0003329615791375455
167,-0.004581985286857784,0.01695909060876191,0.00226215797342135,0.007075818108332922,0.009695511113104406,-0.0003494048138994217,-0.006281043626632563,-0.02410972076768409,-0.03433237454571625,0.00186590467565358
168,-0.002582460763095748,0.01763750686661044,0.001221392892675348,0.008299676930257372,0.01102502485201022,-0.001273525171784127,-0.009443018028909463,-0.02480121186070635,-0.03462315841234657,0.001758415501807152
169,0.002645141202036166,0.02876648530662804,0.005159979494150379,0.006703655645440634,0.01460782716650607,0.002960703779173447,0.002126991748473457,-0.01460321000952005,3.081864146195891e-05,0.003154783271688942
170,0.0005227998598137358,0.02620686030035323,0.004214271349412967,0.003136712967038519,0.01232619900929085,0.003301343850074846,0.0001544503488232614,-0.004143749142053657,0.0160543480079076,0.002414552280658575
171,0.00326928168967902,0.01710357176537708,-0.002961104918538607,0.001925145557928282,0.008391262569168658,0.001635832063639089,-0.004012645709530608,0.01632270943520275,0.02851879861650519,0.000231201062084341
172,0.01030097643728112,0.01451658398569501,-0.004719738001754762,0.00219504531695009,0.007366852013962023,0.001697983755195133,-0.005730898218452417,0.03070011881355331,0.04533289598462006,-0.001006243802541401
173,0.008900937537755648,0.01395733979153406,-0.0006106941601501733,0.001106656680418416,0.00620644216273627,0.001785652726566144,-0.007530775786557772,0.02904866005849966,0.05381708087053852,0.0005551488158434235
174,0.01032594431725439,0.01180073387844285,0.00325774040096245,0.002108855207395252,0.003767264039246506,9.338979111336322e-05,-0.01223063098408603,0.04136415207659062,0.07119484504913406,0.001974645304914704
175,0.01047707016383395,0.01241707630973305,0.003662120133134489,0.002221403801560922,0.003872782999361835,-0.001620585163735112,-0.0122095406372413,0.05084620873955736,0.08439387988051006,0.003705602350764492
176,0.01036905738032563,0.01093047827588934,0.00478885621351285,0.002683612056422095,0.003608160548695044,-0.002388213013646774,-0.009192508257682612,0.04876630392407013,0.09488625840133773,0.005595153910778257
177,0.01510213705748621,0.02667680060968361,0.007290440254199398,0.003073549093910645,0.003804225424771391,-0.002016362257233796,0.0006909053986585705,0.04876072904219832,0.1204803659199654,0.003755046433295898
178,0.01633452191221679,0.02316712860156829,0.006694087627397379,0.005054076982148398,0.004172508207725854,-0.0007990641933116111,-0.006983288019277945,0.05028047627844245,0.1187261184888631,0.004588764835097724
179,0.01651173220565697,0.02541526618092105,0.006179651315945467,0.0058631890286457,0.004156256969872207,-0.0009009134861259406,-8.122726391386267e-05,0.05200857542771604,0.1251952109749903,0.006206227016054957
180,0.01655875690185321,0.0268062035571593,0.006072101739952377,0.005322537942593314,0.004054193448712821,-0.001868604541656444,0.0001788345533298326,0.053756876516526,0.1286335798295687,0.006113143420197933
181,-0.01565771474507309,0.00841034123284285,-0.01033092811006858,0.002318929855733433,-0.00427709786004064,-0.006904315361112709,-0.007255397232585287,-0.05396912793670211,-0.1412291056315982,0.005261474656363526
182,-0.01168583176037403,0.009543898653613271,-0.008573792232754642,0.007937574084229728,-0.00220242097460919,-0.002119369459412671,-0.006886281239167508,-0.04696606045896978,-0.1353127492471213,0.00674993706936524
183,-0.009368407904307319,-0.003075691364089738,-0.003547378747973117,0.006252010214374722,-0.006358384053527812,0.0007465644876332076,-0.00986711280451998,-0.04420589097518574,-0.1308963123036563,0.007214617669700957
184,-0.008485476696984486,-0.001521552381311326,-0.000848123615888968,0.002648687587764134,-0.002645949332199419,0.001364869342731292,-0.009628402741929616,-0.04526763039922855,-0.1150505803633202,0.003569954702799145
185,-0.006218450256669713,-0.003146212142411531,-0.005951091171937874,0.004156553829410377,-0.003992932175098145,-0.004065428808481152,-0.009614600246516936,-0.05090392341015556,-0.0760642894090103,0.0005728162306417048
186,-0.003131061465690753,-0.005036675880711728,-0.004812848893941703,0.003538577858361391,-0.002768087979473735,-0.0002209370459812072,-0.009567765462228768,-0.03930433096451193,-0.05928850963698148,0.0003946001207080126
187,-0.002153017649579382,-0.004909541472993103,0.002345642007712609,0.005493131800707998,-0.002760894827586893,0.002026803072822401,-0.002118553152175569,-0.03263038810041254,-0.04259636300783042,0.00343053476515308
188,-0.001720362339582688,-0.004423103375807,-0.003629629105868727,0.002930568852599901,-0.003173150224442869,0.0009076352648156788,-0.006760801704814056,-0.0224920815550644,-0.03774260517275201,0.004096424247591558
189,-0.000969270980245975,-0.01525232167597595,-0.00482480484151188,0.004952936110157493,-0.003308559043578527,0.001054573242363714,-0.005546072821537068,-0.009850330655617648,-0.03075079022587807,0.00337527028693064
190,0.00420876884340974,-0.01394746015912511,-0.006976236614658073,0.005907451664519344,-0.004467602035006481,0.004095859046189261,-0.007852854070725,-0.0007756384897332422,-0.009933145119074251,0.002936223833087526
191,0.006041930495073705,-0.01389436569876662,-0.005929137974709297,0.00470403045031505,-0.003587757698529715,0.003527790766402138,-0.009036525035831631,0.02105396871386851,-0.00392027156091776,-0.0009726134073070006
192,0.008049439025924986,-0.01087443515330332,-0.006838963875594531,0.005102388819624605,-0.003999866944371534,0.002991991940277017,-0.01004276204579913,0.02143854559441857,0.02735464606883375,0.004512313572909847
193,0.01485758885350353,-0.006907140171276378,-0.006514343608386782,0.005698775832583,-0.002829455534910086,0.005110290656516052,-0.01020650163419965,0.0415047057535728,0.03097052947426324,0.00782007472691021
194,0.0156757348453816,-0.008244608747047313,-0.0059830446538458,0.004095073359955198,-0.001267519245720691,0.004529757979620648,-0.009310289638083316,0.03884542104420022,0.04643063977077963,0.004614576758981452
195,0.01943452030887489,-0.001978460913532698,-0.006293372668247662,0.00596746264993535,0.002882838264821633,0.003021389020589349,-0.005777019958788918,0.03970997575557106,0.06521926188756266,0.003523610147353637
196,0.0210462207532088,-0.001347512355162993,-0.006976468410106938,0.005189836614709472,0.004338221198375659,0.002778759888622128,-0.004192336817827588,0.03833775344935626,0.08247264164710809,0.005201525415352315
197,0.02273881345317726,-0.004597732170207161,-0.006799556777513208,0.004921905242364568,0.0004655725711039485,0.002547513125512956,-0.003553135630735573,0.03978308858496699,0.08699659803696422,0.004787799607637408
198,0.02316506949567593,-0.006275770195911804,-0.006710038540571483,0.004705992558758668,0.001957589231272594,0.002580123402825927,-0.002063885426248285,0.03920667891101411,0.1002191583201861,0.004511707479631238
199,0.007217258744698567,-0.00306361048289466,0.003310389210575577,0.0009780620620856093,0.01063514724581492,-0.002331452503528514,-0.003946760517904425,-0.041178217846907,-0.09604755820650591,-0.006627102012162833
200,0.01038588056241745,0.00863202281924018,0.005164613293225487,0.0006732139024204788,0.0137986068624474,-0.00183077123733584,-0.002632462177548798,-0.03777499051490116,-0.07412564611208244,-0.004761507255343375
201,0.01165913660434492,0.01509070115812393,0.007088757644279565,0.001065843099655607,0.01058218140730128,0.000145559567543224,-0.00224557128273628,-0.01999614814048915,-0.0486040712958233,-0.003643060050987138
202,0.02161902662393617,0.0177736725379786,0.008328597119887746,0.006392291325047841,0.01696052955808028,0.0009501671407557378,-0.002687816261056533,-0.008544171823766367,-0.03749054997146498,-0.002330892451342362
203,0.0208307602670583,0.0165816144051074,0.00915884728317303,0.004158892595893061,0.01498383242297124,0.0006445148966966531,-0.003678173049978856,-0.004795451892595634,-0.01045638185144844,-0.007762750727910872
204,0.01886831670802149,0.01075970144404067,0.009524112996356504,-0.003021477601106228,0.01395686589780627,0.001651224472964251,-0.009627105784923755,0.006024178974833291,0.01977766638416609,-0.009824748841388713
205,0.01936698474804609,0.01171631014078945,0.01116014722181743,-0.0008751577038421227,0.01602212031528213,-0.001385521251110927,-0.005204146976189239,0.01551303013315542,0.02869809417808217,-0.004388847084989489
206,0.0186147173251484,0.01200922682142516,0.006059916756530594,-0.0007103433164261711,0.01471702110359751,-0.002574018447538666,-0.007342022382794367,0.02343671729473047,0.04372663521152381,-0.004863465503609861
207,0.01543888481661855,0.003520003215122275,0.01281965418124434,0.005112716763714508,0.01180559877638477,-0.002031053515511046,-0.0104888193046218,0.02763692492191946,0.05608188939910595,-0.01336085137437468
208,0.01792432091231881,0.004394750246285282,0.01086645743333027,0.006158243027141184,0.00992691750086585,-0.002069195785431542,-0.005410020066032815,0.03612690937439138,0.06258086407152855,-0.01218660854945964
209,0.01821963480405387,0.004638412118764056,0.01204153942670468,0.008247478822785509,0.008228846904646267,-0.003355901433959393,-0.007908901455844707,0.04243923498507968,0.08737039672505917,-0.008068629927658957
210,0.0221794725584518,0.007136407865884207,0.01676178992266115,0.009778149235931616,0.00914705048058418,-0.001684518040950636,-0.004132282287221315,0.04722972899054326,0.1087642845433077,-0.00945673307985236
211,0.02162136506482855,0.007629714424015194,0.01587020446567981,0.003714016121678952,0.008241713919953467,-0.003130933027366186,-0.003156566208979069,0.04256343821209661,0.1064823028097437,-0.003892010860551613
212,0.02191028062243689,0.008211019703228808,0.01223971559991883,-0.0004316875258215718,0.007730613747903136,-0.00554391985781187,-0.005172050589505115,0.04013811552096418,0.1104587227073871,-0.002997777321002441
213,0.02134844742525873,0.008706519968809627,0.01299338644655561,-0.001375953399302727,0.008956922748730571,-0.005504779789376751,-0.005015227169835754,0.04065765857120777,0.1114735446063244,0.0004788729390832709
214,0.02083480918607583,0.008991377868006523,0.01323358054332193,-0.003479268858148435,0.008874685105160481,-0.005475298943571901,-0.00456082251297877,0.04043074745830144,0.1118248509128602,0.0002936390547039695
215,0.0184396009602065,0.0131530753482671,0.0136043255864276,-0.006012134084987448,0.009104682453984183,-0.005496834371686641,-0.002731051467633429,0.04127902740255213,0.1169866176749424,0.004558955294735828
216,0.01885504085517536,0.01466896431278611,0.01315549733474758,-0.007236614809704189,0.009119002483947532,-0.005281874294777995,-0.002354703312312055,0.04415963092082746,0.1194644772585675,0.004550548133521974
217,-0.05296590920584284,0.001564283952450327,-0.01210756305707405,-0.005448949416772569,-0.01446811812439263,-0.005799630274046823,-0.009865920944372785,-0.09846808741858323,-0.1613664929261718,-0.007348473762138075
218,-0.04350056240657825,-0.003819811967766281,-0.01039304983540954,-0.004024009623629065,-0.009505624415683978,-0.003594253973483895,-0.009412859809100532,-0.08871504367055,-0.1557721222878867,-0.007348511476046232
219,-0.04119892961977138,-0.006275206268409088,-0.002667304167841519,-0.0003513176155747536,-0.002415981512546466,0.0001137402993405124,-0.009136550539769816,-0.07993532205071599,-0.1506687597053236,-0.003360354889751751
220,-0.04070541121954335,-0.009431627164102204,-0.003973395627528509,0.004115273744044941,-0.001171156494959412,-0.001852537553588699,-0.009700009634364442,-0.05839782498923115,-0.13242702692459,-0.006393814004926906
221,-0.02257753201533741,-0.01282763286080071,-0.001499860708009664,0.004716586086261167,-0.002457445033148972,0.0003125192092464139,-0.008098762795955153,-0.04772223879048659,-0.1072233457253187,-0.00458781724122679
222,-0.02512025919821731,-0.01502116075747882,-0.01030577717806008,-0.002009535031597886,-0.002255619932471725,-0.001174579746454993,-0.008914427613013158,-0.05271003688072784,-0.07852037361086896,-0.005398308477684646
223,-0.02424754656863796,-0.01805837654943751,-0.009369791471771721,-0.001697540544278998,-0.0004025706541638905,-0.0004420907429839828,-0.005384250367722773,-0.03456400951848476,-0.06415233380391036,-0.004288653158318282
224,-0.0248659972326035,-0.009348526363555721,-0.008728691104273234,-0.002138585760744179,-0.002960454152978724,-0.0007256419091855611,-0.009120171674936478,-0.02877010127986927,-0.04419288961880767,-0.002634214553711561
225,-0.02804514662581905,-0.01520563561084483,-0.005953111932929273,-0.002376888837219307,-3.462839517941814e-05,0.00442718995131363,-0.008010369861377166,-0.01130970538976762,-0.04084769830113529,-0.0004241898694959216
226,-0.01697929234979894,-0.01796718174291946,-0.004278936713105945,-0.001575417298180381,-0.001171502467928394,0.003514546002426451,-0.009981348709200075,-0.002092783527504402,-0.03023577803285588,-0.0001265135700982115
227,-0.02102407195215942,-0.01528320021970768,-0.006820530318469456,-0.002214861049048164,0.001136185608820156,0.002266144850887111,-0.009743995827076376,0.01519210304482135,-0.009003954904614987,0.0009225890590140435
228,-0.01865676165275767,-0.01252559303335106,-0.006729703622037326,0.005354007033735192,0.0009062575741505987,0.001866008206863606,-0.009892992377680388,0.01326238392784047,0.0225760723905683,0.003596745228956015
229,-0.01769968128173489,-0.01314916000510525,-0.007312515158238712,0.006170043208329369,0.002384025694150098,0.0031470298125486,-0.01269623456841757,0.01554764049926498,0.02705568298659655,0.002972823918988285
230,-0.01569096650060116,-0.0161408709650391,-0.007407660255728921,0.001654569214740799,0.001012079312458384,-0.001107889371985788,-0.01188457415744239,0.01427170749384212,0.03223156738560765,0.003705940138330211
231,-0.01742244551395929,-0.006713299760675397,-0.009403521965833248,-0.0006198361708911306,0.0003120566111318206,0.00172092925867779,-0.01006084421917726,0.01592882735292113,0.04935631981275488,0.0008542556855886669
232,-0.007380423156976536,-0.004423049064469902,-0.006711869048638418,-0.0005292034664791704,0.0007837406744351461,0.002049420677863334,-0.009301748983575551,0.01821497733197594,0.05793973352422337,0.002884767011766824
233,-0.007749455123467756,-0.005425698209694865,-0.006869352351252014,0.0003565110350618767,0.0006536073373278264,-0.001082808877194849,-0.007095117974283863,0.01793726154842072,0.06760360078839334,-0.002167571596200621
234,-0.007710808839076131,-0.005559958266666365,-0.006973363030077411,0.0004387277708531611,0.00116645209738502,-0.001049945075749059,-0.007100414468027362,0.01770857333316012,0.07272527736978983,-0.002463745978546622
235,-0.03826469427809681,-0.00869471627287764,-0.01120414089721289,0.002708119815315258,0.006423925106088547,0.0007638820334149299,-0.008905189149759143,-0.05829250720581095,-0.145437788680457,-0.005846262115777261
236,-0.03795525040335396,-0.01329937561844841,-0.01063827807930984,-0.001071252170713386,0.01184633683904553,-0.001093234623687113,-0.006698638951715258,-0.04882663732627937,-0.1440846550395167,-0.006691185839947466
237,-0.03345822021408645,-0.0007256110505358688,-0.004286709568203468,0.006114194097973528,0.008027446939668472,0.002183882171876376,-0.003906093001082167,-0.04530989018874573,-0.1360841485219952,0.0003425934530998453
238,-0.0168727286224406,-0.0008098746004404304,-0.001823671611081061,0.004380813462585219,0.009263110282307824,0.001917064349035846,-0.00340741067645509,-0.03958898405266906,-0.1217804604073714,-0.002972026073891746
239,-0.01918342487525478,-0.000317993789750134,-0.00459382158495825,0.004484838508196307,0.004981913116575469,-0.001348329514629714,-0.004596380826225295,-0.0422424195416822,-0.1097085642897347,-0.002994999350356542
240,-0.01435072355869383,0.00459820155368552,-0.002981910595407993,0.006060157942799306,0.007451009059208093,0.00183439284683733,-0.003122132759580505,-0.04482328095495117,-0.07403174616482602,-0.003163492011910251
241,-0.01687656231184309,0.004621635049602418,-0.007351917848690446,0.006798860554269293,0.01205578342595121,0.005661319800110927,-0.004760473656520717,-0.02937402599396336,-0.05715182030230884,-0.001099348720224956
242,-0.0143777802014689,0.0009344960712879731,-0.005329707221195733,0.005450700900014475,0.009726234447682594,0.006820505714581797,0.0005049725810823804,-0.02352922566513114,-0.03724312197706066,0.0002974481102065806
243,-0.008792580946393106,0.005759837411381382,-0.002584400205349115,0.005618551189722661,0.0004189011944440256,0.008761159685165639,0.004899990129786348,-0.0115152818167546,-0.0274884785494468,0.0009601157276985542
244,-0.006540088889923167,0.005468186603415417,-0.003321396582964368,0.003932729551644431,0.0006379509171122971,0.00832910080993244,0.002869243435503899,-0.002462049743034487,-0.02122568544339643,0.0008845136353437168
245,-0.008178674015124315,0.003543771419076275,-0.007192109346693697,0.004048214103209604,-0.0005599029885799986,0.006368003100246265,-0.002923153059540662,0.01459965377968179,-0.004329360113878651,0.001008806942698537
246,-0.00830375310856424,0.003744087716659998,-0.004510559785848295,0.005386397962120098,0.002361960494899978,0.005691888800569618,-0.006836162095277919,0.009005865093048068,0.0283519328458405,0.001634557873599057
247,-0.0004199456978795412,0.00396025340563097,-0.003765094937525123,0.005748743131930134,0.001778922413873231,0.005230479319288307,-0.00751641853750975,0.01575247867567725,0.03505023561625488,9.825614787363119e-05
248,0.0001047906953245202,0.0003195995047016598,-0.004386719173282436,0.005156986574971821,-0.00166716982067443,0.004677469255181307,-0.01151035720314948,0.01586676087364074,0.03650502021576937,-8.979618325011028e-06
249,0.004286840916240011,-0.005961251479709935,-0.005097367000798653,0.004099675819763188,0.0001636030637829855,0.0009441956095968885,-0.009803980999990011,0.01403606174005259,0.04989340391219507,0.0001771223749361563
250,0.007189153710656008,-0.002941131307040048,-0.006412131966153447,0.004548009389908033,0.002514979836960187,0.003072980730303937,-0.008005398679753596,0.01501405703987735,0.05902262818496148,0.005060969990975929
251,0.00999302358160797,-0.001503105315567872,-0.007776160031786121,0.003931787256574124,0.002862654726098082,0.004100789851809511,-0.005778317458979702,0.0173812718487666,0.08110156718278376,0.005011941129684177
252,0.00943374574415649,-0.002549768369747158,-0.007915001287859269,0.003920266618672719,0.003910728598983122,0.003762492924303244,-0.005600119368701481,0.01741946585851418,0.08635455096077052,0.005634175812347084
253,0.001283524746812139,0.008351232993951772,0.00500461608365267,0.0007502607613554539,0.01184045735262169,0.002920054951656086,-0.009779875262451694,-0.01176177775507049,-0.08134039089577776,-0.004869197758193503
254,0.001193235296963006,0.01610791482241688,0.005797301892012117,0.002580846477873578,0.01171040114953734,0.0008426103944191318,-0.009838812015798042,0.004228271025202981,-0.05209439616980657,-0.005379062570643913
255,0.004532454293050642,0.01561282863678526,0.005814765824292897,0.006516246915265573,0.01003023126490483,0.002110111510278921,-0.01041414153086241,0.02065328364756681,-0.04312145620038572,-0.005967941096540306
256,0.01068313269281639,0.01387383238732169,0.005747937455643053,0.006887238797941645,0.009486362206734288,0.0008284046449645913,-0.01078039260391312,0.02549114695292489,-0.04135332002204381,-0.008331869108123446
257,0.01274019734461105,0.01333537665856948,0.00956411809673602,0.007459154895145091,0.01368557770074025,0.0003614115630681504,-0.01154414284057017,0.02534948170987867,-0.01052870475842248,-0.009115664941674217
258,0.01101778328284911,0.01105228813852024,0.008605527098835433,-0.002633319552692005,0.01445209125913445,0.0003011477435711827,-0.009889743039799809,0.02068283984501697,0.02675272022099994,-0.01112115409109702
259,0.01738505605541161,0.01633342613690077,0.01118475948188312,0.005031270516227889,0.01378646083786514,0.00111326625638811,0.002260325553250709,0.02869744512017228,0.04123607289927472,-0.01003553817193865
260,0.01810915840335435,0.01864726669014323,0.01409320295728458,0.01052248918042419,0.01352973448557945,0.002928822921423046,-0.004269739537724354,0.03004423775204459,0.05988670328971771,-0.008430697519654204
261,0.01932932589205338,0.02247177585008827,0.01279308393525074,0.00855801609711158,0.01149111057885194,0.003570204779162165,0.001701142801182979,0.03502243539309841,0.07412863360089916,-0.003769914843899206
262,0.01455346042724247,0.01785250201029742,0.009906816023747192,0.004848070877933926,0.005222768093084997,-0.002266834665522247,-0.008735839987635568,0.03733729490982507,0.08530242213473985,-0.006166681986941523
263,0.01978490668412432,0.0268028105536619,0.01039191129866342,0.005025233179323404,0.009657408444211622,-0.002358607405806322,0.002198306942052088,0.0522975338764914,0.1170354367255025,-0.003206697562514293
264,0.02343919629453245,0.02851048026310013,0.01278121560052983,0.011909930336313,0.009506487623793053,-0.003531583382341298,0.0003939382794029848,0.0524691735925689,0.1174297306190204,-0.0004185361046186207
265,0.02380826760229831,0.02440333336974162,0.01314552034054377,0.01254500259551104,0.008823433397662526,-0.001259137127473703,-0.0003431500865969084,0.05302235730085571,0.1233443330448099,0.0002008420227666597
266,0.02395968089926321,0.02488830939707503,0.01326681298368961,0.0123322542995469,0.00915805803615684,-0.0007478230159436924,-0.0004285255561156517,0.05381045763349794,0.128453025811212,0.008275564238737161
267,0.02580475288960235,0.03109552411676827,0.01438342874739253,0.0130371693139515,0.01214718993601535,-0.0002117153658187953,0.0007277173807153747,0.05851969598725887,0.1380949004114223,0.009155919687096567
268,0.02494562149745887,0.03127293412083298,0.01450117043760412,0.01328401709665262,0.01218520913311895,0.0004038811554728493,0.0001092605353510854,0.05853010999046855,0.1383536981368968,0.009494266137799677
269,0.02572029194215577,0.02931992267836658,0.016911186137034,0.0125507372528692,0.01216520484627562,-0.000897441953627397,0.0004188768986070823,0.05950129870382413,0.1560264993017335,0.01112124096533182
270,0.02570226292712497,0.03140605249472513,0.01704002245160922,0.01285795599300692,0.01264275669009201,-0.000855973457698293,0.0006490850693965928,0.06121319508705497,0.1633129412686989,0.01116181911735274
271,-0.03974931942515012,0.005538477397430665,-0.006833132620464531,-0.0007672285839858241,-0.01192217433640114,-0.0216342842413567,-0.01188126287785246,-0.06827061024205525,-0.1557927592844684,-0.001125102246961004
272,-0.02045756045808516,0.006192151745143429,-0.005078613899600673,0.00136953018989269,-0.004010970149990563,-0.02822351396270574,-0.01149196971526481,-0.06493332394119256,-0.1476590707673336,0.003320850311352862
273,-0.01895980400217439,-0.003548517048129347,-0.002488750410883204,-0.0009114093085386802,-0.004516014483277696,-0.02773458031994189,-0.006565086865011845,-0.05838788406928615,-0.1359014492745452,0.001958330018436504
274,-0.02155987589413979,-0.003250857251495429,-0.004691023204907045,-0.002516627483597822,-0.003452458059546943,-0.02211104490737324,-0.009863969899587967,-0.05180829125329744,-0.1206223905924448,-0.002096819218822039
275,-0.01368875041775531,-0.006461537170332341,0.0004129632115162266,0.003300115467100711,0.001281052930877336,-0.01203493861011635,-0.01063644506852568,-0.05074500249372631,-0.07998967595079443,-0.001536773887467416
276,-0.01875341767337636,-0.01002719924600767,-0.002451685404334232,0.002479356962620087,0.0007946084309458491,-0.01098611032350347,-0.01012936383975455,-0.04949634582422562,-0.06147263370114241,-0.002667949902487819
277,-0.0177100657912404,-0.0152335446430623,-0.01059007248028401,-0.001226374909731963,-0.00504291476471245,-0.006112457890017294,-0.006545530492010983,-0.03823254296462099,-0.04209040192026139,-0.003899161893813721
278,-0.01240563558161091,-0.01987310454463785,-0.01094600645164473,-0.002462163843057151,-0.004029377149243313,-0.002787163325835983,-0.005277821546073641,-0.03206471982040977,-0.03978361768394525,-0.003686193925031895
279,-0.006625268123210531,-0.02190905954736268,-0.009034572898196536,-0.001497178703823668,-0.003985258227907742,-0.001162446689205911,-0.005288212714425903,-0.01910498648230522,-0.03177558483308754,-0.002944269696763419
280,-0.006109260421516334,-0.0172281287532859,-0.00818609589522636,-0.002129041175579273,-0.003529625159605602,-0.001292018079045848,-0.0103814210914781,-0.005595225955227134,-0.008897741533606389,-0.0001441535103874332
281,-0.002555558756638819,-0.00842220586971637,0.000822322268206231,-0.0002352154629861476,-0.00355656859764972,-0.0007995722765115031,-0.007426952070491801,0.01411853753153958,0.02678348340555415,-0.0002069396691922485
282,0.001040838981336904,-0.01828715647701917,-0.0006780187300725635,-0.003307920542074104,-0.002528960785304585,-0.002399272719393439,-0.01317713948237559,0.01378769242175087,0.02971624553482518,0.000207782892556074
283,0.006386884306255222,-0.01963211215041254,5.815128830504975e-05,0.0003453027521319711,-0.001860635968297289,-9.204255465086926e-06,-0.01556882109628249,0.01970591149426363,0.04854316160485825,-0.0007846624518576712
284,0.006343872629318736,-0.01863263862882462,0.0005842629559988364,-4.532604353321343e-05,-0.000499681636161755,0.002121258009627239,-0.0155044967240841,0.0203063162371318,0.05826452981415896,-0.0007166319379702491
285,0.01407166081950928,-0.002893637890867217,0.005952686811397302,0.001777385180974325,0.002267788680817365,0.001600357996420507,-0.01021027410254628,0.02391861531529511,0.07391480346122213,0.001276058410962696
286,0.01496157683011124,-0.002276975104310063,0.01202120463261791,0.005212805155759229,0.001726186913456674,0.004754882987967161,-0.00648904344960631,0.02581922137422947,0.096502332245274,0.005850749128195574
287,0.01754688334939966,-0.003264271262187072,0.0122678904101778,0.006360225816961067,0.003332465348163985,0.003695797604532948,-0.006127910606901475,0.02551417851437273,0.1135191272388467,0.009479697619526852
288,0.01766154022469362,-0.003374015793039014,0.01289673626645135,0.006316413140466165,0.003964576682279583,0.002891251203068469,-0.005811235677139037,0.02385142541146993,0.1234995473033733,0.00965893844610274
289,-0.03123008683194643,0.01780127837247555,-0.005368316752607937,0.004238387067609109,-0.002163232185551577,-0.008756878834173,-0.009945483075698964,-0.05623032167872981,-0.1434098763520005,0.00393925453090862
290,-0.01722493638006103,0.02071580781573842,-0.003202027739029256,0.004704442541944166,-0.001468801866750977,-0.006057831241110151,-0.009607521793438135,-0.05229601665866549,-0.1345993264840712,0.003616845768200773
291,-0.01655117657063221,0.01351330210865135,-0.001183324041665056,0.004626920111351308,-0.002365956065955578,-0.003994381368613588,-0.00901193666761936,-0.05112647602577758,-0.128317345896816,-0.0007411491542232115
292,-0.01339415163221782,0.01558612273373587,0.001075230584532139,0.00583694164118196,-0.0009773218043113592,-0.00221454832751275,-0.008002763203519427,-0.04677376944698156,-0.1065194318079408,0.0009683543290603697
293,-0.01175401682762152,0.01281749667600209,-0.001955171886594559,0.003761544033534282,0.002403754793862426,-0.001582654696760126,-0.01065808705482599,-0.0495139180719164,-0.07500088522051053,-0.0006218419514220697
294,-0.01609302459205835,0.01251111212078215,0.003164015966434801,0.009886551964648225,0.001296189371734535,0.0009133134359413234,-0.01030480855370356,-0.04348967273914452,-0.05912774638256711,-0.001114063510435725
295,-0.0100443561228113,0.01491794936331394,0.001246578665030679,0.00403213821500647,0.003645127359462439,0.002389260604224464,0.00299345345816594,-0.04159177371177289,-0.03646751657556938,0.0001140195994756058
296,-0.007907585029575566,0.01448629517207233,0.003348753518967446,0.004760047722578138,-8.524478925307782e-05,0.001875587809483983,0.001139898732653429,-0.02411495315945973,-0.03335076540345373,0.0008852640333075713
297,-0.002904360090384536,0.004508956517587521,0.001573619449180818,0.004262321492928343,0.0008511686594619733,0.00179614282480532,9.064433280873113e-05,-0.00345466835602794,-0.0229456077648967,0.002020719376637123
298,-0.007522928445161472,0.002541965172145895,-0.006227208547798978,0.002142297539294219,-0.0024972976253031,0.001450352796057785,-0.003693281575542986,0.01892179493603798,-0.005611884292916904,0.002226165950107821
299,-0.0009619803757770751,0.002011663300705059,-0.003485620435262832,0.002978395020945829,-0.001350322192998714,0.003466450276138316,-0.006325714355319688,0.01898719922362033,0.02958004999039421,0.005398985543515374
300,0.004345112701956364,-0.002864844622067648,-0.006326144868308561,0.007183556468098731,7.637903457392381e-05,0.003655935940111403,-0.007499943507407399,0.0279965393157063,0.03273620079649714,0.006049744246097586
301,0.009191901428351653,-0.00330794734028647,-0.003900365920886942,0.007157652550151335,0.003986837285011018,0.00522328355029434,-0.002927798391820273,0.03174882974558135,0.04544749542138704,0.006603802723875463
302,0.009219107011462332,-0.01218814772603694,-0.009338683809074516,0.007144325246008632,-0.001842083895886595,0.0009637144320712474,-0.001205105580231864,0.03042380279385333,0.05967332018550054,0.004530213917171541
303,0.008197979648442669,-0.01062463285954008,-0.01105243183102696,0.002501903408216532,-9.924086937148343e-05,0.00183980467303474,-0.004706198313318994,0.02978609938958744,0.06864502995726776,0.001187989219699862
304,0.01440235244871711,-0.006000797111514713,-0.009186527918492744,0.002674186741999483,0.001840117454823364,0.004396721206390816,-0.003251352006159531,0.03144875976472532,0.07098933411490695,0.002486023269748982
305,0.01412473842227671,-0.008058169472054547,-0.0102622024749981,0.003123560245875011,0.002021271454656255,0.002107465927848363,-0.004662087279921305,0.03035256889275086,0.09280074160577043,0.0008739553831681167
306,0.01449914952911025,-0.008024132873605351,-0.01059795472856708,0.003095884372077815,0.002711181145135054,0.002085689350623618,-0.003890635700797908,0.03001487514205533,0.1012668010977512,0.0006134320325999409
307,-0.04194732522512602,0.01784399625520628,-0.008458579072853693,-0.0005851453307389794,-0.01190826828436317,-0.0142114244485735,-0.009073484776562373,-0.07767752282611814,-0.1586103615958597,0.005794608810535528
308,-0.04088154441069265,0.01371465765892095,-0.008818246273204924,0.0004140212363830002,-0.01152220976609571,-0.01717438695453203,-0.009117891711640068,-0.06754156515256446,-0.1545354610711126,0.003999622926319326
309,-0.03965654078754113,0.007994840894506854,-0.00768800823474103,0.003147871783036816,-0.01094279839147836,-0.01843947789636427,-0.01042216102241082,-0.05897556989688528,-0.1482655838115335,-1.294032359718528e-05
310,-0.04272402241565572,0.009000968022871838,-0.00911529809260254,0.00452491156520219,-0.01197853974900842,-0.009993840753871656,-0.009111737147004539,-0.05780389751871595,-0.1392660436534892,-0.001759914298473888
311,-0.04334167325971112,0.005046286977054289,-0.01109206646774,-0.002302212617091731,-0.002797865441069511,-0.008644984830302214,-0.01186533126672018,-0.05131916929252438,-0.1172416707216773,-0.002535024706008834
312,-0.0297857019449725,0.007868512871538436,-0.01052022309951633,0.006553636026467787,-0.00360142263303726,-0.003726916128332024,-0.007929218982404344,-0.04972970944166594,-0.06174484723029022,-0.00169445471388846
313,-0.02812551875937256,0.007231496853624272,-0.01028182653994269,0.001565996936571175,-0.002216015086259954,-0.003547256718279295,-0.01203564276091274,-0.05521598816453772,-0.06463895342077819,-0.001325742291782251
314,-0.02560868247482888,0.007395535543156364,-0.01031744751034449,-0.0006722118843691581,-0.0007050476286920038,-0.001941290997607936,-0.0123375313118715,-0.04817737572926865,-0.04291281958025114,-0.001021537707397149
315,-0.02272212581778273,0.005348819766684873,-0.007344169918845585,0.001096607989945916,0.0003882067888243364,-0.001981583975796493,-0.01202404599352102,-0.02589379461462518,-0.04140383570481041,0.0023116025140721
316,-0.01931950506417264,0.006558095946680257,-0.009565598682871632,0.00169704616277281,-0.0003277212371167305,-0.0006581059121425834,-0.01035123740092551,-0.00959937651361996,-0.02745017109320119,0.002562289863541678
317,-0.0164272840530342,0.007022121429612405,-0.007354666520206816,0.001452832838222276,0.001042807431829178,-0.0005941659603383041,-0.01082016134743647,0.0116522858483682,-0.003586467221824824,0.001991132001742744
318,-0.0161666657040473,0.008954598475571722,-0.006797184265599617,0.002245447929884089,-0.002594088321100696,0.001105667458401293,-0.005724451724191309,0.01574639738098149,0.0245728079660085,0.002282113804511922
319,-0.01286973410212951,0.004627021934069915,-0.0005952100143083352,0.005365900119890445,-0.003264808917974201,0.000867671342966418,-0.005068822885913473,0.02095757437960695,0.02513999182434319,0.003449868220099128
320,-0.00842909373677676,0.005825591057816774,0.002901264930378095,0.003530539990795903,-0.001736019679239415,-0.0002892637664177373,0.001364347832176416,0.02045531220367616,0.0389701692756995,0.005153273779466948
321,-0.005648586393547596,0.01324708345109571,0.00854604891185014,0.00284963431126367,0.001244029043444609,-0.00037927138023336,0.001608330655042994,0.02214811303262485,0.04805691830596309,0.002987818744010481
322,-0.002582540079514564,0.008107174618504399,0.00810403141806494,0.005729148384792093,0.001698372250833277,-0.0007497006070851702,-0.002971377100431268,0.02098852201076429,0.05560048965472134,0.002948924564245541
323,-0.001614319242311699,0.00265145269407138,0.007660181536756227,0.001618959314675651,-0.001123254792139996,-0.001324486384781345,-0.005769621100520865,0.02151027863031216,0.06457066705387639,-0.001444999479577986
324,-0.001397156987760774,0.007353166263994949,0.00804224439636313,0.00192872534203714,-0.0003304158127191394,-0.00145417850138883,-0.004844673401075153,0.02124035517925577,0.07225553713050692,-0.0007264472766900356
325,0.002323439324928353,-0.004618919298914606,0.00412532240548754,0.0003943356015993864,0.005035438221632016,0.0002214242664316481,-0.01165969478884664,-0.02022327120479016,-0.04318249753407174,-0.007084728768293613
326,0.006109522396908189,0.009244767412504478,0.004991740033531708,-0.002913631862937429,0.005135290347051296,0.001820648628495585,-0.01112674912893861,-0.008070243390462532,-0.03908269667281827,-0.007633037080247419
327,0.005294563857272019,0.0133362881947141,0.008066768721020813,-0.003562012593084881,0.005340734667082318,0.001494146763606553,-0.009658357107610628,0.001284746943120534,-0.03295393508090003,-0.009606620880729772
328,0.007242479523478855,0.008741967413729911,0.006955493245037626,-0.00213192260756252,0.004470528797075775,-0.001193822038728924,-0.01123923492942912,0.007391199713230711,0.003571377132928076,-0.01366517029099391
329,0.008238898553852273,0.007310986757817727,0.007106196771822876,-0.004032296131603132,0.003663904131735649,-0.001284741028919102,-0.01341117548809288,0.01243752802980102,0.02945261321723616,-0.01449098148419635
330,0.01004764765620525,0.007581797653470772,0.007577647590317524,-0.003185433700633336,0.002910313611267316,-0.0005035834792659137,-0.01167367778822454,0.01268588599679076,0.0518268102582978,-0.01557933003056566
331,0.01456867629201391,0.006189130452775355,0.007021716211873649,-0.003681231917665888,0.003485993205161275,0.0003875006048114385,-0.0140389244463226,0.01811602864579556,0.07044652760490647,-0.01385601393211716
332,0.01667710864243473,0.01023365953694672,0.009843379603531145,-0.003615421110830901,0.003679479982681819,-0.001350550432968985,-0.01425448825864573,0.02366421619830835,0.0889691252887916,-0.01435228284038159
333,0.01455363098437724,0.006813648927178114,0.0121745280028294,0.001252501884424753,0.003592095871407694,0.0008178852697097486,-0.01271930385724608,0.02432771260879338,0.1094842367832664,-0.01936954718869868
334,0.01592045465056279,0.007546728180908192,0.009192239956338121,0.003201304601633787,0.003349828194282588,6.230369626747422e-06,-0.01068980107026323,0.0372358681143615,0.1092982259355607,-0.01146810799665834
335,0.01319133240879599,0.0117173773771929,0.009288859190754346,0.002053985467051161,0.004041520046948084,-0.002822870695052832,-0.001256282540505135,0.04873215449287915,0.1166461145948725,-0.003588171410614984
336,0.01804028837493315,0.009892343083538029,0.01009287281999373,0.006016991617170281,0.008297574854518111,-0.001545030876924127,-0.001950650856093877,0.04915612724850703,0.1194082098473502,-0.003941859049129857
337,0.0227415164432559,0.009032582591098173,0.01588220869729889,0.01078120856718691,0.008586962686693154,-0.001068987017449893,-0.002533068656087348,0.05134770788950028,0.1297720827831788,-0.0007620694583103328
338,0.02167369274238934,0.00931886293734888,0.01357326605060382,-4.3565567829239e-05,0.008006945944853804,-0.002961208179857383,-0.003214505511025069,0.05066800705640186,0.1254754766468341,-0.001031299280001869
339,0.01690902252867631,0.008068227419322359,0.01428754502475884,0.00120312432053107,0.01017273385093867,-0.003279346578360127,-0.001748582984262538,0.05229160282069072,0.1380201813868925,-0.001786567503362461
340,0.01976495453973106,0.008359669895881579,0.01597189278951977,0.004624782535229271,0.01259130087874381,-0.002738650331167633,-0.001333605624986205,0.0528418367200434,0.1432863512810607,-0.000523972625514359
341,0.0248438653912547,0.0099650331600717,0.02039230495795521,0.001509251188188059,0.01215513891618321,-0.002762169552388399,-0.0003018311759654798,0.05486327557792523,0.1528204850415101,0.007012750191261503
342,0.02514360814550125,0.02139736077296331,0.01996255520127258,0.001518892979689969,0.01275457369383214,-0.002763323859302543,0.001060363118949633,0.05530064240592261,0.1557480550943898,0.007169919015068818
343,-0.01754110910698127,-0.005893282359116824,-0.007190776790311016,-0.001505456090008676,-0.004403993732434455,-0.03499964177433899,-0.01161271469386306,-0.04788465777202665,-0.1524318210630046,-2.467763474554462e-05
344,-0.01778656407857643,-0.01523938808751842,-0.01084223047611289,-0.004187058890188895,-0.004752265796789928,-0.01851681473566309,-0.01155453537871633,-0.03011165333274881,-0.1511953375743115,-0.001370360855400858
345,-0.01515643249978322,-0.01001719176674498,-0.007961596150444963,-0.003004482551234925,-0.003618645338986187,-0.002441114651283961,-0.006280108437576564,-0.02012963975003487,-0.136861049413433,0.003263338155412911
346,-0.01131178154624506,-0.01273853036895104,-0.008343348103728481,0.004160456905547578,0.00252854446631743,-0.0001446488660618596,-0.00747159255015247,-0.01206123213118661,-0.1231213574246549,-0.0003283989835039698
347,-0.005485891291083118,-0.00262194466698393,-0.006969612642208197,0.004130167065665024,0.007302869102829425,0.001961966847194,-0.006871603285579082,0.005880616873222081,-0.06407506282880604,3.157054129963611e-05
348,-0.006274663902459301,-0.003162182099811188,-0.006954639040772106,0.005686302685878247,0.006549598684861495,0.0002965421901993322,-0.006988498624370385,0.01190044102544168,-0.05049028493196657,-0.0009185873576893215
349,-0.008291618401089496,-0.007082154410826515,-0.006447119717272461,0.005253765365542154,0.004297170542327875,-2.450796694679401e-05,-0.005160525444823257,0.02629586838249386,-0.03689989265104692,-0.001191854423034701
350,-0.007123431839375997,-0.006867427218615988,-0.00673847312195123,0.00357267238315116,0.003863029208283665,0.003730155688026449,-0.005110393642434393,0.02549800761874574,-0.03337882947826032,0.001600128539331314
351,-0.00681592677025792,-0.008348568796088255,-0.007378220270382385,0.00350101746036889,0.004235414686072862,0.00356341760432342,-0.006309932885383275,0.02624531987035181,-0.01108572361867766,0.002955787489772683
352,-0.0007431379731282688,-0.00724859091947379,-0.008780591314045528,0.003402917354803177,0.002792646924365454,0.001369291012168416,-0.008183310129374956,0.02264087066090202,0.008089673954015268,0.00105954599321831
353,0.006374385606319094,-0.009703367995018608,-0.01095250499072819,0.002131408421308924,0.001670722843312995,-0.001753669572758041,-0.002795454421164497,0.02749598220226229,0.02784797846144857,0.0006406318405803286
354,0.008423315580927229,-0.009101690003434214,-0.00796125645749745,0.00201864158742345,0.00271545527613085,0.001985417963080231,-0.002947956196081395,0.0299018501868965,0.0322156548198403,0.001681008795026453
355,0.007943319220160273,-0.0090527542400163,-0.007348730890023263,0.002314003675335939,0.003271924809082677,-0.0007256098599658495,-0.007828934093547674,0.04325268703508175,0.05144258946281122,0.000589200286112753
356,0.006997730347836966,-0.01115908400139978,-0.007050485313089239,0.002234456203642803,0.003117316497742027,-0.003897938905691169,-0.008353000084134919,0.03928503307163405,0.05385318861195354,0.0005424254335618779
357,0.01064064068846893,-0.01392839718046586,0.002182079447893608,0.003850420084385198,0.003144131653722816,0.003043913549806513,-0.008113276850167835,0.04172542199233492,0.06935378046801988,0.003218517032829611
358,0.01095827726829511,-0.01473277184059525,0.008727951395297497,0.004242300969583972,0.003468749091947851,-1.352907100506331e-05,-0.007526299499816938,0.03776408302618144,0.075034475278032,0.00467681788013645
359,0.00926873856017284,-0.0191220914932731,0.007213416788181169,0.005279841706352794,0.003126139777816805,-0.003350926849657791,-0.00622773273241609,0.036153581175386,0.09368196641946319,-0.0003368575432301609
360,0.009721790057508225,-0.02033237660529493,0.00711042787911154,0.004925960307081617,0.002593003324622544,-0.003476124221806964,-0.006019036612650611,0.03588342993320433,0.0976086930797363,-0.002279947207869834
361,-0.01407531118960779,0.013607746768408,-0.01118871914368723,0.001438368826016229,-0.00903796493722147,-0.006681892930242738,-0.01282831494460209,-0.05629662434518028,-0.1438391321713377,0.005238657202833601
362,-0.01150652906617367,0.01530161900025858,-0.009365650556702888,0.001260775364900388,-0.00391439739524962,-0.006974898050671272,-0.01112172568763687,-0.05361683243417988,-0.1388567150436547,0.005495743789854247
363,-0.01020768251093252,0.01296538790307458,-0.003623352232553455,-0.0001939692718851969,-0.003381468767080508,-0.003597528562229648,-0.009234447468897726,-0.0447095039162639,-0.130275642731084,0.003929545793163715
364,-0.006162041972378673,0.01429807533811661,-0.006318705096831486,-0.0008466078036969002,-0.003187659915541554,-0.007640673797091963,-0.01119265041141272,-0.0441017634978495,-0.1097000654498804,0.003806561538003911
365,-0.00197443536084847,0.01267437116646393,-0.008811767278492363,0.001262398285559084,-0.003262898136141975,-0.008247406515139468,-0.01032286786957249,-0.05560783141545313,-0.06216988467720957,0.002360128755742685
366,-0.001152324599877923,0.01045653901104345,-0.01071265312873676,0.001013766590885371,-0.002722420861189574,-0.003949492554888024,-0.01260501047855857,-0.03622962507073621,-0.04344089351677261,0.000900556911532176
367,-0.001425862571702071,0.0124172551042648,-0.005843775967882283,0.001514372566961407,-0.001840301903681435,-0.001261955623870557,-0.000116148134191225,-0.01857478284436282,-0.03553130970458776,0.002306655870283202
368,0.002550622288339389,0.01327066175114542,0.005190725356789362,0.002394673106070308,-0.0001868198909668514,-0.001290993281372457,-0.001441120019752217,-0.0001155869970048033,-0.03288568601682953,0.003687725919915603
369,0.005718125945759055,0.005027656781109598,0.004255084243527482,0.001749604340383535,0.001395267303907745,0.001497463953279557,-0.003449731499336477,0.01988719544819998,-0.01075039113976133,0.002583853037325531
370,0.008951506890827533,0.005471072663492722,0.00529020345968171,0.0043427261078394,-0.002386888455070441,0.001392731408582314,-0.004412396256432321,0.01751160351998102,0.02274744597257503,0.005779491349728648
371,0.00896657249118628,0.00850777732725316,0.009604861039594263,0.00431900254998529,0.001300299516816331,0.001189163143799349,-0.0002894042763773751,0.02077710629503166,0.02645607736465421,0.002963743833047048
372,0.01042765444097812,0.0124339371987471,0.01060657321677073,0.004895161423495151,0.001502039681429369,0.001646523466762293,-0.003504911040308911,0.03095108690992382,0.04188188453660556,0.003548049798517247
373,0.01206254833793937,0.01206609325516238,0.01274477196200922,0.00380542670074344,0.003637923988200635,0.003642375067088164,-0.002975627076161951,0.03622136821948599,0.0596364436663093,0.004434477337589764
374,0.01269056211156855,-2.226310293517266e-05,0.01143559611784382,-0.007246845523579301,0.003422038076503706,-0.001433118909330378,-0.007525188801677393,0.03006761621522547,0.05742916708839555,0.002601478493062373
375,0.0181557571784309,0.01433154534617496,0.01163329163981482,0.00626072573373988,0.005165004998924912,0.00206920958328734,-0.005151339997293648,0.03312317544898342,0.07127735450729814,-0.00138728088276511
376,0.01817850671895638,0.01313876058734572,0.01395569062996461,0.005280264253369155,0.004820838778953077,0.003667937926644964,-0.003146073225579087,0.03318074962760763,0.09872443581635612,0.001303953310282167
377,0.0201354420987722,0.01405615865216446,0.01470213304521725,0.00526707470736872,0.00553813615502511,0.004394690018791185,-0.001362766476454138,0.03173276200126495,0.1179484769437678,0.001641300216667768
378,0.01977812994615778,0.01412300302735405,0.01459601319296847,0.005195858289548914,0.005653898927626693,0.004427728601600171,-0.001371989534595331,0.03167261070215695,0.1196888699564947,0.002032948083642853
379,-0.0324166845870987,0.008811727733308655,-0.01026576973928097,0.001171887328072435,-0.009181768993465407,-0.01332932991676467,-0.009040308703649916,-0.0826723169184658,-0.155586239601206,0.006798849477382282
380,-0.01638377311624085,0.007961336322628982,-0.0104820979898615,0.003931913126881168,-0.008516000851393205,-0.01426526051270956,-0.008814219055893743,-0.07896601255015454,-0.1458715546372306,0.003532230149795726
381,-0.01689649634320466,0.006538877144044265,-0.009475408417798706,0.0005972261750308632,-0.006658123180897328,-0.01088521516222801,-0.008951856278083727,-0.06425841191888346,-0.1317506830497195,0.007772297809982707
382,-0.01792884124094155,0.007039385587541756,-0.008639582672911027,7.372498894122671e-05,-0.007697904853218175,-0.01313206354162162,-0.009012971529612744,-0.05760988064265537,-0.1169096607482343,0.006709087551177145
383,-0.01890924857925759,0.003531585914635794,-0.006320341315024437,-0.001333142222360688,-0.005076842920072495,-0.02148616756021268,-0.005733844333089488,-0.05894872575271076,-0.0749461234823116,-0.0002458628490575304
384,-0.02313681351106481,-0.002765391121763204,-0.005980829242932023,0.001246895824140157,-0.005475917001095151,-0.02062027816229134,-0.007578993350259626,-0.05739005504421336,-0.05219323469621927,-0.000408371772922418
385,-0.02164262115614999,-0.001740425867496275,-0.007085249011531704,0.001448120785403878,-0.005012352425147264,-0.01132698112350043,-0.009631803649497315,-0.04997479551450704,-0.04099602640095287,0.0002412853832382381
386,-0.01656271557366976,0.0009010686377069097,-0.007383993329560409,0.0002323296602786305,-0.003668794872293934,-0.005760915004615379,-0.004723625904805118,-0.0381339610158036,-0.03277082749083544,0.0005901905922731092
387,-0.01099901593801986,0.001096532377636676,-0.008630870949106122,0.0001842337747800839,-0.00479151602166489,-0.00185399578359715,-0.007882792853761558,-0.03436262036831955,-0.005773348159298889,0.0008258072185779849
388,-0.00628711377759626,-0.0003497660506575185,-0.006273729596084068,0.0008015098049883963,-0.005471294997717192,-0.002312725204635812,-0.005614570725461796,-0.02709472203257729,0.01484708743751913,0.00144011252894071
389,-0.007996155138641946,-0.0007242606778974414,-0.009112689262249899,0.002610057679517221,-0.005141640563516193,-0.0002058719075556673,-0.01200306120970838,-0.02048748056664142,0.0296433915814884,0.003637472403485142
390,-0.002004717519742333,-0.002111897710795822,-0.006881924665728388,0.003614050657913335,-0.001781104427931656,0.0003713517528656492,-0.00926324795544164,0.005800239089453714,0.04376727004627842,0.003533353632760838
391,0.006950663833847983,0.00327183631669985,0.0006689885223848441,0.005369058022678798,0.0008542285080081186,0.002728984926924159,-0.0061433281327842,0.01798901411795224,0.06363629771522002,0.003447020856994629
392,0.008273003225315342,0.002639820894358006,0.003639511749541668,0.005617182509931802,0.002237594290036406,0.001132980173403259,-0.006800668687724852,0.01814448119503563,0.0764560215776324,0.0063080459152782
393,0.00805705024787896,0.006498810951470684,0.003963126780606801,0.004462547679326186,0.00271832640470642,-0.001627884782248744,-0.008465677213561618,0.01766326791001754,0.09397322952689025,0.002833321668338808
394,0.00829225674613546,0.005251049173823872,0.007861166576504534,0.005140928337589478,0.003390087909318936,0.0008902462071540193,-0.006777620550338519,0.019038557268832,0.1091426571375134,0.003290346864973099
395,0.01297564745368968,0.004057192396754464,0.01317698326943965,0.006351404949441127,0.00404780493597005,0.0007161444792950291,-0.006679234508481622,0.01836302213994811,0.1203738905557055,0.003821382076945303
396,0.01288257709927226,0.01082214140193601,0.01305021591050405,0.006573606548857787,0.004633434834187692,0.000435536115079441,-0.007300559769943166,0.01802913457221683,0.1223604127456709,0.004702735983654741
397,-0.03911459661869604,-0.009391736778324814,-0.005109368286684277,0.0008111697012806674,-0.008626984310505334,-0.01617673427107921,-0.008852594217323814,-0.08076403725398804,-0.1573832296287752,0.008153104543799528
398,-0.03760800147923841,-0.005931193761895963,-0.004954170855480564,0.001590313135719884,-0.00920097655065346,-0.01325001869849494,-0.006202320380375628,-0.0636062487333239,-0.1493787725655687,0.00913676377403151
399,-0.04343526785734021,-0.0008599262291010272,-0.003834541287625485,0.0004285728125059445,-0.0102368666787471,-0.009700373052251986,-0.007663639190219834,-0.0567473814290524,-0.1471109585305061,0.007743876407296745
400,-0.03715462089038668,-8.885852441411639e-05,0.0006276434968367972,0.0004853492813996267,-0.001423464975369966,-0.01065237673446958,-0.007321785446663369,-0.05294888086507858,-0.1452397924913478,0.003626014156923541
401,-0.03446538088670832,0.001424779732844871,0.001952180967216132,0.001346549926987049,0.0007411842330601196,0.001532575206555937,-0.004857100767391826,-0.0495689746453028,-0.1376367380742203,0.008739398525407446
402,-0.03382594609912643,0.002300867887162084,0.001782001184133327,0.006446295820372391,-0.0004473622988969451,0.003461120670107335,-0.007022921301469545,-0.04567126365989167,-0.1201609660107381,0.007843891040356477
403,-0.03329498233862596,0.0006221058079970267,-0.004654230264078909,0.0008217703273101927,-0.0004357045192634225,0.001049255033058855,-0.008098381711697899,-0.04378004959609241,-0.113233046155131,0.007735721777309615
404,-0.02252220038262062,0.001234868530399686,-0.002614079132814723,0.001780000468667819,-0.004895920986830932,0.007178584207072272,-0.00812349644056502,-0.02675200757421822,-0.07403113022945165,0.007012573813009385
405,-0.02614617900257083,0.0008654603355805249,-0.005351792523683872,0.003622959857849788,-0.005822432190476941,0.005997862897696213,-0.00681195910287921,-0.01230749625627378,-0.05510636783181327,0.003138932675916599
406,-0.02708044929623451,-0.0009150520473756853,-0.004366277229740669,0.006394308366498638,-0.007842099511275263,0.00455118393331458,-0.006784746837733959,-0.004955646132323466,-0.04172818200560097,0.004238927440222866
407,-0.02398930923142579,-0.002808022712688337,-0.004649516300411386,0.003050661883077304,-0.009226950672670063,0.002549885247871217,-0.008561090764954829,0.01903045688649647,-0.03679761368691711,0.001421700075372599
408,-0.0161157207956862,-0.002699701963373387,-0.003055329691905182,0.003187344719529509,-0.008230226929899293,0.003266433723851436,-0.007539980150660389,0.02289117141366457,-0.02838130854261162,0.001206024835911437
409,-0.01791823115333557,-0.005227166397888376,-0.005515794979653706,0.002748809656907084,-0.009119557590541841,0.0004763855084231276,-0.009081493771786162,0.01838385103621426,-0.006598945330277628,0.001094878289322542
410,-0.01179899189967701,-0.005847514832618106,-0.006196715807910562,0.002620402501643088,-0.00919407654976577,0.0001698092472791268,-0.007167067828056142,0.01860392912543596,0.002493936567058095,0.001705176849970384
411,-0.0167127167316379,-0.00642565678416317,-0.01151114896581266,0.003226207559642547,-0.008006463344099417,-0.001121791218326896,-0.009238995945680478,0.01573862009062416,0.02492916465636689,0.00215241282851492
412,-0.01317517445305453,-0.0006505640053555137,-0.006995242050551779,0.003851002302348925,-0.006029361229399991,0.002646698303869609,-0.008455268374202013,0.01817262675220878,0.03071240278459049,0.005654463535746342
413,-0.002777892400179417,-0.0007905991311381744,-0.006430349873574453,0.004746383063327982,-0.005925622436951237,0.003575838343080375,-0.006278678497144174,0.02068109050928158,0.0472311918288803,0.004738320404849592
414,-0.004139173922219436,-0.001850568354660281,-0.006840917769577261,0.004493980458574188,-0.005032991651180889,0.003795112931754124,-0.006165946768407473,0.02054395518883987,0.0565072924370758,0.004933104443094348
415,-0.002788611278745246,-0.0009091837483809358,-0.001153256509694715,0.0002437748665489206,0.005851211252518683,-0.001911475505446126,-0.01247349419691191,-0.04941133315602946,-0.124089787839107,-0.00457599124068596
416,-0.00105292552563813,0.007146862032770099,-0.004014281136162912,-0.0007402945890937379,0.006493510865336847,-0.003936369984157214,-0.01401591211329012,-0.05201279604723301,-0.092027811428463,-0.00561492729474701
417,-0.003243130698698377,0.01090390101814532,-0.004506775091510394,-0.002863667871455184,0.005749020028099958,-0.0009205048396861775,-0.0139675374403872,-0.03902431431927858,-0.0675372905019624,-0.005280558130803678
418,0.0008209426358750192,0.0110284077261951,-0.008376881573179694,-0.001679470124828492,0.007261096354163594,-0.001718312060410779,-0.01393937905238914,-0.03580788715770891,-0.0554730043542286,-0.00536194540312364
419,0.003645450673786213,0.00986276393387697,-0.007512996739999061,-0.001243323652427507,0.005445517348533668,-0.001837509960093374,-0.01216680850803381,-0.02106983627690068,-0.03914103892507133,-0.007631242814577317
420,0.006414239998336676,0.009791001411647675,-0.008130517814428423,-0.001619211834812369,0.006621152860844182,0.0001268411506893291,-0.01413019182757498,-0.01656075604521915,-0.006415577592892066,-0.01037642759176521
421,0.007468697853250161,0.009968642588997056,-0.004421829663062867,-0.001707074139688634,0.005731205699666925,-9.13071054244876e-06,-0.01589856156094941,-0.01412869047569575,0.01872803740531624,-0.01030789013926608
422,0.009886663323341652,0.007338325106944526,-0.003415443661387582,-0.002122038008071704,0.003455885711440547,0.000390562020792969,-0.01672973513936377,0.01332167689550103,0.02653442380182545,-0.01399416251570198
423,0.01140175169251688,0.007387534349752471,-0.005439017035754909,0.0008162928086275987,0.003375220795628712,0.00165708543171305,-0.008629207021675264,0.01830813208124113,0.04215691988595172,-0.01138865282897842
424,0.01671031206194652,0.006922035821115944,-0.00619625021601285,0.002858270356612863,0.003954900080105007,-0.001251988289091689,-0.009680398051978602,0.02528897172117562,0.05899974702668132,-0.01320430229010814
425,0.01532919716630122,0.01068904951261127,3.080499805275136e-05,0.006384915857506988,0.003563018034431575,-0.001418282326884089,-0.01502592063017634,0.03846386354607965,0.06965535308196735,-0.01228319340644779
426,0.01502453088880691,0.01744635502867026,0.003843389145829998,0.001815590930005552,0.004113979314994159,-0.0005351910056451129,-0.01387154616026838,0.0477580737520118,0.08630760981939933,-0.005178151602435453
427,0.01577074630002381,0.02168851741637631,0.00764459538934187,0.002555625650236169,0.004205673833570413,-0.00189404452051905,-0.01210694518743555,0.05148155887191216,0.1172136566803928,-0.002731973130463984
428,0.01386962315819933,0.01803801400051736,0.005453802196140802,-2.619555907739811e-05,0.003622692427646912,-0.001619842446679448,-0.01518746539916401,0.05094844799030929,0.1164855507352293,-0.003643674454791823
429,0.01836795199416651,0.02253503829387446,0.006010127538580514,-0.0006492236774099987,0.008771480470001605,-0.005024379952755355,-0.0009597405675644539,0.0542223534799136,0.1222992527028782,-0.002313947338451656
430,0.01964849402180588,0.02690629355997466,0.006513020103537491,0.00170106609626108,0.009090802868956815,-0.001711082184717162,0.0009741864161724296,0.05462606290513294,0.1277562577152778,0.00465285113230157
431,0.02473662299389059,0.0301517512233913,0.006446255642601359,0.00352753021249324,0.009651693285064305,-0.001225645644101523,0.003667194847487667,0.05823449295924467,0.128911003869598,0.008874705540668888
432,0.02330303712119423,0.02870085859912486,0.004506327562075318,0.002162915953825172,0.00954580783072799,-0.001128405318254881,0.00351514705234261,0.05804856222794934,0.1313648311474149,0.00891902938930108
433,-0.0471904677814133,-0.001839402943009331,0.002396059237051326,-0.001321946745710223,-0.009666972744930585,-0.004231986853493433,0.009648109020379547,-0.0766578936696428,-0.1483710150585706,-0.006337449176992882
434,-0.04689548776799339,-0.001924459540276442,-0.002433101908581136,-0.001464504757293344,-0.01102683827913673,-0.0007395521708650605,0.008783748137026948,-0.08087061962584537,-0.1504159231784147,-0.00939293996780886
435,-0.04673018185433293,-0.0008096178685415789,0.0006315173941431524,-5.966794596558214e-05,-0.01028655712498783,0.0006002585939295507,0.008504442339549577,-0.0669403779320558,-0.1479258311566446,-0.007728661600479136
436,-0.04181826855851118,-0.001476703837688541,0.0008228977706034395,0.0009193544755236767,-0.0008263180787459684,0.002005202394661149,0.005998615756334363,-0.0546153717573985,-0.137922495273905,-0.005643980531192421
437,-0.04510094026049365,0.0003156300083952531,-0.0002294294070910021,-0.00280906590280966,-0.0009569518195379797,0.0005668698121403536,-0.005554992660092902,-0.05035273959501786,-0.1424190422485031,-0.007616030792803246
438,-0.04470598029006215,-0.002466528572706676,-0.001519413231880579,-0.005045159176651021,0.01193498788985147,-0.0003628008865281429,-0.006962281999767083,-0.04905121456866005,-0.1376453702984277,-0.006736366888570829
439,-0.04907886419919801,-0.0029798578058099,-0.00361366452635796,-0.006551262783634318,0.006394246549290081,-0.001368995899421964,-0.003880908753185088,-0.03991659902603192,-0.1238470370128954,-0.007603126633577097
440,-0.03582371656378438,0.00217714979246117,0.009579107979791387,-0.005202504231840641,0.007316315895216197,0.002647925874570546,-0.002910110697616416,-0.03113897279865871,-0.1034269511935387,-0.005279410801423173
441,-0.04559116660604576,-0.003633964244532053,-0.0008997804503749268,-0.006367190508094294,-0.005837968236847321,0.0043038588841914,-0.004066893546421994,-0.02120936346357763,-0.07583276630440608,-0.006891326401322287
442,-0.06372405858653259,-0.006718397721388424,-0.005353765315795749,-0.007609411123637646,-0.009643685223044044,0.002452578792933862,-0.004764734697649945,-0.004423934456634317,-0.05926828166672708,-0.001213454383584656
443,-0.05893795331704896,0.0006214698326572613,-0.003556068238184666,-0.005304401160036052,-0.01072559699891023,0.003752207254406623,-0.004528423258368978,0.01854562266661745,-0.03983952669056825,-0.004894012763702662
444,-0.06303419075176928,-0.00464954327975797,-0.006196394319531461,-0.009821131736901207,-0.01340967552162134,0.00216534333934163,-0.009131157673099025,0.02006841508018346,-0.04033423625423659,-0.008785656090824937
445,-0.05684394181899703,-0.009164809928107923,-0.003561860951910615,-0.01099247655330257,-0.01142237967428902,-0.001087484550423607,0.002288811777029437,0.02013444131974821,-0.009795683517946964,-0.00935084502473887
446,-0.06193428298871337,-0.006021813085400576,-0.007174526731866922,-0.01112658292947113,-0.01130430905596133,-0.0004605219375816941,-0.00877574559579323,0.01588021234907676,0.02300245188035628,-0.007272825397770201
447,-0.06308865348305033,-0.008199324742307454,-0.009847844390761137,-0.01047856497069451,-0.01276829640852696,0.0002744742696270015,-0.01024545043099369,0.01446515266864034,0.03740105525633659,-0.005031100881525061
448,-0.06059071122253964,-0.007320632112266589,-0.006017170382599355,-0.01035374243018475,-0.01176164623352319,0.0005003877484746299,-0.009812462562218866,0.01673004300360759,0.0471177690151126,-0.00767068419426907
449,-0.04889515949080173,-0.006363845541441348,-0.005675568317628624,-0.01026683398595993,-0.004583815861712556,-0.001051030338126703,-0.005133419880216747,0.01896374546428252,0.06830091282507163,-0.00789293553136559
450,-0.04914805674616717,-0.006194757283141455,-0.006063970914555726,-0.01058863920011779,-0.004321245629796829,-0.001139619869115272,-0.005270059563751022,0.01866418947190646,0.07404070196011067,-0.008331878527289446
451,-0.05518041162608681,-0.01743624491344538,-0.01283377599450872,-0.01063354261796996,-0.01768736282409351,-0.003820918761136338,-0.01003390633986878,-0.1004547484472228,-0.1632640570509859,-0.01152958793537655
452,-0.05255515499830145,-0.01169662274127774,-0.01054329379547217,-0.008451702152481862,-0.01399484541444967,-0.002783358587537136,-0.009730988888108062,-0.09591907050381471,-0.160043232237339,-0.009184781528158069
453,-0.05202668285622888,-0.00703505451217179,-0.005879128597461968,-0.005631593336614519,-0.01874492120179427,-0.00127362670248134,-0.01062342231201829,-0.08375665121610637,-0.1573456881222609,-0.008735656594465844
454,-0.04989645346657814,-0.005406779058387842,-0.006654986281211698,-6.977403014487535e-05,-0.01440389509865585,-0.001508098905598877,-0.008228246112465108,-0.07843315147564928,-0.1538590603235828,-0.009488127222275131
455,-0.05283187249662963,-0.003196198062408469,-0.007830616359900112,0.0002060812634928546,-0.01524527087171795,-0.0009651750794363917,-0.01026419469457223,-0.06428534852976239,-0.1478046582934112,-0.009115358960220594
456,-0.05314984229045121,-0.0001686718049438332,-0.005259748129948272,0.00215357687263274,-0.01409305349053261,-0.0005466796004934384,-0.008929016602477621,-0.0469776274779883,-0.127663737130589,-0.007514630762900062
457,-0.04399549123796984,-0.0005621157998161626,-0.003340137492781865,0.002631496042825286,-0.01027662914026936,0.005663700235238603,-0.00912259763561112,-0.04097123667146416,-0.1112692592309103,-0.005547133704644842
458,-0.03924860179683189,0.001078846897779466,-0.009372218534113337,0.001767841678501157,-0.006558736237728661,0.000444367360507256,-0.009978091800898505,-0.02741686304234995,-0.07913653112742593,-0.007005871736363735
459,-0.0375984932244547,-0.0007294830126756769,-0.00906981586752535,-0.001133548585028595,-0.006548336522187798,-0.0003591608797893338,-0.008586591782527643,-0.01008360039146486,-0.05786567561849554,-0.004873838513337709
460,-0.02662447511875887,-0.003880717478301318,-0.006486095186866938,0.0001109260998173789,-0.006399773823855664,0.0002292050703199965,-0.008052297209138219,0.003504644234635673,-0.03861876012239708,-0.002808582563506165
461,-0.03134258475854337,-0.006590906239859532,-0.004103054419506734,-0.00171481348121605,-0.008276022175991382,0.001754210317685637,-0.00982361323473939,0.02236439226791538,-0.0398252774812442,-0.003219218957051941
462,-0.01507814936700143,-0.007185817374013872,-0.0004718093770092923,-0.001921960325498139,-0.008471833560250268,0.002168384414437941,-0.00934152079972312,0.02510629638958277,-0.02896882115473154,-0.001981083823717644
463,-0.01295927324226772,-0.007221554699678542,-0.001801922487912652,0.002293916825065951,-0.006764955879259942,0.001658216445852204,-0.00901639815268454,0.02396877244683234,0.002022789101031536,-0.002114128349799928
464,-0.01377530750253294,-0.009067646517798185,-0.002278032694505454,-0.0003710631280853012,-0.00899249753091105,-5.134877159407704e-05,-0.00806252845390207,0.02064919817895021,0.02221372092706814,-0.0008025912710329596
465,-0.01177460539780382,-0.01673129085444324,-0.008328818793598768,-0.002103261096262038,-0.009393495023955025,-0.0008793653803767057,-0.007692232013244644,0.021728940648422,0.0302471641664693,-0.0009259997422086131
466,-0.01217926933518563,-0.0137233299208835,-0.008175215024427107,0.0008526673203948431,-0.005285431915083157,0.0002550382048684408,-0.007908496764518547,0.02157217168210109,0.04385291557086297,-0.0005419915294953195
467,-0.004792402490670365,-0.01325893716203458,-0.00830570160162903,-0.001023975989417707,-0.00491347734467046,-0.0007388766847152283,-0.008335919007577478,0.02178266856163913,0.05479678846783294,-0.0007777597607546887
468,-0.005532600914905724,-0.01409392309254314,-0.008239804103181262,-0.001316822677595387,-0.003557292294178202,-0.0006023037070789944,-0.00789941591787242,0.02248732908913838,0.06359616896348273,-0.0007537561227955473
469,0.006252171731829428,0.008847957774946166,-0.002182579349626608,-0.003086119686541676,0.007083976406659951,-0.005003392611447329,-0.01029095681371078,-0.05208135879742531,-0.1439686669390378,-0.002996403577201974
470,0.005594667919005928,0.008465020551985555,-0.00105573443660061,-0.003648604991481677,0.005282704729019306,-0.01142660129498534,-0.01036000789767857,-0.05107572368919705,-0.1256426164571026,-0.002962651630134135
471,0.005881228673677012,-0.001588613187116321,-0.0008364721227036736,-0.006141376074386315,0.004291027889300429,-0.003767990575725979,-0.008952646747979357,-0.03944864868164545,-0.08757687068208492,-0.00396161571241743
472,0.00975417727644682,-0.002854072329210368,0.000209170816804276,-0.007714046357678672,0.003044142948513116,-0.001312885254156285,-0.001190914306737473,-0.0400290539430186,-0.06967132798054672,-0.001358097516520841
473,0.01535336246698601,-0.006774624547764051,0.002743626429336494,-0.007141796329869122,0.002224735528474394,-0.002339284714576601,-0.003896535237417192,-0.02917373187519836,-0.04811514057039803,3.602155674615744e-05
474,0.01725268450519775,-0.006004061585180857,0.004319292129033672,0.002931819317215968,0.006480448318438008,0.0006308924749695972,-0.002914893225610904,-0.02017400752982014,-0.03363334503814095,0.0008848321579664671
475,0.01704838644777572,-0.01267326881507833,0.005364537850829043,-0.009255936508141157,0.00745683429903658,-0.0006358375611950465,-0.001044570164706185,-0.02386202990270787,0.005212673442442571,0.002353172055657737
476,0.02022179914417242,-0.005721254409937551,0.003763028041905662,-0.01207186173593497,0.006961657561860443,0.001090996399483425,-0.0007595125433773038,-0.009437333251620321,0.01897193116643774,-0.004260554238865165
477,0.0178424569554975,-0.003985418412807576,-0.007961582177044119,-0.01115260828810919,0.001542804834548897,-0.0001237487357020927,-0.005561899774431218,0.01233505652641851,0.02397278673436211,-0.00882563610955528
478,0.01536352823486745,-0.005158148449485051,-0.008946442184564196,-0.01069544822970338,0.0005582345996824387,-0.001145705058898629,-0.005731648659693196,0.01348916501768528,0.03835243185648327,-0.006275072225029666
479,0.01439432612286571,-0.005904307536876706,-0.01173337503846918,-0.01177980854562056,0.00165267857193107,-0.001792442434061159,-0.008699585427310695,0.0168128687492816,0.05122078591346315,-0.01031636618055787
480,0.01573589944800056,-0.008551334775918013,-0.01170885001602732,-0.01857665960591241,0.001986617999089114,-0.0009905580068361387,-0.01253894564611643,0.02217912512875617,0.06144894417516379,-0.01287766092768237
481,0.01698033949997056,-0.0106838053987554,-0.01316568913287488,-0.01873310787395458,0.002056225785588234,-0.002752857619815193,-0.0117766002516886,0.02553773562663628,0.07419780130934142,-0.005720845499321573
482,0.01605711510480558,-0.01236164616563306,-0.02179951918027772,-0.01838384926431785,0.0005228431773412185,-0.002745389522786738,-0.01209241318280373,0.02526167500395519,0.07099335765008322,-0.01240527963184848
483,0.01650745844045709,-0.00938911948888865,-0.0138266504870043,-0.01804236714064569,0.002498899411185048,-0.001336327056158625,-0.00959314413938622,0.02352661768544157,0.1005842331740619,-0.0109079732008681
484,0.01643726192150022,-0.01146862166825986,-0.02407153695370307,-0.01896408074597082,0.002142591302749526,-0.001221532998405765,-0.01055339231357523,0.02242466752178254,0.09353661091624856,-0.01097205186602125
485,0.01783815301467973,-0.01099955556133393,-0.0229769639170278,-0.01341045249896808,0.003028592138886991,-0.0008836029664441968,-0.009127175099615545,0.02348398800582401,0.09516136124499325,-0.008648799166545054
486,0.01856733042707646,-0.00825884208340386,-0.0227604114733886,-0.01293564753052622,0.002675811283977557,-0.0008485873100565952,-0.008953818150940174,0.02513613923176846,0.1007580978685621,-0.007807812265488793
487,-0.007250433590118173,0.009978963969907575,-0.01041073208745655,-0.0004136871569854199,-0.005949156920973841,0.002210627827919036,-0.009494310842597251,-0.05404920469274865,-0.1454473040385452,0.002613916037825787
488,-0.006869201535519989,0.009595489928526059,-0.01026519006963308,-0.0002562232870564864,-0.004132300889884529,0.00357335640840298,-0.009454394826285418,-0.04772437992498603,-0.1417654580694316,0.006106342926335784
489,-0.001835258280798442,-0.000849067941086228,-0.005263692587290083,-0.001152594108577596,-0.005498390195840894,0.003697088225158087,-0.009673777079711482,-0.04579835004618683,-0.1323558528937558,0.0008927834409882486
490,-0.0009554268653675906,-0.0001526046966439299,-0.00160333935782135,-0.005286170215660621,-0.00305928885041313,0.006421084001244433,-0.009430137845859457,-0.04448338099096032,-0.1131073490664768,0.002572730471996346
491,-0.002696219184989031,-0.008791818970744308,-0.006732335910174671,-0.008047497870085987,-0.0001489220851444606,0.004192883658895301,-0.006976731863527014,-0.02378987674387761,-0.0607103621519071,0.001081402796413114
492,0.0008483040835610498,-0.01495965277763377,-0.006060222250086262,0.001399124667589958,0.003418656003531762,0.004205863299881096,-0.00732212123728153,-0.00681655600093256,-0.03724016541658513,0.001260893633386733
493,0.007182060489353114,-0.00448753101418045,-0.006991381208209352,-0.003871108833614969,0.00258939541756966,0.00248502007166151,-0.00916233996556167,0.018413655950062,-0.03911272515454341,0.00246288478396068
494,0.007595401749873717,-0.002823343466314287,-0.008563828669567172,-0.004863982399755348,0.003228115827528747,0.002834782443983819,-0.00884697497217456,0.02709080576448818,-0.03561471467617607,0.005168376027945471
495,0.01256233855935673,-0.003120829378765196,-0.008163492054461319,-0.006537051646255829,0.00352449365367521,0.001840297187226587,-0.008851510431583928,0.03518931174235239,-0.01163048011404593,0.005678430620349702
496,0.01597813034297259,-0.004657324336682615,-0.008641058291338256,0.002042878536985694,0.0008801143288800732,-0.001470782164741504,-0.01366874425888708,0.03093992650863371,0.02472135448459399,0.002322764612070278
497,0.01963959949963462,-0.001052207922575211,-0.007965242294833126,0.0041827536119434,0.001923638489524552,0.001050095117798748,-0.01095785020727209,0.03415447190765279,0.03343348133618684,0.004658663959892896
498,0.01740586473656768,-0.001108422930989473,-0.00847471534049079,0.003740266401333606,0.003536665835448277,-0.000453959689677249,-0.01306315340614506,0.0440304395196649,0.05430172371952412,0.004205181661304329
499,0.01889715690043958,0.002161193523876233,-0.007321067606355239,0.005472035327744579,0.004255162291486579,0.0006067207012559652,-0.01062701467112018,0.04362112357686614,0.07198310813378972,0.003407405030250218
500,0.01447727161087612,-0.002858010089815772,-0.00845733394534273,0.00232424957462965,0.002974662671162438,-0.001736052298954729,-0.01693468276985633,0.04080294265189474,0.0674896657462665,-0.005876706019897476
501,0.0200192173022559,0.01032124575505469,-0.002048326254947009,0.0080256247844408,0.003618420955769002,0.0007238710709056195,-0.01460272956094186,0.04224218664124336,0.1034005891318011,0.000303840294982895
502,0.02251865689670251,0.009934783830281835,0.002633340139417923,0.00869152257637891,0.003332763030752433,0.0002039917583423886,-0.01148126243460186,0.04520888413336868,0.1189810197712709,-0.0002625972869130974
503,0.02306197887901872,0.01209371475304526,0.003079233107348714,0.008497242013407015,0.00479983462278075,0.002410320623430506,-0.0007492253336171693,0.04619293209724192,0.1225845137175254,0.0005109118677465713
504,0.02365032235775798,0.01234683095882135,0.003025436280572515,0.008761310673097595,0.004925318698178003,0.00252910859137968,-0.0006335006573873367,0.04768349012606313,0.1272763180404937,0.0009590667790290436
505,-0.01512449251853499,0.006235766036750258,-0.008865653277441791,0.00625010879180445,-0.005037183664550865,0.004056661074482607,-0.008712489817430228,-0.05301700509988262,-0.1372772342317582,0.00972484752625885
506,-0.009942473736708205,0.001846741155996933,-0.001487625919474448,0.007019104703529837,-0.004357544964988693,0.006674815587678632,-0.007529347066737008,-0.05132486435467276,-0.1306931563887931,0.01254890145332158
507,-0.01032932384825959,-0.001335412086622993,-0.002911614219658232,0.004513971816798678,-0.002575206275871808,0.004054937529104777,0.01423408797169976,-0.03830476756054241,-0.1247836165410693,0.009113538008375945
508,-0.01156638164845306,-0.002215354340439849,-0.005500577270794795,0.005193914622285397,-0.002326241873698809,0.001408764774149077,0.01880027716574276,-0.03778985484985678,-0.123941627315731,0.004209368149947062
509,-0.01116964623201482,-0.005765381265013165,-0.001458769079996994,0.00730547934060366,-0.001403146976855824,-0.0008862625751708229,0.02712528047004987,-0.02490721647136967,-0.08587355703679181,0.0003163917169454252
510,-0.00810809181506033,-0.004637756641538602,-0.0008180001473223799,0.01136652170094095,-0.001957862420303116,0.0005968114868971633,0.02336536968297378,-0.02514541540004345,-0.04579400392612551,0.001074146811712357
511,-0.002511793634802449,0.0001661946959780153,-0.0001840410384786931,0.007140842617354518,-0.001281298799398454,0.002168814899908863,0.02395638372198005,-0.02458505019969003,-0.03857907922412617,0.003089599225411289
512,-0.0001042431286492492,0.001996185407872417,-0.004291984307495844,0.007047606663827933,0.001040060138464307,0.001235781356504583,0.0144829818762102,-0.008710511695697636,-0.03037229188702585,0.003080884979610377
513,-0.003892800729662544,-0.005049603485091061,-0.005226159373923171,0.008942698355873907,0.004377755371916066,0.006738135561533444,0.01277977302504392,0.02410411164992578,-0.03438777724038313,0.005559428528309708
514,0.001200331647415262,-0.001092429608825414,-0.007407482356052457,0.008552066517771816,0.0008713642137942848,0.003782582960463909,0.00668908367013368,0.0212914077595051,-0.01349695393200866,0.007433260934836268
515,0.007135117682925504,-0.0004045383075326056,-0.00572438484587758,0.007111286917227468,0.001408065184446436,0.004569711782862119,0.005443350303526399,0.0218388381531624,0.003668150436288901,0.0076295560739412
516,0.008205689862239773,-0.002290286821533358,-0.006855567251474175,0.004027474648534101,0.002125799585957671,0.004380594982707106,-0.00295814397843782,0.03008470423053242,0.02470999894703735,0.006057378378125608
517,0.01266050061160392,-0.003447572511365451,-0.008810581567778773,0.004870672006350968,0.002236672990072492,0.003456533231843818,-0.003378707452189722,0.03334842006178171,0.03037593583700349,0.006541764263882855
518,0.01467526795832941,-0.004356011503239344,-0.009648688101516395,0.005580156098202791,0.002246464757355585,-0.0008233965446097741,-0.006532144677600348,0.03087211096995228,0.04696076775964333,0.001788423041924007
519,0.0164306153386887,-0.002893827922620584,-0.01065920428054333,0.005523936799125146,0.0004314527556844892,0.003186520662019007,-0.008258538225991333,0.03116587191162938,0.06562668436780197,0.001814063599532822
520,0.01860467984577808,-0.004853273967655542,-0.009022826983488962,0.004872778114247125,0.002553753142783237,0.003120307939057556,-0.009280701715902803,0.03181933525732292,0.06807220968098321,0.002131145935234603
521,0.02028534259783915,-0.004843561925370913,-0.004219711856365565,0.005688335631515853,0.004587808420636337,0.004818340092324771,-0.007943268032278421,0.03208117285635668,0.08650917009063491,0.002657311808876033
522,0.02078610510326374,-0.0005316157113532233,-0.00383216562100059,0.005858861359194166,0.005699580694877219,0.004514871516418997,-0.005511406350437229,0.0324127825422633,0.1027707783984713,0.003235642671745567
523,-0.03297561372101201,-0.001199661237879581,-0.006513366356295963,-0.0007533221303894926,-0.004877087639415162,0.001201494052993154,0.002983355133745997,-0.0715948728433097,-0.1426474424705118,0.007967907265038907
524,-0.01024978244219066,-0.0001722875937529378,-0.003009100367664338,-0.003086227899369277,-0.001903705242691425,0.004775238507296648,0.005753441497800361,-0.05522386068334582,-0.1302535314203808,0.007312466844205974
525,-0.009023868415668521,0.000841742952538855,-0.004390170881908434,-0.00281514281822657,-0.002052699883182529,0.004408806031403477,0.002773431297415681,-0.05438471428767755,-0.1310957734977177,0.00435139157840215
526,-0.0105421241350914,0.0004563100637584554,0.0002864202500580913,0.001970472658673315,-0.003523049524895162,0.004312065277447237,0.0001457504560892204,-0.05326565287696716,-0.1330931614752553,0.003574610555844641
527,-0.008624643825260438,-0.0007641907630158563,0.002635704298654086,-0.004847768527663446,-0.004188926288450359,0.003771975202377922,-0.001964146350271692,-0.04649932377286768,-0.1149046954555718,0.004801993463161769
528,-0.01138090201927183,-0.001643414635016724,-0.000536445861505887,-0.0007964486899812873,-0.006032772965001848,0.003969101415341279,-0.004486461547790175,-0.04753449520769863,-0.08075497581849267,0.005458079895031919
529,-0.004608502972999182,-0.0001947608518536194,-0.0001286249182374146,0.007222372029743795,-0.004826757981021527,0.003407272385807104,-0.003186345121044169,-0.04363404563462157,-0.05633849702008607,0.001737868081035917
530,-0.006731122446646317,-0.002603150066192049,-0.001630361709087255,-0.004895794169896188,-0.005571395682927248,0.004534311785597177,-0.005742719921229327,-0.03110203528468541,-0.04678561491480005,-0.00203731387315401
531,-0.002043299931827833,-0.002713271607881353,-0.00181267212528505,0.0001887578647169436,-0.004677205744680991,0.003742019163435921,-0.002581463858952777,-0.01324718864961375,-0.03214783179617745,0.001373213986958729
532,-0.001368875595504255,-0.004939964447240742,-0.002695317779904652,-0.005692587465579237,-0.006543430287912809,0.0006185507882645702,-0.005396928504417467,0.003848090355576634,-0.028440197371233,0.001194283325095039
533,-0.001813506944476631,-0.006218282397335411,-0.005022030738061361,-0.009483799521103889,-0.006860469398267175,-0.0008644240741921294,-0.007552719795192337,0.01807537090636963,-0.01031553767148082,0.00105361492557489
534,0.005554353054884012,-0.005823158564688603,-0.005083694751978557,-0.01062189207736097,-0.00614054420948748,-0.001055343982819864,-0.008208099379702799,0.01681848443777191,0.005655567362736175,0.002030933911799935
535,0.01073040954617543,-0.003516787923292199,-0.00520392738959094,-0.009932059183773451,-0.003939092710524058,0.0007008995851808301,-0.007192522044846632,0.01788389594605433,0.027246008449239,0.00351375862672259
536,0.01141391902245341,-0.003182476154585581,-0.004838772050435689,-0.006341349297166387,-0.004586410648531398,0.000261846060088876,-0.006455866218768841,0.01958466814497304,0.03408257277563401,0.004713315445124894
537,0.01174015772983633,-0.002057104207442431,-0.004938215497431323,-0.01070708628923318,-0.002722785758903194,0.001512603964541655,-0.0061678630605212,0.01880321616023455,0.04910560028292887,0.003763110679227723
538,0.01818718159448716,0.002259813576631292,-0.00440601698051115,-0.001825565464531715,0.001391856186179221,0.003236988004640723,-0.007315555052889678,0.02069905021875355,0.06215319957321895,0.004341287670369283
539,0.02063301348394791,0.003577787029230844,-0.004368574027390781,0.002703525606094104,0.003342672773099056,0.003409356695088365,-0.003556472368457504,0.02330223543073792,0.08312534066863002,0.006244161048437838
540,0.02075941358847074,0.003888765374003018,-0.004606129091364467,0.002743035107848803,0.003800026493148038,0.003655393969176232,-0.003467741911348579,0.02324372975816552,0.08480526885587855,0.006261990105788278
541,-0.008723678108443742,-0.005067264211456294,-0.01049836809745116,-0.002237079452594971,-0.00458539478619231,-0.03225999053281645,-0.00956026497121358,-0.07339494714528291,-0.1592727902257211,-0.002291676262935929
542,-0.006908053117773657,-0.006348150811077134,-0.009034875965711849,-0.001407727917800851,-0.002377843416974373,-0.03054724056832219,-0.009267707777874449,-0.06667334336483156,-0.1532270661380542,0.002379611345081182
543,-0.004575253628886497,-0.01835452807202506,-0.004976248490247227,-0.005232660114375227,-0.003380663149077828,-0.01430768686935826,-0.00828123554978727,-0.06207324510964544,-0.1402458966692129,-0.001148309285370044
544,-0.0006232615532957783,-0.01559796643523094,-0.01063042199692638,-0.005360218505449886,-0.00206626759006179,-0.006779666837203551,-0.009093822160882522,-0.05596257049499853,-0.119781896773639,0.0004178168266183792
545,-0.001537650557136878,-0.01634499861981317,-0.006303970894840562,-0.005250720011655805,0.0008120785548776197,-0.005249925381077808,-0.003360903956440002,-0.05650490662916748,-0.08250134588986532,0.002194111723826184
546,-0.003261988277487898,-0.01747963115027667,-0.007596053480865875,-0.0006364796830884713,-0.001509551743399939,-0.004994495327571595,-0.006342780684570793,-0.06107436184035685,-0.0687872069717021,0.002434374235747434
547,0.004980914950748485,-0.01568348153774285,-0.006772340128647305,0.00071225010193326,0.001237851672188567,0.002693464736352026,-0.00179528795272713,-0.05796018639353597,-0.04674115235522663,0.002305956782676157
548,0.00382040889406656,-0.01562049581891793,-0.007605112607467596,-0.0005057282074036084,0.001022608535238295,0.001126114362949308,-0.001385839451667866,-0.04172531485205284,-0.0471166163249042,-0.006015441601003975
549,0.004668563659733539,-0.01105848707601956,-0.005836555187676928,-0.008045426529744769,-0.00449383228711348,0.0006273056595765229,-0.004646301982811756,-0.035436309409039,-0.04142248594310503,-0.009515816936005787
550,0.003929191682158784,-0.01343779290353017,-0.007577498694421793,-0.01014772417751155,-0.006604359135063199,-0.002455955121468304,-0.006732002702574863,-0.02834894651017644,-0.01655278949499337,-0.008308511474185768
551,0.01051701205787892,-0.00793977450699649,-0.007957557046381528,-0.01299114943694118,-0.005521123069081214,-0.001609566531391991,-0.001366600797172608,-0.01339523437441844,-0.002405821981956086,-0.01346082055780874
552,0.01161435334866421,-0.01195816713764014,-0.009570540843484781,-0.01703937092121109,-0.004600130529866735,-0.00324923461160667,-0.008401787149595611,0.001231934709549642,0.014341046340597,-0.01451347455797244
553,0.01714057085212992,-0.006551800818092542,-0.008499408683816405,-0.008880481393283646,-0.002288359830622353,-8.230068478098252e-05,-0.00990202936718114,0.01377625250129914,0.02287565273833754,-0.0100815373522973
554,0.01777879680985125,-0.00339057063625111,-0.00825091184719394,-0.005988713283301491,-0.003522948278459483,0.001216696308625273,-0.01167035839512906,0.01293664864789837,0.03768714669654997,-0.00674244162742388
555,0.01664607795804015,-0.008529609854659758,-0.01000495353972754,-0.006664469397631234,0.0003993577693199031,-0.002038561997597428,-0.005182436447181443,0.01425917051884342,0.0579790662461028,-0.005374219391858382
556,0.0167183991182038,-0.007937478046844863,-0.009793162145613144,-0.005347337352138696,0.002684487642234011,-0.0002569468220215315,-0.004768446914746999,0.0145988709807724,0.05763351224821646,-0.005163193943368514
557,0.01698378057068266,-0.007953784407114394,-0.009756251086080418,-0.004169991545020024,0.002953810061930028,0.0004529615764618978,-0.007688911285221306,0.01582771524548083,0.07148694976015552,-0.005282942990717439
558,0.01737396000622128,-0.002736652024541104,-0.009834166292070415,-0.00452685672319846,0.00306233349392121,0.0007403152880175312,-0.007430450542658575,0.01614719507775188,0.0775757515879526,-0.004331253400896238
