row_id,urb,gov,inno,edu,openpc,fin,dig,pri,inc,soc
1,0.08118490454134722,0.009324171383369575,0.01899918271418709,-0.001758733924869124,0.3005527385096584,-0.01590982124195423,-0.00884146107116408,0.003603298010404154,0.01075720927011498,0.003972912408915917
2,0.0822725740145489,0.01295665627418363,0.0188292970613288,-0.0008682416128669701,0.3034237184691524,-0.01487417928589808,-0.01001330446182055,0.02215703673377875,0.001098045783591252,3.690574066858311e-05
3,0.07971449327150334,0.009964871264546486,0.01618952176477385,-0.006682169730694541,0.3128541071167385,0.03020418735868064,-0.00991868219601572,0.01867601412586562,-0.006999700955312166,0.01450385435015206
4,0.07654798875674226,0.008916157347041227,0.01319167211011302,-0.003999489174618556,0.2979986402458882,-0.01033595612200115,-0.01156914252634091,0.02240452550276237,-0.01158902090362465,0.01345727875437138
5,0.06767958124436452,0.008315852110971321,0.0223357618236076,0.002062354258335173,0.2989896307431648,0.006007344743845384,-0.01655665959611979,0.01784986707199324,-0.01659460234727153,0.01508698606054172
6,0.08394315744715641,0.009011181223949762,0.0218716951706674,0.00821306944701259,0.3209752649259987,0.02826367800182911,-0.01364722390097508,0.02149067010618552,-0.01252078924893485,0.01730932334176152
7,0.08242154757790193,0.0095352825525114,0.02240338470405704,0.007380906197579743,0.3241735816949356,0.03246528855773484,0.01778555547309324,0.02224702065771849,-0.007388593591769616,0.01679701641066452
8,0.08298070396575363,0.01012617613460113,0.02851081893250567,0.006461392865182912,0.3258071242959055,0.03465120513076438,0.02407103865151862,0.02136281941685998,-0.009549657723536253,0.01717299384269081
9,0.08313563281482468,0.005607323833779209,0.02600599831795391,-0.001527708319976657,0.3271612377671436,0.03995986507034603,0.02496351172654979,0.02261208506340791,-0.01488554433796837,0.02038870469685229
10,0.09070831765498501,0.005413166556756056,0.02380385992100516,-0.001454778658820202,0.3277523581761507,0.04110629412467348,0.02511338643039552,0.02252903802213899,-0.01674004470946128,-0.004651349557331868
11,0.08695285947039064,0.005767664321711108,0.02438989759867968,-0.007854080497157337,0.3258930005699747,0.04069171618430169,0.02488687278788946,0.02246191067772063,-0.01791640125427307,-0.004158923202880199
12,0.08246726204256118,0.004755241692198812,0.02930866139184868,-0.006657094134141288,0.32415026311863,0.04188474368384845,0.02518691019249411,0.02115810779005231,-0.01726862746157284,0.01784803557414393
13,0.09104207009195768,0.007176964275507252,0.02525073281171295,-0.002412692088481913,0.3284313054344614,0.04274591031849258,0.02676029006120453,0.02096778238067626,-0.01800027438204859,0.009471425350158793
14,0.08526234027916188,0.00778475647599625,0.02625390840904946,-0.002395375674653779,0.3229063770971201,0.03968256264796769,0.03289787838718825,0.02086552018474686,-0.01758641547608737,0.01094411105158384
15,0.09126459824369809,0.01194536734102722,0.02611091293034411,-0.002010375998683438,0.3225257512219578,0.04187028157116945,0.03863720895810867,0.02060621644347843,-0.01653355890404713,0.009860208949930971
16,0.08030333266040512,0.007172601769447769,0.01841833558617288,-0.006922094628128794,0.3130944720741393,0.03762873432414544,0.03071308023397457,0.02057614427228664,-0.01997971062717144,0.009588590526769938
17,0.08810931864066637,0.007159352532239774,0.02498044052843695,-0.002610836538002236,0.3215143403270898,0.04044598037151577,0.03200158174440728,0.02067640729130099,-0.02192110347386359,0.007159722398776771
18,0.08907177738938965,0.0122509696889113,0.02553350837734714,-0.002638464330814344,0.3209217791754706,0.04073638583448795,0.03297568917211979,0.02052869639843172,-0.0212693013836788,0.007283480622788734
19,-0.004543189734101578,0.005542534631336606,0.0006478122265766142,0.001803922472299022,-0.05226606649999816,-0.01061480809542004,0.002067184851879573,0.01955678709849997,0.05157848182547696,-0.003612077989029627
20,-0.005131653114821174,0.003963427697590388,-0.003911067479489306,0.001120143516284251,-0.05401248074815288,-0.01585446503852008,0.000777474240397897,0.005815471308872429,0.0498852364433888,-0.003671768264436298
21,-0.01284179719748338,0.0003125055640005624,-0.002995143815675677,-0.003432481399215403,-0.05991660531137638,-0.009223854822757904,-0.0008293345952977837,-0.003664612695349585,0.05082035987874309,-0.004518064644223233
22,-0.01042246231241702,0.0001800786276008326,-0.0009685906942712044,-0.003056799935121989,-0.06012153532475965,-0.009343010150155099,0.001545733830704431,-0.006017715301085369,0.03839272405971757,-0.008523044864138754
23,-0.01060193371155558,-0.001984332977316625,-0.00149797107781331,9.507457884048347e-05,-0.05665310085196011,-0.01733041053320247,-0.0001142607832956687,-0.006433361223894368,0.03527948823932871,-0.008567702627602257
24,-0.01476222825330526,-0.003355914071578513,-0.003934537949392978,0.005650577844471391,-0.0539116069946742,-0.004961499509322255,0.001068975962801333,-0.00580229307765636,0.02718649750570844,-0.002286073671251814
25,-0.01891985326525336,0.002732451752666949,-0.0004287756129662981,0.005473209047549334,-0.0556679451762598,-0.002573371490365243,0.006791816031683171,-0.006894691280798777,0.02988113624618816,-0.0006027902890414651
26,-0.02718246808439466,-0.002613898682023087,-0.001054431869463262,0.002263912800308983,-0.05983553741119021,0.002245042699839733,-0.0001008796576914236,-0.004704379520435181,0.02417891091893486,-0.004426182997436716
27,-0.02317370173311288,0.0006533468240527769,-0.0002978233226501171,0.001474398702748626,-0.05087387590720643,0.0114234638979704,0.001977081771778645,0.0002766263740865974,0.02629318580361708,-0.0009243612275987173
28,-0.02113261169821847,0.001570617627033419,-0.001484920801345995,-0.001616222446301708,-0.05549121626895422,0.01155229799898398,0.001708767466050131,0.002367249120303167,0.03242846597366879,-0.001334471954720688
29,-0.01709097794746058,0.001818186516633647,0.001395766821132694,-2.266146525076119e-05,-0.04895606343679015,0.01325760597604216,0.001731574017459705,-0.0003901399959376514,0.0221780585539601,-0.003891861763429573
30,-0.01814803227399317,0.002476333223588661,-0.003748190631294828,-0.00291569194906707,-0.04790642015366514,0.002061495810108511,0.002967238752986871,-0.002186737281257617,0.01562883485695824,-0.0004106591483620757
31,-0.02184829801156472,0.00188739644388624,-0.004625350495950052,0.002322966433156312,-0.05069046404322473,-0.003011226426678081,-0.008855681670711985,-0.004609397072959855,0.0089569475527008,-0.004283700703676438
32,-0.0207548521275595,-0.000994597600341533,-0.003862813876256864,-0.001004153547667797,-0.06167768860001392,-0.00441556669183644,-0.009411463196011932,-0.009684539318831925,-0.01621267068194499,-0.0007231011801305386
33,-0.01537929112401775,0.001595133850592584,-0.0007950217945983996,-0.00525042691971676,-0.0574959584684084,-0.005587437782380772,-0.007895808168409731,-0.0112024792489143,-0.03738561150487761,-0.004194646508731003
34,-0.01285606532227669,0.001683099998079172,-0.005670551101842843,-0.005410995105647428,-0.05662153628596138,-0.004470716036520903,-0.01111638370270267,-0.01319389293917626,-0.04939652966304023,-0.005915253679009911
35,-0.01284567523098976,0.001559430542477452,-0.005611262960547618,-0.003683171205566588,-0.0582446918795847,-0.00354835632484816,-0.005875810512672216,-0.01276445006373966,-0.04755572808531185,-0.006237485336785313
36,-0.01250173507526504,0.005290529214757046,-0.005237124345444345,-0.003339214300281563,-0.05563286402663468,-0.003315622570937633,-0.005654783588153888,-0.0122678465854621,-0.04599926006533939,-0.004094747385320364
37,0.0009809666531987514,0.01368823392577806,-0.003911914741859846,0.01937977488182248,-0.05011168913297066,0.002316337724450471,0.0220032409889088,0.01663722639658255,0.0519427324538946,0.003975919797913747
38,0.01242042173043383,0.008080982321786927,0.005330279779882918,0.01566649309049542,-0.05437164832225394,-0.004601910154623214,0.02568439886442303,0.0007875887417302034,0.04823421173403224,-0.0006075094117708885
39,0.004737377758584621,0.006331591987810055,0.00824576696308529,0.004633994671663086,-0.05013622505391726,-0.009577871367349118,0.01536043154782809,-0.0008302315786929322,0.04745926703564489,0.003162288603487164
40,-0.002936932758499821,0.002941519867013653,0.003826909093305828,0.01347214011777348,-0.05503001765432339,-0.01251107707108083,0.01486262608645829,-0.006786593255528263,0.03742063943722506,-0.002164297554465214
41,-0.001606828311837986,-0.002050183701333648,0.002291992353517841,0.001859131275404856,-0.06221823819993136,-0.01276074565908657,0.00899336613989446,0.003937798598157524,0.02418856304267887,0.0004068764315135765
42,-0.001935738574729522,-0.005200708187553206,-0.01411031618323083,-0.002710047009692409,-0.06225121711951045,-0.01686034424317772,0.00538061224587208,0.003468601952959837,0.02424214335269408,0.0002558958515840913
43,-0.004912282169704916,-0.004426480331256432,-0.006036543904444767,-0.003215044905470701,-0.06628202791065153,-0.01580989176575284,0.005178582269173538,0.002611168202624155,0.01758099209815218,-0.001636826934896253
44,-0.005826661535978554,-0.006181287277976668,-0.01588792225851359,-0.003244514268704092,-0.06066170250380658,-0.01524129562763435,0.002117161369289975,0.004009278737487641,0.01061379457671119,-0.003432731451800766
45,-0.003313532711997226,-0.0108733101118016,-0.01593142849336771,-0.004204909140628426,-0.05800682280948127,-0.01269303337897694,0.003317397652182797,0.004136981175289585,0.006804143064332954,0.001342683555793393
46,-0.001422101479501995,-0.008169607560533013,-0.01585344515086074,-0.004349806412462487,-0.06770847263547551,0.001343434201043322,0.001628077155537654,0.001764737158279468,-0.01778816530710509,0.0002413263372934252
47,0.0003996066997611218,-0.004069810163234815,-0.02417517867437872,-0.004221380004360399,-0.05531418096783496,-0.00292989414839947,-0.001951346282649483,-0.0130899182928753,-0.04070633828915293,-0.005460898134719555
48,0.0003396270400267652,-0.002872906401075828,-0.02279207033657506,-0.002913408856188231,-0.0567876525086641,-0.003785530193405526,-0.0002066895444863518,-0.01186416373908213,-0.04479072335081537,-3.827530494227775e-05
49,-0.001021591234568112,-0.00154137340590932,-0.02111033310750163,-0.003528578755179593,-0.05681426397590979,-0.004857006501988744,-0.000670180552496776,-0.01209024685718301,-0.04646872693080484,0.001167870068063193
50,-0.005100836249548025,-0.006626734299923082,-0.02345567859658552,-0.006534998745701527,-0.05616886811803834,-0.005695633014635035,-0.003587690980805707,-0.01423927457604118,-0.05171181775382382,-0.008841950605625884
51,-0.012448561887425,-0.001809645145835556,-0.02861617818291552,-0.006443921410734779,-0.06941858767877285,-0.01946227763602305,-0.007780785130713716,-0.01556455528572539,-0.05323372652425552,-0.01135736650452983
52,-0.01068526685322373,-0.00142719379304144,-0.02848428839161692,-0.006272053222236748,-0.06757334446857569,-0.01830995392249923,-0.006654471747694522,-0.01584829674398387,-0.05813652276876975,-0.01108355363524826
53,-0.01578061507368472,-0.006206080913349472,-0.005808628489337449,-0.008313394113653302,-0.06108452739106521,-0.02082786900407612,-0.007372924938919396,-0.01315554417860323,-0.06776901936658061,-0.01271713548880608
54,-0.01361000556890211,-0.003883541188337564,-0.004741267824333137,-0.00661732431503566,-0.05223424381634147,-0.01917427517482862,-0.007559934103000219,-0.01489275904212994,-0.06154995356587271,-0.01279132691553658
55,0.1170507329825854,0.01070659720525781,0.03353395259993954,0.01094010966742614,0.3559769062017115,0.04489561783981731,0.03457332087303462,0.008798611930262499,0.00867609668765152,0.01844656345434193
56,0.1218374410476969,0.005406679052425954,0.02326121436274354,0.01134283263788518,0.3615959398576915,0.04838811968614037,0.03544209519753658,0.01034921045686946,0.00137192504367834,0.01802475325919209
57,0.1240109898517466,0.009376365740622988,0.03164195029453153,0.00993344153351385,0.352334303804328,0.04656229153499282,0.03471576001216151,0.01409684896086233,-0.003723988348263031,0.01628673452120704
58,0.1222569851775001,0.00763310968471671,0.01071474230362138,0.009009194333633865,0.3483777780736814,0.04596140303256342,0.0348090733424061,0.01385187583722644,-0.007119610921548268,0.01588379821351776
59,0.1265804509877491,0.009642691538134386,0.02509403281786836,0.01251853416823582,0.3581501986314295,0.04556735347392238,0.04103318140821395,0.02414190177042685,-0.003656601584600306,0.01900974681936515
60,0.1243639224768156,0.01083772766306356,0.03253101396366987,0.009374952860385019,0.3589743914669917,0.04704665971294478,0.04690213089064135,0.02414248860383532,-0.006820487383546124,0.01791146808274258
61,0.1262299441641362,0.009589012500370132,0.02675595084158799,0.01368129915071662,0.3583508384800115,0.04584954893124284,0.04495990264313357,0.02455242746703096,-0.004499584228970815,0.01939435154153702
62,0.1259208030386075,0.01121377783946999,0.02532815649972199,0.01394120656375364,0.3581037931547821,0.04610251428487969,0.0463553902242692,0.02486460089345143,-0.005349904181443211,0.01890375344888107
63,0.1264754807710394,0.004802803781062872,0.02517330561449931,0.01122524767368333,0.3523971588446423,0.04349295846336035,0.03925321901539401,0.02430990303517688,-0.009458152546458534,0.00949138726403557
64,0.1188789834038446,0.005902794480314761,0.02824092691042761,0.004849200127812001,0.3491600481649564,0.04286631215776248,0.03849334770493476,0.02288587314748772,-0.0133983272287547,0.01776699027475165
65,0.1133994017229382,0.006142234169265524,0.02933014585415609,0.0100151664462678,0.348025801320511,0.0433887401879685,0.0395988045269598,0.023369643993861,-0.01348298319152784,0.01518474394094515
66,0.1111550996055442,0.005854098267799787,0.02271805783031466,0.003961642586121713,0.3413795180415775,0.03868398062299593,0.03568901030685329,0.02250113029451229,-0.01719876898597831,0.01580374310842518
67,0.1107220075233964,0.008140318794539945,0.02073634859681243,0.009932725280586517,0.3384335085205104,0.04210805229420954,0.03823909053532645,0.02347378058119285,-0.01714350793341147,0.0008369277926901775
68,0.1002410613105638,0.01143436019812266,0.02169216422778805,0.01232682357682604,0.3325883361329436,0.04342984551218546,0.0383452177770895,0.02328887554153959,-0.01660514612664804,-0.009815659696677234
69,0.1001788201893995,0.009355026267784354,0.01736827885167936,0.01149656606549768,0.3262819745115947,0.04133081877765553,0.03687808254611649,0.02282620562450035,-0.01834672376191774,-0.004115674673736319
70,0.09924222494556054,0.009132924998616091,0.01437582179367971,0.008704687390948856,0.3232108152242575,0.03988673252430261,0.03649856168309089,0.02269300149637165,-0.01802756176988232,-0.003909614956413962
71,0.09730372801661545,0.01007612042460348,0.01513503608936062,0.009505241483875548,0.320075422008009,0.04077614008246395,0.03611639180109157,0.0227726461222247,-0.01861908272389343,-0.003586766698627693
72,0.09466613373531035,0.0070927553996941,0.01523863057097468,0.008882086772990325,0.3188306878622891,0.04064790965937114,0.0345593970050786,0.02262476665542502,-0.02154510779175523,-0.003877768608855044
73,-0.006637427174545448,0.008953666415872006,0.001709811066706417,0.0001311808957127249,-0.05130455271088823,-0.01331705762830655,-0.005216191343508013,-0.0008614544051445696,0.05026019200694706,0.002191670272068679
74,-0.008201193070248466,0.003434639614040342,-0.00209446929960287,0.002240015140570221,-0.05985096524562712,-0.01634558240606938,-0.006667438496836237,-0.008587803076637235,0.03838450279695956,-0.0001388992798123721
75,-0.003014076280855731,0.00361425351607535,0.0006098072101793004,0.008956474330137703,-0.05727626238757529,-0.01743352205805808,0.002053519177778535,-0.005141388956417664,0.04483201713563212,-0.000781574754798911
76,-0.003146466393550212,0.0005723955297487561,-0.003119715118440505,0.01116662078231318,-0.05759792519905196,-0.01647391587037963,0.008517743408368576,-0.007197967076380853,0.03418278173243867,0.002259515996455078
77,-0.002455822394339727,0.0006736192914064214,0.001501213129973082,0.008383546546488792,-0.0650235330005327,-0.01020306856490364,0.005464629486754274,-0.01042394538799569,0.03690954415012203,-0.002396737391170338
78,-0.008550626236590031,-0.002477227568790158,-0.0009222122200635264,-0.002739331469358751,-0.0653611895298189,-0.004717360473892846,0.0025777092489625,-0.003351624786211726,0.02409352265550781,-0.001840493967014918
79,-0.003938709088645475,0.004337730777072476,0.004602965045753842,0.01155595063136068,-0.05575410445982203,0.004474745991453069,0.00318934461612492,-0.002565483481368855,0.02762607938859211,-0.0003911604102777914
80,-0.004801500953522577,0.00297717040874241,-0.0001313855484971896,0.01812524456044538,-0.04760534262581019,0.004215825276015723,0.00302292365652641,-0.0004142916078681884,0.02787743980790135,-0.0004736397704026017
81,-0.001751503473217841,0.002747103032043772,0.001514305398297095,0.01215819617697778,-0.06304389588729176,0.006806725324069491,0.004161928369313338,-0.001284621304992932,0.02061140258885614,0.001307599018812727
82,-0.005083202521353853,-0.02209834356835063,-0.0007127931020707622,0.0088157859541485,-0.06359054305415598,-0.00454326572230887,0.004346870507698693,-0.00250762980049774,0.01182390783659234,-0.0003686505644965817
83,-0.005683560623211095,-0.008464910023144551,0.0006770566071883496,-0.001571366063182388,-0.06291052457017618,-0.001959605221792023,0.00570343927788578,-0.004451737511942572,0.009169071936991914,-0.002755327043910658
84,-0.005100951280228356,-0.00572517357160554,-0.001583146197188006,-0.002268064307028472,-0.0614336345105101,-0.003661179620091704,0.005743013797252402,-0.005276584636869868,-0.001924648722488165,-0.009130271237055924
85,-0.004772136532855896,-0.006663780621776002,-0.00292861919782704,-0.009377772888805851,-0.06020228781381699,-0.004246165439469199,0.003008513207892683,0.007064686086211943,-0.01234087440450385,-0.008902012911196529
86,-0.005935262632341436,-0.01157028903490384,0.0007186293974199634,-0.007643845115020037,-0.06228194014536046,0.001427382137507868,-0.003072317649480855,0.006125752056348924,-0.0303902084659176,-0.01435263051739931
87,-0.003925034963506389,-0.001716925699034593,-0.002318451561257516,-0.007275316544042453,-0.05613705548590499,0.002584225233635079,-0.005034335297032523,0.006768841339240143,-0.040464591003302,-0.01456428559430518
88,-0.003133453190058301,-0.006969666247573727,-0.02733015453579225,-0.007281706392668499,-0.05549500041426217,0.002155659388953272,-0.002034612421334379,0.00290292205565502,-0.04976872429333815,-0.01625894525797089
89,-0.003571586886568669,-0.002726124120274532,-0.005309609793329002,-0.005325601347448692,-0.04834607662545273,0.003095901323437795,-0.0007598160466100772,0.007050638188828093,-0.04750043182149181,-0.01111948485756639
90,-0.003368748562981464,-0.002280214586263365,-0.005280866679054214,-0.00516247186212007,-0.04387172550835416,0.004080468567348407,-0.0006295959307469262,0.007091105411010989,-0.04878372119206457,-0.01098062429647709
91,-0.01081064636343419,0.01030430166504749,-0.002211972724191908,-0.0001513581250708924,-0.05514855320042891,-0.007034799558281459,-0.00777704448815799,-0.001955706019629195,0.04849040955633267,-0.002735940191141301
92,-0.02118400631039219,0.003247495243018569,-0.009769245746557634,-0.00327782130268724,-0.05761853681137602,-0.01941966193830869,-0.009059916410792583,-0.006437488241419166,0.04144733142442454,0.000292414841475987
93,-0.02585757692155042,0.001712974819699495,-0.01999938052194978,-0.004921803959593476,-0.06394237928109688,-0.02224740134268899,-0.01120651471884869,-0.00564405241070007,0.03789704878910925,-0.005834978903942023
94,-0.02656972944440296,-4.779478932987781e-06,-0.01883961616894293,-0.004831924015222973,-0.06341556994749181,-0.02430394311726613,-0.005796822469427941,-0.00509546132496127,0.03149531564407627,-0.006137311460681304
95,-0.02657537349065955,0.005618388500321438,-0.0007843914232809855,0.005251654244528128,-0.05515904735909175,-0.01692264341653664,-0.006092138023736623,-0.00986345207157553,0.02090969909891693,0.0004619421878673602
96,-0.02643588803765583,-8.682935311056216e-05,0.0002856332686684655,-0.001433647021088619,-0.06266574348201549,-0.006838510400242224,-0.00286839380294493,-0.003118280354394154,0.02086244811208849,-0.005244399174592065
97,-0.02430543626163374,0.00116573904865903,0.001343817213203532,0.0004295271370020939,-0.06683486789066878,-0.005817162847081895,0.002009082405840276,-0.003768230743276734,0.02087743504172328,-0.003873829084993585
98,-0.02184404293035192,0.002470117417786758,-0.0005486661099903851,0.005976179552674779,-0.06387643322653108,-0.007811349728944102,0.001508759435033054,-0.001006038078636003,0.02073950402538608,-0.003930698837106678
99,-0.01916108145991689,0.002840755303805227,0.0009167727283336974,0.0008750192252399517,-0.0559948959713004,-0.002765948536551491,-0.0008675239471193692,-0.0005079646262746628,0.01666689548843367,-0.002846451820322666
100,-0.01610696297624705,0.006458539830794727,0.001718054505056088,0.00150115804875149,-0.05478301567307919,-0.00323178969550598,0.0007939100645115796,-0.00175869001465389,0.01435740254866228,-0.001678841908496084
101,-0.01225663625909534,0.005118419309892316,0.001490246340623391,0.001688186199413984,-0.05890622480225299,0.01380124895189529,-0.0002934365984015232,-0.005222914390076498,0.009552537137959794,-0.004094613393774855
102,-0.01760345767757248,0.002638398939017752,-0.003255440785467387,0.01321924041975952,-0.04660405904813026,0.001744341763369182,0.0008249703642670273,-0.00718516090230509,0.006986604207221185,-0.006581319533635241
103,-0.0122929803090606,0.002270344927495723,-0.001182561010764259,0.01202424639941112,-0.04880578616159489,-0.001980084145372978,0.003234256219332991,-0.009615161896653563,-0.02156132536356808,-0.007777184546437425
104,-0.01150715056310264,0.0006519453678375088,-0.002572093527672334,0.01154065743224659,-0.04706028771047149,-0.000848013480685094,0.004575443234449213,-0.01266385287482971,-0.05415246335602582,-0.01267761599004863
105,-0.009138513227047146,0.004612926852617959,-0.001656514483544629,0.00839876753860127,-0.04520923141394542,-0.00545166672209372,0.005964099949589781,-0.01228284402762969,-0.05861531681555524,-0.01293753060244529
106,-0.007143086738838333,0.005579373977657263,0.001296636081842834,0.007622080858466058,-0.04115124783888653,-0.0009613802273088022,0.007191113090943667,-0.01300201420970565,-0.06178445411077498,-0.01213845748196429
107,-0.005851737294066488,0.005401275476422314,0.001456790051681201,0.009043616697426272,-0.04195699536141884,-0.0004935393223227935,0.003940855215090289,-0.01313195101690195,-0.05684711290796464,-0.01171752565542658
108,-0.005751555373739155,0.005992054071922189,0.001975785147317713,0.009262335923693372,-0.0412046852135026,-0.0004643825897658836,0.005812152204181153,-0.01308546373011546,-0.06126268903906962,-0.01150224438345099
109,0.06061336028253711,0.02497116398766163,0.006008650512949429,0.00103992110933683,0.1173728383990344,0.0003848440383091196,-0.005683096288884483,0.0004732160694364083,0.02776112236033903,0.005864513278969698
110,0.06793113365878348,0.01711413685168732,0.001996878586326698,0.001142399768930146,0.1128711534511131,-0.000217749035341744,-0.005574534897624299,-0.002191069363646597,0.02142175713297511,0.001839568085318677
111,0.07071224856283628,0.01652785244906823,-0.0006297843537067657,0.00444720838904417,0.103931795988312,0.00619062852145756,-0.008822589645401297,-0.002432238888717713,0.02229357613366364,0.01150298470823139
112,0.0715200940147036,0.01636394823621198,0.002450381170938685,0.00269917187272284,0.117327565644168,0.006613626222833999,-0.009468089286257128,-0.003655814069531716,0.01568798685788377,0.01290412909958852
113,0.06422668057052217,0.0147975171065329,0.01054482529128808,0.0003465185125606973,0.1587960690891109,0.003391279534120042,-0.02408708854715745,-0.001014312183485542,0.01411648862737536,0.01640918652162108
114,0.06680685335210658,0.01539293133504245,0.004627128260868864,-0.004130192410795288,0.1802604455382512,0.02367686989717195,-0.01323232771999461,-0.004071904570109386,0.002352050116726185,0.01759182778872543
115,0.07678107139645217,0.01424026771997723,0.004236855057989661,-0.005740310274605292,0.1860399174830361,0.03064608872350953,-0.01366125255050116,-0.004836656264933813,-0.008793026011301382,0.01890758212468887
116,0.07952889102747464,0.01561567476839018,0.006712042450646858,-0.004144083420487756,0.1920454445297795,0.03109327395154479,-0.01020227328874764,-0.001981860070423731,-0.01140295487539048,0.02132120241468643
117,0.08789127309088923,0.01326128152922532,0.008642613196884068,0.007715029379404228,0.1870659428583553,0.03291497176487977,-0.006158777869331944,0.00901820490856587,-0.01050018661507228,0.0194265302465195
118,0.08767243578331882,0.009394690248015073,0.004011138622276925,0.0004378845520806541,0.1366046207867907,0.03665985470539293,-0.007149409263096524,0.01327070005095218,-0.01226104026140026,0.0182821261604041
119,0.08762592840685246,0.02075455992890765,0.003819465992149093,-0.001663056262217445,0.1697572714470614,0.03309371143795298,-0.008854913210375629,0.02100175705425759,-0.01517531199524308,-0.004936189533825204
120,0.08626723149428814,0.02040525733329292,0.002142397174009035,0.0065359415578894,0.1678470921139086,0.03292761202321828,-0.003050180864618421,0.02055696330185094,-0.007101055663777119,-0.01694992167315101
121,0.09132570288853638,0.02737181308263206,-0.003085489836876258,0.001692714150246562,0.1561370485445409,0.03437100203450665,-0.000596661512215207,0.01971878845605145,-0.01060122571880209,-0.01067837020883709
122,0.08146559330972578,0.01990076045987789,0.003500290571965999,0.004480567962507233,0.1460252468483286,0.02923982952990109,-0.006913437247634413,0.01904005176381041,-0.01431133579300292,-0.0244355274734709
123,0.08221823028897582,0.02310923068186183,0.0002729499844705335,0.004905609023838554,0.1558682088939748,0.03155595926875891,-0.002746837487229791,0.01996236081293355,-0.01707712660092571,-0.02658686065912371
124,0.08169767008613552,0.02251173701132231,-0.00827448993431247,-0.001463113580936597,0.1512742560689565,0.02761922858569859,-0.002879025817184694,0.01966986101878239,-0.0225633205998005,-0.02306054930615805
125,0.07867614011082241,0.02259651546350198,-0.008430829576664477,0.005623864417156636,0.1464704360747832,0.02619526085694741,-0.009729308421401846,0.01937219442527691,-0.03137583278079699,-0.02620971758799853
126,0.07959865042054651,0.02085181364761591,-0.008107667272595032,0.005723892101343279,0.1414394440786274,0.02699307623558869,-0.009296800547685512,0.01946448298870422,-0.03711384683540798,-0.02546129465984406
127,-0.023136755566765,-0.002719524792249011,0.002922902836020968,0.001289285447158736,-0.06091207071400456,-0.00695493371428688,-0.0009454178163275113,-0.003442470287507161,0.05435658400533108,-0.003514588989315667
128,-0.0258254486014876,0.0007920160195835958,0.0005223116176545145,0.000690553170524264,-0.06532717581383887,-0.008760450657353711,-0.002719026502251186,-0.005146689007964608,0.03742050034705567,-0.008460990203565513
129,-0.02906856293098203,-0.02844843395048528,-0.004499246999206535,-0.0028110726519775,-0.07304735493382565,-0.010838941690411,-0.003089045071933764,-0.002382451842096043,0.03367357463214731,-0.009045249355856856
130,-0.02939509852935508,-0.03351324836781073,-0.007171401943180508,-0.006419736618183188,-0.07086489211402819,-0.00820202194963947,-0.00718095254523381,-0.002188968148156234,0.02955644335349895,-0.00855394314496135
131,-0.02212262791993366,-0.03709472167992652,-0.005357345766345167,-0.004436705693341821,-0.06917819042625625,0.00098174251737783,-0.007046563327296137,-0.0005187588671251679,0.02952205583047132,-0.008229080162090443
132,-0.01078500038173646,-0.03588304470021934,-0.006883472851551396,-0.00578884329258078,-0.0705302903419259,0.0003635363719588523,-0.01067800598278072,0.002122547496456899,0.03349964158709698,-0.002539141825303637
133,-0.007490236364517242,-0.04242971147236875,-0.008252126051669997,-0.008114068087721908,-0.06844976658737098,0.007047266254023443,-0.0006050828654348168,0.002731707079819372,0.02600209650954774,-0.004079765868776092
134,-0.0110028090831815,-0.04129715689079735,-0.008191536205318095,-0.007720082570393568,-0.07066863219639305,0.002313406888630503,-0.002569210845118656,-0.001721846667331192,0.02126802462098868,-0.004826292502548613
135,-0.008089220820698037,-0.04307610507141549,-0.006038883150955958,-0.008902892451111977,-0.06403870804040229,0.0006394916880144413,-0.002481014644874571,-0.003744060641463999,0.02042774792790389,-0.001644236458329881
136,-0.008019063935544211,-0.04396751929189122,-0.004323414838591935,-0.009756979623434548,-0.07649590954084476,-0.002166375433858399,-0.003537256817677704,-0.008194809259725815,0.0150992825290129,-0.003117786434725574
137,-0.01058434141920442,-0.04118257565136815,-0.006133425456456431,-0.01124720389001654,-0.07136493754367237,-0.004765441845518859,-0.002789635169998628,0.001467565146448456,-0.000489102152560701,-0.00440441637868228
138,-0.01103925459843069,-0.04322526815591975,-0.001217461412230614,-0.008584369370017688,-0.067259339973978,-0.004977877739533059,-0.00367628773251247,0.0002135690331247038,0.00136110491770518,-0.002413332145070228
139,-0.009430166076414913,-0.04063937616145806,-0.00198173475708319,-0.01255169239867115,-0.08971212848413353,-0.007378415637932525,-0.005432995835178291,-0.002308367977764003,-0.01959712029483536,-0.004260662848654932
140,-0.005540285354144743,-0.04032616931878055,-0.002886955156126383,0.003837809154661472,-0.1093778966559949,-0.003469212002916776,-0.003546767689257123,-0.005724061204662291,-0.0442646615696977,-0.002488806539486689
141,-0.008138496125261487,-0.01080141047563466,0.0005488378356051576,0.005497223324603006,-0.1076676162715823,-0.001640384431291187,-0.0134035183338503,-0.006774375984009031,-0.0596929238825783,-0.008927299781307733
142,-0.008218748415566265,-0.01118626688970992,-0.008735315255371731,-0.007666972409993051,-0.108207297795088,-0.01475897936364312,-0.01507380965003127,-0.007393598471845071,-0.06501575447611652,-0.01485748835200554
143,-0.01179137999372351,-0.01843864790449499,-0.008524130564801646,-0.01185612263790827,-0.1106536054774654,-0.00119780392433444,-0.005601966748913539,-0.007272694744598324,-0.06635203803274486,-0.01067198675188732
144,-0.01166179215051507,-0.01122438770382289,-0.007354502749869818,-0.01105918309922735,-0.1074548906470433,-0.000237407542037011,-0.002950491019352038,-0.006377339083357735,-0.05670346148063168,-0.01029958176189194
145,-0.01733445461487295,0.01210371609864073,0.001872663810706275,-0.0009475849181653385,-0.05018239332014075,-0.02052411513228055,-0.00569347570884533,0.006661418841748201,0.04801938609432817,0.0006367780733171219
146,-0.02168265035116906,0.01017510352460783,0.001732468763831584,-0.001288504985584126,-0.05610325213479561,-0.01525810360188795,-0.008490104774886553,-0.003006396206740349,0.03989521426049149,-0.002362386035043988
147,-0.02850539288696329,0.00706086032030747,0.002076521792778924,0.0006200062943423534,-0.05896398069612772,-0.01949665832809538,-0.008905807324586984,-0.005690514825059671,0.03146415209874304,-0.001648125164610458
148,-0.03224646681593119,0.009057057886712051,0.002376843915649466,0.002502812721814867,-0.06374394399536273,-0.02705418911812876,-0.009854347819581263,-0.006779991358278224,0.02581059890281109,-0.006976009519465025
149,-0.02879055995118557,0.001861380209274291,-0.001553619792889529,-0.002142056569451548,-0.06032213370572946,-0.02941243567444147,-0.00824006373230219,-0.01055123133879483,0.01075562960835875,-0.01021114635937728
150,-0.02319148563249883,-0.003360326289393522,-0.003700672414199431,-0.002310754388492118,-0.06829712383575437,-0.01963046562345927,-0.008508174648372935,-0.01301210520618277,0.009615393025831906,-0.008605850104805845
151,-0.0249849513036319,0.001634393215364425,-0.003938421780340772,-0.004207699513886304,-0.06895679951941489,-0.01639350155900557,-0.001630762063689066,-0.003880664227301003,0.01334915674915683,-0.006126582414977778
152,-0.02445311484843777,0.002948826475894942,-0.003865064917064437,-0.00120328359678617,-0.07172897589604785,-0.02264783252361131,-0.007088287203427305,-0.00215205776855808,0.01334038996679762,-0.005023984063733741
153,-0.02075473210327473,0.001217566898332866,-0.004037145179214895,-0.0006792709421839653,-0.06959914425375081,-0.009722180707619517,-0.001268816028831343,-0.002236436877657835,0.01220283037576204,-0.005219668637702256
154,-0.01545781136232547,0.004060344905795555,0.006038573449559353,-0.001096310629321968,-0.06580839639954764,-0.007186169190806843,-0.00128829923122974,-0.003196784181054243,0.00894128572644101,-0.008727349869538471
155,-0.01970009009905243,0.004231383207397904,0.006304755974689235,0.0002603028564708866,-0.06666353154748009,-0.00636900556725475,-0.001022911063317132,-0.006521799224271625,0.004700103642508587,-0.007058783420915125
156,-0.0134611972702549,0.005539148214753304,0.005910413034234509,-0.007015615324088691,-0.05743985045117601,-0.005849714513376217,-0.002838050506900683,0.007672766208466076,-0.01075287836567896,-0.008800335841390684
157,-0.01205226119124669,0.004502492776434223,0.003983314219169709,0.001724584823329627,-0.05629316198483531,-0.006516010418103657,-0.004049149727057105,0.007415129593609222,-0.0359069273575001,-0.01074044016948415
158,-0.008745913602502079,0.003966789911642588,0.001070333164955836,-0.001602216249541964,-0.05309093010798556,-0.007510075943858137,-0.005712596554158683,0.004666873094734778,-0.04357702358841933,-0.0160289463948133
159,-0.008325299247457764,0.008500789517894862,0.006469400286904207,-0.005166577534867899,-0.04883032826111074,-0.006474317867159002,-0.005217158482614823,0.004847154484617158,-0.05295199376306258,-0.01742752449681494
160,-0.00998365263330199,0.003812602289260844,-0.005347277591875865,-0.005310265148707928,-0.04950284574886139,-0.007436535267986138,-0.00620120528894787,0.004148748705557673,-0.05037094556626456,-0.01806549550391819
161,-0.009667155392115373,0.003912495081266249,-0.004614783300766286,-0.006336378694751895,-0.0487786587157471,-0.007032304595194338,0.002125449486060775,0.004337309705299671,-0.05104593917267959,-0.01551290717228418
162,-0.00944470607000832,0.005946256144149824,-0.002224445771657067,-0.006172826226106315,-0.04710291334721109,-0.006929336115889364,0.002160501784241966,0.004367386213835672,-0.0522007935017904,-0.0150861830447458
163,-0.01642216401887981,0.05410247463944739,0.001296907687231234,0.002274350211228469,-0.0343494775860097,-0.01304827426256236,-0.01831791630328598,-0.004644579436290382,0.03583509584111624,-0.001741304621660616
164,-0.0235080466737617,0.05402874178955556,0.0009362241557848256,-0.0001009386261741268,-0.01869633074823594,-0.01760031783103258,-0.01859722724362563,-0.004242525975880435,0.03550747991083529,-0.001308368815859136
165,-0.02512073505409878,0.02398752153210996,-0.002383594296083993,-0.005782102213464773,-0.02712077645500453,-0.008523416951266353,-0.0264849218397627,-0.006482135623255592,0.02112707158768998,-0.004765697217591636
166,-0.02292646604073517,0.02280693246958707,-0.001515933291147718,-0.004858882465741163,-0.02337762441727019,-0.01323559202831376,-0.02298084564151759,0.0003001550568003016,0.02128175535451949,-0.005222033523431304
167,-0.0281755496883788,0.00951713595833553,-0.004089216350816177,-0.005629842445974036,0.006147911597506051,-0.01528116549693043,-0.01420409308510678,-0.004100992458951905,0.02142008615615949,-0.0047570262844597
168,-0.01613256676129605,0.0096615542140112,-0.004381597200794495,-0.004115749804503856,0.007322887857576281,-0.0145535921856643,-0.007918025876883495,-0.003574697282683763,0.02188790605394598,-0.003160626473117337
169,-0.02448086234577768,0.01336414001034048,-0.004824476508939206,-0.005630822612483318,0.004894416835159099,-0.02076539682815112,-0.004984631180650026,-0.001837803849194047,0.01777097819944053,-0.0009381794736241507
170,-0.02297984507906465,0.01381485473605229,-0.00561491231269646,-0.003573997611567287,0.009777839605734244,-0.009495504839192714,-0.004677457113175189,-0.00354615599564046,0.01568266474865122,3.310520352953466e-05
171,-0.01546608168226954,0.01368587659261283,-0.008115910603105417,-0.004305312991381085,0.01948847300865939,-0.007188234061823379,-0.008037183012725997,-0.006861316458066057,0.010960058949994,0.0003014355798825583
172,-0.004172073836833981,0.01717717896924956,-0.009985306649922742,-0.003246752790417445,0.02349271663223411,-0.005913752988523997,-0.001095738908832293,0.003774172452972582,-0.001144867175787906,0.001738397967271731
173,-0.003778533174164828,0.01913984853219529,-0.003863861201638081,-0.002481390132813262,0.02612683696701205,-0.004670806827608417,-0.001054009860201691,0.004642413869987001,-0.01543279729901181,0.0007069483762357379
174,-0.004885795242842328,0.01118292595172444,0.001621365012902381,0.002570322436877203,0.01573699520060531,-0.003403909336484543,-0.0007274798563795457,0.0118649617016329,-0.02090812983418098,0.0003987929959883686
175,-0.005006330020680215,0.01115616137376759,0.001983464378866226,0.004546591093322205,0.01185222069207331,-0.00375523331587299,-0.001197015696631774,0.02337780547230805,-0.03484222401841552,-0.005949291851518074
176,-0.004980543076298999,0.01024631458875877,0.001938564156717492,0.003673868423006845,0.01149660825320832,-0.004497424108613385,-0.00392528789549709,0.02204758620477051,-0.03318549230169232,-0.008706959689468255
177,-0.001163679771087101,0.0137717015706779,0.004722142225928413,0.000131869259866536,0.00866403257579457,-0.005387980657490656,-0.005413179127772002,0.01861888127679728,-0.04082996807732346,-0.01965266976881059
178,-0.0005161640247574278,0.01179217169465985,0.0008471060301445644,0.0008469427183806233,0.008631757905532106,-0.004217438005003819,-0.005124191016734373,0.018176066965018,-0.04175702972584439,-0.01710470862315241
179,-0.001789535171313889,0.011463063302674,-0.0005465265820755966,-6.802356693524767e-05,0.01120061437290348,-0.004401722732308797,-0.005887051976475887,0.01815457885909819,-0.03859845303517648,-0.01870380385803446
180,-0.001994082046821527,0.008852727799801565,-0.0002571021431147463,-0.000546149917321889,0.01049647382841737,-0.004636723916990496,-0.006391671378348115,0.0180196792660712,-0.04003605471499391,-0.01912428142426533
181,-0.008633972794500698,0.01443332261209911,0.005342853613676063,0.0002782427393893112,-0.05108130611404882,0.006251387634229928,0.004720205046326009,-0.0001444781951231371,0.06292840712503894,0.008163838125732606
182,-0.007380527934953955,0.01259317129552098,0.004660957769210483,-0.001529723491241979,-0.05322337756447219,0.003258575672618601,0.004514040332840293,-0.002460838306204196,0.04865248018810182,0.004353076210473949
183,-0.00988879008989968,0.006109357610311116,0.00165704089102165,-0.0003375804892641718,-0.04991979093097148,-0.01095629879979953,0.002241856317581793,-0.005374491806019087,0.03593122639352958,0.00465449804187526
184,-0.01742961337055018,0.004466891288000753,-0.002780223499375374,-0.002912109374992265,-0.05587570258962654,-0.01461836775374537,-0.006956161372330729,-0.006230352558516717,0.03242247279370167,-0.001560458067637105
185,-0.01668379845464223,0.002718103232375166,-0.001986214785281238,-0.004271132496501981,-0.05745483115513045,-0.01958237243384919,-0.004594363578808514,-0.007056169272509581,0.02393532457487021,-0.006358913146809439
186,-0.003353025589440713,0.001748234698552593,-0.002427597920762354,0.001284332549871678,-0.05785267013102461,-0.01442035944360131,0.0003797357449270895,0.003070623186326273,0.03002836834935946,-0.005555956907862548
187,-0.003792105781958872,0.00574768710813194,0.00198156001952147,-0.00338915367159006,-0.05218684929091758,0.0001679347075821333,-0.0002363998974509549,0.003514992231723166,0.02765908856997644,-0.0007042951366636077
188,-0.005042174492271376,0.01127100399531362,0.002470644432786651,0.005872044434914436,-0.05260105630616372,-0.0002364727795179644,0.003633696689382617,0.00932226289778873,0.03040747918672673,0.004330041792851656
189,-0.0003402378179177749,0.007148835652313984,0.00191616780100299,0.0009138838485544859,-0.05296306877114581,0.02768077500470962,0.003428250507168232,0.003541875992555067,0.0360777585248193,0.00283523467020235
190,0.002646733775777762,0.009354843391979334,0.0006208840705891211,0.0009539207545576861,-0.04980334823016111,0.01980618052063152,0.005675729120265201,0.002272897943807863,0.02390778941930188,0.003023950987126735
191,-0.001102923196393308,0.01164617169595127,0.006696658702910864,0.004144083946199332,-0.04283622534138135,0.01314833716080419,0.006348246959860619,-0.00321810084407181,0.01734247698220676,0.00130650259157549
192,-5.926617028931139e-05,0.01153860157735282,0.008739702481715792,0.009864179459350154,-0.04346471583854054,0.01470269599191951,0.00671358147839842,-0.002749929469878107,0.01535576447158957,0.00203854135289539
193,-0.0006605443904621688,0.008154115878089781,0.002954480198740807,0.01491203719066178,-0.04508864569725178,0.01175596505188387,0.003564724995796476,0.01102797122295019,-0.00169686965425945,0.002361185799502919
194,-0.002487355355280856,0.002732811891357794,0.001525352350080609,0.009028697819238502,-0.04996192469205764,0.002355726117949225,0.002492604840819639,0.009568111893190491,-0.01623162008585564,4.297947465519824e-05
195,-0.0002654996071451059,0.004977557391533671,-0.001494917368035777,0.009477773156458515,-0.05582309892029261,-0.0006588045796528466,0.0117383472481304,0.009754418613936161,-0.02403969978289756,-0.0003171446847040175
196,0.001207423712041046,0.007031836269643627,0.0008824436620076949,0.01185048969355262,-0.05593753078509665,-0.001731209833026367,0.003855025074704759,0.01229667785784194,-0.0316480047706079,-0.003824377527894304
197,0.001109455825922668,0.004569314269696027,0.003520273691712641,0.01092358151645545,-0.04687781021349102,0.001305162809265205,0.01206703819529699,0.01110820663124868,-0.0334636685441418,-0.001783885100743344
198,0.002960244365280618,0.01491698819745632,0.004835288222841696,0.01397945454755722,-0.04198464366257376,0.002268401151236316,0.02062619742038877,0.01189617123034243,-0.01172831721047563,0.001954581827398921
199,0.02440852576622826,0.08600957177698246,0.02163036822205303,2.922399223395807e-05,0.1279764627541586,0.0005311939121773933,0.01007173540313649,0.01575758663062891,0.0343291963663661,0.02916559264674005
200,0.02306439206409169,0.05796556117760028,0.01854032262413591,0.001506100629000768,0.1187933409598891,-0.002141856147520359,0.009335736094019793,0.01267324383319789,0.02850245846659491,0.02326973512421364
201,0.01903786429540805,0.03638876704359223,0.02143828652777385,0.001057894799868943,0.1163907315810077,-0.001994077266319851,0.007884079861477792,0.01231327873361622,0.02503453715028111,0.02648133877618623
202,0.02124491959514208,0.03194499483688253,0.02106569766848793,-0.004113666586616395,0.1189791288732018,-0.005191569262938837,0.007349918642113246,0.009335501172265557,0.02421857603796313,0.02963693170666839
203,0.004362095613355814,0.03522645720663291,0.006803688458101862,-0.002966455842842032,0.1629418078518081,-0.003787823167718403,0.005115404833261273,0.002013933264003551,0.02329384837876264,0.02459733702065466
204,0.003218942864471303,0.0417689391323808,0.01925216748044708,0.006658915940310933,0.1708758361781656,-0.003777938106225136,0.0003248880251685053,0.00249167058450454,0.01885853131372886,0.02668588497334268
205,0.001434913933133031,0.04282774143946971,0.02389357444934592,0.003171302160963036,0.1807267964938724,0.002473592798219466,0.004616805073258097,5.470025971036149e-05,0.009676806914938638,0.03389936726680587
206,0.004454602492910797,0.04232779687854613,0.008341585888385178,0.006606512559932927,0.1832979055224115,0.01224357713601782,0.005908133876808231,0.006748703735510666,0.003196802909468329,0.03835922780612225
207,-0.002758345486003577,0.02306089375971246,0.01966244979000298,0.003489347758927773,0.1807408731848464,-6.178049276598648e-05,-0.002265744656305145,0.004241405253491043,-0.006291288708735202,0.02418767882675114
208,-0.001390165320954592,0.03077040243574787,0.02723991172584497,0.0007047675537441528,0.1678366587836079,0.002487726355447741,0.005192885249023414,0.02121071809211007,-0.003211794463887207,0.0327220006369604
209,-0.002683906554843324,0.03055263243737424,0.02694218777089174,0.0009164210031782224,0.1693396009234277,0.00197348267340978,0.004003467458184359,0.02009679435524364,-0.002514726876719159,0.0295149573953699
210,-0.007743692424272071,0.02213386813142088,0.001337501616471538,-0.003179024521324814,0.1567410527008058,0.001172078841855912,0.003538029620903308,0.0181002747230353,-0.01309466920809756,0.02665260716490261
211,-0.009029900622379617,0.02436760684510013,0.003919871951027028,-0.0004404402568961669,0.1544334850606494,0.001355036465510323,0.004341405483570475,0.01776641663592148,-0.00921176493092272,0.02068515458382613
212,-0.005724829418227843,0.0260697359065746,0.02942952651193782,0.002238578163030398,0.1618194720825653,0.004628090473480006,0.01288965716105841,0.01844911060716367,-0.007399416176464895,0.01947887299211971
213,-0.0004336202218397653,0.03292987276222984,0.02920100252132232,4.565227551423445e-05,0.1660585304731341,0.001080747440886516,0.01530642694265446,0.01723907415036664,-0.01247552562691572,0.01068103317635391
214,-0.0001493838106600811,0.02893666265741147,0.02535716695976891,-0.005550412190493939,0.1539097694169531,0.004162620970325197,0.01857285078122331,0.01626473171431523,-0.01951485035971989,0.01084945703689901
215,0.05129365307519607,0.02217309496706877,0.0156998252491632,-0.002812622376842065,0.1489845416461696,0.001758630332995684,0.01894418343533461,0.01670850124386932,-0.02537508958764102,0.002124301682551365
216,0.05347939055022402,0.0164115479342778,0.01630045146325425,-0.00261726124938946,0.1551670211699943,0.001836813573850667,0.02244629599992443,0.01647493036275318,-0.02337448926514963,0.002309060895453413
217,-0.0003027328274914009,0.009767002434460787,0.004322996524305183,0.002941810405829272,-0.0540810351725242,-0.01395451514706386,0.0008788318456244986,0.02731347593319417,0.05076639669528445,0.002604896597195171
218,-0.01066350999739016,0.003897111217946658,0.0008140570111387943,0.001128267914044498,-0.05364111828105645,-0.01175825584025043,0.001569531321429086,0.02563615734592462,0.03859819434546867,0.002878843395713644
219,-0.0186621617581211,0.001594174676691737,0.001012278322137639,0.001467615904081986,-0.05608362266967633,-0.01203532410026361,0.001539596354810275,0.01792143329369124,0.03958749264171817,-0.006017718675581724
220,-0.02160131428952521,-0.001360687760653317,-0.003378339275111601,0.001231318500660264,-0.05863928615365007,-0.01455348885697698,-4.745380015443168e-06,-0.003269294410466172,0.03157895015027498,-0.004148397939499174
221,-0.02073904448684369,-0.003164894320197534,-0.001510666369448019,0.0004234846556001676,-0.05511846922398896,-0.01903795487592723,0.001059832587078394,-0.009295726384623032,0.02292514342196186,-0.00305502827482339
222,-0.0278108815004076,-0.004279233857159779,-0.003570388915848212,-0.0007376741496644295,-0.0636900820506087,-0.007360567134859722,0.001324261106776369,-0.008348077343371415,0.01977409686931934,0.002387914003014872
223,-0.02403210815532011,-0.001367185561787436,-0.003117029509059409,0.003747260270151628,-0.06276678488756116,0.001069818516825349,-0.0001513223642751261,-0.002544322998073481,0.01971811427696166,-0.004886342904854556
224,-0.02272690339807135,-0.001566483841354989,-0.002552132450759254,0.001552848663187671,-0.06862309073055708,0.002657729904325669,0.002758460361057768,-7.570947532211736e-05,0.01871758009278036,-0.005605143122029749
225,-0.02195814135174502,-0.003074822159136491,-0.005153014082350867,-0.009049305404802897,-0.06135013594081485,0.007231214686869117,0.001518178811663675,-0.001258921757891883,0.01930297685591897,-0.004693400353263021
226,-0.01969187032406074,-0.001524609498639275,-0.003288581605132004,-0.01039051353495218,-0.05905079773550957,0.00794855047809348,-0.004504063148773359,-0.001770248119820197,0.0166884193344663,-0.007389252963514297
227,-0.01727933503587378,-0.001485901473195025,-0.002530482519958793,-0.01000556911439954,-0.05784163737683433,-0.00207160864338005,-0.004523569277390262,-0.00394723332048834,0.01023863703153167,-0.003485552067117265
228,-0.01143058668758958,0.004001352129181807,-0.001374071980621796,-0.009401961314513547,-0.04805096170179998,-0.005141973109408223,-0.003125107093798267,-0.007427007927000399,0.007196783229011478,-0.003700655998378061
229,-0.01430125881867319,0.001168646034422055,0.001641059836161152,-0.009119572205997885,-0.05146228057187609,-0.005745364185824963,0.001652280899688041,-0.01222826590143883,-0.02429056066349882,-0.003930336987524406
230,-0.0210910548244546,-0.002869746923584703,-0.003031129864215425,-0.009638535717134255,-0.04992385286178126,-0.01082357598722434,-0.01292093070171342,-0.01490027735753914,-0.03790656098147976,-0.01083362714357541
231,-0.01492912524773603,-0.002576785818610758,-0.0003331535095301378,-0.00889274940865455,-0.05424194749285777,-0.00142084114012275,-0.01252486444220706,-0.01757441391225377,-0.06304792485217943,-0.01037047658929709
232,-0.01373648886458313,-0.002590468521389137,-0.001822642434255139,-0.01287890230204232,-0.05302975640018433,-0.0009828281722363062,-0.01303623869318487,-0.0175758139626568,-0.06323724535679506,-0.01210838372656541
233,-0.0137212556630845,-0.003827984729212062,-0.001955574966245931,-0.0129526266729593,-0.05246546249573043,-0.01234043495366666,-0.00892758322151492,-0.01706134750381466,-0.06669397290936038,-0.02022512874325386
234,-0.016915721180996,-0.006998437267333856,-0.003251263509925861,-0.01333826054245482,-0.0417750375745876,-0.01206632253660501,-0.008754975619832198,-0.02811310239334363,-0.06646269897042023,-0.01844918601013326
235,-0.024923328481281,-0.00433537042686957,0.0001626388540815502,-0.00223726405333567,-0.06368824077285748,-0.01106314429429276,-0.02852008463162055,-0.01150924697047673,0.04139258158315158,-0.004534787887695965
236,-0.02485948878437451,-0.004202574143684436,0.003151326530722399,-0.006640802274007922,-0.05423877051721653,-0.01144324630061205,-0.02829182021663023,-0.01136159449628627,0.05279189334946646,-0.002038740570175609
237,-0.02618342113614856,-0.01275394814848444,-0.01077005016367135,-0.003479721408132528,-0.06451589820463094,-0.0142142946162642,-0.02797612905558319,-0.01323177260854101,0.02579235023836782,-0.006549351306909396
238,-0.035073614141714,-0.02246683148522864,-0.0143181564901435,-0.003778941938136032,-0.0749791689523715,-0.02412873399337103,-0.03988031276933603,-0.01494580591109013,0.0202049868069008,-0.007066376914031478
239,-0.02966789694602628,-0.02332092890106528,-0.01044470939885921,-0.008388739150371175,-0.06180223352911303,-0.01061956912785565,-0.01537978967446615,-0.01188867979899613,0.02148548616361589,0.00372525338383544
240,-0.03043716503946826,-0.03092166585363288,-0.01030078462233651,-0.009111599372345455,-0.06338767541852817,-0.006429650941787797,-0.01592743567210078,-0.01344205799161324,0.01789022870059004,-0.002077240949472286
241,-0.02812762366683454,-0.02947241490190454,-0.004598436026169175,-0.008433996526667438,-0.05942963515168638,0.003988416676322494,-0.008612311217256618,-0.007824162587856528,0.01970843922108371,0.004942546375470256
242,-0.02363024271435331,-0.03218625944552699,-0.005506960678470467,-0.007228985861921547,-0.05551679079930523,0.008727187641885304,-0.01193424331796419,-0.004114265404158376,0.01861335254654017,0.005316414601625287
243,-0.02001458380915935,-0.03256426780644415,-0.001077816212769656,-0.0003724037631190821,-0.06663034529639575,0.009969888146618835,-0.004818766663611332,7.60292198742614e-05,0.01807290815485575,-0.002494150653513653
244,-0.01767340948809856,-0.03686052857992982,-0.001047953687636745,-0.002149196578860936,-0.06585937737282206,0.005695767059041067,-0.00839753430312026,-0.001784507722595567,0.0109647561383765,-0.003025310811590666
245,-0.01346798763779879,-0.04053785683825433,-0.009168112223875854,-3.796145589398672e-05,-0.06573650626536223,0.004811775413014025,-0.01215808940087387,-0.004984547452949254,0.003824036519826057,-0.005180904366972091
246,-0.01604630789124625,-0.04036476162355476,-0.01792375436964274,-0.002206572551543885,-0.06890518660079016,0.006027848768117461,-0.006733956466699016,-0.0004361030464758056,-0.0001343642715102475,-0.003423122875028461
247,-0.01272256918458546,-0.03979859982396993,-0.02700376823485007,-0.002311633246629809,-0.0664530928770535,0.007140351930389829,-0.003121200675814591,-0.0131410983578522,-0.01600725989687999,-0.0006075313302609877
248,-0.01200784543604669,-0.03816925414466564,-0.02652977185199034,-0.002669385721977831,-0.06764964738469033,0.006758988972582619,-0.004695730890249872,-0.0131790156260311,-0.01590734259903182,3.380253233069633e-05
249,-0.009128988672010797,-0.01212067265214612,-0.02924570643437002,-0.005168646079800642,-0.06784371217540275,-0.01011676771485038,-0.007536360346349956,-0.01672306294945201,-0.04653227276431365,-5.322325207387591e-06
250,-0.01080770269012665,-0.0358484339698308,-0.03035313663806693,-0.002210162148310322,-0.05194737515925258,-0.003966633535523069,-0.01411225656533885,-0.02074814318285416,-0.06982840268331794,-0.01114243807795731
251,-0.006729145016920701,-0.03379533164168253,-0.02594530603506296,0.002635684654604481,-0.04598799650246217,-0.003810054933762594,-0.00986018622622421,-0.02052054581646007,-0.07165570391815775,-0.007455648787052825
252,-0.009038428180795935,-0.03502301116266972,-0.02710657845309628,-0.001247118156298337,-0.01668854842288746,-0.005081685309903635,-0.01106314955028687,-0.03057992590150238,-0.07253285487038869,-0.007994949235796564
253,-0.0144203437667244,0.06655275172215691,0.01083534280504996,-0.003438585821312249,0.04875625446568561,-0.02244938439596212,-0.004515525309045245,-0.002318198092061127,0.03904084090840237,0.01600300973467073
254,-0.008109803870967216,0.0199344695824185,-0.0001092801379885518,-0.002835851336082862,0.07956645829189271,-0.0168751798732517,-0.003192933068476463,0.003123061623453501,0.02137623990964512,0.01399046769285462
255,-0.00705872164623867,0.0384600034955913,0.007136937252262266,-0.01396425432703797,0.04288261903166216,-0.01959903298166996,-0.004373974319672435,-0.0008660673373020527,0.03072188811143049,0.0156547970190772
256,-0.003372193844960057,0.01645724218693104,0.002368261674291938,-0.007116799367894142,0.08579780136788911,-0.01381976989103675,-0.002092055381461487,-0.002146047997631322,0.0167021698268529,0.01525922159802373
257,-0.008706463116067348,0.0207758485234386,0.01149735568710291,-0.008281672096425663,0.09912398696828956,-0.0201838636092194,-0.002730482417956408,-0.004519910936741958,0.008585949117069148,0.01206769285760798
258,-0.004741490495217755,0.0253422082051362,0.01683960175239357,0.0008646621186609714,0.103977919493787,-0.008621887802935123,-0.0009567156039821038,-0.003566486978932825,0.007569304770458437,0.01519391470340694
259,-0.002342115993729761,0.01946771255879232,0.01674175398171403,-0.005275195336110627,0.09985371506238469,-0.01183013981495203,-0.002397235385216528,0.0006665271176396354,-0.003594546575016994,0.01787006006335495
260,-0.002980743887374338,0.01929545933412431,0.01735514865499153,-0.00771993352604275,0.1085267436959449,-0.0101527175692963,-0.003324745120445329,-0.0002259090624314692,-0.01403266321486421,0.02325513346715285
261,-0.005421688731393712,0.02477015240719764,0.01615445117848776,-0.00607189559036568,0.1087966512613222,-0.01332597644643977,-0.003925669626911847,-0.002282965796512972,-0.01954495995035612,0.02657849738594796
262,9.253358064718236e-05,0.02340760067783656,0.01616101118512362,-0.001212331085138674,0.1096335792455847,0.008272469016623173,-0.003324144708628401,0.008060953598898114,-0.01756094911662855,0.03034266020282575
263,-0.01349796924056686,-0.01779466719926732,0.0219801368609686,-0.0002998481026186424,0.08787038882238118,-0.002814248509529673,-0.007248595883127869,0.009098123460018662,-0.02287837011390758,0.02024178333197362
264,-0.01448178624101506,-0.03612926186405376,0.02113864854882328,-0.005197913076128977,0.1022729422207779,-0.004848548093254775,-0.003246530925455042,0.009270424477754976,-0.02327210601460252,0.01185144100432749
265,-0.005555587175606461,0.01297705691585702,0.02070263210731711,-0.004976342866529362,0.1099643361350978,-0.002449616096364385,0.001231616346122957,0.01285836747643879,-0.01990995134680528,0.01416791316454756
266,-0.003253502210544196,0.01140346406759712,0.01376565914233642,-0.005734140774516016,0.1047345172086266,-0.00171305061121393,0.0007884872353829181,0.01360685304743796,-0.02156908058835795,-0.01627361488979527
267,-0.01443881572309987,-0.04434588472822333,0.01306380695105422,-0.005278650091949158,0.09974733127247842,-0.004930329052394961,-0.004573245212160473,0.009876348515807997,-0.03171203627847929,-0.0184239844909803
268,-0.01704193463433203,-0.0476624742409929,0.01143223092664612,-0.006803281062221039,0.09110358559007614,-0.006612740765301048,-0.006174910330485257,0.008998560150890712,-0.03891513563398407,-0.02023196429813331
269,-0.01236107017190352,-0.04084869424642822,0.01267420812835973,-0.006150789623856365,0.08966605935178223,-0.00378931931385602,-0.00484529678384414,0.009372569043885304,-0.03820592156816507,-0.02275394497255172
270,-0.01235542834976525,-0.03397635759628726,0.01291567565452556,-0.005747204574619673,0.08833476486808514,-0.003558065698541485,-0.004737325417750226,0.009413436345005882,-0.04001555913145134,-0.02270331876167091
271,-0.02075674763452433,0.007214202706070292,-0.008261464108642393,0.001393773200241579,-0.0567245725848765,-0.05437529585383642,-0.008567776712652929,0.001887989122553029,0.0474202564727213,-0.005916692107882929
272,-0.02350490191346946,0.007728037213042067,-0.01055031620994751,-0.003289431857323099,-0.05837056353952109,-0.06423588749324374,-0.008857739858233413,0.00122617991075887,0.03433111585256925,-0.001580837183947403
273,-0.03018347603943931,0.001224938826215486,-0.01408758745938012,-0.006269341312911281,-0.06150628922904627,-0.06924552529876445,-0.005234978795450782,-0.005175698126368676,0.02531059344745702,-0.00140454609471499
274,-0.03492953424336542,-0.001137701135633328,-0.007852687575291303,-0.005162683808367449,-0.06674230094344001,-0.06035821751477725,-0.006993012584933522,-0.0102745082652074,0.0147422810270787,-0.009963936334375737
275,-0.02157157361379501,-0.003881636609163014,-0.01746085558092156,-0.0004436552539645409,-0.0643762349457339,-0.03103185764023234,-0.008550151280283726,-0.01103478895085893,0.008701724896831853,-0.006870143765149969
276,-0.02187948422357455,-0.006589814731036116,-0.00976351261994408,-0.003927312296572177,-0.07019760346217327,-0.03238356596633694,-0.004579049147501612,-0.01349393869209783,0.009242971082803829,-0.007202699010175639
277,-0.02412207402253985,-0.006991131532757179,-0.003644950476642429,-0.005258708516236535,-0.07288982441434123,-0.02245818606762699,-0.01097968185347592,-0.005193163473404049,0.01261242654236158,-0.007601572903027876
278,-0.02227706147954086,-0.005702692900872045,-0.005910815185290741,-0.006716732898024004,-0.07047739683960395,-0.02553399858975898,0.0004422583308101805,-0.003005165772917289,0.01429780994823567,-0.00648490892743422
279,-0.01420708857814964,-0.001046961785448626,-0.003327847278578093,-0.004543289397230743,-0.06843584716261683,-0.009484023203139132,-0.00840386683673989,-0.00207734919876417,0.01117137194506487,-0.005285697485603854
280,-0.01459795833916408,-6.624968030635015e-05,-0.002380048333948077,-0.006336165456590133,-0.06572876932388619,-0.003587505315818717,0.0006608047196162682,-0.001743674714260057,0.009297822614295768,-0.007178791279450496
281,-0.009479516411344379,0.0004656482332883337,0.0003293369556788331,-0.01186817215521421,-0.05711282905982469,-0.006150331395537535,-0.00372542066236169,-0.002799953019855197,0.008370052503301627,-0.004485525579096067
282,-0.007009234601629035,-0.001501833616432263,-0.001270369919198458,-0.009566744282067663,-0.05777566889772311,-0.003208515524716678,-0.003608287451110398,-0.009890816964533176,-0.01888677091552099,-0.006473969174751143
283,-0.005900009924599241,-0.003513242355748162,-0.002461368442255221,-0.006587187321538182,-0.0617883929052468,-0.002904135331295282,-0.004329707629123452,-0.01165096383006019,-0.04225992549676178,-0.002522393576576114
284,-0.006537793851944069,-0.005061461595544631,-0.003389156510357705,-0.009005388434208506,-0.05714083031580246,0.001472034457347778,-0.005552938249348091,-0.0144720819979546,-0.05373710385393611,-0.005457805747269204
285,-0.00742843234650291,-0.0048807652461533,-0.004902939507509732,-0.01035149471848098,-0.05158830262731118,-0.002717111967665509,-0.00705229046545813,-0.01540037844708625,-0.06808269457908457,-0.005929790026756925
286,-0.00800031760278519,-0.00660838960035837,-0.001375258658006554,-0.009342375587172422,-0.03850152866012317,-0.003624727151445197,-0.007267816323462058,-0.0271901637863845,-0.07019916174835493,-0.00677718872880825
287,-0.006290807834144018,-0.00621187013727461,-0.004770274820220258,-0.009946217140622871,-0.05467010561635256,-0.002371657037504314,-0.007395943790255035,-0.01571959406665751,-0.06888933181524436,-0.008724503058354077
288,-0.005601945893376575,-0.005044576877088551,-0.004970475683770085,-0.008640098398335749,-0.05406896552348645,-0.002425048815472233,-0.007353513993867352,-0.01584034722800319,-0.06865619430078453,-0.008328079318427852
289,-0.01898108374951164,0.01403047640015155,-0.006400861053830247,9.645181792387772e-05,-0.05009976807066201,-0.02034504912581191,-0.001462257550728687,-0.001345258245729621,0.04757860574294181,-0.003318442773204669
290,-0.02260426949140631,0.01678985097925025,-0.007106773377873344,0.001692725120589171,-0.05323895658097141,-0.02397198439848563,-0.003184323314308183,-0.008333790939818416,0.02946370518360114,-0.005586935783504573
291,-0.02222907721336123,0.01075901295779861,-0.002392107274195255,0.001221797961879254,-0.05778565570802856,-0.02043611017571582,-0.003089116184765756,-0.006280803437123702,0.02853816672420192,-0.009162108249523376
292,-0.02769307914052641,0.007544181440992085,-0.005372505138329459,-0.002183061087828319,-0.05867553688903291,-0.02566816888891298,-0.004261236960121133,-0.01056800824779469,0.01710330272530006,-0.008640438180419995
293,-0.02100851361553361,0.007862510024930047,-0.003957302401612892,-0.0007344173871788593,-0.0653883958067002,-0.0213890277080351,-0.006595101948687862,-0.01299663976281325,0.01605158304285572,-0.007333217539188376
294,-0.01741515348844681,0.0110313894455108,0.0008478199917249106,0.002715670819828782,-0.06144087259157906,-0.0137906720224323,-0.004399852133316944,-0.009931112276057173,0.01140669122595098,-0.006454893788385502
295,-0.01957346500869653,0.01101051949935005,0.002130717800102829,0.003501633136019997,-0.06312080955276861,-0.01477177063385031,0.0001197303959376934,-0.0009275408279294751,0.01514079497656523,-0.005542897118788213
296,-0.0178308088393802,0.01023515688167637,0.003832751781637796,-0.0003013150505421891,-0.06534472413351713,-0.006434262242790822,0.0002179550905235829,0.0003547935526522379,0.01878429066594219,-0.003769426444990542
297,-0.004513568458247116,0.004825473756394786,-0.01359888871683518,-0.001888735775621785,-0.05751462954703966,-0.004700499349796714,-0.00412595433203897,0.001178275869807812,0.0203803958652895,-0.004722869965912093
298,-0.01244725659287718,0.005499047729230746,-0.000358293760252312,-0.00289634681806707,-0.05404280435195596,0.0007206214737578553,-0.0002544558215515471,-0.002150458878941299,0.01258490339227594,-0.0007300545426862115
299,-0.008223753056600235,0.007851368146153335,0.002785013143027663,-0.002260512399954465,-0.04505267657185054,0.008975614876055865,-0.005456568287669105,-0.00393505006827173,0.01317368209602279,-0.0001978928220381969
300,-0.004546509134861403,0.006141473267202758,0.004401653174721959,-0.001775873940981712,-0.05393931058840404,0.005955177222517047,-0.001313979848426048,0.01054773892483557,-0.008308592946746235,-0.0003049723133404024
301,-0.0004359501773728361,0.004395515561204643,0.006605205530238803,0.001120645198071174,-0.05695849983362131,0.005289967416251811,-0.00161183861934804,0.01649491903106813,-0.02130385149678432,-0.0007429890789928881
302,-0.003710778931846204,0.006253058809926656,0.005880445283455818,-3.167324765253083e-05,-0.05742628807798717,-0.003628828864119231,-0.00163383269969314,0.01344715788269357,-0.03163709892887662,-0.004931323121380958
303,-0.003925533955913997,0.002126959501970786,0.004889362193765305,-0.002251238725067509,-0.05428385304920626,0.001811082099583847,0.005802633310374609,0.01209069311475307,-0.0323760162766131,-0.007276329683676455
304,-0.00413927399011498,0.001301872309910484,0.003484068618541339,0.001422175578147922,-0.05031972474440608,-0.002282623267926214,0.004503760971299559,0.01168786133972029,-0.03522119263198226,-0.008209745858558881
305,-0.004109591390615079,0.002304520409186564,0.005977732504603142,-0.001331710375336657,-0.0518517621519038,0.00318796708530074,0.006562356568361113,0.01117216418261498,-0.03075854107029959,-0.0073601759789215
306,-0.003900887271715924,0.001473865432744111,0.006020835275582695,-0.0001746332765374187,-0.05109861002729509,0.002886255562539046,0.006442931433518361,0.01139530456176447,-0.03438535700422551,-0.007340100611222946
307,-0.0108158057631702,0.01515763086343496,0.001695480643130568,0.0001211741556903481,-0.05437837229887237,-0.03177024567435867,-0.01568209298191846,0.007300469495444585,0.04761202452473628,-0.008529808194014927
308,-0.01178108408422552,0.01749551694518808,-0.0004180690709404212,-0.0007348868690976465,-0.05574866847137228,-0.03313653876413521,-0.01719810552362564,0.00134123295326462,0.03878900868695163,-0.009067844504724996
309,-0.0202873979984853,0.005960021192089284,-0.00621867582342335,-0.001966229561692716,-0.05695998815815846,-0.0297352906420829,-0.02283800000098083,-0.003462407587671722,0.0332789957270535,-0.007570834743011673
310,-0.02254687653321624,0.008000488707630683,-0.0002833814304721874,-0.004559604835835388,-0.05930099851841945,-0.01926875124137287,-0.02707534174313739,-0.005375686998941276,0.02394392904453808,-0.01024761672159616
311,-0.02340964698808172,0.008225108434684434,-0.001503701805876819,0.001204979625827553,-0.05936422115994804,-0.01421853185928689,-0.02726621722418258,-0.005988876993340411,0.01728737093649442,-0.01062983274129132
312,-0.02696763094918006,0.003464232069980707,0.001817350093045138,0.0004445279838967514,-0.05493493352709136,-0.01556877290292556,-0.03002739004994742,-0.008708064736902332,0.01449898763039106,-0.007042558577906807
313,-0.02200923593288854,0.00795331132868192,4.98058399905812e-06,9.46673050685725e-05,-0.0583627376066197,-0.01145399838312003,-0.006067873115797748,-0.008703209715463876,0.01178298119767503,-0.007385586491231749
314,-0.01946377436927775,0.009913984399163552,0.001485229535005071,0.001340102946673152,-0.0578060555825951,-0.01087734094405425,-0.00187927378071123,-0.001404848906971456,0.00925871188782846,-0.00587167726408617
315,-0.0154467404021055,0.01065405018360928,-0.00106952527213553,-0.0007884691491252373,-0.06141196257774582,-0.01385092261576978,-0.0002866750505030483,-3.039489433879008e-05,0.01219484902876068,-0.0007119452309630615
316,-0.01682926041693281,0.00914953512225369,0.0008808153468991668,-0.002690953543449323,-0.05827449715726793,-0.01179860601954763,-0.001205245107188004,-0.0003258243700859684,0.008696195350490762,-0.001198796116265955
317,-0.01739501358490492,0.009622522548594577,-0.00385751311079198,-0.00393612204602686,-0.06290969196119409,-0.01336857088370613,0.001095230737239525,-0.001616455829930322,0.007365411869733589,-0.002388128486785192
318,-0.01335562340329507,0.007569878604768562,-0.003516591621948231,-0.004482051640441916,-0.06068794329687254,-0.00722869296667664,-0.002753193103727624,-0.004737201976577215,0.002980876622251829,-0.001549889182537045
319,-0.01835960361906213,0.006920667252004378,0.001024773415111242,-0.00509693175009884,-0.06040112768241192,-0.005994430325856605,-0.0009817100204505835,0.001919946047407917,-0.01381162456921287,-0.001531537384488956
320,-0.01208328414302561,0.00540988547231512,-1.43101791486174e-05,-0.005257180298501756,-0.05776895117793471,-0.005393785207063623,-0.001609856341703072,0.003117507753188186,-0.01542566180185547,-0.004974897246316503
321,-0.01184060355673544,0.007977185342621962,0.008962925855083514,-0.005142415466544472,-0.05375313797350853,-0.004634702909709956,-0.002687159176533665,0.0003462037366346004,-0.03707083863526119,-0.01361698863261238
322,-0.01197701264163132,0.006727809243814642,0.006570053221550714,-0.005951611933669793,-0.05286712607915401,-0.005766709837329071,0.001205339097287247,0.0004049634796493187,-0.03679179841667479,-0.0161760341226445
323,-0.009018947939244827,0.005458123141721066,0.007566217811379792,-0.003549559524429489,-0.05904741254844528,-0.006414579771514325,0.004899913778342287,0.002847214997126081,-0.03262541136321435,-0.01367753561730576
324,-0.00949906447176999,0.005806348779023385,0.007445548380168854,-0.003600033153942825,-0.05625672217103717,-0.006420661935182835,0.004973358777195803,0.002927821480826699,-0.03492887339345774,-0.01372514450822621
325,-0.00200959384307017,0.08731509399368256,0.02987024574213939,0.009272312654452133,0.05531066281870979,0.003209577392686755,0.0006540189448678525,-0.0005771725516260618,0.04230174576701232,0.01787086126990985
326,-0.0009733328591915009,0.06791613084986994,0.02823297232220555,0.008677123404835303,0.05475590251476353,0.009438881132906937,-0.0003532242732380739,-0.00158858995939931,0.04046046376603364,0.01904094576585654
327,-0.002856312850343502,0.04639395438756758,0.02469536450430288,0.002116785272997495,0.05259962469995876,0.007244028055558097,-0.0007025783522432514,-0.0008504605560353872,0.03416224377644343,0.0208605670330882
328,-0.004132419623583349,0.0449361525478275,0.02485894986305934,0.002265928141336348,0.05621319818657287,0.00471942184556524,-0.00241585595419623,-0.000723665225906008,0.02665054959013021,0.02125344025606338
329,0.002314727117571856,0.0282874071007273,0.01859162780015722,0.0009581409851159283,0.1090840664626368,0.001555423891199513,-0.001035650544491537,-0.002067999225682912,-0.003341629813097776,0.02204156334998277
330,0.004731040108786688,0.03100731630340894,0.02388012686032485,0.003936808085540712,0.112900783692866,0.002969656797226682,-0.0002859302910737534,-0.001782890491546717,-0.01618783693179508,0.02621593441665594
331,-0.0009989935912151334,0.03101948189826511,0.02212721001736644,0.006026561681986644,0.1173141743243367,0.002429933606446563,-0.003908212889648862,-0.003418774771589876,-0.02110647299991333,0.031857495653485
332,-0.001985794295006794,0.02466380573157383,0.02091916694557029,0.004951020287680435,0.113686607879124,-0.007959326366527887,-0.001476347635128951,0.002880073362094433,-0.01767162532375847,0.03431724357763547
333,-0.005506331539359496,0.02342150573566988,0.01527803094826914,0.005128340684129532,0.1064315351998873,-0.002853962076506513,-0.0009748426833168264,0.002252317401522057,-0.02446830424694067,0.02170042077154139
334,-0.001254695171340685,0.03646872463478917,0.01647669340633048,0.002075767097670609,0.1049683343409488,-0.003689083518055232,-0.001394430505748553,0.007108624017582073,-0.01906615105998933,0.02939865120690919
335,-0.003658620187837699,0.02868967282184691,0.0240329891167565,0.004733799747476263,0.1097421043261528,-0.001388004417002379,0.002744531026120286,0.0152808224769461,-0.01625678544098449,0.02018269505411305
336,-0.003633031680914337,0.02821305236213718,0.02405273536617565,-0.002017116267379056,0.1095324325418267,0.001074271064598014,0.001361578908917867,0.01401168110723661,-0.01970482112973606,0.0218400024009423
337,-0.007309068057357528,0.02118465727015177,0.02258713041690406,-0.003835083995922075,0.1116039587577315,-0.001852034109524858,0.002533694366695909,0.01857426384907228,-0.02787145058661196,0.01801092904692598
338,-0.006886849686329463,0.02294491104620138,0.02409724659733703,0.0001336582811195359,0.1151778502974329,0.001481461149903126,0.001195559457663236,0.01879619327867819,-0.02398598341266175,0.01547849660535866
339,-0.007384412869275098,0.02983287231196025,0.0243812289033679,-0.0003063505696947108,0.1387589545941434,-0.0002196127243908752,0.002747714919072586,0.01534426016508382,-0.04273454603303543,0.009638279503489194
340,-0.009398480518965852,0.01847886294744544,0.003594321680697166,-0.00387452611311894,0.12953941529291,0.0002401521389139429,0.002174931543559985,0.01853805477268846,-0.04779167922003143,0.008602293951230534
341,-0.007287689616191648,0.02113886779852616,6.852546907670093e-06,-0.003310815973926888,0.1278103367128219,0.0005387495838029651,0.001278545131666684,0.01575583595330552,-0.04749529105321499,0.005330030897213192
342,-0.007091205008899998,0.02325926685992395,0.002158995815542859,-0.003776073958765828,0.1318510956604552,0.0009395814729215563,0.001710340634085525,0.01474023071262624,-0.04693751639994858,0.005321781060408073
343,-0.004197145974267637,0.01403096823858276,0.002441473546606497,0.00606092401501674,-0.05411097527380523,-0.004172713066918213,0.003742481313392706,0.01183359195843126,0.06351993943396508,0.005055694569669561
344,-0.009350327697267133,0.006024042360400802,0.005072228687724126,0.006581788509821855,-0.05347621181448488,-0.004270986238809485,0.00170318950758995,0.00633693837804457,0.04187337942380213,0.001664096497461608
345,-0.01423629802812461,0.00285965704166174,0.004189260725660288,0.004890513261844545,-0.0522592127465427,-0.0107739196816152,-0.0005905962480434291,0.004351628408206831,0.02986966784968608,0.00652008654535567
346,-0.006725336388195109,0.005658604711317017,0.004041702548554131,0.008932699578000868,-0.03999286056511386,-0.004992097859802643,0.008816687818220231,0.005044139379741993,0.04547552368193599,0.001283256963909548
347,-0.02313853799389382,-0.001467230137434589,-0.0006608580628070201,0.005916353058349626,-0.01912704014497342,-0.01547854299970419,-0.00242707014289522,0.0003446246122875311,0.03230506160605589,-0.004387666095316554
348,-0.01664713995769902,0.003495331888559729,0.0005724795404893897,-0.004400345589931229,-0.01979824687988497,-0.005558468189040334,0.001406805833599434,0.0001683456141821901,0.03135752545594814,-0.002163761528793922
349,-0.004894171105323379,0.006750304413201082,0.00517130919213284,-0.005456268658283224,-0.01188847476350164,0.0008318727050898693,-0.0002314995830604866,-0.00469564861015508,0.03826243913855241,0.001711895297906309
350,-0.007820164528094739,0.009189579603202611,0.00328084897214918,0.01242790557157772,-0.003303137574765635,0.001993305071960559,0.00500524871784848,-0.004943810015891707,0.04052208616651175,0.004685892689848454
351,-0.002820001596028943,0.009589892886388436,0.008751866470101137,0.009775868871890182,-0.00281449650243879,0.009768808264089301,0.004719193907477241,0.00396586984420279,0.03111041514623916,9.776302887533361e-05
352,-0.002835596314933909,0.009589643058278892,0.004482727892885279,0.01828127686319793,-0.02786698748898941,0.01519635352931153,0.005280850490965741,-0.0008704302603117643,0.02062851419469409,0.001740326813405621
353,0.002841244065799746,0.01318028062828291,0.001151229221055634,0.01740683658511381,-0.0282562030420135,0.01563221390768352,0.007644511099691303,0.007883347545357099,0.01343627820523215,0.005952084865207671
354,0.006093749545614655,0.004366222180052213,0.003490323257397007,0.02009266648899247,-0.01698039364658542,0.01247748477635209,0.0170633455830338,0.02056629464209343,-0.004640224725423967,0.009607640770796812
355,0.003386697363657394,0.00356418236281236,-0.001839408599672339,0.01539333490018931,-0.02637674880685086,0.009562984417801262,0.01698979143423037,0.04445916675160937,-0.01810019681376724,0.00794392995778425
356,-0.001121652064103392,0.001852291134268978,0.002298871118648219,0.01697601168499284,-0.02999573798085124,0.000608888396153236,0.01814696773567784,0.04462564378633857,-0.02139826972716274,0.006854309654998427
357,-0.004979503709968949,-0.0008601485722990026,0.003367686142251271,0.00899215232820088,0.00392258825226821,-0.005721955974062791,0.008771008646728352,0.020809775602417,-0.02045784252828587,-0.001309960914049692
358,-0.006827953920282585,-0.004402641178855397,0.0001187662830074649,0.007934225625894395,0.006077891911672548,-0.008675291310269544,0.006002656457633957,0.02117839436308503,-0.04403575037593464,-0.00317064795479432
359,-0.006529664993220535,-0.001999011467219505,0.001473886707968574,0.001976561664443292,0.006947887659797132,-0.006118299791076774,-0.00329346234902949,0.02086220936446134,-0.03898200896831018,-0.01150809657883866
360,-0.006441015419570801,-0.002210335663888537,0.001239581268148495,0.001941138882929046,0.007808475707300682,-0.006685367908906024,-0.003572568406680141,0.02085402898580634,-0.04472550014943642,-0.0114845536731421
361,-0.01257383447150029,0.01930105846154793,0.003888534375809235,-9.776096789332224e-05,-0.05141817593021807,-0.008864190103398614,-0.00254244619668246,-0.0016856772093265,0.04752400403156917,0.003665729197231957
362,-0.01097261895334529,0.01909411042546656,0.003406396845172098,-0.002568558825313252,-0.05491796102185675,-0.01794719277745658,-0.005142614351540278,-0.00642719054008116,0.03925085840865713,0.001049171366139414
363,-0.01587822410466013,0.01219577443818905,-0.005039566575521033,4.001131004177953e-05,-0.05914731423538687,-0.02078733955823795,-0.007420720144338255,-0.00636501658930142,0.02897852041885402,0.002647600854246161
364,-0.01557078716632554,0.01261905102730691,-0.008276225510587598,0.001958873145060085,-0.05621643680797513,-0.02653479965598591,-0.01161196166710602,-0.007118153170496752,0.0151979758128629,0.0002219614894958994
365,-0.003587130166710644,0.01199633273440145,-0.0005065280323051337,0.004508878906369029,-0.05780448483407121,-0.03160125784119212,-0.009842679472441988,-0.003909198289254645,0.01453323171401286,-0.002540113892787962
366,-0.01044303791337634,0.00796288515176172,-0.002948591830189926,-0.003967932850500877,-0.05590672628939081,-0.02121390900158419,-0.006921519619441442,-0.001399165163055103,0.01264240377997334,-0.006591831480489864
367,-0.008414014665152902,0.01279272543707252,-0.001152821115137835,0.001965951344726989,-0.05737754731816085,-0.01617951699981007,-0.002136067439084898,0.0006387944149074114,0.01701368656571409,0.0001021761326283207
368,-0.006228198214496795,0.01314295069799885,0.001996897361518938,0.004883703222352169,-0.06304256387785555,-0.01462730953531605,-0.001817694175770965,0.000348742195984973,0.01772447417043379,0.000657771238030166
369,-0.005750346801530428,0.007086358178291712,0.0008239972397619609,0.01099204337381838,-0.06500581071841348,-0.005738520538658563,0.0005890984584828343,-0.002106852333722118,0.01211292860528055,-0.00113665227565245
370,-0.004364177250439616,0.01060794112151457,0.0003628330576178312,0.001264886234229784,-0.05306199037373487,-0.002823049758090045,-0.001966386686620145,-0.003996639042369676,0.01158622995729402,-0.004018007988546139
371,-0.00527643360678879,0.009152250026732207,0.006489971505583194,0.001368416736301695,-0.06476779027612913,-0.00284832031035183,-0.002513963670182258,-0.008375459958002368,-0.01136301276831815,-0.008579617833920406
372,-0.005610412137556548,0.01108168248392621,0.008693323206208112,0.01054351460977192,-0.06052423754113866,-0.003822531875490539,0.0004625649585070764,0.0073093041485326,-0.02171454174979832,-0.01078401197006256
373,-0.008241596055306449,0.01009057556755956,0.00670509996360794,0.008948342220611348,-0.05792955379185079,-0.005330054203982085,0.002608956608242473,0.007684728061111927,-0.03152627405075962,-0.01438365375647839
374,-0.008338635177438512,0.00699604191393744,0.00453498412610247,0.01016868820682542,-0.05220098269986666,0.002630791658948833,0.002358314946204834,0.006582719584035363,-0.03203211443469155,-0.01464922717039728
375,-0.003142227897772077,0.01466053984281864,0.005059232685140015,0.008049647733618742,-0.04703144268260319,-0.002895594459347244,0.002381341133858629,0.004773655335622221,-0.05018527065498033,-0.0246034351257152
376,-0.003338668359144195,0.01364111050404338,0.002812336920281132,0.009997115286397497,-0.0464576965868337,-0.006441278381373068,0.001361513433539878,0.004789498271845386,-0.04632952574811085,-0.02566751229591828
377,-0.003283884223516614,0.00866657194867181,0.001945960588510594,0.007014896471099877,-0.04621653754581788,-0.007629993580256098,-1.734139962917385e-05,0.003917289859705711,-0.05396727570353466,-0.02220767453497015
378,-0.003660322403340873,0.007614217408197282,0.002352420559149477,0.005596708845211565,-0.04622187247627483,-0.008065149899295083,-0.0001885639723956814,0.003802212447133881,-0.05737094269567895,-0.02223726900883
379,-0.01654288862073777,0.01950330583394953,0.001921643924061097,0.000238497379692433,-0.05305634293370017,-0.0170920482203653,-1.432528874471773e-05,0.02094656170997728,0.04488126701500221,0.0007994880334246557
380,-0.0187065707574736,0.01224048526011745,0.0004824121651242059,-0.0021978865602611,-0.05348640246438587,-0.02145436446126778,-0.0005573513761385205,0.01582750682981504,0.03306768451149682,0.00328241784472055
381,-0.02487296866321724,0.01126646203275265,0.003484811342249242,-0.001217727585435793,-0.05690094407831903,-0.02635267578567512,-0.006852483922392015,0.008719073500354557,0.02720515740314839,0.00470462379509657
382,-0.02679660728244004,0.01148503398664248,0.0009281214951221285,0.003183781601166853,-0.05727878014055476,-0.02824085477028747,-0.002642623043274322,-0.002839647153903262,0.02435435056631015,0.003216546363009611
383,-0.02179279809198232,0.01068103048315253,-0.00543215591834399,-0.002126800164426983,-0.06158885950290033,-0.043199784904461,-0.003870153407115056,-0.003758264261324072,0.01965159162580089,-0.005545875221577949
384,-0.01621389898155501,0.00829014164516466,-0.002954666744972041,-0.002776881612321818,-0.05568435656366074,-0.02146418036471921,-0.002784749375705013,-0.005776696390489621,0.01651677478063691,-0.006285715463331971
385,-0.01635333817415274,0.008215845531664458,-0.002064634254927097,-0.003337845653744641,-0.05487366003904517,-0.01929704846465731,-0.00418890926987495,-0.005288657084355467,0.0174716314322782,-0.005711507494680847
386,-0.01788217697165075,0.01164705970354415,-0.001504378811354528,0.0009260327416360329,-0.05451718105512283,-0.01515302570884588,-0.00278321008897224,0.0015196173291489,0.0156916743451469,-0.004991777586243305
387,-0.01603591378281227,0.009185309848446276,-0.001311216980514293,0.0007729728982894624,-0.05514328860084047,-0.01510112866208659,-0.0002503266512626013,0.001270704212723535,0.0132790507651288,-0.005646317649256235
388,-0.008569880973035626,0.01123183116581089,0.002136611825967943,0.0003630471282940045,-0.06009332109486285,-0.01227688037035597,-0.001150988574189141,0.00265394103816328,0.008233372944385522,-0.0009446865888643207
389,-0.01073978980850655,0.01048179335624772,0.002593860435036001,0.002028613972925162,-0.04577807525823391,-0.003019333163473002,0.002205065332793073,-0.003354168057637393,-0.008147495243919426,0.0009123849149717167
390,-0.007632014476679211,0.008742705675095722,4.522636650115732e-06,0.003320186803596002,-0.05168452137931068,-0.003272496218741946,0.0002753795010288804,-0.005366615429438286,-0.01932401585112,0.001491664165719236
391,-0.005590482635654998,0.01009888595288983,0.005788766160225343,0.003278448647533137,-0.0625365070969463,0.001727303615117867,-0.007059684096154135,-0.01029925704773819,-0.03668656962032962,-0.003383865512858192
392,-0.005290537308414406,0.007520598599759466,-1.996440004667865e-05,0.004655285160887378,-0.05696662397162292,-0.007080596579455645,-0.01127269214214723,-0.01137194336739207,-0.05006843383068581,-0.007490192388094305
393,-0.006357526488284519,0.01114841602481509,0.0002445561576669944,0.0003676829999218844,-0.04940188038444411,-0.007432243245986521,-0.01089467161164822,-0.01502547287273932,-0.05349271094949625,-0.009303190222928564
394,-0.006658839397157432,0.00813555172039788,-0.0007424202576743722,5.042693216538796e-05,-0.04703096429411554,-0.006726691353317821,-0.007750600017763028,-0.01476376180448558,-0.06293008082967257,-0.01136683658035436
395,-0.006329703419777471,0.008060959358610755,-0.0006851040207738906,0.0002820663010611153,-0.05218583911553251,-0.006480228773949161,-0.007228851769177178,-0.01492391767680255,-0.05805752923247337,-0.01110944618511953
396,-0.006605551633814432,0.009633524508606571,0.001275404579739221,0.0007120032953063448,-0.05485513574501305,-0.006511418654065895,-0.006913273889005037,-0.01267188084441979,-0.05522858860013187,-0.01037664185546074
397,-0.005336604613308616,0.004312600369604179,-0.001084730046018265,0.0001466843045342684,-0.05245562816219108,-0.03200121456317039,-0.00961614453635739,0.01493015060518808,0.05329545837656947,-0.0005587273763830037
398,-0.008114953047209267,-0.003217732581674627,-0.003674748116540655,0.003600043184258928,-0.05080250622542848,-0.02045886277168432,-0.01093804323039309,0.001964867648322648,0.05296476876729755,-0.001102537368698086
399,-0.005771516774628837,-0.02453936220187784,-0.02112994725035893,-0.001490327492585653,-0.05603459531778569,-0.0167078262391072,-0.003657495711080272,-0.0009185918194853762,0.0497161005309377,-0.002353936550049316
400,-0.01182434181894336,-0.02481965210501774,-0.02317030487330426,-0.002968257160505175,-0.06185169430052609,-0.01925283946306285,-0.009593808628206277,-0.005378398149142552,0.03953038831557734,-0.003230177156553365
401,-0.01325616251294321,-0.02422832773575479,-0.01972010752376688,-0.00378948306963845,-0.0593863398411864,-0.007888718221830005,-0.006400187135823306,-0.004828267429587353,0.0382357862775557,-0.002500185807001924
402,-0.01595641961584992,-0.02378426355832089,-0.01786703664939749,0.000286747955042177,-0.05869286513653564,-0.006676133250275206,-0.006572875598734131,-0.004331091029723192,0.03330779016827857,-0.003685529612860171
403,-0.01756160968910172,-0.02825532718362173,-0.01160904989903949,-0.004244770569040696,-0.06053606113102167,-0.002259572328279627,2.22100374267487e-05,-0.003029952742501935,0.03766470456414005,-0.001673915058691933
404,-0.02269360602350089,-0.03128998091982375,-0.01662752107192414,-0.004820414735403714,-0.06274638136527891,0.007654107485327353,-0.001950066581822668,3.990592721102824e-06,0.03156008772756549,-0.0004719951861590274
405,-0.01992786161909351,-0.03221420050766688,-0.001674193034837554,0.001800889796245711,-0.06197227986459923,0.006495302450380783,-0.003142326013177822,0.005325921810939587,0.03329743065192017,-0.001878180670906676
406,-0.01388093900086805,-0.0338378241786233,-0.01441055663705339,0.0007843272637747674,-0.05891713386083715,0.008159396218184865,-0.00116174896552522,0.006500779270724124,0.03222262857638573,0.001846907856399213
407,-0.01597681832521511,-0.03332388860815076,-0.01613349330419813,-0.0008565615526712192,-0.06165749256769595,0.005314099075377087,0.001038195402801443,0.002520824781805242,0.0299233394013052,-0.001792320600159204
408,-0.01646137591377207,-0.03617992184231648,-0.017293000414323,-0.001249013460302762,-0.06936380866017289,0.003959565132889638,-0.001671870853927283,-0.008615201072498031,0.03192720597296512,-0.001831092227609327
409,-0.01611485773368911,-0.03726741778083818,-0.01872994349160161,-0.002201586302223744,-0.07703671176962967,-0.0005067368270561246,-0.007311375769110952,-0.01079936249672565,0.01844172490648137,-0.001318531224393998
410,-0.01014979483986005,-0.03965992050257416,-0.01878694830767941,-0.0007359833985593352,-0.08125962232436978,-0.001254640398237545,-0.007645097299076462,-0.01085900801321914,0.004358794657165819,0.0001510508020366405
411,-0.0185317046235165,-0.04435118108347801,-0.007619995567701813,-0.004104465553690835,-0.08954060761443122,-0.006355695537816184,-0.0064867428278095,-0.01219040811159596,-0.004352448913510188,-0.001575142153148971
412,-0.01986281580690033,-0.0450990453462595,-0.000916074552791875,-0.001804816835043759,-0.09374159778318175,-0.006873383107955011,-0.004200576899442606,-0.01314999152770067,-0.03199031942006619,-0.003600432433722343
413,-0.01242986070802457,-0.0426615879862413,-0.0002352900084074674,8.911587696429379e-05,-0.1006105468336956,-0.004889774062498192,-0.006828571237524157,-0.01330241955389165,-0.04089187910359884,-0.005271363569545442
414,-0.01134589759358303,-0.0378596968290007,0.0005821044617851459,0.001532050811751161,-0.09589066370536081,-0.002917011837319578,-0.008149487862111946,-0.01259195167940349,-0.05438997381037879,-0.005809781011585478
415,-0.004966466274875185,0.08919732891570925,0.0158627459675189,0.006839632005854706,0.03017430470741458,-0.005331046932495631,0.002619722826155336,-0.005927644396582945,0.06184997034406068,0.00897303241958159
416,-0.009800152435574885,0.0670270333268113,0.009713827521993356,0.005680668503285707,0.03991328681882283,-0.009336670725004605,0.001966679750609076,-0.0008187896914048553,0.04255765296321491,0.01658570943381121
417,-0.004401853211083457,0.04256235797829077,-0.003329413002582273,-0.001189305403942667,0.02531544506532534,-0.01083867221383758,0.002441819665589462,-0.0008544420507472616,0.04054156061406012,0.01690082612129387
418,-0.001787849802800439,0.03401563727724987,-0.01020715915970764,-0.004350983668047858,0.03560057745660395,-0.008513211693771311,-0.006365850699425374,-0.000706808103792972,0.03022410836995727,0.02152488677953008
419,0.002151785520003875,0.02321158845739407,-0.00565321917942681,-0.001662804006590992,0.03256260190481221,-0.008697032254285104,-0.005398562061516342,-0.0006498725391072513,0.0284621948791543,0.02215935654969761
420,0.001063956393667077,0.02056909099187235,-0.006302636765121477,3.412677180954476e-05,0.03176152601044048,-0.005264801770220741,-0.006197655471037258,-0.001521925638049608,0.02313672490195907,0.01865093088945655
421,-0.0005079834487836184,0.02211288809892412,-0.0039342826859016,-0.001224113606829405,0.03207561682500524,-0.0003986273656820147,-0.0005250931665152173,-0.002062596894936228,0.01914852206745337,0.01873309157265625
422,-0.000870811341561088,0.02471213450919637,-0.001847948587588676,0.0002633949134849088,0.04091531962599071,-0.000855462484178716,-0.000286237343582491,-0.005896162656713292,0.00887446012359898,0.02315461899604972
423,-0.0008327372312423795,0.02582326573408688,-0.007028542942138357,0.0002081799743324704,0.03866684443126846,-0.00665675471356294,-0.005647716824454705,-0.008210135957711926,-0.001394097196080497,0.02840328825861807
424,0.002227522868815609,0.02200767387109837,-0.00874080295121232,-0.003160627457253558,0.03629087500484365,-0.005709552632793234,-0.005795106248709188,0.0031448394767314,-0.01389441075595686,0.02588773350290257
425,0.0003338004928024478,0.01576930204201671,-0.004082106836188712,-0.006574745513404124,0.02115274973038261,-0.008281249209839896,-0.001150458162580689,0.007979814869254118,-0.01953257604681138,0.03079340553435804
426,-0.001120570148866534,0.002816225985370309,-0.003349351250470502,-0.002447734983122329,0.01679951263476955,-0.003878564733119134,-0.00415600150830508,0.01538494018191412,-0.03326447044069013,0.02306184148750622
427,-0.004550485224279882,0.003790666164183741,-0.004319844347702726,-0.001705922932880148,0.01982985031761889,-0.001172167814417118,-0.00458176307561978,0.01632100715248268,-0.0392769719564548,0.01099616899449206
428,-0.003620864351701859,0.003876906270416959,-0.002619112083622892,0.002460243955676809,0.02815701820745531,-0.0004502427968981751,-0.004207142898089476,0.01624641077584791,-0.03914579883317082,0.008027493089471434
429,-0.01207060301850031,-0.02075024397236619,0.002233642621293211,-0.0005453252662479248,0.07604394772848062,-0.004940678030169576,-0.009651764502183474,0.009927040264642672,-0.025666917599101,0.005748209799766282
430,-0.01144371616725254,-0.02565548362894036,-0.002264434989561712,-0.001411821891571318,0.07283412628666477,-0.002102878151310685,-0.008006127813714247,0.0101206294969404,-0.03000782834304884,-0.00689873759341238
431,-0.01254972794328587,-0.02344760082452342,-0.002244328302678689,-0.000618977799067927,0.0700553673355975,-0.001510636099550686,-0.007377727707162646,0.009935934983523425,-0.03017558358493318,-0.01120936923122115
432,-0.01270941868455071,-0.02490259269450349,-0.002354906694369135,-0.0006137766386387286,0.06920080574528006,-0.001975723263733254,-0.006929357921785061,0.009738854036414264,-0.03181641967625373,-0.011338822271329
433,-0.005398079788875795,-0.02475051436510518,-0.0289466901195478,-0.009634246264835836,-0.06154820981941096,-0.006472157456099536,0.006489873130241709,0.0184674512337036,0.0456260132226633,0.004215688224465516
434,-0.004156948037304186,-0.02687602404728683,-0.02748104611860137,-0.01026718079682537,-0.06294478757142623,-0.006651161830168322,0.002742450345873219,0.01924906995946958,0.046519750445163,0.005437335495753348
435,-0.006219621890717321,-0.0304903629587221,-0.02936048825309495,-0.01148476491235445,-0.06550858588144638,-0.008323926249233969,0.002286385034041482,0.01116190800363179,0.04353846074777111,0.002412521983363042
436,-0.004070624989898831,-0.02701892722287861,-0.02589053683969279,-0.006602414772035518,-0.06506611953133433,-0.007519040618749792,0.003801230734730173,0.008247168043331348,0.04362475589862486,0.005666141257419996
437,-0.0009886031988800856,-0.0197758653235553,-0.02527028590269367,-0.002983946682657891,-0.0641007568009418,-0.007526781315815586,-0.006931896973331486,-0.001348304484226062,0.03685973621583438,0.006182742246488407
438,0.003042477291024828,-0.006165971417686074,-0.01651753810822834,0.01767423116250045,-0.03255481284450228,-0.007929147132195976,0.002010142109101503,-0.00291811735201192,0.04815516943150681,0.01001758652655566
439,-0.001659619215873775,-0.01032778883902114,-0.01591742593031626,0.01597592854986226,-0.03520724237863556,-0.006822204611409457,0.00683141653505812,-0.003270677120957122,0.03994123086698405,0.009096164972358108
440,-0.005170048563437555,-0.02107707896474315,-0.02134832629849437,-0.007176569352298825,-0.06347608783070154,-0.004288862374253192,0.005514832214715639,-0.0001559690945091293,0.03021344726257227,0.005259704797766978
441,-0.004053783531140142,-0.01951561535244633,-0.0219856140664582,-0.00948298003948048,-0.06648284009366623,0.0001374051468154959,0.002613420589334748,0.003374497492865733,0.03829516259230353,0.005192294638081555
442,0.0004198395278018713,-0.01849113045582133,-0.01095789527946424,0.006607298226426406,-0.0639654193816249,0.005694236706761351,0.00447798301478339,0.00345741924286444,0.03770251472472765,-0.0006031133427395554
443,0.00126678255334688,-0.02714854453519177,-0.02232939934584698,-0.009339864703923397,-0.06882558401642722,0.003725752381290994,0.002010116510291072,-0.00483683801979454,0.03358302353976739,0.009444826560934549
444,0.003036910751866433,-0.02748885100447952,-0.02406701165781491,-0.008705582362888141,-0.0678119017621315,0.007341503195615162,0.0009166423875791426,-0.005506697170037453,0.02844682149106841,0.004321946317403959
445,-0.009118427771522438,-0.02500771955371646,-0.0261167776679551,-0.01343783909698301,-0.07794132972310228,0.008659649917678598,0.001420722687469008,-0.008103445051279627,0.01668476587180512,0.004161710846976878
446,-0.01314704985719769,-0.03971834108473782,-0.03021888555735703,-0.01459047176976567,-0.09093465696134409,-0.006175286430222578,-7.012779738846864e-05,-0.009841481805486794,-0.002588097672222355,0.0019695532194376
447,-0.01517490468960551,-0.0309687998360406,-0.02503680262929298,-0.01199446979506502,-0.1041089855135527,-0.002604046702371808,0.007073637644076919,-0.006909209125978349,-0.03615416938882338,0.008368013486795299
448,-0.0216229413152344,-0.03504075410980421,-0.03000107592509921,-0.01417124027600054,-0.1085180794400335,-0.003084530477231756,0.004851265426952348,-0.008743108283136397,-0.05130955492437413,0.003838329520363502
449,-0.02708919567293814,-0.0378303526970523,-0.02791595482100359,-0.01488589768880112,-0.109403797146716,-0.004273594050258298,-0.001792081570427072,-0.009017788447540177,-0.05658841127259901,0.001725782871239757
450,-0.0273928487521735,-0.03750369284976336,-0.02746016021488002,-0.01475225406788637,-0.08360644856794563,-0.003984583385274057,-0.001901060956710051,-0.003925016846353285,-0.04473631885202721,0.003110956675668373
451,0.01296696790331009,0.001701243422917878,0.004857902599465298,0.00988722641430471,-0.02678149850476369,-0.006545073118916833,0.003923309985423851,0.02932301764919414,0.05462844224144453,0.02032492254089136
452,0.01019023778379662,-0.001708136394965658,0.003340305912166425,0.008425809044095258,-0.05130357824739815,-0.007581471301281284,0.003143167239265257,0.02610405430715521,0.05542619117725742,0.0046160751537984
453,0.009366199478243405,-0.008987519673752636,-0.0003099187540167867,0.01322100037390744,-0.03394253541925549,-0.005433860318798314,0.002013421413003867,0.01697832475665921,0.04750169749843374,0.00624207233222884
454,0.01050546495932378,-0.02115470459747161,-0.000158659327982535,0.00364685322982591,-0.05468313668725032,-0.002403655948854145,0.001114383376493238,0.01591085830506397,0.05024386931831803,0.01931203783132355
455,0.01091943651623522,-0.01509406539046214,0.0005022290700515309,0.004082523831301464,-0.0536051959666746,0.01077646653715249,0.004025973228451729,0.01506380887480504,0.05039751983894213,0.02000507627343648
456,0.0087083569113003,-0.008335779327019104,0.001171653101651904,0.01789088304710555,-0.05498069707429103,0.01234487707642983,-0.001746287332187864,-0.001375207084852621,0.04578560816394332,0.01917340068561537
457,-0.002167384394967772,-0.01223313006293147,0.0005648037148030499,0.01810299315791269,-0.05744487819107094,0.01039746262017037,0.002293707240766469,0.001846893646473771,0.04294803945570719,0.01588568530599423
458,-0.01277753612139313,-0.01248600220829712,-3.934415646449367e-05,0.01899682711761248,-0.0610477294593349,0.005536692716578738,0.002838322749861252,0.003836411805821874,0.03360246812250774,0.01242134445221489
459,-0.02083886733481987,-0.01822125310903348,-0.003587774028958435,0.01292884353097385,-0.06200185712250767,0.00377103481823095,0.002220487410312776,0.003093150321981462,0.02949333932312877,0.009633602443187629
460,-0.02406058758618193,-0.02186462921869813,-0.005215282056228199,0.0125174046919856,-0.06566110464177996,0.00194583704437901,0.0008910303916973179,0.001899310073271311,0.0279181827436829,0.00794128555827545
461,-0.02166642775003896,-0.01074833256121273,-0.003935030489617763,-0.001130944030611774,-0.07356631295173355,0.00207979737408993,0.0001569454067029254,-0.007296500321511345,0.02988238004777719,-0.002645137481155806
462,-0.02065852373018214,-0.008132045553834445,5.63744654014175e-06,-0.000748197744492653,-0.07637124866861501,0.002433058656247979,0.001846926769374673,-0.009115857684159703,0.02322658442582275,-0.002710888324215324
463,-0.01724040744507969,-0.02487781165598203,-0.002754646927517808,-0.000310844170578222,-0.08357859672134305,-0.0005978805260931257,-0.001044600411302067,-0.01135441342859902,0.006358174995700243,-0.0003888375439060183
464,-0.02654971430907443,-0.01354198413353078,-0.004041285922065438,-0.00611555770151357,-0.09373732088343374,-0.005639603639149322,-0.01071809484394791,-0.01357139583597983,-0.003159198803208121,-0.006178592195265321
465,-0.01929913709866273,-0.00355159446933742,-0.006895396404328083,-0.003399767872742462,-0.09414138518469164,-0.005922184458252067,-0.005327000914798737,-0.01393152473294673,-0.03501209799253002,-0.004650107594060574
466,-0.0190241217689559,-0.01142897716088091,-0.007680839915602653,-0.008956650194794236,-0.1001067120963483,-0.007355833523673565,-0.01249327858714832,-0.01557167511404977,-0.05370808517112829,-0.005715571165871592
467,-0.01303975538129234,-0.009606747270382065,0.0003640737790165933,-0.00718675202613678,-0.1001861142025319,-0.00575531888033266,-0.007191088509062673,-0.0143753521904994,-0.06149419685241909,-0.005005041007066091
468,-0.01153859759285989,-0.0038188373697417,0.0008242727682236184,-0.005227759576523773,-0.09074397138509119,-0.004385540169393911,-0.006850375892685801,-0.01288988922535418,-0.06119223887773943,-0.004253456259352592
469,0.004191302331578185,0.01622869368417821,0.006866926339085029,0.01836131784450701,-0.01149231742384714,-0.01460825462372714,-0.0005766313348053339,-0.00127049640205634,0.05552490463352717,0.003827715349549542
470,0.003452381465306686,0.0147139093628039,0.00441250402452298,0.01602355798879561,-0.01119486511795914,-0.02090623927879219,-0.0026773903036878,0.006679002214742923,0.0391417749337173,-0.0003294137402763881
471,0.003064794356011269,0.008751029852054849,0.004716409364928513,0.009747869480174866,-0.01559457045442134,-0.01663049735888691,-0.002359941581311219,0.004392153094355048,0.0396679842747308,-0.0002187759918429537
472,0.001295582052947356,0.005233129387529749,0.004391920891768446,0.01000605576276272,-0.01538266705357678,-0.01264562619029981,-0.004253554929828235,0.004925352144661145,0.03742583658171622,-0.003983205168493362
473,0.005010637387227918,0.003132418597325029,0.00339231054202021,0.01473169988007412,0.007616194914767623,-0.01336328159707634,-0.006253790132250527,0.001867327453100212,0.03772343186333258,-0.006834262795047683
474,0.002504794329613234,0.00400024289935676,0.003020045530703537,0.002214903556525085,0.01115997879435266,-0.01639513338571659,-0.002236268447109985,-0.0007421201355486476,0.03059627041599345,-0.008083509541289365
475,0.0008867053242067194,0.003123009711084404,0.005674189278954812,0.00610082443305638,0.02816574475128406,-0.004658010012474796,-0.000107221733635572,0.0007019937318474977,0.02945580235336316,-0.00659844484199849
476,0.001697376690627929,0.008660809744630698,0.003629295869630109,0.007788724277695626,0.03419864098469683,-0.002445842286413149,-0.000568570403835959,-0.0003982609926354804,0.02243257960794268,-0.003898490547222036
477,-0.0009784523052082609,0.001987034948727698,-0.005000341534343884,0.007614333223615992,0.02050297447833356,0.005351519910032698,0.003277672801275595,-0.004731729923746931,0.006878697079850154,-0.008808329053754258
478,-0.005429998656155108,0.006326702181109237,0.005150813983224041,0.01513137976105314,-0.04146500098535068,0.00550657639410586,0.007380201634063738,-0.01094169909807368,-0.04280638139154734,-0.008803701762110578
479,-0.0008946946245284365,0.006164434370924907,-0.001853098876372575,0.00859715665126864,0.02649794535772351,0.006991576837619874,0.008546173372391292,-0.004598934054417044,-0.006609967410604763,-0.003953577084437422
480,-0.004791784886363338,0.004560348638633711,0.002863445505998102,0.003060733952814446,0.0271483038111535,0.004742412400720991,0.006269223727304873,0.005607258293733394,-0.02252937722135431,-0.005622549977671219
481,-0.005741610760858889,0.003065410481189908,-0.0009543076009931274,0.001493271029431973,0.01138786061540688,0.004393937689880658,0.002115336100384398,0.005427414291464203,-0.03979395836799632,-0.01048910396482237
482,-0.004601608825005307,0.005062501015261499,-0.001933745950687715,0.005059179821506291,0.006515397372148911,0.004962514847372755,0.003443622229471486,0.005367293973400719,-0.03696808014049627,-0.006241407984979809
483,-0.01064286011833859,0.002495820557609005,0.001167659732579388,-0.002877758792876087,0.006662970727700413,0.001555105106476208,0.001153790814378258,0.003236237278212077,-0.04759327557333447,-0.0107260839981585
484,-0.01123101692030518,-0.0001101581434300026,-0.007034402501665939,-0.005405234197277429,0.005252015459985505,0.001946522932400916,-0.0002796261107468833,0.003381987710871372,-0.05267943448094359,-0.01207190727683745
485,-0.008466361232879837,-0.0005712970466705439,-0.003844726647022306,-0.006150468724497227,0.001114589282962682,0.0003658651923456561,0.006940508792945479,0.004161380307713469,-0.05000917328389054,-0.01125244893304461
486,-0.005889951532870417,0.006480261023525676,-0.002824497018317172,-0.003829373890826417,0.00222099948101694,0.001081629262821556,0.007968676088333113,0.004753161232589452,-0.03885179802560092,-0.008812658016572765
487,-0.01470427469001439,0.01650278643221756,0.0006830717308496095,-0.00160973387084158,-0.05477019302235667,-0.008671142629170348,0.004433186419283794,-0.00432735488997989,0.04466600102733564,0.001561256406243393
488,-0.01110250835621627,0.0158086035310131,-0.000797053352240533,0.003378980440973554,-0.0567267029332635,-0.005308967196001982,0.004500970421994798,-0.001630004586586408,0.04043679041648492,0.004421802783842537
489,0.01097072020792155,0.01844842373136116,0.0002417567034912869,0.01228637027897258,-0.05057478856293738,0.01322927656090673,0.004116509402243788,0.002539361855292901,0.06025066633523844,0.008523374238271228
490,0.01009375459039814,0.01766020646143635,0.005354481856608096,0.01951085211512242,-0.05107915902594774,0.02434403625709729,0.004739437158880179,0.001196594906099317,0.06309333420855555,0.002203401665488447
491,0.006568661024180047,0.01472098956741802,0.01202744910653109,0.01190192273415688,-0.03603146208018109,0.02538973388891967,0.004892192953439256,0.005951187559048682,0.05002881087954976,0.00206501034841582
492,0.001229536050532425,0.008205274120302511,0.002363748539132745,0.01238365984048806,-0.006419868767920752,0.01757299713885183,0.001433343104437882,-0.0004455464841719939,0.03739289132012173,-0.000543052029048112
493,4.76702815145752e-05,0.005056886091752828,-0.002090195990653371,0.01183367276512961,0.008096858905173258,0.009886830846593142,-0.0008733271552603401,-0.004153259538407134,0.04064452167769477,-0.003581489341330391
494,-0.003678605047273268,0.006747694434800077,-0.00286141252177298,0.01143906812785652,0.02429655751262382,0.008313978499552213,0.002334131889699557,-0.005050355979916129,0.0343490301643553,-0.004356782662751672
495,-0.005634274721619061,0.006679001717348835,-0.001921355749409027,0.01176811495924864,0.02214012258423757,0.006457655743000875,0.002033374197025433,0.00401279867240819,0.02007693915858224,-0.003560626514915922
496,-0.0008607024858362686,0.005911782563587905,-0.0004316612753403044,0.01669943945459016,0.00484644046763262,0.006143618376780036,0.006715215973467906,0.004720831043564203,0.01608546404246688,-0.004970986231393956
497,0.0008336092049256478,0.003581593126364188,0.001189294247485426,0.01295759288741792,0.01155961059230501,0.003627665662380299,0.00444245038462522,0.005385740626491681,0.0003617278790391367,-0.006947824292040159
498,-0.0006427786535844738,0.005078482746088435,-0.006170122262449766,0.008264964908203831,0.01479811339055059,0.001769746854164415,-0.004358581934674141,0.0111678035449032,-0.01122580531775563,-0.01067367204407065
499,-0.004293266402944983,0.00502796483828191,-0.006845489584300016,0.005521772416651576,0.01017030934204667,0.00266807800894998,-0.00786191856567731,0.01133731884442508,-0.02535034880335447,-0.0162030522087998
500,-0.004230303518800094,0.005217440044387815,-0.006187123765757993,0.005108256325041605,0.001401320874335483,0.002249817462510299,-0.005301565039998413,0.01183541602563043,-0.04069522014172613,-0.01657195994573243
501,-0.004249830554881014,0.009074285438934421,-0.003088975706226214,0.0007794043338712159,0.005794654477523517,0.002087132188468395,-0.007561689381463377,0.01176109494822929,-0.03635539074310403,-0.01605434113616636
502,-0.007021534488786515,0.005965306719060108,-0.001503113609256133,-0.002531754190586521,0.002398251439649198,0.0009224204500541263,-0.00854122390700276,0.01154794424885016,-0.04433897402613648,-0.01785011514093895
503,-0.007247068524749277,0.006789463017316933,-0.001194080318503321,0.001315026410902725,0.0003635383343341412,0.001235817692299077,-0.006648723301071014,0.01069083981485011,-0.04565816829926943,-0.01720854200225864
504,-0.005663342740738466,0.008256603152836384,-0.0005038403977867663,0.001290519919181944,0.001014422781436649,0.001258829634696641,-0.006143102561688739,0.01083785740476504,-0.03639329936395745,-0.01625074414780302
505,-0.0198611309292042,0.01128637814288461,0.004560418235061837,0.0001469220234501693,-0.05325530966476602,-0.01303294758897177,0.002511059128154818,-0.001794574176000092,0.05222465958410855,0.002039326822829078
506,-0.02226393294829753,0.004573901981288467,-0.007699010199095253,-0.0006789755757413303,-0.05485286752176005,-0.01770063587911824,0.00121397863179776,-0.004990249810197082,0.04681518894390152,0.001599947327977529
507,-0.02316655968611377,0.00158322327542213,-0.00203979630143141,-0.0005365664017138016,-0.05770649474373082,-0.0163383290317422,0.0002360833340928694,-0.004178506278127558,0.04095588175332814,-9.577060810463112e-05
508,-0.01489790207371171,0.003573979990413327,-0.0009985421224548649,-0.002386648357918571,-0.05565100742176221,-0.01308784713779123,0.005572724357243416,-0.002422200822743855,0.03684254907831932,0.0003593375368718744
509,-0.02016417507732296,0.002445671490184104,0.0001116152064514196,0.0001104245012543195,-0.05714822096556091,-0.008740128379036056,0.007885568606379349,0.002559265993068882,0.02848361444248833,-0.002856533673293415
510,-0.02138060305944599,-0.001376146921792796,-0.001578563350577988,-0.005326436865825207,-0.05888290731628373,-0.0147162841208459,0.003622387244779013,-0.0001093641544970774,0.02593805355603055,-0.003876078076930668
511,-0.01182458883074543,-0.001743977480578672,-0.001030135956366679,-0.007899157561516112,-0.05441468027343328,-0.00944873950050054,-0.001707564757015724,-0.001423245875674271,0.0182068983234252,-0.005093718146208006
512,-0.01500029512413751,0.0005707263359254286,-0.0005708791792619828,-0.004606482191317355,-0.06260317598543981,-0.006391527245549975,0.0002630040746722823,-0.001782670100807706,0.02210829432262246,-0.005412752990548836
513,-0.01005939332760822,0.002755694185883994,0.0002139071855335928,-0.002785875257869229,-0.06340090704780892,-0.0007385184281529899,-0.0005155055542954888,-0.002123012953055601,0.02395897843597198,-5.060861904012748e-05
514,-0.00890390279183497,0.00159027527821361,-0.002876566875180195,-0.004002873096929102,-0.06200092152166592,0.004293570855439979,-0.000465496437012443,-0.003788362064831959,0.01667723764426238,-0.005186587067778536
515,-0.006086229814498968,0.001291370602743332,-0.004497309710780119,-0.007887307321511619,-0.05714965757849681,-0.0004003549076192888,-0.0002476862948957804,-0.005099950652066204,0.009654892066564169,-0.008757727790429198
516,-0.005874195841365817,-0.0003615720733109441,-0.005508077056064559,0.002636917868806165,-0.04620567170216885,-0.004388543951647954,-0.002968191707735743,0.001838986221998465,0.0006294966091791015,-0.01078430677060146
517,-0.003608940904818722,0.000600422661850697,0.002953555143003475,0.004724502803880719,-0.03977868784709204,-0.00353781580279999,0.0001866188680269669,0.007726223480220196,-0.01303286978134254,-0.01054544057207216
518,-0.004178254793403367,0.002206221366136851,-0.001849897808184953,-0.00211096328561786,-0.05034967817466043,-0.008532500922462882,0.003370631019336514,0.008626708497358585,-0.03920591886824706,-0.01256491713525353
519,-0.003251040656013433,0.005073877531851688,-0.003974257880031425,-0.002332318609794799,-0.04672624158099045,-0.004941698116050544,0.00186889232343936,0.005532762416628101,-0.04871250761004936,-0.009939719739794869
520,-0.0006112646319891147,0.004588284244455607,-0.00299488005913177,0.006098533115470348,-0.04473055626125143,-0.004243109898597508,0.006602057266187659,0.006342080382723678,-0.04808179441335168,-0.01041060334156677
521,1.771691990923568e-05,0.004571523155997574,0.0001155278381530752,0.01032803372123043,-0.04138931070506609,-0.003725078350680061,0.006125276745526728,0.006727270461880826,-0.04701535297112371,-0.01077943997635777
522,7.704243434105643e-06,0.00551801851360788,0.0008601399992184882,0.01071548927821218,-0.03902651788854555,-0.003422411486973392,0.005876630826653077,0.00691940976395144,-0.04591164239623873,-0.01080335820237816
523,-0.01103695442782001,-0.02413418874799383,-0.00505612151497897,-0.006236399274102885,-0.05808020041227809,-0.004293158398816659,0.005022849463324893,0.01701073702707251,0.04742037946016017,-0.004091294682965542
524,-0.01012046726685582,-0.02578802376614221,-0.002191558403560247,-0.008082785279600196,-0.05870420749356847,-0.004726876480222807,0.004463995228322934,0.009479413944727384,0.04848140509797563,-0.002379176946410696
525,-0.01499462145004118,-0.02624637123768583,-0.002790180478686663,-0.008314850883748219,-0.06017993624364884,-0.01026417141086395,0.003801918106487678,0.01297611367159237,0.04505864220861204,-0.001554821010694661
526,-0.01702830866881515,-0.0283989386364876,-0.01759244684634297,-0.005276330538828714,-0.06263387394173148,-0.006072453158927132,0.002356823180835066,0.0145653946712772,0.0453925842419427,-0.002207754722857803
527,-0.0189306244178912,-0.0327665318865081,-0.01847649581337837,-0.006870363911339635,-0.06518704421192252,-0.00803354163631638,-0.001484791916419423,0.0006120368236817184,0.03947982981969651,-0.003551014547780447
528,-0.02214348470093811,-0.03305215670701745,-0.01796115806399221,-0.0007738881970210555,-0.06552961474814022,-0.002194707062620906,-0.00739347286911062,-0.003502626043139463,0.0351918167590567,-0.001757131449975596
529,-0.01839667868567826,-0.02809475146602984,-0.01439984779716137,-0.0001871672624686605,-0.06564378678661824,-0.002379454638971177,0.004550140805155125,-0.0008411244124776861,0.03559292249720505,-0.002094498542827157
530,-0.01794098960249664,-0.03139167756574768,-0.01567199510133113,-0.004148519204112328,-0.07084557576709373,0.005203988530043725,-0.005273582743047149,0.002378008078252268,0.03022542832543742,-0.002870830782228948
531,-0.0007157654377136003,-0.03673972300059408,-0.01341151434342896,-0.002031664548804634,-0.06698225456963736,0.007324870931764336,-0.001580769416536439,0.006961600766200068,0.03649772665311848,0.0004761407933573771
532,-0.007776705201284874,-0.03741764457518233,-0.01248463045471991,-0.00182852447652226,-0.06856417003632714,0.00241073574144955,-0.005976627229000707,0.004779393597676969,0.03349893027136551,-0.0008279325818965894
533,-0.006867247021000179,-0.04087279149597321,-0.01794887863825407,-0.00499100000992332,-0.07709768016297149,0.001368690241649896,-0.006378587266410073,-0.008596966654062234,0.01779314716550398,-0.002786488147540439
534,-0.007979002990405744,-0.0426689538341261,-0.02028961801498054,-0.004949700426082507,-0.08265835646697073,-0.003051098578225298,-0.006705113113711159,-0.00964852381106434,0.00551327454431116,-0.0009079938497038795
535,-0.006153265691477746,-0.04118685637019986,-0.02000892578432786,-0.003919213912894157,-0.09437729648494722,-0.003912097545768304,-0.005278272769335571,-0.01039308194182233,-0.01974388970157288,-0.001320595537745357
536,-0.007410057113845191,-0.03501615982748535,-0.02018212790106148,-0.004773991573559259,-0.07892205096225882,-0.006582435478746857,-0.005567950016325308,-0.01157338543798784,-0.03128242301715699,-0.006466683517166835
537,-0.007776072156239391,-0.03322259813613825,-0.02033110303787255,-0.004562671150202594,-0.07702497424165267,-0.00254145946794204,-0.006468223803390545,-0.01197577913616998,-0.04789844637480815,-0.007484657862567621
538,-0.007563561369757817,-0.03176357052848399,-0.02264009094369148,-0.005117131150726262,-0.09616655254928382,-0.0005817330975963636,-0.004167913600973656,-0.01178618856045905,-0.05902728993241321,-0.009641895946033093
539,-0.0068103495319687,-0.03357675825321961,-0.02119650390830455,-0.00378957928074918,-0.0938738591885489,-0.0004001219875767593,-0.007886241565121202,-0.01200704210039183,-0.06074873132818293,-0.006346453894956306
540,-0.0066772164289863,-0.03324318796732722,-0.02055355924291632,-0.00374596757988318,-0.09059456022084453,-0.0002242300885253858,-0.007936534003115288,-0.01191406409712912,-0.06013456139508604,-0.006133234227535431
541,-0.01195727160748735,0.00925477818181466,-0.0007581321527356567,-0.001279802750898174,-0.05599398319682276,-0.06494396321765154,-0.003544163697599625,-0.00101405499751559,0.03764820274353127,-0.001518716118686892
542,-0.00929807238126517,0.00311116071476134,0.0002361408542238777,-0.0006575472216022174,-0.06162186379752513,-0.06414380841975431,-0.00436434564768928,-0.01449545210954133,0.02632688689313065,-0.001763850506789529
543,-0.01524181321607077,-0.003891249155415342,-0.008086440234662389,0.004778370288875629,-0.06396508915974548,-0.04087615655739021,-0.00743530229098339,-0.0134050874860746,0.02944503831709781,-0.004939088510317774
544,-0.01328647394558246,-0.003461795631079022,-0.00847511083611501,-0.002083406043331655,-0.06768273456573098,-0.03026460924399355,-0.007338574524594033,-0.01795690851325516,0.02252902247086017,-0.005335148001608756
545,-0.009368099721058934,-0.003590134707060489,-0.01119364685710052,0.006261899176099714,-0.05171249268529225,-0.02308780821795279,0.0003098379784199007,-0.01312959553530112,0.03229259000954673,-0.001523101549826249
546,-0.01183444235641501,-0.005408187192416154,-0.01137106845463838,-0.009346531367755276,-0.06447627219626977,-0.02786140309474142,-0.005100107453105305,-0.01907297781472545,0.01741478605042852,-0.00480025345091095
547,0.0008733876491742946,0.002417248647258262,-0.0008832350272225378,0.01805823357897363,-0.04844664570506495,-0.00942699157917444,0.002854957709276732,-0.001783192593220219,0.02835053362561751,-0.003263934356851779
548,0.001154572735974997,0.00412439509213154,-0.001832179202275377,0.01811595346537782,-0.04810625034171585,-0.004939269291675262,0.001142991184800855,-0.0007833722519749191,0.02722590743789789,-0.001396857256070943
549,-0.006945640496425278,-0.02842835607970396,-0.007033835661573553,-0.006059762615088797,-0.06515641377252018,-0.009827579935394001,-0.002645362916307505,-0.001050384802069296,0.01522857978652978,-0.01550471719613867
550,-0.00745989186847049,-0.03145198157595801,-0.003351809616055276,-0.008803356755906773,-0.07314439840880663,0.002063056713711349,-0.002104773134067668,0.003525430346726586,0.007993724651833069,-0.007780266210382937
551,-0.007747455215788515,-0.04348522426279494,-0.005557096564442571,-0.01097160262225242,-0.06170065804573469,0.00150972164277978,0.0002353858050359949,0.0003133791872818724,0.006775916806066259,-0.008274430711880266
552,-0.00356625997070574,-0.03024955635745242,-0.01644339604059877,-0.005008826434046701,-0.0671208344175387,0.003333428408568935,0.004792592817521178,-0.0007654267405455398,-0.005535250784814699,-0.007311773071540173
553,-0.001670802599567283,-0.02755234505629706,-0.02087543791917941,-0.004833031440217307,-0.06298129889647389,0.003338067788732428,0.01010365840040352,-0.01196465319535332,-0.01540784104491139,-0.008389535669684187
554,-0.004439290706301481,-0.02998511769055444,-0.02349798875310715,-0.002573913344682725,-0.06089833927917569,0.0004979996972831986,0.005973163920519808,-0.0112105464975333,-0.01783453410803634,-0.008352749413841669
555,-0.005785816387709386,-0.02108258716120705,-0.01790460467246331,-0.004792078047847351,-0.05594920473374142,0.002419519205708289,-0.0003174923888661338,-0.01326265307644593,-0.05129272626507386,-0.01272757524982305
556,-0.00512758812876512,-0.02023039173557692,-0.01888673770888072,-0.003659446872840665,-0.04833234671043758,-0.01057808580593056,0.002335296385259292,-0.01674682184626559,-0.05950028896974396,-0.01499211966344878
557,-0.007277578029209861,-0.02614273370089366,-0.01774076167741263,0.001158875346166511,-0.04345700324380748,0.001032176613494708,0.007521050526184667,-0.01610017919814884,-0.06543457001582688,-0.0116127865759539
558,-0.006905230709609299,-0.02322105240640999,-0.01709569192859117,0.006757005557119788,-0.03662422787786068,0.0007086960880760831,0.008335896217982055,-0.01633291814636047,-0.06368244145730256,-0.009479934122540489
