row_id,urb,gov,inno,edu,openpc,fin,dig,pri,inc,soc
1,0.01636551113530166,0.005081699130216007,0.01862975546195964,-0.01872683255244725,0.007805187666240475,-0.002125009063785113,-0.00718745967552473,0.02817897751512557,0.0303810488982312,0.0007583807138745594
2,0.01375340536051517,0.002692612348810343,0.01448429649812777,-0.02005047004724619,0.005633665130655528,-0.002468846907903806,-0.007636267182082792,0.02818254571089226,0.04386380778724158,0.0007580383584644883
3,0.01654319014343294,-0.0001733973692305992,0.01357975638201605,-0.01973623161296248,0.00789627150610451,0.003154461540717797,-0.01003631097842687,0.02798859880211389,0.06641600293008001,0.0004079584150901223
4,0.001977259613971358,-0.001697195216597049,0.01175611088090706,-0.01896092377697312,0.002413977639861785,-0.003726988086843048,-0.00932582827226145,0.02657518195802557,0.07286223608951978,-0.001096205296319675
5,0.003536796133367957,-0.001559570139182743,0.01112624048905126,-0.01234258397228441,0.002651481396770882,-0.003655834612573934,-0.01246781430690841,0.02589568527826848,0.1050943799604942,-0.003799595154203333
6,-0.002282839636012878,-0.002577030023600181,0.00962261320333074,0.0005180097890583978,3.710184746361566e-05,-0.003415254428961648,-0.01769382231739909,0.02426872011777365,0.1067632100045437,-0.00571272064622169
7,0.001139560907627757,-0.002606771229591367,0.01321138572461522,0.001001942438922951,0.001113580367502331,-0.003822728707286811,-0.003228331991814203,0.02568336153927646,0.1066381448827357,-0.005293060656570708
8,0.0001027553631481647,-0.003094374763759139,0.01167527170574815,-0.01328862900082536,0.003645842603240187,-0.002890165281498573,-0.00443748456405108,0.02556772515661937,0.1088053771465252,-0.00607324180326179
9,0.01510360463564812,-0.003846717442392861,0.009053624641215209,-0.0151094339031864,0.005817129531530673,0.003822422715640096,-0.005848762497735799,0.02737178016209,0.1152279527148342,-0.01017299729588624
10,0.004342089554196736,-0.007256968613867372,0.01511434349431059,-0.0155184988462426,0.0045528337405735,0.008672624503317294,0.0002685101062593859,0.02879465670551679,0.1333515986570762,0.002909566652303652
11,0.003655811669281478,-0.005241494777371542,0.01660138320247612,-0.01633722020883457,0.004487429956932822,0.01007532342387275,0.0004007197354424217,0.02887274958932783,0.1328226738927213,0.003189332269745391
12,0.003461848398979541,-0.005588574461029847,0.01650321995419575,-0.0162603254665575,0.005829087492135747,0.01188311881525557,0.01021198826801352,0.02946291764994736,0.1335634996237733,0.0008788292445441133
13,0.003269391550696971,-0.002934102576968564,0.01444306860669697,-0.01663348563436285,0.005351335560859318,0.009434762778772221,0.01006153156525598,0.02886774393449052,0.1329295622548473,0.001587552744468362
14,-0.01134192739911737,-0.0006003540761297316,0.01261016399040852,-0.01651947584986035,0.004555804525380267,0.01070213201545897,0.02657121839576078,0.03104608126080344,0.1331298065368295,0.00153841820431707
15,-0.01708397106903335,-0.0004353109405881008,0.01364228135913269,-0.01609023154036142,0.003867977662116773,0.01277539541797899,0.04953507134269678,0.03115211680050804,0.1464639942798779,0.001256031750942185
16,-0.01531305301665148,-0.0003350333330897619,0.008299309574588711,-0.01683855369592666,0.004506742132753365,0.01135372921994631,0.05098523953429138,0.03157695538183915,0.1442170278596105,0.001927560089416744
17,-0.01640696971283516,-0.0007650430669927027,0.01663291563218319,-0.01400791278304614,0.005624325038057684,0.01299075166418264,0.05488987775784498,0.03192689342084209,0.1486750269999204,0.001739901649376722
18,-0.01377056149097918,0.002651731881799825,0.01675027939459712,-0.01418580914183327,0.005456729793403762,0.01349712385519455,0.05460433444248221,0.03193872802373098,0.1500754265201613,0.002069098271801012
19,-0.05193692439432059,-0.004252945554965349,-0.004099112528797405,0.005565557375427592,-0.009694265698776404,-0.002677778894918018,0.003842422236632494,-0.05975725028902514,-0.1955104217862053,0.005323695782770206
20,-0.0496218012525626,-0.005569175142882369,-0.002825855981723385,0.007995594931927747,-0.009856968989078518,0.009142243598518117,0.004068365453538824,-0.05736442280605439,-0.1863901159456516,0.006582227913856556
21,-0.04506534755047141,-0.005568588723988138,-0.00250332481575556,0.008621905313576279,-0.009658881926533244,0.01077698193588029,0.003555207555011662,-0.04440625382441724,-0.1831070925091234,0.00647788386130148
22,-0.04395393728379662,-0.003586411572002295,-0.001106020453855471,0.009754781549885443,-0.008585307260531895,0.01172039298033363,-0.004036915070238975,-0.04281246085511177,-0.1733440189322258,0.005612758590421261
23,-0.06209543888816414,-0.01224161265030428,-0.005426834627796415,0.005611051815914105,-0.009477006779576216,0.004341046186266559,-0.005889036857872409,-0.04452628313338994,-0.1593805045279404,0.002132686495350737
24,-0.07236813770389439,-0.008138420885182237,-0.004700237961124742,0.004135789139954255,-0.01273636385412382,0.000114887229845119,-0.00802127298721829,-0.02492398695091728,-0.1024588517585644,-0.0004948034660391104
25,-0.04409020244648829,-0.007816683517602337,-0.003934063217950073,0.007121338597639908,-0.003914233839518567,0.001089590582347963,-0.004966996597227394,-0.02342562112980655,-0.08930687230440516,-0.0005979076852849128
26,-0.02414375441504202,-0.007250260074666493,-0.005156121095794915,0.002773861679500408,-0.005150135350863215,0.001540110337493911,-0.002135008999723618,-0.02080811554583775,-0.06666918912633499,-0.0007162605211646726
27,-0.03730133990301088,-0.00874973584169236,-0.004359029497895968,0.005858595201296713,-0.00962660882997831,0.001407988361315519,-0.005059223854233099,-0.01413600985223793,-0.04675756900122404,0.000676454889667147
28,-0.03076193341038814,-0.008377722994549256,-0.007093643483100051,0.01134847178744877,-0.01370050942948743,0.001865851582322881,-0.005543923347596411,-0.00270948586828241,-0.03805441715442207,0.0007059812354642068
29,-0.03271631863230341,-0.008370008448676212,-0.007969568699391638,0.007214415881860836,-0.008426253722768333,0.001733163630998638,-0.004850699705093898,0.01109427331792737,-0.02539518922987581,-0.0009396529040026915
30,-0.03823457225710719,-0.01099565291715494,-0.01032915400989035,0.006765664834143046,-0.00558162150972898,0.001170876992169946,-0.005708385798924557,0.01260591241957215,0.001707825252621927,-0.00127847705790785
31,-0.02952220030114189,-0.01058774712467198,-0.009883645707779425,0.006861039449216694,0.0001911643700855606,0.001862491674084822,-0.002636384505635069,0.01383803672544497,0.02577005712808306,-0.0005680531806031609
32,-0.0294931415783822,-0.01073004795148737,-0.01162013120372021,0.004078204104274002,-0.0004255048208306145,0.0006962289236985347,-0.004136824246448224,0.0132626904561295,0.03064377980935525,-0.001435150206612482
33,-0.02703480755779296,-0.006610998713194717,-0.01117059847595901,0.006119615445743965,0.0003162859622735074,0.0007821157630452098,-0.00486639088279267,0.01444971461606007,0.04187147291762666,0.0003488514249523788
34,-0.02694693470639723,-0.006285154219761975,-0.01104129973388487,0.006215361697905229,0.001565433011057731,0.001088391999215835,-0.004003958925642429,0.01434947756617916,0.06250714094560056,0.001113851180591963
35,-0.01459317408431439,-0.003970086812116145,-0.01036653595302354,0.006050665500963024,0.0003058749023466622,0.001568669781599366,-0.00797188996603853,0.01673198384815021,0.06650086243316072,0.0002489863139351158
36,-0.01510131775311517,-0.005081272674394064,-0.01153282144061595,0.005599172588745584,-0.0003882232441041138,0.001552644616572982,-0.008856534508361328,0.01648928054307577,0.07989028637976643,0.0004203258952747931
37,-0.04138474793096601,-0.01321618854214805,-0.006027808247095208,-0.01601865552770773,-0.01478060323020168,-0.03109829202899039,-0.01609927626808303,-0.0768159265681653,-0.2206100611894777,-0.002573425309022062
38,-0.02793547029016468,-0.01754989566121685,-0.007725789796822202,-0.02117279740041393,-0.0143276571478951,-0.02720310719396471,-0.02023579248645425,-0.06525710196686926,-0.1794564328399381,-0.004610800077443338
39,-0.01786984141954003,-0.01748753655889738,-0.007055612818416818,-0.02455779141280023,-0.01552117808654894,-0.009952291121400326,-0.01894363936854265,-0.06289863439668428,-0.1398903903287173,-0.001946079823563422
40,-0.002280878594629531,-0.01390412136283689,-0.006952694533359676,-0.02547141761784427,-0.01645384265484823,-0.008671996232676095,-0.01388378796475121,-0.03540398047413505,-0.09410410235777475,-0.004865931298144476
41,-0.005787193408882244,-0.01281874319987591,-0.008504971022559274,-0.0373061738242251,-0.01433491645942103,-0.005926377212834863,-0.01499270044967121,-0.03909375835649989,-0.07015672768089007,-0.004449647866857854
42,0.002676533535922917,-0.01036557135051646,-0.005522294122131021,-0.03192886648131266,-0.01572639717208246,-0.004032497210545767,-0.005308499371622328,-0.02902119575643682,-0.05120969499400781,-0.003330150080635801
43,0.006415216309013964,-0.0097962181029434,-0.004523886944071118,-0.02848557614395753,-0.01003771959066211,-0.001394112625685433,0.005526778365124632,-0.02633735910705313,-0.02982874243285348,5.269467874452806e-05
44,0.007663544563072911,-0.009052633495059175,-0.005811350302714758,-0.02312241721830329,-0.006955763595428086,0.0005326823715817852,-0.0006195487999981717,-0.0149528328077453,0.01080710417195061,-0.0006611184897788171
45,0.009283320501363691,-0.008573558504483957,-0.007842027720243585,-0.02427757260485326,-0.005456282677202108,0.001820248205034833,-0.001953866374668507,-0.0107899888987736,0.0287816625275517,-0.0003878653473590054
46,0.01241864750468942,-0.006593993520068273,-0.006072191304971612,-0.02369402509531493,-0.004391381812803575,0.002685493036363859,-0.002429983558694792,0.01286160147684689,0.03430729380624773,-7.603470523506002e-05
47,0.01144617587911234,-0.007366074635220526,-0.007276800302708995,-0.02027167735469723,-0.004912194662948401,0.002074583649348529,-0.002475820136901708,0.01891464348283225,0.05550174414086814,0.002766673032154914
48,0.009699227230533106,-0.008544488247901895,-0.01160264659381372,-0.02091540645816427,-0.005061256765008453,0.001958014850856956,-0.002301637280680356,0.02037725707768802,0.07314395472325541,-0.0004415552310983392
49,0.009206741784864489,-0.007455193912735135,-0.01155358623136046,-0.0201375453442796,-0.004781880552695152,0.001703541057866683,-0.005610967539702994,0.02114652936047245,0.09002016198488655,-0.0004981557061661662
50,0.009645465204583854,-0.008218351370877987,-0.01237930536692745,-0.01940720691047342,-0.004535830941957422,0.001095675671386774,-0.005829902528097656,0.02096371146669721,0.09925204109089535,0.003362210938258374
51,0.01004792215318365,-0.008855737414472426,-0.01262986455706763,-0.02215112601938505,-0.0008015435876190171,-9.871429114494617e-05,-0.007937280341918,0.02081051788835649,0.1174920942689015,0.004525988077141272
52,0.01207677085279762,-0.009745350864082522,-0.009967505932905994,-0.0226488176397099,0.00257934962719233,-6.52974523482661e-05,-0.008281800351470248,0.02225456023327914,0.1266320442535332,0.004857489549142658
53,0.01236564777133291,-0.01034588985346801,-0.01054795884482422,-0.02168560321552917,0.006193297020611279,0.001288009635221696,-0.007874139558819146,0.02249820695962432,0.1255266654015597,0.005048956799980439
54,0.01243182619353591,-0.0095100580992414,-0.01042922779999322,-0.02158456026128049,0.007909828045449097,0.00154308708230474,-0.007902756785783623,0.02281099432209199,0.1268352713412903,0.00509525812721065
55,0.03232430203566369,0.008763797726342459,0.02129375553531682,0.01173545096048173,0.01421418445788797,0.01129402378554052,0.03455173034335921,0.02740469307136472,0.02765778681388188,0.002299630428438016
56,0.03304417208659784,0.00900001485204029,0.02172863878458059,0.009961250539874948,0.009907208943226501,0.01292491216731349,0.03225507758831335,0.02704874903346039,0.03260768304481244,0.002137182993284608
57,0.03678049896121724,0.006736826476450944,0.01853270964953369,0.01166702883504595,0.01796707008234526,0.02470428724705582,0.05816763056983637,0.04232297766299478,0.08996489644873884,0.002890104348578736
58,0.02852959959579963,0.003850557326777298,0.01822817386712965,0.007001212511015807,0.008273241131601662,0.02033592557731428,0.05268714731508239,0.03699152945966115,0.1008463812344332,-0.001855146845767361
59,0.02824399651622422,0.001678866131541154,0.0169448558167199,0.008470329011191293,0.007712160170837463,0.009692361144902873,0.0737290183073907,0.03641162896937105,0.1303343679044683,0.0007757012667109668
60,0.02703475037556477,0.0006868668729746836,0.01670944110276759,0.008136378992956158,0.007108817730315641,0.01006547467835804,0.07116073546306935,0.035272330583091,0.1380160562866385,0.002244250201904748
61,0.02874575745559058,0.0008903170419857008,0.01714668676895707,0.00916227321444086,0.008359331537871661,0.01725950975676803,0.07457135671510082,0.03668713737644005,0.1418495880777698,0.002099250556220019
62,0.0290930157826308,0.001361222311178219,0.01991067640363487,0.009166496693092469,0.008822760393478053,0.01952490331529192,0.07779480394270254,0.03735703437837991,0.1442913527922607,0.002733175884754815
63,0.02923740789191929,-0.004724658623078482,0.01695488173523825,0.006923790962853593,0.01563719203609389,0.01702858041948431,0.08763786892450885,0.03828833729828168,0.1522974985809115,0.002345594077528247
64,0.03003190233151635,-0.003801075325749368,0.01344146840628768,-0.005077187156691537,0.01622034023164688,0.01678171345612175,0.08830085888494031,0.03876656632818144,0.1547593330546465,0.002372977275086594
65,0.03220514477535631,-0.001157065599332004,0.02094644402837078,-0.003193576263458902,0.017464292071345,0.01829277130384611,0.09011866107956197,0.03874098878160343,0.1687059225915639,0.003796864872216879
66,0.03108849208701219,-0.001527668659279069,0.02006501837444166,-0.004795816099875216,0.009734283402438393,0.0180054219376343,0.084371823905819,0.03796982285435579,0.1659769186216461,0.002261155860362863
67,0.03025229738143293,-0.0002582572145279458,0.02165240782926919,0.008083980287363506,0.00936081407898984,0.01700062497139543,0.08289299458708851,0.03772522753878835,0.1635077992227185,0.003310290763166976
68,0.02784735030796143,0.000175446096880695,0.01916506958960015,0.006814335166692772,0.007937060950844167,0.01554864480404781,0.07684078850237085,0.03661837693750207,0.159552871813039,-0.00107311597044736
69,0.02778161527663948,0.003978988444133316,0.02248072629008414,0.008454858681384143,0.008234641204208177,0.0174140982561615,0.07950381733283395,0.03717567684195292,0.1593076425694363,0.0001837421363051358
70,0.02870105173105601,0.003111279689271552,0.02200870749347564,0.008558991227222049,0.006330896036926463,0.01706470176834111,0.08102468704073744,0.03707589653319607,0.1607240241621868,0.003327915575169478
71,0.02840402378950084,0.001801319222808885,0.02296460044030233,0.008347458042685964,0.00793958224425512,0.02209104800914374,0.0823155630820403,0.03784274284193678,0.1625745756077869,0.003321984725838105
72,0.02821022176508635,0.00993865537411089,0.02283190720167096,0.008978058859770821,0.008104063986112051,0.02202466472426736,0.08378094300622663,0.03781605974949934,0.1616867355039762,0.004522494633162765
73,-0.02517046757979056,-0.01060070345387464,-0.01039737458246407,0.003659567348005515,-0.01061126122773281,0.006430527395041206,-0.005396689977855024,-0.06589202280884411,-0.2212410944676666,0.0056609847720826
74,-0.01693709258178007,-0.0129337203937705,-0.004948599785347796,0.0035872948071807,-0.004253949431300566,0.002007229472386649,-0.006170419343845686,-0.0581382407428912,-0.1849108326291329,0.00571316609601787
75,-0.01072914927736943,-0.01775835940721027,-0.008555815678213018,-0.006036414508502211,-0.007950200558887177,0.001041394604542987,0.0107266663780643,-0.05193582165244809,-0.1674040709260478,0.006785285782994917
76,-0.004281278846414096,-0.01735161066863081,-0.005775940076690899,-0.02428869303918118,-0.004183914129065114,-0.004431021003431361,0.009090520358772895,-0.03033555414820959,-0.1310202995767528,-0.001139424754806958
77,-0.002205578254751358,-0.01347024066734401,-0.006682004602573014,-0.01761966163430069,0.002513445250171159,0.0007901269093423634,0.0004858318996141414,-0.03183514175384285,-0.08956513503125407,-0.001257547578162259
78,0.006515928786247585,-0.01356475561266572,-0.004925700455531536,0.01087063863246705,0.003967728285720929,0.001300985206778882,-0.0007959795602092746,-0.02371970442900011,-0.04623788996553583,-0.001142841660059634
79,0.003761258956445252,-0.01268799329530328,-0.008168645383134785,0.002095166970088585,0.003187800772671336,0.001725460118786861,0.004267295788518599,-0.02618005577330376,-0.03447409255829396,-0.001210319859527973
80,-0.001345114267247269,-0.01209737979239184,-0.008150316387416999,-0.02114796048402993,0.005584737287391143,0.001707535178390634,0.003588611074314443,-0.0115518227177923,-0.02506423850560789,-0.0004443477368236341
81,0.002472026362078988,-0.0111980453406873,-0.009542304263056708,-0.008380760877975187,0.001970382591872127,0.00144037418703079,-0.001594215071118653,-0.01282829039735414,-0.02537867771208855,-0.000893772941400847
82,0.003373739485444478,-0.009513618764054885,-0.009668650671909931,-0.01965581766253432,-0.0005459798123893211,0.001494220080042233,0.001765312434251545,0.003819136520893535,0.002015094252379392,-0.0003880863608031755
83,0.006652838509726262,-0.008610032358310662,-0.01061013982222146,-0.01639598515301703,6.243792273913481e-05,0.001343374897240535,-0.002196033019747211,0.01957751790701151,0.0195637233555954,0.001183205231406349
84,0.006507124605931114,-0.008367616604061243,-0.009646749046916299,-0.01611651521377206,-0.0008430818496830685,0.00139757481835256,-0.000858977272513839,0.02184859166757288,0.02665798543578958,0.002730499585165366
85,0.007910418238680376,-0.007962548571344763,-0.01192206191215258,-0.02369803643495455,-1.860086215771357e-05,0.0005711286983647046,-0.0003804010750930981,0.02524627060748966,0.02749282648258661,0.001346985896976841
86,0.008067112793044128,-0.007662265203003655,-0.01108547100204706,-0.02133878982400245,0.0006443650144210913,0.00066793907392065,-0.004286120146903969,0.02395302148507789,0.04171835882257027,-0.003916860889473345
87,0.01148581602458047,-0.008433923049602195,-0.006877917835805799,-0.01700502909749969,0.003022560773577835,0.0003144338195320643,-0.003895906051977125,0.02543840670754627,0.07065635907551308,-0.001927129671115039
88,0.01168059303876632,-0.006576839848824688,-0.007075690863780303,-0.01898735909430181,0.004296684094758576,0.002652362424096158,0.001532655467623965,0.02506888507390224,0.0698639410318266,0.0002334969907266331
89,0.01252434431363858,-0.00660878788972529,-0.009713727365573629,-0.01887033518593571,0.0042623366645555,0.002791690817027672,0.001096450396695013,0.02539999264011877,0.08640328274771578,-0.0001861125456448997
90,0.01261983263321523,-0.006612349787452023,-0.009998156011243726,-0.01849439558878622,0.005505733616671673,0.003019939616872191,0.0006737636083758216,0.02443348502859207,0.09884238266893307,0.0009286291645496027
91,-0.06225232258409736,0.01884001596299226,-0.003110979029791237,0.003668792849225943,-0.01196332642282682,-0.01212975206757495,-0.009421085305083753,-0.04537932471151723,-0.1973762388801149,0.003094606031577263
92,-0.04610281404344779,-0.008265323224815222,-0.005437704626052605,-0.008158642020836559,-0.01059744161480817,-0.004471819106997382,-0.007711939560763603,-0.04469996129109149,-0.1823886025715583,0.003194888384570424
93,-0.01815453385194622,-0.01246990628009543,-0.002365397112705042,-0.008846588018170749,-0.01241666259367187,-0.003955746500931945,-0.00668581077511614,-0.03970506533437604,-0.1708312787251679,-0.00146361528169764
94,-0.01933797376566413,-0.01192054481436105,-0.002689543065335905,-0.01638420336234142,-0.0148110930746918,-0.0007311675005179938,-0.005331095124602322,-0.02618605023102388,-0.1454239132995684,-0.003249564639898842
95,-0.01475171841537004,-0.002357886924560132,-0.005395118797302602,-0.005928480816495271,-0.005215816388844467,-0.002522103356343721,-0.009244277042773587,-0.02419335731885158,-0.1082660935253284,-0.0006547221649770008
96,-0.02444904356087573,-0.004153713760987663,-0.002497594834455497,0.006515602410852118,0.005526669255731777,-0.0008192687622379906,-0.009960304947219598,-0.02124546659326191,-0.07608644593925151,-0.000992346909481454
97,-0.01507935470507923,-0.007257324336853805,-0.005774934179464543,0.002771469823133587,0.002535207274166134,0.0004002958345269806,0.004096876188341229,-0.02083213268981996,-0.05997356743713463,-0.00113001313895762
98,-0.02917251123630991,-0.007516327012353935,-0.008355222328730571,-0.0002050913529190754,0.004076537986189871,0.0006801583719600298,0.003800972195819438,-0.01458808408459069,-0.04043795819485702,-0.001683901209805708
99,-0.01287661259374744,-0.009762081065793998,-0.0088231571399346,0.007192706146280181,-0.006772167129617495,0.001316788615491377,0.004131692707884905,-0.009486732259377451,-0.03010435548171424,0.0005759045397354088
100,-0.01358511195457185,-0.005422371510554046,-0.0088019626119373,0.005891335153207051,-0.007967486671032468,0.001345636118071739,-0.0003733901279690088,0.005959560887932602,-0.01815370268813351,0.0008522081740952806
101,-0.01539527696047069,-0.003879855333612204,-0.01080270443018401,0.004840129664450337,0.0007421133855054522,0.0008895624642592362,-0.003909212941027197,0.01437714657041517,0.01277285319906913,-0.0004709061360008696
102,-0.0008825908176658987,-0.003507096905984862,-0.008536753862566753,0.001408399184060374,0.005323701655994825,0.001440426996416153,-0.002642137479953622,0.02138878747244485,0.02603237389272115,0.0009252402988759791
103,0.0008256377138526623,-0.003999479735674986,-0.006389566052589874,0.0006666516623310104,0.006368308007492053,0.001074225831443618,-0.004402062699346534,0.02183918287286046,0.04109863894329185,0.001668156603888753
104,0.00136918810356584,-0.005011256030705567,-0.008538390970445548,-0.0003998050398470298,0.008823368038688996,0.001394571764666923,-0.003536006343919337,0.02313964809428431,0.06281203890189761,0.000581689290574579
105,0.003550936967544553,-0.001903427761216897,0.00319025772545332,0.0004959834267467728,0.009290386365494752,0.002549255523835367,-0.00291841762111801,0.02192875063043601,0.07156633513974657,-0.001251918212010304
106,0.005286188210113424,-0.003484692039955016,-0.002157634741723125,0.002252850615098135,0.009278435474271745,0.001298972084833064,-0.003540862913974646,0.02159442352841213,0.078646414392609,-0.00196010109797408
107,0.007893838480549024,-0.00175680661982551,-0.003531127145516527,0.001992606421791914,0.009954647947768357,0.001731553580605266,-0.005546628252409399,0.02133333222071481,0.1055552376768133,-0.0005247943858899739
108,0.007553188861464365,-0.003366488042178887,-0.003810595988976668,0.001745361978222268,0.009820606897608913,0.001482116375730897,-0.005768730784973392,0.02129503928074613,0.1195061342666518,-0.0001632513760442215
109,0.02213024285317194,0.01435558051372454,0.009302716871303237,0.00996798274192481,0.02047826097253475,0.001138908410988803,-0.002597455693365612,-0.00784530958864996,-0.06752402211121922,0.001770734519284676
110,0.02243523958450987,0.01308368107299595,0.01009969263956466,0.01094173408325255,0.01630915225673363,0.001702593385645157,-0.002701226975269602,-0.008581160934216247,-0.03729019699252837,0.001329857016724512
111,0.02415417066563882,0.003981119422943671,0.006262100746995387,0.008058443273565488,0.01932613172069112,0.003491529387706141,-0.00303911409573148,-0.0007587576652274143,-0.02623744445078472,0.001416411362757288
112,0.01937311226087531,0.001817429094460734,0.009450277468254598,0.00678453437378029,0.01530490750575386,-0.002856089843310044,-0.01247692134998216,0.00337662826710709,0.01024667779016987,0.00133867984052498
113,0.0253020598005064,-0.001299412628651677,0.01173199702614684,0.00866592240197655,0.009452302971182526,-0.0002998118712059885,-0.00502244992725185,0.01734790104105894,0.03709734843564806,0.001393451881289103
114,0.02656937396872358,-0.002195134023869709,0.01147508450163027,0.009266888995188294,0.01005410968590627,0.002895686342248187,-0.006830603077771754,0.01980378561188535,0.04372711895242726,-0.0003657013706141965
115,0.02766403378742004,-0.003928969849802765,0.007703807128599799,0.008852162480341978,0.01010343782798827,0.005915724451602095,-0.006935308474209896,0.02025174705505119,0.0691619732809701,-0.0009381858723513475
116,0.02268411898208041,-0.004689366403752708,0.008335182486235897,0.008694618838510686,0.009768480991384294,0.004121441622222368,-0.006243308333404769,0.02348413744866477,0.07821338052690754,-0.004801199146439567
117,0.0202919049595497,-0.005436601227798982,0.01088424705553726,0.006035932280039898,0.006657222027317304,-0.0005948513861691138,-0.01035137375900626,0.02455501711891804,0.08836749151450872,-0.003304055064786391
118,0.01912327246994767,-0.0057622546448697,0.009650469525664675,-0.01354731060469159,0.007681987038820774,0.001824447537083683,-0.01245345389168759,0.03040495520764189,0.1069080376000806,-0.004410788937370837
119,0.02034782602086194,-0.009449317040469892,0.01154094907402595,-0.0186127291626265,0.006125086475197493,0.004662304377378289,-0.0007857129902334495,0.03184089801448302,0.1157724425516646,0.0033894258266133
120,0.01640112263778725,-0.009245038917436794,0.0102764446035257,-0.0131661362860394,0.0047199422581707,-0.0002596380199475942,-0.01149801478883919,0.02735542439844515,0.1102189345028541,-0.0009634828115532186
121,0.01498471137455652,-0.01157681905248028,0.005365420956196877,-0.02162316235164478,0.005462643100137469,-0.0006043545975279285,-0.01227810205819125,0.02301088243049462,0.1129606511937704,-0.001453755438564505
122,0.01704671514908651,-0.006577576378207148,0.009729406784356121,-0.01558359797773098,0.00481623625783447,0.0002520132799649288,-0.009169623692590462,0.02393748696084429,0.1139927403752436,0.0006854116695488699
123,0.01881333634483962,-0.003266767233010242,0.01047435306446763,0.003631985664432707,0.005737058852075247,-0.0004137563406418123,-0.007598961043433529,0.02485426827630434,0.1164036042069356,-0.001091423138461265
124,0.01844742702260078,0.002376952158561328,0.002354800525885991,0.009209263770144279,0.005536543515841459,-0.002638274021433014,-0.005156181688344975,0.02475214866753776,0.1221362111062583,-0.001541677451552126
125,0.02004294754683093,-0.003460123952927614,0.004356965994905217,0.00223154604042065,0.00715751564425132,0.0003313921709071302,-0.002744260924889622,0.02502321535814865,0.1223099533233781,-0.001275716964055513
126,0.02121761596803684,-0.00353339002840177,0.002636307135757189,0.001668195230229708,0.005749015526707388,0.0003674146089961116,-0.003176863868391716,0.02512372011412166,0.1328811436843511,-0.002662635517388541
127,-0.0326282843273164,-0.02459225178424709,-0.01003695227313185,-0.01061543034871443,-0.01788482499426074,-0.001479178744987644,-0.02202627430594203,-0.0561825335315061,-0.2609183163921694,-0.02767703091325985
128,-0.03532493359119108,-0.02135587845278741,-0.01966329633994798,-0.002335826239769283,-0.0195597714925188,-0.000976439255129362,-0.01765116013400342,-0.03061646199045226,-0.2260488257237177,-0.01723794117442608
129,-0.01626223630307942,-0.0125720093692864,-0.003251483747590099,-0.004004813253787197,-0.01839908030688782,0.0005883936405374414,-0.007188692232058176,-0.02743519354013202,-0.1720283575845409,-0.008238553898817723
130,-0.01180851868149655,-0.01141909216202614,-0.004254689581718528,-0.004729775393447308,-0.01757328875593588,0.0009681265963070295,-0.004125017665640057,-0.01741729914281722,-0.153261695953102,0.0008201472956336185
131,-0.01273227343401993,-0.01022922205626213,-0.005035532689176577,-0.01735403405983693,-0.02162890890315863,-0.001049772975509773,-0.006516074242696545,-0.01999660289077788,-0.0973605493081302,-0.006244821491987721
132,-0.0004797171137061245,0.0009399997500825269,-0.003830024369443614,-0.02627566863082139,-0.0194392972563323,0.002900225421643267,0.002878721634766333,-0.01637370277093011,-0.06906893287462858,-0.003802288998412656
133,0.004987519302573301,-0.001890457334153286,-0.006957870977591847,-0.03222361058299035,-0.01568078526895406,0.004223492205977774,-0.004539980747023602,-0.01202906129089267,-0.05440230289346188,-0.002389577700353534
134,0.004498847876760904,-0.002918215315899321,-0.008082754784864437,-0.03044640211393026,0.006580065052880358,-0.0002976320208448186,-0.007692262611166515,-0.001092600655456885,-0.03826238883608302,-0.001781348683559558
135,0.001199978963020619,-0.00252684866196916,-0.007155126691781857,-0.02452996333916844,-0.01096918372262866,-0.002328686164240206,-0.00925384707872113,0.02085841741281916,-0.03014903489830417,-0.001829628182396589
136,0.005067016488873605,-0.002260650158265659,-0.009984875305977792,-0.02487492090506414,-0.00987643790636931,-0.0007294248245299129,-0.004540846216161881,0.02238785471395662,-0.0025893631462312,-0.001990990907806616
137,0.007544284592003558,-0.002141772495933875,-0.004892513238088674,-0.02269585963236311,-0.001076828526068117,-0.001240791382661912,-0.005209314454056294,0.02378276459861348,0.00993486549281437,-0.0003671310340861535
138,0.009106970770466495,-0.002538565226971892,0.008291982935057413,-0.02188011643044516,-0.005483182600408018,0.000683205723189655,-0.004949234121989369,0.02592815648743728,0.03515138643833319,-0.001913012465415087
139,0.01151187268549149,-0.00299951655259839,0.006961278920606705,-0.02032749542029846,-0.005655717838515847,0.0002161935576078732,-0.005175264707890226,0.03129951562478623,0.04061861194702073,-0.001213651944251401
140,0.01281010660908514,-0.003506853027604044,-0.0006763781781197318,-0.01148558335057912,-0.009092073290061481,0.0005918322436459019,-0.006328912110278953,0.03095894782125613,0.05375082126599397,-7.08295795028498e-05
141,0.01238660392087808,-0.006936423252716246,0.001232349328734876,-0.009465778787858274,-0.006382263539840959,0.0004875397557046962,-0.003944056638461352,0.03374596147586505,0.07437223979108289,0.003309324994987808
142,0.01245073596627073,-0.006927818426337325,-0.007641831232690898,-0.01001051621394619,-0.00493251661113118,0.00239175655627355,-0.003774395449668388,0.03432872479668617,0.0966792251879061,0.004691365702284945
143,0.01249368407110408,-0.00685141419354926,-0.0089377751764746,-0.01574021325182185,-0.007211396585970324,0.0002755817091540544,-0.009189745145217523,0.03263638569727825,0.1141317618063793,0.004607614330245535
144,0.01260252983942079,-0.007583937403143997,-0.00866509728108217,-0.01714854939350374,-0.007222913864562535,-2.916872262873744e-05,-0.01085387043557758,0.03241697737920785,0.1215990799498825,0.004825203110474156
145,-0.02324358402096979,0.01961351186909569,-0.01103819271045617,0.003947343425082408,-0.009712451602289195,-0.0155891614422515,-0.007045805392985074,-0.05662231111881419,-0.1902507441438637,0.00792698818548222
146,-0.006558355515140227,0.01200460167296378,-0.01247923404154287,0.00621354124420293,-0.01124584276635018,-0.0003739720648256982,-0.006692895927237938,-0.04727038521282115,-0.1689804008722768,0.005157103840512391
147,-0.0001868685369241568,0.002276513348337276,-0.006801622038159417,0.003500177007412505,-0.01148573402176273,0.001187074607865426,-0.006029110897389986,-0.04066288411302221,-0.1532478863177266,0.003525950561223886
148,-0.005601517098700356,0.006160181775276052,0.002081666842509221,0.0008605691513204448,-0.0129345578700108,-0.005325162957350504,-0.004905688502721583,-0.03980656505916953,-0.1199925157219706,0.0007510132973304109
149,-0.01061065243628506,0.001528838699375605,0.002905476595519585,0.007251994715464107,-0.007534220748962929,-2.582989384527037e-05,-0.009193696041354402,-0.02583165208398226,-0.07764737803758391,0.000938519643095831
150,-0.009790287772478807,-0.0007995287301587553,0.003478826531077744,0.007506515448687566,-0.004535912227953386,0.002293615295682648,-0.005553836472219348,-0.0265631666475971,-0.05643842695338828,0.002126579677522882
151,-0.01349730272229169,0.001731577869167295,0.006460781792476429,0.006860259126994398,0.007274694482655523,-0.0003673423969267558,-0.004864373661421943,-0.01861661128419905,-0.03199922042118571,0.0003296546350827383
152,-0.007397350758135627,0.002496944930832671,0.006291327364691722,0.007889601236758722,0.008265895375845468,0.002744303433436684,-0.001054648243808775,-0.00796827338417417,-0.02629132275540002,9.644359762576234e-06
153,-0.002175404745555289,-0.0005033424772883314,0.007387869576124103,0.008528567487932256,0.006085138146263417,0.002071619877002349,-0.002407847198597193,-0.002877403487752116,-0.01000241372695813,-0.0003122828495522117
154,-0.00404256750298396,-0.0005584526580274748,0.0152592818562471,0.006130091142481146,0.001673042897300686,0.001906904710326945,-0.006867555532292807,0.01783690961472057,0.01294074066168178,0.0003645755924953184
155,0.001283402679332258,-0.0004275478121749685,0.01372194116124517,0.008885139930568714,0.0006147757546458449,0.001991839706074532,-0.007857196544497846,0.02288304028757377,0.0323297083705587,0.0006225907160146124
156,0.003652402158466481,0.0005453310471473716,0.01483067434222585,0.008462823810522824,0.003911744224388573,0.002212899643683146,-0.007475689842277383,0.02788218481440145,0.03387849965317513,0.001222871616383165
157,0.001513747209733543,-0.0009133857157223161,0.01215923531733873,0.005787007402033101,0.004702542130886436,0.0009602382313072378,-0.01006277371691241,0.03154199615041492,0.05873115943734585,0.002327323407525368
158,0.004809304445332403,-0.0009631624259131277,0.01314044440791613,0.007183374939727522,0.00631293274974801,0.002479473216179401,-0.003740632827102531,0.03153112991684041,0.06419307560485599,0.003239949080560357
159,0.005173102277764477,0.00313611054785217,0.01416652442278713,0.009087381380689045,0.00844295426932586,0.001412564912854068,-0.004312230688955956,0.03189837399467163,0.09092651032468878,0.004463295608525909
160,0.006883176727237002,-0.0002262393558933463,0.01640421828247964,0.009187086328259505,0.009164362034072985,0.001618364007621808,-0.0002466171421758221,0.03117404226306842,0.1146474064516984,0.005449009729095688
161,0.009015249626738178,-0.0003476651473525169,0.01644426760162687,0.01087581024372463,0.00897235426463908,0.002083606252465153,-0.004902284054918016,0.03136009477989385,0.1268471656841897,0.004752576010434889
162,0.009044938812835865,0.002316921399049546,0.01653367884933578,0.01132478318514696,0.009107384387298795,0.002113668907531094,-0.004843874187127713,0.0311307095234631,0.1292139593032975,0.005094149986775896
163,0.00833340990467538,0.03663050285422149,0.002401202346147515,0.01435564185652109,0.02276033002361977,-0.002448122952792138,-5.6627713747114e-05,-0.03542794553678857,-0.1296926430543805,0.003465423838935743
164,0.001548228360429523,0.02126388837901388,0.001370188960458489,0.008907655229970795,0.02351356431479291,-0.001387289110446839,-0.001566191131617626,-0.02360534046616867,-0.104012028933804,0.001609910748884326
165,0.003696695658011554,0.02495021124273142,0.001233270840505171,0.00757898000482024,0.02261622027726527,0.00419363492181889,0.0001311692353829041,-0.02032640708791717,-0.07678590405032693,0.002091235480894119
166,0.003687507767782581,0.02143024911553527,0.002061344240120018,0.006277327464521475,0.01944600596491699,0.0002694967871365724,-0.001381810341256867,-0.02170204711054117,-0.06349732601126366,0.002725024014006402
167,0.004354350332081418,0.01908294888842088,0.005090817803268586,0.01380234125026479,0.02288244864564095,0.001940689158766526,-0.003492547432841003,-0.01382940242870163,-0.02740324882558259,0.002763353958780627
168,0.006773827976207021,0.0175964798410835,0.004930571176692216,0.01593184923024937,0.0230721547554235,0.00116183886875419,-0.005586710423739787,-0.01337550408494466,-0.0234809779057442,0.001641719198297521
169,0.006022778146666762,0.020869374063971,0.006504235546137098,0.01193671314569893,0.02182492899622905,0.0048499043297718,-0.0002799704250174329,-0.007682403709641137,0.01487519360295526,0.001427357269306721
170,0.008203571758930472,0.02058226672089486,0.006768645618306433,0.01038633796633842,0.02158192071947325,0.005598521263826348,-0.000305823620995899,-0.001998083587888416,0.02370277742807014,0.001908146560752808
171,0.004158618086841773,0.01510401253450482,0.006599429014593006,0.009133010828241235,0.01497513324469917,0.004224435884485065,-0.0008640320448176854,0.01851734555471039,0.03463230817786016,0.00173656089064038
172,0.00756515966290483,0.01513969064629319,0.004617127799801459,0.0112225582714903,0.01276198299726591,0.003752343154885971,-0.00318166032032033,0.02416920816343274,0.04981736822938183,0.001942661497469815
173,0.007838704701597858,0.01243356075852459,0.003462346686559353,0.007483506971123597,0.01256111908980828,0.00274017654401527,-0.00811055181300378,0.02380301218267366,0.06288943244088133,0.000460296846814094
174,0.008207169146153827,0.01036264048617186,0.005527682956394984,0.007615744105718691,0.01000472342167827,0.001998927373855468,-0.01256892110921982,0.0309350565458406,0.0815239182076182,0.001490776629191772
175,0.009105008288155667,0.009672560915033376,0.004045766924241469,0.005743729577171511,0.008474676568411346,0.00241600494684321,-0.01082267202159336,0.02995781561638381,0.1051677820463049,0.002752111541348543
176,0.009370354895047426,0.008403927680102445,0.004412054983978303,0.006082102118074625,0.007600808617471358,0.001074303811238059,-0.003617909880853142,0.02998642920777362,0.1120200668256534,0.004157917135353075
177,0.01235183351007322,0.02157282462722777,0.005799423067844093,0.005063595557328675,0.008473393094210805,0.00207115396730042,0.005752751358711504,0.03089019436104908,0.1290375832762186,0.006077632086981108
178,0.01257119252918913,0.02333501956948858,0.006927792290899413,0.01388767747749912,0.009528307829037956,0.00223144361255698,-8.786423547315052e-05,0.03138437118571225,0.1321296389865684,0.006729710364226984
179,0.01390147290657787,0.02483800445009496,0.007642181257334827,0.01421701568614284,0.00947884817261328,0.002476492544558122,0.001569168306599154,0.03217718222824362,0.1347253544989286,0.007888389954140464
180,0.01405654462513943,0.02635451261849447,0.007610393355218051,0.01396580078619096,0.009472924704692378,0.002567746091556027,0.001794310106020967,0.03247997767187882,0.1353851592129781,0.008151689720550593
181,-0.02002293778476604,0.001841316348440221,-0.01294062822440712,0.004835290885261879,-0.01256613648169362,-0.01115810755610114,-0.009200731230618264,-0.04725875925468223,-0.21428068155897,0.004126306495900728
182,-0.01252627707283979,0.002048191140099115,-0.01166770677858501,0.005657200200726646,-0.01036422962034325,-0.001853963371618988,-0.007914497203602598,-0.04106999024644931,-0.1947688857898115,0.007180670838491183
183,-0.003540604236548935,-0.009104198570871087,-0.003657052025857364,0.005435252520648396,-0.01144468318791673,6.825161839698213e-05,-0.006508300724652581,-0.03689661455951457,-0.1642590503765317,0.004808659273150621
184,-0.004691671929058879,-0.004202022874128041,-0.003760891260900411,0.005772943552017632,-0.01563876389338036,-0.002369380917724243,-0.008305298803391684,-0.02337622617210135,-0.1215926945379846,-0.0006355975383912538
185,-0.004973882509866403,-0.003908087000351817,-0.005668235135066806,0.008629205953324505,-0.01320553015471402,-0.002767120921598122,-0.005654572963981674,-0.02333806398570887,-0.08129393485673123,-0.0008572059201690682
186,0.003133172135799884,-0.005247955308062116,-0.004000408524934998,0.009958483970592007,-0.01066026018623058,9.080109296151734e-05,-0.00551952026789621,-0.02105811282490368,-0.06395985862257589,-0.002187734040045627
187,0.005239570581422741,-0.00911587339694772,0.003229707480728375,0.009752590755603367,-0.0104412080577685,0.00194991271691376,-0.002742668264072944,-0.01975635052421713,-0.03791571764650472,0.000862722034216405
188,0.009162017130904502,-0.0100033076985712,-0.004100163889791804,0.009784257084951327,-0.01202807187449593,0.001275832157591417,-0.005037631558357101,-0.01454351024458034,-0.03340295202604299,0.0007889897045626156
189,0.007727943412736448,-0.01061918434493888,-0.004779841255234609,0.00987539941785939,-0.01230018143153722,0.001723798307153199,-0.003200715263218226,-0.01148491488830624,-0.0215308213617004,0.001245727780205548
190,0.004224119174889689,-0.01020741858101949,-0.007960677637775424,0.01040540187244297,-0.008540503276899016,0.003352979820000956,-0.005543971255858573,0.003692596981137775,0.007086569233603977,0.0009472488338555175
191,0.006391536837982615,-0.008932834079467291,-0.009228005867251622,0.005082656490231775,-0.008184689160351661,0.001592467886689959,-0.005530556686137051,0.01960464073040839,0.01242692435191226,0.001632235111736503
192,0.008674473059182286,-0.008727201431207867,-0.01012644938775589,0.006985057470681294,-0.004788529671667925,0.001674689789498184,-0.004543469095001415,0.02308558372799109,0.03310870567951889,0.001749935858332153
193,0.01147101704650674,-0.008080778925787865,-0.00981065094379374,0.001707535996107602,-0.004026958069787052,0.002718186035571835,-0.003042481271694726,0.02690934329834079,0.03823062462379917,0.002069481706090527
194,0.01159054742367955,-0.007882114173010402,-0.009264112611320112,-0.003418549132650483,-0.003774651218584511,0.003727230522454624,-0.003106618478425264,0.02701438953484362,0.05651088743150631,0.002414560896408364
195,0.01370077530927205,-0.00280392038153043,-0.00672771482903794,0.002757327830096285,0.003060331757472598,0.002058828024855815,-0.005145439648296068,0.0260265701297782,0.06767974375946997,0.002366399213628633
196,0.01400598216286661,-0.003286889011397316,-0.006027885262255814,-0.0006937011385632307,0.001892015993986747,0.002759443596891321,-0.004628379982780434,0.02555748232789368,0.08925513619590093,0.00436035170429121
197,0.0148212063140817,-0.005195749131955857,-0.01002095032805983,-0.005162299068994741,-0.001065180060362117,0.002286192779737373,-0.005839431920753731,0.02620466974326653,0.1022807403630996,0.00448928229839292
198,0.01449444896475823,-0.00767922341492989,-0.01079475202361548,-0.006804508989287977,0.0007088308525799423,0.002516515371697804,-0.007885756441619297,0.02514698795621276,0.1145215103220227,0.004730201857530377
199,-0.004412112591294497,-0.02881825785110658,-0.004317874833203872,0.003560645209547119,0.004039440580356607,-0.004053338196179665,-0.0199392066992829,-0.03635739520065137,-0.1113599356769007,-0.00865333770668724
200,0.00944991369801669,0.009862824460824822,-0.001087351118770908,0.004102150807775452,0.01057104673835495,0.0009371605337603868,-0.01263991651721418,-0.01680854928281694,-0.08142548037137165,-0.007165496010602131
201,0.00957812349277544,0.01435947057285292,0.002370099294307794,0.007023725728717581,0.01768385352921811,0.000841096957913663,-0.009649900849560914,-0.01067406027268802,-0.0502024720947099,-0.007881059300327025
202,0.01017791245072217,0.01360329069458868,0.003894473337288758,0.00963118765304218,0.01471339454473824,0.0002366160064049873,-0.009488060854318083,-0.01192253913016348,-0.03617927053194793,-0.007075206239581801
203,0.008795637211834238,0.01004458301191763,0.00423018186695554,0.007344876105369713,0.005503860141805392,-0.0003044572192677356,-0.01053283875960791,-0.005582012048755769,-0.001311580627189885,-0.005418933955955746
204,0.009238247901120477,0.008962300355527905,0.003054111346067847,-0.001866517763282028,0.002855671953576129,-0.0001219350384570062,-0.00527028619926173,0.00840954161292933,0.01748957373123359,-0.008774604143887105
205,0.00908689501388723,0.008249258882002853,0.003485818775390591,-0.003152067344864507,0.003784172208696836,-0.002150955279426736,-0.004444765381770308,0.01613842713468379,0.0285196786172957,-0.007931696116057933
206,0.009835603163784977,0.008950477666323158,0.001626190698953898,0.003995917773310483,0.003592025834597729,-0.001956761132359536,-0.004053125783046797,0.01967203936910896,0.03714903850478786,-0.007109886775831587
207,0.007776923488037471,0.002333006154308097,0.007969747932582585,0.006853576557993466,0.003367081882795045,-0.002538708799670034,-0.004385050561546862,0.02422644690594455,0.05867107773075345,-0.007932036550935075
208,0.008874783348022126,0.003460124368636763,0.008335431447525788,0.008396316684521399,0.003316773063948323,-0.002989417158804308,-0.005435388570812015,0.02951735353266718,0.07215458602137513,-0.01004430821928971
209,0.008847238115394493,0.002159732217939459,0.00811292608669351,0.007381332642273414,0.002074006907310902,-0.002040539247957836,-0.01030761762977197,0.02818877499298363,0.1024147492255007,-0.01322176356600471
210,0.01370823795277698,0.004188295633831146,0.01295087042714325,0.01096616963306609,0.004430675960543981,0.001093800058513917,-0.003639750076372895,0.03022827223924208,0.1139084016204269,-0.01377135854323725
211,0.01445333209768709,0.003995821664150107,0.01409266365599268,0.008629259766060226,0.003722109204745547,-0.003698639081545366,-0.003737352391556746,0.02622162803065743,0.1165256647170069,-0.006769917872487219
212,0.01444160488590098,0.004710547265842573,0.007583758770745837,0.002119254477668795,0.004084004387451776,-0.005694044928122676,-0.005853784433109517,0.0249538453735038,0.1162188482283303,-0.005634141781957274
213,0.0145595099456527,0.00394756637716275,0.005584402877706817,-0.001933531056559568,0.004086415879516339,-0.00622287974699447,-0.005669307922713552,0.0237425435875563,0.1221136912969777,-0.001013879607986697
214,0.0151191661000379,0.007819442180319188,0.005549850656525204,-0.001767442946984541,0.004371767329675754,-0.00683946522106522,-0.00506440431767974,0.02455117612535335,0.1215903026970463,8.94782999728051e-05
215,0.01304936689527354,0.01533051933149991,0.005709129648869412,-0.005934348110453767,0.003823278141174239,-0.006541540547180719,-0.001972429727910031,0.0257755719450125,0.126676330126752,0.0008393726766486118
216,0.01334502442372688,0.01649843780821706,0.006002928364444079,-0.006457150936983109,0.003767924132215399,-0.006536564127033312,-0.001736069775537252,0.02602283895819992,0.126742682613547,0.0008634206837969205
217,-0.06763356799026976,0.006241998360827729,-0.01318959523568654,-0.01076181684713125,-0.01515531305915638,-0.005653037465566562,-0.01166256812982864,-0.07589260357062567,-0.2266576119896281,-0.01382032754757772
218,-0.04993911465731769,0.0006578424937269962,-0.01009663998883158,-0.00674172627729221,-0.01423753901985925,-0.003409656808721592,-0.01028571116969754,-0.07153277454237959,-0.2054197692612312,-0.01809675427313175
219,-0.02302921457657315,-0.006071773618467641,-0.002316574665773057,0.004993558378539703,-0.01228554196668733,0.00236444031231798,-0.00836147241862031,-0.06102160207385412,-0.1632570097382537,-0.0009429245319023227
220,-0.02024037471632535,-0.01353210014172277,-0.002680324277891253,0.004064025329587276,-0.0128884171928017,-0.001826924389813425,-0.009230963634585724,-0.05286943488974077,-0.1510275459087809,-0.0108758271303487
221,-0.00721891511314666,-0.01483139526036134,-0.002602222315698099,0.007511056625877943,-0.003154578546782812,0.0001720239111738899,-0.005083453436895318,-0.04701217991983073,-0.113502362107666,-0.008093222047821386
222,-0.02361051391079333,-0.01052380662625331,-0.01017905570269473,0.006257783212858917,-0.005618390928337665,0.0004412772975252765,-0.006365256581716447,-0.02413885089512826,-0.07954791650888438,-0.004635880103953424
223,-0.01558405392191762,-0.0116379993615079,-0.007962912949220607,0.004953257426393536,0.001790137284098217,-0.0008206857459618149,-0.004539444365331044,-0.01928412847348494,-0.05838226644540317,-0.002839052180615997
224,-0.02756383378739559,-0.01164187421871254,-0.008001090800986085,0.005283394186568298,0.00435090014508807,-0.000478722613229412,-0.007118575042569544,-0.01714605892561205,-0.0370742841574128,-0.0008156181598368862
225,-0.02290147971119397,-0.01220589981063652,-0.007168753103292695,0.00788847019670531,0.009896849676714373,0.0004768584936841824,-0.006727842115892466,-0.006804328203031812,-0.0296898826181437,-0.0008860158040904505
226,-0.01123585852114343,-0.01217667672077324,-0.004269598662699356,0.008480802751955462,0.005056738951647946,0.001287942439806426,-0.007399351278933656,0.002509271195793145,-0.01671337747955754,0.000147762311955782
227,-0.01531665721333963,-0.00971910252459013,-0.008471414064906492,0.007817496171431152,0.009251035157384903,0.001865298707005801,-0.007022889793961784,0.0151858392655948,0.01135631303404198,-0.001095081580502254
228,-0.007957299863231277,-0.008725072718974188,-0.009103303076111837,0.008249575507193848,0.008846232298755259,0.002028585225052947,-0.003358889713163205,0.01867774462133302,0.02754927609806878,-0.001223656305834532
229,-0.003575661746110567,-0.00922060330942068,-0.009750803902676242,0.008991204996508389,0.01119595470057186,0.002055524518551366,-0.006670404431554145,0.02030348681719473,0.03502258919800067,-0.001377766291211204
230,0.002750956503375316,-0.008773671073598556,-0.008204333197340943,0.00812879995926353,0.01111202147818511,0.002299117485346261,-0.004115124697528777,0.02168075744273319,0.03578075202189147,0.001019247556161741
231,-0.001627839362291147,-0.00424509730657071,-0.009823167605694636,0.005532480062356224,0.00874151318380946,0.001444922398732679,-0.005556517495180826,0.02145822252855578,0.06539178204895696,0.001038812666795166
232,0.003556120171039082,-0.003494394544573568,-0.004898799235751697,0.008123023645566831,0.009225546784487535,0.001276774581406853,-0.005810738008888103,0.02129647066521026,0.06869455623633837,0.003188766279041892
233,0.0035827641553737,-0.003171066660970973,-0.005441371676165783,0.009532579153156966,0.009708564737319668,0.000414885250989886,-0.0009688026657489427,0.02149891841637763,0.0852088629548931,0.002234807612949059
234,0.003469907882346926,-0.003754211425337841,-0.005734356153955422,0.008658835880818496,0.00966803924307192,0.0003974495352562793,-0.00183834210962417,0.02125980873120175,0.09403540449433069,0.00217448579899773
235,-0.01490886532065866,-0.008443044187948218,-0.01075797768694488,0.002681411444894835,0.000262700649050142,0.005682010034795961,-0.004620722985542559,-0.04833510558035091,-0.1940262861898644,0.0004899810415223984
236,-0.0148685765368969,-0.01650870074041105,-0.01588789070111911,0.0002663101911097374,0.01282861853586813,-0.0005853179681431556,-0.001935879030959158,-0.0244403798138708,-0.2054438737804921,-0.01090434184930835
237,-0.006989251822052157,-0.006171169269728359,-0.0005137802786811076,0.008621738715070574,-0.0001643485636395074,0.009598905347011629,-0.0005890016382312699,-0.01899918785666038,-0.1597294564752195,0.004159391349103581
238,-0.003339080876695822,-0.00541478478863669,-0.002482252280622965,0.01977937922346757,0.00992505914725789,0.002725447816296542,0.005405182648158459,-0.01793505657652518,-0.1356588728368607,0.000680395905835399
239,-0.01457782811045758,-0.005558384011049742,-0.003969241942629931,0.007258584578270902,0.01092141188763509,0.001060647794665986,0.0008475615414537609,-0.0198434736534728,-0.1114971940713796,0.0003367448070719537
240,-0.009358865142532567,0.0005228295771911716,-0.003737862220368689,0.009167056430465186,0.01814159404541462,0.0006088338957168126,0.001533271038953978,-0.02214941136739384,-0.07041446278701624,0.003594594019172689
241,-0.009788954310351553,-0.0004879217907845923,-0.00732013997732045,0.00992470876674933,0.02190868597620789,0.002290723999554588,-0.00239774090948142,-0.01853092901769846,-0.05081169878803926,0.004427277053031949
242,-0.01192303527045627,0.000227373034094868,-0.005572766619198852,0.008808465573720049,0.021870297075548,0.003010101206944267,0.003061191507088191,-0.01517555267803154,-0.02720470427884723,0.003669324373199798
243,-0.004430859354737756,0.006711969570754345,-0.001979941989610383,0.01084887928004317,0.01150980313526432,0.006358845553408656,0.00674573416194944,-0.002947831551516236,-0.01960345426612793,0.003876142314072775
244,-0.0001451363590243234,0.00708922842639559,-0.002511242775570567,0.01133925900865112,0.007689861549015171,0.00861727954480194,0.01008404528546149,-0.003061650590516778,-0.006104701877821082,0.003434532600677882
245,0.0005360219834777238,0.007175978226581741,-0.006308951354923981,0.009414049855308195,0.005103481068223655,0.006337689473593628,0.005936272442284547,0.01445288001486259,0.02184043003632025,0.004041826291155065
246,0.00409078689757927,0.002954244547235634,-0.004124498425503265,0.01164480202712771,0.003456883464565884,0.003563264694298586,-0.003184080128043835,0.01379040702451702,0.03755146933610583,0.003457920096160491
247,0.007317650334384054,0.004654369919883885,-0.002767010801918156,0.01286097026297134,0.006331330082968461,0.003402132603618957,-0.003077003236195066,0.02050649702752969,0.04086789500083615,0.003284949144630571
248,0.004626863960756373,0.003201117391429916,-0.003263222965842241,0.01176333887126379,0.002867577425434095,0.00510212646432108,-0.003703414181651767,0.01960990517638023,0.04018202578635627,0.0007408893167274112
249,0.005814965094615725,-0.006003539484690725,-0.001953841915197728,0.009074033471946293,0.00349428211388313,0.001588468158620101,-0.002955529628713833,0.01965247720456845,0.06183630914929443,-0.0001798679475160896
250,0.006421110958931322,0.002951111737171512,-0.003687394323241456,0.008246150349868751,0.01290723658251821,0.003383310489380613,-0.001818418944076335,0.02035760705855354,0.07318056339023112,0.001656724944249331
251,0.007094635487230755,0.00224883525129739,-0.004015846277629447,0.005137370294862789,0.0124859343114982,0.003489499964877432,-0.001741460058141962,0.02013583466432266,0.08364802813563865,0.00172316521272939
252,0.007393778447227554,0.002797511153482369,-0.00501182887856742,0.006004375185375397,0.01297835007820689,0.003757829449105998,-0.003154162343113551,0.01994398648944825,0.1013132107886304,0.001988221548348859
253,0.01060984920624062,0.003754955889100262,0.005067351116264533,0.006628872775237203,0.02584029598527527,0.00858086746739791,-0.002390696404597368,-0.003636032316418347,-0.07937812049236323,0.0004870619919385929
254,0.01217123786237137,0.02100941603349474,0.004839386617031944,0.00771109033421474,0.02363207452936718,0.002571895995034231,-0.00514589532918986,0.004125571612374751,-0.05894078556715943,-8.115054866220626e-05
255,0.009381990136057752,0.01704311710826543,0.004248202313855788,0.01001907791457219,0.01803161120595861,0.003980757780146582,-0.006726983161604725,0.01649959306935293,-0.04546842743603705,-0.001913951841975165
256,0.009768061838396631,0.0157236783809279,0.00383653238070747,0.01082830077608175,0.01736518589002993,0.00327970558787855,-0.006449170981072718,0.02139059755037261,-0.03504159419521449,-0.003753669251123627
257,0.007806708721732422,0.01291973932322402,0.008483703840824513,0.01084288914454206,0.01319533061954785,0.002839895752219917,-0.007106158865186373,0.02210572896491495,0.006658346862376,-0.004025170184141496
258,0.008004003417657444,0.01029526202459949,0.005529906432524568,0.0007265760476790921,0.01019646374349522,0.001514696084703126,-0.005744454278686984,0.0215734224229269,0.02833426376612425,-0.007416139076663135
259,0.0113355333293039,0.01378845719100065,0.009893360179980857,0.01126241507581797,0.00871243403416465,0.0003216179673220871,0.008473256628624111,0.02690009243178879,0.04155741098314687,-0.00694953818504038
260,0.01200331954192528,0.01679339135470746,0.01000179306582407,0.01343015456343652,0.009758848663946875,0.001310738569914282,0.001514776345387575,0.02660104756455243,0.060039667470354,-0.006193180305635375
261,0.01135767611109937,0.0188147745730854,0.009828726291312866,0.01193182280650682,0.009054815836582868,0.0008938981615614046,0.002498068675403378,0.03422401176740349,0.08022564893020784,-0.008331661412604451
262,0.008134963955621332,0.01743198503699254,0.007544321802192612,0.008585677711261609,0.008575900652443801,-0.001121650301125059,-0.001128059510604263,0.03329704997728682,0.09998916238960869,-0.01072897274048703
263,0.01182382673071929,0.02467551139819953,0.008191319844671066,0.009665810741918572,0.007927235781323169,-0.000572704825389311,0.005668170024499616,0.03400294501696308,0.1225229915686511,-0.007633556837203694
264,0.01447912259305056,0.02355418387623621,0.0105967270020604,0.0132421377762896,0.00671324401770267,-0.0004461444793083215,-0.00256179860104975,0.03109977876491672,0.1272333433727461,-0.001613169805144999
265,0.01384940939053635,0.02194951797834771,0.01052336842646722,0.01343632770675369,0.006787569520440389,0.0008169158063553729,-0.003384494029064644,0.03114710494427406,0.1267931465840087,-0.001944585300886123
266,0.01468502939913905,0.02589915890321003,0.01092206348024967,0.01361006794176328,0.006208878189506588,-0.0004519232612476859,-0.00227289253827733,0.0318587179681037,0.1310821729562444,0.006502808363851769
267,0.01676077122701227,0.02927569048485223,0.01370258515476439,0.01324558338858559,0.006741969619997517,0.001904970963038589,0.000231961485101084,0.03559232534386466,0.1404281088596089,0.007039511201798559
268,0.01982784427824264,0.03255427611095808,0.0137793594637485,0.01385276965748163,0.007451111952100739,0.00295244320277733,0.001464546000516654,0.03666916359798383,0.1411329011669425,0.007450462388732339
269,0.02214218483942405,0.03162542296316945,0.01584075060167252,0.013138180860649,0.006381736674260436,0.002183159970133231,0.001784378912220106,0.03653386918906683,0.1540174189837332,0.008114581745539843
270,0.02220183148751807,0.03350487249299847,0.01603281446226774,0.01333519315768864,0.007624874716479101,0.002339206394317117,0.001878201986755992,0.03661682516240928,0.1541648216369442,0.00819322925947892
271,-0.01773786553118528,0.02070563104739862,-0.001749349548050551,-0.001152744128409952,-0.01400148900996297,-0.001668268844252733,-0.007015952072667447,-0.05176783268143348,-0.184825386769112,0.001360634464016393
272,0.006748466308993696,0.01539179665751854,-0.002284392126256909,0.00541542230224236,-0.009949084564659167,0.002594906737319942,-0.005337678640166333,-0.04871188277904741,-0.1665223873555863,0.003679827661978244
273,0.006090343021800559,0.006918157499013473,0.0004847667244811883,0.006416183231746898,-0.01087090713756685,-0.0008853348946533928,0.001538921822596865,-0.04103185891141095,-0.1406561260365443,0.002459595695908031
274,-0.001406697384759912,0.007738576088603441,-0.001091551492291037,0.00395791275508028,-0.004429170962507336,-0.006134272454051203,-0.003868711402380076,-0.03646287933683719,-0.1058070196679448,0.003480384062208011
275,-0.005056824685475069,-0.006348661533707382,0.0008239182495594565,0.008551253094457041,0.008439681133536856,-0.005964732683151281,-0.005935839749002868,-0.02344822753653038,-0.06849416703216754,0.001646708256942429
276,-0.00265468808683371,-0.007751245533672508,-0.002178080398936829,0.007982626566367512,0.008610054356248073,0.0003963838105044536,-0.00494543510954823,-0.02321888630625038,-0.04906298706267421,0.0004574741952016731
277,-0.005721260755567578,-0.006791546999011694,-0.009220140434639175,0.008963775640027774,0.005124890073627682,-0.00107795158042291,-0.002099191392545495,-0.01768442957330014,-0.03014046590478087,-0.001112983277668723
278,-0.003272461253889398,-0.01058573539500816,-0.009485648703789741,0.008492590692260788,0.005644702131927336,0.001541022554876849,-0.006354590235611527,-0.009358559468987768,-0.02375150963333324,-0.002170393887398804
279,0.0007033760898242591,-0.01209758150624111,-0.006926981101399964,0.006619265272815198,0.003878266886286278,0.000991971616498194,-0.002237029862232076,-0.008306715892552673,-0.01458562162579614,-0.0002790492181624808
280,0.001679476656787254,-0.01100095946167035,-0.006670096471701479,0.006700439121910449,0.001156140242832585,0.0007953752416670187,-0.006433370599020418,-0.001067089446503988,0.01126248180234681,-0.000996814592839124
281,0.003800282847301422,-0.009960825487684566,0.004369101388428769,0.007169235134855233,0.0003797611516925142,0.001148261132648179,-0.003149662149915639,0.01781225881396183,0.03279329813501248,-0.001409653463522271
282,0.003125134035658772,-0.009701639150999869,0.002980462896313273,0.004620415254044666,0.002667514039524401,0.0001834674728379814,-0.005106140146319037,0.01999164373054371,0.03523113027003041,-0.0005990770777302719
283,0.00563510021870841,-0.009827514399383635,0.0003961089568506352,0.005693944203995591,0.00403456494020422,0.0002322125459972726,-0.008673445801756262,0.02170039976507495,0.06034345457498121,-0.001973098305514947
284,0.006782570815262814,-0.008991275603564788,0.0001504315894090332,0.00554822109655908,0.007065835355794034,0.0009328878169780759,-0.009774896082161198,0.02153258466714555,0.06807766829881583,-0.001427408417945222
285,0.009956203619015041,-0.002429903926409128,0.004753857197824866,0.006938044683069716,0.01013863174630105,0.001359202058898851,-0.006407954712574357,0.02191573770444008,0.08538089903251386,0.0007624365746881116
286,0.01111304659149256,-0.003697316801802597,0.01136270862849272,0.009312839991382806,0.01055188566571575,0.003510048352876326,-0.007633757526213697,0.02294153457094398,0.1130995988087845,0.002469951947838214
287,0.01213706414073137,-0.004284893611967299,0.01151818419137054,0.01059480455832439,0.01083655912833413,0.002232732880989202,-0.008962461405985207,0.02392773233705434,0.1277621199854852,0.004740882593998326
288,0.01266747275947544,-0.003535380793045939,0.01144788270305388,0.01127473149741056,0.01061756151029114,0.002200202488305303,-0.009028764792906499,0.02341691219316893,0.1342485927123607,0.004588211176020672
289,-0.006304707657219467,0.04484097133008267,-0.0007059885832041968,0.005664972780241697,-0.00827642476165103,-0.00958744150341893,-0.005375167773355515,-0.04633260861806374,-0.1594592263199979,0.004989467868111757
290,0.008959340826405447,0.03597564108701124,-0.0006729454367023313,0.0101286515929482,0.00341353800957719,-0.006518877282708085,-0.004977119204690714,-0.0387616377009649,-0.1532025381750525,0.005045656054421152
291,-0.008826181582810632,0.02599406232660702,-0.0002229655781741016,0.01038392391916988,-0.008210804402803005,0.00194530324261715,-0.006031984866152525,-0.03758489367104448,-0.1363309852666221,0.003548943648672045
292,0.002908616640032972,0.03141072974974408,0.0007046922987267749,0.01111550946586846,0.0002563055592696246,0.001822141778569382,-0.002898993317227796,-0.03757746220698504,-0.09636523211788378,0.002445517971920978
293,-0.003191769520279884,0.01910754667320425,0.0006925949132717689,0.00941020217858902,0.01017066948139659,0.00534927077551639,-0.007316825150333205,-0.02362194885787263,-0.0678947708323245,0.003164683427671182
294,-0.00402577216176481,0.008873338868580535,0.001741904006834341,0.01830849805355725,0.007732072181221131,0.001505398928714623,-0.005560248369592368,-0.02090471664766146,-0.04614945325385795,0.003848164325795405
295,-0.005687536233995408,0.008065898402749058,-1.170564073110216e-05,0.01117208583666395,0.009619038645264269,0.003467802614326517,-0.0007086159171702392,-0.02034152628348027,-0.02932517048399824,0.003007406201567047
296,-0.006394277592535014,0.005368015072509278,-0.001554391634443164,0.01044846245966392,0.007410416708911768,0.001780050366564868,-0.001614552052623942,-0.008326825417803647,-0.02700361930330232,0.000216570451436736
297,-0.0008181381835016734,0.002444779776710476,-0.0003410227560035445,0.01116017476697347,0.003460062118982265,0.002336134262375369,-0.0007416126372187867,-0.002341355536043977,-0.01581250196481492,0.0002247228297810412
298,0.002412449638804764,0.0002313796323496677,-0.006391382251755371,0.00985805097753029,-0.005407342245781653,0.00227640047860187,-0.002423956856206361,0.01738330266657655,0.008741176211066038,-0.0003185397184209374
299,0.00563644166276051,-0.003067071646842585,-0.005443099444359201,0.009549448285116257,-0.003110444534518447,0.001716034555501799,-0.001955990764259259,0.02164207773448758,0.03002813740724598,0.0009285402992400627
300,0.004984084691869502,-0.004877946696747132,-0.009444428797767513,0.008617085295327018,0.000131675093616744,0.002671789451135456,-0.005644386608323668,0.02648352426775163,0.0339213358960451,0.0012089759688525
301,0.006683522105076894,-0.004770122557430237,-0.006549363986236049,0.01014716967434834,0.0006788155479563029,0.002298360677481742,0.0003926415043856837,0.02482053785854477,0.04475506467856841,0.001566555556967332
302,0.00747870320799439,-0.008787465612001468,-0.009019071022027241,0.008077952625669408,-0.0003366422952802351,0.0007105857153920823,0.000790948174298186,0.02435353605891387,0.06607994731217552,0.001601167648836694
303,0.007066926108296659,-0.004616950558831909,-0.01272367842274315,0.007543619183226585,0.004182407393711289,0.001369005316956112,-0.003125872182571405,0.02387845896871802,0.08141233930550293,0.001475611852366709
304,0.01133558512079543,-0.002117344126862721,-0.01048106521150375,0.01295143094692706,0.005816129298135669,0.003974535159232032,0.005153262177430691,0.02562616277052397,0.08474057671877269,0.004763126747740595
305,0.01203397979469081,-0.004236922867530109,-0.01120748821126013,0.009213609332857389,0.004977642536867148,0.001976467494960541,-0.004917767193282634,0.0244985786279705,0.1144542773806733,0.003620635021684111
306,0.01171107216758997,-0.004923391900144788,-0.01130469098516405,0.009191104383666623,0.006481306470959387,0.00179369004640925,-0.00437093902878711,0.02413581654883037,0.1223414701602893,0.003912680160169946
307,-0.07489421644232563,0.0265739038189953,-0.009623899706807194,-0.008636149761790063,-0.01412492620192042,-0.008418162099707097,-0.01251942007944542,-0.06133340815728271,-0.2093050725782717,0.004130576769387489
308,-0.07401351961312436,0.0250019727344463,-0.01058138598039851,-0.006089020956875461,-0.01536456535928532,-0.01892809571949313,-0.009589015640783165,-0.06367120278125082,-0.1956637026768064,0.001479577729418677
309,-0.06108271099825324,0.01744088175392036,-0.006615324372019425,0.004477481592217355,-0.0145157708122619,-0.01826174040962546,-0.009429601087137127,-0.05263991807986994,-0.1797197309454072,-0.0004850112008249541
310,-0.05843476532371714,0.01896252971390841,-0.01019540377255454,0.002555136972669477,-0.01426994389855514,-0.01177015718424041,-0.008085914440213702,-0.05049387236407869,-0.1512396464014319,-0.0005075914372687291
311,-0.04818162882801685,0.0107873362157198,-0.01129784904355631,-0.003678430848123959,-0.01976254382639751,-0.004391875451568608,-0.01119590349598052,-0.04559345070252309,-0.1019478462815128,-0.00211626060113947
312,-0.02644709450091402,0.005930925913243147,-0.01196214229579746,0.005257373934753213,-0.002826853721432016,-0.0003299719608845834,-0.009359740597459667,-0.03737403693696315,-0.07233459077970053,0.0007571686821136026
313,-0.02510272494231005,0.001343098968177387,-0.01237644906720424,0.001034346194469015,-0.003840935693240752,-0.004580764497960724,-0.01082811861793373,-0.03886258544850065,-0.06383058524111822,-0.001971149369737801
314,-0.03022762105412975,0.003230174086990298,-0.01272606252202629,0.004827481331012174,-0.005455892323574981,-0.002727634093950685,-0.01221569641769725,-0.02406696302545467,-0.04623717812368913,-0.002730135308475592
315,-0.02954006900551686,-0.0008480139564011929,-0.01066536099364665,0.0053476840329528,0.005034568001521136,-0.002341704467477644,-0.01404311054825418,-0.01605902401275942,-0.03585980438940465,-0.003373770279714193
316,-0.01487299121569569,0.0006524732196181238,-0.01157579294711392,0.005573573409954046,0.001635146404864264,-0.0007994401988101327,-0.01179192291416637,-0.005728346324395383,-0.0203218006144292,-0.002701890250206476
317,-0.01572967529605012,0.0003003665339562816,-0.009738648669969008,0.005127608810671076,0.002301110809371539,0.001865994347103818,-0.005859812231183079,0.01065136103363292,0.0109586771501082,-0.0009838068831526325
318,-0.009168417360507,-0.0001566581640858092,-0.009458953557684084,0.006236331117340245,-0.002002959647545093,0.001457596299878892,-0.002376428477591478,0.01787267694116229,0.02700511246672547,-0.001179830576284802
319,-0.0009960460589307622,-0.0002303763409042457,0.003261462340038501,0.006460171004643874,-0.00278158962938214,0.00101101126962994,-0.0003839485439303806,0.01965066777159078,0.03040117573792562,-0.0006751383090919654
320,0.002702518819059976,0.000189968967639677,0.004290778921342603,0.01021559448655941,6.476240674571404e-05,0.001195216317772565,0.009305431372505094,0.02214533374685072,0.04339115747784993,0.001056726767679699
321,0.003696220154495714,0.01006998902586172,0.009075989103272135,0.0101054497574398,0.0075234363865706,0.002412956757429931,0.007749412983538036,0.02347468450589786,0.06134554674244409,0.002848492205284304
322,0.00353497129344532,0.000658516933086262,0.009474434102195072,0.01108013489028977,0.007180810958537471,0.002423007662118557,0.004864166697102929,0.02273555199604273,0.06369911789799755,0.003785578646668174
323,0.00483693500443538,-0.0002126323364448481,0.0111388647672633,0.008420257425114593,0.006256869159673212,0.002307321014940093,-0.001575691253434094,0.02288443814168559,0.08169468141218485,0.002903985734906464
324,0.004814682077573472,0.002208630328403481,0.01124003864652405,0.008387502958528881,0.006029864639627434,0.002361357529902314,-0.001837619270033787,0.02229998243753866,0.09337833859124624,0.003393862158306601
325,0.00420338873237589,-0.01411394532357364,0.0002998969958147397,0.005670181484218226,0.01650384597613533,-0.001489959537422792,-0.004380728085375409,-0.01062071807250031,-0.03649629037566651,-0.004377769669362354
326,0.007391620722221744,0.009822274596563561,0.001688521927582307,0.001478974358121328,0.01667630033923944,0.0001100382161729306,-0.005463272450076441,-0.003888378355799058,-0.03160889190424995,-0.006186349845053744
327,0.00639688008954124,0.01241133430246393,0.003659991727516205,0.003179294747855377,0.01448434056848218,-0.001557787554982523,-0.006228013462886654,0.00383033640056965,-0.0210784704842474,-0.004526525267827362
328,0.005106204030436713,0.009392879854416393,0.002968002599637757,0.000909371263172549,0.01022735270815956,-0.003183411303248136,-0.005945117933093913,0.007262100610992544,0.01251128469795713,-0.0092724396052765
329,0.007336950849182814,0.008456304951294687,0.003669590330775631,-0.0006591356982262868,0.009254398446599837,-0.002345139905338034,-0.005813181887821955,0.01537949237644994,0.03002899530314801,-0.008297328604314648
330,0.008155508857012723,0.009016780884779604,-0.001123754119574305,-0.001037151490731447,0.009222995022606392,-0.001378697736446625,-0.007771349848161059,0.01635290407588224,0.06138686819698466,-0.0100459376582747
331,0.01109267037136101,0.00890403259903021,0.002209458666909498,-0.00126009320085403,0.009267420017271235,-0.001354626246823931,-0.01013332990863749,0.01975541274334746,0.07746449149873774,-0.01044521745086885
332,0.009827172770188752,0.008714472017130454,0.003222522815608114,0.0002193492526421791,0.008930980585998333,-0.0008858018172716011,-0.01339418906484089,0.02230419162452752,0.1007319688987552,-0.01239626337454108
333,0.00999834086177924,0.004021426980373418,0.004879813191190007,0.003957767982619604,0.008726792252950831,0.0004544589094752177,-0.01368396596244849,0.023178410311681,0.118467881185116,-0.01598023823182808
334,0.009124491367717273,0.004633622204361971,0.005242302247925863,0.005237037131067412,0.008236686501230769,0.0005814749844043403,-0.007232803411009686,0.03018670700279476,0.1197308708253777,-0.01419532798191501
335,0.008606659253584342,0.006241582143407949,0.006490883555947416,0.007496021420965466,0.00807408726922736,-0.001301462812038752,-0.003871102559451231,0.03086025723263182,0.1232101142415213,-0.005343876202104521
336,0.01050492148881651,0.00636469899688619,0.008680047945714697,0.01112812537961674,0.00766669429337151,0.0005953230098395991,-0.004749791700922591,0.0306693998424803,0.125513569595912,-0.005809131905394092
337,0.01303102912610231,0.006160622752986658,0.01095265025473484,0.01242325064656842,0.007852550397448348,0.0005892828694534241,-0.005618775265942837,0.03112998035466762,0.1315654954692674,-0.004135989452255502
338,0.01407865529440119,0.004945280504909509,0.01198808423172218,0.0077783249003408,0.005885431114036461,-0.003512093859351947,-0.002803934902169613,0.03141741988786029,0.1312387078532736,-0.001829025496747632
339,0.009518304027780438,0.004483005946159383,0.01208219328044434,0.008643920358628302,0.004695661196780694,-0.003059968749689235,-0.002481012996736877,0.03151823941217924,0.1370841256852839,-0.000553103110453499
340,0.01437107966914233,0.00540165804057717,0.0152964298543177,0.00928120819590146,0.008205291972295855,-0.002697961543408743,-0.001634286872313102,0.03143464928802646,0.1423902329683572,-0.0004924220010178935
341,0.01940516628741556,0.008018793752333869,0.01795554141300943,0.01024907462113322,0.009195019290665525,-0.003406732818719735,0.0003744114461059463,0.0332746116190385,0.1467828266049678,0.003039221037775992
342,0.0200428507071786,0.01787089320930913,0.01712765996214556,0.008880302754807027,0.008608516514862528,-0.003238824848002754,0.001762612272648645,0.03384370783012861,0.1508087205488363,0.002653929168571314
343,-0.03736904003110506,-0.0116252746547003,-0.006325333593031612,-0.001518596466546022,-0.01628305960788022,-0.02514037257930502,-0.01393522160464612,-0.02776734685558065,-0.2411821000462048,-0.005239746004060973
344,-0.02735264591581871,-0.01324827283296107,-0.01013392319138911,-0.000459912532746158,-0.004111576364105527,-0.008870987082122382,-0.006429581274840947,-0.01551657480426058,-0.2123497209547761,-0.002532904446452068
345,-0.008288509402803595,-0.01515508038471761,-0.008959957277282238,0.0005670369633502632,-0.005518488256847132,-0.003892469733045629,-0.005983397792373281,-0.00939598819612007,-0.1615453340498275,-0.0008198047485060624
346,-0.01292600832389839,-0.01651776346436289,-0.00976188967534974,0.00424641330165289,0.006526930458115267,-0.003452477692919053,-0.005800982533686575,-0.005747546214994905,-0.1279781209803293,-0.003729793647388774
347,-0.003051658541577607,-0.007226791760758943,-0.007160420120450769,0.008437682231373214,0.02208956133560207,0.002320242398017031,-0.003575155594992212,0.0007093250332677915,-0.06519779303490192,0.002373734614056262
348,-0.002368225862083784,-0.005842489481408054,-0.007635445657268957,0.008595628631703638,0.02017924235367092,0.002784735690441695,-0.005321584547544484,0.01823492845136743,-0.05058723510899202,0.001441992073700576
349,0.002559403798387351,-0.006165566077537186,-0.00794448370856143,0.009635307103616533,0.01702217469555647,0.001354180292007257,-0.003057978152828915,0.02496619491277702,-0.03026188018662707,0.0002782827618219401
350,0.003534922198306114,-0.005959706826992242,-0.008011788436254916,0.008269920431800838,0.01569225865406196,0.002633019906095559,-0.006372938049483219,0.02432763932440072,-0.01792574769650205,-0.001479739347646509
351,0.0004065100312829649,-0.007755663041432371,-0.01008430987117579,0.006305003151140841,0.01165759124751103,0.002551892411674007,-0.00469203043455445,0.02276313949380102,0.001630393850415485,-0.001365886235743087
352,0.001023264777477062,-0.006969734119264048,-0.009840507522411206,0.004290249734212839,0.009912900129797618,0.001878540166065117,-0.006914095583532153,0.02474718095431646,0.01645513181866273,-0.001189307430270257
353,0.005843902835128555,-0.007639255442237937,-0.006414857053484468,0.002260094554045598,0.005440124079404418,0.0008037821432202419,0.002855372680479637,0.02600774096839597,0.02815003951291676,-0.0008217852317766774
354,0.005463789825206897,-0.008148583281501226,-0.01164605006444691,-0.00242299319070877,0.007008295295486054,0.002263394780734729,-0.003708820367243525,0.02484037731117952,0.03241818272311441,-0.0007985208703318999
355,0.005151039361421287,-0.009625077084196606,-0.008422200155668483,-0.003459436919877485,0.007537770193429127,-0.0006354694788407485,-0.006505626303518471,0.02944819534656137,0.0663947995173043,0.000267611162715409
356,0.005932850711459628,-0.01021464726670049,-0.006828786948162959,-0.001172300769968408,0.008787762537341502,-0.0003492585709440534,-0.005683304318034877,0.0284502947477387,0.06464347374671985,-0.0003376169806958456
357,0.006809547616496324,-0.0106615978542492,0.00187111453313615,-0.001660509168178957,0.009141632435759519,0.0008772876333721825,-0.005917925201282973,0.02997204813112501,0.08169450480772598,0.0008908585896589448
358,0.00830851706243614,-0.009450207222719859,0.01149019276707959,0.0008618343931453617,0.01012306760890327,0.001628041623524729,-0.004505707857161427,0.03076725856818021,0.09528898947575856,0.001783565015722184
359,0.008362651000982681,-0.01069098478154613,0.005463914837637673,0.003365565954017617,0.008463715840234962,0.0007281806379072262,-0.00315818998112439,0.02884873779624431,0.1149589299987036,0.001782018091336342
360,0.008314407298570423,-0.01320874363919756,0.005399810294998086,0.003254797942616347,0.00848518462807252,0.0004928025465117762,-0.003168879315414617,0.0288648670517196,0.1215879108793789,0.001902832722038584
361,-0.00553915996815703,0.04610514482380466,-0.01055317713418258,0.005431424683366849,-0.008984449839564763,0.0009033779728906696,-0.006470484491307869,-0.0391316686945649,-0.1772595815797526,0.01018929788139174
362,0.001609939754292312,0.0381831310282891,-0.00864486363008311,0.005914247764893211,-0.008263203095495122,-0.002540342662450666,-0.004978634641834951,-0.03743951608956109,-0.1510385769610278,0.00836446088970176
363,-0.002483195718780476,0.02756047810127076,-0.004359210303388488,0.003430652280728368,-0.008963489735794219,0.002659534123204605,-0.003225478045993749,-0.03195640379005376,-0.1394841057389549,0.006036876545950667
364,0.003631583032109268,0.02212438171905019,-0.005316628251393271,-0.005795747934299966,-0.01022173419882682,-0.003382472909336839,-0.00669935748916731,-0.02131071753199375,-0.1056484227495264,0.0002540403782344566
365,0.004212404720902035,0.01937327547464007,-0.007882326366431543,0.004747571276620962,-0.003045452754661793,-0.004352293991684178,-0.002162740987405747,-0.02505959753995334,-0.06566832685517182,-0.0007693120345018387
366,0.01070324423126766,0.01441220411255945,-0.00872481731021654,0.0115759327977213,-0.00306343060903555,0.001539946797680638,-0.006677919795144077,-0.01713295331638827,-0.04447826159146014,0.001123455277411362
367,0.009126593973834137,0.01120222691564841,-0.003949321028163007,0.01013199148964162,-0.003596328990407872,0.0006463995572484342,-0.0007879574232805581,-0.007142261405712377,-0.02975067105007944,0.001256144876537012
368,0.006897719305136473,0.00878851390651536,0.007684419040748286,0.007302919053661341,0.006558019861931229,0.000476517770977191,-0.002155670099545929,-0.001477599420809255,-0.01718322059577661,-0.0006386106379910667
369,0.003766650683863148,0.001550389851433819,0.005787142687664655,-0.0005969161999059805,0.002298778627185156,0.002478049329788789,-0.004020183558639494,0.0176541924386626,0.01046802088653609,-0.0008356568402943848
370,0.006610235512916843,0.001217214411246224,0.00683026942316273,0.00824934596555565,-0.004221811466460295,0.001961133973533687,-0.0002960044876147051,0.01942069834099452,0.03029477385037658,0.002152110424815955
371,0.008189615182155998,0.001865555387480663,0.01212078056862924,0.007208869167015492,-5.82865992719169e-05,0.001430346335800181,0.001173561220411599,0.0220945711988446,0.02776768546990381,0.001600173088429696
372,0.007709381295904838,0.006815876088325191,0.01247818527644913,-0.001787606008155118,0.002107444926997126,0.00183388943489836,-0.0001498673513477363,0.02734709872941785,0.04169452389169317,0.001974799118678949
373,0.00939730370928062,0.00434815167270002,0.0103893107550003,-0.006148874618493831,0.002515477337607811,0.001866967946336619,-0.002756740964661158,0.02717425816956253,0.0662742042254514,0.00270500247442507
374,0.00966076536218771,-0.0005991468426241552,0.00964700759308884,-0.01080269836369229,0.00523694742258736,-0.0003854723559387264,-0.004460012376409422,0.02634514473615168,0.06490329354047243,0.00321956125694867
375,0.01223703677354582,0.009604824479682183,0.01053379845369046,0.002688475977376396,0.009792834407169071,0.001800035903716052,-0.002805821282127197,0.02558831659339089,0.07738719055473796,0.001300937059592637
376,0.01276703562293352,0.007843951356693156,0.01377070869481763,0.0006906827860159583,0.01037018258311324,0.003294250747080177,-0.006156651954447445,0.025933474440855,0.1116523551359463,0.004415883032150584
377,0.01375711474966293,0.007054501612043665,0.0139818314802792,-0.0005880617548060347,0.01054208408193993,0.003364441169118496,-0.003723490882624716,0.02563710682621709,0.1254326472639941,0.00493353898141105
378,0.01394622536940587,0.00712135017921253,0.01392768307943502,-0.0002742764202226628,0.01065127266957966,0.003399222109159442,-0.003433499405151022,0.02576250402688674,0.1293384937232545,0.004956729379180263
379,-0.009947736534956123,0.0175023299783275,-0.009926500226731012,0.001431663221598586,-0.01344765028067077,-0.01485274373994554,-0.007940417391546174,-0.06464423924207528,-0.1799958553707326,0.005288738833486849
380,-0.002703966859045889,0.01612308466578927,-0.009938315305914453,0.003864847817499839,-0.01361523008578853,-0.0111430980894082,-0.007482677962806522,-0.05826364603241765,-0.1594809718201246,0.004096288195035856
381,-0.004487615050142877,0.01278764348489244,-0.009856467676520552,0.00377160622802934,-0.01250048429971551,-0.00616264195303937,-0.003904840060166842,-0.0540433107477578,-0.1420997797453042,0.004208268738714802
382,-0.005733647853085835,0.01518575205320703,-0.00998016970173592,0.0005391719834284605,-0.01274677856649282,-0.007546743895048422,-0.003881785538629474,-0.04567585469518684,-0.108394917166488,0.002136418815274416
383,-0.003677786408146682,0.004235474049853367,-0.004787285647732537,0.005578678641475977,-0.0132051807979062,-0.01121797613860746,-0.001363676930038252,-0.04501917314140971,-0.06759993752427793,0.0005571630581480822
384,-0.008574923188462756,0.00224852147143198,-0.004357521076612646,0.009767242004160306,-0.01634645467770816,-0.01155306866290802,-0.002839445445872948,-0.04543547518087657,-0.04634787109488905,-0.0003811216360358227
385,-0.01943666981703196,0.00165320600547594,-0.006698441868101998,0.009359390806283029,-0.0153690553424588,-0.003309060883855696,-0.004981332617650682,-0.02619564208882987,-0.03661025573412467,0.0006767475276708676
386,-0.006135034327213657,0.001259464421197719,-0.006978295905873044,0.005096688828926357,-0.01019771806248497,-0.002592549436628799,-0.001086410281820521,-0.02131241002858873,-0.02159618239424739,-0.0003530904824239275
387,-0.006334333461092183,0.0004977772274925101,-0.007927805604646879,0.008170856792292003,-0.009996279928451745,-0.002068768233478984,-0.002533420310023481,-0.01658692789165523,0.012350404724511,-0.000668546663688319
388,0.002886329662489026,0.001165120679135559,-0.00505404602289676,0.008328009522671613,-0.01196987986421316,-0.0002932365089845854,-0.001115122186432936,-0.01197913542004702,0.02402401776386437,-0.0006467959418598424
389,0.004059434172042625,0.0002816164991005707,-0.0101736880323423,0.008019956576999904,-0.00479922516453149,0.0005113291128872024,-0.00471255150996309,-0.01239078870802701,0.03859617025718915,-9.429468290092491e-05
390,0.002957914570301964,-0.001636979316895197,-0.007287403440508224,0.00788899528182433,5.640097466865033e-05,0.001391839389854507,-0.003589497738392196,0.0124283817477566,0.04969162908168569,-0.0007934670119776956
391,0.004840849789045838,-0.0005505863689342493,0.001940108659212011,0.007397086540805307,0.001768187223111305,0.00254055704602731,-0.002450296044776284,0.02013564865967432,0.06957897993432366,-4.38476296988559e-05
392,0.006464550517237717,-0.0004081451003535744,0.004345628118478663,0.006709958344073877,0.004386703136300667,0.002491784910778598,-0.003133043841366178,0.01988944249816734,0.08874938552256814,0.002723039346446141
393,0.00779249427092198,0.0002998215784787094,0.003276052796006712,0.004196915446064785,0.007668147838742949,0.00106920890634556,-0.00939135218767588,0.01844582932046811,0.1092015895598662,0.002530479669894174
394,0.007773529216263461,-0.000528614878424535,0.005896435147003182,0.005763027973268242,0.01085295732110853,0.002744023615321849,-0.009981063802008307,0.01953452839075957,0.1245851842674859,0.003656033238204965
395,0.01184304607760297,5.609947056773299e-05,0.01172525944075777,0.009003141342012378,0.01027116636947439,0.00323148659428295,-0.006133055482101772,0.02026357819563876,0.1334919070554603,0.005111935830637978
396,0.01206443183562714,0.003188537632239017,0.01188858636447867,0.009040691356379863,0.008848678485127954,0.003424353865032744,-0.005987718153294072,0.02045930907207238,0.1329537646401605,0.005727091324387656
397,-0.06268485180137032,-0.01424527418280151,-0.003715307242615147,0.00102661199988473,-0.01199106143386113,-0.02630772326175285,-0.01195712092704259,-0.06120024305042845,-0.2200403516770569,0.001538161692842678
398,-0.06340522842072419,-0.01433154941725245,-0.003957100277492936,-0.00942819365050792,-0.01301487226589478,-0.02368035914286252,-0.01162038616229729,-0.06030096291339357,-0.2241578835072379,0.0006699483548414577
399,-0.05641377535255954,-0.01167891232098028,-0.003804225326527045,0.004463109873242909,-0.01240163129358697,-0.02163253729680461,-0.01027785377973504,-0.05096355553877541,-0.2087659584333342,0.003234898260423799
400,-0.05399753185520723,-0.01058054841140499,-0.002570459192496158,0.005613276408574803,-0.01180760998925875,-0.01453422467462248,-0.007950801623379513,-0.04787169924154847,-0.1935738926542945,-0.0006684280046724464
401,-0.05675356291024292,-0.007132743571855615,-0.001973287690776997,0.006536194719470566,-0.01056368953075765,-0.0001954862638533128,-0.00546331918000017,-0.04442912098067769,-0.1788077461913531,0.003667045434919688
402,-0.03278578222276609,-0.01078398004521065,-0.001917995543035533,0.005456912691329644,-0.01231305185697216,0.003175444382092876,-0.006684379867348971,-0.04313541457002461,-0.1483084726971598,0.0009229295657266188
403,-0.03033470505008152,-0.00583244626678197,-0.00259330937639829,0.00445450219474372,-0.01796390424273374,0.002001275847035795,-0.004694566669611503,-0.02603246726682537,-0.1200873777819474,0.002603550791706283
404,-0.02722247076074232,-0.003141528470840303,-0.001800026817076394,0.003426155945498986,-0.01995536813347432,0.002066643478925563,-0.01023008874906298,-0.02123211851116082,-0.08643991175197571,0.003087173627890152
405,-0.02093879017463446,-0.003061047509878093,-0.006879583741550491,0.00684018655836567,-0.02048374073287103,-0.0003813897745374808,-0.009759857579981854,-0.01308424432735793,-0.06182777469847256,-0.0009540762373076438
406,-0.02009033644648746,-0.001272995353941499,-0.00409067166565144,0.01210828762683471,-0.01936010290239898,0.002401726731609957,-0.00807923988356859,-0.008264972975113367,-0.04589157502810711,0.001338923657740717
407,-0.01738793752343928,-0.0004135278833757497,-0.006419441743318707,0.009605970099387507,-0.01623219021289592,0.0004503913463187359,-0.007159770041371099,0.01595926875485286,-0.03458660626773788,0.0005331881818244996
408,-0.01422426574303718,-0.0007680538113861646,-0.006850952258226694,0.007705412194560021,-0.01506563751090557,0.0002954798448663951,-0.00535673865654031,0.01781091179628534,-0.02072503018246678,-0.0005830859721786832
409,-0.01385384262222232,-0.0002244033713688261,-0.007411710488320166,0.01001742474080392,-0.01283740211732784,0.0006278865329925577,-0.003310550011558374,0.01967481993904866,0.01048929928259659,4.54457844680792e-05
410,-0.003277630468078593,-0.0002759374844137026,-0.007467605799850868,0.008641470606240443,-0.01318137124660628,-5.681245870358342e-05,-0.002272915685096515,0.02108945708608022,0.01730345983686857,-0.0006295498976005491
411,-0.000270379627321886,-0.0008857646319927877,-0.00991215617582639,0.009415441560852772,-0.01042423053422699,-0.0005273411306780712,-0.001697152646690124,0.02168335275863789,0.03609743118714459,-0.0006516375673702902
412,0.004116690764639411,0.001740069335440179,-0.007708085053155609,0.01047342746414753,-0.009232540069714475,0.002486249472946387,-0.001595954188290093,0.02266474112761366,0.04170148063933997,0.002446338308420508
413,0.00626958142267783,0.001256351001690803,-0.008511265067395208,0.009401361907646684,-0.008644776407613158,0.002840408319295694,-0.001166645197629369,0.02344176974597974,0.05754167464797214,0.002792577935845532
414,0.00494790922058957,-0.002796073538970508,-0.00842498937238195,0.007481484259799288,-0.00833190486110634,0.001639963699745872,-0.001881740367571164,0.02318934775619907,0.07637260566538812,0.00283818452910775
415,0.001167951552776552,-0.001078113794996301,0.001469181227246364,0.01088731691596758,0.01925258962188028,-0.0002697407203384535,-0.003781324543946135,-0.0268313037111202,-0.1205058164311382,-0.002709296029971281
416,0.006408444797778304,0.01103031780230527,0.0005019231585868056,0.002427939909802852,0.01771935477413694,-0.001702702981549831,-0.005744480164752005,-0.02819922452348324,-0.09003170945048072,-0.0034658531997267
417,0.008396347239790627,0.01534135925353339,0.002926147970669534,0.004870078743904986,0.01656092757413285,0.001158950639621034,-0.007324536331952641,-0.02281624240491573,-0.07321895990465994,-0.004069050036978107
418,0.005657209762413282,0.01399267871933817,8.775104599449121e-05,0.006494612499542486,0.01763771076385945,0.00083253183103156,-0.008328200742365805,-0.01832622328591928,-0.04899755778171445,-0.002686782554717618
419,0.006465151874752471,0.01352036516268348,-0.00328645756025781,0.006718379343891019,0.01871300882257092,0.001143647105709645,-0.007716037057348774,-0.006713018561890981,-0.03345718449466331,-0.002324629070987156
420,0.004835596990837709,0.01113481798758882,-0.003205188888028014,0.009530778872608274,0.01689773991276213,0.000813202249211667,-0.006793070241955208,-0.009954026482412545,0.00871714895547687,-0.002594932148479201
421,0.006692605910634308,0.01443963252928413,0.00519311784046423,0.004684182216569964,0.01408032925966727,0.0005662832773812613,-0.005348837604914008,-0.003106332782027344,0.02153585159252701,-0.00555290660628939
422,0.009202518522190145,0.01134097284500851,0.005024336479076585,0.003741613313369651,0.0119827736887376,0.0004649413147597221,-0.006556776297240904,0.01586923735121106,0.03138057808500663,-0.005950199412316028
423,0.00979464005330028,0.009599335797662919,0.002026655760668941,0.005030189555013544,0.01065869332841647,0.0007808392563032989,-0.003105551333440457,0.02092369863445176,0.04751357759254637,-0.004924103875216026
424,0.01088449838243139,0.008063387865634286,-0.0005920668946002401,0.006322197407648823,0.01000293361115767,-0.0008081092347948313,-0.004493251232246945,0.02313049914941161,0.06251122705054636,-0.006638311024608266
425,0.01144728829559793,0.01416089823130751,0.003375800255137393,0.009186296734433674,0.009222243185818253,0.0006814448320472138,-0.01432429673551313,0.03389095888096975,0.07805985198731619,-0.007346388964011626
426,0.01173722779219852,0.01601887848540642,0.005188154991144483,0.008424147503118266,0.009130750641845032,0.0007504076836982218,-0.009448870270049554,0.03149808833577334,0.1016337385631772,-0.006574356459053725
427,0.01085353560782002,0.02017050248907374,0.004116213941000736,0.009178982985616677,0.008763816965776706,-0.001319436735604566,-0.01122645967064144,0.03083035509245953,0.1212341678007509,-0.006426194188162107
428,0.01000150532410329,0.01817293774997687,0.002189311378607027,0.007045878023292719,0.008065099091472943,-0.0005920790482808601,-0.0108091159724544,0.0291174680587165,0.1231088635178429,-0.003304857109744321
429,0.01159626450488585,0.02164493449817977,0.002071171427421976,0.004193125192966029,0.007569158637003956,-0.001852394073436295,0.001082383619354937,0.03107258885422936,0.1282964608400321,-0.002753062955332716
430,0.01235000039237011,0.02769812866700073,0.005715777393583043,0.01009905771399504,0.006848496515778346,0.001303990662988321,0.00317547786316106,0.03275615733742058,0.1323309786396788,0.004459685869009515
431,0.01565413897978939,0.0304448453992691,0.007567394819790727,0.0120672209067249,0.007440094814543285,-0.0004560310649957351,0.007560772653091513,0.03395675567059356,0.1347740219357497,0.005831860105975657
432,0.01502611159825495,0.02833229551347844,0.006920188029045469,0.00755572985924461,0.007326273338749354,-0.0002111964882623248,0.007570860930345535,0.03402303259397323,0.1362361032808566,0.005589255491110457
433,-0.05091577044118131,-0.002690609767162823,-0.001543900856754839,0.0004411318374556437,-0.009426494700296937,-0.006591872234806475,0.0147326135174877,-0.06307126471920665,-0.1773038452737619,0.001275769323359964
434,-0.04944601406030419,-0.002212749680266336,-0.001077602139707985,-0.0002070374323782762,-0.009973491634326865,0.005560663240510326,0.01437950637885009,-0.06523860911227419,-0.1795318104833319,-0.01283491709890655
435,-0.04211810837416846,0.001688772221113832,0.000788705229147867,0.000598250240018682,-0.0097108137810712,0.007828297464748335,0.01920844992343532,-0.04700184442875505,-0.1632532621569319,0.002169922519401764
436,-0.03534309225609467,0.001959398148165583,0.002662413416561321,0.002232153887479807,-0.008220506266196644,0.00815399711367628,0.01848240181416705,-0.04222892396619268,-0.1503378442967763,0.02261593387259903
437,-0.04315957569615671,-0.00145933140607786,1.929189461416557e-05,0.002314334727299054,-0.00484519835347991,0.007200549690423041,0.001920519895568857,-0.0435298345262772,-0.1675207844225749,-0.005746518376919143
438,-0.08236839877116,-0.06996220692361046,-0.006185699311885133,-0.0156479754236762,0.007413737445706774,-0.007704703539095194,-0.009165872368793859,-0.0555576141999649,-0.1916849445742062,-0.01728354351442523
439,-0.06947248785298568,-0.008379797649777225,-0.008964343038659527,-0.02105363737338965,0.005974062253853166,0.001484084869572991,-0.01207866758320325,-0.04795619090207302,-0.1639607262555304,-0.01141071352145771
440,-0.05838832522842103,-0.001522174942137556,0.01071565754652628,-0.01651111115462452,0.001919810010846094,0.003966419065544735,-0.005979669669376308,-0.01854684044382531,-0.1201995827176335,-0.002282712484677193
441,-0.08948515864106174,-0.06857477005587476,-0.004127125992457061,-0.0185115355736026,-0.02257052719976046,0.001276914773943805,-0.003218967726653854,-0.01743161465319994,-0.1013661471236679,-0.004960806373180991
442,-0.1027277623936144,-0.07782529315285534,-0.0083076555577852,-0.03220357407424901,-0.02655631518330241,0.001389727803604325,-0.01228371853312614,-0.0142524809760102,-0.09989817909541243,-0.005357176434434055
443,-0.087104716956725,-0.003115438833865486,-0.008349769071825145,-0.01579707387942296,-0.01936606355210582,0.002160514883190203,-0.002141603366706413,0.01682939545535013,-0.05580627219304229,-0.004016950550611685
444,-0.09055329519281843,-0.03105847811317124,-0.01227423854091513,-0.02348246645016226,-0.02209559777449789,0.001479662584899291,-0.007528217786328353,0.01723426227311151,-0.05805450181828421,-0.0042141040556926
445,-0.07447908705576492,-0.05315898517327909,-0.01033530904342147,-0.02050660496245975,-0.0134844779351294,0.0006612759902187861,0.00342933239262568,0.02161618658640516,0.008736689071778781,-0.001908114658265326
446,-0.08395144549807881,-0.002282181084775658,-0.007402488456774521,-0.01936575437012143,-0.01349908132788703,0.0003380936463245256,-0.002002243756420591,0.01921018270479662,0.02659931547476303,-0.002332936906923467
447,-0.08364186236546066,-0.002498939334622322,-0.01056027336333925,-0.01895612144626213,-0.01216920106329215,0.0008634685218898916,-0.00210615972128994,0.01987427686015977,0.04485910556548284,-0.003162253187344046
448,-0.06940522121058501,-0.003669432515545758,-0.00142171373413986,-0.01582270469681751,-0.01136229085546726,3.49405365271914e-07,-0.00330399232537241,0.02226359366928185,0.06888091136141988,-0.003239018359781978
449,-0.04562771718025669,-0.002891091920750802,0.002023065724484707,-0.01545403759119198,-0.007249465138048312,0.0004292501068414673,0.002868823060011494,0.02314021621200084,0.08335131550759957,-0.002871244031965283
450,-0.04078298018958094,-0.00299925721910126,-0.0009862667589159548,-0.01636988601411371,-0.004741663625266627,-0.00106824042752717,0.001627802001782797,0.02187769096370089,0.1015212602697608,-0.003345396299076431
451,-0.08211591099831056,-0.01964337828913433,-0.01708288198041375,-0.0359060570970357,-0.04665437869510961,-0.00857292226933886,-0.01460583578792556,-0.09512353546053237,-0.2539201608539559,-0.02558724184466681
452,-0.07519609678119127,-0.01382968124938407,-0.01013062053447632,-0.03129409690956313,-0.0166667327037215,-0.005552741659566588,-0.01309201119953009,-0.0858436193332739,-0.2380379026240457,-0.02226264283356895
453,-0.06993077947249746,-0.01219110495493076,-0.001060192698629622,-0.01210256229840783,-0.03808901419156677,0.003345713632061282,-0.01417317343321505,-0.06706606012989111,-0.2286733584251498,-0.02214027251889965
454,-0.05831978152379935,-0.009257006132918116,-0.001149474894369485,0.003789260345234865,-0.01520825266583326,0.00405462246441276,-0.004709636901500441,-0.06315834385099026,-0.197778309485199,-0.01645170547134321
455,-0.06778132213187321,-0.00789266108021502,-0.005856707597107911,0.003083048192718818,-0.01500583481673371,0.001404396407629977,-0.009686166820484858,-0.06518366756122618,-0.1805897146833441,-0.01467486239581461
456,-0.07018087267966258,-0.008510928655355514,-0.004018586237055226,0.004927811886935053,-0.01584617084371653,0.00279897908100736,-0.004845752528263268,-0.04759573136306106,-0.1580778338637647,-0.008729840502063001
457,-0.07169382266300711,-0.006189783904749297,-0.003232490314998738,0.007980357367687152,-0.02138537047207026,0.003051483667531002,-0.006625454827042888,-0.02151821817379204,-0.1228151812936444,-0.005201734335657683
458,-0.05368646365394161,-0.001891639513985522,-0.008024162415430563,0.008377995040933504,-0.02349545335601529,-0.000367470596207401,-0.007832257204354522,-0.01570994447561694,-0.09271136271365203,-0.00443585981589325
459,-0.03098616238945513,-0.001147871633977162,-0.008007660931894683,0.007992900092822266,-0.0232710468250063,0.0004354931293151426,-0.007407810204921794,-0.009579178553966273,-0.06458754836544729,-0.004875914796909648
460,-0.02398842611492539,-0.00425137039210054,-0.006371340631221916,0.00830731246348835,-0.02210586862464633,0.0008765544901055378,-0.006648591013234607,0.005571653958924379,-0.032840295167735,-0.003256618325884066
461,-0.02721983629736134,-0.006420521429733118,-0.0009752432405506467,0.006505120325852478,-0.017291673849337,0.0009410999552473667,-0.006326050612818617,0.02062251874126052,-0.03578680055914261,-0.004441152685797515
462,-0.01476748916800641,-0.005602329177245499,0.001163147013443477,0.006171083856897274,-0.01657543095809889,0.0009280316635936779,-0.00746063694963466,0.02232214703505654,-0.01799125742935178,-0.002338703291065292
463,-0.01222994334122987,-0.005115483391913582,-0.001148557311035104,0.005921918703158786,-0.01482593963412381,0.001559328455058268,-0.004065943730251689,0.02170397424410267,0.01773519925080028,-0.001853561979850281
464,-0.001190882262141297,-0.006656438088441427,0.003234335398201266,0.005754612043287401,-0.0119373624004624,0.001633123867682805,-0.00300849150954953,0.02260908591899886,0.0373493145760475,-0.0009126655892927737
465,0.003001688342136891,-0.0110685979856434,-0.00795322649525369,0.00337459852854554,-0.01190407561258906,0.0008325930357063063,-0.00237278127062396,0.02360611263177945,0.03983325674785829,-0.001151125099472577
466,0.006311963264148934,-0.003852734353823028,-0.006132248640042354,0.01286245866091967,-0.008840955863732701,0.001996524415467223,-0.001672952768496466,0.02368967911200846,0.05707387805910733,-5.045926431530205e-05
467,0.005618249541421554,-0.006921504994426939,-0.007549205484556943,0.008050007906438367,-0.008486402489216996,0.001663678147503343,-0.002702229682068189,0.02423490956578774,0.07777801929508815,0.0008866314733332577
468,0.005218629024822044,-0.008244955727353242,-0.007673720799149485,0.008650717118425138,-0.008731182320689628,0.001570420299481943,-0.002525438621981998,0.02411564058358361,0.08187863161421201,0.0008828439418647054
469,0.001532790202031284,0.01419012820079886,0.00429793514716182,-0.008965959230925151,0.01828793752297831,0.0004683532792636147,-0.00317092964043434,-0.02961990942344557,-0.1572229130487593,6.840321693360539e-05
470,0.005307303536821614,0.007534653381122849,0.004341061686562181,-0.01176766658456494,0.02119320491872734,-0.00285272530338169,-0.002183243503417755,-0.03035955758560674,-0.1154070419108174,-0.001527870830341047
471,0.002732384886131301,0.000146259645638849,0.004246748938811243,-0.01463100573194495,0.0181272373191742,-0.001460616362269715,-0.001362376630642113,-0.02612042406209636,-0.08857039354594781,-0.0002779047095233905
472,0.008159784527688839,-0.00408561724536463,0.004955881632236238,-0.01441937539104709,0.01885908865889217,-0.0005351901057519229,-0.0006929883792787148,-0.02154963514874395,-0.06988479884758014,0.0007007086751097533
473,0.01248954416492516,-0.007028254276328886,0.006025489894444474,-0.01515893968357845,0.01799516404251245,0.0005792178830495334,-0.00145590313094837,-0.01431233233997019,-0.04163240021210121,0.003158562816575911
474,0.01367943194930482,-0.01067357947989168,0.005887390683788478,0.007227919871307423,0.01691896687915287,0.0006358670073268232,-0.00453281120401676,-0.01043972132312686,-0.01867992639173628,-0.0001714361621246098
475,0.01031829626753786,-0.01005820016892045,0.009318768664624087,-0.01845197193386572,0.01715611661462636,0.002678247709283069,0.001229997936040542,-0.01428173600935564,0.01387949798740559,0.0009270568642761061
476,0.01027388447415534,-0.007830650698690973,0.009337249177270378,-0.02191307841049881,0.01318520309628101,0.001450289227160126,0.003785368666138898,-0.004470741819772269,0.02682645516058742,0.0005037651252351986
477,0.01069246801289505,-0.002649712211885698,-0.008771659879267587,-0.01551930258577098,0.01002662804525402,0.00187866363238878,-0.001810423331405569,0.0158292467649611,0.02645445999873262,-0.002007347258109545
478,0.01014844381693589,-0.003387719223513416,-0.01023028783597597,-0.01313603115875754,0.009222652138530036,-0.001342543762644823,-0.002243753241552377,0.0181540836881873,0.04258156714920474,-0.001482898854931057
479,0.009910609743141396,-0.003345599593036574,-0.01018711204927767,-0.01576552394394059,0.008886441141124342,-0.002182671185730393,-0.003897791927763214,0.02106229217253196,0.06300413381159568,-0.0009171221790710707
480,0.009957856694357125,-0.003841815482279626,-0.01136485988218357,-0.0192478105297593,0.008471551632227266,0.0007418047637615525,-0.00598244647398,0.02288217386696324,0.07791178795160747,-0.001412176642245701
481,0.01253875802769329,-0.005140875517560472,-0.01364542881536669,-0.02030585744387204,0.008548762465358222,-0.001179338125245894,-0.00616743559786291,0.02335251606266783,0.1004311605478315,-0.0002129074654010506
482,0.01292567205564138,-0.005526224652967478,-0.01256288891202239,-0.02007721246627226,0.008183732887137942,-0.0025864201948009,-0.006212212692483576,0.02296605785020567,0.1018217027638506,-0.0002770194061776284
483,0.01324167977400544,-0.004146784483025047,-0.01299883755702841,-0.02298568092489862,0.00878182056817813,0.001065436804453621,-0.005795798391938301,0.02265482075214673,0.117289502745823,6.380474863061067e-05
484,0.01308284823631764,-0.005663986226410432,-0.0132435433442118,-0.02308472320204071,0.008730564174146187,0.001207722965303899,-0.005234566087482817,0.02255971423437974,0.1178033977012223,7.241865548984153e-05
485,0.01348581452533677,-0.006022262997524511,-0.01291527261047011,-0.02268024189855639,0.00918736407793986,5.974958563884964e-05,-0.005170952554951877,0.02298588619616202,0.1181118385473089,0.0001018833799182898
486,0.01350549022457349,-0.004074387796193225,-0.0129903002247702,-0.02272748044320399,0.00863200456784583,6.341580189453657e-05,-0.005155750424247988,0.02317574405659596,0.1186722993506822,0.000119984378188764
487,-0.02144121296407882,0.02429497414673188,-0.01093735389329682,0.003921861785279495,-0.008701231730103043,0.007698452954740026,-0.007131526289161504,-0.04710038875140521,-0.2010924131684478,0.007511973032799601
488,-0.01278160580400607,0.01419365722891579,-0.01027344279465565,0.001338206766705235,-0.01225397730966014,0.002588558240060961,-0.005244388913917979,-0.02447646728935396,-0.1717511118887751,0.008385502211465033
489,-0.007563538638082899,0.002330850457879002,-0.005968742770500045,-0.003712579181212204,-0.01377690300560735,0.00316299480959518,-0.004125075577374456,-0.0233367643199556,-0.1587390964430311,0.002263230103089119
490,-0.002357091890695653,0.003886430200392413,-0.004037961534649383,-0.01754021529761197,-0.01187737067911473,0.003938676043299519,-0.0005147294621484773,-0.02519312015931145,-0.1241053830178092,-0.0003208735761063103
491,0.0008998265992801908,-0.01147833247324367,-0.00800737413986161,-0.02131070524516426,0.004840619273990064,0.003080963766136075,-0.002324462269574494,-0.01402079227491236,-0.07309943281167794,-0.002562301539128987
492,-0.001511015710032469,-0.01246112853142233,-0.008500053910444727,0.003981804882521248,0.01448506277241907,-0.0008958669214637366,-0.006995058913241309,-0.01066794279781927,-0.04644827956503147,-0.001952356132369936
493,0.005226531705944377,-0.004978636463505593,-0.00856508159143376,-0.01471998835177586,0.01454763736600609,-0.0003113371782324938,-0.004339684485060029,0.01528104223678306,-0.03581494152657586,-0.0006225609679231501
494,0.007229040177166295,-0.002082713712543292,-0.008980080117619901,-0.01455723445700287,0.01376446155725215,-0.001196830715653497,-0.004026034960419044,0.02426996935761393,-0.02619332582215824,0.001201693290392712
495,0.007051450726088206,-0.004638639423018472,-0.01072642355194973,-0.01192487748716704,0.01104701685757197,-0.002481053672379187,-0.004586500710120203,0.02401246442790696,0.005932602342483764,0.0008184327712543942
496,0.01092507141517947,-0.003219577479576756,-0.01199379801631377,-0.004299287925658344,0.008674750961464778,-0.003946935195089703,-0.007471538922866122,0.02396245873913668,0.02609481432051578,0.000745519467914199
497,0.01215620346029767,-0.002460262328674003,-0.01094815804345132,-0.002131356140951572,0.008212671466136575,-0.002138788926316914,-0.005143754054806622,0.02948746343473194,0.03091244972247425,0.001746348312388155
498,0.01047046660481803,-0.004291545307091274,-0.009123084163071215,0.0003785529329534578,0.00800388598781327,-0.003660725459455631,-0.006419927669352996,0.02645707188322985,0.05573922770735934,0.001904290072800793
499,0.009550355910766629,-0.003197979133013142,-0.00950635180017551,0.001327068861676911,0.00791789358997323,-0.003858697293948132,-0.006373780317201296,0.027075192481606,0.07285494579011229,0.001053205227683866
500,0.006810272988350867,-0.003196381367319251,-0.01130629159689499,9.14302213848934e-05,0.006282011449989956,-0.005790341770800177,-0.01763881308083928,0.02601743025109302,0.07602967417813437,-0.004705573299309695
501,0.00941503894802738,0.001912145551093497,-0.003124702802342937,0.003962729903735114,0.006609116386484764,-0.004227660784161162,-0.02011765051646822,0.02665262579798983,0.1051693001777177,-0.003197771405743058
502,0.0131307733061377,0.001628524988334114,0.002084014995048875,0.006290434116508406,0.007054445245170148,-0.003655430415204182,-0.006528357217125692,0.02724735633765783,0.1180727913157424,-0.001802440461992046
503,0.01483599440371857,0.001145030307758148,0.00193844106840429,0.005389154027851038,0.00753820008908452,-0.002054827996614469,0.001730331863439788,0.02833090920659596,0.1197967039232248,-0.0004131453835665216
504,0.01483265082951529,0.0013942898308742,0.001949498987847464,0.005437650639143576,0.007655206867811648,-0.002072421684976504,0.001747920529493268,0.02851326171965275,0.1205284193747367,-0.0002691827311668363
505,0.006748484759435864,0.003650517106054432,-0.01042818773564841,0.006597602417685953,-0.01064044415320873,0.005808285122703953,-0.007542393872043468,-0.04230652457280099,-0.1843798603173547,0.009178418633428304
506,0.01728847175673537,0.000811703509037471,0.0005776598271920058,0.01055362008899918,-0.01024453265633611,0.006854936022855429,-0.003791333312583301,-0.03736356482335719,-0.1627289364371526,0.01272641553515224
507,0.01118618132395677,-0.003318306876950197,-0.001731707470903912,0.009045237142343095,-0.007468734540322599,0.005941319462293003,0.02166809743391591,-0.01799967413537458,-0.1558860498637845,0.007534746996623332
508,-0.009196974942548269,-0.007075169634751936,-0.004453984442203282,0.01189116713132714,-0.009652078317943586,0.001681755753263042,0.02350661038556282,-0.0204239938532442,-0.1504854196705324,0.001067134736255197
509,-0.004345279222570098,-0.00521321099159989,-0.003533422133048698,0.0170287211089204,-0.008551288584734931,0.0003129040361046305,0.02402498763318137,-0.01999380491179336,-0.07263082116583795,0.0008118063674756569
510,0.004817189597395623,-0.003563939447082573,8.899828894877676e-05,0.02826916332564609,-0.005865538447281526,0.002738178212408855,0.02520082022969462,-0.01326726334978124,-0.05699893798312921,0.000663189889231687
511,0.004079086590603487,-0.0001430733236274083,0.0001082533972789749,0.0227042719228427,-0.001904853155372256,0.00390822713195638,0.02030215690117708,-0.0110762997756724,-0.04015949831272909,0.00191036409649309
512,0.006145052435292649,0.001221385825426635,-0.00453583057670104,0.01473181962752403,0.005357170519913084,0.001873658015510243,0.01454016609829498,-0.004791657105256896,-0.0242734531397413,0.0008139458030992086
513,0.006537737963809137,-0.004396792366002971,-0.008856253566520252,0.0143847572196314,0.005075380284619566,0.003163799143298876,0.01167722301522467,0.02076158413060608,-0.01869144269057175,9.99261031286956e-05
514,0.004600642275206076,-0.002402677277253367,-0.009489400065055855,0.01250579328093196,0.002523337264441239,0.002381291192744701,0.004238417400662331,0.02109336821965944,0.003265909677484601,0.0010960414487155
515,0.006571056092830629,-0.001576604395167109,-0.007910708145055043,0.01003560946375487,0.005759149788133506,0.002220181264351214,0.002202069470380791,0.02289221927734169,0.01159459385901545,0.0008653578057532928
516,0.00762508410404687,-0.002618031880526512,-0.0102094715244878,0.006990465692064685,0.00915101272400234,0.002783893172131418,-0.001867489384294692,0.02570367842395558,0.02331708238803705,0.0003582391506146502
517,0.009743482819929084,-0.003088175670436372,-0.01155990552822431,0.006180320089817852,0.007696260705898467,0.001716718466203996,-5.195965533187348e-05,0.03101531996526802,0.02947471459688563,0.001112405050920928
518,0.009107351741035118,-0.00436888337843796,-0.009691296216324998,0.006132825549324909,0.008486714794390726,0.001029175612462519,-0.0001883133482854973,0.03046142421578111,0.055050650745175,0.002101294271800711
519,0.01182003461158706,-0.002285570345410413,-0.009972543896246982,0.006453882764619924,0.00836716939768974,0.002261314944784047,-0.001622500444906535,0.02986753745633053,0.07093260343207486,0.001350963680161924
520,0.01243951858723068,-0.00287345624438224,-0.01078420809894041,0.004042187607622311,0.008497979569551367,0.002007823173497213,-0.001949683265213979,0.0314307333343892,0.07971596242796278,0.001376169891867171
521,0.01310294333093556,-0.002946015855752882,-0.005529635763000957,0.0008551245188579985,0.0090354024805904,0.00386592874054367,-0.004028522559574542,0.03139262424616435,0.1040732293844199,0.003304005860437987
522,0.01385689388769045,-0.003130452554063332,-0.005854702657254379,0.000843644685377859,0.00929075287610849,0.003807695280947444,-0.004186342444890972,0.03115790115378935,0.1174376126822004,0.003763002194819375
523,-0.005299768852047079,-0.006749516971792012,-0.004412675087403962,-0.004924366787666752,-0.009142460412369803,0.0004808871157861627,0.0113407764428551,-0.05303946077204534,-0.1629161858442396,0.005615461390113201
524,0.008596456395013425,-0.00148353364500785,-0.002638806682465089,-0.006004099097124856,-0.009256092297081246,0.002413228012931478,0.01023381727265446,-0.0482279432190158,-0.1671483588707169,0.006870910669366135
525,0.01566013903674626,-0.0005035084029576181,-0.004660883037330719,-0.007910615767623384,-0.01014824614021721,0.003795365424741051,-0.001493949842311498,-0.04869186793416914,-0.1569358752752765,0.00587699910308026
526,-0.003516910694419218,-0.00211103338968535,-0.002166911264936642,-0.01066412994014979,-0.01015611854101357,0.005611888795336977,-0.005828858485345569,-0.04804439090263454,-0.160329473715346,0.004708196220188888
527,0.001335340533167922,-0.005191984163063743,0.007287545942708284,-0.01157885675925804,-0.01104291983805848,0.004955889525187104,0.001974449401321567,-0.0417795778698498,-0.1180630375679835,0.00938615223177241
528,0.002480210861426514,-0.003663292944336927,-0.001308656911106411,-0.002298196530736,-0.01241315313099636,0.003928531139538841,0.001000369513679589,-0.04241222140068458,-0.07981009002371932,0.004903370193318638
529,0.001801670072764283,-0.002987156621986556,-0.003349122531212079,-0.02339327016585933,-0.01505914848556944,0.003386873088113671,-0.005769281197439811,-0.02826215384026298,-0.07172009608241083,-0.002007859391507167
530,0.0001281947904668887,-0.002244097471571565,-0.004473269516753677,-0.03172510352637007,-0.02052715348381017,0.00277540488249685,-0.0008893769194950121,-0.02128469175978365,-0.05576129630099447,-0.004099662839407386
531,0.0007102195110240518,-0.003367605391862411,-0.005958927153466855,-0.03053534543189465,-0.02098084260796233,0.002825537516684819,-0.001715207005718782,-0.01201630394954542,-0.04335821641521588,-0.00359481569419888
532,0.00579623729336187,-0.002859077669874111,-0.006199900635590914,-0.0279000285384147,-0.0173213535242317,0.002172005604495085,-0.001734243548598834,0.003051407559198042,-0.03564428169378806,-0.002100257262901215
533,0.002324752031765606,-0.002846155153199441,-0.00857082603560411,-0.02663722223268953,-0.0116387829163761,-0.0002565339425204224,-0.002455631888014434,0.0170571566640082,-0.0007049279199773024,-0.001006278993706011
534,0.003863187350864934,-0.002861817743050763,-0.008951345493439558,-0.02274750870022595,-0.01161258228417024,-0.0002501159151825653,-0.002743597937631997,0.01893275941922414,0.01731284554697451,-0.0004016823471791887
535,0.006922313457503941,-0.001878470981846814,-0.00922850390582821,-0.02313800858409584,-0.009981358820798291,-0.0001992557574517402,-0.0007168022044565489,0.02137719728767251,0.0328470601347025,4.558563022689997e-05
536,0.009357509581291713,0.0005171176798516266,-0.008342703906335071,-0.02223980503409907,-0.01719630886048726,-0.0005208241451517715,-0.0008306667462686735,0.02217959116042105,0.03727872328434491,0.00351784299727134
537,0.008546455471143289,-0.002040037019624677,-0.008473475283620018,-0.02298552946885932,-0.01710685806756419,-0.0001929717812415065,-0.00192212196521299,0.02195475740305987,0.05142475726084104,0.003509797724460269
538,0.01006675127853351,5.151868252005915e-05,-0.007676997420177429,-0.0181015185627057,-0.008396937060364262,0.00228740898167158,-0.006710461460492339,0.02226695807691228,0.07771241231724285,0.004644065624236193
539,0.01074422186205768,-0.0001650831162133099,-0.006748694535974558,-0.01697974858387243,-0.008327705218793283,0.00205804122545985,-0.001380401284551719,0.02300503392174118,0.0887046830702369,0.003753062719291514
540,0.01083542066390102,-0.0002131392437295583,-0.008036122791374115,-0.01668450670298223,-0.00889288593187542,0.00191610128592917,-0.002058163710022608,0.02285961464257655,0.0964352281261728,0.003793389036977308
541,-0.02534107469929004,-0.00954802598557469,-0.01056678062958238,-0.0005485435406137278,-0.009628696104419939,-0.02423868202760745,-0.008039052315008035,-0.08076594676165125,-0.2350943552771328,-0.0001016979509403863
542,-0.01544585858597901,-0.01213043441503513,-0.008656582645825453,0.0001484164687745326,-0.003320884012802442,-0.022299596136933,-0.005595360400045055,-0.07132603432934737,-0.1924736196354242,-0.0008878177607037106
543,-0.01140619531534175,-0.01726920608339671,-0.005843308869854279,-0.01136747810370307,-0.008454817519249905,-0.01123854523825071,-0.0007641659292853098,-0.0585096676621491,-0.1699070535122028,0.004878838272734718
544,-0.008439038260835736,-0.01676038175569931,-0.007464516617478427,-0.0170009721961296,-0.002854349932247242,-0.00673062363871248,-0.002388334628894016,-0.05790994016160664,-0.1323910974010807,-0.00242433708994206
545,-0.009673074679806899,-0.01405842117532256,-0.006102585866882476,-0.01810393521929213,0.004726974200516714,-0.005605387838656115,-0.002657835355506379,-0.03776958092657818,-0.08612563438389213,-0.002693478770538564
546,-0.007033279307960831,-0.01612772805570845,-0.00783774639429101,0.004728903050398903,0.0009191354874817832,-0.004619401770415922,-0.006430194524381828,-0.03788772770613527,-0.07479004126970305,-0.003864278053905342
547,1.881841126718251e-05,-0.01226599452776472,-0.007956058436773203,-0.005056953049157605,0.00717583520528047,0.001763510006655734,-0.007858942735512922,-0.03793630018392816,-0.04061633088656939,0.0012017172722995
548,0.0009792650338769676,-0.01070778061435552,-0.008184393576180941,-0.006074467645168516,0.007335688155152334,0.001763581527998941,-0.001963070097261529,-0.03131827116767343,-0.0321102848194872,0.000769661130532841
549,0.005577337164010821,-0.009342804609761668,-0.006696247110562801,-0.02202211566366145,-0.008324338138632937,0.001633288970997322,-0.001645925395665155,-0.02288038581116573,-0.03166331735735983,-0.0009498265216019217
550,0.00525966985115914,-0.007942207912612602,-0.008249987354149894,-0.02719763882620303,-0.01183163447788302,0.001308374108266602,-0.001481726195554179,-0.0179007370300129,0.0003683954167432231,0.001050784392377347
551,0.007604454147870848,-0.004144573930858205,-0.00988194429238158,-0.02732301982233284,-0.009406187368125016,0.001044655709958005,0.001882629453294091,-0.01099692708818712,0.009404457141408102,-0.003970497187340415
552,0.007106961183246335,-0.0099827657196713,-0.009802787740716431,-0.02695813287428088,-0.002207495684066207,0.0006282348613758564,-0.002898108607132996,0.01082320075664699,0.0209203274564544,-0.00364449675465607
553,0.01090218541335338,-0.005567494763670253,-0.009015982202858503,-0.02487538178575829,-0.001206425043010405,0.001042662111659355,-0.005149632886082486,0.0180515653796256,0.02388743953498181,-0.003149380391484934
554,0.01105279319304689,-0.002347328447734465,-0.009254220303670077,-0.02407250029010284,-0.00225614159016925,0.002567724170145923,-0.003671064226978876,0.01767394265768738,0.04159255024030853,-0.002532140494109406
555,0.01149656518820978,-0.007075987240997213,-0.006952602814028517,-0.01881630542961338,0.002907116854614378,0.0006445752598759131,-0.000437283818700934,0.01935295631141735,0.06955305441928446,-0.001001982052735542
556,0.0119279427038466,-0.007101688320531987,-0.007203020416271605,-0.01888126413905242,0.00940628576341797,0.001186704164567568,0.001077995554486839,0.0190979174395707,0.0701566349734682,0.0002197593229062097
557,0.01275860298807548,-0.006577526775037206,-0.007910905936482655,-0.01857191316597023,0.01124321768190236,0.0002925274790265667,-0.0006114392371790386,0.01850415036521372,0.08749582742041541,1.447061210623098e-05
558,0.01153447535371676,-0.002439237300131467,-0.008738807892167553,-0.02020858021410422,0.01173285125217711,0.0006563486552889912,-0.001092694554022472,0.01834487483983815,0.09689070940040088,0.0002131016988593622
