row_id,urb,gov,inno,edu,openpc,fin,dig,pri,inc,soc
1,-0.003884827936152969,6.401495108549632e-05,0.005142229758733307,-0.01237638727276393,0.006749286195808436,-0.006201971869427363,-0.01052964641449271,0.02251282860452498,0.01065948605932708,0.002237043676617468
2,-0.004378313972403567,-0.0006834597288883243,0.003890778958409799,-0.0148074408555377,0.00512299666315316,-0.00555063912108492,-0.0110586677880497,0.02084462657380099,0.01527610269542992,0.002465096618408303
3,-0.0007163870580039552,-0.003109427499596865,0.008207349121246515,-0.01413757793941598,0.007616151723260597,-0.00508436931433357,-0.009138111563590571,0.02086831503634325,0.02579886361923407,0.001512720080401475
4,-0.008793976649735519,-0.003464035621694527,0.006945771759033686,-0.01567605132578982,0.003097111036885022,-0.006031211285430725,-0.01171135067769524,0.0189243819863335,0.03037536772471838,0.0005117784556858114
5,-0.00472347351705334,-0.004328652670315877,0.007396376805070122,-0.01220328617268343,0.004257150032953405,-0.005640489375170223,-0.01105578334657208,0.02149072912616107,0.04565004794836598,-0.000414948156165891
6,-0.009008022218657914,-0.004437745381920004,0.006748652213341988,-0.005691050218222292,0.002356230498372471,-0.006059795737443406,-0.01211780878041081,0.02235848226531981,0.04087888999171568,-0.003086282061796552
7,-0.003961490343033021,-0.004847240940698636,0.007672283453395571,-0.005791973444926029,0.003593256885634823,-0.005031041843622283,-0.003766061047410708,0.02490621256525869,0.04393532317475818,-0.00215099376191252
8,-0.00833943414804429,-0.005400009821741045,0.00739516370238663,-0.009714788008483083,0.003698463176455537,-0.005610153808844452,-0.00332080993849434,0.01966866317987139,0.04267707566578109,-0.002119830639138864
9,-0.001493611479606896,-0.005264646826321599,0.005348988139166701,-0.01241944354017982,0.005040263531385277,0.00334617956663724,-0.003433898555137552,0.02085722596499178,0.04380624354383558,-0.003842510163872122
10,-0.00468738856831366,-0.004702913935539311,0.008542796856210837,-0.01116778207518215,0.005207289177902728,0.01217296400804738,-0.0005396038023446812,0.02435039068264147,0.05334080656489967,0.006842593848683468
11,-0.004774279900098426,-0.001872189482561179,0.01044317174402304,-0.01185679593406533,0.007555515165342247,0.01313886158086959,-0.000583175734140677,0.02382724384232622,0.05227853433924007,0.00688404467888365
12,-0.004847888091795561,-0.004517660492218049,0.00850673524166955,-0.0081658627899249,0.005342139332072713,0.01221318157107824,0.004990235689584279,0.02460731495953457,0.05041949118289381,0.003392910670720997
13,-0.004065489326378028,-0.002600219932224131,0.007917077865159196,-0.01073022941390673,0.008140253131615047,0.01420812879163418,0.004871374019672036,0.0240348595824094,0.05189683478983056,0.005531952218216892
14,-0.0141309715303335,-0.003234950169900308,0.005710832841765272,-0.01795528005177183,0.004212248284200639,0.0119846625009745,0.03660029132900063,0.02466258337594442,0.05218719816409932,0.003393232805601536
15,-0.01092196034130031,-0.002489477050278726,0.007902904830866423,-0.01766904074507699,0.005499779631231311,0.01333238111727491,0.0518921903029629,0.02737656751042826,0.05395455789452436,0.003664122485337005
16,-0.01082679547766266,-0.002380488757891862,0.003354903197420516,-0.01702035433652514,0.005487044235466426,0.01267444317498218,0.05237151276932221,0.02713830697527789,0.05412867737110291,0.00385649429295718
17,-0.01042439165877996,-0.002125656096923421,0.01023408591134216,-0.01051374686686057,0.005695436760121702,0.0141410495462603,0.06142674739203081,0.02875963328087381,0.05567336529276579,0.004503866819156422
18,-0.01042575971148678,-0.001213919587817314,0.009845344034884483,-0.01051940338632112,0.005525531855830707,0.01458801879256367,0.0619377324386698,0.02828868270191362,0.05597262364527944,0.004418784452019021
19,-0.04123392642010317,-0.00183883177785342,-0.003469548964035661,-0.0003738572268535116,-0.006204083610593511,-0.003055966808518279,-0.001020364444331187,-0.05810811512980436,-0.08160157997679837,0.005170167922558953
20,-0.03812471765783468,-0.003429756180512273,-0.00253377835222291,0.00117975416125485,-0.005470359416738276,0.002373378041408952,-9.384385289491987e-05,-0.04247255709734691,-0.0737294948052474,0.00930034339999845
21,-0.03874040440846663,-0.005806113342279024,-0.00185633695474633,-0.0008378667046413241,-0.004712708112082143,0.00158872576489088,0.0009389889596633041,-0.03670881394211566,-0.07235569030989465,0.008265734452489744
22,-0.03739300831571392,-0.005028231999539588,-0.001836300773087029,0.0003805794589762844,0.001803251780660205,0.002202014642882649,-0.003099483592879038,-0.03691675207728188,-0.07074087010210495,0.002801812112835831
23,-0.03808207516993953,-0.005200082323739093,-0.002448835503133076,-9.368757143393404e-05,0.001733230795429889,0.001401112195994706,-0.002707114988816582,-0.03752935517204564,-0.06680119486477687,0.002105933985410471
24,-0.04520378972766938,-0.002147974513374836,-0.001277533366252866,0.001766479923480537,-0.001643615183379958,-2.494198728071717e-05,-0.005359020464076113,-0.03880847089264808,-0.03952499434361084,-0.003158836426144934
25,-0.03910823826904029,-0.00256944351519723,-0.000837509779193749,0.0002137296592002571,5.476420654092662e-05,0.0008550606425370094,-0.002084460179127494,-0.03412328249652616,-0.03542273807865287,-0.001482540143819766
26,-0.02954485341506548,-0.001394716053441868,-0.001698205962984046,-0.0008445991809812517,-4.953928294515258e-05,0.001370170727274182,-0.002573601201884359,-0.02275695310117793,-0.03058171696300098,0.001079745684923956
27,-0.03105576335488965,-0.006126479503072566,-0.001752946856243001,0.0001432263935787938,-0.002154897713449526,0.002624777935729047,-0.002239494132966122,-0.01467417119171532,-0.01978723701694861,0.0005256721669037857
28,-0.0234545667909371,-0.006234015352019371,-0.002156230230222661,0.003075537943092641,-0.003024075014353663,0.003261294510819138,-0.002658910558996453,-0.001807275122212635,-0.01692583022836807,0.0006882018216706468
29,-0.02501833229018139,-0.007412338135982134,-0.001997040636239429,0.002806505968300355,-0.002182215434185147,0.003700305863268723,-0.003903548349852346,0.01308216112878464,-0.01789465663848454,0.001526575781348203
30,-0.03067646992490393,-0.009235043573364214,-0.002498958382806627,0.003065394879688406,-0.001698509937297815,0.001336978975280118,-0.004815772817168929,0.01133803293477346,-0.002185109135206719,0.001293823819072414
31,-0.03059279348167705,-0.008591338188035062,-0.004138985164714804,0.0002608407047524152,-0.0008502635197691639,0.0002068926037032001,-0.006836699124716789,0.01209336160191397,0.008841400600384061,0.001838933429640205
32,-0.02965642123443467,-0.009836141957191045,-0.003532092443977129,0.0002765677721589889,-0.001814145448996883,-0.0001075379833161609,-0.00649785553756786,0.01107861531363495,0.007681665492383719,0.002047783732887357
33,-0.025882556912239,-0.005382795416738318,-0.004184491988761365,0.0004679118377281388,-0.002845282903295577,0.0004818932055131036,-0.006914173683625482,0.01217792738839646,0.01216997279570482,0.002589997160563177
34,-0.0220123467677041,-0.002281741417045778,-0.004352253552104506,0.002086298611340559,-0.001756214697637585,-0.001205577271671736,-0.001902748556108845,0.01268775082041313,0.01856434206783945,0.003459745070573663
35,-0.01508417760661277,-0.002068463729872772,-0.003645275449481852,0.002222944071763595,0.0003104085888916633,0.000990324381444672,-0.00505488835620697,0.01248913696080083,0.02641369117891246,-0.003837917507487575
36,-0.01403305768805881,-0.002081353947488403,-0.004083441855329319,0.002231736265510702,-0.0003358093856521967,0.0009369888440921324,-0.005335869563636826,0.01270602477444884,0.03181867001934353,-0.003972669509935024
37,-0.001627120130875372,-0.001518178425757044,0.0008750294285037933,-0.004994594978775163,-0.001317296859254734,-0.01143306966947243,0.002129237421905445,-0.04225165685369769,-0.07172456146635736,0.002826647430846642
38,0.0002904120370892657,-0.00462157974181664,-0.0006300541726044402,-0.005637055423840766,-0.002290380601035741,-0.00898187212050692,-0.0002371185665260058,-0.0390492239618293,-0.05993388059685192,0.002012065065693967
39,0.003061424821665909,-0.007916389030862378,-0.0008795656395249223,-0.004874377162088422,-0.002821359549447985,-0.0009335599520443575,-0.0006092248111985714,-0.04041272522955188,-0.05436300269381435,0.003278992046254911
40,-0.0002823463197257549,-0.009161880169775618,-0.001547865773370217,-0.005436950909825531,-0.002435897305593512,-0.002554707635676611,-0.0009943764002942799,-0.04204302169366804,-0.03496011193888398,0.0007707994077391939
41,0.001950073278661943,-0.00793713269659026,-0.002371258052079882,-0.006849343389271161,-0.00277938773824836,-0.001344626799348402,-0.001434660458236619,-0.03964396055121196,-0.02253523766954739,0.0004280044861574403
42,0.005188575423480947,-0.002264717943570452,0.0008530246852952207,-0.006802925695504431,-0.003068692744824488,5.530675741783508e-05,-0.001055249214329433,-0.02871328204413862,-0.01886630556954568,0.001322872656611085
43,0.01070258668143775,-0.001477226726733739,9.02760440373027e-05,-0.005681326817400206,-0.001101548671568407,0.000774303445665121,0.003447015533227296,-0.02482142368147516,-0.01417575994977218,0.002668257286501582
44,0.01200166226836723,-0.0009476872541051741,0.001088773112057904,-0.007376827610406108,0.0002963296008243568,0.001975711883544571,-0.001706651081107446,-0.01971575905772956,0.01168134369917187,0.002719047375199612
45,0.01317447843636523,-0.0006692378146001873,0.0009535898714054703,-0.007619978380154756,-0.0009546275025847765,0.002393115091146134,-0.002584016963563239,-0.006196297458467998,0.01624346266724646,0.00339103217703015
46,0.01393030996117226,-0.0009479481003305968,-0.001090713794584097,-0.01016513612179196,-0.002609893194936269,0.0007316991118775705,-0.003815476989493747,0.01136740445464962,0.01631513318194604,0.003320200042085223
47,0.01385893553064896,-0.005846847928465616,-0.002345529111093944,-0.009734284634171248,-0.0004487897913371033,0.0006203849949907109,-0.005370012033438851,0.01547581004200121,0.02037615668326062,0.002376210395204222
48,0.01321330647365192,-0.007942028723080065,-0.003639241410876055,-0.01055763706449674,-0.001832680323596471,-0.0004976219256806658,-0.00339908310405724,0.01762373070698902,0.0308769786243738,0.003354616259504966
49,0.01205586528798977,-0.00814432677435087,-0.00551075595086463,-0.01005620792578881,-0.002111832344859517,-4.62834512029337e-05,-0.004628425474893899,0.01795740479548754,0.03586893272391618,0.003432887595784494
50,0.01108689364929472,-0.007921671366163476,-0.006197261814262874,-0.01111051930359791,-0.001410734173554131,9.367213924682091e-05,-0.006385438935912469,0.01723968464977,0.04068068627165362,0.00129036859556293
51,0.01155673854709148,-0.007162417761458202,-0.005641775033670457,-0.01281724883972636,-0.0001629069676166009,-0.001256224048995715,-0.006429983211851928,0.01762884097472953,0.04994074635528681,0.001218442174353539
52,0.0120726717884701,-0.004933404670458126,-0.006684118499016616,-0.01348546888153919,-0.0004770311550671623,-0.001354078849057012,-0.005648216010735562,0.01799046729561181,0.05019749036547588,0.001411105590617964
53,0.01194631441589005,-0.007143045780512185,-0.005692768493430389,-0.01080312570279908,-0.0001345720312651786,-0.0007408981901304323,-0.004963916773571653,0.01833232509765463,0.05045804982904842,0.00149592155194494
54,0.01145680428768669,-0.007077499406703211,-0.005474801714611021,-0.01115268590664471,9.404940016377638e-05,-0.0006563210266100645,-0.004756793314071615,0.0186983825129114,0.05320224729863873,0.001538846630897775
55,0.006060089144155983,-0.00221772100751638,0.009658639230697538,0.003675180692146669,0.01128839730470393,0.006427722974771573,0.05111535148972335,0.02661102497509977,0.02186550037044772,0.002403379606466773
56,0.01928825478025912,0.0005812938612789085,0.01059708902883495,0.005259003176287613,0.01057313069816888,0.006188743844645388,0.06656612544509737,0.03205230344515094,0.02804523077129986,0.002526497457462628
57,0.02162025222584419,0.0009974610222046472,0.01143718574838939,0.006458785824186838,0.01444843736002411,0.009742678158157759,0.06741695231505206,0.03315516913362053,0.03742376986541174,0.003424063853838344
58,0.01788026190170881,-0.0001141065058710949,0.009237805818688069,0.005392391401310971,0.009564272864060409,0.005522882929040263,0.06288443535796792,0.03195954976343876,0.04227860965307705,0.001301212387978812
59,0.01860863392349769,-0.0007090979007878446,0.01185773750372049,0.005973937314032273,0.01315063578847355,0.008136744331961147,0.07604151247576126,0.03372819192890102,0.05403455940116118,0.00385028756547511
60,0.01785040924264545,-0.0009254549499890488,0.01163554986978371,0.006907057130780927,0.01070365292112676,0.008435458548326488,0.07208462781747214,0.03256240821602301,0.05649140975585477,0.005523226368546089
61,0.02049085378408212,-0.0007520883580972933,0.01170057336901972,0.006071193375398071,0.008694256625954189,0.01729727332575678,0.07305196625279509,0.03582397845878001,0.06243180682357484,0.004084744078759674
62,0.02505622062211819,-0.0002084328523113727,0.01320573852326741,0.006749587378841422,0.01403304799776666,0.01898775900792496,0.08286680656751162,0.03799622436300758,0.06563271772672707,0.00662540287325906
63,0.02607227231006572,0.004129702863847699,0.01042377873060513,0.004685097822990519,0.01549462617344998,0.0227262748482859,0.09341303807389251,0.03786375774246152,0.06666791671443932,0.006052448918370906
64,0.02570046771407862,0.005369113121172239,0.006260286840147273,0.002353797658858645,0.01621533369654065,0.02418156797221538,0.09481846395659757,0.03719795332392982,0.06675621233929052,0.006957042519940338
65,0.02711096812018306,0.01037080243733591,0.01515773242512083,0.005941280167379305,0.01749333505147069,0.02693697230773548,0.1024950303831109,0.03815080640515052,0.07314331950729978,0.009939974478719289
66,0.02556611899420046,0.004519831424838331,0.01209545187056176,0.001783190454411491,0.0133518004193494,0.02293851334434185,0.09643496483237973,0.03753958258786125,0.06853873619112269,0.005953527794582335
67,0.02157020151464029,-0.0001469343410610914,0.01226421781463076,0.005500844475438058,0.01322231006612891,0.02161151298009491,0.08818679811083018,0.0362393197555476,0.06617444057983904,0.006288440038804242
68,0.006851696098406651,-0.0008949002095219284,0.01146577670048436,0.004844958880287051,0.009082597075242529,0.01495877073426465,0.07580244327488113,0.03209164517157071,0.062657607731619,0.001873556843835169
69,0.007441188438947023,-0.0001420447311459853,0.01190583157124164,0.004757327440148737,0.006887151650260596,0.01524462001058752,0.07078135750786405,0.03121386601666062,0.0622139485863278,0.003078880161750707
70,0.004975049964189063,-0.001834504272814798,0.01146956437026146,0.004462254051102395,0.006517159387855293,0.01505251545410841,0.07201358973629726,0.03099170592866477,0.06095645452922282,0.004143249530702298
71,0.00451332476132207,-0.001061067862517821,0.01159673485498091,0.004475302666387806,0.00709383390476153,0.01698009158567476,0.0746468638654077,0.03161235052113234,0.06141736344604964,0.004301488222307664
72,0.004138033311916523,-0.000111355455559917,0.01154697304737838,0.004478632496375562,0.007159411461968669,0.01665739895994697,0.07205935353770275,0.03136377808908036,0.06224206355972652,0.004387243468713277
73,-0.001500321745836956,0.0002081890925605313,-0.005404793734499095,-0.002086510702379961,-0.002878711210529556,0.00353446466893146,0.002341382394080656,-0.04540545285186939,-0.0707643847071011,-0.0003466831797274057
74,-0.002193317261242621,-0.005960250331283274,-0.002732753765908313,-0.002720374894514294,-0.001806022898728739,0.002684604874750457,0.001670542310040469,-0.04315768770315154,-0.07076511993436535,0.002136648119475892
75,-0.002878171736854675,-0.008305862107881963,-0.005481578632350111,-0.00440595877848833,-0.002901846316996236,0.002111883342753149,0.002205090610316263,-0.04343447574824219,-0.06824326042933411,0.000788142770199225
76,-0.0001972884570738589,-0.009183848063056294,-0.0008344317932228692,-0.006423759934604482,-0.0009397518151541408,0.0005460094718505532,0.002990642094234373,-0.03538740544539773,-0.05566005400115449,0.002693019232344156
77,-0.0002656980647998485,-0.01016743551705768,-0.001426260350566464,-0.003596530132924913,0.0009960072728628351,-0.0001094630312711705,0.005680529892300227,-0.03854163278558987,-0.0299452701759579,0.001635926789842034
78,0.001028602395187659,-0.01292105332961194,0.0008600145844384439,0.003674478799359789,-0.001565031857077348,0.001007564916820153,-0.0005158172657111248,-0.03040437928491645,-0.02532082364638747,0.0005937674905843253
79,0.001529078702847784,-0.008358799936110243,-0.005116824309351525,-0.001032657927766625,-0.001166736881339617,0.00257527076333456,0.004067613070565023,-0.03018656942667461,-0.01966969646274788,0.001775885609726325
80,0.004217525809302784,-0.008094361085476481,-0.005135099198425314,-0.005226839660720563,-0.001664586833962413,0.002508690726901278,0.002761708777996631,-0.01808096704122658,-0.01549622619323465,0.002193406852495204
81,0.007182203063804425,-0.003247658660152646,-0.005149779819647406,-0.002528397869659769,-0.000767569031735843,0.001793102646205041,0.0002989646833461671,-0.004978888841289636,-0.01777202215204218,0.002748221945394047
82,0.006783097045049637,-0.003864516308882524,-0.005376010980266346,-0.007973515104702095,-0.0002762582573174924,0.0001607735098715584,0.0001288471829069524,-0.002182762075394292,0.0002788124078506435,0.002642089168106254
83,0.01014891877737912,-0.001967738861213185,-0.005050484385873865,-0.009319415404003946,-0.0007392838286216667,0.0001284448056842444,-0.00318321550568975,0.01761314076612821,0.009535542812617995,0.005025500127290552
84,0.01018162364791381,-0.002193119702288078,-0.003095505267784273,-0.009976680969612451,2.836182231278001e-05,0.0004815329150244538,-0.004107614761415033,0.01841062265247628,0.01137789448087142,6.966083999824862e-05
85,0.01007034979520026,-0.00309909546129264,-0.003517714091510717,-0.0124756912913884,-0.0001775438564588983,-0.0005998013872289898,-0.002030513003066975,0.02587031876168827,0.01484806648755795,-0.006080664190572258
86,0.01019076984488985,-0.002796487732007578,-0.004147612200347748,-0.01230897154728457,-0.0002346268198342758,-0.002908311714171745,-0.007870598304869287,0.0245022003441921,0.01866375329818727,-0.01124579875464443
87,0.01197501209827281,-0.007119270280884193,-0.003210271164922538,-0.009506616201000155,-0.0002322054129155216,0.0002763978606308011,-0.003842178544294391,0.02777783063427288,0.030477842253265,-0.006555498617186566
88,0.01189272642527454,-0.006739270892827623,-0.004967300679054387,-0.01235800528464519,-0.0004076326786833726,-0.0007212860371599155,-0.002905600498737382,0.02373003622717217,0.02749396759095599,-0.009616567759646477
89,0.01287976551239759,-0.002561443841921283,-0.003741695870662807,-0.01083887165784215,0.0007182427964000336,7.902505239176306e-05,-0.0006954671920091221,0.02308564826545042,0.03344385002872732,-0.005502922232673369
90,0.01298988277907567,-0.002114575559784935,-0.004301808884370031,-0.0110093056082168,0.000969481963673809,0.0003538857675248665,-0.0005381199228031568,0.0233739964078701,0.04257934651752987,-0.002982464011778912
91,-0.04084303203016462,0.003610916173737129,-0.002719914642980327,-0.0005126683970618552,-0.006264653461196593,-0.002447385042678889,-0.006721039540583991,-0.03809604038679109,-0.07647151925070196,0.00825694718093175
92,-0.04276877308229123,-0.005670395601788107,-0.004099828830278584,-0.009545333043931006,-0.006504576506000703,-0.005916418999067178,-0.008447307575568878,-0.03948614601092611,-0.07628051299202462,0.002977331625741402
93,-0.03518971889498712,-0.003950684004935974,-0.001582157731550864,-0.006341067886482792,-0.0002185526147914481,-0.004268401004129197,-0.005032721696651941,-0.03833996242132906,-0.07425684187874793,-0.002744199885440215
94,-0.03126841238339843,-0.006414684264582613,-0.0003871689395742999,-0.00613409319366991,-0.001042113809031267,-0.003347714308415402,-0.004305507604225193,-0.03805685161715323,-0.06888537484254727,-0.002482076193069685
95,-0.02256833350551647,-0.003275507561891652,-0.001617240534341219,-0.005319093877746532,-0.001456019120038855,-0.0004586231112338028,-0.004995704605672818,-0.03313540872526637,-0.05519332078731678,-0.0006584179331139401
96,-0.02633899359161165,-0.002032236523189668,0.001372305919301411,0.003882068424663696,0.0008177331033675734,-0.0001137671865905481,-0.006714322436416417,-0.03229237336131935,-0.03281007582744108,-0.0006637998344414305
97,-0.01977702407846708,-0.003602369904252578,-0.001046981693448227,-0.001236252412681527,-0.0005698474735833701,0.0002754001586294211,0.002537347192701453,-0.02437491715275802,-0.02728194527384955,0.0005382144010619782
98,-0.02122883169252295,-0.0054461751765591,-0.004625174006943278,-0.003405068180034903,-0.001561372494039456,0.0005880045823442178,0.002318543310231787,-0.01925899704751606,-0.01918622708736515,0.001485957852633536
99,-0.01267592562424555,-0.00899346301300496,-0.005818029991907449,-0.0002752856909300329,-0.00208555857567373,0.0006589955291592209,-0.001724211446255881,-0.01481432547305549,-0.01609682974724091,0.002030407092340641
100,-0.01412564205253831,-0.006995269480990577,-0.005396308038606591,8.560471583648414e-05,-0.001994365319599704,0.001227200551868369,-0.003475634116989373,-0.002508149262600636,-0.01697174652951439,-0.002101520226349724
101,-0.01896403827164827,-0.001720891586366694,-0.005411080932963665,-0.000245612797021041,-0.001049873646700707,0.0004776720612679073,-0.006825380344598782,0.01269157249024846,-0.001286992705393421,-0.005832620493124272
102,-0.007630391598932859,-0.001852003486788906,-0.00458480203561412,-4.430173686538117e-05,-6.394257026800707e-05,0.001736329035416126,-0.005732711306668858,0.01653460139082331,0.01045130894362883,-0.0007896122885814414
103,-0.00506605738314169,-0.001672323948543569,-0.003805677715176447,0.0002570411787846755,-8.45176543427947e-05,0.003201810682814886,-0.005045145398569718,0.01731853817501868,0.01551630249701145,-0.0001559164697161489
104,-0.001636690418081514,-0.004666455145353408,-0.003596619097009131,0.0004005404876417504,0.0006448590590366817,0.001554722918667623,-0.007395947337246958,0.0182789082578728,0.02219747038766889,-0.005039031240251487
105,0.002736228782001214,-0.001042200206901393,0.0006664045032672569,-0.0006746152311424967,0.0005639049134740674,0.003368615114183981,-0.006278380904550612,0.01722600783950298,0.03245113812023448,-0.008774976983638038
106,0.002833526975985665,-0.001262521360617486,-0.004299995858956754,0.0003591287029157346,0.0006949997784608272,0.002272959072165168,-0.006903458955014762,0.01791859133315714,0.03142808269177805,-0.008174289331563224
107,0.00867442612030598,-0.002270988256479576,-0.004076610568986215,-0.0009758900677788829,0.00126713382981468,0.003069659639903976,-0.005128552042752765,0.01886853684843225,0.04086852095463599,-0.007124374938892996
108,0.008750071234226707,-0.003326289708560553,-0.004217692240479462,-0.003281401911472338,0.001098285280964987,0.001787052134166571,-0.004258133823537017,0.01951240523591581,0.05019233344933462,-0.006859034243442663
109,0.01145083049128775,0.003049619566550725,0.00216396124690104,0.0003084584896092548,0.006961594029033106,0.001645757708790689,-0.003974086975563699,-0.02031334092394492,-0.03118225651688373,-0.0001902633907137719
110,0.01401758325189833,0.003518745140771475,0.002525262328606699,0.0006754481056520382,0.0136297370886176,0.001635490267234607,-0.003691715574919334,-0.01181860384520903,-0.01688281867961789,0.000535165907882875
111,0.01382615726903292,-0.0007169930983226,0.002636255320565357,-0.001631981964143929,0.004333463583767258,0.0004539088267519202,-0.004807375550812969,-0.00224735043967661,-0.01593313498938704,-0.0003715019285271481
112,0.01317038202125055,-0.0008919756047274807,0.003823164837817963,0.00308450516542863,0.005873894857358677,0.0006348962063879372,-0.00610184878680815,-0.003882027781044929,0.002241876118142409,0.0003214560746221281
113,0.0145356468592872,-0.001898493517704518,0.004039210172910792,0.004404857453655005,0.009354632009113979,-0.0005732960285881516,-0.00654154846563605,0.01463139969703525,0.01138299897691423,0.0005555684194520846
114,0.01537761982469701,-0.002439471989931888,0.003879083766969734,0.005668725778153815,0.009743144814986593,-0.0010410461543449,-0.007811174550372061,0.01746632810526248,0.01486472997487407,-0.0002986173821772861
115,0.01577711068219378,0.002068406739065673,0.003969240167877473,0.004683770113072572,0.01113279670964292,-0.0001987881841206724,-0.00638885037663036,0.01853926901923697,0.02209074112372717,-0.0006253514907623376
116,0.01509789767320847,-0.00661927055207381,0.004653894728008401,0.004482646155298513,0.01012735221770426,-0.0008639297587278798,-0.005702731058113662,0.01830561562582326,0.03567344543644554,-0.001852006368278404
117,0.01481560064071347,-0.005775569703628795,0.005269293555161987,0.001014079593147819,0.006752828301213409,-0.002736517898316491,-0.007396880843356175,0.02295267729723118,0.04034946242722858,-0.0003020714007081755
118,0.01495666479455526,-0.0005651722222795976,0.003864516655394096,-0.007590232651324547,0.009031312340072855,0.006159210324986245,-0.007207809058857357,0.02585073049875697,0.0513066097228201,0.0006674071795454977
119,0.01504835081414522,-0.002749514449995168,0.004060605439176078,-0.006788259054821188,0.009777278586536542,0.006621330709219515,-0.001439529366421028,0.02695899435934054,0.05229477158725258,0.007309476891213872
120,0.01164138696750487,-0.007719470700227335,0.002186978182029763,-0.005868738942350367,0.003802502406782276,-0.00342888240527688,-0.005596783638673448,0.02450220705107977,0.04411424939227359,-0.01071703844617953
121,0.01866625819545001,0.005556789759503549,0.004812914306754503,-0.002995164239265907,0.01037548264422795,0.009737768106795488,-0.001640609922226022,0.02817992022854762,0.05693804675313632,0.007309109341885209
122,0.008446148524853144,-0.005215074221470535,0.002067049628768713,-0.006607071307408353,0.004738484792055563,-0.0001948979914816568,-0.008087697093861366,0.02107285758811102,0.0466857549503677,-0.0103820899770285
123,0.008694545387709626,-0.003101147547441075,0.001727510216784335,-0.0004714503881881103,0.005117184293667093,0.000589540763854142,-0.006149117554089584,0.02227450273255772,0.04450891697671866,-0.01262505317105627
124,0.005949747727827778,0.002366434551225735,-0.002631282363613257,0.005039658026347144,0.002177523495064286,-0.005579065273338798,-0.006808256503497734,0.01949683333019402,0.04779957678659896,-0.01001809714133895
125,0.00782185737662238,-0.003903238703205593,-4.318382312660198e-05,-0.002362121363642904,0.003939755240501181,-0.004038601434600442,-0.005146093299245631,0.02217234319634841,0.04494232363823765,-0.009116040466175097
126,0.007775564651031318,-0.003437200137367011,-0.001150248146277155,-0.002209072934004756,0.003766499055998808,-0.003998209974539368,-0.005307640824091069,0.02253111075637356,0.04557340815496148,-0.009145209023550767
127,-0.009977733681398421,-0.00946017366147273,-0.003896596132653669,-0.0001784184728251545,-0.006276451691625294,-0.0007884512675900622,-0.005677672923128856,-0.04082546333586048,-0.072710998244513,-0.008655356260910983
128,-0.01209362719823284,-0.008610660739127462,-0.005899230067607966,-0.0007329369780432817,-0.002534254394839553,0.001328263668755762,-0.004050362104795514,-0.03582094877188977,-0.07212000490786988,-0.003191997184955146
129,-0.00442913756188931,-0.0006641698127556595,-0.0009766167763862832,-0.003092935735506125,-0.004574264101671555,0.001065471559202601,-0.002393654477933076,-0.03095488749728963,-0.06660303559266723,-0.002047438827235564
130,-0.004110850041538189,0.000120241286959624,-0.0006201253779421446,-0.002454960656679978,-0.002592895211761465,0.0033609810846714,-0.003225281858002458,-0.02235459880967378,-0.05734709755544148,-0.000393255830535831
131,-0.0001330308397928988,-0.001918642728029312,-0.002257202747007018,-0.005069167152749564,-0.0036911000139001,0.001331814372097697,-0.004954598795105675,-0.02658672684783652,-0.03159537033383756,-0.001699852153729536
132,0.001280120351450395,0.002057135394008235,-0.0004171203574574911,-0.007107644256421726,-0.00313256225168284,0.003344283979621106,-0.000980518734389131,-0.02079586712377095,-0.02269118394640553,-0.0005156125229793289
133,0.003621880807986714,0.001821718518351023,-0.005529466358530202,-0.006847283477819227,-0.002069122390395597,0.00172031117198151,-0.003274951007259631,-0.01274426046205891,-0.02030555575566734,-0.000261862265274116
134,0.00460745960392904,7.426445217786112e-05,-0.005007141342247385,-0.007839087969014284,-0.0003996602801014539,0.001856490015622398,-0.003154659602224413,0.001042572664632166,-0.01751578636645715,0.0007516618459014543
135,0.004630724946103563,0.0005522147212582647,-0.004112632997383157,-0.007625802763240659,-0.001750392707966663,0.000109986000702591,-0.003489186844095356,0.02030004004817318,-0.0194058784865706,0.001190557524139002
136,0.005246860300268003,-0.001420595726264919,-0.004895099731699497,-0.00969247643064743,-0.00386301915981184,-0.001432026334169148,-0.003838017911785489,0.01832748572812722,-0.006842636321754619,0.0009542006019029995
137,0.01097117719809431,0.0003521077893999749,-0.003674840040389711,-0.01022599967498722,0.0006169432686495542,-0.002823607177795446,-0.004435041387756473,0.02535749254206695,0.00558152185509124,0.00119817402672712
138,0.01176792304804786,0.001123395407786492,-0.001089601686873991,-0.0112422348625339,-0.0009609197830817886,-0.003271048795987296,-0.004028439285114355,0.02666141605680018,0.0129132923118796,0.001714104857595554
139,0.01317655736830389,0.001645543601970211,-0.0007885073371300955,-0.01044822320885097,-0.0006436801740578415,-0.002527559834517541,-0.004016113300347804,0.02752198676659934,0.01597480477819736,0.001858257900180523
140,0.01379611146484121,-0.001747378581009269,-0.004517289347013391,-0.008255072816366655,-0.0037040633529339,-0.003547442374001526,-0.004664365612700195,0.0292299339560648,0.01963870359167391,0.002281912399972017
141,0.01239286141052677,-0.005568628025713173,-0.0005973712680722134,-0.007665060758436341,-0.0007883896887467727,-0.0003979623785965655,-0.003112972616480713,0.02914734943360119,0.03325328871875848,0.002633054426904622
142,0.01166581505991119,-0.005556218891417761,-0.004684707908596215,-0.008584373355623589,-0.0008317518567428925,0.001765121938836883,-0.00300680542252594,0.03094652831804573,0.03887397185508804,0.001275218009352405
143,0.01141077358349881,-0.001796755266463992,-0.004135475921191225,-0.01017199440568553,-0.0006202290188959533,-0.001048873278098189,8.507339710814299e-05,0.02889967106734646,0.04782575686902068,0.003353743963972645
144,0.01140074267237635,-0.001636779648070339,-0.004154242303900371,-0.01004168188840018,-0.0004922782192445093,-0.00191299324554392,-0.0004334810878343115,0.02892208438555105,0.05414426562828509,0.002857971392771194
145,-0.02843244828289247,0.003980933137055487,-0.004288970760137911,0.001052143642298977,-0.005880882201393232,-0.01059612487653129,-0.004875094320613518,-0.04697682203457876,-0.07874257829179544,0.006083180732460919
146,-0.02781099098319007,0.003105770721736071,-0.005780167215527793,0.003848725660688444,0.0005142387131940166,-0.002784690043867251,-0.005047426808974564,-0.04033612804432128,-0.07283992673427953,0.004138637519856227
147,-0.01534459947122988,-0.00136468147858859,-0.006262543868128703,-0.002362477970366704,-0.004386175317087828,-0.003695948391893317,-0.004473241053745599,-0.03947808754959146,-0.06961216572733837,0.002564722938114517
148,-0.01610626697684492,-0.002208895953632967,-0.001617899123534561,-0.0005883977748138608,-0.002516172197091622,-0.00961655892531877,-0.003833857896901354,-0.03826929955827525,-0.05938877338083952,0.0005715688689995227
149,-0.01329637639377846,-0.00151505936201752,-0.001257174473730003,0.001684898809489643,-0.001944406707120833,-0.009969028943952213,-0.004431365254502899,-0.0378400189336297,-0.03502594984131012,-0.0003514540847893592
150,-0.01115814277452852,-0.0003234185907276475,-0.0006789297888505528,0.003072978228405067,-0.001694991676495623,-0.003575503453500327,-0.004734814288977383,-0.03335042100751291,-0.02962747962134887,-0.0006128012163618207
151,-0.009166748776684105,-9.913755093642282e-05,0.001204657583180063,0.002266699882872055,-0.0008433114584866629,0.0008007654136507055,-0.003336551101424718,-0.0241597020196101,-0.01780319307224348,0.0005250122166738161
152,-0.00429691050602412,0.0009333111937966901,0.001410762730043303,-0.0004900464379129149,-0.001400728041946227,0.001016881777639838,-0.001889009077228106,-0.01649625621627761,-0.01420035177825233,0.001378261231797802
153,-0.00131721037237324,0.0004853841953941888,0.002654291565038525,-0.0002567333141244658,-0.001120642433695252,0.000985991136922236,-0.0004410215855074322,-0.008787495839251185,-0.01052995630953,0.001760501694697603
154,-0.007855171673673436,0.001748231046266267,0.006288847097652724,0.001088982208393086,-0.0009631415411278609,-0.0006285527971772954,-0.003920601878086196,0.0124288657676926,0.0006077230658944031,0.0005045145851466926
155,-0.002932052409687478,0.001358799237554373,0.007638486639382173,0.001942892566370824,-0.0008631475076227565,0.003019386306374837,-0.003217674628260177,0.01692360526232422,0.01312240089428057,0.003205346147719996
156,0.001578375631315461,0.00107678833425107,0.005173384749052484,0.003001883045064112,-0.001081387751943063,0.004106573748789839,-0.003720167082464383,0.02873514528380765,0.01695611144708526,0.003388976127659163
157,0.004209753758332405,0.002074997736874166,0.0100840131245805,0.002995344780886409,-4.767603700495303e-05,0.004956366387950773,-0.003058548096421817,0.03408308114520778,0.02496679395766547,0.006011123078399169
158,0.003832056785820137,-0.0006768578681963359,0.006079488748007693,0.003479413569400657,-0.0003273903611740634,0.004659606391804278,-0.005163967426103346,0.03077836470787365,0.02939801630083481,0.001387882460282067
159,0.008233720792022507,0.00486949588689075,0.008864507751809858,0.007288113107142127,0.0006514239368270222,0.003834569473295308,-0.0001986017217528548,0.03189294502001801,0.04235177966824896,0.001634893579010389
160,0.008985978523567023,-0.001222924030452919,0.01016340626242966,0.005748480818134643,0.0005445669565384587,0.00245108619427644,0.00036178769442027,0.03145811998237222,0.04725932201579631,-0.0001813453779124729
161,0.009457068809146431,0.0001813884263923613,0.01025365441976101,0.008000871720475953,0.001015101314195832,0.001826890765132833,-0.00241993334913311,0.03074225166142548,0.05496149187178569,-0.0008255982613908523
162,0.009229915221988488,0.004940408044158943,0.009830772157546639,0.007979125964288456,0.0008820925419034002,0.001807410122906835,-0.001814502693954581,0.03071151181322714,0.05601419251412492,-0.0005689300415177244
163,-0.0008020196665572065,0.01278049585621297,-0.002106634255275009,0.00694349448179101,0.00528661016985205,-0.0002912144959180208,0.002699912146670659,-0.03111791798247627,-0.06009509489723611,0.0002098338345833475
164,-0.001110680846969865,0.01006296750055874,-0.002050674248658504,0.005308938790583155,0.005118642949980346,-0.002319578559154068,0.003654751194542216,-0.03194490467874296,-0.05107631596644143,-0.000833504098716529
165,0.0006324275615278125,0.01521179593483206,-0.003616199160950809,0.003795374453381148,0.005129185294153831,0.00385988745829673,0.000627493612282759,-0.03028232571099633,-0.03166109775912127,0.001499617695812137
166,-0.0003388903263366159,0.01189332385488128,-0.002216628401872575,0.003055684520307871,0.003152083704149322,-0.0008301148992683172,-0.0005309868114502609,-0.02998188729320988,-0.0282086684836098,0.001888443050877235
167,0.002688791077668682,0.01170110892011281,0.001117076340003526,0.01041780246405426,0.009322139341601714,0.001399621388284624,-0.002959265534916578,-0.0179167424937561,-0.01213999786070598,0.002611598569138402
168,0.006257884464035618,0.01192378951453933,0.0002065902475142173,0.01001301135805843,0.009579864361379233,0.001131192072968571,-0.004248164112711471,-0.0187963787562983,-0.01189522888254501,0.002672244223316458
169,0.007123074776518358,0.0187838190418896,0.002347389116357331,0.01063422244624726,0.008599385019017252,0.003682522387671191,0.004288200298907013,-0.01007702731033139,0.01308989067120313,0.003474091064313866
170,0.005843493254682131,0.01638614990333517,0.002174707661227626,0.00806136353914404,0.006998690514659962,0.002759600572379394,0.003287106905588092,-0.001166265516568395,0.01496149730439143,0.002658163923662833
171,0.006038614280443414,0.01158080917242444,-0.002022970406978649,0.007737414115058072,0.004554842741585362,0.002671691903122426,0.001096371257222757,0.01803983806996514,0.01585609833947326,0.001673184883231744
172,0.01052266261029728,0.008060240840361128,-0.003591751020121495,0.008062627823266878,0.002657497616954351,0.006023748663322108,-0.00165721911960313,0.02920509462586532,0.02002662704783241,0.00187069686731984
173,0.01113686079853086,0.00625895141266143,-0.001100411982471475,0.006871600414331399,0.002236881237484431,0.004448010840929171,-0.002283175299032273,0.02814561358444842,0.02405004407961292,0.001406182861267919
174,0.01046142590143791,0.00750811959137117,-0.0002100826449367232,0.004698146612279741,0.003131808776800353,0.003727143232154337,-0.003153782764349516,0.03102145007631777,0.03716726581296177,0.002039882892984545
175,0.01088871847644683,0.007313347293943227,0.0008267343680893772,0.00553544424683185,0.001387282895351282,0.003521968041389337,-0.002322830374955173,0.02998308496185336,0.04556810191744694,0.003503355097325721
176,0.01081436126879785,0.006842860646400534,0.0005195543575781079,0.00692111769687989,0.0003480789515394459,0.0004542327411296272,0.001947693440045971,0.02902411356889466,0.05003915936223022,0.005794952332499657
177,0.01322872442756632,0.01251780973253509,0.002399603194090117,0.007613463278217355,0.001337165851359861,0.001965555250743726,0.001764008906859445,0.02847775537773559,0.05589101475922438,0.002607890627048086
178,0.01349218450025874,0.0130271812666124,0.0026150580092496,0.009846608625766102,0.002163576266804352,0.00202281337964834,0.00185799205522123,0.02909787139831558,0.0551998191717799,0.003209950048242478
179,0.012496827796276,0.01324055098105285,0.00265827071452816,0.009748210285361446,0.002895518293852473,0.001737259753972033,0.00237750856592346,0.03000156433672072,0.05904403241420448,0.002256193318021559
180,0.01249793793278494,0.0130495962408031,0.002679594037663532,0.009465873664134126,0.002835850493764991,0.001795877895310262,0.002404422804047828,0.03024518342107894,0.0593173875512339,0.002314261487589081
181,-0.01420085087234167,0.003922230215835182,-0.006306273656890687,0.002548303572890136,-0.002242677549763372,-0.001710346626395504,-0.0005629904315679049,-0.03585458537630217,-0.0672346987822395,0.002046181310442744
182,-0.007241270536126057,0.00419803423502342,-0.005737651620261377,0.008135680109592584,-0.001858481308937305,0.002171836690542155,-0.0001195576182442387,-0.03428164078923368,-0.06516979138725475,0.004341749168371793
183,-0.004339093468513265,-0.0006161137908654464,-0.0004246371895591418,0.006365304003704883,-0.003079022947762981,0.002665035579923487,-0.00385823481456571,-0.03310003129436688,-0.06524219345016831,0.005032165182208675
184,-0.002878112439165501,-0.0001147021620173036,0.002927694726881833,0.0008478644709551664,-0.00168041908506244,0.002075377847376143,-0.003552042858648563,-0.03300049032167542,-0.05421169737749111,0.003110144671334629
185,-0.00299428115436995,-0.001199943076844378,-0.003971763096393196,0.004238773272727038,-0.002392011993040115,-0.002445228541951051,-0.003920590564640367,-0.03396980629340636,-0.03105739950651653,0.0009520572260341325
186,0.001096305845183194,-0.003030854448638828,-0.002701236587826378,0.004366139420565835,-0.001777321671993757,-0.0004855553306315357,-0.002917402250374253,-0.02923129559685037,-0.02576970798273312,0.0005567920597053668
187,0.002773243477428077,-0.0008570008930793437,0.000917416012127124,0.004980061963865783,-0.002426655829763653,0.00141503099143593,0.0003304615588849431,-0.02612900130399013,-0.01632812958812736,0.00304857001139058
188,0.00289998072197539,-0.0001899691281606977,-0.003622418242696885,0.001825578589047424,-0.002185953065258229,0.002533185617193764,-0.001156541711790242,-0.02011621851103572,-0.01493489853975685,0.003235403605680828
189,0.00349925723933071,-0.009631948827980423,-0.0008898465297280036,0.002702846659511215,-0.001609037241483651,0.002173168688769319,-0.001671093371143418,-0.01297819510499045,-0.01334889847141786,0.002524751453949817
190,0.004524197708159173,-0.00779459347172508,-0.001891808469208109,0.003323051435269848,-0.001902577019764009,0.001566768224043634,-0.00238118913037156,-0.001855894660505253,0.002110932130693691,0.0024823515394553
191,0.003262972790116918,-0.005970876541786568,-0.003448669008535381,0.001608751145298204,-0.001461494715582027,0.004438414291908653,-0.002558448783553153,0.01695992985892742,0.004274182652728168,-0.002036602659318965
192,0.01177801185782562,-0.004200322202149169,-0.004021366075675631,0.002661729949201735,0.0008153141565767609,0.003225607760082108,-0.002417103955731895,0.02063891225846755,0.01346594526255603,0.003587322397532553
193,0.01391077350748338,-0.002645276814262684,-0.003802586831721913,0.00294966301579505,0.00131668214245339,0.007088934201493767,-0.00167789562758145,0.03671433543128944,0.01948824528529457,0.004968081544861475
194,0.01421078998180897,-0.002339924153788271,-0.002898457809328839,0.001939053231239589,0.002057965296125792,0.008039435859129472,0.0001464022344810504,0.03634150671125182,0.02345959478331226,0.003409195923897386
195,0.01505731641300183,-0.001236509773372034,-0.00297226495462526,0.002557387828505726,0.001740407918006759,0.007150438374141201,0.003979630092412572,0.03607116444980148,0.03650157573834489,0.0003043997067174668
196,0.01571145564885955,0.000277709544031156,-0.00110558288691031,0.0007329551619038762,0.003581680960704537,0.004541672593600851,0.005481924633221636,0.03383587197188495,0.0436316588689626,0.003714532088194868
197,0.01453537645076807,-0.001576831109105404,-0.003311345763011217,0.0005008423382584036,0.001605284304495185,0.003489524235034371,0.004915640103634791,0.03444967858452417,0.0485626841732659,0.002963943858942574
198,0.01478925193245376,-0.00366785175134738,-0.00327255970256096,0.0005187131988063087,0.002621325187677696,0.003952076247464911,0.005215238687430341,0.03509181526372603,0.05208273000918143,0.002823831109529278
199,0.00401437419438455,-0.006022747376444859,0.001097824019153878,0.001866364538365833,0.005733843076733301,-0.001520344461604185,-0.001506775201883668,-0.03938004107605456,-0.04600975810478235,-0.003426236266447283
200,0.009218080983149739,0.002736388220983028,0.0009936438188770996,0.002624102353057718,0.01151738434910187,-0.002075311087047639,0.0002160788753797246,-0.02509400857758226,-0.03324790998501742,-0.001809827915317031
201,0.01038882245569923,0.01278995549825667,0.00541346446124775,0.00269693589849276,0.005357278534599442,0.0006429230488616525,0.0003778039769021507,-0.01743732468250179,-0.01887003222911821,-0.001464332321003485
202,0.01430622785134531,0.01932831319912272,0.007794062519683472,0.00662790243950939,0.01616010008065322,0.002432329752275362,0.0001908888138365104,-0.009983377810891213,-0.01236838018785146,-0.0001274022941973265
203,0.01250189672710572,0.01368309680964328,0.003855873704012087,0.00534139287441315,0.01340962387577533,0.001519439425920287,-0.001297878630897963,-0.004597320593062339,0.002291491629315547,-0.003110005821811929
204,0.01342657149892429,0.008698985306928595,0.003346904317759707,0.001595047333702821,0.01020118125309511,0.002841615974623111,-0.005520009182662699,0.01031167030811713,0.011113795395261,-0.004577129461865444
205,0.01407812095934767,0.009358875183300218,0.005696060852606358,0.003637078539694859,0.01012689091737549,0.0009035647618144098,-0.002085719051728238,0.01677625887268729,0.0146255316385718,-0.0007188132740230063
206,0.01403644400178261,0.00831556562563378,0.001702369743326475,0.001663232258150722,0.009265140756609409,-0.000666825405731904,-0.003072884994769153,0.02546960189284127,0.01818944734739331,-0.001885546932131678
207,0.01219489209411355,-0.000130456039606039,0.004571422674232896,0.002396652055002219,0.008093795431526558,-0.004770676508023063,-0.002586177586688761,0.02681683168369692,0.02756764335147706,-0.007873066569631685
208,0.01126577291933511,0.001534379074103792,0.008246898948709423,0.004104610611957757,0.007354555685793279,-0.002338386957988504,-0.002673771572185267,0.02494334908243699,0.03035953558356671,-0.009090016174995025
209,0.01174292786175865,0.00218181502001063,0.008737972794222698,0.005341622155548087,0.006473357436235863,-0.001839407088596899,-0.003701968244446795,0.02491320927800506,0.04516861368838889,-0.002969693406413081
210,0.01338150385814907,0.00401672256762059,0.01089105789547915,0.008880443455277926,0.006942025124930621,-0.001163341022250275,-0.0001885112179093196,0.02753735928135803,0.05314152951510839,-0.003290694649220627
211,0.01332065534720952,0.005024624482031753,0.009475421898155787,0.006440148181982744,0.006193315883412512,-0.003090805863212716,0.0002473511181766651,0.02606522860138133,0.0504885705089347,-0.0005253440456729746
212,0.01337691232827404,0.005192135577234859,0.006437996753419107,0.003074768026140236,0.006092621598899134,-0.00523223760565935,-0.0002206007351819887,0.02537240618802934,0.05134706310655875,-0.0004684781245325839
213,0.01305364778489175,0.004648936203458885,0.006973947936621379,0.003519913406136031,0.00550757616032331,-0.004479113203440677,-0.0003739169634404921,0.02407310593840692,0.05181262285858648,0.00264750441524639
214,0.01272643448170414,0.004552496136286085,0.006932337725602797,0.002766942374837007,0.005293642846232482,-0.005709101914946048,-0.0002547194238993512,0.02376334642211695,0.05126615242974678,0.002911325039498283
215,0.01226678369211535,0.008314630550863737,0.007351455953710695,0.001747064432720638,0.006226870419237972,-0.005637887839391446,0.0004096574469589838,0.02361729598685284,0.05203160080862582,0.003140210850720716
216,0.01207478971885603,0.009703784408807778,0.00765536676156377,0.0001323350617228151,0.006705853025974911,-0.005498876748435568,0.0005649598104838101,0.02403338175647837,0.05225818534400792,0.003292615675210219
217,-0.05124801552926568,0.001637629137460806,-0.0062506699774385,-0.001810982337218662,-0.008767280690997208,-0.003266807144569776,-0.00599540075703886,-0.07564358327606757,-0.08556138302734455,-0.007924614701634546
218,-0.04194991822752406,-0.000909231899703184,-0.005160662197613325,-0.001149144295185483,-0.005829784711211,-0.00165535174719385,-0.005377170934072003,-0.066076364408871,-0.08194845696623276,-0.00984770019731824
219,-0.03620756154482091,-0.001126613693709985,7.6498939990114e-05,0.00403379326083405,-0.0007858121046181903,0.001614194831326031,-0.004844758448704085,-0.05444775852411446,-0.077504929140312,-0.002623356447078075
220,-0.0344790387481893,-0.003159393906695445,0.0006106909033026154,0.005529630818367933,-0.001225620749853139,0.0001613506236474021,-0.004557789640028643,-0.04270477065138702,-0.06573835567875506,-0.007167435516885024
221,-0.01852881600723509,-0.007465489550294169,0.001471308813612264,0.004472338680685891,-0.001475683604884042,9.315180966850165e-05,-0.003245263091610203,-0.03868280797013823,-0.05110837553863727,-0.005518182870983936
222,-0.02490618236477904,-0.008702562955670649,-0.006624777996087383,0.0002315214391998091,-0.001140070358599339,4.674875805594532e-05,-0.003317715366788833,-0.0352255390788114,-0.03634859608424628,-0.004524635905988323
223,-0.01833888527906858,-0.009871353142807652,-0.006692587372290545,0.0001436476569266274,-0.0002799687314577599,-4.664652944572469e-05,-0.001564545697707662,-0.02547788365597018,-0.02908932102941148,-0.002877432490410785
224,-0.01615300074048644,-0.005218398522524918,-0.006565929748488699,0.0003427121878301253,-0.001665284418820036,-0.0001760088906241051,-0.004269569796066157,-0.02111673133565076,-0.01904060535054312,-0.001127171329258534
225,-0.01297122441966627,-0.009935516055082857,-0.004498510342623899,-3.802887059134658e-05,-0.001494779266963258,0.00273615122360867,-0.003411662986600171,-0.01448057778105132,-0.01483251419085734,2.340498980609102e-05
226,-0.01192914233703948,-0.01055269560407329,3.746573849818858e-05,0.0009793773868798288,-0.002778223414251323,0.002108216800721121,-0.004103782975559436,-0.002204241608113123,-0.01548875753494491,0.0005244141511760328
227,-0.01881180098686147,-0.008720019279485493,-0.004832729030074664,0.0009050059179009435,-0.0005179337700133807,0.001533689849973005,-0.006140591284147116,0.01317805164739515,-0.002110358103268234,0.000901843280032607
228,-0.01322298959042847,-0.007846815041135083,-0.003545048246793528,0.002942588758110504,-0.0005066098892522763,0.001398494760929936,-0.004505310926846182,0.0157713094005718,0.00980082556133882,0.002702967096993802
229,-0.01318816318752521,-0.007196779857565032,-0.004124611312099896,0.003203652886531186,-0.0002071013180781962,0.002133991254760412,-0.006232164080539226,0.01637665808808558,0.00903955238529941,0.00185200757949
230,-0.006922730906222248,-0.009657039252669503,-0.002937219265847198,0.000308155662715895,-0.0008961255802180174,0.001026606469726592,-0.007189756200952311,0.0166291769248915,0.01433348104492038,0.003180777748284119
231,-0.007101114029556811,-0.003229657857066996,-0.005878032239633105,0.00276404544431547,-0.0009165349383148401,0.001769307883680327,-0.005851268842391234,0.01672223201331204,0.02205971432566414,0.001253498207946898
232,-0.001397445681425204,-0.001719381524986967,-0.005155904962650268,0.003061923787513365,-0.0002206190714315309,0.001455861848063033,-0.00503202305602895,0.01675905931891511,0.02968708105511192,0.002629112418837874
233,-0.002732874373103112,-0.002884905203786799,-0.00597906913138474,0.003197883727970624,8.470334910987223e-05,0.0006304196547193525,-0.003578961793541942,0.01673752609888782,0.03368140626227095,-0.004131350478893486
234,-0.003928181143465525,-0.003285394698211009,-0.006083681735634419,0.003210264572095519,0.000573418709756068,0.0006422735192076003,-0.003692325345376348,0.01656335535646598,0.03872406654199205,-0.004352902716156394
235,-0.0342338557283399,-0.001862585621838597,-0.006108930370561115,0.004950167367885569,0.001235840575809447,0.002003628649795022,-0.005020747385513405,-0.03945778319032273,-0.07431805809011158,-0.003230531415869055
236,-0.03482666924008043,-0.004267039361122152,-0.005872881040857029,0.001749920359434742,0.002364381605838725,0.0004122989301570034,-0.003019314848213759,-0.03989479022583366,-0.07466141204981985,-0.007428143123406816
237,-0.0299038013791345,0.001715365255125947,-0.002234539764486124,0.005692385110760609,0.003033681190784226,0.003106199979089329,-0.003504038625448821,-0.03418035868306588,-0.06837439366585774,0.002741090298823333
238,-0.0119875573244653,0.001810397924246866,-0.001559786857146216,0.005782125298460622,0.003372134912949252,0.002285294403314666,-0.001108189220737028,-0.02875334183309655,-0.05977617982260802,-0.001123001993165098
239,-0.01367247480754562,0.00104840775963408,-0.003129327526294551,0.003051001416149567,0.001176968276827518,0.0004706560757061028,-0.00188914452162032,-0.03049255048338989,-0.05170706184726981,-0.002413760635733326
240,-0.01362973988418104,0.001851922325021595,-0.002267598004274437,0.00379236965051683,0.002327116932530318,0.001218820324724589,-0.001166903028177799,-0.02946184887408012,-0.03039059496192958,-0.002807304502520851
241,-0.01180716910971277,0.001976610939391659,-0.003449488066114727,0.004032790248764889,0.005575211402539977,0.004769382356418454,-0.001809861592515517,-0.02256878298252133,-0.02474954580741692,-0.0006028369795031748
242,-0.00824779877173828,0.001565927932539382,-0.003966954416432996,0.003981355226475546,0.004949896194986905,0.004389632030805517,0.001317786161494045,-0.01808608152764042,-0.01464896895552583,5.782691212649979e-05
243,-0.005955530628539306,0.003354913505261431,0.0006778393632955895,0.003504389628578194,0.0005722770096073499,0.00363627405794702,0.001204451199575115,-0.01016108503817733,-0.01062357438157916,0.001444448336194563
244,-0.0005382258105736519,0.003466453939581238,0.0001791722977723038,0.001555817739999043,0.0006804773137931168,0.003743349646638432,0.001250919886599029,-0.007440840646190749,-0.008267825931005487,0.001672235064303467
245,-0.006159007357158982,0.0007726478243056693,-0.002435955245552612,0.001322333578206279,0.0003472970115932896,0.002269928542640986,-0.004877081293561535,0.01236624339664079,0.001773362279557243,0.001434218526970366
246,-0.002303154184199309,0.0006157920670083811,-0.0002561691310164203,0.002987322470937995,0.001531598569918714,0.001873611965415461,-0.004288906620930649,0.01267231259221623,0.01363491195708422,0.00152196941739025
247,0.002778034851712593,0.001725982349094597,7.785442489330937e-06,0.003072571037171575,0.0007207009155978573,0.002292090728105219,-0.003159233055868283,0.01715843537740352,0.01740314845027365,0.001538792402595319
248,0.002427338639535627,0.001403553192265951,-0.0005120089625604491,0.002713902159116978,0.0002721456890544662,0.002046307284645018,-0.005191637724140382,0.01645278599820496,0.01957790404522568,0.001454672265854004
249,0.003836197977929271,-0.001825166102316824,-0.000565262894239808,0.002617680006836282,-0.000516966686470302,0.001301586258050225,-0.004375451818107279,0.01651563746624573,0.02115533687789159,0.001733644403267177
250,0.004237941444841175,-5.080311845775357e-05,-0.001504385747386598,0.001526280900012314,0.0001774590764888394,0.003035005047058613,-0.00155085514030488,0.0158230372937229,0.02868347547512345,0.004369082647586002
251,0.009208769419107997,-0.000579916339565891,-0.002486330448709059,0.0006213252825745502,-0.001285660488224925,0.002832593527282119,0.0006461142330378583,0.01679640853286032,0.04046289636493968,0.005113462949431819
252,0.00889283396948177,-0.001489983868745666,-0.003270182669699646,-0.0002664869234294507,0.0004830897481206144,0.00280755409002398,0.0009676772698494418,0.01680754836491685,0.0442527654867645,0.005013654981436275
253,0.00656491641999424,0.004561936015511009,0.001772141459333447,0.0006080003624252665,0.008715038955421521,0.0045414561798619,-0.003469511164373771,-0.0125706752532367,-0.02884130388078159,0.000525904264866798
254,0.008023571381214664,0.01207724182690742,0.002740056870778072,0.003836032166011182,0.007901195863599499,0.002592744359877869,-0.004129655294135862,0.00521498421504993,-0.02046257522766481,0.001088325481026336
255,0.006134314855980955,0.01658471520419194,0.003311678168281221,0.006384245328709322,0.006342874326322762,0.003689748127620468,-0.003980358126539848,0.01977778981946759,-0.01845671329966126,-0.0006784450039181553
256,0.01126426108741202,0.0123919740402093,0.003709167101233628,0.005949444442530985,0.005555272311039401,0.001947470873646156,-0.005163614258352232,0.02217973611302151,-0.02018840076610523,-0.002801373669719563
257,0.01037979046525055,0.01127231811235048,0.004202912870370607,0.006567768942894206,0.01071273838718965,0.001672674800121636,-0.007127958366888978,0.01964016373118104,0.002687810536789834,-0.003923769180456957
258,0.01025518114626067,0.008648583866988184,0.003823535920167125,-0.00034619068912235,0.008604084747246141,0.001909511164180067,-0.004303764570098859,0.0182114895291506,0.01318559227308649,-0.005990786931726083
259,0.01394070838611407,0.01268481769127069,0.007395992050359344,0.00755540777172817,0.009733390080389447,0.003179459169425904,0.004161261858761181,0.02825557063191161,0.01593639179471524,-0.004066485598597508
260,0.01410284201414089,0.01371410144640265,0.007759642323339164,0.00937693097829136,0.01027972025585095,0.002761405289384423,0.001631929074977923,0.02788086340386466,0.02952056866458561,-0.005319121755640654
261,0.01306066418089774,0.01466489850761179,0.00709088371698779,0.008730884625235689,0.008499906161716043,0.002772485550528692,0.002845740097217632,0.03191797726303271,0.03796254900701797,-0.0005226309231584586
262,0.01127643278093888,0.01371962165713077,0.00584254329347013,0.00778216186495314,0.001562390327421129,-0.0004680750589102489,0.00235641409174291,0.02774165687726481,0.04357996762117748,-0.002565740083128594
263,0.0128370563487767,0.01712335009658859,0.006797221622509491,0.008636603929417272,0.009039003581092369,-0.000431070678093663,0.003612354774532266,0.02878334700775547,0.05749029752161483,0.001101606809179149
264,0.01370509165836734,0.01658089792496913,0.00804422393808939,0.01177648307971505,0.009272758719881018,-0.001487356670833041,0.002598158401879705,0.02866101683046998,0.05651985621327099,0.002888126543172846
265,0.01356082260072531,0.01585539316402995,0.008151048429144641,0.01138997749392508,0.009296400442836443,-0.0008180125934144169,0.001728421441555044,0.02998453158263822,0.06024464802461348,0.00292083195718916
266,0.01353392693222848,0.01451669575986934,0.007240670624501653,0.01130958783439994,0.009076550798837246,-0.0008554657302641825,0.002007934970258391,0.02985070416265114,0.06131800287472046,0.005193317645779712
267,0.01432618418501817,0.01761137457432202,0.008526788882001163,0.01142028187321847,0.009860331598366643,-0.0007580048679307011,0.001725206069001314,0.03049633948455585,0.06150143492817512,0.005529445942605134
268,0.01393938888431107,0.01752762034646099,0.008671179728277158,0.01046789670229804,0.009633812913585574,-0.0003886220191710476,0.0009471068839003143,0.03036097931710879,0.06050635526281549,0.005416766469482984
269,0.01378973456173474,0.01754663841505483,0.01089878280954455,0.01130259570846083,0.00920534332212108,-0.0001302822271328092,0.001079385354540159,0.03044099309284398,0.06262455040544969,0.006008675054216536
270,0.01368967520459252,0.01948485970119623,0.01090032548154015,0.01225004559361762,0.00956503498813457,-8.767421365771081e-05,0.0009305382566754351,0.03044137518436314,0.06237458245364674,0.005939159956968226
271,-0.03482850111427954,0.003415821068262496,-0.0008387613588833283,0.001140411611594599,-0.007267707730879019,-0.0150436342257261,-0.006683063456782089,-0.05209093972997968,-0.08106645334237328,0.00160614918874546
272,-0.01619670119254561,0.002277178072191383,-0.0005537816208549964,-0.0003682961013328345,-0.001740407400719723,-0.01950000801301252,-0.005594984811480613,-0.04457352680425259,-0.07413718258864406,0.003811576635329739
273,-0.01486439746861529,-0.002535742891817288,0.0003509295453919294,-0.002327968121339953,-0.001531584922987364,-0.01750466915417575,-0.001612182828403716,-0.03826218303985434,-0.06715154901596006,0.002181290646491461
274,-0.01423720580849057,-0.001986067498917575,-0.0007272661734031543,-0.00201708159121778,-0.00199041936286275,-0.01406386425852717,-0.003737076146319014,-0.03780495885674318,-0.05557549758487477,-0.0001981205417232806
275,-0.01001878695044948,-0.002807859388965455,0.005069372412032494,0.005126090481993644,0.001654825231782682,-0.01021106394943205,-0.006162178788754474,-0.03544296479024366,-0.03199047444742406,-0.003452571592432743
276,-0.01096845342943661,-0.005154664254844328,0.001532365045163105,0.004636854191024202,0.0008944766278186518,-0.008902212827217482,-0.004672966515228758,-0.03174815385108656,-0.0276781992158163,-0.001762142483684194
277,-0.007403251747961625,-0.009512693319035684,-0.007056193520113612,0.0008177344136461888,-0.00190967672510564,-0.002271816205075947,-0.003287769169923546,-0.02604786546576908,-0.01677906068715556,-0.001769299414518741
278,-0.003502895827264238,-0.01275102166966728,-0.00742569504113026,0.0006198958352085619,-0.003699109150430853,-0.0004245350839549836,-0.002506422092753235,-0.02341890925617607,-0.01495005867294559,-0.001333456003925611
279,0.0009090029160030797,-0.01311446664670098,-0.006614523039823683,0.001152091875126725,-0.002781799698839205,-0.0002307114628716301,-0.0009935274578450532,-0.01819273660527732,-0.0136667303266033,0.0001132099601610987
280,-0.0001567217563023295,-0.01074025778456844,-0.006512440538962739,0.0006752488874598051,-0.002726923784016848,-0.001335373780818318,-0.004828192013575578,-0.004876091479208131,0.004485730260352259,-6.246455417146032e-06
281,0.001187375165190331,-0.002674852303520161,-0.0006499874292364455,0.002341474020443164,-0.002909083434080585,-0.0002500425174818502,-0.001743901037143721,0.01286745554508903,0.01482153350822993,0.001046245723608235
282,0.002464877832955906,-0.009168220652105201,-0.00192316556239581,0.0005416299289275474,-0.002779595150789196,-0.0001703044363767829,-0.005930531041429537,0.0163026212127367,0.01373937635777997,0.001393870361828103
283,0.009765227060881789,-0.00882815398484112,-0.00101239977853173,0.00198456758464518,-0.002436437939303869,0.001098481062383864,-0.008307619116798174,0.02109986219612347,0.0196117010407311,0.0006242737885386368
284,0.01079522519735101,-0.009069651436341416,-0.0007549243838397567,0.001432732922415295,-0.001649086535137332,0.001281497617560032,-0.007638923373868926,0.02111760659099728,0.02936046479469257,2.196604923059512e-05
285,0.01168390470979844,0.0003396700187928971,0.002994131642476369,0.003949289237779145,0.0005727178349172375,0.002729115360489665,-0.001865577838787527,0.02312071205555397,0.03796266337181428,0.001983004445339461
286,0.01342885027696705,0.000403336406436701,0.004518568413999789,0.005738996958841247,0.0008263067672486204,0.005197923377383016,-5.33617206138032e-05,0.02396617645230842,0.04783079366392583,0.005153506155055405
287,0.01374744895639601,0.0002553339308036866,0.00524507777446956,0.008163526160334054,0.001107926153461573,0.002672539743273501,-0.000999674446368031,0.02596420612312934,0.0611734989696702,0.008731562505197863
288,0.01360322959225894,0.0006210494240786689,0.00518866471533172,0.008114433206781766,0.001988744005981691,0.002571656525618035,-0.001001123323417701,0.02549410384953354,0.06146707735374183,0.008567538163580184
289,-0.02587904990976782,0.01330362396339362,-0.002220667726292779,0.005260081281831694,0.0005960841023972718,-0.007081187161983558,-0.003818108489558486,-0.03779619100992625,-0.07055657245425714,0.007416810983731733
290,-0.01282543882317193,0.01546827049528876,-0.001583952527914797,0.009344797915870858,-0.0008236559590149189,-0.005286196204581333,-0.003773539418823124,-0.03338014256781209,-0.06279259980482199,0.005156920114167879
291,-0.01253381954773571,0.008366850555882611,0.002476728515772255,0.007029662211936294,-0.002075178074231596,-0.001815485724386368,-0.004120101191497739,-0.03510215678473107,-0.06173278202904035,0.0012719836652844
292,-0.005037386617461658,0.01017435365286945,0.007203629298769744,0.008379389165522102,-0.0003659634553944051,0.0004342873834997467,-0.002635947292907719,-0.03238512580899382,-0.04916932817850859,0.001594495081941179
293,-0.007952961954589003,0.007326549561807338,0.003252002063412427,0.00497592882023392,0.002679233274826606,-0.001564174487396997,-0.005035846740088614,-0.03236323208273557,-0.03231332830463868,0.001059507295734312
294,-0.00788741497652986,0.007971278704702186,0.004894389428256989,0.01191159331870915,0.0006962715142772626,0.0001199931100030336,-0.004622381539555931,-0.02760826541956587,-0.02552157867590268,0.0006166511791986793
295,-0.002355901089364358,0.01031545358540099,0.00470920109360854,0.006297708855891306,0.001487125371445564,0.002601235297657842,0.005473951952853824,-0.02617679182231844,-0.01289109870100878,0.001442874867537585
296,-0.002562360463859982,0.008343349553755468,0.005430316237681844,0.007322196247726761,-0.0002557040531047976,0.001903831392042697,0.00491923852029939,-0.0130869562837244,-0.01126354654341154,0.001760115573685165
297,0.002076853279176102,0.004956314133123173,0.006286216730875685,0.008415202441800834,0.0007046191831896239,0.004440573415304717,0.003899903694262533,0.0003629120540459445,-0.008965698014073037,0.002761752801352018
298,-0.0008434860096745989,0.003748343859154567,-0.003004952476195069,0.005592405038000616,-0.0006079859322301761,0.001719594584060554,0.0001364647653627492,0.0150071341164446,0.003252703041906885,0.002983443218072981
299,0.003940688010496251,0.004292530411213271,0.003379308732221298,0.007455034335489658,0.0005408339656612128,0.005148171649351539,0.0001787364448549968,0.01844236930524294,0.01551627081174414,0.005997980044898175
300,0.003552206491228092,-0.0006334628521796041,-0.001093027459512431,0.006427850925739656,0.0008626275855823494,0.003881133984373455,-0.003230158594880474,0.02921213608215874,0.01867981055004933,0.006560540162001539
301,0.01212308439795113,0.0006538309127552175,0.001615884644539116,0.01081676364161402,0.00274409399965128,0.004148583641779678,0.001344698955463529,0.03594531773329859,0.02247739106685739,0.007459753678803116
302,0.01224347131270201,-0.004809293922564819,-0.00181371024342905,0.007048019739573174,0.001644840865863095,0.0009392832213176787,0.00110104604528635,0.0347623747857085,0.03227508253166626,0.005044915169452165
303,0.01000911780537892,-0.001939577853965582,-0.006513120373761332,0.006568914062853464,0.0006142144935047396,0.003127952820189526,-0.001733379362816189,0.03207461157438091,0.0334596381143716,0.001960349074723812
304,0.01125124590783257,-0.001232281221273574,-0.005792292297585409,0.006799539637241464,0.0009762360726309124,0.005362655719160107,-0.001270424403901083,0.03309834497815881,0.03446309530986481,0.000949610933670607
305,0.01116434838891869,-0.001947239328192744,-0.006129510645231479,0.006992512856931294,0.0007474561702022454,0.001323601064192322,-0.005248197328074859,0.03212064333587052,0.04636189515127747,-0.002133267819246991
306,0.01118989348293588,-0.002349406717938824,-0.006016293272967902,0.007234145800529479,0.001413582139949018,0.001137922813655008,-0.003133680390506816,0.03180327650347119,0.05337569793064095,-0.002850165761887474
307,-0.03778894475632272,0.009969723280288452,-0.004493280063808985,0.002360702096754051,-0.005967152403376134,-0.009507538595695326,-0.002397785580766245,-0.05544354514016529,-0.08172051115889171,0.006789085092165386
308,-0.04008339511710311,0.009104245861004888,-0.004903894363685663,0.001463581786906834,-0.006786669875355473,-0.01167749619983949,-0.003706857601244493,-0.04594932030846782,-0.07833908938570665,0.00508968759548167
309,-0.03615542791189315,0.004709497040015853,-0.004267734488421771,0.004065619379902096,-0.005931331925026598,-0.01217500204536363,-0.006313657015956988,-0.04183406292580567,-0.07656729110780226,0.001641063424502996
310,-0.03767196691445741,0.004825828571721001,-0.005424614365904364,0.004851417053188858,-0.007309317447074809,-0.007508082897321408,-0.005651756224516825,-0.04001875348718242,-0.07136425304195108,0.0003773882547355573
311,-0.03404371295800235,0.002674001275526076,-0.006513778322966589,0.001002780061657591,-0.001797562927847198,-0.006961753400981937,-0.007041599161489712,-0.03994870356908033,-0.06080714476126504,-0.001853197758148928
312,-0.02881579077535441,0.002997874714698476,-0.006563429885706108,0.007376650853490109,-0.002074333592286661,-0.002257087649496952,-0.004377560775995084,-0.03670634698968333,-0.03120373787359812,-3.557654240061577e-05
313,-0.02677193463289413,0.003058650850577184,-0.006882785921418779,0.00477728018022085,-0.00166322496296663,-0.002565829497795917,-0.006538376583395478,-0.03809194420411881,-0.03347921493184901,-1.358093827440843e-05
314,-0.0194663755326945,0.003072628644523845,-0.00717487834636093,0.001745154254692292,-0.001835827562587879,-0.001932930040600073,-0.008535422600649873,-0.03208840996898803,-0.02043723101937636,-3.814969316702819e-05
315,-0.01588849951062964,0.002144052068977667,-0.00676352708428271,0.003021142449392446,-0.000902708819951245,-0.0006335852235445929,-0.006708742084278925,-0.01900180852971427,-0.01845687597629272,0.001582096677331451
316,-0.01131163623976362,0.002161051590114883,-0.006194113455832354,0.003451932284505835,-0.001209909581042312,0.0006196888456200438,-0.003987381260524917,-0.01173587163814151,-0.01294150614303222,0.002075576638172559
317,-0.01715744105669213,0.002229971841297719,-0.00414593478085298,0.00385605650357158,6.637319390049689e-05,0.001547564490019545,-0.005150118670849073,0.01038855861149172,9.091993477450678e-05,0.002133878918817221
318,-0.01011478896772127,0.005021815210283267,-0.004533658306774756,0.003537246446847156,-0.0008596634482788344,0.001623680538632851,-0.0003441995917370324,0.01521573040292239,0.01102423171164979,0.002295306155641825
319,-0.004771109665349225,0.001401672753990057,-0.001293320881157101,0.003992790354619457,-0.001929544524397708,0.0005712025867254275,-0.003173021676815472,0.01857009414745332,0.01285693220921134,0.00282373648004663
320,-0.002582621597082327,0.001691540242939151,-0.0004423563783042863,0.004718271045015533,-0.002568066170020348,-0.0001530046934983194,0.001102965627632394,0.01909500451451167,0.01601794312921025,0.003804074992254861
321,0.0006223140543881778,0.005615704132452631,0.001704117278739538,0.005096080299076363,-3.77596943539918e-06,0.001146838499292528,0.001826774182417952,0.01934485086697862,0.02028309252326922,0.001363355331878832
322,0.0020734106184367,0.002367433194074481,0.003768869637085074,0.005197447179050775,-0.0001433653106307477,0.0003695294125626346,-0.001163967303986637,0.01921828538011529,0.02690005343820985,0.001035671047495694
323,0.001573064146184705,-0.0008188906773428611,0.004034076231136994,0.002587944034340452,-0.001596118860980853,-0.00161790868731787,-0.005789890346706417,0.01909576351182145,0.03149012373099407,-0.005242673045218619
324,0.001666678292412578,0.00167101965376432,0.003771857372658873,0.003534672071019493,-0.0009890561225247992,-0.001496509525613515,-0.004815959010560841,0.01917554163594224,0.04028239091244946,-0.005116377683662301
325,0.002768370601647602,-0.001394075204258451,0.005142655674142778,0.003484812890549658,0.00216524220796073,0.0007209450625903777,-0.004868020783381548,-0.01526525499432321,-0.0157475329439638,-0.003926829147738403
326,0.006807520177203378,0.003723954421344916,0.005090722042873802,0.001645496078867669,0.00177937964237253,-0.0008387965834440959,-0.005237670026287947,-0.001354494167815953,-0.01639600098549621,-0.005123774435959117
327,0.006579082303309639,0.01142991167916111,0.004150921570990448,-0.0009318690616424623,0.00153449927488763,9.700877593487614e-05,-0.00490287911366678,0.001531601863554723,-0.01426282946544478,-0.004962911454983511
328,0.00787051387918908,0.008741013272415776,0.003522353242486008,-0.0001638509249404453,0.000912605058227037,-0.002399508834420153,-0.006490363728854951,0.01115349174278283,0.00461527212063239,-0.006547542449657985
329,0.009098019595963017,0.006493247678677316,0.003461787984476966,-0.0007861126483185829,0.000220081310274197,-0.001813552597562292,-0.006734792165414062,0.01596781240707089,0.01244165654327613,-0.007994543771765958
330,0.009055070694409913,0.007302829117365484,0.004058695445169106,0.001024763438387968,-3.886164664079934e-05,-0.001015955086209612,-0.004331352349622244,0.01590361673753272,0.02065201472681792,-0.009322280107717936
331,0.01145558095344096,0.007179105116954982,0.005672576798150824,-0.0007277287188944129,0.0004641941824979348,-0.0005526622783175116,-0.006866556828938498,0.01764145875418804,0.033682982627943,-0.01017025649025113
332,0.01278637137369924,0.00766623322847705,0.006226079091707342,0.0002296318832515484,0.001366787481759662,-0.0007533866193948632,-0.006707140896102169,0.02352662900552773,0.04192811307900456,-0.00966437212155574
333,0.01117658769300049,0.003765897157177707,0.004130567026053721,0.005788242316048575,0.0003764448244096752,0.000410386965810708,-0.005495540578387622,0.0272407738986653,0.05066308865109453,-0.01106431271363168
334,0.01111564347419743,0.004503091741608481,0.004794637233459791,0.005966803461998272,0.0008004019500658017,0.0005703834833492955,-0.003969187047523145,0.02805759745424075,0.05000243159078484,-0.004793264978371648
335,0.01084698216673044,0.006082619118490658,0.005159269079738951,0.00616531607820278,0.001815914622214365,-0.0009935848074592967,0.002808005054115849,0.02821017104271014,0.0553968036194025,-0.0003159763747674208
336,0.01175935309241012,0.004155135553501251,0.005681134141844452,0.007572369240544674,0.007163289298119152,-0.001337447883548755,0.002115261829393146,0.0277273860555399,0.05576263463299741,6.284004757498634e-05
337,0.01356635555787227,0.005290940477628719,0.0103135496386788,0.009162373975977352,0.007905905797432939,-0.0005736996419402614,0.0002284438798789165,0.02921817524174916,0.05871189004825032,0.0008986072492408182
338,0.01258911019276934,0.004471079359519842,0.006107899848960742,0.005852858361422903,0.007006486244171162,-0.00402441067625856,-0.0003646112772784391,0.02803568010540163,0.0570350280543999,0.00138492478861358
339,0.0118412563268949,0.003494550790432786,0.008202959902247502,0.005911699646110197,0.006509020426639919,-0.004101219195317754,-0.0003067428327842194,0.02759079065967851,0.05628996712628605,0.002890696802205078
340,0.01239576849333822,0.004146657447714346,0.008381048695297166,0.007115503911152626,0.007866220338143357,-0.003871013644844559,0.0001130691438103945,0.02771767336346212,0.05674307158731598,0.002968093989892492
341,0.0138264934700624,0.006260920541015538,0.01124997140955981,0.005552432434428067,0.00789967104572048,-0.003006168724008386,0.001086569317602331,0.02857937791892219,0.05858728668007196,0.004438944609653835
342,0.01360904070251912,0.01131924200396804,0.01144088913610489,0.005749223750342057,0.008801290026005014,-0.003081305258726511,0.001566196913757448,0.02882805981993489,0.06030921203579213,0.003936171662809204
343,-0.01363670978775868,-0.004187573502606165,-0.003959223414692514,-0.004177784452407705,-0.003158717975263297,-0.02752189841757161,-0.008830352891043043,-0.0371124341099191,-0.07919460405952751,0.0004467150382403898
344,-0.01222537555444106,-0.009224351675408393,-0.006135265358039693,-0.00423007838640451,-0.00265136735095621,-0.0160758523037464,-0.008567147797951548,-0.03018906364358862,-0.07834064718119257,-0.001206067629476349
345,-0.008699712240453683,-0.005238401932448469,-0.004475019648875846,-0.002234023549419597,-0.001604379355694016,0.0003416607036504217,-0.00168366853242953,-0.02029184780352195,-0.06886320122553598,0.001351184477269126
346,-0.00515053401206401,-0.009761817243788442,-0.004992875528284549,0.001554564266550677,-0.001583021462560729,0.0006817549451633697,-0.004863719589306753,-0.01358714229836404,-0.05671551631988604,0.000144808300526291
347,0.0008138896243547399,0.0008558570272481265,-0.003536388320695833,0.002083219132402624,0.003389737006222656,0.002434659385906659,-0.002343112154997902,0.002311857762066496,-0.02538038999855503,0.001136457007130344
348,-0.006139652357204129,-0.000507385631053113,-0.003352593604744527,0.003568071539769819,0.002842194097039211,0.001905398804406348,-0.004049221967393712,0.01629851146930028,-0.02455635087661217,0.0009860869510624742
349,-0.002220194537006105,-0.003056044252707464,-0.003721579021315215,0.003440923480577272,0.001898394600117044,0.001006372876848311,-0.001625984664270216,0.01845126859006829,-0.01712243854891998,0.001070847668862327
350,-0.002642392867872157,-0.001611185621973604,-0.004179959789726694,0.0014539641063838,0.001147846992586422,0.001275167834079523,-0.003388806827378031,0.01951651556162608,-0.0144416943995698,0.001812024458436534
351,-0.002380251044013467,-0.003810862241567304,-0.003086527507912401,0.00117396462662343,0.0007386396860728281,0.001849252885124972,-0.004049386849611009,0.02081661109407828,0.001013784200608459,0.00246940199552621
352,0.002121131163933141,-0.002132781887432671,-0.005335871531502983,0.0002854374400143105,-4.685853340841422e-05,0.0002433921172563461,-0.004803865222265319,0.01903577070688162,0.009870032261017226,0.00171063968548905
353,0.004695728168295984,-0.003443972807724985,-0.004460668005950682,-0.0006182965536387783,-0.000561428704725352,-0.002378866586435051,-0.00210944101710323,0.0258259552617396,0.01611557275700507,0.002168178071406268
354,0.01042127740814379,-0.002000753892057245,-0.004248581138793502,-0.000368647505718234,-0.0002988530547218673,-0.001431765478814771,-0.003046638964139784,0.02985645319041368,0.01792411400484371,0.002680222626510947
355,0.01031299320505456,-0.001533957346179626,-0.003149091682107529,-8.661781672334747e-06,0.0002985636077360703,-0.0009268690623754987,-0.001424105744098588,0.03147359993106423,0.02586807059516502,0.001929841414466709
356,0.01034402843854574,-0.003829328710149473,-0.006589642715565055,-0.001403556270586196,-0.0008832606814099468,-0.001270378235690233,-0.004428401533556399,0.02926648931777527,0.02909154527693814,0.002029584877854553
357,0.01092026136637262,-0.00678702617948968,-5.518650749513498e-05,0.001557712622602857,-0.0001034880191122975,0.003039050243343366,-0.00382478739842476,0.03038151866970127,0.03568805725556405,0.003230380655965619
358,0.01060552227138952,-0.007776621474271113,0.003486403643602072,0.0001648496321700415,0.001541821646436394,0.001393595797188087,-0.00333924628175313,0.02912152982116237,0.04017529177160906,0.003638698421383204
359,0.009814038778118504,-0.01095409322976662,0.002055613741273387,0.0004234800324861049,0.000669894551700912,-0.001316773815232536,-0.002270038689692666,0.02805861601506886,0.04755961578186216,0.0004971821447915142
360,0.00972996907487784,-0.01265977703264724,0.002263543628860101,0.0001242541865062674,0.0003697416120285583,-0.001613682343833428,-0.002348582417548084,0.0277996526693129,0.05035944878927502,2.933635192751716e-05
361,-0.01163630458343888,0.006438303077313289,-0.007119717974326235,0.0008346124646040442,-0.005125769655596675,-0.004983266835828906,-0.009444330733793693,-0.0392529395961309,-0.07351555733005183,0.003002055677704027
362,-0.00884003649777559,0.007482368579453228,-0.005388955361282353,0.002242094419096524,-0.002721947669098685,-0.00828185778819606,-0.007779464178036143,-0.03696208230882064,-0.07121278105718973,0.002654407871802974
363,-0.006408667983323846,0.006019310834545842,-0.001430091792061797,-0.001819398191148461,-0.001422674621731053,-1.775224425518379e-05,-0.004104533099100406,-0.03499843366763384,-0.06637906145773184,0.003290654773466296
364,-0.002678509651295191,0.00843418607778591,-0.002345049725221614,-0.002315847386509119,-0.002102332537831673,-0.006968442932265918,-0.005117004840852807,-0.03007470097657906,-0.05479544172036012,0.003117767602550041
365,0.002339590161878825,0.006250938694818745,-0.005377436965112383,-0.0001874535388995047,-0.001114869222121031,-0.007779662636190848,-0.004456881837710416,-0.03888104926593052,-0.02697537037623839,0.002088248915646476
366,0.001754674846320347,0.00472577384363699,-0.006602147793634867,0.002291443210614568,-0.001969482776144612,-0.002442269359598845,-0.006418436824586619,-0.03022190173553879,-0.0198204406748132,0.001746785484165246
367,0.004719691650600755,0.006311534401888797,-0.005370723980543914,-0.001179591061918327,-0.002262754420501852,-0.001203180825218887,0.002444260779128675,-0.01667789154069584,-0.01488840683494387,0.002381906736286138
368,0.006127576152576784,0.005146837580941923,0.001301200609341856,-0.0008022799181166999,-0.001500713981669312,-0.0003871923158799743,-0.0005301787087222506,-0.001123000211128464,-0.01705827516198454,0.002642581239540318
369,0.003587290980875926,0.001589870405895358,0.001097849483967416,-0.002037506174062806,-0.0007796509347569964,0.0008252046329573899,-0.003038313227050116,0.0132073040143937,0.002277567084213715,0.002217833355879584
370,0.005390043486491273,0.001847685106787434,0.0009146334911722749,0.001304283593311367,-0.00117181308455218,0.001337861877916699,-0.003289495116743542,0.01601054378985454,0.01232305959766439,0.003467587525621524
371,0.01109416235465217,0.002336561363407517,0.002851113938008032,0.001676049926382732,0.001330764391233912,0.001538099521636648,-0.0005836297649452347,0.01814679434283138,0.01433113044361233,0.0009432956212779742
372,0.01084904885189827,0.002624693158369111,0.002849488200595554,-0.0006454647088600829,-0.0001089303182819056,0.001773522674054718,-0.002106225716923904,0.02931088499071952,0.01865833523836952,0.0003033545204518123
373,0.01122671696676006,0.004199416001719448,0.005742573034266682,0.0001015153451990375,-0.0002812402307762704,0.003567207789844486,-0.004246609726189883,0.02874137122590346,0.03129792040684325,0.001446819373210355
374,0.01092588480398261,-0.001862714000102594,0.003273836531228802,-0.0071647560224177,-0.0001017762106142536,-0.0007919576257855805,-0.005301709477157902,0.02560829053739297,0.02838198697751454,0.0006083455706048591
375,0.01326225329391405,0.007074714064363595,0.00651965624144627,0.002222856262210347,0.0006921174670806302,0.002782380779495109,-0.003737866353360897,0.02661514910618723,0.03560838730280132,-0.005806607098072799
376,0.01368355885346778,0.004613796612657874,0.006644642940180571,-0.002143757639403145,0.001063508779316702,0.003800590918759286,-0.004157284208764294,0.02650139164619352,0.04509146332749039,-0.002639200953026762
377,0.01372044846347642,0.005356003327129646,0.006956061852811862,-0.002905915479626494,0.001751956419801795,0.002747113400267275,-0.002292781413783115,0.02635803094043589,0.0533071231238107,-0.003276947654824182
378,0.01356273574358385,0.005236708821563288,0.006785271967654065,-0.002868203667443233,0.001468864625102364,0.00274477834174207,-0.002304823414672893,0.02638957111074782,0.05285078387414451,-0.002943792499063011
379,-0.02742267094303575,0.00490925545547781,-0.005288824435243929,-0.0005627471790945796,-0.005785379697691141,-0.01034510446135625,-0.004056129642714068,-0.05928814025609312,-0.08224846928257346,0.004996989514911473
380,-0.01441008264654945,0.003554904126605,-0.005673327903929877,0.001321042106677436,-0.004561450173690895,-0.01307895790679724,-0.004350863550741442,-0.05414624440834387,-0.07573634965216389,0.0008958690303180138
381,-0.01250756424304781,0.00142798665765041,-0.005387023389836878,-0.0004786979501108182,-0.002924584859049137,-0.01004310739894292,-0.003813080961229794,-0.04352878672166235,-0.06697659536196604,0.00443244932677345
382,-0.01342812790446265,0.00193991114425248,-0.004377774059236788,-0.001231594366299537,-0.00453757399532626,-0.01029913302878942,-0.003869204693219376,-0.0386685271206692,-0.05629593473528788,0.005180640103229918
383,-0.01321749229005021,0.0007105464565858879,-0.002447962030232069,-0.001036073410270195,-0.002395521313818919,-0.01355527679098256,-0.001775949071687366,-0.0376721061284693,-0.03024469463867538,0.0006889244834594738
384,-0.01265281730838052,-0.001544009322540827,-0.004513050809891534,0.00283155618975737,-0.002766917760908944,-0.01569226016054622,-0.00281402631945269,-0.03810570931486447,-0.02602131633092991,0.000131474124528459
385,-0.01353256722721664,-0.001873645031056291,-0.005036675004009715,0.001667234615850026,-0.003393710050897164,-0.00990026508122875,-0.00264943213784443,-0.03312400120940753,-0.01796638011290846,0.001182648147672555
386,-0.007466242577931297,-0.0003234404859467146,-0.005358217316815846,-0.0005528907367844025,-0.003043085108705847,-0.002575121114061157,-0.001589378307195098,-0.02793258634123828,-0.01329324376835202,0.001000786981766831
387,-0.01008169179580895,-0.0007480355626914919,-0.006042321601726621,-0.0007339274659661935,-0.003065231347164843,-0.0001137857998815042,-0.003969594625243103,-0.02450458963915843,0.003985834922892011,0.001019727167467814
388,-0.004219962008373329,0.0004751741600823662,-0.002488503892111417,-0.001302843661752652,-0.003128407109210032,-0.0004260293023194962,-0.001809529022699764,-0.02002253608722392,0.01081999698620023,0.000226566434018877
389,-0.002055458009320527,-0.0005955076100775116,-0.00582533440533571,0.0002159751989977492,-0.002159741543305574,8.817082209100174e-05,-0.004402004283133455,-0.01876619023232068,0.01439324923462764,0.002679859793130334
390,0.001774113571456071,0.0001725189940403452,-0.005057253754809101,0.001017536990381221,-0.001381403297574042,-0.0001049521965219268,-0.005066257674900185,0.01058049193506024,0.01718387045807498,0.003127651979694875
391,0.005688939160586156,0.001119725665679972,-0.0006626416174135513,0.001517126165088189,-0.001152912965675416,0.001717277403060132,0.001184187740277781,0.0165407279960457,0.03259390918434892,0.003750514371754494
392,0.006100891042553703,0.001072993605686109,0.001599818257469191,0.001351501693726338,-0.0004722072864558866,0.001705168735726636,0.0008315759687181791,0.01635229011746644,0.03920107388573321,0.005150524883618
393,0.01015514013034452,0.001181527184119263,0.001250852720970698,0.002542514511352571,0.0005743041249730369,0.0008151603034223503,-0.003749334070528479,0.01654557700707424,0.04589385330666049,0.002517331932396535
394,0.010378722579136,-7.506026056836696e-05,0.004012038324254715,0.003765901677550942,0.001694118697653251,0.0007941001655294661,-0.002167426352180811,0.0185333996907205,0.05920585542985737,0.001671045232360451
395,0.01071525014150121,-0.000912529288859711,0.004660468874665168,0.00336438171143716,0.001549575586013915,0.000814419086908813,-0.004228729396971607,0.01843222238680216,0.05785543097535023,0.001708644973870631
396,0.01051927829549936,0.005378717481817548,0.004036865776431434,0.003643534886249061,0.000737961958662914,0.0004241084455446684,-0.003533498909765551,0.01801983898826694,0.05861797643435149,0.00200272818539622
397,-0.03482634255111906,-0.003242307343448967,-0.0009899813136878672,0.003021971044029218,-0.005392267651601269,-0.01090015379167295,-0.004028272390886076,-0.05636265528418866,-0.08270507235073223,0.007166260952022477
398,-0.03522920674655568,-0.004281545590692356,-0.0008037545785179517,0.002666906673564322,-0.005563806746045737,-0.01020742651353731,-0.003397662419961161,-0.04329732059510649,-0.07505007669923812,0.008425317705203553
399,-0.03648768211216245,-0.0005587646619121657,-0.0005674740179618981,-0.0007009057829404036,-0.005679651507787023,-0.00835940419897627,-0.004009843402915026,-0.03893833422176136,-0.07589880083123955,0.007464889105041271
400,-0.0320351143542317,0.0003549554954060683,0.0008274376111070206,-0.0003245841329492506,0.001581899969108502,-0.007880188021081537,-0.003537294175392615,-0.03653411541466461,-0.07353853925257849,0.00631733765256519
401,-0.0333106183350433,0.001662235510869481,0.0008684336290626036,0.0003820941050943068,0.0026854587022691,0.003429564272282101,-0.001547529687500633,-0.03410242819295737,-0.07032996284048945,0.009858559089714728
402,-0.03052320708968418,0.001268854425656421,0.001077814401525419,0.006528054893221521,0.001282775752051854,0.002582253970765821,-0.003440359774629967,-0.03501366928142665,-0.06335367633662074,0.008205550296632357
403,-0.02823505311636694,0.0002056906547267109,-0.0004498222370851747,0.0003399391519440968,0.0004995250376243808,0.002222971421169619,-0.002734562357276381,-0.0309367385709524,-0.05734879629365958,0.007018323799524996
404,-0.0221221254865774,0.0007108881520342139,0.0004988823252121413,0.0003626021418760867,-0.002227246892493679,0.003487281142822362,-0.002633934778709934,-0.02190119045025849,-0.03458095158028911,0.00627705197633688
405,-0.01944862171740802,0.0009368918647911914,-0.002248536473832826,0.00197908575063418,-0.002641972407361542,0.003566062836308161,-0.002235224129827614,-0.01205589872741637,-0.02481948795535139,0.001881680793805518
406,-0.01808416487684067,-0.0001742087851358014,0.0001621709702789847,0.002902702917352006,-0.004567874867116864,0.002692042693886204,-0.002465682227094116,-0.003707611156777728,-0.02120173931540088,0.003381455727304085
407,-0.01638478032005031,-0.001305122997525255,-0.001191484324072541,0.001954985136271701,-0.005543098619709209,-0.0003210675188834819,-0.003166200099507041,0.01383810619888103,-0.0170958227397273,0.001574647399343378
408,-0.01318096731554917,8.598128061405901e-05,0.001278918554175971,0.001234780043094805,-0.004866686419066998,0.001407208042467932,-0.002369497811574814,0.01572192590352511,-0.0136666391154624,0.001605295778235703
409,-0.01774225315376293,-0.001408913166231299,-0.001930287133732933,0.0007725114752128617,-0.005419371583275875,-0.001418346483373444,-0.006916921615843081,0.01520053493148325,-0.001077846238136167,0.001721499701799027
410,-0.009910666966436972,-0.002401599259643492,-0.002130056537311149,0.0005736953031858598,-0.0051764085763232,-0.001725201804423971,-0.003725628687910063,0.01601026693440195,0.00403846693450652,0.001602937365554473
411,-0.01166095097453792,-0.002657325221851516,-0.004858865347722535,0.0007023335913245144,-0.003703598974354744,-0.00218779944726043,-0.003355132074384235,0.01687247207328439,0.009587189893168854,0.00224029963102286
412,-0.005593084623324663,-0.00055969040094535,-0.003284248910091667,0.001349066866709125,-0.002918974253913727,0.0005054896999415155,-0.002509787325901142,0.01812496624451881,0.01371364360523759,0.004372300666201867
413,0.0008925066420884973,0.0007509217876081258,-0.003267959646065534,0.002044175829180614,-0.002126298075098875,0.00220603662666303,-0.001520867753028735,0.01970119423221424,0.02180347623819581,0.003118125927835373
414,-0.0003231831850491099,-0.0002772478732436579,-0.003259463366370823,0.002165896825870951,-0.001500842450572874,0.001997421083904398,-0.001204175345193904,0.01964988747277569,0.02832328349844299,0.003336999939315789
415,0.003322834490712296,-0.006305313874598473,-0.002964364267408516,0.002298935668435286,0.002431899313577024,-0.001494335687028066,-0.008358273113752398,-0.03897769000799502,-0.05904409946461976,-0.004348043329549984
416,0.0004328941260688958,-0.002007808728995156,-0.003825939579112748,0.001507625697863529,0.003644076570417945,-0.002458285626996165,-0.008292742698657225,-0.04053368783266824,-0.03925564274813907,-0.003736370758678584
417,0.001777699796050045,0.008929986671794543,-0.003183057637289845,-0.0007913316253818161,0.002051991840206576,0.0005650255924285309,-0.008254375271665244,-0.03123625889291259,-0.03244949246452027,-0.002963813439364613
418,0.002117088468102497,0.009533875368023319,-0.006233599722203359,-0.001148063591583343,0.004630963602970859,0.0002494305437714402,-0.006723378293531312,-0.02549937619932696,-0.02818055230350722,-0.003339259842073619
419,0.004691688360782841,0.007948997995050344,-0.007441938718541081,0.0001526628305949164,0.002246700958707123,-9.79760477643949e-05,-0.006883761972931049,-0.017534045800342,-0.01589324455991805,-0.008546127211426264
420,0.005987662913757016,0.007059237919324181,-0.007237380148551338,0.003547062327820079,0.001646101061181672,0.0009756845733497238,-0.009219299388605837,-0.02002192854345592,0.005392559626776938,-0.008415407223789473
421,0.007946670054254722,0.006316005797517769,-0.005291839276658511,0.0003395501551275872,0.0006776423359254589,0.0004582397341723552,-0.007514552954142755,-0.007779038439389247,0.01189225620648948,-0.00961499468409419
422,0.009083242129667938,0.0044609390483664,-0.004386749497230731,-0.0004755300988978098,-9.542138330337411e-05,0.0006837262612750244,-0.009465476393489214,0.01587895584657821,0.009781341086194875,-0.01039584925883456
423,0.00949690306691871,0.004335364783236786,-0.00575527489449811,0.001475743417254636,-0.001054699035371253,0.0006849313126439249,-0.002791198830133664,0.01814042847305928,0.01646370302209843,-0.0106516804244123
424,0.01130953618240201,0.003120036914794948,-0.006696269751691393,0.003225574101768532,-0.001159109002942456,-0.0008942302439424557,-0.003714747556263021,0.02416598050531655,0.02858856125839975,-0.01244443629972715
425,0.01095373386912062,0.005842399721537361,-0.002672811019734944,0.005474521240732567,-0.0009345817434324947,-0.001419504299472657,-0.005873770305682913,0.0262251911730435,0.03367742455521013,-0.01190824178723196
426,0.01134589588621088,0.01025387749692456,-0.0008121121265786301,0.002989429852934704,-0.0004210831726393796,0.00172661291716668,-0.004617885890644088,0.02658644108009093,0.04272207587861549,-0.003309147372628172
427,0.01187430369908084,0.01302055756093916,0.001478037971235695,0.005326590843567089,0.0009052958102802112,-0.001441639884454192,-0.003352393989583494,0.02727416954401703,0.0573893407930175,0.0001625838490547782
428,0.011001612567079,0.01011667665858181,0.0008168845720982804,0.002048740197110345,0.0008122964769414821,-0.002964997227300914,-0.004772909898963615,0.0263557388798615,0.05413520343087877,-0.0008485085867752581
429,0.01180040571922179,0.008053189924552805,0.0007236738836612928,0.001953446592942028,0.005977174617845707,-0.002995863133257184,0.002333395514542499,0.02772815916768257,0.05687273972489693,0.001364828955292231
430,0.01187232387351994,0.01134340415073975,0.0002467623161305502,0.001681165067771122,0.005909742233188771,-0.001847216468317001,0.00252971409319327,0.027559950301913,0.05768938471080928,0.002480691282679731
431,0.01317906815780052,0.0116676968309446,0.001997398784326518,0.004738566295990126,0.006139037743868266,-0.001702638774184881,0.003740634639630403,0.029051314165961,0.05824848672295737,0.004167063985181033
432,0.01283027808688311,0.008683100219797997,0.001774269027232612,0.004541033857784916,0.005961067587794695,-0.00180282778165042,0.003796947874011781,0.02906547585703061,0.05847292775332729,0.004111100082464219
433,-0.04580501559771893,-0.0005223221368996305,-0.0002566497622359734,-0.003217512627969385,-0.006341634717392123,-0.0008771547636463729,0.005753711213960649,-0.06201137093004955,-0.07861937846338907,-0.003635201709028397
434,-0.04582450743550437,-0.0005619557910630517,-0.001906927384066583,-0.004210038288696338,-0.006628746824837491,-0.001128950070947204,0.004908574586523711,-0.06615522975108076,-0.07926136740803882,-0.007030813156331779
435,-0.04423817529230007,-0.0007811304467705447,-0.001245663286590793,-0.002968808548062648,-0.006002146043141975,0.0005674449197708033,0.005018582998415523,-0.05084473935269103,-0.0749259787641866,-0.005562239460001803
436,-0.04272073597230253,-0.0003759829293616595,-0.0009922903360868286,-0.000531395597916314,-0.0002411868407676083,0.00100460991575217,0.003202288837173431,-0.04450268092548149,-0.07202544377775381,-0.004732414961493217
437,-0.04470507682275504,0.000392227271073049,-0.001054031978265413,-0.002771208113804735,-0.0004640197036517428,0.000925671386906563,-0.004145179224047451,-0.03966455837073708,-0.07274043739901384,-0.009573388315732357
438,-0.04634834735491733,-0.002518238878747054,-0.001359629312132004,-0.005574067217833241,0.00210968929229003,-8.347771645707963e-06,-0.004273817346859833,-0.03802170208843118,-0.07297981318506265,-0.00928886212402424
439,-0.04840554745781574,-0.001603075164294404,-0.002410096336780045,-0.006770782074128841,-1.761560999030973e-05,-0.0006915387382700074,-0.002608155132234979,-0.03640290809987032,-0.066518850080583,-0.008183475500650482
440,-0.03922197881088931,0.0006607762429450329,0.005201876665579657,-0.004873911331546481,0.004379702734606543,0.001504787624030029,-0.001341618209082246,-0.02291986441367582,-0.05106268204653868,-0.002899108712192803
441,-0.04728270879377511,-0.002441351699580482,-0.000324248003051375,-0.0057249594308492,-0.004077958168480414,0.002372592922789728,-0.001354591966068849,-0.01255803087628619,-0.03320361683841795,-0.002453651176809214
442,-0.06473470020316645,-0.008630554371495847,-0.004320106591209943,-0.006140256786537171,-0.006931595967974511,-0.0002673778281070751,-0.003096218218057945,-0.004305386153858433,-0.03226669014989499,-0.002077466234567648
443,-0.05536608924759512,-0.001843679273779108,-0.001088923053205621,-0.006920593431283196,-0.006473775568271202,0.002322060416705725,-0.002889181023872295,0.0159867271302478,-0.02274274229800631,-0.003374232170241544
444,-0.06231009906972845,-0.005881826931466229,-0.003644688651528951,-0.008831338541650207,-0.008568284255676756,-0.0006262111816163667,-0.005214249965111268,0.01477435955727453,-0.02458689177613231,-0.00616126652879839
445,-0.06118362243086108,-0.005851832251512559,-0.002587769070177304,-0.00966898630693483,-0.007441287429412038,-0.0008023260785746498,9.310928380663083e-05,0.01889672792668535,0.0002637710796271095,-0.003900286528023119
446,-0.05709426787285946,-0.002468528040767758,-0.002852579766937311,-0.008932275690721438,-0.005833696180500876,-0.001241405021119923,-0.006113961179189669,0.01856449269474937,0.009968101555797795,-0.004297746957935748
447,-0.05885819445280002,-0.003965432526020022,-0.0040610245282412,-0.008601083321786065,-0.006030917905289163,-0.001302416060697651,-0.006691455651713405,0.01863314781657537,0.01397422112894743,-0.00294996081448835
448,-0.05268092909833463,-0.004065046954774615,-0.001667507713246096,-0.008546068681383896,-0.005275285159105879,-0.00102790803861432,-0.005966023504865442,0.01971977123772047,0.02044587280132017,-0.005273102418280225
449,-0.04283762195023234,-0.001959027531812856,-0.002656629454328156,-0.00938023886420467,-0.002050747285513028,-0.001539570229134632,-0.002264221120421149,0.01995509902141725,0.0362503369151892,-0.005546879300597968
450,-0.04081165096079694,-0.001833613840274912,-0.003097427465934373,-0.00893297389932645,-0.001900827549657476,-0.001449117684388308,-0.002152380992329942,0.01994901416101639,0.04525572393541523,-0.005381030292742705
451,-0.05265158923965199,-0.008583936548342407,-0.006245700216620379,-0.002505545576793961,-0.01083443778021823,-0.001415172394521306,-0.005704295931836108,-0.07758653123761992,-0.08863546009066865,-0.01312131094205955
452,-0.05027467610479236,-0.006772153635614861,-0.005614550010434509,-0.001229260141594748,-0.008675166111190298,-0.001163432716426713,-0.00548004907866777,-0.07477749183716065,-0.08792601310802763,-0.01035757904597689
453,-0.05104300647834243,-0.002509734588302442,-0.0002030267620280457,-0.0003092966154186772,-0.01147620649157651,-8.94318624768927e-05,-0.00608577337367954,-0.05939000230097116,-0.08142502386851494,-0.01016859866717114
454,-0.0474416820345593,-0.001410481723435936,-0.001797085898726053,0.003664259192139672,-0.008060579022168102,0.0002923001006517607,-0.00268592392199445,-0.05507667889400307,-0.07867578784968746,-0.01060760545084006
455,-0.04822039403244681,-0.0007292489355624157,-0.002904019815932826,3.821848109276428e-06,-0.008373713498027392,-0.0003006873575090055,-0.006299146985212565,-0.04792183939178281,-0.07763592454168067,-0.01076834165289763
456,-0.04808888408260195,-0.0001802496645556906,-0.002010808809083631,0.002900898818722563,-0.007955564499122224,-8.145794566495216e-05,-0.00508842462259608,-0.03852970561244615,-0.06594784247425953,-0.007166027265537505
457,-0.04135342518710249,-0.0007007894785709836,-0.0005514959948648326,0.003125325735164215,-0.006404570987720023,0.002901316646211244,-0.003790150647614414,-0.03110787614489969,-0.0577834724318838,-0.004742387841613129
458,-0.03756432945135681,-0.0001613678899607039,-0.005437286647950158,0.003221009897928891,-0.003514673713786446,0.0008156971371994448,-0.004486287127575476,-0.02261642726488104,-0.03625259457042863,-0.007070046004691676
459,-0.02964298210442808,0.0001336495288289593,-0.00504634255229571,0.0005915528314264903,-0.003322529157195621,0.0002109472010033665,-0.003791802906297522,-0.01141846546180837,-0.02943261405005541,-0.00352470632793968
460,-0.01999138697912063,-0.0007927566651289679,-0.003671681033588295,0.0004395717654605138,-0.00511832603948046,0.0001863402872126511,-0.002872073764104819,0.001253220679867192,-0.01908995688733973,-0.002701009688949294
461,-0.0219721611155365,-0.001900354380277809,-0.003786782649354279,3.47944920354406e-05,-0.00581194252465027,0.003124578216711237,-0.004562231990760082,0.0162385344912614,-0.01876301017960197,-0.001311898096754438
462,-0.01418834676274729,-0.002020612886103027,-0.001477276505492577,-0.0001007128096223512,-0.00598780553946093,0.002145116267773575,-0.004318657809913419,0.01621088765468052,-0.01705934645171655,-0.001458341364573368
463,-0.01411229768158347,-0.002253043448116655,-0.002143298615399405,0.002916918539991046,-0.005191598417310621,0.002298916530806049,-0.005076097776222238,0.01716992712366879,0.005050321607009168,-0.0006305402088571975
464,-0.009709242215297832,-0.003832107657324329,-0.002724886314738437,0.001512877170152009,-0.005628069889899189,0.0006114512817455714,-0.003079835403535444,0.0175203551622628,0.01133799943261396,0.0001292955520976708
465,-0.005327562231310508,-0.01125395598054675,-0.005118204035398337,-7.040467009241747e-05,-0.004441319333733861,-0.0001139260532431855,-0.002989374693370391,0.01858827195961757,0.01530843572012754,-0.0003336427774574428
466,-0.003579668838211689,-0.009024259637385672,-0.004892335749911549,0.000667436568745781,-0.003404713278518197,0.001179774079662651,-0.002536274241198075,0.01877935088647469,0.0189009093255748,0.0007477211763980368
467,-0.0007064502951308462,-0.009042937385302978,-0.004385782073858527,0.0003018355220904269,-0.002758305832846045,0.0002342905036906738,-0.002614706570312365,0.01886686486818575,0.02569986980365951,0.0003000717367910119
468,-0.0008955912245670879,-0.01146305727501954,-0.004750089115599643,0.0001284130997126517,-0.002374687639440723,0.0002898831150749738,-0.001832322852662831,0.01857248983956991,0.03165887221394729,0.0005001226170609944
469,0.003518396813418726,0.003787179381345318,-0.001463861376053329,-0.005690684907479208,0.001775258642745881,-0.001709926533022823,-0.003800786411124127,-0.04232431321433799,-0.07653390643647284,-0.001422619044851012
470,0.003058020739299285,0.00319542771404391,-0.00263359327747446,-0.005217529524555293,0.002112249354991699,-0.01004736562869637,-0.003686235575300596,-0.04060033133909144,-0.06421662607119932,-0.002614245548600463
471,0.002932597627327936,-0.0004779142836689804,-0.0009231657371901038,-0.007433511851709632,0.001815441699685474,-0.002079875513436827,-0.003335536613027873,-0.03532648763803022,-0.03830849237354139,-0.004584922688700821
472,0.006937827678404126,0.0003303945564542686,-1.542822224366445e-05,-0.006650777485198357,0.001027973899769346,-0.0003326095796281462,0.001651215671239105,-0.03077300986211969,-0.03181810413646684,-0.003782187095647472
473,0.01080289428076243,-0.004407809621216047,0.0005541544302717276,-0.007747857718621012,0.001237100096369465,-0.0003709757035787077,-0.002614096216433251,-0.02290186075303217,-0.02074063558562814,-0.0003484213487348591
474,0.0119159348439122,-0.00248760481085624,0.001578314301808854,0.000632644910098853,0.004158318729437267,0.001985673631555488,-0.001172970644078102,-0.02133803896763836,-0.01526193086673988,-0.000129117930673785
475,0.01002241558114519,-0.007950711028945788,0.001930438585401606,-0.007226690824961345,0.003023518993015843,0.00064690503260278,-0.001578718669999893,-0.02144327856726759,0.01161506915246462,0.0007377067732010094
476,0.01179636979038947,-0.001886829794442731,0.001422616140530393,-0.01010366896051211,0.003170145474130547,0.0007898622155560109,-0.0008639999127810643,-0.006309364148024813,0.01212757376912944,-0.004283701361523948
477,0.01221522398342614,-0.001592409305520897,-0.003751373227706377,-0.009566809021898638,0.0009523591289331168,-0.0009100436152728196,-0.003489263298887025,0.01188097169558316,0.01087517208814357,-0.00813230348870132
478,0.0118178727353711,-0.001624092721211034,-0.005029946063816246,-0.008801176476776952,-0.0007719748215156686,-0.0009501628650055004,-0.004737184512786525,0.01528875824912193,0.01453948364767537,-0.008337332783395723
479,0.01093918332017292,-0.003100854152135999,-0.006747373874622833,-0.009938935986958775,0.000264729142551387,-0.0009815754998098198,-0.006559847436220046,0.01613436463390767,0.02487221007883456,-0.01085954181252245
480,0.01000144034488769,-0.003854775463355648,-0.007020076974016937,-0.01325860236648739,0.0003937245747060849,-0.001507929254635296,-0.007713556422166323,0.02066591943834467,0.02859486467103903,-0.0128104800277067
481,0.01047357204396638,-0.006302900015944772,-0.006807039789147457,-0.01392164526258693,0.0003761855783321851,-0.0006844904640169813,-0.008073327774812606,0.02097660345156081,0.03897355169642632,-0.006218624088210801
482,0.00932124166388882,-0.006037821639095093,-0.008803240149239996,-0.01478228392148806,-0.0005092437383148175,-0.002625147953885745,-0.008473034014267546,0.02004375306455934,0.03581023211162049,-0.01473207870508291
483,0.008958186230443331,-0.00445064545603399,-0.006305664168961321,-0.01630690783686477,0.00168917409420389,-0.002162591074268571,-0.006181531590396515,0.02054077813493056,0.04696667618728981,-0.01544870037806223
484,0.008762003006839096,-0.005355013438757108,-0.01000312206373331,-0.01701920967234481,0.001387308689549397,-0.002159772588702734,-0.005994561575723087,0.01980341456570298,0.04477055184858923,-0.01568446211756015
485,0.009917931114858652,-0.004950459971074538,-0.009160190910641868,-0.01407065225011548,0.001055973599860743,-0.001212013667605683,-0.005876974687309276,0.02027289349061692,0.04437486662100482,-0.01332045723514272
486,0.009691453702349449,-0.003705188286850319,-0.00909142257130314,-0.01417724233556749,0.000736526547600275,-0.001145321094167024,-0.005951601837332763,0.02101868512581357,0.04688197268948662,-0.01270855179638516
487,-0.00280931517794863,0.005281490090386535,-0.00591252857197959,-0.001881309145582225,-0.003542578176643537,0.004354889742920498,-0.003302956606755102,-0.03834765370118541,-0.07206628447212246,0.0008452556158217772
488,-0.004057259427677086,0.003324240949300572,-0.005914398302216127,-0.002186203881341043,-0.00140430909990613,0.003919488671931147,-0.002875708220137499,-0.03668061942824449,-0.07177972331378762,0.003102319753575864
489,0.0009844070892814792,-0.000658996051715302,-0.002801474682322673,-0.003212482480872662,-0.00287941841918178,0.003546690623013821,-0.003135108590407084,-0.03528578537334966,-0.06654815854485956,-0.001321807681525036
490,0.003474123334513757,0.000637799099888357,0.001687951983289539,-0.006949458642621393,-0.001789434094033374,0.005061393704991759,-0.004035584297934622,-0.0339377926665044,-0.05534212239655168,0.002014238743249916
491,0.002833342731526263,-0.003754603525124024,-0.002006355516490571,-0.007238329427031561,-0.001374503635353239,0.002202993821447989,-0.002196186201673066,-0.01862789456479287,-0.02728567204376834,0.001182067896780355
492,0.00483716246282857,-0.006976438112774281,-0.001788902917581658,-0.0003304042116473731,0.0003994735649145428,0.002093135375234149,-0.002062975037615448,-0.002701596104102322,-0.01780624410754066,0.001336210225096387
493,0.004953764553696051,-0.001713403558940102,-0.003850649474979922,-0.00669241514596679,0.0003459001157415658,-0.0003006885735640914,-0.003766902136890792,0.01762897583305205,-0.01942663019273877,0.002509532380450982
494,0.01010433231261331,-0.001077883901659185,-0.005531623083938873,-0.006795249775270946,0.0002875246413298392,-0.001075699746893698,-0.002968293364835009,0.02136191560377775,-0.02089849579833351,0.003369477902788501
495,0.01030055077346109,-0.002576410900605678,-0.005356675164652807,-0.007754156471456241,0.0006152235434505166,-0.003331670087733512,-0.003957399330360486,0.02647961774321791,0.0001046017677871374,0.003731350760900535
496,0.01233884161089361,-0.002021744664495406,-0.005388835824939791,-0.001858735599394875,-0.001305029114338403,-0.004719493887131293,-0.006579239912265385,0.0266974705649062,0.01072560654969917,0.00136448733885766
497,0.01306882877735467,-0.001051392585622897,-0.004682859509724489,-0.001150660180919311,-0.0004286247809697592,-0.003544654062044408,-0.004519123412553062,0.03004042655087666,0.0157400208486786,0.002012446781910423
498,0.0123541528446714,-0.0007954835998614632,-0.00443043553899309,0.0001037305826601149,0.001437410663441101,-0.003265877603868931,-0.004161480950762663,0.02988060510341533,0.02505771803912489,0.002352172910233041
499,0.01226959861509197,-0.001422156554706162,-0.003594057507901424,0.001791422993098651,0.001905308631607054,-0.003065442744870455,-0.0009668752282495009,0.02869051918159601,0.03782698503863641,-0.001110125231617174
500,0.01052341935490701,-0.003024485226953708,-0.006298709000303848,-0.001030637709606038,0.0009854547046014455,-0.003761564544702808,-0.007432983596167212,0.02648121620191139,0.03305226598962503,-0.00825475720900617
501,0.01069778620402836,0.004970607729712145,-0.003713869339413844,0.004427855828927091,0.001483562646327022,-0.002917274139782071,-0.006288390409906082,0.02728186698290419,0.05270834569657557,-0.001918421878922236
502,0.01188478699067422,0.005476700951637953,-0.0003289995985084875,0.005321582589066378,0.002085908725131884,-0.002497913060944228,-0.001123466296532966,0.02851063141802924,0.05773030945830114,-0.002248892024571339
503,0.01233093550555714,0.006122233095014792,-0.0003476132927173938,0.0052908393225804,0.003376426984013421,-0.001320058640118735,0.0007944598248050937,0.02950086359364456,0.05793730691613935,-0.0006383449026371268
504,0.01217466097452052,0.00610127740576337,-0.0003340604537809457,0.005332991447968784,0.003711640130185885,-0.001186994181040721,0.001042154929722605,0.02983251873833603,0.06061998159231924,-0.0007596278692117808
505,-0.0123127476432182,0.002131549476033406,-0.004455643579102074,0.004329510436914941,-0.002252216498785496,0.00544878427185818,-0.003101767065932042,-0.03654932205558743,-0.06495410824517593,0.007201863791875691
506,-0.009824323844581153,0.000971428018940888,-0.001073522960309455,0.006789515504493833,-0.002158099709962684,0.00509007032152742,-0.003426567169354143,-0.03313382103405814,-0.06216471515350103,0.007527501376937576
507,-0.01013651443946903,0.0003328694131836069,0.0008484528216739671,0.003436829571244605,-0.001683460015464979,0.004172912919805388,0.007934400405482718,-0.02750960950453557,-0.05915287728037791,0.006268715813351058
508,-0.008721665356222093,-0.0004217191668285679,-0.002832707935486897,0.003793003344489174,-0.001596118224729572,0.002201925940776508,0.00770038870029355,-0.02923118664595463,-0.06034494802782572,0.003192318438151077
509,-0.005160686824564005,-0.003067927222712135,0.002693512645379827,0.007221761330705568,-0.002116973268522274,0.00080341369652972,0.01442210859067835,-0.02285086838179611,-0.04243043129176003,0.0008742867038226774
510,-0.003067285219292337,-0.002420578003860554,0.003055315939764182,0.01306447572901967,-0.001834543768378656,2.539700051056406e-05,0.008092992667321285,-0.01916753595216153,-0.02114947156463017,0.0009399782291224198
511,0.001121868243937977,0.0005299617701433355,0.004203886499251824,0.007280452437134026,-0.0005361954307385067,0.001424523973442622,0.009290025423365749,-0.01908454111067526,-0.01759788947310346,0.002848067277757233
512,0.00277021801784209,0.001707971788451264,-0.001777116957747438,0.004956502694357547,0.000227844698947248,0.001790451983285345,0.00801406051735179,-0.01199567991493812,-0.01253004965850418,0.002901381358383322
513,0.0004726002281053994,-0.003875725003533254,-0.003483793502552375,0.005546473281138103,0.0009164707290727919,0.006090559988776089,0.004583244058448207,0.01827180068594066,-0.01671172763771618,0.003704847912423911
514,0.0006867754975372863,-0.002259860946965782,-0.004728606028774637,0.005338649222321173,-7.534035933233253e-05,0.002936295191343921,5.934421009660094e-05,0.01775447060959723,-0.00549309007535703,0.00338069387550983
515,0.004378261008221611,-0.0004043907548371206,-0.002822089928001465,0.00393431515339854,-0.0006410458577818204,0.003574167617173974,-0.00181908452473425,0.01816603244381717,0.004716620702916928,0.004025112795982821
516,0.01018848050509841,-0.001319998789268308,-0.00520966872323152,0.0008303408664501019,-0.0009361691314190581,0.00394949973452659,-0.00728473506033752,0.02803560591979256,0.01097449657670873,0.003508393599025352
517,0.01098086918330821,-0.0008891906858272112,-0.005390717772184894,0.001276381851234556,-0.0004508267376002854,0.003604904113621823,-0.006520042665691965,0.03382538199128488,0.01491458196628557,0.004191077191567288
518,0.01143192073303459,-0.0009124881582037167,-0.004917355741719944,0.001562796500025039,-0.0003800078420156631,-0.0003780349627339303,-0.007420471129250542,0.0295779125137025,0.01787280452592795,7.695436631650015e-05
519,0.01172564281111021,-0.002049820546792704,-0.007417082180996225,0.001758485392981074,-0.001160229338924539,0.003046776576850821,-0.008054834751984395,0.0306170220347531,0.02990120815326121,0.001810853487094035
520,0.01265465476777735,-0.002071003674601807,-0.005646996267882873,0.001144874909730627,-0.0002888128118684236,0.003249927851828499,-0.007084687810200012,0.03120571870987861,0.03196303613963661,0.002085821362409353
521,0.01419328230821981,-0.002108291027742609,-0.004216746142259552,0.0001209041786756223,0.00122928837454138,0.005457419361710053,-0.005623738026361612,0.03039711236620903,0.04007497142971736,0.001781767317451704
522,0.01473332995519012,-0.001857878819177907,-0.004229912190735165,-0.001910545650341961,0.002073184413295201,0.003897824183865188,-0.003405971339621585,0.03007889520230464,0.05090073945447042,0.001861575365256388
523,-0.02923328123875881,0.0006478014698702987,-0.002185371817882109,-0.004221756299188685,-0.0034633205324238,0.003741309455280193,0.0007992745891136476,-0.04876470692558617,-0.07099479281604543,0.003685010886559271
524,-0.009717405762408891,0.000356641079757045,-0.0001397290992504509,-0.003881069479982288,-0.0009609952437052002,0.005455427587598274,0.002176804329155855,-0.0358919524070041,-0.06134557049539496,0.003105919778211724
525,-0.009706120207184015,0.001023412899421047,-0.00180214742967786,-0.004673940697612395,-0.001356686696586577,0.004753615134253558,4.839066702787918e-06,-0.04135132234512467,-0.06391338517882439,0.001261268763796075
526,-0.006655728344762321,0.001105448526751183,-0.0001504176767244815,-0.0006008505372820399,-0.0009436777171555407,0.003683522844819648,8.973174884390896e-05,-0.0367391207780847,-0.06528243670867273,0.002095273977369291
527,-0.003630872989118449,-0.0005408431647595525,5.614019990954496e-05,-0.00644399629077459,-0.002444740684310691,0.002237108027644502,-0.002887024009973409,-0.03260865880028174,-0.05392568822830261,0.002324813383727588
528,-0.007716412442091435,-0.001242730219832059,7.32319015824517e-05,-0.002816497862918986,-0.003591902803227316,0.001262060544294306,-0.004174112413566673,-0.03719873597508463,-0.03253818339094257,0.004167097617470307
529,0.0005013707867278063,-0.00023711622866438,0.001690227551391082,0.004019199239492396,-0.002659783169249454,0.001858480406834877,-0.001225180129446016,-0.02969315469982179,-0.02390941407983115,0.001324446287100819
530,0.0007342409923440018,-0.0005624756774701608,0.0007240955168044726,-0.006737049854071388,-0.00322085584212914,0.001890867432680248,-0.003461368899378551,-0.02185582246103686,-0.02004949313473357,-0.0009304193489198069
531,0.002107487390534931,0.0006262018310020322,0.00120318419280922,-0.0005205386825834357,-0.003215648189199122,0.00101989065442478,9.385224461419306e-05,-0.01058835880059987,-0.01102403782126096,0.001243256629427995
532,0.005088965621828744,-0.001856664042809329,0.0001260374381953982,-0.007200556129127952,-0.004340990191123416,-0.0008355733710356984,-0.003927979229048511,0.003086359359596893,-0.01349761116841674,0.0010903264332908
533,0.0008900115370318192,-0.002510360050108024,-0.001907088622762264,-0.009837785536030179,-0.004393594742949461,-0.002176307290394013,-0.005730578333702754,0.01240297361338407,-0.0008262647952288608,0.001511337664832111
534,0.004353856417741166,-0.002125970244163767,-0.001902937924626885,-0.010269750137072,-0.003418077382763245,-0.002590314431397874,-0.00580288341008935,0.01528926352815213,0.006693815143121878,0.00229071746976698
535,0.01156012725978234,-0.000574029584678419,-0.0007531136042959695,-0.009996685862371669,-0.002542809876603845,-0.001946456818589384,-0.001248463278268182,0.01829207917598331,0.01219668780470258,0.002913110653890126
536,0.01263249395116757,0.0001244296068418875,-0.0005760489331331302,-0.009105137189071345,-0.0008569498124321756,-0.0008214885764785707,-0.0006491177795212168,0.01858606985887225,0.01683953917131789,0.003105888035640828
537,0.01293841933519269,0.001444586515863132,-0.000337517884105075,-0.009498363723763443,-0.0002776462176856069,0.0005025029703824623,-0.0002443070259879177,0.01891606260443508,0.02163599688215466,0.003289968182135229
538,0.01447491664063503,0.003234499201158765,0.0009511722846989147,-7.130775733959214e-06,0.002840374941257618,0.001664978622445366,-0.002933692205993914,0.02151902202231323,0.03133047878161818,0.002896912028176613
539,0.01598130983301579,0.002471697594690368,0.0008563424470468474,0.004595765558419212,0.003392378594206932,0.002218140270181246,0.0028374938201683,0.02253137157902644,0.04344204882187279,0.005668507737000917
540,0.01592157686302724,0.002521384691998863,0.0007114417488549476,0.004581905595742566,0.003557250080285533,0.002216945380948484,0.003058380178988676,0.02239096069049101,0.044329378723797,0.005550622446317604
541,-0.006279933958022557,-0.002581454038867043,-0.005884046791192902,-0.003159256032726844,-0.003097767651562715,-0.02431955063392069,-0.004668070082051424,-0.05574664744442577,-0.08405442243377406,-0.00372372470915648
542,-0.005143916941316093,-0.002957721377490791,-0.00567530855347731,-0.00317989807158554,-0.001555013749832835,-0.02353755781925045,-0.00477768633303574,-0.05147530402286515,-0.08309274335652206,0.00121449117201917
543,-0.004793286296173154,-0.00854463823919264,-0.002028946298274481,-0.006341102813779023,-0.002898894720155896,-0.01196435353944685,-0.002895117089086159,-0.04764451368476044,-0.07571931601969852,-0.003433231058256548
544,-0.002189859936820992,-0.00820932786456775,-0.005797210233013854,-0.005464484314705261,-0.000727878029278157,-0.003289469993691665,-0.003723345200213006,-0.04441283993307432,-0.06157493912472037,0.000759083294186844
545,-0.002020843813106149,-0.009643611514790628,-0.003324455230414823,-0.005248953116511156,-0.000932925632898219,-0.003854338634451838,-0.0001420442061751611,-0.04242143889485782,-0.0365895663682371,0.001968720658182948
546,-0.002037340316138561,-0.01251016541265162,-0.005048966941700051,-0.0005868762063961458,-0.002099814368943769,-0.002257406679532365,-0.002122478487157304,-0.04356147090373351,-0.03477209185361261,0.001498178364537316
547,0.001371442008558499,-0.009184731536909825,-0.004835687772336361,-0.001918091796382354,-0.0008574441563990347,0.001137061448062827,-0.001524099409133565,-0.04234684348259074,-0.01983773980287257,0.0004000932673145082
548,0.004307584312555806,-0.007856275180476026,-0.004982477689382099,-0.001804501246489683,-0.0008299357520933155,0.002046026988374594,-0.001782311760591548,-0.03559396829994913,-0.01787569538925247,-0.004702333519694748
549,0.00553783084169096,-0.005031775517792918,-0.002061697228110744,-0.008026862275213684,-0.001587253983833431,0.0006063161963157407,-0.003554346300317974,-0.02666222522375902,-0.01734681652921091,-0.009731966455278303
550,0.004974447814426054,-0.007355142549420299,-0.004587207062330937,-0.009554297432296134,-0.004428054661485345,-0.002221991885188624,-0.00629632707891895,-0.02324658964367498,0.00105428479610145,-0.008497572574298966
551,0.009532260893543231,-0.00249634728090297,-0.00285631543456267,-0.009866653451357992,-0.001997579463192024,-0.001714794599355661,-0.001728362531092547,-0.009653098198211838,0.003590480713760919,-0.01219162160796232
552,0.00878044609957725,-0.004687187522020911,-0.003839517824956412,-0.01319513932697449,-0.00178638425215041,-0.002495798992735845,-0.004984468029681745,0.007652852779926921,0.006436490816616985,-0.01533992090524866
553,0.01301172370549423,-0.001062612271087345,-0.003546051086762179,-0.005988041862759318,-0.000578919467113625,0.0002897134201064144,-0.006644898844293857,0.01502277700291325,0.01181983167543986,-0.01069561438100396
554,0.01286273021491377,0.0006668292787269823,-0.003380998726932495,-0.002290969765103423,-0.001282787776433479,0.0007061069058329388,-0.007240410482219978,0.01507174368950537,0.01555506720520096,-0.0091214303138416
555,0.01223241364160157,-0.003027120069554957,-0.004144004702168693,-0.005960042011154294,-0.0005739736742755164,-0.000743940646817649,-0.002878062349077106,0.01527031379247858,0.02979433623927617,-0.008350710152503738
556,0.01178320424978502,-0.002766285979308944,-0.004172829146677192,-0.004811329587216006,0.0002522754685066991,0.0004623961111543066,-0.002348885341742387,0.0152584927705141,0.02883654738320073,-0.00874680645990253
557,0.01157942104408336,-0.003256705760643205,-0.004308290541236123,-0.002498462104487942,0.0006969732193731308,0.0004993446321899275,-0.004122788133093152,0.01578546619613679,0.03424819647221703,-0.008498207080098004
558,0.01129479428360935,-0.00104728978426444,-0.005051025154819555,-0.0038724075184388,0.0003015498298776758,0.0005116978172239484,-0.004281103652036554,0.0155514391176393,0.03932977923982612,-0.00714409737890816
