row_id,urb,gov,inno,edu,openpc,fin,dig,pri,inc,soc
1,0.01584750039308929,0.009494810271665637,0.01194375037765049,-0.01485618059429603,0.01289806701129387,-0.001659183581942418,-0.01991300757198126,0.03374730712126016,0.01395814065061378,0.001778512571626554
2,0.01407008086514606,0.005641813985289032,0.01131804962778209,-0.01774801652024542,0.01030182831217687,-0.002936219034720462,-0.02344722448010329,0.0396204152926031,0.02644384056380826,0.001609807396282463
3,0.01727382973495645,0.001406847905731623,0.01644624245637916,-0.01721990557791074,0.01171637718316367,0.002314456173889654,-0.02128502173501803,0.03928978615855644,0.04873470208759473,0.0008486449994563921
4,0.007030326542848995,0.0009053407260087367,0.0146772159478382,-0.01898137439166585,0.008758074374199202,-0.002989366844026664,-0.02539257805076577,0.03733417645221151,0.05723997579383116,2.332188926462971e-05
5,0.01363227899016135,-0.00685149661058711,0.01582167527912819,-0.009224230141130252,0.00945782047564282,-1.779398784112183e-05,-0.02330258724495891,0.0379193161395919,0.09223883910049421,0.001013033699458692
6,0.007706547912789321,-0.009218604965385525,0.01401415703068636,0.001030128756210353,0.007990751744879013,-0.002794789208978566,-0.02818234682347397,0.03514315738374467,0.1016051035615768,-0.006139493774716232
7,0.01156654892613055,-0.008168963079997796,0.01693380844798536,0.002654350214548995,0.01041935359231996,-0.004597079857633931,-0.009679419912706941,0.0423659097849852,0.1243877954809903,-0.005295349215006925
8,0.004560465895946938,-0.008608753928938544,0.01550913928963489,-0.007449613862084094,0.01080808275832565,-0.005048268596756778,-0.009270660881506142,0.02982149535832174,0.1197021854922552,-0.004278403374656774
9,0.01992474298754494,-0.008640617270451992,0.01379654263950724,-0.00855554077038129,0.01374783220196774,0.008818477759407346,-0.005697470178332973,0.03330685617710602,0.1308784563177941,-0.006391122100362892
10,0.02087635200710223,-0.007263739608340499,0.01999690701513598,-0.01189933322463416,0.01347102305797403,0.02809553637513191,-0.001401437554920592,0.0420690741537309,0.1766244462297522,0.01058136243715403
11,0.02069796601508136,-0.003113176248732499,0.02302718004577774,-0.01245475190293213,0.01373663971606756,0.02833912076694231,-0.001086554062910738,0.04226890801947215,0.1825369525063103,0.00952554795578887
12,0.02217388510229353,-0.004068065221960488,0.02044919507416527,-0.0095317236298418,0.0148602242457284,0.0350391116729085,0.008814352084557903,0.04453177207526349,0.1817259539021195,0.00494203961317724
13,0.02388009851066469,-0.004022452397533656,0.01950464432794372,-0.01183039415159789,0.01644223714258863,0.03527207504656617,0.008281364655998073,0.0443333084029708,0.1837849979343681,0.007584117915938415
14,0.008361716108691113,-0.006976960877394708,0.01599559985281489,-0.01342041613077407,0.01187291000878567,0.03171201243351469,0.06664853294490469,0.04306010078944904,0.1688587629855765,0.003990027593195158
15,0.01403638769681652,0.00165675256212802,0.01788415077834704,-0.0128186445360091,0.01515161644237981,0.03350457019492274,0.09928483531842908,0.04978531748774331,0.1767806370384608,0.005783268985051251
16,0.01192816020787254,-0.001977254093995717,0.01166593810640502,-0.01576595171952766,0.01436423488855292,0.03235639477021302,0.1001657618488959,0.04962205071906718,0.1771731274784439,0.005188247765401031
17,0.01381285522961354,-0.002518305931828214,0.01896491386730282,-0.004570949967710095,0.01614706131335993,0.03681111655486172,0.1170563496503277,0.0518477438659151,0.1874004531403929,0.00611501332005215
18,0.01633936640220496,0.006481186505890484,0.01944076650052947,-0.004309290919385386,0.01722303773988076,0.03757300712995485,0.1169574123207147,0.05184580438152807,0.1914710462147103,0.00622674966025419
19,-0.04513781598808579,-0.005754369063922295,-0.009147376754316412,-0.001302967263906944,-0.008829500557367226,-0.01053977511369149,-0.005553034269069913,-0.08416478127009391,-0.1603397996992207,0.003932977734346029
20,-0.0424473160201646,-0.009333865134445639,-0.007154131379126038,-0.001344067297332358,-0.007515154882456901,-0.000890839265720411,-0.004866294955442519,-0.06393529171575132,-0.1534430828314688,0.007187154986355771
21,-0.04592408372966883,-0.01076537424289167,-0.008931223298435136,-0.002150072263710534,-0.007917855730624887,-0.001982920608453437,-0.001989960098115247,-0.0550150978057441,-0.1490374715953075,0.002752365172815437
22,-0.04178056916613389,-0.009691513111070884,-0.008001435226874198,-3.601435187800653e-05,-0.0007534449571050595,-0.001987008479848546,-0.009644094685661802,-0.05211698817420977,-0.1474986897762652,-0.001532612913409768
23,-0.04255400818528143,-0.00899199060187681,-0.00887854719209978,-0.0001828416778571318,-5.564695569740263e-06,-0.002082869668119703,-0.009313193884327713,-0.0463315982725091,-0.1377635793482447,-0.000579748352016653
24,-0.04165167879255594,-0.005127769692848061,-0.007886818547813472,0.002116313027893957,-0.003580201155802144,-0.003100134132938863,-0.01019861882838647,-0.04775173010713935,-0.1071243908309398,-0.003579264041141977
25,-0.03984250422200002,-0.006895171122210237,-0.007711663344295631,3.83466260149965e-05,-0.003937911439059357,-0.001437141408073826,-0.003171696961295698,-0.04719916201557103,-0.08495013100659948,-0.00162616588591578
26,-0.03532898802815082,-0.006946807211470143,-0.007434159291987113,-0.000794239554319648,-0.001946300212186267,0.0003718091228392347,-0.007993222345099612,-0.02719452667880138,-0.07199094067416918,-0.000140993247198555
27,-0.03748720685826858,-0.01209267974110687,-0.007404704106758834,0.001001474266883299,-0.005238401050963878,0.002394734518070899,-0.008731413618394593,-0.01071029464134602,-0.04639923515738352,-0.001122210212165067
28,-0.02909909402494831,-0.01188467081593765,-0.006536079455155821,0.005169499108947753,-0.004399144487706494,0.004826733510205114,-0.008206168321514037,0.003713162140849269,-0.04205563672872029,0.001065968502948921
29,-0.0272023049113583,-0.01157111492380133,-0.00669637729849742,0.005134843105720908,-0.004027919764868488,0.004748944124765505,-0.008169957005570562,0.01785412469283873,-0.03577513205771195,0.001047847636975522
30,-0.03007096874611874,-0.01249821418383507,-0.00775956081581886,0.004863321729637383,-0.003265494007635708,0.001495944886474607,-0.008328842868404143,0.02388570151744714,-0.01972031574358321,0.001215238281764186
31,-0.0334331639238359,-0.01546671394929579,-0.008382775771940099,0.002812671879739913,-0.001231047890597088,0.0001894193143443475,-0.01104401940486119,0.01983172963835762,0.01902254830006714,0.001254848124288071
32,-0.03113754599086006,-0.01828900271995846,-0.008327829120687268,0.002865948174768104,-0.004514214672357704,-0.001592008171715619,-0.0112049567147065,0.01960555137989494,0.01961188203895937,0.001895830217762331
33,-0.03086349147407423,-0.0152281919870129,-0.009887233016770997,0.003062612846686439,-0.004619838435063594,-0.0005140422139077369,-0.01210622836036567,0.01766336581101045,0.0319330089517586,0.005095267218088255
34,-0.0284585744464281,-0.005356896033872693,-0.01188440854257218,0.004488512817787254,-0.003440051385180396,-0.001359460843468087,-0.01046561486629151,0.01729563180488017,0.04840603122653529,0.004737465459597934
35,-0.02198927949507978,-0.001591537700448381,-0.01008586575504319,0.0054476456032391,0.002726505786082412,0.001525854113859903,-0.007736110231683837,0.01901981823182624,0.06057606606110568,0.0002078749601277896
36,-0.02201588656059296,-0.001739103175638822,-0.009826168993584081,0.005469833121629751,-0.0002614062136716772,0.001503417883068147,-0.007916592224290718,0.0196154896474704,0.07112665085175152,0.0002576758270276399
37,-0.003247090013737207,-0.001545790811753171,-0.002753050705366039,-0.00360120124309449,-0.002925889111575919,-0.01117614173905871,0.006718318346698354,-0.05800754614053241,-0.1412495323348716,0.002427212008333974
38,-0.0014020616085826,-0.004638542526257262,-0.005096161715085938,-0.004563200492696215,-0.002498579409959907,-0.01028113488873366,0.00734502209505261,-0.05026693673092855,-0.1285030435599958,0.001535569254604574
39,0.0001814547959406629,-0.01348979794928645,-0.006231111724767348,-0.007294163137057397,-0.00398321792855808,-0.003985462979851856,0.00389563358480459,-0.04524753443679082,-0.1073410095825974,0.004438947529886236
40,0.0009504299262548333,-0.01516577599803844,-0.005854680122004968,-0.004145671132169252,-0.003150244900444094,-0.004964463252142259,0.0008204699346030007,-0.05064331744417343,-0.08449843122874233,0.0007174692460844679
41,0.004317813564920829,-0.01204712442087675,-0.005894816607118224,-0.007176257222380912,-0.004676792059458019,-0.0024414903683303,-0.001640903433812412,-0.05313697605212003,-0.0535285186486617,0.0001434625800658118
42,0.009376851959965515,-0.007944405177435054,-0.002086981256777536,-0.006779013549258742,-0.004388941644591839,-0.001987739520046375,-0.002003360311891139,-0.03493059859278854,-0.04577776107863567,0.001577348156168094
43,0.01168051008582507,-0.00888712457036251,-0.004061692860081303,-0.005902489659880723,-0.004388190321970594,-0.001997440787524328,0.01190797403554987,-0.02459172629772697,-0.03636220943149834,0.002743039044151171
44,0.01265536788328429,-0.00893094435905245,-0.001352143961659772,-0.00635008120583631,-0.002647569766311375,0.001183961666980898,0.0002152781249756208,-0.01006377824525132,-0.008984907574960559,0.003186302342517982
45,0.01317476668536862,-0.01008985436337719,-0.007433882459332755,-0.009671961790820088,-0.004623059417582539,-0.0004521080560761716,-0.007633747205364334,-0.005064062974423641,0.02223447936629908,0.002942607634566362
46,0.01483303057259507,-0.009489691390444817,-0.007038498751820563,-0.01259882453487023,-0.005354198343667084,-0.0007809285074461278,-0.007024147895653028,0.00636160460734312,0.02636654175649085,0.002777945244331115
47,0.01513927360031389,-0.01448465539988267,-0.009117291576566364,-0.01512923420990203,-0.005347809813402803,-0.001566638534993024,-0.01141112384458876,0.0191483397350718,0.04269233156810567,0.001259418209371077
48,0.01530960999674655,-0.01425190530054991,-0.01023526719257797,-0.01766494260842761,-0.006381841859290105,-0.001425592593093791,-0.01134171023367422,0.01912285058944746,0.0578814981219672,0.001387051058161454
49,0.01576111068008766,-0.01427674247064682,-0.01034677989280229,-0.01814514535805424,-0.006145640616662466,-0.002470238797597235,-0.01128727237864982,0.01964697955921912,0.06948593939993264,0.0006086889523144801
50,0.01510986387369929,-0.01508544235721139,-0.01005652959097481,-0.01996447588838701,-0.006526930249489362,-0.003353331260541677,-0.01380426572811487,0.0193424957655026,0.07527047047660604,-0.0003260051103711835
51,0.0180628727942131,-0.01660561699578902,-0.0179074859005109,-0.02022501691472642,-0.003620845049205129,-0.003058148187628402,-0.0125513778284031,0.01903758192537898,0.09635885698682656,0.0002627126618861789
52,0.01769194387865896,-0.01679891375134046,-0.02217454987408914,-0.01704264902750936,-0.001560638850596694,-0.003130210488529071,-0.01212673658728168,0.0196375001837476,0.1066424911616747,0.0004325036856591393
53,0.01985340270564321,-0.02052649494809946,-0.02110915970968462,-0.01353938044935532,0.0002068258796255276,-0.002205617105053668,-0.008310930164986723,0.02194381314582578,0.1107273818219427,0.001095762459110337
54,0.02006290908144854,-0.0193423168955694,-0.02043880908927524,-0.0133265204055696,8.144907873014332e-05,-0.002552329380564749,-0.008280593221794145,0.02199227943975725,0.1197402618550075,0.0008447207347591938
55,0.02407323953095732,0.002493482267988982,0.01693564071293614,0.005729546215502211,0.019461936801015,0.01176110347776708,0.08311807379709639,0.04014381633110392,0.03439077534578708,0.003794403366687939
56,0.03251368240558022,0.01163583476261637,0.01865310455749344,0.007188992407471589,0.01870826128267833,0.01699260402791523,0.09905785119288679,0.04047403372654626,0.04689289536599433,0.004104591913739738
57,0.03318732891320757,0.01223184320273676,0.02374250510141306,0.01099788313321559,0.02168545488878764,0.01553264232839066,0.1112305848541683,0.04150326595645151,0.0861991483701155,0.003612191658390865
58,0.03178232167894232,0.009707040692703131,0.01821016987125087,0.005602474892494907,0.01606559555855568,0.01193478589666576,0.1030996048469101,0.03881901472882231,0.09955149861547531,0.001985064403442398
59,0.03145262394029692,0.006671369377050238,0.02210810353154702,0.007720119779838116,0.01986111294764442,0.01838881669622347,0.1195086310339857,0.05145046194166535,0.1193563129894058,0.00440246652979134
60,0.03188214133378246,0.004316013957138827,0.02174969393992029,0.006395944487289314,0.01839226548447603,0.0150212346724152,0.114698990206152,0.05214223588527026,0.130996802881034,0.004814430254061974
61,0.03219998591014614,0.0001431590215936274,0.01941428629729487,0.008137891318697427,0.01568553670401643,0.02802674934180453,0.1159976566229084,0.05368109608387917,0.1602527373258048,0.003108605280490697
62,0.03369863426498237,0.001233288088927984,0.02182997886242801,0.00786507178826375,0.02235027195910515,0.03374310334396614,0.1234154566313112,0.05710850149479609,0.1672312149373803,0.006213602767746958
63,0.03440577428104152,-0.002651131335470516,0.01934495249025922,0.01133028221799132,0.02395719737195998,0.03608926093170726,0.1608080530966286,0.05387713828177584,0.1801700010576187,0.007754809075755715
64,0.03361788897304946,-0.006257108887891597,0.01375978515654963,0.002145968323080658,0.02334954514235694,0.0396396980167925,0.1321349281286754,0.05203359984101863,0.1709303532872913,0.006490899494913121
65,0.03995604640082902,0.008704589545266503,0.02480291207455088,0.01151323587380034,0.02714283840359963,0.04189828887165888,0.162829010084353,0.06137967783077693,0.2226510443979085,0.008463547889680564
66,0.03834359667418853,0.004430852540353758,0.02183822623438561,0.006424246478361326,0.02520566976387434,0.03988682218958895,0.16006419638462,0.05987494966173571,0.2118974243407052,0.006436605485195221
67,0.0374384717494449,0.005145368937905194,0.02149162476035523,0.01283280509674743,0.02402109046941048,0.03925473142921893,0.1554307053779203,0.05921714607926347,0.2109266260819642,0.008589388554074774
68,0.03211831002523785,-0.0008503337746369717,0.01904071647725605,0.0002178371626190842,0.02075378646126619,0.03428650167348023,0.1391935489085285,0.05426683378315977,0.1958183189898629,0.002091693086705604
69,0.03200999794638282,0.007318637065939123,0.02090478930562771,0.001392542176836747,0.01995482783413362,0.03470109570344646,0.1340714421124434,0.05340322269981238,0.1993214822076243,0.005642094176624466
70,0.03020300719634397,0.004268874638448622,0.01967028142310638,0.002176818893339828,0.0160272949000718,0.03488499339192938,0.1366614879093464,0.05334213530525151,0.197374503831949,0.007632939888760969
71,0.03204082416226507,0.005042223789705386,0.02056553611932746,0.01160910978131821,0.01941142633199745,0.03774190427088833,0.1462347283598828,0.05498392723378263,0.2050789069795709,0.007934758019080803
72,0.03244544084627803,0.007628019122125119,0.02107754580379849,0.01165026894631602,0.0197039593135444,0.03792520362118591,0.1416241883004032,0.05518578508157003,0.2078765686307728,0.00816520726248761
73,-0.002715255432503831,-0.002408627414742438,-0.01010630007897619,0.0002325821672928387,-0.003236198517424324,0.0005659704353779666,0.007340214780930801,-0.05547563044730446,-0.1417773325676623,0.00287329752611294
74,-0.003412335435906188,-0.01138764672639499,-0.00663618660336992,-0.0008978035530896157,-0.003221964542501079,0.0001729484984577512,0.00587633601987615,-0.05172434258596086,-0.1345967027815057,0.003808116515921904
75,-0.00370462285928997,-0.01491775879859172,-0.009889956839750792,-0.002014050258279991,-0.003860526201624053,-0.003018300693449973,0.01304020716589224,-0.04675947068550403,-0.1348603191422286,0.002502210279194454
76,-0.002011062767803995,-0.01506827134817727,-0.005747499435912703,-0.00782037782346081,-0.002067114775510622,-0.00261937379024623,0.01888249847679637,-0.04024038719700901,-0.1044754301857694,0.003829340463720792
77,-0.002121090374244352,-0.01608262716275986,-0.006004534467584963,-0.001631620304090088,-0.001165978127267438,-0.002415412888561828,0.02007919113196199,-0.0443791779150694,-0.07349353228564118,0.002182357421755526
78,-0.003721529142107278,-0.01784987795976181,-0.003284702216259568,0.001849437597264606,-0.003482577706148858,-0.0008460315042335034,0.001772058246269019,-0.03689089079463009,-0.06090055464698733,0.0009114602769559818
79,-0.001875098920071819,-0.01483804359770622,-0.00799180504538929,0.0005066691537065608,-0.002640357891371495,0.004120719473437114,0.01360681732514541,-0.02875249224720663,-0.04575033350059737,0.002085016134642545
80,-0.0008016504008306283,-0.01493386194911328,-0.008520446160224737,-0.004896961838656413,-0.002246838006496253,0.003529516062680538,0.008182680857433707,-0.01582068463907973,-0.04207857371649358,0.00215791177404296
81,0.0042999574174308,-0.01109637262098103,-0.008378768147507588,0.00155937015679414,-0.0009675293214340356,0.002312327891600739,0.003210957207930606,-0.007597280429182129,-0.03937603104818219,0.003674290793245946
82,0.007054209220895882,-0.01096259350643614,-0.008896085347518488,-0.007843443145466356,-0.001140912261651533,0.001157713293643561,0.00590543925708977,0.003299036394543904,-0.02625708508485985,0.002653688672193189
83,0.008521927499758726,-0.01108089468786426,-0.008422204913587611,-0.008903667154983742,-0.002415070065594702,0.00021149678541917,-0.00243307701804099,0.02231767943541796,0.005730376379378774,0.004715784734626917
84,0.008098070676041784,-0.01170650452214188,-0.008738156335862255,-0.009956114887782013,-0.003100335829103648,-0.0001091170538201322,-0.006007174197118488,0.02261225774830337,0.01752684442553108,-0.002239840842052472
85,0.009355919894560107,-0.01402642963793223,-0.009046967643694889,-0.0139439560219477,-0.002298627171874141,-0.0004124155612906342,-0.004325560322149625,0.03253885650161136,0.02206031697232933,-0.005310250828235269
86,0.009566830726970968,-0.01386575906718293,-0.009227323009378036,-0.01559781516548838,-0.002503233647947238,-0.00185597817528429,-0.01370068607613587,0.03187638246903282,0.0330283875911184,-0.00734740155432976
87,0.01357234906063508,-0.01485240568364263,-0.009862638945453904,-0.01467587151870907,-0.00220955166702084,5.266020247161413e-05,-0.01279464802430282,0.03342936132612669,0.05581581992881099,-0.003079468367399362
88,0.01378584181754817,-0.01272123604449554,-0.009916533645592397,-0.01701064362115281,-0.002181076635229989,0.0005991657076272335,-0.006739575428682638,0.02998110974163923,0.0527340443432213,-0.003971938739928177
89,0.02124034260006151,-0.007248939981140764,-0.008400992512973542,-0.01585048465976011,-3.748635255641775e-05,0.002940416160952694,-0.003254482213492795,0.03075622826175254,0.06740069197621223,-0.002152862823511693
90,0.02165922545135339,-0.007088007571321071,-0.008273890742252921,-0.01560797734920731,0.0007919271016920632,0.003369696407686756,-0.002441277630328096,0.031343701949889,0.07680361686993298,-0.0009122587684177875
91,-0.04598347127859729,0.006986324624992903,-0.007387873017452615,-0.001327830259734827,-0.009335010347363448,-0.007966274010325559,-0.01372196327408664,-0.05616473750523589,-0.1532389493530712,0.005829580170448828
92,-0.04669373583808226,-0.008337940855814751,-0.01102532278029591,-0.01014939051505177,-0.0080050794843345,-0.01246294997893327,-0.01582700543410008,-0.05314247821997532,-0.1509179288441692,0.00224904513443638
93,-0.03738432097787908,-0.01172516532789565,-0.005827147180887439,-0.008284273246573126,-0.004089149722328616,-0.00952853952842021,-0.01158390115225764,-0.04733821229211992,-0.1463154718775963,-0.003643636575024833
94,-0.03705457607611563,-0.01304610912435851,-0.005414780531792429,-0.007666054199304713,-0.002889408184340986,-0.007614130185839412,-0.01052633494872587,-0.04625180833543491,-0.1384827629150631,-0.004637402936179852
95,-0.03337027185613947,-0.005510691781160177,-0.00733337281558685,-0.002357616057878059,-0.00390093834380437,-0.003629954222076982,-0.01163282867040877,-0.04155225091315846,-0.114104320254533,-0.001352402404958092
96,-0.02982965886799138,-0.005670100576674357,-0.004060965528130418,0.002795732864465705,0.001932139513351008,-0.002032322024992061,-0.01270002576588397,-0.04556046564165629,-0.07381662051162481,-0.001015972603268045
97,-0.02743270324514875,-0.004491540656976529,-0.006925767023118461,0.0002739860423856558,-0.004372582920607164,-0.002267837477909736,0.005327083589128256,-0.02793358359664675,-0.06855186027514447,0.001346355140423706
98,-0.0311843709971773,-0.007263358071138738,-0.007695629099462832,-0.00194123071563705,-0.003969994406531721,-0.002331499923774764,0.004411932055843221,-0.01824960463419185,-0.04780583125584203,0.00117515618457151
99,-0.02666772984715081,-0.01442940175006784,-0.008968164075898425,0.001793471947335904,-0.002957426148808894,0.0008253272369141858,0.004228386682843408,-0.008908616949439362,-0.04420646108825236,0.004185660356211974
100,-0.0180329154897237,-0.01239877162279745,-0.009061256431530985,0.002019021202623024,-0.004392339941180959,0.001223843611507585,0.0001784982928023341,0.003014993176143174,-0.03801429527783094,-0.001391057890809904
101,-0.01961662690737722,-0.001897049772616025,-0.009661239526526833,0.002226086927976915,-0.005926110125760356,-0.0009125767197574965,-0.0004954793797131253,0.02037776121502196,-0.01116557189551763,-0.00715929301681482
102,-0.01907864944286793,-0.001048692357219445,-0.007456187417768243,0.003894712203454585,-0.001721767129894566,0.001550127184866535,-0.00397735518537057,0.02342411551757468,0.01575345605419801,-0.001700619249878054
103,-0.00974103332406422,-0.0005468696462542109,-0.004874396179786408,0.004057921258289722,-0.001233700363653573,0.002535525562377034,-0.004616647702575919,0.02205342647488118,0.03417080792590593,-8.027828284379052e-05
104,-0.008333127539062221,-0.005932893703843154,-0.007108817412990986,0.0040056870201379,-0.0008757311500069253,0.001447922554180446,-0.006889406649199611,0.02160512899349624,0.04658727799978195,-0.004309416468947925
105,-0.0006384711867356767,-0.00178698532710363,0.006061968695003063,0.003870277666143606,3.571851370329302e-05,0.002706160185569126,-0.008164143075850838,0.02071214996577915,0.06747999597296375,-0.006063976958483402
106,0.0002440949610628932,-0.002632694060943961,5.426841919540333e-05,0.004312642880508599,-0.0002352582411109306,0.001954167339538653,-0.008345718722914107,0.02110539068320733,0.06866608366358488,-0.005252987393171185
107,0.004632589267836202,-0.003660614229011262,-0.0006346271643829996,0.005821156928389177,0.001222610194781073,0.002569865279133613,-0.006871111594940479,0.02181760540340957,0.08766793016144211,-0.00375650315124738
108,0.004152323298161687,-0.006469858849893066,-7.184496867523827e-06,0.00519663113300717,0.0007028682400701146,0.002544637508733427,-0.005892464739645498,0.02176251827094264,0.1071347719946946,-0.004361744001912193
109,0.02488388162486045,0.00807000666757949,0.006031259249957097,0.002568284474610127,0.01402747462859475,0.002158419544666014,-0.008965907433759938,-0.01369460338815525,-0.08186418795251874,-0.0008811910665819855
110,0.03060933614902822,0.009739486920173134,0.006546196926914096,0.004141228131686213,0.01548867217267586,0.002457338002626459,-0.00872531378785584,-0.002321258973023699,-0.04947880650393261,0.0008025559046570674
111,0.03303660816039717,0.00208950221504953,0.00762331309021806,0.003397679197920442,0.008667913712468337,0.003956808075672184,-0.01010950897631191,0.0072280639076483,-0.04421741705771921,-0.0003550547858277224
112,0.03279193375666854,0.002233270569742327,0.009810295325809433,0.005286870639468876,0.01369863809143643,0.003874500001691924,-0.01122611298958967,0.009275548358231037,-0.02375301374981011,-1.066658347332466e-06
113,0.03041860669879236,-0.001084936148864752,0.009892220082287299,0.007622507982823902,0.01646145558017854,0.003291323769254357,-0.0167413780706414,0.02328584983315521,0.01994785465166671,0.0006350162261146442
114,0.03227656868290469,-0.001400441200555022,0.01076257863629732,0.008702388585093807,0.01748026274038299,0.007909990515460104,-0.01572690753023085,0.02262217967215326,0.02754229155271447,0.00059397282012798
115,0.03350456794119533,-0.003730421095024046,0.01356535432704073,0.007151113851604111,0.01668770800430547,0.01282978456583075,-0.01435891030955762,0.02465813438473878,0.05181930512478744,0.0004961871322788698
116,0.03106882244892909,-0.009000248346154656,0.01135907404223683,0.01004938384672518,0.01422343614959184,0.009727567572670348,-0.01128242765593095,0.025667471788433,0.07362346946472556,-0.001836756761889067
117,0.0304122779111695,-0.01253091831390876,0.01231530962819345,0.00549924263695234,0.01174833068155768,0.006615589869972014,-0.01588195079670503,0.0310970601641504,0.07421874315316528,-0.001208260072947901
118,0.02557913368979839,-0.01154693651433996,0.01246835668542503,-0.009997438729451866,0.01205701107203679,0.009438404646768844,-0.01408621489340234,0.03005113595718999,0.09905240391539717,-0.0007364045873167403
119,0.02650840800449003,-0.01688182721279844,0.01237253183814123,-0.007873713969941526,0.0115861661633204,0.01296329712567112,-0.003336765809045696,0.04125198921642228,0.1155182630189032,0.008366499630753227
120,0.02308043732388552,-0.01788034080689848,0.009051503835756898,0.0002468777122622331,0.007591972846880604,-0.001472401434725078,-0.01335290932734831,0.03460203615855675,0.101817516025234,-0.007324603935542386
121,0.02703237661786386,-0.007866448948732986,0.00938963837853356,-0.005095446575623737,0.01149576964323536,0.002165555041275731,-0.00609654996452532,0.03685474588276065,0.1388793881918123,0.01106975073540033
122,0.01965324805335616,-0.01471424238821736,0.009974929834438226,-0.00906773804049881,0.008762224043299124,0.0008625015564835744,-0.01755597879895135,0.02829617658538635,0.1222249251400729,-0.008327862113075611
123,0.02209463559162926,-0.005357998469897341,0.008246671109140324,0.003518548577796056,0.009292391968389714,-0.004271363512157017,-0.01432981626347422,0.03110547349774436,0.1236735788049183,-0.006596142402421441
124,0.02051896073892496,0.008815825360690099,-0.000997662458435815,0.002865727131247151,0.006874591184930629,-0.007088850777628541,-0.01406148137815556,0.02577333247172228,0.133261095359328,-0.006749562162279415
125,0.02334707615422637,-0.00549912537096436,0.007469806763942681,0.003240578465876492,0.00862346296423561,-0.004480725650283267,-0.0140559983951875,0.03204640270425316,0.1330139064688213,-0.00652901082762263
126,0.02539948894271515,-0.006633105476359345,0.002881877225145698,0.003180417411151533,0.005193108816970745,-0.004258921425459116,-0.01425475815407799,0.0332622515518529,0.1490737004676791,-0.008312314349325592
127,-0.01939803466236067,-0.01444034334651285,-0.001204235596124447,0.0006578039169478373,-0.008413656994984,-0.002055638473168108,-0.01131146721533221,-0.04574707232939486,-0.1446752226800631,-0.00865750422644889
128,-0.01802895821353705,-0.0134953414531733,-0.009550408591506838,8.70903605619991e-06,-0.004673290417760411,-0.0002092383138194598,-0.01066578206648217,-0.04147641785186951,-0.1442943692959641,-0.003645187609755883
129,-0.01061950796531454,-0.005150950256774542,-0.006500632051990502,-0.001707814471712285,-0.008171575147349227,-0.001802024416644252,-0.00921389454624457,-0.03850702224170643,-0.1362166361744223,-0.003366188273633529
130,-0.01295252359541294,-0.005112736410025085,-0.005797037480978824,-0.002081400708866637,-0.005868213409090689,-0.001289717313024566,-0.0095257612595753,-0.01929932292799531,-0.1250733882622601,-0.004436315893625748
131,-0.008600836388822643,-0.005389132239588705,-0.006342978795160773,-0.002713721876956401,-0.005694645823883114,0.0003532925431914318,-0.009722117826239737,-0.02228122128995692,-0.09674617419020279,-0.003114157352954304
132,-0.004129128399347213,0.004760275294878739,-0.002704379542011124,-0.007247179152554924,-0.005488447373588518,0.005433514127496012,-0.006011775426451257,-0.02220139477767797,-0.0657758131665399,-0.001483322424937903
133,-0.002385150987021835,0.0003348574588050679,-0.007666426157304876,-0.008206018185768132,-0.005832813439616542,0.006568981697276127,-0.00923160752407622,-0.005033772589685264,-0.05267683527193151,-1.55929173065219e-05
134,-0.003687653592284919,-0.002800257738332573,-0.007681021912820938,-0.0105186182925837,-0.005107879387082366,0.002318049361289829,-0.009436278447574182,0.005311563091682542,-0.03828611523600799,-0.0004213502303448795
135,0.0003108197877519624,-0.003689439211980999,-0.006511330503815465,-0.008056794415443434,-0.005988507564333266,0.001839296173262894,-0.009111190330344441,0.02779892676109916,-0.03801258266883026,5.692325308029526e-05
136,0.006484325254526399,-0.004484827534577488,-0.008519246107632439,-0.01199198603629626,-0.007505492012173306,6.60106625532497e-05,-0.008586376101327897,0.02862846771810308,-0.02775414035751651,7.054772330279772e-05
137,0.009732087274917058,-0.004674701669087598,-0.002824878118311258,-0.01080446433139318,-0.002404341566310009,0.001060020321732524,-0.008017352980551767,0.03637003450821252,-0.01125759724724848,-5.789835013348462e-05
138,0.0140294779304178,-0.005766955735838171,0.00341335913910849,-0.01415032574336553,-0.006428900441551002,0.001357469366599617,-0.01284873573301109,0.03125668690125155,0.01676976826899602,0.0003225191199447823
139,0.01562162635236427,-0.007052550380420866,0.00208157967553996,-0.01354399975370255,-0.007221338114621571,0.001575254690994723,-0.0126210519558996,0.0330070985708938,0.02478449351277978,0.0008219613114768267
140,0.01714216580437621,-0.010012372366646,-0.005484461821786055,-0.01284079203363328,-0.01380907014587475,0.0003119852352914984,-0.01459504717442752,0.03114874546599621,0.03334696757878954,0.0007418067942039781
141,0.01665917205754021,-0.01416943086775601,0.004332645709568985,-0.01203701196313899,-0.008148031222612859,0.0005590393884190258,-0.01141426245752643,0.03180680955110341,0.05921607408167135,0.001967618766508215
142,0.01696194519253083,-0.01372998890399701,-0.008306000306403202,-0.01370794197203684,-0.006971867065782615,0.0004832193034684455,-0.01179062652285644,0.03136811119403282,0.07342982356706859,0.001929388712774365
143,0.01687334403329604,-0.01016368106765766,-0.009150133778576562,-0.01672332949944203,-0.007346806678170994,0.0005476542004507598,-0.00825065039597063,0.03157043463467214,0.0865178441515362,0.003359855436513307
144,0.01651636420626089,-0.01264986776053327,-0.01238493237964077,-0.01688188152956934,-0.006609416722088042,0.0003825638033482107,-0.00972291392333675,0.03061709477839411,0.1039003427481085,0.00291816750922494
145,-0.03233844960505198,0.007403174391736395,-0.009350546377786012,0.001964714772318311,-0.008083433290086723,-0.0172422677218939,-0.01086938926850447,-0.0678660120177306,-0.1552501833741049,0.009638628253599117
146,-0.03542511635442125,0.007759312316040884,-0.01042998281566859,0.00547425573127365,-0.002959833757522019,-0.007517222174206272,-0.0116338590000393,-0.05552039796357215,-0.1512357218196693,0.0003875877513613665
147,-0.02630622349051956,-0.003551886271387424,-0.007335967846021658,-0.001928675934416241,-0.00756051744519412,-0.008898542850738912,-0.01183322806999857,-0.05629155008754951,-0.1453480437044657,0.0002786162087306514
148,-0.02807123250494426,-0.004241119390546402,-0.0009584229938251838,-0.001038944478590849,-0.005389201056412512,-0.01341475115203699,-0.01216617945348017,-0.0494971901170114,-0.1356099535643258,-0.002719207837975524
149,-0.02093520551758862,-0.003607575689676271,0.00126174203894695,0.001361880174028038,-0.005845741806048691,-0.01432100602512684,-0.01158753826714715,-0.0495933697590456,-0.1037990440980984,-0.002781737836840051
150,-0.01910052132539145,-0.004451618776657523,0.001838939131721715,0.001801119677681373,-0.003510601130151771,-0.0095109379870972,-0.01124786595639823,-0.05128311568774194,-0.07715642893513011,-0.002003030463723542
151,-0.02230783727219112,-0.002386927169194912,0.002542372459152204,0.00244174962159499,-0.001216092901645106,-0.00169145776081001,-0.00965618360119254,-0.03355412548396167,-0.0540523719514391,-0.0008071198842398426
152,-0.01371753810007412,0.0002087573518680973,0.003735732930448874,0.001091439499158893,-0.004225096731469273,-0.001848110495950442,-0.004433632417292531,-0.02756205417811889,-0.04959891057792658,0.0002510424577627877
153,-0.0119362720860372,-0.000530243438528715,0.00390837620478757,0.001860416321858981,-0.004475513438280326,-0.001077028039326999,-0.003232912595821011,-0.0003439024819322071,-0.04083087414885031,0.001545143600498561
154,-0.01688078913848356,0.002084620019489264,0.007454862276546492,0.002269577441232476,-0.003187382721287962,-0.002887359521075286,-0.005708185455492247,0.02294037915013767,-0.02322069042140077,0.001052097709630041
155,-0.01612746485487868,0.002657454296684575,0.01091354831969983,0.004252701644724056,-0.00338967920297818,-0.0002287419282878503,-0.008023682734340627,0.02286059862402144,0.01844070620293658,0.002226471851220637
156,-0.005677706269843194,0.006641519838028373,0.009177651729951483,0.004426836793482396,-0.001672734040619798,0.001445619965560466,-0.01089147994449711,0.03385115960146583,0.02445292479485347,0.004040789904086199
157,-0.003980609702236968,0.003834527768920379,0.01799794057427645,0.005224613676908392,-0.001667138413191203,0.00171183071115793,-0.01006811584532718,0.03601556614882451,0.05151451789847594,0.007703984549064588
158,0.003154440485729223,0.002146579423178695,0.01325683385736457,0.005783629728544567,-0.001943139509421426,0.001749048150639933,-0.01035370350461058,0.03601143518632217,0.05672729311186379,0.001980348522982728
159,0.004275749193560377,0.01154528827821428,0.01329516542468873,0.006980478653577336,0.0001632638547689535,0.001662076675436543,-0.00998751948796615,0.03672732531889007,0.07305471738775253,0.003657334924773049
160,0.004869790474781975,0.002484674009436711,0.01772776308502123,0.007530329256865673,0.001072839778120006,0.002700113587443118,-0.0005909578144102201,0.03674784858931725,0.09671488612409505,0.002113452011719836
161,0.008089952431370031,0.005414976561739861,0.01778637880180833,0.006055710241896476,0.0009265972174949143,0.001578236370250072,-0.002730702171307444,0.03649971924021129,0.1197972522700904,0.0009949133286052498
162,0.00734367295562696,0.01406569844359,0.01648118800829194,0.005963662387933861,0.0007990476673636311,0.00116436758065931,-0.001362695453342455,0.0366407429408181,0.127281715149605,0.001973889659343563
163,-0.007040304215919536,0.02114450642022507,0.00126486150490977,0.001996097428503872,0.008504360751423568,-0.004758281351317027,-0.004986115588887993,-0.04164781240379852,-0.1352794508060089,-0.0002144522339332367
164,-0.00814315874463483,0.02058629284816041,0.001276497651698467,0.002207240943187178,0.008231421351014047,-0.004363964732263469,-0.004380624172537584,-0.04077854535362958,-0.1204894112724241,0.0005551670076367747
165,-0.006311791558128982,0.02313216795139695,-0.0004191318948994869,0.002126669724202232,0.007312272678589775,-0.0007763483042259748,-0.004463748482411831,-0.03848913314728675,-0.1006011649373831,0.001440584186820885
166,-0.005790755843349813,0.01511191720626258,0.0007977417596989354,0.001041393432331259,0.006065239481220168,-0.00285192026344307,-0.003392027289530134,-0.04712908803815071,-0.070075519613428,0.0002844449706805426
167,-0.005764040633276214,0.01513429541206232,0.003517234328995967,0.006690990830855776,0.008823204924673644,-0.001415973541201104,-0.007169803390577198,-0.02279970440971547,-0.04192605613436395,0.001615079524633469
168,-0.005372170325946397,0.01644243566479347,0.003561637542090832,0.006603918144080572,0.009172768722125552,-0.001833717582812057,-0.009435232028755864,-0.0214630465727077,-0.03850752758735877,0.002181963126875606
169,2.247764027639432e-05,0.026060849500665,0.008347165184560627,0.008361366303342579,0.01112034473187786,0.001790439474567304,0.00512156263370243,-0.005190447745659289,-0.01439215299715278,0.004114152184353974
170,0.0002349659896481058,0.02422518717205147,0.006175855882754619,0.003622231970508793,0.008749636078444475,0.002787101454204569,0.003634242762118042,0.006357268674193938,0.0001874639005849149,0.003295107476435669
171,-0.001505760546510869,0.01766986279641037,-0.000329795788761278,0.001760743473413389,0.004141146542890679,0.002743181346950865,-0.005103727004761084,0.02182411062370798,0.02267547448215627,0.001745830168108222
172,0.007027855929304912,0.01531973575264603,-0.002503513964558912,0.002661879896516734,0.003607671050488775,0.0008711383382441226,-0.007260876483489513,0.03466030890442898,0.03788908726901436,0.0009623514742810161
173,0.007194023514598628,0.01377760806835666,0.003721980876925486,0.001485293048957429,0.003212404335489649,0.0005158944946376935,-0.007836639383320916,0.03366012695209648,0.05409742522141286,0.0005058274399347869
174,0.01014943770874188,0.01314335380458847,0.006431887296672367,-8.358024339300961e-05,0.001415166325615472,-0.001450724705273524,-0.009349588024022103,0.03550419430768079,0.07406484079477554,0.001249358726085144
175,0.0115316003566956,0.01353728588592442,0.008158998367712503,0.00060723115486201,0.00145171111149659,-0.002747163213945985,-0.00963361511750445,0.04399819350553897,0.08411011440672762,0.004235102474120844
176,0.01086088375217873,0.01423897133954714,0.008151933711432984,0.0003720838776501976,0.0006606361880671313,-0.001378583472058054,-0.01233577527761439,0.04355662749920692,0.1019366643827119,0.005943026807399721
177,0.01474196873803575,0.02607787945544856,0.01047548402990928,0.0007080830060762838,0.001333666527336581,-0.003022819888591244,0.0005479460593978587,0.04305357212432689,0.1271659327639699,0.005181264674817821
178,0.01593464006858208,0.02620110573509129,0.01013714759040563,0.003330038394389707,0.003514400606345113,-0.002420812332281054,-0.008500322437823627,0.04384225750040403,0.1294845845793413,0.004621706297781166
179,0.01867908054465967,0.02612451609002083,0.01009207086667168,0.00297998612928507,0.003935326742208473,-0.002811124931053206,-0.0001325092455892855,0.04487929416936418,0.137732098337236,0.004906235579036489
180,0.01794052184928341,0.02722503293484849,0.009163566888623997,0.001788281202154907,0.003432285785655716,-0.005509529106123462,0.0001186422081667412,0.04713674185422956,0.1516044894295837,0.004584773756536657
181,-0.01758672012223303,0.008583603624827336,-0.009444805069059349,0.004895414861892746,-0.003339224546074411,-0.005892238133146615,-0.006840673157426106,-0.05165776450320266,-0.1427223890919921,0.008761924016016954
182,-0.012171255713005,0.009883741622764645,-0.008885281391837089,0.009337136085873696,-0.002512467314729339,-0.002731565848789645,-0.00651766795006554,-0.04251457241333129,-0.1390303539813337,0.007367125713583311
183,-0.01077146024624303,-0.002152604869871959,-0.005381845025502536,0.006759815910833236,-0.005147535219752706,-0.0006391231913273651,-0.01090844723966265,-0.04067286790486555,-0.1332243335345318,0.005402957912287944
184,-0.008417283594532594,-0.001214325543324142,-0.004055587772848441,0.003465497769184361,-0.003160023407455245,-0.0007715860606400393,-0.01038536167110683,-0.04156929099415854,-0.1191866428095391,0.003238636256362288
185,-0.006075169531642431,-0.002655040774841254,-0.005999772779632526,0.00498285366941581,-0.004432153892181887,-0.006353767452076785,-0.01019603620629946,-0.04654268899234855,-0.08577919162631045,0.0009808328219234235
186,-0.0036656906236616,-0.004844984698238342,-0.003259246725565103,0.004230716939357948,-0.003450168505341088,0.0003331564406982687,-0.00882931293831887,-0.03692044748546007,-0.07010195136317733,0.0007668594084507059
187,-0.002257476619098374,-0.009143664898037786,0.003941586591513054,0.007466011935072337,-0.002579161663597085,-0.0006114948584575839,-0.002948608390787213,-0.02812257143426792,-0.04862827586557334,0.002968476444303132
188,-0.002318008277750389,-0.009705925702579249,-0.002731402768084922,0.002458833686501142,-0.003172039260742414,0.0001341532123405099,-0.007090389720162563,-0.01646191671777615,-0.04130976117709582,0.004159079298141532
189,-0.002010366447052484,-0.01423699218203555,-0.007180249649574771,0.004213450343787559,-0.00388614517417933,0.002403514790098465,-0.005845165340797987,-0.004745232393092231,-0.03758209597791799,0.000996763591217178
190,0.002128958580986302,-0.01405769817170754,-0.008668254645548625,0.004938775918655808,-0.004018992686462504,0.003753101369775574,-0.005610600308351761,0.007778713884467992,-0.02278433304259105,0.001435342017336056
191,0.004010169117763657,-0.01555140978298401,-0.006958875454885034,0.004052507505407066,-0.005406694520599546,0.004003133430685655,-0.006554544791601396,0.02735562818493775,-0.01424386445375668,-0.0001814685501991126
192,0.007267105662716939,-0.01467037914373478,-0.007132769419182744,0.004870479451229867,-0.003631322542435233,0.002523296311855602,-0.0116125163354621,0.02719644803018213,0.02285737010276596,0.003510176225770305
193,0.01357316992553277,-0.01220026619571146,-0.006611261830996439,0.006124824650966336,-0.00299043135340643,0.004093754984767287,-0.01015405137738398,0.0460315829978778,0.02922884246537737,0.008530168843819772
194,0.01510111022773711,-0.01323914898749588,-0.007270400138425116,0.005537022621684312,-0.001608924982818697,0.003558423404580001,-0.00925506057617203,0.04359644074879002,0.04142355401161252,0.003952190854422406
195,0.01818996240158338,-0.001685995144728477,-0.004850583123102116,0.007553804559811904,-0.0006967350699623895,0.002558348218562412,-0.00847065139602594,0.04454296036331859,0.06288377865974701,0.005035059317601305
196,0.01979769121252046,-0.0024922841037398,-0.008024745051070438,0.007037912224128983,0.003706379538900971,0.002025838419000402,-0.005883532630765666,0.04351229588485679,0.08313913169541068,0.005663737840623208
197,0.0245989257261626,-0.008894179000657618,-0.00724247577044378,0.007407640792321503,-0.0005774986577441622,0.001002889987670327,-0.005407712362212947,0.04391232454853532,0.08744162903331967,0.005612552637819465
198,0.02478332375063824,-0.00936841951615574,-0.007088128476943435,0.007983237774942118,0.0005651693912630271,0.001051261250736402,-0.004564117042782077,0.04299177807148248,0.09924987642799035,0.005380691363389345
199,0.007480982790957232,0.004337357708641184,0.004458504276052051,0.001440530984474363,0.01040160561504896,-0.003550244493267151,-0.003630382943300915,-0.03751719308449962,-0.09947070939479845,-0.007092363893824651
200,0.01071849734333689,0.01022726773944434,0.003801030222728599,0.0001281683190156079,0.01460052160409502,-0.002872151507170429,-0.002492593193632727,-0.03491286748253003,-0.08557602452706327,-0.004918050499336803
201,0.01318641123366322,0.01657997022728447,0.00613105288484085,-0.0006540005940223438,0.008979868205473678,-2.633314556385923e-05,-0.001976768439009712,-0.01536430088247859,-0.05869801467941864,-0.00458220849036707
202,0.02456460498288022,0.01673167216627983,0.008106417926606158,0.006881892242442001,0.01712034202878241,0.0008803598655219635,-0.003515084965768371,-0.00449876823283703,-0.04495526986847562,-0.004144439272813487
203,0.025047825504265,0.01601832065430393,0.009876590335491785,0.003930624792916274,0.01376221144179715,0.0001026988751168819,-0.002510629461734025,0.003866961582934119,-0.02812612934086348,-0.006496483396519518
204,0.02130479496223051,0.01252402006858362,0.009558513963129296,-0.00185028940613153,0.01298456245089573,0.000590953244175988,-0.00728193203106514,0.009217364580155357,0.007306211656570407,-0.008543913281172322
205,0.02127781902501249,0.01398615545263476,0.008803917992090859,-0.0004775767085775283,0.01450889792777975,-0.0004956454466374091,-0.007414976845077428,0.02099830226087025,0.02211496528115335,-0.003612556479543521
206,0.02093178586701406,0.01503700489292182,0.009647221652223745,-0.0002597057335113445,0.0122069753552125,-0.0007046284086420791,-0.008500851249919892,0.02738015589582883,0.033964680644762,-0.004372920601156106
207,0.01722225085352568,0.006418754853559567,0.01024128149555353,0.006466375573378758,0.01171660068327777,-0.0003524282193665296,-0.01557463462854853,0.03154023773343301,0.05446027499644519,-0.01411537230629456
208,0.02141875859074916,0.004991470467859938,0.01153006758561394,0.007544413770418453,0.01076450441784714,-1.668047850272988e-05,-0.005610439671474445,0.03353013546660168,0.06153054278966279,-0.01241989191108514
209,0.01977561930950228,0.006351058473857049,0.01247728350056852,0.00783767586822513,0.00907612659866805,-0.0006901041895675507,-0.006280726745011385,0.03885269886633768,0.09128960747531564,-0.01099996938758262
210,0.0231411687550024,0.00799515212989611,0.01789239604582318,0.008541841124401081,0.01068161119757853,0.0001514576795048615,-0.001715571228181074,0.04004934949764587,0.1126128694227389,-0.01243291709845975
211,0.02308288736357419,0.009487784047830423,0.01767508189126656,0.002146104938272609,0.009301757523125547,-0.00177281273630321,-0.0009440808383620507,0.03561748243642166,0.1151642995243049,-0.006012329665647196
212,0.02320406928190886,0.007437141967451225,0.01345589223268231,-0.002723415512016646,0.00943678308596637,-0.00791306644512019,-0.002681856422731385,0.03008330588751409,0.1258402724759781,-0.004884183280278007
213,0.02253399814325712,0.007490768836113148,0.01330985275462592,-0.003768801615613429,0.01100637140089329,-0.007589756622359357,-0.002206064279617502,0.03130308816355678,0.1310321096563637,0.001018851615473499
214,0.02167479641377914,0.007362027127710676,0.01364422410411825,-0.004064275684406288,0.01118195351300414,-0.008310890534222105,-0.001842029512008421,0.03095288059610272,0.1318433853381301,0.001239097644855134
215,0.02019221938576831,0.01336704370897813,0.01447031589106769,-0.005538681149430737,0.0110909903656306,-0.007980345998305768,-0.0008125720562182099,0.03117755808723446,0.1375095177263461,0.00440370432144316
216,0.02047060526790975,0.01576289432408913,0.01434010982871268,-0.006636586641983977,0.01151836031223294,-0.007942888855824976,-0.0005305751284005252,0.03278187036234763,0.1400094665745996,0.004360454876193675
217,-0.04935958388422934,0.003558614574084904,-0.01195059727412367,-0.0003301931256523885,-0.01241175886531292,-0.007783525495857829,-0.01125143250408234,-0.09512825356059179,-0.1609347757436277,-0.006721425890349654
218,-0.03856988764979646,-0.002274693752336409,-0.01103296015908246,-1.295527029725294e-05,-0.007854558596928757,-0.003537166417586579,-0.009969795212425147,-0.08914897225704126,-0.1564698029380288,-0.008438826757926505
219,-0.04015265207924926,-0.004199876428904987,-0.004885696128136437,0.002970272679111804,-0.002695731923524598,-0.001556126442099357,-0.00976193390613209,-0.0811452639115268,-0.1530920746351764,-0.003454531201357522
220,-0.03923468966781832,-0.005660321592479385,-0.006642522242996251,0.004073072783452513,-0.002602742464001712,-0.002882940806329835,-0.00991775907781324,-0.05564978157077055,-0.1377208843355374,-0.006109846905449969
221,-0.03088685835007958,-0.0123255174380752,-0.003020132324862522,0.003984752328673238,-0.004035209478255376,-0.001424762457609608,-0.008916363784224474,-0.04550744171397317,-0.1103769001109404,-0.006292863292901798
222,-0.02833593447185869,-0.01451688346697608,-0.01046181029604796,-0.000531313421183775,-0.002747539143717653,-0.002604483359491793,-0.008864367673795866,-0.04803286848234416,-0.08454380553990382,-0.006358179893860305
223,-0.02433184397175945,-0.01826614445657878,-0.007342412929318921,-0.0005381352214050294,-0.001858757904877614,-0.001540209560553881,-0.00525334015974302,-0.03452304975534284,-0.07292666844454045,-0.00385639138898613
224,-0.02463218615888138,-0.01502436523472268,-0.006873049282308542,-0.001958566605136053,-0.00443070208167305,-0.0006458265111770363,-0.008165232621794149,-0.02597477016793715,-0.0502314599327578,-0.002900382211000171
225,-0.02575056480173929,-0.01800974555479485,-0.006851283185268077,-0.002779111054876461,-0.002706924797961019,0.003266604169462903,-0.00874326896080127,-0.005067215799806818,-0.0449267698396897,-0.0003728634601788082
226,-0.02043418750611298,-0.01809945663153063,-0.005586804661138462,-0.00273582491000376,-0.003956522584813066,0.003809958158710831,-0.008983191792686071,0.002776349843665559,-0.03867362633683127,-0.0006402782663872148
227,-0.02007757114414273,-0.01682622582663386,-0.00793060311688462,-0.003291865474943293,-0.002995205885285724,0.002205644394430455,-0.00902637269097676,0.02232840976026975,-0.0202167568761224,0.0004349873782287763
228,-0.02419020753927138,-0.0166632271811601,-0.007732767107257455,0.004958654148414262,-0.002680780741420564,0.001093468188197978,-0.0110496051811029,0.01877816975241106,0.01702116755166153,0.002111668648597363
229,-0.02036119117974328,-0.01688010210860531,-0.008661306397576505,0.005596230480544659,-0.002029190690270614,0.002675363221653198,-0.01271626652310333,0.02214062036320061,0.02330311530108732,0.001127507641316798
230,-0.0197376521056813,-0.01791139322475933,-0.00901675644199938,0.002536507030158676,-0.002492313502408464,0.0007745668342026394,-0.01126913139052917,0.02084420356677126,0.02248924730108608,0.001564172411818776
231,-0.02001135147819171,-0.004223108439322575,-0.01107025767249789,-0.002850524975911704,-0.003206720388213244,0.001341889796474757,-0.01087102176802935,0.02110208774723441,0.04707102782097762,-0.001010342379404676
232,-0.0096128003085191,-0.002900921134475941,-0.006053732522323605,-0.002621163902386888,-0.002222739175310075,0.0009267339566454819,-0.009584996192686648,0.02079017022043994,0.05632505301018194,0.001064228236102932
233,-0.01030666322487799,-0.00465368944158318,-0.006505372048000405,-0.002425124132813919,-0.001553554026501162,-0.0003105638538407782,-0.01019041248214347,0.01990816719654699,0.06557648748255376,-0.004232334667545642
234,-0.01063165825472071,-0.004837063850229044,-0.006515398989165611,-0.002354221946775442,-0.001359595261307698,-0.0002109242246374898,-0.01003070780049144,0.01969547938544635,0.07211634674431522,-0.004490224890273715
235,-0.03320599331257308,-0.006673859068072791,-0.009814098591692104,0.002771943550253071,0.006595073492709521,-0.001472108381988183,-0.01060776572998111,-0.05519144478689895,-0.1461168232466287,-0.004272979744719321
236,-0.03330327225699996,-0.01310629444282586,-0.01021725983753383,0.001444789167374289,0.01144137689203211,-0.001567974893770129,-0.007395044339242016,-0.04399923766978477,-0.1418976893140506,-0.005402927630496453
237,-0.02965085039295282,-0.001894093025245323,-0.00591215820938597,0.005806104676762456,0.007412399431268339,-2.185642121463869e-05,-0.007092679971705455,-0.04215439473424854,-0.1404610491895654,-0.0003164322407561055
238,-0.01896293478234108,-0.000857308099845914,-0.003101356353512876,0.004133413680628003,0.007276731794111422,-0.000165956873640643,-0.003171084839619938,-0.03458736266861755,-0.1305865812734834,-0.002330847105944737
239,-0.02130517107494122,-0.0002207163259816454,-0.004794671870432286,0.005260151370555951,0.005414648270688825,-0.002747692964577504,-0.005468774487064197,-0.03610047277937707,-0.1112516249495733,-0.002350635368028015
240,-0.01786915292410578,0.003977964719520364,-0.004457875560043619,0.005685132213089366,0.008867342838123961,-0.001083561820310786,-0.004246714404629865,-0.04074242475953489,-0.07859026627270764,-0.003129066999028523
241,-0.01764658857502064,0.004499555434115777,-0.006743096440827866,0.005962714023166473,0.009322985567621206,0.007518271244254636,-0.005768052043790396,-0.02643857062447826,-0.06437530672933375,-0.00124771970022973
242,-0.01460497953394841,0.001491764292439585,-0.004930360658078353,0.005911466683933175,0.004801546126511945,0.008244526449063027,-0.0002503143764199334,-0.02243495996632114,-0.04123554867634706,0.001129851918313956
243,-0.01107930973371916,0.007457133820722568,-0.004017919835564493,0.005016857993119621,-0.0005745652761383705,0.009327079997610383,0.001640918442977221,-0.003854024336181194,-0.03392149183362595,0.001981766065032685
244,-0.008755058846193979,0.005136301723282798,-0.004971717197538613,0.003889350922439437,-0.0001492387634798116,0.009011819445958809,0.001000236864784349,0.003595495499193367,-0.03078223694910294,0.001615864879526448
245,-0.01170590265925317,0.004029485788708428,-0.00756490952396368,0.003528729409583952,-0.00123890824486456,0.006230809852897914,-0.003054122330079885,0.01955999884122351,-0.01548899389727062,0.002445995645030339
246,-0.01292877952722752,0.002946699889731695,-0.004395551586608756,0.005454264654262942,0.003329484131924332,0.006135213029391348,-0.008980135028142652,0.01260827782750953,0.02215644172510179,0.002957260226910727
247,-0.00295950870870763,0.00252043965250852,-0.003068358126265757,0.006220915252333694,-9.557114539469818e-05,0.006056271398131341,-0.009835720058995384,0.02023926373371673,0.02810766209308931,0.002941730077265749
248,-0.004076133944760971,-0.0004513254252179841,-0.003898933567589403,0.005804649923948711,-0.002541907549019518,0.005270442318943185,-0.01213714737328044,0.01840394308624803,0.03054789181057655,0.0006077476360902326
249,-0.001957443515203675,-0.00540277984372073,-0.006333492594206088,0.006410005280817005,-0.001025156835270646,0.001907742585374306,-0.01116717324355902,0.01757016336371722,0.04694665187164544,0.000918414513394961
250,0.003846486416193064,-0.002881545397464932,-0.008338099650760792,0.004691623909113078,0.0003416273941685502,0.002569768485646292,-0.008201671875501705,0.018155322530949,0.05727433044880163,0.004402507809547382
251,0.006940552932274335,-0.00197668074764791,-0.007137754478812521,0.004929209922278506,0.001221593445715762,0.003022548271654641,-0.003154346331299942,0.01879244574930202,0.08155698758763218,0.00428467941141115
252,0.006299595993444413,-0.003157192593909074,-0.006980309458153396,0.004909065426890619,0.002386351191257476,0.002998348250423319,-0.003374119444866812,0.01922493891139001,0.08598388823942889,0.00460298967240282
253,-0.002772135003021781,0.00771055951580593,0.01088744009709671,-0.0008376011700580917,0.01011238423693779,0.0005317657603174529,-0.0102346050444555,-0.00519819446114898,-0.09584981246788232,-0.006464201982969547
254,-0.002423372182764046,0.01481100656799048,0.005124209950384644,0.001626395328710959,0.01202634475059116,-0.0009691551391675934,-0.01010176555180523,0.01053155679330856,-0.0648017686829262,-0.005774026849784083
255,-0.0007569391498015376,0.01467224651398557,0.006293304869183319,0.005413007401444815,0.01017755801186271,-0.000112544521937671,-0.0112313396691708,0.02143444573108057,-0.04825568724001154,-0.005822614898243596
256,0.007206390407933405,0.0133609204285863,0.006241743811779813,0.006377625273588145,0.006389434126049507,-0.001911531922587882,-0.01182461370178007,0.02961900545957428,-0.04467885321316491,-0.008995589486125624
257,0.01138394829580156,0.01241369416661967,0.009091168967005864,0.006502162350237916,0.01419979351994483,-0.0009488320703233226,-0.0132916320331367,0.03392244202509568,-0.02260479050774686,-0.008359055441028058
258,0.009358059952550634,0.01180607905408954,0.008959360670367487,-0.002172524244366978,0.01310507386573678,-0.00039160329750455,-0.01287577908112061,0.02440906195207918,0.02103440581576107,-0.01009545960281256
259,0.01724070110953503,0.01848973815734906,0.01146572858415422,0.003484774744851064,0.01243714053656725,7.095495466962512e-05,0.002225261400925362,0.03392592389295001,0.03359637253908191,-0.00918568820027687
260,0.02038581277121054,0.01989615241094461,0.01355579397297687,0.01207982751092716,0.01309523897412444,0.0001983016316412148,-0.007124615847080586,0.03581193445720156,0.05695606197894709,-0.008336027529743443
261,0.02241856477665468,0.02384718350364744,0.01237889260010524,0.01176377962001883,0.01100095171990001,0.002039902657119073,0.002856209526782439,0.03918848638832678,0.0693115986080979,-0.004928195701331071
262,0.01868030141608745,0.01960596382702957,0.01092947484385131,0.004028196795997836,0.004087019904244418,0.000160357748786956,-0.008693326055219401,0.03486343677282326,0.08554701851113104,-0.006429526496150222
263,0.02145583280696789,0.03063964086859317,0.01303569952708224,0.003389229467067795,0.01156584355313655,0.0002357741600259268,0.003229091678718124,0.0460653872883845,0.1239164785807863,-0.003093635273447873
264,0.02492140635992913,0.03201991373953889,0.01393206138040464,0.01100878867988729,0.01128533635411664,-0.001847694661049029,0.0009229381373933483,0.04659683741437164,0.1259177875664393,0.001480537506676968
265,0.02316639545652526,0.02509960690517405,0.01266593638831234,0.01021044375763595,0.009584919315242186,-0.001832595209044803,0.00101863506733173,0.04890370323925133,0.1462721556195517,0.001796318394632298
266,0.02464033492665934,0.02617209484666322,0.01223402879453069,0.01052800752376073,0.009656541839201801,-0.001160235437128143,0.00058018697906019,0.0502120750745081,0.1513888806735617,0.0091855191238615
267,0.02766859403680735,0.03399705411364529,0.01583851736001826,0.01075815197168233,0.01390033727199711,-0.0009458789497599832,0.00334191993940216,0.05394181925860821,0.1624791181612018,0.00975647504980142
268,0.02733693766577269,0.03389993710475298,0.01593042252716136,0.01090867238509271,0.01390098545681198,-0.0005610317791798131,0.003066992837586441,0.05383911577904051,0.1624613838058538,0.009789657774056276
269,0.02922771339605369,0.03226642104014525,0.01796008759562267,0.01006274928686869,0.01334049472280568,-0.001269319598161775,0.00242448529559844,0.05390858227800251,0.1828215803650478,0.01033329579168331
270,0.02981864941244547,0.03329531733904682,0.01831063070961769,0.009855698629639559,0.01407733529284717,-0.001236996281130581,0.002912582679069358,0.05531103254063967,0.1964607359323726,0.009975625238321554
271,-0.03654495585477466,0.00538521168174921,-0.009376108428985966,0.0009289697651633199,-0.009845767423612727,-0.02159238798429381,-0.01256968415570013,-0.0789154992950189,-0.1593484983793086,-0.0006194470953785705
272,-0.02633683308199118,0.00626007291396866,-0.007745711342680982,0.001407310834980987,-0.004590889159478828,-0.02844995605601389,-0.01318690637271622,-0.06539365317516377,-0.1525240630375643,0.002602437422122062
273,-0.02664192817407064,-0.003519096610134722,-0.006398597599107323,-0.002091251943952017,-0.004349522985670118,-0.0273888016413578,-0.00837168085287392,-0.05781920993541283,-0.1406364537209074,0.0004870445275033236
274,-0.02714141877852932,-0.004526009124260892,-0.007252903043871781,-0.003184399361628453,-0.004751788759369045,-0.02243592375480347,-0.01154496689073586,-0.05133123733972855,-0.1253881126034807,-0.003524554098602897
275,-0.01594648339967564,-0.006268027026957555,-0.002380084742650908,0.002495007615988805,0.001211837502365901,-0.01358737822916735,-0.01219339695902881,-0.0442514468982468,-0.09604834710972919,-0.002013972230540304
276,-0.01748819427729315,-0.0093147382260959,-0.004987096861865277,0.002288200364090752,0.0005471666590568798,-0.01850026674287974,-0.0118234416743831,-0.04813406906276316,-0.06980165790400367,-0.002695707543031034
277,-0.02002025364778878,-0.01922354520328655,-0.01210185033478961,-0.001805521760343536,-0.006489010354879133,-0.005050186733805527,-0.007375754784564688,-0.03803677552894217,-0.04878404113624102,-0.004135071671870299
278,-0.01440611910040628,-0.01999922921423932,-0.0119641069790913,-0.002772862719323596,-0.006369387749427724,-0.003368477267300056,-0.007786689366633723,-0.03044974638008021,-0.04603710169733145,-0.004225135517999048
279,-0.009307468780193971,-0.02200313094938432,-0.008730617101978512,-0.002967767844627522,-0.005102702993319851,-0.00294322843099319,-0.006183441804431198,-0.01293939753884749,-0.04135006545383698,-0.002953620219678581
280,-0.007456648646660541,-0.01856441701401314,-0.006082054206994595,-0.003709253188482003,-0.004832909402709411,-0.003448373257227863,-0.008779455895396011,0.003892708998557239,-0.02168973157723053,-0.0008534182034674322
281,-0.006130615005960285,-0.01477705048866518,0.002214350755934159,-0.003530233901273197,-0.006475880717057862,-0.002291233015199552,-0.006040406806678034,0.01676460851406389,0.01676079454486833,-0.000313363693295477
282,-0.003370063764859605,-0.01944907636775646,0.00167362789333009,-0.004782414794714619,-0.005242792997800211,-0.0017408854145291,-0.01365967246527888,0.01796973988374606,0.02095456138338056,-0.0005340014539208486
283,0.004200019167846952,-0.01969403195226655,0.002260533996172907,-0.0009006453153115977,-0.004419754328059034,-0.001348872624149552,-0.01712741315295632,0.02169006748617738,0.04672989069300267,-0.002036308664946377
284,0.003781559342807052,-0.01958157140324725,0.003290204460478099,-0.0003359349148988148,-0.003594414099419739,0.0008856377297847022,-0.01667579795878516,0.02107483630617766,0.05713132630840786,-0.001408532432884141
285,0.01110665737767149,-0.002878363605716623,0.008065785925033332,-0.0003117843869807707,0.000143853707812861,0.002147174153527926,-0.009156759813936497,0.0238037963263722,0.07558245911164772,0.001560717693302306
286,0.01501580507474729,-0.002930118672465144,0.01258552003124082,0.00624468299526772,0.000588080879463148,0.003370762152956884,-0.00581953104457395,0.02470332247191739,0.09584310361323764,0.003869597542670931
287,0.01591467607648881,-0.005398691808056676,0.01308561151475147,0.006121823369266238,0.0007694996479802941,0.003154510012912696,-0.006125640518023336,0.02479042395353858,0.1153765340188714,0.009380629960826278
288,0.01512405245684829,-0.006205206176692212,0.01365287110670976,0.005459821762260455,0.0007870869081069004,0.00313340210492585,-0.005617897252793278,0.02497557914556292,0.128002599613832,0.009419529395075892
289,-0.03166896559287687,0.01695872011575689,-0.006525889720477007,0.004809129910152663,-0.002125598815652194,-0.009645630793608456,-0.01040647367837101,-0.05957122437964558,-0.1502381129773137,0.004795121919805077
290,-0.02181885257404256,0.01684479132218626,-0.005187807314863679,0.004637735299628926,-0.00129454428460721,-0.007666746045679608,-0.01043688595623494,-0.05251334352467103,-0.1390943135622999,0.005095516317361091
291,-0.02041026117223283,0.01159780819570435,-0.004149793755768854,0.00501115769622126,-0.003315698551615944,-0.005038668512989904,-0.009563576724941295,-0.05084262450058569,-0.1368200510382292,9.069782091667066e-05
292,-0.01613007749797253,0.01187537160427767,-0.003588530081911414,0.004612338997355686,-0.001265817036086504,-0.004432624275320125,-0.009077256881666895,-0.04411675711306871,-0.1101321431133019,0.0006935258993692407
293,-0.01330707068939938,0.01159615332292967,-0.004213662192433951,0.003216124253133856,0.002408342826299201,-0.003816298827296261,-0.01080466049860485,-0.04818169601035146,-0.08752922928817686,-0.0002959580390553983
294,-0.01333892625178223,0.01107367937509735,-0.00130054541243023,0.008573553472642789,0.001066591393270759,-0.0002954440266279129,-0.01051563014945271,-0.0452236364799822,-0.06671313750227638,0.0005521631262728105
295,-0.01149099072794718,0.01355731938472803,-0.001505327038727997,0.003250952310985375,0.002697023252003698,0.0008152117904661348,0.004448066254274882,-0.04120962238844678,-0.04404059238926462,0.0003491967031851932
296,-0.008558003232845073,0.01470133211839062,0.0003607701195162192,0.004608751766273431,-0.001583754552771226,0.0006075151765420008,0.0002046408408939793,-0.02281895855525869,-0.04162660103184288,0.001836909080208202
297,-0.005846570348049695,0.003733083650902698,-0.001758200326958435,0.002565006767831141,0.0003566744829351198,0.001252888133542874,0.000743358809249625,0.001497310422043997,-0.03165541299268332,0.001961464667450878
298,-0.009230399609029057,0.002794801298320385,-0.007556438614394671,-0.0002924970543505588,-0.003408530874650934,0.0004451737267271172,-0.0028784927459166,0.02420670706299494,-0.01773302789220006,0.001238334665531645
299,-0.004347358158025387,0.001767557688586966,-0.007221826411873924,-0.0003790274032213139,-0.001480869481643129,0.003007066137070183,-0.00770845059111696,0.0229383383881891,0.02413122013404595,0.00417131448740516
300,-0.0001183182499693243,-0.002717252424165204,-0.0080266963848062,0.007867045433540646,-0.0003550373877292573,0.002492792275207639,-0.008433817190205832,0.03339040157147447,0.03006531051773438,0.005124380116917125
301,0.007950067395799313,-0.002418873706003181,-0.00569455220010958,0.005214687453374915,0.004005003088245861,0.0023792073413732,-0.005605413093756271,0.03428073872225203,0.04084549083123474,0.005291263086217884
302,0.006138708563788334,-0.0159652556573054,-0.01111903847378781,0.006962476798228816,-0.002888264863051697,0.001151444643938688,-0.002453389657645232,0.033125786920261,0.05746219422966336,0.002225410685717398
303,0.008153317848182243,-0.006547546274319219,-0.01294392672340994,0.0004049540044595264,-0.003027216598150814,0.001271890220232567,-0.008192365392307999,0.03191432557731488,0.06638439540289578,-0.002680449570363993
304,0.01224243556033049,-0.005270102865539359,-0.01224230698453841,0.001458320075590725,-0.001480997976352785,0.00303773807284702,-0.005810022618861492,0.03410582585409797,0.06935062681172242,0.001036022620985872
305,0.01275174556284748,-0.008526362197576647,-0.01513134532292229,0.001921004741664286,-0.001242374877498904,0.001423827648916216,-0.005854575058471673,0.03339005451600047,0.09012339641275201,8.569565861192812e-05
306,0.01290036116934959,-0.008055214586802887,-0.0148591889331885,0.002359033677956282,-0.0008194663737785897,0.001511587985184164,-0.004801747020826534,0.03345364518225387,0.100174322997733,-6.41127656126573e-05
307,-0.03945044034188844,0.0152150754836248,-0.009194628907070353,0.0001412486190500759,-0.009562371519244408,-0.009863016459899326,-0.008699402191278077,-0.07849917784656732,-0.1606180461162508,0.006124564098075923
308,-0.03872274901633826,0.0119908282291176,-0.009588676655452422,0.001787620059942807,-0.01047170248151823,-0.01496381346500653,-0.008896656596003794,-0.06672402545122527,-0.15502917909884,0.003790606816125803
309,-0.03604736631401009,0.007296466978517198,-0.008142884743849318,0.003492442455442609,-0.009214220977289009,-0.01705889438583057,-0.01126532095201876,-0.06086874822357027,-0.1495008922996073,4.731867033661724e-05
310,-0.04079229703015245,0.008173254612266664,-0.01015312229696198,0.004826424681031557,-0.009906649854940362,-0.01042833782645151,-0.009556561781652286,-0.0550465648682902,-0.1436648663109957,-0.0006896837280305719
311,-0.03847005480865079,0.006758078095910194,-0.01152309380026008,0.0005023160165123718,-0.004778841335855622,-0.01309154766199709,-0.01326291260587891,-0.04967478196433953,-0.1187426984770391,-0.003104933647622568
312,-0.03196341627689326,0.008346204662129519,-0.009358804347485815,0.00629228882643745,-0.004229681795624725,-0.00487092958401269,-0.007421208760306157,-0.05150268610519667,-0.07140279932745337,-0.001637814098768509
313,-0.0267976645402314,0.006908730822711255,-0.00932587131113105,0.005152323469407282,-0.003032778246729873,-0.00325044863152388,-0.01208740107811262,-0.0544585368328095,-0.07258481313377171,-0.0002681083657446867
314,-0.02479598458124382,0.008014912741058082,-0.00949967765746121,-7.381987251961134e-06,0.0003056178954264966,-0.002139812109771899,-0.01308151704991345,-0.04885898040338471,-0.04622153789799963,0.0001847229953800276
315,-0.02071249361114148,0.008706585517972619,-0.008129996728549992,0.0002754763281434197,-0.0003146970668620436,-0.002613066689612845,-0.012455175604576,-0.02272011013692551,-0.04360189070681634,0.00143129974259936
316,-0.02133661483690721,0.01051066032158068,-0.009604523007324253,0.001178812768201458,-0.000718799553448995,-0.00112111650714711,-0.009965839387916252,-0.002938633480050656,-0.03719592514757941,0.002950351935004974
317,-0.01515976958192016,0.008620711720482479,-0.006430904787725981,0.0007338532689908818,0.001514090043656824,-0.0009984373255759673,-0.009721534764248196,0.015231187981547,-0.01485550690222595,0.002502800154827978
318,-0.02093821244309478,0.01137609754499837,-0.005899639663297393,0.001216543784100142,-0.002934211844904615,-0.0003548010298150676,-0.005478667142503905,0.02091840245451784,0.02026798771731406,0.002256602374387729
319,-0.01597197959039233,0.008188531434653127,0.001333850468563006,0.003512188432957447,-0.004365483744561336,-0.0003194761536521918,-0.006054650500164941,0.02327400278002883,0.02232272005958724,0.003848079220192034
320,-0.01015667480244247,0.008484044760315333,0.004526342982094853,0.001684830375238075,-0.004978951178171155,-0.002050221689706233,0.001488523949092274,0.02134998955308773,0.03399650783075341,0.006747713746477813
321,-0.007916787397370185,0.0157167867734674,0.009620334473056059,0.001749717720277627,-0.002249076924936549,-0.001709194003592551,0.001232285529332454,0.02097039895702797,0.04918379445576588,0.003803878283409157
322,-0.004531948798492722,0.009624862661892037,0.01109761224473296,0.004557559499619555,-0.001606811017329192,-0.001532441158302004,-0.002605083134603439,0.01978018630067139,0.05679931685762285,0.001525567213295224
323,-0.002016170801331629,0.005782059832234801,0.00767873164746377,0.0003054349424030251,-0.00359042425659689,-0.002972817383450785,-0.006471080603080808,0.02016371404971731,0.06646560904708423,-0.00344805026540908
324,-0.002354364572368949,0.01003030636932266,0.007786621959273354,0.0007201837857992148,-0.002650190526042108,-0.002821607349668752,-0.00588267604553429,0.01972807495600918,0.07394343099200411,-0.002431922026316406
325,-0.001963767569784593,-0.0001086567405958188,0.002388287326995393,-0.0023672622872271,0.002666381972986722,0.00101696878016044,-0.01166037560568552,-0.01178220015383468,-0.05122727035831427,-0.009323596174713237
326,0.00182947714967196,0.009110539236444636,0.005102322226571412,-0.004298811612500912,0.003492947385200981,0.001306588835732674,-0.01118034889437335,-0.001252524982288923,-0.04568212407984931,-0.007651208819870909
327,0.001535077722823156,0.01263639272267497,0.009007341052931854,-0.004439562415080074,0.00331483251132978,0.001944927838353444,-0.01029059836918329,0.007744387585788768,-0.04088796394075932,-0.008725644627447144
328,0.00555082329085849,0.01064703216413454,0.00916937182839321,-0.003183815197741751,0.003484209416257747,0.0003234350584544051,-0.009521784880018692,0.01256422094710911,-0.01204254744532746,-0.01209686249705609
329,0.007286625009377498,0.01007458751353549,0.007792558599067282,-0.003907892418087215,0.001513169510133687,0.0001555191702780922,-0.01374067834324047,0.01491341923820604,0.02181214968175226,-0.01262624791676539
330,0.00951516459977788,0.009891064254934728,0.006257249132364823,-0.003265318086606492,0.001013217808737537,-0.0006304297367608986,-0.01121435526667542,0.01661791869344124,0.05011196715393861,-0.01583526472844011
331,0.01386366320088487,0.009131633272920221,0.006603547252706583,-0.002549234712147278,0.002087928254434077,0.0005228786438838005,-0.01247809247436359,0.01883255351958612,0.06884937088823197,-0.01375668091070887
332,0.01848154943232256,0.01110165684728442,0.007646090134575406,-0.001750093653827524,0.002659630802447869,3.378522922942048e-05,-0.01521367577950945,0.02770210334446253,0.08465858795895626,-0.0142449750704064
333,0.01800282447701377,0.006794105622859647,0.01007022135414426,0.0002031581209178361,0.002605639327532612,0.001109796680290969,-0.01324522473765176,0.02726066371879058,0.1159386724571033,-0.02179414333578026
334,0.01953943634847679,0.008678413896061055,0.01047195570767301,0.00155591321329568,0.003214158776352023,0.000638555625978188,-0.00949154716092335,0.03238957472123663,0.1181834288812614,-0.01342309266618684
335,0.01451994593404467,0.01151369535759859,0.00952988079927498,0.0009733585123965797,0.002575476119070985,-0.004429638000423571,-0.001510931353504253,0.04328118029950865,0.1388794854792694,-0.005771260276421328
336,0.01845299202372649,0.01002786759264446,0.01004459481545364,0.005139293244547687,0.009456518552985262,-0.00180218208652973,-0.003267508248854677,0.04408647979554195,0.1410567941030071,-0.004940970135377902
337,0.02335399485857508,0.01042055250578717,0.01734276655704028,0.008000811816640955,0.009884191166560651,-0.001789412741062379,-0.003052499147121376,0.04618515021688907,0.1511530556893974,0.0005892507522550149
338,0.02168098727419959,0.009212800611285604,0.01437483141925508,-0.000395532045962373,0.008865929498280037,-0.00423959314657753,-0.001936989455800039,0.04585271453502286,0.148278144976198,-0.0007068352601047432
339,0.01359028065821013,0.007494775364989206,0.01540666908375057,0.001203250609380608,0.01137879492496391,-0.003960386374633271,-0.001596355113996994,0.04682410273524125,0.1663745704308215,0.000285430875461652
340,0.01791677395450907,0.008821462480415541,0.01679881421103176,0.003934657042681175,0.01382978065533706,-0.004013922914386186,0.001590270296741025,0.04743572509853342,0.1720419533474931,0.0006052306884912442
341,0.02804633567110421,0.009758983044497203,0.02029992753184768,0.0006514028453660423,0.01311228264216131,-0.003810513116379402,0.00341211520353429,0.04945419792113761,0.184402385906189,0.00577140506858749
342,0.02867008239840956,0.02030133337942766,0.02062059194652051,0.001045658098166896,0.01467545896304358,-0.004075283317922548,0.004443941223085771,0.05006898395650538,0.1876793686759815,0.005894486466358258
343,-0.01782279986393195,-0.005855649336001446,-0.007144671760511189,-0.002157672994821193,-0.005754619895681661,-0.03110391189057237,-0.01431853060366745,-0.04349252028816919,-0.1519137894612083,0.0005579079316309391
344,-0.01824072790121346,-0.01751677321509866,-0.009740561788750412,-0.002872708165442313,-0.005374532775147552,-0.02385760877985469,-0.01402087813533087,-0.02373771931083098,-0.1525124100009482,-0.001240481433347329
345,-0.01536843160713675,-0.0123866090623134,-0.01021127410693154,-0.001763588239444047,-0.003916228582164987,-0.005300263104389554,-0.008771058617950932,-0.01304751706824799,-0.1419816549799665,0.002186224785436259
346,-0.01261858060584797,-0.01330780855346867,-0.01035288268465251,0.003365648297030259,-0.00135401660080988,-0.002395378307432492,-0.0090949414366382,-0.004214530196141891,-0.126897011235031,-0.0005994282717659155
347,-0.008526412032724867,-0.005541705778035737,-0.007773717974327278,0.00293196392054334,0.004399234147902335,-0.000108535620026612,-0.00773781732935824,0.01128038417987035,-0.07024808329233662,-0.0002188089185086949
348,-0.008018733074776591,-0.005113598246150016,-0.00704941604562675,0.005100052495038244,0.004934873854067655,-0.001713272736139819,-0.008101114338651993,0.01464983166317381,-0.05987871233297958,-0.0006033321080885593
349,-0.01496457133645295,-0.008773859825863393,-0.00728266801533833,0.005131671391036236,-0.0004594604917769307,-0.0003218298092127837,-0.003820314197998238,0.02925775459320355,-0.04125840952406898,5.283852355188494e-05
350,-0.01066710182856659,-0.008809339200384646,-0.007416724088477305,0.003570893456823464,0.0001575348528769682,0.002614746615319659,-0.00539323938565304,0.02835260423086289,-0.03740183409818588,0.001369191510831756
351,-0.008080510616012278,-0.00832091953734843,-0.007804292067710409,0.003795996571485347,0.001528311221868755,0.002484331747736002,-0.003941420154505289,0.03091216165108937,-0.02434767905743335,0.002837593366520889
352,-0.002799231698044775,-0.008540995167389206,-0.008318197865984278,0.002928322742069073,0.0004371381554389619,0.001586212519516896,-0.005241717701201382,0.02814462738885872,-0.006216322399290546,0.001617414625748502
353,0.003782225020201951,-0.01230912834013482,-0.01088850460240571,0.002356809127674808,-0.001190038106163401,-0.000690706593653144,-0.004867834827154587,0.03270443443629114,0.02001314852222449,0.002064762063815965
354,0.007521887189352519,-0.01103506673045525,-0.00953720028434249,0.003214715960775041,-7.56928080737715e-05,0.001843380758173885,-0.003644907050702684,0.03494649290451782,0.02631790409149489,0.002052471865227094
355,0.007304605435906649,-0.01040054559110604,-0.006652699666413709,0.004178337157091496,0.00012065975160924,0.00116899450657947,-0.005886067309721838,0.03466889828765714,0.05016255854617074,0.001822701463776668
356,0.005773694372286079,-0.0144304054509983,-0.006297943089681241,0.00425675567783823,-0.001209562493514933,-0.0004068921731769556,-0.006526324529006409,0.03358961347430945,0.05365920272485027,0.001350081869975796
357,0.008591066434769982,-0.0159436034869025,0.006133085053988613,0.006203479255505549,0.0002565694243290366,0.002193407885323799,-0.005364157225660597,0.03519872768244331,0.07274620604472601,0.003540642127870069
358,0.00947782405993906,-0.01746497971219977,0.009176891469069522,0.00572942572739712,0.0008863075575172511,-0.0004311017968284554,-0.005871621170600208,0.03397756922398292,0.07733160218141744,0.003809668431085183
359,0.009772240079225242,-0.023348544452831,0.008354548176896535,0.003496807793478949,0.0004174590064203428,-0.00247566010538275,-0.005789573559868347,0.03073410962074127,0.1000465075115986,-0.001114096622866753
360,0.009789407302826979,-0.02493909241663711,0.008372709139626674,0.003104704689231806,0.000568822743532189,-0.002366305025908051,-0.005527242246265168,0.02990602313701554,0.1046141362118113,-0.002491140759389722
361,-0.01707634805617192,0.01002333993276764,-0.0102028846863486,0.001205409197746285,-0.007676274452664542,-0.008559539738007185,-0.01566507242523282,-0.05545500223016678,-0.1476860234123947,0.006136730418605333
362,-0.01292836777438461,0.01167019267653181,-0.008866729147272141,0.001858909731706412,-0.004116669644036878,-0.01053764622638257,-0.01395390128756326,-0.05149841624603577,-0.141224129860379,0.005218854237234559
363,-0.01119107791636361,0.01173702411321114,-0.005604655805473369,-0.0001188873842428476,-0.003238152683680641,-0.00511565222240831,-0.01135039051321052,-0.0429914705142268,-0.1368680623747591,0.005465822624367215
364,-0.00826440857431384,0.01348597724421375,-0.007068339105778058,-0.001088577665249137,-0.004099876568038394,-0.009488677716506362,-0.01338723455020466,-0.04161226044559532,-0.114099550132036,0.004246806751156375
365,-0.004851501771198614,0.01361721971332626,-0.007930192032236102,0.001611404307169312,-0.003528048736869944,-0.008864675513707452,-0.01211286191181416,-0.05115220781147491,-0.07262650388255312,0.00255629895811389
366,-0.003148956104565561,0.01275490874593935,-0.009389779009483342,0.0002387774999627131,-0.003336228387639802,-0.004828460371255731,-0.01342182908849047,-0.0351501866261391,-0.04916052803214346,0.001153514530410113
367,-0.00241721185456642,0.01326953251334594,-0.004388767861895912,0.001035869539045654,-0.002482975763062413,-0.00268581192502106,-0.001621929964243013,-0.01379514955593602,-0.04024677311688035,0.002184705662267726
368,0.0007927616392026777,0.01521365736253185,0.006206407977659474,0.002120970700522154,-0.0001710105864833816,-0.002133470756615711,-0.001099535840020045,0.005846456166292003,-0.0415546218441644,0.003908811578982336
369,0.002067357841389708,0.00601062281613451,0.007060571175651181,0.002838856871503884,0.002404943262346149,-0.0001178135417532213,0.0006437797310049613,0.02655796200147584,-0.02107268580547785,0.003181793640703294
370,0.008130200133000955,0.008792024553794298,0.005697458502505236,0.004589128933481553,-0.001382253286246245,-0.0001793393683732997,-0.004463673664504742,0.02226754809405864,0.01922554216184591,0.007673519619776207
371,0.007962246783108546,0.01152565857116877,0.01008161744163393,0.005935008379030104,0.00298794207327234,0.00109995424165141,0.001763261220691148,0.02385816198584419,0.02563167033409182,0.0029444906075267
372,0.00897703839876212,0.01662891919970949,0.01196772709678194,0.006687884495632674,-0.0002920494059003135,0.001524430548216825,-0.002122586557138817,0.03484897109742491,0.04154845882844294,0.004596883291589242
373,0.01129737060644644,0.01689799008122992,0.01456351644517519,0.008241939720083302,0.0005869246958003842,0.001761582498175074,0.0006661025156199552,0.03678412719288798,0.06071152797007812,0.007971800075702357
374,0.01175565797704632,0.001201134797756321,0.009860668068306586,-0.01025366816685409,-0.001080738441148507,-0.001056630587386198,-0.007268159300120043,0.03134786883834733,0.05505572252843117,0.002742782974932397
375,0.01689279589058823,0.01657431399748712,0.01183424303834875,0.009458534334965787,0.001423561481226907,0.001123559741801363,-0.003443722482882145,0.03574112096790501,0.07099014813012877,0.001835542890080585
376,0.01669017988865865,0.0192677621565152,0.01421361991478029,0.008332851731856503,0.001850144973306127,0.003660170009724515,-0.001434365972560607,0.03500447402487927,0.1020028550475912,0.002679286797336293
377,0.02036984622677084,0.01859885368666594,0.01502761372035886,0.008445545881252589,0.002365465296826534,0.004499813516935332,-0.0003150879628308748,0.03511116132615501,0.1245390053285806,0.003190558155470685
378,0.01988744108054567,0.01924466102834855,0.01487600716850044,0.008598289919877773,0.002294869453303144,0.004102003205069902,-0.0002599089274488474,0.03527514599403141,0.1291414448716893,0.003854900543830973
379,-0.03301183573487437,0.008687155498055937,-0.009953315627740668,-0.0004729230231212233,-0.00798735375695999,-0.01441489593645891,-0.009527065708311033,-0.083857661039669,-0.1595134664979712,0.007382397416357849
380,-0.02229690423691005,0.00797561949063317,-0.009836126746228527,0.00253684744483722,-0.007305492501440407,-0.0128566177147403,-0.009318582960404533,-0.08113052841843489,-0.1495884615784694,0.005548294779760725
381,-0.02234017207820184,0.006953686708732797,-0.008876365811455872,-0.001336142289969907,-0.00635476153311989,-0.01295860338556706,-0.01068821852967066,-0.06427248185791049,-0.1375622139050005,0.008973232537139598
382,-0.0227758914266742,0.007846713963910365,-0.008412981429601174,-0.0002909570877772208,-0.00787246559598154,-0.01254195861556985,-0.01053050822531102,-0.05653637984564296,-0.1173479851281551,0.008855812699835743
383,-0.02151800144176878,0.005023594397853073,-0.007280564114031446,-0.001734995409750502,-0.004840337034674968,-0.02030078822344004,-0.007472462846171877,-0.06048399422689292,-0.08307324841419543,0.0007754678129854507
384,-0.02143094054281653,-0.002707825949836793,-0.006021548355299935,0.001749059981827747,-0.004731284286981671,-0.01944344904464533,-0.008674751499019915,-0.05747959266589033,-0.06360955767439325,-0.0006551899503456106
385,-0.02017236796409676,-0.002488996227723919,-0.006184427198916474,0.001939132592352868,-0.004199672358866059,-0.01637531512559611,-0.009333735988672952,-0.05071214714455413,-0.04427025472124532,0.0003214391554662186
386,-0.01675197123947998,0.001045474220797021,-0.006657760892283355,4.126273180558521e-05,-0.004817366511338205,-0.004666340709508839,-0.006019977381732423,-0.03633934445866159,-0.03959889160343729,0.001167554718456822
387,-0.008411168536097283,0.001070370874327247,-0.007358671668983695,0.0002099619554001127,-0.005233751407601565,-0.002427533860260221,-0.007639759453131147,-0.03032273448814787,-0.02181329721860531,0.001037223503446624
388,-0.006396125324948787,0.001371335165927232,-0.008980590666469682,-0.0001509290882834484,-0.005553587854771964,-0.003439673448994222,-0.003589355782368886,-0.01409747181991476,-0.002279437461157768,0.00126674984528618
389,-0.01158844178165688,0.0008907394375109451,-0.009775566334556559,0.002007672695364168,-0.004273496356925335,-0.002168433648073079,-0.01432942333102417,-0.01160881279590721,0.02400246016088776,0.002395883403974304
390,-0.004701416273473565,0.001012601265017748,-0.005618716592036386,0.003172074650093613,-0.0006969235934094053,-0.001414804696998484,-0.0120656293795894,0.007566020471038436,0.04046529748599268,0.003494073150794791
391,0.002896733027359644,0.003733213954373228,0.004452418688318601,0.004657455627390033,-0.001573046907243539,0.0004606549193398553,-0.004796788225908712,0.02107040936671256,0.06464629535232147,0.003259942232953159
392,0.005055363883743918,0.002629728408585512,0.006936339808264708,0.005301698967492551,-0.0003264010576372763,-0.001586735722317221,-0.007654524403894541,0.02116884269495643,0.07639115924180753,0.00791973475471839
393,0.005177413968532268,0.008654324909460434,0.0072505755217616,0.005127022722820958,0.0002343595700702051,-0.002608473877867133,-0.0082670542066993,0.02119455298131807,0.09364295345925841,0.001672539095462657
394,0.005878482520922005,0.003685140682784482,0.01027400341223259,0.005515299491419328,0.001472659412811943,-0.001661607974021726,-0.006743838378161024,0.02205542299089255,0.1133666263767184,0.00265006851377254
395,0.01049515470798822,0.001938565926428992,0.01249466109939379,0.005715926384564347,0.001308715030556014,0.0004575958049215579,-0.005633293678979698,0.02231036248465114,0.1263825833814676,0.003628698292819962
396,0.01027910994927899,0.01068465906906602,0.01160096428862029,0.006111000135990299,0.001494164240890558,6.654935771064442e-05,-0.006378768618275398,0.02213745950425688,0.1319702233233216,0.00447369948911968
397,-0.03426615803374504,-0.009931066118783931,-0.008279091256217138,0.00239663988460897,-0.006696950630611666,-0.01252603187117283,-0.008643561316407755,-0.07986357349642169,-0.1575689518981201,0.007082232584798343
398,-0.03220038731133393,-0.003996962834060485,-0.007344305249294731,0.003066752077343481,-0.007280450124500572,-0.01024177219521386,-0.0068820388010461,-0.06173019462863148,-0.1496746289716311,0.007870042161044283
399,-0.03780700543374395,-0.0007936765694849773,-0.004795771833388284,-0.0008871034439343704,-0.008496217055131617,-0.009666553167444705,-0.009015693608966115,-0.05420379180914993,-0.1481335285855888,0.007721702416577698
400,-0.03193619140037196,0.0005205417547510228,0.0008352415348719921,-0.0004101299193015142,-0.001983147956444066,-0.01057811091746972,-0.008850210582795635,-0.05022996484101351,-0.1477060690753947,0.003939954792397902
401,-0.03186327294160258,0.001369600550211593,0.002854227673105871,0.0001705751228952228,0.0002568302808817124,0.0002799415625915794,-0.00571180751037618,-0.04710060812837245,-0.1379282186325798,0.008896574666968138
402,-0.02855730750732382,0.001656514634765551,0.002032971896071907,0.008436160213887156,-0.00214810194944269,-0.0001659249705431823,-0.007587645804346278,-0.04184405180261731,-0.1224059363972597,0.007936826033331075
403,-0.03168920870364379,1.150955355160423e-05,-0.007944080372249687,0.0001428011255579727,-0.003625187585152937,-3.72879771870973e-05,-0.00854559021553688,-0.04021519143871952,-0.1108896614330198,0.009298117414556129
404,-0.02462275143936423,0.0008978400363143289,-0.003791983704543452,0.001095971147651766,-0.005005921899439209,0.008842141884448037,-0.007746600988083278,-0.02120036721415474,-0.08028060331788009,0.008645087621174882
405,-0.02446354792290436,0.001897108395564573,-0.006413080268322506,0.002742363552868106,-0.005626088998656379,0.006924903530231565,-0.007280804372254876,-0.004848545969720609,-0.06449385443016689,0.002816096399859514
406,-0.02503953606419143,-0.0009548847446559106,-0.005835003384390915,0.004900476699012042,-0.006915896888548188,0.003548943351179674,-0.00761857746351115,0.002537799312762204,-0.04873696169701411,0.002830899585577661
407,-0.02464870422380761,-0.00269333630631048,-0.005753295615249297,0.002860578076590521,-0.01038313440554158,0.0001168479738170862,-0.008705824922334756,0.02257665532219769,-0.04024948640659268,0.00098460311865076
408,-0.01701868767513374,-0.002475239622514403,-0.003843331962712827,0.002719307046427163,-0.009301794084553904,0.001892065637448634,-0.007254972031572491,0.02645538092073026,-0.03398925968537377,0.001216833667558352
409,-0.01646449776429192,-0.004919038693386667,-0.005734175976318458,0.002524082820550578,-0.009911664308690282,-0.0004258102229472073,-0.005879993245266177,0.02626886087879344,-0.01969929575237635,0.001147469741327917
410,-0.01307352138910826,-0.005125225573911956,-0.00663773679697986,0.00190413042577285,-0.00970457390322494,-0.001077248708637509,-0.003145179108119785,0.02639920597955569,-0.01499025689702649,0.001474082387247578
411,-0.01874978518982527,-0.008286958401874525,-0.01156328868508332,0.002463961912039292,-0.007840728209993262,-0.002411081013721576,-0.008234799497188049,0.02202171522274479,0.01678593348200971,0.001222012168444753
412,-0.01547683260354591,-0.002982348530191117,-0.008479186590897818,0.003349429700956055,-0.006403850926413129,0.002155234447210373,-0.009438978992344313,0.02450894842634877,0.0228726007378499,0.005613830578276062
413,-0.004915944989426044,-0.003499827517080608,-0.00727935265111276,0.004318225983516878,-0.005152209121730051,0.003383540972379785,-0.006219185055013307,0.02422673478330348,0.0392918920363421,0.004820508353391758
414,-0.006356620229726573,-0.003327808641803162,-0.008486983701291565,0.004576567627418569,-0.005081632952016571,0.003416085575506176,-0.005910947384761743,0.02380763029164469,0.05508341472884935,0.004381392189987373
415,-0.005413391672846941,0.001516908588674992,-0.0005941726515720984,-0.0001154892651859205,0.004703219733998652,-0.002607999621200864,-0.01552391742110829,-0.04682261840935352,-0.1279798734212028,-0.006134885394456217
416,-0.005485044468317107,0.008362301972221214,-0.002584687909746215,-0.0008320580735815692,0.006086859192499921,-0.003847152191553246,-0.01560876741510234,-0.04658941167128575,-0.1030233825738766,-0.006302241538515828
417,-0.00592065469682649,0.01023345202625789,-0.001779357077737296,-0.002560987677743938,0.003480759949223857,-0.002190629381891465,-0.01573413299404241,-0.03375661802493491,-0.0778561660910212,-0.006063979360792571
418,-0.00255436818243975,0.01070549723125943,-0.004957108607913983,-0.002153968040418656,0.005189031386768853,-0.002914601386638951,-0.01488983525186273,-0.03152683361977406,-0.0656080197930442,-0.005804614602547307
419,0.0001869841380356984,0.0105922061902468,-0.005679548505404699,-0.001660536747936428,0.003860902367997648,-0.003028323825122343,-0.0136094787337568,-0.01464427569859461,-0.04345393018333215,-0.008333881232663683
420,0.002881575366489468,0.00983963070902712,-0.005486505629823914,-0.001372766825073644,0.004608322591162299,-0.00172078068353879,-0.01439836423615127,-0.006508168264362496,-0.02049623930376639,-0.009360504219253676
421,0.005868905889074624,0.01197967181995835,-0.00126180925017348,-0.003525553565644044,0.0035287126068926,-0.0006294487439884055,-0.01542560702696879,-0.003747235005691949,0.007231935153201735,-0.01088262399136318
422,0.00915078432432127,0.009494893055577127,0.0001157366589595663,-0.003157580555513393,0.001957572405922563,-0.001270369103238767,-0.01670642038561585,0.01517340583905371,0.0228942931565278,-0.01330200083674228
423,0.01240273305182437,0.00983772710088223,-0.003569408515792591,-0.000461138907691662,0.002356817861614686,0.0003659090781269434,-0.007549656149151713,0.02176463894624038,0.03592798279303339,-0.009699049852171265
424,0.01679625132874971,0.007929859775343839,-0.004368630094560193,0.002702616563183305,0.002605390350993754,-0.0005460215199296098,-0.008559166521021747,0.03034035930302949,0.0574234531453182,-0.01365451879266421
425,0.02082477863856669,0.01174217631381473,0.005137606916934181,0.007232936542432091,0.002592582918660916,4.590152166434561e-05,-0.0125077253549654,0.03277107230490189,0.07231068834912277,-0.01409997546429765
426,0.01904612196692133,0.02135454942431441,0.0104352582703859,0.001542282127371248,0.00204662719561634,0.001024751890069541,-0.01090538568970574,0.04355950259459113,0.08708991221384123,-0.004558305907270304
427,0.01871351485044594,0.02680065689295448,0.01171613915389155,0.001858076356946946,0.003585980510030892,1.835307593426336e-05,-0.009145147097160022,0.04326153854577021,0.1259141806668342,-0.002506223171859625
428,0.0166797931135681,0.02328744570742007,0.009440824898856994,-0.001671383285108038,0.002791800688283802,-0.0008936457382463434,-0.01233812212359565,0.04261624241375628,0.1280110459841766,-0.00191221095102586
429,0.01744662036090308,0.02512375814605287,0.00859855185227279,-0.0008920867015948122,0.009529620696246067,-0.004996119894224141,-0.0006664121421441087,0.04683335773314322,0.1479913900337102,0.0004540907131460036
430,0.02050956423993731,0.03028834224179661,0.008646153604584202,0.0006584743310632441,0.01091829888711913,-0.001647167538681622,0.001615751824742006,0.04851407051512575,0.1529006621524578,0.0044714864416375
431,0.0267260853530589,0.0318439841199431,0.009921152157188754,0.002489600233934895,0.01219679691695624,-0.001115282651177507,0.00489210100134958,0.05058511861085568,0.1566641880795615,0.009012855498398708
432,0.02637281003759408,0.0307683608872214,0.01018301518376192,0.00120384773463222,0.01211532574945145,-0.001079704470394993,0.004547312311914495,0.05145151755883933,0.1625189447777789,0.009058030019712617
433,-0.04187652006301618,-0.001722815727077286,0.0002577652930242993,-0.003784341725307133,-0.008831819770728933,-0.006051141425038273,0.01010505896664496,-0.07964111466359296,-0.1511278551471087,-0.005376588810939368
434,-0.04224385846875356,-0.001845504429079207,-0.003541660859530677,-0.004604782234492961,-0.009445806770782696,-0.003800177730517087,0.009080767146060712,-0.08371659605578807,-0.1533104726647511,-0.007558064807836836
435,-0.04233252799234454,-0.0008252247554335387,-0.0001530949147462704,-0.003502901430878875,-0.00910001027183331,-0.003476977842699614,0.00817475712106238,-0.07387700990460006,-0.1513044088815449,-0.006568829856635347
436,-0.03945299059408826,-0.0003283511895169451,0.005791853448808426,0.0002945465394364829,-0.002283226160250022,-0.001488703897216486,0.002416705256931357,-0.06188167757220955,-0.143322286999772,-0.005677697820312241
437,-0.04078863511624271,0.001807746220022113,0.0003789118374148733,-0.002727028811646649,-0.002359491109292779,-0.002980669452689242,-0.0081072268665168,-0.05115445641399741,-0.1444332983565001,-0.006167874705358681
438,-0.03772276936140626,0.002358696524106411,-0.0003490142052187252,-0.003207026852670658,0.01021404833896582,-0.001589924804780546,-0.006470419241634384,-0.04879060696420963,-0.1361437820408554,-0.004070049981118515
439,-0.04406394982716406,-0.001149303926776301,-0.001676556556969525,-0.004848076071722943,0.00602329015372286,-0.003484548735318368,0.0002814193610558742,-0.03959145782846456,-0.121883892737087,-0.005596355180019757
440,-0.03674210816802595,0.001947840325612219,0.004560494702311732,-0.003899385744973291,0.006091364759247076,-0.001363937425736386,0.001227958144001308,-0.02918433787160646,-0.1039487956956316,-0.003583200241455234
441,-0.04170306865718107,0.0006571613377523441,-0.001338607990838082,-0.004055455516758009,-0.005877989058443578,0.00193782127967102,-0.002198411597225454,-0.0145487734071653,-0.08039491079694376,-0.005245359983173999
442,-0.05288111061674083,-0.001700264001795106,-0.004235690585313192,-0.004345337039681686,-0.009373396436576625,0.004048229077902034,-0.003376451573475728,0.004618643140272771,-0.06660250407258966,-0.0003341197044744329
443,-0.05150562981118065,-0.001225642589579089,-0.003107634056157527,-0.005345134597463616,-0.01089402805917832,0.00285078861625188,-0.002505211875320813,0.02385888876111555,-0.0427915648735029,-0.004007454441655589
444,-0.05695131038740772,-0.0008133426656402313,-0.004736727570533556,-0.008921663281580526,-0.01370778734103835,0.002084023442935289,-0.01084183032804456,0.02458109645509022,-0.03941151308756363,-0.007693499648211321
445,-0.052066413052247,-0.005964262928205632,-0.006287352560147893,-0.009106075290980887,-0.01168338765796329,0.0002752438025608521,0.002797487928628321,0.02865382758365838,-0.02263530088807552,-0.007280169925350755
446,-0.0571286943803215,-0.008796810304958512,-0.007168779183862992,-0.008773779290928041,-0.01042302435618569,-0.0009480058786350274,-0.00704824919403182,0.02361575566250101,0.0153843853088315,-0.00651036662382226
447,-0.0571829003549154,-0.009264342063229005,-0.008946832734211633,-0.009288366985035216,-0.0122407294233294,-0.0006679670531036549,-0.009450565430623314,0.02280948461736691,0.03015435491143267,-0.005529746708705579
448,-0.05724007693731397,-0.007521178832982331,-0.008236280843850249,-0.01031130767822967,-0.01232858126966537,-0.000604570336146245,-0.008810524583116215,0.02216213148211874,0.04512463703690369,-0.007354814344810416
449,-0.04620601295029002,-0.004194572558628507,-0.00817346617426596,-0.01090938153409098,-0.006598303442552928,-0.0001550363931995945,-0.00667767400620922,0.02325152791345611,0.06678830256559992,-0.007695179907605106
450,-0.0460605651814979,-0.00450380543937623,-0.008361722690509403,-0.009791701785110251,-0.006140948558478654,1.705634303890186e-05,-0.005676923688742683,0.02378397513313105,0.07456117694965285,-0.008111894765961922
451,-0.05238814735452564,-0.01422653024713917,-0.01286150768203917,-0.002854013179881497,-0.01621863229702081,-0.004371345736824135,-0.01118610276366433,-0.09414523970564587,-0.1602445884265198,-0.0118837419506245
452,-0.04949749419980104,-0.01042487616662888,-0.0117291857927183,-0.0003087530947486597,-0.0112572687794813,-0.004051968435151767,-0.01113123737073227,-0.09088799344707271,-0.1589869014714931,-0.008777033916977803
453,-0.04872143347247575,-0.005423943639830703,-0.00873517568545033,5.480460468885941e-05,-0.01459386538026458,-0.003521409630539265,-0.01095026060444792,-0.08547975414616607,-0.1564025309392935,-0.007277223248815587
454,-0.04651071963874838,-0.003992932968217723,-0.009218482798566095,0.005172124241854614,-0.01199441023282722,-0.003372491541483183,-0.006582593462132981,-0.07921959901810516,-0.1550775898088973,-0.008742325109432198
455,-0.05190160797153472,-0.001200285858996521,-0.009109026015328345,-0.0007657118220299303,-0.01290526439454108,-0.003495625345830177,-0.01042836769474209,-0.06203079187880528,-0.1489028847615665,-0.008629041672585689
456,-0.05000720314080834,0.0006056258091450227,-0.007876403991951938,0.00320965454600256,-0.01222228900640797,-0.001247729315729314,-0.009581302729728637,-0.04472733164216539,-0.1275992018996428,-0.007904190661502017
457,-0.04031239193576706,-0.0006486897309685922,-0.004263069189282133,0.003625810845539965,-0.01032426892146959,0.002610956016539956,-0.009636692001452923,-0.03892588489381181,-0.1111073227153129,-0.006406499716174483
458,-0.03776708417702099,-0.001102009124964372,-0.008256833654555908,0.001264603769991802,-0.007594999828448331,0.0004488216943440292,-0.01012984448377163,-0.02299940319371517,-0.08456220651150773,-0.00718817839513243
459,-0.03520963168919562,-0.001982346827100678,-0.008844584424370033,-0.001061795594785162,-0.006591811581428201,-0.0004103482016535416,-0.009609710078499855,-0.0009809100731598068,-0.06642585176502339,-0.005617024391896121
460,-0.0248133030708041,-0.004805186565260243,-0.005412858009874736,-0.001771146676201668,-0.006356497108782088,0.0002788275307708877,-0.008426012371577644,0.00795410483947127,-0.04250299112239304,-0.00419576441745136
461,-0.02749737118355037,-0.00590728096333468,-0.002783814878372148,-0.001917144344548202,-0.008278487008562926,0.0007802667041188204,-0.00898093352343595,0.02587325742854002,-0.04231900957800981,-0.002145829418311724
462,-0.01720077222992473,-0.006644477198627412,0.002633261578532208,-0.002520928987947479,-0.008311416338755127,0.00174067814078407,-0.009179320238241605,0.02904201303923318,-0.03726916869407099,-0.001691460647975387
463,-0.01215995188195229,-0.006671418519606885,3.268797553164038e-06,0.001993968887812364,-0.007126438116528881,0.001552656607388143,-0.006490904119641087,0.03124137214699288,-0.01418697220910652,-0.001405917691207341
464,-0.01596298498239927,-0.01099727599859632,0.0002705070199093503,-0.001584563133919439,-0.007820584582307753,-0.0007456461101577164,-0.008073806808234257,0.02324927264667353,0.01596995850187404,-0.001271834436008532
465,-0.01488067834880753,-0.01666752613546555,-0.008289273342577352,-0.001513530757078772,-0.006564632323603917,-0.001797396821092642,-0.006987754020914541,0.02527834103564973,0.02409947673392351,-0.001727534053804395
466,-0.01376804352379115,-0.01434123348940241,-0.00835495788288515,-0.0001632184888051802,-0.004932495133291635,0.001002459104111518,-0.007300849033683418,0.02478399943016197,0.03638103275612626,-0.0009927286124075735
467,-0.006808774253447393,-0.01405837324961406,-0.0102945851632991,-0.002543821731075193,-0.004439344582665697,-0.001548737168948973,-0.007039727922226919,0.0228859632477327,0.05493259765095512,-0.0005644641074204459
468,-0.007593268650032918,-0.01462910005698054,-0.01078612106901565,-0.003027607019902966,-0.004032436922498934,-0.001531418987331541,-0.00592739813278349,0.02257962233851056,0.06538069396046638,-0.0004444330292314114
469,0.004304306792033473,0.01051070915054681,0.0002680971847012889,-0.003007605030437655,0.003540777559126376,-0.006804091105921175,-0.01086109218867154,-0.04784771325969303,-0.1509094678464092,-0.001923200327648268
470,0.001736492958323089,0.009043571558675455,0.000126596400051985,-0.003915785157175247,0.005179118422556709,-0.01137089797645924,-0.0108785298960003,-0.04530889431743802,-0.1266244030558203,-0.002604422350026917
471,0.003204128260616708,-0.001376673150333192,0.00165165116327711,-0.007222615674190736,0.002963591080735935,-0.007220183353737477,-0.0093374131968143,-0.03547997920362958,-0.09194660276808574,-0.002270877263349036
472,0.009661631272097432,-0.002806500696089613,0.00233369779562977,-0.007353672810896427,0.001930171905347472,-0.003684794842784306,0.001051168888733564,-0.03556222466816559,-0.07886713353501622,-0.001692581196469825
473,0.01469038266564802,-0.008345759860251219,0.003918867679008058,-0.006835138745069256,-0.001605811025022037,-0.003416221884847918,-0.003986259078475598,-0.0193873759561071,-0.05335597610688182,0.0001065705288901073
474,0.02358747292684685,-0.01089422758035341,0.005936235797491488,0.002712659937908129,0.005621363710749178,-0.0007529780358240981,-0.003349722699871482,-0.01364608097987236,-0.04045345368795898,0.002376897983118476
475,0.02254308021480331,-0.01448924002546959,0.006006912972821035,-0.008384225502944462,0.005698768745938722,-0.002865118002301331,0.001532085385297784,-0.008103559102151891,-0.01042343017132464,0.0001281092445562276
476,0.02514697397777451,-0.0100645874385829,0.005936326271412712,-0.01115753656700116,0.004932896010954429,0.0004314857672231115,-0.001105709482800705,-0.0006003482123835176,0.01346205114019346,-0.003106615640176755
477,0.0193645278326205,-0.0020750023404053,-0.008317486244268028,-0.01317008998508483,-0.001047923535820912,-0.0006072412734552194,-0.006340742381329789,0.0149317170942235,0.02105906162732542,-0.008887009299390703
478,0.01708756716047757,-0.003508188952490337,-0.009932158960687658,-0.01401622928288771,-0.001442017257246975,-0.0004150237226456759,-0.007126735225670261,0.01796832949202189,0.03547047875039927,-0.007388968618363837
479,0.01581600107003148,-0.005459715737356317,-0.01218832887243849,-0.01749731535391168,-0.0006948119195077446,-0.0003831115248615771,-0.009017329137604403,0.01965310762668596,0.05025404489041533,-0.009697591938536466
480,0.01663454855804315,-0.00824704082499286,-0.01321903590823742,-0.02270837668924571,0.0001494374267154039,-0.001297459540091079,-0.01299589181876833,0.02644395130396011,0.05910312153380604,-0.01055921771669719
481,0.01869874451614439,-0.01030640971823799,-0.01516920340569206,-0.02373025127838513,0.0003829828906075832,-0.0003258055948050244,-0.01301618087933831,0.02704582700497139,0.07004639023985651,-0.005086869691069132
482,0.01757926325930408,-0.01535500694076361,-0.01804114577834286,-0.02465817289861427,-0.002262536569253694,-0.001430407067484484,-0.0137512760544504,0.02589756297271301,0.07276987961572337,-0.01103383457963112
483,0.01787912022980113,-0.008749775406370416,-0.01887434999887846,-0.02148004365080223,0.0008270568247397114,-0.0007456939930697005,-0.01096773546019147,0.02774039870538021,0.1028523371714388,-0.009851974845412635
484,0.01830117514717196,-0.01304008514152651,-0.02670350153792051,-0.02300904621498381,0.0004728392547304812,-0.0004336456596278063,-0.0116532533704562,0.0266695326254572,0.09727842686597404,-0.01025499453356479
485,0.02071944708157859,-0.0138725517497034,-0.02574411800498537,-0.01546210442333385,0.001878607366332379,-0.0008700683145956228,-0.008817638105320167,0.02823214689149879,0.09876163335878499,-0.008138732697768764
486,0.02147325077521893,-0.01000338459286534,-0.02521669416081928,-0.01492116462864282,0.001554675903654703,-0.00136486824077411,-0.009288023042677666,0.02968151748207038,0.1072072453142262,-0.008098102046405566
487,-0.009157055110407465,0.00909478784768548,-0.009502195835003287,-0.001187757520351803,-0.005221016878269889,0.0003720561417345802,-0.01009010428374875,-0.05196001388004835,-0.1474030940013657,0.00423335764130896
488,-0.00727021495246015,0.00890866237056663,-0.009106367500001673,-0.0006493987218773427,-0.003165810321619486,0.0002438561770842563,-0.01057121132697325,-0.04643322478809981,-0.1446927380109299,0.006545154302678318
489,-0.004187974219698776,-0.001092720013267648,-0.006719123178467182,-0.001701703352448865,-0.004456032844305445,0.001595637906746934,-0.0102474795465394,-0.04217402221271203,-0.1375375203829695,0.001147416972582231
490,-0.002237925065050043,-0.00119957592596449,-0.005614179244898918,-0.007055669805021359,-0.004010924981897142,0.006114812539340229,-0.01087303524472303,-0.0413002014068863,-0.1119131265682048,0.002902582038367825
491,-0.005286671732247683,-0.01250699858744606,-0.007484302460472722,-0.007696867569798824,-0.003631046024628873,0.004810120426997224,-0.009048623081067252,-0.01189683049173267,-0.06819813883523272,0.0009133942085280065
492,-0.0008141516682562595,-0.01659285504467596,-0.007080677739062846,0.002574124242526486,0.0001534615516253799,0.00508271792831843,-0.008010035319943265,-0.001108780768401449,-0.04324292363546662,0.001206161409650082
493,0.004927535480395457,-0.002655758689604105,-0.007809753533267912,-0.003190758746402351,-0.0005007997516431701,0.002472810116421259,-0.009033514500674935,0.01784798726595706,-0.04116890118235542,0.001931054180882937
494,0.005532441893112843,-0.002262624152891419,-0.007946284677075286,-0.005234763306795664,0.002496509757345509,0.002148726957476589,-0.01022302161635515,0.03061573413721411,-0.03860460278182556,0.004740746608225469
495,0.01245711186031507,-0.003022625109518517,-0.007535294759646715,-0.005346948293911367,0.002017555569590429,0.0007981839769659956,-0.008820527842740301,0.04242698401297219,-0.02042286189392303,0.006450798056489781
496,0.01554832619902068,-0.003029458156873269,-0.009121232041444017,0.004272500384579592,-0.001414894313386266,-0.002190010075768886,-0.01410493453624059,0.03742080765162335,0.02138747026230461,0.002006997112416275
497,0.02453323685733975,0.0008190486042344408,-0.008072488997849955,0.006516614417766607,-5.163726617283545e-05,0.0009175549668349367,-0.01153260875204947,0.04008946835825918,0.02977170521195217,0.003597764383769267
498,0.02336617695572746,-0.0003987382153992209,-0.00864461795859956,0.008038321261581077,0.002617747080989617,0.001146449485575243,-0.009725859548768328,0.03857933976104311,0.05392201556278188,0.004292699414104416
499,0.02534077534107204,0.001846551299182809,-0.006529358579576603,0.009465736516694639,0.00376665252968757,0.001252666396366329,-0.005814293818874654,0.03779361694448179,0.07738840426229765,0.003993730283527243
500,0.02051723823491643,-0.001562823162063766,-0.007467421814636298,0.005812648725316757,0.002870611195213791,-0.001563865379175304,-0.01547296398616111,0.0356021602894714,0.07037245108290469,-0.003780068363691909
501,0.02522620712318119,0.01427430673614404,0.00179439776612704,0.008633071021466238,0.003460499679754439,0.001972875524024418,-0.01286026893147328,0.03538990444870119,0.1137694115133071,0.002754127203204846
502,0.027429675151246,0.01379687665778251,0.007062077516173829,0.008299202447442738,0.004130774300048455,0.001915475176757102,-0.01020449524788745,0.03581707255891751,0.1273595546650335,0.002674296013817657
503,0.0284811462551114,0.01669795830386822,0.007212541391482981,0.009703638300313955,0.004648880616544932,0.00312491264674123,0.001874681520236934,0.03678694103684104,0.1333651661448759,0.003307857773083879
504,0.02900783999385146,0.01715112109402032,0.006958018382421167,0.009524486698116457,0.004824680974476428,0.003683862259575681,0.00160084080436863,0.03823658009221007,0.1407639552499232,0.003519123293276562
505,-0.01944785581148841,0.006839847853247886,-0.007206060271326279,0.006703041921388184,-0.004669464937444726,0.002584313523527106,-0.009909536992806726,-0.05183585454136359,-0.1428434450192483,0.008284339549041128
506,-0.01396011534923377,0.0008754667290438666,-0.003495055374165704,0.006555187256044545,-0.004027960453072388,0.005034362383724824,-0.009105194955372362,-0.04947748102651343,-0.135926442856882,0.01445039672272387
507,-0.01520092753077691,-0.002356062320987027,-0.004870141405407107,0.003471899433030818,-0.003306414389578766,0.001034082721977581,0.01181636027412263,-0.03584362926777573,-0.1276394667489193,0.009378655000820977
508,-0.0128573289407152,-0.002139644709740843,-0.004973358240735328,0.005837765919752141,-0.002610343278949989,-0.0005825620241145398,0.01959801822433217,-0.03553697119845037,-0.1271419489242037,0.002390018041066352
509,-0.0141240734512703,-0.007190227217830348,-0.003652038376406586,0.006613514338041941,-0.002372448528911907,-0.002394593179065257,0.02913265312579243,-0.02220938801088828,-0.09288670910924396,0.001132681910335623
510,-0.007229314958738765,-0.002648637157758523,-0.003586075539967049,0.009523292523007834,-0.002398209462844303,-0.0009284562271440828,0.02184313444910538,-0.02116125523397017,-0.05718907359351856,0.001715220326930901
511,-0.001246331410206721,0.0009506173130316051,-0.002442801341070808,0.005746369705310018,-0.001863664081600166,-0.0005131498413106211,0.02507210174984862,-0.01986954799618477,-0.04849936084015992,0.003053233215675008
512,-0.002548909001613476,0.001951807033380321,-0.005374674845779855,0.007749250412834518,0.0004512502791550223,-0.001107733536211777,0.01470901580116371,-0.00327973284281822,-0.03555452764987019,0.002623026039877754
513,-0.004139475126119598,-0.009256452076355458,-0.005089902973453218,0.008642416273801651,0.003818238371357776,0.005582561895222452,0.01332324259218204,0.02645752975836864,-0.03504965109818169,0.005180977957472254
514,-0.001411204386404865,0.001479917336008476,-0.007227865000929604,0.007092615525298131,0.0002934437414655774,0.0036431413801724,0.009520249820790647,0.02692624194709358,-0.02613522120433076,0.009265782387369872
515,0.005711249601314772,0.001038572427058691,-0.004582865742582523,0.00669236733778452,-0.0003720223541887007,0.003833611649716391,0.009769653915888252,0.02904111455918259,-0.009152838742948529,0.01103280458928959
516,0.007784698332763335,-0.001799744229767665,-0.006376508845271639,0.004700330168149414,-0.000970950738369445,0.003117505965851222,-0.001175324243675414,0.03631784569800305,0.02047641542336932,0.007929808564993784
517,0.01175545475469753,-0.0009195767875934425,-0.00968525370506115,0.005354182788872111,-0.00100634210387447,0.002298019843411815,-0.001118249475828523,0.03826122387517598,0.02724967438860629,0.009813325511264731
518,0.01455059538000507,-0.005279604727642093,-0.01155742240763469,0.005819766156085121,-0.0002916173978307354,0.0002068822798750182,-0.005905140529441162,0.03503735759343988,0.04606031123710924,0.0007797308292958851
519,0.01597549573667489,-5.11874467959755e-05,-0.01149436673112756,0.005842049628324051,-0.0008365510765241719,0.002567279344627758,-0.009216775411363683,0.03580560419633338,0.06680319461737087,-0.001169752930305901
520,0.0180880766774937,-0.001922309289264012,-0.00822813216983401,0.005836216659761953,-5.47079776388879e-05,0.002337903987442043,-0.0084838366278624,0.03650057494441565,0.06725264691052077,0.0002465390960138976
521,0.02164361888664763,-0.003465008960591556,-0.002930276592822158,0.009193561752170076,0.001060338807992042,0.00376856633087775,-0.007265745001561806,0.0358652530115701,0.08494396317340525,0.003322188857728321
522,0.0219633001061255,-0.003381501112189882,-0.002142397953996477,0.008828671860600155,0.001898332124381116,0.003760491992866081,-0.005482778639250344,0.03601261359999597,0.1053606244439647,0.003421796437613867
523,-0.02966004699085169,-0.001558451806570285,-0.009657064479244342,-0.003780131049726276,-0.002517458022365774,0.001489422248445917,0.002498735041298762,-0.07845031092313348,-0.1484861490855331,0.008040798113934218
524,-0.0139087009287976,3.433342421543617e-05,-0.00479277975106396,-0.003901514257004648,-0.001263568236074587,0.004003842944665733,0.006978475470990503,-0.05439997521807187,-0.136476395142445,0.008335088501224054
525,-0.01350461652688187,0.000219372237417855,-0.00770722278067019,-0.003327537432747013,-0.00179478608530571,0.001836246242867672,0.001703772131220692,-0.0688259674293504,-0.1421587567200879,0.007045380891645463
526,-0.01297140944851089,-0.0002121940597996934,-0.0009977699037794314,-0.0006030459660320536,-0.003565156572916087,0.0005620440539492943,0.003939565240106207,-0.05320128331816888,-0.1348719591553884,0.001504478451102573
527,-0.01116157245877806,-0.001362403725501272,-0.0002083054034589327,-0.005535769219884194,-0.004360423343207638,1.850806241594891e-05,0.003336608574118772,-0.04612793028676321,-0.1186243807302147,0.004202639784359552
528,-0.01100060040986033,-0.0004671492105412997,-0.002550423820231916,-0.000774180850772836,-0.006378232837535117,0.002107476613642889,-0.0006577082666093231,-0.04368590136382162,-0.09279060732866264,0.005722040407109397
529,-0.003993221396248529,0.002008026379171867,0.0001338533077453942,0.005487676158465974,-0.00551602894992523,0.001668124304356642,-0.0006349274105610391,-0.03902283497168465,-0.06418731375567799,0.001826245027261182
530,-0.005441449580532236,0.0001029499681850037,-0.0008049449120115749,-0.004003696785633407,-0.004683011029356763,0.003620464198251824,-0.004649477906154386,-0.02596627957072565,-0.05567051790495943,-0.0009465883223757897
531,-0.003534543353748594,-9.257059476515763e-06,-0.00152342515834935,-0.000664280537930288,-0.004945877397354395,0.002858334443352759,-0.0032422976596568,-0.004719688456700515,-0.03680758485544433,0.001756736759273453
532,-0.001918545665897742,-0.003095830257510259,-0.003008917944610523,-0.004407611978065267,-0.006542039527020722,0.0005960390463892315,-0.004131815716194155,0.007623429496318673,-0.03457330232375065,0.001706623065953697
533,-0.002016768254643605,-0.00606718481927577,-0.005776557952420118,-0.007681082479532737,-0.006017524169854949,-0.0008540424209687416,-0.004062524485102597,0.0226097389193695,-0.02533900170029506,0.001367286910333269
534,0.00384228912042606,-0.006646752166180086,-0.005886342633223759,-0.007462632884947173,-0.005494830297611671,-0.0009624572871357653,-0.003933990132860155,0.02282671523072876,-0.007823963027641344,0.00205693082675961
535,0.01023062121355321,-0.004275347603099421,-0.005043760190955745,-0.009119170125685269,-0.003928171073244939,-0.0009300818405463334,-0.005314820961056525,0.02209506563922604,0.02206766995717636,0.002894762822046555
536,0.01099354099454068,-0.003798288790677802,-0.005366716463711261,-0.004341392706905143,-0.003906054678013104,-0.000525077333154575,-0.004506744612337983,0.02475358492601359,0.02685539292966865,0.003535931578345964
537,0.01076747886999827,-0.00193430147378062,-0.006633717993353804,-0.009467864568842167,-0.0002662610272735877,0.0006242676335728836,-0.004630863772881196,0.02223428582329944,0.04666228634251031,0.003753401283577336
538,0.01557561621500409,0.0007541991761005842,-0.00470672355296655,-0.001515532172773037,0.003276751342894178,0.003505020905044927,-0.006755247105537743,0.02424068004094068,0.05971371889398983,0.003550169588723232
539,0.01874364267805535,0.001851609094842518,-0.0043840915597414,0.001568943211525273,0.003649977445111825,0.003336606299377184,-0.0001726599680351072,0.02602165887772232,0.08330584263441443,0.004648974639097647
540,0.01902726646442309,0.001857304762072205,-0.004402391876002768,0.001431951519440544,0.003534946395448039,0.003368330798478173,-0.0002214242476676643,0.0263005877221841,0.08435635753772742,0.004740724941539131
541,-0.007675893815300708,-0.003293683680964919,-0.0093901886108428,-0.001873543363812749,-0.004287671445966521,-0.03027852587225093,-0.01053528025327227,-0.07115728605033536,-0.1585126065328709,-0.0004054297706391042
542,-0.006103313103638331,-0.005108558151553536,-0.009029170234503114,-0.001603159861759543,-0.00221463477417906,-0.03030247624018491,-0.01138595523056384,-0.06245372295279111,-0.1509601423048857,0.001578135729723124
543,-0.005360444189205808,-0.01521028033636003,-0.007137556582922634,-0.00540600723685709,-0.004303966794729466,-0.01509331512675069,-0.009097933041269067,-0.05565135977230794,-0.1446187213385082,-0.0008791290287165148
544,-0.002748662220344072,-0.0156722956634383,-0.01035111977285291,-0.007335146697910945,-0.002137433557957836,-0.007950950018121582,-0.01063703908338291,-0.04990412984604116,-0.1190392524481042,0.0002758514948418469
545,-0.002427882004421541,-0.01625719528169451,-0.007309608284703445,-0.006454630265670463,-6.423504961100448e-05,-0.007162413434509772,-0.001896624274391133,-0.0506650366159069,-0.08577362380066368,0.001934533081093031
546,-0.004813563643880674,-0.01592139822709722,-0.007223316547397367,-0.0002140206032134051,-0.001878631233043742,-0.004576085227105406,-0.007659486306800255,-0.0553903078062488,-0.07493687817353917,0.002018651938042689
547,0.002898937274055935,-0.01658177492055486,-0.006803252109272365,0.0009566154419478348,0.0004949901092622846,-0.0003156632905414723,-0.0003294600366949274,-0.05445317924530538,-0.04948755029043776,0.001157706749401333
548,0.004079236146086228,-0.01622222538129124,-0.007577615998372917,0.0005313213635263749,-0.0002515406097715603,0.001047618485067385,-0.001021414966127792,-0.03707759064332487,-0.04742544148610702,-0.004062397928010888
549,0.004844672043930912,-0.01067531700594637,-0.007573087306141002,-0.007662307396555887,-0.005352626172369521,0.0006424351830570869,-0.005065893362272237,-0.03189663342868881,-0.04781262508977328,-0.01049218795113384
550,0.004347907169981235,-0.01312410448488903,-0.01013682999199408,-0.009477072535434023,-0.007125391098904277,-0.00188338432372865,-0.006798353221862285,-0.01692277389582601,-0.03120985643121018,-0.009746925427203838
551,0.01030473023762978,-0.008460912404436671,-0.009709595532926957,-0.01106679677835735,-0.005891681425403248,-0.001353657150597772,0.001905059126868605,-0.006281903045751196,-0.01697625825728175,-0.0130888111976096
552,0.01112211649064343,-0.01323936046137766,-0.008588467489512613,-0.01592971784212505,-0.005879488199671592,-0.002960408861730578,-0.00939728827198538,0.0007825321510789526,0.01271584429612757,-0.01417954147504345
553,0.01565844870156338,-0.0083532110976322,-0.008094535146980393,-0.009366136477875148,-0.003790401187545017,2.063156169139301e-05,-0.009017284605296327,0.01753623325038015,0.01879462145713497,-0.01110310629390342
554,0.01826673126988956,-0.005916992937443053,-0.00857381202752731,-0.008814044799454347,-0.004757760355240075,0.0003804224827880196,-0.01060573899976806,0.01652688063988855,0.03042743128482483,-0.00851681223168317
555,0.02015115098665864,-0.00842178438556165,-0.01087721741274538,-0.01085756281253635,-0.001984945565371681,-0.001371882838048834,-0.006071608856418958,0.01725643719393967,0.05366096733516712,-0.006801203338982921
556,0.01981952727190989,-0.008062400455003303,-0.01051367235630869,-0.01054884324577062,0.0008797457526836891,-4.710554409535967e-05,-0.005677242301586496,0.01775633463436282,0.05568505446043077,-0.005676883329227961
557,0.01976863244891215,-0.008410382599047628,-0.009325159551404347,-0.009403951584546674,0.0007949429018867689,0.001010597222128388,-0.009110122812891216,0.01830925230810478,0.0686156711421617,-0.004885604890524173
558,0.02036072857669264,-0.003444728332079932,-0.009290219039685542,-0.009676603962156284,0.001066813435480521,0.001402898993054295,-0.008967701271556057,0.01802060028923464,0.07580163306588882,-0.004567257187408327
