row_id,model,params_json,alpha,cat_depth,cat_iterations,cat_l2_leaf_reg,cat_learning_rate,xgb_colsample_bytree,xgb_learning_rate,xgb_max_depth,xgb_n_estimators,xgb_subsample,train_r2,train_mae,train_rmse,field_016,val_r2,val_mae,val_rmse,field_020,test_r2,test_mae,test_rmse,field_024
1,CATBOOST_XGBOOST,"{""alpha"": 0.3, ""cat_depth"": 6, ""cat_iterations"": 500, ""cat_l2_leaf_reg"": 5, ""cat_learning_rate"": 0.05, ""xgb_colsample_bytree"": 0.8, ""xgb_learning_rate"": 0.05, ""xgb_max_depth"": 5, ""xgb_n_estimators"": 500, ""xgb_subsample"": 1.0}",0.3,6,500,5,0.05,0.8,0.05,5,500,1.0,0.9989330566152158,0.002494745732888723,0.003208227415859295,0.5689518148526268,0.532240598140024,0.0292569748449938,0.03374247650878084,5.071575031997157,0.7439683731286472,0.02270160654966821,0.0277365086349893,4.18464986840254
2,CATBOOST_XGBOOST,"{""alpha"": 0.3, ""cat_depth"": 6, ""cat_iterations"": 500, ""cat_l2_leaf_reg"": 3, ""cat_learning_rate"": 0.05, ""xgb_colsample_bytree"": 0.8, ""xgb_learning_rate"": 0.05, ""xgb_max_depth"": 5, ""xgb_n_estimators"": 500, ""xgb_subsample"": 1.0}",0.3,6,500,3,0.05,0.8,0.05,5,500,1.0,0.9992675404371505,0.002074087653737323,0.002658191622416781,0.4726380592744918,0.531240010447197,0.02926753185041061,0.03377854662364075,5.07418032797779,0.7390604824049427,0.02302272973894895,0.0280010883918078,4.247222359613255
3,CATBOOST_XGBOOST,"{""alpha"": 0.3, ""cat_depth"": 6, ""cat_iterations"": 500, ""cat_l2_leaf_reg"": 5, ""cat_learning_rate"": 0.05, ""xgb_colsample_bytree"": 0.8, ""xgb_learning_rate"": 0.05, ""xgb_max_depth"": 5, ""xgb_n_estimators"": 300, ""xgb_subsample"": 1.0}",0.3,6,500,5,0.05,0.8,0.05,5,300,1.0,0.9980566801962354,0.003351840933771355,0.004329787641039372,0.7616703041370626,0.529577516705616,0.02930131204841955,0.03383839272906127,5.079482305818782,0.7408473490158484,0.02285283058347513,0.0279050505029831,4.217484504542109
4,CATBOOST_XGBOOST,"{""alpha"": 0.3, ""cat_depth"": 6, ""cat_iterations"": 500, ""cat_l2_leaf_reg"": 3, ""cat_learning_rate"": 0.05, ""xgb_colsample_bytree"": 0.8, ""xgb_learning_rate"": 0.05, ""xgb_max_depth"": 5, ""xgb_n_estimators"": 300, ""xgb_subsample"": 1.0}",0.3,6,500,3,0.05,0.8,0.05,5,300,1.0,0.9985081774986603,0.002927554657893819,0.00379361308762362,0.6651805646365161,0.5285661773467558,0.02931186905383636,0.03387474699171186,5.082087601799414,0.7360129519837546,0.02316172204047787,0.02816412704921539,4.277699512279279
5,CATBOOST_XGBOOST,"{""alpha"": 0.5, ""cat_depth"": 6, ""cat_iterations"": 500, ""cat_l2_leaf_reg"": 5, ""cat_learning_rate"": 0.05, ""xgb_colsample_bytree"": 0.8, ""xgb_learning_rate"": 0.05, ""xgb_max_depth"": 5, ""xgb_n_estimators"": 500, ""xgb_subsample"": 1.0}",0.5,6,500,5,0.05,0.8,0.05,5,500,1.0,0.9977439548606631,0.003658963726015829,0.004665179414974718,0.8356991152113474,0.5247518684219861,0.02938660819780623,0.0340115089748432,5.10436967111648,0.7430702269195542,0.02246604644992539,0.02778511519114089,4.12734301333348
6,CATBOOST_XGBOOST,"{""alpha"": 0.5, ""cat_depth"": 6, ""cat_iterations"": 500, ""cat_l2_leaf_reg"": 3, ""cat_learning_rate"": 0.05, ""xgb_colsample_bytree"": 0.8, ""xgb_learning_rate"": 0.05, ""xgb_max_depth"": 5, ""xgb_n_estimators"": 500, ""xgb_subsample"": 1.0}",0.5,6,500,3,0.05,0.8,0.05,5,500,1.0,0.9985646463202068,0.002938500349446419,0.003721122109568229,0.6710510508525627,0.5240057041241102,0.02945427855371644,0.03403819842249923,5.119377081793966,0.7364776638611898,0.02295117399398746,0.02813932664799395,4.221071925952204
7,CATBOOST_XGBOOST,"{""alpha"": 0.5, ""cat_depth"": 6, ""cat_iterations"": 500, ""cat_l2_leaf_reg"": 5, ""cat_learning_rate"": 0.05, ""xgb_colsample_bytree"": 0.8, ""xgb_learning_rate"": 0.05, ""xgb_max_depth"": 5, ""xgb_n_estimators"": 300, ""xgb_subsample"": 1.0}",0.5,6,500,5,0.05,0.8,0.05,5,300,1.0,0.9969431171080847,0.004233493833046324,0.005430425486562361,0.9652978812660584,0.5228676492873832,0.02941927466758017,0.03407886509649745,5.11036133621325,0.7409490248367374,0.02256174806941529,0.02789957583920127,4.14728726639855
8,CATBOOST_XGBOOST,"{""alpha"": 0.5, ""cat_depth"": 6, ""cat_iterations"": 500, ""cat_l2_leaf_reg"": 3, ""cat_learning_rate"": 0.05, ""xgb_colsample_bytree"": 0.8, ""xgb_learning_rate"": 0.05, ""xgb_max_depth"": 5, ""xgb_n_estimators"": 300, ""xgb_subsample"": 1.0}",0.5,6,500,3,0.05,0.8,0.05,5,300,1.0,0.9979031104247437,0.00351371179065717,0.004497614604790791,0.8007969947025798,0.522108685061728,0.02948694502349038,0.03410595858744473,5.125368746890737,0.7344439535534927,0.02306936183297254,0.02824769934223464,4.246351684123557
9,CATBOOST_XGBOOST,"{""alpha"": 0.3, ""cat_depth"": 6, ""cat_iterations"": 300, ""cat_l2_leaf_reg"": 5, ""cat_learning_rate"": 0.05, ""xgb_colsample_bytree"": 0.8, ""xgb_learning_rate"": 0.05, ""xgb_max_depth"": 5, ""xgb_n_estimators"": 500, ""xgb_subsample"": 1.0}",0.3,6,300,5,0.05,0.8,0.05,5,500,1.0,0.9979329951979067,0.003505493260355103,0.004465449692737472,0.8056841146299398,0.5207621214622911,0.02957730330740625,0.03415397529635773,5.124664377011434,0.7391223976394414,0.02299714432514178,0.02799776617211473,4.240933330330225
10,CATBOOST_XGBOOST,"{""alpha"": 0.3, ""cat_depth"": 6, ""cat_iterations"": 300, ""cat_l2_leaf_reg"": 3, ""cat_learning_rate"": 0.05, ""xgb_colsample_bytree"": 0.8, ""xgb_learning_rate"": 0.05, ""xgb_max_depth"": 5, ""xgb_n_estimators"": 500, ""xgb_subsample"": 1.0}",0.3,6,300,3,0.05,0.8,0.05,5,500,1.0,0.9983837641610721,0.003129396267677351,0.003948633489563582,0.7160167857076887,0.5192454680930861,0.02973134819650302,0.03420797647806095,5.153039325246049,0.7363542764567061,0.02317236387881328,0.02814591362692393,4.273418141341594
11,CATBOOST_XGBOOST,"{""alpha"": 0.3, ""cat_depth"": 6, ""cat_iterations"": 300, ""cat_l2_leaf_reg"": 5, ""cat_learning_rate"": 0.05, ""xgb_colsample_bytree"": 0.8, ""xgb_learning_rate"": 0.05, ""xgb_max_depth"": 5, ""xgb_n_estimators"": 300, ""xgb_subsample"": 1.0}",0.3,6,300,5,0.05,0.8,0.05,5,300,1.0,0.9968000472617602,0.004326726938165357,0.005556051213577835,0.989889533428682,0.518058138695743,0.02962164051083199,0.03425019250172182,5.132571650833059,0.7357676871781067,0.0231483683589487,0.02817720736035429,4.273767966469793
12,CATBOOST_XGBOOST,"{""alpha"": 0.3, ""cat_depth"": 6, ""cat_iterations"": 500, ""cat_l2_leaf_reg"": 5, ""cat_learning_rate"": 0.05, ""xgb_colsample_bytree"": 1.0, ""xgb_learning_rate"": 0.05, ""xgb_max_depth"": 5, ""xgb_n_estimators"": 500, ""xgb_subsample"": 1.0}",0.3,6,500,5,0.05,1.0,0.05,5,500,1.0,0.9989136154860501,0.002516804235351004,0.003237324554788542,0.5737153956273718,0.5166253804113394,0.02965783382975476,0.03430106568119416,5.143268742316255,0.74413431627202,0.02257826531699244,0.02772751867246484,4.180239418275849
13,CATBOOST_XGBOOST,"{""alpha"": 0.3, ""cat_depth"": 6, ""cat_iterations"": 500, ""cat_l2_leaf_reg"": 5, ""cat_learning_rate"": 0.05, ""xgb_colsample_bytree"": 1.0, ""xgb_learning_rate"": 0.03, ""xgb_max_depth"": 5, ""xgb_n_estimators"": 500, ""xgb_subsample"": 1.0}",0.3,6,500,5,0.05,1.0,0.03,5,500,1.0,0.9980167933967333,0.003362286469959739,0.004373996569783691,0.771192862305661,0.5165523520673843,0.02935201685450126,0.03430365668961303,5.091591501596211,0.7404076152285223,0.02275569488537544,0.02792871530555274,4.215653826505116
14,CATBOOST_XGBOOST,"{""alpha"": 0.3, ""cat_depth"": 6, ""cat_iterations"": 300, ""cat_l2_leaf_reg"": 3, ""cat_learning_rate"": 0.05, ""xgb_colsample_bytree"": 0.8, ""xgb_learning_rate"": 0.05, ""xgb_max_depth"": 5, ""xgb_n_estimators"": 300, ""xgb_subsample"": 1.0}",0.3,6,300,3,0.05,0.8,0.05,5,300,1.0,0.9973504395785953,0.003960386829641162,0.005055700892223021,0.902843671208272,0.5164769604656053,0.02977568539992877,0.03430633133992585,5.160946599067676,0.7330778662744704,0.0233235879126202,0.02832026278567582,4.306252777481162
15,CATBOOST_XGBOOST,"{""alpha"": 0.3, ""cat_depth"": 6, ""cat_iterations"": 500, ""cat_l2_leaf_reg"": 3, ""cat_learning_rate"": 0.05, ""xgb_colsample_bytree"": 1.0, ""xgb_learning_rate"": 0.05, ""xgb_max_depth"": 5, ""xgb_n_estimators"": 500, ""xgb_subsample"": 1.0}",0.3,6,500,3,0.05,1.0,0.05,5,500,1.0,0.9992516549202073,0.002091314867731103,0.002686862314500028,0.4762918452877995,0.5156481629200926,0.02966681147630691,0.03433572066287571,5.145566430709398,0.7385354885038808,0.02289986585656395,0.02802924245241666,4.242700153267518
16,CATBOOST_XGBOOST,"{""alpha"": 0.3, ""cat_depth"": 6, ""cat_iterations"": 500, ""cat_l2_leaf_reg"": 3, ""cat_learning_rate"": 0.05, ""xgb_colsample_bytree"": 1.0, ""xgb_learning_rate"": 0.03, ""xgb_max_depth"": 5, ""xgb_n_estimators"": 500, ""xgb_subsample"": 1.0}",0.3,6,500,3,0.05,1.0,0.03,5,500,1.0,0.9984764169464883,0.002932169829424945,0.003833782979442156,0.6730618286287672,0.5156094191131968,0.02936257385991807,0.03433709391040701,5.094196797576844,0.734968952005579,0.02307251811872684,0.02821976298844515,4.277193807166492
17,CATBOOST_XGBOOST,"{""alpha"": 0.5, ""cat_depth"": 6, ""cat_iterations"": 500, ""cat_l2_leaf_reg"": 5, ""cat_learning_rate"": 0.05, ""xgb_colsample_bytree"": 1.0, ""xgb_learning_rate"": 0.05, ""xgb_max_depth"": 5, ""xgb_n_estimators"": 500, ""xgb_subsample"": 1.0}",0.5,6,500,5,0.05,1.0,0.05,5,500,1.0,0.9977240147981822,0.003675897889370419,0.004685750662113883,0.8391748815900345,0.5152513696452834,0.02961279797073514,0.03434978212896864,5.142286391808568,0.7468595563538427,0.02230589534909281,0.02757945967448286,4.110344057384451
18,CATBOOST_XGBOOST,"{""alpha"": 0.5, ""cat_depth"": 6, ""cat_iterations"": 500, ""cat_l2_leaf_reg"": 5, ""cat_learning_rate"": 0.05, ""xgb_colsample_bytree"": 1.0, ""xgb_learning_rate"": 0.03, ""xgb_max_depth"": 5, ""xgb_n_estimators"": 500, ""xgb_subsample"": 1.0}",0.5,6,500,5,0.05,1.0,0.03,5,500,1.0,0.9969063667908781,0.00426190915739204,0.005462970669024594,0.9762643584313492,0.5145543935042747,0.02938408533507959,0.03437446747889448,5.103964121018296,0.7436425219222134,0.02240897325039978,0.02775415313673383,4.131482146819968
19,CATBOOST_XGBOOST,"{""alpha"": 0.5, ""cat_depth"": 6, ""cat_iterations"": 500, ""cat_l2_leaf_reg"": 3, ""cat_learning_rate"": 0.05, ""xgb_colsample_bytree"": 1.0, ""xgb_learning_rate"": 0.05, ""xgb_max_depth"": 5, ""xgb_n_estimators"": 500, ""xgb_subsample"": 1.0}",0.5,6,500,3,0.05,1.0,0.05,5,500,1.0,0.9985489391878679,0.002953678766192659,0.003741426905200077,0.6742920736038707,0.5145330288984552,0.02968046832664536,0.03437522388585134,5.157293802486053,0.7394444478760301,0.02282746993437023,0.02798047938397196,4.211774579727188
20,CATBOOST_XGBOOST,"{""alpha"": 0.5, ""cat_depth"": 6, ""cat_iterations"": 500, ""cat_l2_leaf_reg"": 3, ""cat_learning_rate"": 0.05, ""xgb_colsample_bytree"": 1.0, ""xgb_learning_rate"": 0.03, ""xgb_max_depth"": 5, ""xgb_n_estimators"": 500, ""xgb_subsample"": 1.0}",0.5,6,500,3,0.05,1.0,0.03,5,500,1.0,0.9978760341127009,0.003528486028485073,0.004526559432217688,0.8085649058187132,0.5138768681131392,0.0294517556909898,0.03439844694610528,5.118971531695781,0.7364180863919554,0.0229305478356772,0.02814250735583887,4.232912669162705
21,CATBOOST_XGBOOST,"{""alpha"": 0.3, ""cat_depth"": 6, ""cat_iterations"": 500, ""cat_l2_leaf_reg"": 5, ""cat_learning_rate"": 0.05, ""xgb_colsample_bytree"": 1.0, ""xgb_learning_rate"": 0.05, ""xgb_max_depth"": 5, ""xgb_n_estimators"": 300, ""xgb_subsample"": 1.0}",0.3,6,500,5,0.05,1.0,0.05,5,300,1.0,0.9979717610046343,0.003418302978142909,0.004423377681813302,0.7836568338838165,0.5137968313334373,0.0296707199694091,0.03440127856162375,5.143688591262921,0.7434713445781436,0.02262193853749359,0.02776341771806295,4.188657961508734
22,CATBOOST_XGBOOST,"{""alpha"": 0.5, ""cat_depth"": 6, ""cat_iterations"": 500, ""cat_l2_leaf_reg"": 5, ""cat_learning_rate"": 0.05, ""xgb_colsample_bytree"": 1.0, ""xgb_learning_rate"": 0.05, ""xgb_max_depth"": 5, ""xgb_n_estimators"": 300, ""xgb_subsample"": 1.0}",0.5,6,500,5,0.05,1.0,0.05,5,300,1.0,0.9968671130483695,0.004294635026039142,0.005497520027527613,0.9835948138068629,0.5133892826658286,0.02960928105635209,0.03441569358331532,5.139887699855115,0.746246568201371,0.02234094416204106,0.02761283178132638,4.117034642051968
23,CATBOOST_XGBOOST,"{""alpha"": 0.3, ""cat_depth"": 6, ""cat_iterations"": 500, ""cat_l2_leaf_reg"": 3, ""cat_learning_rate"": 0.05, ""xgb_colsample_bytree"": 1.0, ""xgb_learning_rate"": 0.05, ""xgb_max_depth"": 5, ""xgb_n_estimators"": 300, ""xgb_subsample"": 1.0}",0.3,6,500,3,0.05,1.0,0.05,5,300,1.0,0.9984364450926566,0.003002705838214724,0.003883747857702493,0.6882053118485552,0.5128760867130303,0.02967969761596125,0.03443383677226694,5.145986279656067,0.7380158413403688,0.02293876177084499,0.02805708196012326,4.250197942170108
24,CATBOOST_XGBOOST,"{""alpha"": 0.5, ""cat_depth"": 6, ""cat_iterations"": 500, ""cat_l2_leaf_reg"": 3, ""cat_learning_rate"": 0.05, ""xgb_colsample_bytree"": 1.0, ""xgb_learning_rate"": 0.05, ""xgb_max_depth"": 5, ""xgb_n_estimators"": 300, ""xgb_subsample"": 1.0}",0.5,6,500,3,0.05,1.0,0.05,5,300,1.0,0.9978428050056574,0.003577498136561065,0.004561830664047218,0.8193579007274316,0.5127381686147539,0.0296769514122623,0.03443871100760585,5.1548951105326,0.7390020855867921,0.02286251874731848,0.02800422146073962,4.218465164394705
25,CATBOOST_XGBOOST,"{""alpha"": 0.3, ""cat_depth"": 6, ""cat_iterations"": 500, ""cat_l2_leaf_reg"": 5, ""cat_learning_rate"": 0.05, ""xgb_colsample_bytree"": 1.0, ""xgb_learning_rate"": 0.03, ""xgb_max_depth"": 5, ""xgb_n_estimators"": 300, ""xgb_subsample"": 1.0}",0.3,6,500,5,0.05,1.0,0.03,5,300,1.0,0.9961716779055334,0.004634151754910814,0.006077132328634153,1.066010433328813,0.5117058149942408,0.0295221203390857,0.03447517406943149,5.119747982472147,0.7380696364459445,0.02292908992430832,0.02805420123026831,4.248580390222983
26,CATBOOST_XGBOOST,"{""alpha"": 0.5, ""cat_depth"": 6, ""cat_iterations"": 500, ""cat_l2_leaf_reg"": 5, ""cat_learning_rate"": 0.05, ""xgb_colsample_bytree"": 1.0, ""xgb_learning_rate"": 0.03, ""xgb_max_depth"": 5, ""xgb_n_estimators"": 300, ""xgb_subsample"": 1.0}",0.5,6,500,5,0.05,1.0,0.03,5,300,1.0,0.9954292078931134,0.005144729527009294,0.006640338101379002,1.181028540281337,0.5109903440010792,0.02950653538684872,0.03450042212579607,5.124371693274556,0.741611047291733,0.02254921512840683,0.02786390339826393,4.157881427712955
27,CATBOOST_XGBOOST,"{""alpha"": 0.3, ""cat_depth"": 6, ""cat_iterations"": 500, ""cat_l2_leaf_reg"": 3, ""cat_learning_rate"": 0.05, ""xgb_colsample_bytree"": 1.0, ""xgb_learning_rate"": 0.03, ""xgb_max_depth"": 5, ""xgb_n_estimators"": 300, ""xgb_subsample"": 1.0}",0.3,6,500,3,0.05,1.0,0.03,5,300,1.0,0.9968248085904063,0.004199715937957121,0.005534513022811388,0.9667335741928323,0.5109428655681255,0.02953267734450251,0.03450209692526191,5.12235327845278,0.7329137094651389,0.02324591315765972,0.02832896991190073,4.310120370884358
28,CATBOOST_XGBOOST,"{""alpha"": 0.3, ""cat_depth"": 6, ""cat_iterations"": 500, ""cat_l2_leaf_reg"": 3, ""cat_learning_rate"": 0.03, ""xgb_colsample_bytree"": 0.8, ""xgb_learning_rate"": 0.05, ""xgb_max_depth"": 5, ""xgb_n_estimators"": 500, ""xgb_subsample"": 1.0}",0.3,6,500,3,0.03,0.8,0.05,5,500,1.0,0.9984598724625576,0.002994201901650166,0.003854542169229579,0.6861691588221546,0.5107973707233783,0.02997206396358966,0.03450722874277715,5.189864438475589,0.7365923470194191,0.02313587157238035,0.02813320295829467,4.272991425254047
29,CATBOOST_XGBOOST,"{""alpha"": 0.7, ""cat_depth"": 6, ""cat_iterations"": 500, ""cat_l2_leaf_reg"": 3, ""cat_learning_rate"": 0.05, ""xgb_colsample_bytree"": 0.8, ""xgb_learning_rate"": 0.05, ""xgb_max_depth"": 5, ""xgb_n_estimators"": 500, ""xgb_subsample"": 1.0}",0.7,6,500,3,0.05,0.8,0.05,5,500,1.0,0.9976052066061917,0.003818258117111642,0.004806494879102171,0.873017288215495,0.5107851435568436,0.02985427650764813,0.03450765997819052,5.20916312650801,0.7263073305862789,0.02306649707279433,0.02867718827794971,4.237245847360676
30,CATBOOST_XGBOOST,"{""alpha"": 0.7, ""cat_depth"": 6, ""cat_iterations"": 500, ""cat_l2_leaf_reg"": 5, ""cat_learning_rate"": 0.05, ""xgb_colsample_bytree"": 0.8, ""xgb_learning_rate"": 0.05, ""xgb_max_depth"": 5, ""xgb_n_estimators"": 500, ""xgb_subsample"": 1.0}",0.7,6,500,5,0.05,0.8,0.05,5,500,1.0,0.996087732695988,0.004837135404197752,0.006143398937643853,1.105674813557179,0.5105396965350154,0.02975953800937384,0.03451631541880879,5.18815275155953,0.7333147645278766,0.02243724036076926,0.02830769262157639,4.11787077055622
31,CATBOOST_XGBOOST,"{""alpha"": 0.5, ""cat_depth"": 6, ""cat_iterations"": 500, ""cat_l2_leaf_reg"": 3, ""cat_learning_rate"": 0.05, ""xgb_colsample_bytree"": 1.0, ""xgb_learning_rate"": 0.03, ""xgb_max_depth"": 5, ""xgb_n_estimators"": 300, ""xgb_subsample"": 1.0}",0.5,6,500,3,0.05,1.0,0.03,5,300,1.0,0.9966292409510216,0.004412406766224018,0.005702408334334756,1.013345917705745,0.5105270837800165,0.02957420574275893,0.03451676013620694,5.139379103952041,0.7347232009179783,0.02307078971368425,0.0282328434003599,4.259311950055691
32,CATBOOST_XGBOOST,"{""alpha"": 0.7, ""cat_depth"": 6, ""cat_iterations"": 500, ""cat_l2_leaf_reg"": 3, ""cat_learning_rate"": 0.05, ""xgb_colsample_bytree"": 0.8, ""xgb_learning_rate"": 0.05, ""xgb_max_depth"": 5, ""xgb_n_estimators"": 300, ""xgb_subsample"": 1.0}",0.7,6,500,3,0.05,0.8,0.05,5,300,1.0,0.9971368041534471,0.004154683978731507,0.005255571948263331,0.9488045346368882,0.5096546693558133,0.02987387586076162,0.03454750699919945,5.212758035325506,0.7251729675743639,0.02312195599020704,0.02873655542250817,4.248746844735467
33,CATBOOST_XGBOOST,"{""alpha"": 0.7, ""cat_depth"": 6, ""cat_iterations"": 500, ""cat_l2_leaf_reg"": 5, ""cat_learning_rate"": 0.05, ""xgb_colsample_bytree"": 0.8, ""xgb_learning_rate"": 0.05, ""xgb_max_depth"": 5, ""xgb_n_estimators"": 300, ""xgb_subsample"": 1.0}",0.7,6,500,5,0.05,0.8,0.05,5,300,1.0,0.9955023165026712,0.005173804042536729,0.006587018810060973,1.181580150076246,0.509419974820252,0.02977913736248732,0.03455577376614598,5.191747660377026,0.732106907074288,0.02249269927818196,0.02837172509436122,4.129371767931011
34,CATBOOST_XGBOOST,"{""alpha"": 0.3, ""cat_depth"": 6, ""cat_iterations"": 500, ""cat_l2_leaf_reg"": 3, ""cat_learning_rate"": 0.03, ""xgb_colsample_bytree"": 0.8, ""xgb_learning_rate"": 0.05, ""xgb_max_depth"": 5, ""xgb_n_estimators"": 300, ""xgb_subsample"": 1.0}",0.3,6,500,3,0.03,0.8,0.05,5,300,1.0,0.9974382115475604,0.003840029890122258,0.004971255563937209,0.8758568550385003,0.5078157841524285,0.03001640116701541,0.03461222613245583,5.197771712297214,0.7332473316622403,0.02327270781403067,0.0283112712752237,4.303053029621903
35,CATBOOST_XGBOOST,"{""alpha"": 0.7, ""cat_depth"": 6, ""cat_iterations"": 500, ""cat_l2_leaf_reg"": 3, ""cat_learning_rate"": 0.05, ""xgb_colsample_bytree"": 1.0, ""xgb_learning_rate"": 0.05, ""xgb_max_depth"": 5, ""xgb_n_estimators"": 500, ""xgb_subsample"": 1.0}",0.7,6,500,3,0.05,1.0,0.05,5,500,1.0,0.9975931658367528,0.003828040701349461,0.00481856300429774,0.8750855581861804,0.5061001679022643,0.02998999027526896,0.03467249791591342,5.231913144748363,0.7300924715838142,0.02288993176897503,0.02847819661658528,4.208746817010326
36,CATBOOST_XGBOOST,"{""alpha"": 0.7, ""cat_depth"": 6, ""cat_iterations"": 500, ""cat_l2_leaf_reg"": 5, ""cat_learning_rate"": 0.05, ""xgb_colsample_bytree"": 1.0, ""xgb_learning_rate"": 0.05, ""xgb_max_depth"": 5, ""xgb_n_estimators"": 500, ""xgb_subsample"": 1.0}",0.7,6,500,5,0.05,1.0,0.05,5,500,1.0,0.9960721362610568,0.004847329757202093,0.006155632229922181,1.107750302063745,0.5058313506386474,0.02989525177699466,0.03468193231689359,5.210902769799882,0.737790842248498,0.0222488999781001,0.02806912746541414,4.087538398739153
37,CATBOOST_XGBOOST,"{""alpha"": 0.5, ""cat_depth"": 6, ""cat_iterations"": 300, ""cat_l2_leaf_reg"": 5, ""cat_learning_rate"": 0.05, ""xgb_colsample_bytree"": 0.8, ""xgb_learning_rate"": 0.05, ""xgb_max_depth"": 5, ""xgb_n_estimators"": 500, ""xgb_subsample"": 1.0}",0.5,6,300,5,0.05,0.8,0.05,5,500,1.0,0.9951960431917203,0.005383130710939597,0.006807599618208275,1.2396265264941,0.5053457095901808,0.02986933182057471,0.03469896985453087,5.182372612063858,0.7348958597445436,0.02289605038188374,0.02822365404970927,4.208617030655507
38,CATBOOST_XGBOOST,"{""alpha"": 0.7, ""cat_depth"": 6, ""cat_iterations"": 500, ""cat_l2_leaf_reg"": 3, ""cat_learning_rate"": 0.05, ""xgb_colsample_bytree"": 1.0, ""xgb_learning_rate"": 0.03, ""xgb_max_depth"": 5, ""xgb_n_estimators"": 500, ""xgb_subsample"": 1.0}",0.7,6,500,3,0.05,1.0,0.03,5,500,1.0,0.9971179249439184,0.004168997560815747,0.005272870454293859,0.9546234624960244,0.5053293299406704,0.02985276331876303,0.03469954434895116,5.208919882365879,0.727989357733746,0.02295936300853383,0.02858893208104172,4.223229298975663
39,CATBOOST_XGBOOST,"{""alpha"": 0.7, ""cat_depth"": 6, ""cat_iterations"": 500, ""cat_l2_leaf_reg"": 3, ""cat_learning_rate"": 0.05, ""xgb_colsample_bytree"": 1.0, ""xgb_learning_rate"": 0.05, ""xgb_max_depth"": 5, ""xgb_n_estimators"": 300, ""xgb_subsample"": 1.0}",0.7,6,500,3,0.05,1.0,0.05,5,300,1.0,0.9970951806985775,0.004193598891666059,0.005293635316489883,0.9599924853790542,0.5051343476688196,0.02998788079959479,0.03470638236242031,5.230474038109694,0.7297843258397422,0.02291525300775941,0.02849444835268974,4.213779501318373
40,CATBOOST_XGBOOST,"{""alpha"": 0.7, ""cat_depth"": 6, ""cat_iterations"": 500, ""cat_l2_leaf_reg"": 5, ""cat_learning_rate"": 0.05, ""xgb_colsample_bytree"": 1.0, ""xgb_learning_rate"": 0.03, ""xgb_max_depth"": 5, ""xgb_n_estimators"": 500, ""xgb_subsample"": 1.0}",0.7,6,500,5,0.05,1.0,0.03,5,500,1.0,0.995475311268636,0.005193750454596541,0.006606764282160997,1.188785239722934,0.5050262281301529,0.02975802482048873,0.03471017352583397,5.187909507417398,0.7355275640599879,0.02234255473756867,0.02819000757837809,4.106632363552869
41,CATBOOST_XGBOOST,"{""alpha"": 0.7, ""cat_depth"": 6, ""cat_iterations"": 500, ""cat_l2_leaf_reg"": 5, ""cat_learning_rate"": 0.05, ""xgb_colsample_bytree"": 1.0, ""xgb_learning_rate"": 0.05, ""xgb_max_depth"": 5, ""xgb_n_estimators"": 300, ""xgb_subsample"": 1.0}",0.7,6,500,5,0.05,1.0,0.05,5,300,1.0,0.9954475063395188,0.005209990002366317,0.006627032997858958,1.192076120312955,0.5048090568643913,0.02989314230132049,0.03471778728851514,5.209463663161214,0.7373393713441092,0.02227744148127289,0.02809328174045861,4.093188797029901
42,CATBOOST_XGBOOST,"{""alpha"": 0.3, ""cat_depth"": 6, ""cat_iterations"": 300, ""cat_l2_leaf_reg"": 3, ""cat_learning_rate"": 0.03, ""xgb_colsample_bytree"": 0.8, ""xgb_learning_rate"": 0.05, ""xgb_max_depth"": 5, ""xgb_n_estimators"": 500, ""xgb_subsample"": 1.0}",0.3,6,300,3,0.03,0.8,0.05,5,500,1.0,0.9968018522085765,0.004387943192462075,0.005554484035512174,1.012685922708483,0.5047711941686911,0.03023466806342819,0.03471911453804137,5.234572083338271,0.7360345243422861,0.02322179561159814,0.02816297627484272,4.290814971749554
43,CATBOOST_XGBOOST,"{""alpha"": 0.3, ""cat_depth"": 6, ""cat_iterations"": 300, ""cat_l2_leaf_reg"": 5, ""cat_learning_rate"": 0.05, ""xgb_colsample_bytree"": 1.0, ""xgb_learning_rate"": 0.05, ""xgb_max_depth"": 5, ""xgb_n_estimators"": 500, ""xgb_subsample"": 1.0}",0.3,6,300,5,0.05,1.0,0.05,5,500,1.0,0.9979055737931236,0.003526130525465612,0.00449497199128474,0.8095547652392217,0.5043277197625429,0.02995389999385319,0.0347346564381431,5.191632583065318,0.7389472841726189,0.02284187409624718,0.02800716131256282,4.230895297309909
44,CATBOOST_XGBOOST,"{""alpha"": 0.5, ""cat_depth"": 6, ""cat_iterations"": 300, ""cat_l2_leaf_reg"": 3, ""cat_learning_rate"": 0.05, ""xgb_colsample_bytree"": 0.8, ""xgb_learning_rate"": 0.05, ""xgb_max_depth"": 5, ""xgb_n_estimators"": 500, ""xgb_subsample"": 1.0}",0.5,6,300,3,0.05,0.8,0.05,5,500,1.0,0.9963631944204686,0.004723577156465212,0.0059231741341048,1.08278720530283,0.5041600550559866,0.03009796957433959,0.03474053056487056,5.223583015553937,0.7315148630659081,0.02319502800775796,0.0284030585628524,4.264005567241688
45,CATBOOST_XGBOOST,"{""alpha"": 0.3, ""cat_depth"": 6, ""cat_iterations"": 300, ""cat_l2_leaf_reg"": 5, ""cat_learning_rate"": 0.05, ""xgb_colsample_bytree"": 1.0, ""xgb_learning_rate"": 0.03, ""xgb_max_depth"": 5, ""xgb_n_estimators"": 500, ""xgb_subsample"": 1.0}",0.3,6,300,5,0.05,1.0,0.03,5,500,1.0,0.9967441109370972,0.004352101542005522,0.005604401719586488,1.002912126920765,0.5040972079198582,0.0296723453169137,0.03474273215602532,5.144680846610488,0.7352915037321015,0.02302208084714398,0.02820258555868532,4.266849627912467
46,CATBOOST_XGBOOST,"{""alpha"": 0.5, ""cat_depth"": 6, ""cat_iterations"": 300, ""cat_l2_leaf_reg"": 5, ""cat_learning_rate"": 0.05, ""xgb_colsample_bytree"": 0.8, ""xgb_learning_rate"": 0.05, ""xgb_max_depth"": 5, ""xgb_n_estimators"": 300, ""xgb_subsample"": 1.0}",0.5,6,300,5,0.05,0.8,0.05,5,300,1.0,0.9940897630918734,0.005943300569775408,0.007550868431258673,1.365469763531229,0.503412797265838,0.02990961999395799,0.03476669864480565,5.189848736400559,0.7324964599132551,0.02302702173596053,0.02835108942447464,4.236358693734819
47,CATBOOST_XGBOOST,"{""alpha"": 0.7, ""cat_depth"": 6, ""cat_iterations"": 500, ""cat_l2_leaf_reg"": 3, ""cat_learning_rate"": 0.05, ""xgb_colsample_bytree"": 1.0, ""xgb_learning_rate"": 0.03, ""xgb_max_depth"": 5, ""xgb_n_estimators"": 300, ""xgb_subsample"": 1.0}",0.7,6,500,3,0.05,1.0,0.03,5,300,1.0,0.9963296054961516,0.00467765297505855,0.005950463987567462,1.072772769006705,0.5033096479589221,0.02992623181164013,0.0347703092640911,5.221164168261174,0.7268363196814499,0.02304430892053606,0.02864946145382156,4.239258820657088
48,CATBOOST_XGBOOST,"{""alpha"": 0.3, ""cat_depth"": 6, ""cat_iterations"": 300, ""cat_l2_leaf_reg"": 3, ""cat_learning_rate"": 0.05, ""xgb_colsample_bytree"": 1.0, ""xgb_learning_rate"": 0.03, ""xgb_max_depth"": 5, ""xgb_n_estimators"": 500, ""xgb_subsample"": 1.0}",0.3,6,300,3,0.05,1.0,0.03,5,500,1.0,0.9973096476123715,0.003977535469444068,0.005094470390862175,0.9136938101534496,0.5031043001134707,0.02982639020601048,0.03477749610619373,5.173055794845105,0.7324602734601833,0.02318584870408835,0.02835300695175965,4.297276894207978
49,CATBOOST_XGBOOST,"{""alpha"": 0.7, ""cat_depth"": 6, ""cat_iterations"": 500, ""cat_l2_leaf_reg"": 5, ""cat_learning_rate"": 0.05, ""xgb_colsample_bytree"": 1.0, ""xgb_learning_rate"": 0.03, ""xgb_max_depth"": 5, ""xgb_n_estimators"": 300, ""xgb_subsample"": 1.0}",0.7,6,500,5,0.05,1.0,0.03,5,300,1.0,0.9944934845060618,0.005712041850635467,0.007288411605700011,1.309110455264456,0.5028265613921412,0.02983149331336583,0.03478721414958979,5.200153793312694,0.7340917911488669,0.02243098398112788,0.02826642322750606,4.1232986919022
50,CATBOOST_XGBOOST,"{""alpha"": 0.3, ""cat_depth"": 6, ""cat_iterations"": 300, ""cat_l2_leaf_reg"": 3, ""cat_learning_rate"": 0.05, ""xgb_colsample_bytree"": 1.0, ""xgb_learning_rate"": 0.05, ""xgb_max_depth"": 5, ""xgb_n_estimators"": 500, ""xgb_subsample"": 1.0}",0.3,6,300,3,0.05,1.0,0.05,5,500,1.0,0.9983587941062293,0.003148092362159067,0.003979018809853209,0.7199990619895451,0.5027151392799173,0.03012378358002448,0.03479111203253661,5.223092392825101,0.7357216177735693,0.02300841913570534,0.02817966362804886,4.261862485978708
51,CATBOOST_XGBOOST,"{""alpha"": 0.5, ""cat_depth"": 6, ""cat_iterations"": 300, ""cat_l2_leaf_reg"": 3, ""cat_learning_rate"": 0.05, ""xgb_colsample_bytree"": 0.8, ""xgb_learning_rate"": 0.05, ""xgb_max_depth"": 5, ""xgb_n_estimators"": 300, ""xgb_subsample"": 1.0}",0.5,6,300,3,0.05,0.8,0.05,5,300,1.0,0.9953755137319857,0.005306811938024599,0.006679227025865566,1.213877409023854,0.5021503271293506,0.03013094421920803,0.03481086415835231,5.229634703106316,0.7292086771902124,0.0233137480095369,0.02852478349926539,4.289382914274051
52,CATBOOST_XGBOOST,"{""alpha"": 0.3, ""cat_depth"": 6, ""cat_iterations"": 300, ""cat_l2_leaf_reg"": 3, ""cat_learning_rate"": 0.03, ""xgb_colsample_bytree"": 0.8, ""xgb_learning_rate"": 0.05, ""xgb_max_depth"": 5, ""xgb_n_estimators"": 300, ""xgb_subsample"": 1.0}",0.3,6,300,3,0.03,0.8,0.05,5,300,1.0,0.9954717300972354,0.005200228042351694,0.006609378304582894,1.194298354945806,0.50177427749045,0.03027900526685393,0.03482400883088263,5.242479357159895,0.7324823834258213,0.023371974072693,0.02835183535573205,4.323448089385198
53,CATBOOST_XGBOOST,"{""alpha"": 0.3, ""cat_depth"": 6, ""cat_iterations"": 300, ""cat_l2_leaf_reg"": 5, ""cat_learning_rate"": 0.05, ""xgb_colsample_bytree"": 1.0, ""xgb_learning_rate"": 0.05, ""xgb_max_depth"": 5, ""xgb_n_estimators"": 300, ""xgb_subsample"": 1.0}",0.3,6,300,5,0.05,1.0,0.05,5,300,1.0,0.9966880277571049,0.004398013836016551,0.00565246396569707,1.012617489319434,0.5014075548577626,0.02996678613350753,0.03483682270468094,5.192052432011985,0.738173372444956,0.02288905932356685,0.02804864532839872,4.239990198083054
54,CATBOOST_XGBOOST,"{""alpha"": 0.3, ""cat_depth"": 6, ""cat_iterations"": 300, ""cat_l2_leaf_reg"": 3, ""cat_learning_rate"": 0.05, ""xgb_colsample_bytree"": 1.0, ""xgb_learning_rate"": 0.05, ""xgb_max_depth"": 5, ""xgb_n_estimators"": 300, ""xgb_subsample"": 1.0}",0.3,6,300,3,0.05,1.0,0.05,5,300,1.0,0.9972518652017999,0.004027201163461742,0.005148888342435482,0.9242616222976328,0.4997587834635401,0.03013666971967882,0.03489437527185892,5.223512241771769,0.7349984836831034,0.02305209235620649,0.02821819071952946,4.270281029211595
55,CATBOOST_XGBOOST,"{""alpha"": 0.3, ""cat_depth"": 6, ""cat_iterations"": 300, ""cat_l2_leaf_reg"": 5, ""cat_learning_rate"": 0.05, ""xgb_colsample_bytree"": 1.0, ""xgb_learning_rate"": 0.03, ""xgb_max_depth"": 5, ""xgb_n_estimators"": 300, ""xgb_subsample"": 1.0}",0.3,6,300,5,0.05,1.0,0.03,5,300,1.0,0.9944512124617368,0.005638512757376849,0.007316333712233008,1.301491072686985,0.4989865329327499,0.02984244880149814,0.0349212990907859,5.172837327486424,0.7326296496523503,0.02319879451887952,0.02834403055649627,4.300421379366455
56,CATBOOST_XGBOOST,"{""alpha"": 0.3, ""cat_depth"": 6, ""cat_iterations"": 300, ""cat_l2_leaf_reg"": 3, ""cat_learning_rate"": 0.05, ""xgb_colsample_bytree"": 1.0, ""xgb_learning_rate"": 0.03, ""xgb_max_depth"": 5, ""xgb_n_estimators"": 300, ""xgb_subsample"": 1.0}",0.3,6,300,3,0.05,1.0,0.03,5,300,1.0,0.9951949375637222,0.005267515557772078,0.006808382955780072,1.212996243862701,0.4980201014223599,0.02999649369059492,0.03495496363938516,5.201212275721041,0.7299640146707443,0.02335924374302123,0.02848497261518092,4.330203457925845
57,CATBOOST_XGBOOST,"{""alpha"": 0.3, ""cat_depth"": 6, ""cat_iterations"": 500, ""cat_l2_leaf_reg"": 5, ""cat_learning_rate"": 0.03, ""xgb_colsample_bytree"": 0.8, ""xgb_learning_rate"": 0.05, ""xgb_max_depth"": 5, ""xgb_n_estimators"": 500, ""xgb_subsample"": 1.0}",0.3,6,500,5,0.03,0.8,0.05,5,500,1.0,0.9980145451842012,0.003419483617876396,0.004376475103422482,0.7852404797305975,0.4975518228309694,0.03036988723584803,0.03497126393898931,5.258873149440007,0.7353721128584366,0.02318967730940375,0.02819829110098232,4.279753680405034
58,CATBOOST_XGBOOST,"{""alpha"": 0.3, ""cat_depth"": 6, ""cat_iterations"": 500, ""cat_l2_leaf_reg"": 3, ""cat_learning_rate"": 0.03, ""xgb_colsample_bytree"": 1.0, ""xgb_learning_rate"": 0.03, ""xgb_max_depth"": 5, ""xgb_n_estimators"": 500, ""xgb_subsample"": 1.0}",0.3,6,500,3,0.03,1.0,0.03,5,500,1.0,0.9973925147887439,0.003859329200208113,0.00501539780092951,0.8877107490107329,0.4952368155856032,0.03006710597309712,0.03505173561135862,5.209880908074644,0.732285280711996,0.02313557000617428,0.02836227802267225,4.293666199331144
59,CATBOOST_XGBOOST,"{""alpha"": 0.5, ""cat_depth"": 6, ""cat_iterations"": 300, ""cat_l2_leaf_reg"": 5, ""cat_learning_rate"": 0.05, ""xgb_colsample_bytree"": 1.0, ""xgb_learning_rate"": 0.05, ""xgb_max_depth"": 5, ""xgb_n_estimators"": 500, ""xgb_subsample"": 1.0}",0.5,6,300,5,0.05,1.0,0.05,5,500,1.0,0.9951666028030173,0.005398435060723755,0.006828427475853422,1.242446525520804,0.494869990943365,0.03007643729356095,0.03506446980591599,5.216572333664991,0.7382791687295607,0.02277587421576297,0.02804297794781973,4.200788377265601
60,CATBOOST_XGBOOST,"{""alpha"": 0.3, ""cat_depth"": 6, ""cat_iterations"": 500, ""cat_l2_leaf_reg"": 5, ""cat_learning_rate"": 0.03, ""xgb_colsample_bytree"": 0.8, ""xgb_learning_rate"": 0.05, ""xgb_max_depth"": 5, ""xgb_n_estimators"": 300, ""xgb_subsample"": 1.0}",0.3,6,500,5,0.03,0.8,0.05,5,300,1.0,0.9968977242548306,0.004251684167654059,0.005470596167734667,0.9721195001440341,0.494619382037861,0.03041422443927377,0.03507316695178601,5.266780423261633,0.7319242562680057,0.02332651355105407,0.02838139543600788,4.309815284772888
61,CATBOOST_XGBOOST,"{""alpha"": 0.3, ""cat_depth"": 6, ""cat_iterations"": 500, ""cat_l2_leaf_reg"": 3, ""cat_learning_rate"": 0.03, ""xgb_colsample_bytree"": 1.0, ""xgb_learning_rate"": 0.05, ""xgb_max_depth"": 5, ""xgb_n_estimators"": 500, ""xgb_subsample"": 1.0}",0.3,6,500,3,0.03,1.0,0.05,5,500,1.0,0.9984374126328831,0.003016213531107207,0.003882546024698434,0.6909428220900509,0.4941939542538955,0.03034823752905429,0.03508792608613965,5.256750234364502,0.7352688113088841,0.02298536290663047,0.02820379438141123,4.263498514864215
62,CATBOOST_XGBOOST,"{""alpha"": 0.5, ""cat_depth"": 6, ""cat_iterations"": 300, ""cat_l2_leaf_reg"": 5, ""cat_learning_rate"": 0.05, ""xgb_colsample_bytree"": 1.0, ""xgb_learning_rate"": 0.03, ""xgb_max_depth"": 5, ""xgb_n_estimators"": 500, ""xgb_subsample"": 1.0}",0.5,6,300,5,0.05,1.0,0.03,5,500,1.0,0.9940339062246234,0.005971853176757837,0.007586465652268727,1.376812032565715,0.493985532913225,0.02987974604986004,0.03509515446889692,5.184486785476233,0.7351465633998808,0.0228618607505791,0.02821030562203855,4.21863405704242
63,CATBOOST_XGBOOST,"{""alpha"": 0.3, ""cat_depth"": 6, ""cat_iterations"": 300, ""cat_l2_leaf_reg"": 5, ""cat_learning_rate"": 0.03, ""xgb_colsample_bytree"": 0.8, ""xgb_learning_rate"": 0.05, ""xgb_max_depth"": 5, ""xgb_n_estimators"": 500, ""xgb_subsample"": 1.0}",0.3,6,300,5,0.03,0.8,0.05,5,500,1.0,0.996313182617191,0.004724113196025385,0.005963761560808833,1.091725451492322,0.4937194859280354,0.03056169639058669,0.0351043792378499,5.290899334638996,0.735947920096556,0.02320898640168858,0.02816759588142073,4.285756957960994
64,CATBOOST_XGBOOST,"{""alpha"": 0.5, ""cat_depth"": 6, ""cat_iterations"": 300, ""cat_l2_leaf_reg"": 3, ""cat_learning_rate"": 0.05, ""xgb_colsample_bytree"": 1.0, ""xgb_learning_rate"": 0.05, ""xgb_max_depth"": 5, ""xgb_n_estimators"": 500, ""xgb_subsample"": 1.0}",0.5,6,300,3,0.05,1.0,0.05,5,500,1.0,0.9963366724527712,0.004737373739663995,0.005944732732814826,1.085676845010345,0.4935701381099746,0.03032415934726851,0.03510955658095703,5.261499736246025,0.7343534743482358,0.02305191030425892,0.02825251115457159,4.251703785956589
65,CATBOOST_XGBOOST,"{""alpha"": 0.5, ""cat_depth"": 6, ""cat_iterations"": 300, ""cat_l2_leaf_reg"": 3, ""cat_learning_rate"": 0.05, ""xgb_colsample_bytree"": 1.0, ""xgb_learning_rate"": 0.03, ""xgb_max_depth"": 5, ""xgb_n_estimators"": 500, ""xgb_subsample"": 1.0}",0.5,6,300,3,0.05,1.0,0.03,5,500,1.0,0.9953376857458144,0.005320968980060631,0.006706489202301815,1.221882456098649,0.4934233871620072,0.03010107027511008,0.03511464315650857,5.224272752181992,0.7316904366467988,0.02314261628248181,0.02839377007430322,4.270459236662223
66,CATBOOST_XGBOOST,"{""alpha"": 0.5, ""cat_depth"": 6, ""cat_iterations"": 300, ""cat_l2_leaf_reg"": 5, ""cat_learning_rate"": 0.05, ""xgb_colsample_bytree"": 1.0, ""xgb_learning_rate"": 0.05, ""xgb_max_depth"": 5, ""xgb_n_estimators"": 300, ""xgb_subsample"": 1.0}",0.5,6,300,5,0.05,1.0,0.05,5,300,1.0,0.9939814967883661,0.005999144079343704,0.007619714627897963,1.381570932530696,0.4928988377517436,0.03007292037917789,0.0351328186892351,5.214173641711536,0.7375341090509866,0.02282615169499625,0.02808286557018708,4.210411764687275
67,CATBOOST_XGBOOST,"{""alpha"": 0.5, ""cat_depth"": 6, ""cat_iterations"": 500, ""cat_l2_leaf_reg"": 5, ""cat_learning_rate"": 0.05, ""xgb_colsample_bytree"": 1.0, ""xgb_learning_rate"": 0.03, ""xgb_max_depth"": 5, ""xgb_n_estimators"": 500, ""xgb_subsample"": 0.8}",0.5,6,500,5,0.05,1.0,0.03,5,500,0.8,0.9971638675224404,0.00409725290124974,0.005230674736956323,0.9366549339439303,0.4922355842363318,0.03017664541256224,0.03515578683925324,5.24681133176184,0.7341103397453275,0.02283251920957506,0.02826543733913564,4.197753819530769
68,CATBOOST_XGBOOST,"{""alpha"": 0.5, ""cat_depth"": 6, ""cat_iterations"": 500, ""cat_l2_leaf_reg"": 3, ""cat_learning_rate"": 0.05, ""xgb_colsample_bytree"": 1.0, ""xgb_learning_rate"": 0.03, ""xgb_max_depth"": 5, ""xgb_n_estimators"": 500, ""xgb_subsample"": 0.8}",0.5,6,500,3,0.05,1.0,0.03,5,500,0.8,0.9980873464093031,0.003383811152995605,0.004295489069854347,0.7737213404400266,0.4917572359093101,0.03024431576847245,0.03517234250221724,5.261818742439326,0.7270637179043375,0.02335409379485247,0.02863753418549686,4.299184341873506
69,CATBOOST_XGBOOST,"{""alpha"": 0.5, ""cat_depth"": 6, ""cat_iterations"": 300, ""cat_l2_leaf_reg"": 3, ""cat_learning_rate"": 0.05, ""xgb_colsample_bytree"": 1.0, ""xgb_learning_rate"": 0.05, ""xgb_max_depth"": 5, ""xgb_n_estimators"": 300, ""xgb_subsample"": 1.0}",0.5,6,300,3,0.05,1.0,0.05,5,300,1.0,0.995283253593806,0.005351700779993357,0.006745524466335424,1.228350522437515,0.491555899116725,0.03032064243288545,0.03517930845032904,5.259101044292573,0.7336688657107786,0.0231021877834922,0.02828889308623797,4.261327173378262
70,CATBOOST_XGBOOST,"{""alpha"": 0.3, ""cat_depth"": 6, ""cat_iterations"": 500, ""cat_l2_leaf_reg"": 3, ""cat_learning_rate"": 0.03, ""xgb_colsample_bytree"": 1.0, ""xgb_learning_rate"": 0.05, ""xgb_max_depth"": 5, ""xgb_n_estimators"": 300, ""xgb_subsample"": 1.0}",0.3,6,500,3,0.03,1.0,0.05,5,300,1.0,0.9973353073199006,0.003919943157606864,0.005070117481986816,0.9005317801155422,0.4910619896142583,0.0303535096560212,0.03519639113166839,5.255687122011948,0.7345512327275641,0.02302396204140381,0.02824199302145789,4.270939103954971
71,CATBOOST_XGBOOST,"{""alpha"": 0.7, ""cat_depth"": 6, ""cat_iterations"": 500, ""cat_l2_leaf_reg"": 3, ""cat_learning_rate"": 0.05, ""xgb_colsample_bytree"": 1.0, ""xgb_learning_rate"": 0.03, ""xgb_max_depth"": 5, ""xgb_n_estimators"": 500, ""xgb_subsample"": 0.8}",0.7,6,500,3,0.05,1.0,0.03,5,500,0.8,0.9972570375700129,0.004078458808054484,0.00514404060180297,0.9329358048530934,0.4909195556625817,0.03032829830775086,0.03520131590665896,5.294628032007508,0.7202268225143778,0.02328410436920827,0.02899399252543868,4.279501393599528
72,CATBOOST_XGBOOST,"{""alpha"": 0.3, ""cat_depth"": 6, ""cat_iterations"": 300, ""cat_l2_leaf_reg"": 5, ""cat_learning_rate"": 0.03, ""xgb_colsample_bytree"": 0.8, ""xgb_learning_rate"": 0.05, ""xgb_max_depth"": 5, ""xgb_n_estimators"": 300, ""xgb_subsample"": 1.0}",0.3,6,300,5,0.03,0.8,0.05,5,300,1.0,0.994927234470553,0.005524614506125936,0.006995469263733482,1.271272402536846,0.490736932393216,0.03060603359401244,0.03520762925363389,5.298806608460622,0.7322917196727221,0.0233602104354955,0.02836193694188878,4.318591594100565
73,CATBOOST_XGBOOST,"{""alpha"": 0.7, ""cat_depth"": 6, ""cat_iterations"": 500, ""cat_l2_leaf_reg"": 5, ""cat_learning_rate"": 0.05, ""xgb_colsample_bytree"": 1.0, ""xgb_learning_rate"": 0.03, ""xgb_max_depth"": 5, ""xgb_n_estimators"": 500, ""xgb_subsample"": 0.8}",0.7,6,500,5,0.05,1.0,0.03,5,500,0.8,0.9956532222050499,0.005092419839627161,0.006475572620482518,1.164357000601042,0.4904491432967827,0.03023355980947657,0.03521757592106945,5.273617657059028,0.7276156647058789,0.02264991059967621,0.02860856333100346,4.159565156980162
74,CATBOOST_XGBOOST,"{""alpha"": 0.5, ""cat_depth"": 6, ""cat_iterations"": 500, ""cat_l2_leaf_reg"": 5, ""cat_learning_rate"": 0.05, ""xgb_colsample_bytree"": 0.8, ""xgb_learning_rate"": 0.03, ""xgb_max_depth"": 5, ""xgb_n_estimators"": 500, ""xgb_subsample"": 1.0}",0.5,6,500,5,0.05,0.8,0.03,5,500,1.0,0.9968599551235406,0.004298494901717809,0.005503796727653103,0.9822559566495187,0.4902406766566296,0.03008406666113665,0.03522477926385503,5.222962757942001,0.7421914964380713,0.02234702879251211,0.02783258883907734,4.099809030901769
75,CATBOOST_XGBOOST,"{""alpha"": 0.5, ""cat_depth"": 6, ""cat_iterations"": 500, ""cat_l2_leaf_reg"": 5, ""cat_learning_rate"": 0.05, ""xgb_colsample_bytree"": 1.0, ""xgb_learning_rate"": 0.03, ""xgb_max_depth"": 5, ""xgb_n_estimators"": 300, ""xgb_subsample"": 0.8}",0.5,6,500,5,0.05,1.0,0.03,5,300,0.8,0.9955135370085445,0.005110479111790498,0.006578797262562767,1.169023966633979,0.4901983676662608,0.03017645001507755,0.03522624102615753,5.245019446285352,0.7337266848837833,0.02282017479923251,0.02828582223012152,4.196489322408389
76,CATBOOST_XGBOOST,"{""alpha"": 0.5, ""cat_depth"": 6, ""cat_iterations"": 500, ""cat_l2_leaf_reg"": 3, ""cat_learning_rate"": 0.05, ""xgb_colsample_bytree"": 1.0, ""xgb_learning_rate"": 0.03, ""xgb_max_depth"": 5, ""xgb_n_estimators"": 300, ""xgb_subsample"": 0.8}",0.5,6,500,3,0.05,1.0,0.03,5,300,0.8,0.9967038245242198,0.004385123567396998,0.005638967871062522,1.002868425292879,0.4901623470972891,0.03024412037098777,0.03522748547767699,5.260026856962837,0.7271173789772631,0.02334174938450992,0.02863471888307843,4.297919844751126
77,CATBOOST_XGBOOST,"{""alpha"": 0.5, ""cat_depth"": 6, ""cat_iterations"": 500, ""cat_l2_leaf_reg"": 3, ""cat_learning_rate"": 0.05, ""xgb_colsample_bytree"": 1.0, ""xgb_learning_rate"": 0.05, ""xgb_max_depth"": 5, ""xgb_n_estimators"": 500, ""xgb_subsample"": 0.8}",0.5,6,500,3,0.05,1.0,0.05,5,500,0.8,0.9986736246935269,0.002841681342462655,0.003577071920661905,0.6498154127093854,0.4901251834995362,0.03029756170322033,0.03522876937288956,5.28053066149414,0.7276206333802034,0.02329045603654742,0.0286083023995476,4.280962559218231
78,CATBOOST_XGBOOST,"{""alpha"": 0.5, ""cat_depth"": 6, ""cat_iterations"": 300, ""cat_l2_leaf_reg"": 5, ""cat_learning_rate"": 0.05, ""xgb_colsample_bytree"": 1.0, ""xgb_learning_rate"": 0.03, ""xgb_max_depth"": 5, ""xgb_n_estimators"": 300, ""xgb_subsample"": 1.0}",0.5,6,300,5,0.05,1.0,0.03,5,300,1.0,0.9920236721513032,0.006867303155646164,0.008771946139294457,1.584794809510425,0.4901070329975985,0.03000755763556325,0.03522939640342299,5.205938609647363,0.7327295236564153,0.02303261892489083,0.02833873622182672,4.250908891022328
79,CATBOOST_XGBOOST,"{""alpha"": 0.3, ""cat_depth"": 6, ""cat_iterations"": 500, ""cat_l2_leaf_reg"": 3, ""cat_learning_rate"": 0.03, ""xgb_colsample_bytree"": 1.0, ""xgb_learning_rate"": 0.03, ""xgb_max_depth"": 5, ""xgb_n_estimators"": 300, ""xgb_subsample"": 1.0}",0.3,6,500,3,0.03,1.0,0.03,5,300,1.0,0.9952920116105157,0.00515698281090059,0.006739259038855415,1.188711761188134,0.490009487826238,0.03023720945768156,0.03523276602547522,5.238037388950581,0.7298866195997742,0.02330896504510717,0.02848905436475239,4.32659276304901
80,CATBOOST_XGBOOST,"{""alpha"": 0.7, ""cat_depth"": 6, ""cat_iterations"": 500, ""cat_l2_leaf_reg"": 3, ""cat_learning_rate"": 0.05, ""xgb_colsample_bytree"": 1.0, ""xgb_learning_rate"": 0.03, ""xgb_max_depth"": 5, ""xgb_n_estimators"": 300, ""xgb_subsample"": 0.8}",0.7,6,500,3,0.05,1.0,0.03,5,300,0.8,0.9963552707136539,0.004663005658792977,0.005929623194673872,1.066704824089445,0.489976529033192,0.03032818174221572,0.03523390448850078,5.293553006624013,0.7201495138628844,0.02326540341191,0.02899799814824309,4.276098973644311
81,CATBOOST_XGBOOST,"{""alpha"": 0.5, ""cat_depth"": 6, ""cat_iterations"": 500, ""cat_l2_leaf_reg"": 3, ""cat_learning_rate"": 0.03, ""xgb_colsample_bytree"": 0.8, ""xgb_learning_rate"": 0.05, ""xgb_max_depth"": 5, ""xgb_n_estimators"": 500, ""xgb_subsample"": 1.0}",0.5,6,500,3,0.03,0.8,0.05,5,500,1.0,0.996563704291224,0.004513605404901523,0.005757576579965656,1.036370644865748,0.4898718959782237,0.03047834646119252,0.03523751848100613,5.280656495755511,0.733410889967294,0.02309624364956198,0.02830259047440935,4.255986860589453
82,CATBOOST_XGBOOST,"{""alpha"": 0.5, ""cat_depth"": 6, ""cat_iterations"": 500, ""cat_l2_leaf_reg"": 3, ""cat_learning_rate"": 0.05, ""xgb_colsample_bytree"": 0.8, ""xgb_learning_rate"": 0.03, ""xgb_max_depth"": 5, ""xgb_n_estimators"": 500, ""xgb_subsample"": 1.0}",0.5,6,500,3,0.05,0.8,0.03,5,500,1.0,0.9978363221309816,0.00356720715196726,0.004568680204970217,0.8151039289516219,0.4897703736808098,0.03015173701704687,0.03524102467467943,5.237970168619487,0.735741270496987,0.02285941594101182,0.02817861583627188,4.199229124658461
83,CATBOOST_XGBOOST,"{""alpha"": 0.5, ""cat_depth"": 6, ""cat_iterations"": 500, ""cat_l2_leaf_reg"": 5, ""cat_learning_rate"": 0.05, ""xgb_colsample_bytree"": 1.0, ""xgb_learning_rate"": 0.05, ""xgb_max_depth"": 5, ""xgb_n_estimators"": 500, ""xgb_subsample"": 0.8}",0.5,6,500,5,0.05,1.0,0.05,5,500,0.8,0.9978811742049716,0.00356351096666785,0.004521078876455684,0.8147760935075052,0.4897602351322111,0.03022989134731012,0.0352413748023945,5.265523250816654,0.7343297975043196,0.02284361036356371,0.02825377018739834,4.19658351777992
84,CATBOOST_XGBOOST,"{""alpha"": 0.7, ""cat_depth"": 6, ""cat_iterations"": 500, ""cat_l2_leaf_reg"": 3, ""cat_learning_rate"": 0.05, ""xgb_colsample_bytree"": 1.0, ""xgb_learning_rate"": 0.05, ""xgb_max_depth"": 5, ""xgb_n_estimators"": 500, ""xgb_subsample"": 0.8}",0.7,6,500,3,0.05,1.0,0.05,5,500,0.8,0.9976875451235665,0.003763047620777044,0.004723142967865877,0.8608231136531358,0.4895827829524028,0.03036024639735047,0.03524750242667607,5.305855279770907,0.7199157547963718,0.02338091992025327,0.02901010663183538,4.300095792369537
85,CATBOOST_XGBOOST,"{""alpha"": 0.5, ""cat_depth"": 6, ""cat_iterations"": 300, ""cat_l2_leaf_reg"": 3, ""cat_learning_rate"": 0.05, ""xgb_colsample_bytree"": 1.0, ""xgb_learning_rate"": 0.03, ""xgb_max_depth"": 5, ""xgb_n_estimators"": 300, ""xgb_subsample"": 1.0}",0.5,6,300,3,0.05,1.0,0.03,5,300,1.0,0.9935395806711681,0.006219088663832786,0.007894503327642933,1.430349268026379,0.4895764066212102,0.03022888186081329,0.03524772258877069,5.245724576353123,0.7294705319292463,0.02330762079967447,0.0285109884554521,4.301627414255973
86,CATBOOST_XGBOOST,"{""alpha"": 0.5, ""cat_depth"": 6, ""cat_iterations"": 500, ""cat_l2_leaf_reg"": 3, ""cat_learning_rate"": 0.05, ""xgb_colsample_bytree"": 1.0, ""xgb_learning_rate"": 0.03, ""xgb_max_depth"": 3, ""xgb_n_estimators"": 500, ""xgb_subsample"": 0.8}",0.5,6,500,3,0.05,1.0,0.03,3,500,0.8,0.9931175218196143,0.006449353296883088,0.008148297552926826,1.487013077743824,0.4895375456444989,0.03000750682126722,0.03524906435164549,5.251204989490071,0.7087925260976928,0.02361368943975718,0.02958054991648739,4.342147797614694
87,CATBOOST_XGBOOST,"{""alpha"": 0.7, ""cat_depth"": 6, ""cat_iterations"": 500, ""cat_l2_leaf_reg"": 3, ""cat_learning_rate"": 0.05, ""xgb_colsample_bytree"": 0.8, ""xgb_learning_rate"": 0.03, ""xgb_max_depth"": 5, ""xgb_n_estimators"": 500, ""xgb_subsample"": 1.0}",0.7,6,500,3,0.05,0.8,0.03,5,500,1.0,0.9970898364830092,0.004191524598223119,0.00529850262927764,0.9583897861033978,0.4895156483427517,0.03027275134530508,0.03524982038288187,5.28031892089493,0.7254628271857639,0.02303022335462678,0.02872139722615422,4.228789470734359
88,CATBOOST_XGBOOST,"{""alpha"": 0.5, ""cat_depth"": 6, ""cat_iterations"": 500, ""cat_l2_leaf_reg"": 5, ""cat_learning_rate"": 0.05, ""xgb_colsample_bytree"": 0.8, ""xgb_learning_rate"": 0.03, ""xgb_max_depth"": 5, ""xgb_n_estimators"": 300, ""xgb_subsample"": 1.0}",0.5,6,500,5,0.05,0.8,0.03,5,300,1.0,0.9955392717195989,0.005106773996628814,0.006559901873219919,1.170338780184188,0.4894245838389335,0.03023236301733782,0.03525296432279711,5.248527796696336,0.7435760643591034,0.02230822275718642,0.02775775036719818,4.09355827024791
89,CATBOOST_XGBOOST,"{""alpha"": 0.5, ""cat_depth"": 6, ""cat_iterations"": 500, ""cat_l2_leaf_reg"": 5, ""cat_learning_rate"": 0.05, ""xgb_colsample_bytree"": 1.0, ""xgb_learning_rate"": 0.03, ""xgb_max_depth"": 3, ""xgb_n_estimators"": 500, ""xgb_subsample"": 0.8}",0.5,6,500,5,0.05,1.0,0.03,3,500,0.8,0.9913986295158163,0.007201982253444811,0.009109159055367312,1.65976590576561,0.4893955944956231,0.02996531891399084,0.03525396510127897,5.240188131546381,0.7137871263124382,0.02315353907447587,0.0293257796516324,4.255266446438746
90,CATBOOST_XGBOOST,"{""alpha"": 0.7, ""cat_depth"": 6, ""cat_iterations"": 500, ""cat_l2_leaf_reg"": 3, ""cat_learning_rate"": 0.05, ""xgb_colsample_bytree"": 0.8, ""xgb_learning_rate"": 0.05, ""xgb_max_depth"": 5, ""xgb_n_estimators"": 300, ""xgb_subsample"": 0.8}",0.7,6,500,3,0.05,0.8,0.05,5,300,0.8,0.9971636968477228,0.00415454848448616,0.005230832122147226,0.9505031034117215,0.4892734032526213,0.03045599452962547,0.03525818311044963,5.327465072555594,0.7238507547803749,0.02308664514841002,0.02880559930497599,4.247023267610407
91,CATBOOST_XGBOOST,"{""alpha"": 0.5, ""cat_depth"": 6, ""cat_iterations"": 500, ""cat_l2_leaf_reg"": 3, ""cat_learning_rate"": 0.05, ""xgb_colsample_bytree"": 0.8, ""xgb_learning_rate"": 0.05, ""xgb_max_depth"": 5, ""xgb_n_estimators"": 300, ""xgb_subsample"": 0.8}",0.5,6,500,3,0.05,0.8,0.05,5,300,0.8,0.9979512035197442,0.003508981909479429,0.004445738030679586,0.802593433757614,0.4891980397423005,0.0304571420839062,0.03526078438718615,5.316547034801377,0.7338577112600839,0.02269354360270244,0.02827886200425628,4.171517910490897
92,CATBOOST_XGBOOST,"{""alpha"": 0.7, ""cat_depth"": 6, ""cat_iterations"": 500, ""cat_l2_leaf_reg"": 5, ""cat_learning_rate"": 0.05, ""xgb_colsample_bytree"": 1.0, ""xgb_learning_rate"": 0.03, ""xgb_max_depth"": 5, ""xgb_n_estimators"": 300, ""xgb_subsample"": 0.8}",0.7,6,500,5,0.05,1.0,0.03,5,300,0.8,0.994527336162236,0.005691808387626061,0.007265974080265451,1.30155969806549,0.4891345624393029,0.03023344324394142,0.03526297524600803,5.272542631675532,0.727171011096535,0.02263476765512492,0.028631904823102,4.156765755282707
93,CATBOOST_XGBOOST,"{""alpha"": 0.7, ""cat_depth"": 6, ""cat_iterations"": 500, ""cat_l2_leaf_reg"": 3, ""cat_learning_rate"": 0.05, ""xgb_colsample_bytree"": 0.8, ""xgb_learning_rate"": 0.03, ""xgb_max_depth"": 5, ""xgb_n_estimators"": 300, ""xgb_subsample"": 1.0}",0.7,6,500,3,0.05,0.8,0.03,5,300,1.0,0.9963797681575995,0.004649922743063087,0.00590966210697209,1.065265907794527,0.489042238307774,0.03036172954357188,0.03526616148278266,5.295658022795989,0.7264432932207155,0.02299944072435986,0.02867006439256007,4.223234330464905
94,CATBOOST_XGBOOST,"{""alpha"": 0.7, ""cat_depth"": 6, ""cat_iterations"": 500, ""cat_l2_leaf_reg"": 5, ""cat_learning_rate"": 0.05, ""xgb_colsample_bytree"": 0.8, ""xgb_learning_rate"": 0.03, ""xgb_max_depth"": 5, ""xgb_n_estimators"": 500, ""xgb_subsample"": 1.0}",0.7,6,500,5,0.05,0.8,0.03,5,500,1.0,0.9954415951034101,0.005214949483734314,0.006631334074527602,1.192178829539299,0.4890384760432801,0.03017801284703078,0.03526629131776404,5.259308545946451,0.7323506976448528,0.02242266225705449,0.02835881260508626,4.113551580435361
95,CATBOOST_XGBOOST,"{""alpha"": 0.5, ""cat_depth"": 6, ""cat_iterations"": 500, ""cat_l2_leaf_reg"": 3, ""cat_learning_rate"": 0.05, ""xgb_colsample_bytree"": 0.8, ""xgb_learning_rate"": 0.03, ""xgb_max_depth"": 5, ""xgb_n_estimators"": 300, ""xgb_subsample"": 1.0}",0.5,6,500,3,0.05,0.8,0.03,5,300,1.0,0.9967257277019173,0.004363133069842245,0.005620201093501401,1.000425842496767,0.4889548773477028,0.03030003337324804,0.03526917616841701,5.263535207373822,0.737354080496712,0.02281583652074367,0.02809249510913938,4.192622687972918
96,CATBOOST_XGBOOST,"{""alpha"": 0.7, ""cat_depth"": 6, ""cat_iterations"": 500, ""cat_l2_leaf_reg"": 3, ""cat_learning_rate"": 0.05, ""xgb_colsample_bytree"": 1.0, ""xgb_learning_rate"": 0.03, ""xgb_max_depth"": 3, ""xgb_n_estimators"": 500, ""xgb_subsample"": 0.8}",0.7,6,500,3,0.05,1.0,0.03,3,500,0.8,0.994332384456907,0.005859763155135319,0.007394258845690668,1.347301371253754,0.4889250053783454,0.03017042579241085,0.03527020694271429,5.285184918385909,0.7077340211858801,0.02364636767967397,0.02963426206106717,4.35297796226468
97,CATBOOST_XGBOOST,"{""alpha"": 0.5, ""cat_depth"": 6, ""cat_iterations"": 500, ""cat_l2_leaf_reg"": 3, ""cat_learning_rate"": 0.05, ""xgb_colsample_bytree"": 1.0, ""xgb_learning_rate"": 0.05, ""xgb_max_depth"": 5, ""xgb_n_estimators"": 300, ""xgb_subsample"": 0.8}",0.5,6,500,3,0.05,1.0,0.05,5,300,0.8,0.9980276594701549,0.003434888377597286,0.004361997454570407,0.7849231556975252,0.4888274863064109,0.0302779659552265,0.03527357176570974,5.275457871958077,0.726565793946165,0.02329577414881823,0.0286636443398355,4.279915871648933
98,CATBOOST_XGBOOST,"{""alpha"": 0.5, ""cat_depth"": 6, ""cat_iterations"": 500, ""cat_l2_leaf_reg"": 5, ""cat_learning_rate"": 0.05, ""xgb_colsample_bytree"": 0.8, ""xgb_learning_rate"": 0.05, ""xgb_max_depth"": 5, ""xgb_n_estimators"": 300, ""xgb_subsample"": 0.8}",0.5,6,500,5,0.05,0.8,0.05,5,300,0.8,0.9970029958155419,0.004223353876276532,0.005376976431611961,0.9660064082513922,0.4887668863386981,0.03038947172799599,0.03527566256079719,5.301539624123891,0.7392445726782839,0.02220634025727267,0.02799120940234543,4.07846120330128
99,CATBOOST_XGBOOST,"{""alpha"": 0.7, ""cat_depth"": 6, ""cat_iterations"": 500, ""cat_l2_leaf_reg"": 3, ""cat_learning_rate"": 0.05, ""xgb_colsample_bytree"": 1.0, ""xgb_learning_rate"": 0.05, ""xgb_max_depth"": 5, ""xgb_n_estimators"": 300, ""xgb_subsample"": 0.8}",0.7,6,500,3,0.05,1.0,0.05,5,300,0.8,0.9972172875233615,0.004111826960702722,0.005181179348801149,0.9401730855516174,0.4887102945769858,0.03034848962150983,0.03527761495452265,5.302811709817306,0.719221066330235,0.02338911790967757,0.02904606100273314,4.300403369717978
100,CATBOOST_XGBOOST,"{""alpha"": 0.3, ""cat_depth"": 4, ""cat_iterations"": 500, ""cat_l2_leaf_reg"": 3, ""cat_learning_rate"": 0.05, ""xgb_colsample_bytree"": 0.8, ""xgb_learning_rate"": 0.05, ""xgb_max_depth"": 5, ""xgb_n_estimators"": 500, ""xgb_subsample"": 1.0}",0.3,4,500,3,0.05,0.8,0.05,5,500,1.0,0.99840661590877,0.003137194548351624,0.003920619508632406,0.717769970873888,0.4886340176385022,0.03034807087767525,0.03528024630822011,5.240403620610902,0.7179761956400037,0.0236009522185705,0.02911037957475067,4.337284361750042
101,CATBOOST_XGBOOST,"{""alpha"": 0.7, ""cat_depth"": 6, ""cat_iterations"": 500, ""cat_l2_leaf_reg"": 5, ""cat_learning_rate"": 0.05, ""xgb_colsample_bytree"": 0.8, ""xgb_learning_rate"": 0.03, ""xgb_max_depth"": 5, ""xgb_n_estimators"": 300, ""xgb_subsample"": 1.0}",0.7,6,500,5,0.05,0.8,0.03,5,300,1.0,0.994555052087118,0.005683010150638039,0.007247551716105597,1.301214185477816,0.4885645670345412,0.03026699104529758,0.03528264200064998,5.274647647847507,0.733139439770897,0.02239569083483854,0.02831699614354655,4.108683502086617
102,CATBOOST_XGBOOST,"{""alpha"": 0.7, ""cat_depth"": 6, ""cat_iterations"": 500, ""cat_l2_leaf_reg"": 5, ""cat_learning_rate"": 0.05, ""xgb_colsample_bytree"": 1.0, ""xgb_learning_rate"": 0.05, ""xgb_max_depth"": 5, ""xgb_n_estimators"": 500, ""xgb_subsample"": 0.8}",0.7,6,500,5,0.05,1.0,0.05,5,500,0.8,0.9961937935456004,0.004779531867273218,0.006059553565374005,1.093031841916646,0.4884040017248847,0.03026550789907618,0.03528818006410595,5.284844904822427,0.727021132797057,0.02275327250822585,0.02863976819573956,4.181798494321272
103,CATBOOST_XGBOOST,"{""alpha"": 0.7, ""cat_depth"": 6, ""cat_iterations"": 500, ""cat_l2_leaf_reg"": 3, ""cat_learning_rate"": 0.05, ""xgb_colsample_bytree"": 0.8, ""xgb_learning_rate"": 0.05, ""xgb_max_depth"": 5, ""xgb_n_estimators"": 500, ""xgb_subsample"": 0.8}",0.7,6,500,3,0.05,0.8,0.05,5,500,0.8,0.9976780919380125,0.003773042856149656,0.004732787093242244,0.8635103968769632,0.4883499093497953,0.03049638749181972,0.03529004557031123,5.335684974620038,0.7242193110489334,0.0230864724231222,0.0287863705201704,4.247049325598701
104,CATBOOST_XGBOOST,"{""alpha"": 0.5, ""cat_depth"": 6, ""cat_iterations"": 500, ""cat_l2_leaf_reg"": 5, ""cat_learning_rate"": 0.05, ""xgb_colsample_bytree"": 1.0, ""xgb_learning_rate"": 0.05, ""xgb_max_depth"": 5, ""xgb_n_estimators"": 300, ""xgb_subsample"": 0.8}",0.5,6,500,5,0.05,1.0,0.05,5,300,0.8,0.997090951032501,0.004158532056342239,0.005297487908126929,0.9504436189582783,0.4883326493332161,0.03021029559931629,0.03529064080291838,5.260450461280593,0.7331445637251701,0.02284892847583452,0.0283167242867953,4.195536830210622
105,CATBOOST_XGBOOST,"{""alpha"": 0.3, ""cat_depth"": 6, ""cat_iterations"": 500, ""cat_l2_leaf_reg"": 5, ""cat_learning_rate"": 0.05, ""xgb_colsample_bytree"": 1.0, ""xgb_learning_rate"": 0.03, ""xgb_max_depth"": 5, ""xgb_n_estimators"": 500, ""xgb_subsample"": 0.8}",0.3,6,500,5,0.05,1.0,0.03,5,500,0.8,0.9983226702240764,0.003133305635245499,0.004022570705718122,0.7163607548660544,0.488073003193031,0.03011973125598924,0.03529959380382663,5.220005062811496,0.7321785909557024,0.02325621447498798,0.02836792893182134,4.292186404955618
106,CATBOOST_XGBOOST,"{""alpha"": 0.7, ""cat_depth"": 6, ""cat_iterations"": 500, ""cat_l2_leaf_reg"": 5, ""cat_learning_rate"": 0.05, ""xgb_colsample_bytree"": 0.8, ""xgb_learning_rate"": 0.05, ""xgb_max_depth"": 5, ""xgb_n_estimators"": 300, ""xgb_subsample"": 0.8}",0.7,6,500,5,0.05,0.8,0.05,5,300,0.8,0.9955391092302202,0.005170127258574814,0.006560021349749989,1.182448418559905,0.4880390092651639,0.03036125603135117,0.03530076579898703,5.306454697607113,0.7298453971356065,0.02244928209220277,0.02849122816343283,4.126406026852473
107,CATBOOST_XGBOOST,"{""alpha"": 0.3, ""cat_depth"": 6, ""cat_iterations"": 300, ""cat_l2_leaf_reg"": 3, ""cat_learning_rate"": 0.03, ""xgb_colsample_bytree"": 1.0, ""xgb_learning_rate"": 0.03, ""xgb_max_depth"": 5, ""xgb_n_estimators"": 500, ""xgb_subsample"": 1.0}",0.3,6,300,3,0.03,1.0,0.03,5,500,1.0,0.9954007535146828,0.005221481602066743,0.006660974955989898,1.206772380905165,0.4880007468280135,0.03032971007293564,0.03530208491130363,5.254588552937324,0.7314787485541357,0.02320048536265364,0.02840496877678917,4.308624199267838
108,CATBOOST_XGBOOST,"{""alpha"": 0.7, ""cat_depth"": 6, ""cat_iterations"": 500, ""cat_l2_leaf_reg"": 5, ""cat_learning_rate"": 0.05, ""xgb_colsample_bytree"": 1.0, ""xgb_learning_rate"": 0.03, ""xgb_max_depth"": 3, ""xgb_n_estimators"": 500, ""xgb_subsample"": 0.8}",0.7,6,500,5,0.05,1.0,0.03,3,500,0.8,0.9920604218287892,0.006929988517928843,0.008751715127705138,1.591617809674526,0.4879335421464019,0.03013207190218818,0.03530440169938002,5.273205863451527,0.7133991637100822,0.02304725738693455,0.02934564852188819,4.239761855898696
109,CATBOOST_XGBOOST,"{""alpha"": 0.5, ""cat_depth"": 6, ""cat_iterations"": 500, ""cat_l2_leaf_reg"": 3, ""cat_learning_rate"": 0.05, ""xgb_colsample_bytree"": 0.8, ""xgb_learning_rate"": 0.05, ""xgb_max_depth"": 5, ""xgb_n_estimators"": 500, ""xgb_subsample"": 0.8}",0.5,6,500,3,0.05,0.8,0.05,5,500,0.8,0.9986616011436622,0.002857127337761434,0.003593248365086005,0.6541360749311818,0.4877071879982605,0.03052446432847346,0.03531220382616009,5.33024696087682,0.7345129520428721,0.022675442092176,0.02824402935386647,4.167610904509981
110,CATBOOST_XGBOOST,"{""alpha"": 0.5, ""cat_depth"": 6, ""cat_iterations"": 500, ""cat_l2_leaf_reg"": 3, ""cat_learning_rate"": 0.03, ""xgb_colsample_bytree"": 0.8, ""xgb_learning_rate"": 0.05, ""xgb_max_depth"": 5, ""xgb_n_estimators"": 300, ""xgb_subsample"": 1.0}",0.5,6,500,3,0.03,0.8,0.05,5,300,1.0,0.995589908872549,0.005087732465095166,0.006522562361022923,1.165372661444157,0.4876085001790472,0.0305186346345758,0.03531560492460434,5.288132620092211,0.7310230316469971,0.02320415449414949,0.02842906209698127,4.279285881781009
111,CATBOOST_XGBOOST,"{""alpha"": 0.7, ""cat_depth"": 6, ""cat_iterations"": 500, ""cat_l2_leaf_reg"": 5, ""cat_learning_rate"": 0.05, ""xgb_colsample_bytree"": 1.0, ""xgb_learning_rate"": 0.05, ""xgb_max_depth"": 5, ""xgb_n_estimators"": 300, ""xgb_subsample"": 0.8}",0.7,6,500,5,0.05,1.0,0.05,5,300,0.8,0.9956023592445434,0.00513038409808737,0.006513348750421506,1.17297047369518,0.4874224063389871,0.03025375112323554,0.03532201742357012,5.281801334868827,0.726216912750492,0.02275899741176835,0.02868192482275692,4.181643114193796
112,CATBOOST_XGBOOST,"{""alpha"": 0.5, ""cat_depth"": 6, ""cat_iterations"": 500, ""cat_l2_leaf_reg"": 5, ""cat_learning_rate"": 0.05, ""xgb_colsample_bytree"": 0.8, ""xgb_learning_rate"": 0.05, ""xgb_max_depth"": 5, ""xgb_n_estimators"": 500, ""xgb_subsample"": 0.8}",0.5,6,500,5,0.05,0.8,0.05,5,500,0.8,0.9978681392235329,0.003572220382007137,0.004534964354832144,0.8174343306988758,0.4873456103048537,0.03045679397256325,0.03532466335395665,5.315239550199331,0.7400233689596504,0.02220478904315238,0.02794937757657353,4.078082537345123
113,CATBOOST_XGBOOST,"{""alpha"": 0.3, ""cat_depth"": 6, ""cat_iterations"": 500, ""cat_l2_leaf_reg"": 3, ""cat_learning_rate"": 0.05, ""xgb_colsample_bytree"": 1.0, ""xgb_learning_rate"": 0.03, ""xgb_max_depth"": 5, ""xgb_n_estimators"": 500, ""xgb_subsample"": 0.8}",0.3,6,500,3,0.05,1.0,0.03,5,500,0.8,0.998743495478416,0.002717657064187236,0.003481580859585393,0.621465698557409,0.487297380231865,0.03016033346953536,0.03532632497146845,5.229009509217985,0.7268892916510703,0.02356915922615444,0.02864668346375097,4.353044718361261
114,CATBOOST_XGBOOST,"{""alpha"": 0.7, ""cat_depth"": 6, ""cat_iterations"": 500, ""cat_l2_leaf_reg"": 5, ""cat_learning_rate"": 0.05, ""xgb_colsample_bytree"": 0.8, ""xgb_learning_rate"": 0.05, ""xgb_max_depth"": 5, ""xgb_n_estimators"": 500, ""xgb_subsample"": 0.8}",0.7,6,500,5,0.05,0.8,0.05,5,500,0.8,0.9961834908379213,0.004785888878804059,0.006067749077144988,1.094861668144871,0.4871739592406822,0.03040164899354543,0.03533057670289528,5.314674599671559,0.7303177405215867,0.02245720566449694,0.02846630996735945,4.127923830861595
115,CATBOOST_XGBOOST,"{""alpha"": 0.3, ""cat_depth"": 6, ""cat_iterations"": 300, ""cat_l2_leaf_reg"": 3, ""cat_learning_rate"": 0.03, ""xgb_colsample_bytree"": 1.0, ""xgb_learning_rate"": 0.05, ""xgb_max_depth"": 5, ""xgb_n_estimators"": 500, ""xgb_subsample"": 1.0}",0.3,6,300,3,0.03,1.0,0.05,5,500,1.0,0.996767755774822,0.004402015522468905,0.005584014563986162,1.014997213042469,0.4868424092574125,0.03061084162889282,0.03534199574024803,5.301457879227183,0.7342219624273918,0.02302305579427064,0.02825950368394477,4.27320979103857
116,CATBOOST_XGBOOST,"{""alpha"": 0.3, ""cat_depth"": 6, ""cat_iterations"": 500, ""cat_l2_leaf_reg"": 5, ""cat_learning_rate"": 0.05, ""xgb_colsample_bytree"": 1.0, ""xgb_learning_rate"": 0.03, ""xgb_max_depth"": 3, ""xgb_n_estimators"": 500, ""xgb_subsample"": 0.8}",0.3,6,500,5,0.05,1.0,0.03,3,500,0.8,0.9905632043575964,0.007545208508234649,0.009541282031590893,1.743912526307935,0.4859906943810756,0.02985704881624835,0.0353713130730189,5.218555568610987,0.7084454482222958,0.02342367413807908,0.02959817257049176,4.305144628956669
117,CATBOOST_XGBOOST,"{""alpha"": 0.3, ""cat_depth"": 6, ""cat_iterations"": 500, ""cat_l2_leaf_reg"": 5, ""cat_learning_rate"": 0.05, ""xgb_colsample_bytree"": 1.0, ""xgb_learning_rate"": 0.05, ""xgb_max_depth"": 5, ""xgb_n_estimators"": 500, ""xgb_subsample"": 0.8}",0.3,6,500,5,0.05,1.0,0.05,5,500,0.8,0.9990697953943795,0.002354229325637472,0.002995599165636676,0.5381242330425376,0.4859140036612508,0.03019427599725063,0.03537395169284154,5.246201826421903,0.7341803443196206,0.02316471697140958,0.0282617161711816,4.265193884797675
118,CATBOOST_XGBOOST,"{""alpha"": 0.3, ""cat_depth"": 6, ""cat_iterations"": 500, ""cat_l2_leaf_reg"": 3, ""cat_learning_rate"": 0.05, ""xgb_colsample_bytree"": 1.0, ""xgb_learning_rate"": 0.05, ""xgb_max_depth"": 5, ""xgb_n_estimators"": 500, ""xgb_subsample"": 0.8}",0.3,6,500,3,0.05,1.0,0.05,5,500,0.8,0.9993805567656665,0.001930556761116915,0.002444529120412369,0.4412266514174721,0.485846749928276,0.03023487821079675,0.03537626546185694,5.255206272828395,0.7291745094436995,0.02346771118532342,0.02852658303408757,4.324099213093758
119,CATBOOST_XGBOOST,"{""alpha"": 0.3, ""cat_depth"": 6, ""cat_iterations"": 500, ""cat_l2_leaf_reg"": 5, ""cat_learning_rate"": 0.05, ""xgb_colsample_bytree"": 0.8, ""xgb_learning_rate"": 0.03, ""xgb_max_depth"": 5, ""xgb_n_estimators"": 500, ""xgb_subsample"": 1.0}",0.3,6,500,5,0.05,0.8,0.03,5,500,1.0,0.9979655112004027,0.003412031654212352,0.004430187525448653,0.7790652738370066,0.485778832777227,0.03000975197554511,0.03537860190126003,5.190799040141353,0.743757423130117,0.02256366554370208,0.02774793263722827,4.152249134633486
120,CATBOOST_XGBOOST,"{""alpha"": 0.3, ""cat_depth"": 6, ""cat_iterations"": 500, ""cat_l2_leaf_reg"": 3, ""cat_learning_rate"": 0.05, ""xgb_colsample_bytree"": 1.0, ""xgb_learning_rate"": 0.03, ""xgb_max_depth"": 3, ""xgb_n_estimators"": 500, ""xgb_subsample"": 0.8}",0.3,6,500,3,0.05,1.0,0.03,3,500,0.8,0.9916521768240905,0.007097183269564322,0.008973896965555296,1.640999454773877,0.4857361232569054,0.02989923038865914,0.03538007108596082,5.227867622604966,0.704879847302458,0.02373651366818399,0.02977860975583577,4.365858992590212
121,CATBOOST_XGBOOST,"{""alpha"": 0.3, ""cat_depth"": 4, ""cat_iterations"": 500, ""cat_l2_leaf_reg"": 3, ""cat_learning_rate"": 0.05, ""xgb_colsample_bytree"": 0.8, ""xgb_learning_rate"": 0.05, ""xgb_max_depth"": 5, ""xgb_n_estimators"": 300, ""xgb_subsample"": 1.0}",0.3,4,500,3,0.05,0.8,0.05,5,300,1.0,0.9973694074009035,0.003980945307318866,0.00503757187009433,0.907691611212925,0.4856400371092376,0.03039240808110099,0.03538337617514691,5.248310894432527,0.7145651981359128,0.02374830326733596,0.02928589134909534,4.369186831552201
122,CATBOOST_XGBOOST,"{""alpha"": 0.7, ""cat_depth"": 6, ""cat_iterations"": 500, ""cat_l2_leaf_reg"": 3, ""cat_learning_rate"": 0.05, ""xgb_colsample_bytree"": 0.8, ""xgb_learning_rate"": 0.03, ""xgb_max_depth"": 3, ""xgb_n_estimators"": 500, ""xgb_subsample"": 0.8}",0.7,6,500,3,0.05,0.8,0.03,3,500,0.8,0.9941854226221096,0.005933690371278347,0.007489512248605054,1.364309604589665,0.4855031736934594,0.03044661761343227,0.03538808335297534,5.332655361921655,0.7080079304311764,0.02374744079961092,0.02962037231396081,4.371319242097729
123,CATBOOST_XGBOOST,"{""alpha"": 0.3, ""cat_depth"": 6, ""cat_iterations"": 500, ""cat_l2_leaf_reg"": 5, ""cat_learning_rate"": 0.05, ""xgb_colsample_bytree"": 1.0, ""xgb_learning_rate"": 0.03, ""xgb_max_depth"": 5, ""xgb_n_estimators"": 300, ""xgb_subsample"": 0.8}",0.3,6,500,5,0.05,1.0,0.03,5,300,0.8,0.9963288112579999,0.004582510505993254,0.005951107764397476,1.047404777481909,0.4854361225261411,0.03011945774757894,0.03539038923211126,5.217496437975788,0.7321418521675636,0.02323893329391915,0.02836987457088674,4.29041628201815
124,CATBOOST_XGBOOST,"{""alpha"": 0.3, ""cat_depth"": 6, ""cat_iterations"": 500, ""cat_l2_leaf_reg"": 3, ""cat_learning_rate"": 0.05, ""xgb_colsample_bytree"": 1.0, ""xgb_learning_rate"": 0.03, ""xgb_max_depth"": 5, ""xgb_n_estimators"": 300, ""xgb_subsample"": 0.8}",0.3,6,500,3,0.05,1.0,0.03,5,300,0.8,0.9969737557234305,0.004159028020568591,0.005403142838294133,0.9504325981646291,0.4850320564845554,0.03016005996112506,0.03540428182047811,5.226500884382281,0.7272198969758419,0.02355187804508561,0.02862933955583584,4.351274595423794
125,CATBOOST_XGBOOST,"{""alpha"": 0.3, ""cat_depth"": 6, ""cat_iterations"": 500, ""cat_l2_leaf_reg"": 3, ""cat_learning_rate"": 0.05, ""xgb_colsample_bytree"": 0.8, ""xgb_learning_rate"": 0.03, ""xgb_max_depth"": 5, ""xgb_n_estimators"": 500, ""xgb_subsample"": 1.0}",0.3,6,500,3,0.05,0.8,0.03,5,500,1.0,0.9984307624389266,0.002977289855969819,0.003890799089949526,0.6797889860840137,0.4850099686816415,0.03003460383225713,0.03540504108561669,5.196448270565428,0.7389690965680401,0.02288616109995196,0.02800599121165646,4.214948222888635
126,CATBOOST_XGBOOST,"{""alpha"": 0.7, ""cat_depth"": 6, ""cat_iterations"": 500, ""cat_l2_leaf_reg"": 3, ""cat_learning_rate"": 0.05, ""xgb_colsample_bytree"": 1.0, ""xgb_learning_rate"": 0.03, ""xgb_max_depth"": 3, ""xgb_n_estimators"": 300, ""xgb_subsample"": 0.8}",0.7,6,500,3,0.05,1.0,0.03,3,300,0.8,0.9926232085560254,0.006674700127922973,0.008435837608010434,1.538036542595976,0.4847854299560349,0.03033517303057003,0.03541275864903589,5.309935141875415,0.7096278400860527,0.02369442936065295,0.02953809428954067,4.358774332920121
127,CATBOOST_XGBOOST,"{""alpha"": 0.3, ""cat_depth"": 6, ""cat_iterations"": 500, ""cat_l2_leaf_reg"": 5, ""cat_learning_rate"": 0.05, ""xgb_colsample_bytree"": 0.8, ""xgb_learning_rate"": 0.03, ""xgb_max_depth"": 5, ""xgb_n_estimators"": 300, ""xgb_subsample"": 1.0}",0.3,6,500,5,0.05,0.8,0.03,5,300,1.0,0.9963361978973948,0.00457640124398808,0.005945117767115806,1.049588129401159,0.4845995464703341,0.03019773498937808,0.03541914633076107,5.222407945906376,0.745793807465523,0.02250185264297429,0.02763745496420636,4.142864270718006
128,CATBOOST_XGBOOST,"{""alpha"": 0.3, ""cat_depth"": 6, ""cat_iterations"": 500, ""cat_l2_leaf_reg"": 3, ""cat_learning_rate"": 0.05, ""xgb_colsample_bytree"": 1.0, ""xgb_learning_rate"": 0.05, ""xgb_max_depth"": 5, ""xgb_n_estimators"": 300, ""xgb_subsample"": 0.8}",0.3,6,500,3,0.05,1.0,0.05,5,300,0.8,0.9986691213699573,0.002785563145054589,0.003583139231420924,0.6362185461352707,0.4842489363564866,0.03020744373099102,0.03543119152747895,5.24810430635436,0.7278418976233865,0.02348796106224816,0.02859668022620774,4.325671985439496
129,CATBOOST_XGBOOST,"{""alpha"": 0.7, ""cat_depth"": 6, ""cat_iterations"": 500, ""cat_l2_leaf_reg"": 5, ""cat_learning_rate"": 0.05, ""xgb_colsample_bytree"": 0.8, ""xgb_learning_rate"": 0.03, ""xgb_max_depth"": 3, ""xgb_n_estimators"": 500, ""xgb_subsample"": 0.8}",0.7,6,500,5,0.05,0.8,0.03,3,500,0.8,0.9918862750398564,0.006990318414324381,0.008847174619264618,1.605265122936641,0.484216308244538,0.03038349030238352,0.03543231225672391,5.316708261468196,0.7135180550895428,0.02317808704710908,0.02933956112419215,4.263724387555688
130,CATBOOST_XGBOOST,"{""alpha"": 0.3, ""cat_depth"": 6, ""cat_iterations"": 500, ""cat_l2_leaf_reg"": 5, ""cat_learning_rate"": 0.05, ""xgb_colsample_bytree"": 1.0, ""xgb_learning_rate"": 0.05, ""xgb_max_depth"": 5, ""xgb_n_estimators"": 300, ""xgb_subsample"": 0.8}",0.3,6,500,5,0.05,1.0,0.05,5,300,0.8,0.9982371834829535,0.003210335287321258,0.004123803982953036,0.7334839932753134,0.4842070843106911,0.0301668415174449,0.03543262907930704,5.239099859947869,0.7327382020263256,0.02318496684833432,0.02833827613353804,4.266766657143411
131,CATBOOST_XGBOOST,"{""alpha"": 0.3, ""cat_depth"": 6, ""cat_iterations"": 500, ""cat_l2_leaf_reg"": 5, ""cat_learning_rate"": 0.05, ""xgb_colsample_bytree"": 0.8, ""xgb_learning_rate"": 0.05, ""xgb_max_depth"": 5, ""xgb_n_estimators"": 300, ""xgb_subsample"": 0.8}",0.3,6,500,5,0.05,0.8,0.05,5,300,0.8,0.9981384914196069,0.003308832043667446,0.004237668492748518,0.75707268737422,0.483984260586987,0.03041768766498213,0.03544028174145756,5.29662457037202,0.7413517569154029,0.02235594287607595,0.02787788044782353,4.117715997285762
132,CATBOOST_XGBOOST,"{""alpha"": 0.3, ""cat_depth"": 6, ""cat_iterations"": 500, ""cat_l2_leaf_reg"": 3, ""cat_learning_rate"": 0.05, ""xgb_colsample_bytree"": 0.8, ""xgb_learning_rate"": 0.05, ""xgb_max_depth"": 5, ""xgb_n_estimators"": 300, ""xgb_subsample"": 0.8}",0.3,6,500,3,0.05,0.8,0.05,5,300,0.8,0.9985800889485824,0.002892284269478819,0.0037010506442981,0.661303379644907,0.4839726184196228,0.03045828987852825,0.03544068153484829,5.305629016778511,0.7374566558163238,0.02267347115641181,0.02808700886729342,4.179369136891068
133,CATBOOST_XGBOOST,"{""alpha"": 0.3, ""cat_depth"": 4, ""cat_iterations"": 500, ""cat_l2_leaf_reg"": 3, ""cat_learning_rate"": 0.03, ""xgb_colsample_bytree"": 0.8, ""xgb_learning_rate"": 0.05, ""xgb_max_depth"": 5, ""xgb_n_estimators"": 500, ""xgb_subsample"": 1.0}",0.3,4,500,3,0.03,0.8,0.05,5,500,1.0,0.997156484125411,0.00421133375463014,0.00523747890531028,0.9729586050983283,0.4839254029842157,0.03059529967473898,0.03544230287219813,5.288851030886145,0.7207527509499414,0.02342502281755165,0.02896672769198505,4.304042653809095
134,CATBOOST_XGBOOST,"{""alpha"": 0.3, ""cat_depth"": 6, ""cat_iterations"": 500, ""cat_l2_leaf_reg"": 3, ""cat_learning_rate"": 0.05, ""xgb_colsample_bytree"": 0.8, ""xgb_learning_rate"": 0.03, ""xgb_max_depth"": 5, ""xgb_n_estimators"": 300, ""xgb_subsample"": 1.0}",0.3,6,500,3,0.05,0.8,0.03,5,300,1.0,0.9969779239848355,0.004141745367381777,0.005399420489694023,0.9505559277586879,0.4838311815614033,0.0302383372029242,0.03544553813296778,5.231412392312866,0.7411972035035432,0.02281739111944958,0.02788620831820255,4.204222485888296
135,CATBOOST_XGBOOST,"{""alpha"": 0.5, ""cat_depth"": 6, ""cat_iterations"": 500, ""cat_l2_leaf_reg"": 3, ""cat_learning_rate"": 0.05, ""xgb_colsample_bytree"": 0.8, ""xgb_learning_rate"": 0.03, ""xgb_max_depth"": 3, ""xgb_n_estimators"": 500, ""xgb_subsample"": 0.8}",0.5,6,500,3,0.05,0.8,0.03,3,500,0.8,0.9928481706837264,0.006569337507473746,0.008306212331944358,1.514050040294338,0.4838011148281883,0.03047994020565494,0.03544657046578355,5.332681715693976,0.7095542434726194,0.02376734263074224,0.02954183735839713,4.371518787302327
136,CATBOOST_XGBOOST,"{""alpha"": 0.5, ""cat_depth"": 6, ""cat_iterations"": 500, ""cat_l2_leaf_reg"": 3, ""cat_learning_rate"": 0.05, ""xgb_colsample_bytree"": 1.0, ""xgb_learning_rate"": 0.03, ""xgb_max_depth"": 3, ""xgb_n_estimators"": 300, ""xgb_subsample"": 0.8}",0.5,6,500,3,0.05,1.0,0.03,3,300,0.8,0.989681753254447,0.007888565267620107,0.00997694120310319,1.823295719150336,0.4837723009488568,0.03033869954927906,0.03544755975400272,5.303481854219658,0.7123228635606852,0.02366694517594722,0.02940069917795721,4.349308561848325
137,CATBOOST_XGBOOST,"{""alpha"": 0.3, ""cat_depth"": 6, ""cat_iterations"": 300, ""cat_l2_leaf_reg"": 3, ""cat_learning_rate"": 0.03, ""xgb_colsample_bytree"": 1.0, ""xgb_learning_rate"": 0.05, ""xgb_max_depth"": 5, ""xgb_n_estimators"": 300, ""xgb_subsample"": 1.0}",0.3,6,300,3,0.03,1.0,0.05,5,300,1.0,0.9953254090411211,0.005261900303515012,0.00671531308830205,1.213351552542933,0.4835737017018008,0.03061611375585973,0.03545437765794304,5.300394766874629,0.7334206108720619,0.02308802097627777,0.02830207445690444,4.28572883277719
138,CATBOOST_XGBOOST,"{""alpha"": 0.7, ""cat_depth"": 6, ""cat_iterations"": 500, ""cat_l2_leaf_reg"": 5, ""cat_learning_rate"": 0.05, ""xgb_colsample_bytree"": 1.0, ""xgb_learning_rate"": 0.03, ""xgb_max_depth"": 3, ""xgb_n_estimators"": 300, ""xgb_subsample"": 0.8}",0.7,6,500,5,0.05,1.0,0.03,3,300,0.8,0.9900068906075205,0.007755771861373102,0.00981849173788352,1.785185589917031,0.4834147011834194,0.03029056172163086,0.03545983519428744,5.297842864243991,0.7149351924074197,0.02310789825174249,0.02926690430607896,4.247508734180784
139,CATBOOST_XGBOOST,"{""alpha"": 0.5, ""cat_depth"": 6, ""cat_iterations"": 500, ""cat_l2_leaf_reg"": 5, ""cat_learning_rate"": 0.05, ""xgb_colsample_bytree"": 0.8, ""xgb_learning_rate"": 0.03, ""xgb_max_depth"": 3, ""xgb_n_estimators"": 500, ""xgb_subsample"": 0.8}",0.5,6,500,5,0.05,0.8,0.03,3,500,0.8,0.9910969152933224,0.007303915616695084,0.009267545158662472,1.682168019379808,0.4833074960518789,0.0304096375849703,0.03546351443090028,5.317161625704011,0.7143642958605583,0.02330217306390691,0.02929619592170778,4.28234174427149
140,CATBOOST_XGBOOST,"{""alpha"": 0.7, ""cat_depth"": 6, ""cat_iterations"": 300, ""cat_l2_leaf_reg"": 3, ""cat_learning_rate"": 0.05, ""xgb_colsample_bytree"": 0.8, ""xgb_learning_rate"": 0.05, ""xgb_max_depth"": 5, ""xgb_n_estimators"": 500, ""xgb_subsample"": 1.0}",0.7,6,300,3,0.05,0.8,0.05,5,500,1.0,0.9935032859622516,0.006325713171059497,0.007916647973513343,1.450980778427226,0.4832045886478497,0.03075544393652055,0.03546704581222124,5.355051433771972,0.7187259684908631,0.02351171194325574,0.02907165820137058,4.314909791588081
141,CATBOOST_XGBOOST,"{""alpha"": 0.5, ""cat_depth"": 6, ""cat_iterations"": 500, ""cat_l2_leaf_reg"": 5, ""cat_learning_rate"": 0.05, ""xgb_colsample_bytree"": 1.0, ""xgb_learning_rate"": 0.03, ""xgb_max_depth"": 3, ""xgb_n_estimators"": 300, ""xgb_subsample"": 0.8}",0.5,6,500,5,0.05,1.0,0.03,3,300,0.8,0.9875529143227687,0.008653494595698712,0.01095792434536644,1.998884658967038,0.4831788444772962,0.03028827301625052,0.03546792919690838,5.291820376686836,0.7168915212490676,0.02316850758129239,0.02916630567221486,4.253237778956255
142,CATBOOST_XGBOOST,"{""alpha"": 0.7, ""cat_depth"": 6, ""cat_iterations"": 300, ""cat_l2_leaf_reg"": 5, ""cat_learning_rate"": 0.05, ""xgb_colsample_bytree"": 0.8, ""xgb_learning_rate"": 0.05, ""xgb_max_depth"": 5, ""xgb_n_estimators"": 500, ""xgb_subsample"": 1.0}",0.7,6,300,5,0.05,0.8,0.05,5,500,1.0,0.9912870565638797,0.007266984667283285,0.009168048572671002,1.674854403423858,0.4829855621022349,0.03040863306132997,0.03547456077990019,5.292153070158521,0.7217338109249849,0.02307075048355171,0.02891579952524989,4.232427458871173
143,CATBOOST_XGBOOST,"{""alpha"": 0.7, ""cat_depth"": 6, ""cat_iterations"": 500, ""cat_l2_leaf_reg"": 3, ""cat_learning_rate"": 0.05, ""xgb_colsample_bytree"": 0.8, ""xgb_learning_rate"": 0.03, ""xgb_max_depth"": 3, ""xgb_n_estimators"": 300, ""xgb_subsample"": 0.8}",0.7,6,500,3,0.05,0.8,0.03,3,300,0.8,0.9924514225297333,0.006754774599135939,0.008533496535130905,1.558150991553204,0.4829015622521199,0.03056295770842931,0.03547744245644992,5.349877412388421,0.7098700978565576,0.02374483293895999,0.02952576988829271,4.368214831763055
144,CATBOOST_XGBOOST,"{""alpha"": 0.3, ""cat_depth"": 6, ""cat_iterations"": 300, ""cat_l2_leaf_reg"": 3, ""cat_learning_rate"": 0.03, ""xgb_colsample_bytree"": 1.0, ""xgb_learning_rate"": 0.03, ""xgb_max_depth"": 5, ""xgb_n_estimators"": 300, ""xgb_subsample"": 1.0}",0.3,6,300,3,0.03,1.0,0.03,5,300,1.0,0.9927283183216917,0.006517778480757292,0.008375522078599977,1.506977746921577,0.4825390552843388,0.03049981355752008,0.03548987584045527,5.28274503381326,0.7288016972294835,0.02339119872010748,0.02854621080451108,4.344886000051444
145,CATBOOST_XGBOOST,"{""alpha"": 0.3, ""cat_depth"": 6, ""cat_iterations"": 500, ""cat_l2_leaf_reg"": 5, ""cat_learning_rate"": 0.05, ""xgb_colsample_bytree"": 0.8, ""xgb_learning_rate"": 0.05, ""xgb_max_depth"": 5, ""xgb_n_estimators"": 500, ""xgb_subsample"": 0.8}",0.3,6,500,5,0.05,0.8,0.05,5,500,0.8,0.9990573370997806,0.002369806395952749,0.003015592578375277,0.5426653667742704,0.482023117085953,0.03051193991294631,0.0355075641518999,5.315804668637473,0.7424302618564163,0.02234333393006532,0.02781969748951617,4.114527242553756
146,CATBOOST_XGBOOST,"{""alpha"": 0.7, ""cat_depth"": 6, ""cat_iterations"": 300, ""cat_l2_leaf_reg"": 3, ""cat_learning_rate"": 0.05, ""xgb_colsample_bytree"": 0.8, ""xgb_learning_rate"": 0.05, ""xgb_max_depth"": 5, ""xgb_n_estimators"": 300, ""xgb_subsample"": 1.0}",0.7,6,300,3,0.05,0.8,0.05,5,300,1.0,0.9927609216862516,0.006670163899239454,0.008356724709243521,1.528678736636009,0.4819794398419501,0.03077504328963403,0.03550906116837156,5.358646342589466,0.7173627258058717,0.02359318059719099,0.02914202342617704,4.331290015211011
147,CATBOOST_XGBOOST,"{""alpha"": 0.3, ""cat_depth"": 6, ""cat_iterations"": 500, ""cat_l2_leaf_reg"": 3, ""cat_learning_rate"": 0.05, ""xgb_colsample_bytree"": 0.8, ""xgb_learning_rate"": 0.05, ""xgb_max_depth"": 5, ""xgb_n_estimators"": 500, ""xgb_subsample"": 0.8}",0.3,6,500,3,0.05,0.8,0.05,5,500,0.8,0.9993689479999881,0.001952004437409619,0.002467328822042397,0.4470860537805551,0.4819530338809191,0.03055254212649243,0.03550996618933863,5.324809115043965,0.7384313735944622,0.02266015716341671,0.02803482250526565,4.176067223215131
148,CATBOOST_XGBOOST,"{""alpha"": 0.7, ""cat_depth"": 6, ""cat_iterations"": 300, ""cat_l2_leaf_reg"": 5, ""cat_learning_rate"": 0.05, ""xgb_colsample_bytree"": 0.8, ""xgb_learning_rate"": 0.05, ""xgb_max_depth"": 5, ""xgb_n_estimators"": 300, ""xgb_subsample"": 1.0}",0.7,6,300,5,0.05,0.8,0.05,5,300,1.0,0.990445068599214,0.00759662117098158,0.009600818175806446,1.749034947863848,0.4818249376178196,0.03042823241444345,0.0355143561511738,5.295747978976018,0.7202922673112102,0.02315221913748696,0.02899060117651309,4.248807682494104
149,CATBOOST_XGBOOST,"{""alpha"": 0.7, ""cat_depth"": 6, ""cat_iterations"": 500, ""cat_l2_leaf_reg"": 5, ""cat_learning_rate"": 0.05, ""xgb_colsample_bytree"": 0.8, ""xgb_learning_rate"": 0.03, ""xgb_max_depth"": 3, ""xgb_n_estimators"": 300, ""xgb_subsample"": 0.8}",0.7,6,500,5,0.05,0.8,0.03,3,300,0.8,0.9898050973286083,0.007823839448144418,0.00991712986192518,1.801720188669996,0.4813717327123274,0.03050621300881739,0.03552988349301885,5.335537135769632,0.7149076704061738,0.02318277274128062,0.02926831708014753,4.261607812282504
150,CATBOOST_XGBOOST,"{""alpha"": 0.3, ""cat_depth"": 4, ""cat_iterations"": 500, ""cat_l2_leaf_reg"": 3, ""cat_learning_rate"": 0.03, ""xgb_colsample_bytree"": 0.8, ""xgb_learning_rate"": 0.05, ""xgb_max_depth"": 5, ""xgb_n_estimators"": 300, ""xgb_subsample"": 1.0}",0.3,4,500,3,0.03,0.8,0.05,5,300,1.0,0.9958759385782875,0.005020804410816795,0.006307496535342431,1.15450837962227,0.4809539063874518,0.03063963687816473,0.03554419271293298,5.296758304707771,0.717274291927494,0.023574109333408,0.02914658216777414,4.336460153858925
151,CATBOOST_XGBOOST,"{""alpha"": 0.3, ""cat_depth"": 6, ""cat_iterations"": 500, ""cat_l2_leaf_reg"": 5, ""cat_learning_rate"": 0.03, ""xgb_colsample_bytree"": 1.0, ""xgb_learning_rate"": 0.03, ""xgb_max_depth"": 5, ""xgb_n_estimators"": 500, ""xgb_subsample"": 1.0}",0.3,6,500,5,0.03,1.0,0.03,5,500,1.0,0.9968348642817266,0.004271349686264387,0.00552574229370847,0.9835638465471133,0.4809415140519289,0.03046492924535548,0.03554461702296857,5.27888961903906,0.7313171734732082,0.02315761896696341,0.02841351343555638,4.29508650572309
152,CATBOOST_XGBOOST,"{""alpha"": 0.5, ""cat_depth"": 6, ""cat_iterations"": 500, ""cat_l2_leaf_reg"": 3, ""cat_learning_rate"": 0.05, ""xgb_colsample_bytree"": 0.8, ""xgb_learning_rate"": 0.03, ""xgb_max_depth"": 3, ""xgb_n_estimators"": 300, ""xgb_subsample"": 0.8}",0.5,6,500,3,0.05,0.8,0.03,3,300,0.8,0.9893371131374888,0.00801876322231553,0.01014219272347774,1.856191920357949,0.4800958086534881,0.0307036366778383,0.03557356177671925,5.367188467219662,0.7124934286586485,0.02376591127346668,0.02939198198073294,4.37089873594354
153,CATBOOST_XGBOOST,"{""alpha"": 0.5, ""cat_depth"": 6, ""cat_iterations"": 500, ""cat_l2_leaf_reg"": 3, ""cat_learning_rate"": 0.03, ""xgb_colsample_bytree"": 1.0, ""xgb_learning_rate"": 0.03, ""xgb_max_depth"": 5, ""xgb_n_estimators"": 500, ""xgb_subsample"": 1.0}",0.5,6,500,3,0.03,1.0,0.03,5,500,1.0,0.9955462418168701,0.005116122540242437,0.006554774792350728,1.176894600356403,0.4798264312888767,0.03048876069047786,0.0355827764277379,5.282770669167885,0.7330947227180551,0.02306857574156276,0.02831936854277006,4.266156315805792
154,CATBOOST_XGBOOST,"{""alpha"": 0.3, ""cat_depth"": 6, ""cat_iterations"": 500, ""cat_l2_leaf_reg"": 5, ""cat_learning_rate"": 0.03, ""xgb_colsample_bytree"": 1.0, ""xgb_learning_rate"": 0.05, ""xgb_max_depth"": 5, ""xgb_n_estimators"": 500, ""xgb_subsample"": 1.0}",0.3,6,500,5,0.03,1.0,0.05,5,500,1.0,0.997986081854797,0.003444382748789483,0.004407733878531014,0.7906058836411797,0.4796747882871834,0.03081057750619946,0.0355879626637859,5.338324694878869,0.7341365189852618,0.02299351230513022,0.02826404581101028,4.262239888489974
155,CATBOOST_XGBOOST,"{""alpha"": 0.5, ""cat_depth"": 6, ""cat_iterations"": 300, ""cat_l2_leaf_reg"": 3, ""cat_learning_rate"": 0.03, ""xgb_colsample_bytree"": 0.8, ""xgb_learning_rate"": 0.05, ""xgb_max_depth"": 5, ""xgb_n_estimators"": 500, ""xgb_subsample"": 1.0}",0.5,6,300,3,0.03,0.8,0.05,5,500,1.0,0.9922271584414187,0.00686557098661067,0.008659331499985374,1.587019858738947,0.4794168800855775,0.03073553252748479,0.03559678146610704,5.316891890615408,0.7321645663196643,0.02328403941397892,0.02836867167429208,4.294326705109397
156,CATBOOST_XGBOOST,"{""alpha"": 0.5, ""cat_depth"": 6, ""cat_iterations"": 500, ""cat_l2_leaf_reg"": 5, ""cat_learning_rate"": 0.05, ""xgb_colsample_bytree"": 0.8, ""xgb_learning_rate"": 0.03, ""xgb_max_depth"": 3, ""xgb_n_estimators"": 300, ""xgb_subsample"": 0.8}",0.5,6,500,5,0.05,0.8,0.03,3,300,0.8,0.9871725511956536,0.008771630696618253,0.01112409280075868,2.028808284882893,0.4793129456668321,0.03063826668354542,0.03560033473743392,5.352625890285588,0.7167409192592629,0.02328037037306098,0.02917406227436021,4.276019029126432
157,CATBOOST_XGBOOST,"{""alpha"": 0.3, ""cat_depth"": 6, ""cat_iterations"": 500, ""cat_l2_leaf_reg"": 3, ""cat_learning_rate"": 0.05, ""xgb_colsample_bytree"": 1.0, ""xgb_learning_rate"": 0.03, ""xgb_max_depth"": 3, ""xgb_n_estimators"": 300, ""xgb_subsample"": 0.8}",0.3,6,500,3,0.05,1.0,0.03,3,300,0.8,0.9860200998368964,0.009197902135175422,0.0116130552754561,2.131581173367215,0.4792526187266027,0.03036289876582786,0.03560239700981471,5.301054958068123,0.7103458803551977,0.02381832731542305,0.02950155037758112,4.380305045306374
158,CATBOOST_XGBOOST,"{""alpha"": 0.5, ""cat_depth"": 6, ""cat_iterations"": 500, ""cat_l2_leaf_reg"": 3, ""cat_learning_rate"": 0.03, ""xgb_colsample_bytree"": 1.0, ""xgb_learning_rate"": 0.05, ""xgb_max_depth"": 5, ""xgb_n_estimators"": 500, ""xgb_subsample"": 1.0}",0.5,6,500,3,0.03,1.0,0.05,5,500,1.0,0.9965401707418374,0.0045309213012068,0.005777258386776192,1.040094159231867,0.4791949652502441,0.03066785718673803,0.03560436777838587,5.311429334503234,0.7354270287721915,0.02298072250647103,0.02819536507665872,4.247952553101517
159,CATBOOST_XGBOOST,"{""alpha"": 0.3, ""cat_depth"": 6, ""cat_iterations"": 500, ""cat_l2_leaf_reg"": 5, ""cat_learning_rate"": 0.05, ""xgb_colsample_bytree"": 1.0, ""xgb_learning_rate"": 0.03, ""xgb_max_depth"": 3, ""xgb_n_estimators"": 300, ""xgb_subsample"": 0.8}",0.3,6,500,5,0.05,1.0,0.03,3,300,0.8,0.9845867721067695,0.009650094457541522,0.0121938615048715,2.235769221971752,0.4791279236731697,0.03033429176635296,0.03560665932320151,5.29437815348922,0.7135536901077495,0.02350875556644838,0.02933773631755437,4.320168966160232
160,CATBOOST_XGBOOST,"{""alpha"": 0.3, ""cat_depth"": 4, ""cat_iterations"": 300, ""cat_l2_leaf_reg"": 3, ""cat_learning_rate"": 0.03, ""xgb_colsample_bytree"": 0.8, ""xgb_learning_rate"": 0.05, ""xgb_max_depth"": 5, ""xgb_n_estimators"": 500, ""xgb_subsample"": 1.0}",0.3,4,300,3,0.03,0.8,0.05,5,500,1.0,0.9951871427693829,0.005458103795428225,0.006813903013062297,1.271433558462981,0.4785759067744352,0.03099027234366505,0.0356255221818738,5.355703010666937,0.7201653839172306,0.02348064612871525,0.02899717591216722,4.318841090414873
161,CATBOOST_XGBOOST,"{""alpha"": 0.7, ""cat_depth"": 6, ""cat_iterations"": 500, ""cat_l2_leaf_reg"": 3, ""cat_learning_rate"": 0.05, ""xgb_colsample_bytree"": 0.8, ""xgb_learning_rate"": 0.03, ""xgb_max_depth"": 5, ""xgb_n_estimators"": 500, ""xgb_subsample"": 0.8}",0.7,6,500,3,0.05,0.8,0.03,5,500,0.8,0.997158008473319,0.004149035071913882,0.005236074867029898,0.9493474075218808,0.4778852832550814,0.03089724987796947,0.0356491072849685,5.401675457149751,0.7267545894175549,0.02306368068006839,0.02865374707649824,4.241521249361313
162,CATBOOST_XGBOOST,"{""alpha"": 0.3, ""cat_depth"": 6, ""cat_iterations"": 500, ""cat_l2_leaf_reg"": 3, ""cat_learning_rate"": 0.05, ""xgb_colsample_bytree"": 0.8, ""xgb_learning_rate"": 0.03, ""xgb_max_depth"": 3, ""xgb_n_estimators"": 500, ""xgb_subsample"": 0.8}",0.3,6,500,3,0.05,0.8,0.03,3,500,0.8,0.9912409038238326,0.007253279463859629,0.009192298225543198,1.675486552913204,0.477658416613697,0.03056063717487021,0.03565685147855714,5.34193501286335,0.7063735095568374,0.02401051301566566,0.02970315640681059,4.420077700127976
163,CATBOOST_XGBOOST,"{""alpha"": 0.3, ""cat_depth"": 6, ""cat_iterations"": 500, ""cat_l2_leaf_reg"": 5, ""cat_learning_rate"": 0.05, ""xgb_colsample_bytree"": 0.8, ""xgb_learning_rate"": 0.03, ""xgb_max_depth"": 3, ""xgb_n_estimators"": 500, ""xgb_subsample"": 0.8}",0.3,6,500,5,0.05,0.8,0.03,3,500,0.8,0.9901247463707061,0.007682523541704919,0.009760421828030939,1.774655326441373,0.4776175868946102,0.03051845560245943,0.03565824504057372,5.33262295886937,0.7097840896926687,0.02369767348556075,0.02953014597821132,4.359363336494434
164,CATBOOST_XGBOOST,"{""alpha"": 0.7, ""cat_depth"": 6, ""cat_iterations"": 500, ""cat_l2_leaf_reg"": 3, ""cat_learning_rate"": 0.05, ""xgb_colsample_bytree"": 1.0, ""xgb_learning_rate"": 0.05, ""xgb_max_depth"": 3, ""xgb_n_estimators"": 500, ""xgb_subsample"": 1.0}",0.7,6,500,3,0.05,1.0,0.05,3,500,1.0,0.995719096458054,0.005103052703671357,0.006426317511920288,1.167879845849938,0.4775965319362183,0.03047790692750233,0.03565896364755759,5.340369241691593,0.7184041414896745,0.02336285342392251,0.02908828499378693,4.30433092146875
165,CATBOOST_XGBOOST,"{""alpha"": 0.7, ""cat_depth"": 6, ""cat_iterations"": 300, ""cat_l2_leaf_reg"": 3, ""cat_learning_rate"": 0.05, ""xgb_colsample_bytree"": 1.0, ""xgb_learning_rate"": 0.05, ""xgb_max_depth"": 5, ""xgb_n_estimators"": 500, ""xgb_subsample"": 1.0}",0.7,6,300,3,0.05,1.0,0.05,5,500,1.0,0.9934821607712153,0.006336210651247186,0.007929508703368324,1.45320759811453,0.4775811316441457,0.03089115770414137,0.03565948925127344,5.377801452012323,0.7224034443499032,0.02330783361489135,0.02888098636849825,4.281955251799579
166,CATBOOST_XGBOOST,"{""alpha"": 0.7, ""cat_depth"": 6, ""cat_iterations"": 300, ""cat_l2_leaf_reg"": 5, ""cat_learning_rate"": 0.05, ""xgb_colsample_bytree"": 1.0, ""xgb_learning_rate"": 0.05, ""xgb_max_depth"": 5, ""xgb_n_estimators"": 500, ""xgb_subsample"": 1.0}",0.7,6,300,5,0.05,1.0,0.05,5,500,1.0,0.9912634799681691,0.007275632166089701,0.009180444231568238,1.676416873121871,0.4774580325590162,0.03054434682895079,0.03566369027866047,5.314903088398873,0.7258688318933226,0.02290777434168478,0.02870015176632089,4.207121717970481
167,CATBOOST_XGBOOST,"{""alpha"": 0.7, ""cat_depth"": 6, ""cat_iterations"": 300, ""cat_l2_leaf_reg"": 3, ""cat_learning_rate"": 0.05, ""xgb_colsample_bytree"": 1.0, ""xgb_learning_rate"": 0.03, ""xgb_max_depth"": 5, ""xgb_n_estimators"": 500, ""xgb_subsample"": 1.0}",0.7,6,300,3,0.05,1.0,0.03,5,500,1.0,0.9927330113212537,0.006681575403326975,0.008372818944227974,1.533852870265057,0.4772381963731388,0.03075393074763544,0.03567119144192274,5.35480818962984,0.7206055218958973,0.02333797551992519,0.02897436282885466,4.289297396249738
168,CATBOOST_XGBOOST,"{""alpha"": 0.5, ""cat_depth"": 6, ""cat_iterations"": 300, ""cat_l2_leaf_reg"": 3, ""cat_learning_rate"": 0.03, ""xgb_colsample_bytree"": 0.8, ""xgb_learning_rate"": 0.05, ""xgb_max_depth"": 5, ""xgb_n_estimators"": 300, ""xgb_subsample"": 1.0}",0.5,6,300,3,0.03,0.8,0.05,5,300,1.0,0.9908861472238792,0.007421425812338419,0.009376601574837736,1.71192396698615,0.477135233194669,0.03077582070086807,0.03567470416836272,5.32436801495211,0.7295301303738426,0.02343418303348551,0.02850784775478544,4.325441140724746
169,CATBOOST_XGBOOST,"{""alpha"": 0.7, ""cat_depth"": 6, ""cat_iterations"": 500, ""cat_l2_leaf_reg"": 5, ""cat_learning_rate"": 0.05, ""xgb_colsample_bytree"": 0.8, ""xgb_learning_rate"": 0.03, ""xgb_max_depth"": 5, ""xgb_n_estimators"": 500, ""xgb_subsample"": 0.8}",0.7,6,500,5,0.05,0.8,0.03,5,500,0.8,0.9955307032521381,0.005163513365165078,0.006566199201361492,1.180903482985813,0.4769766802958932,0.03080251137969517,0.03568011273610183,5.380665082201271,0.7331014899675006,0.02246536209119007,0.02831900952880115,4.128316307262528
170,CATBOOST_XGBOOST,"{""alpha"": 0.5, ""cat_depth"": 6, ""cat_iterations"": 500, ""cat_l2_leaf_reg"": 3, ""cat_learning_rate"": 0.03, ""xgb_colsample_bytree"": 1.0, ""xgb_learning_rate"": 0.05, ""xgb_max_depth"": 5, ""xgb_n_estimators"": 300, ""xgb_subsample"": 1.0}",0.5,6,500,3,0.03,1.0,0.05,5,300,1.0,0.9954924941606235,0.005144450448600554,0.006594207473554516,1.181853536110903,0.4769716712409079,0.03066434027235497,0.03568028359198141,5.309030642549782,0.7347490336790754,0.02301429851251939,0.02823146870408471,4.254358952031658
171,CATBOOST_XGBOOST,"{""alpha"": 0.7, ""cat_depth"": 6, ""cat_iterations"": 500, ""cat_l2_leaf_reg"": 5, ""cat_learning_rate"": 0.05, ""xgb_colsample_bytree"": 1.0, ""xgb_learning_rate"": 0.05, ""xgb_max_depth"": 3, ""xgb_n_estimators"": 500, ""xgb_subsample"": 1.0}",0.7,6,500,5,0.05,1.0,0.05,3,500,1.0,0.9937648703377765,0.006122205066370001,0.007755632160011767,1.401104229960459,0.4765849941503603,0.03048125043938067,0.03569347044863347,5.336956051375492,0.724673074715836,0.0227483919958137,0.02876267853037092,4.188099227202819
172,CATBOOST_XGBOOST,"{""alpha"": 0.7, ""cat_depth"": 6, ""cat_iterations"": 300, ""cat_l2_leaf_reg"": 5, ""cat_learning_rate"": 0.05, ""xgb_colsample_bytree"": 1.0, ""xgb_learning_rate"": 0.03, ""xgb_max_depth"": 5, ""xgb_n_estimators"": 500, ""xgb_subsample"": 1.0}",0.7,6,300,5,0.05,1.0,0.03,5,500,1.0,0.9904020142262255,0.007615351991323739,0.009622424432841302,1.756088521020923,0.4764954230743391,0.03040711987244486,0.03569652439793983,5.291909826016392,0.7236764740291508,0.02299194170807152,0.02881468763264273,4.224540472772985
173,CATBOOST_XGBOOST,"{""alpha"": 0.3, ""cat_depth"": 6, ""cat_iterations"": 500, ""cat_l2_leaf_reg"": 5, ""cat_learning_rate"": 0.03, ""xgb_colsample_bytree"": 1.0, ""xgb_learning_rate"": 0.05, ""xgb_max_depth"": 5, ""xgb_n_estimators"": 300, ""xgb_subsample"": 1.0}",0.3,6,500,5,0.03,1.0,0.05,5,300,1.0,0.9967751705354726,0.00433243645418527,0.005577606028446274,0.9963077789370047,0.4764578148779914,0.0308234636458538,0.0356978065813703,5.338744543825539,0.7333188797675502,0.02303211143990356,0.02830747421168027,4.269680477580731
174,CATBOOST_XGBOOST,"{""alpha"": 0.7, ""cat_depth"": 6, ""cat_iterations"": 300, ""cat_l2_leaf_reg"": 3, ""cat_learning_rate"": 0.05, ""xgb_colsample_bytree"": 1.0, ""xgb_learning_rate"": 0.05, ""xgb_max_depth"": 5, ""xgb_n_estimators"": 300, ""xgb_subsample"": 1.0}",0.7,6,300,3,0.05,1.0,0.05,5,300,1.0,0.9926924564329533,0.006698831455371279,0.008396149537231229,1.537519939061884,0.4764310311912727,0.0308890482284672,0.03569871969464663,5.376362345373655,0.7218918104644354,0.0233434754299641,0.02890758916427907,4.289008634991768
175,CATBOOST_XGBOOST,"{""alpha"": 0.3, ""cat_depth"": 4, ""cat_iterations"": 500, ""cat_l2_leaf_reg"": 5, ""cat_learning_rate"": 0.05, ""xgb_colsample_bytree"": 0.8, ""xgb_learning_rate"": 0.05, ""xgb_max_depth"": 5, ""xgb_n_estimators"": 500, ""xgb_subsample"": 1.0}",0.3,4,500,5,0.05,0.8,0.05,5,500,1.0,0.9981017804860504,0.003391616732948903,0.004279250154970874,0.7789928985515262,0.4764147173836135,0.03059202454627557,0.03569927585586411,5.28287747552476,0.7158580687064302,0.02372522794844855,0.02921949117830684,4.358474670681173
176,CATBOOST_XGBOOST,"{""alpha"": 0.7, ""cat_depth"": 6, ""cat_iterations"": 300, ""cat_l2_leaf_reg"": 5, ""cat_learning_rate"": 0.05, ""xgb_colsample_bytree"": 1.0, ""xgb_learning_rate"": 0.05, ""xgb_max_depth"": 5, ""xgb_n_estimators"": 300, ""xgb_subsample"": 1.0}",0.7,6,300,5,0.05,1.0,0.05,5,300,1.0,0.9903631583356559,0.007631449719459011,0.009641882173115504,1.758833133940937,0.4763441213901437,0.03054223735327662,0.03570168247517035,5.313463981760206,0.7253064195597776,0.02294052180648004,0.02872957754991091,4.213652099437291
177,CATBOOST_XGBOOST,"{""alpha"": 0.7, ""cat_depth"": 6, ""cat_iterations"": 500, ""cat_l2_leaf_reg"": 3, ""cat_learning_rate"": 0.05, ""xgb_colsample_bytree"": 0.8, ""xgb_learning_rate"": 0.05, ""xgb_max_depth"": 3, ""xgb_n_estimators"": 500, ""xgb_subsample"": 0.8}",0.7,6,500,3,0.05,0.8,0.05,3,500,0.8,0.9957165072470161,0.005099562587860504,0.006428260627069349,1.168048147759113,0.4762273009586538,0.03068100470740697,0.03570566453050696,5.381656850334847,0.7082061383362599,0.02364979802246504,0.02961031726586141,4.355566063938536
178,CATBOOST_XGBOOST,"{""alpha"": 0.3, ""cat_depth"": 6, ""cat_iterations"": 300, ""cat_l2_leaf_reg"": 5, ""cat_learning_rate"": 0.03, ""xgb_colsample_bytree"": 1.0, ""xgb_learning_rate"": 0.03, ""xgb_max_depth"": 5, ""xgb_n_estimators"": 500, ""xgb_subsample"": 1.0}",0.3,6,300,5,0.03,1.0,0.03,5,500,1.0,0.9948383939333209,0.005548699813371893,0.007056460036573303,1.283536040260441,0.4761889205161169,0.03065673840009415,0.03570697270684426,5.310915804238051,0.7315025663363139,0.02314301131481422,0.02840370899128162,4.295634947373101
179,CATBOOST_XGBOOST,"{""alpha"": 0.7, ""cat_depth"": 6, ""cat_iterations"": 500, ""cat_l2_leaf_reg"": 3, ""cat_learning_rate"": 0.05, ""xgb_colsample_bytree"": 0.8, ""xgb_learning_rate"": 0.03, ""xgb_max_depth"": 5, ""xgb_n_estimators"": 300, ""xgb_subsample"": 0.8}",0.7,6,500,3,0.05,0.8,0.03,5,300,0.8,0.9962160479001386,0.004745712500565306,0.006041812916285987,1.085844755497106,0.4761381108841334,0.03093348709857981,0.03570870445157051,5.406444151724097,0.7265936085754331,0.0230641223476553,0.02866218642253884,4.240749443054606
180,CATBOOST_XGBOOST,"{""alpha"": 0.3, ""cat_depth"": 6, ""cat_iterations"": 300, ""cat_l2_leaf_reg"": 3, ""cat_learning_rate"": 0.05, ""xgb_colsample_bytree"": 1.0, ""xgb_learning_rate"": 0.03, ""xgb_max_depth"": 3, ""xgb_n_estimators"": 500, ""xgb_subsample"": 0.8}",0.3,6,300,3,0.05,1.0,0.03,3,500,0.8,0.9890201468888675,0.008175795947409161,0.01029183282846342,1.887924754501519,0.4760321685113658,0.03029228924340788,0.03571231501545239,5.291724218013509,0.7023245946350635,0.02381266089055559,0.02990724867302099,4.378506696891122
181,CATBOOST_XGBOOST,"{""alpha"": 0.5, ""cat_depth"": 6, ""cat_iterations"": 500, ""cat_l2_leaf_reg"": 3, ""cat_learning_rate"": 0.03, ""xgb_colsample_bytree"": 1.0, ""xgb_learning_rate"": 0.03, ""xgb_max_depth"": 5, ""xgb_n_estimators"": 300, ""xgb_subsample"": 1.0}",0.5,6,500,3,0.03,1.0,0.03,5,300,1.0,0.9937650498385834,0.00603127719060978,0.007755520522217051,1.388910106832162,0.4758090593889607,0.03061657227618106,0.0357199174814664,5.304222493339015,0.7309910049924128,0.0232088176195698,0.02843075454793078,4.292555596698778
182,CATBOOST_XGBOOST,"{""alpha"": 0.3, ""cat_depth"": 4, ""cat_iterations"": 300, ""cat_l2_leaf_reg"": 3, ""cat_learning_rate"": 0.03, ""xgb_colsample_bytree"": 0.8, ""xgb_learning_rate"": 0.05, ""xgb_max_depth"": 5, ""xgb_n_estimators"": 300, ""xgb_subsample"": 1.0}",0.3,4,300,3,0.03,0.8,0.05,5,300,1.0,0.9936710229045441,0.006243548167893176,0.00781378073541331,1.447552371561931,0.4757935428067129,0.03103460954709079,0.03572044615040457,5.36361028448856,0.7165143953347062,0.0236378372552951,0.02918572527622035,4.352835154483916
183,CATBOOST_XGBOOST,"{""alpha"": 0.3, ""cat_depth"": 6, ""cat_iterations"": 300, ""cat_l2_leaf_reg"": 5, ""cat_learning_rate"": 0.05, ""xgb_colsample_bytree"": 1.0, ""xgb_learning_rate"": 0.03, ""xgb_max_depth"": 5, ""xgb_n_estimators"": 500, ""xgb_subsample"": 0.8}",0.3,6,300,5,0.05,1.0,0.03,5,500,0.8,0.9971418268844863,0.004104572063342013,0.005250960159070324,0.9431847372590911,0.4756072466377895,0.03039791484968472,0.03572679287796367,5.264576627925348,0.7273463228009538,0.02351558668648632,0.02862270434433163,4.342097680977853
184,CATBOOST_XGBOOST,"{""alpha"": 0.7, ""cat_depth"": 6, ""cat_iterations"": 500, ""cat_l2_leaf_reg"": 5, ""cat_learning_rate"": 0.05, ""xgb_colsample_bytree"": 0.8, ""xgb_learning_rate"": 0.05, ""xgb_max_depth"": 3, ""xgb_n_estimators"": 500, ""xgb_subsample"": 0.8}",0.7,6,500,5,0.05,0.8,0.05,3,500,0.8,0.9937755823596909,0.006115028658374964,0.007748967165112594,1.39976427107658,0.4755667722240134,0.03063282278035303,0.03572817160896963,5.368103604343707,0.7144902696129245,0.02298916489615246,0.02928973496693731,4.230974951103495
185,CATBOOST_XGBOOST,"{""alpha"": 0.3, ""cat_depth"": 6, ""cat_iterations"": 500, ""cat_l2_leaf_reg"": 5, ""cat_learning_rate"": 0.03, ""xgb_colsample_bytree"": 1.0, ""xgb_learning_rate"": 0.03, ""xgb_max_depth"": 5, ""xgb_n_estimators"": 300, ""xgb_subsample"": 1.0}",0.3,6,500,5,0.03,1.0,0.03,5,300,1.0,0.994560641188437,0.005576318003696274,0.007243831046801383,1.285807915950923,0.4753845736137057,0.03063503272993992,0.03573437741132544,5.307046099914997,0.7286435292126896,0.02333101400589629,0.02855453393812399,4.328013069440956
186,CATBOOST_XGBOOST,"{""alpha"": 0.3, ""cat_depth"": 6, ""cat_iterations"": 300, ""cat_l2_leaf_reg"": 5, ""cat_learning_rate"": 0.05, ""xgb_colsample_bytree"": 1.0, ""xgb_learning_rate"": 0.03, ""xgb_max_depth"": 3, ""xgb_n_estimators"": 500, ""xgb_subsample"": 0.8}",0.3,6,300,5,0.05,1.0,0.03,3,500,0.8,0.9878872617218959,0.008571165192713543,0.01080974937586557,1.983089345873221,0.4752380351157991,0.03015969171046297,0.03573936782535805,5.267884192522742,0.7041724469659296,0.02364148601208701,0.02981427792367216,4.346147534017322
187,CATBOOST_XGBOOST,"{""alpha"": 0.3, ""cat_depth"": 4, ""cat_iterations"": 300, ""cat_l2_leaf_reg"": 3, ""cat_learning_rate"": 0.05, ""xgb_colsample_bytree"": 0.8, ""xgb_learning_rate"": 0.05, ""xgb_max_depth"": 5, ""xgb_n_estimators"": 500, ""xgb_subsample"": 1.0}",0.3,4,300,3,0.05,0.8,0.05,5,500,1.0,0.9970141043064827,0.004326409072656382,0.005367002213862474,0.9975225687239653,0.4752327440390014,0.03076737411884704,0.03573954800158638,5.310905386303708,0.7165411217651312,0.02369109589448163,0.02918434945919661,4.353227430227565
188,CATBOOST_XGBOOST,"{""alpha"": 0.7, ""cat_depth"": 6, ""cat_iterations"": 500, ""cat_l2_leaf_reg"": 5, ""cat_learning_rate"": 0.05, ""xgb_colsample_bytree"": 0.8, ""xgb_learning_rate"": 0.03, ""xgb_max_depth"": 5, ""xgb_n_estimators"": 300, ""xgb_subsample"": 0.8}",0.7,6,500,5,0.05,0.8,0.03,5,300,0.8,0.9943515445383836,0.00577785185910496,0.007381749657227424,1.321399182795264,0.4749602809167212,0.03083874860030552,0.03574882491919303,5.385433776775615,0.7326163768140455,0.02247068570758517,0.02834473407703473,4.128469567928996
189,CATBOOST_XGBOOST,"{""alpha"": 0.7, ""cat_depth"": 6, ""cat_iterations"": 300, ""cat_l2_leaf_reg"": 3, ""cat_learning_rate"": 0.05, ""xgb_colsample_bytree"": 1.0, ""xgb_learning_rate"": 0.03, ""xgb_max_depth"": 5, ""xgb_n_estimators"": 300, ""xgb_subsample"": 1.0}",0.7,6,300,3,0.05,1.0,0.03,5,300,1.0,0.991481589648805,0.007214470910110926,0.009065123743702694,1.657803388788386,0.4748008717107033,0.03082739924051254,0.03575425142227925,5.367052475525136,0.7190114692403162,0.02345151782136172,0.02905690019579594,4.310647080682937
190,CATBOOST_XGBOOST,"{""alpha"": 0.3, ""cat_depth"": 6, ""cat_iterations"": 300, ""cat_l2_leaf_reg"": 3, ""cat_learning_rate"": 0.05, ""xgb_colsample_bytree"": 1.0, ""xgb_learning_rate"": 0.03, ""xgb_max_depth"": 5, ""xgb_n_estimators"": 500, ""xgb_subsample"": 0.8}",0.3,6,300,3,0.05,1.0,0.03,5,500,0.8,0.997660273421844,0.003737755975542938,0.004750912287626427,0.8562296597857079,0.4747676073053951,0.03054654808190926,0.03575538368337322,5.291533069473969,0.7244317242026217,0.0236964002942372,0.02877528239498774,4.375572658860971
191,CATBOOST_XGBOOST,"{""alpha"": 0.3, ""cat_depth"": 6, ""cat_iterations"": 300, ""cat_l2_leaf_reg"": 5, ""cat_learning_rate"": 0.03, ""xgb_colsample_bytree"": 1.0, ""xgb_learning_rate"": 0.05, ""xgb_max_depth"": 5, ""xgb_n_estimators"": 500, ""xgb_subsample"": 1.0}",0.3,6,300,5,0.03,1.0,0.05,5,500,1.0,0.9962747114613655,0.004744437356354814,0.005994796103399978,1.095670648927115,0.4747265248552942,0.0309768946123233,0.03575678200729965,5.365385860569019,0.7341183990611975,0.02296558174643122,0.02826500896254189,4.260220539143831
192,CATBOOST_XGBOOST,"{""alpha"": 0.7, ""cat_depth"": 6, ""cat_iterations"": 300, ""cat_l2_leaf_reg"": 5, ""cat_learning_rate"": 0.05, ""xgb_colsample_bytree"": 1.0, ""xgb_learning_rate"": 0.03, ""xgb_max_depth"": 5, ""xgb_n_estimators"": 300, ""xgb_subsample"": 1.0}",0.7,6,300,5,0.05,1.0,0.03,5,300,1.0,0.9889724039960366,0.008148524322595739,0.01031418416990197,1.880017885595145,0.4740316191932736,0.03048058836532196,0.03578042624111992,5.304154111911687,0.721916826964377,0.02310380200128556,0.02890628898148471,4.245584375877034
193,CATBOOST_XGBOOST,"{""alpha"": 0.7, ""cat_depth"": 6, ""cat_iterations"": 500, ""cat_l2_leaf_reg"": 3, ""cat_learning_rate"": 0.05, ""xgb_colsample_bytree"": 0.8, ""xgb_learning_rate"": 0.05, ""xgb_max_depth"": 3, ""xgb_n_estimators"": 300, ""xgb_subsample"": 0.8}",0.7,6,500,3,0.05,0.8,0.05,3,300,0.8,0.9941400942279331,0.005951786241748129,0.007518648372907518,1.367994226760548,0.4739021582631068,0.03078126596879323,0.03578482943571171,5.397955237221621,0.7072440124947923,0.02370647523034967,0.02965909383361647,4.366245026398725
194,CATBOOST_XGBOOST,"{""alpha"": 0.3, ""cat_depth"": 4, ""cat_iterations"": 500, ""cat_l2_leaf_reg"": 3, ""cat_learning_rate"": 0.05, ""xgb_colsample_bytree"": 1.0, ""xgb_learning_rate"": 0.03, ""xgb_max_depth"": 5, ""xgb_n_estimators"": 500, ""xgb_subsample"": 1.0}",0.3,4,500,3,0.05,1.0,0.03,5,500,1.0,0.997325933858331,0.003983760496241492,0.005079027108106855,0.9154353902070758,0.473874799258152,0.03044545381509696,0.0357857598943832,5.26087449990839,0.7145701864531896,0.02366548329700559,0.02928563544484838,4.369495747833159
195,CATBOOST_XGBOOST,"{""alpha"": 0.3, ""cat_depth"": 6, ""cat_iterations"": 300, ""cat_l2_leaf_reg"": 5, ""cat_learning_rate"": 0.05, ""xgb_colsample_bytree"": 1.0, ""xgb_learning_rate"": 0.05, ""xgb_max_depth"": 5, ""xgb_n_estimators"": 500, ""xgb_subsample"": 0.8}",0.3,6,300,5,0.05,1.0,0.05,5,500,0.8,0.9981177599038673,0.003358306452779469,0.004261200492643923,0.7728889249856424,0.4735386219406416,0.03047245959094612,0.03579719105146177,5.290773391535756,0.7295348632870179,0.02340854710831302,0.02850759832633951,4.312054728518124
196,CATBOOST_XGBOOST,"{""alpha"": 0.3, ""cat_depth"": 6, ""cat_iterations"": 300, ""cat_l2_leaf_reg"": 3, ""cat_learning_rate"": 0.05, ""xgb_colsample_bytree"": 1.0, ""xgb_learning_rate"": 0.05, ""xgb_max_depth"": 5, ""xgb_n_estimators"": 500, ""xgb_subsample"": 0.8}",0.3,6,300,3,0.05,1.0,0.05,5,500,0.8,0.9985486761566171,0.00298255003605982,0.003741765990783946,0.6839056836829878,0.4734758024651033,0.03062109282317065,0.03579932671970119,5.317729833084379,0.7267556721807255,0.02358130014409936,0.02865369030472538,4.343947663480177
197,CATBOOST_XGBOOST,"{""alpha"": 0.3, ""cat_depth"": 4, ""cat_iterations"": 500, ""cat_l2_leaf_reg"": 5, ""cat_learning_rate"": 0.05, ""xgb_colsample_bytree"": 0.8, ""xgb_learning_rate"": 0.05, ""xgb_max_depth"": 5, ""xgb_n_estimators"": 300, ""xgb_subsample"": 1.0}",0.3,4,500,5,0.05,0.8,0.05,5,300,1.0,0.9969933378560626,0.004220063326479459,0.005385633218103016,0.9648786307463764,0.4733608603402188,0.03063494335960509,0.03580323406731665,5.290508493224121,0.712457554109238,0.02387645198225546,0.02939381566268096,4.391309306820743
198,CATBOOST_XGBOOST,"{""alpha"": 0.3, ""cat_depth"": 6, ""cat_iterations"": 500, ""cat_l2_leaf_reg"": 3, ""cat_learning_rate"": 0.05, ""xgb_colsample_bytree"": 0.8, ""xgb_learning_rate"": 0.03, ""xgb_max_depth"": 3, ""xgb_n_estimators"": 300, ""xgb_subsample"": 0.8}",0.3,6,500,3,0.05,0.8,0.03,3,300,0.8,0.9854559420755605,0.009364011442723093,0.01184505975595512,2.174043503792381,0.4733540990153816,0.0308738095921725,0.03580346389880898,5.390244023538843,0.7102581929201768,0.02390739633515258,0.02950601556442076,4.401766160323258
199,CATBOOST_XGBOOST,"{""alpha"": 0.3, ""cat_depth"": 6, ""cat_iterations"": 300, ""cat_l2_leaf_reg"": 5, ""cat_learning_rate"": 0.05, ""xgb_colsample_bytree"": 0.8, ""xgb_learning_rate"": 0.03, ""xgb_max_depth"": 5, ""xgb_n_estimators"": 500, ""xgb_subsample"": 1.0}",0.3,6,300,5,0.05,0.8,0.03,5,500,1.0,0.9966776534143669,0.004409129002023657,0.005661309865492571,1.013010287891404,0.4731589789728936,0.03031716612157841,0.03581009579932853,5.241224844759496,0.7388372201686784,0.02283946669269162,0.02801306482414951,4.205110708037488
200,CATBOOST_XGBOOST,"{""alpha"": 0.3, ""cat_depth"": 6, ""cat_iterations"": 500, ""cat_l2_leaf_reg"": 5, ""cat_learning_rate"": 0.05, ""xgb_colsample_bytree"": 0.8, ""xgb_learning_rate"": 0.03, ""xgb_max_depth"": 3, ""xgb_n_estimators"": 300, ""xgb_subsample"": 0.8}",0.3,6,500,5,0.05,0.8,0.03,3,300,0.8,0.9839926071096208,0.00981528040497004,0.01242666985777888,2.277598893263638,0.4730703053816383,0.03083162801976171,0.03581310930441588,5.380931969544865,0.7131962219404868,0.02360946376783542,0.02935603649567723,4.343699449832235
201,CATBOOST_XGBOOST,"{""alpha"": 0.3, ""cat_depth"": 6, ""cat_iterations"": 300, ""cat_l2_leaf_reg"": 3, ""cat_learning_rate"": 0.05, ""xgb_colsample_bytree"": 0.8, ""xgb_learning_rate"": 0.05, ""xgb_max_depth"": 5, ""xgb_n_estimators"": 300, ""xgb_subsample"": 0.8}",0.3,6,300,3,0.05,0.8,0.05,5,300,0.8,0.9974440508103788,0.003919543734943713,0.004965586667218093,0.8982805595578016,0.4728538167987753,0.03084450449090215,0.03582046544052136,5.368152577034495,0.7349116696330754,0.02282993043932986,0.02822281245689804,4.206906598348119
202,CATBOOST_XGBOOST,"{""alpha"": 0.7, ""cat_depth"": 6, ""cat_iterations"": 500, ""cat_l2_leaf_reg"": 5, ""cat_learning_rate"": 0.05, ""xgb_colsample_bytree"": 0.8, ""xgb_learning_rate"": 0.05, ""xgb_max_depth"": 3, ""xgb_n_estimators"": 300, ""xgb_subsample"": 0.8}",0.7,6,500,5,0.05,0.8,0.05,3,300,0.8,0.9918361251667215,0.006998987071979847,0.008874474115383694,1.606327831090611,0.4728455142899145,0.03079065214187698,0.03582074752409722,5.395762192113056,0.7129164184564771,0.02305979874359352,0.0293703527626409,4.244150198630928
203,CATBOOST_XGBOOST,"{""alpha"": 0.3, ""cat_depth"": 6, ""cat_iterations"": 300, ""cat_l2_leaf_reg"": 5, ""cat_learning_rate"": 0.05, ""xgb_colsample_bytree"": 1.0, ""xgb_learning_rate"": 0.03, ""xgb_max_depth"": 5, ""xgb_n_estimators"": 300, ""xgb_subsample"": 0.8}",0.3,6,300,5,0.05,1.0,0.03,5,300,0.8,0.9946406056857072,0.005584286265061086,0.007190387799091432,1.282123690653007,0.4727146063830494,0.03039764134127442,0.03582519491867162,5.262068003089642,0.7269609946947273,0.02349830550541749,0.02864292273747982,4.340327558040385
204,CATBOOST_XGBOOST,"{""alpha"": 0.3, ""cat_depth"": 4, ""cat_iterations"": 500, ""cat_l2_leaf_reg"": 3, ""cat_learning_rate"": 0.05, ""xgb_colsample_bytree"": 1.0, ""xgb_learning_rate"": 0.05, ""xgb_max_depth"": 5, ""xgb_n_estimators"": 500, ""xgb_subsample"": 1.0}",0.3,4,500,3,0.05,1.0,0.05,5,500,1.0,0.9983805808297442,0.003157544649670381,0.003952520182679138,0.7224451192940188,0.4725171180489887,0.03079631139496586,0.03583190323621874,5.321306096463676,0.7172535777627185,0.02347869521666245,0.02914764987408862,4.332261916514901
205,CATBOOST_XGBOOST,"{""alpha"": 0.3, ""cat_depth"": 6, ""cat_iterations"": 300, ""cat_l2_leaf_reg"": 5, ""cat_learning_rate"": 0.05, ""xgb_colsample_bytree"": 0.8, ""xgb_learning_rate"": 0.05, ""xgb_max_depth"": 5, ""xgb_n_estimators"": 300, ""xgb_subsample"": 0.8}",0.3,6,300,5,0.05,0.8,0.05,5,300,0.8,0.9969096526059307,0.004275030905042463,0.005460068728340399,0.982355014164445,0.4724654803809845,0.03069587125867761,0.03583365706625364,5.341196135485872,0.7368643622462103,0.02262158998146977,0.02811867293951943,4.168745667814785
206,CATBOOST_XGBOOST,"{""alpha"": 0.5, ""cat_depth"": 6, ""cat_iterations"": 300, ""cat_l2_leaf_reg"": 3, ""cat_learning_rate"": 0.05, ""xgb_colsample_bytree"": 1.0, ""xgb_learning_rate"": 0.03, ""xgb_max_depth"": 3, ""xgb_n_estimators"": 500, ""xgb_subsample"": 0.8}",0.5,6,300,3,0.05,1.0,0.03,3,500,0.8,0.9888348156247999,0.008262694907504685,0.01037832837371433,1.902891871999805,0.4724187860943485,0.03066260491251511,0.0358352429245886,5.357632648504309,0.7040094322394816,0.02380206377230968,0.02982249131852022,4.372784582865195
207,CATBOOST_XGBOOST,"{""alpha"": 0.3, ""cat_depth"": 4, ""cat_iterations"": 300, ""cat_l2_leaf_reg"": 3, ""cat_learning_rate"": 0.05, ""xgb_colsample_bytree"": 0.8, ""xgb_learning_rate"": 0.05, ""xgb_max_depth"": 5, ""xgb_n_estimators"": 300, ""xgb_subsample"": 1.0}",0.3,4,300,3,0.05,0.8,0.05,5,300,1.0,0.9957087967393801,0.005141188016825669,0.006434043625968102,1.179920307516575,0.4722557485196908,0.03081171132227279,0.03584077955064307,5.318812660125335,0.7129370863957699,0.02383157635129532,0.02936929551723804,4.383965460022576
208,CATBOOST_XGBOOST,"{""alpha"": 0.3, ""cat_depth"": 6, ""cat_iterations"": 300, ""cat_l2_leaf_reg"": 3, ""cat_learning_rate"": 0.05, ""xgb_colsample_bytree"": 1.0, ""xgb_learning_rate"": 0.03, ""xgb_max_depth"": 5, ""xgb_n_estimators"": 300, ""xgb_subsample"": 0.8}",0.3,6,300,3,0.05,1.0,0.03,5,300,0.8,0.9953593431851846,0.005206900192511637,0.006690894538131697,1.192441686848502,0.4721334957000641,0.03054627457349896,0.03584493059787993,5.289024444638263,0.7243187697260911,0.02367911911316837,0.0287811792347953,4.373802535923503
209,CATBOOST_XGBOOST,"{""alpha"": 0.3, ""cat_depth"": 6, ""cat_iterations"": 300, ""cat_l2_leaf_reg"": 3, ""cat_learning_rate"": 0.05, ""xgb_colsample_bytree"": 0.8, ""xgb_learning_rate"": 0.03, ""xgb_max_depth"": 5, ""xgb_n_estimators"": 500, ""xgb_subsample"": 1.0}",0.3,6,300,3,0.05,0.8,0.03,5,500,1.0,0.9972423768673627,0.004036285798011251,0.005157769325646306,0.9238757386763911,0.4721211226149343,0.03045880891557632,0.03584535069441496,5.266981322999271,0.7362810798936027,0.02301611327858945,0.02814982046285067,4.237837374980268
210,CATBOOST_XGBOOST,"{""alpha"": 0.3, ""cat_depth"": 6, ""cat_iterations"": 300, ""cat_l2_leaf_reg"": 5, ""cat_learning_rate"": 0.05, ""xgb_colsample_bytree"": 0.8, ""xgb_learning_rate"": 0.03, ""xgb_max_depth"": 5, ""xgb_n_estimators"": 300, ""xgb_subsample"": 1.0}",0.3,6,300,5,0.05,0.8,0.03,5,300,1.0,0.9946334727304996,0.005584068710962113,0.007195171143726154,1.285674721434031,0.4718138148922336,0.03049432476164885,0.03585578296480667,5.270564434189422,0.7405985693516106,0.02277817544663161,0.02791844134383197,4.195807459863102
211,CATBOOST_XGBOOST,"{""alpha"": 0.3, ""cat_depth"": 6, ""cat_iterations"": 300, ""cat_l2_leaf_reg"": 3, ""cat_learning_rate"": 0.05, ""xgb_colsample_bytree"": 1.0, ""xgb_learning_rate"": 0.05, ""xgb_max_depth"": 5, ""xgb_n_estimators"": 300, ""xgb_subsample"": 0.8}",0.3,6,300,3,0.05,1.0,0.05,5,300,0.8,0.997562819583844,0.003817750913612845,0.004848844961626363,0.8736668685406691,0.4717523514904408,0.03059365834336492,0.03585786911770875,5.310627866610345,0.725243245507534,0.0236015500210241,0.02873288097529636,4.345520435825914
212,CATBOOST_XGBOOST,"{""alpha"": 0.3, ""cat_depth"": 6, ""cat_iterations"": 300, ""cat_l2_leaf_reg"": 5, ""cat_learning_rate"": 0.05, ""xgb_colsample_bytree"": 1.0, ""xgb_learning_rate"": 0.05, ""xgb_max_depth"": 5, ""xgb_n_estimators"": 300, ""xgb_subsample"": 0.8}",0.3,6,300,5,0.05,1.0,0.05,5,300,0.8,0.9970300275407962,0.004177038037129761,0.005352672464419781,0.9594904854347275,0.4716975934893194,0.03044502511114038,0.03585972757780927,5.283671425061723,0.7279340002488255,0.02342879698523776,0.0285918410313155,4.313627500863861
213,CATBOOST_XGBOOST,"{""alpha"": 0.5, ""cat_depth"": 6, ""cat_iterations"": 300, ""cat_l2_leaf_reg"": 5, ""cat_learning_rate"": 0.05, ""xgb_colsample_bytree"": 1.0, ""xgb_learning_rate"": 0.03, ""xgb_max_depth"": 5, ""xgb_n_estimators"": 500, ""xgb_subsample"": 0.8}",0.5,6,300,5,0.05,1.0,0.03,5,500,0.8,0.9944007391340538,0.005791630412523405,0.007349534094858123,1.332929049164514,0.4716540918424809,0.03064028473538805,0.03586120393403469,5.321097273618262,0.7259522900365285,0.02326480622873897,0.02869578261025704,4.280939279567828
214,CATBOOST_XGBOOST,"{""alpha"": 0.5, ""cat_depth"": 6, ""cat_iterations"": 500, ""cat_l2_leaf_reg"": 3, ""cat_learning_rate"": 0.05, ""xgb_colsample_bytree"": 0.8, ""xgb_learning_rate"": 0.03, ""xgb_max_depth"": 5, ""xgb_n_estimators"": 500, ""xgb_subsample"": 0.8}",0.5,6,500,3,0.05,0.8,0.03,5,500,0.8,0.9979457616853414,0.003499598328522642,0.004451638306006985,0.8005897170045878,0.4715351463646177,0.03119256774459331,0.03586524038811464,5.440231020733595,0.7396707831939169,0.02265370804588488,0.027968323921253,4.158963219709453
215,CATBOOST_XGBOOST,"{""alpha"": 0.5, ""cat_depth"": 6, ""cat_iterations"": 500, ""cat_l2_leaf_reg"": 5, ""cat_learning_rate"": 0.05, ""xgb_colsample_bytree"": 0.8, ""xgb_learning_rate"": 0.03, ""xgb_max_depth"": 5, ""xgb_n_estimators"": 500, ""xgb_subsample"": 0.8}",0.5,6,500,5,0.05,0.8,0.03,5,500,0.8,0.996994318724873,0.004213075196442004,0.005384754664028173,0.9635947404008971,0.4714918410066249,0.0311248973886831,0.03586670985694169,5.42522361005611,0.7454769983811982,0.02221014190935792,0.02765467144188913,4.075336843716106
216,CATBOOST_XGBOOST,"{""alpha"": 0.3, ""cat_depth"": 6, ""cat_iterations"": 300, ""cat_l2_leaf_reg"": 5, ""cat_learning_rate"": 0.03, ""xgb_colsample_bytree"": 1.0, ""xgb_learning_rate"": 0.05, ""xgb_max_depth"": 5, ""xgb_n_estimators"": 300, ""xgb_subsample"": 1.0}",0.3,6,300,5,0.03,1.0,0.05,5,300,1.0,0.9947634296207191,0.005594767023554745,0.007107517384640214,1.29225496921642,0.4713434553188305,0.03098978075197764,0.03587174453125078,5.365805709515687,0.7332069601973978,0.0230305503127623,0.02831341356729141,4.272740232650271
217,CATBOOST_XGBOOST,"{""alpha"": 0.5, ""cat_depth"": 6, ""cat_iterations"": 300, ""cat_l2_leaf_reg"": 3, ""cat_learning_rate"": 0.05, ""xgb_colsample_bytree"": 1.0, ""xgb_learning_rate"": 0.03, ""xgb_max_depth"": 5, ""xgb_n_estimators"": 500, ""xgb_subsample"": 0.8}",0.5,6,300,3,0.05,1.0,0.03,5,500,0.8,0.9956484589557377,0.005153003980978936,0.006479119652663476,1.181731055914928,0.4712744069309475,0.0308880067890956,0.03587408707792258,5.366024676199299,0.7223969150429072,0.02356616224165708,0.02888132601917777,4.336730909373024
218,CATBOOST_XGBOOST,"{""alpha"": 0.7, ""cat_depth"": 6, ""cat_iterations"": 500, ""cat_l2_leaf_reg"": 3, ""cat_learning_rate"": 0.05, ""xgb_colsample_bytree"": 1.0, ""xgb_learning_rate"": 0.05, ""xgb_max_depth"": 3, ""xgb_n_estimators"": 500, ""xgb_subsample"": 0.8}",0.7,6,500,3,0.05,1.0,0.05,3,500,0.8,0.995834946544459,0.005023365508986279,0.006338766412508436,1.150550986064864,0.471084647282811,0.03077848666188927,0.03588052410645024,5.393078391799349,0.7101563929005759,0.02359375795976577,0.02951119853957157,4.343041012929344
219,CATBOOST_XGBOOST,"{""alpha"": 0.3, ""cat_depth"": 6, ""cat_iterations"": 300, ""cat_l2_leaf_reg"": 3, ""cat_learning_rate"": 0.05, ""xgb_colsample_bytree"": 0.8, ""xgb_learning_rate"": 0.05, ""xgb_max_depth"": 5, ""xgb_n_estimators"": 500, ""xgb_subsample"": 0.8}",0.3,6,300,3,0.05,0.8,0.05,5,500,0.8,0.9985328120728181,0.003000294997826013,0.003762160597507897,0.6887807752588564,0.4710132336781652,0.03093875673886633,0.03588294630034571,5.387332675299949,0.7360832363107309,0.02279164470962421,0.02816037756888476,4.199218199889029
220,CATBOOST_XGBOOST,"{""alpha"": 0.5, ""cat_depth"": 6, ""cat_iterations"": 300, ""cat_l2_leaf_reg"": 5, ""cat_learning_rate"": 0.05, ""xgb_colsample_bytree"": 1.0, ""xgb_learning_rate"": 0.03, ""xgb_max_depth"": 3, ""xgb_n_estimators"": 500, ""xgb_subsample"": 0.8}",0.5,6,300,5,0.05,1.0,0.03,3,500,0.8,0.9868556212337984,0.008919167068031338,0.01126067672535892,2.059775934023801,0.4708535031809463,0.03046998157193597,0.0358883634190831,5.322443802947525,0.7062948711790584,0.02349017789026199,0.02970713365637595,4.313537662623174
221,CATBOOST_XGBOOST,"{""alpha"": 0.7, ""cat_depth"": 6, ""cat_iterations"": 500, ""cat_l2_leaf_reg"": 3, ""cat_learning_rate"": 0.05, ""xgb_colsample_bytree"": 1.0, ""xgb_learning_rate"": 0.05, ""xgb_max_depth"": 3, ""xgb_n_estimators"": 300, ""xgb_subsample"": 1.0}",0.7,6,500,3,0.05,1.0,0.05,3,300,1.0,0.9941449640526694,0.005934561321938379,0.007515523569245206,1.366539787145613,0.4706464143609749,0.03077790311318961,0.03589538543647934,5.390876695556092,0.7142467786413906,0.02360129515627724,0.0293022218725727,4.348098514568249
222,CATBOOST_XGBOOST,"{""alpha"": 0.7, ""cat_depth"": 6, ""cat_iterations"": 500, ""cat_l2_leaf_reg"": 3, ""cat_learning_rate"": 0.05, ""xgb_colsample_bytree"": 1.0, ""xgb_learning_rate"": 0.05, ""xgb_max_depth"": 3, ""xgb_n_estimators"": 300, ""xgb_subsample"": 0.8}",0.7,6,500,3,0.05,1.0,0.05,3,300,0.8,0.9942398084271252,0.005897266185121469,0.007454403928057838,1.357295090496894,0.4706110279295121,0.03079727462274161,0.03589658519067378,5.39460492986861,0.7096806199048229,0.02357418832923459,0.02953540965525212,4.338585495236096
223,CATBOOST_XGBOOST,"{""alpha"": 0.3, ""cat_depth"": 6, ""cat_iterations"": 300, ""cat_l2_leaf_reg"": 5, ""cat_learning_rate"": 0.05, ""xgb_colsample_bytree"": 0.8, ""xgb_learning_rate"": 0.05, ""xgb_max_depth"": 5, ""xgb_n_estimators"": 500, ""xgb_subsample"": 0.8}",0.3,6,300,5,0.05,0.8,0.05,5,500,0.8,0.9981026039101506,0.003375316668885981,0.004278321911452922,0.777469558896505,0.4706056292859443,0.0307901235066418,0.03589676822468554,5.360376233751326,0.738105179354407,0.02260694270932005,0.0280522977439339,4.165183121587815
224,CATBOOST_XGBOOST,"{""alpha"": 0.3, ""cat_depth"": 6, ""cat_iterations"": 300, ""cat_l2_leaf_reg"": 3, ""cat_learning_rate"": 0.05, ""xgb_colsample_bytree"": 0.8, ""xgb_learning_rate"": 0.03, ""xgb_max_depth"": 5, ""xgb_n_estimators"": 300, ""xgb_subsample"": 1.0}",0.3,6,300,3,0.05,0.8,0.03,5,300,1.0,0.9953638798818316,0.00519787511550391,0.006687623235997595,1.193533837288725,0.4705811905737557,0.0306323512036182,0.03589759677586726,5.295550539906714,0.7381107017137876,0.02295362742219484,0.02805200198457932,4.228331662145439
225,CATBOOST_XGBOOST,"{""alpha"": 0.7, ""cat_depth"": 6, ""cat_iterations"": 500, ""cat_l2_leaf_reg"": 5, ""cat_learning_rate"": 0.05, ""xgb_colsample_bytree"": 1.0, ""xgb_learning_rate"": 0.05, ""xgb_max_depth"": 3, ""xgb_n_estimators"": 500, ""xgb_subsample"": 0.8}",0.7,6,500,5,0.05,1.0,0.05,3,500,0.8,0.9939155485258525,0.006033713816212617,0.007661347725690458,1.38112359651922,0.4705246681434849,0.03074512850612748,0.03589951299533404,5.381899521138316,0.7166291920998246,0.02293074685166187,0.02917981533573382,4.218020889677693
226,CATBOOST_XGBOOST,"{""alpha"": 0.5, ""cat_depth"": 6, ""cat_iterations"": 300, ""cat_l2_leaf_reg"": 3, ""cat_learning_rate"": 0.05, ""xgb_colsample_bytree"": 0.8, ""xgb_learning_rate"": 0.05, ""xgb_max_depth"": 5, ""xgb_n_estimators"": 300, ""xgb_subsample"": 0.8}",0.5,6,300,3,0.05,0.8,0.05,5,300,0.8,0.9954494399385585,0.005278048205037994,0.006625625485128183,1.210529379262534,0.4703949360821106,0.03110083310452935,0.03590391077582912,5.420752968561348,0.7290868380467113,0.02301073960716217,0.02853119996104471,4.227562609290514
227,CATBOOST_XGBOOST,"{""alpha"": 0.3, ""cat_depth"": 6, ""cat_iterations"": 300, ""cat_l2_leaf_reg"": 5, ""cat_learning_rate"": 0.03, ""xgb_colsample_bytree"": 1.0, ""xgb_learning_rate"": 0.03, ""xgb_max_depth"": 5, ""xgb_n_estimators"": 300, ""xgb_subsample"": 1.0}",0.3,6,300,5,0.03,1.0,0.03,5,300,1.0,0.9920474973869874,0.006839040755769193,0.008758835470617432,1.581679829046332,0.4703766609052052,0.03082684188467858,0.03590453024182873,5.339072285113986,0.7285655775384803,0.02333372805659201,0.02855863502679234,4.331897399924524
228,CATBOOST_XGBOOST,"{""alpha"": 0.3, ""cat_depth"": 6, ""cat_iterations"": 500, ""cat_l2_leaf_reg"": 3, ""cat_learning_rate"": 0.03, ""xgb_colsample_bytree"": 1.0, ""xgb_learning_rate"": 0.03, ""xgb_max_depth"": 3, ""xgb_n_estimators"": 500, ""xgb_subsample"": 0.8}",0.3,6,500,3,0.03,1.0,0.03,3,500,0.8,0.9891630146761746,0.008097999728879774,0.01022465589125103,1.871812299376519,0.4698726419333433,0.03052490349262853,0.03592161055127297,5.326822968205044,0.7041280267313961,0.0237580191626904,0.02981651623361485,4.371968374911988
229,CATBOOST_XGBOOST,"{""alpha"": 0.5, ""cat_depth"": 6, ""cat_iterations"": 300, ""cat_l2_leaf_reg"": 3, ""cat_learning_rate"": 0.05, ""xgb_colsample_bytree"": 1.0, ""xgb_learning_rate"": 0.05, ""xgb_max_depth"": 5, ""xgb_n_estimators"": 500, ""xgb_subsample"": 0.8}",0.5,6,300,3,0.05,1.0,0.05,5,500,0.8,0.9965339532688858,0.004622410438610354,0.0057824470568098,1.060334960894903,0.4698314322093786,0.03094125272384348,0.03592300671661459,5.384736595254109,0.7229999383786805,0.0235025886837587,0.02884994023345131,4.317279400793923
230,CATBOOST_XGBOOST,"{""alpha"": 0.5, ""cat_depth"": 6, ""cat_iterations"": 500, ""cat_l2_leaf_reg"": 3, ""cat_learning_rate"": 0.05, ""xgb_colsample_bytree"": 1.0, ""xgb_learning_rate"": 0.05, ""xgb_max_depth"": 3, ""xgb_n_estimators"": 500, ""xgb_subsample"": 1.0}",0.5,6,500,3,0.05,1.0,0.05,3,500,1.0,0.9955942894461822,0.00512394490475946,0.006519322103312687,1.173413336944636,0.469670397640381,0.03049366507033363,0.03592846196900634,5.338054385648532,0.7241041395828112,0.02312400064400021,0.0287923807713616,4.258071800106805
231,CATBOOST_XGBOOST,"{""alpha"": 0.5, ""cat_depth"": 6, ""cat_iterations"": 500, ""cat_l2_leaf_reg"": 5, ""cat_learning_rate"": 0.05, ""xgb_colsample_bytree"": 1.0, ""xgb_learning_rate"": 0.05, ""xgb_max_depth"": 3, ""xgb_n_estimators"": 500, ""xgb_subsample"": 1.0}",0.5,6,500,5,0.05,1.0,0.05,3,500,1.0,0.9942536548484882,0.005857498915025183,0.007445439042113658,1.341365575581927,0.4695045470965957,0.03049985008585936,0.03593407950301661,5.337214964612231,0.7298175370098903,0.02266693599641861,0.02849269722730664,4.171742174383839
232,CATBOOST_XGBOOST,"{""alpha"": 0.5, ""cat_depth"": 6, ""cat_iterations"": 300, ""cat_l2_leaf_reg"": 5, ""cat_learning_rate"": 0.05, ""xgb_colsample_bytree"": 0.8, ""xgb_learning_rate"": 0.03, ""xgb_max_depth"": 5, ""xgb_n_estimators"": 500, ""xgb_subsample"": 1.0}",0.5,6,300,5,0.05,0.8,0.03,5,500,1.0,0.993969428854457,0.006018196333271168,0.007627350094742507,1.384974283256297,0.4694757345623157,0.03054770598396246,0.03593505532461327,5.297248699798424,0.7339287622575665,0.02281989451463164,0.02827508700201898,4.190042649600921
233,CATBOOST_XGBOOST,"{""alpha"": 0.7, ""cat_depth"": 6, ""cat_iterations"": 500, ""cat_l2_leaf_reg"": 5, ""cat_learning_rate"": 0.05, ""xgb_colsample_bytree"": 1.0, ""xgb_learning_rate"": 0.05, ""xgb_max_depth"": 3, ""xgb_n_estimators"": 300, ""xgb_subsample"": 0.8}",0.7,6,500,5,0.05,1.0,0.05,3,300,0.8,0.9919580625323795,0.006932620052555944,0.008807949259878902,1.593113637008806,0.4693522207809058,0.03076904823462194,0.03593923818348715,5.384248032391668,0.7154698969817329,0.02292442577116191,0.02923944301924988,4.216030668125039
234,CATBOOST_XGBOOST,"{""alpha"": 0.5, ""cat_depth"": 6, ""cat_iterations"": 300, ""cat_l2_leaf_reg"": 5, ""cat_learning_rate"": 0.05, ""xgb_colsample_bytree"": 0.8, ""xgb_learning_rate"": 0.05, ""xgb_max_depth"": 5, ""xgb_n_estimators"": 300, ""xgb_subsample"": 0.8}",0.5,6,300,5,0.05,0.8,0.05,5,300,0.8,0.9941827301737564,0.005910644629752691,0.007491246062584847,1.360027169383694,0.4693127454156916,0.0308531110508218,0.03594057493474146,5.375825565980312,0.731497086557223,0.02266340623292412,0.02840399883624284,4.164038144645406
235,CATBOOST_XGBOOST,"{""alpha"": 0.5, ""cat_depth"": 6, ""cat_iterations"": 300, ""cat_l2_leaf_reg"": 5, ""cat_learning_rate"": 0.05, ""xgb_colsample_bytree"": 1.0, ""xgb_learning_rate"": 0.03, ""xgb_max_depth"": 5, ""xgb_n_estimators"": 300, ""xgb_subsample"": 0.8}",0.5,6,300,5,0.05,1.0,0.03,5,300,0.8,0.9921464060816647,0.006821765393218407,0.008704196344893791,1.568892722439378,0.4693123986883693,0.03064008933790336,0.03594058667572182,5.319305388141776,0.7251536470668277,0.02328607747729223,0.0287375655034184,4.286148632167221
236,CATBOOST_XGBOOST,"{""alpha"": 0.5, ""cat_depth"": 6, ""cat_iterations"": 300, ""cat_l2_leaf_reg"": 5, ""cat_learning_rate"": 0.05, ""xgb_colsample_bytree"": 1.0, ""xgb_learning_rate"": 0.05, ""xgb_max_depth"": 5, ""xgb_n_estimators"": 500, ""xgb_subsample"": 0.8}",0.5,6,300,5,0.05,1.0,0.05,5,500,0.8,0.9953904361540569,0.005279002157177584,0.006668441959840781,1.216324432352403,0.4692863312432131,0.03069353067013593,0.03594146936806767,5.339809192673076,0.726394113389164,0.02317929578833076,0.02867264141870574,4.257638087842427
237,CATBOOST_XGBOOST,"{""alpha"": 0.5, ""cat_depth"": 6, ""cat_iterations"": 300, ""cat_l2_leaf_reg"": 3, ""cat_learning_rate"": 0.05, ""xgb_colsample_bytree"": 1.0, ""xgb_learning_rate"": 0.03, ""xgb_max_depth"": 5, ""xgb_n_estimators"": 300, ""xgb_subsample"": 0.8}",0.5,6,300,3,0.05,1.0,0.03,5,300,0.8,0.9936325676216258,0.006177698452215177,0.00783748330929793,1.416284974600515,0.4692404847045003,0.03088781139161091,0.03594302176484821,5.364232790722809,0.7219225280509267,0.02357134608398876,0.02890599267067566,4.338757114755597
238,CATBOOST_XGBOOST,"{""alpha"": 0.3, ""cat_depth"": 4, ""cat_iterations"": 500, ""cat_l2_leaf_reg"": 3, ""cat_learning_rate"": 0.05, ""xgb_colsample_bytree"": 1.0, ""xgb_learning_rate"": 0.05, ""xgb_max_depth"": 5, ""xgb_n_estimators"": 300, ""xgb_subsample"": 1.0}",0.3,4,500,3,0.05,1.0,0.05,5,300,1.0,0.9972678301222904,0.004048727828228733,0.0051339106699653,0.9293928925115408,0.469142890874399,0.03079254284323167,0.0359463261388844,5.318492630560419,0.716284270028789,0.02352236843716361,0.02919756893134986,4.340680459747787
239,CATBOOST_XGBOOST,"{""alpha"": 0.5, ""cat_depth"": 6, ""cat_iterations"": 300, ""cat_l2_leaf_reg"": 3, ""cat_learning_rate"": 0.05, ""xgb_colsample_bytree"": 0.8, ""xgb_learning_rate"": 0.05, ""xgb_max_depth"": 5, ""xgb_n_estimators"": 500, ""xgb_subsample"": 0.8}",0.5,6,300,3,0.05,0.8,0.05,5,500,0.8,0.9965168639020426,0.004635430863291086,0.005796684725813695,1.063884424001414,0.4691171845086303,0.03116815534909661,0.03594719646557452,5.434452894636791,0.7299764219858828,0.02298206961279767,0.02848431820963703,4.221814819467396
240,CATBOOST_XGBOOST,"{""alpha"": 0.7, ""cat_depth"": 6, ""cat_iterations"": 500, ""cat_l2_leaf_reg"": 5, ""cat_learning_rate"": 0.05, ""xgb_colsample_bytree"": 1.0, ""xgb_learning_rate"": 0.05, ""xgb_max_depth"": 3, ""xgb_n_estimators"": 300, ""xgb_subsample"": 1.0}",0.7,6,500,5,0.05,1.0,0.05,3,300,1.0,0.9918429754493083,0.006990428447928159,0.008870750061865705,1.607721209357798,0.4690749472297493,0.03076302731175407,0.03594862642480433,5.383888707074168,0.7201157622664134,0.02300364421150226,0.02899974675914808,4.234697352794907
241,CATBOOST_XGBOOST,"{""alpha"": 0.5, ""cat_depth"": 6, ""cat_iterations"": 300, ""cat_l2_leaf_reg"": 3, ""cat_learning_rate"": 0.05, ""xgb_colsample_bytree"": 0.8, ""xgb_learning_rate"": 0.03, ""xgb_max_depth"": 5, ""xgb_n_estimators"": 500, ""xgb_subsample"": 1.0}",0.5,6,300,3,0.05,0.8,0.03,5,500,1.0,0.9952722402511578,0.005366356402988523,0.006753395088395295,1.230009532059831,0.4688600766354845,0.03079542803767001,0.03595590007041153,5.342176102379459,0.7308001230300616,0.0230934653318988,0.02844083963051248,4.240539302108774
242,CATBOOST_XGBOOST,"{""alpha"": 0.3, ""cat_depth"": 4, ""cat_iterations"": 500, ""cat_l2_leaf_reg"": 3, ""cat_learning_rate"": 0.05, ""xgb_colsample_bytree"": 1.0, ""xgb_learning_rate"": 0.03, ""xgb_max_depth"": 5, ""xgb_n_estimators"": 300, ""xgb_subsample"": 1.0}",0.3,4,500,3,0.05,1.0,0.03,5,300,1.0,0.9952320003942958,0.00526325558734525,0.006782074617248694,1.212112110281552,0.4684689353834048,0.03063788770739892,0.03596913692843186,5.293366132314615,0.7120114807943085,0.02384219696874113,0.02941660658578985,4.403067499287148
243,CATBOOST_XGBOOST,"{""alpha"": 0.5, ""cat_depth"": 6, ""cat_iterations"": 300, ""cat_l2_leaf_reg"": 5, ""cat_learning_rate"": 0.05, ""xgb_colsample_bytree"": 0.8, ""xgb_learning_rate"": 0.03, ""xgb_max_depth"": 5, ""xgb_n_estimators"": 300, ""xgb_subsample"": 1.0}",0.5,6,300,5,0.05,0.8,0.03,5,300,1.0,0.992154855799231,0.006832255041525396,0.008699512642449595,1.574312073690921,0.4684621677160954,0.03069600234016363,0.03596936591446249,5.322813738552759,0.7349859077147268,0.02281848483273719,0.0282188602758191,4.191185642682107
244,CATBOOST_XGBOOST,"{""alpha"": 0.5, ""cat_depth"": 6, ""cat_iterations"": 300, ""cat_l2_leaf_reg"": 3, ""cat_learning_rate"": 0.05, ""xgb_colsample_bytree"": 1.0, ""xgb_learning_rate"": 0.05, ""xgb_max_depth"": 5, ""xgb_n_estimators"": 300, ""xgb_subsample"": 0.8}",0.5,6,300,3,0.05,1.0,0.05,5,300,0.8,0.9955612961276181,0.005209058700210678,0.006543687398320027,1.194023382574198,0.4683841668340364,0.03092165697584965,0.03597200499222574,5.37966380571805,0.7217310329046154,0.02352715441356439,0.02891594386272737,4.320289084039291
245,CATBOOST_XGBOOST,"{""alpha"": 0.5, ""cat_depth"": 6, ""cat_iterations"": 500, ""cat_l2_leaf_reg"": 3, ""cat_learning_rate"": 0.05, ""xgb_colsample_bytree"": 0.8, ""xgb_learning_rate"": 0.03, ""xgb_max_depth"": 5, ""xgb_n_estimators"": 300, ""xgb_subsample"": 0.8}",0.5,6,500,3,0.05,0.8,0.03,5,300,0.8,0.9964797569698096,0.004521328243386829,0.005827479868221367,1.034301567714567,0.4682153061646079,0.03125296167022935,0.03597771755211363,5.448178606670311,0.7393542499628865,0.02263756689379628,0.0279853220412263,4.15489285422763
246,CATBOOST_XGBOOST,"{""alpha"": 0.3, ""cat_depth"": 6, ""cat_iterations"": 300, ""cat_l2_leaf_reg"": 3, ""cat_learning_rate"": 0.05, ""xgb_colsample_bytree"": 1.0, ""xgb_learning_rate"": 0.03, ""xgb_max_depth"": 3, ""xgb_n_estimators"": 300, ""xgb_subsample"": 0.8}",0.3,6,300,3,0.05,1.0,0.03,3,300,0.8,0.9825250735779517,0.01029514378161536,0.01298380953866575,2.383931049629172,0.4680728363427087,0.03075595762057659,0.03598253660370507,5.364911553476666,0.7066481895954425,0.02395908725586021,0.02968925988621538,4.404858868071701
247,CATBOOST_XGBOOST,"{""alpha"": 0.5, ""cat_depth"": 6, ""cat_iterations"": 300, ""cat_l2_leaf_reg"": 5, ""cat_learning_rate"": 0.05, ""xgb_colsample_bytree"": 0.8, ""xgb_learning_rate"": 0.05, ""xgb_max_depth"": 5, ""xgb_n_estimators"": 500, ""xgb_subsample"": 0.8}",0.5,6,300,5,0.05,0.8,0.05,5,500,0.8,0.995374189658363,0.00528829129165742,0.006680183148867073,1.218906130522759,0.4680120565464919,0.03092043329538905,0.03598459228813078,5.389525492055756,0.7324691104388086,0.02262771835125713,0.02835253869048746,4.15672949677653
248,CATBOOST_XGBOOST,"{""alpha"": 0.5, ""cat_depth"": 6, ""cat_iterations"": 300, ""cat_l2_leaf_reg"": 3, ""cat_learning_rate"": 0.03, ""xgb_colsample_bytree"": 1.0, ""xgb_learning_rate"": 0.03, ""xgb_max_depth"": 5, ""xgb_n_estimators"": 500, ""xgb_subsample"": 1.0}",0.5,6,300,3,0.03,1.0,0.03,5,500,1.0,0.9908123851864055,0.007443179392089895,0.009414469393443554,1.721565437951048,0.4679310652069159,0.03074964270801143,0.03598733138161229,5.319793393153447,0.7315523140139673,0.02322832881682504,0.02840107752475793,4.300898757620453
249,CATBOOST_XGBOOST,"{""alpha"": 0.5, ""cat_depth"": 6, ""cat_iterations"": 500, ""cat_l2_leaf_reg"": 5, ""cat_learning_rate"": 0.05, ""xgb_colsample_bytree"": 0.8, ""xgb_learning_rate"": 0.03, ""xgb_max_depth"": 5, ""xgb_n_estimators"": 300, ""xgb_subsample"": 0.8}",0.5,6,500,5,0.05,0.8,0.03,5,300,0.8,0.9952459352204963,0.005250848155362238,0.006772156811994884,1.2012562644317,0.4678514916269292,0.03118529131431914,0.03599002232403065,5.433171195992825,0.7447745948239219,0.02219076404702484,0.02769280425579489,4.070298316965365
250,CATBOOST_XGBOOST,"{""alpha"": 0.5, ""cat_depth"": 6, ""cat_iterations"": 300, ""cat_l2_leaf_reg"": 5, ""cat_learning_rate"": 0.05, ""xgb_colsample_bytree"": 1.0, ""xgb_learning_rate"": 0.05, ""xgb_max_depth"": 5, ""xgb_n_estimators"": 300, ""xgb_subsample"": 0.8}",0.5,6,300,5,0.05,1.0,0.05,5,300,0.8,0.9942964980512966,0.00584501347399908,0.007417631519018696,1.344940965135717,0.4676990925147144,0.03067393492214209,0.03599517544832471,5.334736403137015,0.7250199254864131,0.02321649012932618,0.0287445555277241,4.26307017572169
251,CATBOOST_XGBOOST,"{""alpha"": 0.5, ""cat_depth"": 6, ""cat_iterations"": 300, ""cat_l2_leaf_reg"": 3, ""cat_learning_rate"": 0.05, ""xgb_colsample_bytree"": 0.8, ""xgb_learning_rate"": 0.03, ""xgb_max_depth"": 5, ""xgb_n_estimators"": 300, ""xgb_subsample"": 1.0}",0.5,6,300,3,0.05,0.8,0.03,5,300,1.0,0.9936549095761139,0.006171719518801031,0.007823721202670227,1.417014343542011,0.467614644506869,0.03094372439387118,0.03599803060061239,5.367741141133793,0.731938546246301,0.02308335978096874,0.02838063898015688,4.240114655637901
252,CATBOOST_XGBOOST,"{""alpha"": 0.3, ""cat_depth"": 4, ""cat_iterations"": 500, ""cat_l2_leaf_reg"": 5, ""cat_learning_rate"": 0.03, ""xgb_colsample_bytree"": 0.8, ""xgb_learning_rate"": 0.05, ""xgb_max_depth"": 5, ""xgb_n_estimators"": 500, ""xgb_subsample"": 1.0}",0.3,4,500,5,0.03,0.8,0.05,5,500,1.0,0.9965228787416534,0.004634024186750498,0.005791677572340793,1.074246144442322,0.467429561680502,0.03105761667416147,0.03600428738267572,5.366855609533134,0.7149443618252311,0.02382163795832259,0.02926643360148031,4.377756559074984
253,CATBOOST_XGBOOST,"{""alpha"": 0.3, ""cat_depth"": 6, ""cat_iterations"": 300, ""cat_l2_leaf_reg"": 5, ""cat_learning_rate"": 0.05, ""xgb_colsample_bytree"": 1.0, ""xgb_learning_rate"": 0.03, ""xgb_max_depth"": 3, ""xgb_n_estimators"": 300, ""xgb_subsample"": 0.8}",0.3,6,300,5,0.05,1.0,0.03,3,300,0.8,0.9809980300743035,0.0107127601061165,0.0135392239354345,2.484693220427572,0.4672715763237977,0.03063948208288248,0.036009627266375,5.34420792830056,0.7080762788753632,0.02379346560276264,0.02961690539642942,4.37430962285711
254,CATBOOST_XGBOOST,"{""alpha"": 0.5, ""cat_depth"": 6, ""cat_iterations"": 500, ""cat_l2_leaf_reg"": 5, ""cat_learning_rate"": 0.05, ""xgb_colsample_bytree"": 0.8, ""xgb_learning_rate"": 0.05, ""xgb_max_depth"": 3, ""xgb_n_estimators"": 500, ""xgb_subsample"": 0.8}",0.5,6,500,5,0.05,0.8,0.05,3,500,0.8,0.9942980897191238,0.005834273604509021,0.007416596433087055,1.337283671619272,0.4671835298139001,0.03077622326287421,0.03601260288291028,5.393738822758063,0.7143441805827196,0.02315121783968844,0.02929722746422389,4.257680847967995
255,CATBOOST_XGBOOST,"{""alpha"": 0.5, ""cat_depth"": 6, ""cat_iterations"": 300, ""cat_l2_leaf_reg"": 3, ""cat_learning_rate"": 0.03, ""xgb_colsample_bytree"": 1.0, ""xgb_learning_rate"": 0.05, ""xgb_max_depth"": 5, ""xgb_n_estimators"": 500, ""xgb_subsample"": 1.0}",0.5,6,300,3,0.03,1.0,0.05,5,500,1.0,0.9921897717888245,0.006875651401004089,0.008680131811909107,1.588642270036922,0.4671621279111495,0.03094300834726733,0.03601332614366545,5.351700080166117,0.7335985302995929,0.02313695038597672,0.02829262824770179,4.28219957036792
256,CATBOOST_XGBOOST,"{""alpha"": 0.3, ""cat_depth"": 6, ""cat_iterations"": 300, ""cat_l2_leaf_reg"": 3, ""cat_learning_rate"": 0.05, ""xgb_colsample_bytree"": 0.8, ""xgb_learning_rate"": 0.03, ""xgb_max_depth"": 3, ""xgb_n_estimators"": 500, ""xgb_subsample"": 0.8}",0.3,6,300,3,0.05,0.8,0.03,3,500,0.8,0.9885375002965712,0.008340801455521742,0.0105156016756082,1.925462667761668,0.4671291329804708,0.03095369602961895,0.03601444115337789,5.405791608271892,0.7032728945250197,0.0241103444309489,0.02985957314542472,4.437286609258061
257,CATBOOST_XGBOOST,"{""alpha"": 0.3, ""cat_depth"": 4, ""cat_iterations"": 500, ""cat_l2_leaf_reg"": 3, ""cat_learning_rate"": 0.03, ""xgb_colsample_bytree"": 1.0, ""xgb_learning_rate"": 0.03, ""xgb_max_depth"": 5, ""xgb_n_estimators"": 500, ""xgb_subsample"": 1.0}",0.3,4,500,3,0.03,1.0,0.03,5,500,1.0,0.9958076034969913,0.005047133228139523,0.006359538974583103,1.167179469713748,0.4670713974236507,0.03070064491023301,0.03601639214903449,5.310867513294194,0.7174593327731081,0.02348192334684879,0.029137042548965,4.335703254810596
258,CATBOOST_XGBOOST,"{""alpha"": 0.5, ""cat_depth"": 6, ""cat_iterations"": 500, ""cat_l2_leaf_reg"": 3, ""cat_learning_rate"": 0.05, ""xgb_colsample_bytree"": 0.8, ""xgb_learning_rate"": 0.05, ""xgb_max_depth"": 3, ""xgb_n_estimators"": 500, ""xgb_subsample"": 0.8}",0.5,6,500,3,0.05,0.8,0.05,3,500,0.8,0.9956228893164029,0.005128460028006058,0.006498127412925193,1.175929371274996,0.4669315140702138,0.03083215864630653,0.03602111863878493,5.406866601822122,0.7086126915032607,0.02361799803740825,0.02958968221158524,4.345721490260271
259,CATBOOST_XGBOOST,"{""alpha"": 0.3, ""cat_depth"": 6, ""cat_iterations"": 300, ""cat_l2_leaf_reg"": 3, ""cat_learning_rate"": 0.03, ""xgb_colsample_bytree"": 1.0, ""xgb_learning_rate"": 0.03, ""xgb_max_depth"": 3, ""xgb_n_estimators"": 500, ""xgb_subsample"": 0.8}",0.3,6,300,3,0.03,1.0,0.03,3,500,0.8,0.9853818727456861,0.009462299840829424,0.0118751834476703,2.188318114242921,0.4664748279755407,0.03067921513240389,0.03603654519525772,5.348564205120981,0.7053396421479803,0.0237754285375351,0.02975540329512394,4.376688507825731
260,CATBOOST_XGBOOST,"{""alpha"": 0.3, ""cat_depth"": 6, ""cat_iterations"": 300, ""cat_l2_leaf_reg"": 5, ""cat_learning_rate"": 0.05, ""xgb_colsample_bytree"": 0.8, ""xgb_learning_rate"": 0.03, ""xgb_max_depth"": 3, ""xgb_n_estimators"": 500, ""xgb_subsample"": 0.8}",0.3,6,300,5,0.05,0.8,0.03,3,500,0.8,0.9873774498111461,0.00871834097171438,0.01103489007640815,2.016522974283359,0.4664224169853413,0.03082090149446893,0.03603831518169309,5.381920028248437,0.7049822959692134,0.02394006554598187,0.02977344060074939,4.405100000707789
261,CATBOOST_XGBOOST,"{""alpha"": 0.3, ""cat_depth"": 4, ""cat_iterations"": 500, ""cat_l2_leaf_reg"": 3, ""cat_learning_rate"": 0.03, ""xgb_colsample_bytree"": 1.0, ""xgb_learning_rate"": 0.05, ""xgb_max_depth"": 5, ""xgb_n_estimators"": 500, ""xgb_subsample"": 1.0}",0.3,4,500,3,0.03,1.0,0.05,5,500,1.0,0.9971213446438396,0.004223705575123025,0.005269741287578861,0.9751457390673429,0.4663881977875605,0.03101027723380251,0.03603947076103427,5.363270229378864,0.7203195512413901,0.02328314047798923,0.02898918720625818,4.296137472080909
262,CATBOOST_XGBOOST,"{""alpha"": 0.3, ""cat_depth"": 4, ""cat_iterations"": 300, ""cat_l2_leaf_reg"": 5, ""cat_learning_rate"": 0.05, ""xgb_colsample_bytree"": 0.8, ""xgb_learning_rate"": 0.05, ""xgb_max_depth"": 5, ""xgb_n_estimators"": 500, ""xgb_subsample"": 1.0}",0.3,4,300,5,0.05,0.8,0.05,5,500,1.0,0.9967242632333576,0.004475560990324815,0.005621457813612059,1.038801874298399,0.4663821141256062,0.03094768725456629,0.03603967620189156,5.341466667156504,0.7156082767658827,0.02377450672982172,0.02923233192652839,4.365120992718352
263,CATBOOST_XGBOOST,"{""alpha"": 0.3, ""cat_depth"": 6, ""cat_iterations"": 500, ""cat_l2_leaf_reg"": 3, ""cat_learning_rate"": 0.03, ""xgb_colsample_bytree"": 1.0, ""xgb_learning_rate"": 0.03, ""xgb_max_depth"": 5, ""xgb_n_estimators"": 500, ""xgb_subsample"": 0.8}",0.3,6,500,3,0.03,1.0,0.03,5,500,0.8,0.9977512746944593,0.003606516469796345,0.004657605080288521,0.8267193347729311,0.4660938762500428,0.03075954246429567,0.0360494084443522,5.322810509614487,0.7246589064655157,0.02366019160685335,0.02876341858074256,4.374574347548004
264,CATBOOST_XGBOOST,"{""alpha"": 0.3, ""cat_depth"": 6, ""cat_iterations"": 500, ""cat_l2_leaf_reg"": 3, ""cat_learning_rate"": 0.03, ""xgb_colsample_bytree"": 0.8, ""xgb_learning_rate"": 0.05, ""xgb_max_depth"": 5, ""xgb_n_estimators"": 300, ""xgb_subsample"": 0.8}",0.3,6,500,3,0.03,0.8,0.05,5,300,0.8,0.997536639168555,0.003799387800093915,0.004874818763090974,0.8716967049856124,0.4659236516163,0.03105072319458386,0.03605515478067531,5.398110335988821,0.7357720766515581,0.0227530740836408,0.02817697331703085,4.198497945186705
265,CATBOOST_XGBOOST,"{""alpha"": 0.5, ""cat_depth"": 6, ""cat_iterations"": 300, ""cat_l2_leaf_reg"": 3, ""cat_learning_rate"": 0.05, ""xgb_colsample_bytree"": 0.8, ""xgb_learning_rate"": 0.03, ""xgb_max_depth"": 3, ""xgb_n_estimators"": 500, ""xgb_subsample"": 0.8}",0.5,6,300,3,0.05,0.8,0.03,3,500,0.8,0.9884804958348454,0.008393707443950724,0.0105417169562236,1.93376375594227,0.4656998211568216,0.03113503829690283,0.03606270931525321,5.439109374708213,0.7041219077884341,0.02401880424158736,0.02981682455044672,4.414927804991125
266,CATBOOST_XGBOOST,"{""alpha"": 0.5, ""cat_depth"": 6, ""cat_iterations"": 500, ""cat_l2_leaf_reg"": 5, ""cat_learning_rate"": 0.03, ""xgb_colsample_bytree"": 0.8, ""xgb_learning_rate"": 0.05, ""xgb_max_depth"": 5, ""xgb_n_estimators"": 500, ""xgb_subsample"": 1.0}",0.5,6,500,5,0.03,0.8,0.05,5,500,1.0,0.9954141353730526,0.005232431790821802,0.006651277589757617,1.203199289152693,0.4655019279626784,0.03121249771514027,0.03606938711954149,5.40923904087534,0.7302968419811385,0.02316735568424292,0.02846741291867445,4.263957963745045
267,CATBOOST_XGBOOST,"{""alpha"": 0.5, ""cat_depth"": 6, ""cat_iterations"": 300, ""cat_l2_leaf_reg"": 3, ""cat_learning_rate"": 0.05, ""xgb_colsample_bytree"": 1.0, ""xgb_learning_rate"": 0.03, ""xgb_max_depth"": 3, ""xgb_n_estimators"": 300, ""xgb_subsample"": 0.8}",0.5,6,300,3,0.05,1.0,0.03,3,300,0.8,0.9843716704177518,0.009743872759436471,0.0122786533597859,2.250909713846235,0.4648966027581493,0.03099379764052695,0.03608980583762831,5.409909513233899,0.7061797235382034,0.02395167295142745,0.02971295645416462,4.398416949214178
268,CATBOOST_XGBOOST,"{""alpha"": 0.5, ""cat_depth"": 6, ""cat_iterations"": 300, ""cat_l2_leaf_reg"": 3, ""cat_learning_rate"": 0.03, ""xgb_colsample_bytree"": 1.0, ""xgb_learning_rate"": 0.05, ""xgb_max_depth"": 5, ""xgb_n_estimators"": 300, ""xgb_subsample"": 1.0}",0.5,6,300,3,0.03,1.0,0.05,5,300,1.0,0.9907370459183801,0.007464584466902117,0.009452990333871154,1.724639870420511,0.4647760455273932,0.03094077341342956,0.03609387107253413,5.3496737735353,0.7328208040994482,0.02318965149101232,0.02833389656775333,4.292211945959624
269,CATBOOST_XGBOOST,"{""alpha"": 0.7, ""cat_depth"": 6, ""cat_iterations"": 500, ""cat_l2_leaf_reg"": 3, ""cat_learning_rate"": 0.05, ""xgb_colsample_bytree"": 1.0, ""xgb_learning_rate"": 0.03, ""xgb_max_depth"": 3, ""xgb_n_estimators"": 500, ""xgb_subsample"": 1.0}",0.7,6,500,3,0.05,1.0,0.03,3,500,1.0,0.9942397269969953,0.005887243718378289,0.007454456618226859,1.352865968621852,0.4645841031083692,0.03086884970678185,0.03610034249804942,5.408904081060911,0.7168137377090757,0.02352501773858502,0.02917031209178172,4.33624490592889
270,CATBOOST_XGBOOST,"{""alpha"": 0.3, ""cat_depth"": 4, ""cat_iterations"": 500, ""cat_l2_leaf_reg"": 5, ""cat_learning_rate"": 0.03, ""xgb_colsample_bytree"": 0.8, ""xgb_learning_rate"": 0.05, ""xgb_max_depth"": 5, ""xgb_n_estimators"": 300, ""xgb_subsample"": 1.0}",0.3,4,500,5,0.03,0.8,0.05,5,300,1.0,0.9951532206152329,0.005427691121813133,0.006837873847852147,1.252290608978953,0.4645727342173516,0.03110195387758721,0.03610072576896393,5.37476288335476,0.7113148574175412,0.02396211841513628,0.02945216341716948,4.408494588869996
271,CATBOOST_XGBOOST,"{""alpha"": 0.5, ""cat_depth"": 6, ""cat_iterations"": 300, ""cat_l2_leaf_reg"": 5, ""cat_learning_rate"": 0.05, ""xgb_colsample_bytree"": 0.8, ""xgb_learning_rate"": 0.03, ""xgb_max_depth"": 3, ""xgb_n_estimators"": 500, ""xgb_subsample"": 0.8}",0.5,6,300,5,0.05,0.8,0.03,3,500,0.8,0.9864689616331408,0.009037426293614375,0.01142510028858344,2.087045228530826,0.4642386062755471,0.03091371407165279,0.0361119881576427,5.399323408002457,0.7062425256609068,0.0237600699507923,0.02970978081141546,4.366336202323624
272,CATBOOST_XGBOOST,"{""alpha"": 0.3, ""cat_depth"": 6, ""cat_iterations"": 500, ""cat_l2_leaf_reg"": 3, ""cat_learning_rate"": 0.03, ""xgb_colsample_bytree"": 1.0, ""xgb_learning_rate"": 0.05, ""xgb_max_depth"": 5, ""xgb_n_estimators"": 500, ""xgb_subsample"": 0.8}",0.3,6,500,3,0.03,1.0,0.05,5,500,0.8,0.9986254666161426,0.002850480062113035,0.003641431161176578,0.6548070415377099,0.464222712935498,0.03082731152685236,0.03611252378400356,5.347687592038702,0.7273810508125218,0.02353195183166375,0.02862088144344202,4.340399483247563
273,CATBOOST_XGBOOST,"{""alpha"": 0.3, ""cat_depth"": 6, ""cat_iterations"": 500, ""cat_l2_leaf_reg"": 3, ""cat_learning_rate"": 0.03, ""xgb_colsample_bytree"": 0.8, ""xgb_learning_rate"": 0.05, ""xgb_max_depth"": 5, ""xgb_n_estimators"": 500, ""xgb_subsample"": 0.8}",0.3,6,500,3,0.03,0.8,0.05,5,500,0.8,0.9986107712833124,0.002869112097878077,0.003660844940710687,0.6595560432947783,0.4640816586778824,0.03114497544254804,0.03611727714900879,5.417290434254274,0.7369110443853457,0.02273133152695605,0.0281161786023085,4.193843260153694
274,CATBOOST_XGBOOST,"{""alpha"": 0.7, ""cat_depth"": 6, ""cat_iterations"": 300, ""cat_l2_leaf_reg"": 3, ""cat_learning_rate"": 0.05, ""xgb_colsample_bytree"": 1.0, ""xgb_learning_rate"": 0.03, ""xgb_max_depth"": 3, ""xgb_n_estimators"": 500, ""xgb_subsample"": 0.8}",0.7,6,300,3,0.05,1.0,0.03,3,500,0.8,0.9884822100339125,0.008424413726819588,0.01054093257898708,1.937498008507907,0.4636350364604408,0.03107159322128327,0.03613232367551103,5.431073225649871,0.7003036105031858,0.02407459523716582,0.03000860040049737,4.425843837426015
275,CATBOOST_XGBOOST,"{""alpha"": 0.5, ""cat_depth"": 6, ""cat_iterations"": 300, ""cat_l2_leaf_reg"": 3, ""cat_learning_rate"": 0.03, ""xgb_colsample_bytree"": 1.0, ""xgb_learning_rate"": 0.03, ""xgb_max_depth"": 5, ""xgb_n_estimators"": 300, ""xgb_subsample"": 1.0}",0.5,6,300,3,0.03,1.0,0.03,5,300,1.0,0.9883503216002104,0.008348210590406836,0.01060111208812656,1.931627276197151,0.4636346910611922,0.03087375834247333,0.03613233530945088,5.340457888198914,0.7291171801891598,0.02340927746266289,0.02852960217604233,4.334790134105297
276,CATBOOST_XGBOOST,"{""alpha"": 0.5, ""cat_depth"": 6, ""cat_iterations"": 500, ""cat_l2_leaf_reg"": 3, ""cat_learning_rate"": 0.05, ""xgb_colsample_bytree"": 0.8, ""xgb_learning_rate"": 0.05, ""xgb_max_depth"": 3, ""xgb_n_estimators"": 300, ""xgb_subsample"": 0.8}",0.5,6,500,3,0.05,0.8,0.05,3,300,0.8,0.9927444218006322,0.006596149473513543,0.008366242945935297,1.520202559253446,0.4635243317799833,0.03100328148453097,0.03613605230362895,5.434813693708329,0.7069789530473519,0.02366784171921719,0.02967251737530783,4.355728931019528
277,CATBOOST_XGBOOST,"{""alpha"": 0.3, ""cat_depth"": 4, ""cat_iterations"": 300, ""cat_l2_leaf_reg"": 5, ""cat_learning_rate"": 0.05, ""xgb_colsample_bytree"": 0.8, ""xgb_learning_rate"": 0.05, ""xgb_max_depth"": 5, ""xgb_n_estimators"": 300, ""xgb_subsample"": 1.0}",0.3,4,300,5,0.05,0.8,0.05,5,300,1.0,0.9953821316461188,0.005284014662464243,0.006674446129803502,1.219678908707785,0.4633941318832994,0.03099202445799203,0.03614043705500299,5.349373940978129,0.71205770056806,0.0239159490486535,0.02941424593012664,4.396046729643958
278,CATBOOST_XGBOOST,"{""alpha"": 0.3, ""cat_depth"": 6, ""cat_iterations"": 500, ""cat_l2_leaf_reg"": 3, ""cat_learning_rate"": 0.03, ""xgb_colsample_bytree"": 1.0, ""xgb_learning_rate"": 0.03, ""xgb_max_depth"": 5, ""xgb_n_estimators"": 300, ""xgb_subsample"": 0.8}",0.3,6,500,3,0.03,1.0,0.03,5,300,0.8,0.995474575024404,0.005107521031041052,0.006607301777061514,1.169853366489985,0.4633703930389562,0.03075775961246122,0.03614123645244945,5.320007913915173,0.7245593718178098,0.02363898741470204,0.02876861703842381,4.372048122892211
279,CATBOOST_XGBOOST,"{""alpha"": 0.5, ""cat_depth"": 6, ""cat_iterations"": 300, ""cat_l2_leaf_reg"": 5, ""cat_learning_rate"": 0.05, ""xgb_colsample_bytree"": 1.0, ""xgb_learning_rate"": 0.03, ""xgb_max_depth"": 3, ""xgb_n_estimators"": 300, ""xgb_subsample"": 0.8}",0.5,6,300,5,0.05,1.0,0.03,3,300,0.8,0.981923239944855,0.0104435322376307,0.01320549712236822,2.418117125430694,0.463322838377488,0.03079692354379972,0.03614283778618844,5.374870001372402,0.7079654450761533,0.02365341725256136,0.0296225271434787,4.342490951946488
280,CATBOOST_XGBOOST,"{""alpha"": 0.5, ""cat_depth"": 6, ""cat_iterations"": 500, ""cat_l2_leaf_reg"": 5, ""cat_learning_rate"": 0.05, ""xgb_colsample_bytree"": 0.8, ""xgb_learning_rate"": 0.05, ""xgb_max_depth"": 3, ""xgb_n_estimators"": 300, ""xgb_subsample"": 0.8}",0.5,6,500,5,0.05,0.8,0.05,3,300,0.8,0.9909874265570047,0.007320298775772971,0.009324356435181,1.685408647673952,0.4633047827944748,0.03101690645888407,0.03614344576298158,5.435495375561715,0.7119821983915351,0.02318798326986698,0.02941810207427226,4.265233479987004
281,CATBOOST_XGBOOST,"{""alpha"": 0.5, ""cat_depth"": 6, ""cat_iterations"": 500, ""cat_l2_leaf_reg"": 5, ""cat_learning_rate"": 0.03, ""xgb_colsample_bytree"": 0.8, ""xgb_learning_rate"": 0.05, ""xgb_max_depth"": 5, ""xgb_n_estimators"": 300, ""xgb_subsample"": 1.0}",0.5,6,500,5,0.03,0.8,0.05,5,300,1.0,0.994327054263,0.005799373992630387,0.007397735049299001,1.33099014640023,0.4632970422812821,0.03124516418491421,0.03614370640235477,5.415230705972111,0.7277865532327749,0.02327537291991681,0.02859958770053004,4.287411291915305
282,CATBOOST_XGBOOST,"{""alpha"": 0.3, ""cat_depth"": 6, ""cat_iterations"": 500, ""cat_l2_leaf_reg"": 3, ""cat_learning_rate"": 0.03, ""xgb_colsample_bytree"": 0.8, ""xgb_learning_rate"": 0.03, ""xgb_max_depth"": 5, ""xgb_n_estimators"": 500, ""xgb_subsample"": 1.0}",0.3,6,500,3,0.03,0.8,0.03,5,500,1.0,0.9973282595693236,0.003911342075391942,0.005076817940858924,0.895480304972389,0.4631250586779267,0.0306998094150446,0.0361494969675781,5.303866552135998,0.736441049623857,0.0230041159440172,0.02814128144282074,4.241499769434231
283,CATBOOST_XGBOOST,"{""alpha"": 0.3, ""cat_depth"": 4, ""cat_iterations"": 500, ""cat_l2_leaf_reg"": 3, ""cat_learning_rate"": 0.03, ""xgb_colsample_bytree"": 1.0, ""xgb_learning_rate"": 0.05, ""xgb_max_depth"": 5, ""xgb_n_estimators"": 300, ""xgb_subsample"": 1.0}",0.3,4,500,3,0.03,1.0,0.05,5,300,1.0,0.9957400470656834,0.005087040352802296,0.006410573127017534,1.17527864355639,0.4629185301256844,0.03100599418612181,0.03615644941108813,5.360356556448301,0.7194120503745536,0.02334294404580841,0.02903618084939396,4.307662467721011
284,CATBOOST_XGBOOST,"{""alpha"": 0.7, ""cat_depth"": 6, ""cat_iterations"": 500, ""cat_l2_leaf_reg"": 3, ""cat_learning_rate"": 0.03, ""xgb_colsample_bytree"": 0.8, ""xgb_learning_rate"": 0.05, ""xgb_max_depth"": 5, ""xgb_n_estimators"": 500, ""xgb_subsample"": 1.0}",0.7,6,500,3,0.03,0.8,0.05,5,500,1.0,0.9938871274575233,0.006046735812187464,0.007679220331360494,1.389497019756841,0.4629099665413974,0.03123662091177788,0.03615673766118165,5.424952871332065,0.7234793463165758,0.02310700993525167,0.02882496392155361,4.248544298221416
285,CATBOOST_XGBOOST,"{""alpha"": 0.7, ""cat_depth"": 6, ""cat_iterations"": 300, ""cat_l2_leaf_reg"": 3, ""cat_learning_rate"": 0.05, ""xgb_colsample_bytree"": 1.0, ""xgb_learning_rate"": 0.03, ""xgb_max_depth"": 5, ""xgb_n_estimators"": 500, ""xgb_subsample"": 0.8}",0.7,6,300,3,0.05,1.0,0.03,5,500,0.8,0.992955671196038,0.006580893702228627,0.008243549835440766,1.509778899805317,0.462803772398141,0.03122946573662327,0.0361603119632205,5.440516339271468,0.7128940985680776,0.02367737311930147,0.02937149446891902,4.346415827371533
286,CATBOOST_XGBOOST,"{""alpha"": 0.7, ""cat_depth"": 6, ""cat_iterations"": 500, ""cat_l2_leaf_reg"": 5, ""cat_learning_rate"": 0.05, ""xgb_colsample_bytree"": 1.0, ""xgb_learning_rate"": 0.03, ""xgb_max_depth"": 3, ""xgb_n_estimators"": 500, ""xgb_subsample"": 1.0}",0.7,6,500,5,0.05,1.0,0.03,3,500,1.0,0.9919544437147093,0.006944256950076799,0.008809930795892,1.594083013147412,0.4627522802523999,0.03090363274604873,0.03616204496816449,5.410902991761528,0.7226926252049204,0.02292454683647175,0.02886593934362634,4.222325559199825
287,CATBOOST_XGBOOST,"{""alpha"": 0.7, ""cat_depth"": 6, ""cat_iterations"": 300, ""cat_l2_leaf_reg"": 3, ""cat_learning_rate"": 0.05, ""xgb_colsample_bytree"": 0.8, ""xgb_learning_rate"": 0.05, ""xgb_max_depth"": 5, ""xgb_n_estimators"": 300, ""xgb_subsample"": 0.8}",0.7,6,300,3,0.05,0.8,0.05,5,300,0.8,0.9928095141471868,0.006655634525023046,0.008328630140929941,1.526805759752933,0.4625685873373503,0.03135716195849788,0.03616822660793421,5.473353379819555,0.7164306114803778,0.0235285165291877,0.02919003786187831,4.32112922039563
288,CATBOOST_XGBOOST,"{""alpha"": 0.3, ""cat_depth"": 6, ""cat_iterations"": 500, ""cat_l2_leaf_reg"": 3, ""cat_learning_rate"": 0.03, ""xgb_colsample_bytree"": 1.0, ""xgb_learning_rate"": 0.05, ""xgb_max_depth"": 5, ""xgb_n_estimators"": 300, ""xgb_subsample"": 0.8}",0.3,6,500,3,0.03,1.0,0.05,5,300,0.8,0.9976499170109647,0.00369578072044601,0.004761415239930082,0.8469124473735705,0.462518040628546,0.03079987704704663,0.03616992742202042,5.340585625564669,0.7258975191181705,0.02355220170858849,0.02869865002309782,4.3419722555933
289,CATBOOST_XGBOOST,"{""alpha"": 0.3, ""cat_depth"": 4, ""cat_iterations"": 500, ""cat_l2_leaf_reg"": 5, ""cat_learning_rate"": 0.05, ""xgb_colsample_bytree"": 1.0, ""xgb_learning_rate"": 0.03, ""xgb_max_depth"": 5, ""xgb_n_estimators"": 500, ""xgb_subsample"": 1.0}",0.3,4,500,5,0.05,1.0,0.03,5,500,1.0,0.9969460473686471,0.004223219262172792,0.005427822119441458,0.9725038142367408,0.4620320307398512,0.0306856481656868,0.03618627678037267,5.302617689001552,0.7135375997617275,0.02377905328342004,0.02933856028994229,4.389430941282979
290,CATBOOST_XGBOOST,"{""alpha"": 0.7, ""cat_depth"": 6, ""cat_iterations"": 300, ""cat_l2_leaf_reg"": 5, ""cat_learning_rate"": 0.05, ""xgb_colsample_bytree"": 1.0, ""xgb_learning_rate"": 0.03, ""xgb_max_depth"": 5, ""xgb_n_estimators"": 500, ""xgb_subsample"": 0.8}",0.7,6,300,5,0.05,1.0,0.03,5,500,0.8,0.9906717641984555,0.007508588148122348,0.009486242360862622,1.730002033965525,0.4619077293292149,0.03088265486143269,0.03619045709008653,5.377617975658019,0.7160484184351599,0.02323686270713406,0.02920970231327719,4.264019361530566
291,CATBOOST_XGBOOST,"{""alpha"": 0.7, ""cat_depth"": 6, ""cat_iterations"": 300, ""cat_l2_leaf_reg"": 3, ""cat_learning_rate"": 0.05, ""xgb_colsample_bytree"": 0.8, ""xgb_learning_rate"": 0.05, ""xgb_max_depth"": 5, ""xgb_n_estimators"": 500, ""xgb_subsample"": 0.8}",0.7,6,300,3,0.05,0.8,0.05,5,500,0.8,0.993623811588951,0.006275171270599626,0.007842870228227798,1.440170886829936,0.4618240980401854,0.03139755492069213,0.03619326937447442,5.481573281883998,0.7169960163578724,0.02350227414227747,0.02916092254561396,4.316347706168595
292,CATBOOST_XGBOOST,"{""alpha"": 0.3, ""cat_depth"": 6, ""cat_iterations"": 300, ""cat_l2_leaf_reg"": 3, ""cat_learning_rate"": 0.05, ""xgb_colsample_bytree"": 0.8, ""xgb_learning_rate"": 0.03, ""xgb_max_depth"": 3, ""xgb_n_estimators"": 300, ""xgb_subsample"": 0.8}",0.3,6,300,3,0.05,0.8,0.03,3,300,0.8,0.9818851240236319,0.01047554124645182,0.0132194120782413,2.430027374013957,0.4616476989982095,0.03126686844692124,0.03619920046033715,5.454100618947387,0.7060854252600235,0.02409816866590119,0.02971772408949451,4.43466585883714
293,CATBOOST_XGBOOST,"{""alpha"": 0.7, ""cat_depth"": 6, ""cat_iterations"": 300, ""cat_l2_leaf_reg"": 3, ""cat_learning_rate"": 0.05, ""xgb_colsample_bytree"": 1.0, ""xgb_learning_rate"": 0.05, ""xgb_max_depth"": 5, ""xgb_n_estimators"": 500, ""xgb_subsample"": 0.8}",0.7,6,300,3,0.05,1.0,0.05,5,500,0.8,0.9936375201929394,0.006267048215018503,0.007834434729955158,1.437947395032107,0.4616258220825772,0.03126141382622288,0.03619993596272822,5.451743587034867,0.7126217616487109,0.02378408059625517,0.02938542146643575,4.367822215909789
294,CATBOOST_XGBOOST,"{""alpha"": 0.3, ""cat_depth"": 6, ""cat_iterations"": 500, ""cat_l2_leaf_reg"": 3, ""cat_learning_rate"": 0.03, ""xgb_colsample_bytree"": 1.0, ""xgb_learning_rate"": 0.03, ""xgb_max_depth"": 3, ""xgb_n_estimators"": 300, ""xgb_subsample"": 0.8}",0.3,6,500,3,0.03,1.0,0.03,3,300,0.8,0.9827007451115033,0.01023302471856294,0.01291838302465229,2.371423355494979,0.4615751606833555,0.03098857186979725,0.03620163914272933,5.400010303668203,0.7084016989436357,0.02389939350171644,0.0296003931671499,4.399336462428763
295,CATBOOST_XGBOOST,"{""alpha"": 0.3, ""cat_depth"": 4, ""cat_iterations"": 300, ""cat_l2_leaf_reg"": 5, ""cat_learning_rate"": 0.03, ""xgb_colsample_bytree"": 0.8, ""xgb_learning_rate"": 0.05, ""xgb_max_depth"": 5, ""xgb_n_estimators"": 500, ""xgb_subsample"": 1.0}",0.3,4,300,5,0.03,0.8,0.05,5,500,1.0,0.9947758563262692,0.005674700795118196,0.007099079086231416,1.326529725066663,0.4615227132190536,0.03141955386846706,0.03620340228384295,5.425080231930608,0.7151026434771939,0.02376092198856998,0.02925830714814878,4.371349298691075
296,CATBOOST_XGBOOST,"{""alpha"": 0.7, ""cat_depth"": 6, ""cat_iterations"": 300, ""cat_l2_leaf_reg"": 3, ""cat_learning_rate"": 0.05, ""xgb_colsample_bytree"": 1.0, ""xgb_learning_rate"": 0.03, ""xgb_max_depth"": 5, ""xgb_n_estimators"": 300, ""xgb_subsample"": 0.8}",0.7,6,300,3,0.05,1.0,0.03,5,300,0.8,0.9915227138987801,0.007188142661410842,0.009043215463559436,1.648922814970221,0.4614919556599383,0.03122934917108813,0.03620443622938965,5.439441313887973,0.7123732290006394,0.02370650424852528,0.02939812538292889,4.352117271395455
297,CATBOOST_XGBOOST,"{""alpha"": 0.3, ""cat_depth"": 4, ""cat_iterations"": 500, ""cat_l2_leaf_reg"": 3, ""cat_learning_rate"": 0.03, ""xgb_colsample_bytree"": 1.0, ""xgb_learning_rate"": 0.03, ""xgb_max_depth"": 5, ""xgb_n_estimators"": 300, ""xgb_subsample"": 1.0}",0.3,4,500,3,0.03,1.0,0.03,5,300,1.0,0.9932488444848532,0.006335907121920815,0.008070185441913564,1.465215085836187,0.461479352048263,0.03089232829407916,0.03620485990364118,5.343213425806468,0.7147973631378637,0.02367079372291734,0.02927397874750704,4.371616197231805
298,CATBOOST_XGBOOST,"{""alpha"": 0.7, ""cat_depth"": 6, ""cat_iterations"": 500, ""cat_l2_leaf_reg"": 3, ""cat_learning_rate"": 0.03, ""xgb_colsample_bytree"": 0.8, ""xgb_learning_rate"": 0.05, ""xgb_max_depth"": 5, ""xgb_n_estimators"": 300, ""xgb_subsample"": 1.0}",0.7,6,500,3,0.03,0.8,0.05,5,300,1.0,0.9931564268388796,0.006380593838185949,0.008125234716343532,1.464698643337701,0.4614717344069315,0.03125669151624518,0.03620511597057468,5.428639564540868,0.7220474990331165,0.02317004908229054,0.02889949661001843,4.261798104406086
299,CATBOOST_XGBOOST,"{""alpha"": 0.3, ""cat_depth"": 6, ""cat_iterations"": 500, ""cat_l2_leaf_reg"": 5, ""cat_learning_rate"": 0.05, ""xgb_colsample_bytree"": 0.8, ""xgb_learning_rate"": 0.03, ""xgb_max_depth"": 5, ""xgb_n_estimators"": 500, ""xgb_subsample"": 0.8}",0.3,6,500,5,0.05,0.8,0.03,5,500,0.8,0.9981338107347968,0.003294399926053429,0.004242992867214762,0.7535600119585854,0.4614262711585142,0.03147051574674676,0.03620664417953656,5.474371048801449,0.7512050372602992,0.02225869304349538,0.02734171653892728,4.091076384703615
300,CATBOOST_XGBOOST,"{""alpha"": 0.3, ""cat_depth"": 6, ""cat_iterations"": 500, ""cat_l2_leaf_reg"": 3, ""cat_learning_rate"": 0.03, ""xgb_colsample_bytree"": 0.8, ""xgb_learning_rate"": 0.03, ""xgb_max_depth"": 5, ""xgb_n_estimators"": 300, ""xgb_subsample"": 1.0}",0.3,6,500,3,0.03,0.8,0.03,5,300,1.0,0.9954648584239635,0.005087198084613741,0.006614391286577906,1.168463343256004,0.4613972181881414,0.03087335170308649,0.03620762073698688,5.332435769043443,0.7382607214138619,0.022934673007848,0.02804396623092543,4.230653183514544
301,CATBOOST_XGBOOST,"{""alpha"": 0.7, ""cat_depth"": 6, ""cat_iterations"": 300, ""cat_l2_leaf_reg"": 5, ""cat_learning_rate"": 0.05, ""xgb_colsample_bytree"": 1.0, ""xgb_learning_rate"": 0.03, ""xgb_max_depth"": 3, ""xgb_n_estimators"": 500, ""xgb_subsample"": 0.8}",0.7,6,300,5,0.05,1.0,0.03,3,500,0.8,0.9855838644670207,0.009347976525135927,0.01179285304178731,2.157138729610328,0.461105222866209,0.03078797986725918,0.03621743411309136,5.378500818154457,0.7023911828263218,0.02364065123939577,0.02990390345043769,4.34346518842247
302,CATBOOST_XGBOOST,"{""alpha"": 0.3, ""cat_depth"": 6, ""cat_iterations"": 300, ""cat_l2_leaf_reg"": 5, ""cat_learning_rate"": 0.05, ""xgb_colsample_bytree"": 0.8, ""xgb_learning_rate"": 0.03, ""xgb_max_depth"": 3, ""xgb_n_estimators"": 300, ""xgb_subsample"": 0.8}",0.3,6,300,5,0.05,0.8,0.03,3,300,0.8,0.9803295837668632,0.01088374250513224,0.01377530530990203,2.527721481110954,0.461089296371109,0.03113584812265981,0.03621796929412267,5.430573440231607,0.7073571032626649,0.02391602842024131,0.02965336467037431,4.400652469171227
303,CATBOOST_XGBOOST,"{""alpha"": 0.3, ""cat_depth"": 6, ""cat_iterations"": 500, ""cat_l2_leaf_reg"": 3, ""cat_learning_rate"": 0.05, ""xgb_colsample_bytree"": 0.8, ""xgb_learning_rate"": 0.03, ""xgb_max_depth"": 5, ""xgb_n_estimators"": 500, ""xgb_subsample"": 0.8}",0.3,6,500,3,0.05,0.8,0.03,5,500,0.8,0.9985781258057174,0.002879911791672789,0.003703608262798182,0.6590629307536457,0.4610888371994405,0.03150731849475377,0.03621798472363792,5.482625019074638,0.746957678277679,0.02256168725740922,0.02757411400175686,4.149981712999699
304,CATBOOST_XGBOOST,"{""alpha"": 0.7, ""cat_depth"": 6, ""cat_iterations"": 300, ""cat_l2_leaf_reg"": 3, ""cat_learning_rate"": 0.05, ""xgb_colsample_bytree"": 0.8, ""xgb_learning_rate"": 0.03, ""xgb_max_depth"": 5, ""xgb_n_estimators"": 500, ""xgb_subsample"": 1.0}",0.7,6,300,3,0.05,0.8,0.03,5,500,1.0,0.9926833065262026,0.006711348765441241,0.00840140437775981,1.539223120551724,0.4610407889216184,0.03117391877417749,0.03621959925041481,5.426207228158892,0.7178996552232733,0.02345881554488575,0.0291143295417279,4.301871302037875
305,CATBOOST_XGBOOST,"{""alpha"": 0.3, ""cat_depth"": 6, ""cat_iterations"": 300, ""cat_l2_leaf_reg"": 3, ""cat_learning_rate"": 0.03, ""xgb_colsample_bytree"": 0.8, ""xgb_learning_rate"": 0.05, ""xgb_max_depth"": 5, ""xgb_n_estimators"": 300, ""xgb_subsample"": 0.8}",0.3,6,300,3,0.03,0.8,0.05,5,300,0.8,0.9956011869251666,0.005155340628147776,0.00651421685408881,1.188878305014688,0.4610109009650065,0.03117273742573762,0.03622060351454199,5.413561091260298,0.7362205245972593,0.02286386804251693,0.02815305216665994,4.220819389419487
306,CATBOOST_XGBOOST,"{""alpha"": 0.5, ""cat_depth"": 6, ""cat_iterations"": 500, ""cat_l2_leaf_reg"": 3, ""cat_learning_rate"": 0.03, ""xgb_colsample_bytree"": 1.0, ""xgb_learning_rate"": 0.03, ""xgb_max_depth"": 3, ""xgb_n_estimators"": 500, ""xgb_subsample"": 0.8}",0.5,6,500,3,0.03,1.0,0.03,3,500,0.8,0.9891148008808976,0.008095541053036597,0.01024737541894721,1.867102056428986,0.460855115202819,0.03105029532788288,0.03622583761544104,5.416130565490202,0.7077689854731699,0.02363042897776297,0.02963248940889737,4.3469191342361
307,CATBOOST_XGBOOST,"{""alpha"": 0.3, ""cat_depth"": 4, ""cat_iterations"": 300, ""cat_l2_leaf_reg"": 3, ""cat_learning_rate"": 0.03, ""xgb_colsample_bytree"": 1.0, ""xgb_learning_rate"": 0.03, ""xgb_max_depth"": 5, ""xgb_n_estimators"": 500, ""xgb_subsample"": 1.0}",0.3,4,300,3,0.03,1.0,0.03,5,500,1.0,0.9935913995469496,0.006267712275259536,0.007862778768693865,1.459662647698467,0.4607682330415822,0.0310853143531725,0.03622875635988717,5.375719480265991,0.7169443559502169,0.02344738091358413,0.02916358398589569,4.335644627246352
308,CATBOOST_XGBOOST,"{""alpha"": 0.3, ""cat_depth"": 4, ""cat_iterations"": 500, ""cat_l2_leaf_reg"": 5, ""cat_learning_rate"": 0.05, ""xgb_colsample_bytree"": 1.0, ""xgb_learning_rate"": 0.05, ""xgb_max_depth"": 5, ""xgb_n_estimators"": 500, ""xgb_subsample"": 1.0}",0.3,4,500,5,0.05,1.0,0.05,5,500,1.0,0.9980770319355556,0.003403849583484947,0.004307055758540583,0.7814238630230147,0.4607285900572731,0.03103557922181144,0.03623008805964239,5.362886880468938,0.7162817431555817,0.02358698497956178,0.02919769895302752,4.351170562088376
309,CATBOOST_XGBOOST,"{""alpha"": 0.7, ""cat_depth"": 6, ""cat_iterations"": 300, ""cat_l2_leaf_reg"": 3, ""cat_learning_rate"": 0.05, ""xgb_colsample_bytree"": 1.0, ""xgb_learning_rate"": 0.05, ""xgb_max_depth"": 5, ""xgb_n_estimators"": 300, ""xgb_subsample"": 0.8}",0.7,6,300,3,0.05,1.0,0.05,5,300,0.8,0.9928928411218787,0.006614758753743154,0.00828023133267144,1.517238796946508,0.460627696890739,0.03124965705038225,0.03623347707423183,5.448700017081267,0.7117472568908412,0.02382344017093201,0.02943009807611351,4.374020618167982
310,CATBOOST_XGBOOST,"{""alpha"": 0.5, ""cat_depth"": 6, ""cat_iterations"": 300, ""cat_l2_leaf_reg"": 3, ""cat_learning_rate"": 0.05, ""xgb_colsample_bytree"": 0.8, ""xgb_learning_rate"": 0.03, ""xgb_max_depth"": 3, ""xgb_n_estimators"": 300, ""xgb_subsample"": 0.8}",0.5,6,300,3,0.05,0.8,0.03,3,300,0.8,0.9839368020929381,0.009889508518625044,0.01244831195715123,2.287406852160596,0.4605931861453711,0.03135873476908618,0.03623463622190468,5.4736161262339,0.7057847207166659,0.02409587897186022,0.02973292233230656,4.42774512295551
311,CATBOOST_XGBOOST,"{""alpha"": 0.7, ""cat_depth"": 6, ""cat_iterations"": 500, ""cat_l2_leaf_reg"": 3, ""cat_learning_rate"": 0.05, ""xgb_colsample_bytree"": 1.0, ""xgb_learning_rate"": 0.03, ""xgb_max_depth"": 3, ""xgb_n_estimators"": 300, ""xgb_subsample"": 1.0}",0.7,6,500,3,0.05,1.0,0.03,3,300,1.0,0.992319876884288,0.006806742445402404,0.00860753008316843,1.571144634063241,0.4605840646711968,0.03107033263342744,0.03623494258798383,5.43800247269633,0.7149440968527166,0.02373415425412035,0.02926644720373485,4.369031840991201
312,CATBOOST_XGBOOST,"{""alpha"": 0.3, ""cat_depth"": 6, ""cat_iterations"": 500, ""cat_l2_leaf_reg"": 3, ""cat_learning_rate"": 0.03, ""xgb_colsample_bytree"": 0.8, ""xgb_learning_rate"": 0.03, ""xgb_max_depth"": 3, ""xgb_n_estimators"": 500, ""xgb_subsample"": 0.8}",0.3,6,500,3,0.03,0.8,0.03,3,500,0.8,0.9886848196541508,0.008250665816585488,0.0104478083711151,1.905831936520185,0.4604638281277154,0.03118631027883961,0.03623898077188757,5.440890358463427,0.7051295096902417,0.02404043327349138,0.0297660112061039,4.427807634149849
313,CATBOOST_XGBOOST,"{""alpha"": 0.7, ""cat_depth"": 6, ""cat_iterations"": 300, ""cat_l2_leaf_reg"": 5, ""cat_learning_rate"": 0.05, ""xgb_colsample_bytree"": 0.8, ""xgb_learning_rate"": 0.05, ""xgb_max_depth"": 5, ""xgb_n_estimators"": 300, ""xgb_subsample"": 0.8}",0.7,6,300,5,0.05,0.8,0.05,5,300,0.8,0.9905096556144858,0.007576006429298228,0.00956831456067558,1.745329712275241,0.4604445707241438,0.03101631451569732,0.03623962749632151,5.411612609097999,0.7186230233540214,0.02304449872101056,0.02907697776825163,4.230188206911644
314,CATBOOST_XGBOOST,"{""alpha"": 0.7, ""cat_depth"": 6, ""cat_iterations"": 300, ""cat_l2_leaf_reg"": 5, ""cat_learning_rate"": 0.05, ""xgb_colsample_bytree"": 0.8, ""xgb_learning_rate"": 0.03, ""xgb_max_depth"": 5, ""xgb_n_estimators"": 500, ""xgb_subsample"": 1.0}",0.7,6,300,5,0.05,0.8,0.03,5,500,1.0,0.9903531226489115,0.007644174104153896,0.009646901334666167,1.761237535761927,0.4603429629685744,0.03082710789898691,0.03624303961458786,5.363308864545442,0.7206955174013704,0.02305026196888852,0.02896969599996819,4.225399419551793
315,CATBOOST_XGBOOST,"{""alpha"": 0.7, ""cat_depth"": 6, ""cat_iterations"": 300, ""cat_l2_leaf_reg"": 5, ""cat_learning_rate"": 0.05, ""xgb_colsample_bytree"": 1.0, ""xgb_learning_rate"": 0.03, ""xgb_max_depth"": 5, ""xgb_n_estimators"": 300, ""xgb_subsample"": 0.8}",0.7,6,300,5,0.05,1.0,0.03,5,300,0.8,0.9890385159460219,0.008116174346646625,0.01028322021773826,1.869001667831169,0.4603373874352803,0.03088620598809847,0.03624322683882312,5.37725490509245,0.7152551736237263,0.02326554278882126,0.02925047385089035,4.269634938678549
316,CATBOOST_XGBOOST,"{""alpha"": 0.7, ""cat_depth"": 6, ""cat_iterations"": 300, ""cat_l2_leaf_reg"": 3, ""cat_learning_rate"": 0.05, ""xgb_colsample_bytree"": 0.8, ""xgb_learning_rate"": 0.03, ""xgb_max_depth"": 5, ""xgb_n_estimators"": 300, ""xgb_subsample"": 1.0}",0.7,6,300,3,0.05,0.8,0.03,5,300,1.0,0.9915475798553491,0.007185265557286182,0.00902994274037055,1.649602070629547,0.460206232764922,0.03126289697244429,0.03624763068261673,5.441546330059948,0.7184816343954035,0.02346838561537808,0.02908428228785209,4.304150917193293
317,CATBOOST_XGBOOST,"{""alpha"": 0.3, ""cat_depth"": 4, ""cat_iterations"": 300, ""cat_l2_leaf_reg"": 3, ""cat_learning_rate"": 0.05, ""xgb_colsample_bytree"": 1.0, ""xgb_learning_rate"": 0.03, ""xgb_max_depth"": 5, ""xgb_n_estimators"": 500, ""xgb_subsample"": 1.0}",0.3,4,300,3,0.05,1.0,0.03,5,500,1.0,0.9956446522652407,0.005155769075384907,0.006481952972096072,1.190336790629831,0.4602056645424647,0.03089719054220588,0.03624764976093293,5.337672812396963,0.7133117540608014,0.02365092402329462,0.02935012320753108,4.367234754750786
318,CATBOOST_XGBOOST,"{""alpha"": 0.7, ""cat_depth"": 6, ""cat_iterations"": 300, ""cat_l2_leaf_reg"": 5, ""cat_learning_rate"": 0.05, ""xgb_colsample_bytree"": 1.0, ""xgb_learning_rate"": 0.05, ""xgb_max_depth"": 5, ""xgb_n_estimators"": 500, ""xgb_subsample"": 0.8}",0.7,6,300,5,0.05,1.0,0.05,5,500,0.8,0.9914411434107956,0.00720406225863151,0.009086619301265158,1.660768415755513,0.4599529611853649,0.0309146029510323,0.03625613339107173,5.388845223421419,0.7156406736562222,0.02331162926707972,0.02923066685763448,4.278112844576281
319,CATBOOST_XGBOOST,"{""alpha"": 0.5, ""cat_depth"": 6, ""cat_iterations"": 500, ""cat_l2_leaf_reg"": 5, ""cat_learning_rate"": 0.05, ""xgb_colsample_bytree"": 1.0, ""xgb_learning_rate"": 0.05, ""xgb_max_depth"": 3, ""xgb_n_estimators"": 500, ""xgb_subsample"": 0.8}",0.5,6,500,5,0.05,1.0,0.05,3,500,0.8,0.9945324293993549,0.005696109411361769,0.007262592185781534,1.305395631010352,0.4598194377356649,0.03096340299750418,0.03626061517178927,5.416732644878501,0.7170310452557503,0.02306032556323216,0.02915911778906067,4.236975458233044
320,CATBOOST_XGBOOST,"{""alpha"": 0.3, ""cat_depth"": 6, ""cat_iterations"": 300, ""cat_l2_leaf_reg"": 3, ""cat_learning_rate"": 0.03, ""xgb_colsample_bytree"": 1.0, ""xgb_learning_rate"": 0.03, ""xgb_max_depth"": 5, ""xgb_n_estimators"": 500, ""xgb_subsample"": 0.8}",0.3,6,300,3,0.03,1.0,0.03,5,500,0.8,0.995878227070935,0.004967599779054832,0.006305746238606124,1.145116436300036,0.4597703357790718,0.03092037966422547,0.03626226316397714,5.345941852415327,0.7248804619954672,0.02371445243392712,0.02875184388834622,4.387520255873767
321,CATBOOST_XGBOOST,"{""alpha"": 0.7, ""cat_depth"": 6, ""cat_iterations"": 300, ""cat_l2_leaf_reg"": 5, ""cat_learning_rate"": 0.05, ""xgb_colsample_bytree"": 0.8, ""xgb_learning_rate"": 0.03, ""xgb_max_depth"": 5, ""xgb_n_estimators"": 300, ""xgb_subsample"": 1.0}",0.7,6,300,5,0.05,0.8,0.03,5,300,1.0,0.9890517123827436,0.008129509378195966,0.01027702841326128,1.874024483752254,0.4597031759813174,0.03091608609725371,0.03626451710404816,5.378647966446499,0.7212092231213563,0.02304156738167322,0.02894304274414031,4.224315788549969
322,CATBOOST_XGBOOST,"{""alpha"": 0.7, ""cat_depth"": 6, ""cat_iterations"": 300, ""cat_l2_leaf_reg"": 5, ""cat_learning_rate"": 0.05, ""xgb_colsample_bytree"": 0.8, ""xgb_learning_rate"": 0.05, ""xgb_max_depth"": 5, ""xgb_n_estimators"": 500, ""xgb_subsample"": 0.8}",0.7,6,300,5,0.05,0.8,0.05,5,500,0.8,0.9914281428836053,0.007209831069788287,0.009093517770424608,1.662350674180438,0.4596808129849366,0.03105455401975776,0.03626526759418357,5.419414492198587,0.7192576780686876,0.02302317692184511,0.02904416723270765,4.226226499119087
323,CATBOOST_XGBOOST,"{""alpha"": 0.3, ""cat_depth"": 4, ""cat_iterations"": 300, ""cat_l2_leaf_reg"": 3, ""cat_learning_rate"": 0.03, ""xgb_colsample_bytree"": 1.0, ""xgb_learning_rate"": 0.05, ""xgb_max_depth"": 5, ""xgb_n_estimators"": 500, ""xgb_subsample"": 1.0}",0.3,4,300,3,0.03,1.0,0.05,5,500,1.0,0.9951448448990373,0.005469942582303363,0.006843779560138289,1.2733377572666,0.4596341115137738,0.03136644590912968,0.03626683482036613,5.422588806555849,0.7193335104873744,0.02324562332839998,0.02904024435035468,4.295432814051274
324,CATBOOST_XGBOOST,"{""alpha"": 0.7, ""cat_depth"": 6, ""cat_iterations"": 500, ""cat_l2_leaf_reg"": 3, ""cat_learning_rate"": 0.05, ""xgb_colsample_bytree"": 0.8, ""xgb_learning_rate"": 0.05, ""xgb_max_depth"": 3, ""xgb_n_estimators"": 500, ""xgb_subsample"": 1.0}",0.7,6,500,3,0.05,0.8,0.05,3,500,1.0,0.995664146958932,0.005116201859231488,0.006467429974752087,1.171189981853247,0.4595395259397629,0.03100426737390928,0.03627000875247825,5.432259046803561,0.7070824171843724,0.02374577340573823,0.02966727831059393,4.372946983874976
325,CATBOOST_XGBOOST,"{""alpha"": 0.5, ""cat_depth"": 6, ""cat_iterations"": 500, ""cat_l2_leaf_reg"": 3, ""cat_learning_rate"": 0.05, ""xgb_colsample_bytree"": 1.0, ""xgb_learning_rate"": 0.05, ""xgb_max_depth"": 3, ""xgb_n_estimators"": 500, ""xgb_subsample"": 0.8}",0.5,6,500,3,0.05,1.0,0.05,3,500,0.8,0.9958316018822717,0.004995507858379165,0.006341311011035644,1.145336277048497,0.4594477163282871,0.0309946322556771,0.03627308926823021,5.425903157389927,0.7110749493160977,0.02357985103851303,0.02946439879784572,4.336137648188199
326,CATBOOST_XGBOOST,"{""alpha"": 0.7, ""cat_depth"": 6, ""cat_iterations"": 300, ""cat_l2_leaf_reg"": 3, ""cat_learning_rate"": 0.05, ""xgb_colsample_bytree"": 0.8, ""xgb_learning_rate"": 0.03, ""xgb_max_depth"": 3, ""xgb_n_estimators"": 500, ""xgb_subsample"": 0.8}",0.7,6,300,3,0.05,0.8,0.03,3,500,0.8,0.988263874674772,0.008512329825799738,0.0106403723872205,1.958298898938946,0.4593878799011653,0.03134778504230468,0.03627509683721737,5.478543669185616,0.7000321596792549,0.02420004530436697,0.03002218751047006,4.448485002135408
327,CATBOOST_XGBOOST,"{""alpha"": 0.5, ""cat_depth"": 6, ""cat_iterations"": 500, ""cat_l2_leaf_reg"": 3, ""cat_learning_rate"": 0.05, ""xgb_colsample_bytree"": 1.0, ""xgb_learning_rate"": 0.05, ""xgb_max_depth"": 3, ""xgb_n_estimators"": 300, ""xgb_subsample"": 0.8}",0.5,6,500,3,0.05,1.0,0.05,3,300,0.8,0.9929332430494057,0.006490769239305875,0.008256662554869575,1.498734961266453,0.4593535056964878,0.03104807101030135,0.03627625007420238,5.432756761327632,0.7102366542716647,0.02356743243673215,0.02950711224407214,4.337089105269579
328,CATBOOST_XGBOOST,"{""alpha"": 0.5, ""cat_depth"": 6, ""cat_iterations"": 300, ""cat_l2_leaf_reg"": 5, ""cat_learning_rate"": 0.05, ""xgb_colsample_bytree"": 0.8, ""xgb_learning_rate"": 0.03, ""xgb_max_depth"": 3, ""xgb_n_estimators"": 300, ""xgb_subsample"": 0.8}",0.5,6,300,5,0.05,0.8,0.03,3,300,0.8,0.9814544468016794,0.01056492805840601,0.01337563331924222,2.448014297975321,0.4593085331997017,0.03114763350901808,0.03627775882310916,5.435814592494715,0.7073842386073177,0.0238008931887026,0.02965198983275959,4.372764821957866
329,CATBOOST_XGBOOST,"{""alpha"": 0.3, ""cat_depth"": 6, ""cat_iterations"": 300, ""cat_l2_leaf_reg"": 3, ""cat_learning_rate"": 0.03, ""xgb_colsample_bytree"": 0.8, ""xgb_learning_rate"": 0.05, ""xgb_max_depth"": 5, ""xgb_n_estimators"": 500, ""xgb_subsample"": 0.8}",0.3,6,300,3,0.03,0.8,0.05,5,500,0.8,0.9970078203660935,0.004262112351122401,0.00537264678415072,0.9852227458291751,0.4593031084616397,0.0312669896737018,0.0362779408093782,5.432741189525752,0.7375413372072381,0.02284212548583217,0.02808247887472514,4.216164704386478
330,CATBOOST_XGBOOST,"{""alpha"": 0.5, ""cat_depth"": 6, ""cat_iterations"": 500, ""cat_l2_leaf_reg"": 5, ""cat_learning_rate"": 0.05, ""xgb_colsample_bytree"": 1.0, ""xgb_learning_rate"": 0.05, ""xgb_max_depth"": 3, ""xgb_n_estimators"": 300, ""xgb_subsample"": 0.8}",0.5,6,500,5,0.05,1.0,0.05,3,300,0.8,0.991202704004938,0.007202499857729141,0.00921232095985441,1.661137948517242,0.4588932896350095,0.03102276275387926,0.03629168655793707,5.424443576138959,0.7153790315700069,0.02304603321989066,0.02924411149178757,4.235898499213678
331,CATBOOST_XGBOOST,"{""alpha"": 0.7, ""cat_depth"": 6, ""cat_iterations"": 300, ""cat_l2_leaf_reg"": 5, ""cat_learning_rate"": 0.05, ""xgb_colsample_bytree"": 1.0, ""xgb_learning_rate"": 0.05, ""xgb_max_depth"": 5, ""xgb_n_estimators"": 300, ""xgb_subsample"": 0.8}",0.7,6,300,5,0.05,1.0,0.05,5,300,0.8,0.9905945882880692,0.007540550197387528,0.009525403108157316,1.737225420906829,0.4588372576024655,0.03090284617519166,0.03629356552587768,5.385801653467819,0.7146777310832814,0.02335098884175657,0.02928011778445211,4.284311246834474
332,CATBOOST_XGBOOST,"{""alpha"": 0.5, ""cat_depth"": 6, ""cat_iterations"": 500, ""cat_l2_leaf_reg"": 3, ""cat_learning_rate"": 0.05, ""xgb_colsample_bytree"": 1.0, ""xgb_learning_rate"": 0.05, ""xgb_max_depth"": 3, ""xgb_n_estimators"": 300, ""xgb_subsample"": 1.0}",0.5,6,500,3,0.05,1.0,0.05,3,300,1.0,0.9926853978115403,0.006579932457203595,0.00840020363117285,1.5207372659339,0.4587857018352535,0.03099365719098414,0.03629529430162834,5.422233195549483,0.7175059752503239,0.02348013082797998,0.02913463744397798,4.32334275017989
333,CATBOOST_XGBOOST,"{""alpha"": 0.3, ""cat_depth"": 4, ""cat_iterations"": 300, ""cat_l2_leaf_reg"": 5, ""cat_learning_rate"": 0.03, ""xgb_colsample_bytree"": 0.8, ""xgb_learning_rate"": 0.05, ""xgb_max_depth"": 5, ""xgb_n_estimators"": 300, ""xgb_subsample"": 1.0}",0.3,4,300,5,0.03,0.8,0.05,5,300,1.0,0.9932256374228982,0.006451382817817783,0.008084044152552058,1.500716415210737,0.4587417435800524,0.03146389107189281,0.03629676825142922,5.432987505752234,0.7112546731276745,0.02391243325634525,0.0294552333104615,4.404216062361447
334,CATBOOST_XGBOOST,"{""alpha"": 0.3, ""cat_depth"": 4, ""cat_iterations"": 300, ""cat_l2_leaf_reg"": 3, ""cat_learning_rate"": 0.05, ""xgb_colsample_bytree"": 1.0, ""xgb_learning_rate"": 0.05, ""xgb_max_depth"": 5, ""xgb_n_estimators"": 500, ""xgb_subsample"": 1.0}",0.3,4,300,3,0.05,1.0,0.05,5,500,1.0,0.9969789072520353,0.00434179669723083,0.005398542036446798,1.000525544971023,0.4585860664630057,0.0312713583532055,0.03630198772838419,5.402643496034186,0.7156005794467372,0.02344979225058052,0.02923272752359981,4.327210232670597
335,CATBOOST_XGBOOST,"{""alpha"": 0.7, ""cat_depth"": 6, ""cat_iterations"": 500, ""cat_l2_leaf_reg"": 5, ""cat_learning_rate"": 0.05, ""xgb_colsample_bytree"": 1.0, ""xgb_learning_rate"": 0.03, ""xgb_max_depth"": 3, ""xgb_n_estimators"": 300, ""xgb_subsample"": 1.0}",0.7,6,500,5,0.05,1.0,0.03,3,300,1.0,0.9896671574590924,0.007877479681722047,0.00998399520822826,1.816195189616467,0.4583148109267133,0.03113688542904222,0.03631108047744828,5.446843732743831,0.7205200515613686,0.02313368335200709,0.0289787943035481,4.255112494262135
336,CATBOOST_XGBOOST,"{""alpha"": 0.3, ""cat_depth"": 6, ""cat_iterations"": 300, ""cat_l2_leaf_reg"": 3, ""cat_learning_rate"": 0.03, ""xgb_colsample_bytree"": 1.0, ""xgb_learning_rate"": 0.05, ""xgb_max_depth"": 5, ""xgb_n_estimators"": 500, ""xgb_subsample"": 0.8}",0.3,6,300,3,0.03,1.0,0.05,5,500,0.8,0.997027059248627,0.004242546020900998,0.005355346618495977,0.9801332774962711,0.4581861557708278,0.03094932575800612,0.03631539232726349,5.363138347310182,0.7277627530167529,0.0235726994233438,0.02860083793540251,4.350664121886512
337,CATBOOST_XGBOOST,"{""alpha"": 0.7, ""cat_depth"": 6, ""cat_iterations"": 300, ""cat_l2_leaf_reg"": 3, ""cat_learning_rate"": 0.05, ""xgb_colsample_bytree"": 1.0, ""xgb_learning_rate"": 0.03, ""xgb_max_depth"": 3, ""xgb_n_estimators"": 300, ""xgb_subsample"": 0.8}",0.7,6,300,3,0.05,1.0,0.03,3,300,0.8,0.9859100376514284,0.009288992673349584,0.01165867979294305,2.140350829846787,0.4580196345809739,0.03123634045944245,0.03632097248900433,5.455823449139375,0.701054992783589,0.02419784768883064,0.02997095883745561,4.444454201471576
338,CATBOOST_XGBOOST,"{""alpha"": 0.5, ""cat_depth"": 6, ""cat_iterations"": 500, ""cat_l2_leaf_reg"": 5, ""cat_learning_rate"": 0.05, ""xgb_colsample_bytree"": 1.0, ""xgb_learning_rate"": 0.05, ""xgb_max_depth"": 3, ""xgb_n_estimators"": 300, ""xgb_subsample"": 1.0}",0.5,6,500,5,0.05,1.0,0.05,3,300,1.0,0.9909307603279607,0.007320901858353463,0.009353623779581812,1.6904108529854,0.4579532721631054,0.03096947652409252,0.03632319606934844,5.415435741021715,0.7227432438586905,0.02302540831426126,0.02886330468294522,4.237464182777797
339,CATBOOST_XGBOOST,"{""alpha"": 0.5, ""cat_depth"": 6, ""cat_iterations"": 500, ""cat_l2_leaf_reg"": 3, ""cat_learning_rate"": 0.03, ""xgb_colsample_bytree"": 0.8, ""xgb_learning_rate"": 0.05, ""xgb_max_depth"": 5, ""xgb_n_estimators"": 300, ""xgb_subsample"": 0.8}",0.5,6,500,3,0.03,0.8,0.05,5,300,0.8,0.9956695689756324,0.005069310541426547,0.00646338492495525,1.164293080108674,0.4579138389696938,0.03144453094399887,0.03632451727792061,5.470682566818558,0.7317237430842118,0.02284852079468418,0.02839200769829204,4.207389230716567
340,CATBOOST_XGBOOST,"{""alpha"": 0.5, ""cat_depth"": 6, ""cat_iterations"": 300, ""cat_l2_leaf_reg"": 5, ""cat_learning_rate"": 0.03, ""xgb_colsample_bytree"": 0.8, ""xgb_learning_rate"": 0.05, ""xgb_max_depth"": 5, ""xgb_n_estimators"": 500, ""xgb_subsample"": 1.0}",0.5,6,300,5,0.03,0.8,0.05,5,500,1.0,0.9909197302559066,0.007436500295788107,0.009359310022182162,1.720661034379539,0.4579116477668159,0.03130719599604242,0.03632459069273184,5.415639257685615,0.7301475950439014,0.02329566542369003,0.02847528840408891,4.291163462453816
341,CATBOOST_XGBOOST,"{""alpha"": 0.7, ""cat_depth"": 6, ""cat_iterations"": 500, ""cat_l2_leaf_reg"": 5, ""cat_learning_rate"": 0.05, ""xgb_colsample_bytree"": 0.8, ""xgb_learning_rate"": 0.05, ""xgb_max_depth"": 3, ""xgb_n_estimators"": 500, ""xgb_subsample"": 1.0}",0.7,6,500,5,0.05,0.8,0.05,3,500,1.0,0.9937011734035567,0.006153599033409979,0.007795146552107399,1.408084427987355,0.4576697256661845,0.03108310257180875,0.0363326952212887,5.441134836627583,0.7132026157486857,0.02313449758578288,0.02935570927210611,4.257382101630369
342,CATBOOST_XGBOOST,"{""alpha"": 0.7, ""cat_depth"": 6, ""cat_iterations"": 500, ""cat_l2_leaf_reg"": 3, ""cat_learning_rate"": 0.03, ""xgb_colsample_bytree"": 1.0, ""xgb_learning_rate"": 0.03, ""xgb_max_depth"": 5, ""xgb_n_estimators"": 500, ""xgb_subsample"": 1.0}",0.7,6,500,3,0.03,1.0,0.03,5,500,1.0,0.9931236116113186,0.006401958114220966,0.008144691844708386,1.47232225733469,0.4575241817351444,0.03123876782274208,0.03633757015525726,5.425422495246585,0.7249458381414965,0.02308976088314241,0.02874842756168679,4.254340075039124
343,CATBOOST_XGBOOST,"{""alpha"": 0.7, ""cat_depth"": 6, ""cat_iterations"": 500, ""cat_l2_leaf_reg"": 3, ""cat_learning_rate"": 0.03, ""xgb_colsample_bytree"": 1.0, ""xgb_learning_rate"": 0.05, ""xgb_max_depth"": 5, ""xgb_n_estimators"": 500, ""xgb_subsample"": 1.0}",0.7,6,500,3,0.03,1.0,0.05,5,500,1.0,0.993868512613044,0.006057603731914107,0.007690903777325799,1.391841344976449,0.4572134165247177,0.0313723346793987,0.03634797691944557,5.447702889572416,0.7264659449196924,0.02304163466002631,0.02866887736424647,4.244300079143694
344,CATBOOST_XGBOOST,"{""alpha"": 0.3, ""cat_depth"": 4, ""cat_iterations"": 500, ""cat_l2_leaf_reg"": 5, ""cat_learning_rate"": 0.05, ""xgb_colsample_bytree"": 1.0, ""xgb_learning_rate"": 0.05, ""xgb_max_depth"": 5, ""xgb_n_estimators"": 300, ""xgb_subsample"": 1.0}",0.3,4,500,5,0.05,1.0,0.05,5,300,1.0,0.9968886967524813,0.004277789504676734,0.005478549997162386,0.9841198410952995,0.4571775826665713,0.03104841058176407,0.03634917671582243,5.363296093303163,0.7153713013524202,0.02363065820006293,0.02924450861960861,4.359589105321263
345,CATBOOST_XGBOOST,"{""alpha"": 0.7, ""cat_depth"": 6, ""cat_iterations"": 300, ""cat_l2_leaf_reg"": 5, ""cat_learning_rate"": 0.05, ""xgb_colsample_bytree"": 0.8, ""xgb_learning_rate"": 0.03, ""xgb_max_depth"": 3, ""xgb_n_estimators"": 500, ""xgb_subsample"": 0.8}",0.7,6,300,5,0.05,0.8,0.03,3,500,0.8,0.9853383634978045,0.009430526113740477,0.01189284290574766,2.176239244346425,0.456945480537104,0.03104375384945538,0.03635694704677409,5.422852322680338,0.7019812836672569,0.02378253849400818,0.02992448981491186,4.36923553535249
346,CATBOOST_XGBOOST,"{""alpha"": 0.3, ""cat_depth"": 6, ""cat_iterations"": 300, ""cat_l2_leaf_reg"": 3, ""cat_learning_rate"": 0.03, ""xgb_colsample_bytree"": 0.8, ""xgb_learning_rate"": 0.03, ""xgb_max_depth"": 5, ""xgb_n_estimators"": 500, ""xgb_subsample"": 1.0}",0.3,6,300,3,0.03,0.8,0.03,5,500,1.0,0.9953171697289478,0.005264751165328915,0.006721228600719612,1.212658320897774,0.4567927135780688,0.03090824531218749,0.03636206048335042,5.33713759598068,0.7360437435427634,0.02304742069324449,0.02816248446357319,4.252138151074882
347,CATBOOST_XGBOOST,"{""alpha"": 0.3, ""cat_depth"": 6, ""cat_iterations"": 500, ""cat_l2_leaf_reg"": 5, ""cat_learning_rate"": 0.05, ""xgb_colsample_bytree"": 1.0, ""xgb_learning_rate"": 0.05, ""xgb_max_depth"": 3, ""xgb_n_estimators"": 500, ""xgb_subsample"": 1.0}",0.3,6,500,5,0.05,1.0,0.05,3,500,1.0,0.9945802289161625,0.005634509513365105,0.007230776368280304,1.291221829727385,0.4567758301204589,0.03055095461350106,0.03636262556462961,5.342680298013796,0.7270247786947617,0.02274429763013679,0.028639576939151,4.182095934005547
348,CATBOOST_XGBOOST,"{""alpha"": 0.5, ""cat_depth"": 6, ""cat_iterations"": 500, ""cat_l2_leaf_reg"": 3, ""cat_learning_rate"": 0.03, ""xgb_colsample_bytree"": 1.0, ""xgb_learning_rate"": 0.03, ""xgb_max_depth"": 5, ""xgb_n_estimators"": 500, ""xgb_subsample"": 0.8}",0.5,6,500,3,0.03,1.0,0.03,5,500,0.8,0.9958666985690651,0.004936663116318774,0.006314558592828631,1.133348875629672,0.456717634506418,0.03123170462856513,0.03636457327679667,5.415954274456507,0.7242799812363738,0.02349376996705783,0.02878320392687843,4.33274566720025
349,CATBOOST_XGBOOST,"{""alpha"": 0.3, ""cat_depth"": 6, ""cat_iterations"": 300, ""cat_l2_leaf_reg"": 3, ""cat_learning_rate"": 0.03, ""xgb_colsample_bytree"": 1.0, ""xgb_learning_rate"": 0.03, ""xgb_max_depth"": 5, ""xgb_n_estimators"": 300, ""xgb_subsample"": 0.8}",0.3,6,300,3,0.03,1.0,0.03,5,300,0.8,0.9929591846868119,0.006473906731262943,0.00824149376668412,1.488871939792594,0.4566898712578586,0.0309253186781373,0.0363655024306334,5.344571180552479,0.7243374747003959,0.02369717125285829,0.02878020281657922,4.385750132936299
350,CATBOOST_XGBOOST,"{""alpha"": 0.5, ""cat_depth"": 6, ""cat_iterations"": 500, ""cat_l2_leaf_reg"": 3, ""cat_learning_rate"": 0.03, ""xgb_colsample_bytree"": 0.8, ""xgb_learning_rate"": 0.05, ""xgb_max_depth"": 5, ""xgb_n_estimators"": 500, ""xgb_subsample"": 0.8}",0.5,6,500,3,0.03,0.8,0.05,5,500,0.8,0.9967195771717927,0.004428566783951661,0.00562547722741575,1.018349717916342,0.4566344076087301,0.03151185318856613,0.03636735856388754,5.484382492894,0.732574518709816,0.02282791665466912,0.02834695263176292,4.203172702921458
351,CATBOOST_XGBOOST,"{""alpha"": 0.3, ""cat_depth"": 6, ""cat_iterations"": 300, ""cat_l2_leaf_reg"": 3, ""cat_learning_rate"": 0.03, ""xgb_colsample_bytree"": 0.8, ""xgb_learning_rate"": 0.03, ""xgb_max_depth"": 3, ""xgb_n_estimators"": 500, ""xgb_subsample"": 0.8}",0.3,6,300,3,0.03,0.8,0.03,3,500,0.8,0.9848192093208225,0.00961112490322256,0.01210156824361303,2.222576666652616,0.4566300926161911,0.03134062191861496,0.03636750296442699,5.462631595379366,0.7057986675619499,0.02405821155874416,0.02973221760109227,4.433031692890125
352,CATBOOST_XGBOOST,"{""alpha"": 0.3, ""cat_depth"": 6, ""cat_iterations"": 500, ""cat_l2_leaf_reg"": 3, ""cat_learning_rate"": 0.05, ""xgb_colsample_bytree"": 1.0, ""xgb_learning_rate"": 0.05, ""xgb_max_depth"": 3, ""xgb_n_estimators"": 500, ""xgb_subsample"": 1.0}",0.3,6,500,3,0.05,1.0,0.05,3,500,1.0,0.9953514649860904,0.005192708404057275,0.006696571519718448,1.190090310917564,0.4565413332411734,0.03052002184990169,0.03637047315561668,5.337468293611077,0.7228553874043703,0.02303680173226448,0.02885746684378247,4.23809340007035
353,CATBOOST_XGBOOST,"{""alpha"": 0.3, ""cat_depth"": 6, ""cat_iterations"": 300, ""cat_l2_leaf_reg"": 3, ""cat_learning_rate"": 0.03, ""xgb_colsample_bytree"": 1.0, ""xgb_learning_rate"": 0.03, ""xgb_max_depth"": 3, ""xgb_n_estimators"": 300, ""xgb_subsample"": 0.8}",0.3,6,300,3,0.03,1.0,0.03,3,300,0.8,0.977620734194201,0.01166751189704327,0.01469323333739057,2.709035721904814,0.4564517600655197,0.0311428835095726,0.03637347033346294,5.42175154058414,0.7077258218306002,0.02404603166688753,0.02963467774430873,4.428921500925711
354,CATBOOST_XGBOOST,"{""alpha"": 0.3, ""cat_depth"": 6, ""cat_iterations"": 300, ""cat_l2_leaf_reg"": 3, ""cat_learning_rate"": 0.03, ""xgb_colsample_bytree"": 1.0, ""xgb_learning_rate"": 0.05, ""xgb_max_depth"": 5, ""xgb_n_estimators"": 300, ""xgb_subsample"": 0.8}",0.3,6,300,3,0.03,1.0,0.05,5,300,0.8,0.9957451122928763,0.005044147069461605,0.006406760799997887,1.162028164784835,0.4564330050080011,0.03092189127820039,0.03637409785885402,5.356036380836149,0.7261126591939697,0.02359294930026854,0.02868738518208165,4.352236894232249
355,CATBOOST_XGBOOST,"{""alpha"": 0.3, ""cat_depth"": 4, ""cat_iterations"": 500, ""cat_l2_leaf_reg"": 5, ""cat_learning_rate"": 0.05, ""xgb_colsample_bytree"": 1.0, ""xgb_learning_rate"": 0.03, ""xgb_max_depth"": 5, ""xgb_n_estimators"": 300, ""xgb_subsample"": 1.0}",0.3,4,500,5,0.05,1.0,0.03,5,300,1.0,0.9947238358376248,0.005513546808405589,0.007134336804605061,1.271414297637838,0.4563593721466822,0.03085575165027124,0.03637656143577359,5.330774169877486,0.7109873451241516,0.02395576695515557,0.02946886537007847,4.423002692736967
356,CATBOOST_XGBOOST,"{""alpha"": 0.3, ""cat_depth"": 4, ""cat_iterations"": 300, ""cat_l2_leaf_reg"": 3, ""cat_learning_rate"": 0.03, ""xgb_colsample_bytree"": 1.0, ""xgb_learning_rate"": 0.05, ""xgb_max_depth"": 5, ""xgb_n_estimators"": 300, ""xgb_subsample"": 1.0}",0.3,4,300,3,0.03,1.0,0.05,5,300,1.0,0.9935076026127143,0.00630976746212392,0.007914017483673751,1.467948537116788,0.4562304579334103,0.03137171803609659,0.03638087419091691,5.421525694203295,0.7184987590254883,0.02330942689608125,0.02908339768277707,4.307743625251602
357,CATBOOST_XGBOOST,"{""alpha"": 0.3, ""cat_depth"": 6, ""cat_iterations"": 500, ""cat_l2_leaf_reg"": 5, ""cat_learning_rate"": 0.03, ""xgb_colsample_bytree"": 1.0, ""xgb_learning_rate"": 0.03, ""xgb_max_depth"": 3, ""xgb_n_estimators"": 500, ""xgb_subsample"": 0.8}",0.3,6,500,5,0.03,1.0,0.03,3,500,0.8,0.9880538172110815,0.00851404356362652,0.01073517271419042,1.967896763473314,0.4560118055726364,0.03091275124105831,0.03638818791843565,5.393719355346539,0.7024336289158479,0.02374627540894715,0.02990177087077064,4.367656126368347
358,CATBOOST_XGBOOST,"{""alpha"": 0.3, ""cat_depth"": 6, ""cat_iterations"": 500, ""cat_l2_leaf_reg"": 5, ""cat_learning_rate"": 0.05, ""xgb_colsample_bytree"": 0.8, ""xgb_learning_rate"": 0.03, ""xgb_max_depth"": 5, ""xgb_n_estimators"": 300, ""xgb_subsample"": 0.8}",0.3,6,500,5,0.05,0.8,0.03,5,300,0.8,0.9959897064786691,0.004775844857776595,0.006219887627984548,1.092980164647103,0.4559381324421821,0.03155608494387849,0.03639065188822568,5.485698649576451,0.7503701870673584,0.02226527592055404,0.02738755171249437,4.092609657704255
359,CATBOOST_XGBOOST,"{""alpha"": 0.7, ""cat_depth"": 6, ""cat_iterations"": 500, ""cat_l2_leaf_reg"": 3, ""cat_learning_rate"": 0.03, ""xgb_colsample_bytree"": 1.0, ""xgb_learning_rate"": 0.05, ""xgb_max_depth"": 5, ""xgb_n_estimators"": 300, ""xgb_subsample"": 1.0}",0.7,6,500,3,0.03,1.0,0.05,5,300,1.0,0.9930836318039654,0.006418706561387698,0.008168334436164762,1.475459691813322,0.4558877096452406,0.03137022520372453,0.03639233816330557,5.446263782933747,0.7259598652819368,0.02306962753280796,0.02869538600213049,4.249655171125793
360,CATBOOST_XGBOOST,"{""alpha"": 0.3, ""cat_depth"": 6, ""cat_iterations"": 500, ""cat_l2_leaf_reg"": 3, ""cat_learning_rate"": 0.05, ""xgb_colsample_bytree"": 0.8, ""xgb_learning_rate"": 0.03, ""xgb_max_depth"": 5, ""xgb_n_estimators"": 300, ""xgb_subsample"": 0.8}",0.3,6,500,3,0.05,0.8,0.03,5,300,0.8,0.9966712196380948,0.004349539510921534,0.005666788821928565,0.9950762832462979,0.455869928573251,0.0315928876918855,0.0363929327919417,5.493952619849641,0.7464469592579422,0.02256686485415014,0.0276019265940287,4.151244351007813
361,CATBOOST_XGBOOST,"{""alpha"": 0.5, ""cat_depth"": 6, ""cat_iterations"": 300, ""cat_l2_leaf_reg"": 5, ""cat_learning_rate"": 0.03, ""xgb_colsample_bytree"": 0.8, ""xgb_learning_rate"": 0.05, ""xgb_max_depth"": 5, ""xgb_n_estimators"": 300, ""xgb_subsample"": 1.0}",0.5,6,300,5,0.03,0.8,0.05,5,300,1.0,0.9895122594710418,0.007984946302573423,0.01005855107063655,1.844402669677964,0.4556471037799661,0.03133986246581636,0.0364003836002362,5.421630922782386,0.7273892778757076,0.02343563843988544,0.02862044958135528,4.320451468068072
362,CATBOOST_XGBOOST,"{""alpha"": 0.3, ""cat_depth"": 6, ""cat_iterations"": 300, ""cat_l2_leaf_reg"": 5, ""cat_learning_rate"": 0.03, ""xgb_colsample_bytree"": 1.0, ""xgb_learning_rate"": 0.03, ""xgb_max_depth"": 3, ""xgb_n_estimators"": 500, ""xgb_subsample"": 0.8}",0.3,6,300,5,0.03,1.0,0.03,3,500,0.8,0.9844515904228418,0.009762456657107132,0.01224721788853452,2.259508697790425,0.4556311767731342,0.03099506225821443,0.03640091610857932,5.402524504941543,0.7051470167468415,0.02370341996877087,0.02976512755888383,4.36070657631803
363,CATBOOST_XGBOOST,"{""alpha"": 0.7, ""cat_depth"": 6, ""cat_iterations"": 300, ""cat_l2_leaf_reg"": 3, ""cat_learning_rate"": 0.05, ""xgb_colsample_bytree"": 0.8, ""xgb_learning_rate"": 0.03, ""xgb_max_depth"": 3, ""xgb_n_estimators"": 300, ""xgb_subsample"": 0.8}",0.7,6,300,3,0.05,0.8,0.03,3,300,0.8,0.9856624600160048,0.009380809740707086,0.01176066228891007,2.163472526994,0.4556091496755023,0.03146412513730172,0.03640165255635883,5.495765719652383,0.7008221737122172,0.02424180563366988,0.02998262729249112,4.452551583298976
364,CATBOOST_XGBOOST,"{""alpha"": 0.7, ""cat_depth"": 6, ""cat_iterations"": 300, ""cat_l2_leaf_reg"": 5, ""cat_learning_rate"": 0.05, ""xgb_colsample_bytree"": 1.0, ""xgb_learning_rate"": 0.03, ""xgb_max_depth"": 3, ""xgb_n_estimators"": 300, ""xgb_subsample"": 0.8}",0.7,6,300,5,0.05,1.0,0.03,3,300,0.8,0.982617533549925,0.01025157410721236,0.01294941526447389,2.369614303674306,0.4554826956302583,0.03097913306837167,0.036405880097047,5.409499244027165,0.7027228036042772,0.02373193399036634,0.02988723808433501,4.356611280596862
365,CATBOOST_XGBOOST,"{""alpha"": 0.3, ""cat_depth"": 6, ""cat_iterations"": 500, ""cat_l2_leaf_reg"": 3, ""cat_learning_rate"": 0.03, ""xgb_colsample_bytree"": 0.8, ""xgb_learning_rate"": 0.03, ""xgb_max_depth"": 3, ""xgb_n_estimators"": 300, ""xgb_subsample"": 0.8}",0.3,6,500,3,0.03,0.8,0.03,3,300,0.8,0.9820627738393473,0.0103984922682043,0.01315443199797451,2.413056091703191,0.4551721974383279,0.0314994826961419,0.03641625841639516,5.489199369138923,0.7079594790046126,0.02396013842068595,0.02962282972618778,4.414287977040193
366,CATBOOST_XGBOOST,"{""alpha"": 0.3, ""cat_depth"": 4, ""cat_iterations"": 300, ""cat_l2_leaf_reg"": 3, ""cat_learning_rate"": 0.05, ""xgb_colsample_bytree"": 1.0, ""xgb_learning_rate"": 0.05, ""xgb_max_depth"": 5, ""xgb_n_estimators"": 300, ""xgb_subsample"": 1.0}",0.3,4,300,3,0.05,1.0,0.05,5,300,1.0,0.9955723377366092,0.005208124333376397,0.006535543373706632,1.200762139145588,0.4550631893373951,0.03126758980147131,0.03641990128173114,5.399830030130929,0.7145159925714071,0.02351478598842681,0.02928841550996811,4.339734773816859
367,CATBOOST_XGBOOST,"{""alpha"": 0.3, ""cat_depth"": 4, ""cat_iterations"": 300, ""cat_l2_leaf_reg"": 3, ""cat_learning_rate"": 0.03, ""xgb_colsample_bytree"": 1.0, ""xgb_learning_rate"": 0.03, ""xgb_max_depth"": 5, ""xgb_n_estimators"": 300, ""xgb_subsample"": 1.0}",0.3,4,300,3,0.03,1.0,0.03,5,300,1.0,0.9905644083735107,0.0075528582466513,0.00954067333864605,1.756788911425859,0.4550254023526507,0.03125541783775694,0.0364211639734515,5.403875961141927,0.7140497673663463,0.02366592615047929,0.02931232127475734,4.377272483366008
368,CATBOOST_XGBOOST,"{""alpha"": 0.7, ""cat_depth"": 6, ""cat_iterations"": 500, ""cat_l2_leaf_reg"": 3, ""cat_learning_rate"": 0.03, ""xgb_colsample_bytree"": 1.0, ""xgb_learning_rate"": 0.03, ""xgb_max_depth"": 5, ""xgb_n_estimators"": 300, ""xgb_subsample"": 1.0}",0.7,6,500,3,0.03,1.0,0.03,5,300,1.0,0.9918863969666937,0.006944085611026988,0.008847108144736706,1.597981933496074,0.4549437312790414,0.03131545352438919,0.03642389294847315,5.438293388463578,0.7234493811422882,0.02319183511914058,0.02882652568856372,4.273632508947887
369,CATBOOST_XGBOOST,"{""alpha"": 0.3, ""cat_depth"": 6, ""cat_iterations"": 300, ""cat_l2_leaf_reg"": 3, ""cat_learning_rate"": 0.03, ""xgb_colsample_bytree"": 0.8, ""xgb_learning_rate"": 0.03, ""xgb_max_depth"": 5, ""xgb_n_estimators"": 300, ""xgb_subsample"": 1.0}",0.3,6,300,3,0.03,0.8,0.03,5,300,1.0,0.9929194987389778,0.006441705120665524,0.008264687948206836,1.485562271058852,0.4548155311154165,0.03108178760022937,0.03642817624430914,5.365706812888124,0.7375095288593774,0.02301756898543747,0.02808418053354005,4.248528070760583
370,CATBOOST_XGBOOST,"{""alpha"": 0.5, ""cat_depth"": 6, ""cat_iterations"": 500, ""cat_l2_leaf_reg"": 3, ""cat_learning_rate"": 0.03, ""xgb_colsample_bytree"": 1.0, ""xgb_learning_rate"": 0.05, ""xgb_max_depth"": 5, ""xgb_n_estimators"": 500, ""xgb_subsample"": 0.8}",0.5,6,500,3,0.03,1.0,0.05,5,500,0.8,0.9967352753014366,0.004416146148438384,0.005612001011391763,1.015163698682744,0.4545849477644142,0.03128495056331301,0.03643587899765154,5.43466619351132,0.7253570463543787,0.02338021093584898,0.02872692995719703,4.304010181817494
371,CATBOOST_XGBOOST,"{""alpha"": 0.5, ""cat_depth"": 6, ""cat_iterations"": 500, ""cat_l2_leaf_reg"": 3, ""cat_learning_rate"": 0.03, ""xgb_colsample_bytree"": 1.0, ""xgb_learning_rate"": 0.03, ""xgb_max_depth"": 5, ""xgb_n_estimators"": 300, ""xgb_subsample"": 0.8}",0.5,6,500,3,0.03,1.0,0.03,5,300,0.8,0.9938796530908307,0.005986137192109264,0.00768391368736436,1.373411192036445,0.4545773163409321,0.03123150923108044,0.03643613390137009,5.41416238898002,0.723821568023515,0.02347977729039548,0.02880712152497826,4.331163491394212
372,CATBOOST_XGBOOST,"{""alpha"": 0.3, ""cat_depth"": 4, ""cat_iterations"": 300, ""cat_l2_leaf_reg"": 3, ""cat_learning_rate"": 0.05, ""xgb_colsample_bytree"": 1.0, ""xgb_learning_rate"": 0.03, ""xgb_max_depth"": 5, ""xgb_n_estimators"": 300, ""xgb_subsample"": 1.0}",0.3,4,300,3,0.05,1.0,0.03,5,300,1.0,0.9930544532819312,0.006435189222205926,0.008185546437715553,1.486694220558317,0.4543942062654629,0.03109125124852908,0.03644224958334835,5.370480309554367,0.7103751824993263,0.02384612169525083,0.02950005811407378,4.404366235319613
373,CATBOOST_XGBOOST,"{""alpha"": 0.5, ""cat_depth"": 6, ""cat_iterations"": 500, ""cat_l2_leaf_reg"": 5, ""cat_learning_rate"": 0.03, ""xgb_colsample_bytree"": 1.0, ""xgb_learning_rate"": 0.03, ""xgb_max_depth"": 5, ""xgb_n_estimators"": 500, ""xgb_subsample"": 1.0}",0.5,6,500,5,0.03,1.0,0.03,5,500,1.0,0.9942629548130919,0.005823049521570794,0.007439411701595424,1.340939993449614,0.4542067569171522,0.03120997485241363,0.03644850912951728,5.408833490777156,0.7302808228079107,0.02309586827049684,0.02846825832525216,4.266861588447457
374,CATBOOST_XGBOOST,"{""alpha"": 0.5, ""cat_depth"": 6, ""cat_iterations"": 500, ""cat_l2_leaf_reg"": 3, ""cat_learning_rate"": 0.03, ""xgb_colsample_bytree"": 0.8, ""xgb_learning_rate"": 0.03, ""xgb_max_depth"": 5, ""xgb_n_estimators"": 500, ""xgb_subsample"": 1.0}",0.5,6,500,3,0.03,0.8,0.03,5,500,1.0,0.995484386257255,0.005153449160080458,0.006600135494258131,1.182261969968969,0.4539195728867502,0.03114259360100019,0.03645809705802105,5.392781100126116,0.7326031729897673,0.02301607815515784,0.02834543392219212,4.236064255546512
375,CATBOOST_XGBOOST,"{""alpha"": 0.5, ""cat_depth"": 6, ""cat_iterations"": 500, ""cat_l2_leaf_reg"": 3, ""cat_learning_rate"": 0.03, ""xgb_colsample_bytree"": 0.8, ""xgb_learning_rate"": 0.03, ""xgb_max_depth"": 3, ""xgb_n_estimators"": 500, ""xgb_subsample"": 0.8}",0.5,6,500,3,0.03,0.8,0.03,3,500,0.8,0.9887657806876518,0.00822071427554082,0.01041036381283893,1.894741256538633,0.4535340319626436,0.0315227287122706,0.0364709647672966,5.497607291694108,0.7079447745277418,0.02383241646093114,0.02962357548354048,4.387164191013755
376,CATBOOST_XGBOOST,"{""alpha"": 0.5, ""cat_depth"": 6, ""cat_iterations"": 300, ""cat_l2_leaf_reg"": 3, ""cat_learning_rate"": 0.03, ""xgb_colsample_bytree"": 1.0, ""xgb_learning_rate"": 0.03, ""xgb_max_depth"": 3, ""xgb_n_estimators"": 500, ""xgb_subsample"": 0.8}",0.5,6,300,3,0.03,1.0,0.03,3,500,0.8,0.9822507294195126,0.01042642755438072,0.01308533101393782,2.411102371055454,0.4535291016111125,0.03130748139417515,0.03647112929197144,5.4523659603501,0.7086291357407035,0.02375732426566821,0.02958884726337183,4.37156847235029
377,CATBOOST_XGBOOST,"{""alpha"": 0.7, ""cat_depth"": 6, ""cat_iterations"": 500, ""cat_l2_leaf_reg"": 3, ""cat_learning_rate"": 0.05, ""xgb_colsample_bytree"": 0.8, ""xgb_learning_rate"": 0.05, ""xgb_max_depth"": 3, ""xgb_n_estimators"": 300, ""xgb_subsample"": 1.0}",0.7,6,500,3,0.05,0.8,0.05,3,300,1.0,0.9940976317184091,0.005954374962389051,0.007545840311961993,1.368909618013949,0.4534905767649441,0.03120372061819547,0.03647241483150111,5.46405848300003,0.7047828181199234,0.02390326528932378,0.02978350463793978,4.399066905935811
378,CATBOOST_XGBOOST,"{""alpha"": 0.7, ""cat_depth"": 6, ""cat_iterations"": 300, ""cat_l2_leaf_reg"": 5, ""cat_learning_rate"": 0.05, ""xgb_colsample_bytree"": 0.8, ""xgb_learning_rate"": 0.03, ""xgb_max_depth"": 3, ""xgb_n_estimators"": 300, ""xgb_subsample"": 0.8}",0.7,6,300,5,0.05,0.8,0.03,3,300,0.8,0.9823414592859244,0.01033044011154668,0.01305184368198257,2.389021094718486,0.453315064374806,0.03118596286813145,0.03647827094903515,5.445475377562699,0.7023335734560165,0.02379332244834142,0.02990679762155493,4.368237268743848
379,CATBOOST_XGBOOST,"{""alpha"": 0.5, ""cat_depth"": 6, ""cat_iterations"": 500, ""cat_l2_leaf_reg"": 5, ""cat_learning_rate"": 0.03, ""xgb_colsample_bytree"": 1.0, ""xgb_learning_rate"": 0.05, ""xgb_max_depth"": 5, ""xgb_n_estimators"": 500, ""xgb_subsample"": 1.0}",0.5,6,500,5,0.03,1.0,0.05,5,500,1.0,0.9953834547594461,0.005251255455493176,0.006673489878930822,1.207122723163976,0.4533087884821609,0.03143868748806918,0.03647848033202744,5.447155761567428,0.7324176726334327,0.02299279036918986,0.02835526421178225,4.245723499011939
380,CATBOOST_XGBOOST,"{""alpha"": 0.5, ""cat_depth"": 6, ""cat_iterations"": 500, ""cat_l2_leaf_reg"": 3, ""cat_learning_rate"": 0.03, ""xgb_colsample_bytree"": 1.0, ""xgb_learning_rate"": 0.05, ""xgb_max_depth"": 5, ""xgb_n_estimators"": 300, ""xgb_subsample"": 0.8}",0.5,6,500,3,0.03,1.0,0.05,5,300,0.8,0.9957748880633364,0.004998894064144196,0.006384304137058807,1.147651423304288,0.4531600365070823,0.03126535481531917,0.03648344280153443,5.429593403975259,0.7241225389378367,0.02340522357639186,0.02879142068071777,4.307203964354398
381,CATBOOST_XGBOOST,"{""alpha"": 0.5, ""cat_depth"": 6, ""cat_iterations"": 500, ""cat_l2_leaf_reg"": 3, ""cat_learning_rate"": 0.03, ""xgb_colsample_bytree"": 1.0, ""xgb_learning_rate"": 0.03, ""xgb_max_depth"": 3, ""xgb_n_estimators"": 300, ""xgb_subsample"": 0.8}",0.5,6,500,3,0.03,1.0,0.03,3,300,0.8,0.9846907078966683,0.009616068058208086,0.01215267861818676,2.223623257774583,0.4529303717505232,0.03138148805589472,0.03649110325248289,5.468407430219792,0.7098798446588045,0.02373357877513109,0.0295252739306972,4.365204306056396
382,CATBOOST_XGBOOST,"{""alpha"": 0.3, ""cat_depth"": 6, ""cat_iterations"": 500, ""cat_l2_leaf_reg"": 5, ""cat_learning_rate"": 0.05, ""xgb_colsample_bytree"": 0.8, ""xgb_learning_rate"": 0.05, ""xgb_max_depth"": 3, ""xgb_n_estimators"": 500, ""xgb_subsample"": 0.8}",0.3,6,500,5,0.05,0.8,0.05,3,500,0.8,0.9946796502963838,0.005602254636240272,0.007164147978513758,1.286151014292052,0.4526527396916463,0.03094489943691806,0.03650036150277962,5.423498210723521,0.7074592788625262,0.02353023797480587,0.0296481875161201,4.325837976178731
383,CATBOOST_XGBOOST,"{""alpha"": 0.5, ""cat_depth"": 6, ""cat_iterations"": 500, ""cat_l2_leaf_reg"": 3, ""cat_learning_rate"": 0.03, ""xgb_colsample_bytree"": 0.8, ""xgb_learning_rate"": 0.03, ""xgb_max_depth"": 5, ""xgb_n_estimators"": 300, ""xgb_subsample"": 1.0}",0.5,6,500,3,0.03,0.8,0.03,5,300,1.0,0.9938850268652888,0.005978196032261009,0.007680539639503919,1.373703470242183,0.4524504398960868,0.03128946040709199,0.03650710615471034,5.41806770915167,0.7337297521829584,0.02296695591648594,0.02828565931231466,4.228402852313183
384,CATBOOST_XGBOOST,"{""alpha"": 0.3, ""cat_depth"": 6, ""cat_iterations"": 500, ""cat_l2_leaf_reg"": 3, ""cat_learning_rate"": 0.05, ""xgb_colsample_bytree"": 0.8, ""xgb_learning_rate"": 0.05, ""xgb_max_depth"": 3, ""xgb_n_estimators"": 500, ""xgb_subsample"": 0.8}",0.3,6,500,3,0.05,0.8,0.05,3,500,0.8,0.9954375849052216,0.005200767833524027,0.00663425034879058,1.194019864385506,0.4520672354803257,0.03099408389973299,0.03651987873136681,5.433952538209122,0.7032746900445666,0.02385398796465764,0.02985948280395042,4.388594804772065
385,CATBOOST_XGBOOST,"{""alpha"": 0.3, ""cat_depth"": 6, ""cat_iterations"": 500, ""cat_l2_leaf_reg"": 5, ""cat_learning_rate"": 0.03, ""xgb_colsample_bytree"": 1.0, ""xgb_learning_rate"": 0.03, ""xgb_max_depth"": 5, ""xgb_n_estimators"": 500, ""xgb_subsample"": 0.8}",0.3,6,500,5,0.03,1.0,0.03,5,500,0.8,0.9972321125399635,0.004027927501395198,0.005167359443317328,0.9249730235023519,0.4518181152124831,0.03121526496638967,0.03652817975724151,5.402926684666811,0.7235538216201267,0.02366835148704622,0.02882108194660044,4.373414069932111
386,CATBOOST_XGBOOST,"{""alpha"": 0.5, ""cat_depth"": 6, ""cat_iterations"": 300, ""cat_l2_leaf_reg"": 3, ""cat_learning_rate"": 0.05, ""xgb_colsample_bytree"": 1.0, ""xgb_learning_rate"": 0.05, ""xgb_max_depth"": 3, ""xgb_n_estimators"": 500, ""xgb_subsample"": 1.0}",0.5,6,300,3,0.05,1.0,0.05,3,500,1.0,0.9922075994818077,0.006907157098128088,0.008670219481034505,1.583828294592152,0.4516877736660289,0.03113735609095678,0.03653252216310141,5.442260319408506,0.7199833849929151,0.02325842422755237,0.029006603975587,4.278716687631857
387,CATBOOST_XGBOOST,"{""alpha"": 0.7, ""cat_depth"": 6, ""cat_iterations"": 300, ""cat_l2_leaf_reg"": 3, ""cat_learning_rate"": 0.05, ""xgb_colsample_bytree"": 1.0, ""xgb_learning_rate"": 0.05, ""xgb_max_depth"": 3, ""xgb_n_estimators"": 500, ""xgb_subsample"": 1.0}",0.7,6,300,3,0.05,1.0,0.05,3,500,1.0,0.9906215760404978,0.007612207064165565,0.009511727263788895,1.746547101359624,0.4515809221304417,0.03137907435637474,0.03653608160036009,5.486257548955553,0.7115300977958323,0.02373092799404918,0.02944118176981828,4.366272203218194
388,CATBOOST_XGBOOST,"{""alpha"": 0.7, ""cat_depth"": 6, ""cat_iterations"": 300, ""cat_l2_leaf_reg"": 3, ""cat_learning_rate"": 0.05, ""xgb_colsample_bytree"": 0.8, ""xgb_learning_rate"": 0.05, ""xgb_max_depth"": 3, ""xgb_n_estimators"": 500, ""xgb_subsample"": 0.8}",0.7,6,300,3,0.05,0.8,0.05,3,500,0.8,0.9906045151632304,0.007605463181424489,0.00952037502147726,1.744940116404044,0.4513145929866431,0.03158217213627938,0.03654495204509604,5.527545157598807,0.7012485607690675,0.0240350620136767,0.02996125411351144,4.420510460057865
389,CATBOOST_XGBOOST,"{""alpha"": 0.5, ""cat_depth"": 4, ""cat_iterations"": 500, ""cat_l2_leaf_reg"": 3, ""cat_learning_rate"": 0.05, ""xgb_colsample_bytree"": 0.8, ""xgb_learning_rate"": 0.05, ""xgb_max_depth"": 5, ""xgb_n_estimators"": 500, ""xgb_subsample"": 1.0}",0.5,4,500,3,0.05,0.8,0.05,5,500,1.0,0.996429547734592,0.004745017204198735,0.00586889140783485,1.08768116099893,0.4511925332828891,0.03110009835760716,0.0365490166857013,5.362406626746358,0.6995198332710149,0.02392129272401058,0.03004781458696753,4.372844011069833
390,CATBOOST_XGBOOST,"{""alpha"": 0.3, ""cat_depth"": 4, ""cat_iterations"": 300, ""cat_l2_leaf_reg"": 5, ""cat_learning_rate"": 0.05, ""xgb_colsample_bytree"": 1.0, ""xgb_learning_rate"": 0.03, ""xgb_max_depth"": 5, ""xgb_n_estimators"": 500, ""xgb_subsample"": 1.0}",0.3,4,300,5,0.05,1.0,0.03,5,500,1.0,0.9953204621689923,0.005296344335894284,0.006718865378909357,1.229440830832617,0.4510446929069513,0.03104272926407374,0.0365539392285272,5.361483136755557,0.713318045255011,0.02373946215325021,0.02934980117071793,4.380823731827076
391,CATBOOST_XGBOOST,"{""alpha"": 0.5, ""cat_depth"": 6, ""cat_iterations"": 500, ""cat_l2_leaf_reg"": 5, ""cat_learning_rate"": 0.03, ""xgb_colsample_bytree"": 1.0, ""xgb_learning_rate"": 0.05, ""xgb_max_depth"": 5, ""xgb_n_estimators"": 300, ""xgb_subsample"": 1.0}",0.5,6,500,5,0.03,1.0,0.05,5,300,1.0,0.9942062472922979,0.005863441475481138,0.007476088528363014,1.348864044602954,0.4509842925851474,0.03143517057368612,0.03655595014720826,5.444757069613977,0.731620558160754,0.02302783918213811,0.02839746726733723,4.252414083679457
392,CATBOOST_XGBOOST,"{""alpha"": 0.7, ""cat_depth"": 6, ""cat_iterations"": 500, ""cat_l2_leaf_reg"": 5, ""cat_learning_rate"": 0.05, ""xgb_colsample_bytree"": 0.8, ""xgb_learning_rate"": 0.05, ""xgb_max_depth"": 3, ""xgb_n_estimators"": 300, ""xgb_subsample"": 1.0}",0.7,6,500,5,0.05,0.8,0.05,3,300,1.0,0.9917787833018371,0.007028868863588699,0.008905586084742949,1.613986051036775,0.4509636684162343,0.03131686405735461,0.03655663676600626,5.479638093543175,0.7105300029930173,0.02330279438721049,0.02949217235324561,4.285147559206745
393,CATBOOST_XGBOOST,"{""alpha"": 0.3, ""cat_depth"": 4, ""cat_iterations"": 500, ""cat_l2_leaf_reg"": 5, ""cat_learning_rate"": 0.03, ""xgb_colsample_bytree"": 1.0, ""xgb_learning_rate"": 0.03, ""xgb_max_depth"": 5, ""xgb_n_estimators"": 500, ""xgb_subsample"": 1.0}",0.3,4,500,5,0.03,1.0,0.03,5,500,1.0,0.9950820256420453,0.005461027898685432,0.006887911973052579,1.266663598220058,0.4508901711786708,0.03116226230347409,0.03655908352749567,5.388736507405283,0.712211722887617,0.02373658874235278,0.02940637793643574,4.384081145926595
394,CATBOOST_XGBOOST,"{""alpha"": 0.3, ""cat_depth"": 6, ""cat_iterations"": 500, ""cat_l2_leaf_reg"": 5, ""cat_learning_rate"": 0.03, ""xgb_colsample_bytree"": 0.8, ""xgb_learning_rate"": 0.05, ""xgb_max_depth"": 5, ""xgb_n_estimators"": 300, ""xgb_subsample"": 0.8}",0.3,6,500,5,0.03,0.8,0.05,5,300,0.8,0.9970016203913517,0.004214474574180727,0.005378210126106499,0.9684175500344924,0.4508491906494274,0.03151322137538256,0.0365604477196489,5.479546192227336,0.7340220207323558,0.0227939164961809,0.02827013133185695,4.202961378505835
395,CATBOOST_XGBOOST,"{""alpha"": 0.5, ""cat_depth"": 6, ""cat_iterations"": 300, ""cat_l2_leaf_reg"": 5, ""cat_learning_rate"": 0.05, ""xgb_colsample_bytree"": 0.8, ""xgb_learning_rate"": 0.03, ""xgb_max_depth"": 5, ""xgb_n_estimators"": 500, ""xgb_subsample"": 0.8}",0.5,6,300,5,0.05,0.8,0.03,5,500,0.8,0.9941712566414244,0.005905534508489226,0.007498630000189163,1.359174255504026,0.4507057838784932,0.03158853671150891,0.03656522115657448,5.499509551912533,0.7376538474249925,0.02258872014686624,0.02807645906105005,4.143840358996774
396,CATBOOST_XGBOOST,"{""alpha"": 0.5, ""cat_depth"": 6, ""cat_iterations"": 300, ""cat_l2_leaf_reg"": 3, ""cat_learning_rate"": 0.05, ""xgb_colsample_bytree"": 0.8, ""xgb_learning_rate"": 0.03, ""xgb_max_depth"": 5, ""xgb_n_estimators"": 500, ""xgb_subsample"": 0.8}",0.5,6,300,3,0.05,0.8,0.03,5,500,0.8,0.9954445846386794,0.005267796546536593,0.006629159206453946,1.208214129875589,0.4504519759138856,0.03183625876521646,0.03657366787992036,5.544436954493567,0.7347276569650495,0.02286175950264817,0.0282326062755757,4.193772874845411
397,CATBOOST_XGBOOST,"{""alpha"": 0.5, ""cat_depth"": 6, ""cat_iterations"": 300, ""cat_l2_leaf_reg"": 5, ""cat_learning_rate"": 0.05, ""xgb_colsample_bytree"": 1.0, ""xgb_learning_rate"": 0.05, ""xgb_max_depth"": 3, ""xgb_n_estimators"": 500, ""xgb_subsample"": 1.0}",0.5,6,300,5,0.05,1.0,0.05,3,500,1.0,0.9905774498271124,0.007547330263263975,0.009534077712385933,1.736945629696947,0.4504013534048411,0.03096864962081451,0.03657535236254655,5.412482637958473,0.7233199515814044,0.02295392619879693,0.02883327050826185,4.220717320451254
398,CATBOOST_XGBOOST,"{""alpha"": 0.5, ""cat_depth"": 6, ""cat_iterations"": 300, ""cat_l2_leaf_reg"": 3, ""cat_learning_rate"": 0.05, ""xgb_colsample_bytree"": 0.8, ""xgb_learning_rate"": 0.05, ""xgb_max_depth"": 3, ""xgb_n_estimators"": 500, ""xgb_subsample"": 0.8}",0.5,6,300,3,0.05,0.8,0.05,3,500,0.8,0.9922189715220555,0.006885698305492082,0.008663890617172095,1.579874146193996,0.4502618725978347,0.03147584966692968,0.03657999323644588,5.511072535582092,0.7043924913427306,0.02380793540403243,0.02980318753578583,4.376852662915917
399,CATBOOST_XGBOOST,"{""alpha"": 0.3, ""cat_depth"": 6, ""cat_iterations"": 300, ""cat_l2_leaf_reg"": 3, ""cat_learning_rate"": 0.03, ""xgb_colsample_bytree"": 0.8, ""xgb_learning_rate"": 0.03, ""xgb_max_depth"": 3, ""xgb_n_estimators"": 300, ""xgb_subsample"": 0.8}",0.3,6,300,3,0.03,0.8,0.03,3,300,0.8,0.9768829709290615,0.01183779097867869,0.01493346085234077,2.751200158879942,0.4499482669487962,0.03165379433591724,0.0365904255280857,5.510940606054859,0.7069415102300207,0.02417466256832824,0.02967441312165351,4.45555648671274
400,CATBOOST_XGBOOST,"{""alpha"": 0.3, ""cat_depth"": 4, ""cat_iterations"": 500, ""cat_l2_leaf_reg"": 5, ""cat_learning_rate"": 0.03, ""xgb_colsample_bytree"": 1.0, ""xgb_learning_rate"": 0.05, ""xgb_max_depth"": 5, ""xgb_n_estimators"": 500, ""xgb_subsample"": 1.0}",0.3,4,500,5,0.03,1.0,0.05,5,500,1.0,0.9964882436909663,0.004652118405016745,0.005820451086413225,1.077583485211793,0.4498194114294033,0.03148324352501265,0.03659471112697356,5.443348178384369,0.7147058573299427,0.02353922405767203,0.0292786745740873,4.34472921660128
401,CATBOOST_XGBOOST,"{""alpha"": 0.5, ""cat_depth"": 6, ""cat_iterations"": 500, ""cat_l2_leaf_reg"": 5, ""cat_learning_rate"": 0.03, ""xgb_colsample_bytree"": 1.0, ""xgb_learning_rate"": 0.03, ""xgb_max_depth"": 5, ""xgb_n_estimators"": 300, ""xgb_subsample"": 1.0}",0.5,6,500,5,0.03,1.0,0.03,5,300,1.0,0.9922749533472014,0.006736229377743181,0.008632667498517365,1.55263261375401,0.449796988871013,0.03133242490418276,0.03659545682638927,5.429241063033415,0.7278497466863512,0.02323611014850388,0.02859626785788198,4.293260869340443
402,CATBOOST_XGBOOST,"{""alpha"": 0.3, ""cat_depth"": 4, ""cat_iterations"": 300, ""cat_l2_leaf_reg"": 5, ""cat_learning_rate"": 0.05, ""xgb_colsample_bytree"": 1.0, ""xgb_learning_rate"": 0.05, ""xgb_max_depth"": 5, ""xgb_n_estimators"": 500, ""xgb_subsample"": 1.0}",0.3,4,300,5,0.05,1.0,0.05,5,500,1.0,0.9966910926399196,0.004489816929929905,0.005649847979183208,1.041453105354532,0.4494831159970216,0.03139485705345138,0.03660589359545541,5.422176617736516,0.71560876475291,0.02353449576437517,0.029232306846676,4.340048317223517
403,CATBOOST_XGBOOST,"{""alpha"": 0.7, ""cat_depth"": 6, ""cat_iterations"": 300, ""cat_l2_leaf_reg"": 5, ""cat_learning_rate"": 0.05, ""xgb_colsample_bytree"": 1.0, ""xgb_learning_rate"": 0.05, ""xgb_max_depth"": 3, ""xgb_n_estimators"": 500, ""xgb_subsample"": 1.0}",0.7,6,300,5,0.05,1.0,0.05,3,500,1.0,0.9880164279640548,0.00853188276811622,0.01075195909949782,1.965400884380315,0.4492853534345563,0.03113756978831788,0.03661246798536368,5.442330794060234,0.7145006178634411,0.02327640469153272,0.02928920416145291,4.279975828334051
404,CATBOOST_XGBOOST,"{""alpha"": 0.7, ""cat_depth"": 6, ""cat_iterations"": 300, ""cat_l2_leaf_reg"": 3, ""cat_learning_rate"": 0.05, ""xgb_colsample_bytree"": 0.8, ""xgb_learning_rate"": 0.03, ""xgb_max_depth"": 5, ""xgb_n_estimators"": 500, ""xgb_subsample"": 0.8}",0.7,6,300,3,0.05,0.8,0.03,5,500,0.8,0.9928043185350752,0.006650496212124976,0.008331638596724509,1.525772984121479,0.4492652097168229,0.03179841730684188,0.03661313757394398,5.547563764413713,0.7191897539645292,0.02352549271505812,0.02904768056071984,4.319427907578571
405,CATBOOST_XGBOOST,"{""alpha"": 0.3, ""cat_depth"": 6, ""cat_iterations"": 500, ""cat_l2_leaf_reg"": 5, ""cat_learning_rate"": 0.03, ""xgb_colsample_bytree"": 1.0, ""xgb_learning_rate"": 0.05, ""xgb_max_depth"": 5, ""xgb_n_estimators"": 500, ""xgb_subsample"": 0.8}",0.3,6,500,5,0.03,1.0,0.05,5,500,0.8,0.9981981271143887,0.003281011156384017,0.004169236520103855,0.7547937871769161,0.4492019585753971,0.03131676231975273,0.03661523999810088,5.434447168654262,0.725708780903626,0.02359236182874794,0.02870852880977629,4.349465263911867
406,CATBOOST_XGBOOST,"{""alpha"": 0.3, ""cat_depth"": 6, ""cat_iterations"": 500, ""cat_l2_leaf_reg"": 5, ""cat_learning_rate"": 0.03, ""xgb_colsample_bytree"": 0.8, ""xgb_learning_rate"": 0.05, ""xgb_max_depth"": 5, ""xgb_n_estimators"": 500, ""xgb_subsample"": 0.8}",0.3,6,500,5,0.03,0.8,0.05,5,500,0.8,0.9981816378068136,0.00330075775470971,0.004188269843180655,0.7599963475966207,0.4491110988060302,0.03160747362334674,0.03661825990269665,5.49872629049279,0.7353010638196258,0.02277778538629866,0.02820207627843071,4.199423145994066
407,CATBOOST_XGBOOST,"{""alpha"": 0.3, ""cat_depth"": 6, ""cat_iterations"": 300, ""cat_l2_leaf_reg"": 5, ""cat_learning_rate"": 0.03, ""xgb_colsample_bytree"": 0.8, ""xgb_learning_rate"": 0.05, ""xgb_max_depth"": 5, ""xgb_n_estimators"": 300, ""xgb_subsample"": 0.8}",0.3,6,300,5,0.03,0.8,0.05,5,300,0.8,0.9950515612468629,0.005473592500797055,0.006909212624728866,1.26385421764194,0.4490330855591176,0.03157004034392385,0.03662085262893891,5.483386322313502,0.735841249216217,0.02283433393958875,0.02817328483274185,4.21244347546842
408,CATBOOST_XGBOOST,"{""alpha"": 0.7, ""cat_depth"": 6, ""cat_iterations"": 300, ""cat_l2_leaf_reg"": 5, ""cat_learning_rate"": 0.05, ""xgb_colsample_bytree"": 0.8, ""xgb_learning_rate"": 0.05, ""xgb_max_depth"": 3, ""xgb_n_estimators"": 500, ""xgb_subsample"": 0.8}",0.7,6,300,5,0.05,0.8,0.05,3,500,0.8,0.9880345198747376,0.008513153641870932,0.01074383977756796,1.961009143936997,0.448998776455984,0.03128507467342272,0.03662199281450876,5.472688859886127,0.70395516729777,0.02358047504746841,0.02982522492182273,4.334271524893589
409,CATBOOST_XGBOOST,"{""alpha"": 0.5, ""cat_depth"": 6, ""cat_iterations"": 300, ""cat_l2_leaf_reg"": 5, ""cat_learning_rate"": 0.05, ""xgb_colsample_bytree"": 0.8, ""xgb_learning_rate"": 0.05, ""xgb_max_depth"": 3, ""xgb_n_estimators"": 500, ""xgb_subsample"": 0.8}",0.5,6,300,5,0.05,0.8,0.05,3,500,0.8,0.9906306705930854,0.007511440034605997,0.00950711423467129,1.728556423484636,0.4489513451718504,0.03124044875696266,0.03662356902767526,5.468118653717185,0.7074148737412129,0.02343803286457069,0.0296504375984378,4.306692041527041
410,CATBOOST_XGBOOST,"{""alpha"": 0.5, ""cat_depth"": 4, ""cat_iterations"": 500, ""cat_l2_leaf_reg"": 3, ""cat_learning_rate"": 0.05, ""xgb_colsample_bytree"": 0.8, ""xgb_learning_rate"": 0.05, ""xgb_max_depth"": 5, ""xgb_n_estimators"": 300, ""xgb_subsample"": 1.0}",0.5,4,500,3,0.05,0.8,0.05,5,300,1.0,0.9954372432140483,0.0053239948260565,0.006634498772300647,1.217703093144738,0.4489143827286454,0.03116185766222291,0.0366247972984266,5.374046327746409,0.6970534284381653,0.0240267922258237,0.03017088197454507,4.395070974410995
411,CATBOOST_XGBOOST,"{""alpha"": 0.5, ""cat_depth"": 6, ""cat_iterations"": 500, ""cat_l2_leaf_reg"": 3, ""cat_learning_rate"": 0.05, ""xgb_colsample_bytree"": 1.0, ""xgb_learning_rate"": 0.03, ""xgb_max_depth"": 3, ""xgb_n_estimators"": 500, ""xgb_subsample"": 1.0}",0.5,6,500,3,0.05,1.0,0.03,3,500,1.0,0.9928774689288308,0.006522731017372138,0.008289181221379211,1.502887550411378,0.4488763012773445,0.03114523516742629,0.03662606271100231,5.452278909415307,0.7217211970165376,0.02337764431120147,0.02891645489972376,4.308169836283402
412,CATBOOST_XGBOOST,"{""alpha"": 0.3, ""cat_depth"": 6, ""cat_iterations"": 300, ""cat_l2_leaf_reg"": 5, ""cat_learning_rate"": 0.05, ""xgb_colsample_bytree"": 0.8, ""xgb_learning_rate"": 0.03, ""xgb_max_depth"": 5, ""xgb_n_estimators"": 500, ""xgb_subsample"": 0.8}",0.3,6,300,5,0.05,0.8,0.03,5,500,0.8,0.9969026230723446,0.004259824777820428,0.005466275139775547,0.9790011599226952,0.448788681436365,0.03173707323870657,0.03662897407396526,5.516646208858816,0.7466540843042946,0.02250252318039883,0.02759065041619924,4.137937228424065
413,CATBOOST_XGBOOST,"{""alpha"": 0.5, ""cat_depth"": 6, ""cat_iterations"": 300, ""cat_l2_leaf_reg"": 3, ""cat_learning_rate"": 0.03, ""xgb_colsample_bytree"": 0.8, ""xgb_learning_rate"": 0.05, ""xgb_max_depth"": 5, ""xgb_n_estimators"": 300, ""xgb_subsample"": 0.8}",0.5,6,300,3,0.03,0.8,0.05,5,300,0.8,0.9910027471229725,0.007396744683572921,0.00931642777971122,1.708603723542822,0.4487843276995696,0.03165169244956161,0.03662911873046263,5.497174809070513,0.7316753589153232,0.02311771008909256,0.02839456786104828,4.259890336916859
414,CATBOOST_XGBOOST,"{""alpha"": 0.3, ""cat_depth"": 6, ""cat_iterations"": 500, ""cat_l2_leaf_reg"": 5, ""cat_learning_rate"": 0.03, ""xgb_colsample_bytree"": 1.0, ""xgb_learning_rate"": 0.03, ""xgb_max_depth"": 5, ""xgb_n_estimators"": 300, ""xgb_subsample"": 0.8}",0.3,6,500,5,0.03,1.0,0.03,5,300,0.8,0.9947569883794396,0.005530394453096843,0.007111887340681368,1.268310303863372,0.4487663529024382,0.03121499145797937,0.03662971595188062,5.400418059831106,0.7231632164063206,0.02365107030597739,0.02884143616367334,4.371643946994644
415,CATBOOST_XGBOOST,"{""alpha"": 0.5, ""cat_depth"": 6, ""cat_iterations"": 500, ""cat_l2_leaf_reg"": 3, ""cat_learning_rate"": 0.03, ""xgb_colsample_bytree"": 0.8, ""xgb_learning_rate"": 0.03, ""xgb_max_depth"": 3, ""xgb_n_estimators"": 300, ""xgb_subsample"": 0.8}",0.5,6,500,3,0.03,0.8,0.03,3,300,0.8,0.9842581946235369,0.009735105588580156,0.01232314979386387,2.253287778056405,0.4486533511252322,0.03174642518445395,0.03663347026814158,5.532114043219794,0.7096283473534244,0.02381918540223384,0.02953806848865466,4.384265117793388
416,CATBOOST_XGBOOST,"{""alpha"": 0.3, ""cat_depth"": 6, ""cat_iterations"": 500, ""cat_l2_leaf_reg"": 5, ""cat_learning_rate"": 0.03, ""xgb_colsample_bytree"": 0.8, ""xgb_learning_rate"": 0.03, ""xgb_max_depth"": 5, ""xgb_n_estimators"": 500, ""xgb_subsample"": 1.0}",0.3,6,500,5,0.03,0.8,0.03,5,500,1.0,0.9967746977684608,0.004318390368195612,0.005578014858049036,0.9911042433336912,0.448264114907408,0.031134606218439,0.03664639911943449,5.379966661390286,0.7352012856611525,0.0230381403773128,0.02820739115832276,4.244909454440478
417,CATBOOST_XGBOOST,"{""alpha"": 0.7, ""cat_depth"": 6, ""cat_iterations"": 300, ""cat_l2_leaf_reg"": 5, ""cat_learning_rate"": 0.05, ""xgb_colsample_bytree"": 0.8, ""xgb_learning_rate"": 0.03, ""xgb_max_depth"": 5, ""xgb_n_estimators"": 500, ""xgb_subsample"": 0.8}",0.7,6,300,5,0.05,0.8,0.03,5,500,0.8,0.9904989006313887,0.007576453824260175,0.00957373469711654,1.745608513618114,0.4482634303839079,0.0314516064316513,0.03664642185251592,5.484665400800262,0.7218155587346784,0.02304177837784122,0.0289115518354443,4.228298923196228
418,CATBOOST_XGBOOST,"{""alpha"": 0.3, ""cat_depth"": 6, ""cat_iterations"": 500, ""cat_l2_leaf_reg"": 5, ""cat_learning_rate"": 0.05, ""xgb_colsample_bytree"": 0.8, ""xgb_learning_rate"": 0.05, ""xgb_max_depth"": 3, ""xgb_n_estimators"": 300, ""xgb_subsample"": 0.8}",0.3,6,500,5,0.05,0.8,0.05,3,300,0.8,0.9899351962919878,0.00771093837716857,0.009853649563211447,1.780281077340464,0.4481418282367944,0.03135058893370029,0.03665046004602503,5.49491613492379,0.7045180435437118,0.02357171257494366,0.02979685776898009,4.338493421093423
419,CATBOOST_XGBOOST,"{""alpha"": 0.7, ""cat_depth"": 6, ""cat_iterations"": 500, ""cat_l2_leaf_reg"": 3, ""cat_learning_rate"": 0.05, ""xgb_colsample_bytree"": 0.8, ""xgb_learning_rate"": 0.03, ""xgb_max_depth"": 3, ""xgb_n_estimators"": 500, ""xgb_subsample"": 1.0}",0.7,6,500,3,0.05,0.8,0.03,3,500,1.0,0.9940378451119527,0.006001423941715448,0.007583960900555228,1.380865323814088,0.4480652394614092,0.03146940423647952,0.03665300319624989,5.509748740649502,0.7073155525765865,0.02383211368667101,0.02965546975122215,4.386829302999487
420,CATBOOST_XGBOOST,"{""alpha"": 0.3, ""cat_depth"": 6, ""cat_iterations"": 300, ""cat_l2_leaf_reg"": 3, ""cat_learning_rate"": 0.05, ""xgb_colsample_bytree"": 0.8, ""xgb_learning_rate"": 0.03, ""xgb_max_depth"": 5, ""xgb_n_estimators"": 500, ""xgb_subsample"": 0.8}",0.3,6,300,3,0.05,0.8,0.03,5,500,0.8,0.997442580469727,0.003899966826634101,0.00496701471873346,0.8939844917977885,0.4480547790486041,0.03188360052630778,0.03665335052328455,5.54318668106607,0.7442679999933692,0.02267665431476849,0.02772027424226153,4.170051346064376
421,CATBOOST_XGBOOST,"{""alpha"": 0.3, ""cat_depth"": 6, ""cat_iterations"": 500, ""cat_l2_leaf_reg"": 3, ""cat_learning_rate"": 0.05, ""xgb_colsample_bytree"": 0.8, ""xgb_learning_rate"": 0.05, ""xgb_max_depth"": 3, ""xgb_n_estimators"": 300, ""xgb_subsample"": 0.8}",0.3,6,500,3,0.05,0.8,0.05,3,300,0.8,0.9910561752067795,0.007286251001759263,0.00928872487697795,1.682980991980643,0.4479524394708763,0.0313182632281014,0.03665674842801356,5.489447924614121,0.7009451807670453,0.0238963769554899,0.02997646297561772,4.40137624464091
422,CATBOOST_XGBOOST,"{""alpha"": 0.3, ""cat_depth"": 6, ""cat_iterations"": 300, ""cat_l2_leaf_reg"": 5, ""cat_learning_rate"": 0.03, ""xgb_colsample_bytree"": 1.0, ""xgb_learning_rate"": 0.03, ""xgb_max_depth"": 5, ""xgb_n_estimators"": 500, ""xgb_subsample"": 0.8}",0.3,6,300,5,0.03,1.0,0.03,5,500,0.8,0.9953374047045696,0.005300709722776418,0.006706691330640695,1.223913829547558,0.4478404591217366,0.03128191043653997,0.03666046606725341,5.408860102898577,0.7248255119845245,0.02366250042155322,0.02875471506802689,4.375547057507869
423,CATBOOST_XGBOOST,"{""alpha"": 0.5, ""cat_depth"": 6, ""cat_iterations"": 500, ""cat_l2_leaf_reg"": 5, ""cat_learning_rate"": 0.05, ""xgb_colsample_bytree"": 1.0, ""xgb_learning_rate"": 0.03, ""xgb_max_depth"": 3, ""xgb_n_estimators"": 500, ""xgb_subsample"": 1.0}",0.5,6,500,5,0.05,1.0,0.03,3,500,1.0,0.9911427187436254,0.007257373324225292,0.009243675178383067,1.670890516783774,0.4477339221443848,0.03120381939526625,0.03666400264189813,5.460459645855981,0.7269702541129678,0.02291749394592016,0.02864243705769657,4.221288485107453
424,CATBOOST_XGBOOST,"{""alpha"": 0.7, ""cat_depth"": 6, ""cat_iterations"": 300, ""cat_l2_leaf_reg"": 3, ""cat_learning_rate"": 0.03, ""xgb_colsample_bytree"": 0.8, ""xgb_learning_rate"": 0.05, ""xgb_max_depth"": 5, ""xgb_n_estimators"": 500, ""xgb_subsample"": 1.0}",0.7,6,300,3,0.03,0.8,0.05,5,500,1.0,0.9856135128266243,0.009355517839975954,0.01178072015431507,2.163840127514619,0.4476969985891636,0.03159257944150221,0.03666522826732907,5.474883495534753,0.7212912235977786,0.02353021370563625,0.02893878593574855,4.33048614591004
425,CATBOOST_XGBOOST,"{""alpha"": 0.7, ""cat_depth"": 6, ""cat_iterations"": 300, ""cat_l2_leaf_reg"": 3, ""cat_learning_rate"": 0.05, ""xgb_colsample_bytree"": 0.8, ""xgb_learning_rate"": 0.05, ""xgb_max_depth"": 3, ""xgb_n_estimators"": 300, ""xgb_subsample"": 0.8}",0.7,6,300,3,0.05,0.8,0.05,3,300,0.8,0.9881951409998051,0.008511632938528439,0.01067148504979427,1.956730860606748,0.4476933895926676,0.03168243339766564,0.03666534806068873,5.543843544485582,0.6992047921315088,0.0241871698051287,0.03006356241134769,4.448378985578968
426,CATBOOST_XGBOOST,"{""alpha"": 0.5, ""cat_depth"": 6, ""cat_iterations"": 300, ""cat_l2_leaf_reg"": 3, ""cat_learning_rate"": 0.03, ""xgb_colsample_bytree"": 0.8, ""xgb_learning_rate"": 0.05, ""xgb_max_depth"": 5, ""xgb_n_estimators"": 500, ""xgb_subsample"": 0.8}",0.5,6,300,3,0.03,0.8,0.05,5,500,0.8,0.9924485900396638,0.006779043075850342,0.008535097418029627,1.568002920351615,0.4476646615192162,0.0317159219821572,0.03666630161718761,5.510272375739438,0.732742616100906,0.02307495288943598,0.02833804211621539,4.25132082788114
427,CATBOOST_XGBOOST,"{""alpha"": 0.3, ""cat_depth"": 6, ""cat_iterations"": 300, ""cat_l2_leaf_reg"": 5, ""cat_learning_rate"": 0.03, ""xgb_colsample_bytree"": 0.8, ""xgb_learning_rate"": 0.05, ""xgb_max_depth"": 5, ""xgb_n_estimators"": 500, ""xgb_subsample"": 0.8}",0.3,6,300,5,0.03,0.8,0.05,5,500,0.8,0.9965268249070851,0.004592804381015061,0.005788390168150489,1.063231056088179,0.4474620620172791,0.03166429259188803,0.0366730256966036,5.502566420578955,0.7372583332017334,0.0228128429998401,0.02809761518739245,4.207761944639322
428,CATBOOST_XGBOOST,"{""alpha"": 0.3, ""cat_depth"": 6, ""cat_iterations"": 500, ""cat_l2_leaf_reg"": 5, ""cat_learning_rate"": 0.03, ""xgb_colsample_bytree"": 1.0, ""xgb_learning_rate"": 0.05, ""xgb_max_depth"": 5, ""xgb_n_estimators"": 300, ""xgb_subsample"": 0.8}",0.3,6,500,5,0.03,1.0,0.05,5,300,0.8,0.997126134375006,0.004112698600391538,0.005265355359247543,0.943753399704691,0.4473713519973093,0.03127782029804439,0.03667603587395397,5.425072215239836,0.7241171001070902,0.02361261170567268,0.02879170448587469,4.351038036257605
429,CATBOOST_XGBOOST,"{""alpha"": 0.7, ""cat_depth"": 6, ""cat_iterations"": 300, ""cat_l2_leaf_reg"": 3, ""cat_learning_rate"": 0.05, ""xgb_colsample_bytree"": 0.8, ""xgb_learning_rate"": 0.03, ""xgb_max_depth"": 5, ""xgb_n_estimators"": 300, ""xgb_subsample"": 0.8}",0.7,6,300,3,0.05,0.8,0.03,5,300,0.8,0.991308917565058,0.007277523132113395,0.009156539913368147,1.669300813959998,0.4468875640954116,0.03183465452745222,0.0366920860198572,5.552332458988059,0.7184604775858525,0.02356151458985508,0.02908537514561199,4.32518042956259
430,CATBOOST_XGBOOST,"{""alpha"": 0.3, ""cat_depth"": 6, ""cat_iterations"": 500, ""cat_l2_leaf_reg"": 5, ""cat_learning_rate"": 0.03, ""xgb_colsample_bytree"": 1.0, ""xgb_learning_rate"": 0.03, ""xgb_max_depth"": 3, ""xgb_n_estimators"": 300, ""xgb_subsample"": 0.8}",0.3,6,500,5,0.03,1.0,0.03,3,300,0.8,0.9812117126158657,0.01066340213245458,0.01346288250166238,2.471816209723866,0.4467436075621379,0.03137641961822703,0.03669686056615009,5.466906690809695,0.7060913282524521,0.02392119765766256,0.02971742566199859,4.400559199107336
431,CATBOOST_XGBOOST,"{""alpha"": 0.5, ""cat_depth"": 6, ""cat_iterations"": 300, ""cat_l2_leaf_reg"": 5, ""cat_learning_rate"": 0.05, ""xgb_colsample_bytree"": 0.8, ""xgb_learning_rate"": 0.03, ""xgb_max_depth"": 5, ""xgb_n_estimators"": 300, ""xgb_subsample"": 0.8}",0.5,6,300,5,0.05,0.8,0.03,5,300,0.8,0.9917931076469632,0.006963242711628233,0.008897824319748173,1.601384228378994,0.4465921794700607,0.03164893063714495,0.03670188224820461,5.507457137849248,0.7364017995973269,0.02263487577264026,0.02814337680881304,4.152782601858953
432,CATBOOST_XGBOOST,"{""alpha"": 0.7, ""cat_depth"": 6, ""cat_iterations"": 500, ""cat_l2_leaf_reg"": 3, ""cat_learning_rate"": 0.05, ""xgb_colsample_bytree"": 0.8, ""xgb_learning_rate"": 0.03, ""xgb_max_depth"": 3, ""xgb_n_estimators"": 300, ""xgb_subsample"": 1.0}",0.7,6,500,3,0.05,0.8,0.03,3,300,1.0,0.9923202022008166,0.006824608436949816,0.008607347781308313,1.574091394152574,0.446465440971025,0.03153169974255694,0.03670608464199818,5.51301790781007,0.7072747443993017,0.02395832620152782,0.02965753706893832,4.40508770896222
433,CATBOOST_XGBOOST,"{""alpha"": 0.5, ""cat_depth"": 6, ""cat_iterations"": 300, ""cat_l2_leaf_reg"": 3, ""cat_learning_rate"": 0.05, ""xgb_colsample_bytree"": 0.8, ""xgb_learning_rate"": 0.03, ""xgb_max_depth"": 5, ""xgb_n_estimators"": 300, ""xgb_subsample"": 0.8}",0.5,6,300,3,0.05,0.8,0.03,5,300,0.8,0.993319722247743,0.006320048736304595,0.008027710793342507,1.448987228711888,0.4463815730510251,0.0318966526908525,0.03670886526908078,5.552384540430282,0.7337345821377222,0.02292531841388182,0.02828540277018197,4.205743695838859
434,CATBOOST_XGBOOST,"{""alpha"": 0.3, ""cat_depth"": 6, ""cat_iterations"": 500, ""cat_l2_leaf_reg"": 5, ""cat_learning_rate"": 0.03, ""xgb_colsample_bytree"": 0.8, ""xgb_learning_rate"": 0.03, ""xgb_max_depth"": 5, ""xgb_n_estimators"": 300, ""xgb_subsample"": 1.0}",0.3,6,500,5,0.03,0.8,0.03,5,300,1.0,0.9947458423698057,0.005500603039434934,0.007119442834174521,1.264989812012937,0.4463514018152255,0.03131015006890705,0.03670986553992308,5.408925717366539,0.7368388551038645,0.02296869744114359,0.02812003575304604,4.234062868520792
435,CATBOOST_XGBOOST,"{""alpha"": 0.3, ""cat_depth"": 4, ""cat_iterations"": 500, ""cat_l2_leaf_reg"": 5, ""cat_learning_rate"": 0.03, ""xgb_colsample_bytree"": 1.0, ""xgb_learning_rate"": 0.05, ""xgb_max_depth"": 5, ""xgb_n_estimators"": 300, ""xgb_subsample"": 1.0}",0.3,4,500,5,0.03,1.0,0.05,5,300,1.0,0.9950078497326533,0.005501609215875823,0.006939661433156634,1.274248364596043,0.4463434736742409,0.03147947497327846,0.036710128378074,5.440534712481113,0.7137296266190718,0.02360302762535329,0.02932872525403423,4.357040027801608
436,CATBOOST_XGBOOST,"{""alpha"": 0.7, ""cat_depth"": 6, ""cat_iterations"": 300, ""cat_l2_leaf_reg"": 3, ""cat_learning_rate"": 0.03, ""xgb_colsample_bytree"": 0.8, ""xgb_learning_rate"": 0.05, ""xgb_max_depth"": 5, ""xgb_n_estimators"": 300, ""xgb_subsample"": 1.0}",0.7,6,300,3,0.03,0.8,0.05,5,300,1.0,0.9845743508647299,0.009677588987034686,0.01219877392176376,2.236495015280191,0.4462434360750812,0.03161675200905435,0.03671344471867625,5.479369117344722,0.7196522509610852,0.02362105428726791,0.0290237498077698,4.3492908023827
437,CATBOOST_XGBOOST,"{""alpha"": 0.3, ""cat_depth"": 6, ""cat_iterations"": 500, ""cat_l2_leaf_reg"": 5, ""cat_learning_rate"": 0.03, ""xgb_colsample_bytree"": 0.8, ""xgb_learning_rate"": 0.03, ""xgb_max_depth"": 3, ""xgb_n_estimators"": 500, ""xgb_subsample"": 0.8}",0.3,6,500,5,0.03,0.8,0.03,3,500,0.8,0.9875575539006055,0.008674010435199208,0.01095588190415883,2.004726195858849,0.4461293984945152,0.03157415802726939,0.0367172248064962,5.507786745604922,0.7032185784854119,0.02401118786622255,0.02986230592499596,4.420543198031658
438,CATBOOST_XGBOOST,"{""alpha"": 0.3, ""cat_depth"": 6, ""cat_iterations"": 300, ""cat_l2_leaf_reg"": 3, ""cat_learning_rate"": 0.05, ""xgb_colsample_bytree"": 1.0, ""xgb_learning_rate"": 0.05, ""xgb_max_depth"": 3, ""xgb_n_estimators"": 500, ""xgb_subsample"": 1.0}",0.3,6,300,3,0.05,1.0,0.05,3,500,1.0,0.9934720885938851,0.006247261419600674,0.007935633170660738,1.432434896070307,0.4461117330684079,0.03089771134308102,0.03671781034059758,5.398665615175569,0.7208565002740177,0.02309410317369756,0.02896134615712623,4.247371484063453
439,CATBOOST_XGBOOST,"{""alpha"": 0.5, ""cat_depth"": 6, ""cat_iterations"": 300, ""cat_l2_leaf_reg"": 3, ""cat_learning_rate"": 0.03, ""xgb_colsample_bytree"": 1.0, ""xgb_learning_rate"": 0.03, ""xgb_max_depth"": 5, ""xgb_n_estimators"": 500, ""xgb_subsample"": 0.8}",0.5,6,300,3,0.03,1.0,0.03,5,500,0.8,0.991274167457491,0.007265910750901394,0.009174827239659998,1.678412221466713,0.4459086125751628,0.03147508076265509,0.03672454225437906,5.449499945009184,0.7239614867335307,0.02365152287859936,0.02879982340634795,4.366530886735734
440,CATBOOST_XGBOOST,"{""alpha"": 0.3, ""cat_depth"": 4, ""cat_iterations"": 300, ""cat_l2_leaf_reg"": 5, ""cat_learning_rate"": 0.05, ""xgb_colsample_bytree"": 1.0, ""xgb_learning_rate"": 0.05, ""xgb_max_depth"": 5, ""xgb_n_estimators"": 300, ""xgb_subsample"": 1.0}",0.3,4,300,5,0.05,1.0,0.05,5,300,1.0,0.9952502975687091,0.005339659272807146,0.006769049020270738,1.238005810408296,0.4459047834850145,0.03140180798850017,0.03672466914801357,5.421444078087157,0.7146003436361368,0.02359948950222146,0.02928408831215041,4.352572858369777
441,CATBOOST_XGBOOST,"{""alpha"": 0.7, ""cat_depth"": 6, ""cat_iterations"": 300, ""cat_l2_leaf_reg"": 5, ""cat_learning_rate"": 0.05, ""xgb_colsample_bytree"": 0.8, ""xgb_learning_rate"": 0.03, ""xgb_max_depth"": 5, ""xgb_n_estimators"": 300, ""xgb_subsample"": 0.8}",0.7,6,300,5,0.05,0.8,0.03,5,300,0.8,0.9887907390509739,0.008202780311466701,0.01039879335541531,1.888852712645986,0.4458494972103874,0.03149170986638428,0.03672650125144974,5.490184586315765,0.720868743497662,0.02307325331551604,0.02896071102837267,4.233314153907819
442,CATBOOST_XGBOOST,"{""alpha"": 0.5, ""cat_depth"": 6, ""cat_iterations"": 300, ""cat_l2_leaf_reg"": 3, ""cat_learning_rate"": 0.03, ""xgb_colsample_bytree"": 0.8, ""xgb_learning_rate"": 0.03, ""xgb_max_depth"": 3, ""xgb_n_estimators"": 500, ""xgb_subsample"": 0.8}",0.5,6,300,3,0.03,0.8,0.03,3,500,0.8,0.9818011512187931,0.01054641165425296,0.01325001641777857,2.438573921725888,0.4456890636247907,0.03177991477856287,0.03673181726023275,5.533842686554006,0.708159141533157,0.0239654484636076,0.02961270171324831,4.412798462299801
443,CATBOOST_XGBOOST,"{""alpha"": 0.7, ""cat_depth"": 6, ""cat_iterations"": 500, ""cat_l2_leaf_reg"": 3, ""cat_learning_rate"": 0.03, ""xgb_colsample_bytree"": 1.0, ""xgb_learning_rate"": 0.03, ""xgb_max_depth"": 3, ""xgb_n_estimators"": 500, ""xgb_subsample"": 0.8}",0.7,6,500,3,0.03,1.0,0.03,3,500,0.8,0.9889328110864242,0.008163766828013688,0.01033268333652115,1.879383731658336,0.4456289826062417,0.0315756888455264,0.03673380786248524,5.505438468416447,0.7066223502045228,0.02359700328699542,0.02969056742118284,4.341564986595777
444,CATBOOST_XGBOOST,"{""alpha"": 0.3, ""cat_depth"": 6, ""cat_iterations"": 300, ""cat_l2_leaf_reg"": 5, ""cat_learning_rate"": 0.03, ""xgb_colsample_bytree"": 1.0, ""xgb_learning_rate"": 0.05, ""xgb_max_depth"": 5, ""xgb_n_estimators"": 500, ""xgb_subsample"": 0.8}",0.3,6,300,5,0.03,1.0,0.05,5,500,0.8,0.9965468661074584,0.004573063349253052,0.00577166568465742,1.058142230296184,0.4456045735345799,0.03135159115529709,0.03673461655219919,5.43394377468094,0.7270216398062592,0.023560053014067,0.02863974159911522,4.346604133445227
445,CATBOOST_XGBOOST,"{""alpha"": 0.3, ""cat_depth"": 6, ""cat_iterations"": 300, ""cat_l2_leaf_reg"": 5, ""cat_learning_rate"": 0.05, ""xgb_colsample_bytree"": 1.0, ""xgb_learning_rate"": 0.05, ""xgb_max_depth"": 3, ""xgb_n_estimators"": 500, ""xgb_subsample"": 1.0}",0.3,6,300,5,0.05,1.0,0.05,3,500,1.0,0.992632400991872,0.00662092976342554,0.008430579897410249,1.522108178095477,0.4455518453631766,0.03083188263171656,0.03673636341284436,5.387784568559921,0.7235873007187215,0.02290861698865506,0.02881933670080745,4.212256399087503
446,CATBOOST_XGBOOST,"{""alpha"": 0.7, ""cat_depth"": 6, ""cat_iterations"": 500, ""cat_l2_leaf_reg"": 5, ""cat_learning_rate"": 0.05, ""xgb_colsample_bytree"": 0.8, ""xgb_learning_rate"": 0.03, ""xgb_max_depth"": 3, ""xgb_n_estimators"": 500, ""xgb_subsample"": 1.0}",0.7,6,500,5,0.05,0.8,0.03,3,500,1.0,0.9917051009727054,0.007068985450389998,0.008945405046121698,1.62468258838716,0.4455442399500419,0.03156018247473454,0.03673661536991228,5.520952415844644,0.7129937198951639,0.02323320364970522,0.02936639829864082,4.273189038517843
447,CATBOOST_XGBOOST,"{""alpha"": 0.5, ""cat_depth"": 6, ""cat_iterations"": 300, ""cat_l2_leaf_reg"": 5, ""cat_learning_rate"": 0.03, ""xgb_colsample_bytree"": 1.0, ""xgb_learning_rate"": 0.03, ""xgb_max_depth"": 5, ""xgb_n_estimators"": 500, ""xgb_subsample"": 1.0}",0.5,6,300,5,0.03,1.0,0.03,5,500,1.0,0.9894172308509636,0.008005457349403156,0.01010401819285775,1.853206783584711,0.4455209306975239,0.03131387065364803,0.03673738756321108,5.417193007147587,0.7296667940782275,0.02317877990374427,0.028500644585812,4.286931763289122
448,CATBOOST_XGBOOST,"{""alpha"": 0.7, ""cat_depth"": 6, ""cat_iterations"": 300, ""cat_l2_leaf_reg"": 5, ""cat_learning_rate"": 0.05, ""xgb_colsample_bytree"": 0.8, ""xgb_learning_rate"": 0.05, ""xgb_max_depth"": 3, ""xgb_n_estimators"": 300, ""xgb_subsample"": 0.8}",0.7,6,300,5,0.05,0.8,0.05,3,300,0.8,0.9852740526116793,0.009432866485151922,0.01191889737754274,2.176306234296878,0.4454397683791007,0.03144697149081419,0.03674007619710965,5.501136934797797,0.7014710347072213,0.0237229189480716,0.02995009627673764,4.360472281251107
449,CATBOOST_XGBOOST,"{""alpha"": 0.5, ""cat_depth"": 6, ""cat_iterations"": 300, ""cat_l2_leaf_reg"": 3, ""cat_learning_rate"": 0.05, ""xgb_colsample_bytree"": 0.8, ""xgb_learning_rate"": 0.05, ""xgb_max_depth"": 3, ""xgb_n_estimators"": 300, ""xgb_subsample"": 0.8}",0.5,6,300,3,0.05,0.8,0.05,3,300,0.8,0.9883488834463237,0.008413344622636347,0.01060176642207161,1.936900005137742,0.4453117620783799,0.03165837957577886,0.03674431621434786,5.541241352722567,0.7014710821833849,0.02394853183793957,0.02995009389520034,4.404276927192125
450,CATBOOST_XGBOOST,"{""alpha"": 0.7, ""cat_depth"": 6, ""cat_iterations"": 300, ""cat_l2_leaf_reg"": 3, ""cat_learning_rate"": 0.05, ""xgb_colsample_bytree"": 1.0, ""xgb_learning_rate"": 0.05, ""xgb_max_depth"": 3, ""xgb_n_estimators"": 500, ""xgb_subsample"": 0.8}",0.7,6,300,3,0.05,1.0,0.05,3,500,0.8,0.9907815935929822,0.007532277253477785,0.00943023213724192,1.72821807502692,0.4452986333668852,0.03167965409076168,0.03674475105561475,5.53896669906331,0.7030325292390766,0.02398226207228563,0.02987166464601653,4.408647683025266
451,CATBOOST_XGBOOST,"{""alpha"": 0.3, ""cat_depth"": 6, ""cat_iterations"": 300, ""cat_l2_leaf_reg"": 5, ""cat_learning_rate"": 0.03, ""xgb_colsample_bytree"": 0.8, ""xgb_learning_rate"": 0.03, ""xgb_max_depth"": 3, ""xgb_n_estimators"": 500, ""xgb_subsample"": 0.8}",0.3,6,300,5,0.03,0.8,0.03,3,500,0.8,0.9838725777652153,0.00991614624550072,0.01247317272692535,2.295064621486075,0.4452729796550803,0.0316564690444255,0.03674560072753925,5.516591895199926,0.7053187863521451,0.02398620298997993,0.02975645630686962,4.417049761382424
452,CATBOOST_XGBOOST,"{""alpha"": 0.3, ""cat_depth"": 4, ""cat_iterations"": 300, ""cat_l2_leaf_reg"": 5, ""cat_learning_rate"": 0.05, ""xgb_colsample_bytree"": 1.0, ""xgb_learning_rate"": 0.03, ""xgb_max_depth"": 5, ""xgb_n_estimators"": 300, ""xgb_subsample"": 1.0}",0.3,4,300,5,0.05,1.0,0.03,5,300,1.0,0.9926509574617992,0.006577772231353523,0.008419956325721557,1.525688914885992,0.4451096647515533,0.03121283274865818,0.03675100939017211,5.389639617631495,0.7104533197222703,0.02393760649402612,0.02949607846873931,4.41852269468675
453,CATBOOST_XGBOOST,"{""alpha"": 0.5, ""cat_depth"": 4, ""cat_iterations"": 500, ""cat_l2_leaf_reg"": 3, ""cat_learning_rate"": 0.03, ""xgb_colsample_bytree"": 0.8, ""xgb_learning_rate"": 0.05, ""xgb_max_depth"": 5, ""xgb_n_estimators"": 500, ""xgb_subsample"": 1.0}",0.5,4,500,3,0.03,0.8,0.05,5,500,1.0,0.9931602749070965,0.006555173292321917,0.008122950028712871,1.517167715386408,0.44504198555249,0.03122273016627666,0.03675325055647511,5.382494803684444,0.7053377704633568,0.02360248067879251,0.02975549779823725,4.312694159874845
454,CATBOOST_XGBOOST,"{""alpha"": 0.3, ""cat_depth"": 4, ""cat_iterations"": 500, ""cat_l2_leaf_reg"": 5, ""cat_learning_rate"": 0.03, ""xgb_colsample_bytree"": 1.0, ""xgb_learning_rate"": 0.03, ""xgb_max_depth"": 5, ""xgb_n_estimators"": 300, ""xgb_subsample"": 1.0}",0.3,4,500,5,0.03,1.0,0.03,5,300,1.0,0.9923532239889896,0.006743078348956035,0.008588822800827319,1.563167302028828,0.445018871275073,0.03135632300979728,0.03675401594409149,5.421544004562687,0.7092954297031296,0.02393250139528101,0.02955499666884738,4.421371825626899
455,CATBOOST_XGBOOST,"{""alpha"": 0.3, ""cat_depth"": 6, ""cat_iterations"": 300, ""cat_l2_leaf_reg"": 5, ""cat_learning_rate"": 0.03, ""xgb_colsample_bytree"": 1.0, ""xgb_learning_rate"": 0.03, ""xgb_max_depth"": 3, ""xgb_n_estimators"": 300, ""xgb_subsample"": 0.8}",0.3,6,300,5,0.03,1.0,0.03,3,300,0.8,0.9763829246133741,0.01199051251895515,0.01509411019210883,2.78461253675427,0.4445230800737935,0.03145873063538315,0.03677042933985716,5.4757118404047,0.7069014867636487,0.02401964061756187,0.02967643939348885,4.421072289415181
456,CATBOOST_XGBOOST,"{""alpha"": 0.3, ""cat_depth"": 6, ""cat_iterations"": 300, ""cat_l2_leaf_reg"": 5, ""cat_learning_rate"": 0.03, ""xgb_colsample_bytree"": 1.0, ""xgb_learning_rate"": 0.03, ""xgb_max_depth"": 5, ""xgb_n_estimators"": 300, ""xgb_subsample"": 0.8}",0.3,6,300,5,0.03,1.0,0.03,5,300,0.8,0.9922872252152187,0.00680577218488982,0.008625807924228263,1.567384098214008,0.4443927508773807,0.03128835879387595,0.03677474273189177,5.407783401899337,0.7240426056490135,0.02364457961214583,0.02879559142061373,4.373662070549914
457,CATBOOST_XGBOOST,"{""alpha"": 0.5, ""cat_depth"": 6, ""cat_iterations"": 300, ""cat_l2_leaf_reg"": 5, ""cat_learning_rate"": 0.03, ""xgb_colsample_bytree"": 1.0, ""xgb_learning_rate"": 0.05, ""xgb_max_depth"": 5, ""xgb_n_estimators"": 500, ""xgb_subsample"": 1.0}",0.5,6,300,5,0.03,1.0,0.05,5,500,1.0,0.9908771354148784,0.007452779933995937,0.009381236237387007,1.723802139055871,0.4443900236380007,0.03156826375823202,0.03677483298755677,5.460985853664632,0.73156136800522,0.02307561764274547,0.02840059857617853,4.266021633505466
458,CATBOOST_XGBOOST,"{""alpha"": 0.3, ""cat_depth"": 4, ""cat_iterations"": 500, ""cat_l2_leaf_reg"": 3, ""cat_learning_rate"": 0.05, ""xgb_colsample_bytree"": 1.0, ""xgb_learning_rate"": 0.03, ""xgb_max_depth"": 3, ""xgb_n_estimators"": 500, ""xgb_subsample"": 0.8}",0.3,4,500,3,0.05,1.0,0.03,3,500,0.8,0.9890575826089296,0.008179629529136711,0.01027427288781843,1.890249426824938,0.44435933152635,0.03097324333372642,0.03677584870158371,5.389161466975582,0.6818507494585175,0.02433678784377029,0.03091864388714042,4.455650354866175
459,CATBOOST_XGBOOST,"{""alpha"": 0.3, ""cat_depth"": 4, ""cat_iterations"": 300, ""cat_l2_leaf_reg"": 5, ""cat_learning_rate"": 0.03, ""xgb_colsample_bytree"": 1.0, ""xgb_learning_rate"": 0.03, ""xgb_max_depth"": 5, ""xgb_n_estimators"": 500, ""xgb_subsample"": 1.0}",0.3,4,300,5,0.03,1.0,0.03,5,500,1.0,0.993143433533295,0.006464322376146868,0.008132944401893214,1.509984432228182,0.4442842855275494,0.03151459587797452,0.036778332129518,5.445096701529664,0.7121171533828137,0.02364264483012655,0.02941120912380146,4.372872436526358
460,CATBOOST_XGBOOST,"{""alpha"": 0.3, ""cat_depth"": 6, ""cat_iterations"": 300, ""cat_l2_leaf_reg"": 5, ""cat_learning_rate"": 0.03, ""xgb_colsample_bytree"": 0.8, ""xgb_learning_rate"": 0.03, ""xgb_max_depth"": 5, ""xgb_n_estimators"": 500, ""xgb_subsample"": 1.0}",0.3,6,300,5,0.03,0.8,0.03,5,500,1.0,0.9947663765245718,0.005596988786443168,0.007105517209294164,1.291378273661924,0.4441961430849188,0.0312455871737408,0.03678124873184922,5.395344635700074,0.7357439508808536,0.02303565705604698,0.0281784729276555,4.247281655790248
461,CATBOOST_XGBOOST,"{""alpha"": 0.5, ""cat_depth"": 6, ""cat_iterations"": 300, ""cat_l2_leaf_reg"": 3, ""cat_learning_rate"": 0.03, ""xgb_colsample_bytree"": 1.0, ""xgb_learning_rate"": 0.05, ""xgb_max_depth"": 5, ""xgb_n_estimators"": 500, ""xgb_subsample"": 0.8}",0.5,6,300,3,0.03,1.0,0.05,5,500,0.8,0.9924696969530471,0.006765954265168098,0.008523160864265524,1.564532973389981,0.44411757278346,0.03148830761523596,0.03678384840045548,5.460417452297121,0.725229203160985,0.02352030088743697,0.0287336152100518,4.334583957514385
462,CATBOOST_XGBOOST,"{""alpha"": 0.5, ""cat_depth"": 6, ""cat_iterations"": 300, ""cat_l2_leaf_reg"": 5, ""cat_learning_rate"": 0.05, ""xgb_colsample_bytree"": 0.8, ""xgb_learning_rate"": 0.05, ""xgb_max_depth"": 3, ""xgb_n_estimators"": 300, ""xgb_subsample"": 0.8}",0.5,6,300,5,0.05,0.8,0.05,3,300,0.8,0.9863426142393246,0.009054172225312197,0.01147831784176138,2.090174395865438,0.4440752782967179,0.0315261431576959,0.03678524772909132,5.51863888934998,0.7039692230530639,0.02361783736943605,0.02982451688541603,4.342290804746055
463,CATBOOST_XGBOOST,"{""alpha"": 0.7, ""cat_depth"": 6, ""cat_iterations"": 300, ""cat_l2_leaf_reg"": 3, ""cat_learning_rate"": 0.05, ""xgb_colsample_bytree"": 1.0, ""xgb_learning_rate"": 0.05, ""xgb_max_depth"": 3, ""xgb_n_estimators"": 300, ""xgb_subsample"": 0.8}",0.7,6,300,3,0.05,1.0,0.05,3,300,0.8,0.9883370004019192,0.008450166420830204,0.01060717144719031,1.944975270865449,0.4440117779899783,0.03169844205161403,0.03678734856012409,5.54049323713257,0.7017002209388435,0.02400034086604718,0.02993859744674066,4.411275639575927
464,CATBOOST_XGBOOST,"{""alpha"": 0.3, ""cat_depth"": 6, ""cat_iterations"": 500, ""cat_l2_leaf_reg"": 3, ""cat_learning_rate"": 0.05, ""xgb_colsample_bytree"": 1.0, ""xgb_learning_rate"": 0.05, ""xgb_max_depth"": 3, ""xgb_n_estimators"": 300, ""xgb_subsample"": 0.8}",0.3,6,500,3,0.05,1.0,0.05,3,300,0.8,0.9913522050194254,0.007133064577479555,0.009133708575688342,1.651177342231352,0.4439533822273065,0.03135602078205779,0.03678928040758635,5.482040139840195,0.7043813483870889,0.02383128596546504,0.02980374924761221,4.388777621295046
465,CATBOOST_XGBOOST,"{""alpha"": 0.3, ""cat_depth"": 6, ""cat_iterations"": 500, ""cat_l2_leaf_reg"": 5, ""cat_learning_rate"": 0.05, ""xgb_colsample_bytree"": 1.0, ""xgb_learning_rate"": 0.05, ""xgb_max_depth"": 3, ""xgb_n_estimators"": 300, ""xgb_subsample"": 0.8}",0.3,6,500,5,0.05,1.0,0.05,3,300,0.8,0.9902534492533959,0.0075435572572355,0.009696610086187057,1.74514803687433,0.4439406096784289,0.03133731582801751,0.0367897029352745,5.476488417977259,0.7080710828705312,0.02351329997606142,0.02961716897367176,4.32709982779434
466,CATBOOST_XGBOOST,"{""alpha"": 0.7, ""cat_depth"": 6, ""cat_iterations"": 500, ""cat_l2_leaf_reg"": 5, ""cat_learning_rate"": 0.05, ""xgb_colsample_bytree"": 0.8, ""xgb_learning_rate"": 0.03, ""xgb_max_depth"": 3, ""xgb_n_estimators"": 300, ""xgb_subsample"": 1.0}",0.7,6,500,5,0.05,0.8,0.03,3,300,1.0,0.9896600873866069,0.007890776370507049,0.009987410313949589,1.817586906704246,0.4439265526981734,0.03163126485909015,0.03679016794752719,5.52760498362588,0.7128235484082572,0.02335785529941454,0.02937510295682667,4.291168362233154
467,CATBOOST_XGBOOST,"{""alpha"": 0.3, ""cat_depth"": 6, ""cat_iterations"": 500, ""cat_l2_leaf_reg"": 5, ""cat_learning_rate"": 0.05, ""xgb_colsample_bytree"": 1.0, ""xgb_learning_rate"": 0.05, ""xgb_max_depth"": 3, ""xgb_n_estimators"": 500, ""xgb_subsample"": 0.8}",0.3,6,500,5,0.05,1.0,0.05,3,500,0.8,0.9950092146706401,0.00540541006716995,0.006938712658124687,1.240004508170049,0.4437983006511645,0.03119061678015979,0.03679441032085136,5.453306866436907,0.7099916619083657,0.0236204851201783,0.02951958361061547,4.341659054809783
468,CATBOOST_XGBOOST,"{""alpha"": 0.7, ""cat_depth"": 6, ""cat_iterations"": 500, ""cat_l2_leaf_reg"": 3, ""cat_learning_rate"": 0.03, ""xgb_colsample_bytree"": 0.8, ""xgb_learning_rate"": 0.05, ""xgb_max_depth"": 5, ""xgb_n_estimators"": 300, ""xgb_subsample"": 0.8}",0.7,6,500,3,0.03,0.8,0.05,5,300,0.8,0.9932098358269333,0.006374097185530648,0.008093466913294553,1.46500825974292,0.44379189455174,0.03183833893375521,0.03679462221158485,5.543254817379647,0.7218063269909855,0.02300365328360586,0.02891203155641788,4.228797477050466
469,CATBOOST_XGBOOST,"{""alpha"": 0.3, ""cat_depth"": 6, ""cat_iterations"": 300, ""cat_l2_leaf_reg"": 5, ""cat_learning_rate"": 0.03, ""xgb_colsample_bytree"": 1.0, ""xgb_learning_rate"": 0.05, ""xgb_max_depth"": 5, ""xgb_n_estimators"": 300, ""xgb_subsample"": 0.8}",0.3,6,300,5,0.03,1.0,0.05,5,300,0.8,0.9952053837500987,0.005367343852501607,0.006800978230572551,1.238587967241984,0.4437086291800583,0.03131919419638662,0.03679737621967271,5.425861611889351,0.7252872210084447,0.02358030289099174,0.02873058149880457,4.348176905790964
470,CATBOOST_XGBOOST,"{""alpha"": 0.5, ""cat_depth"": 6, ""cat_iterations"": 300, ""cat_l2_leaf_reg"": 3, ""cat_learning_rate"": 0.03, ""xgb_colsample_bytree"": 1.0, ""xgb_learning_rate"": 0.03, ""xgb_max_depth"": 3, ""xgb_n_estimators"": 300, ""xgb_subsample"": 0.8}",0.5,6,300,3,0.03,1.0,0.03,3,300,0.8,0.9762803635403058,0.01202722263468742,0.0151268490276058,2.789774995246739,0.4435500888780841,0.03163867412218699,0.03680261938166216,5.504642825079689,0.7084929803095464,0.02400663089598043,0.0295957597797167,4.416768686871954
471,CATBOOST_XGBOOST,"{""alpha"": 0.7, ""cat_depth"": 6, ""cat_iterations"": 300, ""cat_l2_leaf_reg"": 3, ""cat_learning_rate"": 0.05, ""xgb_colsample_bytree"": 1.0, ""xgb_learning_rate"": 0.05, ""xgb_max_depth"": 3, ""xgb_n_estimators"": 300, ""xgb_subsample"": 1.0}",0.7,6,300,3,0.05,1.0,0.05,3,300,1.0,0.9882154888758201,0.00849694046916713,0.01066228393580284,1.957608203889129,0.4434529944798704,0.03167907054206202,0.03680583006805738,5.536765002820053,0.7063735973292832,0.0240473249905883,0.0297031519672948,4.423842205648525
472,CATBOOST_XGBOOST,"{""alpha"": 0.5, ""cat_depth"": 6, ""cat_iterations"": 300, ""cat_l2_leaf_reg"": 3, ""cat_learning_rate"": 0.03, ""xgb_colsample_bytree"": 1.0, ""xgb_learning_rate"": 0.03, ""xgb_max_depth"": 5, ""xgb_n_estimators"": 300, ""xgb_subsample"": 0.8}",0.5,6,300,3,0.03,1.0,0.03,5,300,0.8,0.9885224285204014,0.008318983140509119,0.01052251276545568,1.918798087240016,0.4433433184767459,0.03147380767473826,0.03680945646208978,5.447498160591228,0.7229751532594599,0.02369064227219417,0.02885123090683531,4.374730824688164
473,CATBOOST_XGBOOST,"{""alpha"": 0.7, ""cat_depth"": 6, ""cat_iterations"": 300, ""cat_l2_leaf_reg"": 5, ""cat_learning_rate"": 0.05, ""xgb_colsample_bytree"": 1.0, ""xgb_learning_rate"": 0.05, ""xgb_max_depth"": 3, ""xgb_n_estimators"": 500, ""xgb_subsample"": 0.8}",0.7,6,300,5,0.05,1.0,0.05,3,500,0.8,0.9882325920440307,0.008426236953684071,0.01065454390113653,1.940651229764263,0.4432040933589734,0.03139504419785131,0.03681405937146005,5.486031284481087,0.7058868408098828,0.02352868614185296,0.02972776183838946,4.322601220885379
474,CATBOOST_XGBOOST,"{""alpha"": 0.3, ""cat_depth"": 6, ""cat_iterations"": 500, ""cat_l2_leaf_reg"": 3, ""cat_learning_rate"": 0.05, ""xgb_colsample_bytree"": 1.0, ""xgb_learning_rate"": 0.05, ""xgb_max_depth"": 3, ""xgb_n_estimators"": 500, ""xgb_subsample"": 0.8}",0.3,6,500,3,0.05,1.0,0.05,3,500,0.8,0.9957456224695126,0.004998357257454422,0.006406376691428626,1.147247704128745,0.443112243980332,0.03122876757488371,0.03681709568063762,5.461995269654071,0.705618404144468,0.02395973627255819,0.02974132498747134,4.407000592321896
475,CATBOOST_XGBOOST,"{""alpha"": 0.5, ""cat_depth"": 6, ""cat_iterations"": 300, ""cat_l2_leaf_reg"": 3, ""cat_learning_rate"": 0.03, ""xgb_colsample_bytree"": 0.8, ""xgb_learning_rate"": 0.03, ""xgb_max_depth"": 5, ""xgb_n_estimators"": 500, ""xgb_subsample"": 1.0}",0.5,6,300,3,0.03,0.8,0.03,5,500,1.0,0.9907275196687148,0.007481708209106678,0.00945784992856973,1.727572010769394,0.4431000709929417,0.03139977966729247,0.03681749807015641,5.429016494986014,0.7315479390991672,0.02321145855763533,0.0284013089512046,4.276620043322378
476,CATBOOST_XGBOOST,"{""alpha"": 0.3, ""cat_depth"": 4, ""cat_iterations"": 500, ""cat_l2_leaf_reg"": 3, ""cat_learning_rate"": 0.05, ""xgb_colsample_bytree"": 0.8, ""xgb_learning_rate"": 0.05, ""xgb_max_depth"": 5, ""xgb_n_estimators"": 300, ""xgb_subsample"": 0.8}",0.3,4,500,3,0.05,0.8,0.05,5,300,0.8,0.9974826746552099,0.003929014432121007,0.004927925486760386,0.9008003260823367,0.4430514051620106,0.03147337177624945,0.0368191067209218,5.456802443403914,0.7175403603473793,0.02326528041234596,0.02913286425988399,4.271168157338543
477,CATBOOST_XGBOOST,"{""alpha"": 0.7, ""cat_depth"": 6, ""cat_iterations"": 500, ""cat_l2_leaf_reg"": 3, ""cat_learning_rate"": 0.03, ""xgb_colsample_bytree"": 0.8, ""xgb_learning_rate"": 0.05, ""xgb_max_depth"": 5, ""xgb_n_estimators"": 500, ""xgb_subsample"": 0.8}",0.7,6,500,3,0.03,0.8,0.05,5,500,0.8,0.9940095039226593,0.005996045363130775,0.007601964764302398,1.378767190762871,0.4430459959128772,0.03187873189594946,0.03681928551950338,5.551474719444091,0.7223391324730426,0.02298671863030319,0.0288843316601389,4.225819127111835
478,CATBOOST_XGBOOST,"{""alpha"": 0.3, ""cat_depth"": 6, ""cat_iterations"": 300, ""cat_l2_leaf_reg"": 5, ""cat_learning_rate"": 0.05, ""xgb_colsample_bytree"": 0.8, ""xgb_learning_rate"": 0.03, ""xgb_max_depth"": 5, ""xgb_n_estimators"": 300, ""xgb_subsample"": 0.8}",0.3,6,300,5,0.05,0.8,0.03,5,300,0.8,0.9942295156899115,0.005775084495426483,0.007461060996256912,1.326538549830614,0.4429030071158643,0.03182264243583831,0.03682401158973432,5.52797380963382,0.745357531695713,0.02255205766390586,0.02766116088355798,4.147742308510725
479,CATBOOST_XGBOOST,"{""alpha"": 0.5, ""cat_depth"": 4, ""cat_iterations"": 500, ""cat_l2_leaf_reg"": 3, ""cat_learning_rate"": 0.03, ""xgb_colsample_bytree"": 0.8, ""xgb_learning_rate"": 0.05, ""xgb_max_depth"": 5, ""xgb_n_estimators"": 300, ""xgb_subsample"": 1.0}",0.5,4,500,3,0.03,0.8,0.05,5,300,1.0,0.9918782833599786,0.00711996071083037,0.00885153059547942,1.644295175074975,0.4427906001704177,0.0312876730318791,0.03682772644184958,5.39467352965797,0.7027910537387219,0.0237366599003663,0.02988380706922098,4.341131723730979
480,CATBOOST_XGBOOST,"{""alpha"": 0.3, ""cat_depth"": 6, ""cat_iterations"": 300, ""cat_l2_leaf_reg"": 3, ""cat_learning_rate"": 0.05, ""xgb_colsample_bytree"": 0.8, ""xgb_learning_rate"": 0.05, ""xgb_max_depth"": 3, ""xgb_n_estimators"": 500, ""xgb_subsample"": 0.8}",0.3,6,300,3,0.05,0.8,0.05,3,500,0.8,0.993543737254391,0.006235400172673384,0.007891963288196066,1.431311229078227,0.4427405387943921,0.03138013986407758,0.0368293807618003,5.496666860126044,0.7011922685493441,0.02392508213491704,0.02996407670419566,4.400210489324238
481,CATBOOST_XGBOOST,"{""alpha"": 0.5, ""cat_depth"": 6, ""cat_iterations"": 300, ""cat_l2_leaf_reg"": 3, ""cat_learning_rate"": 0.03, ""xgb_colsample_bytree"": 1.0, ""xgb_learning_rate"": 0.05, ""xgb_max_depth"": 5, ""xgb_n_estimators"": 300, ""xgb_subsample"": 0.8}",0.5,6,300,3,0.03,1.0,0.05,5,300,0.8,0.9911445508461415,0.007323210659887577,0.009242719115460934,1.691304828642152,0.4426349487625818,0.03146871186724212,0.03683286982888689,5.455344662761059,0.7237964067637248,0.02357315658801187,0.02880843373273339,4.34310043548992
482,CATBOOST_XGBOOST,"{""alpha"": 0.3, ""cat_depth"": 4, ""cat_iterations"": 300, ""cat_l2_leaf_reg"": 5, ""cat_learning_rate"": 0.03, ""xgb_colsample_bytree"": 1.0, ""xgb_learning_rate"": 0.05, ""xgb_max_depth"": 5, ""xgb_n_estimators"": 500, ""xgb_subsample"": 1.0}",0.3,4,300,5,0.03,1.0,0.05,5,500,1.0,0.9947350152424718,0.0056897370515056,0.007126774498879655,1.32916058009857,0.4423922599312862,0.03180954364660837,0.03684088787134704,5.494648599788624,0.7140544996482783,0.02344095903890657,0.02931207872426003,4.332642046496137
483,CATBOOST_XGBOOST,"{""alpha"": 0.5, ""cat_depth"": 6, ""cat_iterations"": 500, ""cat_l2_leaf_reg"": 3, ""cat_learning_rate"": 0.05, ""xgb_colsample_bytree"": 1.0, ""xgb_learning_rate"": 0.03, ""xgb_max_depth"": 3, ""xgb_n_estimators"": 300, ""xgb_subsample"": 1.0}",0.5,6,500,3,0.05,1.0,0.03,3,300,1.0,0.9889742882018429,0.008148339578919455,0.01031330297712425,1.889421641871368,0.4422887901007807,0.03151327280136935,0.03684430581493981,5.507033849177427,0.7184694352962353,0.02367599318045189,0.02908491243892502,4.355147789582927
484,CATBOOST_XGBOOST,"{""alpha"": 0.7, ""cat_depth"": 6, ""cat_iterations"": 500, ""cat_l2_leaf_reg"": 3, ""cat_learning_rate"": 0.03, ""xgb_colsample_bytree"": 1.0, ""xgb_learning_rate"": 0.03, ""xgb_max_depth"": 5, ""xgb_n_estimators"": 500, ""xgb_subsample"": 0.8}",0.7,6,500,3,0.03,1.0,0.03,5,500,0.8,0.9933544056867568,0.006296179959295082,0.00800684407464007,1.446713795205866,0.4422835142914125,0.0317106427118806,0.03684448008351342,5.510417776831562,0.7176365899503112,0.02333226727156274,0.02912790128043574,4.291865006511943
485,CATBOOST_XGBOOST,"{""alpha"": 0.3, ""cat_depth"": 6, ""cat_iterations"": 500, ""cat_l2_leaf_reg"": 3, ""cat_learning_rate"": 0.05, ""xgb_colsample_bytree"": 1.0, ""xgb_learning_rate"": 0.05, ""xgb_max_depth"": 3, ""xgb_n_estimators"": 300, ""xgb_subsample"": 1.0}",0.3,6,500,3,0.05,1.0,0.05,3,300,1.0,0.9908795444209735,0.007305238599188393,0.009379997539433202,1.694790351453215,0.442281133164622,0.03121515914392711,0.03684455873573837,5.454709266213604,0.7140810635745152,0.02352210210911555,0.02931071716763352,4.334124526657653
486,CATBOOST_XGBOOST,"{""alpha"": 0.3, ""cat_depth"": 4, ""cat_iterations"": 300, ""cat_l2_leaf_reg"": 3, ""cat_learning_rate"": 0.03, ""xgb_colsample_bytree"": 1.0, ""xgb_learning_rate"": 0.03, ""xgb_max_depth"": 3, ""xgb_n_estimators"": 500, ""xgb_subsample"": 0.8}",0.3,4,300,3,0.03,1.0,0.03,3,500,0.8,0.9823706401955768,0.01045929914604822,0.01304105507398736,2.429615127069583,0.4422581877540374,0.03111580357127069,0.03684531664880447,5.401859644874038,0.6901989293828725,0.02395289282920932,0.03051029747926224,4.389409465896701
487,CATBOOST_XGBOOST,"{""alpha"": 0.3, ""cat_depth"": 6, ""cat_iterations"": 300, ""cat_l2_leaf_reg"": 3, ""cat_learning_rate"": 0.05, ""xgb_colsample_bytree"": 0.8, ""xgb_learning_rate"": 0.03, ""xgb_max_depth"": 5, ""xgb_n_estimators"": 300, ""xgb_subsample"": 0.8}",0.3,6,300,3,0.05,0.8,0.03,5,300,0.8,0.9949822337327415,0.005397909100204618,0.006957443240511887,1.236574964734596,0.4422053951397205,0.03196916972343952,0.03684706038983418,5.554514281841074,0.7431889849688842,0.0227210193966867,0.02777869303261382,4.178539297653943
488,CATBOOST_XGBOOST,"{""alpha"": 0.3, ""cat_depth"": 6, ""cat_iterations"": 300, ""cat_l2_leaf_reg"": 5, ""cat_learning_rate"": 0.05, ""xgb_colsample_bytree"": 0.8, ""xgb_learning_rate"": 0.05, ""xgb_max_depth"": 3, ""xgb_n_estimators"": 500, ""xgb_subsample"": 0.8}",0.3,6,300,5,0.05,0.8,0.05,3,500,0.8,0.9927392026421615,0.006580808564052498,0.008369251451737074,1.514436621825543,0.4421604009280634,0.03124734532892756,0.03684854648434596,5.472795280102589,0.703659153912022,0.02371838859382626,0.02984013222471313,4.361206295296592
489,CATBOOST_XGBOOST,"{""alpha"": 0.5, ""cat_depth"": 4, ""cat_iterations"": 500, ""cat_l2_leaf_reg"": 3, ""cat_learning_rate"": 0.05, ""xgb_colsample_bytree"": 1.0, ""xgb_learning_rate"": 0.03, ""xgb_max_depth"": 5, ""xgb_n_estimators"": 500, ""xgb_subsample"": 1.0}",0.5,4,500,3,0.05,1.0,0.03,5,500,1.0,0.9953962230865309,0.005336068205569725,0.006664254802029005,1.225102200908523,0.4421010433724203,0.03120584252528882,0.03685050688790203,5.383019862827397,0.7002763537237059,0.02390665629436275,0.03000996498017815,4.384319828636383
490,CATBOOST_XGBOOST,"{""alpha"": 0.3, ""cat_depth"": 4, ""cat_iterations"": 500, ""cat_l2_leaf_reg"": 3, ""cat_learning_rate"": 0.05, ""xgb_colsample_bytree"": 1.0, ""xgb_learning_rate"": 0.03, ""xgb_max_depth"": 5, ""xgb_n_estimators"": 500, ""xgb_subsample"": 0.8}",0.3,4,500,3,0.05,1.0,0.03,5,500,0.8,0.9976967598039763,0.00374357876096262,0.004713723174005307,0.8585884020621666,0.4419862904797878,0.03112745207463094,0.03685429653904279,5.370872056278102,0.7051997438609461,0.02415482430136576,0.02976246606394248,4.443889014045467
491,CATBOOST_XGBOOST,"{""alpha"": 0.3, ""cat_depth"": 6, ""cat_iterations"": 500, ""cat_l2_leaf_reg"": 5, ""cat_learning_rate"": 0.05, ""xgb_colsample_bytree"": 1.0, ""xgb_learning_rate"": 0.05, ""xgb_max_depth"": 3, ""xgb_n_estimators"": 300, ""xgb_subsample"": 1.0}",0.3,6,500,5,0.05,1.0,0.05,3,300,1.0,0.9897605459882325,0.007733474692060328,0.009938774982447465,1.792163642113646,0.4419557024724904,0.03121000753353657,0.03685530662537597,5.452586052936277,0.7178505056785975,0.02321633474570365,0.02911686568488508,4.274760023625785
492,CATBOOST_XGBOOST,"{""alpha"": 0.3, ""cat_depth"": 6, ""cat_iterations"": 300, ""cat_l2_leaf_reg"": 5, ""cat_learning_rate"": 0.03, ""xgb_colsample_bytree"": 0.8, ""xgb_learning_rate"": 0.03, ""xgb_max_depth"": 5, ""xgb_n_estimators"": 300, ""xgb_subsample"": 1.0}",0.3,6,300,5,0.03,0.8,0.03,5,300,1.0,0.9922488839336072,0.006787077673895032,0.008647221393372168,1.5673421192223,0.4419535191797432,0.03142113102420886,0.03685537872166412,5.424303691676329,0.7370142182135488,0.02300580873256392,0.02811066499526267,4.243672227243767
493,CATBOOST_XGBOOST,"{""alpha"": 0.5, ""cat_depth"": 6, ""cat_iterations"": 300, ""cat_l2_leaf_reg"": 5, ""cat_learning_rate"": 0.03, ""xgb_colsample_bytree"": 1.0, ""xgb_learning_rate"": 0.05, ""xgb_max_depth"": 5, ""xgb_n_estimators"": 300, ""xgb_subsample"": 1.0}",0.5,6,300,5,0.03,1.0,0.05,5,300,1.0,0.9893423440654834,0.008040540203402497,0.01013970467363106,1.859997292273533,0.4418677945947858,0.03157146726754739,0.03685820939153536,5.460018778355747,0.7306525863618799,0.02312473251095055,0.02844863215256704,4.275409536753556
494,CATBOOST_XGBOOST,"{""alpha"": 0.5, ""cat_depth"": 6, ""cat_iterations"": 300, ""cat_l2_leaf_reg"": 3, ""cat_learning_rate"": 0.05, ""xgb_colsample_bytree"": 1.0, ""xgb_learning_rate"": 0.05, ""xgb_max_depth"": 3, ""xgb_n_estimators"": 500, ""xgb_subsample"": 0.8}",0.5,6,300,3,0.05,1.0,0.05,3,500,0.8,0.9924974926775891,0.006753193125488631,0.008507416049501879,1.548989426658439,0.4417384220566201,0.03163832327630025,0.03686248092770665,5.530109091149897,0.7066567891937919,0.02376214511579898,0.02968882471320396,4.367274381706618
495,CATBOOST_XGBOOST,"{""alpha"": 0.7, ""cat_depth"": 6, ""cat_iterations"": 300, ""cat_l2_leaf_reg"": 5, ""cat_learning_rate"": 0.05, ""xgb_colsample_bytree"": 1.0, ""xgb_learning_rate"": 0.05, ""xgb_max_depth"": 3, ""xgb_n_estimators"": 300, ""xgb_subsample"": 0.8}",0.7,6,300,5,0.05,1.0,0.05,3,300,0.8,0.9854384216557465,0.009367776092715814,0.01185219215181894,2.163148978742457,0.4415366377083468,0.03141896392634577,0.03686914232082582,5.488379795734439,0.7039358695699112,0.0235475631892174,0.0298261969869141,4.325381142667027
496,CATBOOST_XGBOOST,"{""alpha"": 0.3, ""cat_depth"": 4, ""cat_iterations"": 500, ""cat_l2_leaf_reg"": 3, ""cat_learning_rate"": 0.05, ""xgb_colsample_bytree"": 0.8, ""xgb_learning_rate"": 0.05, ""xgb_max_depth"": 5, ""xgb_n_estimators"": 500, ""xgb_subsample"": 0.8}",0.3,4,500,3,0.05,0.8,0.05,5,500,0.8,0.998562638156614,0.00301108597129455,0.003723724259195861,0.6915166814681726,0.4413529776150565,0.03156121844763075,0.03687520434203027,5.474739057824294,0.7188026254558759,0.02324376382973533,0.02906769641198431,4.26654974079281
497,CATBOOST_XGBOOST,"{""alpha"": 0.5, ""cat_depth"": 6, ""cat_iterations"": 300, ""cat_l2_leaf_reg"": 3, ""cat_learning_rate"": 0.03, ""xgb_colsample_bytree"": 0.8, ""xgb_learning_rate"": 0.03, ""xgb_max_depth"": 5, ""xgb_n_estimators"": 300, ""xgb_subsample"": 1.0}",0.5,6,300,3,0.03,0.8,0.03,5,300,1.0,0.9884921248947198,0.008301430841778985,0.01053639462591455,1.918229915393286,0.4413341001628228,0.03154664647338427,0.036875827368736,5.454303104011568,0.7322532241576025,0.02322867406944941,0.02836397604229377,4.280580384909481
498,CATBOOST_XGBOOST,"{""alpha"": 0.7, ""cat_depth"": 6, ""cat_iterations"": 300, ""cat_l2_leaf_reg"": 3, ""cat_learning_rate"": 0.03, ""xgb_colsample_bytree"": 1.0, ""xgb_learning_rate"": 0.03, ""xgb_max_depth"": 5, ""xgb_n_estimators"": 500, ""xgb_subsample"": 1.0}",0.7,6,300,3,0.03,1.0,0.03,5,500,1.0,0.9845162562688377,0.009695909081728533,0.01222172325911007,2.243284961187158,0.4411013204510419,0.03159882831555125,0.0368835091070395,5.476152048050439,0.7225090042770569,0.02349452660484047,0.028875494649247,4.334219321327589
499,CATBOOST_XGBOOST,"{""alpha"": 0.5, ""cat_depth"": 4, ""cat_iterations"": 500, ""cat_l2_leaf_reg"": 3, ""cat_learning_rate"": 0.05, ""xgb_colsample_bytree"": 1.0, ""xgb_learning_rate"": 0.05, ""xgb_max_depth"": 5, ""xgb_n_estimators"": 500, ""xgb_subsample"": 1.0}",0.5,4,500,3,0.05,1.0,0.05,5,500,1.0,0.9964017582178197,0.00475629663153472,0.00589168649453554,1.09023098690057,0.4410947840465188,0.03145661080224175,0.03688372478551549,5.425624231551889,0.7022513491997515,0.02380947724641244,0.02991092790663135,4.364317766023372
500,CATBOOST_XGBOOST,"{""alpha"": 0.7, ""cat_depth"": 6, ""cat_iterations"": 500, ""cat_l2_leaf_reg"": 3, ""cat_learning_rate"": 0.03, ""xgb_colsample_bytree"": 1.0, ""xgb_learning_rate"": 0.03, ""xgb_max_depth"": 5, ""xgb_n_estimators"": 300, ""xgb_subsample"": 0.8}",0.7,6,500,3,0.03,1.0,0.03,5,300,0.8,0.9919456788864913,0.006918819295390642,0.00881472825852579,1.588988702064987,0.4408823238039088,0.03171052614634545,0.03689073454344578,5.509342751448067,0.7171291383800238,0.02334452972130703,0.02915406324712875,4.294894272303535
501,CATBOOST_XGBOOST,"{""alpha"": 0.7, ""cat_depth"": 6, ""cat_iterations"": 500, ""cat_l2_leaf_reg"": 3, ""cat_learning_rate"": 0.03, ""xgb_colsample_bytree"": 0.8, ""xgb_learning_rate"": 0.03, ""xgb_max_depth"": 3, ""xgb_n_estimators"": 500, ""xgb_subsample"": 0.8}",0.7,6,500,3,0.03,0.8,0.03,3,500,0.8,0.9887189271846727,0.00824654121139041,0.01043204998836788,1.898011328362761,0.4408760468183112,0.03185914810706685,0.03689094162146295,5.554324372298339,0.7064040814349303,0.02367996910706181,0.02970161004613744,4.356641649960911
502,CATBOOST_XGBOOST,"{""alpha"": 0.7, ""cat_depth"": 6, ""cat_iterations"": 300, ""cat_l2_leaf_reg"": 5, ""cat_learning_rate"": 0.05, ""xgb_colsample_bytree"": 1.0, ""xgb_learning_rate"": 0.05, ""xgb_max_depth"": 3, ""xgb_n_estimators"": 300, ""xgb_subsample"": 1.0}",0.7,6,300,5,0.05,1.0,0.05,3,300,1.0,0.9852386978036979,0.009431069444208613,0.01193319654948477,2.179580429290734,0.4408714228030862,0.03141934666069128,0.03689109416717491,5.489263449758908,0.7089959688020754,0.02357487366141286,0.02957021536287873,4.334132834315017
503,CATBOOST_XGBOOST,"{""alpha"": 0.5, ""cat_depth"": 6, ""cat_iterations"": 300, ""cat_l2_leaf_reg"": 5, ""cat_learning_rate"": 0.03, ""xgb_colsample_bytree"": 1.0, ""xgb_learning_rate"": 0.03, ""xgb_max_depth"": 5, ""xgb_n_estimators"": 300, ""xgb_subsample"": 1.0}",0.5,6,300,5,0.03,1.0,0.03,5,300,1.0,0.9868141417066943,0.008908907769647447,0.01127843030803719,2.062573307323294,0.4408072145033253,0.03143204070737619,0.03689321232615449,5.436688833848936,0.7269222144377034,0.02336447448930858,0.0286449567700637,4.321678709561922
504,CATBOOST_XGBOOST,"{""alpha"": 0.5, ""cat_depth"": 6, ""cat_iterations"": 300, ""cat_l2_leaf_reg"": 5, ""cat_learning_rate"": 0.05, ""xgb_colsample_bytree"": 1.0, ""xgb_learning_rate"": 0.05, ""xgb_max_depth"": 3, ""xgb_n_estimators"": 500, ""xgb_subsample"": 0.8}",0.5,6,300,5,0.05,1.0,0.05,3,500,0.8,0.9909341842271107,0.007367600090637747,0.009351857981736125,1.695343219172019,0.4406913244818136,0.03142762849159263,0.03689703509871333,5.491112475837621,0.7098550139068378,0.02342976997431921,0.02952653740559552,4.304672235939068
505,CATBOOST_XGBOOST,"{""alpha"": 0.5, ""cat_depth"": 6, ""cat_iterations"": 300, ""cat_l2_leaf_reg"": 3, ""cat_learning_rate"": 0.05, ""xgb_colsample_bytree"": 1.0, ""xgb_learning_rate"": 0.05, ""xgb_max_depth"": 3, ""xgb_n_estimators"": 300, ""xgb_subsample"": 0.8}",0.5,6,300,3,0.05,1.0,0.05,3,300,0.8,0.9885878776959128,0.008301650791421719,0.01049246832689401,1.914199386628358,0.4406760759999703,0.03170316910154923,0.03689753805884942,5.539184420341871,0.7047988087943617,0.02383595965376656,0.02978269800335864,4.383781446047758
506,CATBOOST_XGBOOST,"{""alpha"": 0.7, ""cat_depth"": 6, ""cat_iterations"": 300, ""cat_l2_leaf_reg"": 3, ""cat_learning_rate"": 0.03, ""xgb_colsample_bytree"": 1.0, ""xgb_learning_rate"": 0.05, ""xgb_max_depth"": 5, ""xgb_n_estimators"": 500, ""xgb_subsample"": 1.0}",0.7,6,300,3,0.03,1.0,0.05,5,500,1.0,0.985583261633837,0.009361226038517401,0.01179309960747785,2.164734510282165,0.4406750803221459,0.03169943879286032,0.03689757090032329,5.492013614730299,0.7237887950289176,0.02343776978568534,0.02880883068746607,4.322509659553835
507,CATBOOST_XGBOOST,"{""alpha"": 0.5, ""cat_depth"": 6, ""cat_iterations"": 500, ""cat_l2_leaf_reg"": 5, ""cat_learning_rate"": 0.05, ""xgb_colsample_bytree"": 1.0, ""xgb_learning_rate"": 0.03, ""xgb_max_depth"": 3, ""xgb_n_estimators"": 300, ""xgb_subsample"": 1.0}",0.5,6,500,5,0.05,1.0,0.03,3,300,1.0,0.9868021140214231,0.008883538670267858,0.0112835730331671,2.058069461294415,0.4406256615465923,0.03159257242487421,0.03689920089429941,5.52036061937789,0.7233578596526837,0.02322619958789095,0.02883129521022168,4.26882106701544
508,CATBOOST_XGBOOST,"{""alpha"": 0.7, ""cat_depth"": 6, ""cat_iterations"": 500, ""cat_l2_leaf_reg"": 3, ""cat_learning_rate"": 0.03, ""xgb_colsample_bytree"": 1.0, ""xgb_learning_rate"": 0.05, ""xgb_max_depth"": 5, ""xgb_n_estimators"": 500, ""xgb_subsample"": 0.8}",0.7,6,500,3,0.03,1.0,0.05,5,500,0.8,0.9940220439422515,0.005989446240076312,0.007594003927125655,1.377024777362891,0.4405262079880523,0.03174259080148021,0.03690248098196433,5.52164502459496,0.7177624478214738,0.02330594930820623,0.02912140896571632,4.284502114356033
509,CATBOOST_XGBOOST,"{""alpha"": 0.3, ""cat_depth"": 4, ""cat_iterations"": 500, ""cat_l2_leaf_reg"": 3, ""cat_learning_rate"": 0.03, ""xgb_colsample_bytree"": 1.0, ""xgb_learning_rate"": 0.03, ""xgb_max_depth"": 3, ""xgb_n_estimators"": 500, ""xgb_subsample"": 0.8}",0.3,4,500,3,0.03,1.0,0.03,3,500,0.8,0.9860364876776416,0.009278553559838108,0.01160624661787786,2.146443323578388,0.4402471010866116,0.03099125768128047,0.03691168467749223,5.390530521034476,0.6861471997894077,0.02412598753056219,0.03070916365438772,4.415156086290463
510,CATBOOST_XGBOOST,"{""alpha"": 0.7, ""cat_depth"": 6, ""cat_iterations"": 500, ""cat_l2_leaf_reg"": 3, ""cat_learning_rate"": 0.03, ""xgb_colsample_bytree"": 0.8, ""xgb_learning_rate"": 0.03, ""xgb_max_depth"": 5, ""xgb_n_estimators"": 500, ""xgb_subsample"": 1.0}",0.7,6,500,3,0.03,0.8,0.03,5,500,1.0,0.9930769223644426,0.006423740629092336,0.008172295450058062,1.475622706949324,0.4401981938424422,0.03165509574943482,0.03691329718307101,5.496108665718983,0.7225749319714921,0.02305641837443354,0.02887206425348101,4.235928809390396
511,CATBOOST_XGBOOST,"{""alpha"": 0.5, ""cat_depth"": 6, ""cat_iterations"": 500, ""cat_l2_leaf_reg"": 3, ""cat_learning_rate"": 0.03, ""xgb_colsample_bytree"": 1.0, ""xgb_learning_rate"": 0.05, ""xgb_max_depth"": 3, ""xgb_n_estimators"": 500, ""xgb_subsample"": 1.0}",0.5,6,500,3,0.03,1.0,0.05,3,500,1.0,0.992426364821312,0.006719112631783628,0.008547648387532046,1.541249030619482,0.4399357285319184,0.0314810539304263,0.03692194964234224,5.492189917665714,0.7231496009448926,0.02304422975235988,0.02884214539860284,4.241704112917624
512,CATBOOST_XGBOOST,"{""alpha"": 0.3, ""cat_depth"": 6, ""cat_iterations"": 500, ""cat_l2_leaf_reg"": 5, ""cat_learning_rate"": 0.03, ""xgb_colsample_bytree"": 0.8, ""xgb_learning_rate"": 0.03, ""xgb_max_depth"": 3, ""xgb_n_estimators"": 300, ""xgb_subsample"": 0.8}",0.3,6,500,5,0.03,0.8,0.03,3,300,0.8,0.980553847530591,0.01084123356075376,0.01369655360303208,2.516288041605113,0.4399315494900014,0.03188733044457168,0.03692208739268201,5.556095756280417,0.7052577253937679,0.02404179238575143,0.02975953906807488,4.426035304047151
513,CATBOOST_XGBOOST,"{""alpha"": 0.5, ""cat_depth"": 6, ""cat_iterations"": 500, ""cat_l2_leaf_reg"": 3, ""cat_learning_rate"": 0.05, ""xgb_colsample_bytree"": 0.8, ""xgb_learning_rate"": 0.05, ""xgb_max_depth"": 3, ""xgb_n_estimators"": 500, ""xgb_subsample"": 1.0}",0.5,6,500,3,0.05,0.8,0.05,3,500,1.0,0.9955045267689393,0.005169337870333123,0.006585400104054067,1.183624796064326,0.4398009386213811,0.03139798876850917,0.03692639235288851,5.495537744592645,0.706792814882598,0.02379305766261757,0.02968194043745436,4.377660149645861
514,CATBOOST_XGBOOST,"{""alpha"": 0.3, ""cat_depth"": 6, ""cat_iterations"": 500, ""cat_l2_leaf_reg"": 3, ""cat_learning_rate"": 0.03, ""xgb_colsample_bytree"": 1.0, ""xgb_learning_rate"": 0.05, ""xgb_max_depth"": 3, ""xgb_n_estimators"": 500, ""xgb_subsample"": 1.0}",0.3,6,500,3,0.03,1.0,0.05,3,500,1.0,0.9935635315167128,0.006149803382214558,0.007879856012128964,1.410271105889325,0.4397939736245235,0.03111771102432811,0.03692662190647492,5.431298762290022,0.7221615284632363,0.02305281156251309,0.02889356802299529,4.24340774523144
515,CATBOOST_XGBOOST,"{""alpha"": 0.7, ""cat_depth"": 6, ""cat_iterations"": 500, ""cat_l2_leaf_reg"": 3, ""cat_learning_rate"": 0.03, ""xgb_colsample_bytree"": 1.0, ""xgb_learning_rate"": 0.03, ""xgb_max_depth"": 3, ""xgb_n_estimators"": 300, ""xgb_subsample"": 0.8}",0.7,6,500,3,0.03,1.0,0.03,3,300,0.8,0.9863934423274641,0.009057307191736698,0.01145693875806899,2.090175985703899,0.4396754294495405,0.03177440207892041,0.03693052868734831,5.536804159792672,0.7073238102733616,0.02362718134964239,0.02965505140373839,4.3439914035074
516,CATBOOST_XGBOOST,"{""alpha"": 0.3, ""cat_depth"": 6, ""cat_iterations"": 500, ""cat_l2_leaf_reg"": 3, ""cat_learning_rate"": 0.03, ""xgb_colsample_bytree"": 0.8, ""xgb_learning_rate"": 0.03, ""xgb_max_depth"": 5, ""xgb_n_estimators"": 500, ""xgb_subsample"": 0.8}",0.3,6,500,3,0.03,0.8,0.03,5,500,0.8,0.9975363729005161,0.003777452564097399,0.004875082218883007,0.8666266594383618,0.4395522771172831,0.0320852643349777,0.03693458689852003,5.572244750324343,0.7451610909049531,0.02262592790374955,0.02767182825731108,4.166281983153505
517,CATBOOST_XGBOOST,"{""alpha"": 0.7, ""cat_depth"": 6, ""cat_iterations"": 500, ""cat_l2_leaf_reg"": 3, ""cat_learning_rate"": 0.03, ""xgb_colsample_bytree"": 1.0, ""xgb_learning_rate"": 0.05, ""xgb_max_depth"": 5, ""xgb_n_estimators"": 300, ""xgb_subsample"": 0.8}",0.7,6,500,3,0.03,1.0,0.05,5,300,0.8,0.9932876716242626,0.006333039098405143,0.008046945417527603,1.455370721160825,0.4395468592301662,0.03173083402563957,0.03693476542269877,5.51860145464136,0.7169168368226992,0.02332412110984289,0.02916500161684201,4.286782513108838
518,CATBOOST_XGBOOST,"{""alpha"": 0.5, ""cat_depth"": 6, ""cat_iterations"": 500, ""cat_l2_leaf_reg"": 3, ""cat_learning_rate"": 0.03, ""xgb_colsample_bytree"": 0.8, ""xgb_learning_rate"": 0.05, ""xgb_max_depth"": 3, ""xgb_n_estimators"": 500, ""xgb_subsample"": 0.8}",0.5,6,500,3,0.03,0.8,0.05,3,500,0.8,0.9924728356962298,0.006703939144752922,0.008521384388529332,1.538902456919077,0.4394091570496484,0.03182733079881464,0.03693930254186115,5.562518065307565,0.7083274552862391,0.02360346575857603,0.02960416119593115,4.344140948678097
519,CATBOOST_XGBOOST,"{""alpha"": 0.5, ""cat_depth"": 6, ""cat_iterations"": 300, ""cat_l2_leaf_reg"": 3, ""cat_learning_rate"": 0.05, ""xgb_colsample_bytree"": 1.0, ""xgb_learning_rate"": 0.05, ""xgb_max_depth"": 3, ""xgb_n_estimators"": 300, ""xgb_subsample"": 1.0}",0.5,6,300,3,0.05,1.0,0.05,3,300,1.0,0.9883082858078093,0.008398679782979129,0.01062022097957536,1.939265450817661,0.4394009252563442,0.03163734821160729,0.03693957375177376,5.526439129309455,0.7121957701657682,0.02369191216221913,0.0294071929544617,4.358385019029027
520,CATBOOST_XGBOOST,"{""alpha"": 0.3, ""cat_depth"": 4, ""cat_iterations"": 500, ""cat_l2_leaf_reg"": 3, ""cat_learning_rate"": 0.05, ""xgb_colsample_bytree"": 0.8, ""xgb_learning_rate"": 0.03, ""xgb_max_depth"": 5, ""xgb_n_estimators"": 500, ""xgb_subsample"": 1.0}",0.3,4,500,3,0.05,0.8,0.03,5,500,1.0,0.9972672046788305,0.0040443240889197,0.005134498259180904,0.9258994290317467,0.4393256396223632,0.03107034122037175,0.03694205406791343,5.352928317400598,0.7172249729951368,0.02348448317545262,0.02914912423520919,4.307977158215084
521,CATBOOST_XGBOOST,"{""alpha"": 0.3, ""cat_depth"": 4, ""cat_iterations"": 500, ""cat_l2_leaf_reg"": 3, ""cat_learning_rate"": 0.05, ""xgb_colsample_bytree"": 1.0, ""xgb_learning_rate"": 0.03, ""xgb_max_depth"": 5, ""xgb_n_estimators"": 300, ""xgb_subsample"": 0.8}",0.3,4,500,3,0.05,1.0,0.03,5,300,0.8,0.9954150170850953,0.005200668123998686,0.006650638147259471,1.191605169350636,0.4392952089936966,0.0311861110362154,0.03694305657021761,5.37980435194673,0.7052212050662836,0.02413754312029693,0.02976138270324728,4.442118891107998
522,CATBOOST_XGBOOST,"{""alpha"": 0.7, ""cat_depth"": 6, ""cat_iterations"": 300, ""cat_l2_leaf_reg"": 3, ""cat_learning_rate"": 0.03, ""xgb_colsample_bytree"": 1.0, ""xgb_learning_rate"": 0.05, ""xgb_max_depth"": 5, ""xgb_n_estimators"": 300, ""xgb_subsample"": 1.0}",0.7,6,300,3,0.03,1.0,0.05,5,300,1.0,0.984458139244989,0.009704077294119299,0.01224463841895965,2.244241057955621,0.4392126287260714,0.03169406644356732,0.0369457769457404,5.489939006746988,0.7231989406547463,0.02346749269388404,0.02883957519010779,4.328188194308056
523,CATBOOST_XGBOOST,"{""alpha"": 0.5, ""cat_depth"": 6, ""cat_iterations"": 300, ""cat_l2_leaf_reg"": 5, ""cat_learning_rate"": 0.05, ""xgb_colsample_bytree"": 1.0, ""xgb_learning_rate"": 0.05, ""xgb_max_depth"": 3, ""xgb_n_estimators"": 300, ""xgb_subsample"": 0.8}",0.5,6,300,5,0.05,1.0,0.05,3,300,0.8,0.9866084057142867,0.008938851960937192,0.01136607715825017,2.066580279154491,0.4391758824692472,0.03152742541182439,0.03694698738381246,5.506699247540102,0.707260527833812,0.02350205963224506,0.02965825723774992,4.321217445568266
524,CATBOOST_XGBOOST,"{""alpha"": 0.7, ""cat_depth"": 6, ""cat_iterations"": 500, ""cat_l2_leaf_reg"": 3, ""cat_learning_rate"": 0.03, ""xgb_colsample_bytree"": 0.8, ""xgb_learning_rate"": 0.03, ""xgb_max_depth"": 5, ""xgb_n_estimators"": 300, ""xgb_subsample"": 1.0}",0.7,6,500,3,0.03,0.8,0.03,5,300,1.0,0.9919562917240292,0.006912306419529187,0.00880891894732322,1.589018823875069,0.4391757315965299,0.03174407394770162,0.03694699235354525,5.511447767620042,0.7231469634668548,0.02304169288317983,0.02884228278389131,4.234136622593431
525,CATBOOST_XGBOOST,"{""alpha"": 0.5, ""cat_depth"": 6, ""cat_iterations"": 300, ""cat_l2_leaf_reg"": 3, ""cat_learning_rate"": 0.03, ""xgb_colsample_bytree"": 0.8, ""xgb_learning_rate"": 0.03, ""xgb_max_depth"": 3, ""xgb_n_estimators"": 300, ""xgb_subsample"": 0.8}",0.5,6,300,3,0.03,0.8,0.03,3,300,0.8,0.9757290505181841,0.01215336639138873,0.01530163511051659,2.820904701786034,0.4391533898693509,0.03200361125074622,0.03694772828050927,5.568349438079692,0.707834229738601,0.02413623975399666,0.02962918131045552,4.442566403659544
526,CATBOOST_XGBOOST,"{""alpha"": 0.3, ""cat_depth"": 4, ""cat_iterations"": 500, ""cat_l2_leaf_reg"": 3, ""cat_learning_rate"": 0.05, ""xgb_colsample_bytree"": 1.0, ""xgb_learning_rate"": 0.05, ""xgb_max_depth"": 5, ""xgb_n_estimators"": 500, ""xgb_subsample"": 0.8}",0.3,4,500,3,0.05,1.0,0.05,5,500,0.8,0.9985775517226206,0.002980195902203683,0.003704355855075022,0.6839078939998589,0.4388808369805134,0.0312438200829194,0.03695670487655795,5.404141003872613,0.7079204900993012,0.02406184862194849,0.02962480705993852,4.416606373331284
527,CATBOOST_XGBOOST,"{""alpha"": 0.3, ""cat_depth"": 4, ""cat_iterations"": 300, ""cat_l2_leaf_reg"": 5, ""cat_learning_rate"": 0.03, ""xgb_colsample_bytree"": 1.0, ""xgb_learning_rate"": 0.05, ""xgb_max_depth"": 5, ""xgb_n_estimators"": 300, ""xgb_subsample"": 1.0}",0.3,4,300,5,0.03,1.0,0.05,5,300,1.0,0.9930602325794115,0.0065085244552922,0.008182140186577912,1.518165126849136,0.4388351234884756,0.03180637058814283,0.03695821024808887,5.491945762505371,0.7130680446672167,0.02350476260658783,0.0293625956080081,4.344952857696466
528,CATBOOST_XGBOOST,"{""alpha"": 0.5, ""cat_depth"": 6, ""cat_iterations"": 500, ""cat_l2_leaf_reg"": 5, ""cat_learning_rate"": 0.05, ""xgb_colsample_bytree"": 0.8, ""xgb_learning_rate"": 0.05, ""xgb_max_depth"": 3, ""xgb_n_estimators"": 500, ""xgb_subsample"": 1.0}",0.5,6,500,5,0.05,0.8,0.05,3,500,1.0,0.9941534786635498,0.005909673686609992,0.007510056904218737,1.353155828749059,0.4386133499639696,0.03150293521073655,0.03696551250741165,5.510845974545824,0.7123291484023391,0.02333950240695221,0.02940037801974777,4.292196887823291
529,CATBOOST_XGBOOST,"{""alpha"": 0.5, ""cat_depth"": 4, ""cat_iterations"": 500, ""cat_l2_leaf_reg"": 3, ""cat_learning_rate"": 0.05, ""xgb_colsample_bytree"": 1.0, ""xgb_learning_rate"": 0.05, ""xgb_max_depth"": 5, ""xgb_n_estimators"": 300, ""xgb_subsample"": 1.0}",0.5,4,500,3,0.05,1.0,0.05,5,300,1.0,0.9953414083375018,0.005371030092362169,0.006703811293330907,1.232740620830409,0.4385830905061099,0.03144119795439981,0.03696650873816937,5.420916082316459,0.7012736818852241,0.02385975472564572,0.02995999441084754,4.373941153445045
530,CATBOOST_XGBOOST,"{""alpha"": 0.3, ""cat_depth"": 4, ""cat_iterations"": 500, ""cat_l2_leaf_reg"": 3, ""cat_learning_rate"": 0.05, ""xgb_colsample_bytree"": 1.0, ""xgb_learning_rate"": 0.03, ""xgb_max_depth"": 3, ""xgb_n_estimators"": 300, ""xgb_subsample"": 0.8}",0.3,4,500,3,0.05,1.0,0.03,3,300,0.8,0.9826412364313183,0.01029733954462961,0.0129405832853531,2.385372146780086,0.4383590210467794,0.03146433174896821,0.03697388493149278,5.468982064430471,0.6876425685883787,0.02441362742115232,0.0306359185618777,4.472427256111771
531,CATBOOST_XGBOOST,"{""alpha"": 0.3, ""cat_depth"": 4, ""cat_iterations"": 500, ""cat_l2_leaf_reg"": 3, ""cat_learning_rate"": 0.03, ""xgb_colsample_bytree"": 0.8, ""xgb_learning_rate"": 0.05, ""xgb_max_depth"": 5, ""xgb_n_estimators"": 300, ""xgb_subsample"": 0.8}",0.3,4,500,3,0.03,0.8,0.05,5,300,0.8,0.9959983165029467,0.004986011349119413,0.006213207049790055,1.150475410800825,0.4383579430520533,0.03148395702375489,0.03697392041468874,5.455662278440144,0.7209574879057445,0.02306688613841808,0.02895610691219253,4.234587971914589
532,CATBOOST_XGBOOST,"{""alpha"": 0.7, ""cat_depth"": 6, ""cat_iterations"": 300, ""cat_l2_leaf_reg"": 3, ""cat_learning_rate"": 0.03, ""xgb_colsample_bytree"": 1.0, ""xgb_learning_rate"": 0.03, ""xgb_max_depth"": 5, ""xgb_n_estimators"": 300, ""xgb_subsample"": 1.0}",0.7,6,300,3,0.03,1.0,0.03,5,300,1.0,0.9827071090078241,0.01023235897843263,0.01291600665604827,2.367746690093021,0.4382865068113605,0.03167551401719836,0.0369762717288964,5.489022941267432,0.7207341588027886,0.02361170164554699,0.02896769197131413,4.356043442804182
533,CATBOOST_XGBOOST,"{""alpha"": 0.3, ""cat_depth"": 4, ""cat_iterations"": 300, ""cat_l2_leaf_reg"": 5, ""cat_learning_rate"": 0.03, ""xgb_colsample_bytree"": 1.0, ""xgb_learning_rate"": 0.03, ""xgb_max_depth"": 5, ""xgb_n_estimators"": 300, ""xgb_subsample"": 1.0}",0.3,4,300,5,0.03,1.0,0.03,5,300,1.0,0.9900415360226447,0.007750921799131609,0.009801456946523955,1.807119718710127,0.4381586673337423,0.03169159470688502,0.03698047917485939,5.474591796216227,0.70894447693542,0.02385821643666402,0.02957283140608383,4.413929562393089
534,CATBOOST_XGBOOST,"{""alpha"": 0.5, ""cat_depth"": 4, ""cat_iterations"": 500, ""cat_l2_leaf_reg"": 3, ""cat_learning_rate"": 0.05, ""xgb_colsample_bytree"": 1.0, ""xgb_learning_rate"": 0.03, ""xgb_max_depth"": 5, ""xgb_n_estimators"": 300, ""xgb_subsample"": 1.0}",0.5,4,500,3,0.05,1.0,0.03,5,300,1.0,0.9936228521626664,0.006228742424492062,0.007843460265121322,1.432283318019288,0.4378711210457038,0.03134540487829992,0.0369899411338653,5.406749589570421,0.6979821032895471,0.024065187741828,0.03012460245238805,4.414241394322755
535,CATBOOST_XGBOOST,"{""alpha"": 0.5, ""cat_depth"": 6, ""cat_iterations"": 300, ""cat_l2_leaf_reg"": 5, ""cat_learning_rate"": 0.05, ""xgb_colsample_bytree"": 1.0, ""xgb_learning_rate"": 0.05, ""xgb_max_depth"": 3, ""xgb_n_estimators"": 300, ""xgb_subsample"": 1.0}",0.5,6,300,5,0.05,1.0,0.05,3,300,1.0,0.9862357039950261,0.009058316600015133,0.01152315649546625,2.097278212428396,0.4377740280172278,0.03143827605904767,0.03699313551728236,5.490703414367957,0.7151178766194813,0.02338743970916731,0.02925752493325007,4.300390224777005
536,CATBOOST_XGBOOST,"{""alpha"": 0.3, ""cat_depth"": 4, ""cat_iterations"": 500, ""cat_l2_leaf_reg"": 3, ""cat_learning_rate"": 0.03, ""xgb_colsample_bytree"": 1.0, ""xgb_learning_rate"": 0.03, ""xgb_max_depth"": 5, ""xgb_n_estimators"": 500, ""xgb_subsample"": 0.8}",0.3,4,500,3,0.03,1.0,0.03,5,500,0.8,0.9962618272248771,0.004803987732553611,0.006005153918803893,1.109034231377308,0.4375989762729945,0.03120125329040119,0.03699889406387843,5.383334864308418,0.7094416763676459,0.02394956871924565,0.02954756152011642,4.406059586317647
537,CATBOOST_XGBOOST,"{""alpha"": 0.3, ""cat_depth"": 4, ""cat_iterations"": 500, ""cat_l2_leaf_reg"": 3, ""cat_learning_rate"": 0.05, ""xgb_colsample_bytree"": 0.8, ""xgb_learning_rate"": 0.03, ""xgb_max_depth"": 5, ""xgb_n_estimators"": 300, ""xgb_subsample"": 1.0}",0.3,4,500,3,0.05,0.8,0.03,5,300,1.0,0.9954161192136891,0.005203251619170595,0.006649838765981234,1.195314141642057,0.437594320368325,0.0312458850708398,0.03699904721346373,5.381887373376851,0.7188843284421862,0.02344382223269818,0.02906347323930834,4.302730571780732
538,CATBOOST_XGBOOST,"{""alpha"": 0.3, ""cat_depth"": 6, ""cat_iterations"": 300, ""cat_l2_leaf_reg"": 5, ""cat_learning_rate"": 0.03, ""xgb_colsample_bytree"": 0.8, ""xgb_learning_rate"": 0.03, ""xgb_max_depth"": 3, ""xgb_n_estimators"": 300, ""xgb_subsample"": 0.8}",0.3,6,300,5,0.03,0.8,0.03,3,300,0.8,0.9756252994748623,0.01217105551432537,0.01533430518875946,2.829199399344331,0.4375898070373391,0.03196964146172779,0.03699919567267855,5.564900905875421,0.7057002131522699,0.02422068355938339,0.02973719212491023,4.460707143800303
539,CATBOOST_XGBOOST,"{""alpha"": 0.3, ""cat_depth"": 6, ""cat_iterations"": 300, ""cat_l2_leaf_reg"": 3, ""cat_learning_rate"": 0.05, ""xgb_colsample_bytree"": 0.8, ""xgb_learning_rate"": 0.05, ""xgb_max_depth"": 3, ""xgb_n_estimators"": 300, ""xgb_subsample"": 0.8}",0.3,6,300,3,0.05,0.8,0.05,3,300,0.8,0.988329366485267,0.008362736341079051,0.01061064229601198,1.929420633182312,0.4373296853938762,0.03170446660301875,0.03700775097548469,5.552289168034035,0.6977811151823565,0.0240247465476184,0.03013462450721213,4.423716002768876
540,CATBOOST_XGBOOST,"{""alpha"": 0.7, ""cat_depth"": 6, ""cat_iterations"": 500, ""cat_l2_leaf_reg"": 3, ""cat_learning_rate"": 0.03, ""xgb_colsample_bytree"": 0.8, ""xgb_learning_rate"": 0.03, ""xgb_max_depth"": 3, ""xgb_n_estimators"": 300, ""xgb_subsample"": 0.8}",0.7,6,500,3,0.03,0.8,0.03,3,300,0.8,0.986147843088095,0.00913112013731492,0.01155987557141374,2.107830408941535,0.437287117938934,0.03199336526935293,0.0370091508147316,5.575028292315572,0.7072115337907676,0.02370171216071197,0.02966073899589452,4.35918869462861
541,CATBOOST_XGBOOST,"{""alpha"": 0.3, ""cat_depth"": 6, ""cat_iterations"": 500, ""cat_l2_leaf_reg"": 3, ""cat_learning_rate"": 0.03, ""xgb_colsample_bytree"": 0.8, ""xgb_learning_rate"": 0.05, ""xgb_max_depth"": 3, ""xgb_n_estimators"": 500, ""xgb_subsample"": 0.8}",0.3,6,500,3,0.03,0.8,0.05,3,500,0.8,0.9936646632812833,0.006122142323113935,0.007817705558011624,1.406445816692933,0.4371782156960274,0.03161275411329824,0.03701273184573209,5.53176561031758,0.703143047645159,0.0238543490920806,0.02986610566009635,4.390745909453219
542,CATBOOST_XGBOOST,"{""alpha"": 0.3, ""cat_depth"": 6, ""cat_iterations"": 300, ""cat_l2_leaf_reg"": 3, ""cat_learning_rate"": 0.03, ""xgb_colsample_bytree"": 1.0, ""xgb_learning_rate"": 0.05, ""xgb_max_depth"": 3, ""xgb_n_estimators"": 500, ""xgb_subsample"": 1.0}",0.3,6,300,3,0.03,1.0,0.05,3,500,1.0,0.9907378387078165,0.007470903290222955,0.009452585798170559,1.71934349152299,0.4371473248107789,0.03122386907798514,0.03701374756722334,5.443671301544415,0.7242440597153582,0.02297141609901933,0.02878507884114037,4.230359746038368
543,CATBOOST_XGBOOST,"{""alpha"": 0.7, ""cat_depth"": 6, ""cat_iterations"": 300, ""cat_l2_leaf_reg"": 3, ""cat_learning_rate"": 0.05, ""xgb_colsample_bytree"": 1.0, ""xgb_learning_rate"": 0.03, ""xgb_max_depth"": 3, ""xgb_n_estimators"": 500, ""xgb_subsample"": 1.0}",0.7,6,300,3,0.05,1.0,0.03,3,500,1.0,0.9883370778978726,0.008443151218103193,0.01060713620693226,1.942516609189497,0.4369367091413181,0.03177001713565426,0.03702067206668021,5.554792388324871,0.7087922706784554,0.02397608734574671,0.02958056288909373,4.412801331571603
544,CATBOOST_XGBOOST,"{""alpha"": 0.3, ""cat_depth"": 4, ""cat_iterations"": 500, ""cat_l2_leaf_reg"": 3, ""cat_learning_rate"": 0.05, ""xgb_colsample_bytree"": 1.0, ""xgb_learning_rate"": 0.05, ""xgb_max_depth"": 5, ""xgb_n_estimators"": 300, ""xgb_subsample"": 0.8}",0.3,4,500,3,0.05,1.0,0.05,5,300,0.8,0.9975989368013616,0.003819941982603225,0.004812782704609865,0.8751642230273946,0.4369359530642954,0.0312352744948706,0.03702069692220762,5.399869891388203,0.7062524391045091,0.02408209849887323,0.02970927949868792,4.418179145677019
545,CATBOOST_XGBOOST,"{""alpha"": 0.3, ""cat_depth"": 6, ""cat_iterations"": 300, ""cat_l2_leaf_reg"": 5, ""cat_learning_rate"": 0.05, ""xgb_colsample_bytree"": 0.8, ""xgb_learning_rate"": 0.05, ""xgb_max_depth"": 3, ""xgb_n_estimators"": 300, ""xgb_subsample"": 0.8}",0.3,6,300,5,0.05,0.8,0.05,3,300,0.8,0.9871737384905916,0.008741458871526503,0.01112357797178108,2.020924473634114,0.43681174274583,0.03165577925022981,0.0370247800269731,5.544745909735131,0.6998076373759559,0.02383324496118093,0.03003342103108788,4.387637541409758
546,CATBOOST_XGBOOST,"{""alpha"": 0.3, ""cat_depth"": 4, ""cat_iterations"": 500, ""cat_l2_leaf_reg"": 3, ""cat_learning_rate"": 0.03, ""xgb_colsample_bytree"": 0.8, ""xgb_learning_rate"": 0.05, ""xgb_max_depth"": 5, ""xgb_n_estimators"": 500, ""xgb_subsample"": 0.8}",0.3,4,500,3,0.03,0.8,0.05,5,500,0.8,0.9973478398097987,0.004084452898470777,0.005058180630132646,0.9457846477756462,0.4367885865965689,0.03157180369513619,0.03702554117789293,5.473598892860525,0.7223638039062898,0.0230482090910621,0.02888304837939192,4.230425296358818
547,CATBOOST_XGBOOST,"{""alpha"": 0.3, ""cat_depth"": 4, ""cat_iterations"": 300, ""cat_l2_leaf_reg"": 3, ""cat_learning_rate"": 0.03, ""xgb_colsample_bytree"": 0.8, ""xgb_learning_rate"": 0.05, ""xgb_max_depth"": 5, ""xgb_n_estimators"": 300, ""xgb_subsample"": 0.8}",0.3,4,300,3,0.03,0.8,0.05,5,300,0.8,0.9938186996038347,0.006184598444711048,0.007722081538795471,1.438426413476537,0.4366974407035287,0.03159468664032485,0.03702853702404558,5.464007378903517,0.7228194990064086,0.02311162548471601,0.02885933520903648,4.246650755580342
548,CATBOOST_XGBOOST,"{""alpha"": 0.3, ""cat_depth"": 4, ""cat_iterations"": 500, ""cat_l2_leaf_reg"": 3, ""cat_learning_rate"": 0.03, ""xgb_colsample_bytree"": 1.0, ""xgb_learning_rate"": 0.05, ""xgb_max_depth"": 5, ""xgb_n_estimators"": 500, ""xgb_subsample"": 0.8}",0.3,4,500,3,0.03,1.0,0.05,5,500,0.8,0.9973681218879185,0.004052673475949869,0.005038802595272868,0.9377718433067048,0.4366036597597023,0.03120636161795884,0.03703161922789264,5.394690474392274,0.7124392531080516,0.02384947032963866,0.02939475105101035,4.377378976168543
549,CATBOOST_XGBOOST,"{""alpha"": 0.5, ""cat_depth"": 6, ""cat_iterations"": 500, ""cat_l2_leaf_reg"": 3, ""cat_learning_rate"": 0.03, ""xgb_colsample_bytree"": 0.8, ""xgb_learning_rate"": 0.03, ""xgb_max_depth"": 5, ""xgb_n_estimators"": 500, ""xgb_subsample"": 0.8}",0.5,6,500,3,0.03,0.8,0.03,5,500,0.8,0.9956661472431512,0.005061922916450136,0.006465937974172339,1.162479476491176,0.4360990474279882,0.03217995660468598,0.03704819941136661,5.594366552750777,0.7374034698526599,0.02274005772977943,0.02808985365277102,4.180755052975909
550,CATBOOST_XGBOOST,"{""alpha"": 0.5, ""cat_depth"": 4, ""cat_iterations"": 300, ""cat_l2_leaf_reg"": 3, ""cat_learning_rate"": 0.03, ""xgb_colsample_bytree"": 0.8, ""xgb_learning_rate"": 0.05, ""xgb_max_depth"": 5, ""xgb_n_estimators"": 500, ""xgb_subsample"": 1.0}",0.5,4,300,3,0.03,0.8,0.05,5,500,1.0,0.9878792864727534,0.00866283410992818,0.01081330745895535,2.021164440005015,0.4358975113412459,0.03181050841717355,0.03705481926374156,5.479809681869753,0.7038769918671708,0.02380260150701937,0.02982916257862263,4.356718324604483
551,CATBOOST_XGBOOST,"{""alpha"": 0.5, ""cat_depth"": 6, ""cat_iterations"": 500, ""cat_l2_leaf_reg"": 5, ""cat_learning_rate"": 0.03, ""xgb_colsample_bytree"": 1.0, ""xgb_learning_rate"": 0.03, ""xgb_max_depth"": 3, ""xgb_n_estimators"": 500, ""xgb_subsample"": 0.8}",0.5,6,500,5,0.03,1.0,0.03,3,500,0.8,0.987174910410295,0.00880880141688062,0.01112306978636901,2.031912746719042,0.4357526615581027,0.03173941238860711,0.03705957641171453,5.535941918804379,0.7040904568466168,0.02365164760854013,0.0298184092272438,4.346367955260069
552,CATBOOST_XGBOOST,"{""alpha"": 0.3, ""cat_depth"": 4, ""cat_iterations"": 300, ""cat_l2_leaf_reg"": 3, ""cat_learning_rate"": 0.05, ""xgb_colsample_bytree"": 1.0, ""xgb_learning_rate"": 0.03, ""xgb_max_depth"": 3, ""xgb_n_estimators"": 500, ""xgb_subsample"": 0.8}",0.3,4,300,3,0.05,1.0,0.03,3,500,0.8,0.9857925998199711,0.009375282328553182,0.01170716569046452,2.16803493919679,0.4353421447815438,0.03123975270467627,0.03707305526280399,5.427810393135803,0.6824639075240788,0.02423179963403017,0.03088883530054403,4.436003111801661
553,CATBOOST_XGBOOST,"{""alpha"": 0.3, ""cat_depth"": 4, ""cat_iterations"": 300, ""cat_l2_leaf_reg"": 3, ""cat_learning_rate"": 0.03, ""xgb_colsample_bytree"": 0.8, ""xgb_learning_rate"": 0.05, ""xgb_max_depth"": 5, ""xgb_n_estimators"": 500, ""xgb_subsample"": 0.8}",0.3,4,300,3,0.03,0.8,0.05,5,500,0.8,0.9954185334598099,0.005324958944267103,0.006648087361152799,1.242618220005667,0.4353148731712707,0.03168391479355361,0.03707395052149737,5.482212223997048,0.7243873566131608,0.02309526272790485,0.02877759876926618,4.242911060299373
554,CATBOOST_XGBOOST,"{""alpha"": 0.3, ""cat_depth"": 4, ""cat_iterations"": 500, ""cat_l2_leaf_reg"": 3, ""cat_learning_rate"": 0.05, ""xgb_colsample_bytree"": 0.8, ""xgb_learning_rate"": 0.03, ""xgb_max_depth"": 3, ""xgb_n_estimators"": 500, ""xgb_subsample"": 0.8}",0.3,4,500,3,0.05,0.8,0.03,3,500,0.8,0.9885762940936844,0.008349191276744241,0.0104977920410193,1.928981371510454,0.4349201547908018,0.03158055984491499,0.0370869057177934,5.494037935626552,0.6826291766100173,0.02460823087022534,0.03088079584594355,4.5094970759602
555,CATBOOST_XGBOOST,"{""alpha"": 0.3, ""cat_depth"": 4, ""cat_iterations"": 500, ""cat_l2_leaf_reg"": 3, ""cat_learning_rate"": 0.03, ""xgb_colsample_bytree"": 0.8, ""xgb_learning_rate"": 0.03, ""xgb_max_depth"": 5, ""xgb_n_estimators"": 500, ""xgb_subsample"": 1.0}",0.3,4,500,3,0.03,0.8,0.03,5,500,1.0,0.9957352749633507,0.005097206717787827,0.006414162761550061,1.175644226906051,0.4347744441159577,0.03122375999355046,0.03709168699763069,5.381890949152284,0.7207683559153943,0.0232860251417663,0.02896591831767308,4.271331077635676
556,CATBOOST_XGBOOST,"{""alpha"": 0.3, ""cat_depth"": 4, ""cat_iterations"": 500, ""cat_l2_leaf_reg"": 3, ""cat_learning_rate"": 0.03, ""xgb_colsample_bytree"": 1.0, ""xgb_learning_rate"": 0.03, ""xgb_max_depth"": 5, ""xgb_n_estimators"": 300, ""xgb_subsample"": 0.8}",0.3,4,500,3,0.03,1.0,0.03,5,300,0.8,0.993457878435498,0.006294740380054885,0.007944265740520824,1.449057111761544,0.4346754623175487,0.03127384590734843,0.03709493458713521,5.39509896703012,0.709110862858529,0.02393228753817682,0.02956437733824805,4.40428946338018
557,CATBOOST_XGBOOST,"{""alpha"": 0.3, ""cat_depth"": 6, ""cat_iterations"": 300, ""cat_l2_leaf_reg"": 3, ""cat_learning_rate"": 0.03, ""xgb_colsample_bytree"": 0.8, ""xgb_learning_rate"": 0.05, ""xgb_max_depth"": 3, ""xgb_n_estimators"": 500, ""xgb_subsample"": 0.8}",0.3,6,300,3,0.03,0.8,0.05,3,500,0.8,0.990864184787574,0.007452420848885501,0.009387892579066658,1.716231286239688,0.4346477219100644,0.03176706575307359,0.0370958446979735,5.553506847233517,0.7054347969199483,0.02379803428618326,0.02975059844581093,4.382267484361224
558,CATBOOST_XGBOOST,"{""alpha"": 0.5, ""cat_depth"": 6, ""cat_iterations"": 500, ""cat_l2_leaf_reg"": 3, ""cat_learning_rate"": 0.03, ""xgb_colsample_bytree"": 0.8, ""xgb_learning_rate"": 0.05, ""xgb_max_depth"": 3, ""xgb_n_estimators"": 300, ""xgb_subsample"": 0.8}",0.5,6,500,3,0.03,0.8,0.05,3,300,0.8,0.9886369572160578,0.008242511669558172,0.01046988181047798,1.899194754801673,0.4344182186779837,0.03204606999114663,0.03710337341302454,5.599739269708463,0.7052883596831917,0.02371087588273951,0.02975799248636382,4.367024320667205
559,CATBOOST_XGBOOST,"{""alpha"": 0.3, ""cat_depth"": 4, ""cat_iterations"": 500, ""cat_l2_leaf_reg"": 3, ""cat_learning_rate"": 0.03, ""xgb_colsample_bytree"": 1.0, ""xgb_learning_rate"": 0.05, ""xgb_max_depth"": 5, ""xgb_n_estimators"": 300, ""xgb_subsample"": 0.8}",0.3,4,500,3,0.03,1.0,0.05,5,300,0.8,0.9961405882717808,0.004863589882100611,0.006101758493640603,1.122158646683812,0.4344049759515831,0.03120508780901807,0.03710380778605665,5.391855694626517,0.7105944191132407,0.02386972020656341,0.02948889070568112,4.378951748514279
560,CATBOOST_XGBOOST,"{""alpha"": 0.7, ""cat_depth"": 6, ""cat_iterations"": 300, ""cat_l2_leaf_reg"": 5, ""cat_learning_rate"": 0.05, ""xgb_colsample_bytree"": 1.0, ""xgb_learning_rate"": 0.03, ""xgb_max_depth"": 3, ""xgb_n_estimators"": 500, ""xgb_subsample"": 1.0}",0.7,6,300,5,0.05,1.0,0.03,3,500,1.0,0.9853958553095147,0.009388804454963233,0.01186950265035608,2.167833002019482,0.4343475481474341,0.03155995209498594,0.03710569140952514,5.51627773444627,0.7114360346014375,0.02351436799824982,0.02944598141419422,4.325109073069877
561,CATBOOST_XGBOOST,"{""alpha"": 0.3, ""cat_depth"": 4, ""cat_iterations"": 300, ""cat_l2_leaf_reg"": 3, ""cat_learning_rate"": 0.03, ""xgb_colsample_bytree"": 1.0, ""xgb_learning_rate"": 0.05, ""xgb_max_depth"": 5, ""xgb_n_estimators"": 500, ""xgb_subsample"": 0.8}",0.3,4,300,3,0.03,1.0,0.05,5,500,0.8,0.9954396204919896,0.005304047385066893,0.006632770200820863,1.237112655340558,0.4339292822354484,0.03136440733009753,0.03711940758615618,5.412251521132823,0.7143039783355989,0.02375411378023094,0.02929928898872456,4.365200532859427
562,CATBOOST_XGBOOST,"{""alpha"": 0.7, ""cat_depth"": 6, ""cat_iterations"": 500, ""cat_l2_leaf_reg"": 3, ""cat_learning_rate"": 0.03, ""xgb_colsample_bytree"": 0.8, ""xgb_learning_rate"": 0.05, ""xgb_max_depth"": 3, ""xgb_n_estimators"": 500, ""xgb_subsample"": 0.8}",0.7,6,500,3,0.03,0.8,0.05,3,500,0.8,0.9910331743031728,0.007338751505814948,0.009300661150667505,1.685131680757196,0.4339057428139029,0.03206334911153671,0.03712017936278388,5.597446595158901,0.7077146464772763,0.02355168930498773,0.02963524429252528,4.334933177860203
563,CATBOOST_XGBOOST,"{""alpha"": 0.5, ""cat_depth"": 4, ""cat_iterations"": 300, ""cat_l2_leaf_reg"": 3, ""cat_learning_rate"": 0.03, ""xgb_colsample_bytree"": 0.8, ""xgb_learning_rate"": 0.05, ""xgb_max_depth"": 5, ""xgb_n_estimators"": 300, ""xgb_subsample"": 1.0}",0.5,4,300,3,0.03,0.8,0.05,5,300,1.0,0.986316849219707,0.009205785963397118,0.0114891398153462,2.143235887452589,0.4338712820658848,0.03184217795119535,0.03712130918318414,5.485457738386003,0.7011248816995233,0.02395672995259327,0.02996745524948755,4.388754837752921
564,CATBOOST_XGBOOST,"{""alpha"": 0.3, ""cat_depth"": 4, ""cat_iterations"": 300, ""cat_l2_leaf_reg"": 3, ""cat_learning_rate"": 0.03, ""xgb_colsample_bytree"": 1.0, ""xgb_learning_rate"": 0.03, ""xgb_max_depth"": 5, ""xgb_n_estimators"": 500, ""xgb_subsample"": 0.8}",0.3,4,300,3,0.03,1.0,0.03,5,500,0.8,0.9941261603374253,0.006018373972126899,0.007527582118884327,1.400011866053684,0.4335881005435948,0.03153562648308534,0.03713059219099412,5.437438931733802,0.7106155076582212,0.02390925684692231,0.02948781628077646,4.404387631379641
565,CATBOOST_XGBOOST,"{""alpha"": 0.3, ""cat_depth"": 6, ""cat_iterations"": 500, ""cat_l2_leaf_reg"": 3, ""cat_learning_rate"": 0.03, ""xgb_colsample_bytree"": 0.8, ""xgb_learning_rate"": 0.03, ""xgb_max_depth"": 5, ""xgb_n_estimators"": 300, ""xgb_subsample"": 0.8}",0.3,6,500,3,0.03,0.8,0.03,5,300,0.8,0.995099497934126,0.005306332404775074,0.006875665600629387,1.216637900363699,0.4335562283683828,0.03217083353210944,0.03713163685133195,5.583572351099346,0.7441227297329192,0.02265308502449331,0.02772814646736419,4.171518150311479
566,CATBOOST_XGBOOST,"{""alpha"": 0.5, ""cat_depth"": 6, ""cat_iterations"": 300, ""cat_l2_leaf_reg"": 3, ""cat_learning_rate"": 0.03, ""xgb_colsample_bytree"": 1.0, ""xgb_learning_rate"": 0.05, ""xgb_max_depth"": 3, ""xgb_n_estimators"": 500, ""xgb_subsample"": 1.0}",0.5,6,300,3,0.03,1.0,0.05,3,500,1.0,0.9866997327951581,0.009015379173386903,0.01132725405553309,2.080315993050092,0.4335039576521063,0.0316905006011605,0.03713335004210049,5.519127235550024,0.7250465542145067,0.02311251993666772,0.02874316370054096,4.255062046898991
567,CATBOOST_XGBOOST,"{""alpha"": 0.5, ""cat_depth"": 4, ""cat_iterations"": 500, ""cat_l2_leaf_reg"": 3, ""cat_learning_rate"": 0.03, ""xgb_colsample_bytree"": 1.0, ""xgb_learning_rate"": 0.03, ""xgb_max_depth"": 5, ""xgb_n_estimators"": 500, ""xgb_subsample"": 1.0}",0.5,4,500,3,0.03,1.0,0.03,5,500,1.0,0.9918076660511468,0.007143249600313241,0.008889928784146092,1.65402100043934,0.433456699324126,0.03137434934342612,0.0371348988820809,5.412630947305203,0.7062283250928962,0.02360579691608596,0.02971049890491306,4.329211662608938
568,CATBOOST_XGBOOST,"{""alpha"": 0.7, ""cat_depth"": 6, ""cat_iterations"": 500, ""cat_l2_leaf_reg"": 3, ""cat_learning_rate"": 0.03, ""xgb_colsample_bytree"": 1.0, ""xgb_learning_rate"": 0.05, ""xgb_max_depth"": 3, ""xgb_n_estimators"": 500, ""xgb_subsample"": 1.0}",0.7,6,500,3,0.03,1.0,0.05,3,500,1.0,0.9910207521669879,0.00734438514097753,0.009307101227536176,1.685755626222494,0.4334166347097356,0.03186025133163207,0.03713621190537492,5.556158986515646,0.7173504340191057,0.0232643662418112,0.0291426571070042,4.283967900921756
569,CATBOOST_XGBOOST,"{""alpha"": 0.3, ""cat_depth"": 6, ""cat_iterations"": 300, ""cat_l2_leaf_reg"": 3, ""cat_learning_rate"": 0.03, ""xgb_colsample_bytree"": 0.8, ""xgb_learning_rate"": 0.03, ""xgb_max_depth"": 5, ""xgb_n_estimators"": 500, ""xgb_subsample"": 0.8}",0.3,6,300,3,0.03,0.8,0.03,5,500,0.8,0.9956040586102676,0.005130461819058749,0.006512090162949815,1.182675925280966,0.4333559315361969,0.03220233363910914,0.03713820122034313,5.586718776191918,0.7452305098642935,0.02272156708324693,0.02766805905196572,4.185708025538066
570,CATBOOST_XGBOOST,"{""alpha"": 0.5, ""cat_depth"": 4, ""cat_iterations"": 500, ""cat_l2_leaf_reg"": 3, ""cat_learning_rate"": 0.03, ""xgb_colsample_bytree"": 1.0, ""xgb_learning_rate"": 0.05, ""xgb_max_depth"": 5, ""xgb_n_estimators"": 500, ""xgb_subsample"": 1.0}",0.5,4,500,3,0.03,1.0,0.05,5,500,1.0,0.993121646627813,0.006565636786652719,0.008145855467315229,1.519039074314658,0.4332533965746435,0.0316246573728291,0.03714156117061686,5.455736335348068,0.7084138291305571,0.02352020817119437,0.02959977748791762,4.311441710943521
571,CATBOOST_XGBOOST,"{""alpha"": 0.3, ""cat_depth"": 4, ""cat_iterations"": 500, ""cat_l2_leaf_reg"": 5, ""cat_learning_rate"": 0.05, ""xgb_colsample_bytree"": 1.0, ""xgb_learning_rate"": 0.03, ""xgb_max_depth"": 3, ""xgb_n_estimators"": 500, ""xgb_subsample"": 0.8}",0.3,4,500,5,0.05,1.0,0.03,3,500,0.8,0.9882461155486574,0.008444572357367041,0.0106484198594003,1.952995300937649,0.4332126723264416,0.03111997793292128,0.03714289557207231,5.409712310797629,0.680668731430765,0.0244178851546492,0.03097602656550193,4.468901885212309
572,CATBOOST_XGBOOST,"{""alpha"": 0.3, ""cat_depth"": 4, ""cat_iterations"": 500, ""cat_l2_leaf_reg"": 3, ""cat_learning_rate"": 0.03, ""xgb_colsample_bytree"": 1.0, ""xgb_learning_rate"": 0.03, ""xgb_max_depth"": 3, ""xgb_n_estimators"": 300, ""xgb_subsample"": 0.8}",0.3,4,500,3,0.03,1.0,0.03,3,300,0.8,0.9785611973483834,0.01146019020839079,0.01438118660243276,2.66076498602922,0.4332103840490105,0.03151590624026375,0.03714297055007528,5.475825267070673,0.6908180573341872,0.02424006597602147,0.03047979528468039,4.440701623063859
573,CATBOOST_XGBOOST,"{""alpha"": 0.7, ""cat_depth"": 6, ""cat_iterations"": 300, ""cat_l2_leaf_reg"": 3, ""cat_learning_rate"": 0.05, ""xgb_colsample_bytree"": 0.8, ""xgb_learning_rate"": 0.05, ""xgb_max_depth"": 3, ""xgb_n_estimators"": 500, ""xgb_subsample"": 1.0}",0.7,6,300,3,0.05,0.8,0.05,3,500,1.0,0.9905301526324942,0.007625173631650572,0.009557976267498304,1.749044655203032,0.433133792470262,0.03190543480278169,0.03714548007263258,5.578147354067523,0.699777788771986,0.02416383458669914,0.03003491412937907,4.443725120959754
574,CATBOOST_XGBOOST,"{""alpha"": 0.5, ""cat_depth"": 6, ""cat_iterations"": 300, ""cat_l2_leaf_reg"": 3, ""cat_learning_rate"": 0.03, ""xgb_colsample_bytree"": 0.8, ""xgb_learning_rate"": 0.05, ""xgb_max_depth"": 3, ""xgb_n_estimators"": 500, ""xgb_subsample"": 0.8}",0.5,6,300,3,0.03,0.8,0.05,3,500,0.8,0.9867762203845504,0.008998102881269402,0.01129463653137837,2.075975207461219,0.4331156685924787,0.03208451686510691,0.03714607387655943,5.598753460167464,0.7104734792577148,0.02367157000572809,0.02949505162638473,4.357750122526167
575,CATBOOST_XGBOOST,"{""alpha"": 0.7, ""cat_depth"": 6, ""cat_iterations"": 300, ""cat_l2_leaf_reg"": 3, ""cat_learning_rate"": 0.03, ""xgb_colsample_bytree"": 1.0, ""xgb_learning_rate"": 0.03, ""xgb_max_depth"": 3, ""xgb_n_estimators"": 500, ""xgb_subsample"": 0.8}",0.7,6,300,3,0.03,1.0,0.03,3,500,0.8,0.9785360749836938,0.01146799538626297,0.01438961019868057,2.65269992561795,0.4330443756020513,0.03193574933833557,0.03714840960122565,5.556168021220301,0.7062036629886157,0.02386090916046939,0.0297117459755251,4.387054864579746
576,CATBOOST_XGBOOST,"{""alpha"": 0.3, ""cat_depth"": 6, ""cat_iterations"": 300, ""cat_l2_leaf_reg"": 3, ""cat_learning_rate"": 0.05, ""xgb_colsample_bytree"": 1.0, ""xgb_learning_rate"": 0.05, ""xgb_max_depth"": 3, ""xgb_n_estimators"": 300, ""xgb_subsample"": 0.8}",0.3,6,300,3,0.05,1.0,0.05,3,300,0.8,0.9886675412658041,0.008215604990976233,0.01045578227975043,1.899129636568718,0.4329401434477654,0.03174907963680653,0.03715182422544469,5.545896735248738,0.7012761055342016,0.02391864515263693,0.02995987287375372,4.403529115824867
577,CATBOOST_XGBOOST,"{""alpha"": 0.3, ""cat_depth"": 6, ""cat_iterations"": 300, ""cat_l2_leaf_reg"": 3, ""cat_learning_rate"": 0.05, ""xgb_colsample_bytree"": 1.0, ""xgb_learning_rate"": 0.05, ""xgb_max_depth"": 3, ""xgb_n_estimators"": 500, ""xgb_subsample"": 0.8}",0.3,6,300,3,0.05,1.0,0.05,3,500,0.8,0.9939104140891892,0.006034509561811912,0.007664579603669335,1.385315480563908,0.4329122397812742,0.03161435535435724,0.03715273829064259,5.524633223794756,0.7033696964612209,0.02401022370385701,0.02985470217101694,4.415380102260626
578,CATBOOST_XGBOOST,"{""alpha"": 0.3, ""cat_depth"": 4, ""cat_iterations"": 500, ""cat_l2_leaf_reg"": 3, ""cat_learning_rate"": 0.03, ""xgb_colsample_bytree"": 0.8, ""xgb_learning_rate"": 0.03, ""xgb_max_depth"": 5, ""xgb_n_estimators"": 300, ""xgb_subsample"": 1.0}",0.3,4,500,3,0.03,0.8,0.03,5,300,1.0,0.9934550073614253,0.006269700719352453,0.00794600875868985,1.446756544650504,0.4329027386429746,0.03137071764865728,0.03715304952274012,5.404847318947252,0.7223358313823574,0.02323986839740968,0.02888450336153068,4.264984726410407
579,CATBOOST_XGBOOST,"{""alpha"": 0.3, ""cat_depth"": 6, ""cat_iterations"": 300, ""cat_l2_leaf_reg"": 5, ""cat_learning_rate"": 0.05, ""xgb_colsample_bytree"": 1.0, ""xgb_learning_rate"": 0.05, ""xgb_max_depth"": 3, ""xgb_n_estimators"": 500, ""xgb_subsample"": 0.8}",0.3,6,300,5,0.05,1.0,0.05,3,500,0.8,0.9931268732573814,0.00637635262903361,0.008142759998260824,1.46673751974054,0.432553383192968,0.03149341437492687,0.0371644916710617,5.502660269277595,0.7059842891554113,0.02379453328435269,0.02972283658918611,4.374661800476045
580,CATBOOST_XGBOOST,"{""alpha"": 0.5, ""cat_depth"": 6, ""cat_iterations"": 300, ""cat_l2_leaf_reg"": 5, ""cat_learning_rate"": 0.03, ""xgb_colsample_bytree"": 1.0, ""xgb_learning_rate"": 0.03, ""xgb_max_depth"": 3, ""xgb_n_estimators"": 500, ""xgb_subsample"": 0.8}",0.5,6,300,5,0.03,1.0,0.03,3,500,0.8,0.9804175717147612,0.0109421406893402,0.01374446154706441,2.532881864780142,0.4322715577930138,0.03183411066950926,0.03717371949731231,5.542342135614653,0.7064859486228918,0.02371512101042873,0.02969746871332234,4.358256759114005
581,CATBOOST_XGBOOST,"{""alpha"": 0.3, ""cat_depth"": 6, ""cat_iterations"": 300, ""cat_l2_leaf_reg"": 5, ""cat_learning_rate"": 0.05, ""xgb_colsample_bytree"": 1.0, ""xgb_learning_rate"": 0.05, ""xgb_max_depth"": 3, ""xgb_n_estimators"": 300, ""xgb_subsample"": 0.8}",0.3,6,300,5,0.05,1.0,0.05,3,300,0.8,0.9875344229220167,0.008587383590924438,0.01096606087530345,1.988559391633393,0.4322006839157043,0.03164011342278459,0.03717603976455482,5.525841820817945,0.7032720335393687,0.02373933024103661,0.02985961646577682,4.369685466313877
582,CATBOOST_XGBOOST,"{""alpha"": 0.3, ""cat_depth"": 4, ""cat_iterations"": 300, ""cat_l2_leaf_reg"": 3, ""cat_learning_rate"": 0.03, ""xgb_colsample_bytree"": 0.8, ""xgb_learning_rate"": 0.03, ""xgb_max_depth"": 3, ""xgb_n_estimators"": 500, ""xgb_subsample"": 0.8}",0.3,4,300,3,0.03,0.8,0.03,3,500,0.8,0.9817661073162356,0.01062067465525116,0.01326276747071423,2.466716849323214,0.4319654663931445,0.03177103521965645,0.03718373927236375,5.514728190329418,0.6900840878584817,0.02420817175725128,0.03051595195361737,4.438831711977782
583,CATBOOST_XGBOOST,"{""alpha"": 0.3, ""cat_depth"": 4, ""cat_iterations"": 300, ""cat_l2_leaf_reg"": 3, ""cat_learning_rate"": 0.03, ""xgb_colsample_bytree"": 1.0, ""xgb_learning_rate"": 0.03, ""xgb_max_depth"": 3, ""xgb_n_estimators"": 300, ""xgb_subsample"": 0.8}",0.3,4,300,3,0.03,1.0,0.03,3,300,0.8,0.9736513179250497,0.01272909970780186,0.01594314172968324,2.96550078144876,0.4319241518170183,0.03164912478268564,0.03718509148107949,5.488569026925228,0.6918854545348203,0.02432601333314968,0.03042713668502097,4.460798003247842
584,CATBOOST_XGBOOST,"{""alpha"": 0.5, ""cat_depth"": 6, ""cat_iterations"": 500, ""cat_l2_leaf_reg"": 3, ""cat_learning_rate"": 0.03, ""xgb_colsample_bytree"": 0.8, ""xgb_learning_rate"": 0.03, ""xgb_max_depth"": 5, ""xgb_n_estimators"": 300, ""xgb_subsample"": 0.8}",0.5,6,500,3,0.03,0.8,0.03,5,300,0.8,0.9935692270653582,0.006133399522934547,0.007876368848616502,1.407670635867985,0.4318540440822132,0.03224035053032202,0.037187385965269,5.602314138687493,0.7364587912869409,0.02279052179472951,0.02814033425143165,4.190464082623727
585,CATBOOST_XGBOOST,"{""alpha"": 0.3, ""cat_depth"": 6, ""cat_iterations"": 500, ""cat_l2_leaf_reg"": 3, ""cat_learning_rate"": 0.03, ""xgb_colsample_bytree"": 0.8, ""xgb_learning_rate"": 0.05, ""xgb_max_depth"": 3, ""xgb_n_estimators"": 300, ""xgb_subsample"": 0.8}",0.3,6,500,3,0.03,0.8,0.05,3,300,0.8,0.9884790284193857,0.008289311854795253,0.01054238836471522,1.913828146929207,0.4317330663496979,0.03195216449130579,0.03719134498858098,5.590316233177275,0.6996330365290808,0.02390993465395515,0.03004215392893027,4.406028147461784
586,CATBOOST_XGBOOST,"{""alpha"": 0.3, ""cat_depth"": 4, ""cat_iterations"": 300, ""cat_l2_leaf_reg"": 3, ""cat_learning_rate"": 0.03, ""xgb_colsample_bytree"": 1.0, ""xgb_learning_rate"": 0.05, ""xgb_max_depth"": 5, ""xgb_n_estimators"": 300, ""xgb_subsample"": 0.8}",0.3,4,300,3,0.03,1.0,0.05,5,300,0.8,0.9939801638200644,0.006080663917718455,0.007620558382183056,1.413417672812135,0.4317257223373001,0.03133697285029179,0.03719158530945842,5.405149554658788,0.7122745358662786,0.02377896565765954,0.02940316862748299,4.367616136157841
587,CATBOOST_XGBOOST,"{""alpha"": 0.3, ""cat_depth"": 4, ""cat_iterations"": 500, ""cat_l2_leaf_reg"": 3, ""cat_learning_rate"": 0.05, ""xgb_colsample_bytree"": 0.8, ""xgb_learning_rate"": 0.03, ""xgb_max_depth"": 3, ""xgb_n_estimators"": 300, ""xgb_subsample"": 0.8}",0.3,4,500,3,0.05,0.8,0.03,3,300,0.8,0.9819994804824355,0.01047716744714813,0.01317761994734289,2.430753582003802,0.4315905478050451,0.03195432134499669,0.03719600839916954,5.554109516084287,0.6870172844470261,0.02447533967571646,0.03066656706722042,4.487929452698572
588,CATBOOST_XGBOOST,"{""alpha"": 0.3, ""cat_depth"": 4, ""cat_iterations"": 300, ""cat_l2_leaf_reg"": 3, ""cat_learning_rate"": 0.05, ""xgb_colsample_bytree"": 0.8, ""xgb_learning_rate"": 0.05, ""xgb_max_depth"": 5, ""xgb_n_estimators"": 300, ""xgb_subsample"": 0.8}",0.3,4,300,3,0.05,0.8,0.05,5,300,0.8,0.9958429147165939,0.005095857335775103,0.00633270015639748,1.173924211328522,0.4315634418345641,0.03178530640095684,0.03719689527911327,5.503547231488029,0.7173689228530927,0.02327459801912866,0.02914170394339521,4.272520401890406
589,CATBOOST_XGBOOST,"{""alpha"": 0.7, ""cat_depth"": 6, ""cat_iterations"": 300, ""cat_l2_leaf_reg"": 3, ""cat_learning_rate"": 0.05, ""xgb_colsample_bytree"": 1.0, ""xgb_learning_rate"": 0.03, ""xgb_max_depth"": 3, ""xgb_n_estimators"": 300, ""xgb_subsample"": 1.0}",0.7,6,300,3,0.05,1.0,0.03,3,300,1.0,0.9854827152194449,0.009408943121639353,0.0118341523609661,2.172300825292119,0.4314888333403987,0.03197150006229985,0.0371993362844002,5.583890779960292,0.705816345090366,0.02421421781610863,0.02973132433522457,4.450286409368514
590,CATBOOST_XGBOOST,"{""alpha"": 0.5, ""cat_depth"": 6, ""cat_iterations"": 500, ""cat_l2_leaf_reg"": 5, ""cat_learning_rate"": 0.03, ""xgb_colsample_bytree"": 0.8, ""xgb_learning_rate"": 0.05, ""xgb_max_depth"": 5, ""xgb_n_estimators"": 300, ""xgb_subsample"": 0.8}",0.5,6,500,5,0.03,0.8,0.05,5,300,0.8,0.9944132246518097,0.005776869479630541,0.007341335338624067,1.329007843197783,0.431366592734831,0.03221536124533003,0.03720333534831478,5.606408993882753,0.7279789533643071,0.02295040873052265,0.02858947883716211,4.221250815785619
591,CATBOOST_XGBOOST,"{""alpha"": 0.5, ""cat_depth"": 6, ""cat_iterations"": 500, ""cat_l2_leaf_reg"": 5, ""cat_learning_rate"": 0.03, ""xgb_colsample_bytree"": 1.0, ""xgb_learning_rate"": 0.03, ""xgb_max_depth"": 5, ""xgb_n_estimators"": 500, ""xgb_subsample"": 0.8}",0.5,6,500,5,0.03,1.0,0.03,5,500,0.8,0.9946292309194837,0.005654280758082966,0.007198014185981668,1.30022178196804,0.4311212236152162,0.03200253492989628,0.03721136122665695,5.551680701520702,0.7213030140221168,0.02351941422967211,0.02893817381979905,4.333133261158258
592,CATBOOST_XGBOOST,"{""alpha"": 0.3, ""cat_depth"": 6, ""cat_iterations"": 300, ""cat_l2_leaf_reg"": 3, ""cat_learning_rate"": 0.05, ""xgb_colsample_bytree"": 1.0, ""xgb_learning_rate"": 0.05, ""xgb_max_depth"": 3, ""xgb_n_estimators"": 300, ""xgb_subsample"": 1.0}",0.3,6,300,3,0.05,1.0,0.05,3,300,1.0,0.9881682137062916,0.008379871025394628,0.01068364913115043,1.94119192785504,0.4306737254017469,0.03160821799867585,0.03722599417210681,5.518565861622149,0.7110830383227831,0.02361843336148125,0.02946398633899783,4.350751732859098
593,CATBOOST_XGBOOST,"{""alpha"": 0.5, ""cat_depth"": 4, ""cat_iterations"": 500, ""cat_l2_leaf_reg"": 3, ""cat_learning_rate"": 0.03, ""xgb_colsample_bytree"": 1.0, ""xgb_learning_rate"": 0.05, ""xgb_max_depth"": 5, ""xgb_n_estimators"": 300, ""xgb_subsample"": 1.0}",0.5,4,500,3,0.03,1.0,0.05,5,300,1.0,0.9917415982234298,0.00716080731933164,0.008925703624203396,1.656887377684029,0.4306280841041475,0.03162196579050313,0.03722748629420247,5.45372676806571,0.7075097404666508,0.02357048565042765,0.02964563033430595,4.321065098365194
594,CATBOOST_XGBOOST,"{""alpha"": 0.3, ""cat_depth"": 4, ""cat_iterations"": 500, ""cat_l2_leaf_reg"": 3, ""cat_learning_rate"": 0.03, ""xgb_colsample_bytree"": 0.8, ""xgb_learning_rate"": 0.03, ""xgb_max_depth"": 3, ""xgb_n_estimators"": 500, ""xgb_subsample"": 0.8}",0.3,4,500,3,0.03,0.8,0.03,3,500,0.8,0.985507469443092,0.009433101778812196,0.01182405852301665,2.182346945716162,0.4305536733115015,0.03163213433621052,0.03722991883099037,5.500881138266755,0.686804234729486,0.02442456706445705,0.03067700277445577,4.47410855298093
595,CATBOOST_XGBOOST,"{""alpha"": 0.3, ""cat_depth"": 4, ""cat_iterations"": 500, ""cat_l2_leaf_reg"": 5, ""cat_learning_rate"": 0.05, ""xgb_colsample_bytree"": 0.8, ""xgb_learning_rate"": 0.05, ""xgb_max_depth"": 5, ""xgb_n_estimators"": 300, ""xgb_subsample"": 0.8}",0.3,4,500,5,0.05,0.8,0.05,5,300,0.8,0.9971084227327527,0.004170402404561842,0.005281555637237828,0.9589359391429639,0.4305004086640526,0.03165679254922644,0.03723165998905755,5.484577388271497,0.7158429737596003,0.02336466253864529,0.02922026730593785,4.288647141098291
596,CATBOOST_XGBOOST,"{""alpha"": 0.7, ""cat_depth"": 6, ""cat_iterations"": 500, ""cat_l2_leaf_reg"": 3, ""cat_learning_rate"": 0.03, ""xgb_colsample_bytree"": 0.8, ""xgb_learning_rate"": 0.05, ""xgb_max_depth"": 3, ""xgb_n_estimators"": 300, ""xgb_subsample"": 0.8}",0.7,6,500,3,0.03,0.8,0.05,3,300,0.8,0.9886525362026891,0.008247667040620061,0.01046270212730969,1.897403705499877,0.4302502431272612,0.03217315354734813,0.0372398365143074,5.615603681121341,0.7055720200666518,0.0236391427845848,0.02974366798311932,4.351528063645605
597,CATBOOST_XGBOOST,"{""alpha"": 0.3, ""cat_depth"": 4, ""cat_iterations"": 300, ""cat_l2_leaf_reg"": 3, ""cat_learning_rate"": 0.03, ""xgb_colsample_bytree"": 1.0, ""xgb_learning_rate"": 0.03, ""xgb_max_depth"": 5, ""xgb_n_estimators"": 300, ""xgb_subsample"": 0.8}",0.3,4,300,3,0.03,1.0,0.03,5,300,0.8,0.9908151884890792,0.007502499236921157,0.00941303302387423,1.738300938644844,0.4302355937549681,0.03156025967450256,0.03724031526547488,5.440200606604659,0.7098065355865992,0.02391830644347369,0.02952900399509203,4.407696722445071
598,CATBOOST_XGBOOST,"{""alpha"": 0.5, ""cat_depth"": 4, ""cat_iterations"": 500, ""cat_l2_leaf_reg"": 5, ""cat_learning_rate"": 0.05, ""xgb_colsample_bytree"": 0.8, ""xgb_learning_rate"": 0.05, ""xgb_max_depth"": 5, ""xgb_n_estimators"": 500, ""xgb_subsample"": 1.0}",0.5,4,500,5,0.05,0.8,0.05,5,500,1.0,0.9956392039920855,0.005171448967571925,0.006486005967982687,1.190700175170892,0.4302143161307603,0.031371014319845,0.03724101062133357,5.404268079516989,0.696167253739939,0.02409456897033042,0.03021497745350973,4.401833814437622
599,CATBOOST_XGBOOST,"{""alpha"": 0.5, ""cat_depth"": 6, ""cat_iterations"": 500, ""cat_l2_leaf_reg"": 5, ""cat_learning_rate"": 0.03, ""xgb_colsample_bytree"": 0.8, ""xgb_learning_rate"": 0.05, ""xgb_max_depth"": 5, ""xgb_n_estimators"": 500, ""xgb_subsample"": 0.8}",0.5,6,500,5,0.03,0.8,0.05,5,500,0.8,0.9955892866784578,0.005151737224627025,0.00652302245997693,1.185975999903783,0.4302108592723736,0.03228268348989729,0.03724112359074319,5.620108919958194,0.7289964849001199,0.02293034551868169,0.02853595733194933,4.217192273254679
600,CATBOOST_XGBOOST,"{""alpha"": 0.3, ""cat_depth"": 4, ""cat_iterations"": 300, ""cat_l2_leaf_reg"": 3, ""cat_learning_rate"": 0.05, ""xgb_colsample_bytree"": 0.8, ""xgb_learning_rate"": 0.05, ""xgb_max_depth"": 5, ""xgb_n_estimators"": 500, ""xgb_subsample"": 0.8}",0.3,4,300,3,0.05,0.8,0.05,5,500,0.8,0.9972149084299382,0.004190498016513996,0.005183393712715888,0.9682955819753191,0.4300687191965037,0.03187315307233814,0.03724576840201459,5.521483845908409,0.7188298762960241,0.02323948004675128,0.02906628790249577,4.265412911817224
601,CATBOOST_XGBOOST,"{""alpha"": 0.7, ""cat_depth"": 6, ""cat_iterations"": 300, ""cat_l2_leaf_reg"": 5, ""cat_learning_rate"": 0.05, ""xgb_colsample_bytree"": 0.8, ""xgb_learning_rate"": 0.05, ""xgb_max_depth"": 3, ""xgb_n_estimators"": 500, ""xgb_subsample"": 1.0}",0.7,6,300,5,0.05,0.8,0.05,3,500,1.0,0.9879170703849645,0.008549699665280408,0.01079644013657118,1.96847619055633,0.4300270598437802,0.03173942192074596,0.03724712962423758,5.546509579312325,0.7023946575303274,0.02371835342455485,0.02990372887980941,4.359153730797036
602,CATBOOST_XGBOOST,"{""alpha"": 0.5, ""cat_depth"": 6, ""cat_iterations"": 500, ""cat_l2_leaf_reg"": 3, ""cat_learning_rate"": 0.05, ""xgb_colsample_bytree"": 0.8, ""xgb_learning_rate"": 0.05, ""xgb_max_depth"": 3, ""xgb_n_estimators"": 300, ""xgb_subsample"": 1.0}",0.5,6,500,3,0.05,0.8,0.05,3,300,1.0,0.9926137598216161,0.006641432996308249,0.00844123849822533,1.530526364139546,0.4298510114643523,0.03172828670582545,0.03725288146795195,5.548196589815699,0.7028072583193169,0.02403327772614987,0.02988299238788802,4.418032695272752
603,CATBOOST_XGBOOST,"{""alpha"": 0.3, ""cat_depth"": 6, ""cat_iterations"": 300, ""cat_l2_leaf_reg"": 5, ""cat_learning_rate"": 0.05, ""xgb_colsample_bytree"": 1.0, ""xgb_learning_rate"": 0.05, ""xgb_max_depth"": 3, ""xgb_n_estimators"": 300, ""xgb_subsample"": 1.0}",0.3,6,300,5,0.05,1.0,0.05,3,300,1.0,0.9869568831700143,0.008775989014960945,0.01121721774669544,2.036401059561511,0.429827835837967,0.0315151978500661,0.03725363859469134,5.502415827747616,0.7134656904998324,0.02346197592384571,0.02934224241686811,4.321330859722808
604,CATBOOST_XGBOOST,"{""alpha"": 0.3, ""cat_depth"": 4, ""cat_iterations"": 300, ""cat_l2_leaf_reg"": 3, ""cat_learning_rate"": 0.03, ""xgb_colsample_bytree"": 0.8, ""xgb_learning_rate"": 0.03, ""xgb_max_depth"": 5, ""xgb_n_estimators"": 500, ""xgb_subsample"": 1.0}",0.3,4,300,3,0.03,0.8,0.03,5,500,1.0,0.9935032331961785,0.006320993893921099,0.00791668012281027,1.468483256157417,0.4298097929792316,0.03161873266247653,0.03725422802790407,5.448742928933075,0.7208616329727329,0.02333049898827711,0.02896107989524358,4.284839737879522
605,CATBOOST_XGBOOST,"{""alpha"": 0.7, ""cat_depth"": 6, ""cat_iterations"": 300, ""cat_l2_leaf_reg"": 3, ""cat_learning_rate"": 0.03, ""xgb_colsample_bytree"": 0.8, ""xgb_learning_rate"": 0.05, ""xgb_max_depth"": 5, ""xgb_n_estimators"": 300, ""xgb_subsample"": 0.8}",0.7,6,300,3,0.03,0.8,0.05,5,300,0.8,0.9846587893288673,0.009664376266482965,0.01216534067080643,2.234582990665167,0.4296923523661548,0.03214227510633873,0.03725806440922345,5.583053183402433,0.7206244734763394,0.02344869915523957,0.02897338013355658,4.313177100388074
606,CATBOOST_XGBOOST,"{""alpha"": 0.3, ""cat_depth"": 4, ""cat_iterations"": 500, ""cat_l2_leaf_reg"": 5, ""cat_learning_rate"": 0.05, ""xgb_colsample_bytree"": 1.0, ""xgb_learning_rate"": 0.03, ""xgb_max_depth"": 5, ""xgb_n_estimators"": 500, ""xgb_subsample"": 0.8}",0.3,4,500,5,0.05,1.0,0.03,5,500,0.8,0.9973357394746977,0.003983043855755946,0.005069706334305341,0.9155824288858755,0.4293405567666857,0.03133019704629195,0.03726955399951404,5.404166709582721,0.7037543529951193,0.02425899874073938,0.02983533878930176,4.462074366031281
607,CATBOOST_XGBOOST,"{""alpha"": 0.7, ""cat_depth"": 6, ""cat_iterations"": 300, ""cat_l2_leaf_reg"": 3, ""cat_learning_rate"": 0.03, ""xgb_colsample_bytree"": 0.8, ""xgb_learning_rate"": 0.05, ""xgb_max_depth"": 5, ""xgb_n_estimators"": 500, ""xgb_subsample"": 0.8}",0.7,6,300,3,0.03,0.8,0.05,5,500,0.8,0.9857909587592765,0.009303176623868498,0.01170784180342194,2.152340096175271,0.4290806549378008,0.03218081263362304,0.03727804007883229,5.590911707271486,0.7213391224034923,0.02341595473476756,0.02893629912341482,4.30673520197697
608,CATBOOST_XGBOOST,"{""alpha"": 0.3, ""cat_depth"": 4, ""cat_iterations"": 300, ""cat_l2_leaf_reg"": 3, ""cat_learning_rate"": 0.05, ""xgb_colsample_bytree"": 1.0, ""xgb_learning_rate"": 0.03, ""xgb_max_depth"": 5, ""xgb_n_estimators"": 500, ""xgb_subsample"": 0.8}",0.3,4,300,3,0.05,1.0,0.03,5,500,0.8,0.9961143079651466,0.00490659008331279,0.006122497927329781,1.130494856041775,0.4290603145975773,0.03146613310416112,0.03727870413170697,5.423957766499634,0.7048708613216188,0.02415253818022876,0.02977906311013459,4.443496269753928
609,CATBOOST_XGBOOST,"{""alpha"": 0.5, ""cat_depth"": 4, ""cat_iterations"": 500, ""cat_l2_leaf_reg"": 3, ""cat_learning_rate"": 0.03, ""xgb_colsample_bytree"": 1.0, ""xgb_learning_rate"": 0.03, ""xgb_max_depth"": 5, ""xgb_n_estimators"": 300, ""xgb_subsample"": 1.0}",0.5,4,500,3,0.03,1.0,0.03,5,300,1.0,0.989480931234478,0.008046702803249385,0.0100735629644674,1.863328791519169,0.4290051297308606,0.03151296667440796,0.0372805056973216,5.436065310675673,0.7038111426529823,0.02377591866660992,0.02983247896687523,4.361365339242906
610,CATBOOST_XGBOOST,"{""alpha"": 0.5, ""cat_depth"": 6, ""cat_iterations"": 300, ""cat_l2_leaf_reg"": 3, ""cat_learning_rate"": 0.05, ""xgb_colsample_bytree"": 1.0, ""xgb_learning_rate"": 0.03, ""xgb_max_depth"": 3, ""xgb_n_estimators"": 500, ""xgb_subsample"": 1.0}",0.5,6,300,3,0.05,1.0,0.03,3,500,1.0,0.9885322927163813,0.00832545559715867,0.0105179900996927,1.917924407368075,0.4289510793137294,0.03178892618804944,0.03728227014329592,5.556484843175278,0.7162344634423443,0.02359602048128236,0.02920013165042038,4.344230312212038
611,CATBOOST_XGBOOST,"{""alpha"": 0.7, ""cat_depth"": 6, ""cat_iterations"": 300, ""cat_l2_leaf_reg"": 5, ""cat_learning_rate"": 0.05, ""xgb_colsample_bytree"": 1.0, ""xgb_learning_rate"": 0.03, ""xgb_max_depth"": 3, ""xgb_n_estimators"": 300, ""xgb_subsample"": 1.0}",0.7,6,300,5,0.05,1.0,0.03,3,300,1.0,0.9821280638561468,0.01038260583990809,0.0131304696516629,2.405350124474674,0.4289419823616756,0.03179320477797944,0.03728256710005477,5.552218475428574,0.7080955693923447,0.02371648573939546,0.02961592682769065,4.356559829169128
612,CATBOOST_XGBOOST,"{""alpha"": 0.7, ""cat_depth"": 6, ""cat_iterations"": 500, ""cat_l2_leaf_reg"": 3, ""cat_learning_rate"": 0.03, ""xgb_colsample_bytree"": 0.8, ""xgb_learning_rate"": 0.03, ""xgb_max_depth"": 5, ""xgb_n_estimators"": 500, ""xgb_subsample"": 0.8}",0.7,6,500,3,0.03,0.8,0.03,5,500,0.8,0.9932058444174738,0.00636995995030681,0.008095845323717862,1.463959054542641,0.428916179064907,0.03227959428209921,0.03728340939825088,5.617465201973805,0.7245981521106793,0.0230089416250541,0.0287665917477584,4.228727358158625
613,CATBOOST_XGBOOST,"{""alpha"": 0.5, ""cat_depth"": 6, ""cat_iterations"": 500, ""cat_l2_leaf_reg"": 3, ""cat_learning_rate"": 0.03, ""xgb_colsample_bytree"": 1.0, ""xgb_learning_rate"": 0.05, ""xgb_max_depth"": 3, ""xgb_n_estimators"": 500, ""xgb_subsample"": 0.8}",0.5,6,500,3,0.03,1.0,0.05,3,500,0.8,0.9927751073409761,0.006548412762202953,0.008348532800101048,1.503337044905007,0.4289100624778669,0.03199462853895106,0.03728360905949128,5.582494204183387,0.709814865988353,0.02358907510438578,0.02952858015675275,4.34138752980322
614,CATBOOST_XGBOOST,"{""alpha"": 0.3, ""cat_depth"": 4, ""cat_iterations"": 500, ""cat_l2_leaf_reg"": 5, ""cat_learning_rate"": 0.05, ""xgb_colsample_bytree"": 0.8, ""xgb_learning_rate"": 0.05, ""xgb_max_depth"": 5, ""xgb_n_estimators"": 500, ""xgb_subsample"": 0.8}",0.3,4,500,5,0.05,0.8,0.05,5,500,0.8,0.9982662050769086,0.003260456144948313,0.004089717611317029,0.7515545171229987,0.4288170110840326,0.03173204149052489,0.03728664636610025,5.500502020153022,0.7171350524458424,0.02335205359263466,0.02915375847917005,4.285458386366284
615,CATBOOST_XGBOOST,"{""alpha"": 0.3, ""cat_depth"": 6, ""cat_iterations"": 500, ""cat_l2_leaf_reg"": 3, ""cat_learning_rate"": 0.05, ""xgb_colsample_bytree"": 1.0, ""xgb_learning_rate"": 0.03, ""xgb_max_depth"": 3, ""xgb_n_estimators"": 500, ""xgb_subsample"": 1.0}",0.3,6,500,3,0.05,1.0,0.03,3,500,1.0,0.9911962281033015,0.007232121494590394,0.009215711041847421,1.671829242263055,0.4286802274616224,0.03144492532326536,0.03729111069482782,5.500178101535149,0.7198940772647011,0.02335069760609725,0.02901122925002703,4.3059893709518
616,CATBOOST_XGBOOST,"{""alpha"": 0.5, ""cat_depth"": 6, ""cat_iterations"": 500, ""cat_l2_leaf_reg"": 5, ""cat_learning_rate"": 0.03, ""xgb_colsample_bytree"": 1.0, ""xgb_learning_rate"": 0.03, ""xgb_max_depth"": 5, ""xgb_n_estimators"": 300, ""xgb_subsample"": 0.8}",0.5,6,500,5,0.03,1.0,0.03,5,300,0.8,0.9924059659335164,0.006703753355788719,0.008559151798164343,1.540103436073546,0.428590099836341,0.03200233953241159,0.03729405197821443,5.549888816044215,0.7204980885472325,0.02350706981932955,0.02897993293472512,4.331868764035878
617,CATBOOST_XGBOOST,"{""alpha"": 0.5, ""cat_depth"": 4, ""cat_iterations"": 300, ""cat_l2_leaf_reg"": 3, ""cat_learning_rate"": 0.05, ""xgb_colsample_bytree"": 0.8, ""xgb_learning_rate"": 0.05, ""xgb_max_depth"": 5, ""xgb_n_estimators"": 500, ""xgb_subsample"": 1.0}",0.5,4,300,3,0.05,0.8,0.05,5,500,1.0,0.9927917987007382,0.006744227271411524,0.008338883595138897,1.558068527368227,0.428325380365938,0.03168829704495563,0.03730268966417032,5.45486582680894,0.696672240344707,0.02405189896155711,0.03018985754080672,4.395805441928256
618,CATBOOST_XGBOOST,"{""alpha"": 0.3, ""cat_depth"": 6, ""cat_iterations"": 300, ""cat_l2_leaf_reg"": 3, ""cat_learning_rate"": 0.03, ""xgb_colsample_bytree"": 0.8, ""xgb_learning_rate"": 0.05, ""xgb_max_depth"": 3, ""xgb_n_estimators"": 300, ""xgb_subsample"": 0.8}",0.3,6,300,3,0.03,0.8,0.05,3,300,0.8,0.984591361869909,0.009653430196255888,0.01219204582085184,2.231953661012681,0.4282564603717861,0.03207511576386338,0.03730493816671369,5.605969003013009,0.7008261837087127,0.02391706142300547,0.02998242635742395,4.409485012117213
619,CATBOOST_XGBOOST,"{""alpha"": 0.3, ""cat_depth"": 4, ""cat_iterations"": 300, ""cat_l2_leaf_reg"": 5, ""cat_learning_rate"": 0.03, ""xgb_colsample_bytree"": 1.0, ""xgb_learning_rate"": 0.03, ""xgb_max_depth"": 3, ""xgb_n_estimators"": 500, ""xgb_subsample"": 0.8}",0.3,4,300,5,0.03,1.0,0.03,3,500,0.8,0.9816920650520493,0.01063298167160184,0.01328966821163109,2.475243833296746,0.4281657571817853,0.03154835787966197,0.03730789713561439,5.470972178569999,0.6866695793684225,0.02418047561649005,0.03068359669978452,4.431948481984921
620,CATBOOST_XGBOOST,"{""alpha"": 0.5, ""cat_depth"": 6, ""cat_iterations"": 500, ""cat_l2_leaf_reg"": 5, ""cat_learning_rate"": 0.03, ""xgb_colsample_bytree"": 1.0, ""xgb_learning_rate"": 0.05, ""xgb_max_depth"": 5, ""xgb_n_estimators"": 500, ""xgb_subsample"": 0.8}",0.5,6,500,5,0.03,1.0,0.05,5,500,0.8,0.9956071202744035,0.005138308457004357,0.00650982201332107,1.182597315619424,0.4281016391453752,0.03209607739348093,0.03730998868756825,5.578352051404821,0.7217048592534989,0.02348420891307827,0.02891730373055297,4.31972404095743
621,CATBOOST_XGBOOST,"{""alpha"": 0.3, ""cat_depth"": 6, ""cat_iterations"": 500, ""cat_l2_leaf_reg"": 5, ""cat_learning_rate"": 0.05, ""xgb_colsample_bytree"": 1.0, ""xgb_learning_rate"": 0.03, ""xgb_max_depth"": 3, ""xgb_n_estimators"": 500, ""xgb_subsample"": 1.0}",0.3,6,500,5,0.05,1.0,0.03,3,500,1.0,0.9900939350088523,0.007657387655784066,0.009775636509601933,1.768768872396086,0.4280944395805534,0.0315040041217533,0.03731022353247693,5.510016002637016,0.7236734225720811,0.0230804375320649,0.0288148467333549,4.25363453340529
622,CATBOOST_XGBOOST,"{""alpha"": 0.5, ""cat_depth"": 6, ""cat_iterations"": 500, ""cat_l2_leaf_reg"": 3, ""cat_learning_rate"": 0.03, ""xgb_colsample_bytree"": 1.0, ""xgb_learning_rate"": 0.05, ""xgb_max_depth"": 3, ""xgb_n_estimators"": 300, ""xgb_subsample"": 0.8}",0.5,6,500,3,0.03,1.0,0.05,3,300,0.8,0.9889140732749507,0.008118795913432024,0.01034142674879705,1.873435046091842,0.4279472876291414,0.032090859516917,0.03731502320523978,5.597682337327766,0.707664581029346,0.02361899966296943,0.02963778228875382,4.350299747038694
623,CATBOOST_XGBOOST,"{""alpha"": 0.5, ""cat_depth"": 6, ""cat_iterations"": 500, ""cat_l2_leaf_reg"": 5, ""cat_learning_rate"": 0.05, ""xgb_colsample_bytree"": 0.8, ""xgb_learning_rate"": 0.05, ""xgb_max_depth"": 3, ""xgb_n_estimators"": 300, ""xgb_subsample"": 1.0}",0.5,6,500,5,0.05,0.8,0.05,3,300,1.0,0.9908390512243626,0.007390686967755915,0.009400797236584662,1.702227779554141,0.4278811524867573,0.03189253880823911,0.03731718014200171,5.575018286102654,0.7078995260050032,0.02356243964566668,0.0296258702055615,4.32851069435025
624,CATBOOST_XGBOOST,"{""alpha"": 0.5, ""cat_depth"": 6, ""cat_iterations"": 500, ""cat_l2_leaf_reg"": 5, ""cat_learning_rate"": 0.03, ""xgb_colsample_bytree"": 0.8, ""xgb_learning_rate"": 0.03, ""xgb_max_depth"": 3, ""xgb_n_estimators"": 500, ""xgb_subsample"": 0.8}",0.5,6,500,5,0.03,0.8,0.03,3,500,0.8,0.9868043802985133,0.008934238356639024,0.01128260421130585,2.060449991091322,0.4278677777516695,0.03219973353235733,0.0373176163315136,5.615059575638473,0.7040084671012692,0.02387607421914789,0.02982253993966838,4.390658204478401
625,CATBOOST_XGBOOST,"{""alpha"": 0.5, ""cat_depth"": 4, ""cat_iterations"": 500, ""cat_l2_leaf_reg"": 5, ""cat_learning_rate"": 0.05, ""xgb_colsample_bytree"": 0.8, ""xgb_learning_rate"": 0.05, ""xgb_max_depth"": 5, ""xgb_n_estimators"": 300, ""xgb_subsample"": 1.0}",0.5,4,500,5,0.05,0.8,0.05,5,300,1.0,0.994562097063476,0.00574773655152248,0.007242861555823777,1.319856252132721,0.4278648839666881,0.03140043545017841,0.03731771070569576,5.409508873931347,0.6937133271880263,0.02420258620600431,0.03033674876993615,4.425287142607881
626,CATBOOST_XGBOOST,"{""alpha"": 0.7, ""cat_depth"": 6, ""cat_iterations"": 300, ""cat_l2_leaf_reg"": 3, ""cat_learning_rate"": 0.03, ""xgb_colsample_bytree"": 0.8, ""xgb_learning_rate"": 0.03, ""xgb_max_depth"": 3, ""xgb_n_estimators"": 500, ""xgb_subsample"": 0.8}",0.7,6,300,3,0.03,0.8,0.03,3,500,0.8,0.9782377222887073,0.01154426020009829,0.01448927423430934,2.670102614903171,0.4278555191240487,0.03221920859987602,0.0373180161169951,5.605053925102194,0.7054429404589599,0.02402731859912561,0.0297501872009812,4.419122008148499
627,CATBOOST_XGBOOST,"{""alpha"": 0.5, ""cat_depth"": 6, ""cat_iterations"": 500, ""cat_l2_leaf_reg"": 5, ""cat_learning_rate"": 0.03, ""xgb_colsample_bytree"": 0.8, ""xgb_learning_rate"": 0.03, ""xgb_max_depth"": 5, ""xgb_n_estimators"": 500, ""xgb_subsample"": 1.0}",0.5,6,500,5,0.03,0.8,0.03,5,500,1.0,0.9942059668433774,0.005866638530596354,0.007476269467703325,1.348309138413696,0.4276265181153976,0.03190995617847069,0.0373254836437014,5.527832127700863,0.7294658739150897,0.02304354914612253,0.02851123390748572,4.236475634247389
628,CATBOOST_XGBOOST,"{""alpha"": 0.3, ""cat_depth"": 4, ""cat_iterations"": 300, ""cat_l2_leaf_reg"": 3, ""cat_learning_rate"": 0.03, ""xgb_colsample_bytree"": 0.8, ""xgb_learning_rate"": 0.03, ""xgb_max_depth"": 5, ""xgb_n_estimators"": 300, ""xgb_subsample"": 1.0}",0.3,4,300,3,0.03,0.8,0.03,5,300,1.0,0.9907770119801833,0.007488615864703044,0.009432575291975076,1.739197782802724,0.4275958303613026,0.03176569031758335,0.03732648423155802,5.471699298728042,0.7220441951371614,0.02332007184077702,0.0288996683671458,4.284981841124072
629,CATBOOST_XGBOOST,"{""alpha"": 0.5, ""cat_depth"": 6, ""cat_iterations"": 500, ""cat_l2_leaf_reg"": 3, ""cat_learning_rate"": 0.03, ""xgb_colsample_bytree"": 1.0, ""xgb_learning_rate"": 0.05, ""xgb_max_depth"": 3, ""xgb_n_estimators"": 300, ""xgb_subsample"": 1.0}",0.5,6,500,3,0.03,1.0,0.05,3,300,1.0,0.988552065200894,0.008251134601204092,0.01050891869108248,1.905804173999079,0.4274347417828211,0.03199024639585352,0.03733173615635232,5.578160654610059,0.7151432429440159,0.02348913136049672,0.02925622233766224,4.326556794345946
630,CATBOOST_XGBOOST,"{""alpha"": 0.5, ""cat_depth"": 6, ""cat_iterations"": 300, ""cat_l2_leaf_reg"": 5, ""cat_learning_rate"": 0.05, ""xgb_colsample_bytree"": 1.0, ""xgb_learning_rate"": 0.03, ""xgb_max_depth"": 3, ""xgb_n_estimators"": 500, ""xgb_subsample"": 1.0}",0.5,6,300,5,0.05,1.0,0.03,3,500,1.0,0.9865020544329771,0.008989977918446693,0.01141112057755921,2.077452938971687,0.4273151453634161,0.03167261893022141,0.03733563484631639,5.535727319202226,0.7191820344592066,0.02329392641527443,0.02904807981998269,4.286638611179033
631,CATBOOST_XGBOOST,"{""alpha"": 0.3, ""cat_depth"": 4, ""cat_iterations"": 300, ""cat_l2_leaf_reg"": 3, ""cat_learning_rate"": 0.05, ""xgb_colsample_bytree"": 1.0, ""xgb_learning_rate"": 0.03, ""xgb_max_depth"": 3, ""xgb_n_estimators"": 300, ""xgb_subsample"": 0.8}",0.3,4,300,3,0.05,1.0,0.03,3,300,0.8,0.978269268912879,0.01154353903498094,0.01447876859092621,2.678458938252988,0.4272547009432256,0.03175458295656612,0.03733760510206748,5.511503630183827,0.68630152979574,0.02445703832535868,0.0307016124581298,4.480588765295153
632,CATBOOST_XGBOOST,"{""alpha"": 0.5, ""cat_depth"": 6, ""cat_iterations"": 300, ""cat_l2_leaf_reg"": 3, ""cat_learning_rate"": 0.03, ""xgb_colsample_bytree"": 0.8, ""xgb_learning_rate"": 0.05, ""xgb_max_depth"": 3, ""xgb_n_estimators"": 300, ""xgb_subsample"": 0.8}",0.5,6,300,3,0.03,0.8,0.05,3,300,0.8,0.9816460703454855,0.0105750644293659,0.01330635144111627,2.445050141169999,0.4269984046738955,0.03230325605743891,0.0373459582204539,5.63597466456836,0.7061265235811577,0.02387694938503646,0.02971564628973309,4.39816293439823
633,CATBOOST_XGBOOST,"{""alpha"": 0.3, ""cat_depth"": 6, ""cat_iterations"": 300, ""cat_l2_leaf_reg"": 3, ""cat_learning_rate"": 0.03, ""xgb_colsample_bytree"": 0.8, ""xgb_learning_rate"": 0.03, ""xgb_max_depth"": 5, ""xgb_n_estimators"": 300, ""xgb_subsample"": 0.8}",0.3,6,300,3,0.03,0.8,0.03,5,300,0.8,0.9924987740235574,0.006660165372376497,0.00850668953180142,1.53242603341062,0.4269380631773975,0.03228688475045351,0.03734792457770372,5.597845283134852,0.7436724031518684,0.02278964267409804,0.02775253556661616,4.198723203942458
634,CATBOOST_XGBOOST,"{""alpha"": 0.3, ""cat_depth"": 4, ""cat_iterations"": 300, ""cat_l2_leaf_reg"": 5, ""cat_learning_rate"": 0.05, ""xgb_colsample_bytree"": 1.0, ""xgb_learning_rate"": 0.03, ""xgb_max_depth"": 3, ""xgb_n_estimators"": 500, ""xgb_subsample"": 0.8}",0.3,4,300,5,0.05,1.0,0.03,3,500,0.8,0.9852206763071014,0.00950747378285298,0.01194047871403928,2.203434888696443,0.4268035257681575,0.03138301856472826,0.03735230839541512,5.451460201893403,0.6825908902120135,0.02433019345065601,0.03088265846011282,4.452006493376628
635,CATBOOST_XGBOOST,"{""alpha"": 0.7, ""cat_depth"": 6, ""cat_iterations"": 300, ""cat_l2_leaf_reg"": 3, ""cat_learning_rate"": 0.03, ""xgb_colsample_bytree"": 1.0, ""xgb_learning_rate"": 0.03, ""xgb_max_depth"": 5, ""xgb_n_estimators"": 500, ""xgb_subsample"": 0.8}",0.7,6,300,3,0.03,1.0,0.03,5,500,0.8,0.9848657637080225,0.009591211521028133,0.01208299827270804,2.217688960537781,0.4267731836343114,0.03203630766158046,0.03735329700385367,5.55444819983478,0.7162278447930192,0.02375070378440853,0.02920047218561549,4.37380864603595
636,CATBOOST_XGBOOST,"{""alpha"": 0.3, ""cat_depth"": 4, ""cat_iterations"": 500, ""cat_l2_leaf_reg"": 5, ""cat_learning_rate"": 0.05, ""xgb_colsample_bytree"": 1.0, ""xgb_learning_rate"": 0.03, ""xgb_max_depth"": 3, ""xgb_n_estimators"": 300, ""xgb_subsample"": 0.8}",0.3,4,500,5,0.05,1.0,0.03,3,300,0.8,0.9815425764257403,0.01057234684225224,0.01334381455166314,2.450945699641662,0.4266927769255821,0.03159881990813911,0.03735591669144503,5.487536002843082,0.6860009347733331,0.02451003861570339,0.03071631852622535,4.489117528661827
637,CATBOOST_XGBOOST,"{""alpha"": 0.5, ""cat_depth"": 6, ""cat_iterations"": 500, ""cat_l2_leaf_reg"": 5, ""cat_learning_rate"": 0.03, ""xgb_colsample_bytree"": 1.0, ""xgb_learning_rate"": 0.03, ""xgb_max_depth"": 3, ""xgb_n_estimators"": 300, ""xgb_subsample"": 0.8}",0.5,6,500,5,0.03,1.0,0.03,3,300,0.8,0.9822986328303202,0.01034599001634122,0.0130676611188755,2.393299760963899,0.4266723045956688,0.03202790096994435,0.03735658366003778,5.579901408788947,0.7054680142547297,0.02381655043825561,0.02974892095057399,4.375168146533904
638,CATBOOST_XGBOOST,"{""alpha"": 0.3, ""cat_depth"": 4, ""cat_iterations"": 500, ""cat_l2_leaf_reg"": 5, ""cat_learning_rate"": 0.05, ""xgb_colsample_bytree"": 1.0, ""xgb_learning_rate"": 0.03, ""xgb_max_depth"": 5, ""xgb_n_estimators"": 300, ""xgb_subsample"": 0.8}",0.3,4,500,5,0.05,1.0,0.03,5,300,0.8,0.9949085628624398,0.005456980819541391,0.007008331743637728,1.252115525216007,0.4265823511781598,0.0313515683558624,0.03735951411377011,5.405987022849303,0.7037106804370563,0.02424171755967055,0.02983753787232755,4.460304243093813
639,CATBOOST_XGBOOST,"{""alpha"": 0.5, ""cat_depth"": 6, ""cat_iterations"": 500, ""cat_l2_leaf_reg"": 5, ""cat_learning_rate"": 0.03, ""xgb_colsample_bytree"": 1.0, ""xgb_learning_rate"": 0.05, ""xgb_max_depth"": 5, ""xgb_n_estimators"": 300, ""xgb_subsample"": 0.8}",0.5,6,500,5,0.03,1.0,0.05,5,300,0.8,0.9945319198286384,0.005710587899895482,0.007262930610133997,1.31284432257539,0.4265268083457258,0.03206826197269951,0.03736132344331383,5.57165569976848,0.7203416024929504,0.02350615095304998,0.02898804436544962,4.322218774401819
640,CATBOOST_XGBOOST,"{""alpha"": 0.3, ""cat_depth"": 4, ""cat_iterations"": 500, ""cat_l2_leaf_reg"": 5, ""cat_learning_rate"": 0.03, ""xgb_colsample_bytree"": 1.0, ""xgb_learning_rate"": 0.03, ""xgb_max_depth"": 3, ""xgb_n_estimators"": 500, ""xgb_subsample"": 0.8}",0.3,4,500,5,0.03,1.0,0.03,3,500,0.8,0.9847460766819411,0.009681430797154987,0.01213068254717935,2.243948180366904,0.4264169195162729,0.03134715921821383,0.03736490285687699,5.446354972727279,0.6821362034947446,0.02430727959116155,0.03090477015920077,4.448913477849517
641,CATBOOST_XGBOOST,"{""alpha"": 0.7, ""cat_depth"": 6, ""cat_iterations"": 500, ""cat_l2_leaf_reg"": 3, ""cat_learning_rate"": 0.03, ""xgb_colsample_bytree"": 0.8, ""xgb_learning_rate"": 0.03, ""xgb_max_depth"": 5, ""xgb_n_estimators"": 300, ""xgb_subsample"": 0.8}",0.7,6,500,3,0.03,0.8,0.03,5,300,0.8,0.9917339149559614,0.007008484747882635,0.008929854707361426,1.609892191299569,0.4263918676348246,0.03231583150270955,0.03736571882489269,5.62223389654815,0.7239095294050406,0.02302166769739626,0.02880253370111978,4.230287090468746
642,CATBOOST_XGBOOST,"{""alpha"": 0.3, ""cat_depth"": 4, ""cat_iterations"": 300, ""cat_l2_leaf_reg"": 3, ""cat_learning_rate"": 0.05, ""xgb_colsample_bytree"": 1.0, ""xgb_learning_rate"": 0.05, ""xgb_max_depth"": 5, ""xgb_n_estimators"": 500, ""xgb_subsample"": 0.8}",0.3,4,300,3,0.05,1.0,0.05,5,500,0.8,0.9972338267955873,0.004161663337508883,0.005165759026557651,0.9612611210421826,0.4263404141035736,0.0315170737703344,0.03736739466852158,5.444177588791071,0.7074891493808018,0.02406110340225477,0.02964667383055275,4.416516060707267
643,CATBOOST_XGBOOST,"{""alpha"": 0.7, ""cat_depth"": 6, ""cat_iterations"": 500, ""cat_l2_leaf_reg"": 3, ""cat_learning_rate"": 0.03, ""xgb_colsample_bytree"": 1.0, ""xgb_learning_rate"": 0.05, ""xgb_max_depth"": 3, ""xgb_n_estimators"": 500, ""xgb_subsample"": 0.8}",0.7,6,500,3,0.03,1.0,0.05,3,500,0.8,0.9912302032100015,0.007238611848579947,0.00919791143085281,1.662300980966743,0.4262302406497335,0.032160831066019,0.0373709827697105,5.608868136623404,0.7088460270035757,0.02350199873923244,0.02957783250870409,4.323630940574569
644,CATBOOST_XGBOOST,"{""alpha"": 0.5, ""cat_depth"": 6, ""cat_iterations"": 300, ""cat_l2_leaf_reg"": 5, ""cat_learning_rate"": 0.03, ""xgb_colsample_bytree"": 0.8, ""xgb_learning_rate"": 0.05, ""xgb_max_depth"": 5, ""xgb_n_estimators"": 300, ""xgb_subsample"": 0.8}",0.5,6,300,5,0.03,0.8,0.05,5,300,0.8,0.98962275223694,0.007949114121656636,0.01000542523732857,1.83841238115127,0.4261765868421568,0.03231005952623218,0.03737273002861823,5.612809210693025,0.7293099677754085,0.02310310607598387,0.02851944809519553,4.252167846263681
645,CATBOOST_XGBOOST,"{""alpha"": 0.5, ""cat_depth"": 4, ""cat_iterations"": 300, ""cat_l2_leaf_reg"": 3, ""cat_learning_rate"": 0.05, ""xgb_colsample_bytree"": 0.8, ""xgb_learning_rate"": 0.05, ""xgb_max_depth"": 5, ""xgb_n_estimators"": 300, ""xgb_subsample"": 1.0}",0.5,4,300,3,0.05,0.8,0.05,5,300,1.0,0.9914803285909665,0.007310978732532817,0.009065794715270789,1.685181547192941,0.4260674481533205,0.03174561820694872,0.03737628392406368,5.465560093542539,0.6939760276077305,0.02417423989837169,0.03032373614660097,4.421997603181175
646,CATBOOST_XGBOOST,"{""alpha"": 0.3, ""cat_depth"": 4, ""cat_iterations"": 500, ""cat_l2_leaf_reg"": 3, ""cat_learning_rate"": 0.03, ""xgb_colsample_bytree"": 0.8, ""xgb_learning_rate"": 0.03, ""xgb_max_depth"": 3, ""xgb_n_estimators"": 300, ""xgb_subsample"": 0.8}",0.3,4,500,3,0.03,0.8,0.03,3,300,0.8,0.9778613200149626,0.01163135212798682,0.01461404093539755,2.703217673833593,0.4259582395632846,0.03200589583629223,0.03737983975749781,5.560952718724487,0.6897755422379617,0.02432562613912457,0.03053113868757524,4.460216835258345
647,CATBOOST_XGBOOST,"{""alpha"": 0.5, ""cat_depth"": 6, ""cat_iterations"": 500, ""cat_l2_leaf_reg"": 5, ""cat_learning_rate"": 0.03, ""xgb_colsample_bytree"": 0.8, ""xgb_learning_rate"": 0.03, ""xgb_max_depth"": 5, ""xgb_n_estimators"": 300, ""xgb_subsample"": 1.0}",0.5,6,500,5,0.03,0.8,0.03,5,300,1.0,0.9924096379980528,0.006697335736344913,0.008557082176283745,1.541200228139538,0.4259372943637378,0.03205825253467186,0.03738052169487164,5.553397166455198,0.7303756648827149,0.02301094893043627,0.02846325270031564,4.231725118742257
648,CATBOOST_XGBOOST,"{""alpha"": 0.7, ""cat_depth"": 6, ""cat_iterations"": 300, ""cat_l2_leaf_reg"": 3, ""cat_learning_rate"": 0.05, ""xgb_colsample_bytree"": 0.8, ""xgb_learning_rate"": 0.05, ""xgb_max_depth"": 3, ""xgb_n_estimators"": 300, ""xgb_subsample"": 1.0}",0.7,6,300,3,0.05,0.8,0.05,3,300,1.0,0.9881461142030107,0.00851556555796806,0.01069362197832211,1.959080382449508,0.4259329598628629,0.03210488804706789,0.03738066281673564,5.60994679026399,0.696649435111257,0.02435822055492796,0.03019099240859727,4.476301333400143
649,CATBOOST_XGBOOST,"{""alpha"": 0.3, ""cat_depth"": 4, ""cat_iterations"": 300, ""cat_l2_leaf_reg"": 3, ""cat_learning_rate"": 0.05, ""xgb_colsample_bytree"": 1.0, ""xgb_learning_rate"": 0.03, ""xgb_max_depth"": 5, ""xgb_n_estimators"": 300, ""xgb_subsample"": 0.8}",0.3,4,300,3,0.05,1.0,0.03,5,300,0.8,0.9932805791875841,0.00638996046743917,0.008051195610568093,1.468938846095706,0.4259176590117538,0.03156557423145023,0.03738116097470765,5.440934397551668,0.7043869255190296,0.02413809105525013,0.02980346810800049,4.442279212148732
650,CATBOOST_XGBOOST,"{""alpha"": 0.3, ""cat_depth"": 4, ""cat_iterations"": 500, ""cat_l2_leaf_reg"": 5, ""cat_learning_rate"": 0.05, ""xgb_colsample_bytree"": 1.0, ""xgb_learning_rate"": 0.05, ""xgb_max_depth"": 5, ""xgb_n_estimators"": 500, ""xgb_subsample"": 0.8}",0.3,4,500,5,0.05,1.0,0.05,5,500,0.8,0.9982803856673214,0.003234216324275211,0.004072958512388141,0.7450190030437995,0.4258401394494257,0.03149834359498455,0.03738368471844155,5.445416473493622,0.7062520870933338,0.02416443239616864,0.02970929729967872,4.434479526560374
651,CATBOOST_XGBOOST,"{""alpha"": 0.3, ""cat_depth"": 6, ""cat_iterations"": 500, ""cat_l2_leaf_reg"": 3, ""cat_learning_rate"": 0.03, ""xgb_colsample_bytree"": 1.0, ""xgb_learning_rate"": 0.05, ""xgb_max_depth"": 3, ""xgb_n_estimators"": 300, ""xgb_subsample"": 0.8}",0.3,6,500,3,0.03,1.0,0.05,3,300,0.8,0.9888492256593251,0.008120623112472742,0.01037162896105262,1.878080511648524,0.425801918539171,0.03198169388602719,0.03738492898400128,5.580995485440273,0.7023287612166336,0.02384764500067274,0.02990703936545823,4.39392357374966
652,CATBOOST_XGBOOST,"{""alpha"": 0.3, ""cat_depth"": 6, ""cat_iterations"": 500, ""cat_l2_leaf_reg"": 3, ""cat_learning_rate"": 0.03, ""xgb_colsample_bytree"": 1.0, ""xgb_learning_rate"": 0.05, ""xgb_max_depth"": 3, ""xgb_n_estimators"": 500, ""xgb_subsample"": 0.8}",0.3,6,500,3,0.03,1.0,0.05,3,500,0.8,0.9940512905808563,0.005904886004403708,0.007575404643104391,1.355829945676522,0.4256903754663374,0.0318469696035779,0.0373885599847783,5.559731973986291,0.7046678874029382,0.02389961305159608,0.02978930156756012,4.399156090345612
653,CATBOOST_XGBOOST,"{""alpha"": 0.3, ""cat_depth"": 4, ""cat_iterations"": 300, ""cat_l2_leaf_reg"": 3, ""cat_learning_rate"": 0.05, ""xgb_colsample_bytree"": 0.8, ""xgb_learning_rate"": 0.03, ""xgb_max_depth"": 5, ""xgb_n_estimators"": 500, ""xgb_subsample"": 1.0}",0.3,4,300,3,0.05,0.8,0.03,5,500,1.0,0.9955670894943723,0.005219301611855324,0.006539415615367561,1.201577166262768,0.4255881914899368,0.03143716174062783,0.03739188601453822,5.411994515074299,0.7159984586847565,0.02351739607144824,0.02921227184510569,4.314220653461996
654,CATBOOST_XGBOOST,"{""alpha"": 0.7, ""cat_depth"": 6, ""cat_iterations"": 500, ""cat_l2_leaf_reg"": 5, ""cat_learning_rate"": 0.03, ""xgb_colsample_bytree"": 0.8, ""xgb_learning_rate"": 0.05, ""xgb_max_depth"": 5, ""xgb_n_estimators"": 500, ""xgb_subsample"": 1.0}",0.7,6,500,5,0.03,0.8,0.05,5,500,1.0,0.9917074315490985,0.007066415733412944,0.008944148284927204,1.625624660015903,0.4255803378386918,0.0323157833336415,0.0373921416341338,5.614969869221937,0.7176072230325341,0.02323360637444886,0.02912941594985017,4.264314524147695
655,CATBOOST_XGBOOST,"{""alpha"": 0.3, ""cat_depth"": 4, ""cat_iterations"": 500, ""cat_l2_leaf_reg"": 5, ""cat_learning_rate"": 0.05, ""xgb_colsample_bytree"": 0.8, ""xgb_learning_rate"": 0.03, ""xgb_max_depth"": 5, ""xgb_n_estimators"": 500, ""xgb_subsample"": 1.0}",0.3,4,500,5,0.05,0.8,0.03,5,500,1.0,0.9968877443125834,0.004279424837564963,0.005479388486681052,0.9822177228923321,0.4254940580666122,0.03129387378349278,0.03739494974163202,5.390651242384218,0.715657247467129,0.02359897617555052,0.0292298149942354,4.327978158333312
656,CATBOOST_XGBOOST,"{""alpha"": 0.5, ""cat_depth"": 6, ""cat_iterations"": 300, ""cat_l2_leaf_reg"": 3, ""cat_learning_rate"": 0.03, ""xgb_colsample_bytree"": 0.8, ""xgb_learning_rate"": 0.03, ""xgb_max_depth"": 5, ""xgb_n_estimators"": 500, ""xgb_subsample"": 0.8}",0.5,6,300,3,0.03,0.8,0.03,5,500,0.8,0.9910030608203074,0.007384384329385592,0.009316265365467707,1.705397972672198,0.4254414473074883,0.03238331365660894,0.03739666193598095,5.620117811536577,0.7369038604040576,0.02304088771335406,0.02811656247384283,4.239315073002783
657,CATBOOST_XGBOOST,"{""alpha"": 0.7, ""cat_depth"": 6, ""cat_iterations"": 300, ""cat_l2_leaf_reg"": 3, ""cat_learning_rate"": 0.03, ""xgb_colsample_bytree"": 1.0, ""xgb_learning_rate"": 0.03, ""xgb_max_depth"": 3, ""xgb_n_estimators"": 300, ""xgb_subsample"": 0.8}",0.7,6,300,3,0.03,1.0,0.03,3,300,0.8,0.9746978368284285,0.01242918724026471,0.01562331842175917,2.879832170068794,0.4253652373801267,0.03213446257172958,0.03739914201601468,5.587533712596527,0.7050176334632074,0.02402793467401583,0.02977165740219577,4.415906928460054
658,CATBOOST_XGBOOST,"{""alpha"": 0.7, ""cat_depth"": 6, ""cat_iterations"": 300, ""cat_l2_leaf_reg"": 3, ""cat_learning_rate"": 0.03, ""xgb_colsample_bytree"": 1.0, ""xgb_learning_rate"": 0.05, ""xgb_max_depth"": 5, ""xgb_n_estimators"": 500, ""xgb_subsample"": 0.8}",0.7,6,300,3,0.03,1.0,0.05,5,500,0.8,0.9858080423853571,0.009295698644362282,0.01170080147806073,2.150330445365382,0.4253028566794241,0.03202729067417233,0.03740117193268897,5.557696786895079,0.7165138484351564,0.02367941934041097,0.02918575342871214,4.35603105871026
659,CATBOOST_XGBOOST,"{""alpha"": 0.5, ""cat_depth"": 6, ""cat_iterations"": 300, ""cat_l2_leaf_reg"": 5, ""cat_learning_rate"": 0.03, ""xgb_colsample_bytree"": 0.8, ""xgb_learning_rate"": 0.05, ""xgb_max_depth"": 5, ""xgb_n_estimators"": 500, ""xgb_subsample"": 0.8}",0.5,6,300,5,0.03,0.8,0.05,5,500,0.8,0.9911502977219001,0.007343058735495943,0.009239719528538175,1.700163818578342,0.4252197469453084,0.03237738177079944,0.03740387621712726,5.626509136768468,0.7304918335193122,0.02304853241572812,0.02845712029113776,4.241431415856638
660,CATBOOST_XGBOOST,"{""alpha"": 0.7, ""cat_depth"": 6, ""cat_iterations"": 500, ""cat_l2_leaf_reg"": 3, ""cat_learning_rate"": 0.03, ""xgb_colsample_bytree"": 1.0, ""xgb_learning_rate"": 0.05, ""xgb_max_depth"": 3, ""xgb_n_estimators"": 300, ""xgb_subsample"": 1.0}",0.7,6,500,3,0.03,1.0,0.05,3,300,1.0,0.9886356767266649,0.008246734557577419,0.01047047171386858,1.900082981839802,0.4251088319741801,0.03216024751731935,0.03740748494386013,5.606666440380144,0.7120101898669976,0.02351588697342,0.02941667251664429,4.330216596831233
661,CATBOOST_XGBOOST,"{""alpha"": 0.3, ""cat_depth"": 4, ""cat_iterations"": 300, ""cat_l2_leaf_reg"": 3, ""cat_learning_rate"": 0.05, ""xgb_colsample_bytree"": 0.8, ""xgb_learning_rate"": 0.03, ""xgb_max_depth"": 3, ""xgb_n_estimators"": 500, ""xgb_subsample"": 0.8}",0.3,4,300,3,0.05,0.8,0.03,3,500,0.8,0.9852453601301631,0.009534159774022121,0.01193050329712791,2.204365247450943,0.4251061254113075,0.0318708110525129,0.03740757300017094,5.536559501379909,0.6825685058174105,0.02454009019001996,0.03088374739770889,4.496850682008322
662,CATBOOST_XGBOOST,"{""alpha"": 0.7, ""cat_depth"": 6, ""cat_iterations"": 500, ""cat_l2_leaf_reg"": 3, ""cat_learning_rate"": 0.03, ""xgb_colsample_bytree"": 1.0, ""xgb_learning_rate"": 0.05, ""xgb_max_depth"": 3, ""xgb_n_estimators"": 300, ""xgb_subsample"": 0.8}",0.7,6,500,3,0.03,1.0,0.05,3,300,0.8,0.9888264180271009,0.008179902277013349,0.01038223053252522,1.883697063053322,0.4250270237122861,0.03220002658985469,0.03741014643235855,5.614369402258547,0.7072681838153644,0.02353805151849193,0.02965786941072882,4.331290442554963
663,CATBOOST_XGBOOST,"{""alpha"": 0.7, ""cat_depth"": 6, ""cat_iterations"": 300, ""cat_l2_leaf_reg"": 3, ""cat_learning_rate"": 0.03, ""xgb_colsample_bytree"": 1.0, ""xgb_learning_rate"": 0.03, ""xgb_max_depth"": 5, ""xgb_n_estimators"": 300, ""xgb_subsample"": 0.8}",0.7,6,300,3,0.03,1.0,0.03,5,300,0.8,0.9828146944043916,0.01021169977787851,0.01287576637148472,2.359277298499519,0.4250150108282885,0.03203554457792256,0.0374105372345533,5.553247253810661,0.7152769388713511,0.02377417503601932,0.02924935590964279,4.378728534370741
664,CATBOOST_XGBOOST,"{""alpha"": 0.7, ""cat_depth"": 6, ""cat_iterations"": 300, ""cat_l2_leaf_reg"": 3, ""cat_learning_rate"": 0.03, ""xgb_colsample_bytree"": 0.8, ""xgb_learning_rate"": 0.03, ""xgb_max_depth"": 5, ""xgb_n_estimators"": 500, ""xgb_subsample"": 1.0}",0.7,6,300,3,0.03,0.8,0.03,5,500,1.0,0.9844502382442053,0.009718318992228003,0.01224775042101867,2.246784484722458,0.4246790566623335,0.03199112758118203,0.03742146481593022,5.542158219172982,0.7205473258597888,0.02351774357534573,0.02897738025654375,4.325508615435891
665,CATBOOST_XGBOOST,"{""alpha"": 0.3, ""cat_depth"": 4, ""cat_iterations"": 300, ""cat_l2_leaf_reg"": 3, ""cat_learning_rate"": 0.03, ""xgb_colsample_bytree"": 0.8, ""xgb_learning_rate"": 0.03, ""xgb_max_depth"": 3, ""xgb_n_estimators"": 300, ""xgb_subsample"": 0.8}",0.3,4,300,3,0.03,0.8,0.03,3,300,0.8,0.9728369484093234,0.01290582276689543,0.01618764745454017,3.009010862784785,0.4246743031075914,0.03213911437871413,0.03742161941191369,5.573696478579043,0.6903182226085187,0.0245270562749712,0.03050442270575266,4.500432857632965
666,CATBOOST_XGBOOST,"{""alpha"": 0.7, ""cat_depth"": 6, ""cat_iterations"": 300, ""cat_l2_leaf_reg"": 3, ""cat_learning_rate"": 0.03, ""xgb_colsample_bytree"": 1.0, ""xgb_learning_rate"": 0.05, ""xgb_max_depth"": 5, ""xgb_n_estimators"": 300, ""xgb_subsample"": 0.8}",0.7,6,300,3,0.03,1.0,0.05,5,300,0.8,0.9847672720588986,0.009625303160658696,0.01212225180574304,2.225405149221897,0.4242750314077571,0.03201553389833169,0.03743460232078541,5.554653216941479,0.715501674232595,0.02372468233856121,0.02923781019542898,4.363576077835556
667,CATBOOST_XGBOOST,"{""alpha"": 0.3, ""cat_depth"": 4, ""cat_iterations"": 300, ""cat_l2_leaf_reg"": 3, ""cat_learning_rate"": 0.05, ""xgb_colsample_bytree"": 1.0, ""xgb_learning_rate"": 0.05, ""xgb_max_depth"": 5, ""xgb_n_estimators"": 300, ""xgb_subsample"": 0.8}",0.3,4,300,3,0.05,1.0,0.05,5,300,0.8,0.9959869715279253,0.004973621426259559,0.006222008194331649,1.144981736107743,0.4241935821434903,0.03150429241949103,0.03743725021096991,5.439069822084922,0.7056447367832838,0.02408135327917951,0.02973999476660439,4.418088833053003
668,CATBOOST_XGBOOST,"{""alpha"": 0.7, ""cat_depth"": 6, ""cat_iterations"": 500, ""cat_l2_leaf_reg"": 5, ""cat_learning_rate"": 0.03, ""xgb_colsample_bytree"": 0.8, ""xgb_learning_rate"": 0.05, ""xgb_max_depth"": 5, ""xgb_n_estimators"": 300, ""xgb_subsample"": 1.0}",0.7,6,500,5,0.03,0.8,0.05,5,300,1.0,0.9908815708573105,0.007390387129477126,0.009378955430098118,1.69883361142989,0.4241912572202249,0.03233538268675498,0.03743732579075111,5.618564778039433,0.7160725341607689,0.02332352194794441,0.02920846191144682,4.282742818572265
669,CATBOOST_XGBOOST,"{""alpha"": 0.3, ""cat_depth"": 6, ""cat_iterations"": 500, ""cat_l2_leaf_reg"": 3, ""cat_learning_rate"": 0.03, ""xgb_colsample_bytree"": 1.0, ""xgb_learning_rate"": 0.05, ""xgb_max_depth"": 3, ""xgb_n_estimators"": 300, ""xgb_subsample"": 1.0}",0.3,6,500,3,0.03,1.0,0.05,3,300,1.0,0.9882806685718886,0.00832519977982809,0.01063275670122466,1.930042351756502,0.4241760907260413,0.03184083224789651,0.03743781882706931,5.553664611813684,0.7122043237147908,0.0235424543940321,0.02940675595995394,4.340166341373757
670,CATBOOST_XGBOOST,"{""alpha"": 0.3, ""cat_depth"": 6, ""cat_iterations"": 300, ""cat_l2_leaf_reg"": 5, ""cat_learning_rate"": 0.03, ""xgb_colsample_bytree"": 1.0, ""xgb_learning_rate"": 0.05, ""xgb_max_depth"": 3, ""xgb_n_estimators"": 500, ""xgb_subsample"": 1.0}",0.3,6,300,5,0.03,1.0,0.05,3,500,1.0,0.9900402093178663,0.007773015755769218,0.009802109818629773,1.792348849538035,0.4240944895537436,0.03163283940458984,0.03744047142765738,5.515761605051775,0.7244737376877759,0.02284383604531222,0.0287730887535404,4.204802743367207
671,CATBOOST_XGBOOST,"{""alpha"": 0.3, ""cat_depth"": 4, ""cat_iterations"": 500, ""cat_l2_leaf_reg"": 5, ""cat_learning_rate"": 0.05, ""xgb_colsample_bytree"": 0.8, ""xgb_learning_rate"": 0.03, ""xgb_max_depth"": 5, ""xgb_n_estimators"": 300, ""xgb_subsample"": 1.0}",0.3,4,500,5,0.05,0.8,0.03,5,300,1.0,0.9949125076884325,0.005446567387075021,0.007005616203242507,1.253363200387096,0.4239241479848684,0.03146941763396083,0.03744600809730119,5.419610298360471,0.7173858377624167,0.02353649031915591,0.02914083189376048,4.318472445498482
672,CATBOOST_XGBOOST,"{""alpha"": 0.5, ""cat_depth"": 6, ""cat_iterations"": 300, ""cat_l2_leaf_reg"": 5, ""cat_learning_rate"": 0.03, ""xgb_colsample_bytree"": 0.8, ""xgb_learning_rate"": 0.03, ""xgb_max_depth"": 3, ""xgb_n_estimators"": 500, ""xgb_subsample"": 0.8}",0.5,6,300,5,0.03,0.8,0.03,3,500,0.8,0.9799485301893582,0.01107614265952853,0.01390809231294781,2.563696508516524,0.4238202567771688,0.03230632665491375,0.03744938450650967,5.623776519588271,0.7056739824450524,0.02398380551362678,0.02973851732158879,4.410233484253094
673,CATBOOST_XGBOOST,"{""alpha"": 0.3, ""cat_depth"": 4, ""cat_iterations"": 500, ""cat_l2_leaf_reg"": 5, ""cat_learning_rate"": 0.05, ""xgb_colsample_bytree"": 1.0, ""xgb_learning_rate"": 0.05, ""xgb_max_depth"": 5, ""xgb_n_estimators"": 300, ""xgb_subsample"": 0.8}",0.3,4,500,5,0.05,1.0,0.05,5,300,0.8,0.9972240471401571,0.00406821449878808,0.005174882600217616,0.9348928601667568,0.4237124348358635,0.03151172387637138,0.03745288834059913,5.444558477699184,0.7044643885950272,0.02418468227309338,0.02979956297021016,4.436052298906112
674,CATBOOST_XGBOOST,"{""alpha"": 0.3, ""cat_depth"": 6, ""cat_iterations"": 300, ""cat_l2_leaf_reg"": 5, ""cat_learning_rate"": 0.03, ""xgb_colsample_bytree"": 0.8, ""xgb_learning_rate"": 0.05, ""xgb_max_depth"": 3, ""xgb_n_estimators"": 500, ""xgb_subsample"": 0.8}",0.3,6,300,5,0.03,0.8,0.05,3,500,0.8,0.9901461563682495,0.007758853097334622,0.009749835568548663,1.788887122282373,0.4236983081919694,0.03209506545401478,0.03745334738258271,5.609834072267426,0.7054643884514593,0.02370063414903946,0.0297491040604027,4.362166972021959
675,CATBOOST_XGBOOST,"{""alpha"": 0.3, ""cat_depth"": 6, ""cat_iterations"": 500, ""cat_l2_leaf_reg"": 5, ""cat_learning_rate"": 0.03, ""xgb_colsample_bytree"": 1.0, ""xgb_learning_rate"": 0.05, ""xgb_max_depth"": 3, ""xgb_n_estimators"": 500, ""xgb_subsample"": 1.0}",0.3,6,500,5,0.03,1.0,0.05,3,500,1.0,0.9927646460296481,0.006566269925783482,0.008354574758985378,1.507963062804154,0.4236817375858684,0.03158332461709076,0.0374538858333753,5.513339470394072,0.7208982719696226,0.0229842903170972,0.02895917915377748,4.22904018743735
676,CATBOOST_XGBOOST,"{""alpha"": 0.3, ""cat_depth"": 4, ""cat_iterations"": 500, ""cat_l2_leaf_reg"": 5, ""cat_learning_rate"": 0.05, ""xgb_colsample_bytree"": 0.8, ""xgb_learning_rate"": 0.03, ""xgb_max_depth"": 3, ""xgb_n_estimators"": 500, ""xgb_subsample"": 0.8}",0.3,4,500,5,0.05,0.8,0.03,3,500,0.8,0.9877624709983687,0.008605646695482602,0.01086529007248817,1.989443684521383,0.4236771944989021,0.03169509390719947,0.03745403345660393,5.509337070007229,0.6816280407645172,0.02470392160838351,0.03092946372431357,4.525438750999065
677,CATBOOST_XGBOOST,"{""alpha"": 0.3, ""cat_depth"": 4, ""cat_iterations"": 300, ""cat_l2_leaf_reg"": 3, ""cat_learning_rate"": 0.05, ""xgb_colsample_bytree"": 0.8, ""xgb_learning_rate"": 0.03, ""xgb_max_depth"": 5, ""xgb_n_estimators"": 300, ""xgb_subsample"": 1.0}",0.3,4,300,3,0.05,0.8,0.03,5,300,1.0,0.9932578319675505,0.006378013686015505,0.008064811931625804,1.470719579024188,0.4235155334997565,0.03160535369183,0.03745928609615691,5.439401355277385,0.7172040020986723,0.02349368863545509,0.02915020508018321,4.312239047058821
678,CATBOOST_XGBOOST,"{""alpha"": 0.3, ""cat_depth"": 6, ""cat_iterations"": 500, ""cat_l2_leaf_reg"": 5, ""cat_learning_rate"": 0.03, ""xgb_colsample_bytree"": 0.8, ""xgb_learning_rate"": 0.03, ""xgb_max_depth"": 5, ""xgb_n_estimators"": 500, ""xgb_subsample"": 0.8}",0.3,6,500,5,0.03,0.8,0.03,5,500,0.8,0.9970001805709546,0.004187047434531047,0.005379501278036462,0.9618531304196518,0.4235132445712939,0.03262030724870338,0.03745936046202972,5.668009751043313,0.7435658425028282,0.02270202134044988,0.02775830361685187,4.177864931472257
679,CATBOOST_XGBOOST,"{""alpha"": 0.7, ""cat_depth"": 6, ""cat_iterations"": 300, ""cat_l2_leaf_reg"": 3, ""cat_learning_rate"": 0.03, ""xgb_colsample_bytree"": 0.8, ""xgb_learning_rate"": 0.03, ""xgb_max_depth"": 5, ""xgb_n_estimators"": 300, ""xgb_subsample"": 1.0}",0.7,6,300,3,0.03,0.8,0.03,5,300,1.0,0.9827953379903225,0.01020530493351394,0.01288301554505045,2.360040228399828,0.4234072517729411,0.03207924776097364,0.03746280394092918,5.557330207063993,0.7207654691696064,0.02353550832312943,0.02896606804466205,4.329181389675927
680,CATBOOST_XGBOOST,"{""alpha"": 0.5, ""cat_depth"": 6, ""cat_iterations"": 300, ""cat_l2_leaf_reg"": 5, ""cat_learning_rate"": 0.03, ""xgb_colsample_bytree"": 1.0, ""xgb_learning_rate"": 0.03, ""xgb_max_depth"": 5, ""xgb_n_estimators"": 500, ""xgb_subsample"": 0.8}",0.5,6,300,5,0.03,1.0,0.03,5,500,0.8,0.9899046524491112,0.007833037286880581,0.009868589761751305,1.81176428079014,0.4233579444454453,0.03209723321079843,0.03746440572248087,5.558080918330977,0.7219821967657551,0.02360464660900836,0.02890289124006433,4.35286184469142
681,CATBOOST_XGBOOST,"{""alpha"": 0.5, ""cat_depth"": 4, ""cat_iterations"": 300, ""cat_l2_leaf_reg"": 3, ""cat_learning_rate"": 0.03, ""xgb_colsample_bytree"": 1.0, ""xgb_learning_rate"": 0.03, ""xgb_max_depth"": 5, ""xgb_n_estimators"": 500, ""xgb_subsample"": 1.0}",0.5,4,300,3,0.03,1.0,0.03,5,500,1.0,0.9862327935858408,0.009219639082217977,0.01152437469536034,2.150622472292089,0.4231769016724004,0.03190109113321596,0.03747028643092819,5.498512736707935,0.7048537217818256,0.02371213332001523,0.02977992780284056,4.358041707798406
682,CATBOOST_XGBOOST,"{""alpha"": 0.3, ""cat_depth"": 4, ""cat_iterations"": 500, ""cat_l2_leaf_reg"": 5, ""cat_learning_rate"": 0.03, ""xgb_colsample_bytree"": 0.8, ""xgb_learning_rate"": 0.05, ""xgb_max_depth"": 5, ""xgb_n_estimators"": 300, ""xgb_subsample"": 0.8}",0.3,4,500,5,0.03,0.8,0.05,5,300,0.8,0.9952848262906289,0.005386743504406684,0.006744399798138536,1.246969631763776,0.4231595574396546,0.03185801728455844,0.03747084976523773,5.51474894342453,0.7163106592526021,0.02332362046308398,0.0291962110244427,4.283068804337277
683,CATBOOST_XGBOOST,"{""alpha"": 0.7, ""cat_depth"": 6, ""cat_iterations"": 300, ""cat_l2_leaf_reg"": 3, ""cat_learning_rate"": 0.03, ""xgb_colsample_bytree"": 0.8, ""xgb_learning_rate"": 0.03, ""xgb_max_depth"": 3, ""xgb_n_estimators"": 300, ""xgb_subsample"": 0.8}",0.7,6,300,3,0.03,0.8,0.03,3,300,0.8,0.9743524459742889,0.01251012443279973,0.01572959116707068,2.899896497846917,0.4228763934097604,0.0323534257621621,0.03748004563140003,5.625757845119426,0.7045632631859662,0.02411680471869332,0.02979457767238921,4.433934142705666
684,CATBOOST_XGBOOST,"{""alpha"": 0.3, ""cat_depth"": 6, ""cat_iterations"": 500, ""cat_l2_leaf_reg"": 5, ""cat_learning_rate"": 0.03, ""xgb_colsample_bytree"": 0.8, ""xgb_learning_rate"": 0.05, ""xgb_max_depth"": 3, ""xgb_n_estimators"": 500, ""xgb_subsample"": 0.8}",0.3,6,500,5,0.03,0.8,0.05,3,500,0.8,0.992855232116744,0.006539277244734666,0.008302110706704896,1.503386430578129,0.4228438225332242,0.03203824648547349,0.03748110323907847,5.605993942181261,0.7017000991630604,0.02382134054493865,0.02993860355770023,4.382787358667838
685,CATBOOST_XGBOOST,"{""alpha"": 0.3, ""cat_depth"": 6, ""cat_iterations"": 300, ""cat_l2_leaf_reg"": 3, ""cat_learning_rate"": 0.03, ""xgb_colsample_bytree"": 1.0, ""xgb_learning_rate"": 0.05, ""xgb_max_depth"": 3, ""xgb_n_estimators"": 500, ""xgb_subsample"": 0.8}",0.3,6,300,3,0.03,1.0,0.05,3,500,0.8,0.9913283780213984,0.007215950940233188,0.009146282830534412,1.660725305185642,0.4227576963692853,0.03200128124335325,0.03748389969465557,5.58147321090223,0.7066590034455418,0.02380573525745355,0.02968871266244958,4.383645781258267
686,CATBOOST_XGBOOST,"{""alpha"": 0.5, ""cat_depth"": 4, ""cat_iterations"": 300, ""cat_l2_leaf_reg"": 3, ""cat_learning_rate"": 0.03, ""xgb_colsample_bytree"": 1.0, ""xgb_learning_rate"": 0.05, ""xgb_max_depth"": 5, ""xgb_n_estimators"": 500, ""xgb_subsample"": 1.0}",0.5,4,300,3,0.03,1.0,0.05,5,500,1.0,0.9878321361116557,0.008673394823018411,0.01083431927783836,2.022896464545552,0.4224367901278264,0.03212395578412686,0.03749431745679842,5.536273049835071,0.7064784373849986,0.0235791028357338,0.02969784870079519,4.330999247694357
687,CATBOOST_XGBOOST,"{""alpha"": 0.7, ""cat_depth"": 6, ""cat_iterations"": 300, ""cat_l2_leaf_reg"": 5, ""cat_learning_rate"": 0.05, ""xgb_colsample_bytree"": 0.8, ""xgb_learning_rate"": 0.05, ""xgb_max_depth"": 3, ""xgb_n_estimators"": 300, ""xgb_subsample"": 1.0}",0.7,6,300,5,0.05,0.8,0.05,3,300,1.0,0.9851675846635561,0.00945960568345906,0.01196190632970904,2.183117560559453,0.4223276393006911,0.03197318340629182,0.03749786022264168,5.585012836227916,0.698893547909982,0.02388769111578286,0.03007911234456898,4.38699359828574
688,CATBOOST_XGBOOST,"{""alpha"": 0.7, ""cat_depth"": 6, ""cat_iterations"": 300, ""cat_l2_leaf_reg"": 3, ""cat_learning_rate"": 0.03, ""xgb_colsample_bytree"": 0.8, ""xgb_learning_rate"": 0.05, ""xgb_max_depth"": 3, ""xgb_n_estimators"": 500, ""xgb_subsample"": 0.8}",0.7,6,300,3,0.03,0.8,0.05,3,500,0.8,0.9816171012915471,0.01061407529168725,0.013316848387452,2.452098362097412,0.4221884580902128,0.03240197038055332,0.03750237721498013,5.644000486524444,0.7083760957814945,0.02378434253805605,0.02960169263807966,4.374448588627926
689,CATBOOST_XGBOOST,"{""alpha"": 0.5, ""cat_depth"": 6, ""cat_iterations"": 300, ""cat_l2_leaf_reg"": 3, ""cat_learning_rate"": 0.03, ""xgb_colsample_bytree"": 1.0, ""xgb_learning_rate"": 0.05, ""xgb_max_depth"": 3, ""xgb_n_estimators"": 500, ""xgb_subsample"": 0.8}",0.5,6,300,3,0.03,1.0,0.05,3,500,0.8,0.9871708322336459,0.008822997745054505,0.0111248381263731,2.035550499695816,0.4221377805270072,0.03225181460524334,0.037504021771452,5.618729599043284,0.7116029909021915,0.02363656321174715,0.02943746180671972,4.352153978072877
690,CATBOOST_XGBOOST,"{""alpha"": 0.3, ""cat_depth"": 6, ""cat_iterations"": 300, ""cat_l2_leaf_reg"": 3, ""cat_learning_rate"": 0.03, ""xgb_colsample_bytree"": 1.0, ""xgb_learning_rate"": 0.05, ""xgb_max_depth"": 3, ""xgb_n_estimators"": 300, ""xgb_subsample"": 0.8}",0.3,6,300,3,0.03,1.0,0.05,3,300,0.8,0.9850136488459343,0.009500569269532268,0.0120238184607529,2.20002593762796,0.4219930511864159,0.03213600552580254,0.03750871804016013,5.602736722356211,0.7031772180838625,0.02383806101299841,0.02986438670540413,4.394410132230724
691,CATBOOST_XGBOOST,"{""alpha"": 0.5, ""cat_depth"": 6, ""cat_iterations"": 500, ""cat_l2_leaf_reg"": 5, ""cat_learning_rate"": 0.03, ""xgb_colsample_bytree"": 0.8, ""xgb_learning_rate"": 0.03, ""xgb_max_depth"": 3, ""xgb_n_estimators"": 300, ""xgb_subsample"": 0.8}",0.5,6,500,5,0.03,0.8,0.03,3,300,0.8,0.9818424364329329,0.01048992230142108,0.01323497864349785,2.428976456460539,0.4219082672887716,0.03239363441170966,0.03751146888831867,5.643763117625421,0.7047505850149873,0.02396466685892968,0.0297851305403026,4.405213415701752
692,CATBOOST_XGBOOST,"{""alpha"": 0.3, ""cat_depth"": 4, ""cat_iterations"": 500, ""cat_l2_leaf_reg"": 5, ""cat_learning_rate"": 0.03, ""xgb_colsample_bytree"": 0.8, ""xgb_learning_rate"": 0.05, ""xgb_max_depth"": 5, ""xgb_n_estimators"": 500, ""xgb_subsample"": 0.8}",0.3,4,500,5,0.03,0.8,0.05,5,500,0.8,0.9967299906474809,0.004504997527759624,0.005616541285694001,1.046277878708806,0.4217572076549719,0.03194586395593975,0.03751636957994665,5.532685557844911,0.7178476738685771,0.02330187790639923,0.02911701180108728,4.278414119304267
693,CATBOOST_XGBOOST,"{""alpha"": 0.3, ""cat_depth"": 4, ""cat_iterations"": 300, ""cat_l2_leaf_reg"": 5, ""cat_learning_rate"": 0.05, ""xgb_colsample_bytree"": 0.8, ""xgb_learning_rate"": 0.05, ""xgb_max_depth"": 5, ""xgb_n_estimators"": 300, ""xgb_subsample"": 0.8}",0.3,4,300,5,0.05,0.8,0.05,5,300,0.8,0.9955173451892304,0.005223198611384353,0.006576004576277942,1.209983884386955,0.4216548159053558,0.03193161526129483,0.03751969101925806,5.527947272284313,0.716507516209793,0.02335267484167392,0.02918607938773178,4.284382773091798
694,CATBOOST_XGBOOST,"{""alpha"": 0.7, ""cat_depth"": 6, ""cat_iterations"": 300, ""cat_l2_leaf_reg"": 3, ""cat_learning_rate"": 0.03, ""xgb_colsample_bytree"": 1.0, ""xgb_learning_rate"": 0.05, ""xgb_max_depth"": 3, ""xgb_n_estimators"": 500, ""xgb_subsample"": 1.0}",0.7,6,300,3,0.03,1.0,0.05,3,500,1.0,0.9815794655563991,0.01062661250918648,0.01333047336371273,2.455817897120735,0.4215831959672868,0.03216555889172804,0.03752201409104505,5.596224454090621,0.7178026645089877,0.02348220303851196,0.02911933410303622,4.318662772664139
695,CATBOOST_XGBOOST,"{""alpha"": 0.5, ""cat_depth"": 4, ""cat_iterations"": 500, ""cat_l2_leaf_reg"": 5, ""cat_learning_rate"": 0.05, ""xgb_colsample_bytree"": 1.0, ""xgb_learning_rate"": 0.03, ""xgb_max_depth"": 5, ""xgb_n_estimators"": 500, ""xgb_subsample"": 1.0}",0.5,4,500,5,0.05,1.0,0.03,5,500,1.0,0.9945165327616394,0.005755692154035282,0.007273142301222252,1.326093797820734,0.4215710768264315,0.03148427239631863,0.03752240717453507,5.42617528026949,0.6982160818001963,0.02408028035998545,0.03011293116506988,4.414628748612741
696,CATBOOST_XGBOOST,"{""alpha"": 0.5, ""cat_depth"": 6, ""cat_iterations"": 500, ""cat_l2_leaf_reg"": 3, ""cat_learning_rate"": 0.05, ""xgb_colsample_bytree"": 0.8, ""xgb_learning_rate"": 0.03, ""xgb_max_depth"": 3, ""xgb_n_estimators"": 500, ""xgb_subsample"": 1.0}",0.5,6,500,3,0.05,0.8,0.03,3,500,1.0,0.9924926686954891,0.006726451390975952,0.008510150670486267,1.553367376046908,0.4215195801077305,0.03217275878225685,0.03752407742109838,5.624613826046839,0.7073327591010191,0.0239197042248347,0.02965459803584911,4.40091732321816
697,CATBOOST_XGBOOST,"{""alpha"": 0.3, ""cat_depth"": 4, ""cat_iterations"": 500, ""cat_l2_leaf_reg"": 5, ""cat_learning_rate"": 0.03, ""xgb_colsample_bytree"": 1.0, ""xgb_learning_rate"": 0.03, ""xgb_max_depth"": 5, ""xgb_n_estimators"": 500, ""xgb_subsample"": 0.8}",0.3,4,500,5,0.03,1.0,0.03,5,500,0.8,0.9955661336031751,0.005215101310851499,0.006540120641204163,1.207690995506726,0.4214423471337264,0.03162682302524873,0.03752658225900778,5.45342571763372,0.7042220228370224,0.02425305029161469,0.02981177962573785,4.46299661482947
698,CATBOOST_XGBOOST,"{""alpha"": 0.5, ""cat_depth"": 6, ""cat_iterations"": 300, ""cat_l2_leaf_reg"": 3, ""cat_learning_rate"": 0.05, ""xgb_colsample_bytree"": 0.8, ""xgb_learning_rate"": 0.05, ""xgb_max_depth"": 3, ""xgb_n_estimators"": 500, ""xgb_subsample"": 1.0}",0.5,6,300,3,0.05,0.8,0.05,3,500,1.0,0.9920744157796915,0.006928941138478185,0.008743999032321594,1.587854575701388,0.421353885554188,0.03201462157890455,0.03752945106027621,5.595409670118454,0.7021594589562894,0.02393869876817012,0.02991554305839238,4.400664311792012
699,CATBOOST_XGBOOST,"{""alpha"": 0.5, ""cat_depth"": 6, ""cat_iterations"": 300, ""cat_l2_leaf_reg"": 5, ""cat_learning_rate"": 0.03, ""xgb_colsample_bytree"": 1.0, ""xgb_learning_rate"": 0.03, ""xgb_max_depth"": 3, ""xgb_n_estimators"": 300, ""xgb_subsample"": 0.8}",0.5,6,300,5,0.03,1.0,0.03,3,300,0.8,0.9740811019908743,0.01257585294634226,0.01581257959432174,2.917569966503319,0.4210008452607755,0.03216508599853787,0.0375408979427368,5.594576658113954,0.7055977567706946,0.02404394868674418,0.02974236796959887,4.41828058847362
700,CATBOOST_XGBOOST,"{""alpha"": 0.3, ""cat_depth"": 4, ""cat_iterations"": 300, ""cat_l2_leaf_reg"": 5, ""cat_learning_rate"": 0.03, ""xgb_colsample_bytree"": 0.8, ""xgb_learning_rate"": 0.05, ""xgb_max_depth"": 5, ""xgb_n_estimators"": 300, ""xgb_subsample"": 0.8}",0.3,4,300,5,0.03,0.8,0.05,5,300,0.8,0.993376473539154,0.006390358901068877,0.007993538960409675,1.491329761559835,0.4208415269661718,0.03201975451999364,0.03754606249299029,5.531680350728212,0.7183978816312896,0.0233418456449375,0.0290886083073714,4.289335980570038
701,CATBOOST_XGBOOST,"{""alpha"": 0.5, ""cat_depth"": 6, ""cat_iterations"": 300, ""cat_l2_leaf_reg"": 5, ""cat_learning_rate"": 0.03, ""xgb_colsample_bytree"": 1.0, ""xgb_learning_rate"": 0.05, ""xgb_max_depth"": 5, ""xgb_n_estimators"": 500, ""xgb_subsample"": 0.8}",0.5,6,300,5,0.03,1.0,0.05,5,500,0.8,0.9911723596749222,0.007329593166371736,0.009228195216447759,1.696780021177172,0.4207910621476451,0.03215412545272154,0.03754769824041122,5.577513061449284,0.7224330527752428,0.02353111957836858,0.02887944610563438,4.33221088660047
702,CATBOOST_XGBOOST,"{""alpha"": 0.5, ""cat_depth"": 6, ""cat_iterations"": 300, ""cat_l2_leaf_reg"": 3, ""cat_learning_rate"": 0.03, ""xgb_colsample_bytree"": 0.8, ""xgb_learning_rate"": 0.03, ""xgb_max_depth"": 5, ""xgb_n_estimators"": 300, ""xgb_subsample"": 0.8}",0.5,6,300,3,0.03,0.8,0.03,5,300,0.8,0.9881104149591238,0.00846855979913538,0.01070971236564975,1.9532123228192,0.4206942812403075,0.03244370758224498,0.03755083506054715,5.628065397473291,0.7353404394257103,0.02310407809024082,0.02819997858366309,4.251344632309828
703,CATBOOST_XGBOOST,"{""alpha"": 0.5, ""cat_depth"": 6, ""cat_iterations"": 300, ""cat_l2_leaf_reg"": 3, ""cat_learning_rate"": 0.05, ""xgb_colsample_bytree"": 1.0, ""xgb_learning_rate"": 0.03, ""xgb_max_depth"": 3, ""xgb_n_estimators"": 300, ""xgb_subsample"": 1.0}",0.5,6,300,3,0.05,1.0,0.03,3,300,1.0,0.9835165971041628,0.009993212877221656,0.01261008155118945,2.314906682661909,0.4206399547565248,0.03216249220826495,0.03755259575178575,5.612313004464459,0.7116656952374627,0.02400460343112893,0.02943426143230432,4.411776308348629
704,CATBOOST_XGBOOST,"{""alpha"": 0.5, ""cat_depth"": 4, ""cat_iterations"": 500, ""cat_l2_leaf_reg"": 5, ""cat_learning_rate"": 0.05, ""xgb_colsample_bytree"": 1.0, ""xgb_learning_rate"": 0.05, ""xgb_max_depth"": 5, ""xgb_n_estimators"": 500, ""xgb_subsample"": 1.0}",0.5,4,500,5,0.05,1.0,0.05,5,500,1.0,0.9956129460386812,0.005181967948215667,0.006505503972192279,1.192781036596864,0.4206293897083748,0.03173967037865526,0.03755293814955447,5.470816538373,0.7002634021574753,0.02397720245867848,0.03001061336387276,4.393490659177224
705,CATBOOST_XGBOOST,"{""alpha"": 0.3, ""cat_depth"": 6, ""cat_iterations"": 300, ""cat_l2_leaf_reg"": 3, ""cat_learning_rate"": 0.03, ""xgb_colsample_bytree"": 1.0, ""xgb_learning_rate"": 0.05, ""xgb_max_depth"": 3, ""xgb_n_estimators"": 300, ""xgb_subsample"": 1.0}",0.3,6,300,3,0.03,1.0,0.05,3,300,1.0,0.9843187719442118,0.009689810458172837,0.0122994160818095,2.24874622365115,0.4204043636163739,0.03199514388767186,0.03756023017507018,5.575405848729621,0.7130088137346529,0.02357761418063891,0.0293656260898759,4.348181692459977
706,CATBOOST_XGBOOST,"{""alpha"": 0.5, ""cat_depth"": 6, ""cat_iterations"": 300, ""cat_l2_leaf_reg"": 5, ""cat_learning_rate"": 0.03, ""xgb_colsample_bytree"": 1.0, ""xgb_learning_rate"": 0.03, ""xgb_max_depth"": 5, ""xgb_n_estimators"": 300, ""xgb_subsample"": 0.8}",0.5,6,300,5,0.03,1.0,0.03,5,300,0.8,0.9869967981338532,0.008884646688534165,0.01120004095088683,2.051768687247141,0.4203554575386923,0.03209703781331374,0.03756181480120542,5.556289032854488,0.7207102453079319,0.02364330903365988,0.02896893219446723,4.360979720472901
707,CATBOOST_XGBOOST,"{""alpha"": 0.5, ""cat_depth"": 6, ""cat_iterations"": 300, ""cat_l2_leaf_reg"": 3, ""cat_learning_rate"": 0.03, ""xgb_colsample_bytree"": 1.0, ""xgb_learning_rate"": 0.05, ""xgb_max_depth"": 3, ""xgb_n_estimators"": 300, ""xgb_subsample"": 0.8}",0.5,6,300,3,0.03,1.0,0.05,3,300,0.8,0.981985198361503,0.01044987782057833,0.01318284665884542,2.417987883152341,0.4201319240922742,0.03234804558320928,0.03756905675034004,5.633917732187662,0.7080923979110012,0.02375583639273438,0.02961608771271745,4.376538406322657
708,CATBOOST_XGBOOST,"{""alpha"": 0.3, ""cat_depth"": 4, ""cat_iterations"": 300, ""cat_l2_leaf_reg"": 5, ""cat_learning_rate"": 0.05, ""xgb_colsample_bytree"": 0.8, ""xgb_learning_rate"": 0.05, ""xgb_max_depth"": 5, ""xgb_n_estimators"": 500, ""xgb_subsample"": 0.8}",0.3,4,300,5,0.05,0.8,0.05,5,500,0.8,0.9969272459282792,0.004344756124257436,0.005444504481714001,1.010666180160387,0.4200769169600627,0.03202084341452359,0.03757083863586758,5.546152117377842,0.7179439726160027,0.02331438911196828,0.0291120425508061,4.276694374632709
709,CATBOOST_XGBOOST,"{""alpha"": 0.3, ""cat_depth"": 4, ""cat_iterations"": 500, ""cat_l2_leaf_reg"": 5, ""cat_learning_rate"": 0.05, ""xgb_colsample_bytree"": 0.8, ""xgb_learning_rate"": 0.03, ""xgb_max_depth"": 3, ""xgb_n_estimators"": 300, ""xgb_subsample"": 0.8}",0.3,4,500,5,0.05,0.8,0.03,3,300,0.8,0.9809002196646109,0.01074053280674203,0.01357402499229684,2.493532977623598,0.4199728028282664,0.03205780039932554,0.03757421104835624,5.567605417541321,0.6854931420972215,0.02456359293924801,0.0307411453846611,4.502900692481459
710,CATBOOST_XGBOOST,"{""alpha"": 0.3, ""cat_depth"": 4, ""cat_iterations"": 300, ""cat_l2_leaf_reg"": 3, ""cat_learning_rate"": 0.05, ""xgb_colsample_bytree"": 0.8, ""xgb_learning_rate"": 0.03, ""xgb_max_depth"": 3, ""xgb_n_estimators"": 300, ""xgb_subsample"": 0.8}",0.3,4,300,3,0.05,0.8,0.03,3,300,0.8,0.9775431223125187,0.01171150377071381,0.01471868954538437,2.720521441695168,0.419952170509878,0.0322445725525946,0.03757487932408136,5.596631081837644,0.6850957478256454,0.02460631751564073,0.03076056069822475,4.511717759482069
711,CATBOOST_XGBOOST,"{""alpha"": 0.5, ""cat_depth"": 4, ""cat_iterations"": 300, ""cat_l2_leaf_reg"": 3, ""cat_learning_rate"": 0.03, ""xgb_colsample_bytree"": 1.0, ""xgb_learning_rate"": 0.05, ""xgb_max_depth"": 5, ""xgb_n_estimators"": 300, ""xgb_subsample"": 1.0}",0.5,4,300,3,0.03,1.0,0.05,5,300,1.0,0.9861473918134179,0.00924385192717564,0.01156006386832167,2.15489600370867,0.4198900647567368,0.03211582575864776,0.03757689084244176,5.533204251230781,0.7056609520538013,0.02362605719579331,0.02973917560560722,4.339979734999722
712,CATBOOST_XGBOOST,"{""alpha"": 0.5, ""cat_depth"": 6, ""cat_iterations"": 300, ""cat_l2_leaf_reg"": 5, ""cat_learning_rate"": 0.03, ""xgb_colsample_bytree"": 0.8, ""xgb_learning_rate"": 0.03, ""xgb_max_depth"": 5, ""xgb_n_estimators"": 500, ""xgb_subsample"": 1.0}",0.5,6,300,5,0.03,0.8,0.03,5,500,1.0,0.9893461348834558,0.008050481618295788,0.01013790121921598,1.86114474119254,0.4197557223399409,0.03200465445937285,0.03758124163682881,5.534232344511136,0.7292771705247487,0.02324891469604827,0.02852117577454423,4.278200705329802
713,CATBOOST_XGBOOST,"{""alpha"": 0.7, ""cat_depth"": 6, ""cat_iterations"": 300, ""cat_l2_leaf_reg"": 3, ""cat_learning_rate"": 0.05, ""xgb_colsample_bytree"": 0.8, ""xgb_learning_rate"": 0.03, ""xgb_max_depth"": 3, ""xgb_n_estimators"": 500, ""xgb_subsample"": 1.0}",0.7,6,300,3,0.05,0.8,0.03,3,500,1.0,0.9880313976959377,0.00857659164011013,0.01074524139290337,1.975306348890602,0.419707419301388,0.03237057166535193,0.03758280584905477,5.655637047913461,0.6988841717488566,0.02432025033287124,0.03007958065802826,4.470183141318371
714,CATBOOST_XGBOOST,"{""alpha"": 0.5, ""cat_depth"": 6, ""cat_iterations"": 300, ""cat_l2_leaf_reg"": 3, ""cat_learning_rate"": 0.03, ""xgb_colsample_bytree"": 1.0, ""xgb_learning_rate"": 0.05, ""xgb_max_depth"": 3, ""xgb_n_estimators"": 300, ""xgb_subsample"": 1.0}",0.5,6,300,3,0.03,1.0,0.05,3,300,1.0,0.9814728092117133,0.01060783425046007,0.01336900990696625,2.460063797889947,0.4196635937520701,0.0322474324621458,0.03758422500903449,5.614396049469959,0.7155187199748272,0.02364251414572422,0.02923693428932298,4.355715408301116
715,CATBOOST_XGBOOST,"{""alpha"": 0.3, ""cat_depth"": 6, ""cat_iterations"": 300, ""cat_l2_leaf_reg"": 5, ""cat_learning_rate"": 0.03, ""xgb_colsample_bytree"": 0.8, ""xgb_learning_rate"": 0.03, ""xgb_max_depth"": 5, ""xgb_n_estimators"": 500, ""xgb_subsample"": 0.8}",0.3,6,300,5,0.03,0.8,0.03,5,500,0.8,0.9950529973107448,0.005448753166559267,0.006908210006412015,1.257739990972367,0.4196613190573272,0.03265513608424774,0.03758429866679087,5.667506357069993,0.7446169558347009,0.02273360407338094,0.02770135511263141,4.185640037891535
716,CATBOOST_XGBOOST,"{""alpha"": 0.3, ""cat_depth"": 4, ""cat_iterations"": 300, ""cat_l2_leaf_reg"": 5, ""cat_learning_rate"": 0.03, ""xgb_colsample_bytree"": 0.8, ""xgb_learning_rate"": 0.05, ""xgb_max_depth"": 5, ""xgb_n_estimators"": 500, ""xgb_subsample"": 0.8}",0.3,4,300,5,0.03,0.8,0.05,5,500,0.8,0.9950128207844463,0.00555010572838473,0.006936205406520352,1.29974434457757,0.4196314035859028,0.03210760119137494,0.03758526735762646,5.549616965148592,0.7200837091438529,0.02331564469980395,0.02900140727749842,4.283821127309953
717,CATBOOST_XGBOOST,"{""alpha"": 0.3, ""cat_depth"": 6, ""cat_iterations"": 500, ""cat_l2_leaf_reg"": 3, ""cat_learning_rate"": 0.05, ""xgb_colsample_bytree"": 1.0, ""xgb_learning_rate"": 0.03, ""xgb_max_depth"": 3, ""xgb_n_estimators"": 300, ""xgb_subsample"": 1.0}",0.3,6,500,3,0.05,1.0,0.03,3,300,1.0,0.9847469759062559,0.00958062565313979,0.01213032498784068,2.228751681547869,0.4195684832395842,0.03204471327691534,0.03758730469558717,5.593252284377366,0.7151516600250845,0.02383932169101924,0.02925579009617912,4.390986471188397
718,CATBOOST_XGBOOST,"{""alpha"": 0.5, ""cat_depth"": 6, ""cat_iterations"": 500, ""cat_l2_leaf_reg"": 5, ""cat_learning_rate"": 0.05, ""xgb_colsample_bytree"": 0.8, ""xgb_learning_rate"": 0.03, ""xgb_max_depth"": 3, ""xgb_n_estimators"": 500, ""xgb_subsample"": 1.0}",0.5,6,500,5,0.05,0.8,0.03,3,500,1.0,0.9907014176304522,0.007458720002917221,0.009471152500362411,1.720939875137909,0.4195567525750892,0.03229806790159693,0.03758768451802974,5.643875194583807,0.7123428630925208,0.02343917660596011,0.02939967718078637,4.307679052730632
719,CATBOOST_XGBOOST,"{""alpha"": 0.3, ""cat_depth"": 4, ""cat_iterations"": 300, ""cat_l2_leaf_reg"": 5, ""cat_learning_rate"": 0.05, ""xgb_colsample_bytree"": 1.0, ""xgb_learning_rate"": 0.03, ""xgb_max_depth"": 5, ""xgb_n_estimators"": 500, ""xgb_subsample"": 0.8}",0.3,4,300,5,0.05,1.0,0.03,5,500,0.8,0.9957912151561019,0.005052044564589351,0.006371956769305035,1.170596660158567,0.4194062735234254,0.03165908495570372,0.03759255647804081,5.457139973255416,0.7043331153457126,0.02422700264656385,0.02980618053337687,4.454487465400421
720,CATBOOST_XGBOOST,"{""alpha"": 0.3, ""cat_depth"": 4, ""cat_iterations"": 500, ""cat_l2_leaf_reg"": 5, ""cat_learning_rate"": 0.03, ""xgb_colsample_bytree"": 1.0, ""xgb_learning_rate"": 0.05, ""xgb_max_depth"": 5, ""xgb_n_estimators"": 500, ""xgb_subsample"": 0.8}",0.3,4,500,5,0.03,1.0,0.05,5,500,0.8,0.9967511727972477,0.004478757138743071,0.005598320587196165,1.039499282697001,0.419392395032159,0.03157775281828919,0.03759300578090542,5.453289436583289,0.7074931709738704,0.02413150407630002,0.02964647003081756,4.430403547244578
721,CATBOOST_XGBOOST,"{""alpha"": 0.7, ""cat_depth"": 6, ""cat_iterations"": 500, ""cat_l2_leaf_reg"": 5, ""cat_learning_rate"": 0.03, ""xgb_colsample_bytree"": 1.0, ""xgb_learning_rate"": 0.03, ""xgb_max_depth"": 5, ""xgb_n_estimators"": 500, ""xgb_subsample"": 1.0}",0.7,6,500,5,0.03,1.0,0.03,5,500,1.0,0.9908315925012823,0.007410240418501978,0.009404623460187202,1.705831819959944,0.4191448001232354,0.03231427014475639,0.03760102052671953,5.614726625079807,0.7193258382055787,0.0231830166683759,0.02904064126880375,4.264971998855391
722,CATBOOST_XGBOOST,"{""alpha"": 0.5, ""cat_depth"": 6, ""cat_iterations"": 300, ""cat_l2_leaf_reg"": 5, ""cat_learning_rate"": 0.03, ""xgb_colsample_bytree"": 1.0, ""xgb_learning_rate"": 0.05, ""xgb_max_depth"": 5, ""xgb_n_estimators"": 300, ""xgb_subsample"": 0.8}",0.5,6,300,5,0.03,1.0,0.05,5,300,0.8,0.98977633805557,0.007871191376170431,0.009931107856503092,1.8205162253088,0.4191384489517933,0.03213088339755248,0.03760122609419575,5.571720047849728,0.7208998691358632,0.02359600900808652,0.02895909629386508,4.342715501555118
723,CATBOOST_XGBOOST,"{""alpha"": 0.5, ""cat_depth"": 6, ""cat_iterations"": 300, ""cat_l2_leaf_reg"": 5, ""cat_learning_rate"": 0.05, ""xgb_colsample_bytree"": 0.8, ""xgb_learning_rate"": 0.05, ""xgb_max_depth"": 3, ""xgb_n_estimators"": 500, ""xgb_subsample"": 1.0}",0.5,6,300,5,0.05,0.8,0.05,3,500,1.0,0.9904348206917144,0.007585495677648277,0.009605965357173278,1.744596074402734,0.4191017966265986,0.0319717347456917,0.03760241239291364,5.586113647892068,0.7050750129174965,0.02364161875585636,0.02976876169599453,4.344374057650495
724,CATBOOST_XGBOOST,"{""alpha"": 0.5, ""cat_depth"": 6, ""cat_iterations"": 300, ""cat_l2_leaf_reg"": 5, ""cat_learning_rate"": 0.05, ""xgb_colsample_bytree"": 1.0, ""xgb_learning_rate"": 0.03, ""xgb_max_depth"": 3, ""xgb_n_estimators"": 300, ""xgb_subsample"": 1.0}",0.5,6,300,5,0.05,1.0,0.03,3,300,1.0,0.9809941815782334,0.01068464258061886,0.01354059492518772,2.481807263961244,0.419054391670254,0.03206137195982936,0.03760394665859258,5.595628292724133,0.7141792924509573,0.02371536706745335,0.02930568181359066,4.357941748438988
725,CATBOOST_XGBOOST,"{""alpha"": 0.5, ""cat_depth"": 4, ""cat_iterations"": 300, ""cat_l2_leaf_reg"": 3, ""cat_learning_rate"": 0.05, ""xgb_colsample_bytree"": 1.0, ""xgb_learning_rate"": 0.03, ""xgb_max_depth"": 5, ""xgb_n_estimators"": 500, ""xgb_subsample"": 1.0}",0.5,4,300,3,0.05,1.0,0.03,5,500,1.0,0.9914147002007042,0.007323036790879812,0.009100645361679172,1.692348698594998,0.4189150038398038,0.03181989809208696,0.0376084575956751,5.480987218425675,0.6976390452268388,0.02395984193926331,0.03014170666183042,4.394652841728005
726,CATBOOST_XGBOOST,"{""alpha"": 0.5, ""cat_depth"": 6, ""cat_iterations"": 500, ""cat_l2_leaf_reg"": 3, ""cat_learning_rate"": 0.05, ""xgb_colsample_bytree"": 0.8, ""xgb_learning_rate"": 0.03, ""xgb_max_depth"": 3, ""xgb_n_estimators"": 300, ""xgb_subsample"": 1.0}",0.5,6,500,3,0.05,0.8,0.03,3,300,1.0,0.9889813874628796,0.008183742491461367,0.01030998216569376,1.893683395820341,0.4186235536389131,0.03230469966957734,0.03761788790151149,5.636424127125751,0.7070663556882296,0.02410681790785948,0.02966809166966199,4.428636442952773
727,CATBOOST_XGBOOST,"{""alpha"": 0.7, ""cat_depth"": 6, ""cat_iterations"": 500, ""cat_l2_leaf_reg"": 5, ""cat_learning_rate"": 0.03, ""xgb_colsample_bytree"": 1.0, ""xgb_learning_rate"": 0.05, ""xgb_max_depth"": 5, ""xgb_n_estimators"": 500, ""xgb_subsample"": 1.0}",0.7,6,500,5,0.03,1.0,0.05,5,500,1.0,0.991682813248773,0.007077374619651297,0.008957414774781248,1.627883687718934,0.4186101735906448,0.03245149710126233,0.03761832077616878,5.637719887462289,0.7206817636955827,0.02312885643110137,0.0289704092641573,4.254037301311686
728,CATBOOST_XGBOOST,"{""alpha"": 0.5, ""cat_depth"": 4, ""cat_iterations"": 300, ""cat_l2_leaf_reg"": 3, ""cat_learning_rate"": 0.03, ""xgb_colsample_bytree"": 1.0, ""xgb_learning_rate"": 0.03, ""xgb_max_depth"": 5, ""xgb_n_estimators"": 300, ""xgb_subsample"": 1.0}",0.5,4,300,3,0.03,1.0,0.03,5,300,1.0,0.9833486393419963,0.01011805178955505,0.01267416398489058,2.35871992083406,0.4185458312150702,0.0320397084641978,0.03762040232717793,5.521947100078404,0.7021596126063414,0.0239062956105986,0.02991553534197251,4.394247553849434
729,CATBOOST_XGBOOST,"{""alpha"": 0.3, ""cat_depth"": 6, ""cat_iterations"": 500, ""cat_l2_leaf_reg"": 5, ""cat_learning_rate"": 0.05, ""xgb_colsample_bytree"": 1.0, ""xgb_learning_rate"": 0.03, ""xgb_max_depth"": 3, ""xgb_n_estimators"": 300, ""xgb_subsample"": 1.0}",0.3,6,500,5,0.05,1.0,0.03,3,300,1.0,0.9832772467884103,0.01000768228060994,0.01270130510414678,2.326975144797873,0.4185452679219075,0.0320872114941091,0.03762042054986119,5.600379779591901,0.7186280734463311,0.02360749117435323,0.02907671683346862,4.345875945839015
730,CATBOOST_XGBOOST,"{""alpha"": 0.5, ""cat_depth"": 4, ""cat_iterations"": 500, ""cat_l2_leaf_reg"": 3, ""cat_learning_rate"": 0.05, ""xgb_colsample_bytree"": 0.8, ""xgb_learning_rate"": 0.05, ""xgb_max_depth"": 5, ""xgb_n_estimators"": 300, ""xgb_subsample"": 0.8}",0.5,4,500,3,0.05,0.8,0.05,5,300,0.8,0.9955345696540597,0.005302813333573266,0.006563358367586803,1.216436886023375,0.4183905545191999,0.03224884775767843,0.03762542523537947,5.587778201837542,0.6982903461030299,0.02369902570560981,0.03010922577637636,4.329569110885638
731,CATBOOST_XGBOOST,"{""alpha"": 0.7, ""cat_depth"": 6, ""cat_iterations"": 500, ""cat_l2_leaf_reg"": 3, ""cat_learning_rate"": 0.03, ""xgb_colsample_bytree"": 1.0, ""xgb_learning_rate"": 0.03, ""xgb_max_depth"": 3, ""xgb_n_estimators"": 500, ""xgb_subsample"": 1.0}",0.7,6,500,3,0.03,1.0,0.03,3,500,1.0,0.9887582358457858,0.008206367600080432,0.01041385899855022,1.888223857419696,0.4183623942979176,0.03225119411091159,0.03762633609358843,5.624693825884965,0.7142391305053684,0.02346254053011849,0.02930261400442347,4.322582293947091
732,CATBOOST_XGBOOST,"{""alpha"": 0.5, ""cat_depth"": 4, ""cat_iterations"": 500, ""cat_l2_leaf_reg"": 3, ""cat_learning_rate"": 0.05, ""xgb_colsample_bytree"": 1.0, ""xgb_learning_rate"": 0.03, ""xgb_max_depth"": 3, ""xgb_n_estimators"": 500, ""xgb_subsample"": 0.8}",0.5,4,500,3,0.05,1.0,0.03,3,500,0.8,0.9889185306335034,0.008281657884157934,0.01033934753239586,1.909950084435083,0.4181877083675057,0.0318286042483243,0.03763198591577056,5.527152948508256,0.6695194406126153,0.02457653362101353,0.03151214335466106,4.488877688841086
733,CATBOOST_XGBOOST,"{""alpha"": 0.3, ""cat_depth"": 4, ""cat_iterations"": 500, ""cat_l2_leaf_reg"": 5, ""cat_learning_rate"": 0.03, ""xgb_colsample_bytree"": 1.0, ""xgb_learning_rate"": 0.03, ""xgb_max_depth"": 5, ""xgb_n_estimators"": 300, ""xgb_subsample"": 0.8}",0.3,4,500,5,0.03,1.0,0.03,5,300,0.8,0.9925781592085237,0.0067006804637666,0.008461556821277635,1.546610389560791,0.4181483177374971,0.03170775403321154,0.0376332597996038,5.466922097126817,0.7036282336020434,0.0242351294822073,0.02984168894914684,4.461111627871515
734,CATBOOST_XGBOOST,"{""alpha"": 0.3, ""cat_depth"": 4, ""cat_iterations"": 300, ""cat_l2_leaf_reg"": 5, ""cat_learning_rate"": 0.05, ""xgb_colsample_bytree"": 1.0, ""xgb_learning_rate"": 0.03, ""xgb_max_depth"": 3, ""xgb_n_estimators"": 300, ""xgb_subsample"": 0.8}",0.3,4,300,5,0.05,1.0,0.03,3,300,0.8,0.9774447961617098,0.01169426656834378,0.01475087682028081,2.719935221514336,0.4180289661092967,0.03189277135951815,0.03763711934032445,5.534325231684796,0.6859311305196112,0.02452617904661199,0.03071973256591307,4.490808704957765
735,CATBOOST_XGBOOST,"{""alpha"": 0.5, ""cat_depth"": 4, ""cat_iterations"": 500, ""cat_l2_leaf_reg"": 5, ""cat_learning_rate"": 0.05, ""xgb_colsample_bytree"": 1.0, ""xgb_learning_rate"": 0.05, ""xgb_max_depth"": 5, ""xgb_n_estimators"": 300, ""xgb_subsample"": 1.0}",0.5,4,500,5,0.05,1.0,0.05,5,300,1.0,0.9944626147330913,0.005782429774743764,0.007308812634658408,1.331457812257603,0.4179072448137559,0.03173097795451175,0.03764105510270714,5.467540005782135,0.6993558126506734,0.0240204400498975,0.03005601444398476,4.401758274361807
736,CATBOOST_XGBOOST,"{""alpha"": 0.5, ""cat_depth"": 6, ""cat_iterations"": 300, ""cat_l2_leaf_reg"": 5, ""cat_learning_rate"": 0.03, ""xgb_colsample_bytree"": 0.8, ""xgb_learning_rate"": 0.03, ""xgb_max_depth"": 5, ""xgb_n_estimators"": 300, ""xgb_subsample"": 1.0}",0.5,6,300,5,0.03,0.8,0.03,5,300,1.0,0.9869680951687115,0.008881216220319364,0.01121239549171708,2.054463771467316,0.4176737446517879,0.03215295081557402,0.03764860399516405,5.55979738326547,0.7297496964400711,0.02327804181958359,0.0284962741424621,4.284235636321945
737,CATBOOST_XGBOOST,"{""alpha"": 0.3, ""cat_depth"": 4, ""cat_iterations"": 500, ""cat_l2_leaf_reg"": 5, ""cat_learning_rate"": 0.03, ""xgb_colsample_bytree"": 1.0, ""xgb_learning_rate"": 0.03, ""xgb_max_depth"": 3, ""xgb_n_estimators"": 300, ""xgb_subsample"": 0.8}",0.3,4,500,5,0.03,1.0,0.03,3,300,0.8,0.976828005037824,0.01189977979295344,0.01495120412796965,2.766859730787573,0.4176226752480867,0.03188048042962879,0.0376502548305728,5.533064354778469,0.6852379359116872,0.02454632076453426,0.03075361528695423,4.498249753845085
738,CATBOOST_XGBOOST,"{""alpha"": 0.5, ""cat_depth"": 4, ""cat_iterations"": 300, ""cat_l2_leaf_reg"": 3, ""cat_learning_rate"": 0.05, ""xgb_colsample_bytree"": 1.0, ""xgb_learning_rate"": 0.05, ""xgb_max_depth"": 5, ""xgb_n_estimators"": 500, ""xgb_subsample"": 1.0}",0.5,4,300,3,0.05,1.0,0.05,5,500,1.0,0.9927531022320447,0.006759282152784343,0.008361236843723835,1.561021494070068,0.4175969405986644,0.03209634683796831,0.03765108668422158,5.529062162876939,0.6991443202382759,0.02387624244350478,0.03006658425000274,4.377273396504329
739,CATBOOST_XGBOOST,"{""alpha"": 0.7, ""cat_depth"": 6, ""cat_iterations"": 300, ""cat_l2_leaf_reg"": 3, ""cat_learning_rate"": 0.03, ""xgb_colsample_bytree"": 0.8, ""xgb_learning_rate"": 0.05, ""xgb_max_depth"": 3, ""xgb_n_estimators"": 300, ""xgb_subsample"": 0.8}",0.7,6,300,3,0.03,0.8,0.05,3,300,0.8,0.9781492753468652,0.01155371541587754,0.01451868826304923,2.67240702334635,0.4175868456526738,0.0325332140401573,0.03765141299092053,5.666333233925196,0.7051348668106161,0.02396834678174704,0.02976574081480569,4.409384080348038
740,CATBOOST_XGBOOST,"{""alpha"": 0.5, ""cat_depth"": 4, ""cat_iterations"": 500, ""cat_l2_leaf_reg"": 3, ""cat_learning_rate"": 0.05, ""xgb_colsample_bytree"": 0.8, ""xgb_learning_rate"": 0.05, ""xgb_max_depth"": 5, ""xgb_n_estimators"": 500, ""xgb_subsample"": 0.8}",0.5,4,500,3,0.05,0.8,0.05,5,500,0.8,0.9965915199803019,0.004654988223320066,0.005734226381906886,1.068857506523995,0.4172820324086881,0.03230772475229431,0.03766126437222039,5.599958676855409,0.6992879024893977,0.02368783685628371,0.03005940881118788,4.327586632774109
741,CATBOOST_XGBOOST,"{""alpha"": 0.7, ""cat_depth"": 6, ""cat_iterations"": 500, ""cat_l2_leaf_reg"": 5, ""cat_learning_rate"": 0.03, ""xgb_colsample_bytree"": 1.0, ""xgb_learning_rate"": 0.05, ""xgb_max_depth"": 5, ""xgb_n_estimators"": 300, ""xgb_subsample"": 1.0}",0.7,6,500,5,0.03,1.0,0.05,5,300,1.0,0.9907891263438368,0.007428777140313466,0.009426378428502413,1.709301373960111,0.4171994540170626,0.03244938762558816,0.03766393281273324,5.636280780823622,0.7200756229349914,0.02315774625765036,0.02900182617012912,4.259549291627157
742,CATBOOST_XGBOOST,"{""alpha"": 0.3, ""cat_depth"": 6, ""cat_iterations"": 500, ""cat_l2_leaf_reg"": 5, ""cat_learning_rate"": 0.03, ""xgb_colsample_bytree"": 0.8, ""xgb_learning_rate"": 0.03, ""xgb_max_depth"": 5, ""xgb_n_estimators"": 300, ""xgb_subsample"": 0.8}",0.3,6,500,5,0.03,0.8,0.03,5,300,0.8,0.9943559014397836,0.005706635481505988,0.007378902174412687,1.309089913658844,0.4171697194726732,0.03270587644583512,0.03766489360936047,5.679337351818316,0.7421746532207758,0.0227288819005633,0.02783349800746919,4.182981786158233
743,CATBOOST_XGBOOST,"{""alpha"": 0.3, ""cat_depth"": 4, ""cat_iterations"": 300, ""cat_l2_leaf_reg"": 5, ""cat_learning_rate"": 0.03, ""xgb_colsample_bytree"": 0.8, ""xgb_learning_rate"": 0.03, ""xgb_max_depth"": 3, ""xgb_n_estimators"": 500, ""xgb_subsample"": 0.8}",0.3,4,300,5,0.03,0.8,0.03,3,500,0.8,0.9810690778896731,0.01079384350657949,0.01351388884832722,2.511948144922819,0.4171246479915758,0.0321979071870237,0.03766634993359272,5.582737431817271,0.6859984298534954,0.02443629577504033,0.03071644104531965,4.481348333901648
744,CATBOOST_XGBOOST,"{""alpha"": 0.3, ""cat_depth"": 4, ""cat_iterations"": 500, ""cat_l2_leaf_reg"": 3, ""cat_learning_rate"": 0.05, ""xgb_colsample_bytree"": 0.8, ""xgb_learning_rate"": 0.03, ""xgb_max_depth"": 5, ""xgb_n_estimators"": 500, ""xgb_subsample"": 0.8}",0.3,4,500,3,0.05,0.8,0.03,5,500,0.8,0.9974777516208573,0.003912035765687799,0.004932741808345729,0.8974336637499575,0.4170905323475568,0.03251281352395101,0.03766745222156822,5.632067734996216,0.726489580610177,0.02315582469403429,0.0286676387189338,4.242488873237224
745,CATBOOST_XGBOOST,"{""alpha"": 0.3, ""cat_depth"": 4, ""cat_iterations"": 500, ""cat_l2_leaf_reg"": 5, ""cat_learning_rate"": 0.03, ""xgb_colsample_bytree"": 1.0, ""xgb_learning_rate"": 0.05, ""xgb_max_depth"": 5, ""xgb_n_estimators"": 300, ""xgb_subsample"": 0.8}",0.3,4,500,5,0.03,1.0,0.05,5,300,0.8,0.9954331746324391,0.005269220796500702,0.006637456083665941,1.219146442545624,0.4170587652471156,0.03155031833848346,0.03766847859830613,5.446187470109256,0.7055045901616827,0.02415509437697282,0.02974707373600966,4.432576190607121
746,CATBOOST_XGBOOST,"{""alpha"": 0.5, ""cat_depth"": 4, ""cat_iterations"": 500, ""cat_l2_leaf_reg"": 5, ""cat_learning_rate"": 0.05, ""xgb_colsample_bytree"": 1.0, ""xgb_learning_rate"": 0.03, ""xgb_max_depth"": 5, ""xgb_n_estimators"": 300, ""xgb_subsample"": 1.0}",0.5,4,500,5,0.05,1.0,0.03,5,300,1.0,0.9925904498793446,0.006651216906681533,0.008454547690810462,1.532928959323118,0.4170235386279941,0.03163010092795306,0.03766961671740254,5.450713496581437,0.6959318938720274,0.02422587306607978,0.03022667799687991,4.442058515239517
747,CATBOOST_XGBOOST,"{""alpha"": 0.3, ""cat_depth"": 4, ""cat_iterations"": 500, ""cat_l2_leaf_reg"": 5, ""cat_learning_rate"": 0.03, ""xgb_colsample_bytree"": 0.8, ""xgb_learning_rate"": 0.03, ""xgb_max_depth"": 5, ""xgb_n_estimators"": 500, ""xgb_subsample"": 1.0}",0.3,4,500,5,0.03,0.8,0.03,5,500,1.0,0.995005520180218,0.005505660451215607,0.006941280416840273,1.273261997380083,0.4168317984649851,0.03168607699297295,0.03767581095090559,5.459895527799272,0.7151581738053743,0.02363004908225464,0.02925545559031827,4.335717914140027
748,CATBOOST_XGBOOST,"{""alpha"": 0.5, ""cat_depth"": 6, ""cat_iterations"": 500, ""cat_l2_leaf_reg"": 3, ""cat_learning_rate"": 0.03, ""xgb_colsample_bytree"": 1.0, ""xgb_learning_rate"": 0.03, ""xgb_max_depth"": 3, ""xgb_n_estimators"": 500, ""xgb_subsample"": 1.0}",0.5,6,500,3,0.03,1.0,0.03,3,500,1.0,0.9887772269327697,0.00818721849169565,0.01040505904086267,1.886606706448562,0.4167109055012419,0.03213262402751896,0.03767971591726525,5.606414441432488,0.7189560645916335,0.02337783483607228,0.02905976473975471,4.308205359003147
749,CATBOOST_XGBOOST,"{""alpha"": 0.5, ""cat_depth"": 6, ""cat_iterations"": 500, ""cat_l2_leaf_reg"": 5, ""cat_learning_rate"": 0.05, ""xgb_colsample_bytree"": 0.8, ""xgb_learning_rate"": 0.03, ""xgb_max_depth"": 3, ""xgb_n_estimators"": 300, ""xgb_subsample"": 1.0}",0.5,6,500,5,0.05,0.8,0.03,3,300,1.0,0.9868004092072147,0.008911335831631277,0.01128430177769836,2.060773830210327,0.4166394312326851,0.03241653958366861,0.03768202441888418,5.654962989558344,0.711922457984514,0.02364138617281289,0.02942115285491703,4.33783169823608
750,CATBOOST_XGBOOST,"{""alpha"": 0.7, ""cat_depth"": 6, ""cat_iterations"": 300, ""cat_l2_leaf_reg"": 3, ""cat_learning_rate"": 0.05, ""xgb_colsample_bytree"": 0.8, ""xgb_learning_rate"": 0.03, ""xgb_max_depth"": 3, ""xgb_n_estimators"": 300, ""xgb_subsample"": 1.0}",0.7,6,300,3,0.05,0.8,0.03,3,300,1.0,0.9854851057179659,0.009439586280207761,0.01183317798149987,2.177219189234997,0.4166213036026595,0.03243286717142936,0.03768260988911246,5.658906215074031,0.6978642947098019,0.0244668907178262,0.03013047725426513,4.491734972016617
751,CATBOOST_XGBOOST,"{""alpha"": 0.3, ""cat_depth"": 6, ""cat_iterations"": 300, ""cat_l2_leaf_reg"": 3, ""cat_learning_rate"": 0.05, ""xgb_colsample_bytree"": 1.0, ""xgb_learning_rate"": 0.03, ""xgb_max_depth"": 3, ""xgb_n_estimators"": 500, ""xgb_subsample"": 1.0}",0.3,6,300,3,0.05,1.0,0.03,3,500,1.0,0.9885117232811009,0.008291859863357539,0.01052741884524518,1.915113606548563,0.4166188475567849,0.03183445696740273,0.03768268921161919,5.56334559470737,0.71674776884402,0.02348531247602192,0.02917370953823645,4.32940879454419
752,CATBOOST_XGBOOST,"{""alpha"": 0.3, ""cat_depth"": 4, ""cat_iterations"": 300, ""cat_l2_leaf_reg"": 5, ""cat_learning_rate"": 0.03, ""xgb_colsample_bytree"": 1.0, ""xgb_learning_rate"": 0.03, ""xgb_max_depth"": 5, ""xgb_n_estimators"": 500, ""xgb_subsample"": 0.8}",0.3,4,300,5,0.03,1.0,0.03,5,500,0.8,0.993689864536566,0.006223380209806068,0.007802141088452967,1.452669044681548,0.4166050371886796,0.03196490800788736,0.03768313523968091,5.506816152997476,0.705810896419309,0.02414478791736019,0.02973159966570877,4.448586559785181
753,CATBOOST_XGBOOST,"{""alpha"": 0.7, ""cat_depth"": 6, ""cat_iterations"": 300, ""cat_l2_leaf_reg"": 5, ""cat_learning_rate"": 0.05, ""xgb_colsample_bytree"": 0.8, ""xgb_learning_rate"": 0.03, ""xgb_max_depth"": 3, ""xgb_n_estimators"": 500, ""xgb_subsample"": 1.0}",0.7,6,300,5,0.05,0.8,0.03,3,500,1.0,0.9850335346924846,0.009523277137942125,0.01201583842686731,2.200735110272527,0.4165013746923241,0.03221650182367176,0.03768648301829283,5.626327158529385,0.7012500051633503,0.02385348308267964,0.0299611816855483,4.381555860153441
754,CATBOOST_XGBOOST,"{""alpha"": 0.3, ""cat_depth"": 4, ""cat_iterations"": 300, ""cat_l2_leaf_reg"": 5, ""cat_learning_rate"": 0.05, ""xgb_colsample_bytree"": 0.8, ""xgb_learning_rate"": 0.03, ""xgb_max_depth"": 3, ""xgb_n_estimators"": 500, ""xgb_subsample"": 0.8}",0.3,4,300,5,0.05,0.8,0.03,3,500,0.8,0.9846688484501469,0.009666879643453447,0.01216135165370304,2.240392981472645,0.4164803351039865,0.03200899945546493,0.03768716245514729,5.559381102880878,0.6827840867412887,0.02462877298455086,0.0308732583981531,4.510958960067095
755,CATBOOST_XGBOOST,"{""alpha"": 0.3, ""cat_depth"": 4, ""cat_iterations"": 300, ""cat_l2_leaf_reg"": 5, ""cat_learning_rate"": 0.05, ""xgb_colsample_bytree"": 1.0, ""xgb_learning_rate"": 0.05, ""xgb_max_depth"": 5, ""xgb_n_estimators"": 500, ""xgb_subsample"": 0.8}",0.3,4,300,5,0.05,1.0,0.05,5,500,0.8,0.996943341343906,0.004322537920087856,0.005430226310098359,1.005071772694401,0.4164686952986679,0.03173947892336536,0.03768753833712076,5.483226753192133,0.7069020398521529,0.02412976112046142,0.02967641139316732,4.426377497455426
756,CATBOOST_XGBOOST,"{""alpha"": 0.3, ""cat_depth"": 6, ""cat_iterations"": 500, ""cat_l2_leaf_reg"": 5, ""cat_learning_rate"": 0.03, ""xgb_colsample_bytree"": 0.8, ""xgb_learning_rate"": 0.05, ""xgb_max_depth"": 3, ""xgb_n_estimators"": 300, ""xgb_subsample"": 0.8}",0.3,6,500,5,0.03,0.8,0.05,3,300,0.8,0.9873474055184478,0.00871049653525359,0.0110480149369157,2.011536224288709,0.4164520475065088,0.03234312765169953,0.03768807593452582,5.657817472184303,0.6974825229428542,0.02391124111188818,0.03014950733563566,4.404419638543564
757,CATBOOST_XGBOOST,"{""alpha"": 0.3, ""cat_depth"": 4, ""cat_iterations"": 500, ""cat_l2_leaf_reg"": 5, ""cat_learning_rate"": 0.03, ""xgb_colsample_bytree"": 0.8, ""xgb_learning_rate"": 0.03, ""xgb_max_depth"": 3, ""xgb_n_estimators"": 500, ""xgb_subsample"": 0.8}",0.3,4,500,5,0.03,0.8,0.03,3,500,0.8,0.9841874082405384,0.00983319174703136,0.01235082555104505,2.278020346052068,0.4163615042125518,0.03199670852557555,0.03769099966184473,5.558120225974552,0.682249555325569,0.02459741790450209,0.0308992592695055,4.505923884699745
758,CATBOOST_XGBOOST,"{""alpha"": 0.3, ""cat_depth"": 4, ""cat_iterations"": 300, ""cat_l2_leaf_reg"": 5, ""cat_learning_rate"": 0.05, ""xgb_colsample_bytree"": 1.0, ""xgb_learning_rate"": 0.03, ""xgb_max_depth"": 5, ""xgb_n_estimators"": 300, ""xgb_subsample"": 0.8}",0.3,4,300,5,0.05,1.0,0.03,5,300,0.8,0.992870030698011,0.006528585677069787,0.008293508387774347,1.506833799771244,0.416258137274982,0.03169221711508182,0.03769433719933517,5.461243518882402,0.7038681971763309,0.02420912664405997,0.02982960553021351,4.452610524835618
759,CATBOOST_XGBOOST,"{""alpha"": 0.7, ""cat_depth"": 6, ""cat_iterations"": 500, ""cat_l2_leaf_reg"": 5, ""cat_learning_rate"": 0.03, ""xgb_colsample_bytree"": 1.0, ""xgb_learning_rate"": 0.03, ""xgb_max_depth"": 5, ""xgb_n_estimators"": 300, ""xgb_subsample"": 1.0}",0.7,6,500,5,0.03,1.0,0.03,5,300,1.0,0.9894206578776346,0.007951331987614236,0.01010238206420852,1.83126078569568,0.4162347388726055,0.03238773863763349,0.03769509265177684,5.626970910975102,0.7175544018442879,0.02329443441312523,0.02913214013145995,4.285820363687931
760,CATBOOST_XGBOOST,"{""alpha"": 0.3, ""cat_depth"": 6, ""cat_iterations"": 300, ""cat_l2_leaf_reg"": 5, ""cat_learning_rate"": 0.03, ""xgb_colsample_bytree"": 0.8, ""xgb_learning_rate"": 0.05, ""xgb_max_depth"": 3, ""xgb_n_estimators"": 300, ""xgb_subsample"": 0.8}",0.3,6,300,5,0.03,0.8,0.05,3,300,0.8,0.9836406107988589,0.009963993056551343,0.01256255570640261,2.306120065285312,0.4161745356046341,0.03241813448781342,0.03769703633480211,5.665204626350845,0.7002810593855366,0.02386945831929658,0.03000972940099915,4.397988358994797
761,CATBOOST_XGBOOST,"{""alpha"": 0.3, ""cat_depth"": 4, ""cat_iterations"": 300, ""cat_l2_leaf_reg"": 5, ""cat_learning_rate"": 0.03, ""xgb_colsample_bytree"": 1.0, ""xgb_learning_rate"": 0.03, ""xgb_max_depth"": 3, ""xgb_n_estimators"": 300, ""xgb_subsample"": 0.8}",0.3,4,300,5,0.03,1.0,0.03,3,300,0.8,0.972749170453251,0.01291888469836217,0.01621378171492711,3.014917794764458,0.4161094873865813,0.03208167909107693,0.03769913632605854,5.557681560621189,0.6871840574172268,0.02461816353328243,0.03065839563202684,4.514473707377753
762,CATBOOST_XGBOOST,"{""alpha"": 0.5, ""cat_depth"": 6, ""cat_iterations"": 300, ""cat_l2_leaf_reg"": 5, ""cat_learning_rate"": 0.03, ""xgb_colsample_bytree"": 0.8, ""xgb_learning_rate"": 0.03, ""xgb_max_depth"": 3, ""xgb_n_estimators"": 300, ""xgb_subsample"": 0.8}",0.5,6,300,5,0.03,0.8,0.03,3,300,0.8,0.973506143850754,0.01271991282806247,0.01598700258540203,2.952676834050032,0.4160925052695464,0.0325300231270971,0.0376996845508339,5.658283271113955,0.7044426230428789,0.02418755117716929,0.02980066028636288,4.446591272218415
763,CATBOOST_XGBOOST,"{""alpha"": 0.3, ""cat_depth"": 6, ""cat_iterations"": 300, ""cat_l2_leaf_reg"": 5, ""cat_learning_rate"": 0.05, ""xgb_colsample_bytree"": 1.0, ""xgb_learning_rate"": 0.03, ""xgb_max_depth"": 3, ""xgb_n_estimators"": 500, ""xgb_subsample"": 1.0}",0.3,6,300,5,0.05,1.0,0.03,3,500,1.0,0.9873359612492091,0.00868918214436627,0.01105301027127821,2.010127992556114,0.4157653664448795,0.03178528384272639,0.03771024384632989,5.555176606644761,0.7191518126059522,0.02333801331133711,0.02904964286668004,4.302033148981033
764,CATBOOST_XGBOOST,"{""alpha"": 0.5, ""cat_depth"": 4, ""cat_iterations"": 500, ""cat_l2_leaf_reg"": 3, ""cat_learning_rate"": 0.05, ""xgb_colsample_bytree"": 1.0, ""xgb_learning_rate"": 0.03, ""xgb_max_depth"": 5, ""xgb_n_estimators"": 500, ""xgb_subsample"": 0.8}",0.5,4,500,3,0.05,1.0,0.03,5,500,0.8,0.9957310441098113,0.00516232087687183,0.006417343582806067,1.184308533086394,0.4157237064250467,0.03196478462175292,0.037711588324568,5.519340451259747,0.6893853410659492,0.02433020225353802,0.03055033372847856,4.450591501347184
765,CATBOOST_XGBOOST,"{""alpha"": 0.3, ""cat_depth"": 4, ""cat_iterations"": 300, ""cat_l2_leaf_reg"": 5, ""cat_learning_rate"": 0.03, ""xgb_colsample_bytree"": 1.0, ""xgb_learning_rate"": 0.05, ""xgb_max_depth"": 5, ""xgb_n_estimators"": 500, ""xgb_subsample"": 0.8}",0.3,4,300,5,0.03,1.0,0.05,5,500,0.8,0.9950342114087665,0.005528457383907561,0.006921314303375709,1.294050137534992,0.415659268464755,0.03177276409900689,0.03771366781235537,5.476805458995451,0.7094807405708035,0.02400493461002375,0.02954557518785419,4.41231952197038
766,CATBOOST_XGBOOST,"{""alpha"": 0.5, ""cat_depth"": 4, ""cat_iterations"": 500, ""cat_l2_leaf_reg"": 5, ""cat_learning_rate"": 0.03, ""xgb_colsample_bytree"": 0.8, ""xgb_learning_rate"": 0.05, ""xgb_max_depth"": 5, ""xgb_n_estimators"": 500, ""xgb_subsample"": 1.0}",0.5,4,500,5,0.03,0.8,0.05,5,500,1.0,0.9914761339145478,0.007274747240078097,0.00906802622126651,1.689095879036138,0.4151595519867021,0.03197152027325257,0.03772979035246611,5.507865785375345,0.6951971598753939,0.02427341668634915,0.03026317503120553,4.437447572851056
767,CATBOOST_XGBOOST,"{""alpha"": 0.3, ""cat_depth"": 4, ""cat_iterations"": 300, ""cat_l2_leaf_reg"": 5, ""cat_learning_rate"": 0.05, ""xgb_colsample_bytree"": 0.8, ""xgb_learning_rate"": 0.03, ""xgb_max_depth"": 5, ""xgb_n_estimators"": 500, ""xgb_subsample"": 1.0}",0.3,4,300,5,0.05,0.8,0.03,5,500,1.0,0.9952448349408758,0.005352366994223747,0.006772940439836885,1.239263281360335,0.4151040765757132,0.03162276169290455,0.03773157975160975,5.443624506056913,0.715382152961046,0.02359139566920498,0.02924395113368337,4.324736791333642
768,CATBOOST_XGBOOST,"{""alpha"": 0.3, ""cat_depth"": 6, ""cat_iterations"": 500, ""cat_l2_leaf_reg"": 3, ""cat_learning_rate"": 0.05, ""xgb_colsample_bytree"": 0.8, ""xgb_learning_rate"": 0.05, ""xgb_max_depth"": 3, ""xgb_n_estimators"": 500, ""xgb_subsample"": 1.0}",0.3,6,500,3,0.05,0.8,0.05,3,500,1.0,0.9952283450244899,0.005273116790797957,0.0067846738457687,1.207645663937117,0.4150397843739978,0.03182223590084156,0.03773365343649986,5.56407952760827,0.7008010176773991,0.02409331476273138,0.02998368736820179,4.433058028678525
769,CATBOOST_XGBOOST,"{""alpha"": 0.3, ""cat_depth"": 4, ""cat_iterations"": 500, ""cat_l2_leaf_reg"": 5, ""cat_learning_rate"": 0.03, ""xgb_colsample_bytree"": 0.8, ""xgb_learning_rate"": 0.03, ""xgb_max_depth"": 5, ""xgb_n_estimators"": 300, ""xgb_subsample"": 1.0}",0.3,4,500,5,0.03,0.8,0.03,5,300,1.0,0.9925672758132571,0.006671236976541091,0.00846775856653088,1.543383554102146,0.4149831091173628,0.03183303464807977,0.03773548134943966,5.482851897594242,0.7165227014109895,0.02362555654082177,0.02918529770488644,4.337047601981568
770,CATBOOST_XGBOOST,"{""alpha"": 0.5, ""cat_depth"": 4, ""cat_iterations"": 300, ""cat_l2_leaf_reg"": 3, ""cat_learning_rate"": 0.05, ""xgb_colsample_bytree"": 1.0, ""xgb_learning_rate"": 0.05, ""xgb_max_depth"": 5, ""xgb_n_estimators"": 300, ""xgb_subsample"": 1.0}",0.5,4,300,3,0.05,1.0,0.05,5,300,1.0,0.9913429680210757,0.007358121758443727,0.009138585283228915,1.699515107291695,0.4149082844821894,0.0320876544138248,0.03773789448775314,5.525785630286076,0.6980294149525623,0.02393076851618124,0.03012224282258398,4.38772589586647
771,CATBOOST_XGBOOST,"{""alpha"": 0.3, ""cat_depth"": 6, ""cat_iterations"": 500, ""cat_l2_leaf_reg"": 5, ""cat_learning_rate"": 0.05, ""xgb_colsample_bytree"": 0.8, ""xgb_learning_rate"": 0.05, ""xgb_max_depth"": 3, ""xgb_n_estimators"": 500, ""xgb_subsample"": 1.0}",0.3,6,500,5,0.05,0.8,0.05,3,500,1.0,0.9944483616208676,0.005716875549003136,0.007318212953837682,1.309524024497191,0.4144160203009953,0.03192276905137091,0.03775376645060902,5.580557317364151,0.7048216766055336,0.02381566927528243,0.02978154442009977,4.379349755135452
772,CATBOOST_XGBOOST,"{""alpha"": 0.3, ""cat_depth"": 4, ""cat_iterations"": 300, ""cat_l2_leaf_reg"": 5, ""cat_learning_rate"": 0.05, ""xgb_colsample_bytree"": 1.0, ""xgb_learning_rate"": 0.05, ""xgb_max_depth"": 5, ""xgb_n_estimators"": 300, ""xgb_subsample"": 0.8}",0.3,4,300,5,0.05,1.0,0.05,5,300,0.8,0.9956541896489294,0.005115610734714184,0.006474851960028763,1.184628780934597,0.4142294740526498,0.03172669757252199,0.03775977947600539,5.478118986485984,0.7049543463968145,0.02415001099738616,0.02977485091479817,4.427950269801163
773,CATBOOST_XGBOOST,"{""alpha"": 0.5, ""cat_depth"": 4, ""cat_iterations"": 300, ""cat_l2_leaf_reg"": 3, ""cat_learning_rate"": 0.05, ""xgb_colsample_bytree"": 1.0, ""xgb_learning_rate"": 0.03, ""xgb_max_depth"": 5, ""xgb_n_estimators"": 300, ""xgb_subsample"": 1.0}",0.5,4,300,3,0.05,1.0,0.03,5,300,1.0,0.9890505369470355,0.008224032415756229,0.01027758008226993,1.90109969316618,0.4142022324695401,0.03195518044705709,0.03776065748553829,5.503805199613787,0.6948949547539982,0.02415218148135485,0.03027817394110444,4.431140569860618
774,CATBOOST_XGBOOST,"{""alpha"": 0.7, ""cat_depth"": 6, ""cat_iterations"": 300, ""cat_l2_leaf_reg"": 3, ""cat_learning_rate"": 0.03, ""xgb_colsample_bytree"": 1.0, ""xgb_learning_rate"": 0.05, ""xgb_max_depth"": 3, ""xgb_n_estimators"": 500, ""xgb_subsample"": 0.8}",0.7,6,300,3,0.03,1.0,0.05,3,500,0.8,0.9818916958496591,0.01050720817645167,0.01321701395094456,2.427542374370209,0.414110770577275,0.03250234652508555,0.03776360519768557,5.655985721800982,0.7092068413291949,0.02373874899049137,0.02955949957304421,4.366931155742623
775,CATBOOST_XGBOOST,"{""alpha"": 0.7, ""cat_depth"": 6, ""cat_iterations"": 300, ""cat_l2_leaf_reg"": 5, ""cat_learning_rate"": 0.05, ""xgb_colsample_bytree"": 0.8, ""xgb_learning_rate"": 0.03, ""xgb_max_depth"": 3, ""xgb_n_estimators"": 300, ""xgb_subsample"": 1.0}",0.7,6,300,5,0.05,0.8,0.03,3,300,1.0,0.9821191591081689,0.01040523901888572,0.01313374039304727,2.408202373446783,0.4138515386258981,0.03228758420802737,0.03777195869690322,5.63297972631062,0.7000425404879258,0.02397469774520266,0.03002166802598057,4.398858647802411
776,CATBOOST_XGBOOST,"{""alpha"": 0.3, ""cat_depth"": 4, ""cat_iterations"": 300, ""cat_l2_leaf_reg"": 3, ""cat_learning_rate"": 0.03, ""xgb_colsample_bytree"": 1.0, ""xgb_learning_rate"": 0.05, ""xgb_max_depth"": 3, ""xgb_n_estimators"": 500, ""xgb_subsample"": 1.0}",0.3,4,300,3,0.03,1.0,0.05,3,500,1.0,0.9883734668704959,0.008478492656967571,0.01059057584889071,1.96443441495639,0.4138040093347951,0.03179024310533495,0.03777349008199304,5.522157562371542,0.7119280579874696,0.02315740180469229,0.02942086689138358,4.242991487885488
777,CATBOOST_XGBOOST,"{""alpha"": 0.7, ""cat_depth"": 6, ""cat_iterations"": 500, ""cat_l2_leaf_reg"": 3, ""cat_learning_rate"": 0.03, ""xgb_colsample_bytree"": 0.8, ""xgb_learning_rate"": 0.05, ""xgb_max_depth"": 3, ""xgb_n_estimators"": 500, ""xgb_subsample"": 1.0}",0.7,6,500,3,0.03,0.8,0.05,3,500,1.0,0.9909226850860583,0.007364408083147813,0.009357787081651199,1.689413843412689,0.4138026088960596,0.03238661177803902,0.03777353520293206,5.648048791627616,0.7054797503896065,0.02369233390052945,0.02974832824614174,4.360950351151692
778,CATBOOST_XGBOOST,"{""alpha"": 0.5, ""cat_depth"": 6, ""cat_iterations"": 500, ""cat_l2_leaf_reg"": 5, ""cat_learning_rate"": 0.03, ""xgb_colsample_bytree"": 0.8, ""xgb_learning_rate"": 0.05, ""xgb_max_depth"": 3, ""xgb_n_estimators"": 500, ""xgb_subsample"": 0.8}",0.5,6,500,5,0.03,0.8,0.05,3,500,0.8,0.9908898098209842,0.00741044737926285,0.009374717291337792,1.703669990658774,0.413742949922439,0.03259037780773036,0.03777545731401639,5.696728560903499,0.7049482710343243,0.0236380581868146,0.02977515746410502,4.346498688654771
779,CATBOOST_XGBOOST,"{""alpha"": 0.3, ""cat_depth"": 4, ""cat_iterations"": 500, ""cat_l2_leaf_reg"": 3, ""cat_learning_rate"": 0.05, ""xgb_colsample_bytree"": 1.0, ""xgb_learning_rate"": 0.05, ""xgb_max_depth"": 3, ""xgb_n_estimators"": 500, ""xgb_subsample"": 1.0}",0.3,4,500,3,0.05,1.0,0.05,3,500,1.0,0.9934633648394773,0.006253518908477537,0.007940933901409788,1.434874527883345,0.413630808294369,0.03179441032957431,0.03777907006265938,5.536278988269298,0.7014725383546466,0.02367545571883083,0.02995002084948082,4.336634725311953
780,CATBOOST_XGBOOST,"{""alpha"": 0.5, ""cat_depth"": 4, ""cat_iterations"": 500, ""cat_l2_leaf_reg"": 3, ""cat_learning_rate"": 0.05, ""xgb_colsample_bytree"": 1.0, ""xgb_learning_rate"": 0.03, ""xgb_max_depth"": 5, ""xgb_n_estimators"": 300, ""xgb_subsample"": 0.8}",0.5,4,500,3,0.05,1.0,0.03,5,300,0.8,0.9937379950106126,0.0061954939121904,0.007772328767844587,1.420776409585697,0.4136219591392549,0.03203979202003524,0.0377793551318568,5.532148366823847,0.6890709731898415,0.02431968050794169,0.03056578955848946,4.44967802092499
781,CATBOOST_XGBOOST,"{""alpha"": 0.7, ""cat_depth"": 6, ""cat_iterations"": 300, ""cat_l2_leaf_reg"": 3, ""cat_learning_rate"": 0.03, ""xgb_colsample_bytree"": 0.8, ""xgb_learning_rate"": 0.03, ""xgb_max_depth"": 5, ""xgb_n_estimators"": 500, ""xgb_subsample"": 0.8}",0.7,6,300,3,0.03,0.8,0.03,5,500,0.8,0.9846579355443117,0.00965816630984642,0.01216567918501155,2.233059127909546,0.4135330399445935,0.03256429415479133,0.03778221948066943,5.653516964273923,0.723037268959354,0.02339557488313635,0.02884799615209791,4.29950764271744
782,CATBOOST_XGBOOST,"{""alpha"": 0.3, ""cat_depth"": 4, ""cat_iterations"": 300, ""cat_l2_leaf_reg"": 5, ""cat_learning_rate"": 0.03, ""xgb_colsample_bytree"": 1.0, ""xgb_learning_rate"": 0.05, ""xgb_max_depth"": 5, ""xgb_n_estimators"": 300, ""xgb_subsample"": 0.8}",0.3,4,300,5,0.03,1.0,0.05,5,300,0.8,0.9935410116220814,0.006278133106725606,0.007893628982513107,1.464742249477501,0.4133169698546107,0.03174313097690113,0.03778917882905104,5.469235127273421,0.7073457363056407,0.02403537581676842,0.02965394056893961,4.415756327779248
783,CATBOOST_XGBOOST,"{""alpha"": 0.5, ""cat_depth"": 4, ""cat_iterations"": 500, ""cat_l2_leaf_reg"": 3, ""cat_learning_rate"": 0.05, ""xgb_colsample_bytree"": 0.8, ""xgb_learning_rate"": 0.03, ""xgb_max_depth"": 5, ""xgb_n_estimators"": 500, ""xgb_subsample"": 1.0}",0.5,4,500,3,0.05,0.8,0.03,5,500,1.0,0.9953409462013598,0.005380752789348056,0.006704143796894589,1.2331812562386,0.4132925050450282,0.03184731131748122,0.0377899667293132,5.490658763199194,0.6979979210619432,0.02384876773258572,0.03012381357472628,4.353220717210089
784,CATBOOST_XGBOOST,"{""alpha"": 0.7, ""cat_depth"": 6, ""cat_iterations"": 300, ""cat_l2_leaf_reg"": 5, ""cat_learning_rate"": 0.03, ""xgb_colsample_bytree"": 0.8, ""xgb_learning_rate"": 0.05, ""xgb_max_depth"": 5, ""xgb_n_estimators"": 500, ""xgb_subsample"": 1.0}",0.7,6,300,5,0.03,0.8,0.05,5,500,1.0,0.9830929429056517,0.01015562093743128,0.01277110477372536,2.350811952039127,0.4132696715166626,0.03244836092690451,0.03779070207860517,5.62393017275632,0.715845778026269,0.02363670419979377,0.02922012312223614,4.342432293227533
785,CATBOOST_XGBOOST,"{""alpha"": 0.3, ""cat_depth"": 4, ""cat_iterations"": 300, ""cat_l2_leaf_reg"": 5, ""cat_learning_rate"": 0.05, ""xgb_colsample_bytree"": 0.8, ""xgb_learning_rate"": 0.03, ""xgb_max_depth"": 5, ""xgb_n_estimators"": 300, ""xgb_subsample"": 1.0}",0.3,4,300,5,0.05,0.8,0.03,5,300,1.0,0.9928540662189912,0.006515296656463245,0.008302788056727337,1.508910022535876,0.4132143325581623,0.0317983055433726,0.03779248419952454,5.472583562033168,0.7167538811310457,0.02357900341010634,0.02917339476746207,4.324523368209523
786,CATBOOST_XGBOOST,"{""alpha"": 0.3, ""cat_depth"": 4, ""cat_iterations"": 500, ""cat_l2_leaf_reg"": 3, ""cat_learning_rate"": 0.03, ""xgb_colsample_bytree"": 0.8, ""xgb_learning_rate"": 0.03, ""xgb_max_depth"": 5, ""xgb_n_estimators"": 500, ""xgb_subsample"": 0.8}",0.3,4,500,3,0.03,0.8,0.03,5,500,0.8,0.9959975641789213,0.004958421918772992,0.006213791069648988,1.144901735085715,0.4130805012489939,0.03247894437220363,0.03779679371964394,5.622157542473784,0.7304643082630802,0.02294923630453921,0.02845857343732488,4.204376520728004
787,CATBOOST_XGBOOST,"{""alpha"": 0.5, ""cat_depth"": 4, ""cat_iterations"": 300, ""cat_l2_leaf_reg"": 5, ""cat_learning_rate"": 0.05, ""xgb_colsample_bytree"": 0.8, ""xgb_learning_rate"": 0.05, ""xgb_max_depth"": 5, ""xgb_n_estimators"": 500, ""xgb_subsample"": 1.0}",0.5,4,300,5,0.05,0.8,0.05,5,500,1.0,0.9920057345409988,0.007007398673951618,0.008781804020682625,1.630163744057809,0.4130636571461179,0.03191916083553126,0.03779733608406986,5.492556852304811,0.6953632538349381,0.02419582813515675,0.03025492836342278,4.416573849897648
788,CATBOOST_XGBOOST,"{""alpha"": 0.5, ""cat_depth"": 4, ""cat_iterations"": 500, ""cat_l2_leaf_reg"": 5, ""cat_learning_rate"": 0.03, ""xgb_colsample_bytree"": 0.8, ""xgb_learning_rate"": 0.05, ""xgb_max_depth"": 5, ""xgb_n_estimators"": 300, ""xgb_subsample"": 1.0}",0.5,4,500,5,0.03,0.8,0.05,5,300,1.0,0.9900880559600017,0.007826806889965256,0.009778536900429773,1.813309124833459,0.4130446781665746,0.0320322826421162,0.03779794718021182,5.519161877794879,0.6924706270177399,0.02439575762316373,0.0303982292781597,4.463639734103976
789,CATBOOST_XGBOOST,"{""alpha"": 0.5, ""cat_depth"": 4, ""cat_iterations"": 500, ""cat_l2_leaf_reg"": 3, ""cat_learning_rate"": 0.05, ""xgb_colsample_bytree"": 1.0, ""xgb_learning_rate"": 0.03, ""xgb_max_depth"": 3, ""xgb_n_estimators"": 300, ""xgb_subsample"": 0.8}",0.5,4,500,3,0.05,1.0,0.03,3,300,0.8,0.9845491084499771,0.009757969367618212,0.01220875083226275,2.255347876725484,0.4129976897360305,0.03217167298727593,0.03779946009832127,5.582826894922256,0.6734376198305385,0.02458805573077788,0.03132478229324506,4.486580150386456
790,CATBOOST_XGBOOST,"{""alpha"": 0.3, ""cat_depth"": 4, ""cat_iterations"": 300, ""cat_l2_leaf_reg"": 5, ""cat_learning_rate"": 0.03, ""xgb_colsample_bytree"": 1.0, ""xgb_learning_rate"": 0.03, ""xgb_max_depth"": 5, ""xgb_n_estimators"": 300, ""xgb_subsample"": 0.8}",0.3,4,300,5,0.03,1.0,0.03,5,300,0.8,0.9903007528453384,0.007686090367366908,0.009673050860239925,1.785776121613146,0.4128422830833922,0.03202918676260568,0.03780446339959903,5.517274509306584,0.7047727854265327,0.02417576447686702,0.02978401071659954,4.455613595005468
791,CATBOOST_XGBOOST,"{""alpha"": 0.3, ""cat_depth"": 6, ""cat_iterations"": 300, ""cat_l2_leaf_reg"": 5, ""cat_learning_rate"": 0.03, ""xgb_colsample_bytree"": 0.8, ""xgb_learning_rate"": 0.03, ""xgb_max_depth"": 5, ""xgb_n_estimators"": 300, ""xgb_subsample"": 0.8}",0.3,6,300,5,0.03,0.8,0.03,5,300,0.8,0.9918087917546401,0.006977487089479652,0.008889317983380886,1.607307642290169,0.4128154610763239,0.03274070528137948,0.03780532686436796,5.678833957844994,0.7427569808823727,0.02280824575230386,0.02780204768968074,4.199768048449972
792,CATBOOST_XGBOOST,"{""alpha"": 0.7, ""cat_depth"": 6, ""cat_iterations"": 500, ""cat_l2_leaf_reg"": 3, ""cat_learning_rate"": 0.03, ""xgb_colsample_bytree"": 1.0, ""xgb_learning_rate"": 0.03, ""xgb_max_depth"": 3, ""xgb_n_estimators"": 300, ""xgb_subsample"": 1.0}",0.7,6,500,3,0.03,1.0,0.03,3,300,1.0,0.98594672953766,0.009181374479158485,0.01164348962416824,2.121983517087155,0.4127805669107187,0.03245267703755719,0.03780645016177359,5.653792217520384,0.711258992841036,0.0236720209611893,0.02945501298024498,4.355276803229545
793,CATBOOST_XGBOOST,"{""alpha"": 0.5, ""cat_depth"": 4, ""cat_iterations"": 500, ""cat_l2_leaf_reg"": 3, ""cat_learning_rate"": 0.03, ""xgb_colsample_bytree"": 1.0, ""xgb_learning_rate"": 0.03, ""xgb_max_depth"": 3, ""xgb_n_estimators"": 500, ""xgb_subsample"": 0.8}",0.5,4,500,3,0.03,1.0,0.03,3,500,0.8,0.9835409683808708,0.01012311445369699,0.01260075588372916,2.343537333158681,0.412747139720843,0.03187668613230873,0.03780752620365214,5.532296843205083,0.6771467746710956,0.02418933492009275,0.03114637797534658,4.410655312867092
794,CATBOOST_XGBOOST,"{""alpha"": 0.5, ""cat_depth"": 4, ""cat_iterations"": 300, ""cat_l2_leaf_reg"": 3, ""cat_learning_rate"": 0.03, ""xgb_colsample_bytree"": 1.0, ""xgb_learning_rate"": 0.03, ""xgb_max_depth"": 3, ""xgb_n_estimators"": 500, ""xgb_subsample"": 0.8}",0.5,4,300,3,0.03,1.0,0.03,3,500,0.8,0.9762403298360781,0.01215306569895682,0.01513960909861538,2.831266820084823,0.4123652629903113,0.03209871703634522,0.03781981687866841,5.553536442962677,0.6812087306404166,0.02417115768195017,0.03094982476665029,4.413202702067927
795,CATBOOST_XGBOOST,"{""alpha"": 0.5, ""cat_depth"": 4, ""cat_iterations"": 500, ""cat_l2_leaf_reg"": 3, ""cat_learning_rate"": 0.03, ""xgb_colsample_bytree"": 0.8, ""xgb_learning_rate"": 0.05, ""xgb_max_depth"": 5, ""xgb_n_estimators"": 300, ""xgb_subsample"": 0.8}",0.5,4,500,3,0.03,0.8,0.05,5,300,0.8,0.9919864558770572,0.007095563706678596,0.008792386575268341,1.641060806865732,0.4122580449824139,0.03226262068543715,0.03782326696442932,5.585246811909164,0.7048708667121728,0.02336043434755839,0.02977906283817627,4.266169020088351
796,CATBOOST_XGBOOST,"{""alpha"": 0.5, ""cat_depth"": 6, ""cat_iterations"": 500, ""cat_l2_leaf_reg"": 5, ""cat_learning_rate"": 0.03, ""xgb_colsample_bytree"": 1.0, ""xgb_learning_rate"": 0.05, ""xgb_max_depth"": 3, ""xgb_n_estimators"": 500, ""xgb_subsample"": 1.0}",0.5,6,500,5,0.03,1.0,0.05,3,500,1.0,0.9908558933457218,0.007428257751035016,0.009392151723456315,1.706813722133832,0.4121530385701306,0.03225188423175746,0.03782664557995152,5.627916344729909,0.7199843346098717,0.02304976226223777,0.02900655479067285,4.238328302758081
797,CATBOOST_XGBOOST,"{""alpha"": 0.7, ""cat_depth"": 6, ""cat_iterations"": 300, ""cat_l2_leaf_reg"": 3, ""cat_learning_rate"": 0.03, ""xgb_colsample_bytree"": 1.0, ""xgb_learning_rate"": 0.05, ""xgb_max_depth"": 3, ""xgb_n_estimators"": 300, ""xgb_subsample"": 1.0}",0.7,6,300,3,0.03,1.0,0.05,3,300,1.0,0.9780581857518573,0.01158078455567242,0.01454891897702091,2.683295911015981,0.4121503156264522,0.03249971863320662,0.03782673318753729,5.653385854193733,0.7111843800687906,0.02383215873187994,0.02945881842900723,4.384615166209279
798,CATBOOST_XGBOOST,"{""alpha"": 0.5, ""cat_depth"": 4, ""cat_iterations"": 500, ""cat_l2_leaf_reg"": 3, ""cat_learning_rate"": 0.05, ""xgb_colsample_bytree"": 1.0, ""xgb_learning_rate"": 0.05, ""xgb_max_depth"": 5, ""xgb_n_estimators"": 500, ""xgb_subsample"": 0.8}",0.5,4,500,3,0.05,1.0,0.05,5,500,0.8,0.996607478026529,0.004632049547793869,0.005720787193977557,1.06319059202963,0.4121216289821527,0.03194667605738415,0.03782765613504482,5.523302144596257,0.6904607397752248,0.02432674769499913,0.03049740275091021,4.446070841401747
799,CATBOOST_XGBOOST,"{""alpha"": 0.7, ""cat_depth"": 6, ""cat_iterations"": 300, ""cat_l2_leaf_reg"": 3, ""cat_learning_rate"": 0.03, ""xgb_colsample_bytree"": 1.0, ""xgb_learning_rate"": 0.05, ""xgb_max_depth"": 3, ""xgb_n_estimators"": 300, ""xgb_subsample"": 0.8}",0.7,6,300,3,0.03,1.0,0.05,3,300,0.8,0.9783752471356358,0.01147828110613095,0.01444341981350989,2.655930616698531,0.412031364142377,0.03256008708266386,0.03783056011691399,5.665098955062401,0.7064863402866859,0.02383824858882451,0.02969744889923322,4.386315284778975
800,CATBOOST_XGBOOST,"{""alpha"": 0.7, ""cat_depth"": 6, ""cat_iterations"": 300, ""cat_l2_leaf_reg"": 5, ""cat_learning_rate"": 0.03, ""xgb_colsample_bytree"": 0.8, ""xgb_learning_rate"": 0.05, ""xgb_max_depth"": 5, ""xgb_n_estimators"": 300, ""xgb_subsample"": 1.0}",0.7,6,300,5,0.03,0.8,0.05,5,300,1.0,0.9819979548304187,0.01047842569267765,0.01317817837668304,2.423971483971473,0.411830478864093,0.03246796028001799,0.03783702215682937,5.627525081573814,0.7141027446803546,0.02373349861790313,0.02930960583723906,4.362342374744952
801,CATBOOST_XGBOOST,"{""alpha"": 0.5, ""cat_depth"": 4, ""cat_iterations"": 500, ""cat_l2_leaf_reg"": 3, ""cat_learning_rate"": 0.05, ""xgb_colsample_bytree"": 0.8, ""xgb_learning_rate"": 0.03, ""xgb_max_depth"": 5, ""xgb_n_estimators"": 300, ""xgb_subsample"": 1.0}",0.5,4,500,3,0.05,0.8,0.03,5,300,1.0,0.9937562481442962,0.006193163128530537,0.007760992710858143,1.421662400714426,0.4118192389622266,0.03196149843502705,0.03783738368728012,5.509601938328301,0.6989336423591077,0.02383740014580722,0.03007710965485413,4.352871009546368
802,CATBOOST_XGBOOST,"{""alpha"": 0.5, ""cat_depth"": 6, ""cat_iterations"": 300, ""cat_l2_leaf_reg"": 5, ""cat_learning_rate"": 0.03, ""xgb_colsample_bytree"": 0.8, ""xgb_learning_rate"": 0.05, ""xgb_max_depth"": 3, ""xgb_n_estimators"": 500, ""xgb_subsample"": 0.8}",0.5,6,300,5,0.03,0.8,0.05,3,500,0.8,0.9851957459810889,0.009531522397883668,0.01195054529775227,2.202097146160007,0.4117322214378519,0.03268507608863251,0.03784018248138205,5.70312877771377,0.7085948354474746,0.02362629916777771,0.02959058881751278,4.344007285864874
803,CATBOOST_XGBOOST,"{""alpha"": 0.3, ""cat_depth"": 4, ""cat_iterations"": 500, ""cat_l2_leaf_reg"": 3, ""cat_learning_rate"": 0.05, ""xgb_colsample_bytree"": 0.8, ""xgb_learning_rate"": 0.05, ""xgb_max_depth"": 3, ""xgb_n_estimators"": 500, ""xgb_subsample"": 0.8}",0.3,4,500,3,0.05,0.8,0.05,3,500,0.8,0.9935646541546567,0.006244417854838931,0.0078791687865841,1.435033197914687,0.411576981438425,0.03211443920375624,0.03784517503972365,5.602971576201941,0.6806506899274094,0.02445889596996966,0.03097690159129638,4.479253631395457
804,CATBOOST_XGBOOST,"{""alpha"": 0.3, ""cat_depth"": 4, ""cat_iterations"": 300, ""cat_l2_leaf_reg"": 5, ""cat_learning_rate"": 0.03, ""xgb_colsample_bytree"": 0.8, ""xgb_learning_rate"": 0.03, ""xgb_max_depth"": 5, ""xgb_n_estimators"": 500, ""xgb_subsample"": 1.0}",0.3,4,300,5,0.03,0.8,0.03,5,500,1.0,0.9930585782499751,0.006516214615021919,0.008183115374069778,1.518409536063878,0.4114204564453326,0.03204801418727855,0.03785020825705953,5.518120150196749,0.7158498331795405,0.02359939748058239,0.0292199146219017,4.335116170116221
805,CATBOOST_XGBOOST,"{""alpha"": 0.3, ""cat_depth"": 4, ""cat_iterations"": 300, ""cat_l2_leaf_reg"": 3, ""cat_learning_rate"": 0.03, ""xgb_colsample_bytree"": 0.8, ""xgb_learning_rate"": 0.05, ""xgb_max_depth"": 3, ""xgb_n_estimators"": 500, ""xgb_subsample"": 0.8}",0.3,4,300,3,0.03,0.8,0.05,3,500,0.8,0.9885261224174682,0.008459457655292034,0.01052081936685735,1.960131331668162,0.4113445205817728,0.03219679327900125,0.03785264980942377,5.605470482906939,0.6911476651424211,0.02393539883675438,0.03046354424268568,4.385087442338188
806,CATBOOST_XGBOOST,"{""alpha"": 0.5, ""cat_depth"": 4, ""cat_iterations"": 500, ""cat_l2_leaf_reg"": 3, ""cat_learning_rate"": 0.03, ""xgb_colsample_bytree"": 0.8, ""xgb_learning_rate"": 0.05, ""xgb_max_depth"": 5, ""xgb_n_estimators"": 500, ""xgb_subsample"": 0.8}",0.5,4,500,3,0.03,0.8,0.05,5,500,0.8,0.9933643106002937,0.006466679900128011,0.008000874956804667,1.498120502856684,0.4113031788959975,0.03232536683147004,0.03785397899511386,5.598058401915794,0.7060399115738047,0.0233180984344134,0.02972002494649066,4.257633434005909
807,CATBOOST_XGBOOST,"{""alpha"": 0.3, ""cat_depth"": 6, ""cat_iterations"": 300, ""cat_l2_leaf_reg"": 5, ""cat_learning_rate"": 0.03, ""xgb_colsample_bytree"": 1.0, ""xgb_learning_rate"": 0.05, ""xgb_max_depth"": 3, ""xgb_n_estimators"": 500, ""xgb_subsample"": 0.8}",0.3,6,300,5,0.03,1.0,0.05,3,500,0.8,0.9906198473933243,0.007520183424349552,0.00951260383233163,1.7335591352165,0.4112447322411529,0.03232252735349529,0.03785585804682158,5.636485056753432,0.7067520938776644,0.02369373386935866,0.02968400149963418,4.360751035460144
808,CATBOOST_XGBOOST,"{""alpha"": 0.3, ""cat_depth"": 6, ""cat_iterations"": 500, ""cat_l2_leaf_reg"": 5, ""cat_learning_rate"": 0.03, ""xgb_colsample_bytree"": 1.0, ""xgb_learning_rate"": 0.05, ""xgb_max_depth"": 3, ""xgb_n_estimators"": 500, ""xgb_subsample"": 0.8}",0.3,6,500,5,0.03,1.0,0.05,3,500,0.8,0.993261846978168,0.00631705437337283,0.008062410246626869,1.451874597853817,0.4111669575741774,0.032265708384954,0.03785835834676546,5.632644926667266,0.7033933468692524,0.02386122116794148,0.02985351198587058,4.390117892370744
809,CATBOOST_XGBOOST,"{""alpha"": 0.3, ""cat_depth"": 4, ""cat_iterations"": 500, ""cat_l2_leaf_reg"": 3, ""cat_learning_rate"": 0.05, ""xgb_colsample_bytree"": 0.8, ""xgb_learning_rate"": 0.03, ""xgb_max_depth"": 5, ""xgb_n_estimators"": 300, ""xgb_subsample"": 0.8}",0.3,4,500,3,0.05,0.8,0.03,5,300,0.8,0.9950418936724589,0.005398477301639646,0.006915958463004039,1.237662475983537,0.4111479086797765,0.03265865821831545,0.03785897070543596,5.655096999060214,0.7254315521211585,0.02318628338105158,0.02872303313935986,4.248620253510933
810,CATBOOST_XGBOOST,"{""alpha"": 0.3, ""cat_depth"": 4, ""cat_iterations"": 300, ""cat_l2_leaf_reg"": 5, ""cat_learning_rate"": 0.05, ""xgb_colsample_bytree"": 0.8, ""xgb_learning_rate"": 0.03, ""xgb_max_depth"": 3, ""xgb_n_estimators"": 300, ""xgb_subsample"": 0.8}",0.3,4,300,5,0.05,0.8,0.03,3,300,0.8,0.9767068904723379,0.01188264874491884,0.01499022641738338,2.766936362150921,0.4110078545410757,0.03238276095554664,0.03786347267661963,5.619452683338612,0.6849385166587458,0.02467689930108241,0.03076823908817011,4.521568491207438
811,CATBOOST_XGBOOST,"{""alpha"": 0.3, ""cat_depth"": 6, ""cat_iterations"": 500, ""cat_l2_leaf_reg"": 5, ""cat_learning_rate"": 0.03, ""xgb_colsample_bytree"": 1.0, ""xgb_learning_rate"": 0.05, ""xgb_max_depth"": 3, ""xgb_n_estimators"": 300, ""xgb_subsample"": 0.8}",0.3,6,500,5,0.03,1.0,0.05,3,300,0.8,0.9877340645125584,0.00855300085679547,0.01087789334413963,1.978544578294639,0.4108452611224671,0.03236954163445697,0.03786869849049354,5.647891872581768,0.7006294288856073,0.02382063468561638,0.0299922838667984,4.387089581405982
812,CATBOOST_XGBOOST,"{""alpha"": 0.5, ""cat_depth"": 4, ""cat_iterations"": 500, ""cat_l2_leaf_reg"": 3, ""cat_learning_rate"": 0.05, ""xgb_colsample_bytree"": 0.8, ""xgb_learning_rate"": 0.03, ""xgb_max_depth"": 3, ""xgb_n_estimators"": 500, ""xgb_subsample"": 0.8}",0.5,4,500,3,0.05,0.8,0.03,3,500,0.8,0.9885658277999907,0.008418149026623994,0.01050259993002261,1.941096599110152,0.4108304820841479,0.03225469240345436,0.03786917345861261,5.600723848089587,0.6694296879602311,0.02473009830476863,0.03151642213349573,4.51665080176558
813,CATBOOST_XGBOOST,"{""alpha"": 0.5, ""cat_depth"": 4, ""cat_iterations"": 300, ""cat_l2_leaf_reg"": 5, ""cat_learning_rate"": 0.05, ""xgb_colsample_bytree"": 0.8, ""xgb_learning_rate"": 0.05, ""xgb_max_depth"": 5, ""xgb_n_estimators"": 300, ""xgb_subsample"": 1.0}",0.5,4,300,5,0.05,0.8,0.05,5,300,1.0,0.9906504264883627,0.007558782974226619,0.009497085733252777,1.753775778656601,0.4107926464066738,0.03195668967966803,0.03787038939289565,5.49940862909376,0.6927306819831371,0.02431816907197134,0.03038537378681736,4.442766011150567
814,CATBOOST_XGBOOST,"{""alpha"": 0.7, ""cat_depth"": 6, ""cat_iterations"": 300, ""cat_l2_leaf_reg"": 3, ""cat_learning_rate"": 0.03, ""xgb_colsample_bytree"": 0.8, ""xgb_learning_rate"": 0.03, ""xgb_max_depth"": 5, ""xgb_n_estimators"": 300, ""xgb_subsample"": 0.8}",0.7,6,300,3,0.03,0.8,0.03,5,300,0.8,0.9825175968188845,0.01030037567997001,0.01298658684461363,2.379819981514793,0.410586910624009,0.03260053137540167,0.03787700049011276,5.658285658848269,0.7218289030004579,0.02344316069992989,0.02891085839612611,4.308468906325659
815,CATBOOST_XGBOOST,"{""alpha"": 0.3, ""cat_depth"": 4, ""cat_iterations"": 500, ""cat_l2_leaf_reg"": 3, ""cat_learning_rate"": 0.03, ""xgb_colsample_bytree"": 1.0, ""xgb_learning_rate"": 0.05, ""xgb_max_depth"": 3, ""xgb_n_estimators"": 500, ""xgb_subsample"": 1.0}",0.3,4,500,3,0.03,1.0,0.05,3,500,1.0,0.9912448196934831,0.007306217425898243,0.009190243226664337,1.682000372285257,0.4105209577800378,0.03176435427328686,0.03787911956930422,5.528514390684492,0.7065943281146335,0.02339031928312936,0.02969198534085677,4.281412599492473
816,CATBOOST_XGBOOST,"{""alpha"": 0.5, ""cat_depth"": 4, ""cat_iterations"": 500, ""cat_l2_leaf_reg"": 3, ""cat_learning_rate"": 0.05, ""xgb_colsample_bytree"": 1.0, ""xgb_learning_rate"": 0.05, ""xgb_max_depth"": 5, ""xgb_n_estimators"": 300, ""xgb_subsample"": 0.8}",0.5,4,500,3,0.05,1.0,0.05,5,300,0.8,0.9956434416854781,0.00520767082348707,0.006482853747002667,1.194375434730233,0.4104107507725294,0.03193827122501335,0.03788266027984638,5.519796871765635,0.6890065668860919,0.02433206580726994,0.03056895511625547,4.445024153832447
817,CATBOOST_XGBOOST,"{""alpha"": 0.3, ""cat_depth"": 4, ""cat_iterations"": 500, ""cat_l2_leaf_reg"": 5, ""cat_learning_rate"": 0.03, ""xgb_colsample_bytree"": 0.8, ""xgb_learning_rate"": 0.03, ""xgb_max_depth"": 3, ""xgb_n_estimators"": 300, ""xgb_subsample"": 0.8}",0.3,4,500,5,0.03,0.8,0.03,3,300,0.8,0.9760706375585249,0.01207764179317902,0.0151935766818589,2.811019012984251,0.4103648892713115,0.03237047002565727,0.03788413361224591,5.618191806432284,0.6838541434788943,0.02473422926039335,0.0308211424041747,4.53618625201245
818,CATBOOST_XGBOOST,"{""alpha"": 0.5, ""cat_depth"": 6, ""cat_iterations"": 300, ""cat_l2_leaf_reg"": 3, ""cat_learning_rate"": 0.05, ""xgb_colsample_bytree"": 0.8, ""xgb_learning_rate"": 0.05, ""xgb_max_depth"": 3, ""xgb_n_estimators"": 300, ""xgb_subsample"": 1.0}",0.5,6,300,3,0.05,0.8,0.05,3,300,1.0,0.9882104071146899,0.008449850937828254,0.01066458260307398,1.946621883286212,0.4100326682447122,0.03234964905618123,0.03789480473171963,5.648914477826961,0.697187289952781,0.02426113575265022,0.03016421550827922,4.457167890530841
819,CATBOOST_XGBOOST,"{""alpha"": 0.3, ""cat_depth"": 6, ""cat_iterations"": 300, ""cat_l2_leaf_reg"": 5, ""cat_learning_rate"": 0.03, ""xgb_colsample_bytree"": 1.0, ""xgb_learning_rate"": 0.05, ""xgb_max_depth"": 3, ""xgb_n_estimators"": 300, ""xgb_subsample"": 0.8}",0.3,6,300,5,0.03,1.0,0.05,3,300,0.8,0.9840668429901596,0.00980991416137655,0.01239782141179384,2.27382900446958,0.4099971287574247,0.03245185265161309,0.03789594610139977,5.656697022176772,0.70302093113834,0.02373676470201563,0.02987224796107155,4.373586775493857
820,CATBOOST_XGBOOST,"{""alpha"": 0.5, ""cat_depth"": 4, ""cat_iterations"": 500, ""cat_l2_leaf_reg"": 3, ""cat_learning_rate"": 0.03, ""xgb_colsample_bytree"": 1.0, ""xgb_learning_rate"": 0.03, ""xgb_max_depth"": 5, ""xgb_n_estimators"": 500, ""xgb_subsample"": 0.8}",0.5,4,500,3,0.03,1.0,0.03,5,500,0.8,0.9922417701022258,0.006969393325648872,0.008651188613482937,1.612608026275326,0.4099556568433376,0.03198242670092864,0.03789727795068465,5.517440176320132,0.6969477708585831,0.02400687384691139,0.03017614281055236,4.39115615216435
821,CATBOOST_XGBOOST,"{""alpha"": 0.3, ""cat_depth"": 6, ""cat_iterations"": 500, ""cat_l2_leaf_reg"": 3, ""cat_learning_rate"": 0.03, ""xgb_colsample_bytree"": 1.0, ""xgb_learning_rate"": 0.03, ""xgb_max_depth"": 3, ""xgb_n_estimators"": 500, ""xgb_subsample"": 1.0}",0.3,6,500,3,0.03,1.0,0.03,3,500,1.0,0.988625148084208,0.008231671945992012,0.01047532085133464,1.90211320451662,0.4098910599969781,0.03205575931015082,0.03789935235210172,5.5962316686134,0.7176793225090408,0.02341707599251774,0.02912569710524052,4.320954814672535
822,CATBOOST_XGBOOST,"{""alpha"": 0.5, ""cat_depth"": 6, ""cat_iterations"": 300, ""cat_l2_leaf_reg"": 5, ""cat_learning_rate"": 0.03, ""xgb_colsample_bytree"": 1.0, ""xgb_learning_rate"": 0.05, ""xgb_max_depth"": 3, ""xgb_n_estimators"": 500, ""xgb_subsample"": 1.0}",0.5,6,300,5,0.03,1.0,0.05,3,500,1.0,0.9851435428814626,0.009534280895497328,0.01197159689920724,2.203667010481167,0.409616434402294,0.03234658251265961,0.03790817014896671,5.634316561540182,0.7234061067917745,0.02308977535476184,0.02882878097257975,4.245258227563063
823,CATBOOST_XGBOOST,"{""alpha"": 0.3, ""cat_depth"": 4, ""cat_iterations"": 300, ""cat_l2_leaf_reg"": 5, ""cat_learning_rate"": 0.03, ""xgb_colsample_bytree"": 0.8, ""xgb_learning_rate"": 0.03, ""xgb_max_depth"": 5, ""xgb_n_estimators"": 300, ""xgb_subsample"": 1.0}",0.3,4,300,5,0.03,0.8,0.03,5,300,1.0,0.9902590915528171,0.007676885557215326,0.00969380298553692,1.787324904891144,0.409006248807096,0.03219497184238537,0.03792775491308055,5.541076519991717,0.7167578158110273,0.02362324882446935,0.02917319213737576,4.341361715515499
824,CATBOOST_XGBOOST,"{""alpha"": 0.3, ""cat_depth"": 4, ""cat_iterations"": 300, ""cat_l2_leaf_reg"": 3, ""cat_learning_rate"": 0.03, ""xgb_colsample_bytree"": 0.8, ""xgb_learning_rate"": 0.03, ""xgb_max_depth"": 5, ""xgb_n_estimators"": 500, ""xgb_subsample"": 0.8}",0.3,4,300,3,0.03,0.8,0.03,5,500,0.8,0.993824207278404,0.006173150053430794,0.007718640499891045,1.435696228749509,0.4089376619901337,0.03261741521120055,0.0379299556711338,5.63583195001456,0.7317394552085048,0.02298161545101683,0.02839117626935594,4.21410231740374
825,CATBOOST_XGBOOST,"{""alpha"": 0.5, ""cat_depth"": 4, ""cat_iterations"": 500, ""cat_l2_leaf_reg"": 3, ""cat_learning_rate"": 0.03, ""xgb_colsample_bytree"": 1.0, ""xgb_learning_rate"": 0.05, ""xgb_max_depth"": 5, ""xgb_n_estimators"": 500, ""xgb_subsample"": 0.8}",0.5,4,500,3,0.03,1.0,0.05,5,500,0.8,0.9933866593789304,0.006444542249453753,0.007987390254392268,1.492635999542708,0.4088656513781488,0.03191504847486119,0.03793226615173607,5.512734826293703,0.6983527297066721,0.02391879655155696,0.03010611281812935,4.367449639493623
826,CATBOOST_XGBOOST,"{""alpha"": 0.3, ""cat_depth"": 4, ""cat_iterations"": 300, ""cat_l2_leaf_reg"": 5, ""cat_learning_rate"": 0.03, ""xgb_colsample_bytree"": 0.8, ""xgb_learning_rate"": 0.03, ""xgb_max_depth"": 3, ""xgb_n_estimators"": 300, ""xgb_subsample"": 0.8}",0.3,4,300,5,0.03,0.8,0.03,3,300,0.8,0.9718962055657882,0.01311152194688363,0.01646557639646407,3.062176996254313,0.4085281480316183,0.03257166868710541,0.03794309316591778,5.642809012275005,0.6851967323088701,0.02484436682955813,0.03075562810620359,4.559018634225998
827,CATBOOST_XGBOOST,"{""alpha"": 0.5, ""cat_depth"": 6, ""cat_iterations"": 300, ""cat_l2_leaf_reg"": 3, ""cat_learning_rate"": 0.03, ""xgb_colsample_bytree"": 1.0, ""xgb_learning_rate"": 0.03, ""xgb_max_depth"": 3, ""xgb_n_estimators"": 500, ""xgb_subsample"": 1.0}",0.5,6,300,3,0.03,1.0,0.03,3,500,1.0,0.9817445773579827,0.01053719801440629,0.01327059527231569,2.440520451757483,0.4084544077739727,0.03236715944687742,0.03794545832180451,5.63823822914329,0.7190579385581326,0.02354168223013062,0.02905449741060661,4.338685611593066
828,CATBOOST_XGBOOST,"{""alpha"": 0.5, ""cat_depth"": 6, ""cat_iterations"": 500, ""cat_l2_leaf_reg"": 5, ""cat_learning_rate"": 0.03, ""xgb_colsample_bytree"": 0.8, ""xgb_learning_rate"": 0.03, ""xgb_max_depth"": 5, ""xgb_n_estimators"": 500, ""xgb_subsample"": 0.8}",0.5,6,500,5,0.03,0.8,0.03,5,500,0.8,0.9944084056367516,0.005771076594373943,0.007344500883824821,1.327243561156877,0.4084035041884538,0.03302718173818731,0.03794709092490083,5.745182601673919,0.733842974456803,0.02287149881253984,0.02827964492052933,4.200813726184101
829,CATBOOST_XGBOOST,"{""alpha"": 0.5, ""cat_depth"": 4, ""cat_iterations"": 500, ""cat_l2_leaf_reg"": 3, ""cat_learning_rate"": 0.05, ""xgb_colsample_bytree"": 0.8, ""xgb_learning_rate"": 0.03, ""xgb_max_depth"": 3, ""xgb_n_estimators"": 300, ""xgb_subsample"": 0.8}",0.5,4,500,3,0.05,0.8,0.03,3,300,0.8,0.9841120894755603,0.009904545579085051,0.01238020542209045,2.291886563992301,0.4082855302757714,0.03252166665457084,0.03795087436822778,5.64363240852101,0.6729681884932788,0.02465674027752041,0.03134728879522192,4.502861590510537
830,CATBOOST_XGBOOST,"{""alpha"": 0.5, ""cat_depth"": 6, ""cat_iterations"": 500, ""cat_l2_leaf_reg"": 3, ""cat_learning_rate"": 0.03, ""xgb_colsample_bytree"": 1.0, ""xgb_learning_rate"": 0.03, ""xgb_max_depth"": 3, ""xgb_n_estimators"": 300, ""xgb_subsample"": 1.0}",0.5,6,500,3,0.03,1.0,0.03,3,300,1.0,0.983812550644462,0.009862300696530537,0.01249636407226896,2.287464838044828,0.4082403145815662,0.03254298415640858,0.03795232434320546,5.669393085012467,0.7143822825585855,0.02374518084736313,0.02929527350529153,4.371829666190107
831,CATBOOST_XGBOOST,"{""alpha"": 0.5, ""cat_depth"": 6, ""cat_iterations"": 500, ""cat_l2_leaf_reg"": 3, ""cat_learning_rate"": 0.03, ""xgb_colsample_bytree"": 0.8, ""xgb_learning_rate"": 0.05, ""xgb_max_depth"": 3, ""xgb_n_estimators"": 500, ""xgb_subsample"": 1.0}",0.5,6,500,3,0.03,0.8,0.05,3,500,1.0,0.992285271931868,0.00676056147047719,0.008626900110948856,1.549994996984877,0.4082126784282761,0.03235831941837407,0.03795321055092928,5.645339268375666,0.7051847522315517,0.0238246301631403,0.02976322281733633,4.38566324548431
832,CATBOOST_XGBOOST,"{""alpha"": 0.3, ""cat_depth"": 4, ""cat_iterations"": 500, ""cat_l2_leaf_reg"": 3, ""cat_learning_rate"": 0.03, ""xgb_colsample_bytree"": 0.8, ""xgb_learning_rate"": 0.05, ""xgb_max_depth"": 3, ""xgb_n_estimators"": 500, ""xgb_subsample"": 0.8}",0.3,4,500,3,0.03,0.8,0.05,3,500,0.8,0.9913554456356192,0.007302567619704162,0.00913199706324941,1.682173409870243,0.4079578287846526,0.03211536715327838,0.03796138183199493,5.601125367158039,0.6856244891412658,0.02419416613504276,0.03073472552427615,4.428402022996758
833,CATBOOST_XGBOOST,"{""alpha"": 0.7, ""cat_depth"": 6, ""cat_iterations"": 500, ""cat_l2_leaf_reg"": 5, ""cat_learning_rate"": 0.03, ""xgb_colsample_bytree"": 1.0, ""xgb_learning_rate"": 0.03, ""xgb_max_depth"": 3, ""xgb_n_estimators"": 500, ""xgb_subsample"": 0.8}",0.7,6,500,5,0.03,1.0,0.03,3,500,0.8,0.9860892449839631,0.009167702170767502,0.01158430035698845,2.112795497996377,0.4076840678098921,0.03263193261840422,0.03797015751075435,5.690991661099836,0.7002760622831556,0.02371879809833877,0.03000997957048273,4.356571661495712
834,CATBOOST_XGBOOST,"{""alpha"": 0.5, ""cat_depth"": 6, ""cat_iterations"": 500, ""cat_l2_leaf_reg"": 5, ""cat_learning_rate"": 0.03, ""xgb_colsample_bytree"": 0.8, ""xgb_learning_rate"": 0.05, ""xgb_max_depth"": 3, ""xgb_n_estimators"": 300, ""xgb_subsample"": 0.8}",0.5,6,500,5,0.03,0.8,0.05,3,300,0.8,0.986670369653967,0.00895815864788163,0.01133975081158187,2.06503808359824,0.4076250719117935,0.03275747918901686,0.03797204841697947,5.723892404159807,0.7010668360678891,0.02378436725950426,0.02997036515284254,4.37583679505788
835,CATBOOST_XGBOOST,"{""alpha"": 0.5, ""cat_depth"": 4, ""cat_iterations"": 500, ""cat_l2_leaf_reg"": 3, ""cat_learning_rate"": 0.03, ""xgb_colsample_bytree"": 1.0, ""xgb_learning_rate"": 0.03, ""xgb_max_depth"": 5, ""xgb_n_estimators"": 300, ""xgb_subsample"": 0.8}",0.5,4,500,3,0.03,1.0,0.03,5,300,0.8,0.9896270470939912,0.008012351526686504,0.01000335453808102,1.850514956982258,0.4075772061462754,0.03205743409921097,0.03797358251672348,5.530248091884231,0.6962140282426346,0.02403041143272362,0.03021265159337893,4.39680196584514
836,CATBOOST_XGBOOST,"{""alpha"": 0.5, ""cat_depth"": 4, ""cat_iterations"": 300, ""cat_l2_leaf_reg"": 3, ""cat_learning_rate"": 0.03, ""xgb_colsample_bytree"": 0.8, ""xgb_learning_rate"": 0.05, ""xgb_max_depth"": 5, ""xgb_n_estimators"": 300, ""xgb_subsample"": 0.8}",0.5,4,300,3,0.03,0.8,0.05,5,300,0.8,0.9864551394904985,0.009163932186867233,0.0114309342479956,2.136214905667918,0.4075052282092099,0.03241859497618474,0.03797588929588932,5.593620738192535,0.706326010824408,0.02357310740923878,0.02970555878750798,4.311201543282566
837,CATBOOST_XGBOOST,"{""alpha"": 0.5, ""cat_depth"": 4, ""cat_iterations"": 500, ""cat_l2_leaf_reg"": 3, ""cat_learning_rate"": 0.03, ""xgb_colsample_bytree"": 0.8, ""xgb_learning_rate"": 0.03, ""xgb_max_depth"": 5, ""xgb_n_estimators"": 500, ""xgb_subsample"": 1.0}",0.5,4,500,3,0.03,0.8,0.03,5,500,1.0,0.99173619970187,0.007178350490951898,0.008928620516151077,1.65959881966034,0.4073293631014259,0.03186495339665694,0.03798152490540471,5.488758488259578,0.70472874577039,0.02354143751906941,0.02978623210509794,4.296832395142829
838,CATBOOST_XGBOOST,"{""alpha"": 0.3, ""cat_depth"": 6, ""cat_iterations"": 500, ""cat_l2_leaf_reg"": 5, ""cat_learning_rate"": 0.03, ""xgb_colsample_bytree"": 1.0, ""xgb_learning_rate"": 0.05, ""xgb_max_depth"": 3, ""xgb_n_estimators"": 300, ""xgb_subsample"": 1.0}",0.3,6,500,5,0.03,1.0,0.05,3,300,1.0,0.9871353359601319,0.008744919725615828,0.01114021782720929,2.028088696641059,0.4072397597053358,0.03226434036221988,0.0379843959308836,5.627506474975144,0.7103619844480181,0.02356307616117793,0.02950073025751871,4.342048650568956
839,CATBOOST_XGBOOST,"{""alpha"": 0.5, ""cat_depth"": 6, ""cat_iterations"": 300, ""cat_l2_leaf_reg"": 5, ""cat_learning_rate"": 0.05, ""xgb_colsample_bytree"": 0.8, ""xgb_learning_rate"": 0.05, ""xgb_max_depth"": 3, ""xgb_n_estimators"": 300, ""xgb_subsample"": 1.0}",0.5,6,300,5,0.05,0.8,0.05,3,300,1.0,0.9861357558181282,0.009117619717473721,0.01156491799440192,2.105878969743345,0.4071870230836855,0.03236133834319425,0.03798608558888376,5.650285959448897,0.6996590862281891,0.02397387793996283,0.03004085117907081,4.403096519154266
840,CATBOOST_XGBOOST,"{""alpha"": 0.5, ""cat_depth"": 4, ""cat_iterations"": 500, ""cat_l2_leaf_reg"": 3, ""cat_learning_rate"": 0.03, ""xgb_colsample_bytree"": 1.0, ""xgb_learning_rate"": 0.05, ""xgb_max_depth"": 5, ""xgb_n_estimators"": 300, ""xgb_subsample"": 0.8}",0.5,4,500,3,0.03,1.0,0.05,5,300,0.8,0.9921262914544788,0.0070092296466059,0.008715335812045958,1.621359332787371,0.4068526244915274,0.03189545272686736,0.03799679782293699,5.50766203675764,0.6966881012103447,0.02395987360523204,0.03018906822377499,4.37369830243693
841,CATBOOST_XGBOOST,"{""alpha"": 0.3, ""cat_depth"": 4, ""cat_iterations"": 500, ""cat_l2_leaf_reg"": 3, ""cat_learning_rate"": 0.05, ""xgb_colsample_bytree"": 0.8, ""xgb_learning_rate"": 0.05, ""xgb_max_depth"": 3, ""xgb_n_estimators"": 300, ""xgb_subsample"": 0.8}",0.3,4,500,3,0.05,0.8,0.05,3,300,0.8,0.9883817487229037,0.008374737732688558,0.01058680321907568,1.933527068116554,0.4068434333624928,0.03257739970616418,0.03799709221193139,5.685300303101364,0.6779626784244639,0.02454530957170778,0.03110699704248401,4.500923599804339
842,CATBOOST_XGBOOST,"{""alpha"": 0.5, ""cat_depth"": 4, ""cat_iterations"": 300, ""cat_l2_leaf_reg"": 3, ""cat_learning_rate"": 0.03, ""xgb_colsample_bytree"": 0.8, ""xgb_learning_rate"": 0.05, ""xgb_max_depth"": 5, ""xgb_n_estimators"": 500, ""xgb_subsample"": 0.8}",0.5,4,300,3,0.03,0.8,0.05,5,500,0.8,0.988130982794349,0.008573919230225662,0.01070044497133526,2.001803962907755,0.4067727312694034,0.03247824841024597,0.03799935670165644,5.605829968792648,0.7076873671684942,0.02353044250064508,0.02963662720499103,4.302649976895361
843,CATBOOST_XGBOOST,"{""alpha"": 0.3, ""cat_depth"": 4, ""cat_iterations"": 500, ""cat_l2_leaf_reg"": 3, ""cat_learning_rate"": 0.03, ""xgb_colsample_bytree"": 0.8, ""xgb_learning_rate"": 0.03, ""xgb_max_depth"": 5, ""xgb_n_estimators"": 300, ""xgb_subsample"": 0.8}",0.3,4,500,3,0.03,0.8,0.03,5,300,0.8,0.9930121271990864,0.006474441929438402,0.008210449868564907,1.491419209813164,0.4066333973244906,0.03262791189509846,0.03800381897918256,5.645792960241098,0.7290379371982052,0.02300559922573101,0.02853377483950927,4.215496651028098
844,CATBOOST_XGBOOST,"{""alpha"": 0.3, ""cat_depth"": 6, ""cat_iterations"": 300, ""cat_l2_leaf_reg"": 5, ""cat_learning_rate"": 0.03, ""xgb_colsample_bytree"": 1.0, ""xgb_learning_rate"": 0.05, ""xgb_max_depth"": 3, ""xgb_n_estimators"": 300, ""xgb_subsample"": 1.0}",0.3,6,300,5,0.03,1.0,0.05,3,300,1.0,0.9833720614352011,0.01001098105304426,0.01266524699845816,2.325622321958457,0.4065650082180647,0.03232115933076117,0.03800600900161082,5.631346605061309,0.7128708665398229,0.02353219523045813,0.02937268278581316,4.337388718322485
845,CATBOOST_XGBOOST,"{""alpha"": 0.5, ""cat_depth"": 4, ""cat_iterations"": 500, ""cat_l2_leaf_reg"": 3, ""cat_learning_rate"": 0.03, ""xgb_colsample_bytree"": 1.0, ""xgb_learning_rate"": 0.03, ""xgb_max_depth"": 3, ""xgb_n_estimators"": 300, ""xgb_subsample"": 0.8}",0.5,4,500,3,0.03,1.0,0.03,3,300,0.8,0.9779108982369967,0.01167183938655532,0.01459766813762042,2.707807348025067,0.4063233055176965,0.03225763047276849,0.03801374802943725,5.594232232655926,0.6797304772309709,0.02426985172446226,0.03102149982913619,4.426439542017464
846,CATBOOST_XGBOOST,"{""alpha"": 0.7, ""cat_depth"": 4, ""cat_iterations"": 500, ""cat_l2_leaf_reg"": 3, ""cat_learning_rate"": 0.05, ""xgb_colsample_bytree"": 0.8, ""xgb_learning_rate"": 0.05, ""xgb_max_depth"": 5, ""xgb_n_estimators"": 500, ""xgb_subsample"": 1.0}",0.7,4,500,3,0.05,0.8,0.05,5,500,1.0,0.9936357548034264,0.006359162107803163,0.007835521560095234,1.459166841821238,0.4063222405904223,0.03232965704673953,0.03801378212363304,5.582647387728757,0.6720220719235002,0.02450427335092394,0.03139260054882561,4.466952813193789
847,CATBOOST_XGBOOST,"{""alpha"": 0.7, ""cat_depth"": 6, ""cat_iterations"": 500, ""cat_l2_leaf_reg"": 3, ""cat_learning_rate"": 0.03, ""xgb_colsample_bytree"": 0.8, ""xgb_learning_rate"": 0.05, ""xgb_max_depth"": 3, ""xgb_n_estimators"": 300, ""xgb_subsample"": 1.0}",0.7,6,500,3,0.03,0.8,0.05,3,300,1.0,0.9885645123324608,0.008270045377771937,0.01050320405910173,1.902575516401778,0.4062985695507507,0.03258606502232522,0.03801453995627979,5.679848227824082,0.7022609767519485,0.02385264299606596,0.02991044432535101,4.387519181811475
848,CATBOOST_XGBOOST,"{""alpha"": 0.3, ""cat_depth"": 6, ""cat_iterations"": 300, ""cat_l2_leaf_reg"": 3, ""cat_learning_rate"": 0.05, ""xgb_colsample_bytree"": 1.0, ""xgb_learning_rate"": 0.03, ""xgb_max_depth"": 3, ""xgb_n_estimators"": 300, ""xgb_subsample"": 1.0}",0.3,6,300,3,0.05,1.0,0.03,3,300,1.0,0.9811279589884605,0.0106702328729215,0.01349285626701335,2.48062503932027,0.4060592662743124,0.03244108916342756,0.03802220044604748,5.657752812702147,0.7108990662211078,0.02406651276416766,0.02947336565828358,4.431047050293893
849,CATBOOST_XGBOOST,"{""alpha"": 0.7, ""cat_depth"": 6, ""cat_iterations"": 300, ""cat_l2_leaf_reg"": 5, ""cat_learning_rate"": 0.03, ""xgb_colsample_bytree"": 1.0, ""xgb_learning_rate"": 0.03, ""xgb_max_depth"": 5, ""xgb_n_estimators"": 500, ""xgb_subsample"": 1.0}",0.7,6,300,5,0.03,1.0,0.03,5,500,1.0,0.9819219963544704,0.01049478360114531,0.01320595135052532,2.429819190491018,0.4059138756187203,0.0324468477380194,0.03802685388541728,5.623686928614188,0.7171739765316227,0.02354223252368235,0.02915175253526151,4.33552087516195
850,CATBOOST_XGBOOST,"{""alpha"": 0.3, ""cat_depth"": 6, ""cat_iterations"": 300, ""cat_l2_leaf_reg"": 3, ""cat_learning_rate"": 0.03, ""xgb_colsample_bytree"": 1.0, ""xgb_learning_rate"": 0.03, ""xgb_max_depth"": 3, ""xgb_n_estimators"": 500, ""xgb_subsample"": 1.0}",0.3,6,300,3,0.03,1.0,0.03,3,500,1.0,0.9847024006276749,0.009606965535417972,0.01214803682469504,2.225051950381734,0.4057116410314594,0.03216492667164033,0.03803332575070999,5.609205171235933,0.7182539872723865,0.02345649996692763,0.02909603927433142,4.32925404941887
851,CATBOOST_XGBOOST,"{""alpha"": 0.5, ""cat_depth"": 4, ""cat_iterations"": 500, ""cat_l2_leaf_reg"": 3, ""cat_learning_rate"": 0.03, ""xgb_colsample_bytree"": 0.8, ""xgb_learning_rate"": 0.03, ""xgb_max_depth"": 5, ""xgb_n_estimators"": 300, ""xgb_subsample"": 1.0}",0.5,4,500,3,0.03,0.8,0.03,5,300,1.0,0.9896405706814464,0.00799458952181018,0.009996831546861715,1.849031372972806,0.4056889685007712,0.03197914051420277,0.03803405124323223,5.507701663388683,0.7055550863589,0.02351934024392245,0.02974452330831531,4.294375370162091
852,CATBOOST_XGBOOST,"{""alpha"": 0.3, ""cat_depth"": 6, ""cat_iterations"": 300, ""cat_l2_leaf_reg"": 5, ""cat_learning_rate"": 0.05, ""xgb_colsample_bytree"": 1.0, ""xgb_learning_rate"": 0.03, ""xgb_max_depth"": 3, ""xgb_n_estimators"": 300, ""xgb_subsample"": 1.0}",0.3,6,300,5,0.05,1.0,0.03,3,300,1.0,0.9795387682235125,0.01107589116258673,0.01404948308188857,2.578397232493269,0.4052480985039381,0.03239240181063861,0.03804815577991879,5.650209554403242,0.7129385711810192,0.02394512088346834,0.02936921956323792,4.408903483121871
853,CATBOOST_XGBOOST,"{""alpha"": 0.7, ""cat_depth"": 6, ""cat_iterations"": 300, ""cat_l2_leaf_reg"": 5, ""cat_learning_rate"": 0.03, ""xgb_colsample_bytree"": 1.0, ""xgb_learning_rate"": 0.05, ""xgb_max_depth"": 5, ""xgb_n_estimators"": 500, ""xgb_subsample"": 1.0}",0.7,6,300,5,0.03,1.0,0.05,5,500,1.0,0.9830583169303191,0.01016664528422017,0.01278417581776698,2.352953734490296,0.4051835821295555,0.03258407469452534,0.03805021938197742,5.646680190996671,0.7183263897236951,0.02348528589356336,0.02909230051703237,4.323776995396508
854,CATBOOST_XGBOOST,"{""alpha"": 0.3, ""cat_depth"": 4, ""cat_iterations"": 500, ""cat_l2_leaf_reg"": 5, ""cat_learning_rate"": 0.05, ""xgb_colsample_bytree"": 0.8, ""xgb_learning_rate"": 0.03, ""xgb_max_depth"": 5, ""xgb_n_estimators"": 500, ""xgb_subsample"": 0.8}",0.3,4,500,5,0.05,0.8,0.03,5,500,0.8,0.9971060899462255,0.004146187187529666,0.00528368566122643,0.9532180296380268,0.4051722891343117,0.03271441111821796,0.03805058058494196,5.664717379012552,0.7252339660938674,0.02325840846825444,0.02873336617180726,4.260362026466315
855,CATBOOST_XGBOOST,"{""alpha"": 0.5, ""cat_depth"": 4, ""cat_iterations"": 500, ""cat_l2_leaf_reg"": 3, ""cat_learning_rate"": 0.03, ""xgb_colsample_bytree"": 0.8, ""xgb_learning_rate"": 0.03, ""xgb_max_depth"": 3, ""xgb_n_estimators"": 500, ""xgb_subsample"": 0.8}",0.5,4,500,3,0.03,0.8,0.03,3,500,0.8,0.9831314442747572,0.01024172146864675,0.01275655507216029,2.370363028578963,0.4050872335297935,0.03234064988894692,0.03805330095202281,5.612129185823256,0.6769125070641899,0.02440787160654461,0.03115767608809379,4.453713461778977
856,CATBOOST_XGBOOST,"{""alpha"": 0.7, ""cat_depth"": 6, ""cat_iterations"": 300, ""cat_l2_leaf_reg"": 3, ""cat_learning_rate"": 0.03, ""xgb_colsample_bytree"": 1.0, ""xgb_learning_rate"": 0.03, ""xgb_max_depth"": 3, ""xgb_n_estimators"": 500, ""xgb_subsample"": 1.0}",0.7,6,300,3,0.03,1.0,0.03,3,500,1.0,0.9782198941290153,0.01153291458384624,0.01449520799306212,2.670372274115133,0.4049961834311855,0.03257155472790907,0.03805621282788183,5.667691137907317,0.7131834916306532,0.02376632492104291,0.02935668799911232,4.373400977521124
857,CATBOOST_XGBOOST,"{""alpha"": 0.7, ""cat_depth"": 4, ""cat_iterations"": 500, ""cat_l2_leaf_reg"": 3, ""cat_learning_rate"": 0.05, ""xgb_colsample_bytree"": 0.8, ""xgb_learning_rate"": 0.05, ""xgb_max_depth"": 5, ""xgb_n_estimators"": 300, ""xgb_subsample"": 1.0}",0.7,4,500,3,0.05,0.8,0.05,5,300,1.0,0.9928895064450068,0.006698614795267048,0.008282173645927553,1.535197751515556,0.4048716103910003,0.03236671190848506,0.0380601964409995,5.589631080760643,0.670524246190174,0.02457156058577376,0.03146420153033024,4.48064523213981
858,CATBOOST_XGBOOST,"{""alpha"": 0.7, ""cat_depth"": 6, ""cat_iterations"": 500, ""cat_l2_leaf_reg"": 5, ""cat_learning_rate"": 0.03, ""xgb_colsample_bytree"": 0.8, ""xgb_learning_rate"": 0.05, ""xgb_max_depth"": 5, ""xgb_n_estimators"": 300, ""xgb_subsample"": 0.8}",0.7,6,500,5,0.03,0.8,0.05,5,300,0.8,0.9909404485189895,0.007385220564680678,0.009348626452834304,1.699204202777235,0.404633350672319,0.03291750135561883,0.03806781438060887,5.73327181526952,0.7154043798518144,0.02320493912119206,0.02924280922567404,4.257995286301172
859,CATBOOST_XGBOOST,"{""alpha"": 0.5, ""cat_depth"": 6, ""cat_iterations"": 300, ""cat_l2_leaf_reg"": 5, ""cat_learning_rate"": 0.03, ""xgb_colsample_bytree"": 0.8, ""xgb_learning_rate"": 0.05, ""xgb_max_depth"": 3, ""xgb_n_estimators"": 300, ""xgb_subsample"": 0.8}",0.5,6,300,5,0.03,0.8,0.05,3,300,0.8,0.9797885450447491,0.01112570632119938,0.01396346649394628,2.574453178398786,0.4042667264123845,0.03285217746991901,0.03807953357612503,5.73029262097008,0.7035636947189523,0.02389948069072972,0.02984493798406488,4.396546064642149
860,CATBOOST_XGBOOST,"{""alpha"": 0.3, ""cat_depth"": 6, ""cat_iterations"": 300, ""cat_l2_leaf_reg"": 3, ""cat_learning_rate"": 0.05, ""xgb_colsample_bytree"": 0.8, ""xgb_learning_rate"": 0.05, ""xgb_max_depth"": 3, ""xgb_n_estimators"": 500, ""xgb_subsample"": 1.0}",0.3,6,300,3,0.05,0.8,0.05,3,500,1.0,0.9933124949888058,0.006307560129683844,0.008032052129360891,1.445131187749775,0.4042200632246743,0.03218941533105393,0.03808102491269072,5.623666788444822,0.6983715458188846,0.02417136683490398,0.03010517382599004,4.446084932079837
861,CATBOOST_XGBOOST,"{""alpha"": 0.3, ""cat_depth"": 4, ""cat_iterations"": 300, ""cat_l2_leaf_reg"": 3, ""cat_learning_rate"": 0.05, ""xgb_colsample_bytree"": 1.0, ""xgb_learning_rate"": 0.05, ""xgb_max_depth"": 3, ""xgb_n_estimators"": 500, ""xgb_subsample"": 1.0}",0.3,4,300,3,0.05,1.0,0.05,3,500,1.0,0.9910234742320588,0.007411669864726891,0.009305690393579355,1.7050417307817,0.4042177761442538,0.03207552195758223,0.03808109800535255,5.57800085272055,0.7028733088129792,0.02354735291474762,0.02987967148565489,4.312248219684075
862,CATBOOST_XGBOOST,"{""alpha"": 0.3, ""cat_depth"": 4, ""cat_iterations"": 300, ""cat_l2_leaf_reg"": 3, ""cat_learning_rate"": 0.03, ""xgb_colsample_bytree"": 0.8, ""xgb_learning_rate"": 0.05, ""xgb_max_depth"": 3, ""xgb_n_estimators"": 300, ""xgb_subsample"": 0.8}",0.3,4,300,3,0.03,0.8,0.05,3,300,0.8,0.9815176572236808,0.01068023627851962,0.013352819195602,2.480682700519754,0.404005352624207,0.03266542195003296,0.03808788622396438,5.689107008359798,0.6860036758769356,0.02414562066938698,0.03071618445449641,4.42919226985297
863,CATBOOST_XGBOOST,"{""alpha"": 0.5, ""cat_depth"": 4, ""cat_iterations"": 300, ""cat_l2_leaf_reg"": 3, ""cat_learning_rate"": 0.03, ""xgb_colsample_bytree"": 0.8, ""xgb_learning_rate"": 0.03, ""xgb_max_depth"": 3, ""xgb_n_estimators"": 500, ""xgb_subsample"": 0.8}",0.5,4,300,3,0.03,0.8,0.03,3,500,0.8,0.9757409070530999,0.01227659331161262,0.01529789717407355,2.858460526272621,0.4039919114558409,0.0325626807929834,0.03808831571004057,5.63336878558085,0.6800555602467233,0.02442075421490513,0.03100575196314795,4.460278615832949
864,CATBOOST_XGBOOST,"{""alpha"": 0.7, ""cat_depth"": 6, ""cat_iterations"": 500, ""cat_l2_leaf_reg"": 5, ""cat_learning_rate"": 0.03, ""xgb_colsample_bytree"": 0.8, ""xgb_learning_rate"": 0.05, ""xgb_max_depth"": 5, ""xgb_n_estimators"": 500, ""xgb_subsample"": 0.8}",0.7,6,500,5,0.03,0.8,0.05,5,500,0.8,0.9918460018468278,0.007017887265765054,0.008869104308172091,1.61524104539905,0.4039913599494795,0.03295954172788391,0.03808833333223727,5.741817116242622,0.7160772610235867,0.02319699252942975,0.02920821877722449,4.256756284312619
865,CATBOOST_XGBOOST,"{""alpha"": 0.5, ""cat_depth"": 4, ""cat_iterations"": 500, ""cat_l2_leaf_reg"": 5, ""cat_learning_rate"": 0.03, ""xgb_colsample_bytree"": 1.0, ""xgb_learning_rate"": 0.03, ""xgb_max_depth"": 5, ""xgb_n_estimators"": 500, ""xgb_subsample"": 1.0}",0.5,4,500,5,0.03,1.0,0.03,5,500,1.0,0.9900140340031426,0.007853780745290062,0.009814981823865032,1.823762669239166,0.4039488057217244,0.03214767386962302,0.038089693036252,5.543181911898905,0.6967553082281266,0.02410429498567484,0.03018572343305633,4.423087739063479
866,CATBOOST_XGBOOST,"{""alpha"": 0.5, ""cat_depth"": 4, ""cat_iterations"": 300, ""cat_l2_leaf_reg"": 5, ""cat_learning_rate"": 0.03, ""xgb_colsample_bytree"": 0.8, ""xgb_learning_rate"": 0.05, ""xgb_max_depth"": 5, ""xgb_n_estimators"": 500, ""xgb_subsample"": 1.0}",0.5,4,300,5,0.03,0.8,0.05,5,500,1.0,0.9867648873798317,0.009037803229990397,0.01129947534295726,2.115924686828698,0.4039293221113232,0.03253030643506544,0.03809031556555992,5.596278771464573,0.694421911026692,0.02432728722400233,0.03030163693052331,4.453637470926084
867,CATBOOST_XGBOOST,"{""alpha"": 0.7, ""cat_depth"": 6, ""cat_iterations"": 500, ""cat_l2_leaf_reg"": 5, ""cat_learning_rate"": 0.03, ""xgb_colsample_bytree"": 1.0, ""xgb_learning_rate"": 0.03, ""xgb_max_depth"": 5, ""xgb_n_estimators"": 500, ""xgb_subsample"": 0.8}",0.7,6,500,5,0.03,1.0,0.03,5,500,0.8,0.991100874876727,0.007311320609524028,0.00926548409218063,1.681937391017145,0.4039236753512464,0.03278980513374423,0.03809049598574483,5.700434774721436,0.711879614670845,0.02343500258210586,0.02942334055203686,4.304091190173732
868,CATBOOST_XGBOOST,"{""alpha"": 0.3, ""cat_depth"": 4, ""cat_iterations"": 300, ""cat_l2_leaf_reg"": 3, ""cat_learning_rate"": 0.05, ""xgb_colsample_bytree"": 0.8, ""xgb_learning_rate"": 0.03, ""xgb_max_depth"": 5, ""xgb_n_estimators"": 500, ""xgb_subsample"": 0.8}",0.3,4,300,3,0.05,0.8,0.03,5,500,0.8,0.9958406257776399,0.005064151854195256,0.006334443345234414,1.166551988768403,0.403747555046691,0.03282765862684495,0.03809612279393641,5.679442051683651,0.7256333485059823,0.02318289197432741,0.02871247608213558,4.247251214848102
869,CATBOOST_XGBOOST,"{""alpha"": 0.5, ""cat_depth"": 6, ""cat_iterations"": 500, ""cat_l2_leaf_reg"": 5, ""cat_learning_rate"": 0.03, ""xgb_colsample_bytree"": 0.8, ""xgb_learning_rate"": 0.03, ""xgb_max_depth"": 5, ""xgb_n_estimators"": 300, ""xgb_subsample"": 0.8}",0.5,6,500,5,0.03,0.8,0.03,5,300,0.8,0.9920645757791804,0.006842693265350776,0.008749425399836456,1.571584433331225,0.4037448408626557,0.03308830245594353,0.0380962095019839,5.753273744680554,0.7324782646601158,0.02291585394247872,0.02835205361073742,4.209179519826316
870,CATBOOST_XGBOOST,"{""alpha"": 0.7, ""cat_depth"": 6, ""cat_iterations"": 300, ""cat_l2_leaf_reg"": 5, ""cat_learning_rate"": 0.03, ""xgb_colsample_bytree"": 1.0, ""xgb_learning_rate"": 0.05, ""xgb_max_depth"": 5, ""xgb_n_estimators"": 300, ""xgb_subsample"": 1.0}",0.7,6,300,5,0.03,1.0,0.05,5,300,1.0,0.9818642593314774,0.01051383198105048,0.01322702293871743,2.433590892992783,0.4036067643192475,0.03258196521885117,0.03810062027172743,5.645241084358003,0.7176264480621749,0.02351519861272592,0.02912842438161196,4.329489748142416
871,CATBOOST_XGBOOST,"{""alpha"": 0.5, ""cat_depth"": 4, ""cat_iterations"": 500, ""cat_l2_leaf_reg"": 5, ""cat_learning_rate"": 0.03, ""xgb_colsample_bytree"": 1.0, ""xgb_learning_rate"": 0.05, ""xgb_max_depth"": 5, ""xgb_n_estimators"": 500, ""xgb_subsample"": 1.0}",0.5,4,500,5,0.03,1.0,0.05,5,500,1.0,0.99143810606855,0.007293575339426755,0.009088231474821375,1.692872777776744,0.4032841237426558,0.03241379201809019,0.03811092483526641,5.589366595402756,0.6985049981090194,0.02401434586438966,0.03009851323276489,4.40443046210369
872,CATBOOST_XGBOOST,"{""alpha"": 0.5, ""cat_depth"": 4, ""cat_iterations"": 300, ""cat_l2_leaf_reg"": 5, ""cat_learning_rate"": 0.05, ""xgb_colsample_bytree"": 1.0, ""xgb_learning_rate"": 0.03, ""xgb_max_depth"": 5, ""xgb_n_estimators"": 500, ""xgb_subsample"": 1.0}",0.5,4,300,5,0.05,1.0,0.03,5,500,1.0,0.9905877443931972,0.007575152099765479,0.00952886808155142,1.762060534684796,0.4032838250608788,0.03203096956480626,0.03811093437333786,5.514835753976898,0.6974480767891027,0.02409708579840757,0.03015122377366399,4.415529587594952
873,CATBOOST_XGBOOST,"{""alpha"": 0.3, ""cat_depth"": 4, ""cat_iterations"": 300, ""cat_l2_leaf_reg"": 3, ""cat_learning_rate"": 0.05, ""xgb_colsample_bytree"": 0.8, ""xgb_learning_rate"": 0.05, ""xgb_max_depth"": 3, ""xgb_n_estimators"": 500, ""xgb_subsample"": 0.8}",0.3,4,300,3,0.05,0.8,0.05,3,500,0.8,0.9911559134548489,0.007398387369486894,0.00923678745071496,1.703269782621163,0.4030506918289382,0.03239914826048593,0.03811837849671201,5.645277817339026,0.6821922750990443,0.02431743221246928,0.03090204421731979,4.45255086923689
874,CATBOOST_XGBOOST,"{""alpha"": 0.5, ""cat_depth"": 6, ""cat_iterations"": 500, ""cat_l2_leaf_reg"": 5, ""cat_learning_rate"": 0.03, ""xgb_colsample_bytree"": 1.0, ""xgb_learning_rate"": 0.05, ""xgb_max_depth"": 3, ""xgb_n_estimators"": 500, ""xgb_subsample"": 0.8}",0.5,6,500,5,0.03,1.0,0.05,3,500,0.8,0.9912158760530118,0.007244745296904188,0.009205421647231407,1.665092943565406,0.4030188243456803,0.03275285141710093,0.03811939593702103,5.715765116471302,0.7066361660492926,0.02361744427291962,0.02968986831356448,4.342894229495438
875,CATBOOST_XGBOOST,"{""alpha"": 0.5, ""cat_depth"": 4, ""cat_iterations"": 300, ""cat_l2_leaf_reg"": 3, ""cat_learning_rate"": 0.03, ""xgb_colsample_bytree"": 1.0, ""xgb_learning_rate"": 0.05, ""xgb_max_depth"": 5, ""xgb_n_estimators"": 500, ""xgb_subsample"": 0.8}",0.5,4,300,3,0.03,1.0,0.05,5,500,0.8,0.9881542897008401,0.008559091198879442,0.01068993370410942,1.997944842856892,0.4029058394544691,0.03218011023538829,0.0381230030122654,5.542272742001521,0.6998111061838697,0.02397766469421403,0.0300332475082364,4.386060295149325
876,CATBOOST_XGBOOST,"{""alpha"": 0.3, ""cat_depth"": 6, ""cat_iterations"": 300, ""cat_l2_leaf_reg"": 5, ""cat_learning_rate"": 0.05, ""xgb_colsample_bytree"": 0.8, ""xgb_learning_rate"": 0.05, ""xgb_max_depth"": 3, ""xgb_n_estimators"": 500, ""xgb_subsample"": 1.0}",0.3,6,300,5,0.05,0.8,0.05,3,500,1.0,0.9924648732708721,0.006697068287955271,0.008525890265529457,1.539013138021738,0.4028490133507726,0.032204048772344,0.0381248170730315,5.625717921371896,0.7007486961504481,0.02402210378497286,0.02998630890741305,4.418180487919616
877,CATBOOST_XGBOOST,"{""alpha"": 0.7, ""cat_depth"": 6, ""cat_iterations"": 300, ""cat_l2_leaf_reg"": 5, ""cat_learning_rate"": 0.03, ""xgb_colsample_bytree"": 1.0, ""xgb_learning_rate"": 0.03, ""xgb_max_depth"": 5, ""xgb_n_estimators"": 300, ""xgb_subsample"": 1.0}",0.7,6,300,5,0.03,1.0,0.03,5,300,1.0,0.9799943876381045,0.01103526521298937,0.01389217939713329,2.555082123764637,0.4027484965655793,0.0325203162308965,0.038128025660878,5.635931214509483,0.7151391979758974,0.02365940756438887,0.02925643005621478,4.357344996638542
878,CATBOOST_XGBOOST,"{""alpha"": 0.7, ""cat_depth"": 6, ""cat_iterations"": 500, ""cat_l2_leaf_reg"": 5, ""cat_learning_rate"": 0.03, ""xgb_colsample_bytree"": 0.8, ""xgb_learning_rate"": 0.03, ""xgb_max_depth"": 3, ""xgb_n_estimators"": 500, ""xgb_subsample"": 0.8}",0.7,6,500,5,0.03,0.8,0.03,3,500,0.8,0.9858572927726573,0.009254773042458635,0.01168048117248623,2.13261850220602,0.4024575395396761,0.03290812443942564,0.03813731175402597,5.738462104635582,0.6998412606826248,0.02383254139460938,0.03003173902426578,4.377012541103411
879,CATBOOST_XGBOOST,"{""alpha"": 0.5, ""cat_depth"": 4, ""cat_iterations"": 300, ""cat_l2_leaf_reg"": 3, ""cat_learning_rate"": 0.03, ""xgb_colsample_bytree"": 1.0, ""xgb_learning_rate"": 0.03, ""xgb_max_depth"": 5, ""xgb_n_estimators"": 500, ""xgb_subsample"": 0.8}",0.5,4,300,3,0.03,1.0,0.03,5,500,0.8,0.9867627746362886,0.009050206629156959,0.01130037718420394,2.109877762775604,0.4024047791158679,0.03226642863663454,0.03813899539698887,5.552094604754918,0.6975836533135011,0.02411089889338943,0.03014446748513906,4.418283766947368
880,CATBOOST_XGBOOST,"{""alpha"": 0.7, ""cat_depth"": 6, ""cat_iterations"": 500, ""cat_l2_leaf_reg"": 5, ""cat_learning_rate"": 0.03, ""xgb_colsample_bytree"": 1.0, ""xgb_learning_rate"": 0.03, ""xgb_max_depth"": 5, ""xgb_n_estimators"": 300, ""xgb_subsample"": 0.8}",0.7,6,500,5,0.03,1.0,0.03,5,300,0.8,0.9894937236932264,0.007932673550339647,0.01006743576611769,1.824025064892607,0.4021942084873534,0.03278968856820908,0.03814571419645581,5.699359749337939,0.7110810913462045,0.02346773778939156,0.02946408561595675,4.310591448857222
881,CATBOOST_XGBOOST,"{""alpha"": 0.7, ""cat_depth"": 6, ""cat_iterations"": 300, ""cat_l2_leaf_reg"": 3, ""cat_learning_rate"": 0.03, ""xgb_colsample_bytree"": 0.8, ""xgb_learning_rate"": 0.05, ""xgb_max_depth"": 3, ""xgb_n_estimators"": 500, ""xgb_subsample"": 1.0}",0.7,6,300,3,0.03,0.8,0.05,3,500,1.0,0.9814372549606268,0.01064536630839732,0.01338183153000894,2.458417692742199,0.4021354870857842,0.03267837802807074,0.03814758764334183,5.685476853725294,0.7057228147846171,0.02396784486025017,0.02973605022468105,4.407956996838397
882,CATBOOST_XGBOOST,"{""alpha"": 0.3, ""cat_depth"": 4, ""cat_iterations"": 500, ""cat_l2_leaf_reg"": 3, ""cat_learning_rate"": 0.03, ""xgb_colsample_bytree"": 0.8, ""xgb_learning_rate"": 0.05, ""xgb_max_depth"": 3, ""xgb_n_estimators"": 300, ""xgb_subsample"": 0.8}",0.3,4,500,3,0.03,0.8,0.05,3,300,0.8,0.9852819594451206,0.009487893330111446,0.01191569712877443,2.194458423761944,0.4020946004138858,0.03258876070119786,0.03814889203689614,5.685588567408396,0.6820524302615089,0.02431850516802106,0.03090884237816195,4.457205467680294
883,CATBOOST_XGBOOST,"{""alpha"": 0.5, ""cat_depth"": 4, ""cat_iterations"": 300, ""cat_l2_leaf_reg"": 5, ""cat_learning_rate"": 0.05, ""xgb_colsample_bytree"": 1.0, ""xgb_learning_rate"": 0.05, ""xgb_max_depth"": 5, ""xgb_n_estimators"": 500, ""xgb_subsample"": 1.0}",0.5,4,300,5,0.05,1.0,0.05,5,500,1.0,0.9919694504386375,0.007022742249828596,0.008801710736180721,1.633135548135549,0.4020348351524133,0.03230741831068761,0.03815079862741743,5.562910698428162,0.6989556077023169,0.02399706328884521,0.03007601244477061,4.39495351410003
884,CATBOOST_XGBOOST,"{""alpha"": 0.5, ""cat_depth"": 4, ""cat_iterations"": 300, ""cat_l2_leaf_reg"": 3, ""cat_learning_rate"": 0.03, ""xgb_colsample_bytree"": 1.0, ""xgb_learning_rate"": 0.03, ""xgb_max_depth"": 3, ""xgb_n_estimators"": 300, ""xgb_subsample"": 0.8}",0.5,4,300,3,0.03,1.0,0.03,3,300,0.8,0.9691292691053858,0.01380637598789656,0.01725710391293355,3.219663044182348,0.4020160511822425,0.03247966137680498,0.03815139784111563,5.615471832413519,0.6802396554990849,0.02456278116815476,0.03099683036246777,4.486086498692125
885,CATBOOST_XGBOOST,"{""alpha"": 0.5, ""cat_depth"": 6, ""cat_iterations"": 300, ""cat_l2_leaf_reg"": 3, ""cat_learning_rate"": 0.03, ""xgb_colsample_bytree"": 0.8, ""xgb_learning_rate"": 0.05, ""xgb_max_depth"": 3, ""xgb_n_estimators"": 500, ""xgb_subsample"": 1.0}",0.5,6,300,3,0.03,0.8,0.05,3,500,1.0,0.9865060884616254,0.00905101097602039,0.01140941527259367,2.085391149244989,0.4019789077164377,0.03256167647029703,0.03815258269995622,5.671090527161464,0.7068326983553261,0.02393038130078142,0.02967992162757864,4.406048001137867
886,CATBOOST_XGBOOST,"{""alpha"": 0.3, ""cat_depth"": 4, ""cat_iterations"": 300, ""cat_l2_leaf_reg"": 3, ""cat_learning_rate"": 0.03, ""xgb_colsample_bytree"": 0.8, ""xgb_learning_rate"": 0.03, ""xgb_max_depth"": 5, ""xgb_n_estimators"": 300, ""xgb_subsample"": 0.8}",0.3,4,300,3,0.03,0.8,0.03,5,300,0.8,0.9903055783512021,0.007683759321396346,0.00967064432445413,1.780825032624381,0.4019247983024062,0.03270394061597772,0.03815430869860827,5.647341697328952,0.7297380131485731,0.02305625712993975,0.02849689010232384,4.228230327962177
887,CATBOOST_XGBOOST,"{""alpha"": 0.5, ""cat_depth"": 4, ""cat_iterations"": 300, ""cat_l2_leaf_reg"": 5, ""cat_learning_rate"": 0.03, ""xgb_colsample_bytree"": 0.8, ""xgb_learning_rate"": 0.05, ""xgb_max_depth"": 5, ""xgb_n_estimators"": 300, ""xgb_subsample"": 1.0}",0.5,4,300,5,0.03,0.8,0.05,5,300,1.0,0.9851618561107766,0.009570084353511886,0.01196421606130462,2.235984964880335,0.4019047541452567,0.03259106880392906,0.03815494805345002,5.607574863884106,0.6914352976193876,0.02447990091126122,0.03044935567306751,4.485286752525202
888,CATBOOST_XGBOOST,"{""alpha"": 0.7, ""cat_depth"": 4, ""cat_iterations"": 500, ""cat_l2_leaf_reg"": 3, ""cat_learning_rate"": 0.05, ""xgb_colsample_bytree"": 1.0, ""xgb_learning_rate"": 0.03, ""xgb_max_depth"": 5, ""xgb_n_estimators"": 500, ""xgb_subsample"": 1.0}",0.7,4,500,3,0.05,1.0,0.03,5,500,1.0,0.9928589144926996,0.006708009283894555,0.008299970998777396,1.539886410109354,0.4017377907827598,0.03239310426837246,0.03816027332056744,5.595015452621738,0.6743896196431525,0.02442859087876588,0.03127908971776547,4.457855363224665
889,CATBOOST_XGBOOST,"{""alpha"": 0.5, ""cat_depth"": 6, ""cat_iterations"": 500, ""cat_l2_leaf_reg"": 5, ""cat_learning_rate"": 0.03, ""xgb_colsample_bytree"": 1.0, ""xgb_learning_rate"": 0.05, ""xgb_max_depth"": 3, ""xgb_n_estimators"": 300, ""xgb_subsample"": 0.8}",0.5,6,500,5,0.03,1.0,0.05,3,300,0.8,0.9869670831785025,0.008834677732703952,0.01121283083153614,2.039943897323486,0.401540288392042,0.03278416140052361,0.03816657166532113,5.718308757628749,0.7039801754176631,0.02366208460787919,0.02982396516574748,4.35378279899726
890,CATBOOST_XGBOOST,"{""alpha"": 0.7, ""cat_depth"": 6, ""cat_iterations"": 500, ""cat_l2_leaf_reg"": 5, ""cat_learning_rate"": 0.03, ""xgb_colsample_bytree"": 1.0, ""xgb_learning_rate"": 0.05, ""xgb_max_depth"": 5, ""xgb_n_estimators"": 500, ""xgb_subsample"": 0.8}",0.7,6,500,5,0.03,1.0,0.05,5,500,0.8,0.9918603358280207,0.007010384214393303,0.0088613053430719,1.613405357774196,0.4014213732489578,0.0328753936689157,0.03817036336408429,5.722257163766406,0.7114382880458023,0.02351714777952236,0.02944586643966797,4.317063066319355
891,CATBOOST_XGBOOST,"{""alpha"": 0.3, ""cat_depth"": 6, ""cat_iterations"": 500, ""cat_l2_leaf_reg"": 3, ""cat_learning_rate"": 0.05, ""xgb_colsample_bytree"": 0.8, ""xgb_learning_rate"": 0.05, ""xgb_max_depth"": 3, ""xgb_n_estimators"": 300, ""xgb_subsample"": 1.0}",0.3,6,500,3,0.05,0.8,0.05,3,300,1.0,0.9907893989157696,0.00738081430897404,0.009426238952851532,1.705140072161369,0.401294190269632,0.03236768088927687,0.03817441827222308,5.65392076110933,0.6950071953084741,0.0244418423520603,0.03027260413540568,4.494795995520587
892,CATBOOST_XGBOOST,"{""alpha"": 0.7, ""cat_depth"": 6, ""cat_iterations"": 500, ""cat_l2_leaf_reg"": 5, ""cat_learning_rate"": 0.03, ""xgb_colsample_bytree"": 0.8, ""xgb_learning_rate"": 0.03, ""xgb_max_depth"": 5, ""xgb_n_estimators"": 500, ""xgb_subsample"": 1.0}",0.7,6,500,5,0.03,0.8,0.03,5,500,1.0,0.9907889919379503,0.007440644718653581,0.009426447203527115,1.711246114557824,0.4012531726836069,0.03273425817129844,0.03817572592252655,5.686125663608857,0.7166832791381776,0.02321258797858007,0.02917703042447163,4.257770753663016
893,CATBOOST_XGBOOST,"{""alpha"": 0.3, ""cat_depth"": 4, ""cat_iterations"": 500, ""cat_l2_leaf_reg"": 5, ""cat_learning_rate"": 0.05, ""xgb_colsample_bytree"": 1.0, ""xgb_learning_rate"": 0.05, ""xgb_max_depth"": 3, ""xgb_n_estimators"": 500, ""xgb_subsample"": 1.0}",0.3,4,500,5,0.05,1.0,0.05,3,500,1.0,0.9928668880833345,0.006517040060019295,0.008295335915270305,1.497318667167346,0.4012018104890455,0.03201064619002608,0.03817736329822877,5.569033629893845,0.7009136357392531,0.02372792572277089,0.02997804392894453,4.34360135642651
894,CATBOOST_XGBOOST,"{""alpha"": 0.7, ""cat_depth"": 4, ""cat_iterations"": 500, ""cat_l2_leaf_reg"": 3, ""cat_learning_rate"": 0.05, ""xgb_colsample_bytree"": 1.0, ""xgb_learning_rate"": 0.05, ""xgb_max_depth"": 5, ""xgb_n_estimators"": 500, ""xgb_subsample"": 1.0}",0.7,4,500,3,0.05,1.0,0.05,5,500,1.0,0.9936135647500285,0.006366145779186749,0.007849169631665232,1.46068291181751,0.4011122046274627,0.03254356441738376,0.03818021967590485,5.620577936432718,0.6756095914075705,0.02436987352924257,0.03122043769212584,4.445436773852798
895,CATBOOST_XGBOOST,"{""alpha"": 0.5, ""cat_depth"": 4, ""cat_iterations"": 500, ""cat_l2_leaf_reg"": 3, ""cat_learning_rate"": 0.03, ""xgb_colsample_bytree"": 0.8, ""xgb_learning_rate"": 0.03, ""xgb_max_depth"": 3, ""xgb_n_estimators"": 300, ""xgb_subsample"": 0.8}",0.5,4,500,3,0.03,0.8,0.03,3,300,0.8,0.9774046872964686,0.01180925154748524,0.01476398639239015,2.741680005435095,0.4010353478798201,0.03260762414006339,0.03818266947818195,5.655037746254679,0.6787643416757816,0.02437328188664557,0.03106825483234951,4.448035084674984
896,CATBOOST_XGBOOST,"{""alpha"": 0.5, ""cat_depth"": 4, ""cat_iterations"": 300, ""cat_l2_leaf_reg"": 3, ""cat_learning_rate"": 0.03, ""xgb_colsample_bytree"": 1.0, ""xgb_learning_rate"": 0.05, ""xgb_max_depth"": 5, ""xgb_n_estimators"": 300, ""xgb_subsample"": 0.8}",0.5,4,300,3,0.03,1.0,0.05,5,300,0.8,0.9866178227794853,0.009089858770882808,0.0113620801019271,2.118939045390408,0.400887008068924,0.03216051448739445,0.03818739735261124,5.537199952465461,0.6979267046581026,0.02404801083302463,0.03012736517811515,4.397692454936237
897,CATBOOST_XGBOOST,"{""alpha"": 0.5, ""cat_depth"": 6, ""cat_iterations"": 300, ""cat_l2_leaf_reg"": 5, ""cat_learning_rate"": 0.03, ""xgb_colsample_bytree"": 0.8, ""xgb_learning_rate"": 0.03, ""xgb_max_depth"": 5, ""xgb_n_estimators"": 500, ""xgb_subsample"": 0.8}",0.5,6,300,5,0.03,0.8,0.03,5,500,0.8,0.9896213566675341,0.007930261127552117,0.01000609799740171,1.834137090001891,0.400789902580058,0.03308522979742793,0.03819049197390315,5.744343611718383,0.7342595656857622,0.0230506499448607,0.02825750448375182,4.23667318436219
898,CATBOOST_XGBOOST,"{""alpha"": 0.7, ""cat_depth"": 6, ""cat_iterations"": 500, ""cat_l2_leaf_reg"": 5, ""cat_learning_rate"": 0.03, ""xgb_colsample_bytree"": 1.0, ""xgb_learning_rate"": 0.03, ""xgb_max_depth"": 3, ""xgb_n_estimators"": 300, ""xgb_subsample"": 0.8}",0.7,6,500,5,0.03,1.0,0.03,3,300,0.8,0.983170041171568,0.01009998134403577,0.01274195259479511,2.331661736728922,0.4007597993379105,0.0327966798565634,0.03819145127281496,5.715741884589341,0.7003615494801555,0.02384681792604485,0.03000569954531729,4.37598325902355
899,CATBOOST_XGBOOST,"{""alpha"": 0.5, ""cat_depth"": 6, ""cat_iterations"": 300, ""cat_l2_leaf_reg"": 3, ""cat_learning_rate"": 0.05, ""xgb_colsample_bytree"": 0.8, ""xgb_learning_rate"": 0.03, ""xgb_max_depth"": 3, ""xgb_n_estimators"": 500, ""xgb_subsample"": 1.0}",0.5,6,300,3,0.05,0.8,0.03,3,500,1.0,0.9880239231440681,0.008553044638655498,0.01074859614254059,1.974110933277086,0.4007486151117227,0.03278984824114043,0.03819180767400098,5.724558894559246,0.7013580316085957,0.02419167107267007,0.02995576429199831,4.447719373307132
900,CATBOOST_XGBOOST,"{""alpha"": 0.5, ""cat_depth"": 4, ""cat_iterations"": 500, ""cat_l2_leaf_reg"": 5, ""cat_learning_rate"": 0.03, ""xgb_colsample_bytree"": 1.0, ""xgb_learning_rate"": 0.05, ""xgb_max_depth"": 5, ""xgb_n_estimators"": 300, ""xgb_subsample"": 1.0}",0.5,4,500,5,0.03,1.0,0.05,5,300,1.0,0.9899400858662846,0.007881404423165837,0.009851255775610437,1.828673028506353,0.4006513456880988,0.03241110043576422,0.03819490716152551,5.587357028120397,0.6975190884292983,0.02406377285584212,0.03014768518518105,4.413901119510148
901,CATBOOST_XGBOOST,"{""alpha"": 0.5, ""cat_depth"": 4, ""cat_iterations"": 300, ""cat_l2_leaf_reg"": 3, ""cat_learning_rate"": 0.05, ""xgb_colsample_bytree"": 1.0, ""xgb_learning_rate"": 0.03, ""xgb_max_depth"": 3, ""xgb_n_estimators"": 500, ""xgb_subsample"": 0.8}",0.5,4,300,3,0.05,1.0,0.03,3,500,0.8,0.9830516493552034,0.01028764188479227,0.01278669124280295,2.378834728488581,0.4005397057732901,0.03231325390626444,0.03819846425438243,5.599312545401154,0.66911021819185,0.02447040658506836,0.03153164750655053,4.462697791480689
902,CATBOOST_XGBOOST,"{""alpha"": 0.3, ""cat_depth"": 4, ""cat_iterations"": 500, ""cat_l2_leaf_reg"": 5, ""cat_learning_rate"": 0.05, ""xgb_colsample_bytree"": 0.8, ""xgb_learning_rate"": 0.05, ""xgb_max_depth"": 3, ""xgb_n_estimators"": 500, ""xgb_subsample"": 0.8}",0.3,4,500,5,0.05,0.8,0.05,3,500,0.8,0.9929875336139374,0.006500096742934999,0.008224885380566625,1.495568796757223,0.4005092277880287,0.03233067506420802,0.03819943529236802,5.63572621782649,0.6799861827220918,0.02452097268890623,0.03100911346197926,4.488944460042661
903,CATBOOST_XGBOOST,"{""alpha"": 0.7, ""cat_depth"": 6, ""cat_iterations"": 500, ""cat_l2_leaf_reg"": 5, ""cat_learning_rate"": 0.03, ""xgb_colsample_bytree"": 1.0, ""xgb_learning_rate"": 0.05, ""xgb_max_depth"": 5, ""xgb_n_estimators"": 300, ""xgb_subsample"": 0.8}",0.7,6,500,5,0.03,1.0,0.05,5,300,0.8,0.9910295201849316,0.007342518214939531,0.009302556038278604,1.689342135308805,0.4003160907919888,0.03285870508940252,0.03820558812273923,5.718239456552638,0.7104845265318438,0.02353806222698427,0.0294944889093179,4.31965036550013
904,CATBOOST_XGBOOST,"{""alpha"": 0.7, ""cat_depth"": 4, ""cat_iterations"": 500, ""cat_l2_leaf_reg"": 3, ""cat_learning_rate"": 0.03, ""xgb_colsample_bytree"": 0.8, ""xgb_learning_rate"": 0.05, ""xgb_max_depth"": 5, ""xgb_n_estimators"": 500, ""xgb_subsample"": 1.0}",0.7,4,500,3,0.03,0.8,0.05,5,500,1.0,0.9873987645690822,0.00890556314336607,0.01102556924246654,2.062634696036812,0.4000874729082803,0.03235435595758556,0.03821286999929459,5.579987002813295,0.6818336630070612,0.02397033803324051,0.03091947413082968,4.360267481423514
905,CATBOOST_XGBOOST,"{""alpha"": 0.5, ""cat_depth"": 6, ""cat_iterations"": 300, ""cat_l2_leaf_reg"": 5, ""cat_learning_rate"": 0.03, ""xgb_colsample_bytree"": 1.0, ""xgb_learning_rate"": 0.05, ""xgb_max_depth"": 3, ""xgb_n_estimators"": 500, ""xgb_subsample"": 0.8}",0.5,6,300,5,0.03,1.0,0.05,3,500,0.8,0.9856016646358836,0.009345559056752783,0.01178557024354437,2.159776044775765,0.4000834391777671,0.03284754969800308,0.03821299846815767,5.722165333281575,0.7097999400248726,0.02359221909053461,0.02952933956305933,4.338581084203465
906,CATBOOST_XGBOOST,"{""alpha"": 0.7, ""cat_depth"": 6, ""cat_iterations"": 500, ""cat_l2_leaf_reg"": 5, ""cat_learning_rate"": 0.03, ""xgb_colsample_bytree"": 0.8, ""xgb_learning_rate"": 0.03, ""xgb_max_depth"": 5, ""xgb_n_estimators"": 300, ""xgb_subsample"": 1.0}",0.7,6,500,5,0.03,0.8,0.03,5,300,1.0,0.9895029070799595,0.007930223757889817,0.01006303490299635,1.824807778550896,0.4000458311531848,0.03282323636956525,0.03821419621210871,5.701464765509916,0.7170732068821645,0.02322585930523989,0.02915694539239353,4.260561607226498
907,CATBOOST_XGBOOST,"{""alpha"": 0.3, ""cat_depth"": 6, ""cat_iterations"": 500, ""cat_l2_leaf_reg"": 5, ""cat_learning_rate"": 0.05, ""xgb_colsample_bytree"": 0.8, ""xgb_learning_rate"": 0.05, ""xgb_max_depth"": 3, ""xgb_n_estimators"": 300, ""xgb_subsample"": 1.0}",0.3,6,500,5,0.05,0.8,0.05,3,300,1.0,0.9896535407286836,0.007819740230634106,0.009990571550179588,1.806174055031833,0.4000133197292299,0.03246821403980623,0.0382152316087838,5.670398550865209,0.6986548389228568,0.02414313824386052,0.03009103293261632,4.436886460512778
908,CATBOOST_XGBOOST,"{""alpha"": 0.3, ""cat_depth"": 4, ""cat_iterations"": 500, ""cat_l2_leaf_reg"": 3, ""cat_learning_rate"": 0.05, ""xgb_colsample_bytree"": 1.0, ""xgb_learning_rate"": 0.05, ""xgb_max_depth"": 3, ""xgb_n_estimators"": 300, ""xgb_subsample"": 0.8}",0.3,4,500,3,0.05,1.0,0.05,3,300,0.8,0.988749602642002,0.008209665294642338,0.01041785693479447,1.898925949202233,0.3999847210271408,0.03238810955044749,0.03821614237316975,5.635810867476653,0.6805759110691645,0.02448938601484576,0.03098052815580218,4.489705542215329
909,CATBOOST_XGBOOST,"{""alpha"": 0.7, ""cat_depth"": 4, ""cat_iterations"": 500, ""cat_l2_leaf_reg"": 3, ""cat_learning_rate"": 0.05, ""xgb_colsample_bytree"": 1.0, ""xgb_learning_rate"": 0.05, ""xgb_max_depth"": 5, ""xgb_n_estimators"": 300, ""xgb_subsample"": 1.0}",0.7,4,500,3,0.05,1.0,0.05,5,300,1.0,0.9928180382272979,0.006727557762732175,0.008323692020982496,1.544076619520907,0.3995442374840295,0.03253431776618036,0.03823016742723949,5.61775323008002,0.6748517856556693,0.02440688112386388,0.03125688332266084,4.452726607142038
910,CATBOOST_XGBOOST,"{""alpha"": 0.5, ""cat_depth"": 4, ""cat_iterations"": 300, ""cat_l2_leaf_reg"": 3, ""cat_learning_rate"": 0.03, ""xgb_colsample_bytree"": 1.0, ""xgb_learning_rate"": 0.03, ""xgb_max_depth"": 5, ""xgb_n_estimators"": 300, ""xgb_subsample"": 0.8}",0.5,4,300,3,0.03,1.0,0.03,5,300,0.8,0.983544453101487,0.01008252621782417,0.01259942189157089,2.345598024968559,0.3995156245123012,0.03232759228970215,0.03823107829006816,5.562304507550308,0.6962806730732035,0.02414956131804096,0.03020933737271442,4.426401642728852
911,CATBOOST_XGBOOST,"{""alpha"": 0.7, ""cat_depth"": 6, ""cat_iterations"": 500, ""cat_l2_leaf_reg"": 3, ""cat_learning_rate"": 0.03, ""xgb_colsample_bytree"": 0.8, ""xgb_learning_rate"": 0.03, ""xgb_max_depth"": 3, ""xgb_n_estimators"": 500, ""xgb_subsample"": 1.0}",0.7,6,500,3,0.03,0.8,0.03,3,500,1.0,0.9884434465047552,0.00833002293014911,0.01055865562018221,1.918474578836293,0.3993334434283099,0.03285174864060926,0.03823687731779712,5.725538485473556,0.7044302566850812,0.02377531211867302,0.02980128372161043,4.374561207669808
912,CATBOOST_XGBOOST,"{""alpha"": 0.5, ""cat_depth"": 4, ""cat_iterations"": 300, ""cat_l2_leaf_reg"": 5, ""cat_learning_rate"": 0.05, ""xgb_colsample_bytree"": 1.0, ""xgb_learning_rate"": 0.05, ""xgb_max_depth"": 5, ""xgb_n_estimators"": 300, ""xgb_subsample"": 1.0}",0.5,4,300,5,0.05,1.0,0.05,5,300,1.0,0.9905185717400108,0.007608153746317477,0.009563818815461086,1.768482392386393,0.3992801604401208,0.0322987258865441,0.03823857320870377,5.559634165837299,0.6979313751608565,0.02404734076807849,0.03012713227026116,4.404576901521702
913,CATBOOST_XGBOOST,"{""alpha"": 0.3, ""cat_depth"": 6, ""cat_iterations"": 500, ""cat_l2_leaf_reg"": 3, ""cat_learning_rate"": 0.03, ""xgb_colsample_bytree"": 1.0, ""xgb_learning_rate"": 0.03, ""xgb_max_depth"": 3, ""xgb_n_estimators"": 300, ""xgb_subsample"": 1.0}",0.3,6,500,3,0.03,1.0,0.03,3,300,1.0,0.9812842399460168,0.01060189966879677,0.013436872385941,2.466562829060622,0.3991975271404632,0.03268878705171459,0.03824120311254187,5.695779877845388,0.711826406210929,0.02395817200698524,0.02942605729552768,4.416493001756624
914,CATBOOST_XGBOOST,"{""alpha"": 0.3, ""cat_depth"": 4, ""cat_iterations"": 500, ""cat_l2_leaf_reg"": 5, ""cat_learning_rate"": 0.05, ""xgb_colsample_bytree"": 0.8, ""xgb_learning_rate"": 0.03, ""xgb_max_depth"": 5, ""xgb_n_estimators"": 300, ""xgb_subsample"": 0.8}",0.3,4,500,5,0.05,0.8,0.03,5,300,0.8,0.9945174503917752,0.005639032523339493,0.007272533714218095,1.294716404273979,0.3991707501332934,0.03281624629482208,0.03824205528410158,5.67920273683804,0.7241621067598062,0.02328110391044918,0.02878935589685626,4.264998327304267
915,CATBOOST_XGBOOST,"{""alpha"": 0.5, ""cat_depth"": 4, ""cat_iterations"": 500, ""cat_l2_leaf_reg"": 5, ""cat_learning_rate"": 0.03, ""xgb_colsample_bytree"": 1.0, ""xgb_learning_rate"": 0.03, ""xgb_max_depth"": 5, ""xgb_n_estimators"": 300, ""xgb_subsample"": 1.0}",0.5,4,500,5,0.03,1.0,0.03,5,300,1.0,0.9874848674644982,0.008751756541755577,0.01098783640753064,2.032064439504014,0.3991647903087727,0.03228629120060485,0.03824224495144356,5.566616275269375,0.6940353594986554,0.02427926761445746,0.03032079642294904,4.456240795147983
916,CATBOOST_XGBOOST,"{""alpha"": 0.7, ""cat_depth"": 4, ""cat_iterations"": 500, ""cat_l2_leaf_reg"": 3, ""cat_learning_rate"": 0.05, ""xgb_colsample_bytree"": 1.0, ""xgb_learning_rate"": 0.03, ""xgb_max_depth"": 5, ""xgb_n_estimators"": 300, ""xgb_subsample"": 1.0}",0.7,4,500,3,0.05,1.0,0.03,5,300,1.0,0.9916282695668792,0.007234159113138481,0.008986737910570489,1.66177809562285,0.3989788018001662,0.03247684014199474,0.03824816343595238,5.609253031209093,0.672733120664077,0.02454052050564174,0.0313585528606696,4.479104757919062
917,CATBOOST_XGBOOST,"{""alpha"": 0.7, ""cat_depth"": 6, ""cat_iterations"": 300, ""cat_l2_leaf_reg"": 5, ""cat_learning_rate"": 0.03, ""xgb_colsample_bytree"": 1.0, ""xgb_learning_rate"": 0.03, ""xgb_max_depth"": 3, ""xgb_n_estimators"": 500, ""xgb_subsample"": 0.8}",0.7,6,300,5,0.03,1.0,0.03,3,500,0.8,0.9755738922157341,0.0122187015026769,0.01535046701607623,2.82915413067796,0.3988251086367481,0.03276451021166723,0.03825305353424482,5.699951964634218,0.7006521955716324,0.02391255159155094,0.02999114341085799,4.388200888788906
918,CATBOOST_XGBOOST,"{""alpha"": 0.3, ""cat_depth"": 4, ""cat_iterations"": 500, ""cat_l2_leaf_reg"": 3, ""cat_learning_rate"": 0.05, ""xgb_colsample_bytree"": 1.0, ""xgb_learning_rate"": 0.05, ""xgb_max_depth"": 3, ""xgb_n_estimators"": 300, ""xgb_subsample"": 1.0}",0.3,4,500,3,0.05,1.0,0.05,3,300,1.0,0.9882014721918191,0.008407571961031434,0.0106686229960313,1.948958481865279,0.39877993219969,0.03235166592500222,0.03825449080668025,5.629452850924209,0.6922190961864545,0.02421148006004889,0.03041065821949029,4.441676126986476
919,CATBOOST_XGBOOST,"{""alpha"": 0.3, ""cat_depth"": 4, ""cat_iterations"": 500, ""cat_l2_leaf_reg"": 3, ""cat_learning_rate"": 0.05, ""xgb_colsample_bytree"": 1.0, ""xgb_learning_rate"": 0.05, ""xgb_max_depth"": 3, ""xgb_n_estimators"": 500, ""xgb_subsample"": 0.8}",0.3,4,500,3,0.05,1.0,0.05,3,500,0.8,0.9939569501854723,0.006036815959445888,0.007635237406625695,1.38658277707043,0.3987706389805079,0.03226926341040461,0.03825478646047911,5.61549108277921,0.6819876362423782,0.02460839975417118,0.03091199164913175,4.505968295848121
920,CATBOOST_XGBOOST,"{""alpha"": 0.3, ""cat_depth"": 4, ""cat_iterations"": 300, ""cat_l2_leaf_reg"": 3, ""cat_learning_rate"": 0.03, ""xgb_colsample_bytree"": 1.0, ""xgb_learning_rate"": 0.05, ""xgb_max_depth"": 3, ""xgb_n_estimators"": 500, ""xgb_subsample"": 0.8}",0.3,4,300,3,0.03,1.0,0.05,3,500,0.8,0.9890526267893496,0.008217173955486766,0.01027659923295352,1.904911965505066,0.3987297031981829,0.03242755525644525,0.03825608876127982,5.632766307129661,0.6923033503175837,0.02395417370179991,0.03040649551977772,4.388552636140551
921,CATBOOST_XGBOOST,"{""alpha"": 0.5, ""cat_depth"": 6, ""cat_iterations"": 500, ""cat_l2_leaf_reg"": 5, ""cat_learning_rate"": 0.03, ""xgb_colsample_bytree"": 1.0, ""xgb_learning_rate"": 0.05, ""xgb_max_depth"": 3, ""xgb_n_estimators"": 300, ""xgb_subsample"": 1.0}",0.5,6,500,5,0.03,1.0,0.05,3,300,1.0,0.9865691565865129,0.008962899705851771,0.01138272126390423,2.072066626139436,0.3986709866854292,0.03275187635240797,0.03825795664773543,5.71209515463086,0.7112885936112648,0.02352972108178293,0.02945350312643708,4.329497720359552
922,CATBOOST_XGBOOST,"{""alpha"": 0.7, ""cat_depth"": 4, ""cat_iterations"": 500, ""cat_l2_leaf_reg"": 3, ""cat_learning_rate"": 0.03, ""xgb_colsample_bytree"": 0.8, ""xgb_learning_rate"": 0.05, ""xgb_max_depth"": 5, ""xgb_n_estimators"": 300, ""xgb_subsample"": 1.0}",0.7,4,500,3,0.03,0.8,0.05,5,300,1.0,0.9864091788931809,0.009239222762054671,0.0114503116216069,2.137886146778083,0.3986593250642454,0.03239141081933108,0.03825832761572864,5.586970695845181,0.6802683741492448,0.0240428403540531,0.03099543837135465,4.375003444592745
923,CATBOOST_XGBOOST,"{""alpha"": 0.5, ""cat_depth"": 4, ""cat_iterations"": 300, ""cat_l2_leaf_reg"": 3, ""cat_learning_rate"": 0.03, ""xgb_colsample_bytree"": 0.8, ""xgb_learning_rate"": 0.03, ""xgb_max_depth"": 5, ""xgb_n_estimators"": 500, ""xgb_subsample"": 1.0}",0.5,4,300,3,0.03,0.8,0.03,5,500,1.0,0.9861424729643954,0.00925894130146587,0.01156211608698206,2.157082321224732,0.3986430410717452,0.03225940974359916,0.03825884562002169,5.54626691222574,0.7040782543288522,0.02377379993299926,0.0298190240366098,4.347183354246632
924,CATBOOST_XGBOOST,"{""alpha"": 0.5, ""cat_depth"": 4, ""cat_iterations"": 500, ""cat_l2_leaf_reg"": 5, ""cat_learning_rate"": 0.05, ""xgb_colsample_bytree"": 1.0, ""xgb_learning_rate"": 0.03, ""xgb_max_depth"": 3, ""xgb_n_estimators"": 500, ""xgb_subsample"": 0.8}",0.5,4,500,5,0.05,1.0,0.03,3,500,0.8,0.9875250540882541,0.008716971696137249,0.01097018101767188,2.012939784935659,0.3984864425672071,0.0321396480533352,0.03826382676136066,5.573727576105757,0.6672812745207324,0.02469426593070042,0.03161867064803957,4.50554021895435
925,CATBOOST_XGBOOST,"{""alpha"": 0.5, ""cat_depth"": 4, ""cat_iterations"": 300, ""cat_l2_leaf_reg"": 5, ""cat_learning_rate"": 0.05, ""xgb_colsample_bytree"": 1.0, ""xgb_learning_rate"": 0.03, ""xgb_max_depth"": 5, ""xgb_n_estimators"": 300, ""xgb_subsample"": 1.0}",0.5,4,300,5,0.05,1.0,0.03,5,300,1.0,0.9881291694220107,0.00847438901461865,0.01070126235787609,1.969954998397653,0.3984239444494603,0.03216625191977639,0.03826581454285465,5.537653735165009,0.6947895184976136,0.02426957827560921,0.0302834051583591,4.448144166012603
926,CATBOOST_XGBOOST,"{""alpha"": 0.5, ""cat_depth"": 6, ""cat_iterations"": 300, ""cat_l2_leaf_reg"": 5, ""cat_learning_rate"": 0.05, ""xgb_colsample_bytree"": 0.8, ""xgb_learning_rate"": 0.03, ""xgb_max_depth"": 3, ""xgb_n_estimators"": 500, ""xgb_subsample"": 1.0}",0.5,6,300,5,0.05,0.8,0.03,3,500,1.0,0.9859262558757376,0.00922317789256844,0.01165196801041231,2.13466225631756,0.3983782955123625,0.03276686743655208,0.0382672663631262,5.719142867930049,0.7039747324026862,0.02390858462054348,0.02982423935607087,4.394684468126445
927,CATBOOST_XGBOOST,"{""alpha"": 0.7, ""cat_depth"": 6, ""cat_iterations"": 500, ""cat_l2_leaf_reg"": 5, ""cat_learning_rate"": 0.03, ""xgb_colsample_bytree"": 0.8, ""xgb_learning_rate"": 0.03, ""xgb_max_depth"": 3, ""xgb_n_estimators"": 300, ""xgb_subsample"": 0.8}",0.7,6,500,5,0.03,0.8,0.03,3,300,0.8,0.9829045481710519,0.01019452654332989,0.01284206163653316,2.35487015075782,0.3979623909030257,0.03302446453442268,0.03828049127063335,5.75568415510235,0.6998578916129443,0.02392220193915929,0.03003090702670548,4.391537383314429
928,CATBOOST_XGBOOST,"{""alpha"": 0.5, ""cat_depth"": 6, ""cat_iterations"": 300, ""cat_l2_leaf_reg"": 3, ""cat_learning_rate"": 0.03, ""xgb_colsample_bytree"": 1.0, ""xgb_learning_rate"": 0.03, ""xgb_max_depth"": 3, ""xgb_n_estimators"": 300, ""xgb_subsample"": 1.0}",0.5,6,300,3,0.03,1.0,0.03,3,300,1.0,0.9751260775993881,0.01228231739988279,0.01549054136471605,2.857096586745277,0.3979099135593657,0.03273726775905354,0.03828215961717125,5.693416763730606,0.7123378314525162,0.02405034761443398,0.02939993430624228,4.427557969095674
929,CATBOOST_XGBOOST,"{""alpha"": 0.5, ""cat_depth"": 4, ""cat_iterations"": 300, ""cat_l2_leaf_reg"": 3, ""cat_learning_rate"": 0.05, ""xgb_colsample_bytree"": 0.8, ""xgb_learning_rate"": 0.05, ""xgb_max_depth"": 5, ""xgb_n_estimators"": 300, ""xgb_subsample"": 0.8}",0.5,4,300,3,0.05,0.8,0.05,5,300,0.8,0.991602477497094,0.007275115944019691,0.00900057067325772,1.679578880341263,0.3978011483660499,0.03276486964744043,0.03828561722140695,5.665055066988973,0.6969470793311472,0.0238331231938817,0.03017617723963216,4.352183883865177
930,CATBOOST_XGBOOST,"{""alpha"": 0.3, ""cat_depth"": 4, ""cat_iterations"": 300, ""cat_l2_leaf_reg"": 5, ""cat_learning_rate"": 0.03, ""xgb_colsample_bytree"": 0.8, ""xgb_learning_rate"": 0.05, ""xgb_max_depth"": 3, ""xgb_n_estimators"": 500, ""xgb_subsample"": 0.8}",0.3,4,300,5,0.03,0.8,0.05,3,500,0.8,0.987982700868267,0.00864974564367766,0.01076707886344023,2.009453261792093,0.3976993686466918,0.03262775233169548,0.03828885247727876,5.674273353218645,0.6879488568743471,0.02409324286946244,0.0306208945486072,4.41361748508707
931,CATBOOST_XGBOOST,"{""alpha"": 0.7, ""cat_depth"": 6, ""cat_iterations"": 300, ""cat_l2_leaf_reg"": 3, ""cat_learning_rate"": 0.03, ""xgb_colsample_bytree"": 1.0, ""xgb_learning_rate"": 0.03, ""xgb_max_depth"": 3, ""xgb_n_estimators"": 300, ""xgb_subsample"": 1.0}",0.7,6,300,3,0.03,1.0,0.03,3,300,1.0,0.9740191759994233,0.01257427344435306,0.01583145820325941,2.919269725245168,0.3976722759263861,0.03279362096498955,0.03828971362323455,5.700798486979227,0.7084004422232875,0.02406203942630005,0.02960045695246036,4.424352875920587
932,CATBOOST_XGBOOST,"{""alpha"": 0.3, ""cat_depth"": 4, ""cat_iterations"": 300, ""cat_l2_leaf_reg"": 5, ""cat_learning_rate"": 0.03, ""xgb_colsample_bytree"": 1.0, ""xgb_learning_rate"": 0.05, ""xgb_max_depth"": 3, ""xgb_n_estimators"": 500, ""xgb_subsample"": 1.0}",0.3,4,300,5,0.03,1.0,0.05,3,500,1.0,0.9878257488879669,0.008674727978759181,0.01083716251073387,2.014892408952904,0.3975518810623773,0.03224316666840776,0.03829354015681784,5.595237362425825,0.7082107106176718,0.02334182094770773,0.02961008527463166,4.277361775730819
933,CATBOOST_XGBOOST,"{""alpha"": 0.5, ""cat_depth"": 6, ""cat_iterations"": 300, ""cat_l2_leaf_reg"": 5, ""cat_learning_rate"": 0.03, ""xgb_colsample_bytree"": 1.0, ""xgb_learning_rate"": 0.05, ""xgb_max_depth"": 3, ""xgb_n_estimators"": 300, ""xgb_subsample"": 0.8}",0.5,6,300,5,0.03,1.0,0.05,3,300,0.8,0.9801323698606693,0.01097439127935344,0.01384418810208092,2.542045157389282,0.3975026317171984,0.03287885968142576,0.03829510534822311,5.724708974439022,0.7059924683180032,0.02371206959391411,0.02972242315957172,4.363036760383938
934,CATBOOST_XGBOOST,"{""alpha"": 0.3, ""cat_depth"": 4, ""cat_iterations"": 300, ""cat_l2_leaf_reg"": 3, ""cat_learning_rate"": 0.03, ""xgb_colsample_bytree"": 1.0, ""xgb_learning_rate"": 0.05, ""xgb_max_depth"": 3, ""xgb_n_estimators"": 300, ""xgb_subsample"": 0.8}",0.3,4,300,3,0.03,1.0,0.05,3,300,0.8,0.9819744229611862,0.01049804684449914,0.01318678867324271,2.44154434269894,0.3971111632244179,0.03256227953889454,0.03830754431777188,5.654029818583643,0.6881474345317585,0.02409321869494982,0.03061115000300984,4.421890025335527
935,CATBOOST_XGBOOST,"{""alpha"": 0.5, ""cat_depth"": 4, ""cat_iterations"": 500, ""cat_l2_leaf_reg"": 3, ""cat_learning_rate"": 0.05, ""xgb_colsample_bytree"": 0.8, ""xgb_learning_rate"": 0.03, ""xgb_max_depth"": 5, ""xgb_n_estimators"": 500, ""xgb_subsample"": 0.8}",0.5,4,500,3,0.05,0.8,0.03,5,500,0.8,0.9955256042059074,0.0052770031006684,0.006569943840714484,1.211046086577312,0.3970644499355038,0.032978158854868,0.03830902836973498,5.710542948345466,0.7034465044974898,0.02369084568458733,0.02985083670366772,4.32375832509486
936,CATBOOST_XGBOOST,"{""alpha"": 0.3, ""cat_depth"": 4, ""cat_iterations"": 300, ""cat_l2_leaf_reg"": 3, ""cat_learning_rate"": 0.05, ""xgb_colsample_bytree"": 0.8, ""xgb_learning_rate"": 0.03, ""xgb_max_depth"": 5, ""xgb_n_estimators"": 300, ""xgb_subsample"": 0.8}",0.3,4,300,3,0.05,0.8,0.03,5,300,0.8,0.9928209778661734,0.006562671879327875,0.008321988367179642,1.509531106932055,0.3970403695923067,0.03298971404233685,0.03830979336471663,5.705618635118751,0.7239427994709455,0.0232492774485837,0.02880079823545376,4.25997994931963
937,CATBOOST_XGBOOST,"{""alpha"": 0.5, ""cat_depth"": 4, ""cat_iterations"": 500, ""cat_l2_leaf_reg"": 5, ""cat_learning_rate"": 0.05, ""xgb_colsample_bytree"": 0.8, ""xgb_learning_rate"": 0.05, ""xgb_max_depth"": 5, ""xgb_n_estimators"": 300, ""xgb_subsample"": 0.8}",0.5,4,500,5,0.05,0.8,0.05,5,300,0.8,0.9946615872846775,0.005719795236961215,0.007176299100720223,1.316656638495894,0.3970174612660369,0.03253886590876751,0.03831052111236822,5.63093736163661,0.6954386469907041,0.02386292370209316,0.03025118430479814,4.356836993563172
938,CATBOOST_XGBOOST,"{""alpha"": 0.5, ""cat_depth"": 4, ""cat_iterations"": 300, ""cat_l2_leaf_reg"": 3, ""cat_learning_rate"": 0.05, ""xgb_colsample_bytree"": 0.8, ""xgb_learning_rate"": 0.05, ""xgb_max_depth"": 5, ""xgb_n_estimators"": 500, ""xgb_subsample"": 0.8}",0.5,4,300,3,0.05,0.8,0.05,5,500,0.8,0.9930070826087944,0.006649647831850541,0.008213412922167342,1.537595255350459,0.3969351347298702,0.03282761579347331,0.03831313633308522,5.677866656995604,0.6981811693720923,0.02377057148396826,0.03011467294963297,4.339890539076635
939,CATBOOST_XGBOOST,"{""alpha"": 0.3, ""cat_depth"": 6, ""cat_iterations"": 500, ""cat_l2_leaf_reg"": 3, ""cat_learning_rate"": 0.03, ""xgb_colsample_bytree"": 0.8, ""xgb_learning_rate"": 0.05, ""xgb_max_depth"": 3, ""xgb_n_estimators"": 500, ""xgb_subsample"": 1.0}",0.3,6,500,3,0.03,0.8,0.05,3,500,1.0,0.9933972942193723,0.006219197046337217,0.007980965453154541,1.425578476339029,0.3967354084806857,0.03236237974755034,0.03831948018263669,5.648810407523516,0.6995582005140607,0.02416250523703309,0.03004589617647634,4.448660076212817
940,CATBOOST_XGBOOST,"{""alpha"": 0.5, ""cat_depth"": 4, ""cat_iterations"": 300, ""cat_l2_leaf_reg"": 3, ""cat_learning_rate"": 0.03, ""xgb_colsample_bytree"": 0.8, ""xgb_learning_rate"": 0.03, ""xgb_max_depth"": 3, ""xgb_n_estimators"": 300, ""xgb_subsample"": 0.8}",0.5,4,300,3,0.03,0.8,0.03,3,300,0.8,0.9684867581887097,0.01394379759457712,0.017435764689028,3.253249312280437,0.3967308282947883,0.03282965504409988,0.0383196256494949,5.676277346012272,0.6786488549598566,0.02470544087973616,0.03107383897005224,4.514213893298287
941,CATBOOST_XGBOOST,"{""alpha"": 0.3, ""cat_depth"": 4, ""cat_iterations"": 300, ""cat_l2_leaf_reg"": 3, ""cat_learning_rate"": 0.05, ""xgb_colsample_bytree"": 0.8, ""xgb_learning_rate"": 0.05, ""xgb_max_depth"": 3, ""xgb_n_estimators"": 300, ""xgb_subsample"": 0.8}",0.3,4,300,3,0.05,0.8,0.05,3,300,0.8,0.9850268571338314,0.009582943645822703,0.01201851866954563,2.215756918593129,0.3967119518370328,0.03283725572459367,0.03832022516060074,5.722868439509723,0.6781548529487487,0.02452165485863444,0.0310977141673991,4.496551322326408
942,CATBOOST_XGBOOST,"{""alpha"": 0.5, ""cat_depth"": 4, ""cat_iterations"": 500, ""cat_l2_leaf_reg"": 3, ""cat_learning_rate"": 0.05, ""xgb_colsample_bytree"": 0.8, ""xgb_learning_rate"": 0.05, ""xgb_max_depth"": 3, ""xgb_n_estimators"": 500, ""xgb_subsample"": 0.8}",0.5,4,500,3,0.05,0.8,0.05,3,500,0.8,0.992283021439321,0.006923168595818626,0.008628158312051243,1.589634832682581,0.3966370758392718,0.0327054688469677,0.03832260310930964,5.691976874929119,0.6698218680856489,0.02463165065253725,0.03149772144858624,4.500164141134065
943,CATBOOST_XGBOOST,"{""alpha"": 0.5, ""cat_depth"": 4, ""cat_iterations"": 300, ""cat_l2_leaf_reg"": 3, ""cat_learning_rate"": 0.03, ""xgb_colsample_bytree"": 0.8, ""xgb_learning_rate"": 0.03, ""xgb_max_depth"": 5, ""xgb_n_estimators"": 300, ""xgb_subsample"": 1.0}",0.5,4,300,3,0.03,0.8,0.03,5,300,1.0,0.9835159466703901,0.01007037867386777,0.01261033034514474,2.345918905938456,0.3965951909652008,0.03237507484065347,0.03832393324535648,5.564922486267811,0.7044463664353682,0.02380288091100314,0.02980047156510295,4.353209313914518
944,CATBOOST_XGBOOST,"{""alpha"": 0.5, ""cat_depth"": 6, ""cat_iterations"": 500, ""cat_l2_leaf_reg"": 3, ""cat_learning_rate"": 0.03, ""xgb_colsample_bytree"": 0.8, ""xgb_learning_rate"": 0.05, ""xgb_max_depth"": 3, ""xgb_n_estimators"": 300, ""xgb_subsample"": 1.0}",0.5,6,500,3,0.03,0.8,0.05,3,300,1.0,0.9884520558120788,0.00829188787561066,0.01055472193668842,1.910678327020964,0.3965304992687828,0.03271810660911487,0.03832598756591456,5.703650880774988,0.7001049403753936,0.02411282323580349,0.03001854517291438,4.436558981157377
945,CATBOOST_XGBOOST,"{""alpha"": 0.5, ""cat_depth"": 4, ""cat_iterations"": 500, ""cat_l2_leaf_reg"": 3, ""cat_learning_rate"": 0.05, ""xgb_colsample_bytree"": 1.0, ""xgb_learning_rate"": 0.05, ""xgb_max_depth"": 3, ""xgb_n_estimators"": 500, ""xgb_subsample"": 1.0}",0.5,4,500,3,0.05,1.0,0.05,3,500,1.0,0.9922363630785672,0.006939342189579811,0.008654202769723224,1.591944585766109,0.3964946825180821,0.03247430881575671,0.03832712489926186,5.643922181440324,0.6867908848115744,0.02416390574200731,0.03067765656858427,4.418694348852776
946,CATBOOST_XGBOOST,"{""alpha"": 0.3, ""cat_depth"": 4, ""cat_iterations"": 500, ""cat_l2_leaf_reg"": 5, ""cat_learning_rate"": 0.03, ""xgb_colsample_bytree"": 0.8, ""xgb_learning_rate"": 0.03, ""xgb_max_depth"": 5, ""xgb_n_estimators"": 500, ""xgb_subsample"": 0.8}",0.3,4,500,5,0.03,0.8,0.03,5,500,0.8,0.9952855664299658,0.005364044778113213,0.006743870444205067,1.242086487157346,0.3962445085934166,0.03285589168339369,0.03833506803870009,5.681833775126885,0.7256612845847057,0.02323307481024191,0.02871101428929978,4.257838279207973
947,CATBOOST_XGBOOST,"{""alpha"": 0.7, ""cat_depth"": 6, ""cat_iterations"": 500, ""cat_l2_leaf_reg"": 3, ""cat_learning_rate"": 0.03, ""xgb_colsample_bytree"": 0.8, ""xgb_learning_rate"": 0.03, ""xgb_max_depth"": 3, ""xgb_n_estimators"": 300, ""xgb_subsample"": 1.0}",0.7,6,500,3,0.03,0.8,0.03,3,300,1.0,0.9859357803124197,0.00921089661972749,0.01164802459588322,2.126710427047919,0.3961355664117466,0.03291404414668669,0.03833852648970298,5.728807652634123,0.7034738183213971,0.02391868319625694,0.02984946197822271,4.396651846310863
948,CATBOOST_XGBOOST,"{""alpha"": 0.5, ""cat_depth"": 6, ""cat_iterations"": 300, ""cat_l2_leaf_reg"": 3, ""cat_learning_rate"": 0.05, ""xgb_colsample_bytree"": 0.8, ""xgb_learning_rate"": 0.03, ""xgb_max_depth"": 3, ""xgb_n_estimators"": 300, ""xgb_subsample"": 1.0}",0.5,6,300,3,0.05,0.8,0.03,3,300,1.0,0.9835261547108832,0.01005056723051491,0.0126064251558241,2.3240975624819,0.3960831648194649,0.03295391907647295,0.03834018990630789,5.741703282412781,0.6999260693217293,0.02443441721833739,0.03002749605127177,4.485366184149012
949,CATBOOST_XGBOOST,"{""alpha"": 0.3, ""cat_depth"": 4, ""cat_iterations"": 500, ""cat_l2_leaf_reg"": 3, ""cat_learning_rate"": 0.03, ""xgb_colsample_bytree"": 1.0, ""xgb_learning_rate"": 0.05, ""xgb_max_depth"": 3, ""xgb_n_estimators"": 500, ""xgb_subsample"": 0.8}",0.3,4,500,3,0.03,1.0,0.05,3,500,0.8,0.9918225629442303,0.007061296435344163,0.008881842408652486,1.626513779127527,0.3960372718286156,0.03226926497623833,0.03834164665701871,5.613484316402097,0.68719326644452,0.02433185024415569,0.0306579443505516,4.452574724811608
950,CATBOOST_XGBOOST,"{""alpha"": 0.5, ""cat_depth"": 4, ""cat_iterations"": 500, ""cat_l2_leaf_reg"": 5, ""cat_learning_rate"": 0.05, ""xgb_colsample_bytree"": 0.8, ""xgb_learning_rate"": 0.05, ""xgb_max_depth"": 5, ""xgb_n_estimators"": 500, ""xgb_subsample"": 0.8}",0.5,4,500,5,0.05,0.8,0.05,5,500,0.8,0.9958111789554653,0.005084928703026685,0.00635682655012421,1.17255871010889,0.3959268334439967,0.03259162731543527,0.03834515200243941,5.642120295125816,0.6964716951755392,0.0238370269259861,0.03019983590497542,4.351500608078862
951,CATBOOST_XGBOOST,"{""alpha"": 0.3, ""cat_depth"": 4, ""cat_iterations"": 500, ""cat_l2_leaf_reg"": 3, ""cat_learning_rate"": 0.03, ""xgb_colsample_bytree"": 1.0, ""xgb_learning_rate"": 0.05, ""xgb_max_depth"": 3, ""xgb_n_estimators"": 300, ""xgb_subsample"": 0.8}",0.3,4,500,3,0.03,1.0,0.05,3,300,0.8,0.9856957364165392,0.009310035286044262,0.01174700653455911,2.156913662682302,0.3958884511566696,0.03241729959228007,0.03834637019201077,5.639002840157446,0.6846584544582635,0.02426837360034321,0.0307819111920372,4.446879226469209
952,CATBOOST_XGBOOST,"{""alpha"": 0.3, ""cat_depth"": 4, ""cat_iterations"": 500, ""cat_l2_leaf_reg"": 5, ""cat_learning_rate"": 0.05, ""xgb_colsample_bytree"": 0.8, ""xgb_learning_rate"": 0.05, ""xgb_max_depth"": 3, ""xgb_n_estimators"": 300, ""xgb_subsample"": 0.8}",0.3,4,500,5,0.05,0.8,0.05,3,300,0.8,0.9875602017788431,0.008640802036448356,0.01095471608095185,1.997264291963107,0.3957928909246688,0.0327653655939938,0.03834940294576242,5.712548876237488,0.6769920097125821,0.02461747858370695,0.03115384234301431,4.512037725659072
953,CATBOOST_XGBOOST,"{""alpha"": 0.3, ""cat_depth"": 4, ""cat_iterations"": 300, ""cat_l2_leaf_reg"": 3, ""cat_learning_rate"": 0.03, ""xgb_colsample_bytree"": 1.0, ""xgb_learning_rate"": 0.05, ""xgb_max_depth"": 3, ""xgb_n_estimators"": 300, ""xgb_subsample"": 1.0}",0.3,4,300,3,0.03,1.0,0.05,3,300,1.0,0.9811322608866951,0.01072566515254191,0.01349131832517804,2.500511619191922,0.3955430127961452,0.03252484054986925,0.03835733208656294,5.646776926372285,0.6998604127179356,0.02380710747135027,0.03003078090106953,4.370279676758
954,CATBOOST_XGBOOST,"{""alpha"": 0.5, ""cat_depth"": 6, ""cat_iterations"": 300, ""cat_l2_leaf_reg"": 5, ""cat_learning_rate"": 0.03, ""xgb_colsample_bytree"": 0.8, ""xgb_learning_rate"": 0.03, ""xgb_max_depth"": 5, ""xgb_n_estimators"": 300, ""xgb_subsample"": 0.8}",0.5,6,300,5,0.03,0.8,0.03,5,300,0.8,0.9865633288622289,0.009006234691101574,0.01138519051191863,2.079945640503185,0.3955332276613673,0.03314635051518414,0.03835764255542436,5.752434754725019,0.7323367807663206,0.02312008214578475,0.02835954987773497,4.249670016838335
955,CATBOOST_XGBOOST,"{""alpha"": 0.7, ""cat_depth"": 6, ""cat_iterations"": 500, ""cat_l2_leaf_reg"": 5, ""cat_learning_rate"": 0.03, ""xgb_colsample_bytree"": 0.8, ""xgb_learning_rate"": 0.05, ""xgb_max_depth"": 3, ""xgb_n_estimators"": 500, ""xgb_subsample"": 0.8}",0.7,6,500,5,0.03,0.8,0.05,3,500,0.8,0.988489374445795,0.00833761979626951,0.01053765368041536,1.917808158347954,0.3954872730437416,0.03314251153340034,0.03835910059859237,5.787463593048773,0.701619808207979,0.02371217645502135,0.02994263245166855,4.357164700127017
956,CATBOOST_XGBOOST,"{""alpha"": 0.3, ""cat_depth"": 4, ""cat_iterations"": 500, ""cat_l2_leaf_reg"": 5, ""cat_learning_rate"": 0.03, ""xgb_colsample_bytree"": 1.0, ""xgb_learning_rate"": 0.05, ""xgb_max_depth"": 3, ""xgb_n_estimators"": 500, ""xgb_subsample"": 1.0}",0.3,4,500,5,0.03,1.0,0.05,3,500,1.0,0.9902517485119472,0.007714067898312455,0.009697456062766485,1.781247188612149,0.3949282234820761,0.03208976371005426,0.03837683362698375,5.579665397185754,0.7028852059615082,0.02358374821087997,0.02987907327879782,4.317387015551414
957,CATBOOST_XGBOOST,"{""alpha"": 0.5, ""cat_depth"": 6, ""cat_iterations"": 300, ""cat_l2_leaf_reg"": 5, ""cat_learning_rate"": 0.03, ""xgb_colsample_bytree"": 1.0, ""xgb_learning_rate"": 0.05, ""xgb_max_depth"": 3, ""xgb_n_estimators"": 300, ""xgb_subsample"": 1.0}",0.5,6,300,5,0.03,1.0,0.05,3,300,1.0,0.9796200941381525,0.01114250542245848,0.01402153450387288,2.586761365603691,0.3948397371746135,0.03284657463331012,0.03837963965784523,5.718495371441133,0.7134406260832076,0.02365853960230914,0.02934352573632024,4.352722156542287
958,CATBOOST_XGBOOST,"{""alpha"": 0.3, ""cat_depth"": 4, ""cat_iterations"": 500, ""cat_l2_leaf_reg"": 5, ""cat_learning_rate"": 0.03, ""xgb_colsample_bytree"": 0.8, ""xgb_learning_rate"": 0.05, ""xgb_max_depth"": 3, ""xgb_n_estimators"": 500, ""xgb_subsample"": 0.8}",0.3,4,500,5,0.03,0.8,0.05,3,500,0.8,0.9903830879596327,0.007704586141078507,0.009631906989071126,1.779375296009397,0.3947714029596419,0.03243129051860726,0.03838180649585123,5.65042879638271,0.682273799213745,0.0243529827919776,0.03089808046316753,4.457658968425855
959,CATBOOST_XGBOOST,"{""alpha"": 0.3, ""cat_depth"": 4, ""cat_iterations"": 300, ""cat_l2_leaf_reg"": 5, ""cat_learning_rate"": 0.05, ""xgb_colsample_bytree"": 1.0, ""xgb_learning_rate"": 0.05, ""xgb_max_depth"": 3, ""xgb_n_estimators"": 500, ""xgb_subsample"": 1.0}",0.3,4,300,5,0.05,1.0,0.05,3,500,1.0,0.9905946125003539,0.007564658471790661,0.00952539084756062,1.747046047125339,0.394702761713103,0.03222169068149605,0.03838398294650156,5.602216044665798,0.7033625908493186,0.0235967986812045,0.02985505974516593,4.318646382251225
960,CATBOOST_XGBOOST,"{""alpha"": 0.3, ""cat_depth"": 4, ""cat_iterations"": 500, ""cat_l2_leaf_reg"": 3, ""cat_learning_rate"": 0.03, ""xgb_colsample_bytree"": 1.0, ""xgb_learning_rate"": 0.05, ""xgb_max_depth"": 3, ""xgb_n_estimators"": 300, ""xgb_subsample"": 1.0}",0.3,4,500,3,0.03,1.0,0.05,3,300,1.0,0.9850183307594731,0.009510680272431878,0.01202194012241318,2.207701128523367,0.3944819557171478,0.03239162200744736,0.03839098334254911,5.63403316651773,0.69645636182384,0.02399481047550832,0.03020059869851035,4.39978974533513
961,CATBOOST_XGBOOST,"{""alpha"": 0.3, ""cat_depth"": 4, ""cat_iterations"": 300, ""cat_l2_leaf_reg"": 5, ""cat_learning_rate"": 0.05, ""xgb_colsample_bytree"": 0.8, ""xgb_learning_rate"": 0.03, ""xgb_max_depth"": 5, ""xgb_n_estimators"": 500, ""xgb_subsample"": 0.8}",0.3,4,300,5,0.05,0.8,0.03,5,500,0.8,0.9955185300051019,0.00520472194948467,0.00657513546301516,1.205544247553119,0.3944505131043612,0.03302713674394507,0.03839198009001615,5.71419791665224,0.725207460400932,0.02324284511036843,0.02873475204072938,4.255810126233688
962,CATBOOST_XGBOOST,"{""alpha"": 0.3, ""cat_depth"": 4, ""cat_iterations"": 300, ""cat_l2_leaf_reg"": 5, ""cat_learning_rate"": 0.05, ""xgb_colsample_bytree"": 0.8, ""xgb_learning_rate"": 0.05, ""xgb_max_depth"": 3, ""xgb_n_estimators"": 500, ""xgb_subsample"": 0.8}",0.3,4,300,5,0.05,0.8,0.05,3,500,0.8,0.9907272680487784,0.00753959106507274,0.009457978252781168,1.741839136727707,0.3943663892504241,0.03254531698439975,0.03839464673348218,5.669493009284277,0.6827094143678458,0.02440451204529753,0.03087689195455584,4.466389929488422
963,CATBOOST_XGBOOST,"{""alpha"": 0.7, ""cat_depth"": 6, ""cat_iterations"": 300, ""cat_l2_leaf_reg"": 5, ""cat_learning_rate"": 0.03, ""xgb_colsample_bytree"": 0.8, ""xgb_learning_rate"": 0.05, ""xgb_max_depth"": 5, ""xgb_n_estimators"": 300, ""xgb_subsample"": 0.8}",0.7,6,300,5,0.03,0.8,0.05,5,300,0.8,0.982077263282583,0.01045562085436071,0.01314911794047558,2.419930744515879,0.3943389170056678,0.03305007894888184,0.03839551753651586,5.742232118803902,0.7148863539827343,0.02353280182435189,0.02926941125931986,4.321214710628415
964,CATBOOST_XGBOOST,"{""alpha"": 0.3, ""cat_depth"": 6, ""cat_iterations"": 300, ""cat_l2_leaf_reg"": 3, ""cat_learning_rate"": 0.03, ""xgb_colsample_bytree"": 0.8, ""xgb_learning_rate"": 0.05, ""xgb_max_depth"": 3, ""xgb_n_estimators"": 500, ""xgb_subsample"": 1.0}",0.3,6,300,3,0.03,0.8,0.05,3,500,1.0,0.9905274581868381,0.007536163601508709,0.009559335931228707,1.731559070579594,0.3942550789329448,0.03245204201088683,0.03839817487648087,5.65808062830266,0.7014315652654954,0.02410851325019651,0.02995207610892641,4.440549795249432
965,CATBOOST_XGBOOST,"{""alpha"": 0.5, ""cat_depth"": 4, ""cat_iterations"": 500, ""cat_l2_leaf_reg"": 5, ""cat_learning_rate"": 0.05, ""xgb_colsample_bytree"": 1.0, ""xgb_learning_rate"": 0.03, ""xgb_max_depth"": 5, ""xgb_n_estimators"": 500, ""xgb_subsample"": 0.8}",0.5,4,500,5,0.05,1.0,0.03,5,500,0.8,0.994873813519761,0.005588865754854323,0.007032207202760876,1.286605259787908,0.3942378289256333,0.03220228689166672,0.0383987216116319,5.553933505423325,0.6868336364903077,0.02450382631916073,0.03067556281394624,4.480900421323542
966,CATBOOST_XGBOOST,"{""alpha"": 0.5, ""cat_depth"": 6, ""cat_iterations"": 300, ""cat_l2_leaf_reg"": 5, ""cat_learning_rate"": 0.05, ""xgb_colsample_bytree"": 0.8, ""xgb_learning_rate"": 0.03, ""xgb_max_depth"": 3, ""xgb_n_estimators"": 300, ""xgb_subsample"": 1.0}",0.5,6,300,5,0.05,0.8,0.03,3,300,1.0,0.9809902925869507,0.01072976237956445,0.01354198019997397,2.48742082914368,0.3942322262989254,0.03288533911862376,0.03839889918396646,5.730230662904588,0.7023194539617325,0.02415719158821315,0.02990750691190995,4.433721740581917
967,CATBOOST_XGBOOST,"{""alpha"": 0.7, ""cat_depth"": 6, ""cat_iterations"": 300, ""cat_l2_leaf_reg"": 5, ""cat_learning_rate"": 0.03, ""xgb_colsample_bytree"": 0.8, ""xgb_learning_rate"": 0.05, ""xgb_max_depth"": 5, ""xgb_n_estimators"": 500, ""xgb_subsample"": 0.8}",0.7,6,300,5,0.03,0.8,0.05,5,500,0.8,0.9832780629056329,0.01010139809414985,0.01270099517072295,2.338834319407978,0.3938639959954156,0.03309047191107609,0.03841056825154399,5.750452020868346,0.7156972753249127,0.02349753414058439,0.02922775753357124,4.314317933317217
968,CATBOOST_XGBOOST,"{""alpha"": 0.7, ""cat_depth"": 6, ""cat_iterations"": 300, ""cat_l2_leaf_reg"": 3, ""cat_learning_rate"": 0.03, ""xgb_colsample_bytree"": 0.8, ""xgb_learning_rate"": 0.05, ""xgb_max_depth"": 3, ""xgb_n_estimators"": 300, ""xgb_subsample"": 1.0}",0.7,6,300,3,0.03,0.8,0.05,3,300,1.0,0.9779738834859606,0.01159087426728954,0.01457684125807744,2.681294385592581,0.3935419561948107,0.03288244005730941,0.03842077065586179,5.718173930890002,0.7015396360513918,0.02420090462928584,0.02994665484365784,4.449171621581886
969,CATBOOST_XGBOOST,"{""alpha"": 0.7, ""cat_depth"": 4, ""cat_iterations"": 500, ""cat_l2_leaf_reg"": 3, ""cat_learning_rate"": 0.03, ""xgb_colsample_bytree"": 1.0, ""xgb_learning_rate"": 0.05, ""xgb_max_depth"": 5, ""xgb_n_estimators"": 500, ""xgb_subsample"": 1.0}",0.7,4,500,3,0.03,1.0,0.05,5,500,1.0,0.9873674701903024,0.00891252594251859,0.0110392514082883,2.063897113228808,0.3934571350272547,0.03256826332822979,0.03842345738804123,5.617917551517258,0.6857105956081407,0.02384244407839859,0.03073051616353899,4.341843452290701
970,CATBOOST_XGBOOST,"{""alpha"": 0.5, ""cat_depth"": 4, ""cat_iterations"": 300, ""cat_l2_leaf_reg"": 3, ""cat_learning_rate"": 0.05, ""xgb_colsample_bytree"": 1.0, ""xgb_learning_rate"": 0.03, ""xgb_max_depth"": 5, ""xgb_n_estimators"": 500, ""xgb_subsample"": 0.8}",0.5,4,300,3,0.05,1.0,0.03,5,500,0.8,0.9918671756020104,0.007144349101992159,0.008857581475452648,1.649689854888044,0.3934223819105077,0.03248467566293192,0.03842455814764982,5.59724843139994,0.6878546397460715,0.0243769652017364,0.03062551685985191,4.459731073837738
971,CATBOOST_XGBOOST,"{""alpha"": 0.7, ""cat_depth"": 4, ""cat_iterations"": 500, ""cat_l2_leaf_reg"": 3, ""cat_learning_rate"": 0.03, ""xgb_colsample_bytree"": 1.0, ""xgb_learning_rate"": 0.03, ""xgb_max_depth"": 5, ""xgb_n_estimators"": 500, ""xgb_subsample"": 1.0}",0.7,4,500,3,0.03,1.0,0.03,5,500,1.0,0.9863537257618696,0.009257305968078604,0.01147364756510904,2.144488747805832,0.3934082363136949,0.03241780317921848,0.03842500618193448,5.592355067706277,0.684313799387652,0.02391002725351428,0.03079872826652648,4.355431241697931
972,CATBOOST_XGBOOST,"{""alpha"": 0.5, ""cat_depth"": 4, ""cat_iterations"": 300, ""cat_l2_leaf_reg"": 3, ""cat_learning_rate"": 0.03, ""xgb_colsample_bytree"": 1.0, ""xgb_learning_rate"": 0.05, ""xgb_max_depth"": 3, ""xgb_n_estimators"": 500, ""xgb_subsample"": 1.0}",0.5,4,300,3,0.03,1.0,0.05,3,500,1.0,0.9814594055015025,0.01074770530842703,0.01337384501495189,2.501090717419757,0.3933797931827951,0.03258045980101815,0.03842590704700925,5.639463577128553,0.7009889074109044,0.02350681766300413,0.02997427137402191,4.290477136434104
973,CATBOOST_XGBOOST,"{""alpha"": 0.3, ""cat_depth"": 6, ""cat_iterations"": 300, ""cat_l2_leaf_reg"": 3, ""cat_learning_rate"": 0.03, ""xgb_colsample_bytree"": 1.0, ""xgb_learning_rate"": 0.03, ""xgb_max_depth"": 3, ""xgb_n_estimators"": 300, ""xgb_subsample"": 1.0}",0.3,6,300,3,0.03,1.0,0.03,3,300,1.0,0.9759722812327307,0.01203065654191235,0.01522476957188665,2.80338696030273,0.393276028186184,0.03280241491888203,0.03842919336485246,5.709622832946583,0.7105981587997046,0.02416179525456962,0.02948870017797719,4.455526246325165
974,CATBOOST_XGBOOST,"{""alpha"": 0.7, ""cat_depth"": 6, ""cat_iterations"": 500, ""cat_l2_leaf_reg"": 5, ""cat_learning_rate"": 0.03, ""xgb_colsample_bytree"": 1.0, ""xgb_learning_rate"": 0.05, ""xgb_max_depth"": 3, ""xgb_n_estimators"": 500, ""xgb_subsample"": 1.0}",0.7,6,500,5,0.03,1.0,0.05,3,500,1.0,0.9884874981656729,0.008350386154050763,0.01053851248623756,1.92027058588455,0.3932203242272559,0.0329394137534957,0.03843095743647029,5.74617598440552,0.7114352871128344,0.02340883122011506,0.02944601955222235,4.303570567787673
975,CATBOOST_XGBOOST,"{""alpha"": 0.7, ""cat_depth"": 6, ""cat_iterations"": 300, ""cat_l2_leaf_reg"": 5, ""cat_learning_rate"": 0.03, ""xgb_colsample_bytree"": 0.8, ""xgb_learning_rate"": 0.03, ""xgb_max_depth"": 3, ""xgb_n_estimators"": 500, ""xgb_subsample"": 0.8}",0.7,6,300,5,0.03,0.8,0.03,3,500,0.8,0.9752591902735223,0.0123084982067977,0.01544903698441061,2.849536360465882,0.3931227918982608,0.03304070203268864,0.03843404596293584,5.747422408169964,0.6996042174039543,0.02407114448990952,0.03004359511243598,4.41883462274413
976,CATBOOST_XGBOOST,"{""alpha"": 0.5, ""cat_depth"": 4, ""cat_iterations"": 300, ""cat_l2_leaf_reg"": 3, ""cat_learning_rate"": 0.03, ""xgb_colsample_bytree"": 0.8, ""xgb_learning_rate"": 0.05, ""xgb_max_depth"": 3, ""xgb_n_estimators"": 500, ""xgb_subsample"": 0.8}",0.5,4,300,3,0.03,0.8,0.05,3,500,0.8,0.9815672138459363,0.01073078134260394,0.01333490575281698,2.496459845022525,0.3930392575711622,0.03286971224948466,0.03843669102164914,5.698751439360746,0.6840692462118306,0.02394894107741519,0.03081065540915461,4.371811466306121
977,CATBOOST_XGBOOST,"{""alpha"": 0.5, ""cat_depth"": 4, ""cat_iterations"": 500, ""cat_l2_leaf_reg"": 3, ""cat_learning_rate"": 0.05, ""xgb_colsample_bytree"": 0.8, ""xgb_learning_rate"": 0.03, ""xgb_max_depth"": 5, ""xgb_n_estimators"": 300, ""xgb_subsample"": 0.8}",0.5,4,500,3,0.05,0.8,0.03,5,300,0.8,0.9934298947399869,0.006331490376104001,0.007961238269059638,1.452149509312054,0.3928830545396825,0.03309391203638705,0.03844163659803143,5.729240400894025,0.7024784096455858,0.02371244310495607,0.02989952082904663,4.327232292795189
978,CATBOOST_XGBOOST,"{""alpha"": 0.5, ""cat_depth"": 4, ""cat_iterations"": 300, ""cat_l2_leaf_reg"": 3, ""cat_learning_rate"": 0.05, ""xgb_colsample_bytree"": 1.0, ""xgb_learning_rate"": 0.03, ""xgb_max_depth"": 3, ""xgb_n_estimators"": 300, ""xgb_subsample"": 0.8}",0.5,4,300,3,0.05,1.0,0.03,3,300,0.8,0.9773643880955278,0.01183516183342134,0.01477714646258013,2.743978035136436,0.3928650026547464,0.03265542499993913,0.03844220810146869,5.653696171177852,0.6707019725027129,0.02468604830474044,0.03145571415187026,4.502563353935814
979,CATBOOST_XGBOOST,"{""alpha"": 0.3, ""cat_depth"": 6, ""cat_iterations"": 500, ""cat_l2_leaf_reg"": 5, ""cat_learning_rate"": 0.03, ""xgb_colsample_bytree"": 1.0, ""xgb_learning_rate"": 0.03, ""xgb_max_depth"": 3, ""xgb_n_estimators"": 500, ""xgb_subsample"": 1.0}",0.3,6,500,5,0.03,1.0,0.03,3,500,1.0,0.9874939872102371,0.008653451344802658,0.01098383227350962,2.001100839901267,0.3927021565874518,0.03252137290291348,0.03844736325041834,5.67827237671745,0.7157824533780205,0.0234533237763782,0.02922337883831849,4.325290033567023
980,CATBOOST_XGBOOST,"{""alpha"": 0.5, ""cat_depth"": 4, ""cat_iterations"": 500, ""cat_l2_leaf_reg"": 5, ""cat_learning_rate"": 0.05, ""xgb_colsample_bytree"": 1.0, ""xgb_learning_rate"": 0.03, ""xgb_max_depth"": 3, ""xgb_n_estimators"": 300, ""xgb_subsample"": 0.8}",0.5,4,500,5,0.05,1.0,0.03,3,300,0.8,0.9828137355833144,0.01020045433711157,0.01287612555578666,2.360028467709906,0.3926778691689223,0.03241161220736164,0.03844813204770356,5.616326077976272,0.6706522936199706,0.02472699446410358,0.03145808681382246,4.509364105341305
981,CATBOOST_XGBOOST,"{""alpha"": 0.5, ""cat_depth"": 4, ""cat_iterations"": 500, ""cat_l2_leaf_reg"": 3, ""cat_learning_rate"": 0.05, ""xgb_colsample_bytree"": 0.8, ""xgb_learning_rate"": 0.05, ""xgb_max_depth"": 3, ""xgb_n_estimators"": 300, ""xgb_subsample"": 0.8}",0.5,4,500,3,0.05,0.8,0.05,3,300,0.8,0.988450392281304,0.008440419501277564,0.01055548213574164,1.945389331106042,0.3924932793133553,0.0329919708294874,0.03845397457803985,5.742250643306647,0.6677613444055938,0.02475021245547347,0.03159585159734993,4.524560833259579
982,CATBOOST_XGBOOST,"{""alpha"": 0.5, ""cat_depth"": 4, ""cat_iterations"": 500, ""cat_l2_leaf_reg"": 3, ""cat_learning_rate"": 0.03, ""xgb_colsample_bytree"": 1.0, ""xgb_learning_rate"": 0.05, ""xgb_max_depth"": 3, ""xgb_n_estimators"": 500, ""xgb_subsample"": 1.0}",0.5,4,500,3,0.03,1.0,0.05,3,500,1.0,0.987814217194081,0.008722279026237708,0.01084229388431095,2.013924716496935,0.3922474251149569,0.03243601732202996,0.03846175483335698,5.63289832553186,0.6954007644985869,0.02369622091195897,0.03025306562461467,4.323636746565477
983,CATBOOST_XGBOOST,"{""alpha"": 0.5, ""cat_depth"": 4, ""cat_iterations"": 300, ""cat_l2_leaf_reg"": 3, ""cat_learning_rate"": 0.05, ""xgb_colsample_bytree"": 0.8, ""xgb_learning_rate"": 0.03, ""xgb_max_depth"": 3, ""xgb_n_estimators"": 500, ""xgb_subsample"": 0.8}",0.5,4,300,3,0.05,0.8,0.03,3,500,0.8,0.9826204330203061,0.01041532681837606,0.01294833521027163,2.407580772659646,0.3922338563978661,0.03276510542226512,0.03846218418057729,5.676785818649517,0.6682182875112839,0.02471589580928809,0.03157411650742138,4.511346596220085
984,CATBOOST_XGBOOST,"{""alpha"": 0.5, ""cat_depth"": 4, ""cat_iterations"": 500, ""cat_l2_leaf_reg"": 5, ""cat_learning_rate"": 0.05, ""xgb_colsample_bytree"": 1.0, ""xgb_learning_rate"": 0.03, ""xgb_max_depth"": 5, ""xgb_n_estimators"": 300, ""xgb_subsample"": 0.8}",0.5,4,500,5,0.05,1.0,0.03,5,300,0.8,0.9927076287883065,0.006623389273027861,0.008387428716391728,1.522487754521324,0.3920561715899624,0.03228129645343613,0.03846780611793732,5.567394232183463,0.6864417276663524,0.02449148190881817,0.03069475112132706,4.479635924201161
985,CATBOOST_XGBOOST,"{""alpha"": 0.5, ""cat_depth"": 4, ""cat_iterations"": 300, ""cat_l2_leaf_reg"": 5, ""cat_learning_rate"": 0.03, ""xgb_colsample_bytree"": 1.0, ""xgb_learning_rate"": 0.03, ""xgb_max_depth"": 5, ""xgb_n_estimators"": 500, ""xgb_subsample"": 1.0}",0.5,4,300,5,0.03,1.0,0.03,5,500,1.0,0.9850747283411261,0.00957984955431989,0.0119992908560693,2.241923163142036,0.3918863839238984,0.03270646003143589,0.0384731774226166,5.631594897988133,0.6956790417462354,0.02420250529497053,0.03023924309563128,4.448172909159283
986,CATBOOST_XGBOOST,"{""alpha"": 0.7, ""cat_depth"": 4, ""cat_iterations"": 500, ""cat_l2_leaf_reg"": 3, ""cat_learning_rate"": 0.03, ""xgb_colsample_bytree"": 1.0, ""xgb_learning_rate"": 0.05, ""xgb_max_depth"": 5, ""xgb_n_estimators"": 300, ""xgb_subsample"": 1.0}",0.7,4,500,3,0.03,1.0,0.05,5,300,1.0,0.9863033966879763,0.009266090966277517,0.0114947861774598,2.145867056078198,0.3917937254643732,0.03255901667702639,0.03847610839593657,5.61509284516456,0.6850145978360924,0.02387305442826908,0.03076452390031796,4.347697505251516
987,CATBOOST_XGBOOST,"{""alpha"": 0.5, ""cat_depth"": 4, ""cat_iterations"": 500, ""cat_l2_leaf_reg"": 3, ""cat_learning_rate"": 0.03, ""xgb_colsample_bytree"": 0.8, ""xgb_learning_rate"": 0.05, ""xgb_max_depth"": 3, ""xgb_n_estimators"": 500, ""xgb_subsample"": 0.8}",0.5,4,500,3,0.03,0.8,0.05,3,500,0.8,0.9878719903754263,0.008716216514470078,0.01081656151962946,2.012435408481722,0.3917835057305162,0.03266717735324096,0.03847643165298958,5.680953019020657,0.6782555708799027,0.02419707342957855,0.03109284794129541,4.412331766928483
988,CATBOOST_XGBOOST,"{""alpha"": 0.5, ""cat_depth"": 4, ""cat_iterations"": 500, ""cat_l2_leaf_reg"": 3, ""cat_learning_rate"": 0.03, ""xgb_colsample_bytree"": 0.8, ""xgb_learning_rate"": 0.03, ""xgb_max_depth"": 5, ""xgb_n_estimators"": 500, ""xgb_subsample"": 0.8}",0.5,4,500,3,0.03,0.8,0.03,5,500,0.8,0.9919824554782873,0.007080234274631708,0.008794580901733448,1.63832252670827,0.3917455478401785,0.03295220749019628,0.03847763226280622,5.700032030977549,0.710690835512982,0.02332853223502888,0.02948397813711333,4.254037214432619
989,CATBOOST_XGBOOST,"{""alpha"": 0.3, ""cat_depth"": 6, ""cat_iterations"": 300, ""cat_l2_leaf_reg"": 5, ""cat_learning_rate"": 0.03, ""xgb_colsample_bytree"": 1.0, ""xgb_learning_rate"": 0.03, ""xgb_max_depth"": 3, ""xgb_n_estimators"": 500, ""xgb_subsample"": 1.0}",0.3,6,300,5,0.03,1.0,0.03,3,500,1.0,0.9837515643431517,0.00992562896931516,0.01251988200107633,2.30133780172515,0.3915351712879376,0.03257088769041255,0.03848428580374711,5.680694511375152,0.7179872642947454,0.0233990743449988,0.02910980831818034,4.316045780007579
990,CATBOOST_XGBOOST,"{""alpha"": 0.7, ""cat_depth"": 6, ""cat_iterations"": 300, ""cat_l2_leaf_reg"": 5, ""cat_learning_rate"": 0.03, ""xgb_colsample_bytree"": 1.0, ""xgb_learning_rate"": 0.03, ""xgb_max_depth"": 5, ""xgb_n_estimators"": 500, ""xgb_subsample"": 0.8}",0.7,6,300,5,0.03,1.0,0.03,5,500,0.8,0.982293040811617,0.01038641253728505,0.01306972505084093,2.404206997264711,0.3914676928682678,0.03292238272700723,0.03848641968780421,5.709395078255818,0.7108140514309589,0.02380714752698995,0.02947769889889689,4.376775602035819
991,CATBOOST_XGBOOST,"{""alpha"": 0.5, ""cat_depth"": 4, ""cat_iterations"": 500, ""cat_l2_leaf_reg"": 5, ""cat_learning_rate"": 0.05, ""xgb_colsample_bytree"": 0.8, ""xgb_learning_rate"": 0.03, ""xgb_max_depth"": 3, ""xgb_n_estimators"": 500, ""xgb_subsample"": 0.8}",0.5,4,500,5,0.05,0.8,0.03,3,500,0.8,0.9871695463796037,0.008853936193088496,0.01112539562783808,2.044135966050224,0.3910145729944429,0.03251801702118553,0.03850074572795507,5.639228897550941,0.6674068580981126,0.02486819653315201,0.03161270290377304,4.538314472265023
992,CATBOOST_XGBOOST,"{""alpha"": 0.7, ""cat_depth"": 6, ""cat_iterations"": 500, ""cat_l2_leaf_reg"": 5, ""cat_learning_rate"": 0.03, ""xgb_colsample_bytree"": 0.8, ""xgb_learning_rate"": 0.05, ""xgb_max_depth"": 3, ""xgb_n_estimators"": 300, ""xgb_subsample"": 0.8}",0.7,6,500,5,0.03,0.8,0.05,3,300,0.8,0.9857865447192536,0.009261956625485492,0.01170966018330193,2.133136758182682,0.3908851437128231,0.03324277279478659,0.03850483684319317,5.803761979935548,0.6987696175451344,0.02383489529739539,0.03008530173681534,4.379612691436765
993,CATBOOST_XGBOOST,"{""alpha"": 0.3, ""cat_depth"": 4, ""cat_iterations"": 300, ""cat_l2_leaf_reg"": 5, ""cat_learning_rate"": 0.03, ""xgb_colsample_bytree"": 0.8, ""xgb_learning_rate"": 0.03, ""xgb_max_depth"": 5, ""xgb_n_estimators"": 500, ""xgb_subsample"": 0.8}",0.3,4,300,5,0.03,0.8,0.03,5,500,0.8,0.9933799388894109,0.006376861223072049,0.007991447624583318,1.488478617059614,0.3908500285281963,0.03301916343204527,0.03850594672005329,5.698978103512641,0.7270317127616852,0.02325537513118184,0.02863921318817875,4.26469467959874
994,CATBOOST_XGBOOST,"{""alpha"": 0.5, ""cat_depth"": 4, ""cat_iterations"": 300, ""cat_l2_leaf_reg"": 3, ""cat_learning_rate"": 0.05, ""xgb_colsample_bytree"": 1.0, ""xgb_learning_rate"": 0.03, ""xgb_max_depth"": 5, ""xgb_n_estimators"": 300, ""xgb_subsample"": 0.8}",0.5,4,300,3,0.05,1.0,0.03,5,300,0.8,0.9892170003484986,0.008185085391147963,0.01019915645263502,1.887044545854431,0.3907830476414677,0.03255968306121424,0.03850806367948894,5.61005634696404,0.6869386080138755,0.02441207442046713,0.03067042124891613,4.467635088768363
995,CATBOOST_XGBOOST,"{""alpha"": 0.3, ""cat_depth"": 6, ""cat_iterations"": 500, ""cat_l2_leaf_reg"": 3, ""cat_learning_rate"": 0.05, ""xgb_colsample_bytree"": 0.8, ""xgb_learning_rate"": 0.03, ""xgb_max_depth"": 3, ""xgb_n_estimators"": 500, ""xgb_subsample"": 1.0}",0.3,6,500,3,0.05,0.8,0.03,3,500,1.0,0.9905898461263392,0.007505806743439902,0.009527804135946054,1.73868864826227,0.3906253452053186,0.03293541993758866,0.03851304747260025,5.750320102341814,0.7017689299543497,0.02418622164761098,0.02993514928792993,4.455210390065825
996,CATBOOST_XGBOOST,"{""alpha"": 0.7, ""cat_depth"": 4, ""cat_iterations"": 500, ""cat_l2_leaf_reg"": 3, ""cat_learning_rate"": 0.03, ""xgb_colsample_bytree"": 1.0, ""xgb_learning_rate"": 0.03, ""xgb_max_depth"": 5, ""xgb_n_estimators"": 300, ""xgb_subsample"": 1.0}",0.7,4,500,3,0.03,1.0,0.03,5,300,1.0,0.9846582548790752,0.00979322392000261,0.01216555257413357,2.268748028262497,0.3904630620672993,0.03250153905284076,0.03851817535418566,5.606592646293631,0.6825540368022254,0.02401494905334833,0.03088445125401532,4.375237017479469
997,CATBOOST_XGBOOST,"{""alpha"": 0.5, ""cat_depth"": 4, ""cat_iterations"": 500, ""cat_l2_leaf_reg"": 5, ""cat_learning_rate"": 0.05, ""xgb_colsample_bytree"": 0.8, ""xgb_learning_rate"": 0.03, ""xgb_max_depth"": 5, ""xgb_n_estimators"": 500, ""xgb_subsample"": 1.0}",0.5,4,500,5,0.05,0.8,0.03,5,500,1.0,0.9944617633484691,0.005797380829344809,0.007309374485714202,1.333595985583563,0.3903949064598092,0.03207745012714672,0.0385203287562981,5.524056807265427,0.6953005806439518,0.02400914846532007,0.03025804039014339,4.380945204108495
998,CATBOOST_XGBOOST,"{""alpha"": 0.5, ""cat_depth"": 4, ""cat_iterations"": 300, ""cat_l2_leaf_reg"": 3, ""cat_learning_rate"": 0.05, ""xgb_colsample_bytree"": 1.0, ""xgb_learning_rate"": 0.05, ""xgb_max_depth"": 5, ""xgb_n_estimators"": 500, ""xgb_subsample"": 0.8}",0.5,4,300,3,0.05,1.0,0.05,5,500,0.8,0.9930278080815234,0.006631400409511529,0.008201232513617908,1.53310679766554,0.3902792966779443,0.03241191372566542,0.03852398121567882,5.591630732178984,0.6888080648347537,0.02431591031320748,0.03057870939349133,4.441032466222209
999,CATBOOST_XGBOOST,"{""alpha"": 0.5, ""cat_depth"": 4, ""cat_iterations"": 300, ""cat_l2_leaf_reg"": 5, ""cat_learning_rate"": 0.03, ""xgb_colsample_bytree"": 1.0, ""xgb_learning_rate"": 0.05, ""xgb_max_depth"": 5, ""xgb_n_estimators"": 500, ""xgb_subsample"": 1.0}",0.5,4,300,5,0.03,1.0,0.05,5,500,1.0,0.9867194712571832,0.009048887203541772,0.01131884574369383,2.117958476835129,0.3902440071331301,0.03292932468234679,0.03852509604914554,5.66935521111527,0.6967658907581357,0.02406814841426981,0.03018519672291147,4.420891334197354
1000,CATBOOST_XGBOOST,"{""alpha"": 0.5, ""cat_depth"": 4, ""cat_iterations"": 500, ""cat_l2_leaf_reg"": 5, ""cat_learning_rate"": 0.05, ""xgb_colsample_bytree"": 1.0, ""xgb_learning_rate"": 0.05, ""xgb_max_depth"": 5, ""xgb_n_estimators"": 500, ""xgb_subsample"": 0.8}",0.5,4,500,5,0.05,1.0,0.05,5,500,0.8,0.9958262643900246,0.005066423187019816,0.006345369628932256,1.167892444416651,0.3901655572677309,0.03238104155049223,0.03852757424651539,5.593744955102119,0.6876435433022103,0.02445596839812267,0.03063587076202749,4.465952501832052
1001,CATBOOST_XGBOOST,"{""alpha"": 0.7, ""cat_depth"": 6, ""cat_iterations"": 300, ""cat_l2_leaf_reg"": 5, ""cat_learning_rate"": 0.03, ""xgb_colsample_bytree"": 1.0, ""xgb_learning_rate"": 0.03, ""xgb_max_depth"": 3, ""xgb_n_estimators"": 300, ""xgb_subsample"": 0.8}",0.7,6,300,5,0.03,1.0,0.03,3,300,0.8,0.971428126756717,0.01320932441644185,0.01660213020615079,3.061572946529028,0.3900609431016402,0.0329292574498264,0.03853087871485073,5.724702188123723,0.6988344555171797,0.02410298460631498,0.03008206372523798,4.421857343420454
1002,CATBOOST_XGBOOST,"{""alpha"": 0.5, ""cat_depth"": 4, ""cat_iterations"": 300, ""cat_l2_leaf_reg"": 3, ""cat_learning_rate"": 0.05, ""xgb_colsample_bytree"": 0.8, ""xgb_learning_rate"": 0.03, ""xgb_max_depth"": 5, ""xgb_n_estimators"": 500, ""xgb_subsample"": 1.0}",0.5,4,300,3,0.05,0.8,0.03,5,500,1.0,0.9913370026966023,0.007376735958078009,0.009141733315872955,1.702539381001168,0.3900251439298645,0.03236720235866022,0.03853200944528262,5.568566743339386,0.6953986104002072,0.02395622568837074,0.03025317259790421,4.373642834516034
1003,CATBOOST_XGBOOST,"{""alpha"": 0.3, ""cat_depth"": 4, ""cat_iterations"": 300, ""cat_l2_leaf_reg"": 3, ""cat_learning_rate"": 0.05, ""xgb_colsample_bytree"": 1.0, ""xgb_learning_rate"": 0.05, ""xgb_max_depth"": 3, ""xgb_n_estimators"": 300, ""xgb_subsample"": 0.8}",0.3,4,300,3,0.05,1.0,0.05,3,300,0.8,0.9854471322978833,0.009411541553647457,0.01184864666911251,2.179624415775915,0.3895713903510397,0.03265597630858245,0.03854633854973202,5.674681203270602,0.6805768013005185,0.02439627091173361,0.03098048498457981,4.472543295883121
1004,CATBOOST_XGBOOST,"{""alpha"": 0.3, ""cat_depth"": 4, ""cat_iterations"": 300, ""cat_l2_leaf_reg"": 3, ""cat_learning_rate"": 0.05, ""xgb_colsample_bytree"": 1.0, ""xgb_learning_rate"": 0.05, ""xgb_max_depth"": 3, ""xgb_n_estimators"": 500, ""xgb_subsample"": 0.8}",0.3,4,300,3,0.05,1.0,0.05,3,500,0.8,0.9916267966183101,0.00718161034980572,0.008987528453258333,1.652957461016098,0.3894989359544491,0.03253588270862449,0.03854862609719233,5.654300627846849,0.6831356186390585,0.02445445029593792,0.03085614711357348,4.478174526417244
1005,CATBOOST_XGBOOST,"{""alpha"": 0.3, ""cat_depth"": 6, ""cat_iterations"": 500, ""cat_l2_leaf_reg"": 5, ""cat_learning_rate"": 0.05, ""xgb_colsample_bytree"": 0.8, ""xgb_learning_rate"": 0.03, ""xgb_max_depth"": 3, ""xgb_n_estimators"": 500, ""xgb_subsample"": 1.0}",0.3,6,500,5,0.05,0.8,0.03,3,500,1.0,0.9894400922379403,0.007928455105714393,0.01009309870895771,1.835673160446521,0.3893503826643541,0.03303595308811801,0.03855331583260476,5.766797892097694,0.7053475558676299,0.02393003181284535,0.02975500372067401,4.405476680094002
1006,CATBOOST_XGBOOST,"{""alpha"": 0.7, ""cat_depth"": 6, ""cat_iterations"": 300, ""cat_l2_leaf_reg"": 5, ""cat_learning_rate"": 0.03, ""xgb_colsample_bytree"": 1.0, ""xgb_learning_rate"": 0.05, ""xgb_max_depth"": 5, ""xgb_n_estimators"": 500, ""xgb_subsample"": 0.8}",0.7,6,300,5,0.03,1.0,0.05,5,500,0.8,0.9832959489399751,0.01009371169681393,0.01269420076606593,2.336911717149377,0.3893456567270924,0.03295666095185255,0.03855346501815582,5.721082577828654,0.710413892676454,0.02381491440894387,0.02949808661410952,4.373838543616847
1007,CATBOOST_XGBOOST,"{""alpha"": 0.7, ""cat_depth"": 6, ""cat_iterations"": 300, ""cat_l2_leaf_reg"": 5, ""cat_learning_rate"": 0.03, ""xgb_colsample_bytree"": 1.0, ""xgb_learning_rate"": 0.03, ""xgb_max_depth"": 5, ""xgb_n_estimators"": 300, ""xgb_subsample"": 0.8}",0.7,6,300,5,0.03,1.0,0.03,5,300,0.8,0.9801108346195829,0.01100809467360143,0.01385168917743502,2.545974856341666,0.3893422783522287,0.03292226616147209,0.03855357166431204,5.70832005287232,0.7096232249486468,0.02384844152875382,0.02953832902592557,4.38493419213244
1008,CATBOOST_XGBOOST,"{""alpha"": 0.3, ""cat_depth"": 6, ""cat_iterations"": 300, ""cat_l2_leaf_reg"": 3, ""cat_learning_rate"": 0.05, ""xgb_colsample_bytree"": 0.8, ""xgb_learning_rate"": 0.05, ""xgb_max_depth"": 3, ""xgb_n_estimators"": 300, ""xgb_subsample"": 1.0}",0.3,6,300,3,0.05,0.8,0.05,3,300,1.0,0.9880560260876246,0.008455093608607358,0.01073418018930418,1.952094975175763,0.3893225857903705,0.03273486031948924,0.03855419329935177,5.713508021945882,0.6917489689684726,0.02454715450654471,0.03043387509650927,4.513060409231517
1009,CATBOOST_XGBOOST,"{""alpha"": 0.3, ""cat_depth"": 4, ""cat_iterations"": 500, ""cat_l2_leaf_reg"": 5, ""cat_learning_rate"": 0.03, ""xgb_colsample_bytree"": 0.8, ""xgb_learning_rate"": 0.03, ""xgb_max_depth"": 5, ""xgb_n_estimators"": 300, ""xgb_subsample"": 0.8}",0.3,4,500,5,0.03,0.8,0.03,5,300,0.8,0.9921009406199905,0.006873810566468263,0.008729354840066716,1.587741451279751,0.3893167852444948,0.03301062588367026,0.03855437640325465,5.706588922516724,0.7237970481966343,0.02329855959839823,0.02880840028152448,4.27044938620226
1010,CATBOOST_XGBOOST,"{""alpha"": 0.3, ""cat_depth"": 4, ""cat_iterations"": 300, ""cat_l2_leaf_reg"": 5, ""cat_learning_rate"": 0.03, ""xgb_colsample_bytree"": 0.8, ""xgb_learning_rate"": 0.05, ""xgb_max_depth"": 3, ""xgb_n_estimators"": 300, ""xgb_subsample"": 0.8}",0.3,4,300,5,0.03,0.8,0.05,3,300,0.8,0.980808654913503,0.01087741885196948,0.01360652317115679,2.531859763361802,0.389189709125392,0.03309797625842425,0.03855838755466823,5.758219542055761,0.6819082076607137,0.02439016943934566,0.03091585178578035,4.473899374638628
1011,CATBOOST_XGBOOST,"{""alpha"": 0.5, ""cat_depth"": 4, ""cat_iterations"": 500, ""cat_l2_leaf_reg"": 5, ""cat_learning_rate"": 0.05, ""xgb_colsample_bytree"": 0.8, ""xgb_learning_rate"": 0.03, ""xgb_max_depth"": 5, ""xgb_n_estimators"": 300, ""xgb_subsample"": 1.0}",0.5,4,500,5,0.05,0.8,0.03,5,300,1.0,0.9927292662211007,0.006614500794056336,0.008374976165596388,1.522931989452392,0.3891137929138574,0.03221311053337565,0.03856078364704049,5.54723347974995,0.6963187246523159,0.02396925327937632,0.03020744491988776,4.375061535712529
1012,CATBOOST_XGBOOST,"{""alpha"": 0.5, ""cat_depth"": 6, ""cat_iterations"": 300, ""cat_l2_leaf_reg"": 3, ""cat_learning_rate"": 0.03, ""xgb_colsample_bytree"": 0.8, ""xgb_learning_rate"": 0.05, ""xgb_max_depth"": 3, ""xgb_n_estimators"": 300, ""xgb_subsample"": 1.0}",0.5,6,300,3,0.03,0.8,0.05,3,300,1.0,0.9813571598317449,0.01063945640311999,0.01341067063290367,2.459513727358859,0.3889997162378853,0.03289409902478998,0.03856438389257549,5.724089679753728,0.7006047870583106,0.02428238242119773,0.02999351820567923,4.467925809596238
1013,CATBOOST_XGBOOST,"{""alpha"": 0.7, ""cat_depth"": 6, ""cat_iterations"": 500, ""cat_l2_leaf_reg"": 5, ""cat_learning_rate"": 0.03, ""xgb_colsample_bytree"": 0.8, ""xgb_learning_rate"": 0.03, ""xgb_max_depth"": 5, ""xgb_n_estimators"": 500, ""xgb_subsample"": 0.8}",0.7,6,500,5,0.03,0.8,0.03,5,500,0.8,0.9909352833550829,0.007380307790275329,0.00935129106086954,1.698143200658772,0.3887930681741286,0.03343405622767127,0.03857090482371186,5.822355474752065,0.7183510134591161,0.02323987769759298,0.02909102887364579,4.26374482578959
1014,CATBOOST_XGBOOST,"{""alpha"": 0.7, ""cat_depth"": 6, ""cat_iterations"": 300, ""cat_l2_leaf_reg"": 5, ""cat_learning_rate"": 0.03, ""xgb_colsample_bytree"": 0.8, ""xgb_learning_rate"": 0.03, ""xgb_max_depth"": 5, ""xgb_n_estimators"": 500, ""xgb_subsample"": 1.0}",0.7,6,300,5,0.03,0.8,0.03,5,500,1.0,0.9818675446420815,0.0105210831069023,0.0132258248391286,2.434572730765942,0.3887068725581557,0.03286683576456145,0.03857362446375553,5.695085967143239,0.7148886921299143,0.02359123597696284,0.02926929124343731,4.331440888247517
1015,CATBOOST_XGBOOST,"{""alpha"": 0.3, ""cat_depth"": 4, ""cat_iterations"": 300, ""cat_l2_leaf_reg"": 5, ""cat_learning_rate"": 0.05, ""xgb_colsample_bytree"": 0.8, ""xgb_learning_rate"": 0.05, ""xgb_max_depth"": 3, ""xgb_n_estimators"": 300, ""xgb_subsample"": 0.8}",0.3,4,300,5,0.05,0.8,0.05,3,300,0.8,0.9844347083078765,0.00971218579376469,0.01225386496218743,2.252060691389032,0.3883441263721309,0.03298052158464565,0.03858506771359552,5.746518248267321,0.6784914212894015,0.02458461522968656,0.03108144975591073,4.505497912971713
1016,CATBOOST_XGBOOST,"{""alpha"": 0.5, ""cat_depth"": 4, ""cat_iterations"": 300, ""cat_l2_leaf_reg"": 3, ""cat_learning_rate"": 0.05, ""xgb_colsample_bytree"": 1.0, ""xgb_learning_rate"": 0.05, ""xgb_max_depth"": 5, ""xgb_n_estimators"": 300, ""xgb_subsample"": 0.8}",0.5,4,300,3,0.05,1.0,0.05,5,300,0.8,0.991744438108228,0.007188431942738955,0.008924168814548298,1.659820582007356,0.3883280036040665,0.03239296950509816,0.03858557624627285,5.586381402594776,0.6871439378688767,0.02436904160515069,0.03066036158289953,4.449545499278687
1017,CATBOOST_XGBOOST,"{""alpha"": 0.5, ""cat_depth"": 4, ""cat_iterations"": 500, ""cat_l2_leaf_reg"": 5, ""cat_learning_rate"": 0.05, ""xgb_colsample_bytree"": 1.0, ""xgb_learning_rate"": 0.05, ""xgb_max_depth"": 5, ""xgb_n_estimators"": 300, ""xgb_subsample"": 0.8}",0.5,4,500,5,0.05,1.0,0.05,5,300,0.8,0.9947696999735366,0.00563679527850511,0.007103260782740085,1.297556360048794,0.3882370345892916,0.03239059920335022,0.0385884453994948,5.593132144530664,0.6860469331003172,0.02446269251816774,0.0307140685975342,4.465163650208527
1018,CATBOOST_XGBOOST,"{""alpha"": 0.7, ""cat_depth"": 6, ""cat_iterations"": 300, ""cat_l2_leaf_reg"": 5, ""cat_learning_rate"": 0.03, ""xgb_colsample_bytree"": 1.0, ""xgb_learning_rate"": 0.05, ""xgb_max_depth"": 5, ""xgb_n_estimators"": 300, ""xgb_subsample"": 0.8}",0.7,6,300,5,0.03,1.0,0.05,5,300,0.8,0.9821956429756871,0.01041221599970735,0.01310562102893102,2.409870939208864,0.3881750386344205,0.03294257404076621,0.03859040062320754,5.717578756065616,0.7093173919742699,0.02385384777836506,0.02955388023110148,4.380141250860577
1019,CATBOOST_XGBOOST,"{""alpha"": 0.5, ""cat_depth"": 4, ""cat_iterations"": 300, ""cat_l2_leaf_reg"": 3, ""cat_learning_rate"": 0.05, ""xgb_colsample_bytree"": 0.8, ""xgb_learning_rate"": 0.03, ""xgb_max_depth"": 5, ""xgb_n_estimators"": 300, ""xgb_subsample"": 1.0}",0.5,4,300,3,0.05,0.8,0.03,5,300,1.0,0.9892068617695963,0.008192598304384072,0.010203950139962,1.891704683530277,0.388145519417345,0.03248138947620605,0.03859133156321883,5.587509918468494,0.6957940801313514,0.023961708995235,0.03023352708690796,4.376260349717812
1020,CATBOOST_XGBOOST,"{""alpha"": 0.5, ""cat_depth"": 4, ""cat_iterations"": 500, ""cat_l2_leaf_reg"": 5, ""cat_learning_rate"": 0.05, ""xgb_colsample_bytree"": 0.8, ""xgb_learning_rate"": 0.03, ""xgb_max_depth"": 3, ""xgb_n_estimators"": 300, ""xgb_subsample"": 0.8}",0.5,4,500,5,0.05,0.8,0.03,3,300,0.8,0.9823760012577444,0.01034632084815031,0.01303907204046416,2.395929194541018,0.3880234502313532,0.03273284009221925,0.03859518098954755,5.672687726331533,0.6703227330942926,0.02479966452877946,0.03147382208571365,4.526324833246993
1021,CATBOOST_XGBOOST,"{""alpha"": 0.3, ""cat_depth"": 4, ""cat_iterations"": 500, ""cat_l2_leaf_reg"": 5, ""cat_learning_rate"": 0.05, ""xgb_colsample_bytree"": 1.0, ""xgb_learning_rate"": 0.05, ""xgb_max_depth"": 3, ""xgb_n_estimators"": 300, ""xgb_subsample"": 0.8}",0.3,4,500,5,0.05,1.0,0.05,3,300,0.8,0.9879242486855132,0.008469496527761255,0.01079323265260499,1.960963246090523,0.3879808433188673,0.03253416609851992,0.03859652449926089,5.656261563457339,0.6796252658910351,0.02452510292885179,0.03102659482776706,4.494290145972992
1022,CATBOOST_XGBOOST,"{""alpha"": 0.3, ""cat_depth"": 4, ""cat_iterations"": 300, ""cat_l2_leaf_reg"": 5, ""cat_learning_rate"": 0.05, ""xgb_colsample_bytree"": 0.8, ""xgb_learning_rate"": 0.03, ""xgb_max_depth"": 5, ""xgb_n_estimators"": 300, ""xgb_subsample"": 0.8}",0.3,4,300,5,0.05,0.8,0.03,5,300,0.8,0.9924113977458442,0.006704046567795859,0.00855609018279671,1.547718067052056,0.3878913942587005,0.03314073277035686,0.03859934491482087,5.730966506838133,0.7235873740102876,0.02331208997570523,0.02881933288004512,4.269023475334291
1023,CATBOOST_XGBOOST,"{""alpha"": 0.7, ""cat_depth"": 6, ""cat_iterations"": 300, ""cat_l2_leaf_reg"": 5, ""cat_learning_rate"": 0.03, ""xgb_colsample_bytree"": 0.8, ""xgb_learning_rate"": 0.05, ""xgb_max_depth"": 3, ""xgb_n_estimators"": 500, ""xgb_subsample"": 0.8}",0.7,6,300,5,0.03,0.8,0.05,3,500,0.8,0.9788671724404374,0.01138167966252617,0.01427819348628129,2.633069689915938,0.3878634303301139,0.03327508912666334,0.03860022660230816,5.796423896583155,0.7030468453096383,0.02386868593777459,0.02987094461763796,4.38159306577186
1024,CATBOOST_XGBOOST,"{""alpha"": 0.3, ""cat_depth"": 4, ""cat_iterations"": 500, ""cat_l2_leaf_reg"": 5, ""cat_learning_rate"": 0.03, ""xgb_colsample_bytree"": 0.8, ""xgb_learning_rate"": 0.05, ""xgb_max_depth"": 3, ""xgb_n_estimators"": 300, ""xgb_subsample"": 0.8}",0.3,4,500,5,0.03,0.8,0.05,3,300,0.8,0.9839492090811268,0.009910332045180128,0.01244350357793469,2.296895355764841,0.3878415841485858,0.03290468406652675,0.03860091538653997,5.734891996633067,0.6775064408875294,0.02456454500134424,0.03112902423579952,4.502773759859241
1025,CATBOOST_XGBOOST,"{""alpha"": 0.3, ""cat_depth"": 4, ""cat_iterations"": 300, ""cat_l2_leaf_reg"": 3, ""cat_learning_rate"": 0.05, ""xgb_colsample_bytree"": 1.0, ""xgb_learning_rate"": 0.05, ""xgb_max_depth"": 3, ""xgb_n_estimators"": 300, ""xgb_subsample"": 1.0}",0.3,4,300,3,0.05,1.0,0.05,3,300,1.0,0.9847635114813155,0.009599072425202254,0.01212374805301304,2.22704863849261,0.3877384924328339,0.03266360054970961,0.03860416558041689,5.676197639008325,0.6922288133231265,0.02415337896747058,0.03041017815907887,4.430987017553025
1026,CATBOOST_XGBOOST,"{""alpha"": 0.5, ""cat_depth"": 6, ""cat_iterations"": 500, ""cat_l2_leaf_reg"": 5, ""cat_learning_rate"": 0.03, ""xgb_colsample_bytree"": 1.0, ""xgb_learning_rate"": 0.03, ""xgb_max_depth"": 3, ""xgb_n_estimators"": 500, ""xgb_subsample"": 1.0}",0.5,6,500,5,0.03,1.0,0.03,3,500,1.0,0.9868111895907695,0.008909700889970264,0.01127969277308163,2.055926881955202,0.3876464671982358,0.03290345432885013,0.03860706664790962,5.742140868496683,0.7150364978277868,0.02341492235844142,0.02926170345450901,4.310492544099713
1027,CATBOOST_XGBOOST,"{""alpha"": 0.7, ""cat_depth"": 6, ""cat_iterations"": 500, ""cat_l2_leaf_reg"": 5, ""cat_learning_rate"": 0.03, ""xgb_colsample_bytree"": 1.0, ""xgb_learning_rate"": 0.05, ""xgb_max_depth"": 3, ""xgb_n_estimators"": 500, ""xgb_subsample"": 0.8}",0.7,6,500,5,0.03,1.0,0.05,3,500,0.8,0.9887063907685019,0.008234099095609234,0.01043784483647679,1.893949003163338,0.3876227465123411,0.03323999348788263,0.0386078143999709,5.798885134513278,0.7029195957965302,0.02364307715362727,0.02987734403785071,4.342630887902623
1028,CATBOOST_XGBOOST,"{""alpha"": 0.5, ""cat_depth"": 4, ""cat_iterations"": 300, ""cat_l2_leaf_reg"": 3, ""cat_learning_rate"": 0.05, ""xgb_colsample_bytree"": 0.8, ""xgb_learning_rate"": 0.03, ""xgb_max_depth"": 3, ""xgb_n_estimators"": 300, ""xgb_subsample"": 0.8}",0.5,4,300,3,0.05,0.8,0.03,3,300,0.8,0.976826904128472,0.01196747304770026,0.01495155929214466,2.776334949665332,0.3875170639274101,0.03300541866723403,0.03861114567785529,5.714501684776604,0.6695414716706367,0.02485129304941044,0.03151109297906476,4.53531540502932
1029,CATBOOST_XGBOOST,"{""alpha"": 0.5, ""cat_depth"": 4, ""cat_iterations"": 300, ""cat_l2_leaf_reg"": 5, ""cat_learning_rate"": 0.03, ""xgb_colsample_bytree"": 1.0, ""xgb_learning_rate"": 0.05, ""xgb_max_depth"": 5, ""xgb_n_estimators"": 300, ""xgb_subsample"": 1.0}",0.5,4,300,5,0.03,1.0,0.05,5,300,1.0,0.9849900360948787,0.009604533146995201,0.01203328719939552,2.24629086337053,0.3875145648525201,0.03292119465686769,0.03861122444906712,5.666286412510979,0.6957678064666157,0.02411584110283235,0.03023483266374228,4.430004922974121
1030,CATBOOST_XGBOOST,"{""alpha"": 0.3, ""cat_depth"": 6, ""cat_iterations"": 300, ""cat_l2_leaf_reg"": 5, ""cat_learning_rate"": 0.05, ""xgb_colsample_bytree"": 0.8, ""xgb_learning_rate"": 0.05, ""xgb_max_depth"": 3, ""xgb_n_estimators"": 300, ""xgb_subsample"": 1.0}",0.3,6,300,5,0.05,0.8,0.05,3,300,1.0,0.986842957205739,0.008843398413537071,0.01126610000159586,2.045660816652108,0.3874529482709513,0.03274949376077931,0.03861316656204854,5.715559154872956,0.69375336286898,0.02439252435999932,0.03033476599987985,4.483989000382964
1031,CATBOOST_XGBOOST,"{""alpha"": 0.7, ""cat_depth"": 6, ""cat_iterations"": 300, ""cat_l2_leaf_reg"": 5, ""cat_learning_rate"": 0.03, ""xgb_colsample_bytree"": 0.8, ""xgb_learning_rate"": 0.03, ""xgb_max_depth"": 5, ""xgb_n_estimators"": 300, ""xgb_subsample"": 1.0}",0.7,6,300,5,0.03,0.8,0.03,5,300,1.0,0.9800928227809194,0.01101510798536913,0.01385795987621205,2.549597754651181,0.3871696182312425,0.03295581396282825,0.03862209567629987,5.710425069044297,0.7149113158841005,0.02360914522318968,0.02926812995244559,4.335141257455001
1032,CATBOOST_XGBOOST,"{""alpha"": 0.7, ""cat_depth"": 6, ""cat_iterations"": 300, ""cat_l2_leaf_reg"": 5, ""cat_learning_rate"": 0.03, ""xgb_colsample_bytree"": 0.8, ""xgb_learning_rate"": 0.03, ""xgb_max_depth"": 3, ""xgb_n_estimators"": 300, ""xgb_subsample"": 0.8}",0.7,6,300,5,0.03,0.8,0.03,3,300,0.8,0.9710628741003534,0.0133021763177506,0.01670791107470457,3.084499463883123,0.3871423181648822,0.03315704212768568,0.03862295592577835,5.764644458636731,0.697963124452111,0.02417566013309801,0.03012554895416392,4.436370683839563
1033,CATBOOST_XGBOOST,"{""alpha"": 0.7, ""cat_depth"": 4, ""cat_iterations"": 300, ""cat_l2_leaf_reg"": 3, ""cat_learning_rate"": 0.03, ""xgb_colsample_bytree"": 0.8, ""xgb_learning_rate"": 0.05, ""xgb_max_depth"": 5, ""xgb_n_estimators"": 500, ""xgb_subsample"": 1.0}",0.7,4,300,3,0.03,0.8,0.05,5,500,1.0,0.977207126397233,0.01187853003956478,0.01482838998122939,2.773013708237855,0.3869651001939365,0.03272277415005086,0.03862853975652907,5.622472003125412,0.6791140013720467,0.02434181845931712,0.03105134158811339,4.433490885180257
1034,CATBOOST_XGBOOST,"{""alpha"": 0.5, ""cat_depth"": 4, ""cat_iterations"": 500, ""cat_l2_leaf_reg"": 3, ""cat_learning_rate"": 0.03, ""xgb_colsample_bytree"": 0.8, ""xgb_learning_rate"": 0.03, ""xgb_max_depth"": 5, ""xgb_n_estimators"": 300, ""xgb_subsample"": 0.8}",0.5,4,500,3,0.03,0.8,0.03,5,300,0.8,0.9892324854250311,0.00814953794523969,0.01019183050136087,1.882764987289739,0.3869635821235462,0.03306723387959516,0.03862858758480616,5.718585926456187,0.7092842389253836,0.02336879084643109,0.02955556552852459,4.26198002092811
1035,CATBOOST_XGBOOST,"{""alpha"": 0.5, ""cat_depth"": 4, ""cat_iterations"": 300, ""cat_l2_leaf_reg"": 5, ""cat_learning_rate"": 0.03, ""xgb_colsample_bytree"": 1.0, ""xgb_learning_rate"": 0.03, ""xgb_max_depth"": 5, ""xgb_n_estimators"": 300, ""xgb_subsample"": 1.0}",0.5,4,300,5,0.03,1.0,0.03,5,300,1.0,0.982101399873431,0.01046914187307054,0.01314026098383085,2.447711852904332,0.3867996156215299,0.03284507736241773,0.03863375315958861,5.655029261358605,0.6926538757465555,0.02439904576857555,0.03038917117277247,4.484842857028061
1036,CATBOOST_XGBOOST,"{""alpha"": 0.3, ""cat_depth"": 4, ""cat_iterations"": 500, ""cat_l2_leaf_reg"": 5, ""cat_learning_rate"": 0.05, ""xgb_colsample_bytree"": 1.0, ""xgb_learning_rate"": 0.05, ""xgb_max_depth"": 3, ""xgb_n_estimators"": 500, ""xgb_subsample"": 0.8}",0.3,4,500,5,0.05,1.0,0.05,3,500,0.8,0.9933990885935754,0.006287736696923848,0.007979880912050957,1.446759011876136,0.386498443985877,0.03252950878861666,0.03864323942427899,5.656789630642267,0.6812487812070516,0.02464567656666634,0.03094788055256265,4.510948703408064
1037,CATBOOST_XGBOOST,"{""alpha"": 0.7, ""cat_depth"": 4, ""cat_iterations"": 500, ""cat_l2_leaf_reg"": 3, ""cat_learning_rate"": 0.05, ""xgb_colsample_bytree"": 0.8, ""xgb_learning_rate"": 0.05, ""xgb_max_depth"": 5, ""xgb_n_estimators"": 300, ""xgb_subsample"": 0.8}",0.7,4,500,3,0.05,0.8,0.05,5,300,0.8,0.9929577549565123,0.006689477539225492,0.008242330496147244,1.535171377680085,0.3864952690263792,0.03302601211555312,0.03864333941633288,5.719029324681882,0.6707334864203456,0.02438992807225172,0.03145420895533101,4.444616760160412
1038,CATBOOST_XGBOOST,"{""alpha"": 0.3, ""cat_depth"": 4, ""cat_iterations"": 500, ""cat_l2_leaf_reg"": 5, ""cat_learning_rate"": 0.05, ""xgb_colsample_bytree"": 1.0, ""xgb_learning_rate"": 0.05, ""xgb_max_depth"": 3, ""xgb_n_estimators"": 300, ""xgb_subsample"": 1.0}",0.3,4,500,5,0.05,1.0,0.05,3,300,1.0,0.9873384046358327,0.008681002835089754,0.01105194394161947,2.013808352585117,0.3864288084354094,0.0325015571444457,0.03864543246427064,5.651414076886554,0.6912517967162715,0.02426720765371368,0.03045840831868986,4.449775199351663
1039,CATBOOST_XGBOOST,"{""alpha"": 0.5, ""cat_depth"": 6, ""cat_iterations"": 500, ""cat_l2_leaf_reg"": 3, ""cat_learning_rate"": 0.03, ""xgb_colsample_bytree"": 0.8, ""xgb_learning_rate"": 0.03, ""xgb_max_depth"": 3, ""xgb_n_estimators"": 500, ""xgb_subsample"": 1.0}",0.5,6,500,3,0.03,0.8,0.03,3,500,1.0,0.9882580131165943,0.00839865880286984,0.01064302920003104,1.939230217836621,0.3863659886587624,0.03313354608060995,0.03864741074758409,5.774488492816454,0.7041977575809502,0.02400442446940695,0.0298130024612539,4.420874105294489
1040,CATBOOST_XGBOOST,"{""alpha"": 0.5, ""cat_depth"": 4, ""cat_iterations"": 500, ""cat_l2_leaf_reg"": 3, ""cat_learning_rate"": 0.03, ""xgb_colsample_bytree"": 0.8, ""xgb_learning_rate"": 0.05, ""xgb_max_depth"": 3, ""xgb_n_estimators"": 300, ""xgb_subsample"": 0.8}",0.5,4,500,3,0.03,0.8,0.05,3,300,0.8,0.9829791459720022,0.01028409599190113,0.01281401216098375,2.379492716268955,0.3862948512163215,0.03299706838666223,0.03864965084366064,5.739677559144755,0.675142608029655,0.02432073753422643,0.03124290164575593,4.439498250254763
1041,CATBOOST_XGBOOST,"{""alpha"": 0.3, ""cat_depth"": 6, ""cat_iterations"": 500, ""cat_l2_leaf_reg"": 3, ""cat_learning_rate"": 0.05, ""xgb_colsample_bytree"": 0.8, ""xgb_learning_rate"": 0.03, ""xgb_max_depth"": 3, ""xgb_n_estimators"": 300, ""xgb_subsample"": 1.0}",0.3,6,500,3,0.05,0.8,0.03,3,300,1.0,0.9847660931443531,0.009618219610722114,0.0121227208885801,2.230186261466915,0.386249335394347,0.03314352455027848,0.03865108405471841,5.772609493186439,0.7011182123468294,0.02444138065996379,0.02996778960721957,4.493371439729672
1042,CATBOOST_XGBOOST,"{""alpha"": 0.3, ""cat_depth"": 4, ""cat_iterations"": 500, ""cat_l2_leaf_reg"": 3, ""cat_learning_rate"": 0.05, ""xgb_colsample_bytree"": 1.0, ""xgb_learning_rate"": 0.03, ""xgb_max_depth"": 3, ""xgb_n_estimators"": 500, ""xgb_subsample"": 1.0}",0.3,4,500,3,0.05,1.0,0.03,3,500,1.0,0.9885516901268949,0.008329797218707512,0.01050909084396177,1.925198140270935,0.3860723807253381,0.03263483221048628,0.0386566555328985,5.685292361424904,0.6984315872890566,0.0240828827184909,0.03010217734334338,4.421857450217134
1043,CATBOOST_XGBOOST,"{""alpha"": 0.5, ""cat_depth"": 4, ""cat_iterations"": 500, ""cat_l2_leaf_reg"": 5, ""cat_learning_rate"": 0.03, ""xgb_colsample_bytree"": 1.0, ""xgb_learning_rate"": 0.03, ""xgb_max_depth"": 3, ""xgb_n_estimators"": 500, ""xgb_subsample"": 0.8}",0.5,4,500,5,0.03,1.0,0.03,3,500,0.8,0.9810749159488548,0.01081233382376577,0.01351180493065283,2.509444249969428,0.3860381111620096,0.03248430978125048,0.03865773442899054,5.627695322718078,0.6691459180101853,0.02454869255426443,0.03152994648023651,4.476627578778847
1044,CATBOOST_XGBOOST,"{""alpha"": 0.7, ""cat_depth"": 6, ""cat_iterations"": 500, ""cat_l2_leaf_reg"": 5, ""cat_learning_rate"": 0.03, ""xgb_colsample_bytree"": 1.0, ""xgb_learning_rate"": 0.05, ""xgb_max_depth"": 3, ""xgb_n_estimators"": 300, ""xgb_subsample"": 0.8}",0.7,6,500,5,0.03,1.0,0.05,3,300,0.8,0.9859768883227465,0.00918044385819832,0.01163098925632268,2.115944662019593,0.3859862884563527,0.03325878144873498,0.0386593658870311,5.800411672582538,0.7009169611212505,0.02370049924935664,0.0299778772735289,4.354040159753415
1045,CATBOOST_XGBOOST,"{""alpha"": 0.7, ""cat_depth"": 6, ""cat_iterations"": 300, ""cat_l2_leaf_reg"": 3, ""cat_learning_rate"": 0.03, ""xgb_colsample_bytree"": 0.8, ""xgb_learning_rate"": 0.03, ""xgb_max_depth"": 3, ""xgb_n_estimators"": 500, ""xgb_subsample"": 1.0}",0.7,6,300,3,0.03,0.8,0.03,3,500,1.0,0.9777860188436182,0.01166765951185099,0.01463887349620238,2.702412577684119,0.3859723683946632,0.03315489841642784,0.03865980410013444,5.765183687059122,0.7032822407845987,0.02413464028704957,0.02985910288585964,4.439376230639668
1046,CATBOOST_XGBOOST,"{""alpha"": 0.7, ""cat_depth"": 6, ""cat_iterations"": 500, ""cat_l2_leaf_reg"": 5, ""cat_learning_rate"": 0.03, ""xgb_colsample_bytree"": 0.8, ""xgb_learning_rate"": 0.03, ""xgb_max_depth"": 5, ""xgb_n_estimators"": 300, ""xgb_subsample"": 0.8}",0.7,6,500,5,0.03,0.8,0.03,5,300,0.8,0.9892559498592552,0.008016503125943118,0.01018071948949938,1.8433754513729,0.385921282003731,0.03347072942741719,0.03866141229224702,5.827210284579332,0.7173095632536122,0.02326997403751606,0.02914476402630231,4.268334347115347
1047,CATBOOST_XGBOOST,"{""alpha"": 0.7, ""cat_depth"": 4, ""cat_iterations"": 500, ""cat_l2_leaf_reg"": 3, ""cat_learning_rate"": 0.05, ""xgb_colsample_bytree"": 0.8, ""xgb_learning_rate"": 0.05, ""xgb_max_depth"": 5, ""xgb_n_estimators"": 500, ""xgb_subsample"": 0.8}",0.7,4,500,3,0.05,0.8,0.05,5,500,0.8,0.9937632545410726,0.006305923863977189,0.007756637007849498,1.44802371323726,0.3858929402278057,0.03305766867114421,0.03866230445835651,5.725739046884766,0.671389590762886,0.02436146161172554,0.03142285512331822,4.439421450479095
1048,CATBOOST_XGBOOST,"{""alpha"": 0.5, ""cat_depth"": 4, ""cat_iterations"": 300, ""cat_l2_leaf_reg"": 3, ""cat_learning_rate"": 0.03, ""xgb_colsample_bytree"": 0.8, ""xgb_learning_rate"": 0.05, ""xgb_max_depth"": 3, ""xgb_n_estimators"": 300, ""xgb_subsample"": 0.8}",0.5,4,300,3,0.03,0.8,0.05,3,300,0.8,0.9755612991654292,0.0123400923112189,0.01535442352638042,2.873078091757849,0.3857935284088276,0.03320558802791363,0.03866543366393819,5.758713275016258,0.6790849393354216,0.02427704990384473,0.03105274768685059,4.434541995385463
1049,CATBOOST_XGBOOST,"{""alpha"": 0.7, ""cat_depth"": 4, ""cat_iterations"": 300, ""cat_l2_leaf_reg"": 3, ""cat_learning_rate"": 0.03, ""xgb_colsample_bytree"": 0.8, ""xgb_learning_rate"": 0.05, ""xgb_max_depth"": 5, ""xgb_n_estimators"": 300, ""xgb_subsample"": 1.0}",0.7,4,300,3,0.03,0.8,0.05,5,300,1.0,0.9759819664196409,0.01219535523274853,0.01522170083276602,2.844485963524573,0.3857260854917626,0.03276173924452492,0.03866755643386618,5.629779128110441,0.6773761810586683,0.02443799119457237,0.03113531033343363,4.453379020713716
1050,CATBOOST_XGBOOST,"{""alpha"": 0.7, ""cat_depth"": 4, ""cat_iterations"": 500, ""cat_l2_leaf_reg"": 3, ""cat_learning_rate"": 0.05, ""xgb_colsample_bytree"": 1.0, ""xgb_learning_rate"": 0.03, ""xgb_max_depth"": 3, ""xgb_n_estimators"": 500, ""xgb_subsample"": 0.8}",0.7,4,500,3,0.05,1.0,0.03,3,500,0.8,0.9886292627907638,0.00844501912859483,0.0104734260235873,1.943419259612579,0.3856912968625429,0.0327738662022137,0.03866865136253446,5.682654197851829,0.6515039406737322,0.02500437038231225,0.03235965783077377,4.560962159108567
1051,CATBOOST_XGBOOST,"{""alpha"": 0.5, ""cat_depth"": 4, ""cat_iterations"": 300, ""cat_l2_leaf_reg"": 5, ""cat_learning_rate"": 0.05, ""xgb_colsample_bytree"": 1.0, ""xgb_learning_rate"": 0.03, ""xgb_max_depth"": 3, ""xgb_n_estimators"": 500, ""xgb_subsample"": 0.8}",0.5,4,300,5,0.05,1.0,0.03,3,500,0.8,0.9819297728300354,0.01052587320274249,0.01320311069382618,2.444502466828759,0.385649421444605,0.03255254010161288,0.03866996929791008,5.638965182568636,0.6690629305636887,0.02462401650129064,0.03153390052800428,4.487655553373833
1052,CATBOOST_XGBOOST,"{""alpha"": 0.7, ""cat_depth"": 6, ""cat_iterations"": 300, ""cat_l2_leaf_reg"": 5, ""cat_learning_rate"": 0.03, ""xgb_colsample_bytree"": 1.0, ""xgb_learning_rate"": 0.05, ""xgb_max_depth"": 3, ""xgb_n_estimators"": 500, ""xgb_subsample"": 1.0}",0.7,6,300,5,0.03,1.0,0.05,3,500,1.0,0.978849935736567,0.01138131305926032,0.01428401520674973,2.633492457211563,0.3851547494074216,0.0330719913467587,0.03868553459895566,5.755136287939901,0.7126734983950913,0.02352246130289649,0.02938277621650694,4.317721150246507
1053,CATBOOST_XGBOOST,"{""alpha"": 0.3, ""cat_depth"": 6, ""cat_iterations"": 500, ""cat_l2_leaf_reg"": 5, ""cat_learning_rate"": 0.05, ""xgb_colsample_bytree"": 0.8, ""xgb_learning_rate"": 0.03, ""xgb_max_depth"": 3, ""xgb_n_estimators"": 300, ""xgb_subsample"": 1.0}",0.3,6,500,5,0.05,0.8,0.03,3,300,1.0,0.9832889684437921,0.01004735083247351,0.01269685289410532,2.329017704505847,0.3849564830467568,0.03320181502927102,0.03869177147068625,5.782321126395659,0.7045674766852759,0.02420580516351526,0.02979436520747808,4.447601190511697
1054,CATBOOST_XGBOOST,"{""alpha"": 0.5, ""cat_depth"": 4, ""cat_iterations"": 500, ""cat_l2_leaf_reg"": 3, ""cat_learning_rate"": 0.05, ""xgb_colsample_bytree"": 1.0, ""xgb_learning_rate"": 0.05, ""xgb_max_depth"": 3, ""xgb_n_estimators"": 300, ""xgb_subsample"": 0.8}",0.5,4,500,3,0.05,1.0,0.05,3,300,0.8,0.9887247188037234,0.008323901704158107,0.01042937177606363,1.921076604329844,0.3849181170496573,0.0328434076944326,0.03869297823508755,5.704146181596433,0.6700393592825853,0.02461841729285575,0.03148734582863261,4.496842031521591
1055,CATBOOST_XGBOOST,"{""alpha"": 0.5, ""cat_depth"": 4, ""cat_iterations"": 500, ""cat_l2_leaf_reg"": 3, ""cat_learning_rate"": 0.05, ""xgb_colsample_bytree"": 1.0, ""xgb_learning_rate"": 0.05, ""xgb_max_depth"": 3, ""xgb_n_estimators"": 300, ""xgb_subsample"": 1.0}",0.5,4,500,3,0.05,1.0,0.05,3,300,1.0,0.9883870280816881,0.008441614966220366,0.01058439761250067,1.949795938852063,0.384906788526442,0.03287233311470754,0.0386933345553565,5.710469050999442,0.679622323450171,0.02453646242686661,0.03102673730734044,4.488713378895174
1056,CATBOOST_XGBOOST,"{""alpha"": 0.5, ""cat_depth"": 4, ""cat_iterations"": 500, ""cat_l2_leaf_reg"": 3, ""cat_learning_rate"": 0.05, ""xgb_colsample_bytree"": 1.0, ""xgb_learning_rate"": 0.05, ""xgb_max_depth"": 3, ""xgb_n_estimators"": 500, ""xgb_subsample"": 0.8}",0.5,4,500,3,0.05,1.0,0.05,3,500,0.8,0.9925920417188747,0.006778897768563642,0.00845363947061403,1.556860377643909,0.3845683363196936,0.03279501328935987,0.03870397850592847,5.696844911645469,0.6710855977002393,0.02463850787789543,0.03143738619344853,4.498025361098609
1057,CATBOOST_XGBOOST,"{""alpha"": 0.7, ""cat_depth"": 6, ""cat_iterations"": 500, ""cat_l2_leaf_reg"": 5, ""cat_learning_rate"": 0.03, ""xgb_colsample_bytree"": 1.0, ""xgb_learning_rate"": 0.05, ""xgb_max_depth"": 3, ""xgb_n_estimators"": 300, ""xgb_subsample"": 1.0}",0.7,6,500,5,0.03,1.0,0.05,3,300,1.0,0.985755975502079,0.009277119616155564,0.0117222455427076,2.140720775444398,0.3840884198790763,0.03323940993918298,0.03871906633529695,5.796683438270018,0.7055159611826975,0.02368824514585625,0.0297464994352659,4.354151243433463
1058,CATBOOST_XGBOOST,"{""alpha"": 0.5, ""cat_depth"": 4, ""cat_iterations"": 300, ""cat_l2_leaf_reg"": 3, ""cat_learning_rate"": 0.03, ""xgb_colsample_bytree"": 0.8, ""xgb_learning_rate"": 0.03, ""xgb_max_depth"": 5, ""xgb_n_estimators"": 500, ""xgb_subsample"": 0.8}",0.5,4,300,3,0.03,0.8,0.03,5,500,0.8,0.9864585912542295,0.009148485112654394,0.0114294776291425,2.132895856612386,0.3840375675250813,0.03309236637854952,0.03872066471004056,5.705321608259846,0.7114473314668031,0.02349563997677115,0.02944540502458357,4.29024995173479
1059,CATBOOST_XGBOOST,"{""alpha"": 0.5, ""cat_depth"": 4, ""cat_iterations"": 300, ""cat_l2_leaf_reg"": 5, ""cat_learning_rate"": 0.03, ""xgb_colsample_bytree"": 1.0, ""xgb_learning_rate"": 0.03, ""xgb_max_depth"": 3, ""xgb_n_estimators"": 500, ""xgb_subsample"": 0.8}",0.5,4,300,5,0.03,1.0,0.03,3,500,0.8,0.9748077299653153,0.01248788391431963,0.01558935366277698,2.917137055939301,0.3839217930066443,0.03281964088366402,0.03872430345117733,5.668723999122609,0.6735791148750621,0.02464347790479252,0.03131799525659831,4.500039732861135
1060,CATBOOST_XGBOOST,"{""alpha"": 0.5, ""cat_depth"": 4, ""cat_iterations"": 500, ""cat_l2_leaf_reg"": 5, ""cat_learning_rate"": 0.03, ""xgb_colsample_bytree"": 0.8, ""xgb_learning_rate"": 0.05, ""xgb_max_depth"": 5, ""xgb_n_estimators"": 300, ""xgb_subsample"": 0.8}",0.5,4,500,5,0.03,0.8,0.05,5,300,0.8,0.9902072139343351,0.007802108211235786,0.009719582081220972,1.810291285015153,0.3839202002362471,0.0328860544534431,0.03872435350885153,5.683724586883146,0.6961130655480144,0.02391025518768321,0.03021767173518531,4.368414251228607
1061,CATBOOST_XGBOOST,"{""alpha"": 0.7, ""cat_depth"": 4, ""cat_iterations"": 500, ""cat_l2_leaf_reg"": 3, ""cat_learning_rate"": 0.05, ""xgb_colsample_bytree"": 1.0, ""xgb_learning_rate"": 0.03, ""xgb_max_depth"": 5, ""xgb_n_estimators"": 500, ""xgb_subsample"": 0.8}",0.7,4,500,3,0.05,1.0,0.03,5,500,0.8,0.993101774578216,0.006605104970091653,0.008157613957081568,1.515759843876047,0.3837515450127749,0.03284846837261263,0.03872965364820023,5.676807610219544,0.6653363024664478,0.02471686421198807,0.03171095252764747,4.505958322213037
1062,CATBOOST_XGBOOST,"{""alpha"": 0.3, ""cat_depth"": 4, ""cat_iterations"": 300, ""cat_l2_leaf_reg"": 5, ""cat_learning_rate"": 0.03, ""xgb_colsample_bytree"": 1.0, ""xgb_learning_rate"": 0.05, ""xgb_max_depth"": 3, ""xgb_n_estimators"": 500, ""xgb_subsample"": 0.8}",0.3,4,300,5,0.03,1.0,0.05,3,500,0.8,0.9885173119355986,0.008410660167593696,0.01052485791878707,1.954862855070073,0.3834235189983622,0.03280616975070658,0.03873996007871476,5.691406765321175,0.6886053147056066,0.02410525292802494,0.03058866920778244,4.416968296747094
1063,CATBOOST_XGBOOST,"{""alpha"": 0.3, ""cat_depth"": 4, ""cat_iterations"": 300, ""cat_l2_leaf_reg"": 5, ""cat_learning_rate"": 0.03, ""xgb_colsample_bytree"": 0.8, ""xgb_learning_rate"": 0.03, ""xgb_max_depth"": 5, ""xgb_n_estimators"": 300, ""xgb_subsample"": 0.8}",0.3,4,300,5,0.03,0.8,0.03,5,300,0.8,0.9897742613614591,0.007873903694247082,0.009932116439636356,1.830414040657964,0.383299527702296,0.03314621404931661,0.03874385511570085,5.718355326326476,0.724665235038781,0.02335236201983246,0.02876308802266004,4.282835427669268
1064,CATBOOST_XGBOOST,"{""alpha"": 0.5, ""cat_depth"": 6, ""cat_iterations"": 300, ""cat_l2_leaf_reg"": 5, ""cat_learning_rate"": 0.03, ""xgb_colsample_bytree"": 1.0, ""xgb_learning_rate"": 0.03, ""xgb_max_depth"": 3, ""xgb_n_estimators"": 500, ""xgb_subsample"": 1.0}",0.5,6,300,5,0.03,1.0,0.03,3,500,1.0,0.9798869507984453,0.0110762859399616,0.01392943227740314,2.568363214430065,0.3832292228367306,0.03299815260975227,0.03874606348428531,5.748541085306957,0.7168265384295344,0.02355494422845994,0.02916965279915306,4.33522766986592
1065,CATBOOST_XGBOOST,"{""alpha"": 0.5, ""cat_depth"": 4, ""cat_iterations"": 500, ""cat_l2_leaf_reg"": 5, ""cat_learning_rate"": 0.03, ""xgb_colsample_bytree"": 0.8, ""xgb_learning_rate"": 0.05, ""xgb_max_depth"": 5, ""xgb_n_estimators"": 500, ""xgb_subsample"": 0.8}",0.5,4,500,5,0.03,0.8,0.05,5,500,0.8,0.991698926938129,0.007189949736990442,0.00894873353551497,1.670849894991382,0.3831641544393251,0.03294880059947599,0.03874810725634724,5.696536176889774,0.697437703688288,0.02385932769662943,0.03015174064197511,4.358346461139105
1066,CATBOOST_XGBOOST,"{""alpha"": 0.7, ""cat_depth"": 4, ""cat_iterations"": 500, ""cat_l2_leaf_reg"": 3, ""cat_learning_rate"": 0.05, ""xgb_colsample_bytree"": 1.0, ""xgb_learning_rate"": 0.03, ""xgb_max_depth"": 5, ""xgb_n_estimators"": 300, ""xgb_subsample"": 0.8}",0.7,4,500,3,0.05,1.0,0.03,5,300,0.8,0.9916880048345039,0.007216273356599107,0.008954618730445195,1.65534574813118,0.3823827594595833,0.03289347348453769,0.03877264214193962,5.684492465451489,0.6649498516714576,0.02473128356896998,0.03172925625640511,4.509123764192966
1067,CATBOOST_XGBOOST,"{""alpha"": 0.3, ""cat_depth"": 4, ""cat_iterations"": 300, ""cat_l2_leaf_reg"": 3, ""cat_learning_rate"": 0.03, ""xgb_colsample_bytree"": 1.0, ""xgb_learning_rate"": 0.03, ""xgb_max_depth"": 3, ""xgb_n_estimators"": 500, ""xgb_subsample"": 1.0}",0.3,4,300,3,0.03,1.0,0.03,3,500,1.0,0.981591526889499,0.01062352981021673,0.01332610840872159,2.4721551641346,0.3823757943583523,0.03276341487013942,0.03877286076813592,5.693931376657937,0.7057069559744416,0.02372000428456865,0.02973685146250431,4.357094569078022
1068,CATBOOST_XGBOOST,"{""alpha"": 0.7, ""cat_depth"": 6, ""cat_iterations"": 300, ""cat_l2_leaf_reg"": 5, ""cat_learning_rate"": 0.03, ""xgb_colsample_bytree"": 0.8, ""xgb_learning_rate"": 0.05, ""xgb_max_depth"": 3, ""xgb_n_estimators"": 300, ""xgb_subsample"": 0.8}",0.7,6,300,5,0.03,0.8,0.05,3,300,0.8,0.9751666238688105,0.01233029266773006,0.01547791087126829,2.854197709901412,0.382129303683666,0.0333753503880496,0.03878059702196216,5.81272228346993,0.6992309012167699,0.02405460414419986,0.03006225762136513,4.416872645047957
1069,CATBOOST_XGBOOST,"{""alpha"": 0.7, ""cat_depth"": 4, ""cat_iterations"": 500, ""cat_l2_leaf_reg"": 3, ""cat_learning_rate"": 0.05, ""xgb_colsample_bytree"": 1.0, ""xgb_learning_rate"": 0.03, ""xgb_max_depth"": 3, ""xgb_n_estimators"": 300, ""xgb_subsample"": 0.8}",0.7,4,500,3,0.05,1.0,0.03,3,300,0.8,0.9861358174997474,0.00931690005250529,0.01156489226838135,2.148318749122047,0.3820349067196116,0.03294554296101063,0.03878355931717572,5.709460726051783,0.653723552071534,0.025031292089128,0.03225644203265533,4.56323911891775
1070,CATBOOST_XGBOOST,"{""alpha"": 0.7, ""cat_depth"": 4, ""cat_iterations"": 500, ""cat_l2_leaf_reg"": 3, ""cat_learning_rate"": 0.05, ""xgb_colsample_bytree"": 0.8, ""xgb_learning_rate"": 0.03, ""xgb_max_depth"": 5, ""xgb_n_estimators"": 500, ""xgb_subsample"": 1.0}",0.7,4,500,3,0.05,0.8,0.03,5,500,1.0,0.9928177515192264,0.006734931838537023,0.008323858162626404,1.544822302777387,0.3819743922100054,0.03277798467845919,0.03878545821943106,5.659598630562542,0.6705177333691476,0.0244792350739747,0.03146451250875319,4.458592449974227
1071,CATBOOST_XGBOOST,"{""alpha"": 0.3, ""cat_depth"": 4, ""cat_iterations"": 500, ""cat_l2_leaf_reg"": 3, ""cat_learning_rate"": 0.03, ""xgb_colsample_bytree"": 1.0, ""xgb_learning_rate"": 0.03, ""xgb_max_depth"": 3, ""xgb_n_estimators"": 500, ""xgb_subsample"": 1.0}",0.3,4,500,3,0.03,1.0,0.03,3,500,1.0,0.9854241585608087,0.009406770806592062,0.01185799535399266,2.178922161195867,0.38171512430786,0.03264541745799172,0.0387935928095282,5.684152196461135,0.7027101066441104,0.02386657790854405,0.02988787633211215,4.380041985750156
1072,CATBOOST_XGBOOST,"{""alpha"": 0.5, ""cat_depth"": 6, ""cat_iterations"": 500, ""cat_l2_leaf_reg"": 3, ""cat_learning_rate"": 0.03, ""xgb_colsample_bytree"": 0.8, ""xgb_learning_rate"": 0.03, ""xgb_max_depth"": 3, ""xgb_n_estimators"": 300, ""xgb_subsample"": 1.0}",0.5,6,500,3,0.03,0.8,0.03,3,300,1.0,0.9838062277168895,0.00990316296510789,0.01249880441629434,2.291390737026489,0.3815674875758409,0.03332275631438644,0.03879822418385964,5.796513405589502,0.7028413178244148,0.02420394476891852,0.02988127998218036,4.451062325151744
1073,CATBOOST_XGBOOST,"{""alpha"": 0.3, ""cat_depth"": 6, ""cat_iterations"": 500, ""cat_l2_leaf_reg"": 3, ""cat_learning_rate"": 0.03, ""xgb_colsample_bytree"": 0.8, ""xgb_learning_rate"": 0.05, ""xgb_max_depth"": 3, ""xgb_n_estimators"": 300, ""xgb_subsample"": 1.0}",0.3,6,500,3,0.03,0.8,0.05,3,300,1.0,0.9881666910173079,0.00837443884814863,0.01068433657390295,1.933835832803521,0.3815347236043788,0.03290784904592028,0.03879925191691726,5.738655534831887,0.6928452046603184,0.02450246442781391,0.03037971077646954,4.50860220287856
1074,CATBOOST_XGBOOST,"{""alpha"": 0.3, ""cat_depth"": 4, ""cat_iterations"": 500, ""cat_l2_leaf_reg"": 5, ""cat_learning_rate"": 0.03, ""xgb_colsample_bytree"": 1.0, ""xgb_learning_rate"": 0.05, ""xgb_max_depth"": 3, ""xgb_n_estimators"": 500, ""xgb_subsample"": 0.8}",0.3,4,500,5,0.03,1.0,0.05,3,500,0.8,0.990876946260025,0.007463813014612757,0.009381333492868054,1.723837404043785,0.381531747269664,0.03258928432905151,0.0387993452765818,5.663582776861027,0.6834190264029052,0.02445398430786587,0.03084234495020872,4.476042359187487
1075,CATBOOST_XGBOOST,"{""alpha"": 0.3, ""cat_depth"": 4, ""cat_iterations"": 300, ""cat_l2_leaf_reg"": 5, ""cat_learning_rate"": 0.03, ""xgb_colsample_bytree"": 1.0, ""xgb_learning_rate"": 0.05, ""xgb_max_depth"": 3, ""xgb_n_estimators"": 300, ""xgb_subsample"": 0.8}",0.3,4,300,5,0.03,1.0,0.05,3,300,0.8,0.9812720795590647,0.01067939368448761,0.01344123691707098,2.488563767438266,0.3812827098829588,0.03298307244309325,0.03880715611813511,5.720859133707963,0.6838827138084211,0.02434509956488899,0.03081974970825277,4.469594154040085
1076,CATBOOST_XGBOOST,"{""alpha"": 0.5, ""cat_depth"": 4, ""cat_iterations"": 300, ""cat_l2_leaf_reg"": 5, ""cat_learning_rate"": 0.05, ""xgb_colsample_bytree"": 0.8, ""xgb_learning_rate"": 0.05, ""xgb_max_depth"": 5, ""xgb_n_estimators"": 300, ""xgb_subsample"": 0.8}",0.5,4,300,5,0.05,0.8,0.05,5,300,0.8,0.9907738795418929,0.00752418232947654,0.009434176966594973,1.74835183691088,0.3812799080062353,0.03300002175879686,0.03880724398762418,5.704033374803333,0.6957231382186435,0.02398026892788829,0.03023705216493698,4.374587310062213
1077,CATBOOST_XGBOOST,"{""alpha"": 0.5, ""cat_depth"": 4, ""cat_iterations"": 300, ""cat_l2_leaf_reg"": 3, ""cat_learning_rate"": 0.03, ""xgb_colsample_bytree"": 1.0, ""xgb_learning_rate"": 0.05, ""xgb_max_depth"": 3, ""xgb_n_estimators"": 500, ""xgb_subsample"": 0.8}",0.5,4,300,3,0.03,1.0,0.05,3,500,0.8,0.9820360055418781,0.01055400094282883,0.01316424372897735,2.457189767697368,0.3811985216389812,0.03296401800858499,0.03880979625382318,5.704557237639999,0.6851171847160141,0.02390975792113854,0.03075951367839979,4.366089588196863
1078,CATBOOST_XGBOOST,"{""alpha"": 0.3, ""cat_depth"": 6, ""cat_iterations"": 500, ""cat_l2_leaf_reg"": 5, ""cat_learning_rate"": 0.03, ""xgb_colsample_bytree"": 1.0, ""xgb_learning_rate"": 0.03, ""xgb_max_depth"": 3, ""xgb_n_estimators"": 300, ""xgb_subsample"": 1.0}",0.3,6,500,5,0.03,1.0,0.03,3,300,1.0,0.9797574736444709,0.01104101906683091,0.01397419550477162,2.569630182105723,0.3810306863802834,0.0331119746586402,0.03881505901644852,5.769557387861847,0.7093814176831039,0.02404206178924535,0.02955062528518419,4.428634193250112
1079,CATBOOST_XGBOOST,"{""alpha"": 0.7, ""cat_depth"": 4, ""cat_iterations"": 500, ""cat_l2_leaf_reg"": 3, ""cat_learning_rate"": 0.05, ""xgb_colsample_bytree"": 0.8, ""xgb_learning_rate"": 0.03, ""xgb_max_depth"": 5, ""xgb_n_estimators"": 300, ""xgb_subsample"": 1.0}",0.7,4,500,3,0.05,0.8,0.03,5,300,1.0,0.9917094363592439,0.007211761105869457,0.008943067051577753,1.655117699288724,0.3809484581854894,0.03284649733353277,0.03881763716222159,5.670964614288461,0.6709294441152209,0.02446943715992089,0.03144484782786169,4.457546973853763
1080,CATBOOST_XGBOOST,"{""alpha"": 0.7, ""cat_depth"": 4, ""cat_iterations"": 500, ""cat_l2_leaf_reg"": 3, ""cat_learning_rate"": 0.05, ""xgb_colsample_bytree"": 0.8, ""xgb_learning_rate"": 0.03, ""xgb_max_depth"": 3, ""xgb_n_estimators"": 500, ""xgb_subsample"": 0.8}",0.7,4,500,3,0.05,0.8,0.03,3,500,0.8,0.9884122855160963,0.0085343748612182,0.01057288117005214,1.963812562029541,0.3809080004730067,0.03301672675696343,0.03881890559226256,5.72453012265902,0.651062621352696,0.02510615888774423,0.03238014073656244,4.579713155315154
1081,CATBOOST_XGBOOST,"{""alpha"": 0.7, ""cat_depth"": 6, ""cat_iterations"": 300, ""cat_l2_leaf_reg"": 3, ""cat_learning_rate"": 0.03, ""xgb_colsample_bytree"": 0.8, ""xgb_learning_rate"": 0.03, ""xgb_max_depth"": 3, ""xgb_n_estimators"": 300, ""xgb_subsample"": 1.0}",0.7,6,300,3,0.03,0.8,0.03,3,300,1.0,0.9740197476729636,0.01260478498608159,0.01583128402719122,2.922620721277341,0.3808635522952691,0.03323554446217418,0.03882029908357575,5.772026940744888,0.7007092007303617,0.02431774750366251,0.02998828765032504,4.46820654507207
1082,CATBOOST_XGBOOST,"{""alpha"": 0.5, ""cat_depth"": 4, ""cat_iterations"": 500, ""cat_l2_leaf_reg"": 3, ""cat_learning_rate"": 0.03, ""xgb_colsample_bytree"": 1.0, ""xgb_learning_rate"": 0.05, ""xgb_max_depth"": 3, ""xgb_n_estimators"": 500, ""xgb_subsample"": 0.8}",0.5,4,500,3,0.03,1.0,0.05,3,500,0.8,0.9882700834143496,0.008543306191944417,0.01063755748711601,1.973309409455256,0.3807692727406764,0.03275672179563312,0.0388232546688914,5.685821055737007,0.6797952872871249,0.02419678807314061,0.03101836089969519,4.412347567613089
1083,CATBOOST_XGBOOST,"{""alpha"": 0.7, ""cat_depth"": 4, ""cat_iterations"": 500, ""cat_l2_leaf_reg"": 3, ""cat_learning_rate"": 0.05, ""xgb_colsample_bytree"": 1.0, ""xgb_learning_rate"": 0.05, ""xgb_max_depth"": 5, ""xgb_n_estimators"": 500, ""xgb_subsample"": 0.8}",0.7,4,500,3,0.05,1.0,0.05,5,500,0.8,0.9937760129430541,0.006291432799008654,0.007748699137303282,1.444411067765258,0.380759963807531,0.03271943436420732,0.03882354648396779,5.656033881207629,0.6654607650996461,0.02473097931896572,0.03170505527062482,4.507658074988924
1084,CATBOOST_XGBOOST,"{""alpha"": 0.3, ""cat_depth"": 4, ""cat_iterations"": 500, ""cat_l2_leaf_reg"": 5, ""cat_learning_rate"": 0.03, ""xgb_colsample_bytree"": 1.0, ""xgb_learning_rate"": 0.05, ""xgb_max_depth"": 3, ""xgb_n_estimators"": 300, ""xgb_subsample"": 0.8}",0.3,4,500,5,0.03,1.0,0.05,3,300,0.8,0.9843838153629065,0.009722923373767399,0.0122738814949012,2.256732722409927,0.3807006001071762,0.03278187378164511,0.03882540735698362,5.696241927865243,0.679928885472501,0.02448716395828612,0.03101188936929221,4.48890092474085
1085,CATBOOST_XGBOOST,"{""alpha"": 0.3, ""cat_depth"": 6, ""cat_iterations"": 300, ""cat_l2_leaf_reg"": 5, ""cat_learning_rate"": 0.03, ""xgb_colsample_bytree"": 0.8, ""xgb_learning_rate"": 0.05, ""xgb_max_depth"": 3, ""xgb_n_estimators"": 500, ""xgb_subsample"": 1.0}",0.3,6,300,5,0.03,0.8,0.05,3,500,1.0,0.9898075684733074,0.007830869788717646,0.009915927881440302,1.802932375691669,0.3805775455562486,0.03287455797369936,0.03882926446209493,5.732800713775688,0.7013467650205183,0.02399043984099059,0.02995632934331304,4.416071693479666
1086,CATBOOST_XGBOOST,"{""alpha"": 0.5, ""cat_depth"": 4, ""cat_iterations"": 500, ""cat_l2_leaf_reg"": 5, ""cat_learning_rate"": 0.03, ""xgb_colsample_bytree"": 1.0, ""xgb_learning_rate"": 0.03, ""xgb_max_depth"": 5, ""xgb_n_estimators"": 500, ""xgb_subsample"": 0.8}",0.5,4,500,5,0.03,1.0,0.03,5,500,0.8,0.9904837144155669,0.007684527542682177,0.009581382798984406,1.783175671663555,0.3804770473824066,0.03260598639870126,0.03883241426064841,5.615944777452418,0.6875080367112758,0.0245366272726714,0.03064251527373762,4.490456616153745
1087,CATBOOST_XGBOOST,"{""alpha"": 0.5, ""cat_depth"": 4, ""cat_iterations"": 300, ""cat_l2_leaf_reg"": 5, ""cat_learning_rate"": 0.05, ""xgb_colsample_bytree"": 0.8, ""xgb_learning_rate"": 0.05, ""xgb_max_depth"": 5, ""xgb_n_estimators"": 500, ""xgb_subsample"": 0.8}",0.5,4,300,5,0.05,0.8,0.05,5,500,0.8,0.9922236119778552,0.006919574667918984,0.008661306742967839,1.610951295784137,0.3803148752431025,0.03306276790482975,0.03883749649658237,5.716844964809962,0.6969280646526652,0.02392569526763253,0.0301771239081325,4.363850879655169
1088,CATBOOST_XGBOOST,"{""alpha"": 0.7, ""cat_depth"": 4, ""cat_iterations"": 500, ""cat_l2_leaf_reg"": 3, ""cat_learning_rate"": 0.03, ""xgb_colsample_bytree"": 0.8, ""xgb_learning_rate"": 0.05, ""xgb_max_depth"": 5, ""xgb_n_estimators"": 300, ""xgb_subsample"": 0.8}",0.7,4,500,3,0.03,0.8,0.05,5,300,0.8,0.9864865383395442,0.009226775195344995,0.0114176773220377,2.136272472700108,0.3802756589970394,0.03304128410677813,0.03883872537610731,5.714831271779447,0.6811856465434627,0.02381872073003428,0.03095094530521457,4.331899453344857
1089,CATBOOST_XGBOOST,"{""alpha"": 0.3, ""cat_depth"": 4, ""cat_iterations"": 300, ""cat_l2_leaf_reg"": 5, ""cat_learning_rate"": 0.05, ""xgb_colsample_bytree"": 1.0, ""xgb_learning_rate"": 0.05, ""xgb_max_depth"": 3, ""xgb_n_estimators"": 300, ""xgb_subsample"": 0.8}",0.3,4,300,5,0.05,1.0,0.05,3,300,0.8,0.9848500876435975,0.009546777595545487,0.01208925444686555,2.216762771370369,0.3802448598632904,0.03279788478144933,0.03883969046990508,5.698109602394476,0.680926222723746,0.02447066460798935,0.03096353535898731,4.483779251410883
1090,CATBOOST_XGBOOST,"{""alpha"": 0.7, ""cat_depth"": 4, ""cat_iterations"": 500, ""cat_l2_leaf_reg"": 3, ""cat_learning_rate"": 0.03, ""xgb_colsample_bytree"": 1.0, ""xgb_learning_rate"": 0.03, ""xgb_max_depth"": 3, ""xgb_n_estimators"": 500, ""xgb_subsample"": 0.8}",0.7,4,500,3,0.03,1.0,0.03,3,500,0.8,0.9806213094436497,0.01102127267529496,0.0136727751595506,2.55319127129432,0.3800529095535796,0.03277078891815784,0.03884570471081973,5.675478107031768,0.6628354228308286,0.02440493187248872,0.03182921702510657,4.439645366397961
1091,CATBOOST_XGBOOST,"{""alpha"": 0.3, ""cat_depth"": 6, ""cat_iterations"": 500, ""cat_l2_leaf_reg"": 5, ""cat_learning_rate"": 0.03, ""xgb_colsample_bytree"": 0.8, ""xgb_learning_rate"": 0.05, ""xgb_max_depth"": 3, ""xgb_n_estimators"": 500, ""xgb_subsample"": 1.0}",0.3,6,500,5,0.03,0.8,0.05,3,500,1.0,0.9925843955470844,0.00663024653007322,0.008458001084615368,1.521517057023723,0.3800331274070783,0.03282504318620028,0.03884632447765408,5.730378579117985,0.6980281583031969,0.02412506715648265,0.03012230549931446,4.439744851483905
1092,CATBOOST_XGBOOST,"{""alpha"": 0.3, ""cat_depth"": 4, ""cat_iterations"": 300, ""cat_l2_leaf_reg"": 5, ""cat_learning_rate"": 0.05, ""xgb_colsample_bytree"": 1.0, ""xgb_learning_rate"": 0.05, ""xgb_max_depth"": 3, ""xgb_n_estimators"": 500, ""xgb_subsample"": 0.8}",0.3,4,300,5,0.05,1.0,0.05,3,500,0.8,0.9912125148635366,0.007307630932281609,0.009207182676973673,1.687412461796091,0.3798354132201001,0.03273192167412969,0.03885251824183084,5.688197136440345,0.6835890680837144,0.02446195691255078,0.03083406083172057,4.47712646065821
1093,CATBOOST_XGBOOST,"{""alpha"": 0.7, ""cat_depth"": 4, ""cat_iterations"": 500, ""cat_l2_leaf_reg"": 3, ""cat_learning_rate"": 0.03, ""xgb_colsample_bytree"": 0.8, ""xgb_learning_rate"": 0.05, ""xgb_max_depth"": 5, ""xgb_n_estimators"": 500, ""xgb_subsample"": 0.8}",0.7,4,500,3,0.03,0.8,0.05,5,500,0.8,0.9875615977603132,0.008853878272616189,0.01095410140017326,2.051473981734289,0.3798023956512069,0.03307893140985176,0.038853552482298,5.722518172211517,0.6819857987803343,0.02380263003958556,0.03091208095309566,4.328726451736702
1094,CATBOOST_XGBOOST,"{""alpha"": 0.5, ""cat_depth"": 6, ""cat_iterations"": 500, ""cat_l2_leaf_reg"": 5, ""cat_learning_rate"": 0.03, ""xgb_colsample_bytree"": 0.8, ""xgb_learning_rate"": 0.05, ""xgb_max_depth"": 3, ""xgb_n_estimators"": 500, ""xgb_subsample"": 1.0}",0.5,6,500,5,0.03,0.8,0.05,3,500,1.0,0.990698118054655,0.007461869025186738,0.009472832757228362,1.712938410219734,0.3797275541852309,0.03312914971970524,0.03885589671023897,5.781065695439859,0.7017018837736315,0.02383012648192171,0.02993851400214196,4.382443544763284
1095,CATBOOST_XGBOOST,"{""alpha"": 0.5, ""cat_depth"": 4, ""cat_iterations"": 300, ""cat_l2_leaf_reg"": 3, ""cat_learning_rate"": 0.05, ""xgb_colsample_bytree"": 0.8, ""xgb_learning_rate"": 0.05, ""xgb_max_depth"": 3, ""xgb_n_estimators"": 500, ""xgb_subsample"": 0.8}",0.5,4,300,3,0.05,0.8,0.05,3,500,0.8,0.9874354757873048,0.008889543184927719,0.01100949711566728,2.049498008005405,0.3795734752307897,0.03318579016039994,0.03886072241564684,5.763430455747417,0.6705179161885009,0.02445212223469409,0.03146450377941749,4.461802091220861
1096,CATBOOST_XGBOOST,"{""alpha"": 0.7, ""cat_depth"": 4, ""cat_iterations"": 500, ""cat_l2_leaf_reg"": 3, ""cat_learning_rate"": 0.05, ""xgb_colsample_bytree"": 1.0, ""xgb_learning_rate"": 0.05, ""xgb_max_depth"": 5, ""xgb_n_estimators"": 300, ""xgb_subsample"": 0.8}",0.7,4,500,3,0.05,1.0,0.05,5,300,0.8,0.9930385752531808,0.006629599502559658,0.008194897475963556,1.521120199518234,0.3795403890720908,0.03274953446947758,0.03886175858579468,5.660751791180712,0.6644306361815658,0.02475316883404611,0.03175383159823667,4.510693313974457
1097,CATBOOST_XGBOOST,"{""alpha"": 0.5, ""cat_depth"": 4, ""cat_iterations"": 500, ""cat_l2_leaf_reg"": 3, ""cat_learning_rate"": 0.03, ""xgb_colsample_bytree"": 1.0, ""xgb_learning_rate"": 0.05, ""xgb_max_depth"": 3, ""xgb_n_estimators"": 300, ""xgb_subsample"": 0.8}",0.5,4,500,3,0.03,1.0,0.05,3,300,0.8,0.9833081429114556,0.01013292189085128,0.01268956653148493,2.347155219094228,0.3794965496444034,0.03290148200870405,0.03886313147706146,5.710787525930991,0.6774120400894279,0.02427301392174873,0.03113357996975487,4.430159308706489
1098,CATBOOST_XGBOOST,"{""alpha"": 0.7, ""cat_depth"": 4, ""cat_iterations"": 300, ""cat_l2_leaf_reg"": 3, ""cat_learning_rate"": 0.03, ""xgb_colsample_bytree"": 1.0, ""xgb_learning_rate"": 0.03, ""xgb_max_depth"": 5, ""xgb_n_estimators"": 500, ""xgb_subsample"": 1.0}",0.7,4,300,3,0.03,1.0,0.03,5,500,1.0,0.9759152254452468,0.0122095399356777,0.01524283508530745,2.849879643495752,0.3793321926775489,0.03280949746615121,0.03886827810718425,5.63965673751817,0.6816665253894081,0.02429123286252496,0.03092759429965459,4.434951073797257
1099,CATBOOST_XGBOOST,"{""alpha"": 0.7, ""cat_depth"": 4, ""cat_iterations"": 500, ""cat_l2_leaf_reg"": 3, ""cat_learning_rate"": 0.05, ""xgb_colsample_bytree"": 0.8, ""xgb_learning_rate"": 0.03, ""xgb_max_depth"": 3, ""xgb_n_estimators"": 300, ""xgb_subsample"": 0.8}",0.7,4,500,3,0.05,0.8,0.03,3,300,0.8,0.9858864334349065,0.009415221962520554,0.01166844131100474,2.172204168850076,0.3792810806256544,0.03315903284636468,0.0388698784774032,5.746793127824932,0.6534282162829961,0.02505388797037481,0.03227019470253102,4.568172868289346
1100,CATBOOST_XGBOOST,"{""alpha"": 0.5, ""cat_depth"": 4, ""cat_iterations"": 500, ""cat_l2_leaf_reg"": 3, ""cat_learning_rate"": 0.03, ""xgb_colsample_bytree"": 1.0, ""xgb_learning_rate"": 0.05, ""xgb_max_depth"": 3, ""xgb_n_estimators"": 300, ""xgb_subsample"": 1.0}",0.5,4,500,3,0.03,1.0,0.05,3,300,1.0,0.982816553018104,0.01028016845497454,0.01287507008700838,2.384268113895266,0.3792450944131252,0.03288997519388327,0.03887100520271414,5.708568776059826,0.6871792009875712,0.02409034800931177,0.03065863361504432,4.398609113514715
1101,CATBOOST_XGBOOST,"{""alpha"": 0.7, ""cat_depth"": 6, ""cat_iterations"": 300, ""cat_l2_leaf_reg"": 5, ""cat_learning_rate"": 0.03, ""xgb_colsample_bytree"": 1.0, ""xgb_learning_rate"": 0.05, ""xgb_max_depth"": 3, ""xgb_n_estimators"": 500, ""xgb_subsample"": 0.8}",0.7,6,300,5,0.03,1.0,0.05,3,500,0.8,0.9791512646095932,0.01126825859965928,0.01418189667471614,2.607167492757178,0.3792221937075155,0.03337257108114564,0.03887172220489087,5.807845438047659,0.703941088589443,0.02381998301457412,0.02982593409760288,4.373515093139595
1102,CATBOOST_XGBOOST,"{""alpha"": 0.7, ""cat_depth"": 4, ""cat_iterations"": 300, ""cat_l2_leaf_reg"": 3, ""cat_learning_rate"": 0.03, ""xgb_colsample_bytree"": 1.0, ""xgb_learning_rate"": 0.05, ""xgb_max_depth"": 5, ""xgb_n_estimators"": 500, ""xgb_subsample"": 1.0}",0.7,4,300,3,0.03,1.0,0.05,5,500,1.0,0.9771686738864228,0.01188624610642481,0.01484089276073077,2.774368986714096,0.3789301726311199,0.03293874941732271,0.03888086398428874,5.661369871062587,0.6825922568535737,0.0242106190225141,0.03088259197561588,4.418582199764397
1103,CATBOOST_XGBOOST,"{""alpha"": 0.5, ""cat_depth"": 4, ""cat_iterations"": 300, ""cat_l2_leaf_reg"": 3, ""cat_learning_rate"": 0.03, ""xgb_colsample_bytree"": 0.8, ""xgb_learning_rate"": 0.03, ""xgb_max_depth"": 5, ""xgb_n_estimators"": 300, ""xgb_subsample"": 0.8}",0.5,4,300,3,0.03,0.8,0.03,5,300,0.8,0.9830738689585911,0.01020831900438925,0.01277830669863146,2.375355681881455,0.3785820825840674,0.03320074964836863,0.03889175820693309,5.722585665265418,0.7093561310940759,0.02357988348365308,0.02955191085037021,4.306071415226277
1104,CATBOOST_XGBOOST,"{""alpha"": 0.5, ""cat_depth"": 4, ""cat_iterations"": 300, ""cat_l2_leaf_reg"": 3, ""cat_learning_rate"": 0.05, ""xgb_colsample_bytree"": 1.0, ""xgb_learning_rate"": 0.05, ""xgb_max_depth"": 3, ""xgb_n_estimators"": 500, ""xgb_subsample"": 1.0}",0.5,4,300,3,0.05,1.0,0.05,3,500,1.0,0.9873517344726839,0.008902873286306916,0.01104612479325173,2.052288105261887,0.3783754338955418,0.03295463012918895,0.03889822427634938,5.715375762258622,0.68731929558269,0.02400080498746581,0.03065176771950917,4.382884304358089
1105,CATBOOST_XGBOOST,"{""alpha"": 0.3, ""cat_depth"": 4, ""cat_iterations"": 300, ""cat_l2_leaf_reg"": 5, ""cat_learning_rate"": 0.03, ""xgb_colsample_bytree"": 1.0, ""xgb_learning_rate"": 0.05, ""xgb_max_depth"": 3, ""xgb_n_estimators"": 300, ""xgb_subsample"": 1.0}",0.3,4,300,5,0.03,1.0,0.05,3,300,1.0,0.9804166868430741,0.01091006468846704,0.01374477207922391,2.5480912259601,0.3782905361405209,0.03295739485826053,0.03890088042875116,5.715889460068245,0.6952736186563142,0.02408677149860462,0.03025937908462815,4.422653416537654
1106,CATBOOST_XGBOOST,"{""alpha"": 0.3, ""cat_depth"": 4, ""cat_iterations"": 300, ""cat_l2_leaf_reg"": 5, ""cat_learning_rate"": 0.05, ""xgb_colsample_bytree"": 1.0, ""xgb_learning_rate"": 0.05, ""xgb_max_depth"": 3, ""xgb_n_estimators"": 300, ""xgb_subsample"": 1.0}",0.3,4,300,5,0.05,1.0,0.05,3,300,1.0,0.9841452891271067,0.009759490308277734,0.01236726371248285,2.27014465692876,0.3782796739448716,0.03280469181652348,0.03890122025559398,5.699584623696943,0.6923991673253012,0.02420520280105096,0.03040176084641085,4.437841712478693
1107,CATBOOST_XGBOOST,"{""alpha"": 0.5, ""cat_depth"": 4, ""cat_iterations"": 300, ""cat_l2_leaf_reg"": 3, ""cat_learning_rate"": 0.03, ""xgb_colsample_bytree"": 1.0, ""xgb_learning_rate"": 0.05, ""xgb_max_depth"": 3, ""xgb_n_estimators"": 300, ""xgb_subsample"": 0.8}",0.5,4,300,3,0.03,1.0,0.05,3,300,0.8,0.9759414735820502,0.01217982328333626,0.01523452682633737,2.839140147589979,0.3781761295168432,0.03312351291274054,0.03890445952310311,5.732027125688585,0.680804052697205,0.02414737503208213,0.03096946259929205,4.415178393772741
1108,CATBOOST_XGBOOST,"{""alpha"": 0.3, ""cat_depth"": 6, ""cat_iterations"": 300, ""cat_l2_leaf_reg"": 5, ""cat_learning_rate"": 0.03, ""xgb_colsample_bytree"": 1.0, ""xgb_learning_rate"": 0.03, ""xgb_max_depth"": 3, ""xgb_n_estimators"": 300, ""xgb_subsample"": 1.0}",0.3,6,300,5,0.03,1.0,0.03,3,300,1.0,0.9746976263312546,0.01236802904578907,0.01562338340943459,2.882871549461952,0.3781371014493942,0.03316148944613927,0.03890568040100643,5.77197952251955,0.7098326629023135,0.02418428400448179,0.02952767465609728,4.456389454913701
1109,CATBOOST_XGBOOST,"{""alpha"": 0.5, ""cat_depth"": 4, ""cat_iterations"": 500, ""cat_l2_leaf_reg"": 5, ""cat_learning_rate"": 0.03, ""xgb_colsample_bytree"": 1.0, ""xgb_learning_rate"": 0.05, ""xgb_max_depth"": 5, ""xgb_n_estimators"": 500, ""xgb_subsample"": 0.8}",0.5,4,500,5,0.03,1.0,0.05,5,500,0.8,0.9917223472057467,0.007170567316024511,0.008936100845279654,1.665905062185574,0.3781315208344711,0.03253568604904106,0.03890585497094302,5.610669267752301,0.6892386758729486,0.02440792656070258,0.0305575454644201,4.459437661614045
1110,CATBOOST_XGBOOST,"{""alpha"": 0.5, ""cat_depth"": 6, ""cat_iterations"": 300, ""cat_l2_leaf_reg"": 3, ""cat_learning_rate"": 0.03, ""xgb_colsample_bytree"": 0.8, ""xgb_learning_rate"": 0.03, ""xgb_max_depth"": 3, ""xgb_n_estimators"": 500, ""xgb_subsample"": 1.0}",0.5,6,300,3,0.03,0.8,0.03,3,500,1.0,0.9810835946016282,0.01075236555954212,0.01350870645801609,2.491494208673607,0.37811560707551,0.03333939628398763,0.03890635277269532,5.800725336177987,0.7041896563551671,0.02418970280653589,0.02981341070733176,4.455155143155065
1111,CATBOOST_XGBOOST,"{""alpha"": 0.5, ""cat_depth"": 6, ""cat_iterations"": 500, ""cat_l2_leaf_reg"": 5, ""cat_learning_rate"": 0.03, ""xgb_colsample_bytree"": 1.0, ""xgb_learning_rate"": 0.03, ""xgb_max_depth"": 3, ""xgb_n_estimators"": 300, ""xgb_subsample"": 1.0}",0.5,6,500,5,0.03,1.0,0.03,3,300,1.0,0.9813755542253838,0.01060645048992484,0.01340405302445924,2.46150239870872,0.378011664664946,0.03330735210078288,0.03890960406117686,5.803857641147929,0.7098101911589022,0.02390229410590152,0.02952881800580845,4.39488497283624
1112,CATBOOST_XGBOOST,"{""alpha"": 0.3, ""cat_depth"": 6, ""cat_iterations"": 300, ""cat_l2_leaf_reg"": 3, ""cat_learning_rate"": 0.03, ""xgb_colsample_bytree"": 0.8, ""xgb_learning_rate"": 0.05, ""xgb_max_depth"": 3, ""xgb_n_estimators"": 300, ""xgb_subsample"": 1.0}",0.3,6,300,3,0.03,0.8,0.05,3,300,1.0,0.9841916569377102,0.00973601013433657,0.0123491661632691,2.249729319683459,0.3779649035604746,0.03298917950446612,0.03891106664637474,5.746208008288624,0.6937541659859728,0.02449395822201943,0.03033472622412549,4.509251771360839
1113,CATBOOST_XGBOOST,"{""alpha"": 0.5, ""cat_depth"": 4, ""cat_iterations"": 500, ""cat_l2_leaf_reg"": 5, ""cat_learning_rate"": 0.03, ""xgb_colsample_bytree"": 0.8, ""xgb_learning_rate"": 0.03, ""xgb_max_depth"": 3, ""xgb_n_estimators"": 500, ""xgb_subsample"": 0.8}",0.5,4,500,5,0.03,0.8,0.03,3,500,0.8,0.9806300939551379,0.01093352717716221,0.01366967582049185,2.536884077308863,0.377947266276234,0.03294827353788867,0.03891161828781892,5.707527665336253,0.6682644078167846,0.02479184598944955,0.03157192190408117,4.523709604672412
1114,CATBOOST_XGBOOST,"{""alpha"": 0.3, ""cat_depth"": 6, ""cat_iterations"": 300, ""cat_l2_leaf_reg"": 3, ""cat_learning_rate"": 0.05, ""xgb_colsample_bytree"": 0.8, ""xgb_learning_rate"": 0.03, ""xgb_max_depth"": 3, ""xgb_n_estimators"": 500, ""xgb_subsample"": 1.0}",0.3,6,300,3,0.05,0.8,0.03,3,500,1.0,0.987801543171987,0.008596348292649152,0.01084793077127571,1.989489188576778,0.3778535397049241,0.03330259936780103,0.03891454964315325,5.809907363178366,0.6982127068380128,0.02432411836023313,0.03011309954667282,4.479108243217963
1115,CATBOOST_XGBOOST,"{""alpha"": 0.7, ""cat_depth"": 4, ""cat_iterations"": 500, ""cat_l2_leaf_reg"": 3, ""cat_learning_rate"": 0.03, ""xgb_colsample_bytree"": 1.0, ""xgb_learning_rate"": 0.03, ""xgb_max_depth"": 5, ""xgb_n_estimators"": 500, ""xgb_subsample"": 0.8}",0.7,4,500,3,0.03,1.0,0.03,5,500,0.8,0.986679983415349,0.009152486140261411,0.01133566077609467,2.119521072691545,0.3778380769068198,0.03287316728345865,0.03891503323031806,5.674147225304084,0.67661326760374,0.02415498385020009,0.03117210166712976,4.395066533081953
1116,CATBOOST_XGBOOST,"{""alpha"": 0.5, ""cat_depth"": 4, ""cat_iterations"": 300, ""cat_l2_leaf_reg"": 3, ""cat_learning_rate"": 0.03, ""xgb_colsample_bytree"": 1.0, ""xgb_learning_rate"": 0.05, ""xgb_max_depth"": 3, ""xgb_n_estimators"": 300, ""xgb_subsample"": 1.0}",0.5,4,300,3,0.03,1.0,0.05,3,300,1.0,0.975253744708819,0.01237391366224024,0.01545073709250453,2.888333885052161,0.377732231782307,0.0331051743901371,0.03891834329415771,5.728477781994533,0.6904701105163633,0.02416118223525723,0.0304969411205676,4.416020673717439
1117,CATBOOST_XGBOOST,"{""alpha"": 0.3, ""cat_depth"": 4, ""cat_iterations"": 500, ""cat_l2_leaf_reg"": 5, ""cat_learning_rate"": 0.03, ""xgb_colsample_bytree"": 1.0, ""xgb_learning_rate"": 0.05, ""xgb_max_depth"": 3, ""xgb_n_estimators"": 300, ""xgb_subsample"": 1.0}",0.3,4,500,5,0.03,1.0,0.05,3,300,1.0,0.9836491791196726,0.009930894476126441,0.01255926542141198,2.30970492287062,0.3776764257956292,0.03275619619681239,0.03892008838523116,5.691272254225525,0.6915410190799833,0.02420279564241559,0.03044413889662264,4.438485366902129
1118,CATBOOST_XGBOOST,"{""alpha"": 0.5, ""cat_depth"": 4, ""cat_iterations"": 500, ""cat_l2_leaf_reg"": 5, ""cat_learning_rate"": 0.03, ""xgb_colsample_bytree"": 1.0, ""xgb_learning_rate"": 0.03, ""xgb_max_depth"": 5, ""xgb_n_estimators"": 300, ""xgb_subsample"": 0.8}",0.5,4,500,5,0.03,1.0,0.03,5,300,0.8,0.987649913447928,0.0087237949368934,0.01091514372981056,2.020449199948047,0.3776575076504762,0.03268579485498372,0.03892067995070959,5.629775437244108,0.6864612255793789,0.02457720922324876,0.0306937967646019,4.499283545031732
1119,CATBOOST_XGBOOST,"{""alpha"": 0.5, ""cat_depth"": 4, ""cat_iterations"": 500, ""cat_l2_leaf_reg"": 5, ""cat_learning_rate"": 0.03, ""xgb_colsample_bytree"": 1.0, ""xgb_learning_rate"": 0.03, ""xgb_max_depth"": 3, ""xgb_n_estimators"": 300, ""xgb_subsample"": 0.8}",0.5,4,500,5,0.03,1.0,0.03,3,300,0.8,0.9749177250952341,0.01242312142193476,0.01555528311601667,2.889070058424261,0.3775219809227037,0.03286525412171024,0.03892491757333805,5.689630712168921,0.6698616135145692,0.02486102452506162,0.03149582561115102,4.536460047445539
1120,CATBOOST_XGBOOST,"{""alpha"": 0.5, ""cat_depth"": 6, ""cat_iterations"": 300, ""cat_l2_leaf_reg"": 5, ""cat_learning_rate"": 0.03, ""xgb_colsample_bytree"": 0.8, ""xgb_learning_rate"": 0.05, ""xgb_max_depth"": 3, ""xgb_n_estimators"": 500, ""xgb_subsample"": 1.0}",0.5,6,300,5,0.03,0.8,0.05,3,500,1.0,0.9849233981887514,0.009570972740663623,0.01205996897702948,2.209552560478869,0.3773476965938874,0.03322384800060738,0.03893036638288454,5.787465912250132,0.7048178730268634,0.02388468347004792,0.02978173629747225,4.391625302948715
1121,CATBOOST_XGBOOST,"{""alpha"": 0.7, ""cat_depth"": 4, ""cat_iterations"": 300, ""cat_l2_leaf_reg"": 3, ""cat_learning_rate"": 0.03, ""xgb_colsample_bytree"": 1.0, ""xgb_learning_rate"": 0.05, ""xgb_max_depth"": 5, ""xgb_n_estimators"": 300, ""xgb_subsample"": 1.0}",0.7,4,300,3,0.03,1.0,0.05,5,300,1.0,0.9758486555747417,0.01222175212035911,0.01526388600609596,2.851890167268875,0.3773327755304062,0.03293027233899258,0.03893083283822807,5.658768674310909,0.6819690049320231,0.02423923550088034,0.03091289715240853,4.42405051350334
1122,CATBOOST_XGBOOST,"{""alpha"": 0.5, ""cat_depth"": 4, ""cat_iterations"": 300, ""cat_l2_leaf_reg"": 5, ""cat_learning_rate"": 0.05, ""xgb_colsample_bytree"": 0.8, ""xgb_learning_rate"": 0.03, ""xgb_max_depth"": 3, ""xgb_n_estimators"": 500, ""xgb_subsample"": 0.8}",0.5,4,300,5,0.05,0.8,0.03,3,500,0.8,0.9814930943313557,0.01065457260304753,0.01336168914689677,2.474253751631144,0.3772397980389877,0.03300025753362155,0.03893373933139145,5.715764126463874,0.6682764735392692,0.02483384358681083,0.03157134773971524,4.529300803029819
1123,CATBOOST_XGBOOST,"{""alpha"": 0.5, ""cat_depth"": 4, ""cat_iterations"": 300, ""cat_l2_leaf_reg"": 5, ""cat_learning_rate"": 0.05, ""xgb_colsample_bytree"": 1.0, ""xgb_learning_rate"": 0.03, ""xgb_max_depth"": 5, ""xgb_n_estimators"": 500, ""xgb_subsample"": 0.8}",0.5,4,300,5,0.05,1.0,0.03,5,500,0.8,0.9910415259518407,0.007403903246942104,0.009296328851140808,1.720522991729851,0.3772042166121415,0.03271982777428835,0.03893485155581308,5.636226739214298,0.6870160090127975,0.02450102559322256,0.03066662955174036,4.477599418365418
1124,CATBOOST_XGBOOST,"{""alpha"": 0.5, ""cat_depth"": 4, ""cat_iterations"": 300, ""cat_l2_leaf_reg"": 5, ""cat_learning_rate"": 0.05, ""xgb_colsample_bytree"": 1.0, ""xgb_learning_rate"": 0.03, ""xgb_max_depth"": 3, ""xgb_n_estimators"": 300, ""xgb_subsample"": 0.8}",0.5,4,300,5,0.05,1.0,0.03,3,300,0.8,0.9759418577270691,0.01208745580546209,0.01523440520020667,2.812895398464494,0.3771567251496024,0.03288573900485917,0.03893633602138302,5.691732173679464,0.6700625642498532,0.02481094001059929,0.03148623861221673,4.520758807123147
1125,CATBOOST_XGBOOST,"{""alpha"": 0.7, ""cat_depth"": 6, ""cat_iterations"": 500, ""cat_l2_leaf_reg"": 5, ""cat_learning_rate"": 0.03, ""xgb_colsample_bytree"": 1.0, ""xgb_learning_rate"": 0.03, ""xgb_max_depth"": 3, ""xgb_n_estimators"": 500, ""xgb_subsample"": 1.0}",0.7,6,500,5,0.03,1.0,0.03,3,500,1.0,0.9858927063922762,0.009234604901815513,0.01166584792790866,2.128407974432733,0.3770894141135828,0.03333035653277522,0.03893843990081545,5.814710823774838,0.7076903703915429,0.02364339090968345,0.02963647496109097,4.347944312638647
1126,CATBOOST_XGBOOST,"{""alpha"": 0.3, ""cat_depth"": 4, ""cat_iterations"": 500, ""cat_l2_leaf_reg"": 3, ""cat_learning_rate"": 0.05, ""xgb_colsample_bytree"": 1.0, ""xgb_learning_rate"": 0.03, ""xgb_max_depth"": 3, ""xgb_n_estimators"": 300, ""xgb_subsample"": 1.0}",0.3,4,500,3,0.05,1.0,0.03,3,300,1.0,0.9812655767161552,0.01067488499018568,0.01344357029589745,2.482595310227366,0.3770540106656491,0.033225433966213,0.03893954642836026,5.776577372569301,0.6936754378759018,0.02456082049459071,0.03033862512156892,4.507841157805773
1127,CATBOOST_XGBOOST,"{""alpha"": 0.5, ""cat_depth"": 4, ""cat_iterations"": 500, ""cat_l2_leaf_reg"": 5, ""cat_learning_rate"": 0.05, ""xgb_colsample_bytree"": 0.8, ""xgb_learning_rate"": 0.05, ""xgb_max_depth"": 3, ""xgb_n_estimators"": 500, ""xgb_subsample"": 0.8}",0.5,4,500,5,0.05,0.8,0.05,3,500,0.8,0.9911685287815583,0.007354147227349064,0.009230197359485546,1.691954228387782,0.3770297466789068,0.03304845208929106,0.03894030477615789,5.743739836741877,0.6681997876149671,0.0247775751000993,0.0315749967695296,4.522085401755465
1128,CATBOOST_XGBOOST,"{""alpha"": 0.5, ""cat_depth"": 4, ""cat_iterations"": 300, ""cat_l2_leaf_reg"": 5, ""cat_learning_rate"": 0.03, ""xgb_colsample_bytree"": 0.8, ""xgb_learning_rate"": 0.05, ""xgb_max_depth"": 5, ""xgb_n_estimators"": 300, ""xgb_subsample"": 0.8}",0.5,4,300,5,0.03,0.8,0.05,5,300,0.8,0.9853039074696155,0.009528144129529287,0.01190680927501137,2.229509981136736,0.376962370803286,0.03315561651250173,0.03894241046754746,5.711943599055942,0.6976341707075753,0.02405114613781219,0.0301419496259686,4.399200713325079
1129,CATBOOST_XGBOOST,"{""alpha"": 0.7, ""cat_depth"": 4, ""cat_iterations"": 500, ""cat_l2_leaf_reg"": 3, ""cat_learning_rate"": 0.03, ""xgb_colsample_bytree"": 1.0, ""xgb_learning_rate"": 0.05, ""xgb_max_depth"": 5, ""xgb_n_estimators"": 500, ""xgb_subsample"": 0.8}",0.7,4,500,3,0.03,1.0,0.05,5,500,0.8,0.987579724460853,0.008840635890388162,0.01094611668852944,2.048200250247796,0.3769566337029591,0.03271145651740469,0.03894258976330026,5.647777870939096,0.677014560285558,0.02417994381344092,0.03115275483236664,4.398556823491254
1130,CATBOOST_XGBOOST,"{""alpha"": 0.7, ""cat_depth"": 6, ""cat_iterations"": 300, ""cat_l2_leaf_reg"": 5, ""cat_learning_rate"": 0.03, ""xgb_colsample_bytree"": 1.0, ""xgb_learning_rate"": 0.05, ""xgb_max_depth"": 3, ""xgb_n_estimators"": 300, ""xgb_subsample"": 0.8}",0.7,6,300,5,0.03,1.0,0.05,3,300,0.8,0.9753965409002608,0.0122422372357752,0.01540609400552645,2.835133329380436,0.3766598264033744,0.03339135904199798,0.03895186445371318,5.809371976116919,0.7009712107494809,0.02392313814555524,0.02997515835898141,4.393558219860863
1131,CATBOOST_XGBOOST,"{""alpha"": 0.7, ""cat_depth"": 6, ""cat_iterations"": 300, ""cat_l2_leaf_reg"": 5, ""cat_learning_rate"": 0.03, ""xgb_colsample_bytree"": 0.8, ""xgb_learning_rate"": 0.03, ""xgb_max_depth"": 5, ""xgb_n_estimators"": 500, ""xgb_subsample"": 0.8}",0.7,6,300,5,0.03,0.8,0.03,5,500,0.8,0.9820749737010191,0.01044504236668294,0.01314995779593586,2.417523188165391,0.3764628122412944,0.03351532351060812,0.03895801957012247,5.821180888814311,0.7170648717757961,0.02350438542559187,0.029157374875315,4.312436185179115
1132,CATBOOST_XGBOOST,"{""alpha"": 0.5, ""cat_depth"": 4, ""cat_iterations"": 500, ""cat_l2_leaf_reg"": 5, ""cat_learning_rate"": 0.05, ""xgb_colsample_bytree"": 0.8, ""xgb_learning_rate"": 0.03, ""xgb_max_depth"": 5, ""xgb_n_estimators"": 500, ""xgb_subsample"": 0.8}",0.5,4,500,5,0.05,0.8,0.03,5,500,0.8,0.9946557053377909,0.005700808149413926,0.007180251491789033,1.312611233486507,0.3764446336089945,0.03324080564904576,0.03895858745794466,5.750719177975173,0.7011207245679809,0.02380712764633995,0.02996766366131683,4.341148186465573
1133,CATBOOST_XGBOOST,"{""alpha"": 0.5, ""cat_depth"": 4, ""cat_iterations"": 300, ""cat_l2_leaf_reg"": 5, ""cat_learning_rate"": 0.03, ""xgb_colsample_bytree"": 0.8, ""xgb_learning_rate"": 0.05, ""xgb_max_depth"": 5, ""xgb_n_estimators"": 500, ""xgb_subsample"": 0.8}",0.5,4,300,5,0.03,0.8,0.05,5,500,0.8,0.9870232190772216,0.00895292263805001,0.01118865659648329,2.09766244556485,0.3764351679215618,0.03321836265853462,0.03895888315615535,5.724755189062572,0.6991359673532842,0.02398490919448523,0.03006700162782553,4.386371167586836
1134,CATBOOST_XGBOOST,"{""alpha"": 0.3, ""cat_depth"": 6, ""cat_iterations"": 300, ""cat_l2_leaf_reg"": 5, ""cat_learning_rate"": 0.05, ""xgb_colsample_bytree"": 0.8, ""xgb_learning_rate"": 0.03, ""xgb_max_depth"": 3, ""xgb_n_estimators"": 500, ""xgb_subsample"": 1.0}",0.3,6,300,5,0.05,0.8,0.03,3,500,1.0,0.9865691407666743,0.008983388733274577,0.01138272796760687,2.083294626300397,0.3763831778354395,0.0333172328090911,0.03896050723224918,5.811958496105441,0.7003388204318544,0.02419874246984666,0.03000683756358614,4.456054647495061
1135,CATBOOST_XGBOOST,"{""alpha"": 0.7, ""cat_depth"": 4, ""cat_iterations"": 500, ""cat_l2_leaf_reg"": 3, ""cat_learning_rate"": 0.03, ""xgb_colsample_bytree"": 1.0, ""xgb_learning_rate"": 0.03, ""xgb_max_depth"": 5, ""xgb_n_estimators"": 300, ""xgb_subsample"": 0.8}",0.7,4,500,3,0.03,1.0,0.03,5,300,0.8,0.9847440077364115,0.009773744509021728,0.01213150518375414,2.261384409564869,0.3762368612149398,0.03291817239538372,0.03896507753504776,5.681832080536029,0.6758745400642285,0.02416246022743091,0.03120768530716565,4.396877054311979
1136,CATBOOST_XGBOOST,"{""alpha"": 0.7, ""cat_depth"": 4, ""cat_iterations"": 300, ""cat_l2_leaf_reg"": 3, ""cat_learning_rate"": 0.03, ""xgb_colsample_bytree"": 1.0, ""xgb_learning_rate"": 0.03, ""xgb_max_depth"": 5, ""xgb_n_estimators"": 300, ""xgb_subsample"": 1.0}",0.7,4,300,3,0.03,1.0,0.03,5,300,1.0,0.9737515218362347,0.01274258442810057,0.01591279700633938,2.973419246338144,0.376236236689332,0.03289388274199197,0.03896509704139651,5.653973917053194,0.6796741442607698,0.0244077311021037,0.03102422793197388,4.456674757722968
1137,CATBOOST_XGBOOST,"{""alpha"": 0.7, ""cat_depth"": 4, ""cat_iterations"": 500, ""cat_l2_leaf_reg"": 5, ""cat_learning_rate"": 0.05, ""xgb_colsample_bytree"": 0.8, ""xgb_learning_rate"": 0.05, ""xgb_max_depth"": 5, ""xgb_n_estimators"": 500, ""xgb_subsample"": 1.0}",0.7,4,500,5,0.05,0.8,0.05,5,500,1.0,0.9921340749521451,0.006966570471923127,0.008711027005814427,1.605692214507699,0.3760949299047118,0.03269888405313147,0.03896951034744424,5.637067855235759,0.6675771423602972,0.02466035077918746,0.03160460917856259,4.489458054219814
1138,CATBOOST_XGBOOST,"{""alpha"": 0.5, ""cat_depth"": 4, ""cat_iterations"": 500, ""cat_l2_leaf_reg"": 3, ""cat_learning_rate"": 0.05, ""xgb_colsample_bytree"": 1.0, ""xgb_learning_rate"": 0.03, ""xgb_max_depth"": 3, ""xgb_n_estimators"": 500, ""xgb_subsample"": 1.0}",0.5,4,500,3,0.05,1.0,0.03,3,500,1.0,0.9886190212082463,0.008381413848070226,0.01047814165075296,1.931757409008431,0.3760609075939455,0.03307459426651354,0.03897057286062186,5.750354314558642,0.6843131180540528,0.02447681386690098,0.03079876150237432,4.48208723453615
1139,CATBOOST_XGBOOST,"{""alpha"": 0.5, ""cat_depth"": 4, ""cat_iterations"": 500, ""cat_l2_leaf_reg"": 5, ""cat_learning_rate"": 0.03, ""xgb_colsample_bytree"": 1.0, ""xgb_learning_rate"": 0.05, ""xgb_max_depth"": 5, ""xgb_n_estimators"": 300, ""xgb_subsample"": 0.8}",0.5,4,500,5,0.03,1.0,0.05,5,300,0.8,0.9903542832869222,0.007716802193727667,0.0096463209967621,1.790165082883019,0.3759578472674805,0.03251609030104723,0.03897379124697823,5.605596478216239,0.687402919081979,0.02445138972289916,0.03064766868263345,4.466114820297101
1140,CATBOOST_XGBOOST,"{""alpha"": 0.7, ""cat_depth"": 4, ""cat_iterations"": 500, ""cat_l2_leaf_reg"": 3, ""cat_learning_rate"": 0.03, ""xgb_colsample_bytree"": 0.8, ""xgb_learning_rate"": 0.03, ""xgb_max_depth"": 5, ""xgb_n_estimators"": 500, ""xgb_subsample"": 1.0}",0.7,4,500,3,0.03,0.8,0.03,5,500,1.0,0.9862989633384324,0.009276660209544622,0.01149664635698084,2.147490484846202,0.3758970457708888,0.03280268358930521,0.03897568984237598,5.65693824564708,0.681096148534217,0.02395702777128853,0.0309552892966055,4.354488360640488
1141,CATBOOST_XGBOOST,"{""alpha"": 0.5, ""cat_depth"": 4, ""cat_iterations"": 500, ""cat_l2_leaf_reg"": 5, ""cat_learning_rate"": 0.03, ""xgb_colsample_bytree"": 0.8, ""xgb_learning_rate"": 0.03, ""xgb_max_depth"": 5, ""xgb_n_estimators"": 500, ""xgb_subsample"": 1.0}",0.5,4,500,5,0.03,0.8,0.03,5,500,1.0,0.9899375952680315,0.007882586104873076,0.00985247516981612,1.827844148468182,0.3757245440857159,0.03255514820319273,0.03898107589896585,5.601458017434907,0.6948240936791368,0.02417313469017567,0.03028168981116592,4.414457596324632
1142,CATBOOST_XGBOOST,"{""alpha"": 0.7, ""cat_depth"": 4, ""cat_iterations"": 500, ""cat_l2_leaf_reg"": 3, ""cat_learning_rate"": 0.03, ""xgb_colsample_bytree"": 1.0, ""xgb_learning_rate"": 0.05, ""xgb_max_depth"": 5, ""xgb_n_estimators"": 300, ""xgb_subsample"": 0.8}",0.7,4,500,3,0.03,1.0,0.05,5,300,0.8,0.9865933680295346,0.009176895509700831,0.01137245696360552,2.125010710748707,0.3754832561419772,0.03273527698493829,0.03898860843519804,5.651641168672426,0.6758076478882205,0.02420617850942924,0.03121090542181524,4.402279577765984
1143,CATBOOST_XGBOOST,"{""alpha"": 0.7, ""cat_depth"": 4, ""cat_iterations"": 500, ""cat_l2_leaf_reg"": 3, ""cat_learning_rate"": 0.03, ""xgb_colsample_bytree"": 1.0, ""xgb_learning_rate"": 0.03, ""xgb_max_depth"": 3, ""xgb_n_estimators"": 300, ""xgb_subsample"": 0.8}",0.7,4,500,3,0.03,1.0,0.03,3,300,0.8,0.977068919711358,0.01194400392716687,0.01487327869074434,2.769995077254678,0.3753601190151302,0.0329993535035667,0.03899245197393435,5.712638987900361,0.6639340738183892,0.02446098684468961,0.03177731694961634,4.446890415555328
1144,CATBOOST_XGBOOST,"{""alpha"": 0.5, ""cat_depth"": 4, ""cat_iterations"": 500, ""cat_l2_leaf_reg"": 5, ""cat_learning_rate"": 0.05, ""xgb_colsample_bytree"": 1.0, ""xgb_learning_rate"": 0.05, ""xgb_max_depth"": 3, ""xgb_n_estimators"": 500, ""xgb_subsample"": 1.0}",0.5,4,500,5,0.05,1.0,0.05,3,500,1.0,0.9910988272233139,0.007373299179954838,0.009266550006448299,1.694700006982146,0.3752668245677601,0.03281986178736208,0.03899536376643054,5.696102577481096,0.6852945227338343,0.02422486531695409,0.03075085077404401,4.42417454679817
1145,CATBOOST_XGBOOST,"{""alpha"": 0.7, ""cat_depth"": 4, ""cat_iterations"": 500, ""cat_l2_leaf_reg"": 3, ""cat_learning_rate"": 0.03, ""xgb_colsample_bytree"": 0.8, ""xgb_learning_rate"": 0.03, ""xgb_max_depth"": 3, ""xgb_n_estimators"": 500, ""xgb_subsample"": 0.8}",0.7,4,500,3,0.03,0.8,0.03,3,500,0.8,0.9803566024841683,0.01109381854363513,0.01376584137759024,2.569585569359141,0.3750153646285339,0.03304916688373118,0.03900321094476375,5.723377474083398,0.6622727146325906,0.02451495179423694,0.03185576651440978,4.459596028761074
1146,CATBOOST_XGBOOST,"{""alpha"": 0.7, ""cat_depth"": 6, ""cat_iterations"": 300, ""cat_l2_leaf_reg"": 5, ""cat_learning_rate"": 0.03, ""xgb_colsample_bytree"": 1.0, ""xgb_learning_rate"": 0.05, ""xgb_max_depth"": 3, ""xgb_n_estimators"": 300, ""xgb_subsample"": 1.0}",0.7,6,300,5,0.03,1.0,0.05,3,300,1.0,0.975079574771214,0.01235512083053967,0.01550501470758621,2.865182164904356,0.3749353421506973,0.03337198753244598,0.03900570783309215,5.805643741804402,0.7056875912760567,0.02388027423435721,0.02973782979974117,4.385114416631684
1147,CATBOOST_XGBOOST,"{""alpha"": 0.3, ""cat_depth"": 4, ""cat_iterations"": 300, ""cat_l2_leaf_reg"": 3, ""cat_learning_rate"": 0.05, ""xgb_colsample_bytree"": 1.0, ""xgb_learning_rate"": 0.03, ""xgb_max_depth"": 3, ""xgb_n_estimators"": 500, ""xgb_subsample"": 1.0}",0.3,4,300,3,0.05,1.0,0.03,3,500,1.0,0.9851690137716355,0.009521530609828847,0.01196133004902967,2.204772012688216,0.3747367049315107,0.03294676683519367,0.03901190508787632,5.732037149509019,0.6981729263743779,0.02403830840843816,0.03011508417892059,4.413515276409526
1148,CATBOOST_XGBOOST,"{""alpha"": 0.7, ""cat_depth"": 4, ""cat_iterations"": 500, ""cat_l2_leaf_reg"": 3, ""cat_learning_rate"": 0.03, ""xgb_colsample_bytree"": 0.8, ""xgb_learning_rate"": 0.03, ""xgb_max_depth"": 5, ""xgb_n_estimators"": 300, ""xgb_subsample"": 1.0}",0.7,4,500,3,0.03,0.8,0.03,5,300,1.0,0.9847614662121583,0.009759229410193028,0.01212456174101779,2.259470524129117,0.3747307246084624,0.03287119624437881,0.03901209165187195,5.668304229373002,0.6814159810883413,0.02395031359646415,0.0309397626844703,4.35378174494476
1149,CATBOOST_XGBOOST,"{""alpha"": 0.5, ""cat_depth"": 4, ""cat_iterations"": 300, ""cat_l2_leaf_reg"": 5, ""cat_learning_rate"": 0.03, ""xgb_colsample_bytree"": 0.8, ""xgb_learning_rate"": 0.03, ""xgb_max_depth"": 3, ""xgb_n_estimators"": 500, ""xgb_subsample"": 0.8}",0.5,4,300,5,0.03,0.8,0.03,3,500,0.8,0.9742863377473701,0.01261495642281003,0.01574985013932513,2.945209937375817,0.3746575025376458,0.03328360464030221,0.0390143758377628,5.748556341740781,0.6717636720599898,0.02490732035418102,0.0314049645615955,4.549957185834676
1150,CATBOOST_XGBOOST,"{""alpha"": 0.7, ""cat_depth"": 4, ""cat_iterations"": 500, ""cat_l2_leaf_reg"": 5, ""cat_learning_rate"": 0.05, ""xgb_colsample_bytree"": 0.8, ""xgb_learning_rate"": 0.05, ""xgb_max_depth"": 5, ""xgb_n_estimators"": 300, ""xgb_subsample"": 1.0}",0.7,4,500,5,0.05,0.8,0.05,5,300,1.0,0.9913165924845649,0.007300695249376151,0.009152496042599363,1.680581377875968,0.3745844258203634,0.03273829666312396,0.03901665535597658,5.644436131370764,0.6660897994417485,0.0247379749335347,0.03167523372758528,4.505145214321738
1151,CATBOOST_XGBOOST,"{""alpha"": 0.5, ""cat_depth"": 4, ""cat_iterations"": 300, ""cat_l2_leaf_reg"": 5, ""cat_learning_rate"": 0.05, ""xgb_colsample_bytree"": 1.0, ""xgb_learning_rate"": 0.03, ""xgb_max_depth"": 5, ""xgb_n_estimators"": 300, ""xgb_subsample"": 0.8}",0.5,4,300,5,0.05,1.0,0.03,5,300,0.8,0.9882872368412488,0.008430940293045195,0.01062977664221828,1.95442957950172,0.3745583578074239,0.03279483517257067,0.03901746847618062,5.649034654778398,0.6861226165509458,0.02453653475908979,0.03071036631358056,4.485358177610411
1152,CATBOOST_XGBOOST,"{""alpha"": 0.7, ""cat_depth"": 4, ""cat_iterations"": 300, ""cat_l2_leaf_reg"": 3, ""cat_learning_rate"": 0.03, ""xgb_colsample_bytree"": 1.0, ""xgb_learning_rate"": 0.03, ""xgb_max_depth"": 3, ""xgb_n_estimators"": 500, ""xgb_subsample"": 0.8}",0.7,4,300,3,0.03,1.0,0.03,3,500,0.8,0.9687331652999023,0.01393846457244125,0.01736746438866601,3.251162222948569,0.3742911178363008,0.03308163218380894,0.03902580331740569,5.705213546692399,0.6647548545110318,0.02454436944596592,0.03173848803103539,4.463845704289538
1153,CATBOOST_XGBOOST,"{""alpha"": 0.5, ""cat_depth"": 4, ""cat_iterations"": 300, ""cat_l2_leaf_reg"": 3, ""cat_learning_rate"": 0.05, ""xgb_colsample_bytree"": 0.8, ""xgb_learning_rate"": 0.03, ""xgb_max_depth"": 5, ""xgb_n_estimators"": 500, ""xgb_subsample"": 0.8}",0.5,4,300,3,0.05,0.8,0.03,5,500,0.8,0.9915966477315721,0.007251452059771736,0.009003694339376492,1.67446101890547,0.3742666925400489,0.03352991856157035,0.03902656501947862,5.794745675109689,0.7012880050139431,0.02374083907644849,0.02995927615140024,4.329278407021613
1154,CATBOOST_XGBOOST,"{""alpha"": 0.5, ""cat_depth"": 4, ""cat_iterations"": 500, ""cat_l2_leaf_reg"": 5, ""cat_learning_rate"": 0.03, ""xgb_colsample_bytree"": 0.8, ""xgb_learning_rate"": 0.03, ""xgb_max_depth"": 5, ""xgb_n_estimators"": 300, ""xgb_subsample"": 1.0}",0.5,4,500,5,0.03,0.8,0.03,5,300,1.0,0.9876538986041702,0.008696630472569728,0.01091338252503653,2.016759844555589,0.3741115459050707,0.03264642598710957,0.03903140291518993,5.615520937268964,0.695408832961202,0.02418683318345638,0.03025266493853767,4.418556430421792
1155,CATBOOST_XGBOOST,"{""alpha"": 0.7, ""cat_depth"": 4, ""cat_iterations"": 500, ""cat_l2_leaf_reg"": 3, ""cat_learning_rate"": 0.05, ""xgb_colsample_bytree"": 0.8, ""xgb_learning_rate"": 0.05, ""xgb_max_depth"": 3, ""xgb_n_estimators"": 500, ""xgb_subsample"": 0.8}",0.7,4,500,3,0.05,0.8,0.05,3,500,0.8,0.9907350489027055,0.007638156884935583,0.009454009271908597,1.752883978275416,0.3738801279229746,0.03329998462492189,0.03903861804566854,5.781548494433227,0.6523811654813598,0.02498596932392031,0.03231890474343228,4.559273830052849
1156,CATBOOST_XGBOOST,"{""alpha"": 0.5, ""cat_depth"": 4, ""cat_iterations"": 300, ""cat_l2_leaf_reg"": 5, ""cat_learning_rate"": 0.05, ""xgb_colsample_bytree"": 1.0, ""xgb_learning_rate"": 0.05, ""xgb_max_depth"": 5, ""xgb_n_estimators"": 500, ""xgb_subsample"": 0.8}",0.5,4,300,5,0.05,1.0,0.05,5,500,0.8,0.9922409767431756,0.006905923607601632,0.00865163093882101,1.607621372082305,0.3738019920052049,0.03277412655221711,0.03904105385966054,5.6553323274197,0.6879106666444057,0.02443862535411452,0.03062276825304969,4.458916166036076
1157,CATBOOST_XGBOOST,"{""alpha"": 0.3, ""cat_depth"": 4, ""cat_iterations"": 500, ""cat_l2_leaf_reg"": 5, ""cat_learning_rate"": 0.05, ""xgb_colsample_bytree"": 1.0, ""xgb_learning_rate"": 0.03, ""xgb_max_depth"": 3, ""xgb_n_estimators"": 500, ""xgb_subsample"": 1.0}",0.3,4,500,5,0.05,1.0,0.03,3,500,1.0,0.9877048539276542,0.008602641766479064,0.01089083816506113,1.989926672782173,0.373597683976125,0.0327665812374373,0.03904742225285372,5.704294331370362,0.6975511927255433,0.02414318367449063,0.03014608525628928,4.43083728058178
1158,CATBOOST_XGBOOST,"{""alpha"": 0.7, ""cat_depth"": 4, ""cat_iterations"": 300, ""cat_l2_leaf_reg"": 3, ""cat_learning_rate"": 0.05, ""xgb_colsample_bytree"": 0.8, ""xgb_learning_rate"": 0.05, ""xgb_max_depth"": 5, ""xgb_n_estimators"": 500, ""xgb_subsample"": 1.0}",0.7,4,300,3,0.05,0.8,0.05,5,500,1.0,0.9866992511862903,0.009174389556989801,0.01132745913624811,2.121040002140512,0.3735638467514489,0.03305750450439013,0.0390484768774324,5.691718559925027,0.6673973134829034,0.02464745528721576,0.0316131565044073,4.485781204705088
1159,CATBOOST_XGBOOST,"{""alpha"": 0.5, ""cat_depth"": 4, ""cat_iterations"": 300, ""cat_l2_leaf_reg"": 3, ""cat_learning_rate"": 0.05, ""xgb_colsample_bytree"": 0.8, ""xgb_learning_rate"": 0.05, ""xgb_max_depth"": 3, ""xgb_n_estimators"": 300, ""xgb_subsample"": 0.8}",0.5,4,300,3,0.05,0.8,0.05,3,300,0.8,0.9824764765607089,0.01044836037802074,0.01300185071181719,2.415159752620883,0.373518732844237,0.03347229214291964,0.03904988292467115,5.813704224124947,0.6668509512126177,0.02472821543162727,0.0316391111182109,4.516418949399722
1160,CATBOOST_XGBOOST,"{""alpha"": 0.7, ""cat_depth"": 6, ""cat_iterations"": 300, ""cat_l2_leaf_reg"": 5, ""cat_learning_rate"": 0.03, ""xgb_colsample_bytree"": 0.8, ""xgb_learning_rate"": 0.03, ""xgb_max_depth"": 5, ""xgb_n_estimators"": 300, ""xgb_subsample"": 0.8}",0.7,6,300,5,0.03,0.8,0.03,5,300,0.8,0.9797957141852691,0.01108058741067739,0.01396098980604052,2.562673738968079,0.3730886944877938,0.03355199671035404,0.03906328321892295,5.826035698641579,0.7155546391773673,0.02355613267204699,0.02923508847276263,4.322084211756697
1161,CATBOOST_XGBOOST,"{""alpha"": 0.7, ""cat_depth"": 6, ""cat_iterations"": 500, ""cat_l2_leaf_reg"": 5, ""cat_learning_rate"": 0.03, ""xgb_colsample_bytree"": 0.8, ""xgb_learning_rate"": 0.05, ""xgb_max_depth"": 3, ""xgb_n_estimators"": 500, ""xgb_subsample"": 1.0}",0.7,6,500,5,0.03,0.8,0.05,3,500,1.0,0.9883754177740296,0.00836665368134876,0.01058968727538328,1.92321292406142,0.3730162482953765,0.03346939961895129,0.03906554024025412,5.838781887726888,0.6992978187539005,0.02384333643156181,0.03005891318845035,4.381195549708044
1162,CATBOOST_XGBOOST,"{""alpha"": 0.5, ""cat_depth"": 4, ""cat_iterations"": 500, ""cat_l2_leaf_reg"": 5, ""cat_learning_rate"": 0.05, ""xgb_colsample_bytree"": 0.8, ""xgb_learning_rate"": 0.05, ""xgb_max_depth"": 3, ""xgb_n_estimators"": 300, ""xgb_subsample"": 0.8}",0.5,4,500,5,0.05,0.8,0.05,3,300,0.8,0.9870449158369704,0.008874660197194134,0.01117929914677491,2.048907476599422,0.3729064406278667,0.03333721808694699,0.03906896098922737,5.794381378260811,0.665774785827093,0.02482874188822868,0.03169017154260561,4.533177448065955
1163,CATBOOST_XGBOOST,"{""alpha"": 0.7, ""cat_depth"": 4, ""cat_iterations"": 500, ""cat_l2_leaf_reg"": 3, ""cat_learning_rate"": 0.05, ""xgb_colsample_bytree"": 1.0, ""xgb_learning_rate"": 0.05, ""xgb_max_depth"": 3, ""xgb_n_estimators"": 500, ""xgb_subsample"": 1.0}",0.7,4,500,3,0.05,1.0,0.05,3,500,1.0,0.9907224692898623,0.007649847420534657,0.009460425249372559,1.75498235856611,0.3728290891000774,0.03316128774096658,0.03907137047868116,5.752715542746121,0.6638203244212626,0.02473451912074348,0.03178269438384825,4.515840454841291
1164,CATBOOST_XGBOOST,"{""alpha"": 0.5, ""cat_depth"": 4, ""cat_iterations"": 300, ""cat_l2_leaf_reg"": 5, ""cat_learning_rate"": 0.05, ""xgb_colsample_bytree"": 0.8, ""xgb_learning_rate"": 0.03, ""xgb_max_depth"": 5, ""xgb_n_estimators"": 500, ""xgb_subsample"": 1.0}",0.5,4,300,5,0.05,0.8,0.03,5,500,1.0,0.9905123511949603,0.007622478340512532,0.009566955600843393,1.770671804068731,0.3728187974839717,0.03260235447001665,0.03907169104990753,5.607545051153746,0.6944664565882807,0.02410005324029124,0.03029942824364715,4.394469047599826
1165,CATBOOST_XGBOOST,"{""alpha"": 0.5, ""cat_depth"": 4, ""cat_iterations"": 500, ""cat_l2_leaf_reg"": 5, ""cat_learning_rate"": 0.03, ""xgb_colsample_bytree"": 0.8, ""xgb_learning_rate"": 0.03, ""xgb_max_depth"": 3, ""xgb_n_estimators"": 300, ""xgb_subsample"": 0.8}",0.5,4,500,5,0.03,0.8,0.03,3,300,0.8,0.9743430735639935,0.01256388507526077,0.01573246494435504,2.923586262830825,0.3722273110059455,0.03321524778900514,0.03909011071126727,5.750436225767674,0.668489195471824,0.02503908906207887,0.03156122335211369,4.571536665992888
1166,CATBOOST_XGBOOST,"{""alpha"": 0.5, ""cat_depth"": 4, ""cat_iterations"": 500, ""cat_l2_leaf_reg"": 5, ""cat_learning_rate"": 0.05, ""xgb_colsample_bytree"": 0.8, ""xgb_learning_rate"": 0.03, ""xgb_max_depth"": 5, ""xgb_n_estimators"": 300, ""xgb_subsample"": 0.8}",0.5,4,500,5,0.05,0.8,0.03,5,300,0.8,0.9923781133041498,0.006747877787137395,0.008574833627507761,1.551457871270392,0.372193099201182,0.03335655883056481,0.03909117584602021,5.769416630523732,0.7001361659340646,0.02382819195984908,0.03001698234249389,4.344536591344466
1167,CATBOOST_XGBOOST,"{""alpha"": 0.5, ""cat_depth"": 4, ""cat_iterations"": 300, ""cat_l2_leaf_reg"": 5, ""cat_learning_rate"": 0.05, ""xgb_colsample_bytree"": 0.8, ""xgb_learning_rate"": 0.03, ""xgb_max_depth"": 3, ""xgb_n_estimators"": 300, ""xgb_subsample"": 0.8}",0.5,4,300,5,0.05,0.8,0.03,3,300,0.8,0.9753903749461358,0.01223480447252986,0.01540802437063486,2.849682539795242,0.3721438100355344,0.03323743619190701,0.03909271034143825,5.752869477356558,0.6691558355521221,0.02495437888797289,0.03152947391252937,4.549580731973697
1168,CATBOOST_XGBOOST,"{""alpha"": 0.7, ""cat_depth"": 4, ""cat_iterations"": 300, ""cat_l2_leaf_reg"": 3, ""cat_learning_rate"": 0.05, ""xgb_colsample_bytree"": 0.8, ""xgb_learning_rate"": 0.05, ""xgb_max_depth"": 5, ""xgb_n_estimators"": 300, ""xgb_subsample"": 1.0}",0.7,4,300,3,0.05,0.8,0.05,5,300,1.0,0.9856849035666929,0.009506120772103246,0.01175145379161345,2.195695333100685,0.3721302010306368,0.03309455936613565,0.03909313401330144,5.698702252956913,0.6657064484077476,0.02473029388661561,0.03169341114536838,4.502221746388486
1169,CATBOOST_XGBOOST,"{""alpha"": 0.7, ""cat_depth"": 4, ""cat_iterations"": 500, ""cat_l2_leaf_reg"": 3, ""cat_learning_rate"": 0.03, ""xgb_colsample_bytree"": 0.8, ""xgb_learning_rate"": 0.03, ""xgb_max_depth"": 3, ""xgb_n_estimators"": 300, ""xgb_subsample"": 0.8}",0.7,4,500,3,0.03,0.8,0.03,3,300,0.8,0.9767614146582153,0.01203277330605857,0.01497267168194169,2.791557924646143,0.3721226201665115,0.03320935004042148,0.03909337001672375,5.749122348799775,0.6632215066211313,0.02451139042299665,0.03181098814590465,4.456330914398262
1170,CATBOOST_XGBOOST,"{""alpha"": 0.7, ""cat_depth"": 4, ""cat_iterations"": 500, ""cat_l2_leaf_reg"": 3, ""cat_learning_rate"": 0.05, ""xgb_colsample_bytree"": 0.8, ""xgb_learning_rate"": 0.03, ""xgb_max_depth"": 5, ""xgb_n_estimators"": 500, ""xgb_subsample"": 0.8}",0.7,4,500,3,0.05,0.8,0.03,5,500,0.8,0.9929491067738537,0.006673057291564748,0.008247389913176485,1.531589705658957,0.3720300525868818,0.03345971490691246,0.03909625166638138,5.792165503513349,0.6730855177734679,0.02441502165818584,0.03134166505366961,4.448429629829312
1171,CATBOOST_XGBOOST,"{""alpha"": 0.3, ""cat_depth"": 6, ""cat_iterations"": 300, ""cat_l2_leaf_reg"": 3, ""cat_learning_rate"": 0.05, ""xgb_colsample_bytree"": 0.8, ""xgb_learning_rate"": 0.03, ""xgb_max_depth"": 3, ""xgb_n_estimators"": 300, ""xgb_subsample"": 1.0}",0.3,6,300,3,0.05,0.8,0.03,3,300,1.0,0.9811491409506853,0.01072287158164809,0.01348528195606618,2.485142050195766,0.3719912106673197,0.03353305619441586,0.03909746076085099,5.835776986358661,0.696582919321892,0.02462771013202547,0.03019430222214766,4.526106742766088
1172,CATBOOST_XGBOOST,"{""alpha"": 0.7, ""cat_depth"": 4, ""cat_iterations"": 500, ""cat_l2_leaf_reg"": 5, ""cat_learning_rate"": 0.05, ""xgb_colsample_bytree"": 1.0, ""xgb_learning_rate"": 0.03, ""xgb_max_depth"": 5, ""xgb_n_estimators"": 500, ""xgb_subsample"": 1.0}",0.7,4,500,5,0.05,1.0,0.03,5,500,1.0,0.9912821835553579,0.007311042267555762,0.00917061198503897,1.685446696806875,0.3718870087321454,0.03277660370309238,0.03910070423622879,5.65176396120882,0.671030229941271,0.02459509717724429,0.03144003208606328,4.482929632909351
1173,CATBOOST_XGBOOST,"{""alpha"": 0.5, ""cat_depth"": 4, ""cat_iterations"": 300, ""cat_l2_leaf_reg"": 5, ""cat_learning_rate"": 0.05, ""xgb_colsample_bytree"": 1.0, ""xgb_learning_rate"": 0.05, ""xgb_max_depth"": 5, ""xgb_n_estimators"": 300, ""xgb_subsample"": 0.8}",0.5,4,300,5,0.05,1.0,0.05,5,300,0.8,0.990907253850129,0.007451330177798732,0.0093657377203345,1.731682392757808,0.3717407108550559,0.03276364476014974,0.03910525757062069,5.651463343263214,0.6861235857464485,0.02448718118843352,0.03071031889956881,4.466536299689476
1174,CATBOOST_XGBOOST,"{""alpha"": 0.5, ""cat_depth"": 6, ""cat_iterations"": 300, ""cat_l2_leaf_reg"": 5, ""cat_learning_rate"": 0.03, ""xgb_colsample_bytree"": 1.0, ""xgb_learning_rate"": 0.03, ""xgb_max_depth"": 3, ""xgb_n_estimators"": 300, ""xgb_subsample"": 1.0}",0.5,6,300,5,0.03,1.0,0.03,3,300,1.0,0.9728829524666717,0.01284339455286726,0.01617393373322966,2.98919569352147,0.3715389452748926,0.03338987674661467,0.03911153639669047,5.807894532244098,0.7095126530483191,0.02409357561416781,0.0295439524066315,4.430238284051579
1175,CATBOOST_XGBOOST,"{""alpha"": 0.5, ""cat_depth"": 4, ""cat_iterations"": 300, ""cat_l2_leaf_reg"": 5, ""cat_learning_rate"": 0.03, ""xgb_colsample_bytree"": 1.0, ""xgb_learning_rate"": 0.03, ""xgb_max_depth"": 3, ""xgb_n_estimators"": 300, ""xgb_subsample"": 0.8}",0.5,4,300,5,0.03,1.0,0.03,3,300,0.8,0.9674305115770853,0.01414844318491291,0.01772555845301378,3.307701315885272,0.3715223004488939,0.03320058522412378,0.03911205432886984,5.730659388573451,0.6712147439251694,0.02505516023914971,0.03143121373895293,4.576609384339672
1176,CATBOOST_XGBOOST,"{""alpha"": 0.3, ""cat_depth"": 4, ""cat_iterations"": 500, ""cat_l2_leaf_reg"": 3, ""cat_learning_rate"": 0.03, ""xgb_colsample_bytree"": 1.0, ""xgb_learning_rate"": 0.03, ""xgb_max_depth"": 3, ""xgb_n_estimators"": 300, ""xgb_subsample"": 1.0}",0.3,4,500,3,0.03,1.0,0.03,3,300,1.0,0.9770137241111753,0.01182770248580539,0.01489116808196765,2.75688513548241,0.3714556800013192,0.03326882596801988,0.03911412726918143,5.781826893173355,0.6968721433375706,0.0244152029098699,0.03017990784557569,4.480357777698684
1177,CATBOOST_XGBOOST,"{""alpha"": 0.7, ""cat_depth"": 4, ""cat_iterations"": 500, ""cat_l2_leaf_reg"": 5, ""cat_learning_rate"": 0.05, ""xgb_colsample_bytree"": 1.0, ""xgb_learning_rate"": 0.05, ""xgb_max_depth"": 5, ""xgb_n_estimators"": 500, ""xgb_subsample"": 1.0}",0.7,4,500,5,0.05,1.0,0.05,5,500,1.0,0.9921131714614801,0.006972002832592351,0.008722593989712304,1.606707330460762,0.3713156664624514,0.0328509788136028,0.03911848352716825,5.664915866305453,0.672310952995637,0.02453615955971674,0.03137877229221438,4.470468058291929
1178,CATBOOST_XGBOOST,"{""alpha"": 0.5, ""cat_depth"": 4, ""cat_iterations"": 300, ""cat_l2_leaf_reg"": 5, ""cat_learning_rate"": 0.05, ""xgb_colsample_bytree"": 0.8, ""xgb_learning_rate"": 0.03, ""xgb_max_depth"": 5, ""xgb_n_estimators"": 300, ""xgb_subsample"": 1.0}",0.5,4,300,5,0.05,0.8,0.03,5,300,1.0,0.9882851729448701,0.008438385364741199,0.01063071313307248,1.959925138229046,0.3711569260173497,0.03272293855840172,0.03912342185092188,5.627730272132014,0.6950597653308281,0.02410017133257939,0.03026999505736477,4.396047026963653
1179,CATBOOST_XGBOOST,"{""alpha"": 0.5, ""cat_depth"": 6, ""cat_iterations"": 300, ""cat_l2_leaf_reg"": 3, ""cat_learning_rate"": 0.03, ""xgb_colsample_bytree"": 0.8, ""xgb_learning_rate"": 0.03, ""xgb_max_depth"": 3, ""xgb_n_estimators"": 300, ""xgb_subsample"": 1.0}",0.5,6,300,3,0.03,0.8,0.03,3,300,1.0,0.9751334698807071,0.012326185027344,0.01548823937657738,2.860891245593423,0.3710421810044493,0.03349138510377592,0.03912699111403575,5.815543381630184,0.7009086904267846,0.02448159010347965,0.02997829176736065,4.501368205704299
1180,CATBOOST_XGBOOST,"{""alpha"": 0.3, ""cat_depth"": 6, ""cat_iterations"": 300, ""cat_l2_leaf_reg"": 5, ""cat_learning_rate"": 0.05, ""xgb_colsample_bytree"": 0.8, ""xgb_learning_rate"": 0.03, ""xgb_max_depth"": 3, ""xgb_n_estimators"": 300, ""xgb_subsample"": 1.0}",0.3,6,300,5,0.05,0.8,0.03,3,300,1.0,0.979548654942813,0.01112611387087746,0.01404608836742593,2.582294488404517,0.3709571270403049,0.03348309475024411,0.03912963659605237,5.827481730403403,0.6985214470543849,0.0245050306694728,0.0300976921651691,4.503577369599027
1181,CATBOOST_XGBOOST,"{""alpha"": 0.7, ""cat_depth"": 4, ""cat_iterations"": 500, ""cat_l2_leaf_reg"": 3, ""cat_learning_rate"": 0.05, ""xgb_colsample_bytree"": 0.8, ""xgb_learning_rate"": 0.05, ""xgb_max_depth"": 3, ""xgb_n_estimators"": 300, ""xgb_subsample"": 0.8}",0.7,4,500,3,0.05,0.8,0.05,3,300,0.8,0.9883571403631775,0.00854123888218128,0.01059800912473264,1.964745570253253,0.3709362246351857,0.0334718863431846,0.03913028670811711,5.81171285505875,0.6510605413822701,0.02511866953783283,0.03238023724332679,4.585001288409818
1182,CATBOOST_XGBOOST,"{""alpha"": 0.7, ""cat_depth"": 4, ""cat_iterations"": 300, ""cat_l2_leaf_reg"": 3, ""cat_learning_rate"": 0.03, ""xgb_colsample_bytree"": 0.8, ""xgb_learning_rate"": 0.05, ""xgb_max_depth"": 5, ""xgb_n_estimators"": 300, ""xgb_subsample"": 0.8}",0.7,4,300,3,0.03,0.8,0.05,5,300,0.8,0.9760846248681725,0.01217333722323117,0.01518913552036296,2.840848384254429,0.3708422811213645,0.03327355817862046,0.03913320843047725,5.729263995446214,0.6809153604379483,0.02417692872458046,0.0309640624030942,4.401285847577534
1183,CATBOOST_XGBOOST,"{""alpha"": 0.3, ""cat_depth"": 4, ""cat_iterations"": 300, ""cat_l2_leaf_reg"": 3, ""cat_learning_rate"": 0.03, ""xgb_colsample_bytree"": 0.8, ""xgb_learning_rate"": 0.05, ""xgb_max_depth"": 3, ""xgb_n_estimators"": 500, ""xgb_subsample"": 1.0}",0.3,4,300,3,0.03,0.8,0.05,3,500,1.0,0.9881300498325916,0.008547915569373078,0.01070086551625487,1.976528497556479,0.3707589607452463,0.03302919720254262,0.03913579958179196,5.738658242147206,0.6883076917364155,0.02431457498530914,0.03060328364519311,4.456390025937583
1184,CATBOOST_XGBOOST,"{""alpha"": 0.7, ""cat_depth"": 4, ""cat_iterations"": 300, ""cat_l2_leaf_reg"": 3, ""cat_learning_rate"": 0.03, ""xgb_colsample_bytree"": 0.8, ""xgb_learning_rate"": 0.05, ""xgb_max_depth"": 5, ""xgb_n_estimators"": 500, ""xgb_subsample"": 0.8}",0.7,4,300,3,0.03,0.8,0.05,5,500,0.8,0.9774099947022409,0.01182760744883599,0.01476225233653598,2.761954468648308,0.3705558071271199,0.03330935004678415,0.03914211666631908,5.736589517682892,0.6818770528679201,0.02414880654817425,0.03091736574086614,4.395700036397749
1185,CATBOOST_XGBOOST,"{""alpha"": 0.7, ""cat_depth"": 6, ""cat_iterations"": 500, ""cat_l2_leaf_reg"": 5, ""cat_learning_rate"": 0.03, ""xgb_colsample_bytree"": 1.0, ""xgb_learning_rate"": 0.03, ""xgb_max_depth"": 3, ""xgb_n_estimators"": 300, ""xgb_subsample"": 1.0}",0.7,6,500,5,0.03,1.0,0.03,3,300,1.0,0.982685594395506,0.01023936086530403,0.01292403875719076,2.367951405751836,0.3705296439356337,0.03353183945942081,0.03914293013958938,5.843809215410258,0.7041621125731239,0.02386572758393202,0.02981479868275169,4.382214081707217
1186,CATBOOST_XGBOOST,"{""alpha"": 0.5, ""cat_depth"": 4, ""cat_iterations"": 300, ""cat_l2_leaf_reg"": 5, ""cat_learning_rate"": 0.03, ""xgb_colsample_bytree"": 1.0, ""xgb_learning_rate"": 0.03, ""xgb_max_depth"": 5, ""xgb_n_estimators"": 500, ""xgb_subsample"": 0.8}",0.5,4,300,5,0.03,1.0,0.03,5,500,0.8,0.9856186023620992,0.009411239848989672,0.01177863612587021,2.202175994248134,0.3705200783250415,0.03300443813429164,0.03914322755201007,5.671253199402631,0.6884358690866811,0.0245896842180372,0.03059699049797068,4.506301626644554
1187,CATBOOST_XGBOOST,"{""alpha"": 0.5, ""cat_depth"": 4, ""cat_iterations"": 500, ""cat_l2_leaf_reg"": 3, ""cat_learning_rate"": 0.03, ""xgb_colsample_bytree"": 1.0, ""xgb_learning_rate"": 0.03, ""xgb_max_depth"": 3, ""xgb_n_estimators"": 500, ""xgb_subsample"": 1.0}",0.5,4,500,3,0.03,1.0,0.03,3,500,1.0,0.9831147485763784,0.01020671143078274,0.0127628664282149,2.364718236872567,0.3703286408638973,0.03309223634568927,0.03914917921957149,5.748454039619026,0.6919191049063409,0.02400825331031616,0.03042547510749089,4.386894194931383
1188,CATBOOST_XGBOOST,"{""alpha"": 0.5, ""cat_depth"": 4, ""cat_iterations"": 500, ""cat_l2_leaf_reg"": 3, ""cat_learning_rate"": 0.05, ""xgb_colsample_bytree"": 1.0, ""xgb_learning_rate"": 0.03, ""xgb_max_depth"": 3, ""xgb_n_estimators"": 300, ""xgb_subsample"": 1.0}",0.5,4,500,3,0.05,1.0,0.03,3,300,1.0,0.9837195765978944,0.01003413499884077,0.01253219967565441,2.325288423630005,0.3695845677195477,0.03349645094673755,0.03917230338741075,5.815557615660354,0.6810450156342003,0.02471881406497216,0.03095777087571263,4.518818464715693
1189,CATBOOST_XGBOOST,"{""alpha"": 0.7, ""cat_depth"": 4, ""cat_iterations"": 500, ""cat_l2_leaf_reg"": 5, ""cat_learning_rate"": 0.05, ""xgb_colsample_bytree"": 1.0, ""xgb_learning_rate"": 0.05, ""xgb_max_depth"": 5, ""xgb_n_estimators"": 300, ""xgb_subsample"": 1.0}",0.7,4,500,5,0.05,1.0,0.05,5,300,1.0,0.9912420605068875,0.007321969480736764,0.009191691260713498,1.687446045958112,0.369570918627786,0.03285263807979054,0.03917272744386789,5.663870074032341,0.6716120129514636,0.02457061793418113,0.03141221893670702,4.477260411909543
1190,CATBOOST_XGBOOST,"{""alpha"": 0.7, ""cat_depth"": 4, ""cat_iterations"": 500, ""cat_l2_leaf_reg"": 3, ""cat_learning_rate"": 0.05, ""xgb_colsample_bytree"": 0.8, ""xgb_learning_rate"": 0.03, ""xgb_max_depth"": 5, ""xgb_n_estimators"": 300, ""xgb_subsample"": 0.8}",0.7,4,500,3,0.05,0.8,0.03,5,300,0.8,0.9914781945455838,0.007296948770686454,0.00906693006457334,1.674007768724502,0.3695591721622761,0.03352916777718913,0.0391730923849549,5.803384136402263,0.6723772193370041,0.02441885745817221,0.03137559937326945,4.44835052572855
1191,CATBOOST_XGBOOST,"{""alpha"": 0.5, ""cat_depth"": 4, ""cat_iterations"": 300, ""cat_l2_leaf_reg"": 5, ""cat_learning_rate"": 0.03, ""xgb_colsample_bytree"": 1.0, ""xgb_learning_rate"": 0.05, ""xgb_max_depth"": 5, ""xgb_n_estimators"": 500, ""xgb_subsample"": 0.8}",0.5,4,300,5,0.03,1.0,0.05,5,500,0.8,0.9870468874749744,0.008938331070062078,0.01117844842402128,2.093832864934725,0.3694890539335272,0.0328496906034628,0.0391752707586909,5.647516331164989,0.6906411476328886,0.02446450101905846,0.03048851409976023,4.475504117632695
1192,CATBOOST_XGBOOST,"{""alpha"": 0.3, ""cat_depth"": 6, ""cat_iterations"": 500, ""cat_l2_leaf_reg"": 3, ""cat_learning_rate"": 0.03, ""xgb_colsample_bytree"": 0.8, ""xgb_learning_rate"": 0.03, ""xgb_max_depth"": 3, ""xgb_n_estimators"": 500, ""xgb_subsample"": 1.0}",0.3,6,500,3,0.03,0.8,0.03,3,500,1.0,0.9879058587577756,0.008513377912583522,0.01080144792853034,1.971298587605231,0.3693260919152799,0.03347556378429744,0.03918033305679494,5.83505098225706,0.6992434859536696,0.02425250123817687,0.03006162868447991,4.470448981942418
1193,CATBOOST_XGBOOST,"{""alpha"": 0.5, ""cat_depth"": 4, ""cat_iterations"": 300, ""cat_l2_leaf_reg"": 3, ""cat_learning_rate"": 0.05, ""xgb_colsample_bytree"": 0.8, ""xgb_learning_rate"": 0.03, ""xgb_max_depth"": 5, ""xgb_n_estimators"": 300, ""xgb_subsample"": 0.8}",0.5,4,300,3,0.05,0.8,0.03,5,300,0.8,0.9888059503509884,0.008315363451252066,0.01039173522436923,1.917549185156015,0.3691751088855878,0.0336456717430894,0.03918502265256697,5.81344312765825,0.6995669125900368,0.02379415366869714,0.03004546054463625,4.339369652863385
1194,CATBOOST_XGBOOST,"{""alpha"": 0.3, ""cat_depth"": 4, ""cat_iterations"": 500, ""cat_l2_leaf_reg"": 3, ""cat_learning_rate"": 0.05, ""xgb_colsample_bytree"": 0.8, ""xgb_learning_rate"": 0.05, ""xgb_max_depth"": 3, ""xgb_n_estimators"": 500, ""xgb_subsample"": 1.0}",0.3,4,500,3,0.05,0.8,0.05,3,500,1.0,0.993307900288984,0.00634016162908144,0.008034810896020655,1.453791551727806,0.3689149757095884,0.03297689580156613,0.03919310118109322,5.743595146544918,0.6777972766031657,0.02477410425221087,0.03111498446061743,4.53899227397523
1195,CATBOOST_XGBOOST,"{""alpha"": 0.7, ""cat_depth"": 4, ""cat_iterations"": 500, ""cat_l2_leaf_reg"": 5, ""cat_learning_rate"": 0.05, ""xgb_colsample_bytree"": 1.0, ""xgb_learning_rate"": 0.03, ""xgb_max_depth"": 5, ""xgb_n_estimators"": 300, ""xgb_subsample"": 1.0}",0.7,4,500,5,0.05,1.0,0.03,5,300,1.0,0.9899232605662132,0.007839552707653248,0.009859490492400955,1.807314584333182,0.3688612275041514,0.03286666728271324,0.03919477014321561,5.667033680870474,0.6693821817022853,0.02469797094866566,0.03151868666457597,4.50241177969244
1196,CATBOOST_XGBOOST,"{""alpha"": 0.7, ""cat_depth"": 4, ""cat_iterations"": 500, ""cat_l2_leaf_reg"": 3, ""cat_learning_rate"": 0.03, ""xgb_colsample_bytree"": 0.8, ""xgb_learning_rate"": 0.05, ""xgb_max_depth"": 3, ""xgb_n_estimators"": 500, ""xgb_subsample"": 0.8}",0.7,4,500,3,0.03,0.8,0.05,3,500,0.8,0.9835389817063042,0.01018792859467792,0.01260151634298473,2.356738540900336,0.3687348248453693,0.03327726971080282,0.03919869485465609,5.771154223612316,0.664390000003181,0.02438095879027892,0.03175575417437512,4.435995780183564
1197,CATBOOST_XGBOOST,"{""alpha"": 0.7, ""cat_depth"": 4, ""cat_iterations"": 300, ""cat_l2_leaf_reg"": 3, ""cat_learning_rate"": 0.05, ""xgb_colsample_bytree"": 1.0, ""xgb_learning_rate"": 0.03, ""xgb_max_depth"": 5, ""xgb_n_estimators"": 500, ""xgb_subsample"": 1.0}",0.7,4,300,3,0.05,1.0,0.03,5,500,1.0,0.9856336411075255,0.009517901844590294,0.01177247600684098,2.200698299595791,0.3687115303492399,0.03312095172602306,0.03919941808908902,5.704086624818007,0.6699414997037172,0.02446216236354369,0.0314920147339362,4.457637181681227
1198,CATBOOST_XGBOOST,"{""alpha"": 0.7, ""cat_depth"": 4, ""cat_iterations"": 300, ""cat_l2_leaf_reg"": 3, ""cat_learning_rate"": 0.03, ""xgb_colsample_bytree"": 0.8, ""xgb_learning_rate"": 0.03, ""xgb_max_depth"": 3, ""xgb_n_estimators"": 500, ""xgb_subsample"": 0.8}",0.7,4,300,3,0.03,0.8,0.03,3,500,0.8,0.9683929434142351,0.01401251232722852,0.01746169849740471,3.267533262445137,0.3686542815177098,0.03336001014938228,0.03920119546196611,5.753112913744027,0.6634202735763576,0.02469236484055283,0.03180159932415341,4.491774752748274
1199,CATBOOST_XGBOOST,"{""alpha"": 0.3, ""cat_depth"": 4, ""cat_iterations"": 300, ""cat_l2_leaf_reg"": 3, ""cat_learning_rate"": 0.03, ""xgb_colsample_bytree"": 1.0, ""xgb_learning_rate"": 0.03, ""xgb_max_depth"": 3, ""xgb_n_estimators"": 300, ""xgb_subsample"": 1.0}",0.3,4,300,3,0.03,1.0,0.03,3,300,1.0,0.971837080936256,0.01311134690543872,0.01648288739733922,3.065664779638266,0.3685408886620478,0.03340204451044176,0.03920471566951202,5.79457065302791,0.6968786393252895,0.02460736228123303,0.03017958446823384,4.519081147132619
1200,CATBOOST_XGBOOST,"{""alpha"": 0.5, ""cat_depth"": 4, ""cat_iterations"": 300, ""cat_l2_leaf_reg"": 3, ""cat_learning_rate"": 0.03, ""xgb_colsample_bytree"": 1.0, ""xgb_learning_rate"": 0.03, ""xgb_max_depth"": 3, ""xgb_n_estimators"": 500, ""xgb_subsample"": 1.0}",0.5,4,300,3,0.03,1.0,0.03,3,500,1.0,0.9756155572604236,0.01228665061442631,0.01533736933235753,2.865020661302509,0.3683391237105719,0.03327558455023256,0.0392109785499173,5.762159511361242,0.6947252476376823,0.02407831243406275,0.03028659351222536,4.40175434772674
1201,CATBOOST_XGBOOST,"{""alpha"": 0.7, ""cat_depth"": 4, ""cat_iterations"": 500, ""cat_l2_leaf_reg"": 3, ""cat_learning_rate"": 0.03, ""xgb_colsample_bytree"": 1.0, ""xgb_learning_rate"": 0.05, ""xgb_max_depth"": 3, ""xgb_n_estimators"": 500, ""xgb_subsample"": 1.0}",0.7,4,500,3,0.03,1.0,0.05,3,500,1.0,0.9835170661191108,0.01018991944359495,0.01260990214773579,2.357200398790118,0.3681930891024826,0.03313703079700527,0.03921551090990561,5.742069744382948,0.6759771466203146,0.02411857799076737,0.03120274529632504,4.38993326050023
1202,CATBOOST_XGBOOST,"{""alpha"": 0.7, ""cat_depth"": 4, ""cat_iterations"": 300, ""cat_l2_leaf_reg"": 3, ""cat_learning_rate"": 0.05, ""xgb_colsample_bytree"": 1.0, ""xgb_learning_rate"": 0.05, ""xgb_max_depth"": 5, ""xgb_n_estimators"": 500, ""xgb_subsample"": 1.0}",0.7,4,300,3,0.05,1.0,0.05,5,500,1.0,0.9866678994080015,0.009183307014550253,0.01134080150373505,2.122768601241511,0.3678240318391008,0.03327141187503436,0.03922696271267315,5.729649108628988,0.6707669060202062,0.02441277253643819,0.03145261265915704,4.447193903009174
1203,CATBOOST_XGBOOST,"{""alpha"": 0.7, ""cat_depth"": 6, ""cat_iterations"": 300, ""cat_l2_leaf_reg"": 5, ""cat_learning_rate"": 0.03, ""xgb_colsample_bytree"": 1.0, ""xgb_learning_rate"": 0.03, ""xgb_max_depth"": 3, ""xgb_n_estimators"": 500, ""xgb_subsample"": 1.0}",0.7,6,300,5,0.03,1.0,0.03,3,500,1.0,0.9752371574954579,0.01230265297624955,0.01545591447667295,2.851357727031332,0.3674440995281963,0.03346293412603822,0.03923874847548598,5.823671127309219,0.707557925503491,0.02379820296464507,0.0296431883134521,4.370922576864584
1204,CATBOOST_XGBOOST,"{""alpha"": 0.5, ""cat_depth"": 4, ""cat_iterations"": 300, ""cat_l2_leaf_reg"": 5, ""cat_learning_rate"": 0.03, ""xgb_colsample_bytree"": 1.0, ""xgb_learning_rate"": 0.05, ""xgb_max_depth"": 5, ""xgb_n_estimators"": 300, ""xgb_subsample"": 0.8}",0.5,4,300,5,0.03,1.0,0.05,5,300,0.8,0.9854702499921915,0.009457396038250063,0.01183923195224033,2.212491242908957,0.36730505931631,0.03283009485546896,0.03924306071423618,5.64244354162893,0.6886310765646451,0.0245361067550634,0.03058740387262974,4.487367264359968
1205,CATBOOST_XGBOOST,"{""alpha"": 0.5, ""cat_depth"": 6, ""cat_iterations"": 500, ""cat_l2_leaf_reg"": 5, ""cat_learning_rate"": 0.03, ""xgb_colsample_bytree"": 0.8, ""xgb_learning_rate"": 0.05, ""xgb_max_depth"": 3, ""xgb_n_estimators"": 300, ""xgb_subsample"": 1.0}",0.5,6,500,5,0.03,0.8,0.05,3,300,1.0,0.9864599684222854,0.009013915508552219,0.01142889642256341,2.079469961349081,0.3672002185144134,0.0334941292637193,0.03924631196793259,5.840385394281737,0.696010039039008,0.02413167307535998,0.03022279363588725,4.435502345567921
1206,CATBOOST_XGBOOST,"{""alpha"": 0.5, ""cat_depth"": 4, ""cat_iterations"": 300, ""cat_l2_leaf_reg"": 5, ""cat_learning_rate"": 0.03, ""xgb_colsample_bytree"": 1.0, ""xgb_learning_rate"": 0.03, ""xgb_max_depth"": 5, ""xgb_n_estimators"": 300, ""xgb_subsample"": 0.8}",0.5,4,300,5,0.03,1.0,0.03,5,300,0.8,0.9823072573689852,0.01042355356366142,0.01306447728909826,2.433326118882632,0.3671425343036319,0.03308621300002407,0.03924810071771417,5.685516664903886,0.6868601030628617,0.02463991827560721,0.03067426654739644,4.516677703675871
1207,CATBOOST_XGBOOST,"{""alpha"": 0.3, ""cat_depth"": 4, ""cat_iterations"": 500, ""cat_l2_leaf_reg"": 3, ""cat_learning_rate"": 0.03, ""xgb_colsample_bytree"": 0.8, ""xgb_learning_rate"": 0.05, ""xgb_max_depth"": 3, ""xgb_n_estimators"": 500, ""xgb_subsample"": 1.0}",0.3,4,500,3,0.03,0.8,0.05,3,500,1.0,0.9910339740815761,0.007384134674840402,0.009300246364317932,1.698307494271472,0.3670950142773877,0.03301541692902136,0.03924957422151827,5.746882577010292,0.6834437580726791,0.02452574053068104,0.03084114020694882,4.491002097643975
1208,CATBOOST_XGBOOST,"{""alpha"": 0.5, ""cat_depth"": 4, ""cat_iterations"": 300, ""cat_l2_leaf_reg"": 3, ""cat_learning_rate"": 0.05, ""xgb_colsample_bytree"": 1.0, ""xgb_learning_rate"": 0.05, ""xgb_max_depth"": 3, ""xgb_n_estimators"": 500, ""xgb_subsample"": 0.8}",0.5,4,300,3,0.05,1.0,0.05,3,500,0.8,0.987838052051906,0.008731830280124342,0.01083168516807784,2.013118445796282,0.3666173381065841,0.0332753346027921,0.03926438296099638,5.768298492463768,0.6713130694957864,0.02450436906205345,0.0314265135234446,4.471917654784463
1209,CATBOOST_XGBOOST,"{""alpha"": 0.7, ""cat_depth"": 4, ""cat_iterations"": 300, ""cat_l2_leaf_reg"": 3, ""cat_learning_rate"": 0.03, ""xgb_colsample_bytree"": 1.0, ""xgb_learning_rate"": 0.05, ""xgb_max_depth"": 5, ""xgb_n_estimators"": 500, ""xgb_subsample"": 0.8}",0.7,4,300,3,0.03,1.0,0.05,5,500,0.8,0.977428926513867,0.01181936502883282,0.01475606520298227,2.759738701659891,0.3665093745840532,0.0329958143423856,0.03926772923231037,5.672294192481242,0.6767469878600114,0.02443698270566083,0.03116565617633387,4.449124250571214
1210,CATBOOST_XGBOOST,"{""alpha"": 0.7, ""cat_depth"": 4, ""cat_iterations"": 500, ""cat_l2_leaf_reg"": 3, ""cat_learning_rate"": 0.03, ""xgb_colsample_bytree"": 0.8, ""xgb_learning_rate"": 0.03, ""xgb_max_depth"": 5, ""xgb_n_estimators"": 500, ""xgb_subsample"": 0.8}",0.7,4,500,3,0.03,0.8,0.03,5,500,0.8,0.9864820607050374,0.00921969193782943,0.01141956876750886,2.135186263128908,0.3664938680205161,0.03345503623770186,0.03926820982648786,5.783702414912407,0.6840952790146856,0.02383273635117462,0.03080938597869835,4.331585620358209
1211,CATBOOST_XGBOOST,"{""alpha"": 0.7, ""cat_depth"": 4, ""cat_iterations"": 300, ""cat_l2_leaf_reg"": 3, ""cat_learning_rate"": 0.03, ""xgb_colsample_bytree"": 1.0, ""xgb_learning_rate"": 0.03, ""xgb_max_depth"": 3, ""xgb_n_estimators"": 300, ""xgb_subsample"": 0.8}",0.7,4,300,3,0.03,1.0,0.03,3,300,0.8,0.963936743313453,0.01494063014692627,0.01865206540815057,3.486681509917035,0.3663010109523577,0.03331019676921779,0.03927418654490807,5.742374427560989,0.6628691754548109,0.02480162214822782,0.03182762381728642,4.511778051094905
1212,CATBOOST_XGBOOST,"{""alpha"": 0.7, ""cat_depth"": 4, ""cat_iterations"": 300, ""cat_l2_leaf_reg"": 3, ""cat_learning_rate"": 0.05, ""xgb_colsample_bytree"": 1.0, ""xgb_learning_rate"": 0.05, ""xgb_max_depth"": 5, ""xgb_n_estimators"": 300, ""xgb_subsample"": 1.0}",0.7,4,300,3,0.05,1.0,0.05,5,300,1.0,0.985578553889355,0.00953526790927959,0.01179502495170446,2.204400889001747,0.3661074146797285,0.03326216522383096,0.03928018525694425,5.72682440227629,0.6698938200433856,0.02444924016425066,0.03149428929184216,4.454138704964635
1213,CATBOOST_XGBOOST,"{""alpha"": 0.7, ""cat_depth"": 4, ""cat_iterations"": 300, ""cat_l2_leaf_reg"": 3, ""cat_learning_rate"": 0.03, ""xgb_colsample_bytree"": 1.0, ""xgb_learning_rate"": 0.03, ""xgb_max_depth"": 5, ""xgb_n_estimators"": 500, ""xgb_subsample"": 0.8}",0.7,4,300,3,0.03,1.0,0.03,5,500,0.8,0.976322019615267,0.01210662521390116,0.01511356041638679,2.825364425461127,0.3660543316938869,0.03312717013241734,0.03928182990929981,5.692812005951286,0.6756548021161388,0.0244923119989939,0.03121826200003309,4.464021547829642
1214,CATBOOST_XGBOOST,"{""alpha"": 0.5, ""cat_depth"": 4, ""cat_iterations"": 300, ""cat_l2_leaf_reg"": 5, ""cat_learning_rate"": 0.03, ""xgb_colsample_bytree"": 0.8, ""xgb_learning_rate"": 0.03, ""xgb_max_depth"": 3, ""xgb_n_estimators"": 300, ""xgb_subsample"": 0.8}",0.5,4,300,5,0.03,0.8,0.03,3,300,0.8,0.9667420538880812,0.01429914488095863,0.01791192123647939,3.344638737275087,0.3658424486723082,0.03355057889141869,0.03928839392407809,5.791464902172204,0.6691238330939961,0.02523345583738489,0.03153099879399572,4.611691113251752
1215,CATBOOST_XGBOOST,"{""alpha"": 0.5, ""cat_depth"": 4, ""cat_iterations"": 500, ""cat_l2_leaf_reg"": 5, ""cat_learning_rate"": 0.03, ""xgb_colsample_bytree"": 0.8, ""xgb_learning_rate"": 0.05, ""xgb_max_depth"": 3, ""xgb_n_estimators"": 500, ""xgb_subsample"": 0.8}",0.5,4,500,5,0.03,0.8,0.05,3,500,0.8,0.9857845728353487,0.009402176925150076,0.01171047241682307,2.177644123066007,0.3658408547115799,0.03327936387359804,0.03928844329991341,5.777596203975152,0.6710407922593591,0.02450192544103858,0.03143952735536247,4.468539462711128
1216,CATBOOST_XGBOOST,"{""alpha"": 0.5, ""cat_depth"": 4, ""cat_iterations"": 300, ""cat_l2_leaf_reg"": 3, ""cat_learning_rate"": 0.05, ""xgb_colsample_bytree"": 1.0, ""xgb_learning_rate"": 0.05, ""xgb_max_depth"": 3, ""xgb_n_estimators"": 300, ""xgb_subsample"": 0.8}",0.5,4,300,3,0.05,1.0,0.05,3,300,0.8,0.9828132094022257,0.01032260763792949,0.01287632266441196,2.387796345044842,0.3656080392585033,0.03334223460554213,0.0392956545160815,5.778618295113868,0.6689012451705316,0.02458718946117368,0.03154160282094359,4.490656458524473
1217,CATBOOST_XGBOOST,"{""alpha"": 0.7, ""cat_depth"": 4, ""cat_iterations"": 300, ""cat_l2_leaf_reg"": 3, ""cat_learning_rate"": 0.05, ""xgb_colsample_bytree"": 1.0, ""xgb_learning_rate"": 0.03, ""xgb_max_depth"": 5, ""xgb_n_estimators"": 300, ""xgb_subsample"": 1.0}",0.7,4,300,3,0.05,1.0,0.03,5,300,1.0,0.9839067301873858,0.01005164900961191,0.01245995874831039,2.324329829941197,0.3655469508798904,0.03320468759964533,0.03929754644582163,5.718324203405363,0.6679071367789285,0.0245920450504253,0.03158891841908779,4.481974880846431
1218,CATBOOST_XGBOOST,"{""alpha"": 0.7, ""cat_depth"": 4, ""cat_iterations"": 500, ""cat_l2_leaf_reg"": 3, ""cat_learning_rate"": 0.05, ""xgb_colsample_bytree"": 1.0, ""xgb_learning_rate"": 0.05, ""xgb_max_depth"": 3, ""xgb_n_estimators"": 300, ""xgb_subsample"": 1.0}",0.7,4,500,3,0.05,1.0,0.05,3,300,1.0,0.9883583643356766,0.008533551008184048,0.01059745204455423,1.965818707865989,0.3652882822565409,0.03339299790099975,0.03930555649982405,5.791484855058114,0.6591838316244807,0.02500374673186479,0.03200111273362043,4.565405138370429
1219,CATBOOST_XGBOOST,"{""alpha"": 0.3, ""cat_depth"": 6, ""cat_iterations"": 300, ""cat_l2_leaf_reg"": 3, ""cat_learning_rate"": 0.03, ""xgb_colsample_bytree"": 0.8, ""xgb_learning_rate"": 0.03, ""xgb_max_depth"": 3, ""xgb_n_estimators"": 500, ""xgb_subsample"": 1.0}",0.3,6,300,3,0.03,0.8,0.03,3,500,1.0,0.9838640254657136,0.009887823783893078,0.01247647952229742,2.29194958472869,0.3651518107849205,0.03355458339661405,0.03930978188174303,5.842233319385448,0.6997257719381297,0.02433557397962208,0.03003751595798005,4.486384666082853
1220,CATBOOST_XGBOOST,"{""alpha"": 0.5, ""cat_depth"": 4, ""cat_iterations"": 300, ""cat_l2_leaf_reg"": 5, ""cat_learning_rate"": 0.03, ""xgb_colsample_bytree"": 0.8, ""xgb_learning_rate"": 0.05, ""xgb_max_depth"": 3, ""xgb_n_estimators"": 500, ""xgb_subsample"": 0.8}",0.5,4,300,5,0.03,0.8,0.05,3,500,0.8,0.9802955110735568,0.01106563988413718,0.0137872307991393,2.582352272225244,0.3651282637460412,0.03359063609680346,0.03931051089097319,5.813938995520679,0.6768331317581513,0.02441155925044895,0.03116150322199464,4.456320121419769
1221,CATBOOST_XGBOOST,"{""alpha"": 0.5, ""cat_depth"": 4, ""cat_iterations"": 300, ""cat_l2_leaf_reg"": 5, ""cat_learning_rate"": 0.03, ""xgb_colsample_bytree"": 0.8, ""xgb_learning_rate"": 0.03, ""xgb_max_depth"": 5, ""xgb_n_estimators"": 500, ""xgb_subsample"": 1.0}",0.5,4,300,5,0.03,0.8,0.03,5,500,1.0,0.9849883495634444,0.009617723135925566,0.0120339632152475,2.248456476267211,0.365084205783908,0.03302896225803469,0.039311874875897,5.672395051447876,0.6946838147844665,0.02429160262817648,0.03028864873853902,4.442667653750643
1222,CATBOOST_XGBOOST,"{""alpha"": 0.7, ""cat_depth"": 6, ""cat_iterations"": 300, ""cat_l2_leaf_reg"": 5, ""cat_learning_rate"": 0.03, ""xgb_colsample_bytree"": 0.8, ""xgb_learning_rate"": 0.05, ""xgb_max_depth"": 3, ""xgb_n_estimators"": 500, ""xgb_subsample"": 1.0}",0.7,6,300,5,0.03,0.8,0.05,3,500,1.0,0.9786854648181628,0.01140965780361617,0.01433944661043568,2.638808934478481,0.3650823377508179,0.03359835179316565,0.03931193270705331,5.847026093051871,0.7002791725348907,0.02401208157444592,0.03000982386247708,4.407744948885836
1223,CATBOOST_XGBOOST,"{""alpha"": 0.7, ""cat_depth"": 4, ""cat_iterations"": 300, ""cat_l2_leaf_reg"": 3, ""cat_learning_rate"": 0.03, ""xgb_colsample_bytree"": 1.0, ""xgb_learning_rate"": 0.05, ""xgb_max_depth"": 5, ""xgb_n_estimators"": 300, ""xgb_subsample"": 0.8}",0.7,4,300,3,0.03,1.0,0.05,5,300,0.8,0.9762106464679998,0.01213253719820239,0.01514906323486454,2.831358091343614,0.3650311249162279,0.03298405756654497,0.03931351813696846,5.669250622527642,0.6753554652910625,0.02447919016462863,0.03123266427949221,4.456103495980032
1224,CATBOOST_XGBOOST,"{""alpha"": 0.3, ""cat_depth"": 4, ""cat_iterations"": 300, ""cat_l2_leaf_reg"": 5, ""cat_learning_rate"": 0.05, ""xgb_colsample_bytree"": 1.0, ""xgb_learning_rate"": 0.03, ""xgb_max_depth"": 3, ""xgb_n_estimators"": 500, ""xgb_subsample"": 1.0}",0.3,4,300,5,0.05,1.0,0.03,3,500,1.0,0.9845588285938186,0.009670618135988608,0.0122049099702765,2.245852954712923,0.3649528196538974,0.03308785810200755,0.03931594216164718,5.755424134197635,0.6982777416373946,0.02409068566010672,0.03010985470344762,4.420659621710328
1225,CATBOOST_XGBOOST,"{""alpha"": 0.7, ""cat_depth"": 4, ""cat_iterations"": 500, ""cat_l2_leaf_reg"": 3, ""cat_learning_rate"": 0.05, ""xgb_colsample_bytree"": 1.0, ""xgb_learning_rate"": 0.05, ""xgb_max_depth"": 3, ""xgb_n_estimators"": 500, ""xgb_subsample"": 0.8}",0.7,4,500,3,0.05,1.0,0.05,3,500,0.8,0.9909377467995977,0.007556435755630887,0.009350020312268729,1.734449011678037,0.3648861249252382,0.03335370955989976,0.03931800665176075,5.784469011947447,0.653324653584769,0.0249752948049967,0.03227501583767023,4.555304841109628
1226,CATBOOST_XGBOOST,"{""alpha"": 0.5, ""cat_depth"": 4, ""cat_iterations"": 300, ""cat_l2_leaf_reg"": 3, ""cat_learning_rate"": 0.05, ""xgb_colsample_bytree"": 1.0, ""xgb_learning_rate"": 0.05, ""xgb_max_depth"": 3, ""xgb_n_estimators"": 300, ""xgb_subsample"": 1.0}",0.5,4,300,3,0.05,1.0,0.05,3,300,1.0,0.9823142204307933,0.01045842883694384,0.01306190624296908,2.423284370590532,0.3648489590425182,0.03339222415588654,0.03931915704943264,5.788377031139635,0.6784947182936063,0.0244626499909838,0.03108129038857182,4.468454973159497
1227,CATBOOST_XGBOOST,"{""alpha"": 0.7, ""cat_depth"": 6, ""cat_iterations"": 500, ""cat_l2_leaf_reg"": 5, ""cat_learning_rate"": 0.03, ""xgb_colsample_bytree"": 0.8, ""xgb_learning_rate"": 0.05, ""xgb_max_depth"": 3, ""xgb_n_estimators"": 300, ""xgb_subsample"": 1.0}",0.7,6,500,5,0.03,0.8,0.05,3,300,1.0,0.985677100773215,0.009297646730055738,0.01175465606397657,2.142763603808074,0.3648022787032195,0.03367356595631832,0.03932060190093346,5.871512261139333,0.6955649363186579,0.02403823611080659,0.03024491168054407,4.413829281078435
1228,CATBOOST_XGBOOST,"{""alpha"": 0.7, ""cat_depth"": 4, ""cat_iterations"": 500, ""cat_l2_leaf_reg"": 3, ""cat_learning_rate"": 0.05, ""xgb_colsample_bytree"": 1.0, ""xgb_learning_rate"": 0.05, ""xgb_max_depth"": 3, ""xgb_n_estimators"": 300, ""xgb_subsample"": 0.8}",0.7,4,500,3,0.05,1.0,0.05,3,300,0.8,0.9885286788990141,0.00847670006301586,0.01051964723569618,1.951551635181803,0.3647854528557292,0.03338274807760562,0.03932112268213856,5.788850114596297,0.6526742103431465,0.02497514876345298,0.03230527935136564,4.55511861441837
1229,CATBOOST_XGBOOST,"{""alpha"": 0.7, ""cat_depth"": 4, ""cat_iterations"": 500, ""cat_l2_leaf_reg"": 3, ""cat_learning_rate"": 0.03, ""xgb_colsample_bytree"": 0.8, ""xgb_learning_rate"": 0.05, ""xgb_max_depth"": 3, ""xgb_n_estimators"": 300, ""xgb_subsample"": 0.8}",0.7,4,500,3,0.03,0.8,0.05,3,300,0.8,0.9802704926423006,0.01111692395340069,0.01379598072072607,2.574261046728408,0.3646612403415718,0.03344781301998379,0.03932496700275834,5.801097007917879,0.6621853258527679,0.02445726164338353,0.03185988767462793,4.451119471211915
1230,CATBOOST_XGBOOST,"{""alpha"": 0.3, ""cat_depth"": 4, ""cat_iterations"": 300, ""cat_l2_leaf_reg"": 5, ""cat_learning_rate"": 0.03, ""xgb_colsample_bytree"": 1.0, ""xgb_learning_rate"": 0.03, ""xgb_max_depth"": 3, ""xgb_n_estimators"": 500, ""xgb_subsample"": 1.0}",0.3,4,300,5,0.03,1.0,0.03,3,500,1.0,0.9808782811293779,0.01080418090500089,0.01358181850498987,2.518801367494177,0.3646203902405546,0.0331959691785307,0.03932623121262198,5.763043910353898,0.700952313727933,0.02399752475898125,0.0299761054789328,4.407856587964975
1231,CATBOOST_XGBOOST,"{""alpha"": 0.3, ""cat_depth"": 4, ""cat_iterations"": 500, ""cat_l2_leaf_reg"": 5, ""cat_learning_rate"": 0.03, ""xgb_colsample_bytree"": 1.0, ""xgb_learning_rate"": 0.03, ""xgb_max_depth"": 3, ""xgb_n_estimators"": 500, ""xgb_subsample"": 1.0}",0.3,4,500,5,0.03,1.0,0.03,3,500,1.0,0.9840772599242479,0.009824575612837928,0.01239376796513226,2.280551423090301,0.3645863627814997,0.03301947771879528,0.03932728424752113,5.743238861445522,0.6976062018262253,0.02408038837621388,0.03014334366100287,4.419870125686832
1232,CATBOOST_XGBOOST,"{""alpha"": 0.5, ""cat_depth"": 4, ""cat_iterations"": 300, ""cat_l2_leaf_reg"": 5, ""cat_learning_rate"": 0.05, ""xgb_colsample_bytree"": 0.8, ""xgb_learning_rate"": 0.05, ""xgb_max_depth"": 3, ""xgb_n_estimators"": 500, ""xgb_subsample"": 0.8}",0.5,4,300,5,0.05,0.8,0.05,3,500,0.8,0.9864841683703705,0.009132941953313788,0.01141867848508749,2.116837844630568,0.3645097613365842,0.03342940470025628,0.03932965470027363,5.803789108989498,0.6709351011092624,0.02460388351877874,0.03144457754527621,4.485937916083716
1233,CATBOOST_XGBOOST,"{""alpha"": 0.7, ""cat_depth"": 4, ""cat_iterations"": 300, ""cat_l2_leaf_reg"": 3, ""cat_learning_rate"": 0.03, ""xgb_colsample_bytree"": 0.8, ""xgb_learning_rate"": 0.05, ""xgb_max_depth"": 3, ""xgb_n_estimators"": 500, ""xgb_subsample"": 0.8}",0.7,4,300,3,0.03,0.8,0.05,3,500,0.8,0.9724873616752914,0.01308094491525352,0.01629148143134802,3.049489730074662,0.3643486424396454,0.03354422887907824,0.03933464010256699,5.792342472621843,0.6677808795635333,0.02439896850734033,0.03159492268824481,4.436385350902925
1234,CATBOOST_XGBOOST,"{""alpha"": 0.5, ""cat_depth"": 4, ""cat_iterations"": 500, ""cat_l2_leaf_reg"": 5, ""cat_learning_rate"": 0.05, ""xgb_colsample_bytree"": 1.0, ""xgb_learning_rate"": 0.05, ""xgb_max_depth"": 3, ""xgb_n_estimators"": 300, ""xgb_subsample"": 0.8}",0.5,4,500,5,0.05,1.0,0.05,3,300,0.8,0.9873147100994479,0.00875396652671331,0.01106228024919164,2.023527394741375,0.3641963554329676,0.0331402742462741,0.03933935164435551,5.748417815344117,0.6680766374928213,0.02473834942789746,0.03158085587362684,4.515500505158468
1235,CATBOOST_XGBOOST,"{""alpha"": 0.3, ""cat_depth"": 6, ""cat_iterations"": 500, ""cat_l2_leaf_reg"": 5, ""cat_learning_rate"": 0.03, ""xgb_colsample_bytree"": 0.8, ""xgb_learning_rate"": 0.05, ""xgb_max_depth"": 3, ""xgb_n_estimators"": 300, ""xgb_subsample"": 1.0}",0.3,6,500,5,0.03,0.8,0.05,3,300,1.0,0.9870136483163585,0.008792333303946458,0.01119278181907046,2.032124302583294,0.3641225088395424,0.03337346263868294,0.03934163614899962,5.820696242935936,0.6908010540479953,0.02446574801788922,0.03048063338271535,4.499831398103829
1236,CATBOOST_XGBOOST,"{""alpha"": 0.3, ""cat_depth"": 4, ""cat_iterations"": 500, ""cat_l2_leaf_reg"": 5, ""cat_learning_rate"": 0.05, ""xgb_colsample_bytree"": 1.0, ""xgb_learning_rate"": 0.03, ""xgb_max_depth"": 3, ""xgb_n_estimators"": 300, ""xgb_subsample"": 1.0}",0.3,4,500,5,0.05,1.0,0.03,3,300,1.0,0.9801155686301127,0.01094640531135601,0.01385004059280091,2.548000256608701,0.3640922648150532,0.03335718299316401,0.03934257173429388,5.795579342514761,0.6922975066568204,0.02465059102837001,0.03040678425285522,4.522468027135608
1237,CATBOOST_XGBOOST,"{""alpha"": 0.7, ""cat_depth"": 4, ""cat_iterations"": 300, ""cat_l2_leaf_reg"": 3, ""cat_learning_rate"": 0.03, ""xgb_colsample_bytree"": 1.0, ""xgb_learning_rate"": 0.03, ""xgb_max_depth"": 5, ""xgb_n_estimators"": 300, ""xgb_subsample"": 0.8}",0.7,4,300,3,0.03,1.0,0.03,5,300,0.8,0.9738790212689745,0.01271675574147091,0.01587410252767685,2.96448821558119,0.3640241171978108,0.03317152872621963,0.03934467976863967,5.700370940542607,0.6744379117981973,0.02453299763356601,0.03127677008861132,4.472152504552735
1238,CATBOOST_XGBOOST,"{""alpha"": 0.5, ""cat_depth"": 4, ""cat_iterations"": 500, ""cat_l2_leaf_reg"": 5, ""cat_learning_rate"": 0.05, ""xgb_colsample_bytree"": 1.0, ""xgb_learning_rate"": 0.05, ""xgb_max_depth"": 3, ""xgb_n_estimators"": 300, ""xgb_subsample"": 1.0}",0.5,4,500,5,0.05,1.0,0.05,3,300,1.0,0.9869321222769963,0.00888540902356955,0.01122786001259982,2.055288022621903,0.3637716363516188,0.0331501983041519,0.03935248886375169,5.751645885625574,0.6776397770861113,0.02458758949573121,0.03112258836328112,4.492304904552307
1239,CATBOOST_XGBOOST,"{""alpha"": 0.7, ""cat_depth"": 4, ""cat_iterations"": 300, ""cat_l2_leaf_reg"": 3, ""cat_learning_rate"": 0.03, ""xgb_colsample_bytree"": 1.0, ""xgb_learning_rate"": 0.05, ""xgb_max_depth"": 3, ""xgb_n_estimators"": 500, ""xgb_subsample"": 1.0}",0.7,4,300,3,0.03,1.0,0.05,3,500,1.0,0.9724234168252824,0.01310261333081626,0.01631040276696084,3.055393257892567,0.3637032699680794,0.03337067625636005,0.03935460313217329,5.756769569601903,0.6791785791331407,0.02413353874937207,0.03104821691607326,4.387367051341392
1240,CATBOOST_XGBOOST,"{""alpha"": 0.3, ""cat_depth"": 6, ""cat_iterations"": 300, ""cat_l2_leaf_reg"": 5, ""cat_learning_rate"": 0.03, ""xgb_colsample_bytree"": 0.8, ""xgb_learning_rate"": 0.05, ""xgb_max_depth"": 3, ""xgb_n_estimators"": 300, ""xgb_subsample"": 1.0}",0.3,6,300,5,0.03,0.8,0.05,3,300,1.0,0.9832360231374443,0.01006038000299673,0.01271695061053721,2.327752225120873,0.3635674193677262,0.03342297742618201,0.0393588040504528,5.823118377593639,0.6933013304132476,0.02438571571974404,0.03035714541708923,4.486605696882251
1241,CATBOOST_XGBOOST,"{""alpha"": 0.5, ""cat_depth"": 4, ""cat_iterations"": 500, ""cat_l2_leaf_reg"": 5, ""cat_learning_rate"": 0.05, ""xgb_colsample_bytree"": 1.0, ""xgb_learning_rate"": 0.05, ""xgb_max_depth"": 3, ""xgb_n_estimators"": 500, ""xgb_subsample"": 0.8}",0.5,4,500,5,0.05,1.0,0.05,3,500,0.8,0.9915004762832553,0.007203729968237523,0.009055068775916896,1.658133345859555,0.3635271472398027,0.03313833108678615,0.03936004930231906,5.748662219553009,0.6693750067397084,0.02472174565946818,0.03151902866696944,4.508975516427497
1242,CATBOOST_XGBOOST,"{""alpha"": 0.7, ""cat_depth"": 4, ""cat_iterations"": 500, ""cat_l2_leaf_reg"": 3, ""cat_learning_rate"": 0.03, ""xgb_colsample_bytree"": 0.8, ""xgb_learning_rate"": 0.03, ""xgb_max_depth"": 5, ""xgb_n_estimators"": 300, ""xgb_subsample"": 0.8}",0.7,4,500,3,0.03,0.8,0.03,5,300,0.8,0.9844615696710721,0.009855198682648019,0.01224328701561916,2.280502135927778,0.3635185079221315,0.03352405312884295,0.03936031643297051,5.794834932548401,0.6830186394883584,0.02385858473856467,0.03086184228320789,4.335961855757891
1243,CATBOOST_XGBOOST,"{""alpha"": 0.5, ""cat_depth"": 6, ""cat_iterations"": 300, ""cat_l2_leaf_reg"": 5, ""cat_learning_rate"": 0.03, ""xgb_colsample_bytree"": 0.8, ""xgb_learning_rate"": 0.05, ""xgb_max_depth"": 3, ""xgb_n_estimators"": 300, ""xgb_subsample"": 1.0}",0.5,6,300,5,0.03,0.8,0.05,3,300,1.0,0.9794938217613146,0.01116807579951257,0.01406490561761501,2.585406884137893,0.3635114234758799,0.03357665390955109,0.03936053548511401,5.844422285377907,0.6981518259024042,0.0242731158843489,0.03011613682038288,4.460316247834617
1244,CATBOOST_XGBOOST,"{""alpha"": 0.3, ""cat_depth"": 4, ""cat_iterations"": 300, ""cat_l2_leaf_reg"": 3, ""cat_learning_rate"": 0.05, ""xgb_colsample_bytree"": 1.0, ""xgb_learning_rate"": 0.03, ""xgb_max_depth"": 3, ""xgb_n_estimators"": 300, ""xgb_subsample"": 1.0}",0.3,4,300,3,0.05,1.0,0.03,3,300,1.0,0.9767166695898967,0.01190864718809694,0.01498707942287793,2.773960528417386,0.3634595659707808,0.03353736859092039,0.03936213888985014,5.823322160653417,0.6915511699728254,0.02472181794146879,0.03044363795848624,4.536806299622623
1245,CATBOOST_XGBOOST,"{""alpha"": 0.5, ""cat_depth"": 4, ""cat_iterations"": 500, ""cat_l2_leaf_reg"": 5, ""cat_learning_rate"": 0.03, ""xgb_colsample_bytree"": 1.0, ""xgb_learning_rate"": 0.05, ""xgb_max_depth"": 3, ""xgb_n_estimators"": 500, ""xgb_subsample"": 1.0}",0.5,4,500,5,0.03,1.0,0.05,3,500,1.0,0.985702140712246,0.009415263572522377,0.01174437655904194,2.181140872923248,0.3634401186586707,0.03304563411310504,0.0393627401729052,5.729122350186811,0.6877592807959902,0.0240046258652826,0.03063019447883316,4.378371993237433
1246,CATBOOST_XGBOOST,"{""alpha"": 0.3, ""cat_depth"": 6, ""cat_iterations"": 500, ""cat_l2_leaf_reg"": 3, ""cat_learning_rate"": 0.03, ""xgb_colsample_bytree"": 0.8, ""xgb_learning_rate"": 0.03, ""xgb_max_depth"": 3, ""xgb_n_estimators"": 300, ""xgb_subsample"": 1.0}",0.3,6,500,3,0.03,0.8,0.03,3,300,1.0,0.9812920822656748,0.01065173035787459,0.01343405691680667,2.469020702212692,0.3633520027248101,0.03375435853716395,0.03936546447637467,5.868663060264691,0.6976771364850272,0.02454023359453694,0.03013980798464475,4.514827809534411
1247,CATBOOST_XGBOOST,"{""alpha"": 0.7, ""cat_depth"": 4, ""cat_iterations"": 300, ""cat_l2_leaf_reg"": 3, ""cat_learning_rate"": 0.03, ""xgb_colsample_bytree"": 0.8, ""xgb_learning_rate"": 0.03, ""xgb_max_depth"": 5, ""xgb_n_estimators"": 500, ""xgb_subsample"": 1.0}",0.7,4,300,3,0.03,0.8,0.03,5,500,1.0,0.9758446249239459,0.01223053771630119,0.01526515965832991,2.853467149967648,0.3631595206014703,0.03308743897190635,0.03937141484109345,5.681964805280858,0.6790571286830518,0.02432823324690698,0.03105409318067088,4.428436129518515
1248,CATBOOST_XGBOOST,"{""alpha"": 0.7, ""cat_depth"": 4, ""cat_iterations"": 300, ""cat_l2_leaf_reg"": 3, ""cat_learning_rate"": 0.03, ""xgb_colsample_bytree"": 0.8, ""xgb_learning_rate"": 0.03, ""xgb_max_depth"": 3, ""xgb_n_estimators"": 300, ""xgb_subsample"": 0.8}",0.7,4,300,3,0.03,0.8,0.03,3,300,0.8,0.9635147465941842,0.01503372461771825,0.01876087724029137,3.509316105006572,0.363065808066682,0.03352019330607257,0.03937431153145721,5.778857788460404,0.6616318867334798,0.02488721810335869,0.03188597489586781,4.528654520445741
1249,CATBOOST_XGBOOST,"{""alpha"": 0.5, ""cat_depth"": 4, ""cat_iterations"": 500, ""cat_l2_leaf_reg"": 3, ""cat_learning_rate"": 0.05, ""xgb_colsample_bytree"": 0.8, ""xgb_learning_rate"": 0.05, ""xgb_max_depth"": 3, ""xgb_n_estimators"": 500, ""xgb_subsample"": 1.0}",0.5,4,500,3,0.05,0.8,0.05,3,500,1.0,0.9921080947390687,0.00699010847872018,0.008725400888860663,1.602805355333214,0.3627986976916193,0.03330798792652986,0.03938256684639369,5.790262188123563,0.6675499196787311,0.02490763272717599,0.03160590323006732,4.552028172951396
1250,CATBOOST_XGBOOST,"{""alpha"": 0.5, ""cat_depth"": 4, ""cat_iterations"": 300, ""cat_l2_leaf_reg"": 5, ""cat_learning_rate"": 0.03, ""xgb_colsample_bytree"": 0.8, ""xgb_learning_rate"": 0.03, ""xgb_max_depth"": 5, ""xgb_n_estimators"": 300, ""xgb_subsample"": 1.0}",0.5,4,300,5,0.03,0.8,0.03,5,300,1.0,0.9822746024332191,0.01041787907950089,0.01307652807758899,2.434103893837981,0.3627979661244726,0.03309982208633763,0.03938258945383633,5.68217049552769,0.6947250496276336,0.02433627246397468,0.03028660333460478,4.451735775091183
1251,CATBOOST_XGBOOST,"{""alpha"": 0.5, ""cat_depth"": 4, ""cat_iterations"": 500, ""cat_l2_leaf_reg"": 3, ""cat_learning_rate"": 0.03, ""xgb_colsample_bytree"": 1.0, ""xgb_learning_rate"": 0.03, ""xgb_max_depth"": 3, ""xgb_n_estimators"": 300, ""xgb_subsample"": 1.0}",0.5,4,500,3,0.03,1.0,0.03,3,300,1.0,0.9768768262114012,0.01192370017857988,0.01493544544567603,2.775685052550495,0.3623748353497203,0.03351409302591329,0.03939566318807678,5.813657340720739,0.6873631291591158,0.02442159343039722,0.03064961916400986,4.459332618771517
1252,CATBOOST_XGBOOST,"{""alpha"": 0.5, ""cat_depth"": 4, ""cat_iterations"": 300, ""cat_l2_leaf_reg"": 5, ""cat_learning_rate"": 0.03, ""xgb_colsample_bytree"": 1.0, ""xgb_learning_rate"": 0.05, ""xgb_max_depth"": 3, ""xgb_n_estimators"": 500, ""xgb_subsample"": 1.0}",0.5,4,300,5,0.03,1.0,0.05,3,500,1.0,0.980182587936625,0.01109547434221406,0.01382668051910596,2.589756746749204,0.3623652529464291,0.03331519617216367,0.0393959592113011,5.757341362359608,0.6931354842057722,0.02398857246343269,0.03036535206665687,4.378848797000289
1253,CATBOOST_XGBOOST,"{""alpha"": 0.5, ""cat_depth"": 4, ""cat_iterations"": 300, ""cat_l2_leaf_reg"": 5, ""cat_learning_rate"": 0.05, ""xgb_colsample_bytree"": 1.0, ""xgb_learning_rate"": 0.05, ""xgb_max_depth"": 3, ""xgb_n_estimators"": 500, ""xgb_subsample"": 1.0}",0.5,4,300,5,0.05,1.0,0.05,3,500,1.0,0.9864001695214473,0.009159942581564015,0.01145410620555728,2.123020753640094,0.3623227770592516,0.03319824466904529,0.03939727136568058,5.755734415500702,0.6877033155181919,0.02405605432531446,0.03063293939714615,4.387672156208454
1254,CATBOOST_XGBOOST,"{""alpha"": 0.5, ""cat_depth"": 4, ""cat_iterations"": 300, ""cat_l2_leaf_reg"": 3, ""cat_learning_rate"": 0.03, ""xgb_colsample_bytree"": 0.8, ""xgb_learning_rate"": 0.05, ""xgb_max_depth"": 3, ""xgb_n_estimators"": 500, ""xgb_subsample"": 1.0}",0.5,4,300,3,0.03,0.8,0.05,3,500,1.0,0.9812264319846657,0.01079749337304845,0.01345760783356463,2.509566970927604,0.3616728364524995,0.03344483241975491,0.03941734371911999,5.790095769841637,0.6818132953639771,0.02432480397088529,0.03092046378099371,4.441049938997063
1255,CATBOOST_XGBOOST,"{""alpha"": 0.7, ""cat_depth"": 4, ""cat_iterations"": 300, ""cat_l2_leaf_reg"": 3, ""cat_learning_rate"": 0.03, ""xgb_colsample_bytree"": 0.8, ""xgb_learning_rate"": 0.03, ""xgb_max_depth"": 5, ""xgb_n_estimators"": 300, ""xgb_subsample"": 1.0}",0.7,4,300,3,0.03,0.8,0.03,5,300,1.0,0.9738611742638356,0.01271054146093287,0.01587952454530445,2.965075751380499,0.3616509370209892,0.03314134800832736,0.03941801986927056,5.690235521819705,0.6789920492101829,0.02434568170552728,0.03105724153159858,4.432051691189473
1256,CATBOOST_XGBOOST,"{""alpha"": 0.5, ""cat_depth"": 4, ""cat_iterations"": 500, ""cat_l2_leaf_reg"": 5, ""cat_learning_rate"": 0.03, ""xgb_colsample_bytree"": 0.8, ""xgb_learning_rate"": 0.03, ""xgb_max_depth"": 5, ""xgb_n_estimators"": 500, ""xgb_subsample"": 0.8}",0.5,4,500,5,0.03,0.8,0.03,5,500,0.8,0.990204990094127,0.007785729768700769,0.009720685626744623,1.806822465832034,0.3614581707763468,0.03357564125820222,0.03942397107257752,5.798509805951529,0.7017470871839924,0.02385398844525662,0.02993624550942585,4.351978723765829
1257,CATBOOST_XGBOOST,"{""alpha"": 0.7, ""cat_depth"": 4, ""cat_iterations"": 500, ""cat_l2_leaf_reg"": 3, ""cat_learning_rate"": 0.03, ""xgb_colsample_bytree"": 1.0, ""xgb_learning_rate"": 0.05, ""xgb_max_depth"": 3, ""xgb_n_estimators"": 500, ""xgb_subsample"": 0.8}",0.7,4,500,3,0.03,1.0,0.05,3,500,0.8,0.9838165007130046,0.01008557384821995,0.01249483929510348,2.333864223055988,0.3606266063645777,0.03333079372044589,0.0394496333732744,5.774041967275955,0.6655653160974122,0.02432966370594089,0.03170010061382476,4.424234848138195
1258,CATBOOST_XGBOOST,"{""alpha"": 0.7, ""cat_depth"": 4, ""cat_iterations"": 500, ""cat_l2_leaf_reg"": 3, ""cat_learning_rate"": 0.05, ""xgb_colsample_bytree"": 1.0, ""xgb_learning_rate"": 0.03, ""xgb_max_depth"": 3, ""xgb_n_estimators"": 500, ""xgb_subsample"": 1.0}",0.7,4,500,3,0.05,1.0,0.03,3,500,1.0,0.9884866616929264,0.008490432691616825,0.01053889533170821,1.953300827611473,0.3601193298992645,0.03351435439981031,0.0394652798663977,5.815415970378958,0.6621502664081622,0.02497491426677501,0.03186154089024124,4.562578559788584
1259,CATBOOST_XGBOOST,"{""alpha"": 0.5, ""cat_depth"": 4, ""cat_iterations"": 500, ""cat_l2_leaf_reg"": 3, ""cat_learning_rate"": 0.03, ""xgb_colsample_bytree"": 0.8, ""xgb_learning_rate"": 0.05, ""xgb_max_depth"": 3, ""xgb_n_estimators"": 500, ""xgb_subsample"": 1.0}",0.5,4,500,3,0.03,0.8,0.05,3,500,1.0,0.9876200189512702,0.008774060887499512,0.01092834628931152,2.024037420219415,0.3600870236615942,0.03332401500682063,0.03946627611357187,5.788054740622728,0.6767844322066763,0.02446566665900815,0.03116385107106563,4.46303351666542
1260,CATBOOST_XGBOOST,"{""alpha"": 0.7, ""cat_depth"": 4, ""cat_iterations"": 500, ""cat_l2_leaf_reg"": 3, ""cat_learning_rate"": 0.03, ""xgb_colsample_bytree"": 1.0, ""xgb_learning_rate"": 0.05, ""xgb_max_depth"": 3, ""xgb_n_estimators"": 300, ""xgb_subsample"": 1.0}",0.7,4,500,3,0.03,1.0,0.05,3,300,1.0,0.9801883643561679,0.01111774383152349,0.01382466525777342,2.57755658491314,0.3594641581399596,0.03341769681184579,0.03948547888383126,5.788824470142653,0.6704561320793048,0.02436486418736374,0.03146745373528291,4.435935647270624
1261,CATBOOST_XGBOOST,"{""alpha"": 0.7, ""cat_depth"": 4, ""cat_iterations"": 500, ""cat_l2_leaf_reg"": 3, ""cat_learning_rate"": 0.03, ""xgb_colsample_bytree"": 1.0, ""xgb_learning_rate"": 0.05, ""xgb_max_depth"": 3, ""xgb_n_estimators"": 300, ""xgb_subsample"": 0.8}",0.7,4,500,3,0.03,1.0,0.05,3,300,0.8,0.980487954191258,0.01103585103272576,0.01371973938251925,2.557173205352379,0.3591630316191721,0.03338770317777567,0.03949475918244465,5.782969226394735,0.6637917856717599,0.02433890691225218,0.0317840433932773,4.425655305231752
1262,CATBOOST_XGBOOST,"{""alpha"": 0.7, ""cat_depth"": 6, ""cat_iterations"": 300, ""cat_l2_leaf_reg"": 5, ""cat_learning_rate"": 0.03, ""xgb_colsample_bytree"": 1.0, ""xgb_learning_rate"": 0.03, ""xgb_max_depth"": 3, ""xgb_n_estimators"": 300, ""xgb_subsample"": 1.0}",0.7,6,300,5,0.03,1.0,0.03,3,300,1.0,0.9707126205720092,0.01336890953843857,0.01680872279831648,3.105147471387202,0.359157730182304,0.03366441705268381,0.039494922545788,5.85276951894464,0.7022761025786561,0.02409586904133599,0.02990968455604227,4.422232357542926
1263,CATBOOST_XGBOOST,"{""alpha"": 0.3, ""cat_depth"": 4, ""cat_iterations"": 300, ""cat_l2_leaf_reg"": 3, ""cat_learning_rate"": 0.05, ""xgb_colsample_bytree"": 0.8, ""xgb_learning_rate"": 0.05, ""xgb_max_depth"": 3, ""xgb_n_estimators"": 500, ""xgb_subsample"": 1.0}",0.3,4,300,3,0.05,0.8,0.05,3,500,1.0,0.9908339649889909,0.007492785094232432,0.009403406575074777,1.721570781062152,0.3590828630730396,0.03325738445090119,0.03949722949748735,5.785256130458591,0.6790336071513337,0.02468190296634635,0.03105523111910202,4.521736001080765
1264,CATBOOST_XGBOOST,"{""alpha"": 0.5, ""cat_depth"": 4, ""cat_iterations"": 500, ""cat_l2_leaf_reg"": 5, ""cat_learning_rate"": 0.03, ""xgb_colsample_bytree"": 0.8, ""xgb_learning_rate"": 0.05, ""xgb_max_depth"": 3, ""xgb_n_estimators"": 300, ""xgb_subsample"": 0.8}",0.5,4,500,5,0.03,0.8,0.05,3,300,0.8,0.9804626894904368,0.01099510713485228,0.0137286188455453,2.551366272316205,0.359082445896192,0.03359118077281889,0.03949724235197825,5.832872154771664,0.6665048556331393,0.02473323413135278,0.03165554117270138,4.515784583495972
1265,CATBOOST_XGBOOST,"{""alpha"": 0.5, ""cat_depth"": 4, ""cat_iterations"": 300, ""cat_l2_leaf_reg"": 5, ""cat_learning_rate"": 0.05, ""xgb_colsample_bytree"": 0.8, ""xgb_learning_rate"": 0.05, ""xgb_max_depth"": 3, ""xgb_n_estimators"": 300, ""xgb_subsample"": 0.8}",0.5,4,300,5,0.05,0.8,0.05,3,300,0.8,0.9813305222903316,0.01068612042895688,0.01342024803037941,2.482181595383889,0.3588317785577959,0.03371590668277598,0.03950496542079189,5.854062877367026,0.6670531706741878,0.02481278924190925,0.03162950728589251,4.528003912443506
1266,CATBOOST_XGBOOST,"{""alpha"": 0.7, ""cat_depth"": 4, ""cat_iterations"": 300, ""cat_l2_leaf_reg"": 3, ""cat_learning_rate"": 0.03, ""xgb_colsample_bytree"": 0.8, ""xgb_learning_rate"": 0.05, ""xgb_max_depth"": 3, ""xgb_n_estimators"": 300, ""xgb_subsample"": 0.8}",0.7,4,300,3,0.03,0.8,0.05,3,300,0.8,0.9682838937398789,0.01404688039522428,0.01749179546183769,3.275384961448976,0.3587991175068939,0.03374575458647694,0.03950597159765169,5.828319617441381,0.6640042753474025,0.02461409820784508,0.03177399776046898,4.477716659539122
1267,CATBOOST_XGBOOST,"{""alpha"": 0.5, ""cat_depth"": 4, ""cat_iterations"": 300, ""cat_l2_leaf_reg"": 5, ""cat_learning_rate"": 0.05, ""xgb_colsample_bytree"": 0.8, ""xgb_learning_rate"": 0.03, ""xgb_max_depth"": 5, ""xgb_n_estimators"": 500, ""xgb_subsample"": 0.8}",0.5,4,300,5,0.05,0.8,0.03,5,500,0.8,0.9907721850900352,0.007512403195678252,0.009435043258382948,1.745592329811897,0.3584735283103354,0.03378161644160368,0.03951600050236672,5.836992127975325,0.7005825391804403,0.02387701341737307,0.02999463258510989,4.34968738789349
1268,CATBOOST_XGBOOST,"{""alpha"": 0.7, ""cat_depth"": 6, ""cat_iterations"": 500, ""cat_l2_leaf_reg"": 5, ""cat_learning_rate"": 0.03, ""xgb_colsample_bytree"": 0.8, ""xgb_learning_rate"": 0.03, ""xgb_max_depth"": 3, ""xgb_n_estimators"": 500, ""xgb_subsample"": 1.0}",0.7,6,500,5,0.03,0.8,0.03,3,500,1.0,0.9855526988139288,0.009366737469401861,0.01180559340283521,2.160736508521302,0.3577032044961723,0.03393091106247288,0.03953971813926929,5.915555483363429,0.6976397096067355,0.02398706976507832,0.03014167354651801,4.405965323689366
1269,CATBOOST_XGBOOST,"{""alpha"": 0.7, ""cat_depth"": 4, ""cat_iterations"": 300, ""cat_l2_leaf_reg"": 3, ""cat_learning_rate"": 0.05, ""xgb_colsample_bytree"": 1.0, ""xgb_learning_rate"": 0.03, ""xgb_max_depth"": 3, ""xgb_n_estimators"": 500, ""xgb_subsample"": 0.8}",0.7,4,300,3,0.05,1.0,0.03,3,500,0.8,0.9798202880501194,0.01126917334376824,0.01395249705699213,2.606418142099153,0.3573169875766143,0.03347346368955972,0.03955160408772377,5.787117388149808,0.6489274100490008,0.0250060477061898,0.03247905962779721,4.549942439532758
1270,CATBOOST_XGBOOST,"{""alpha"": 0.3, ""cat_depth"": 6, ""cat_iterations"": 300, ""cat_l2_leaf_reg"": 3, ""cat_learning_rate"": 0.03, ""xgb_colsample_bytree"": 0.8, ""xgb_learning_rate"": 0.03, ""xgb_max_depth"": 3, ""xgb_n_estimators"": 300, ""xgb_subsample"": 1.0}",0.3,6,300,3,0.03,0.8,0.03,3,300,1.0,0.9759916440161623,0.01209668387569447,0.01521863388058619,2.809196935537705,0.3572667804236489,0.03386504460320722,0.0395531489664718,5.881933048469688,0.6965428199471178,0.02472089297740142,0.03019629738444552,4.549827768088799
1271,CATBOOST_XGBOOST,"{""alpha"": 0.5, ""cat_depth"": 6, ""cat_iterations"": 500, ""cat_l2_leaf_reg"": 5, ""cat_learning_rate"": 0.03, ""xgb_colsample_bytree"": 0.8, ""xgb_learning_rate"": 0.03, ""xgb_max_depth"": 3, ""xgb_n_estimators"": 500, ""xgb_subsample"": 1.0}",0.5,6,500,5,0.03,0.8,0.03,3,500,1.0,0.9862619541463548,0.00912905358655619,0.01151216323587988,2.109383957374992,0.3568762446986111,0.03390437638194111,0.03956516372741641,5.910214919880649,0.6999903482422278,0.02404860735994274,0.03002427977986516,4.423889314531187
1272,CATBOOST_XGBOOST,"{""alpha"": 0.7, ""cat_depth"": 4, ""cat_iterations"": 500, ""cat_l2_leaf_reg"": 5, ""cat_learning_rate"": 0.05, ""xgb_colsample_bytree"": 1.0, ""xgb_learning_rate"": 0.03, ""xgb_max_depth"": 3, ""xgb_n_estimators"": 500, ""xgb_subsample"": 0.8}",0.7,4,500,5,0.05,1.0,0.03,3,500,0.8,0.986620951430259,0.009055951619000854,0.0113607518405362,2.089315452457223,0.3565366251767967,0.03322094924041847,0.03957560909534408,5.749746540736357,0.6479951198208352,0.02513673327081757,0.03252215589190814,4.578536700693336
1273,CATBOOST_XGBOOST,"{""alpha"": 0.5, ""cat_depth"": 4, ""cat_iterations"": 300, ""cat_l2_leaf_reg"": 5, ""cat_learning_rate"": 0.03, ""xgb_colsample_bytree"": 0.8, ""xgb_learning_rate"": 0.05, ""xgb_max_depth"": 3, ""xgb_n_estimators"": 300, ""xgb_subsample"": 0.8}",0.5,4,300,5,0.03,0.8,0.05,3,300,0.8,0.9740924764485954,0.0126736282447768,0.01580910955375375,2.959298748439477,0.3564890882131447,0.03392651187523243,0.03957707092644419,5.873900831176192,0.6707813732928812,0.02485908430879917,0.03145192160085986,4.542013843397394
1274,CATBOOST_XGBOOST,"{""alpha"": 0.7, ""cat_depth"": 4, ""cat_iterations"": 500, ""cat_l2_leaf_reg"": 3, ""cat_learning_rate"": 0.05, ""xgb_colsample_bytree"": 1.0, ""xgb_learning_rate"": 0.03, ""xgb_max_depth"": 3, ""xgb_n_estimators"": 300, ""xgb_subsample"": 1.0}",0.7,4,500,3,0.05,1.0,0.03,3,300,1.0,0.9857299500771708,0.009460223458763916,0.01173294958201029,2.183905527396544,0.3562126754535007,0.03376746936930996,0.03958556995318908,5.854538123307669,0.6602669046649549,0.02511401340196879,0.03195022441684389,4.583431185361033
1275,CATBOOST_XGBOOST,"{""alpha"": 0.5, ""cat_depth"": 4, ""cat_iterations"": 300, ""cat_l2_leaf_reg"": 3, ""cat_learning_rate"": 0.03, ""xgb_colsample_bytree"": 1.0, ""xgb_learning_rate"": 0.03, ""xgb_max_depth"": 3, ""xgb_n_estimators"": 300, ""xgb_subsample"": 1.0}",0.5,4,300,3,0.03,1.0,0.03,3,300,1.0,0.9677776209714309,0.01408466380390548,0.01763085035007313,3.2936349999508,0.3561288171387363,0.03373174658762054,0.03958814803368668,5.83404437698334,0.6866093270843061,0.02474037070545032,0.03068654672920332,4.52323176638353
1276,CATBOOST_XGBOOST,"{""alpha"": 0.5, ""cat_depth"": 4, ""cat_iterations"": 500, ""cat_l2_leaf_reg"": 5, ""cat_learning_rate"": 0.03, ""xgb_colsample_bytree"": 0.8, ""xgb_learning_rate"": 0.03, ""xgb_max_depth"": 5, ""xgb_n_estimators"": 300, ""xgb_subsample"": 0.8}",0.5,4,500,5,0.03,0.8,0.03,5,300,0.8,0.9872178905601484,0.008849869463525246,0.01110441602141371,2.050321242613568,0.3561040427855369,0.03369066764760111,0.03958890964668774,5.817063701430171,0.6998192253692199,0.02391864984897992,0.03003284135205099,4.364107622267918
1277,CATBOOST_XGBOOST,"{""alpha"": 0.7, ""cat_depth"": 4, ""cat_iterations"": 500, ""cat_l2_leaf_reg"": 5, ""cat_learning_rate"": 0.05, ""xgb_colsample_bytree"": 0.8, ""xgb_learning_rate"": 0.05, ""xgb_max_depth"": 5, ""xgb_n_estimators"": 300, ""xgb_subsample"": 0.8}",0.7,4,500,5,0.05,0.8,0.05,5,300,0.8,0.991386658640775,0.007288619168302695,0.009115495643874654,1.679715825138131,0.3559362635991292,0.03347079965074734,0.03959406712775752,5.786210949620899,0.6667092979660664,0.02458270417112901,0.03164583679627866,4.474399484694553
1278,CATBOOST_XGBOOST,"{""alpha"": 0.7, ""cat_depth"": 6, ""cat_iterations"": 300, ""cat_l2_leaf_reg"": 5, ""cat_learning_rate"": 0.03, ""xgb_colsample_bytree"": 0.8, ""xgb_learning_rate"": 0.05, ""xgb_max_depth"": 3, ""xgb_n_estimators"": 300, ""xgb_subsample"": 1.0}",0.7,6,300,5,0.03,0.8,0.05,3,300,1.0,0.9749863491406738,0.01236128624164522,0.01553398924224028,2.862410103522494,0.3557688595617277,0.03379780503745185,0.03959921240739169,5.878825529248338,0.6957279584986178,0.02423515820639187,0.03023681265997854,4.44712885004412
1279,CATBOOST_XGBOOST,"{""alpha"": 0.5, ""cat_depth"": 4, ""cat_iterations"": 300, ""cat_l2_leaf_reg"": 3, ""cat_learning_rate"": 0.05, ""xgb_colsample_bytree"": 1.0, ""xgb_learning_rate"": 0.03, ""xgb_max_depth"": 3, ""xgb_n_estimators"": 500, ""xgb_subsample"": 1.0}",0.5,4,300,3,0.05,1.0,0.03,3,500,1.0,0.9826120285057414,0.01039630795359578,0.0129514656484084,2.405666929704787,0.355652794536525,0.03359448530769254,0.03960277935433668,5.828262294698836,0.682866013069387,0.02440520317518597,0.03086927137240345,4.46141489942526
1280,CATBOOST_XGBOOST,"{""alpha"": 0.7, ""cat_depth"": 4, ""cat_iterations"": 300, ""cat_l2_leaf_reg"": 3, ""cat_learning_rate"": 0.05, ""xgb_colsample_bytree"": 0.8, ""xgb_learning_rate"": 0.05, ""xgb_max_depth"": 5, ""xgb_n_estimators"": 300, ""xgb_subsample"": 0.8}",0.7,4,300,3,0.05,0.8,0.05,5,300,0.8,0.9857740029542695,0.009486929669658853,0.01171482526880225,2.192674642172293,0.3556501836856759,0.03374443265358269,0.03960285958813337,5.826562828891178,0.6673723624353112,0.02457163960947025,0.03161434225336829,4.469707834129126
1281,CATBOOST_XGBOOST,"{""alpha"": 0.7, ""cat_depth"": 4, ""cat_iterations"": 300, ""cat_l2_leaf_reg"": 3, ""cat_learning_rate"": 0.03, ""xgb_colsample_bytree"": 1.0, ""xgb_learning_rate"": 0.05, ""xgb_max_depth"": 3, ""xgb_n_estimators"": 500, ""xgb_subsample"": 0.8}",0.7,4,300,3,0.03,1.0,0.05,3,500,0.8,0.972824267273576,0.01297786659587265,0.01619142563463724,3.026562693795077,0.355546164258301,0.03360064707877125,0.03960605606653008,5.795793910097516,0.6685431027413413,0.02435943353780217,0.03155865714835557,4.430691363956207
1282,CATBOOST_XGBOOST,"{""alpha"": 0.7, ""cat_depth"": 4, ""cat_iterations"": 500, ""cat_l2_leaf_reg"": 5, ""cat_learning_rate"": 0.05, ""xgb_colsample_bytree"": 0.8, ""xgb_learning_rate"": 0.05, ""xgb_max_depth"": 5, ""xgb_n_estimators"": 500, ""xgb_subsample"": 0.8}",0.7,4,500,5,0.05,0.8,0.05,5,500,0.8,0.9922699770236287,0.006915316232583898,0.008635447548437992,1.594952359037193,0.3553489647986297,0.03349930677381772,0.0396121152247174,5.792508738337089,0.6673952137644672,0.02455727285602485,0.03161325629106788,4.469544866811502
1283,CATBOOST_XGBOOST,"{""alpha"": 0.3, ""cat_depth"": 4, ""cat_iterations"": 500, ""cat_l2_leaf_reg"": 5, ""cat_learning_rate"": 0.05, ""xgb_colsample_bytree"": 0.8, ""xgb_learning_rate"": 0.05, ""xgb_max_depth"": 3, ""xgb_n_estimators"": 500, ""xgb_subsample"": 1.0}",0.3,4,500,5,0.05,0.8,0.05,3,500,1.0,0.9927041455622189,0.006588331785752671,0.0083894316192748,1.51272164378841,0.3552841726528397,0.03321742124912953,0.03961410582840717,5.780144511801264,0.6769752000272253,0.02483759509069821,0.03115465297230222,4.548586425776174
1284,CATBOOST_XGBOOST,"{""alpha"": 0.7, ""cat_depth"": 4, ""cat_iterations"": 300, ""cat_l2_leaf_reg"": 3, ""cat_learning_rate"": 0.05, ""xgb_colsample_bytree"": 0.8, ""xgb_learning_rate"": 0.05, ""xgb_max_depth"": 5, ""xgb_n_estimators"": 500, ""xgb_subsample"": 0.8}",0.7,4,300,3,0.05,0.8,0.05,5,500,0.8,0.9868715326808882,0.0091196963978024,0.01125385906128464,2.109071698011462,0.3552515610336993,0.03378242155480803,0.03961510771461866,5.834317202302644,0.6682271528803385,0.02453975753361701,0.03157369466671289,4.463672222299468
1285,CATBOOST_XGBOOST,"{""alpha"": 0.7, ""cat_depth"": 4, ""cat_iterations"": 500, ""cat_l2_leaf_reg"": 5, ""cat_learning_rate"": 0.03, ""xgb_colsample_bytree"": 0.8, ""xgb_learning_rate"": 0.05, ""xgb_max_depth"": 5, ""xgb_n_estimators"": 500, ""xgb_subsample"": 1.0}",0.7,4,500,5,0.03,0.8,0.05,5,500,1.0,0.9841615823044352,0.009927905702889811,0.01236090743712655,2.307071982356086,0.3549069537684768,0.03322716323279388,0.03962569310688035,5.717855887776869,0.6669928608293001,0.02483842970542609,0.03163237183382323,4.518317035330384
1286,CATBOOST_XGBOOST,"{""alpha"": 0.5, ""cat_depth"": 4, ""cat_iterations"": 500, ""cat_l2_leaf_reg"": 5, ""cat_learning_rate"": 0.05, ""xgb_colsample_bytree"": 1.0, ""xgb_learning_rate"": 0.03, ""xgb_max_depth"": 3, ""xgb_n_estimators"": 500, ""xgb_subsample"": 1.0}",0.5,4,500,5,0.05,1.0,0.03,3,500,1.0,0.9871834385901349,0.008830050631218214,0.01111937096954763,2.038571549096286,0.3547786441071807,0.03332101031491697,0.03962963370622097,5.786401335911664,0.6824340282071817,0.0245263885039776,0.03089028854571823,4.485422328168021
1287,CATBOOST_XGBOOST,"{""alpha"": 0.7, ""cat_depth"": 4, ""cat_iterations"": 300, ""cat_l2_leaf_reg"": 3, ""cat_learning_rate"": 0.03, ""xgb_colsample_bytree"": 0.8, ""xgb_learning_rate"": 0.03, ""xgb_max_depth"": 5, ""xgb_n_estimators"": 500, ""xgb_subsample"": 0.8}",0.7,4,300,3,0.03,0.8,0.03,5,500,0.8,0.97608640679548,0.01216654264638757,0.01518856964089423,2.839389852808037,0.3545781499834508,0.03364195831398473,0.03963579042396302,5.789302049245329,0.6832381264456167,0.02413836055124041,0.03085115562194544,4.389948668421707
1288,CATBOOST_XGBOOST,"{""alpha"": 0.7, ""cat_depth"": 4, ""cat_iterations"": 500, ""cat_l2_leaf_reg"": 3, ""cat_learning_rate"": 0.03, ""xgb_colsample_bytree"": 1.0, ""xgb_learning_rate"": 0.03, ""xgb_max_depth"": 3, ""xgb_n_estimators"": 500, ""xgb_subsample"": 1.0}",0.7,4,500,3,0.03,1.0,0.03,3,500,1.0,0.9803722717684236,0.01107190054052093,0.0137603498653913,2.565417444251284,0.3542359196557957,0.03353905331065634,0.03964629732878104,5.812755585463498,0.6734638195203919,0.02433511510219228,0.03132352569405877,4.432893302922322
1289,CATBOOST_XGBOOST,"{""alpha"": 0.7, ""cat_depth"": 6, ""cat_iterations"": 500, ""cat_l2_leaf_reg"": 5, ""cat_learning_rate"": 0.03, ""xgb_colsample_bytree"": 0.8, ""xgb_learning_rate"": 0.03, ""xgb_max_depth"": 3, ""xgb_n_estimators"": 300, ""xgb_subsample"": 1.0}",0.7,6,500,5,0.03,0.8,0.03,3,300,1.0,0.9826839869183874,0.01027833564567076,0.01292463868002053,2.374559137367855,0.3537190535136158,0.03399320656855031,0.03966216049818613,5.918824650523997,0.6961237079173599,0.0241465166762236,0.03021714260674555,4.430125741028077
1290,CATBOOST_XGBOOST,"{""alpha"": 0.7, ""cat_depth"": 4, ""cat_iterations"": 500, ""cat_l2_leaf_reg"": 5, ""cat_learning_rate"": 0.03, ""xgb_colsample_bytree"": 0.8, ""xgb_learning_rate"": 0.05, ""xgb_max_depth"": 5, ""xgb_n_estimators"": 300, ""xgb_subsample"": 1.0}",0.7,4,500,5,0.03,0.8,0.05,5,300,1.0,0.9830828840101072,0.01025293266208721,0.01277490330904986,2.379899218440863,0.3535934786991232,0.03326421809453941,0.03966601356438105,5.724839580808754,0.6652765262770061,0.02491567860687532,0.03171378443813405,4.534725357842974
1291,CATBOOST_XGBOOST,"{""alpha"": 0.5, ""cat_depth"": 4, ""cat_iterations"": 300, ""cat_l2_leaf_reg"": 5, ""cat_learning_rate"": 0.05, ""xgb_colsample_bytree"": 0.8, ""xgb_learning_rate"": 0.03, ""xgb_max_depth"": 5, ""xgb_n_estimators"": 300, ""xgb_subsample"": 0.8}",0.5,4,300,5,0.05,0.8,0.03,5,300,0.8,0.9878773398136248,0.008557401779095185,0.01081417576503787,1.984186889311124,0.3535582122957797,0.03389736962312272,0.03966709559133155,5.855689580523885,0.6989453315787344,0.02393730754044924,0.03007652576139638,4.361058551218596
1292,CATBOOST_XGBOOST,"{""alpha"": 0.5, ""cat_depth"": 4, ""cat_iterations"": 500, ""cat_l2_leaf_reg"": 5, ""cat_learning_rate"": 0.03, ""xgb_colsample_bytree"": 1.0, ""xgb_learning_rate"": 0.05, ""xgb_max_depth"": 3, ""xgb_n_estimators"": 500, ""xgb_subsample"": 0.8}",0.5,4,500,5,0.03,1.0,0.05,3,500,0.8,0.9862145002197892,0.009222669612158162,0.01153202873978306,2.137545109418681,0.3532562633970531,0.03336857376088728,0.03967635863538097,5.782409669878093,0.6720762823465913,0.02455438041253664,0.03139000605032536,4.478689407703559
1293,CATBOOST_XGBOOST,"{""alpha"": 0.3, ""cat_depth"": 4, ""cat_iterations"": 300, ""cat_l2_leaf_reg"": 5, ""cat_learning_rate"": 0.03, ""xgb_colsample_bytree"": 0.8, ""xgb_learning_rate"": 0.05, ""xgb_max_depth"": 3, ""xgb_n_estimators"": 500, ""xgb_subsample"": 1.0}",0.3,4,300,5,0.03,0.8,0.05,3,500,1.0,0.9875795827534682,0.008732881939419887,0.01094617913243978,2.024173118812008,0.3531908969068512,0.03348488523751728,0.03967836363259473,5.812276471149737,0.6837896015136827,0.02451798786667765,0.03082428835017117,4.493845636648638
1294,CATBOOST_XGBOOST,"{""alpha"": 0.3, ""cat_depth"": 4, ""cat_iterations"": 500, ""cat_l2_leaf_reg"": 3, ""cat_learning_rate"": 0.05, ""xgb_colsample_bytree"": 0.8, ""xgb_learning_rate"": 0.05, ""xgb_max_depth"": 3, ""xgb_n_estimators"": 300, ""xgb_subsample"": 1.0}",0.3,4,500,3,0.05,0.8,0.05,3,300,1.0,0.9880850345628679,0.008481762267440797,0.01072113714781135,1.959316380722397,0.3531074070774992,0.03354079611848133,0.0396809243826661,5.836446713106346,0.6708516600636918,0.02514457244988835,0.03144856399617157,4.604858117036279
1295,CATBOOST_XGBOOST,"{""alpha"": 0.7, ""cat_depth"": 4, ""cat_iterations"": 500, ""cat_l2_leaf_reg"": 5, ""cat_learning_rate"": 0.05, ""xgb_colsample_bytree"": 1.0, ""xgb_learning_rate"": 0.03, ""xgb_max_depth"": 5, ""xgb_n_estimators"": 500, ""xgb_subsample"": 0.8}",0.7,4,500,5,0.05,1.0,0.03,5,500,0.8,0.9915439097341031,0.007211000287377783,0.009031902971131846,1.661768356131118,0.3530977998659364,0.03323008978033951,0.03968121903870662,5.733249785231933,0.6615641096293687,0.02488195361636743,0.03188916820922112,4.530670910389196
1296,CATBOOST_XGBOOST,"{""alpha"": 0.3, ""cat_depth"": 4, ""cat_iterations"": 300, ""cat_l2_leaf_reg"": 5, ""cat_learning_rate"": 0.05, ""xgb_colsample_bytree"": 1.0, ""xgb_learning_rate"": 0.03, ""xgb_max_depth"": 3, ""xgb_n_estimators"": 300, ""xgb_subsample"": 1.0}",0.3,4,300,5,0.05,1.0,0.03,3,300,1.0,0.9758125444066478,0.01209307201562876,0.01527529304952446,2.823955111629716,0.3530643611130658,0.03367845985773427,0.03968224459815771,5.846709145342036,0.6911311779695752,0.02476946928009438,0.03046435733515744,4.542338692029309
1297,CATBOOST_XGBOOST,"{""alpha"": 0.7, ""cat_depth"": 4, ""cat_iterations"": 300, ""cat_l2_leaf_reg"": 3, ""cat_learning_rate"": 0.03, ""xgb_colsample_bytree"": 1.0, ""xgb_learning_rate"": 0.05, ""xgb_max_depth"": 3, ""xgb_n_estimators"": 300, ""xgb_subsample"": 1.0}",0.7,4,300,3,0.03,1.0,0.05,3,300,1.0,0.968079997769314,0.01408206656731138,0.01754793086604539,3.288752251108281,0.3527523441709949,0.03368550582699188,0.03969181281431944,5.810178241600223,0.671727890092238,0.0245399768936765,0.03140667628682199,4.46586479196629
1298,CATBOOST_XGBOOST,"{""alpha"": 0.7, ""cat_depth"": 4, ""cat_iterations"": 300, ""cat_l2_leaf_reg"": 3, ""cat_learning_rate"": 0.03, ""xgb_colsample_bytree"": 1.0, ""xgb_learning_rate"": 0.05, ""xgb_max_depth"": 3, ""xgb_n_estimators"": 300, ""xgb_subsample"": 0.8}",0.7,4,300,3,0.03,1.0,0.05,3,300,0.8,0.9685443442445574,0.01395337385183092,0.01741982669003966,3.255675097602458,0.3526128664019097,0.03369650913282699,0.03969608925103927,5.812307864408452,0.6651484688649516,0.02453177940680498,0.03171985033599593,4.465223301273793
1299,CATBOOST_XGBOOST,"{""alpha"": 0.3, ""cat_depth"": 4, ""cat_iterations"": 300, ""cat_l2_leaf_reg"": 3, ""cat_learning_rate"": 0.03, ""xgb_colsample_bytree"": 0.8, ""xgb_learning_rate"": 0.05, ""xgb_max_depth"": 3, ""xgb_n_estimators"": 300, ""xgb_subsample"": 1.0}",0.3,4,300,3,0.03,0.8,0.05,3,300,1.0,0.9810409172848958,0.01075264250431143,0.01352393637430123,2.49664815016034,0.3525994138186501,0.03357761665502527,0.03969650168754276,5.82897590596516,0.6793290344130439,0.02476519736913542,0.03104093573770918,4.537402166001377
1300,CATBOOST_XGBOOST,"{""alpha"": 0.3, ""cat_depth"": 4, ""cat_iterations"": 500, ""cat_l2_leaf_reg"": 5, ""cat_learning_rate"": 0.03, ""xgb_colsample_bytree"": 1.0, ""xgb_learning_rate"": 0.03, ""xgb_max_depth"": 3, ""xgb_n_estimators"": 300, ""xgb_subsample"": 1.0}",0.3,4,500,5,0.03,1.0,0.03,3,300,1.0,0.9751996075697561,0.01226813579014996,0.01546762857192987,2.863484089473636,0.3524247129930754,0.03363340015738491,0.03970185736992531,5.839065980881151,0.6902162598511952,0.02480579748014025,0.03050944408463405,4.55326598398707
1301,CATBOOST_XGBOOST,"{""alpha"": 0.7, ""cat_depth"": 4, ""cat_iterations"": 500, ""cat_l2_leaf_reg"": 5, ""cat_learning_rate"": 0.05, ""xgb_colsample_bytree"": 1.0, ""xgb_learning_rate"": 0.03, ""xgb_max_depth"": 3, ""xgb_n_estimators"": 300, ""xgb_subsample"": 0.8}",0.7,4,500,5,0.05,1.0,0.03,3,300,0.8,0.9838403129998857,0.00994178711447643,0.01248564350192899,2.29671135136124,0.3523606515272487,0.03336970416783831,0.03970382107695118,5.772829580609119,0.6497551161764561,0.02516405927657892,0.03244074991438458,4.580744155545132
1302,CATBOOST_XGBOOST,"{""alpha"": 0.5, ""cat_depth"": 6, ""cat_iterations"": 300, ""cat_l2_leaf_reg"": 5, ""cat_learning_rate"": 0.03, ""xgb_colsample_bytree"": 0.8, ""xgb_learning_rate"": 0.03, ""xgb_max_depth"": 3, ""xgb_n_estimators"": 500, ""xgb_subsample"": 1.0}",0.5,6,300,5,0.03,0.8,0.03,3,500,1.0,0.9792221676954506,0.01129103477197813,0.0141577609994738,2.618546249463637,0.3522453210079401,0.03399907466284326,0.03970735611421719,5.916615136690923,0.7016828599032742,0.02416267568781939,0.02993946864666989,4.443990653336787
1303,CATBOOST_XGBOOST,"{""alpha"": 0.3, ""cat_depth"": 6, ""cat_iterations"": 500, ""cat_l2_leaf_reg"": 5, ""cat_learning_rate"": 0.03, ""xgb_colsample_bytree"": 0.8, ""xgb_learning_rate"": 0.03, ""xgb_max_depth"": 3, ""xgb_n_estimators"": 500, ""xgb_subsample"": 1.0}",0.3,6,500,5,0.03,0.8,0.03,3,500,1.0,0.9867494797703688,0.008940200346488472,0.01130605055197975,2.070872504224447,0.3517799344392533,0.03393886653083086,0.03972161764936717,5.916721554032762,0.6971048284390571,0.02429480050985323,0.03016832236620039,4.475807618805963
1304,CATBOOST_XGBOOST,"{""alpha"": 0.7, ""cat_depth"": 4, ""cat_iterations"": 300, ""cat_l2_leaf_reg"": 3, ""cat_learning_rate"": 0.05, ""xgb_colsample_bytree"": 0.8, ""xgb_learning_rate"": 0.03, ""xgb_max_depth"": 3, ""xgb_n_estimators"": 500, ""xgb_subsample"": 0.8}",0.7,4,300,3,0.05,0.8,0.03,3,500,0.8,0.9795373594847989,0.01134920990747753,0.01404996672115048,2.624422604511453,0.3517368519457923,0.03374457421461403,0.03972293763156918,5.833601294855289,0.6478122655082617,0.02515118277303232,0.03253060186056256,4.576340510906731
1305,CATBOOST_XGBOOST,"{""alpha"": 0.7, ""cat_depth"": 4, ""cat_iterations"": 500, ""cat_l2_leaf_reg"": 5, ""cat_learning_rate"": 0.05, ""xgb_colsample_bytree"": 1.0, ""xgb_learning_rate"": 0.03, ""xgb_max_depth"": 5, ""xgb_n_estimators"": 300, ""xgb_subsample"": 0.8}",0.7,4,500,5,0.05,1.0,0.03,5,300,0.8,0.989984706143672,0.007821328367836436,0.00982938410445236,1.800844643405504,0.3516618922448148,0.03327749590194726,0.03972523417847609,5.741326280137692,0.6611125228773125,0.02489764614137995,0.03191043652866094,4.533988121889857
1306,CATBOOST_XGBOOST,"{""alpha"": 0.7, ""cat_depth"": 4, ""cat_iterations"": 500, ""cat_l2_leaf_reg"": 5, ""cat_learning_rate"": 0.05, ""xgb_colsample_bytree"": 0.8, ""xgb_learning_rate"": 0.03, ""xgb_max_depth"": 3, ""xgb_n_estimators"": 500, ""xgb_subsample"": 0.8}",0.7,4,500,5,0.05,0.8,0.03,3,500,0.8,0.9864016180897721,0.009149496957721522,0.01145349617967097,2.110359834978349,0.3516570291757514,0.03342911149239854,0.0397253831641618,5.785983807622223,0.6477346836519298,0.02521920627779997,0.03253418467344869,4.59352299120995
1307,CATBOOST_XGBOOST,"{""alpha"": 0.7, ""cat_depth"": 4, ""cat_iterations"": 300, ""cat_l2_leaf_reg"": 3, ""cat_learning_rate"": 0.05, ""xgb_colsample_bytree"": 1.0, ""xgb_learning_rate"": 0.03, ""xgb_max_depth"": 3, ""xgb_n_estimators"": 300, ""xgb_subsample"": 0.8}",0.7,4,300,3,0.05,1.0,0.03,3,300,0.8,0.976219857722537,0.01219160803594217,0.01514613008690063,2.823937705239425,0.3515734637199526,0.03366806227973375,0.03972794320023718,5.817662801131677,0.6491928264286116,0.0251567553266362,0.03246677996742783,4.573569038254369
1308,CATBOOST_XGBOOST,"{""alpha"": 0.7, ""cat_depth"": 4, ""cat_iterations"": 500, ""cat_l2_leaf_reg"": 3, ""cat_learning_rate"": 0.05, ""xgb_colsample_bytree"": 0.8, ""xgb_learning_rate"": 0.05, ""xgb_max_depth"": 3, ""xgb_n_estimators"": 500, ""xgb_subsample"": 1.0}",0.7,4,500,3,0.05,0.8,0.05,3,500,1.0,0.9906351749846484,0.007678335388767186,0.009504828643488415,1.760941971639089,0.3515577984613031,0.03366149616879571,0.03972842308863798,5.840519710083985,0.650877702830706,0.02516943249697914,0.03238871948887324,4.593975982810862
1309,CATBOOST_XGBOOST,"{""alpha"": 0.7, ""cat_depth"": 4, ""cat_iterations"": 300, ""cat_l2_leaf_reg"": 5, ""cat_learning_rate"": 0.05, ""xgb_colsample_bytree"": 0.8, ""xgb_learning_rate"": 0.05, ""xgb_max_depth"": 5, ""xgb_n_estimators"": 500, ""xgb_subsample"": 1.0}",0.7,4,300,5,0.05,0.8,0.05,5,500,1.0,0.9851745673122949,0.009555535685333702,0.0119590903479247,2.224861659171844,0.3514824902292567,0.03338671746028914,0.03973072999466269,5.746288190865131,0.6659087886276587,0.02479661318334239,0.03168381804608161,4.504058089900928
1310,CATBOOST_XGBOOST,"{""alpha"": 0.7, ""cat_depth"": 4, ""cat_iterations"": 300, ""cat_l2_leaf_reg"": 3, ""cat_learning_rate"": 0.05, ""xgb_colsample_bytree"": 1.0, ""xgb_learning_rate"": 0.03, ""xgb_max_depth"": 5, ""xgb_n_estimators"": 500, ""xgb_subsample"": 0.8}",0.7,4,300,3,0.05,1.0,0.03,5,500,0.8,0.9859753306769693,0.009410827609550601,0.01163163520633188,2.175312297095029,0.3514684492094801,0.03357631583026323,0.03973116009634667,5.785878782415816,0.6618177330569659,0.0248080596704689,0.03187721711863508,4.515946517117851
1311,CATBOOST_XGBOOST,"{""alpha"": 0.5, ""cat_depth"": 4, ""cat_iterations"": 300, ""cat_l2_leaf_reg"": 5, ""cat_learning_rate"": 0.03, ""xgb_colsample_bytree"": 1.0, ""xgb_learning_rate"": 0.05, ""xgb_max_depth"": 3, ""xgb_n_estimators"": 500, ""xgb_subsample"": 0.8}",0.5,4,300,5,0.03,1.0,0.05,3,500,0.8,0.9807739535630066,0.01088636375401148,0.01361881911708613,2.542512683771734,0.3513101064865465,0.03368467011485855,0.03973601009640421,5.819692044731637,0.6772867518944525,0.02442865681340365,0.03113962528429808,4.462462109101229
1312,CATBOOST_XGBOOST,"{""alpha"": 0.5, ""cat_depth"": 4, ""cat_iterations"": 500, ""cat_l2_leaf_reg"": 5, ""cat_learning_rate"": 0.03, ""xgb_colsample_bytree"": 1.0, ""xgb_learning_rate"": 0.05, ""xgb_max_depth"": 3, ""xgb_n_estimators"": 300, ""xgb_subsample"": 0.8}",0.5,4,500,5,0.03,1.0,0.05,3,300,0.8,0.9808164833072871,0.01084088177992336,0.01360374775115406,2.518072055416166,0.3511712501512599,0.0335091056576458,0.03974026274590453,5.806186005443986,0.6685557392404462,0.02465687028496439,0.03155805556976864,4.502645639698008
1313,CATBOOST_XGBOOST,"{""alpha"": 0.5, ""cat_depth"": 6, ""cat_iterations"": 500, ""cat_l2_leaf_reg"": 5, ""cat_learning_rate"": 0.03, ""xgb_colsample_bytree"": 0.8, ""xgb_learning_rate"": 0.03, ""xgb_max_depth"": 3, ""xgb_n_estimators"": 300, ""xgb_subsample"": 1.0}",0.5,6,500,5,0.03,0.8,0.03,3,300,1.0,0.9813803523409235,0.01065107593969659,0.0134023263062886,2.465983360556204,0.3511417050555563,0.03409877896899087,0.03974116754281773,5.933247919096252,0.697967761988595,0.02432257512356574,0.03012531767633004,4.466879727876421
1314,CATBOOST_XGBOOST,"{""alpha"": 0.7, ""cat_depth"": 4, ""cat_iterations"": 300, ""cat_l2_leaf_reg"": 3, ""cat_learning_rate"": 0.03, ""xgb_colsample_bytree"": 0.8, ""xgb_learning_rate"": 0.03, ""xgb_max_depth"": 5, ""xgb_n_estimators"": 300, ""xgb_subsample"": 0.8}",0.7,4,300,3,0.03,0.8,0.03,5,300,0.8,0.9735327241425941,0.01279347611814098,0.01597898099302117,2.982852501086019,0.3510370312808305,0.03371097520512583,0.03974437293473277,5.800434566881322,0.6815864223404318,0.02419831433182484,0.03093148524887897,4.401130962526244
1315,CATBOOST_XGBOOST,"{""alpha"": 0.5, ""cat_depth"": 4, ""cat_iterations"": 300, ""cat_l2_leaf_reg"": 5, ""cat_learning_rate"": 0.03, ""xgb_colsample_bytree"": 0.8, ""xgb_learning_rate"": 0.03, ""xgb_max_depth"": 5, ""xgb_n_estimators"": 500, ""xgb_subsample"": 0.8}",0.5,4,300,5,0.03,0.8,0.03,5,500,0.8,0.9853049278522672,0.009517838299828748,0.01190639590960505,2.227288479045181,0.3508379011587265,0.03384520331726085,0.03975047011993195,5.826728818124326,0.702414865523269,0.02396679887040561,0.02990271360132741,4.376878431821464
1316,CATBOOST_XGBOOST,"{""alpha"": 0.3, ""cat_depth"": 6, ""cat_iterations"": 300, ""cat_l2_leaf_reg"": 5, ""cat_learning_rate"": 0.03, ""xgb_colsample_bytree"": 0.8, ""xgb_learning_rate"": 0.03, ""xgb_max_depth"": 3, ""xgb_n_estimators"": 500, ""xgb_subsample"": 1.0}",0.3,6,300,5,0.03,0.8,0.03,3,500,1.0,0.9829099969665048,0.01021527975411306,0.01284001491251889,2.369924316922591,0.3504334591704343,0.03398838131832994,0.03976285089195897,5.919143688690463,0.6992277151455799,0.02428155422897003,0.03006241684689669,4.473560504599622
1317,CATBOOST_XGBOOST,"{""alpha"": 0.5, ""cat_depth"": 4, ""cat_iterations"": 500, ""cat_l2_leaf_reg"": 3, ""cat_learning_rate"": 0.05, ""xgb_colsample_bytree"": 0.8, ""xgb_learning_rate"": 0.05, ""xgb_max_depth"": 3, ""xgb_n_estimators"": 300, ""xgb_subsample"": 1.0}",0.5,4,500,3,0.05,0.8,0.05,3,300,1.0,0.9882840899829802,0.008504077028412594,0.01063120449291391,1.960612907603963,0.3503940323894984,0.03371289838135683,0.03976405761777123,5.856925022548055,0.6621931771980858,0.02514791971961821,0.03185951743548127,4.5922502520296
1318,CATBOOST_XGBOOST,"{""alpha"": 0.5, ""cat_depth"": 4, ""cat_iterations"": 300, ""cat_l2_leaf_reg"": 5, ""cat_learning_rate"": 0.05, ""xgb_colsample_bytree"": 1.0, ""xgb_learning_rate"": 0.05, ""xgb_max_depth"": 3, ""xgb_n_estimators"": 500, ""xgb_subsample"": 0.8}",0.5,4,300,5,0.05,1.0,0.05,3,500,0.8,0.9869038442437306,0.00897663465191283,0.01124000162533804,2.080904144576151,0.3503878843281365,0.03351894914264844,0.03976424578667668,5.808657145705849,0.671654432494871,0.02462977453128573,0.03141019003328905,4.490903911168929
1319,CATBOOST_XGBOOST,"{""alpha"": 0.3, ""cat_depth"": 4, ""cat_iterations"": 500, ""cat_l2_leaf_reg"": 3, ""cat_learning_rate"": 0.03, ""xgb_colsample_bytree"": 0.8, ""xgb_learning_rate"": 0.05, ""xgb_max_depth"": 3, ""xgb_n_estimators"": 300, ""xgb_subsample"": 1.0}",0.3,4,500,3,0.03,0.8,0.05,3,300,1.0,0.9848978087448224,0.009559554769439723,0.01207019930164511,2.211796949952594,0.3502418017476342,0.03356173501370992,0.03976871656005315,5.836866225235582,0.6756131013550151,0.0249398976538642,0.03122026878702103,4.565303686796359
1320,CATBOOST_XGBOOST,"{""alpha"": 0.3, ""cat_depth"": 4, ""cat_iterations"": 500, ""cat_l2_leaf_reg"": 5, ""cat_learning_rate"": 0.03, ""xgb_colsample_bytree"": 0.8, ""xgb_learning_rate"": 0.05, ""xgb_max_depth"": 3, ""xgb_n_estimators"": 500, ""xgb_subsample"": 1.0}",0.3,4,500,5,0.03,0.8,0.05,3,500,1.0,0.9900397933164625,0.007769830583948197,0.009802314524180126,1.789814839048242,0.3501439411893494,0.03339970037393365,0.03977171124506831,5.807606725173858,0.6786183838189523,0.02473131964129136,0.03107531217606955,4.52923435042987
1321,CATBOOST_XGBOOST,"{""alpha"": 0.7, ""cat_depth"": 4, ""cat_iterations"": 500, ""cat_l2_leaf_reg"": 5, ""cat_learning_rate"": 0.05, ""xgb_colsample_bytree"": 0.8, ""xgb_learning_rate"": 0.03, ""xgb_max_depth"": 5, ""xgb_n_estimators"": 500, ""xgb_subsample"": 1.0}",0.7,4,500,5,0.05,0.8,0.03,5,500,1.0,0.9912414467618168,0.007332613827451849,0.009192013325987881,1.689047034733266,0.3501348021415256,0.03315507036499171,0.03977199090260807,5.715300963340263,0.6666232046919731,0.02462165393058743,0.03164992379565244,4.478966061445028
1322,CATBOOST_XGBOOST,"{""alpha"": 0.7, ""cat_depth"": 4, ""cat_iterations"": 300, ""cat_l2_leaf_reg"": 5, ""cat_learning_rate"": 0.05, ""xgb_colsample_bytree"": 0.8, ""xgb_learning_rate"": 0.05, ""xgb_max_depth"": 5, ""xgb_n_estimators"": 300, ""xgb_subsample"": 1.0}",0.7,4,300,5,0.05,0.8,0.05,5,300,1.0,0.9841233958442275,0.0098759517653593,0.012375799553928,2.296891111158351,0.3500378613422895,0.03342377232203467,0.03977495719840744,5.753271883897016,0.6642713828776765,0.02486737479216347,0.03176136551418521,4.518443853768448
1323,CATBOOST_XGBOOST,"{""alpha"": 0.5, ""cat_depth"": 4, ""cat_iterations"": 300, ""cat_l2_leaf_reg"": 5, ""cat_learning_rate"": 0.05, ""xgb_colsample_bytree"": 1.0, ""xgb_learning_rate"": 0.05, ""xgb_max_depth"": 3, ""xgb_n_estimators"": 300, ""xgb_subsample"": 0.8}",0.5,4,300,5,0.05,1.0,0.05,3,300,0.8,0.9816614267252388,0.01054670449555623,0.01330078369216855,2.451097105871054,0.3497797670649699,0.03357738671689856,0.03978285355830405,5.817596602928227,0.6691187662305238,0.0246946103756664,0.03153124021763148,4.506414288705201
1324,CATBOOST_XGBOOST,"{""alpha"": 0.7, ""cat_depth"": 4, ""cat_iterations"": 500, ""cat_l2_leaf_reg"": 5, ""cat_learning_rate"": 0.05, ""xgb_colsample_bytree"": 1.0, ""xgb_learning_rate"": 0.05, ""xgb_max_depth"": 5, ""xgb_n_estimators"": 500, ""xgb_subsample"": 0.8}",0.7,4,500,5,0.05,1.0,0.05,5,500,0.8,0.9922820024449882,0.006904394901623149,0.00862872794912712,1.592216142668225,0.3497112577711395,0.03326374070770645,0.03978494932776633,5.742073666321635,0.6614655591898566,0.02492609243889798,0.03189381083561259,4.537908786400242
1325,CATBOOST_XGBOOST,"{""alpha"": 0.7, ""cat_depth"": 4, ""cat_iterations"": 500, ""cat_l2_leaf_reg"": 5, ""cat_learning_rate"": 0.05, ""xgb_colsample_bytree"": 0.8, ""xgb_learning_rate"": 0.03, ""xgb_max_depth"": 3, ""xgb_n_estimators"": 300, ""xgb_subsample"": 0.8}",0.7,4,500,5,0.05,0.8,0.03,3,300,0.8,0.9835903281575097,0.01003289122701918,0.01258184719198143,2.318970878099668,0.3496553252476106,0.0335484211238519,0.03978666027908841,5.804502192496885,0.6495772719002986,0.02518702966594621,0.0324489851088939,4.585363278456144
1326,CATBOOST_XGBOOST,"{""alpha"": 0.7, ""cat_depth"": 4, ""cat_iterations"": 300, ""cat_l2_leaf_reg"": 3, ""cat_learning_rate"": 0.05, ""xgb_colsample_bytree"": 1.0, ""xgb_learning_rate"": 0.03, ""xgb_max_depth"": 5, ""xgb_n_estimators"": 300, ""xgb_subsample"": 0.8}",0.7,4,300,3,0.05,1.0,0.03,5,300,0.8,0.984009575024223,0.01002421159378876,0.01242008194615699,2.315119859601759,0.3496480877372398,0.03362132094218829,0.0397868816659748,5.79356363764776,0.6609258824163655,0.02484004445217511,0.03191922257002008,4.522151156518173
1327,CATBOOST_XGBOOST,"{""alpha"": 0.7, ""cat_depth"": 4, ""cat_iterations"": 500, ""cat_l2_leaf_reg"": 5, ""cat_learning_rate"": 0.05, ""xgb_colsample_bytree"": 0.8, ""xgb_learning_rate"": 0.03, ""xgb_max_depth"": 5, ""xgb_n_estimators"": 300, ""xgb_subsample"": 1.0}",0.7,4,500,5,0.05,0.8,0.03,5,300,1.0,0.9900089804104746,0.007816001975325358,0.009817465041132518,1.801013604960298,0.3492702781300214,0.03322233516798597,0.03979843670515112,5.726463404204677,0.6671041518756003,0.02460250257367501,0.03162708561992128,4.476095263306281
1328,CATBOOST_XGBOOST,"{""alpha"": 0.7, ""cat_depth"": 4, ""cat_iterations"": 500, ""cat_l2_leaf_reg"": 3, ""cat_learning_rate"": 0.03, ""xgb_colsample_bytree"": 1.0, ""xgb_learning_rate"": 0.03, ""xgb_max_depth"": 3, ""xgb_n_estimators"": 300, ""xgb_subsample"": 1.0}",0.7,4,500,3,0.03,1.0,0.03,3,300,1.0,0.9764912386859477,0.01208339330750992,0.01505945765034333,2.807258995850406,0.3490881953164361,0.03379216828015599,0.0398040043811266,5.851877738392208,0.6704986419321647,0.02455507434712546,0.03146542408141901,4.46780634093204
1329,CATBOOST_XGBOOST,"{""alpha"": 0.3, ""cat_depth"": 4, ""cat_iterations"": 300, ""cat_l2_leaf_reg"": 5, ""cat_learning_rate"": 0.03, ""xgb_colsample_bytree"": 1.0, ""xgb_learning_rate"": 0.03, ""xgb_max_depth"": 3, ""xgb_n_estimators"": 300, ""xgb_subsample"": 1.0}",0.3,4,300,5,0.03,1.0,0.03,3,300,1.0,0.9708747136336909,0.01330109527720236,0.01676214373073997,3.114734777737556,0.3490778590586048,0.03383459881883306,0.03980432041689038,5.863683186723871,0.6909925151382962,0.02492068416566675,0.03047119486574881,4.577250165268794
1330,CATBOOST_XGBOOST,"{""alpha"": 0.5, ""cat_depth"": 4, ""cat_iterations"": 500, ""cat_l2_leaf_reg"": 5, ""cat_learning_rate"": 0.03, ""xgb_colsample_bytree"": 1.0, ""xgb_learning_rate"": 0.05, ""xgb_max_depth"": 3, ""xgb_n_estimators"": 300, ""xgb_subsample"": 1.0}",0.5,4,500,5,0.03,1.0,0.05,3,300,1.0,0.9802567615845981,0.01100688293397593,0.01380078064947205,2.560457319328081,0.3489939848786456,0.03351340896188921,0.03980688481513702,5.807046551033806,0.6781017418869408,0.02455839153228858,0.03110027994243354,4.483992917476097
1331,CATBOOST_XGBOOST,"{""alpha"": 0.7, ""cat_depth"": 4, ""cat_iterations"": 300, ""cat_l2_leaf_reg"": 3, ""cat_learning_rate"": 0.05, ""xgb_colsample_bytree"": 0.8, ""xgb_learning_rate"": 0.03, ""xgb_max_depth"": 5, ""xgb_n_estimators"": 500, ""xgb_subsample"": 1.0}",0.7,4,300,3,0.05,0.8,0.03,5,500,1.0,0.9855736444586186,0.009549789978277061,0.0117970324456195,2.206932624170991,0.3488798223750081,0.03350583213610978,0.03981037499365452,5.76866980275881,0.6661015324487225,0.02458118373474021,0.03167467721717858,4.470324859500312
1332,CATBOOST_XGBOOST,"{""alpha"": 0.5, ""cat_depth"": 4, ""cat_iterations"": 300, ""cat_l2_leaf_reg"": 5, ""cat_learning_rate"": 0.05, ""xgb_colsample_bytree"": 1.0, ""xgb_learning_rate"": 0.05, ""xgb_max_depth"": 3, ""xgb_n_estimators"": 300, ""xgb_subsample"": 1.0}",0.5,4,300,5,0.05,1.0,0.05,3,300,1.0,0.9811372262229999,0.01071498386391143,0.01348954298420718,2.493887780009797,0.348863200243488,0.03362737626724297,0.03981088314029821,5.827355338953994,0.6784990648872644,0.02457069068699426,0.03108108028596389,4.483620528229011
1333,CATBOOST_XGBOOST,"{""alpha"": 0.7, ""cat_depth"": 4, ""cat_iterations"": 300, ""cat_l2_leaf_reg"": 3, ""cat_learning_rate"": 0.05, ""xgb_colsample_bytree"": 1.0, ""xgb_learning_rate"": 0.05, ""xgb_max_depth"": 5, ""xgb_n_estimators"": 500, ""xgb_subsample"": 0.8}",0.7,4,300,3,0.05,1.0,0.05,5,500,0.8,0.9868882960409644,0.009108289762274234,0.01124667190276839,2.106306453209574,0.3488624178380808,0.03346693969786201,0.03981090705865215,5.769846643403136,0.661839737134593,0.02486359994791422,0.03187618004449091,4.525340246450324
1334,CATBOOST_XGBOOST,"{""alpha"": 0.3, ""cat_depth"": 4, ""cat_iterations"": 300, ""cat_l2_leaf_reg"": 5, ""cat_learning_rate"": 0.05, ""xgb_colsample_bytree"": 0.8, ""xgb_learning_rate"": 0.05, ""xgb_max_depth"": 3, ""xgb_n_estimators"": 500, ""xgb_subsample"": 1.0}",0.3,4,300,5,0.05,0.8,0.05,3,500,1.0,0.9904017946278968,0.007617965220125782,0.009622534510949755,1.756251110580871,0.3488172642184638,0.03344422304625273,0.03981228739319293,5.815970624871768,0.6791320154278899,0.02473372679992673,0.0310504699881458,4.528590696006432
1335,CATBOOST_XGBOOST,"{""alpha"": 0.7, ""cat_depth"": 4, ""cat_iterations"": 500, ""cat_l2_leaf_reg"": 5, ""cat_learning_rate"": 0.03, ""xgb_colsample_bytree"": 1.0, ""xgb_learning_rate"": 0.03, ""xgb_max_depth"": 5, ""xgb_n_estimators"": 500, ""xgb_subsample"": 1.0}",0.7,4,500,5,0.03,1.0,0.03,5,500,1.0,0.9830245710810184,0.01026827300164111,0.01279690177455404,2.385938947655829,0.3485423291974177,0.03329061045442681,0.03982069105345802,5.73022395266985,0.6700337762555963,0.02472595013277104,0.03148761221488639,4.50772342331628
1336,CATBOOST_XGBOOST,"{""alpha"": 0.7, ""cat_depth"": 4, ""cat_iterations"": 500, ""cat_l2_leaf_reg"": 5, ""cat_learning_rate"": 0.05, ""xgb_colsample_bytree"": 1.0, ""xgb_learning_rate"": 0.05, ""xgb_max_depth"": 5, ""xgb_n_estimators"": 300, ""xgb_subsample"": 0.8}",0.7,4,500,5,0.05,1.0,0.05,5,300,0.8,0.9914668411687416,0.007239573676642489,0.009072967870237987,1.668273242526316,0.3483088608787737,0.03327294441095949,0.03982782585085481,5.742379360278901,0.6603157823581152,0.0249497384987546,0.03194792598101289,4.541178821316809
1337,CATBOOST_XGBOOST,"{""alpha"": 0.7, ""cat_depth"": 4, ""cat_iterations"": 300, ""cat_l2_leaf_reg"": 3, ""cat_learning_rate"": 0.05, ""xgb_colsample_bytree"": 0.8, ""xgb_learning_rate"": 0.03, ""xgb_max_depth"": 3, ""xgb_n_estimators"": 300, ""xgb_subsample"": 0.8}",0.7,4,300,3,0.05,0.8,0.03,3,300,0.8,0.9758860832879979,0.01228228297791577,0.01525205407977807,2.845828788456593,0.3482855823779432,0.03388688030401528,0.03982853717232469,5.855864300021202,0.6483169930153894,0.02522369919386841,0.03250728336473364,4.586158407712848
1338,CATBOOST_XGBOOST,"{""alpha"": 0.7, ""cat_depth"": 4, ""cat_iterations"": 500, ""cat_l2_leaf_reg"": 3, ""cat_learning_rate"": 0.03, ""xgb_colsample_bytree"": 0.8, ""xgb_learning_rate"": 0.05, ""xgb_max_depth"": 3, ""xgb_n_estimators"": 500, ""xgb_subsample"": 1.0}",0.7,4,500,3,0.03,0.8,0.05,3,500,1.0,0.9833743904712644,0.01021673410446742,0.01266435997178645,2.362422721882734,0.3482116843002375,0.03366919692808638,0.03983079519272899,5.835086678902809,0.6635592181418462,0.02455976250337517,0.0317950345860432,4.469077132605954
1339,CATBOOST_XGBOOST,"{""alpha"": 0.7, ""cat_depth"": 4, ""cat_iterations"": 500, ""cat_l2_leaf_reg"": 5, ""cat_learning_rate"": 0.03, ""xgb_colsample_bytree"": 1.0, ""xgb_learning_rate"": 0.05, ""xgb_max_depth"": 5, ""xgb_n_estimators"": 500, ""xgb_subsample"": 1.0}",0.7,4,500,5,0.03,1.0,0.05,5,500,1.0,0.9841307923160744,0.009940981682785888,0.01237291644631444,2.309720290243407,0.3482036722191826,0.03345234671637623,0.03983104000118227,5.758188527731713,0.6710644884826917,0.02467826529535795,0.03143839497867119,4.497603080507689
1340,CATBOOST_XGBOOST,"{""alpha"": 0.7, ""cat_depth"": 6, ""cat_iterations"": 300, ""cat_l2_leaf_reg"": 5, ""cat_learning_rate"": 0.03, ""xgb_colsample_bytree"": 0.8, ""xgb_learning_rate"": 0.03, ""xgb_max_depth"": 3, ""xgb_n_estimators"": 500, ""xgb_subsample"": 1.0}",0.7,6,300,5,0.03,0.8,0.03,3,500,1.0,0.9748000898862521,0.01243495532547982,0.01559171738120232,2.882322684515707,0.3478783982271676,0.03406348865573589,0.03984097745007536,5.92451578689781,0.6974253417195443,0.02420358536969028,0.03015235659953616,4.443695242659298
1341,CATBOOST_XGBOOST,"{""alpha"": 0.5, ""cat_depth"": 4, ""cat_iterations"": 500, ""cat_l2_leaf_reg"": 5, ""cat_learning_rate"": 0.05, ""xgb_colsample_bytree"": 1.0, ""xgb_learning_rate"": 0.03, ""xgb_max_depth"": 3, ""xgb_n_estimators"": 300, ""xgb_subsample"": 1.0}",0.5,4,500,5,0.05,1.0,0.03,3,300,1.0,0.9819230749008669,0.0104827511246407,0.0132055574064824,2.433151417013578,0.3477224868073643,0.03371603265832258,0.03984573982270015,5.847227565569451,0.6785736216307059,0.02481726644179033,0.03107747619303884,4.531862637328347
1342,CATBOOST_XGBOOST,"{""alpha"": 0.5, ""cat_depth"": 4, ""cat_iterations"": 300, ""cat_l2_leaf_reg"": 5, ""cat_learning_rate"": 0.03, ""xgb_colsample_bytree"": 1.0, ""xgb_learning_rate"": 0.05, ""xgb_max_depth"": 3, ""xgb_n_estimators"": 300, ""xgb_subsample"": 0.8}",0.5,4,300,5,0.03,1.0,0.05,3,300,0.8,0.9744805781314837,0.01251196320534737,0.01569025037823989,2.924440207490858,0.3476659683536095,0.03384443676005934,0.03984746605944516,5.847214681848516,0.672298994851354,0.02469473178480706,0.0313793448296042,4.51627519324246
1343,CATBOOST_XGBOOST,"{""alpha"": 0.7, ""cat_depth"": 4, ""cat_iterations"": 300, ""cat_l2_leaf_reg"": 3, ""cat_learning_rate"": 0.05, ""xgb_colsample_bytree"": 0.8, ""xgb_learning_rate"": 0.03, ""xgb_max_depth"": 5, ""xgb_n_estimators"": 300, ""xgb_subsample"": 1.0}",0.7,4,300,3,0.05,0.8,0.03,5,300,1.0,0.9840071573658766,0.01003648333220816,0.01242102083239409,2.319794312413124,0.3475125483636675,0.03357434479118337,0.0398521515718828,5.780035786484732,0.6660594317981332,0.02461871799728458,0.03167667405546157,4.477416792960626
1344,CATBOOST_XGBOOST,"{""alpha"": 0.7, ""cat_depth"": 4, ""cat_iterations"": 300, ""cat_l2_leaf_reg"": 3, ""cat_learning_rate"": 0.05, ""xgb_colsample_bytree"": 1.0, ""xgb_learning_rate"": 0.05, ""xgb_max_depth"": 5, ""xgb_n_estimators"": 300, ""xgb_subsample"": 0.8}",0.7,4,300,3,0.05,1.0,0.05,5,300,0.8,0.9858826176296979,0.00943754366864613,0.01167001856966127,2.181439555989219,0.3474408964151613,0.03348582836172306,0.03985433966447886,5.772735803876298,0.6606332459103347,0.02489979150367574,0.03193299347552944,4.530876720453644
1345,CATBOOST_XGBOOST,"{""alpha"": 0.7, ""cat_depth"": 4, ""cat_iterations"": 300, ""cat_l2_leaf_reg"": 3, ""cat_learning_rate"": 0.03, ""xgb_colsample_bytree"": 1.0, ""xgb_learning_rate"": 0.03, ""xgb_max_depth"": 3, ""xgb_n_estimators"": 500, ""xgb_subsample"": 1.0}",0.7,4,300,3,0.03,1.0,0.03,3,500,1.0,0.9683173431918655,0.01402152595585485,0.01748256915082887,3.272904328754486,0.3471237139127878,0.03378775182691263,0.03986402427649917,5.83038725512983,0.6743283693294371,0.02448840814070062,0.03128203152196542,4.456937330233115
1346,CATBOOST_XGBOOST,"{""alpha"": 0.7, ""cat_depth"": 4, ""cat_iterations"": 500, ""cat_l2_leaf_reg"": 5, ""cat_learning_rate"": 0.03, ""xgb_colsample_bytree"": 1.0, ""xgb_learning_rate"": 0.05, ""xgb_max_depth"": 5, ""xgb_n_estimators"": 300, ""xgb_subsample"": 1.0}",0.7,4,500,5,0.03,1.0,0.05,5,300,1.0,0.9829676225135688,0.01028504904541775,0.01281834909825579,2.388916684940613,0.346533989821636,0.03344713251166493,0.03988202421744169,5.756222832324676,0.6702997584422814,0.02470764958409452,0.03147491874536386,4.503309620411546
1347,CATBOOST_XGBOOST,"{""alpha"": 0.5, ""cat_depth"": 4, ""cat_iterations"": 300, ""cat_l2_leaf_reg"": 3, ""cat_learning_rate"": 0.05, ""xgb_colsample_bytree"": 1.0, ""xgb_learning_rate"": 0.03, ""xgb_max_depth"": 3, ""xgb_n_estimators"": 300, ""xgb_subsample"": 1.0}",0.5,4,300,3,0.05,1.0,0.03,3,300,1.0,0.9763242135452852,0.01209642724562691,0.01511286021177773,2.811989558683953,0.3464874462238364,0.03401634198791655,0.03988344450542426,5.893465595800547,0.6773769506404395,0.02493113013917661,0.03113527319857229,4.552773687200205
1348,CATBOOST_XGBOOST,"{""alpha"": 0.5, ""cat_depth"": 4, ""cat_iterations"": 300, ""cat_l2_leaf_reg"": 3, ""cat_learning_rate"": 0.03, ""xgb_colsample_bytree"": 0.8, ""xgb_learning_rate"": 0.05, ""xgb_max_depth"": 3, ""xgb_n_estimators"": 300, ""xgb_subsample"": 1.0}",0.5,4,300,3,0.03,0.8,0.05,3,300,1.0,0.9751806801369971,0.01238915320068509,0.01547352982255422,2.884419022509212,0.3464681941949115,0.03384424194268825,0.03988403197047593,5.856104457048078,0.6740362681823022,0.02473438268183595,0.03129605710547736,4.513805263178643
1349,CATBOOST_XGBOOST,"{""alpha"": 0.5, ""cat_depth"": 4, ""cat_iterations"": 500, ""cat_l2_leaf_reg"": 3, ""cat_learning_rate"": 0.03, ""xgb_colsample_bytree"": 0.8, ""xgb_learning_rate"": 0.05, ""xgb_max_depth"": 3, ""xgb_n_estimators"": 300, ""xgb_subsample"": 1.0}",0.5,4,500,3,0.03,0.8,0.05,3,300,1.0,0.9827087523950626,0.0103206709107039,0.01291539292105064,2.389053521983644,0.3464375417655212,0.03371361860432318,0.03988496729460866,5.852227052179558,0.6703740725488834,0.02475377099703882,0.03147137133776336,4.514601642223816
1350,CATBOOST_XGBOOST,"{""alpha"": 0.7, ""cat_depth"": 4, ""cat_iterations"": 300, ""cat_l2_leaf_reg"": 5, ""cat_learning_rate"": 0.05, ""xgb_colsample_bytree"": 1.0, ""xgb_learning_rate"": 0.03, ""xgb_max_depth"": 5, ""xgb_n_estimators"": 500, ""xgb_subsample"": 1.0}",0.7,4,300,5,0.05,1.0,0.03,5,500,1.0,0.9840746083614558,0.009890915281316429,0.01239479986937146,2.302767377117174,0.3463198303895891,0.03345016468192206,0.03988855891997058,5.758656255758113,0.6693921110153015,0.02463585515149447,0.03151821336695223,4.482237380994046
1351,CATBOOST_XGBOOST,"{""alpha"": 0.7, ""cat_depth"": 4, ""cat_iterations"": 300, ""cat_l2_leaf_reg"": 3, ""cat_learning_rate"": 0.05, ""xgb_colsample_bytree"": 0.8, ""xgb_learning_rate"": 0.05, ""xgb_max_depth"": 3, ""xgb_n_estimators"": 500, ""xgb_subsample"": 0.8}",0.7,4,300,3,0.05,0.8,0.05,3,500,0.8,0.9827823159859113,0.01043607111179831,0.01288789012360292,2.410111934869712,0.3459967181297021,0.03398041825760739,0.03989841610298132,5.882885780724047,0.650733065342127,0.02499280881613762,0.03239542793744097,4.549465814390595
1352,CATBOOST_XGBOOST,"{""alpha"": 0.5, ""cat_depth"": 4, ""cat_iterations"": 300, ""cat_l2_leaf_reg"": 5, ""cat_learning_rate"": 0.03, ""xgb_colsample_bytree"": 1.0, ""xgb_learning_rate"": 0.05, ""xgb_max_depth"": 3, ""xgb_n_estimators"": 300, ""xgb_subsample"": 1.0}",0.5,4,300,5,0.03,1.0,0.05,3,300,1.0,0.9737770985099498,0.01272457980429814,0.01590504235466676,2.977870105959556,0.3455268009051785,0.0338260982374559,0.03991274751904043,5.843665338154466,0.6815816318422355,0.02466104103853087,0.03093171792844631,4.50869724209023
1353,CATBOOST_XGBOOST,"{""alpha"": 0.7, ""cat_depth"": 4, ""cat_iterations"": 300, ""cat_l2_leaf_reg"": 5, ""cat_learning_rate"": 0.05, ""xgb_colsample_bytree"": 1.0, ""xgb_learning_rate"": 0.05, ""xgb_max_depth"": 5, ""xgb_n_estimators"": 500, ""xgb_subsample"": 1.0}",0.7,4,300,5,0.05,1.0,0.05,5,500,1.0,0.9851452421347561,0.00956499820000869,0.01197091223539333,2.226706611677107,0.3454903552572212,0.03360062483093337,0.03991385881412207,5.784218739569091,0.6702194103231114,0.02460883088277105,0.03147875373870873,4.475875739333639
1354,CATBOOST_XGBOOST,"{""alpha"": 0.7, ""cat_depth"": 4, ""cat_iterations"": 500, ""cat_l2_leaf_reg"": 5, ""cat_learning_rate"": 0.03, ""xgb_colsample_bytree"": 1.0, ""xgb_learning_rate"": 0.03, ""xgb_max_depth"": 5, ""xgb_n_estimators"": 300, ""xgb_subsample"": 1.0}",0.7,4,500,5,0.03,1.0,0.03,5,300,1.0,0.9811590573285841,0.01079962707553493,0.01348173456486911,2.508954587874973,0.3453179036568829,0.03337434632804909,0.03991911676222302,5.744461531257204,0.6680196898968437,0.02484643803808878,0.03158356489759315,4.53045182947489
1355,CATBOOST_XGBOOST,"{""alpha"": 0.3, ""cat_depth"": 6, ""cat_iterations"": 500, ""cat_l2_leaf_reg"": 5, ""cat_learning_rate"": 0.03, ""xgb_colsample_bytree"": 0.8, ""xgb_learning_rate"": 0.03, ""xgb_max_depth"": 3, ""xgb_n_estimators"": 300, ""xgb_subsample"": 1.0}",0.3,6,500,5,0.03,0.8,0.03,3,300,1.0,0.9797746575866121,0.01108603580833633,0.01396826287693171,2.57057126853061,0.3450195660640428,0.03421997212992661,0.03992821126534758,5.950703768368741,0.6949789176339323,0.02460364170387521,0.03027400747835825,4.523648642453676
1356,CATBOOST_XGBOOST,"{""alpha"": 0.7, ""cat_depth"": 4, ""cat_iterations"": 500, ""cat_l2_leaf_reg"": 5, ""cat_learning_rate"": 0.05, ""xgb_colsample_bytree"": 0.8, ""xgb_learning_rate"": 0.05, ""xgb_max_depth"": 3, ""xgb_n_estimators"": 500, ""xgb_subsample"": 0.8}",0.7,4,500,5,0.05,0.8,0.05,3,500,0.8,0.9889610839354412,0.008252766449449047,0.01031947667616042,1.900136993669268,0.3448043647703074,0.0337662315177872,0.03993477016130247,5.851753869080299,0.6493898563328233,0.02516551332412899,0.03245766124710866,4.584973009395609
1357,CATBOOST_XGBOOST,"{""alpha"": 0.5, ""cat_depth"": 4, ""cat_iterations"": 300, ""cat_l2_leaf_reg"": 5, ""cat_learning_rate"": 0.03, ""xgb_colsample_bytree"": 0.8, ""xgb_learning_rate"": 0.03, ""xgb_max_depth"": 5, ""xgb_n_estimators"": 300, ""xgb_subsample"": 0.8}",0.5,4,300,5,0.03,0.8,0.03,5,300,0.8,0.9818165762886041,0.0105637901146876,0.01324439997036126,2.466517569056383,0.34474237552093,0.03396022970665973,0.03993665926719887,5.845282713602966,0.6998891012469691,0.0240667198084975,0.03002934563635506,4.395515237709644
1358,CATBOOST_XGBOOST,"{""alpha"": 0.5, ""cat_depth"": 6, ""cat_iterations"": 300, ""cat_l2_leaf_reg"": 5, ""cat_learning_rate"": 0.03, ""xgb_colsample_bytree"": 0.8, ""xgb_learning_rate"": 0.03, ""xgb_max_depth"": 3, ""xgb_n_estimators"": 300, ""xgb_subsample"": 1.0}",0.5,6,300,5,0.03,0.8,0.03,3,300,1.0,0.9729041498996954,0.01288204661463108,0.01616761090432299,2.990881026684677,0.3442244891609882,0.03418130361482266,0.03995243822594492,5.937284810192421,0.6977149653629287,0.02448155388121016,0.03013792226754852,4.495507223695236
1359,CATBOOST_XGBOOST,"{""alpha"": 0.5, ""cat_depth"": 4, ""cat_iterations"": 300, ""cat_l2_leaf_reg"": 3, ""cat_learning_rate"": 0.05, ""xgb_colsample_bytree"": 0.8, ""xgb_learning_rate"": 0.05, ""xgb_max_depth"": 3, ""xgb_n_estimators"": 500, ""xgb_subsample"": 1.0}",0.5,4,300,3,0.05,0.8,0.05,3,500,1.0,0.9871829365976692,0.008951595403908599,0.01111958872630845,2.06140645073701,0.3441805435498765,0.03381139093617375,0.03995377687375264,5.865480730008314,0.6678825682532163,0.02473763055826687,0.03159008688563263,4.51629806804849
1360,CATBOOST_XGBOOST,"{""alpha"": 0.7, ""cat_depth"": 4, ""cat_iterations"": 300, ""cat_l2_leaf_reg"": 3, ""cat_learning_rate"": 0.03, ""xgb_colsample_bytree"": 0.8, ""xgb_learning_rate"": 0.05, ""xgb_max_depth"": 3, ""xgb_n_estimators"": 500, ""xgb_subsample"": 1.0}",0.7,4,300,3,0.03,0.8,0.05,3,500,1.0,0.972248169908405,0.01312593886671624,0.01636214632436294,3.05914797939527,0.344102754826806,0.03388930107737691,0.03995614632246206,5.847149098644469,0.6662908564126782,0.02462258448196153,0.03166569600532753,4.477431896826872
1361,CATBOOST_XGBOOST,"{""alpha"": 0.7, ""cat_depth"": 4, ""cat_iterations"": 300, ""cat_l2_leaf_reg"": 3, ""cat_learning_rate"": 0.05, ""xgb_colsample_bytree"": 1.0, ""xgb_learning_rate"": 0.05, ""xgb_max_depth"": 3, ""xgb_n_estimators"": 500, ""xgb_subsample"": 1.0}",0.7,4,300,3,0.05,1.0,0.05,3,500,1.0,0.9827385870948412,0.01044919508476991,0.01290424585880426,2.413241043218555,0.3440589391164576,0.03384017934380983,0.03995748088950726,5.853801301494678,0.6620314085825267,0.02473754095876968,0.03186714495039164,4.505181532306897
1362,CATBOOST_XGBOOST,"{""alpha"": 0.7, ""cat_depth"": 4, ""cat_iterations"": 300, ""cat_l2_leaf_reg"": 5, ""cat_learning_rate"": 0.05, ""xgb_colsample_bytree"": 1.0, ""xgb_learning_rate"": 0.05, ""xgb_max_depth"": 5, ""xgb_n_estimators"": 300, ""xgb_subsample"": 1.0}",0.7,4,300,5,0.05,1.0,0.05,5,300,1.0,0.9840216711226129,0.009910716181410772,0.01241538341701314,2.306670417437994,0.3437182814531026,0.03359137817972997,0.03996785533932176,5.781394033216395,0.6694224897474474,0.02464018180433013,0.03151676526878262,4.481910984094084
1363,CATBOOST_XGBOOST,"{""alpha"": 0.7, ""cat_depth"": 4, ""cat_iterations"": 500, ""cat_l2_leaf_reg"": 3, ""cat_learning_rate"": 0.05, ""xgb_colsample_bytree"": 0.8, ""xgb_learning_rate"": 0.05, ""xgb_max_depth"": 3, ""xgb_n_estimators"": 300, ""xgb_subsample"": 1.0}",0.7,4,500,3,0.05,0.8,0.05,3,300,1.0,0.9882847396639841,0.008568819191540832,0.01063090972335047,1.971506459951791,0.343446876455699,0.03390444157646318,0.03997611882899989,5.880517249357639,0.6474263063118291,0.02533452030463272,0.03254842196863083,4.621564077391494
1364,CATBOOST_XGBOOST,"{""alpha"": 0.7, ""cat_depth"": 4, ""cat_iterations"": 300, ""cat_l2_leaf_reg"": 5, ""cat_learning_rate"": 0.05, ""xgb_colsample_bytree"": 1.0, ""xgb_learning_rate"": 0.03, ""xgb_max_depth"": 5, ""xgb_n_estimators"": 300, ""xgb_subsample"": 1.0}",0.7,4,300,5,0.05,1.0,0.03,5,300,1.0,0.982268391703993,0.01041979131246192,0.01307881879242117,2.425317222647164,0.343031682142469,0.03353390055554435,0.03998875697919544,5.772893834345466,0.6674295926593057,0.0247465342472857,0.0316116224346949,4.503018913419635
1365,CATBOOST_XGBOOST,"{""alpha"": 0.7, ""cat_depth"": 4, ""cat_iterations"": 500, ""cat_l2_leaf_reg"": 5, ""cat_learning_rate"": 0.05, ""xgb_colsample_bytree"": 1.0, ""xgb_learning_rate"": 0.05, ""xgb_max_depth"": 3, ""xgb_n_estimators"": 500, ""xgb_subsample"": 1.0}",0.7,4,500,5,0.05,1.0,0.05,3,500,1.0,0.9889291481943134,0.00826540476819262,0.01033439309197513,1.901904608938775,0.3423920846876722,0.03363558582419867,0.04000821795197679,5.824457108315338,0.6609346179493185,0.02481512514378591,0.03191881140148489,4.522981943904719
1366,CATBOOST_XGBOOST,"{""alpha"": 0.7, ""cat_depth"": 4, ""cat_iterations"": 500, ""cat_l2_leaf_reg"": 5, ""cat_learning_rate"": 0.05, ""xgb_colsample_bytree"": 0.8, ""xgb_learning_rate"": 0.03, ""xgb_max_depth"": 5, ""xgb_n_estimators"": 500, ""xgb_subsample"": 0.8}",0.7,4,500,5,0.05,0.8,0.03,5,500,0.8,0.9913806006575739,0.007279399039076342,0.009118700661005301,1.6776430923091,0.3421038007341681,0.03386804646181227,0.04001698644700673,5.855038924738682,0.6695031020115283,0.02456090735914761,0.03151292230816016,4.468621261243484
1367,CATBOOST_XGBOOST,"{""alpha"": 0.7, ""cat_depth"": 6, ""cat_iterations"": 300, ""cat_l2_leaf_reg"": 5, ""cat_learning_rate"": 0.03, ""xgb_colsample_bytree"": 0.8, ""xgb_learning_rate"": 0.03, ""xgb_max_depth"": 3, ""xgb_n_estimators"": 300, ""xgb_subsample"": 1.0}",0.7,6,300,5,0.03,0.8,0.03,3,300,1.0,0.9707247885675616,0.0133877495909765,0.01680523068470877,3.105060472531076,0.3419737588842966,0.03412578416181331,0.04002094119383538,5.927784954058378,0.6942752816949584,0.0243809912243974,0.0303089060641158,4.471380449511305
1368,CATBOOST_XGBOOST,"{""alpha"": 0.7, ""cat_depth"": 4, ""cat_iterations"": 500, ""cat_l2_leaf_reg"": 5, ""cat_learning_rate"": 0.05, ""xgb_colsample_bytree"": 0.8, ""xgb_learning_rate"": 0.05, ""xgb_max_depth"": 3, ""xgb_n_estimators"": 300, ""xgb_subsample"": 0.8}",0.7,4,500,5,0.05,0.8,0.05,3,300,0.8,0.9863387490795832,0.009151292744243183,0.01147994195908087,2.110403291410802,0.3418776740803413,0.03393949164513164,0.04002386301038501,5.882138893590664,0.6477630688035232,0.02522832886649964,0.03253287386264044,4.597643611557858
1369,CATBOOST_XGBOOST,"{""alpha"": 0.3, ""cat_depth"": 4, ""cat_iterations"": 300, ""cat_l2_leaf_reg"": 3, ""cat_learning_rate"": 0.05, ""xgb_colsample_bytree"": 0.8, ""xgb_learning_rate"": 0.05, ""xgb_max_depth"": 3, ""xgb_n_estimators"": 300, ""xgb_subsample"": 1.0}",0.3,4,300,3,0.05,0.8,0.05,3,300,1.0,0.9846523139221683,0.009669810197763673,0.01216790784817207,2.234909393205768,0.3417734772953415,0.03381352084268317,0.040027031260899,5.876841287672051,0.6708630062836106,0.02510195217554155,0.03144802195272939,4.597178691006216
1370,CATBOOST_XGBOOST,"{""alpha"": 0.3, ""cat_depth"": 6, ""cat_iterations"": 300, ""cat_l2_leaf_reg"": 5, ""cat_learning_rate"": 0.03, ""xgb_colsample_bytree"": 0.8, ""xgb_learning_rate"": 0.03, ""xgb_max_depth"": 3, ""xgb_n_estimators"": 300, ""xgb_subsample"": 1.0}",0.3,6,300,5,0.03,0.8,0.03,3,300,1.0,0.974728585384455,0.0124260401306588,0.01561382238543931,2.886710374265782,0.3417526003598209,0.03426948691742568,0.04002766602347389,5.953125903026443,0.6954677441454431,0.02472584970296173,0.03024973920283964,4.547615423394332
1371,CATBOOST_XGBOOST,"{""alpha"": 0.3, ""cat_depth"": 4, ""cat_iterations"": 500, ""cat_l2_leaf_reg"": 3, ""cat_learning_rate"": 0.05, ""xgb_colsample_bytree"": 0.8, ""xgb_learning_rate"": 0.03, ""xgb_max_depth"": 3, ""xgb_n_estimators"": 500, ""xgb_subsample"": 1.0}",0.3,4,500,3,0.05,0.8,0.03,3,500,1.0,0.9878260819838646,0.008616583146590742,0.01083701425360359,1.994774637224096,0.3417506159839767,0.03407410192679839,0.04002772635783581,5.927229491033295,0.6780181318060281,0.02491014744016649,0.03110431868453302,4.570157899536433
1372,CATBOOST_XGBOOST,"{""alpha"": 0.7, ""cat_depth"": 4, ""cat_iterations"": 300, ""cat_l2_leaf_reg"": 3, ""cat_learning_rate"": 0.05, ""xgb_colsample_bytree"": 0.8, ""xgb_learning_rate"": 0.05, ""xgb_max_depth"": 3, ""xgb_n_estimators"": 300, ""xgb_subsample"": 0.8}",0.7,4,300,3,0.05,0.8,0.05,3,300,0.8,0.979458256948903,0.01136907737521127,0.01407709704170971,2.628870598936045,0.3414476207609031,0.03415096156678836,0.04003693777134017,5.912828565029611,0.6480630303179418,0.02519953159337001,0.03251901857417264,4.587988063089702
1373,CATBOOST_XGBOOST,"{""alpha"": 0.5, ""cat_depth"": 4, ""cat_iterations"": 500, ""cat_l2_leaf_reg"": 3, ""cat_learning_rate"": 0.05, ""xgb_colsample_bytree"": 0.8, ""xgb_learning_rate"": 0.03, ""xgb_max_depth"": 3, ""xgb_n_estimators"": 500, ""xgb_subsample"": 1.0}",0.5,4,500,3,0.05,0.8,0.03,3,500,1.0,0.9880922848600736,0.00860080606498222,0.01071787472713232,1.986051177642284,0.3412436287351481,0.03408708923434333,0.04004313817690455,5.920675112892701,0.6672005069898184,0.02494831490166404,0.03162250813418137,4.559796391464399
1374,CATBOOST_XGBOOST,"{""alpha"": 0.5, ""cat_depth"": 4, ""cat_iterations"": 500, ""cat_l2_leaf_reg"": 5, ""cat_learning_rate"": 0.05, ""xgb_colsample_bytree"": 0.8, ""xgb_learning_rate"": 0.05, ""xgb_max_depth"": 3, ""xgb_n_estimators"": 500, ""xgb_subsample"": 1.0}",0.5,4,500,5,0.05,0.8,0.05,3,500,1.0,0.9909618947117607,0.007408804131334928,0.00933755464426359,1.702702176901504,0.3401401198725637,0.03365281935489604,0.04007666306563782,5.8422061391067,0.665740255580638,0.02497281722857548,0.03169180852438497,4.558350044817995
1375,CATBOOST_XGBOOST,"{""alpha"": 0.3, ""cat_depth"": 4, ""cat_iterations"": 300, ""cat_l2_leaf_reg"": 3, ""cat_learning_rate"": 0.03, ""xgb_colsample_bytree"": 0.8, ""xgb_learning_rate"": 0.03, ""xgb_max_depth"": 3, ""xgb_n_estimators"": 500, ""xgb_subsample"": 1.0}",0.3,4,300,3,0.03,0.8,0.03,3,500,1.0,0.9806413873929006,0.01093260935333283,0.01366569025284325,2.545649579556374,0.3397645451555842,0.03414302054717319,0.04008806672926579,5.925001217061984,0.6857326133032995,0.02458113141957641,0.03072943972415213,4.510252795536714
1376,CATBOOST_XGBOOST,"{""alpha"": 0.5, ""cat_depth"": 4, ""cat_iterations"": 500, ""cat_l2_leaf_reg"": 5, ""cat_learning_rate"": 0.03, ""xgb_colsample_bytree"": 1.0, ""xgb_learning_rate"": 0.03, ""xgb_max_depth"": 3, ""xgb_n_estimators"": 500, ""xgb_subsample"": 1.0}",0.5,4,500,5,0.03,1.0,0.03,3,500,1.0,0.9805814489579469,0.01091855275126466,0.01368682986276772,2.536833906400982,0.3396927278522244,0.03371567011369521,0.04009024696552928,5.846931814593007,0.6826171657342024,0.02447966389378627,0.03088138018115568,4.471731455542891
1377,CATBOOST_XGBOOST,"{""alpha"": 0.7, ""cat_depth"": 4, ""cat_iterations"": 500, ""cat_l2_leaf_reg"": 5, ""cat_learning_rate"": 0.05, ""xgb_colsample_bytree"": 0.8, ""xgb_learning_rate"": 0.03, ""xgb_max_depth"": 5, ""xgb_n_estimators"": 300, ""xgb_subsample"": 0.8}",0.7,4,500,5,0.05,0.8,0.03,5,300,0.8,0.9897569070651931,0.007900403353041903,0.009940540859054065,1.819076714020584,0.3395740031180292,0.03393447679977969,0.04009385096186811,5.86576453855473,0.6687809736194044,0.02457349948126657,0.03154733104100076,4.470178354735211
1378,CATBOOST_XGBOOST,"{""alpha"": 0.3, ""cat_depth"": 4, ""cat_iterations"": 500, ""cat_l2_leaf_reg"": 5, ""cat_learning_rate"": 0.05, ""xgb_colsample_bytree"": 0.8, ""xgb_learning_rate"": 0.05, ""xgb_max_depth"": 3, ""xgb_n_estimators"": 300, ""xgb_subsample"": 1.0}",0.3,4,500,5,0.05,0.8,0.05,3,300,1.0,0.987220672284327,0.008737162329009028,0.01110320764874831,2.020216656039144,0.3395243479275822,0.03378132156604473,0.04009535819386263,5.872996078362693,0.6697670317177873,0.02520558026706825,0.03150033692908671,4.613983737277808
1379,CATBOOST_XGBOOST,"{""alpha"": 0.7, ""cat_depth"": 4, ""cat_iterations"": 300, ""cat_l2_leaf_reg"": 3, ""cat_learning_rate"": 0.05, ""xgb_colsample_bytree"": 0.8, ""xgb_learning_rate"": 0.03, ""xgb_max_depth"": 5, ""xgb_n_estimators"": 500, ""xgb_subsample"": 0.8}",0.7,4,300,3,0.05,0.8,0.03,5,500,0.8,0.9857679886924952,0.009473554845794284,0.01171730131953385,2.189788545164634,0.3393299495189848,0.03423217849629574,0.04010125841164227,5.910049320983263,0.669039596912542,0.02452764157218853,0.03153501220169196,4.458912584688517
1380,CATBOOST_XGBOOST,"{""alpha"": 0.5, ""cat_depth"": 4, ""cat_iterations"": 300, ""cat_l2_leaf_reg"": 5, ""cat_learning_rate"": 0.05, ""xgb_colsample_bytree"": 1.0, ""xgb_learning_rate"": 0.03, ""xgb_max_depth"": 3, ""xgb_n_estimators"": 500, ""xgb_subsample"": 1.0}",0.5,4,300,5,0.05,1.0,0.03,3,500,1.0,0.981444602358286,0.01065023620478391,0.01337918290857254,2.476278017169268,0.3392800522819333,0.03382963741904897,0.04010277271081219,5.867240602513194,0.6827923364278091,0.02449724100531212,0.03087285694231662,4.472474071940279
1381,CATBOOST_XGBOOST,"{""alpha"": 0.7, ""cat_depth"": 4, ""cat_iterations"": 500, ""cat_l2_leaf_reg"": 3, ""cat_learning_rate"": 0.03, ""xgb_colsample_bytree"": 0.8, ""xgb_learning_rate"": 0.05, ""xgb_max_depth"": 3, ""xgb_n_estimators"": 300, ""xgb_subsample"": 1.0}",0.7,4,500,3,0.03,0.8,0.05,3,300,1.0,0.9801106550660508,0.01114801280048988,0.01385175170178073,2.581844744732276,0.3390551152085418,0.03390423318393825,0.04010959847166715,5.873794120239928,0.6592227817434436,0.02471069070053407,0.03199928406045566,4.494359091380359
1382,CATBOOST_XGBOOST,"{""alpha"": 0.3, ""cat_depth"": 4, ""cat_iterations"": 500, ""cat_l2_leaf_reg"": 3, ""cat_learning_rate"": 0.03, ""xgb_colsample_bytree"": 0.8, ""xgb_learning_rate"": 0.03, ""xgb_max_depth"": 3, ""xgb_n_estimators"": 500, ""xgb_subsample"": 1.0}",0.3,4,500,3,0.03,0.8,0.03,3,500,1.0,0.9845847801024531,0.009712282106911257,0.01219464944624736,2.25207000412963,0.3387613851706543,0.03412860096576846,0.040118510020497,5.933123151743835,0.6826895345108458,0.02471761954154394,0.03087785923598476,4.532363093271931
1383,CATBOOST_XGBOOST,"{""alpha"": 0.7, ""cat_depth"": 4, ""cat_iterations"": 300, ""cat_l2_leaf_reg"": 3, ""cat_learning_rate"": 0.03, ""xgb_colsample_bytree"": 1.0, ""xgb_learning_rate"": 0.03, ""xgb_max_depth"": 3, ""xgb_n_estimators"": 300, ""xgb_subsample"": 1.0}",0.7,4,300,3,0.03,1.0,0.03,3,300,1.0,0.9630922984092218,0.01510532462709838,0.0188691770068667,3.530927836397228,0.3384005270973762,0.03406145010684718,0.04012945547444949,5.873518365495031,0.6683728387223513,0.02488824272147774,0.03156676169222979,4.530220782661054
1384,CATBOOST_XGBOOST,"{""alpha"": 0.5, ""cat_depth"": 4, ""cat_iterations"": 500, ""cat_l2_leaf_reg"": 3, ""cat_learning_rate"": 0.05, ""xgb_colsample_bytree"": 0.8, ""xgb_learning_rate"": 0.03, ""xgb_max_depth"": 3, ""xgb_n_estimators"": 300, ""xgb_subsample"": 1.0}",0.5,4,500,3,0.05,0.8,0.03,3,300,1.0,0.9837051022851003,0.01005437623779178,0.01253776939192261,2.324838674734547,0.3376452213131286,0.03428787781494555,0.04015235555619412,5.944947893608677,0.6664156858508508,0.02512539179963406,0.03165977291205838,4.586654348779662
1385,CATBOOST_XGBOOST,"{""alpha"": 0.7, ""cat_depth"": 4, ""cat_iterations"": 500, ""cat_l2_leaf_reg"": 5, ""cat_learning_rate"": 0.03, ""xgb_colsample_bytree"": 1.0, ""xgb_learning_rate"": 0.03, ""xgb_max_depth"": 3, ""xgb_n_estimators"": 500, ""xgb_subsample"": 0.8}",0.7,4,500,5,0.03,1.0,0.03,3,500,0.8,0.9767273215544963,0.01202484516124554,0.01498365078746381,2.793598268069104,0.337538050946254,0.03364312241796347,0.04015560379170478,5.813254716001649,0.6497920122548696,0.02500458005615059,0.03243904115569602,4.541991853002723
1386,CATBOOST_XGBOOST,"{""alpha"": 0.7, ""cat_depth"": 4, ""cat_iterations"": 500, ""cat_l2_leaf_reg"": 3, ""cat_learning_rate"": 0.05, ""xgb_colsample_bytree"": 0.8, ""xgb_learning_rate"": 0.03, ""xgb_max_depth"": 3, ""xgb_n_estimators"": 500, ""xgb_subsample"": 1.0}",0.7,4,500,3,0.05,0.8,0.03,3,500,1.0,0.9881655534316629,0.008630259250751249,0.01068485012661389,1.987666073173545,0.3373335966175125,0.03412185190925907,0.04016179988618981,5.917608528827292,0.6503637805850202,0.02525204766493359,0.03241254947976771,4.608123641050519
1387,CATBOOST_XGBOOST,"{""alpha"": 0.7, ""cat_depth"": 4, ""cat_iterations"": 300, ""cat_l2_leaf_reg"": 5, ""cat_learning_rate"": 0.03, ""xgb_colsample_bytree"": 0.8, ""xgb_learning_rate"": 0.05, ""xgb_max_depth"": 5, ""xgb_n_estimators"": 500, ""xgb_subsample"": 1.0}",0.7,4,300,5,0.03,0.8,0.05,5,500,1.0,0.9750464772618045,0.01240872610944741,0.01551530761164467,2.907076912527875,0.3372449547651637,0.03380969525039903,0.04016448592646104,5.800216079912278,0.6644528341594966,0.02508117689962615,0.03175278131983486,4.569973323896363
1388,CATBOOST_XGBOOST,"{""alpha"": 0.5, ""cat_depth"": 4, ""cat_iterations"": 500, ""cat_l2_leaf_reg"": 3, ""cat_learning_rate"": 0.03, ""xgb_colsample_bytree"": 0.8, ""xgb_learning_rate"": 0.03, ""xgb_max_depth"": 3, ""xgb_n_estimators"": 500, ""xgb_subsample"": 1.0}",0.5,4,500,3,0.03,0.8,0.03,3,500,1.0,0.9824525712506701,0.01043517863047057,0.0130107161475853,2.419018668711697,0.3371399668100851,0.034119147697681,0.04016766705672248,5.921083960660711,0.6752742127327316,0.02461850068444491,0.03123657251579028,4.495290832207469
1389,CATBOOST_XGBOOST,"{""alpha"": 0.3, ""cat_depth"": 4, ""cat_iterations"": 500, ""cat_l2_leaf_reg"": 3, ""cat_learning_rate"": 0.05, ""xgb_colsample_bytree"": 0.8, ""xgb_learning_rate"": 0.03, ""xgb_max_depth"": 3, ""xgb_n_estimators"": 300, ""xgb_subsample"": 1.0}",0.3,4,500,3,0.05,0.8,0.03,3,300,1.0,0.9812665719610985,0.01070883716869971,0.0134432132039589,2.481746840933473,0.3367846190603855,0.03433343143749941,0.04017843220845493,5.957723753076196,0.6769319417101316,0.02513687310902835,0.03115673896189288,4.604775180374792
1390,CATBOOST_XGBOOST,"{""alpha"": 0.7, ""cat_depth"": 4, ""cat_iterations"": 500, ""cat_l2_leaf_reg"": 5, ""cat_learning_rate"": 0.03, ""xgb_colsample_bytree"": 0.8, ""xgb_learning_rate"": 0.05, ""xgb_max_depth"": 5, ""xgb_n_estimators"": 300, ""xgb_subsample"": 0.8}",0.7,4,500,5,0.03,0.8,0.05,5,300,0.8,0.9831694713012976,0.01023911798257907,0.01274216831720353,2.378405827729209,0.3363925927104194,0.03391409138198644,0.04019030518189858,5.85270015674302,0.6675064042587029,0.02462435178323492,0.03160797165963467,4.477431527958324
1391,CATBOOST_XGBOOST,"{""alpha"": 0.7, ""cat_depth"": 4, ""cat_iterations"": 300, ""cat_l2_leaf_reg"": 3, ""cat_learning_rate"": 0.05, ""xgb_colsample_bytree"": 1.0, ""xgb_learning_rate"": 0.05, ""xgb_max_depth"": 3, ""xgb_n_estimators"": 500, ""xgb_subsample"": 0.8}",0.7,4,300,3,0.05,1.0,0.05,3,500,0.8,0.9830636008732815,0.01034624999997648,0.01278218203345709,2.389515516996902,0.336257303190968,0.03403394226725046,0.04019440176816063,5.885773524387687,0.651282949081512,0.02495502892477486,0.03236991630971094,4.541040170960253
1392,CATBOOST_XGBOOST,"{""alpha"": 0.7, ""cat_depth"": 4, ""cat_iterations"": 300, ""cat_l2_leaf_reg"": 3, ""cat_learning_rate"": 0.05, ""xgb_colsample_bytree"": 0.8, ""xgb_learning_rate"": 0.03, ""xgb_max_depth"": 5, ""xgb_n_estimators"": 300, ""xgb_subsample"": 0.8}",0.7,4,300,3,0.05,0.8,0.03,5,300,0.8,0.9837132867878042,0.01010777854371539,0.01253462029894322,2.334667221845722,0.3360945101966665,0.03430163136657241,0.04019933061022817,5.921267953872178,0.6676987821497127,0.02458483847772456,0.03159882628839178,4.469138930033391
1393,CATBOOST_XGBOOST,"{""alpha"": 0.7, ""cat_depth"": 4, ""cat_iterations"": 500, ""cat_l2_leaf_reg"": 5, ""cat_learning_rate"": 0.03, ""xgb_colsample_bytree"": 0.8, ""xgb_learning_rate"": 0.05, ""xgb_max_depth"": 5, ""xgb_n_estimators"": 500, ""xgb_subsample"": 0.8}",0.7,4,500,5,0.03,0.8,0.05,5,500,0.8,0.9843401716639033,0.009878142783495298,0.01229102088745181,2.29631689253519,0.3360863395817145,0.03395173868506008,0.04019957797393146,5.86038705717509,0.6684372553343634,0.0245805232282838,0.0315636957150835,4.468922860245559
1394,CATBOOST_XGBOOST,"{""alpha"": 0.7, ""cat_depth"": 4, ""cat_iterations"": 300, ""cat_l2_leaf_reg"": 5, ""cat_learning_rate"": 0.03, ""xgb_colsample_bytree"": 0.8, ""xgb_learning_rate"": 0.05, ""xgb_max_depth"": 5, ""xgb_n_estimators"": 300, ""xgb_subsample"": 1.0}",0.7,4,300,5,0.03,0.8,0.05,5,300,1.0,0.9737872182962042,0.01272209532774939,0.01590197306882106,2.977681309320807,0.3360073383906799,0.03384615214296632,0.04020196964039273,5.806993645062336,0.6625180314798687,0.02518171134896763,0.03184419478749399,4.590607129638191
1395,CATBOOST_XGBOOST,"{""alpha"": 0.5, ""cat_depth"": 4, ""cat_iterations"": 300, ""cat_l2_leaf_reg"": 3, ""cat_learning_rate"": 0.03, ""xgb_colsample_bytree"": 0.8, ""xgb_learning_rate"": 0.03, ""xgb_max_depth"": 3, ""xgb_n_estimators"": 500, ""xgb_subsample"": 1.0}",0.5,4,300,3,0.03,0.8,0.03,3,500,1.0,0.9748215216050383,0.01252154883185877,0.01558508584207071,2.920385387899821,0.3355581721775593,0.03425939430208159,0.04021556490639214,5.926893365346032,0.6781353897991004,0.02464407480740829,0.0310986544492704,4.502058983999449
1396,CATBOOST_XGBOOST,"{""alpha"": 0.7, ""cat_depth"": 4, ""cat_iterations"": 300, ""cat_l2_leaf_reg"": 5, ""cat_learning_rate"": 0.05, ""xgb_colsample_bytree"": 1.0, ""xgb_learning_rate"": 0.03, ""xgb_max_depth"": 3, ""xgb_n_estimators"": 500, ""xgb_subsample"": 0.8}",0.7,4,300,5,0.05,1.0,0.03,3,500,0.8,0.9780135219329077,0.01162786084563362,0.01456371902797347,2.704877055940424,0.3355476400302906,0.03380267664545872,0.04021588363600541,5.841687019089912,0.6484987136575714,0.02518743717585371,0.0324988837440779,4.57631472453678
1397,CATBOOST_XGBOOST,"{""alpha"": 0.5, ""cat_depth"": 4, ""cat_iterations"": 300, ""cat_l2_leaf_reg"": 5, ""cat_learning_rate"": 0.03, ""xgb_colsample_bytree"": 1.0, ""xgb_learning_rate"": 0.03, ""xgb_max_depth"": 3, ""xgb_n_estimators"": 500, ""xgb_subsample"": 1.0}",0.5,4,300,5,0.03,1.0,0.03,3,500,1.0,0.9741416828496502,0.01262443878875966,0.01579408922370741,2.951587668094788,0.3355349657257011,0.03399650839755136,0.04021626718940865,5.877347067521174,0.685636948893606,0.02460530196012014,0.03073411645828741,4.499562247098654
1398,CATBOOST_XGBOOST,"{""alpha"": 0.7, ""cat_depth"": 4, ""cat_iterations"": 500, ""cat_l2_leaf_reg"": 3, ""cat_learning_rate"": 0.05, ""xgb_colsample_bytree"": 0.8, ""xgb_learning_rate"": 0.03, ""xgb_max_depth"": 3, ""xgb_n_estimators"": 300, ""xgb_subsample"": 1.0}",0.7,4,500,3,0.05,0.8,0.03,3,300,1.0,0.9857121535961731,0.009491637276956537,0.01174026350714107,2.189161825098364,0.3351437999926671,0.03424232443273299,0.04022810295975803,5.932172088053389,0.6498875029227652,0.02533770434630201,0.03243461830270688,4.619675994492538
1399,CATBOOST_XGBOOST,"{""alpha"": 0.7, ""cat_depth"": 4, ""cat_iterations"": 300, ""cat_l2_leaf_reg"": 3, ""cat_learning_rate"": 0.05, ""xgb_colsample_bytree"": 1.0, ""xgb_learning_rate"": 0.05, ""xgb_max_depth"": 3, ""xgb_n_estimators"": 300, ""xgb_subsample"": 0.8}",0.7,4,300,3,0.05,1.0,0.05,3,300,0.8,0.9796822165866201,0.01130267964215102,0.01400014782858882,2.614327103967491,0.3350150032284545,0.03409085172458023,0.04023199928996174,5.894700783506466,0.6494854144599691,0.02499998140195313,0.03245323780879908,4.548439837144204
1400,CATBOOST_XGBOOST,"{""alpha"": 0.7, ""cat_depth"": 4, ""cat_iterations"": 500, ""cat_l2_leaf_reg"": 5, ""cat_learning_rate"": 0.05, ""xgb_colsample_bytree"": 1.0, ""xgb_learning_rate"": 0.05, ""xgb_max_depth"": 3, ""xgb_n_estimators"": 300, ""xgb_subsample"": 1.0}",0.7,4,500,5,0.05,1.0,0.05,3,300,1.0,0.9862984522845495,0.009153362080324813,0.01149686076962416,2.113256182174629,0.3349291483361257,0.03381145846474101,0.04023459634290483,5.853927555624418,0.6558897306868843,0.02506208418858243,0.03215539150813673,4.568483476500701
1401,CATBOOST_XGBOOST,"{""alpha"": 0.7, ""cat_depth"": 4, ""cat_iterations"": 300, ""cat_l2_leaf_reg"": 3, ""cat_learning_rate"": 0.05, ""xgb_colsample_bytree"": 1.0, ""xgb_learning_rate"": 0.05, ""xgb_max_depth"": 3, ""xgb_n_estimators"": 300, ""xgb_subsample"": 1.0}",0.7,4,300,3,0.05,1.0,0.05,3,300,1.0,0.9793764115964965,0.01137655855222186,0.01410511315530747,2.634049904279876,0.3348897218093877,0.03412084535865036,0.04023578891274565,5.900556027254384,0.656003863576186,0.02506387174231629,0.03215005849074616,4.564676774849359
1402,CATBOOST_XGBOOST,"{""alpha"": 0.7, ""cat_depth"": 4, ""cat_iterations"": 500, ""cat_l2_leaf_reg"": 5, ""cat_learning_rate"": 0.05, ""xgb_colsample_bytree"": 1.0, ""xgb_learning_rate"": 0.05, ""xgb_max_depth"": 3, ""xgb_n_estimators"": 300, ""xgb_subsample"": 0.8}",0.7,4,500,5,0.05,1.0,0.05,3,300,0.8,0.9865064805687044,0.009084623754284737,0.0114092495035732,2.096609418560177,0.3347735640754151,0.03382132495618181,0.04023930223540587,5.854560692404327,0.6493967618645298,0.02510722078267636,0.03245734160645285,4.571686795525167
1403,CATBOOST_XGBOOST,"{""alpha"": 0.7, ""cat_depth"": 4, ""cat_iterations"": 500, ""cat_l2_leaf_reg"": 5, ""cat_learning_rate"": 0.05, ""xgb_colsample_bytree"": 1.0, ""xgb_learning_rate"": 0.05, ""xgb_max_depth"": 3, ""xgb_n_estimators"": 500, ""xgb_subsample"": 0.8}",0.7,4,500,5,0.05,1.0,0.05,3,500,0.8,0.9891830406104604,0.008163915937069654,0.01021520432502506,1.879967625994455,0.3346059180843775,0.03382015737809987,0.04024437233813571,5.854707025484776,0.6502589955507092,0.02512538930386015,0.03241740609285531,4.575250982366457
1404,CATBOOST_XGBOOST,"{""alpha"": 0.3, ""cat_depth"": 4, ""cat_iterations"": 300, ""cat_l2_leaf_reg"": 5, ""cat_learning_rate"": 0.03, ""xgb_colsample_bytree"": 0.8, ""xgb_learning_rate"": 0.05, ""xgb_max_depth"": 3, ""xgb_n_estimators"": 300, ""xgb_subsample"": 1.0}",0.3,4,300,5,0.03,0.8,0.05,3,300,1.0,0.9803312158992007,0.0109336686466983,0.01377473380222811,2.543391803001399,0.334047278760497,0.03403330468999992,0.04026126260870544,5.90259413496769,0.6743253154136677,0.02498663642969718,0.03128217819188753,4.577912885264355
1405,CATBOOST_XGBOOST,"{""alpha"": 0.7, ""cat_depth"": 4, ""cat_iterations"": 300, ""cat_l2_leaf_reg"": 3, ""cat_learning_rate"": 0.03, ""xgb_colsample_bytree"": 0.8, ""xgb_learning_rate"": 0.05, ""xgb_max_depth"": 3, ""xgb_n_estimators"": 300, ""xgb_subsample"": 1.0}",0.7,4,300,3,0.03,0.8,0.05,3,300,1.0,0.9680314664645474,0.01407665124513287,0.01756126577306407,3.283039602662304,0.3336398467520558,0.03412894611818126,0.04027357671026848,5.886754180949828,0.6608064172736362,0.02488207727168223,0.03192484508507608,4.524173233511378
1406,CATBOOST_XGBOOST,"{""alpha"": 0.7, ""cat_depth"": 4, ""cat_iterations"": 500, ""cat_l2_leaf_reg"": 5, ""cat_learning_rate"": 0.03, ""xgb_colsample_bytree"": 1.0, ""xgb_learning_rate"": 0.03, ""xgb_max_depth"": 5, ""xgb_n_estimators"": 500, ""xgb_subsample"": 0.8}",0.7,4,500,5,0.03,1.0,0.03,5,500,0.8,0.9833807128118709,0.01016887101553288,0.01266195175900301,2.362146907585557,0.3329967724319746,0.03374597455866698,0.04029300513600761,5.812016110267656,0.6623612022917441,0.02497544059509471,0.03185159298891097,4.546351937667882
1407,CATBOOST_XGBOOST,"{""alpha"": 0.7, ""cat_depth"": 4, ""cat_iterations"": 500, ""cat_l2_leaf_reg"": 3, ""cat_learning_rate"": 0.03, ""xgb_colsample_bytree"": 0.8, ""xgb_learning_rate"": 0.03, ""xgb_max_depth"": 3, ""xgb_n_estimators"": 500, ""xgb_subsample"": 1.0}",0.7,4,500,3,0.03,0.8,0.03,3,500,1.0,0.9799373929112252,0.01121151547404746,0.0139119542939113,2.598723263315109,0.3328182144147175,0.0341465508201051,0.04029839803170055,5.91494814391183,0.6620702161890931,0.0246381149934529,0.03186531530829165,4.482722447982359
1408,CATBOOST_XGBOOST,"{""alpha"": 0.3, ""cat_depth"": 4, ""cat_iterations"": 500, ""cat_l2_leaf_reg"": 3, ""cat_learning_rate"": 0.03, ""xgb_colsample_bytree"": 0.8, ""xgb_learning_rate"": 0.03, ""xgb_max_depth"": 3, ""xgb_n_estimators"": 300, ""xgb_subsample"": 1.0}",0.3,4,500,3,0.03,0.8,0.03,3,300,1.0,0.9770079459391439,0.01188557095356795,0.01489303959705592,2.761443215645685,0.3326002378550899,0.03434401668500486,0.04030498048718668,5.956583588112425,0.6805978536747803,0.02498095131878491,0.03097946404509554,4.575434219379165
1409,CATBOOST_XGBOOST,"{""alpha"": 0.7, ""cat_depth"": 4, ""cat_iterations"": 300, ""cat_l2_leaf_reg"": 5, ""cat_learning_rate"": 0.05, ""xgb_colsample_bytree"": 0.8, ""xgb_learning_rate"": 0.05, ""xgb_max_depth"": 5, ""xgb_n_estimators"": 300, ""xgb_subsample"": 0.8}",0.7,4,300,5,0.05,0.8,0.05,5,300,0.8,0.9842135908573565,0.00985477874949093,0.0123405960165328,2.293389425799596,0.3325108349824069,0.03409430996881924,0.04030767996400471,5.88521411508862,0.6659552769501944,0.02471426764779193,0.03168161359001563,4.48748132843519
1410,CATBOOST_XGBOOST,"{""alpha"": 0.3, ""cat_depth"": 4, ""cat_iterations"": 500, ""cat_l2_leaf_reg"": 5, ""cat_learning_rate"": 0.03, ""xgb_colsample_bytree"": 0.8, ""xgb_learning_rate"": 0.05, ""xgb_max_depth"": 3, ""xgb_n_estimators"": 300, ""xgb_subsample"": 1.0}",0.3,4,500,5,0.03,0.8,0.05,3,300,1.0,0.9835463583029084,0.009961879666131926,0.01259869249827008,2.307489016617005,0.3324367703071071,0.03394514536236896,0.04030991617439978,5.897447958674915,0.6701843298345342,0.02515370812153402,0.0314804279741395,4.605131826733036
1411,CATBOOST_XGBOOST,"{""alpha"": 0.7, ""cat_depth"": 4, ""cat_iterations"": 500, ""cat_l2_leaf_reg"": 5, ""cat_learning_rate"": 0.03, ""xgb_colsample_bytree"": 0.8, ""xgb_learning_rate"": 0.03, ""xgb_max_depth"": 3, ""xgb_n_estimators"": 500, ""xgb_subsample"": 0.8}",0.7,4,500,5,0.03,0.8,0.03,3,500,0.8,0.9764329642949595,0.01210264730462115,0.01507811106937195,2.810723768316098,0.3321385194209278,0.03391423294301778,0.0403189199100386,5.859738622707131,0.6486856228779054,0.02517277859551532,0.03249024202785382,4.574000556722246
1412,CATBOOST_XGBOOST,"{""alpha"": 0.5, ""cat_depth"": 4, ""cat_iterations"": 500, ""cat_l2_leaf_reg"": 3, ""cat_learning_rate"": 0.03, ""xgb_colsample_bytree"": 0.8, ""xgb_learning_rate"": 0.03, ""xgb_max_depth"": 3, ""xgb_n_estimators"": 300, ""xgb_subsample"": 1.0}",0.5,4,500,3,0.03,0.8,0.03,3,300,1.0,0.9768542886674263,0.01197105380609298,0.01494272226417759,2.779961455723101,0.3321187656079425,0.03430551989412128,0.04031951617628363,5.943047618669061,0.6732923779412086,0.02482390337507565,0.03133174752419932,4.527423549982192
1413,CATBOOST_XGBOOST,"{""alpha"": 0.7, ""cat_depth"": 4, ""cat_iterations"": 300, ""cat_l2_leaf_reg"": 5, ""cat_learning_rate"": 0.05, ""xgb_colsample_bytree"": 0.8, ""xgb_learning_rate"": 0.05, ""xgb_max_depth"": 5, ""xgb_n_estimators"": 500, ""xgb_subsample"": 0.8}",0.7,4,300,5,0.05,0.8,0.05,5,500,0.8,0.9853490276399779,0.00950332789446801,0.01188851698899664,2.21339379642102,0.3320290346404255,0.03413479858685471,0.04032222458273386,5.893462236314535,0.6667855689269689,0.02468717252991533,0.0316422156384294,4.482379890249121
1414,CATBOOST_XGBOOST,"{""alpha"": 0.3, ""cat_depth"": 4, ""cat_iterations"": 300, ""cat_l2_leaf_reg"": 5, ""cat_learning_rate"": 0.05, ""xgb_colsample_bytree"": 0.8, ""xgb_learning_rate"": 0.05, ""xgb_max_depth"": 3, ""xgb_n_estimators"": 300, ""xgb_subsample"": 1.0}",0.3,4,300,5,0.05,0.8,0.05,3,300,1.0,0.984035319989739,0.009793497804609943,0.01241007960448278,2.269797191346029,0.3316611722351736,0.03400543689513466,0.04033332610484633,5.908383989341861,0.6709508113822303,0.02516055729410258,0.0314438269201038,4.6053517607461
1415,CATBOOST_XGBOOST,"{""alpha"": 0.7, ""cat_depth"": 4, ""cat_iterations"": 500, ""cat_l2_leaf_reg"": 5, ""cat_learning_rate"": 0.03, ""xgb_colsample_bytree"": 1.0, ""xgb_learning_rate"": 0.03, ""xgb_max_depth"": 3, ""xgb_n_estimators"": 300, ""xgb_subsample"": 0.8}",0.7,4,500,5,0.03,1.0,0.03,3,300,0.8,0.9727321503311582,0.01299827482448383,0.01621884426665608,3.022869461256215,0.3310877307790943,0.03385002661208514,0.04035062559518752,5.846196859218554,0.6493215393676914,0.02523640526069789,0.03246082330751366,4.585727969271016
1416,CATBOOST_XGBOOST,"{""alpha"": 0.7, ""cat_depth"": 4, ""cat_iterations"": 500, ""cat_l2_leaf_reg"": 5, ""cat_learning_rate"": 0.03, ""xgb_colsample_bytree"": 1.0, ""xgb_learning_rate"": 0.05, ""xgb_max_depth"": 5, ""xgb_n_estimators"": 500, ""xgb_subsample"": 0.8}",0.7,4,500,5,0.03,1.0,0.05,5,500,0.8,0.9843591985508201,0.009866470663259012,0.01228355174608106,2.293339726093063,0.3310606890682085,0.03358426379261301,0.04035144120208697,5.785646755902668,0.6630360661727446,0.02492341492410304,0.03181974498785976,4.53206068226687
1417,CATBOOST_XGBOOST,"{""alpha"": 0.7, ""cat_depth"": 4, ""cat_iterations"": 500, ""cat_l2_leaf_reg"": 5, ""cat_learning_rate"": 0.03, ""xgb_colsample_bytree"": 1.0, ""xgb_learning_rate"": 0.03, ""xgb_max_depth"": 5, ""xgb_n_estimators"": 300, ""xgb_subsample"": 0.8}",0.7,4,500,5,0.03,1.0,0.03,5,300,0.8,0.9812607116491809,0.01078504896019561,0.01344531573591731,2.502591492215783,0.3310250397874136,0.03379097967059204,0.04035251639730249,5.8197009654996,0.6613594951033541,0.02500967016463238,0.03189880666851039,4.553429269351772
1418,CATBOOST_XGBOOST,"{""alpha"": 0.7, ""cat_depth"": 4, ""cat_iterations"": 300, ""cat_l2_leaf_reg"": 5, ""cat_learning_rate"": 0.03, ""xgb_colsample_bytree"": 1.0, ""xgb_learning_rate"": 0.03, ""xgb_max_depth"": 5, ""xgb_n_estimators"": 500, ""xgb_subsample"": 1.0}",0.7,4,300,5,0.03,1.0,0.03,5,500,1.0,0.9737178967944162,0.01272755020968625,0.01592298611543106,2.981148976043874,0.3301812890047772,0.03391538774469913,0.04037795586844192,5.821405800845369,0.6672408949335342,0.02499476371443193,0.03162058925080481,4.564454269890762
1419,CATBOOST_XGBOOST,"{""alpha"": 0.5, ""cat_depth"": 4, ""cat_iterations"": 300, ""cat_l2_leaf_reg"": 3, ""cat_learning_rate"": 0.05, ""xgb_colsample_bytree"": 0.8, ""xgb_learning_rate"": 0.05, ""xgb_max_depth"": 3, ""xgb_n_estimators"": 300, ""xgb_subsample"": 1.0}",0.5,4,300,3,0.05,0.8,0.05,3,300,1.0,0.9822175204288273,0.01051646725142703,0.01309756665939747,2.430052038306601,0.3299880012384596,0.03420311915085298,0.04038378132674569,5.929993348934355,0.6610675104048527,0.02506579921214549,0.03191255569807475,4.574485699206519
1420,CATBOOST_XGBOOST,"{""alpha"": 0.3, ""cat_depth"": 4, ""cat_iterations"": 300, ""cat_l2_leaf_reg"": 3, ""cat_learning_rate"": 0.03, ""xgb_colsample_bytree"": 0.8, ""xgb_learning_rate"": 0.03, ""xgb_max_depth"": 3, ""xgb_n_estimators"": 300, ""xgb_subsample"": 1.0}",0.3,4,300,3,0.03,0.8,0.03,3,300,1.0,0.9718567315791724,0.01317007307396058,0.01647713593646336,3.069436843235811,0.3299854744607366,0.03446467419476695,0.04038385747519006,5.966880868551014,0.6810060564393532,0.02513662076315087,0.03095966150771256,4.607914423904394
1421,CATBOOST_XGBOOST,"{""alpha"": 0.7, ""cat_depth"": 4, ""cat_iterations"": 300, ""cat_l2_leaf_reg"": 5, ""cat_learning_rate"": 0.05, ""xgb_colsample_bytree"": 0.8, ""xgb_learning_rate"": 0.03, ""xgb_max_depth"": 3, ""xgb_n_estimators"": 500, ""xgb_subsample"": 0.8}",0.7,4,300,5,0.05,0.8,0.03,3,500,0.8,0.9777260051647012,0.01172002751913335,0.01465863447652627,2.725692895415151,0.3298803340960927,0.03407378717051304,0.04038702591914141,5.888170925795394,0.6474721675125966,0.02530412127937853,0.03254630502359821,4.597287094153903
1422,CATBOOST_XGBOOST,"{""alpha"": 0.5, ""cat_depth"": 4, ""cat_iterations"": 500, ""cat_l2_leaf_reg"": 5, ""cat_learning_rate"": 0.03, ""xgb_colsample_bytree"": 0.8, ""xgb_learning_rate"": 0.05, ""xgb_max_depth"": 3, ""xgb_n_estimators"": 500, ""xgb_subsample"": 1.0}",0.5,4,500,5,0.03,0.8,0.05,3,500,1.0,0.9855066216353022,0.009448886441158984,0.01182440436952978,2.185605546198143,0.3296626456292084,0.0339644874150078,0.04039358525198453,5.889261654228675,0.667814076192417,0.0248123086038536,0.03159334410492277,4.527526219277086
1423,CATBOOST_XGBOOST,"{""alpha"": 0.7, ""cat_depth"": 4, ""cat_iterations"": 500, ""cat_l2_leaf_reg"": 5, ""cat_learning_rate"": 0.05, ""xgb_colsample_bytree"": 1.0, ""xgb_learning_rate"": 0.03, ""xgb_max_depth"": 3, ""xgb_n_estimators"": 500, ""xgb_subsample"": 1.0}",0.7,4,500,5,0.05,1.0,0.03,3,500,1.0,0.9864429812298691,0.009116073255871233,0.01143606346669565,2.102955294880502,0.3296366224694672,0.03390132388235793,0.04039436930386007,5.872730494342473,0.6589430701033805,0.02502533452864856,0.03201241395270019,4.564111859338903
1424,CATBOOST_XGBOOST,"{""alpha"": 0.3, ""cat_depth"": 4, ""cat_iterations"": 300, ""cat_l2_leaf_reg"": 3, ""cat_learning_rate"": 0.05, ""xgb_colsample_bytree"": 0.8, ""xgb_learning_rate"": 0.03, ""xgb_max_depth"": 3, ""xgb_n_estimators"": 500, ""xgb_subsample"": 1.0}",0.3,4,300,3,0.05,0.8,0.03,3,500,1.0,0.9843284039264013,0.009819407395125098,0.01229563812661321,2.275646511062924,0.3296127461720402,0.03437056848764829,0.04039508865952634,5.971496705192135,0.677490063703138,0.02489476816827844,0.0311298146380932,4.566709359407504
1425,CATBOOST_XGBOOST,"{""alpha"": 0.5, ""cat_depth"": 4, ""cat_iterations"": 500, ""cat_l2_leaf_reg"": 5, ""cat_learning_rate"": 0.03, ""xgb_colsample_bytree"": 1.0, ""xgb_learning_rate"": 0.03, ""xgb_max_depth"": 3, ""xgb_n_estimators"": 300, ""xgb_subsample"": 1.0}",0.5,4,500,5,0.03,1.0,0.03,3,300,1.0,0.9737873147440089,0.01267352946003243,0.01590194381378389,2.955985006985322,0.3294743913405809,0.03413752679391923,0.0403992568230195,5.91213511569472,0.6762135954712714,0.02507109603696239,0.03119135844560663,4.580206494474286
1426,CATBOOST_XGBOOST,"{""alpha"": 0.7, ""cat_depth"": 4, ""cat_iterations"": 500, ""cat_l2_leaf_reg"": 5, ""cat_learning_rate"": 0.03, ""xgb_colsample_bytree"": 1.0, ""xgb_learning_rate"": 0.05, ""xgb_max_depth"": 5, ""xgb_n_estimators"": 300, ""xgb_subsample"": 0.8}",0.7,4,500,5,0.03,1.0,0.05,5,300,0.8,0.9832823772245093,0.01018969418667255,0.01269935661420406,2.366713956415271,0.3294523677573653,0.03360808426014662,0.04039992027947606,5.789510053635998,0.6616854050174892,0.02497134744432898,0.03188345315981224,4.540129064174043
1427,CATBOOST_XGBOOST,"{""alpha"": 0.7, ""cat_depth"": 4, ""cat_iterations"": 500, ""cat_l2_leaf_reg"": 3, ""cat_learning_rate"": 0.03, ""xgb_colsample_bytree"": 0.8, ""xgb_learning_rate"": 0.03, ""xgb_max_depth"": 3, ""xgb_n_estimators"": 300, ""xgb_subsample"": 1.0}",0.7,4,500,3,0.03,0.8,0.03,3,300,1.0,0.9764666691572652,0.01211448885989734,0.01506732508213686,2.810757371377625,0.3294332698546203,0.03426702334357903,0.04040049559151783,5.929511703137929,0.6605884453155283,0.02478210603566182,0.03193510118035432,4.504479263374921
1428,CATBOOST_XGBOOST,"{""alpha"": 0.7, ""cat_depth"": 4, ""cat_iterations"": 300, ""cat_l2_leaf_reg"": 3, ""cat_learning_rate"": 0.05, ""xgb_colsample_bytree"": 1.0, ""xgb_learning_rate"": 0.03, ""xgb_max_depth"": 3, ""xgb_n_estimators"": 500, ""xgb_subsample"": 1.0}",0.7,4,300,3,0.05,1.0,0.03,3,500,1.0,0.9795599934398278,0.01133748513695312,0.0140421941587351,2.623449963296798,0.3294265315208527,0.03424220185746091,0.04040069857753513,5.924487142575228,0.6587019157715652,0.02502845616852964,0.0320237296121267,4.560403170077971
1429,CATBOOST_XGBOOST,"{""alpha"": 0.5, ""cat_depth"": 4, ""cat_iterations"": 300, ""cat_l2_leaf_reg"": 5, ""cat_learning_rate"": 0.05, ""xgb_colsample_bytree"": 1.0, ""xgb_learning_rate"": 0.03, ""xgb_max_depth"": 3, ""xgb_n_estimators"": 300, ""xgb_subsample"": 1.0}",0.5,4,300,5,0.05,1.0,0.03,3,300,1.0,0.9748068588095258,0.01239230329711842,0.01558962320256586,2.89280583535712,0.3293869445987124,0.03425149409927299,0.04040189107603146,5.932443903614905,0.6766785041303816,0.02502342812040108,0.03116895734795313,4.564950137328413
1430,CATBOOST_XGBOOST,"{""alpha"": 0.7, ""cat_depth"": 4, ""cat_iterations"": 500, ""cat_l2_leaf_reg"": 5, ""cat_learning_rate"": 0.03, ""xgb_colsample_bytree"": 0.8, ""xgb_learning_rate"": 0.03, ""xgb_max_depth"": 5, ""xgb_n_estimators"": 500, ""xgb_subsample"": 1.0}",0.7,4,500,5,0.03,0.8,0.03,5,500,1.0,0.9829656316329366,0.01028549353458137,0.01281909823199479,2.388297326662018,0.3292697221763349,0.03367549086451353,0.0404054220247345,5.794807130610652,0.6664535524204467,0.02481442040973694,0.03165797594354548,4.511041717484535
1431,CATBOOST_XGBOOST,"{""alpha"": 0.7, ""cat_depth"": 4, ""cat_iterations"": 300, ""cat_l2_leaf_reg"": 5, ""cat_learning_rate"": 0.05, ""xgb_colsample_bytree"": 1.0, ""xgb_learning_rate"": 0.03, ""xgb_max_depth"": 3, ""xgb_n_estimators"": 300, ""xgb_subsample"": 0.8}",0.7,4,300,5,0.05,1.0,0.03,3,300,0.8,0.9741605421480168,0.01256583904979148,0.01578832860576229,2.926242971489036,0.3291170052927338,0.03399727523563276,0.04041002166719487,5.872232432071782,0.6482667483841222,0.02531691018152202,0.0325096054247995,4.595923477820516
1432,CATBOOST_XGBOOST,"{""alpha"": 0.5, ""cat_depth"": 4, ""cat_iterations"": 300, ""cat_l2_leaf_reg"": 5, ""cat_learning_rate"": 0.03, ""xgb_colsample_bytree"": 0.8, ""xgb_learning_rate"": 0.05, ""xgb_max_depth"": 3, ""xgb_n_estimators"": 500, ""xgb_subsample"": 1.0}",0.5,4,300,5,0.03,0.8,0.05,3,500,1.0,0.9799463416803125,0.01114153749219321,0.01390885128861478,2.597245026406615,0.3290917046765052,0.03420213780123506,0.0404107836397139,5.912369262075285,0.6730066067863126,0.02482011045359257,0.03134544746869691,4.532276996406904
1433,CATBOOST_XGBOOST,"{""alpha"": 0.7, ""cat_depth"": 4, ""cat_iterations"": 300, ""cat_l2_leaf_reg"": 5, ""cat_learning_rate"": 0.03, ""xgb_colsample_bytree"": 1.0, ""xgb_learning_rate"": 0.05, ""xgb_max_depth"": 5, ""xgb_n_estimators"": 500, ""xgb_subsample"": 1.0}",0.7,4,300,5,0.03,1.0,0.05,5,500,1.0,0.9750094815951763,0.01241741151077158,0.01552680471690885,2.908763668821356,0.3290213689667041,0.03404910571808522,0.04041290184773118,5.844061851297935,0.6677148196219936,0.02491722239772272,0.03159806377024861,4.548684998006431
1434,CATBOOST_XGBOOST,"{""alpha"": 0.7, ""cat_depth"": 4, ""cat_iterations"": 300, ""cat_l2_leaf_reg"": 5, ""cat_learning_rate"": 0.05, ""xgb_colsample_bytree"": 1.0, ""xgb_learning_rate"": 0.03, ""xgb_max_depth"": 5, ""xgb_n_estimators"": 500, ""xgb_subsample"": 0.8}",0.7,4,300,5,0.05,1.0,0.03,5,500,0.8,0.9844173950030689,0.00978972677812664,0.01226067806730187,2.278187371070543,0.3285836824129278,0.03390552878616224,0.04042608058347055,5.84044841335592,0.6607243084921266,0.02495677184832303,0.03192870888387269,4.534483128305172
1435,CATBOOST_XGBOOST,"{""alpha"": 0.3, ""cat_depth"": 4, ""cat_iterations"": 500, ""cat_l2_leaf_reg"": 5, ""cat_learning_rate"": 0.05, ""xgb_colsample_bytree"": 0.8, ""xgb_learning_rate"": 0.03, ""xgb_max_depth"": 3, ""xgb_n_estimators"": 500, ""xgb_subsample"": 1.0}",0.3,4,500,5,0.05,0.8,0.03,3,500,1.0,0.9869441362752872,0.008882846810817161,0.01122269763997284,2.058131613914251,0.328309199557166,0.03427236551065937,0.04043434306675852,5.956885330355657,0.6769389823670742,0.02497940833481253,0.0311563994589615,4.580550619552644
1436,CATBOOST_XGBOOST,"{""alpha"": 0.7, ""cat_depth"": 4, ""cat_iterations"": 500, ""cat_l2_leaf_reg"": 5, ""cat_learning_rate"": 0.03, ""xgb_colsample_bytree"": 0.8, ""xgb_learning_rate"": 0.03, ""xgb_max_depth"": 5, ""xgb_n_estimators"": 300, ""xgb_subsample"": 1.0}",0.7,4,500,5,0.03,0.8,0.03,5,300,1.0,0.9812701577754596,0.01076608705677714,0.01344192654211992,2.499865064855118,0.3281264139712347,0.03374400351958712,0.04043984434230197,5.806173114336572,0.666570437858119,0.02482263944161435,0.03165242846936502,4.513501025062232
1437,CATBOOST_XGBOOST,"{""alpha"": 0.7, ""cat_depth"": 4, ""cat_iterations"": 500, ""cat_l2_leaf_reg"": 5, ""cat_learning_rate"": 0.03, ""xgb_colsample_bytree"": 0.8, ""xgb_learning_rate"": 0.03, ""xgb_max_depth"": 3, ""xgb_n_estimators"": 300, ""xgb_subsample"": 0.8}",0.7,4,500,5,0.03,0.8,0.03,3,300,0.8,0.9723671552423288,0.01308893562048556,0.0163270324832631,3.044974219852153,0.3278445945061976,0.03406002314893992,0.04044832476234471,5.882680220117967,0.6482676950128438,0.0253439482228542,0.03250956167780261,4.606886975213715
1438,CATBOOST_XGBOOST,"{""alpha"": 0.5, ""cat_depth"": 4, ""cat_iterations"": 500, ""cat_l2_leaf_reg"": 5, ""cat_learning_rate"": 0.05, ""xgb_colsample_bytree"": 0.8, ""xgb_learning_rate"": 0.05, ""xgb_max_depth"": 3, ""xgb_n_estimators"": 300, ""xgb_subsample"": 1.0}",0.5,4,500,5,0.05,0.8,0.05,3,300,1.0,0.9868276427647141,0.008928433189401924,0.01127265481219117,2.061557419841461,0.3277922945282147,0.03406878743269409,0.04044989836074803,5.910670027229906,0.6600709519572946,0.02520776629404773,0.0319594372821166,4.597910732251371
1439,CATBOOST_XGBOOST,"{""alpha"": 0.7, ""cat_depth"": 4, ""cat_iterations"": 300, ""cat_l2_leaf_reg"": 5, ""cat_learning_rate"": 0.03, ""xgb_colsample_bytree"": 1.0, ""xgb_learning_rate"": 0.03, ""xgb_max_depth"": 3, ""xgb_n_estimators"": 500, ""xgb_subsample"": 0.8}",0.7,4,300,5,0.03,1.0,0.03,3,500,0.8,0.9663052275043696,0.01443999886407802,0.01802916952836629,3.379511409173485,0.3275317366945127,0.03409092557005525,0.04045773709621739,5.866476125316304,0.6516270769521546,0.02524014423219782,0.03235394040618322,4.591835562086161
1440,CATBOOST_XGBOOST,"{""alpha"": 0.7, ""cat_depth"": 4, ""cat_iterations"": 300, ""cat_l2_leaf_reg"": 5, ""cat_learning_rate"": 0.03, ""xgb_colsample_bytree"": 1.0, ""xgb_learning_rate"": 0.05, ""xgb_max_depth"": 5, ""xgb_n_estimators"": 300, ""xgb_subsample"": 1.0}",0.7,4,300,5,0.03,1.0,0.05,5,300,1.0,0.9736519229508697,0.01274602779746896,0.01594295868318882,2.984629199400724,0.3272704879217261,0.03404422895257257,0.04046559509368461,5.842220793136508,0.6669398622826062,0.02494838809624588,0.03163488890153841,4.554650791416999
1441,CATBOOST_XGBOOST,"{""alpha"": 0.5, ""cat_depth"": 4, ""cat_iterations"": 300, ""cat_l2_leaf_reg"": 5, ""cat_learning_rate"": 0.05, ""xgb_colsample_bytree"": 0.8, ""xgb_learning_rate"": 0.05, ""xgb_max_depth"": 3, ""xgb_n_estimators"": 500, ""xgb_subsample"": 1.0}",0.5,4,300,5,0.05,0.8,0.05,3,500,1.0,0.986227432985545,0.009182033576836635,0.01152661812630995,2.126126501257263,0.3272343339325303,0.03404654304753019,0.04046668243488635,5.904459037822674,0.6678012631448724,0.02481632053491253,0.03159395340695459,4.526453461904687
1442,CATBOOST_XGBOOST,"{""alpha"": 0.7, ""cat_depth"": 4, ""cat_iterations"": 500, ""cat_l2_leaf_reg"": 5, ""cat_learning_rate"": 0.03, ""xgb_colsample_bytree"": 0.8, ""xgb_learning_rate"": 0.05, ""xgb_max_depth"": 3, ""xgb_n_estimators"": 500, ""xgb_subsample"": 0.8}",0.7,4,500,5,0.03,0.8,0.05,3,500,0.8,0.9799630471422993,0.01117984329232671,0.01390305677988138,2.594432242486077,0.3268637226009403,0.03415007698601115,0.04047782698859497,5.909023108575888,0.652006896047691,0.02491101452130359,0.03233629839834001,4.525364903013942
1443,CATBOOST_XGBOOST,"{""alpha"": 0.7, ""cat_depth"": 4, ""cat_iterations"": 300, ""cat_l2_leaf_reg"": 5, ""cat_learning_rate"": 0.05, ""xgb_colsample_bytree"": 1.0, ""xgb_learning_rate"": 0.03, ""xgb_max_depth"": 5, ""xgb_n_estimators"": 300, ""xgb_subsample"": 0.8}",0.7,4,300,5,0.05,1.0,0.03,5,300,0.8,0.9823641839054559,0.01039182616309797,0.01304344282739039,2.415257396620448,0.326757841478493,0.0339505338980873,0.0404810103478771,5.848133268587864,0.6598514734634897,0.02497602238608254,0.03196975307791711,4.538403358063594
1444,CATBOOST_XGBOOST,"{""alpha"": 0.7, ""cat_depth"": 4, ""cat_iterations"": 300, ""cat_l2_leaf_reg"": 5, ""cat_learning_rate"": 0.03, ""xgb_colsample_bytree"": 1.0, ""xgb_learning_rate"": 0.03, ""xgb_max_depth"": 5, ""xgb_n_estimators"": 300, ""xgb_subsample"": 1.0}",0.7,4,300,5,0.03,1.0,0.03,5,300,1.0,0.9714792867743908,0.01325412478378913,0.016587259885593,3.102914066295361,0.3267025508693484,0.03399855689351343,0.04048267258318169,5.835466217946036,0.6649704267470604,0.02512317006476257,0.03172828201139688,4.588501818630757
1445,CATBOOST_XGBOOST,"{""alpha"": 0.5, ""cat_depth"": 4, ""cat_iterations"": 300, ""cat_l2_leaf_reg"": 3, ""cat_learning_rate"": 0.03, ""xgb_colsample_bytree"": 0.8, ""xgb_learning_rate"": 0.03, ""xgb_max_depth"": 3, ""xgb_n_estimators"": 300, ""xgb_subsample"": 1.0}",0.5,4,300,3,0.03,0.8,0.03,3,300,1.0,0.967785356040405,0.01412851135484909,0.01762873405647576,3.296855382815195,0.3262299302531042,0.03449076775637548,0.04049687848079576,5.957123081765729,0.6730167999261996,0.02511841252402808,0.03134495890986438,4.586684118050107
1446,CATBOOST_XGBOOST,"{""alpha"": 0.7, ""cat_depth"": 4, ""cat_iterations"": 300, ""cat_l2_leaf_reg"": 5, ""cat_learning_rate"": 0.05, ""xgb_colsample_bytree"": 0.8, ""xgb_learning_rate"": 0.03, ""xgb_max_depth"": 3, ""xgb_n_estimators"": 300, ""xgb_subsample"": 0.8}",0.7,4,300,5,0.05,0.8,0.03,3,300,0.8,0.9738150088647471,0.01266580264203366,0.01589354126499889,2.950690800197208,0.3261105404490529,0.03421609325991429,0.04050046627761244,5.910433930961307,0.647604081910071,0.02536570397901743,0.0325402151102173,4.604964575075905
1447,CATBOOST_XGBOOST,"{""alpha"": 0.7, ""cat_depth"": 4, ""cat_iterations"": 300, ""cat_l2_leaf_reg"": 3, ""cat_learning_rate"": 0.03, ""xgb_colsample_bytree"": 0.8, ""xgb_learning_rate"": 0.03, ""xgb_max_depth"": 3, ""xgb_n_estimators"": 500, ""xgb_subsample"": 1.0}",0.7,4,300,3,0.03,0.8,0.03,3,500,1.0,0.9677717034511378,0.01416239726115049,0.01763246919586167,3.306048082199912,0.3260484930419998,0.03437803849518249,0.04050233074591653,5.92922770314138,0.6629809970701499,0.02481190946612334,0.03182234498898515,4.513965652436424
1448,CATBOOST_XGBOOST,"{""alpha"": 0.7, ""cat_depth"": 4, ""cat_iterations"": 300, ""cat_l2_leaf_reg"": 5, ""cat_learning_rate"": 0.05, ""xgb_colsample_bytree"": 1.0, ""xgb_learning_rate"": 0.05, ""xgb_max_depth"": 5, ""xgb_n_estimators"": 500, ""xgb_subsample"": 0.8}",0.7,4,300,5,0.05,1.0,0.05,5,500,0.8,0.9853629679441827,0.009495638910691285,0.01188285971995311,2.211568846563567,0.3257599743211373,0.03382466249114633,0.04051099934458085,5.830029550187232,0.6606969484246583,0.02500510513694768,0.0319299962646666,4.542545318548082
1449,CATBOOST_XGBOOST,"{""alpha"": 0.7, ""cat_depth"": 4, ""cat_iterations"": 500, ""cat_l2_leaf_reg"": 5, ""cat_learning_rate"": 0.05, ""xgb_colsample_bytree"": 1.0, ""xgb_learning_rate"": 0.03, ""xgb_max_depth"": 3, ""xgb_n_estimators"": 300, ""xgb_subsample"": 1.0}",0.7,4,500,5,0.05,1.0,0.03,3,300,1.0,0.9833830974803326,0.01008500786131875,0.01266104330727764,2.333933438810148,0.3252429221043918,0.03410446708677008,0.04052652963572333,5.903701524049949,0.6565621712186315,0.02521447973672575,0.03212395803428754,4.593700968986187
1450,CATBOOST_XGBOOST,"{""alpha"": 0.7, ""cat_depth"": 4, ""cat_iterations"": 300, ""cat_l2_leaf_reg"": 5, ""cat_learning_rate"": 0.05, ""xgb_colsample_bytree"": 0.8, ""xgb_learning_rate"": 0.03, ""xgb_max_depth"": 5, ""xgb_n_estimators"": 500, ""xgb_subsample"": 1.0}",0.7,4,300,5,0.05,0.8,0.03,5,500,1.0,0.984016547276272,0.0099197839098491,0.01241737390732994,2.307963652554718,0.3251649837787387,0.03383504509200879,0.04052887009184067,5.823239433698915,0.6649295467411083,0.02472543799992008,0.03173021768050962,4.48763537228252
1451,CATBOOST_XGBOOST,"{""alpha"": 0.7, ""cat_depth"": 4, ""cat_iterations"": 300, ""cat_l2_leaf_reg"": 5, ""cat_learning_rate"": 0.05, ""xgb_colsample_bytree"": 1.0, ""xgb_learning_rate"": 0.05, ""xgb_max_depth"": 5, ""xgb_n_estimators"": 300, ""xgb_subsample"": 0.8}",0.7,4,300,5,0.05,1.0,0.05,5,300,0.8,0.9843149930629869,0.009817581228960464,0.01230089795658989,2.28490081598088,0.3242460637936081,0.03383820539376975,0.04055645470000043,5.831880837888188,0.6593871748958311,0.02503781366645079,0.03199156479773432,4.54742764269142
1452,CATBOOST_XGBOOST,"{""alpha"": 0.7, ""cat_depth"": 4, ""cat_iterations"": 300, ""cat_l2_leaf_reg"": 5, ""cat_learning_rate"": 0.05, ""xgb_colsample_bytree"": 0.8, ""xgb_learning_rate"": 0.05, ""xgb_max_depth"": 3, ""xgb_n_estimators"": 500, ""xgb_subsample"": 0.8}",0.7,4,300,5,0.05,0.8,0.05,3,500,0.8,0.9811188279606884,0.01080216590222734,0.01349612005671552,2.510275627841508,0.3240816917302909,0.03431349481952592,0.04056138692639767,5.938085622117759,0.6506945254912126,0.02514673827977812,0.03239721522446873,4.570759662828333
1453,CATBOOST_XGBOOST,"{""alpha"": 0.7, ""cat_depth"": 4, ""cat_iterations"": 300, ""cat_l2_leaf_reg"": 5, ""cat_learning_rate"": 0.05, ""xgb_colsample_bytree"": 0.8, ""xgb_learning_rate"": 0.03, ""xgb_max_depth"": 5, ""xgb_n_estimators"": 300, ""xgb_subsample"": 1.0}",0.7,4,300,5,0.05,0.8,0.03,5,300,1.0,0.9823685488753795,0.01039914223261179,0.0130418285624575,2.419589862206275,0.323980623698841,0.03390355774708238,0.04056441932413411,5.834605417424834,0.6650536317893289,0.02474306994435328,0.03172434188612741,4.49148826010719
1454,CATBOOST_XGBOOST,"{""alpha"": 0.7, ""cat_depth"": 4, ""cat_iterations"": 500, ""cat_l2_leaf_reg"": 5, ""cat_learning_rate"": 0.03, ""xgb_colsample_bytree"": 1.0, ""xgb_learning_rate"": 0.05, ""xgb_max_depth"": 3, ""xgb_n_estimators"": 500, ""xgb_subsample"": 1.0}",0.7,4,500,5,0.03,1.0,0.05,3,500,1.0,0.9799204180607481,0.01118283686618656,0.01391783845971485,2.595773148627882,0.3239156804992324,0.03400983807221359,0.04056636772976211,5.879938629346519,0.6632356096014022,0.02467389459016366,0.03181032207837978,4.482893518053897
1455,CATBOOST_XGBOOST,"{""alpha"": 0.7, ""cat_depth"": 4, ""cat_iterations"": 300, ""cat_l2_leaf_reg"": 3, ""cat_learning_rate"": 0.05, ""xgb_colsample_bytree"": 1.0, ""xgb_learning_rate"": 0.03, ""xgb_max_depth"": 3, ""xgb_n_estimators"": 300, ""xgb_subsample"": 1.0}",0.7,4,300,3,0.05,1.0,0.03,3,300,1.0,0.9756370506536046,0.01235052688780005,0.01533060836621582,2.865331134221904,0.3232611080476839,0.03449531682696056,0.0405860007858287,5.963609295503938,0.6549529483080927,0.02528246766703992,0.03219913058505231,4.600864425683563
1456,CATBOOST_XGBOOST,"{""alpha"": 0.3, ""cat_depth"": 4, ""cat_iterations"": 500, ""cat_l2_leaf_reg"": 5, ""cat_learning_rate"": 0.05, ""xgb_colsample_bytree"": 0.8, ""xgb_learning_rate"": 0.03, ""xgb_max_depth"": 3, ""xgb_n_estimators"": 300, ""xgb_subsample"": 1.0}",0.3,4,500,5,0.05,0.8,0.03,3,300,1.0,0.9801070703386519,0.01099862761801066,0.01385299992078572,2.551496104979345,0.3229642798170002,0.03446518046445042,0.04059490063644198,5.976725723021652,0.6755053293954005,0.02522664364280764,0.031225454554609,4.619402049704627
1457,CATBOOST_XGBOOST,"{""alpha"": 0.7, ""cat_depth"": 4, ""cat_iterations"": 300, ""cat_l2_leaf_reg"": 3, ""cat_learning_rate"": 0.05, ""xgb_colsample_bytree"": 0.8, ""xgb_learning_rate"": 0.05, ""xgb_max_depth"": 3, ""xgb_n_estimators"": 500, ""xgb_subsample"": 1.0}",0.7,4,300,3,0.05,0.8,0.05,3,500,1.0,0.9826172477933922,0.01048107534271987,0.01294952170405224,2.419167743403695,0.3223685635244773,0.03437466508202048,0.04061275621312881,5.947276408294676,0.6489243478944476,0.02519156700282566,0.0324792012732664,4.586420589334715
1458,CATBOOST_XGBOOST,"{""alpha"": 0.7, ""cat_depth"": 4, ""cat_iterations"": 300, ""cat_l2_leaf_reg"": 5, ""cat_learning_rate"": 0.03, ""xgb_colsample_bytree"": 0.8, ""xgb_learning_rate"": 0.05, ""xgb_max_depth"": 5, ""xgb_n_estimators"": 300, ""xgb_subsample"": 0.8}",0.7,4,300,5,0.03,0.8,0.05,5,300,0.8,0.9738930361193758,0.01270086855027127,0.01586984344106859,2.974759441534799,0.3223194131416697,0.03429147826466853,0.04061422906120848,5.892206773784936,0.6668953156440456,0.02493242501652956,0.03163700440664465,4.540401276178354
1459,CATBOOST_XGBOOST,"{""alpha"": 0.3, ""cat_depth"": 4, ""cat_iterations"": 300, ""cat_l2_leaf_reg"": 3, ""cat_learning_rate"": 0.05, ""xgb_colsample_bytree"": 0.8, ""xgb_learning_rate"": 0.03, ""xgb_max_depth"": 3, ""xgb_n_estimators"": 300, ""xgb_subsample"": 1.0}",0.3,4,300,3,0.05,0.8,0.03,3,300,1.0,0.976712920906581,0.01195141751232126,0.01498828585581551,2.77425985764179,0.3223098117700907,0.03464536606220681,0.04061451677117905,6.00446854116031,0.6745670790485183,0.02527033191253525,0.03127056492018153,4.629110841458297
1460,CATBOOST_XGBOOST,"{""alpha"": 0.7, ""cat_depth"": 4, ""cat_iterations"": 300, ""cat_l2_leaf_reg"": 5, ""cat_learning_rate"": 0.03, ""xgb_colsample_bytree"": 0.8, ""xgb_learning_rate"": 0.05, ""xgb_max_depth"": 5, ""xgb_n_estimators"": 500, ""xgb_subsample"": 0.8}",0.7,4,300,5,0.03,0.8,0.05,5,500,0.8,0.9752549193759226,0.01235856818324859,0.01545037037665676,2.89623500016394,0.3222053880937102,0.03432912556774217,0.04061764574800798,5.899893674217006,0.6679749790232268,0.02488537227676066,0.03158569165209126,4.531314433956758
1461,CATBOOST_XGBOOST,"{""alpha"": 0.7, ""cat_depth"": 4, ""cat_iterations"": 500, ""cat_l2_leaf_reg"": 5, ""cat_learning_rate"": 0.03, ""xgb_colsample_bytree"": 0.8, ""xgb_learning_rate"": 0.05, ""xgb_max_depth"": 3, ""xgb_n_estimators"": 300, ""xgb_subsample"": 0.8}",0.7,4,500,5,0.03,0.8,0.05,3,300,0.8,0.976334165355072,0.01213815684933077,0.01510968363053773,2.819344325044156,0.3217235455798468,0.03432062029519212,0.04063208067499604,5.938965892881451,0.6486069247606263,0.02516106650302111,0.03249388090212965,4.573140290581772
1462,CATBOOST_XGBOOST,"{""alpha"": 0.7, ""cat_depth"": 4, ""cat_iterations"": 300, ""cat_l2_leaf_reg"": 5, ""cat_learning_rate"": 0.05, ""xgb_colsample_bytree"": 1.0, ""xgb_learning_rate"": 0.05, ""xgb_max_depth"": 3, ""xgb_n_estimators"": 500, ""xgb_subsample"": 1.0}",0.7,4,300,5,0.05,1.0,0.05,3,500,1.0,0.9810748827672099,0.0108126403186915,0.01351181677587676,2.513289563209624,0.3213132032632294,0.03418879618834569,0.04064436957361413,5.912017626319179,0.6619650093317244,0.02486481023739517,0.03187027519782544,4.52084910048418
1463,CATBOOST_XGBOOST,"{""alpha"": 0.5, ""cat_depth"": 4, ""cat_iterations"": 300, ""cat_l2_leaf_reg"": 5, ""cat_learning_rate"": 0.03, ""xgb_colsample_bytree"": 1.0, ""xgb_learning_rate"": 0.03, ""xgb_max_depth"": 3, ""xgb_n_estimators"": 300, ""xgb_subsample"": 1.0}",0.5,4,300,5,0.03,1.0,0.03,3,300,1.0,0.9660071732731299,0.01443140433890757,0.01810873437852978,3.382451014180888,0.3212917725047378,0.03445267043493933,0.04064501127815039,5.949231933143273,0.6761740255260417,0.02528955879577053,0.03119326433575711,4.625026068775034
1464,CATBOOST_XGBOOST,"{""alpha"": 0.7, ""cat_depth"": 4, ""cat_iterations"": 300, ""cat_l2_leaf_reg"": 5, ""cat_learning_rate"": 0.03, ""xgb_colsample_bytree"": 0.8, ""xgb_learning_rate"": 0.03, ""xgb_max_depth"": 3, ""xgb_n_estimators"": 500, ""xgb_subsample"": 0.8}",0.7,4,300,5,0.03,0.8,0.03,3,500,0.8,0.9659465512707022,0.01452415614882364,0.01812487452983366,3.398345721484593,0.3211465134943943,0.03436930353562859,0.04064936052426809,5.914375492367933,0.6497361882345736,0.02541173696215316,0.03244162648440979,4.624382441467857
1465,CATBOOST_XGBOOST,"{""alpha"": 0.7, ""cat_depth"": 4, ""cat_iterations"": 500, ""cat_l2_leaf_reg"": 5, ""cat_learning_rate"": 0.03, ""xgb_colsample_bytree"": 0.8, ""xgb_learning_rate"": 0.03, ""xgb_max_depth"": 5, ""xgb_n_estimators"": 500, ""xgb_subsample"": 0.8}",0.7,4,500,5,0.03,0.8,0.03,5,500,0.8,0.9831664858663245,0.01023116900622354,0.01274329838354941,2.376694812032814,0.3209731957593882,0.03432784351291018,0.04065454927678452,5.921571299875978,0.6702598416368979,0.02456260522370819,0.0314768240217673,4.461830521463515
1466,CATBOOST_XGBOOST,"{""alpha"": 0.3, ""cat_depth"": 4, ""cat_iterations"": 300, ""cat_l2_leaf_reg"": 5, ""cat_learning_rate"": 0.03, ""xgb_colsample_bytree"": 0.8, ""xgb_learning_rate"": 0.03, ""xgb_max_depth"": 3, ""xgb_n_estimators"": 500, ""xgb_subsample"": 1.0}",0.3,4,300,5,0.03,0.8,0.03,3,500,1.0,0.9799201956215531,0.01112138463683383,0.0139179155495721,2.594098362003785,0.3205104425852674,0.03459870858214784,0.04066839984752108,5.998619446064513,0.6804592177895014,0.02482262350826581,0.03098618660399092,4.554399615811184
1467,CATBOOST_XGBOOST,"{""alpha"": 0.3, ""cat_depth"": 4, ""cat_iterations"": 500, ""cat_l2_leaf_reg"": 5, ""cat_learning_rate"": 0.03, ""xgb_colsample_bytree"": 0.8, ""xgb_learning_rate"": 0.03, ""xgb_max_depth"": 3, ""xgb_n_estimators"": 500, ""xgb_subsample"": 1.0}",0.3,4,500,5,0.03,0.8,0.03,3,500,1.0,0.9831997044828383,0.01013166763047904,0.0127307186042064,2.353182982104622,0.3203373258658507,0.03451288441068075,0.04067358015641488,5.993847299907401,0.6770999826819486,0.02496547032560991,0.03114863495787521,4.577815209745784
1468,CATBOOST_XGBOOST,"{""alpha"": 0.7, ""cat_depth"": 4, ""cat_iterations"": 500, ""cat_l2_leaf_reg"": 5, ""cat_learning_rate"": 0.05, ""xgb_colsample_bytree"": 0.8, ""xgb_learning_rate"": 0.05, ""xgb_max_depth"": 3, ""xgb_n_estimators"": 500, ""xgb_subsample"": 1.0}",0.7,4,500,5,0.05,0.8,0.05,3,500,1.0,0.9888345758868019,0.008280903627859921,0.01037843979445883,1.905162928155179,0.3199189851548825,0.03413147445689049,0.04068609577452526,5.911925792601328,0.6477288234492906,0.02526865928929495,0.03253445528783096,4.604399793803664
1469,CATBOOST_XGBOOST,"{""alpha"": 0.5, ""cat_depth"": 4, ""cat_iterations"": 300, ""cat_l2_leaf_reg"": 3, ""cat_learning_rate"": 0.05, ""xgb_colsample_bytree"": 0.8, ""xgb_learning_rate"": 0.03, ""xgb_max_depth"": 3, ""xgb_n_estimators"": 500, ""xgb_subsample"": 1.0}",0.5,4,300,3,0.05,0.8,0.03,3,500,1.0,0.9819483852882193,0.01061927298992419,0.01319630929462238,2.458736462103376,0.3198805251571378,0.03460698027552233,0.04068724619998576,5.998583093032892,0.6654326799901,0.02502621708141598,0.03170638608801463,4.571112283873326
1470,CATBOOST_XGBOOST,"{""alpha"": 0.7, ""cat_depth"": 4, ""cat_iterations"": 300, ""cat_l2_leaf_reg"": 5, ""cat_learning_rate"": 0.05, ""xgb_colsample_bytree"": 0.8, ""xgb_learning_rate"": 0.05, ""xgb_max_depth"": 3, ""xgb_n_estimators"": 300, ""xgb_subsample"": 0.8}",0.7,4,300,5,0.05,0.8,0.05,3,300,0.8,0.9776312655540867,0.01173283573185023,0.01468977571866527,2.729234974708679,0.3198490723605052,0.03448539653778863,0.04068818700004544,5.968249982743282,0.647843917345263,0.02532715435455386,0.03252914003162573,4.603931196030478
1471,CATBOOST_XGBOOST,"{""alpha"": 0.3, ""cat_depth"": 4, ""cat_iterations"": 300, ""cat_l2_leaf_reg"": 5, ""cat_learning_rate"": 0.05, ""xgb_colsample_bytree"": 0.8, ""xgb_learning_rate"": 0.03, ""xgb_max_depth"": 3, ""xgb_n_estimators"": 500, ""xgb_subsample"": 1.0}",0.3,4,300,5,0.05,0.8,0.03,3,500,1.0,0.9836937982415631,0.009960223644723858,0.01254211746830769,2.314952138697018,0.3194475033936109,0.03455740708299983,0.04070019661553364,6.002211199605313,0.6775439419728589,0.02496834347037254,0.03112721426766222,4.577250531470714
1472,CATBOOST_XGBOOST,"{""alpha"": 0.7, ""cat_depth"": 4, ""cat_iterations"": 300, ""cat_l2_leaf_reg"": 3, ""cat_learning_rate"": 0.03, ""xgb_colsample_bytree"": 0.8, ""xgb_learning_rate"": 0.03, ""xgb_max_depth"": 3, ""xgb_n_estimators"": 300, ""xgb_subsample"": 1.0}",0.7,4,300,3,0.03,0.8,0.03,3,300,1.0,0.9630931580618237,0.01513228891626426,0.01886895725555648,3.533117561135364,0.3190456312641727,0.03451686155832533,0.04071221175091722,5.947365348892673,0.658864352561678,0.02510020364399516,0.03201610804732605,4.56545366886667
1473,CATBOOST_XGBOOST,"{""alpha"": 0.5, ""cat_depth"": 4, ""cat_iterations"": 500, ""cat_l2_leaf_reg"": 5, ""cat_learning_rate"": 0.05, ""xgb_colsample_bytree"": 0.8, ""xgb_learning_rate"": 0.03, ""xgb_max_depth"": 3, ""xgb_n_estimators"": 500, ""xgb_subsample"": 1.0}",0.5,4,500,5,0.05,0.8,0.03,3,500,1.0,0.9866149050403876,0.009042047952865326,0.01136331868134394,2.090552914129403,0.3188105099283719,0.03435875527249922,0.04071923974273696,5.960687591680417,0.6650848033202941,0.02505481533989254,0.03172286565081318,4.575603376008656
1474,CATBOOST_XGBOOST,"{""alpha"": 0.7, ""cat_depth"": 4, ""cat_iterations"": 300, ""cat_l2_leaf_reg"": 5, ""cat_learning_rate"": 0.03, ""xgb_colsample_bytree"": 0.8, ""xgb_learning_rate"": 0.05, ""xgb_max_depth"": 3, ""xgb_n_estimators"": 500, ""xgb_subsample"": 0.8}",0.7,4,300,5,0.03,0.8,0.05,3,500,0.8,0.9701945774836437,0.01358428366491874,0.01695672978777955,3.178555458145568,0.3180365390356902,0.03455352226532456,0.04074236587713527,5.953605051245749,0.6549836440857044,0.02515196797276731,0.03219769831758379,4.575111418930359
1475,CATBOOST_XGBOOST,"{""alpha"": 0.7, ""cat_depth"": 4, ""cat_iterations"": 300, ""cat_l2_leaf_reg"": 5, ""cat_learning_rate"": 0.03, ""xgb_colsample_bytree"": 1.0, ""xgb_learning_rate"": 0.03, ""xgb_max_depth"": 3, ""xgb_n_estimators"": 300, ""xgb_subsample"": 0.8}",0.7,4,300,5,0.03,1.0,0.03,3,300,0.8,0.9612852330654447,0.0154527406907489,0.01932559094395771,3.617070097168212,0.317819392597695,0.03431949015546411,0.04074885182248877,5.903637006184896,0.6485693504202255,0.02554133440059682,0.03249561813543214,4.648027187307697
1476,CATBOOST_XGBOOST,"{""alpha"": 0.7, ""cat_depth"": 4, ""cat_iterations"": 500, ""cat_l2_leaf_reg"": 5, ""cat_learning_rate"": 0.03, ""xgb_colsample_bytree"": 0.8, ""xgb_learning_rate"": 0.03, ""xgb_max_depth"": 5, ""xgb_n_estimators"": 300, ""xgb_subsample"": 0.8}",0.7,4,500,5,0.03,0.8,0.03,5,300,0.8,0.9809468061662178,0.01086523398708212,0.01355746060254859,2.521616882431928,0.3175172186830698,0.03439686040405127,0.04075787573543315,5.932703817511972,0.6687453386856408,0.02463762949703241,0.03154902804015708,4.475951696093264
1477,CATBOOST_XGBOOST,"{""alpha"": 0.7, ""cat_depth"": 4, ""cat_iterations"": 500, ""cat_l2_leaf_reg"": 5, ""cat_learning_rate"": 0.03, ""xgb_colsample_bytree"": 1.0, ""xgb_learning_rate"": 0.05, ""xgb_max_depth"": 3, ""xgb_n_estimators"": 500, ""xgb_subsample"": 0.8}",0.7,4,500,5,0.03,1.0,0.05,3,500,0.8,0.9802673068919897,0.01107209580788341,0.01379709450362564,2.570378228376742,0.3174364050571828,0.03420360099565421,0.04076028875911088,5.911910852239528,0.652758662963408,0.02491548334135033,0.03230135158176711,4.526994959977308
1478,CATBOOST_XGBOOST,"{""alpha"": 0.7, ""cat_depth"": 4, ""cat_iterations"": 300, ""cat_l2_leaf_reg"": 5, ""cat_learning_rate"": 0.05, ""xgb_colsample_bytree"": 0.8, ""xgb_learning_rate"": 0.03, ""xgb_max_depth"": 5, ""xgb_n_estimators"": 500, ""xgb_subsample"": 0.8}",0.7,4,300,5,0.05,0.8,0.03,5,500,0.8,0.9842110502419297,0.009854420760186021,0.01234158900508966,2.293182935731163,0.3168021845125368,0.03458455552834242,0.04077922106849011,5.969194354995155,0.6680580312465154,0.02468392328599569,0.03158174100708672,4.479318804267504
1479,CATBOOST_XGBOOST,"{""alpha"": 0.7, ""cat_depth"": 4, ""cat_iterations"": 300, ""cat_l2_leaf_reg"": 5, ""cat_learning_rate"": 0.03, ""xgb_colsample_bytree"": 1.0, ""xgb_learning_rate"": 0.03, ""xgb_max_depth"": 5, ""xgb_n_estimators"": 500, ""xgb_subsample"": 0.8}",0.7,4,300,5,0.03,1.0,0.03,5,500,0.8,0.9741363610725821,0.01263192545685292,0.01579571439322601,2.958579685367404,0.3164043179712672,0.03416538178109724,0.0407910934177665,5.860234890485902,0.6612517649761263,0.02520943261852222,0.03190388017446751,4.59609766413709
1480,CATBOOST_XGBOOST,"{""alpha"": 0.7, ""cat_depth"": 4, ""cat_iterations"": 300, ""cat_l2_leaf_reg"": 5, ""cat_learning_rate"": 0.03, ""xgb_colsample_bytree"": 1.0, ""xgb_learning_rate"": 0.05, ""xgb_max_depth"": 5, ""xgb_n_estimators"": 500, ""xgb_subsample"": 0.8}",0.7,4,300,5,0.03,1.0,0.05,5,500,0.8,0.9752741548822316,0.01235004225174661,0.0154443640621118,2.893991500463676,0.3155724083092343,0.03396165067529509,0.04081590646710356,5.825153372944584,0.6623253237731912,0.02517421540642972,0.0318532852671982,4.584808392496707
1481,CATBOOST_XGBOOST,"{""alpha"": 0.7, ""cat_depth"": 4, ""cat_iterations"": 500, ""cat_l2_leaf_reg"": 5, ""cat_learning_rate"": 0.03, ""xgb_colsample_bytree"": 1.0, ""xgb_learning_rate"": 0.05, ""xgb_max_depth"": 3, ""xgb_n_estimators"": 300, ""xgb_subsample"": 0.8}",0.7,4,500,5,0.03,1.0,0.05,3,300,0.8,0.9765724562903618,0.01204779397158638,0.01503342158519375,2.799795423238967,0.3152905057373651,0.034260510452984,0.04082431124549325,5.920838111358306,0.6500298039508606,0.02506112678842506,0.03242802620924064,4.556822407062952
1482,CATBOOST_XGBOOST,"{""alpha"": 0.5, ""cat_depth"": 4, ""cat_iterations"": 500, ""cat_l2_leaf_reg"": 5, ""cat_learning_rate"": 0.03, ""xgb_colsample_bytree"": 0.8, ""xgb_learning_rate"": 0.05, ""xgb_max_depth"": 3, ""xgb_n_estimators"": 300, ""xgb_subsample"": 1.0}",0.5,4,500,5,0.03,0.8,0.05,3,300,1.0,0.9801700339062871,0.01102126445685311,0.01383105932206707,2.555952975301765,0.3149965502213649,0.03435409101251036,0.0408330735336277,5.953433965785504,0.660685386852403,0.02514944713941721,0.03193054025891088,4.587564179691006
1483,CATBOOST_XGBOOST,"{""alpha"": 0.7, ""cat_depth"": 4, ""cat_iterations"": 300, ""cat_l2_leaf_reg"": 5, ""cat_learning_rate"": 0.03, ""xgb_colsample_bytree"": 1.0, ""xgb_learning_rate"": 0.05, ""xgb_max_depth"": 3, ""xgb_n_estimators"": 500, ""xgb_subsample"": 1.0}",0.7,4,300,5,0.03,1.0,0.05,3,500,1.0,0.9701263362123785,0.01362025792176483,0.01697613040546317,3.186763170745853,0.3147841930235309,0.03438722495489568,0.04083940235222294,5.919445246388435,0.665862803587459,0.02484939907321283,0.03168599848583109,4.519987895047953
1484,CATBOOST_XGBOOST,"{""alpha"": 0.5, ""cat_depth"": 4, ""cat_iterations"": 500, ""cat_l2_leaf_reg"": 5, ""cat_learning_rate"": 0.05, ""xgb_colsample_bytree"": 0.8, ""xgb_learning_rate"": 0.03, ""xgb_max_depth"": 3, ""xgb_n_estimators"": 300, ""xgb_subsample"": 1.0}",0.5,4,500,5,0.05,0.8,0.03,3,300,1.0,0.9818972989116995,0.01051800115712507,0.01321496899195777,2.435756001738377,0.3147610050218295,0.03452515704812405,0.04084009335796897,5.979504567229983,0.6638863360869558,0.02524989562665511,0.03177957383291916,4.605577576990873
1485,CATBOOST_XGBOOST,"{""alpha"": 0.7, ""cat_depth"": 4, ""cat_iterations"": 300, ""cat_l2_leaf_reg"": 5, ""cat_learning_rate"": 0.03, ""xgb_colsample_bytree"": 0.8, ""xgb_learning_rate"": 0.03, ""xgb_max_depth"": 3, ""xgb_n_estimators"": 300, ""xgb_subsample"": 0.8}",0.7,4,300,5,0.03,0.8,0.03,3,300,0.8,0.9608246410944395,0.0155495870537628,0.01944020991861137,3.640968556914651,0.3142527021060496,0.03452948669231888,0.0408552379209517,5.940120367084309,0.6469119696640051,0.02563228829504511,0.03257215423451463,4.666146302350121
1486,CATBOOST_XGBOOST,"{""alpha"": 0.7, ""cat_depth"": 4, ""cat_iterations"": 500, ""cat_l2_leaf_reg"": 5, ""cat_learning_rate"": 0.03, ""xgb_colsample_bytree"": 1.0, ""xgb_learning_rate"": 0.05, ""xgb_max_depth"": 3, ""xgb_n_estimators"": 300, ""xgb_subsample"": 1.0}",0.7,4,500,5,0.03,1.0,0.05,3,300,1.0,0.9762156357431013,0.01214137208583756,0.01514747456606639,2.824306573614166,0.3139739510667751,0.03429050408705411,0.04086354074837219,5.926693355106225,0.6565083773796807,0.02503615282701888,0.03212647377835681,4.551191444771942
1487,CATBOOST_XGBOOST,"{""alpha"": 0.7, ""cat_depth"": 4, ""cat_iterations"": 300, ""cat_l2_leaf_reg"": 5, ""cat_learning_rate"": 0.03, ""xgb_colsample_bytree"": 1.0, ""xgb_learning_rate"": 0.03, ""xgb_max_depth"": 5, ""xgb_n_estimators"": 300, ""xgb_subsample"": 0.8}",0.7,4,300,5,0.03,1.0,0.03,5,300,0.8,0.9716152230304317,0.01322907244936111,0.01654768333036759,3.094970213056434,0.3139638549344704,0.03421262110583614,0.04086384143826333,5.868407492093236,0.6598057324840252,0.02527022729078234,0.03197190254873229,4.608052562309228
1488,CATBOOST_XGBOOST,"{""alpha"": 0.7, ""cat_depth"": 4, ""cat_iterations"": 300, ""cat_l2_leaf_reg"": 5, ""cat_learning_rate"": 0.03, ""xgb_colsample_bytree"": 1.0, ""xgb_learning_rate"": 0.05, ""xgb_max_depth"": 5, ""xgb_n_estimators"": 300, ""xgb_subsample"": 0.8}",0.7,4,300,5,0.03,1.0,0.05,5,300,0.8,0.9740221313428095,0.01266096507342768,0.01583055775595456,2.965064443258796,0.313955421099042,0.0339854711428287,0.0408640926188002,5.829016670677914,0.6608282380571119,0.02522365553654043,0.03192381818425655,4.593146284233886
1489,CATBOOST_XGBOOST,"{""alpha"": 0.7, ""cat_depth"": 4, ""cat_iterations"": 300, ""cat_l2_leaf_reg"": 5, ""cat_learning_rate"": 0.05, ""xgb_colsample_bytree"": 0.8, ""xgb_learning_rate"": 0.03, ""xgb_max_depth"": 5, ""xgb_n_estimators"": 300, ""xgb_subsample"": 0.8}",0.7,4,300,5,0.05,0.8,0.03,5,300,0.8,0.9820688641085648,0.01047753631233922,0.01315219863053423,2.435367712028948,0.3137148098945369,0.03465400839861909,0.04087125796700964,5.98041298788407,0.6667876790248644,0.02472415401780598,0.03164211545027411,4.486234205082574
1490,CATBOOST_XGBOOST,"{""alpha"": 0.5, ""cat_depth"": 4, ""cat_iterations"": 300, ""cat_l2_leaf_reg"": 3, ""cat_learning_rate"": 0.05, ""xgb_colsample_bytree"": 0.8, ""xgb_learning_rate"": 0.03, ""xgb_max_depth"": 3, ""xgb_n_estimators"": 300, ""xgb_subsample"": 1.0}",0.5,4,300,3,0.05,0.8,0.03,3,300,1.0,0.9763040919862777,0.01212193506899982,0.01511928090081562,2.811688735546908,0.3135000521454049,0.03480776885612455,0.04087765234424844,6.022855873748869,0.6624611996428833,0.02530917195775436,0.03184687594985438,4.61622603886678
1491,CATBOOST_XGBOOST,"{""alpha"": 0.7, ""cat_depth"": 4, ""cat_iterations"": 300, ""cat_l2_leaf_reg"": 5, ""cat_learning_rate"": 0.05, ""xgb_colsample_bytree"": 1.0, ""xgb_learning_rate"": 0.05, ""xgb_max_depth"": 3, ""xgb_n_estimators"": 500, ""xgb_subsample"": 0.8}",0.7,4,300,5,0.05,1.0,0.05,3,500,0.8,0.9814144763177348,0.01069865596663663,0.01339003954304739,2.486963292514898,0.3133630536860658,0.03436721975450379,0.04088173092869998,5.94100613963198,0.6511807190446715,0.02507973401143759,0.03237466075113373,4.556863394177936
1492,CATBOOST_XGBOOST,"{""alpha"": 0.5, ""cat_depth"": 4, ""cat_iterations"": 300, ""cat_l2_leaf_reg"": 5, ""cat_learning_rate"": 0.05, ""xgb_colsample_bytree"": 0.8, ""xgb_learning_rate"": 0.05, ""xgb_max_depth"": 3, ""xgb_n_estimators"": 300, ""xgb_subsample"": 1.0}",0.5,4,300,5,0.05,0.8,0.05,3,300,1.0,0.9810419884608216,0.01073476579759734,0.01352355432207042,2.492858313363456,0.3132242856835666,0.03443827126220941,0.0408858617794863,5.968971656748715,0.6609735833380215,0.0251866675697418,0.0319169772941218,4.592016136561865
1493,CATBOOST_XGBOOST,"{""alpha"": 0.7, ""cat_depth"": 4, ""cat_iterations"": 300, ""cat_l2_leaf_reg"": 3, ""cat_learning_rate"": 0.05, ""xgb_colsample_bytree"": 0.8, ""xgb_learning_rate"": 0.05, ""xgb_max_depth"": 3, ""xgb_n_estimators"": 300, ""xgb_subsample"": 1.0}",0.7,4,300,3,0.05,0.8,0.05,3,300,1.0,0.9793080266582802,0.0114134246351126,0.01412847909422302,2.638843193431483,0.3127558245452784,0.03461441443095318,0.04089980386555885,5.986914786847774,0.64424796563414,0.02538399723370468,0.03269479970203871,4.618577394878175
1494,CATBOOST_XGBOOST,"{""alpha"": 0.5, ""cat_depth"": 4, ""cat_iterations"": 300, ""cat_l2_leaf_reg"": 5, ""cat_learning_rate"": 0.03, ""xgb_colsample_bytree"": 0.8, ""xgb_learning_rate"": 0.05, ""xgb_max_depth"": 3, ""xgb_n_estimators"": 300, ""xgb_subsample"": 1.0}",0.5,4,300,5,0.03,0.8,0.05,3,300,1.0,0.9737110251015954,0.01273295987413721,0.01592506758351951,2.972153133336452,0.3127155525025318,0.03459386601591428,0.04090100219839245,5.976881881001325,0.6646514499205174,0.02524754064878571,0.03174338243796417,4.609129300606176
1495,CATBOOST_XGBOOST,"{""alpha"": 0.3, ""cat_depth"": 4, ""cat_iterations"": 500, ""cat_l2_leaf_reg"": 5, ""cat_learning_rate"": 0.03, ""xgb_colsample_bytree"": 0.8, ""xgb_learning_rate"": 0.03, ""xgb_max_depth"": 3, ""xgb_n_estimators"": 300, ""xgb_subsample"": 1.0}",0.3,4,500,5,0.03,0.8,0.03,3,300,1.0,0.9751888739917494,0.01233214495616729,0.0154709753947387,2.868994576978402,0.3125589159019305,0.0347180769458084,0.04090566273522282,6.015670253096812,0.6738410783193076,0.02534940108425631,0.03130542587613313,4.644408204116662
1496,CATBOOST_XGBOOST,"{""alpha"": 0.7, ""cat_depth"": 4, ""cat_iterations"": 300, ""cat_l2_leaf_reg"": 5, ""cat_learning_rate"": 0.05, ""xgb_colsample_bytree"": 1.0, ""xgb_learning_rate"": 0.05, ""xgb_max_depth"": 3, ""xgb_n_estimators"": 300, ""xgb_subsample"": 0.8}",0.7,4,300,5,0.05,1.0,0.05,3,300,0.8,0.9778503293780508,0.01164877523720475,0.01461766801904341,2.710578513060139,0.3124577447488232,0.03442006468047925,0.04090867268102693,5.949270414446569,0.6492791566515871,0.02512894952314338,0.03246278484271878,4.564843847877485
1497,CATBOOST_XGBOOST,"{""alpha"": 0.7, ""cat_depth"": 4, ""cat_iterations"": 300, ""cat_l2_leaf_reg"": 5, ""cat_learning_rate"": 0.05, ""xgb_colsample_bytree"": 1.0, ""xgb_learning_rate"": 0.05, ""xgb_max_depth"": 3, ""xgb_n_estimators"": 300, ""xgb_subsample"": 1.0}",0.7,4,300,5,0.05,1.0,0.05,3,300,1.0,0.9775233465047364,0.01174706817950381,0.01472516885044761,2.73633296727617,0.3122001788908884,0.03445005831454936,0.04091633453066057,5.955125658194488,0.655618539175626,0.02519404754851228,0.0321680597609799,4.58092488707069
1498,CATBOOST_XGBOOST,"{""alpha"": 0.7, ""cat_depth"": 4, ""cat_iterations"": 300, ""cat_l2_leaf_reg"": 5, ""cat_learning_rate"": 0.03, ""xgb_colsample_bytree"": 0.8, ""xgb_learning_rate"": 0.03, ""xgb_max_depth"": 5, ""xgb_n_estimators"": 500, ""xgb_subsample"": 1.0}",0.7,4,300,5,0.03,0.8,0.03,5,500,1.0,0.9736506073072297,0.01275159668891137,0.01594335671964362,2.985284277675853,0.3121032313537346,0.03414524622652209,0.04091921807174999,5.853562039064418,0.66444690129314,0.02505870379597704,0.03175306203175034,4.563196600728881
1499,CATBOOST_XGBOOST,"{""alpha"": 0.7, ""cat_depth"": 4, ""cat_iterations"": 500, ""cat_l2_leaf_reg"": 5, ""cat_learning_rate"": 0.05, ""xgb_colsample_bytree"": 0.8, ""xgb_learning_rate"": 0.05, ""xgb_max_depth"": 3, ""xgb_n_estimators"": 300, ""xgb_subsample"": 1.0}",0.7,4,500,5,0.05,0.8,0.05,3,300,1.0,0.9862235328781558,0.009172442525414624,0.01152825006124061,2.115358555375789,0.3118558108098328,0.03438576733914838,0.04092657625792805,5.953934870076802,0.6440148752943877,0.02540515953379448,0.03270550883837649,4.627035857859555
1500,CATBOOST_XGBOOST,"{""alpha"": 0.3, ""cat_depth"": 4, ""cat_iterations"": 300, ""cat_l2_leaf_reg"": 5, ""cat_learning_rate"": 0.05, ""xgb_colsample_bytree"": 0.8, ""xgb_learning_rate"": 0.03, ""xgb_max_depth"": 3, ""xgb_n_estimators"": 300, ""xgb_subsample"": 1.0}",0.3,4,300,5,0.05,0.8,0.03,3,300,1.0,0.9758140876406045,0.01214938066478331,0.0152748057364446,2.82801509877107,0.3117464633903396,0.03478645732902067,0.04092982778413931,6.027855525848926,0.67437638768852,0.02532384971280595,0.03127972526152629,4.635574439191868
1501,CATBOOST_XGBOOST,"{""alpha"": 0.7, ""cat_depth"": 4, ""cat_iterations"": 300, ""cat_l2_leaf_reg"": 5, ""cat_learning_rate"": 0.03, ""xgb_colsample_bytree"": 0.8, ""xgb_learning_rate"": 0.05, ""xgb_max_depth"": 3, ""xgb_n_estimators"": 300, ""xgb_subsample"": 0.8}",0.7,4,300,5,0.03,0.8,0.05,3,300,0.8,0.9658255287724534,0.01454980365859868,0.01815705294712369,3.404800248756566,0.3113165216562689,0.03475504797272325,0.04094260991517099,5.989582196065287,0.6503103812430339,0.02543408657960424,0.03241502454189998,4.629176828225932
1502,CATBOOST_XGBOOST,"{""alpha"": 0.7, ""cat_depth"": 4, ""cat_iterations"": 300, ""cat_l2_leaf_reg"": 5, ""cat_learning_rate"": 0.03, ""xgb_colsample_bytree"": 0.8, ""xgb_learning_rate"": 0.03, ""xgb_max_depth"": 5, ""xgb_n_estimators"": 300, ""xgb_subsample"": 1.0}",0.7,4,300,5,0.03,0.8,0.03,5,300,1.0,0.9715938912165619,0.01322238787969432,0.01655390014520541,3.094749335875483,0.3103944006714791,0.03419915526294309,0.04097001104472435,5.861832755603266,0.6641072429759092,0.02508550569745596,0.03176912873438807,4.568637484418121
1503,CATBOOST_XGBOOST,"{""alpha"": 0.3, ""cat_depth"": 4, ""cat_iterations"": 300, ""cat_l2_leaf_reg"": 5, ""cat_learning_rate"": 0.03, ""xgb_colsample_bytree"": 0.8, ""xgb_learning_rate"": 0.03, ""xgb_max_depth"": 3, ""xgb_n_estimators"": 300, ""xgb_subsample"": 1.0}",0.3,4,300,5,0.03,0.8,0.03,3,300,1.0,0.970901022891004,0.0133697656197193,0.01675457128695052,3.120303760970783,0.3091056419693109,0.03489722850315825,0.04100827625929658,6.035993402246974,0.6748358452798662,0.02544451554332072,0.03125764949688253,4.665108846360909
1504,CATBOOST_XGBOOST,"{""alpha"": 0.7, ""cat_depth"": 4, ""cat_iterations"": 500, ""cat_l2_leaf_reg"": 5, ""cat_learning_rate"": 0.03, ""xgb_colsample_bytree"": 1.0, ""xgb_learning_rate"": 0.03, ""xgb_max_depth"": 3, ""xgb_n_estimators"": 500, ""xgb_subsample"": 1.0}",0.7,4,500,5,0.03,1.0,0.03,3,500,1.0,0.9764217962294924,0.01209020026288474,0.01508168329178901,2.81056774443744,0.3084224809476815,0.03441186058586467,0.04102854588053616,5.950624470427069,0.6593274996821649,0.02497860910282334,0.03199436712887531,4.541377198109458
1505,CATBOOST_XGBOOST,"{""alpha"": 0.7, ""cat_depth"": 4, ""cat_iterations"": 300, ""cat_l2_leaf_reg"": 5, ""cat_learning_rate"": 0.03, ""xgb_colsample_bytree"": 1.0, ""xgb_learning_rate"": 0.05, ""xgb_max_depth"": 3, ""xgb_n_estimators"": 500, ""xgb_subsample"": 0.8}",0.7,4,300,5,0.03,1.0,0.05,3,500,0.8,0.9705395896406575,0.01348301719667097,0.01685830295679703,3.155583097827095,0.3075730306673031,0.03460994046501756,0.04105373540268067,5.957056488721422,0.6552466401843772,0.02515943762044146,0.03218542428590746,4.578323952593192
1506,CATBOOST_XGBOOST,"{""alpha"": 0.7, ""cat_depth"": 4, ""cat_iterations"": 300, ""cat_l2_leaf_reg"": 5, ""cat_learning_rate"": 0.05, ""xgb_colsample_bytree"": 1.0, ""xgb_learning_rate"": 0.03, ""xgb_max_depth"": 3, ""xgb_n_estimators"": 500, ""xgb_subsample"": 1.0}",0.7,4,300,5,0.05,1.0,0.03,3,500,1.0,0.9777149656033752,0.01169866853562724,0.01466226662354982,2.723736270275359,0.3064119211631423,0.03457221832823915,0.04108814185852584,5.979215484979723,0.6582510533562644,0.02514919346174572,0.03204487466327939,4.574975610558981
1507,CATBOOST_XGBOOST,"{""alpha"": 0.7, ""cat_depth"": 4, ""cat_iterations"": 500, ""cat_l2_leaf_reg"": 5, ""cat_learning_rate"": 0.05, ""xgb_colsample_bytree"": 0.8, ""xgb_learning_rate"": 0.03, ""xgb_max_depth"": 3, ""xgb_n_estimators"": 500, ""xgb_subsample"": 1.0}",0.7,4,500,5,0.05,0.8,0.03,3,500,1.0,0.9860867632863084,0.009244205020516922,0.01158533363839216,2.13363647513489,0.3058841692616899,0.03451267536110405,0.04110377089131405,5.975951679895833,0.6469578273318213,0.02533879552242884,0.0325700389949679,4.616184961284004
1508,CATBOOST_XGBOOST,"{""alpha"": 0.7, ""cat_depth"": 4, ""cat_iterations"": 300, ""cat_l2_leaf_reg"": 3, ""cat_learning_rate"": 0.05, ""xgb_colsample_bytree"": 0.8, ""xgb_learning_rate"": 0.03, ""xgb_max_depth"": 3, ""xgb_n_estimators"": 500, ""xgb_subsample"": 1.0}",0.7,4,300,3,0.05,0.8,0.03,3,500,1.0,0.979123883323467,0.01147807549357978,0.01419120637982208,2.656850266523128,0.3058386041693589,0.03484969936690967,0.04110511999350809,6.02667970102356,0.6466460252753008,0.0253572600641518,0.03258441852896729,4.615222028274169
1509,CATBOOST_XGBOOST,"{""alpha"": 0.5, ""cat_depth"": 4, ""cat_iterations"": 500, ""cat_l2_leaf_reg"": 5, ""cat_learning_rate"": 0.03, ""xgb_colsample_bytree"": 0.8, ""xgb_learning_rate"": 0.03, ""xgb_max_depth"": 3, ""xgb_n_estimators"": 500, ""xgb_subsample"": 1.0}",0.5,4,500,5,0.03,0.8,0.03,3,500,1.0,0.9798738229000944,0.01114933896626918,0.01393397744456831,2.59093362452872,0.3049620313476072,0.03475962010586818,0.04113106515799873,6.022290874266656,0.665394120709371,0.02510546796044429,0.03170821313468829,4.58344432931821
1510,CATBOOST_XGBOOST,"{""alpha"": 0.7, ""cat_depth"": 4, ""cat_iterations"": 300, ""cat_l2_leaf_reg"": 5, ""cat_learning_rate"": 0.03, ""xgb_colsample_bytree"": 1.0, ""xgb_learning_rate"": 0.05, ""xgb_max_depth"": 3, ""xgb_n_estimators"": 300, ""xgb_subsample"": 0.8}",0.7,4,300,5,0.03,1.0,0.05,3,300,0.8,0.9660926381536693,0.01445037917046728,0.01808595553108113,3.38318575260152,0.3041174640060063,0.0347058025190733,0.04115604753987924,5.973570443032359,0.651285321726417,0.02532187149338218,0.03236980618827087,4.611084484475292
1511,CATBOOST_XGBOOST,"{""alpha"": 0.7, ""cat_depth"": 4, ""cat_iterations"": 300, ""cat_l2_leaf_reg"": 5, ""cat_learning_rate"": 0.03, ""xgb_colsample_bytree"": 0.8, ""xgb_learning_rate"": 0.03, ""xgb_max_depth"": 5, ""xgb_n_estimators"": 500, ""xgb_subsample"": 0.8}",0.7,4,300,5,0.03,0.8,0.03,5,500,0.8,0.973892775632709,0.01269518076479536,0.01586992261290044,2.973528620183072,0.3038235624650665,0.03470523039559226,0.04116473761922908,5.961077916917895,0.66893195601138,0.02482565608517244,0.03154013997701362,4.516219820681798
1512,CATBOOST_XGBOOST,"{""alpha"": 0.7, ""cat_depth"": 4, ""cat_iterations"": 500, ""cat_l2_leaf_reg"": 5, ""cat_learning_rate"": 0.05, ""xgb_colsample_bytree"": 0.8, ""xgb_learning_rate"": 0.03, ""xgb_max_depth"": 3, ""xgb_n_estimators"": 300, ""xgb_subsample"": 1.0}",0.7,4,500,5,0.05,0.8,0.03,3,300,1.0,0.9833558076320461,0.01011351814421602,0.01267143562336676,2.337577402019726,0.3033154499491594,0.03462381173000913,0.04117975716180339,5.988592387696606,0.6461340849807806,0.02545995292734541,0.03260801418716444,4.633755723463133
1513,CATBOOST_XGBOOST,"{""alpha"": 0.5, ""cat_depth"": 4, ""cat_iterations"": 300, ""cat_l2_leaf_reg"": 5, ""cat_learning_rate"": 0.05, ""xgb_colsample_bytree"": 0.8, ""xgb_learning_rate"": 0.03, ""xgb_max_depth"": 3, ""xgb_n_estimators"": 500, ""xgb_subsample"": 1.0}",0.5,4,300,5,0.05,0.8,0.03,3,500,1.0,0.9807518871436132,0.01086993264786532,0.01362663227814712,2.529188417237851,0.3030537839519348,0.03484213238687877,0.04118748973649697,6.037561400847251,0.665298363063213,0.02514840718797452,0.03171274994476841,4.588789979719394
1514,CATBOOST_XGBOOST,"{""alpha"": 0.7, ""cat_depth"": 4, ""cat_iterations"": 300, ""cat_l2_leaf_reg"": 5, ""cat_learning_rate"": 0.03, ""xgb_colsample_bytree"": 1.0, ""xgb_learning_rate"": 0.05, ""xgb_max_depth"": 3, ""xgb_n_estimators"": 300, ""xgb_subsample"": 1.0}",0.7,4,300,5,0.03,1.0,0.05,3,300,1.0,0.9656150610189629,0.01460025440087187,0.01821287836736651,3.420240014418634,0.3028329152857063,0.03469479921323819,0.04119401556667965,5.97144082022413,0.6575426696710994,0.02527142447303618,0.03207806908204999,4.601227152560188
1515,CATBOOST_XGBOOST,"{""alpha"": 0.7, ""cat_depth"": 4, ""cat_iterations"": 500, ""cat_l2_leaf_reg"": 5, ""cat_learning_rate"": 0.03, ""xgb_colsample_bytree"": 0.8, ""xgb_learning_rate"": 0.05, ""xgb_max_depth"": 3, ""xgb_n_estimators"": 500, ""xgb_subsample"": 1.0}",0.7,4,500,5,0.03,0.8,0.05,3,500,1.0,0.9797766328746321,0.01120833789759872,0.01396758076200233,2.59949690186262,0.3025759316146328,0.03454200420329471,0.04120160715713992,5.972955563866381,0.6497014300686574,0.02514069732087891,0.03244323610468032,4.568274005127364
1516,CATBOOST_XGBOOST,"{""alpha"": 0.7, ""cat_depth"": 4, ""cat_iterations"": 500, ""cat_l2_leaf_reg"": 5, ""cat_learning_rate"": 0.03, ""xgb_colsample_bytree"": 1.0, ""xgb_learning_rate"": 0.03, ""xgb_max_depth"": 3, ""xgb_n_estimators"": 300, ""xgb_subsample"": 1.0}",0.7,4,500,5,0.03,1.0,0.03,3,300,1.0,0.9720735452229025,0.01313690406158081,0.01641354390860302,3.060778232096406,0.3013725447821688,0.03466497555536432,0.0412371379800121,5.989746623355781,0.6548103430396712,0.0253515537952813,0.03220578372308124,4.609869301454869
1517,CATBOOST_XGBOOST,"{""alpha"": 0.7, ""cat_depth"": 4, ""cat_iterations"": 300, ""cat_l2_leaf_reg"": 3, ""cat_learning_rate"": 0.05, ""xgb_colsample_bytree"": 0.8, ""xgb_learning_rate"": 0.03, ""xgb_max_depth"": 3, ""xgb_n_estimators"": 300, ""xgb_subsample"": 1.0}",0.7,4,300,3,0.05,0.8,0.03,3,300,1.0,0.9756145105172018,0.01237269058933319,0.01533769852001363,2.866949908301889,0.3013118699383297,0.03497017189038359,0.04123892863579432,6.041243260249658,0.6443329538967403,0.0255368732134461,0.03269089411622515,4.642710919795966
1518,CATBOOST_XGBOOST,"{""alpha"": 0.5, ""cat_depth"": 4, ""cat_iterations"": 300, ""cat_l2_leaf_reg"": 5, ""cat_learning_rate"": 0.03, ""xgb_colsample_bytree"": 0.8, ""xgb_learning_rate"": 0.03, ""xgb_max_depth"": 3, ""xgb_n_estimators"": 500, ""xgb_subsample"": 1.0}",0.5,4,300,5,0.03,0.8,0.03,3,500,1.0,0.9733381876644704,0.01286544102645223,0.01603759684153072,3.008165742521606,0.3009698507560321,0.03499772714058364,0.0412490209633797,6.045471625099863,0.6684295270063724,0.02515369712424717,0.03156406356879381,4.596695642549472
1519,CATBOOST_XGBOOST,"{""alpha"": 0.7, ""cat_depth"": 4, ""cat_iterations"": 300, ""cat_l2_leaf_reg"": 5, ""cat_learning_rate"": 0.03, ""xgb_colsample_bytree"": 0.8, ""xgb_learning_rate"": 0.03, ""xgb_max_depth"": 5, ""xgb_n_estimators"": 300, ""xgb_subsample"": 0.8}",0.7,4,300,5,0.03,0.8,0.03,5,300,0.8,0.9712520444359057,0.01331366773926787,0.01665320931174299,3.115393295006795,0.2997448087292723,0.03477424728673335,0.04128514935110925,5.972210434553888,0.6669152182724722,0.02491042880210219,0.0316360592548974,4.532126819002547
1520,CATBOOST_XGBOOST,"{""alpha"": 0.7, ""cat_depth"": 4, ""cat_iterations"": 300, ""cat_l2_leaf_reg"": 5, ""cat_learning_rate"": 0.05, ""xgb_colsample_bytree"": 1.0, ""xgb_learning_rate"": 0.03, ""xgb_max_depth"": 3, ""xgb_n_estimators"": 300, ""xgb_subsample"": 1.0}",0.7,4,300,5,0.05,1.0,0.03,3,300,1.0,0.9734980827516572,0.01273008784442525,0.0159894345267937,2.97031962412091,0.299635179313227,0.03482452978285957,0.04128838095134501,6.018178926444043,0.6539772772313447,0.02541902795854417,0.03224462232803547,4.618513074064414
1521,CATBOOST_XGBOOST,"{""alpha"": 0.7, ""cat_depth"": 4, ""cat_iterations"": 300, ""cat_l2_leaf_reg"": 5, ""cat_learning_rate"": 0.05, ""xgb_colsample_bytree"": 0.8, ""xgb_learning_rate"": 0.05, ""xgb_max_depth"": 3, ""xgb_n_estimators"": 500, ""xgb_subsample"": 1.0}",0.7,4,300,5,0.05,0.8,0.05,3,500,1.0,0.9809502349453668,0.01083124858972746,0.01355624065931531,2.516206878540989,0.2988722399948076,0.03472704211406716,0.04131086348774631,6.006421442306566,0.6484670763788404,0.02531230429604174,0.03250034626092906,4.600993029815724
1522,CATBOOST_XGBOOST,"{""alpha"": 0.5, ""cat_depth"": 4, ""cat_iterations"": 500, ""cat_l2_leaf_reg"": 5, ""cat_learning_rate"": 0.03, ""xgb_colsample_bytree"": 0.8, ""xgb_learning_rate"": 0.03, ""xgb_max_depth"": 3, ""xgb_n_estimators"": 300, ""xgb_subsample"": 1.0}",0.5,4,500,5,0.03,0.8,0.03,3,300,1.0,0.9737588779343438,0.01272392088381238,0.01591056708090163,2.961134101834825,0.2980155232166756,0.03492895366212722,0.041336094912812,6.041525393643042,0.6620227350836858,0.02545203638483932,0.0318675538609805,4.644124055583174
1523,CATBOOST_XGBOOST,"{""alpha"": 0.7, ""cat_depth"": 4, ""cat_iterations"": 300, ""cat_l2_leaf_reg"": 5, ""cat_learning_rate"": 0.03, ""xgb_colsample_bytree"": 1.0, ""xgb_learning_rate"": 0.03, ""xgb_max_depth"": 3, ""xgb_n_estimators"": 500, ""xgb_subsample"": 1.0}",0.7,4,300,5,0.03,1.0,0.03,3,500,1.0,0.9658547348096612,0.01453025761408293,0.01814929263814062,3.402342810228008,0.2967013568714212,0.03479704521315894,0.04137476891944437,5.991649833753737,0.6599752981950291,0.025260819202062,0.03196393355186185,4.599868968631076
1524,CATBOOST_XGBOOST,"{""alpha"": 0.5, ""cat_depth"": 4, ""cat_iterations"": 300, ""cat_l2_leaf_reg"": 5, ""cat_learning_rate"": 0.05, ""xgb_colsample_bytree"": 0.8, ""xgb_learning_rate"": 0.03, ""xgb_max_depth"": 3, ""xgb_n_estimators"": 300, ""xgb_subsample"": 1.0}",0.5,4,300,5,0.05,0.8,0.03,3,300,1.0,0.9747930372343866,0.01242007627288901,0.0155938990410073,2.893426355306909,0.2961993798388807,0.03504292096748098,0.04138953183649632,6.061834181563229,0.6620357283064513,0.02542192204225608,0.0318669412958039,4.632588004664304
1525,CATBOOST_XGBOOST,"{""alpha"": 0.7, ""cat_depth"": 4, ""cat_iterations"": 300, ""cat_l2_leaf_reg"": 5, ""cat_learning_rate"": 0.03, ""xgb_colsample_bytree"": 0.8, ""xgb_learning_rate"": 0.05, ""xgb_max_depth"": 3, ""xgb_n_estimators"": 500, ""xgb_subsample"": 1.0}",0.7,4,300,5,0.03,0.8,0.05,3,500,1.0,0.9699483401565703,0.01364220852969633,0.01702662967826064,3.190357132984988,0.2938677374054549,0.0349193910859768,0.04145803546452689,6.012462180908297,0.6521743389534462,0.02534313591071272,0.03232851787743518,4.611113534400737
1526,CATBOOST_XGBOOST,"{""alpha"": 0.7, ""cat_depth"": 4, ""cat_iterations"": 500, ""cat_l2_leaf_reg"": 5, ""cat_learning_rate"": 0.03, ""xgb_colsample_bytree"": 0.8, ""xgb_learning_rate"": 0.05, ""xgb_max_depth"": 3, ""xgb_n_estimators"": 300, ""xgb_subsample"": 1.0}",0.7,4,500,5,0.03,0.8,0.05,3,300,1.0,0.9761556275806861,0.0121507629287386,0.01516657113493148,2.821448553712183,0.2925654065818646,0.03477704045914658,0.0414962487063308,6.0116630052035,0.6447615960996346,0.0253704121797954,0.0326711889994345,4.608846262906042
1527,CATBOOST_XGBOOST,"{""alpha"": 0.5, ""cat_depth"": 4, ""cat_iterations"": 300, ""cat_l2_leaf_reg"": 5, ""cat_learning_rate"": 0.03, ""xgb_colsample_bytree"": 0.8, ""xgb_learning_rate"": 0.03, ""xgb_max_depth"": 3, ""xgb_n_estimators"": 300, ""xgb_subsample"": 1.0}",0.5,4,300,5,0.03,0.8,0.03,3,300,1.0,0.9660228352701051,0.01448727093419745,0.01810456215093286,3.387875107201964,0.2897062187974331,0.03521169160369428,0.04158002035803111,6.072310637925662,0.6622433004377272,0.02564993905310016,0.0318571537155083,4.685306769326851
1528,CATBOOST_XGBOOST,"{""alpha"": 0.7, ""cat_depth"": 4, ""cat_iterations"": 300, ""cat_l2_leaf_reg"": 5, ""cat_learning_rate"": 0.05, ""xgb_colsample_bytree"": 0.8, ""xgb_learning_rate"": 0.05, ""xgb_max_depth"": 3, ""xgb_n_estimators"": 300, ""xgb_subsample"": 1.0}",0.7,4,300,5,0.05,0.8,0.05,3,300,1.0,0.9774561899286441,0.01175870401380598,0.01474715064506998,2.735193939580014,0.2894127968494595,0.03496679146299986,0.04158860781236998,6.046059820859664,0.6437800906352165,0.02550473452692077,0.03271629227499889,4.633149835359187
1529,CATBOOST_XGBOOST,"{""alpha"": 0.7, ""cat_depth"": 4, ""cat_iterations"": 300, ""cat_l2_leaf_reg"": 5, ""cat_learning_rate"": 0.03, ""xgb_colsample_bytree"": 1.0, ""xgb_learning_rate"": 0.03, ""xgb_max_depth"": 3, ""xgb_n_estimators"": 300, ""xgb_subsample"": 1.0}",0.7,4,300,5,0.03,1.0,0.03,3,300,1.0,0.960380568490827,0.01561567273719704,0.01955008176255618,3.660852894849825,0.2862705403483913,0.03507515692924882,0.04168045995970187,6.03558125822076,0.6528882859824621,0.02566159522556783,0.03229532207277295,4.673375048100859
1530,CATBOOST_XGBOOST,"{""alpha"": 0.7, ""cat_depth"": 4, ""cat_iterations"": 500, ""cat_l2_leaf_reg"": 5, ""cat_learning_rate"": 0.03, ""xgb_colsample_bytree"": 0.8, ""xgb_learning_rate"": 0.03, ""xgb_max_depth"": 3, ""xgb_n_estimators"": 500, ""xgb_subsample"": 1.0}",0.7,4,500,5,0.03,0.8,0.03,3,500,1.0,0.9759487404570254,0.01223191529805148,0.01523222585908606,2.843420085640903,0.2857094739750823,0.03501935809531343,0.04169683935257312,6.052817028875402,0.647448248986082,0.02534727948897604,0.03254740911579182,4.606933372931881
1531,CATBOOST_XGBOOST,"{""alpha"": 0.7, ""cat_depth"": 4, ""cat_iterations"": 300, ""cat_l2_leaf_reg"": 5, ""cat_learning_rate"": 0.05, ""xgb_colsample_bytree"": 0.8, ""xgb_learning_rate"": 0.03, ""xgb_max_depth"": 3, ""xgb_n_estimators"": 500, ""xgb_subsample"": 1.0}",0.7,4,300,5,0.05,0.8,0.03,3,500,1.0,0.9772544349605763,0.01184030584650934,0.01481299319036956,2.757157506947133,0.2824426336454018,0.03519938392841594,0.04179208177707348,6.085292914215025,0.6461442227963339,0.02548697104035162,0.0326075470944225,4.631234730910727
1532,CATBOOST_XGBOOST,"{""alpha"": 0.7, ""cat_depth"": 4, ""cat_iterations"": 300, ""cat_l2_leaf_reg"": 5, ""cat_learning_rate"": 0.03, ""xgb_colsample_bytree"": 0.8, ""xgb_learning_rate"": 0.05, ""xgb_max_depth"": 3, ""xgb_n_estimators"": 300, ""xgb_subsample"": 1.0}",0.7,4,300,5,0.03,0.8,0.05,3,300,1.0,0.9655724023413664,0.01459111806242395,0.01822417250525898,3.414024052446672,0.282420761772309,0.03515442734182866,0.0417927187046464,6.051169622245416,0.6462042703579347,0.02562502117701674,0.03260478030793509,4.661791105331589
1533,CATBOOST_XGBOOST,"{""alpha"": 0.7, ""cat_depth"": 4, ""cat_iterations"": 500, ""cat_l2_leaf_reg"": 5, ""cat_learning_rate"": 0.03, ""xgb_colsample_bytree"": 0.8, ""xgb_learning_rate"": 0.03, ""xgb_max_depth"": 3, ""xgb_n_estimators"": 300, ""xgb_subsample"": 1.0}",0.7,4,500,5,0.03,0.8,0.03,3,300,1.0,0.9720440203097673,0.01316592805738984,0.01642221812885467,3.063467566425401,0.2807072687211698,0.03513983061878735,0.04184258694936792,6.067380588101499,0.6447992564917435,0.02558093309406104,0.03266945714501378,4.648594461560402
1534,CATBOOST_XGBOOST,"{""alpha"": 0.7, ""cat_depth"": 4, ""cat_iterations"": 300, ""cat_l2_leaf_reg"": 5, ""cat_learning_rate"": 0.05, ""xgb_colsample_bytree"": 0.8, ""xgb_learning_rate"": 0.03, ""xgb_max_depth"": 3, ""xgb_n_estimators"": 300, ""xgb_subsample"": 1.0}",0.7,4,300,5,0.05,0.8,0.03,3,300,1.0,0.9734808346259187,0.01275464034368172,0.01599463684700285,2.972350671455967,0.277517796675,0.03529984899923271,0.04193525307892745,6.095904571376796,0.6435865801742815,0.02565761050666218,0.03272517735563377,4.657283360276978
1535,CATBOOST_XGBOOST,"{""alpha"": 0.7, ""cat_depth"": 4, ""cat_iterations"": 300, ""cat_l2_leaf_reg"": 5, ""cat_learning_rate"": 0.03, ""xgb_colsample_bytree"": 0.8, ""xgb_learning_rate"": 0.03, ""xgb_max_depth"": 3, ""xgb_n_estimators"": 500, ""xgb_subsample"": 1.0}",0.7,4,300,5,0.03,0.8,0.03,3,500,1.0,0.9653011490904099,0.01467898567033565,0.01829582529856914,3.437039913840418,0.274127436793779,0.0353967449779955,0.04203353175896897,6.092323645917318,0.648109172321609,0.02558420968998575,0.03251688674093443,4.657141923746386
1536,CATBOOST_XGBOOST,"{""alpha"": 0.7, ""cat_depth"": 4, ""cat_iterations"": 300, ""cat_l2_leaf_reg"": 5, ""cat_learning_rate"": 0.03, ""xgb_colsample_bytree"": 0.8, ""xgb_learning_rate"": 0.03, ""xgb_max_depth"": 3, ""xgb_n_estimators"": 300, ""xgb_subsample"": 1.0}",0.7,4,300,5,0.03,0.8,0.03,3,300,1.0,0.9603880867625497,0.01564928666948007,0.01954822674098085,3.664299655464115,0.2654988445008114,0.03552615494457164,0.04228262419118055,6.108627927516581,0.6430957147340651,0.02589289765890638,0.03274770475028027,4.712314531289974
